year,lp,pair,eps,informative,evaluator,judge,rho,A,B,C,D,s_D,s_B,h,s_total,labels_design,labels_judge,mode
22,ende,01,0.01,False,mean,,,112.46,112.46000000000001,112.12666666666667,112.12666666666664,0.002964016835615535,-2.220446049250313e-16,2.220446049250313e-16,0.002964016835615868,0.3333333333333286,2.842170943040401e-14,cvq
22,ende,01,0.01,False,COMET-22,mtme_COMET-22-refA,0.3698756937551726,112.46,112.46,112.12666666666667,112.12666666666667,0.002964016835615535,0.0,0.0,0.002964016835615535,0.3333333333333286,0.0,cvq
22,ende,01,0.01,False,strongest,mtme_metricx_xxl_MQM_2020-refA,0.4616375558323653,112.46,112.46,112.12666666666667,112.12666666666667,0.002964016835615535,0.0,0.0,0.002964016835615535,0.3333333333333286,0.0,cvq
22,ende,01,0.01,False,best post hoc,mtme_BERTScore-refA,0.16068553237256467,112.46,112.46,112.12666666666667,112.12666666666667,0.002964016835615535,0.0,0.0,0.002964016835615535,0.3333333333333286,0.0,cvq
22,ende,01,0.02,False,mean,,,112.46,112.46000000000001,112.12666666666667,112.12666666666664,0.002964016835615535,-2.220446049250313e-16,2.220446049250313e-16,0.002964016835615868,0.3333333333333286,2.842170943040401e-14,cvq
22,ende,01,0.02,False,COMET-22,mtme_COMET-22-refA,0.3698756937551726,112.46,112.46,112.12666666666667,112.12666666666667,0.002964016835615535,0.0,0.0,0.002964016835615535,0.3333333333333286,0.0,cvq
22,ende,01,0.02,False,strongest,mtme_metricx_xxl_MQM_2020-refA,0.4616375558323653,112.46,112.46,112.12666666666667,112.12666666666667,0.002964016835615535,0.0,0.0,0.002964016835615535,0.3333333333333286,0.0,cvq
22,ende,01,0.02,False,best post hoc,mtme_BERTScore-refA,0.16068553237256467,112.46,112.46,112.12666666666667,112.12666666666667,0.002964016835615535,0.0,0.0,0.002964016835615535,0.3333333333333286,0.0,cvq
22,ende,02,0.01,False,mean,,,112.44,112.44712135176651,112.12,112.11999999999998,0.0028459622909995375,-6.333468308894474e-05,2.220446049250313e-16,0.0028459622909998705,0.3199999999999932,2.842170943040401e-14,cvq
22,ende,02,0.01,False,COMET-22,mtme_COMET-22-refA,0.4147946903224453,112.44,112.44,112.12,112.12,0.0028459622909995375,0.0,0.0,0.0028459622909995375,0.3199999999999932,0.0,cvq
22,ende,02,0.01,False,strongest,mtme_metricx_xxl_MQM_2020-refA,0.4132723345870242,112.44,112.44,112.12,112.12,0.0028459622909995375,0.0,0.0,0.0028459622909995375,0.3199999999999932,0.0,cvq
22,ende,02,0.01,False,best post hoc,mtme_BERTScore-refA,0.16480345236232236,112.44,112.44,112.12,112.12,0.0028459622909995375,0.0,0.0,0.0028459622909995375,0.3199999999999932,0.0,cvq
22,ende,02,0.02,False,mean,,,112.44,112.44000000000001,112.12,112.11999999999998,0.0028459622909995375,-2.220446049250313e-16,2.220446049250313e-16,0.0028459622909998705,0.3199999999999932,2.842170943040401e-14,cvq
22,ende,02,0.02,False,COMET-22,mtme_COMET-22-refA,0.4147946903224453,112.44,112.44,112.12,112.12,0.0028459622909995375,0.0,0.0,0.0028459622909995375,0.3199999999999932,0.0,cvq
22,ende,02,0.02,False,strongest,mtme_metricx_xxl_MQM_2020-refA,0.4132723345870242,112.44,112.44,112.12,112.12,0.0028459622909995375,0.0,0.0,0.0028459622909995375,0.3199999999999932,0.0,cvq
22,ende,02,0.02,False,best post hoc,mtme_BERTScore-refA,0.16480345236232236,112.44,112.44,112.12,112.12,0.0028459622909995375,0.0,0.0,0.0028459622909995375,0.3199999999999932,0.0,cvq
22,ende,03,0.01,False,mean,,,112.82333333333334,112.82333333333332,112.55,112.55000000000004,0.0024226667060597284,1.1102230246251565e-16,-4.440892098500626e-16,0.0024226667060592844,0.27333333333334053,-4.263256414560601e-14,cvq
22,ende,03,0.01,False,COMET-22,mtme_COMET-22-refA,0.32697539663356734,112.82333333333334,112.82333333333334,112.55,112.55,0.0024226667060597284,0.0,0.0,0.0024226667060597284,0.27333333333334053,0.0,cvq
22,ende,03,0.01,False,strongest,mtme_metricx_xxl_MQM_2020-refA,0.39133844471829565,112.82333333333334,112.82333333333334,112.55,112.55,0.0024226667060597284,0.0,0.0,0.0024226667060597284,0.27333333333334053,0.0,cvq
22,ende,03,0.01,False,best post hoc,mtme_BERTScore-refA,0.1863752190143971,112.82333333333334,112.82333333333334,112.55,112.55,0.0024226667060597284,0.0,0.0,0.0024226667060597284,0.27333333333334053,0.0,cvq
22,ende,03,0.02,False,mean,,,112.82333333333334,112.82333333333332,112.55,112.55000000000004,0.0024226667060597284,1.1102230246251565e-16,-4.440892098500626e-16,0.0024226667060592844,0.27333333333334053,-4.263256414560601e-14,cvq
22,ende,03,0.02,False,COMET-22,mtme_COMET-22-refA,0.32697539663356734,112.82333333333334,112.82333333333334,112.55,112.55,0.0024226667060597284,0.0,0.0,0.0024226667060597284,0.27333333333334053,0.0,cvq
22,ende,03,0.02,False,strongest,mtme_metricx_xxl_MQM_2020-refA,0.39133844471829565,112.82333333333334,112.82333333333334,112.55,112.55,0.0024226667060597284,0.0,0.0,0.0024226667060597284,0.27333333333334053,0.0,cvq
22,ende,03,0.02,False,best post hoc,mtme_BERTScore-refA,0.1863752190143971,112.82333333333334,112.82333333333334,112.55,112.55,0.0024226667060597284,0.0,0.0,0.0024226667060597284,0.27333333333334053,0.0,cvq
22,ende,04,0.01,False,mean,,,113.22,113.21999999999994,112.78666666666666,112.78666666666672,0.0038273567685332965,5.551115123125783e-16,-4.440892098500626e-16,0.0038273567685327414,0.4333333333333371,-5.684341886080802e-14,cvq
22,ende,04,0.01,False,COMET-22,mtme_COMET-22-refA,0.4374444668621107,113.22,113.22,112.78666666666666,112.78666666666666,0.0038273567685332965,0.0,0.0,0.0038273567685332965,0.4333333333333371,0.0,cvq
22,ende,04,0.01,False,strongest,mtme_metricx_xxl_MQM_2020-refA,0.4317673087483292,113.22,113.22,112.78666666666666,112.78666666666666,0.0038273567685332965,0.0,0.0,0.0038273567685332965,0.4333333333333371,0.0,cvq
22,ende,04,0.01,False,best post hoc,mtme_BERTScore-refA,0.15229112552609836,113.22,113.22,112.78666666666666,112.78666666666666,0.0038273567685332965,0.0,0.0,0.0038273567685332965,0.4333333333333371,0.0,cvq
22,ende,04,0.02,False,mean,,,113.22,113.21999999999994,112.78666666666666,112.78666666666672,0.0038273567685332965,5.551115123125783e-16,-4.440892098500626e-16,0.0038273567685327414,0.4333333333333371,-5.684341886080802e-14,cvq
22,ende,04,0.02,False,COMET-22,mtme_COMET-22-refA,0.4374444668621107,113.22,113.22,112.78666666666666,112.78666666666666,0.0038273567685332965,0.0,0.0,0.0038273567685332965,0.4333333333333371,0.0,cvq
22,ende,04,0.02,False,strongest,mtme_metricx_xxl_MQM_2020-refA,0.4317673087483292,113.22,113.22,112.78666666666666,112.78666666666666,0.0038273567685332965,0.0,0.0,0.0038273567685332965,0.4333333333333371,0.0,cvq
22,ende,04,0.02,False,best post hoc,mtme_BERTScore-refA,0.15229112552609836,113.22,113.22,112.78666666666666,112.78666666666666,0.0038273567685332965,0.0,0.0,0.0038273567685332965,0.4333333333333371,0.0,cvq
22,ende,05,0.01,False,mean,,,115.94,115.94000000000001,115.84,115.84000000000003,0.000862515094014138,-2.220446049250313e-16,-2.220446049250313e-16,0.0008625150940138049,0.09999999999999432,-2.842170943040401e-14,cvq
22,ende,05,0.01,False,COMET-22,mtme_COMET-22-refA,0.4065898736462211,115.94,115.94,115.84,115.84,0.000862515094014138,0.0,0.0,0.000862515094014138,0.09999999999999432,0.0,cvq
22,ende,05,0.01,False,strongest,mtme_metricx_xxl_MQM_2020-refA,0.4814242401562975,115.94,115.94,115.84,115.84,0.000862515094014138,0.0,0.0,0.000862515094014138,0.09999999999999432,0.0,cvq
22,ende,05,0.01,False,best post hoc,mtme_BERTScore-refA,0.17024702815437148,115.94,115.94,115.84,115.84,0.000862515094014138,0.0,0.0,0.000862515094014138,0.09999999999999432,0.0,cvq
22,ende,05,0.02,False,mean,,,115.94,115.94000000000001,115.84,115.84000000000003,0.000862515094014138,-2.220446049250313e-16,-2.220446049250313e-16,0.0008625150940138049,0.09999999999999432,-2.842170943040401e-14,cvq
22,ende,05,0.02,False,COMET-22,mtme_COMET-22-refA,0.4065898736462211,115.94,115.94,115.84,115.84,0.000862515094014138,0.0,0.0,0.000862515094014138,0.09999999999999432,0.0,cvq
22,ende,05,0.02,False,strongest,mtme_metricx_xxl_MQM_2020-refA,0.4814242401562975,115.94,115.94,115.84,115.84,0.000862515094014138,0.0,0.0,0.000862515094014138,0.09999999999999432,0.0,cvq
22,ende,05,0.02,False,best post hoc,mtme_BERTScore-refA,0.17024702815437148,115.94,115.94,115.84,115.84,0.000862515094014138,0.0,0.0,0.000862515094014138,0.09999999999999432,0.0,cvq
22,ende,12,0.01,True,mean,,,196.95263565891474,189.08205812214325,178.9629292929293,158.31808223591403,0.09134026719571442,0.03996177817290991,0.11535823166608683,0.19616164715819573,17.989706365985455,20.644847057015255,cvq
22,ende,12,0.01,True,COMET-22,mtme_COMET-22-refA,0.2975366676578337,196.95263565891474,180.2286274509804,178.9629292929293,148.54333333333332,0.09134026719571442,0.08491385835982002,0.1699770789390953,0.24579159432736564,17.989706365985455,30.419595959595966,cvq
22,ende,12,0.01,True,strongest,mtme_metricx_xxl_MQM_2020-refA,0.4086431677814629,196.95263565891474,178.82228070175438,178.9629292929293,148.54333333333332,0.09134026719571442,0.09205439113066127,0.1699770789390953,0.24579159432736564,17.989706365985455,30.419595959595966,cvq
22,ende,12,0.01,True,best post hoc,mtme_metricx_xl_DA_2019-refA,0.3706262100364407,196.95263565891474,163.83962962962966,178.9629292929293,141.30333333333334,0.09134026719571442,0.16812674742078926,0.21043238456358826,0.2825517015266331,17.989706365985455,37.65959595959595,cvq
22,ende,12,0.02,False,mean,,,107.94333333333333,107.94333333333329,107.71666666666667,107.71666666666667,0.0020998672142790165,4.440892098500626e-16,0.0,0.0020998672142790165,0.22666666666665947,0.0,cvq
22,ende,12,0.02,False,COMET-22,mtme_COMET-22-refA,0.2975366676578337,107.94333333333333,107.94333333333333,107.71666666666667,107.71666666666667,0.0020998672142790165,0.0,0.0,0.0020998672142790165,0.22666666666665947,0.0,cvq
22,ende,12,0.02,False,strongest,mtme_metricx_xxl_MQM_2020-refA,0.4086431677814629,107.94333333333333,107.94333333333333,107.71666666666667,107.71666666666667,0.0020998672142790165,0.0,0.0,0.0020998672142790165,0.22666666666665947,0.0,cvq
22,ende,12,0.02,False,best post hoc,mtme_BERTScore-refA,0.12202399745759684,107.94333333333333,107.94333333333333,107.71666666666667,107.71666666666667,0.0020998672142790165,0.0,0.0,0.0020998672142790165,0.22666666666665947,0.0,cvq
22,ende,13,0.01,False,mean,,,107.88333333333334,111.36153650254668,124.1012,122.98179734785751,-0.15032782326587357,-0.03224041250622589,0.009020079194580699,-0.1399517752002859,-16.217866666666666,1.1194026521424973,cvq
22,ende,13,0.01,False,COMET-22,mtme_COMET-22-refA,0.29257334472264673,107.88333333333334,107.88333333333334,124.1012,123.89484848484848,-0.15032782326587357,0.0,0.0016627680888784413,-0.14841509486959814,-16.217866666666666,0.20635151515152472,cvq
22,ende,13,0.01,False,strongest,mtme_metricx_xxl_MQM_2020-refA,0.4042214769557583,107.88333333333334,128.76263157894735,124.1012,125.02333333333333,-0.15032782326587357,-0.19353590216852168,-0.007430494897175288,-0.15887532828672946,-16.217866666666666,-0.9221333333333206,cvq
22,ende,13,0.01,False,best post hoc,mtme_COMET-QE-src,0.19700247994245332,107.88333333333334,107.88333333333334,124.1012,107.53,-0.15032782326587357,0.0,0.13352973218631248,0.0032751429012822797,-16.217866666666666,16.571200000000005,cvq
22,ende,13,0.02,False,mean,,,107.88333333333334,107.88333333333331,107.53,107.53000000000006,0.0032751429012822797,2.220446049250313e-16,-4.440892098500626e-16,0.0032751429012817246,0.35333333333333883,-5.684341886080802e-14,cvq
22,ende,13,0.02,False,COMET-22,mtme_COMET-22-refA,0.29257334472264673,107.88333333333334,107.88333333333334,107.53,107.53,0.0032751429012822797,0.0,0.0,0.0032751429012822797,0.35333333333333883,0.0,cvq
22,ende,13,0.02,False,strongest,mtme_metricx_xxl_MQM_2020-refA,0.4042214769557583,107.88333333333334,107.88333333333334,107.53,107.53,0.0032751429012822797,0.0,0.0,0.0032751429012822797,0.35333333333333883,0.0,cvq
22,ende,13,0.02,False,best post hoc,mtme_BERTScore-refA,0.14518438241225834,107.88333333333334,107.88333333333334,107.53,107.53,0.0032751429012822797,0.0,0.0,0.0032751429012822797,0.35333333333333883,0.0,cvq
22,ende,14,0.01,False,mean,,,107.90666666666667,108.51580645161293,107.68666666666667,109.12136200716843,0.0020387989620659352,-0.005645061642279625,-0.013322868883505423,-0.011256907270188021,0.21999999999999886,-1.4346953405017615,cvq
22,ende,14,0.01,False,COMET-22,mtme_COMET-22-refA,0.2702286083884119,107.90666666666667,107.90666666666667,107.68666666666667,107.68666666666667,0.0020387989620659352,0.0,0.0,0.0020387989620659352,0.21999999999999886,0.0,cvq
22,ende,14,0.01,False,strongest,mtme_metricx_xxl_MQM_2020-refA,0.405400904059807,107.90666666666667,107.90666666666667,107.68666666666667,118.53333333333333,0.0020387989620659352,0.0,-0.10072432365504858,-0.09848016804645998,0.21999999999999886,-10.846666666666664,cvq
22,ende,14,0.01,False,best post hoc,mtme_BERTScore-refA,0.09494973369152007,107.90666666666667,107.90666666666667,107.68666666666667,107.68666666666667,0.0020387989620659352,0.0,0.0,0.0020387989620659352,0.21999999999999886,0.0,cvq
22,ende,14,0.02,False,mean,,,107.90666666666667,107.9066666666667,107.68666666666667,107.68666666666662,0.0020387989620659352,-2.220446049250313e-16,4.440892098500626e-16,0.0020387989620663793,0.21999999999999886,4.263256414560601e-14,cvq
22,ende,14,0.02,False,COMET-22,mtme_COMET-22-refA,0.2702286083884119,107.90666666666667,107.90666666666667,107.68666666666667,107.68666666666667,0.0020387989620659352,0.0,0.0,0.0020387989620659352,0.21999999999999886,0.0,cvq
22,ende,14,0.02,False,strongest,mtme_metricx_xxl_MQM_2020-refA,0.405400904059807,107.90666666666667,107.90666666666667,107.68666666666667,107.68666666666667,0.0020387989620659352,0.0,0.0,0.0020387989620659352,0.21999999999999886,0.0,cvq
22,ende,14,0.02,False,best post hoc,mtme_BERTScore-refA,0.09494973369152007,107.90666666666667,107.90666666666667,107.68666666666667,107.68666666666667,0.0020387989620659352,0.0,0.0,0.0020387989620659352,0.21999999999999886,0.0,cvq
22,ende,15,0.01,False,mean,,,109.58666666666667,109.58666666666664,109.12666666666667,109.12666666666664,0.00419759094780392,2.220446049250313e-16,2.220446049250313e-16,0.004197590947804253,0.46000000000000796,2.842170943040401e-14,cvq
22,ende,15,0.01,False,COMET-22,mtme_COMET-22-refA,0.2894279154096649,109.58666666666667,109.58666666666667,109.12666666666667,109.12666666666667,0.00419759094780392,0.0,0.0,0.00419759094780392,0.46000000000000796,0.0,cvq
22,ende,15,0.01,False,strongest,mtme_metricx_xxl_MQM_2020-refA,0.3828914006299352,109.58666666666667,109.58666666666667,109.12666666666667,109.12666666666667,0.00419759094780392,0.0,0.0,0.00419759094780392,0.46000000000000796,0.0,cvq
22,ende,15,0.01,False,best post hoc,mtme_BERTScore-refA,0.15988830800657838,109.58666666666667,109.58666666666667,109.12666666666667,109.12666666666667,0.00419759094780392,0.0,0.0,0.00419759094780392,0.46000000000000796,0.0,cvq
22,ende,15,0.02,False,mean,,,109.58666666666667,109.58666666666664,109.12666666666667,109.12666666666664,0.00419759094780392,2.220446049250313e-16,2.220446049250313e-16,0.004197590947804253,0.46000000000000796,2.842170943040401e-14,cvq
22,ende,15,0.02,False,COMET-22,mtme_COMET-22-refA,0.2894279154096649,109.58666666666667,109.58666666666667,109.12666666666667,109.12666666666667,0.00419759094780392,0.0,0.0,0.00419759094780392,0.46000000000000796,0.0,cvq
22,ende,15,0.02,False,strongest,mtme_metricx_xxl_MQM_2020-refA,0.3828914006299352,109.58666666666667,109.58666666666667,109.12666666666667,109.12666666666667,0.00419759094780392,0.0,0.0,0.00419759094780392,0.46000000000000796,0.0,cvq
22,ende,15,0.02,False,best post hoc,mtme_BERTScore-refA,0.15988830800657838,109.58666666666667,109.58666666666667,109.12666666666667,109.12666666666667,0.00419759094780392,0.0,0.0,0.00419759094780392,0.46000000000000796,0.0,cvq
22,ende,23,0.01,False,mean,,,109.39,109.38999999999997,109.21,109.21000000000001,0.0016454886187037276,2.220446049250313e-16,-2.220446049250313e-16,0.0016454886187036166,0.18000000000000682,-1.4210854715202004e-14,cvq
22,ende,23,0.01,False,COMET-22,mtme_COMET-22-refA,0.3015131710798724,109.39,109.39,109.21,109.21,0.0016454886187037276,0.0,0.0,0.0016454886187037276,0.18000000000000682,0.0,cvq
22,ende,23,0.01,False,strongest,mtme_metricx_xxl_MQM_2020-refA,0.31496179998913015,109.39,109.39,109.21,109.21,0.0016454886187037276,0.0,0.0,0.0016454886187037276,0.18000000000000682,0.0,cvq
22,ende,23,0.01,False,best post hoc,mtme_BERTScore-refA,0.14773190097203498,109.39,109.39,109.21,109.21,0.0016454886187037276,0.0,0.0,0.0016454886187037276,0.18000000000000682,0.0,cvq
22,ende,23,0.02,False,mean,,,109.39,109.38999999999997,109.21,109.21000000000001,0.0016454886187037276,2.220446049250313e-16,-2.220446049250313e-16,0.0016454886187036166,0.18000000000000682,-1.4210854715202004e-14,cvq
22,ende,23,0.02,False,COMET-22,mtme_COMET-22-refA,0.3015131710798724,109.39,109.39,109.21,109.21,0.0016454886187037276,0.0,0.0,0.0016454886187037276,0.18000000000000682,0.0,cvq
22,ende,23,0.02,False,strongest,mtme_metricx_xxl_MQM_2020-refA,0.31496179998913015,109.39,109.39,109.21,109.21,0.0016454886187037276,0.0,0.0,0.0016454886187037276,0.18000000000000682,0.0,cvq
22,ende,23,0.02,False,best post hoc,mtme_BERTScore-refA,0.14773190097203498,109.39,109.39,109.21,109.21,0.0016454886187037276,0.0,0.0,0.0016454886187037276,0.18000000000000682,0.0,cvq
22,ende,24,0.01,False,mean,,,109.77,111.43899796930656,109.54333333333334,109.95439516129036,0.0020649236281922168,-0.015204500039232682,-0.0037525042871042746,-0.0016798320241446785,0.22666666666665947,-0.4110618279570275,cvq
22,ende,24,0.01,False,COMET-22,mtme_COMET-22-refA,0.35608727930857054,109.77,109.77,109.54333333333334,109.54333333333334,0.0020649236281922168,0.0,0.0,0.0020649236281922168,0.22666666666665947,0.0,cvq
22,ende,24,0.01,False,strongest,mtme_metricx_xxl_MQM_2020-refA,0.4014110371679611,109.77,109.77,109.54333333333334,109.54333333333334,0.0020649236281922168,0.0,0.0,0.0020649236281922168,0.22666666666665947,0.0,cvq
22,ende,24,0.01,False,best post hoc,mtme_BERTScore-refA,0.1683829032544529,109.77,109.77,109.54333333333334,109.54333333333334,0.0020649236281922168,0.0,0.0,0.0020649236281922168,0.22666666666665947,0.0,cvq
22,ende,24,0.02,False,mean,,,109.77,109.77,109.54333333333334,109.54333333333338,0.0020649236281922168,0.0,-4.440892098500626e-16,0.0020649236281917727,0.22666666666665947,-4.263256414560601e-14,cvq
22,ende,24,0.02,False,COMET-22,mtme_COMET-22-refA,0.35608727930857054,109.77,109.77,109.54333333333334,109.54333333333334,0.0020649236281922168,0.0,0.0,0.0020649236281922168,0.22666666666665947,0.0,cvq
22,ende,24,0.02,False,strongest,mtme_metricx_xxl_MQM_2020-refA,0.4014110371679611,109.77,109.77,109.54333333333334,109.54333333333334,0.0020649236281922168,0.0,0.0,0.0020649236281922168,0.22666666666665947,0.0,cvq
22,ende,24,0.02,False,best post hoc,mtme_BERTScore-refA,0.1683829032544529,109.77,109.77,109.54333333333334,109.54333333333334,0.0020649236281922168,0.0,0.0,0.0020649236281922168,0.22666666666665947,0.0,cvq
22,ende,25,0.01,False,mean,,,112.73333333333333,112.73333333333328,112.62,112.61999999999998,0.0010053222945002327,5.551115123125783e-16,2.220446049250313e-16,0.0010053222945005658,0.11333333333332973,2.842170943040401e-14,cvq
22,ende,25,0.01,False,COMET-22,mtme_COMET-22-refA,0.34623467701686295,112.73333333333333,112.73333333333333,112.62,112.62,0.0010053222945002327,0.0,0.0,0.0010053222945002327,0.11333333333332973,0.0,cvq
22,ende,25,0.01,False,strongest,mtme_metricx_xxl_MQM_2020-refA,0.4075187024708731,112.73333333333333,112.73333333333333,112.62,112.62,0.0010053222945002327,0.0,0.0,0.0010053222945002327,0.11333333333332973,0.0,cvq
22,ende,25,0.01,False,best post hoc,mtme_BERTScore-refA,0.18495384027135192,112.73333333333333,112.73333333333333,112.62,112.62,0.0010053222945002327,0.0,0.0,0.0010053222945002327,0.11333333333332973,0.0,cvq
22,ende,25,0.02,False,mean,,,112.73333333333333,112.73333333333328,112.62,112.61999999999998,0.0010053222945002327,5.551115123125783e-16,2.220446049250313e-16,0.0010053222945005658,0.11333333333332973,2.842170943040401e-14,cvq
22,ende,25,0.02,False,COMET-22,mtme_COMET-22-refA,0.34623467701686295,112.73333333333333,112.73333333333333,112.62,112.62,0.0010053222945002327,0.0,0.0,0.0010053222945002327,0.11333333333332973,0.0,cvq
22,ende,25,0.02,False,strongest,mtme_metricx_xxl_MQM_2020-refA,0.4075187024708731,112.73333333333333,112.73333333333333,112.62,112.62,0.0010053222945002327,0.0,0.0,0.0010053222945002327,0.11333333333332973,0.0,cvq
22,ende,25,0.02,False,best post hoc,mtme_BERTScore-refA,0.18495384027135192,112.73333333333333,112.73333333333333,112.62,112.62,0.0010053222945002327,0.0,0.0,0.0010053222945002327,0.11333333333332973,0.0,cvq
22,ende,34,0.01,True,mean,,,230.93696969696973,218.77251338624754,188.88,181.22102796330418,0.1821144953627647,0.05267435667266318,0.040549407225200174,0.2152792677538884,42.05696969696973,7.658972036695815,cvq
22,ende,34,0.01,True,COMET-22,mtme_COMET-22-refA,0.2866095640802549,230.93696969696973,213.05594202898553,188.88,144.89818181818185,0.1821144953627647,0.07742817311341388,0.23285587770975302,0.3725639424111524,42.05696969696973,43.98181818181814,cvq
22,ende,34,0.01,True,strongest,mtme_metricx_xxl_MQM_2020-refA,0.3340050443075726,230.93696969696973,205.74476190476193,188.88,146.48666666666668,0.1821144953627647,0.10908694188403201,0.22444585627558933,0.3656855077864615,42.05696969696973,42.39333333333332,cvq
22,ende,34,0.01,True,best post hoc,mtme_COMET-22-refA,0.2866095640802549,230.93696969696973,213.05594202898553,188.88,144.89818181818185,0.1821144953627647,0.07742817311341388,0.23285587770975302,0.3725639424111524,42.05696969696973,43.98181818181814,cvq
22,ende,34,0.02,False,mean,,,106.47333333333333,106.47333333333333,106.44,106.44000000000001,0.000313067434725367,0.0,-2.220446049250313e-16,0.000313067434725256,0.03333333333333144,-1.4210854715202004e-14,cvq
22,ende,34,0.02,False,COMET-22,mtme_COMET-22-refA,0.2866095640802549,106.47333333333333,106.47333333333333,106.44,106.44,0.000313067434725367,0.0,0.0,0.000313067434725367,0.03333333333333144,0.0,cvq
22,ende,34,0.02,False,strongest,mtme_metricx_xxl_MQM_2020-refA,0.3340050443075726,106.47333333333333,106.47333333333333,106.44,106.44,0.000313067434725367,0.0,0.0,0.000313067434725367,0.03333333333333144,0.0,cvq
22,ende,34,0.02,False,best post hoc,mtme_BERTScore-refA,0.12939696889195512,106.47333333333333,106.47333333333333,106.44,106.44,0.000313067434725367,0.0,0.0,0.000313067434725367,0.03333333333333144,0.0,cvq
22,ende,35,0.01,True,mean,,,171.27499999999998,170.2251538451677,149.47333333333333,152.0341935699412,0.1272904198900403,0.006129593664179089,-0.017132555884714407,0.11233867423768074,21.801666666666648,-2.56086023660788,cvq
22,ende,35,0.01,True,COMET-22,mtme_COMET-22-refA,0.2915016689666125,171.27499999999998,167.64583333333331,149.47333333333333,144.54190476190476,0.1272904198900403,0.021189120809614104,0.032992029156339364,0.15608287980204483,21.801666666666648,4.931428571428569,cvq
22,ende,35,0.01,True,strongest,mtme_metricx_xxl_MQM_2020-refA,0.39915970811489787,171.27499999999998,158.57291666666669,149.47333333333333,145.15833333333333,0.1272904198900403,0.07416192283364931,0.028868025511797013,0.15248382231304425,21.801666666666648,4.314999999999998,cvq
22,ende,35,0.01,True,best post hoc,mtme_MS-COMET-22-refA,0.20417805881075504,171.27499999999998,176.82549019607845,149.47333333333333,138.37761904761905,0.1272904198900403,-0.032406890649998354,0.07423206560176365,0.1920734546920504,21.801666666666648,11.09571428571428,cvq
22,ende,35,0.02,False,mean,,,109.73333333333333,109.73333333333328,109.35333333333334,109.35333333333337,0.00346294046172535,5.551115123125783e-16,-2.220446049250313e-16,0.003462940461725128,0.37999999999999545,-2.842170943040401e-14,cvq
22,ende,35,0.02,False,COMET-22,mtme_COMET-22-refA,0.2915016689666125,109.73333333333333,109.73333333333333,109.35333333333334,109.35333333333334,0.00346294046172535,0.0,0.0,0.00346294046172535,0.37999999999999545,0.0,cvq
22,ende,35,0.02,False,strongest,mtme_metricx_xxl_MQM_2020-refA,0.39915970811489787,109.73333333333333,109.73333333333333,109.35333333333334,109.35333333333334,0.00346294046172535,0.0,0.0,0.00346294046172535,0.37999999999999545,0.0,cvq
22,ende,35,0.02,False,best post hoc,mtme_BERTScore-refA,0.15029091780053136,109.73333333333333,109.73333333333333,109.35333333333334,109.35333333333334,0.00346294046172535,0.0,0.0,0.00346294046172535,0.37999999999999545,0.0,cvq
22,ende,45,0.01,True,mean,,,203.62666666666667,194.03294137450564,148.19333333333333,147.20847073206423,0.27223022524882134,0.047114287382928,0.006645795590911163,0.2770668344090612,55.43333333333334,0.9848626012691,cvq
22,ende,45,0.01,True,COMET-22,mtme_COMET-22-refA,0.33474298434585104,203.62666666666667,187.12444444444446,148.19333333333333,145.5537254901961,0.27223022524882134,0.08104155753448572,0.017811920305483175,0.28519320247742885,55.43333333333334,2.6396078431372416,cvq
22,ende,45,0.01,True,strongest,mtme_metricx_xxl_MQM_2020-refA,0.4319567862776694,203.62666666666667,184.42358974358973,148.19333333333333,143.01925925925926,0.27223022524882134,0.09430531490510541,0.03491435112290753,0.2976398347011233,55.43333333333334,5.1740740740740705,cvq
22,ende,45,0.01,True,best post hoc,mtme_metricx_xxl_MQM_2020-refA,0.4319567862776694,203.62666666666667,184.42358974358973,148.19333333333333,143.01925925925926,0.27223022524882134,0.09430531490510541,0.03491435112290753,0.2976398347011233,55.43333333333334,5.1740740740740705,cvq
22,ende,45,0.02,False,mean,,,109.54666666666667,109.54666666666665,109.12666666666667,109.12666666666664,0.0038339824732229744,1.1102230246251565e-16,2.220446049250313e-16,0.0038339824732233074,0.4200000000000017,2.842170943040401e-14,cvq
22,ende,45,0.02,False,COMET-22,mtme_COMET-22-refA,0.33474298434585104,109.54666666666667,109.54666666666667,109.12666666666667,109.12666666666667,0.0038339824732229744,0.0,0.0,0.0038339824732229744,0.4200000000000017,0.0,cvq
22,ende,45,0.02,False,strongest,mtme_metricx_xxl_MQM_2020-refA,0.4319567862776694,109.54666666666667,109.54666666666667,109.12666666666667,109.12666666666667,0.0038339824732229744,0.0,0.0,0.0038339824732229744,0.4200000000000017,0.0,cvq
22,ende,45,0.02,False,best post hoc,mtme_BERTScore-refA,0.18286314691796407,109.54666666666667,109.54666666666667,109.12666666666667,109.12666666666667,0.0038339824732229744,0.0,0.0,0.0038339824732229744,0.4200000000000017,0.0,cvq
22,zhen,01,0.01,True,mean,,,527.6545098039217,520.9466369141571,528.9058333333332,511.33951003280885,-0.0023714826769443142,0.012712623061361117,0.03321257243433262,0.030919852797573033,-1.251323529411593,17.566323300524402,cvq
22,zhen,01,0.01,True,COMET-22,mtme_COMET-22-refA,0.3017979646035629,527.6545098039217,511.1835483870968,528.9058333333332,494.6877235772358,-0.0023714826769443142,0.03121542810833844,0.06469603396212142,0.06247797680898526,-1.251323529411593,34.218109756097476,cvq
22,zhen,01,0.01,True,strongest,mtme_metricx_xxl_MQM_2020-refA,0.34401609182290593,527.6545098039217,501.1918181818181,528.9058333333332,493.97564102564104,-0.0023714826769443142,0.05015155017236028,0.06604236540094666,0.06382750104949508,-1.251323529411593,34.93019230769221,cvq
22,zhen,01,0.01,True,best post hoc,mtme_UniTE-src-src,0.2386148865598503,527.6545098039217,513.0735185185185,528.9058333333332,486.88533333333334,-0.0023714826769443142,0.027633595495699437,0.07944797987039265,0.07726490670142916,-1.251323529411593,42.02049999999991,cvq
22,zhen,01,0.02,True,mean,,,253.22891156462583,251.8211482865395,251.73857142857142,247.1761998945221,0.005885347478082337,0.0055592517828559895,0.01812345048340691,0.023902135157892634,1.4903401360544137,4.562371534049305,cvq
22,zhen,01,0.02,True,COMET-22,mtme_COMET-22-refA,0.3017979646035629,253.22891156462583,252.42757575757574,251.73857142857142,253.6990909090909,0.005885347478082337,0.003164472026905951,-0.007787918511628522,-0.0018567364269741482,1.4903401360544137,-1.9605194805194799,cvq
22,zhen,01,0.02,True,strongest,mtme_metricx_xxl_MQM_2020-refA,0.34401609182290593,253.22891156462583,234.11102564102563,251.73857142857142,230.85509803921565,0.005885347478082337,0.07549645814720163,0.08295698696805098,0.08835410375209163,1.4903401360544137,20.88347338935577,cvq
22,zhen,01,0.02,True,best post hoc,mtme_metricx_xl_MQM_2020-refA,0.3276879694095149,253.22891156462583,250.9056589147287,251.73857142857142,230.85509803921565,0.005885347478082337,0.009174515798936467,0.08295698696805098,0.08835410375209163,1.4903401360544137,20.88347338935577,cvq
22,zhen,02,0.01,True,mean,,,465.91362962962967,452.19640066344317,462.5585185185185,454.4465250731827,0.007201143941159782,0.02944157048397744,0.017537226362875913,0.024612082212667863,3.355111111111171,8.11199344533577,cvq
22,zhen,02,0.01,True,COMET-22,mtme_COMET-22-refA,0.25104791659598275,465.91362962962967,444.69045454545454,462.5585185185185,450.6514893617021,0.007201143941159782,0.045551736919664965,0.025741670902423852,0.032757445366129234,3.355111111111171,11.907029156816407,cvq
22,zhen,02,0.01,True,strongest,mtme_metricx_xxl_MQM_2020-refA,0.28303767465190893,465.91362962962967,433.6281818181818,462.5585185185185,436.40068027210884,0.007201143941159782,0.0692949202561699,0.05655033298313894,0.06334424983656661,3.355111111111171,26.157838246409653,cvq
22,zhen,02,0.01,True,best post hoc,mtme_UniTE-refA,0.2542558799093811,465.91362962962967,447.05418803418803,462.5585185185185,436.2017333333333,0.007201143941159782,0.040478407146907536,0.05698043410723608,0.06377125374055992,3.355111111111171,26.356785185185174,cvq
22,zhen,02,0.02,True,mean,,,220.68705882352944,221.22488667892694,206.4383333333333,205.04295803948852,0.06456529696918023,-0.0024370611410773346,0.00675928385641289,0.0708881656561049,14.248725490196136,1.3953752938447792,cvq
22,zhen,02,0.02,True,COMET-22,mtme_COMET-22-refA,0.25104791659598275,220.68705882352944,218.07768115942028,206.4383333333333,204.3097222222222,0.06456529696918023,0.011823881644984602,0.010311123310969839,0.07421067954149152,14.248725490196136,2.1286111111110984,cvq
22,zhen,02,0.02,True,strongest,mtme_metricx_xxl_MQM_2020-refA,0.28303767465190893,220.68705882352944,215.3220202020202,206.4383333333333,199.50514285714283,0.06456529696918023,0.02431061726097561,0.03358480164144484,0.09598168591899425,14.248725490196136,6.933190476190475,cvq
22,zhen,02,0.02,True,best post hoc,mtme_MATESE-refA,0.21064293644000184,220.68705882352944,221.00857142857143,206.4383333333333,193.66666666666666,0.06456529696918023,-0.0014568711312568094,0.061866739865819365,0.12243759240304808,14.248725490196136,12.771666666666647,cvq
22,zhen,03,0.01,True,mean,,,316.9633333333333,318.8698107861951,309.38931623931626,307.3617496291119,0.023895562349011135,-0.0060148201775025445,0.006553447400349244,0.03029241143840422,7.5740170940170515,2.02756661020436,cvq
22,zhen,03,0.01,True,COMET-22,mtme_COMET-22-refA,0.23910633419395505,316.9633333333333,311.6960162601626,309.38931623931626,303.9914814814815,0.023895562349011135,0.01661806436024371,0.017446739349135987,0.040925402050242865,7.5740170940170515,5.397834757834744,cvq
22,zhen,03,0.01,True,strongest,mtme_metricx_xxl_MQM_2020-refA,0.26458295010298327,316.9633333333333,299.7491304347826,309.38931623931626,291.232962962963,0.023895562349011135,0.054309761061376305,0.0586844869016393,0.08117775043497255,7.5740170940170515,18.156353276353286,cvq
22,zhen,03,0.01,True,best post hoc,mtme_metricx_xxl_MQM_2020-refA,0.26458295010298327,316.9633333333333,299.7491304347826,309.38931623931626,291.232962962963,0.023895562349011135,0.054309761061376305,0.0586844869016393,0.08117775043497255,7.5740170940170515,18.156353276353286,cvq
22,zhen,03,0.02,True,mean,,,205.96647058823527,208.7944162580552,195.74382716049382,197.68092323681654,0.049632561059796854,-0.013730126373207252,-0.009896077462174357,0.040227651266516395,10.222643427741446,-1.9370960763227174,cvq
22,zhen,03,0.02,True,COMET-22,mtme_COMET-22-refA,0.23910633419395505,205.96647058823527,208.24706666666665,195.74382716049382,196.77190476190475,0.049632561059796854,-0.01107265698110016,-0.0052521584783769,0.04464108065779382,10.222643427741446,-1.0280776014109279,cvq
22,zhen,03,0.02,True,strongest,mtme_metricx_xxl_MQM_2020-refA,0.26458295010298327,205.96647058823527,204.78434343434344,195.74382716049382,199.09444444444443,0.049632561059796854,0.005739415500570111,-0.017117358603617072,0.033364780802256244,10.222643427741446,-3.350617283950612,cvq
22,zhen,03,0.02,True,best post hoc,mtme_MS-COMET-22-refA,0.197372689829962,205.96647058823527,200.99965517241378,195.74382716049382,190.25313725490193,0.049632561059796854,0.024114679450671694,0.028050385982746673,0.07629073454750401,10.222643427741446,5.490689905591893,cvq
22,zhen,04,0.01,True,mean,,,276.501,270.80533336041583,271.32235294117646,264.1688514136651,0.01872921638194258,0.02059908152080514,0.02636532320306928,0.044600737741761765,5.178647058823515,7.1535015275113665,cvq
22,zhen,04,0.01,True,COMET-22,mtme_COMET-22-refA,0.27610908789448907,276.501,257.90444444444444,271.32235294117646,257.9788888888889,0.01872921638194258,0.06725673887456296,0.04917937614664747,0.06698750135121068,5.178647058823515,13.343464052287572,cvq
22,zhen,04,0.01,True,strongest,mtme_metricx_xxl_MQM_2020-refA,0.2970815794742062,276.501,257.5801801801802,271.32235294117646,248.2107070707071,0.01872921638194258,0.0684294806160548,0.0851815031822315,0.10231533675933502,5.178647058823515,23.111645870469374,cvq
22,zhen,04,0.01,True,best post hoc,mtme_metricx_xxl_MQM_2020-refA,0.2970815794742062,276.501,257.5801801801802,271.32235294117646,248.2107070707071,0.01872921638194258,0.0684294806160548,0.0851815031822315,0.10231533675933502,5.178647058823515,23.111645870469374,cvq
22,zhen,04,0.02,True,mean,,,197.9850505050505,172.2042618430894,162.965,160.45073169167642,0.17688229700028368,0.13021583496428413,0.015428271765861257,0.18958158061745478,35.020050505050506,2.5142683083235795,cvq
22,zhen,04,0.02,True,COMET-22,mtme_COMET-22-refA,0.27610908789448907,197.9850505050505,164.46666666666667,162.965,162.64000000000001,0.17688229700028368,0.16929754924869345,0.0019942932531524793,0.17852383508192637,35.020050505050506,0.32499999999998863,cvq
22,zhen,04,0.02,True,strongest,mtme_metricx_xxl_MQM_2020-refA,0.2970815794742062,197.9850505050505,164.46666666666667,162.965,156.86222222222224,0.17688229700028368,0.16929754924869345,0.03744839553141943,0.2077067343111304,35.020050505050506,6.10277777777776,cvq
22,zhen,04,0.02,True,best post hoc,mtme_YiSi-1-refA,0.19921118993400197,197.9850505050505,161.6225,162.965,156.32571428571427,0.17688229700028368,0.18366311199906937,0.040740562171544425,0.21041657495384247,35.020050505050506,6.639285714285734,cvq
22,zhen,05,0.01,True,mean,,,196.00666666666666,191.86408074327935,189.96266666666662,186.90001507691017,0.030835685861025364,0.02113492359130975,0.016122386801036948,0.04646092780733557,6.04400000000004,3.062651589756456,cvq
22,zhen,05,0.01,True,COMET-22,mtme_COMET-22-refA,0.320853520220176,196.00666666666666,184.30410256410255,189.96266666666662,178.40982456140352,0.030835685861025364,0.05970492892706425,0.06081638201855333,0.08977675302845045,6.04400000000004,11.552842105263096,cvq
22,zhen,05,0.01,True,strongest,mtme_metricx_xxl_MQM_2020-refA,0.33590945074833345,196.00666666666666,186.6446153846154,189.96266666666662,171.67066666666665,0.030835685861025364,0.04776394314165122,0.09629260486270974,0.12415904220944873,6.04400000000004,18.291999999999973,cvq
22,zhen,05,0.01,True,best post hoc,mtme_MS-COMET-22-refA,0.1869863169377176,196.00666666666666,185.14,189.96266666666662,171.67066666666665,0.030835685861025364,0.055440291146559684,0.09629260486270974,0.12415904220944873,6.04400000000004,18.291999999999973,cvq
22,zhen,05,0.02,False,mean,,,125.53763888888888,139.36964159184166,125.65451851851853,136.37902985644692,-0.0009310325625375704,-0.11018211609981954,-0.08534918970182392,-0.08635968513916015,-0.1168796296296506,-10.72451133792839,cvq
22,zhen,05,0.02,False,COMET-22,mtme_COMET-22-refA,0.320853520220176,125.53763888888888,124.41297297297297,125.65451851851853,124.55383333333333,-0.0009310325625375704,0.008958794556518046,0.008759614840456287,0.007836737764570278,-0.1168796296296506,1.100685185185199,cvq
22,zhen,05,0.02,False,strongest,mtme_metricx_xxl_MQM_2020-refA,0.33590945074833345,125.53763888888888,124.81483870967742,125.65451851851853,125.59075268817205,-0.0009310325625375704,0.005757637196372678,0.0005074694575116778,-0.00042309063443646266,-0.1168796296296506,0.0637658303464832,cvq
22,zhen,05,0.02,False,best post hoc,mtme_COMET-22-refA,0.320853520220176,125.53763888888888,124.41297297297297,125.65451851851853,124.55383333333333,-0.0009310325625375704,0.008958794556518046,0.008759614840456287,0.007836737764570278,-0.1168796296296506,1.100685185185199,cvq
22,zhen,12,0.01,True,mean,,,687.7427777777777,637.1384107800081,548.9707070707071,552.3512440967958,0.20177903017094334,0.07358036846461924,-0.006157955210628785,0.19686362119055134,138.7720707070706,-3.380537026088632,cvq
22,zhen,12,0.01,True,COMET-22,mtme_COMET-22-refA,0.2501361054240844,687.7427777777777,572.8293749999999,548.9707070707071,540.0563963963964,0.20177903017094334,0.16708776375534462,0.01623822648366302,0.2147407230630367,138.7720707070706,8.914310674310741,cvq
22,zhen,12,0.01,True,strongest,mtme_metricx_xxl_MQM_2020-refA,0.2739697579139585,687.7427777777777,624.8533333333332,548.9707070707071,557.1123076923076,0.20177903017094334,0.09144326407563563,-0.014830664945756133,0.18994088241473217,138.7720707070706,-8.141600621600446,cvq
22,zhen,12,0.01,True,best post hoc,mtme_UniTE-src-src,0.2469495187336306,687.7427777777777,552.5485416666667,548.9707070707071,532.9715151515152,0.20177903017094334,0.19657674421234683,0.02914398111433525,0.2250423670407078,138.7720707070706,15.999191919191958,cvq
22,zhen,12,0.02,True,mean,,,298.22333333333336,283.1261009092819,256.15666666666664,251.37365434985716,0.14105759665575035,0.05062391414952372,0.01867221485604964,0.15709595375996577,42.06666666666672,4.783012316809476,cvq
22,zhen,12,0.02,True,COMET-22,mtme_COMET-22-refA,0.2501361054240844,298.22333333333336,276.2274074074074,256.15666666666664,250.1783333333333,0.14105759665575035,0.07375655580021456,0.023338581857456964,0.16110409424704097,42.06666666666672,5.978333333333325,cvq
22,zhen,12,0.02,True,strongest,mtme_metricx_xxl_MQM_2020-refA,0.2739697579139585,298.22333333333336,280.22666666666663,256.15666666666664,238.81192982456136,0.14105759665575035,0.06034627292744832,0.06771144029866594,0.19921782391978715,42.06666666666672,17.344736842105277,cvq
22,zhen,12,0.02,True,best post hoc,mtme_MATESE-QE-src,0.21995566856747759,298.22333333333336,238.11173333333332,256.15666666666664,231.40333333333334,0.14105759665575035,0.20156571696826775,0.0966335706013246,0.22406026803178836,42.06666666666672,24.753333333333302,cvq
22,zhen,13,0.01,True,mean,,,647.4015315315316,619.2576423470983,594.4825203252033,578.0351812331646,0.08174063333019932,0.04347207693169097,0.0276666487738636,0.10714579271116309,52.91901120632838,16.447339092038646,cvq
22,zhen,13,0.01,True,COMET-22,mtme_COMET-22-refA,0.30328870289109455,647.4015315315316,563.8456249999999,594.4825203252033,533.5372727272727,0.08174063333019932,0.1290634984039455,0.1025181490022471,0.17587888390516293,52.91901120632838,60.945247597930575,cvq
22,zhen,13,0.01,True,strongest,mtme_metricx_xxl_MQM_2020-refA,0.2987800113681903,647.4015315315316,614.3847368421053,594.4825203252033,572.9764516129032,0.08174063333019932,0.05099894436659702,0.03617611616323968,0.11495969084682889,52.91901120632838,21.50606871230002,cvq
22,zhen,13,0.01,True,best post hoc,mtme_COMET-22-refA,0.30328870289109455,647.4015315315316,563.8456249999999,594.4825203252033,533.5372727272727,0.08174063333019932,0.1290634984039455,0.1025181490022471,0.17587888390516293,52.91901120632838,60.945247597930575,cvq
22,zhen,13,0.02,True,mean,,,243.9324761904762,237.16037284960356,232.50548387096774,227.42470808676646,0.0468448994490821,0.027762204715966576,0.021852283652031734,0.06767351507070152,11.426992319508457,5.080775784201279,cvq
22,zhen,13,0.02,True,COMET-22,mtme_COMET-22-refA,0.30328870289109455,243.9324761904762,225.64290322580644,232.50548387096774,213.1391111111111,0.0468448994490821,0.07497801543402627,0.0832942623005154,0.12623725040744427,11.426992319508457,19.36637275985663,cvq
22,zhen,13,0.02,True,strongest,mtme_metricx_xxl_MQM_2020-refA,0.2987800113681903,243.9324761904762,227.89971428571425,232.50548387096774,224.09421052631578,0.0468448994490821,0.06572622946787399,0.03617666647948792,0.0813268736249354,11.426992319508457,8.41127334465196,cvq
22,zhen,13,0.02,True,best post hoc,mtme_COMET-22-refA,0.30328870289109455,243.9324761904762,225.64290322580644,232.50548387096774,213.1391111111111,0.0468448994490821,0.07497801543402627,0.0832942623005154,0.12623725040744427,11.426992319508457,19.36637275985663,cvq
22,zhen,14,0.01,True,mean,,,537.1475438596491,533.3633969828219,512.3774509803922,498.7759545600716,0.04611413225735439,0.0070448928233691754,0.026545852855731966,0.07143584614361287,24.770092879256936,13.60149642032053,cvq
22,zhen,14,0.01,True,COMET-22,mtme_COMET-22-refA,0.2429737444228537,537.1475438596491,530.811935483871,512.3774509803922,497.27239316239314,0.04611413225735439,0.011794912679398695,0.02948033288564267,0.07423500517331771,24.770092879256936,15.105057817999011,cvq
22,zhen,14,0.01,True,strongest,mtme_metricx_xxl_MQM_2020-refA,0.26400102238832845,537.1475438596491,516.8039215686274,512.3774509803922,494.16611111111115,0.04611413225735439,0.03787343444753288,0.035542820696802924,0.0800179266197455,24.770092879256936,18.211339869281005,cvq
22,zhen,14,0.01,True,best post hoc,mtme_MATESE-QE-src,0.1916755367145908,537.1475438596491,518.8490476190476,512.3774509803922,477.34041666666667,0.04611413225735439,0.03406605214857439,0.06838129634058832,0.1113420844545635,24.770092879256936,35.037034313725485,cvq
22,zhen,14,0.02,True,mean,,,262.5733333333333,256.20629585121,241.7988888888889,237.9647691862118,0.07911863775622463,0.024248606670352446,0.01585664731668368,0.09372072873783144,20.774444444444413,3.8341197026771,cvq
22,zhen,14,0.02,True,COMET-22,mtme_COMET-22-refA,0.2429737444228537,262.5733333333333,254.3045945945946,241.7988888888889,238.25999999999996,0.07911863775622463,0.03149115956966464,0.014635670598615258,0.09259635403442856,20.774444444444413,3.5388888888889483,cvq
22,zhen,14,0.02,True,strongest,mtme_metricx_xxl_MQM_2020-refA,0.26400102238832845,262.5733333333333,237.28904761904755,241.7988888888889,225.51999999999998,0.07911863775622463,0.09629418720212424,0.06732408475362917,0.141116132635962,20.774444444444413,16.27888888888893,cvq
22,zhen,14,0.02,True,best post hoc,mtme_metricx_xxl_MQM_2020-refA,0.26400102238832845,262.5733333333333,237.28904761904755,241.7988888888889,225.51999999999998,0.07911863775622463,0.09629418720212424,0.06732408475362917,0.141116132635962,20.774444444444413,16.27888888888893,cvq
22,zhen,15,0.01,True,mean,,,321.1912903225807,298.6277587587687,294.39480000000003,284.5780345525552,0.08342844631829294,0.0702495124981466,0.033345580314070866,0.11399205667517898,26.796490322580667,9.816765447444823,cvq
22,zhen,15,0.01,True,COMET-22,mtme_COMET-22-refA,0.30504899739598446,321.1912903225807,273.83869565217395,294.39480000000003,269.5411111111111,0.08342844631829294,0.1474280159429271,0.08442298875146215,0.16080815628467382,26.796490322580667,24.85368888888894,cvq
22,zhen,15,0.01,True,strongest,mtme_metricx_xxl_MQM_2020-refA,0.3149314410683197,321.1912903225807,275.1190909090909,294.39480000000003,274.3206666666666,0.08342844631829294,0.14344162124451842,0.06818779860695023,0.14592744282960068,26.796490322580667,20.074133333333407,cvq
22,zhen,15,0.01,True,best post hoc,mtme_metricx_xl_MQM_2020-refA,0.35227475084514887,321.1912903225807,260.6672222222222,294.39480000000003,262.84973333333335,0.08342844631829294,0.18843620584970588,0.10715225495377867,0.18164115512177625,26.796490322580667,31.545066666666685,cvq
22,zhen,15,0.02,True,mean,,,187.35426666666666,183.13349459268127,183.2261403508772,176.72689984907495,0.022033799332331627,0.022528294386243264,0.03547114232366744,0.056723377623950744,4.128126315789473,6.499240501802234,cvq
22,zhen,15,0.02,True,COMET-22,mtme_COMET-22-refA,0.30504899739598446,187.35426666666666,177.922,183.2261403508772,169.233768115942,0.022033799332331627,0.050344552245763285,0.07636668113043177,0.09671783233505926,4.128126315789473,13.992372234935175,cvq
22,zhen,15,0.02,True,strongest,mtme_metricx_xxl_MQM_2020-refA,0.3149314410683197,187.35426666666666,177.922,183.2261403508772,170.86515151515152,0.022033799332331627,0.050344552245763285,0.06746302035317897,0.08801035303269567,4.128126315789473,12.360988835725664,cvq
22,zhen,15,0.02,True,best post hoc,mtme_COMET-22-refA,0.30504899739598446,187.35426666666666,177.922,183.2261403508772,169.233768115942,0.022033799332331627,0.050344552245763285,0.07636668113043177,0.09671783233505926,4.128126315789473,13.992372234935175,cvq
22,zhen,23,0.01,True,mean,,,606.453125,606.7205609831204,548.906875,554.3259379841177,0.09488985649138171,-0.0004409837662564531,-0.009872463310133694,0.08595418980796299,57.546249999999986,-5.419062984117659,cvq
22,zhen,23,0.01,True,COMET-22,mtme_COMET-22-refA,0.18776413293931205,606.453125,638.8565277777777,548.906875,553.9754166666667,0.09488985649138171,-0.053431009655985795,-0.009233882644786862,0.086532175645617,57.546249999999986,-5.068541666666647,cvq
22,zhen,23,0.01,True,strongest,mtme_metricx_xxl_MQM_2020-refA,0.2008575277841632,606.453125,601.9665,548.906875,546.9574358974359,0.09488985649138171,0.007398139798521108,0.003551493324918109,0.09810434912436827,57.546249999999986,1.9494391025641562,cvq
22,zhen,23,0.01,True,best post hoc,mtme_UniTE-src-src,0.16799713244829184,606.453125,598.5222222222221,548.906875,527.9715942028986,0.09488985649138171,0.0130775198458708,0.03813995005455417,0.12941071215867084,57.546249999999986,20.935280797101427,cvq
22,zhen,23,0.02,True,mean,,,280.44117647058823,278.27599174680125,249.37333333333333,244.57072887324065,0.11078203111344165,0.00772063771460485,0.019258692964067348,0.12790720695435953,31.067843137254897,4.802604460092681,cvq
22,zhen,23,0.02,True,COMET-22,mtme_COMET-22-refA,0.18776413293931205,280.44117647058823,278.45624999999995,249.37333333333333,235.3326984126984,0.11078203111344165,0.00707787100157331,0.05630367422593274,0.1608482699494761,31.067843137254897,14.040634920634943,cvq
22,zhen,23,0.02,True,strongest,mtme_metricx_xxl_MQM_2020-refA,0.2008575277841632,280.44117647058823,281.0706306306306,249.37333333333333,244.95733333333334,0.11078203111344165,-0.0022445140473457137,0.01770838902849814,0.12652864883761572,31.067843137254897,4.415999999999997,cvq
22,zhen,23,0.02,True,best post hoc,mtme_MATESE-QE-src,0.13150890963854514,280.44117647058823,270.7531313131313,249.37333333333333,233.61505376344087,0.11078203111344165,0.034545729979395534,0.06319151835223946,0.16697306471347773,31.067843137254897,15.758279569892466,cvq
22,zhen,24,0.01,True,mean,,,622.8565432098765,617.9224076962747,558.9070588235294,538.3737001558553,0.10267128937393022,0.007921784827327638,0.036738413558232264,0.1356377226425861,63.94948438634708,20.533358667674065,cvq
22,zhen,24,0.01,True,COMET-22,mtme_COMET-22-refA,0.23033299181031516,622.8565432098765,603.9091954022988,558.9070588235294,520.5698039215687,0.10267128937393022,0.03042008310602784,0.06859325588526055,0.16422198723509507,63.94948438634708,38.337254901960705,cvq
22,zhen,24,0.01,True,strongest,mtme_metricx_xxl_MQM_2020-refA,0.23704477569599341,622.8565432098765,606.5495999999999,558.9070588235294,497.1414814814815,0.10267128937393022,0.026180897331252395,0.110511356704031,0.20183630259469598,63.94948438634708,61.76557734204789,cvq
22,zhen,24,0.01,True,best post hoc,mtme_UniTE-src-src,0.20461477986998378,622.8565432098765,605.1316049382715,558.9070588235294,484.7547368421052,0.10267128937393022,0.028457497099187434,0.13267379756754372,0.22172329707907834,63.94948438634708,74.15232198142417,cvq
22,zhen,24,0.02,True,mean,,,271.8804761904762,261.11992682182256,257.02456140350876,247.54270457137392,0.05464134459055303,0.03957823496349522,0.0368908589138649,0.08951643737026393,14.855914786967446,9.481856832134838,cvq
22,zhen,24,0.02,True,COMET-22,mtme_COMET-22-refA,0.23033299181031516,271.8804761904762,254.84791666666666,257.02456140350876,246.00888888888892,0.05464134459055303,0.0626472329402451,0.04285844300041852,0.09515794463837102,14.855914786967446,11.015672514619837,cvq
22,zhen,24,0.02,True,strongest,mtme_metricx_xxl_MQM_2020-refA,0.23704477569599341,271.8804761904762,265.4141414141414,257.02456140350876,248.45763440860213,0.05464134459055303,0.023783740807503118,0.03333116083585963,0.0861512459815772,14.855914786967446,8.566926994906623,cvq
22,zhen,24,0.02,True,best post hoc,mtme_MATESE-refA,0.13553289303140043,271.8804761904762,250.1442424242424,257.02456140350876,238.3192857142857,0.05464134459055303,0.07994775524449815,0.07277621868929951,0.12344097283645306,14.855914786967446,18.705275689223043,cvq
22,zhen,25,0.01,True,mean,,,360.8296899224806,350.16634119989897,341.9046666666667,334.34714519640636,0.05244863098676755,0.029552304093580894,0.022104177588276097,0.07339347472145008,18.925023255813926,7.557521470260326,cvq
22,zhen,25,0.01,True,COMET-22,mtme_COMET-22-refA,0.23065107658345588,360.8296899224806,330.7916161616161,341.9046666666667,317.01666666666665,0.05244863098676755,0.08324723435956105,0.0727922208334878,0.1214229994910524,18.925023255813926,24.888000000000034,cvq
22,zhen,25,0.01,True,strongest,mtme_metricx_xxl_MQM_2020-refA,0.1921449823878058,360.8296899224806,338.3811111111111,341.9046666666667,330.8433333333333,0.05244863098676755,0.0622137796260398,0.032352098148216935,0.08310390587756089,18.925023255813926,11.06133333333338,cvq
22,zhen,25,0.01,True,best post hoc,mtme_COMET-22-refA,0.23065107658345588,360.8296899224806,330.7916161616161,341.9046666666667,317.01666666666665,0.05244863098676755,0.08324723435956105,0.0727922208334878,0.1214229994910524,18.925023255813926,24.888000000000034,cvq
22,zhen,25,0.02,True,mean,,,208.53866666666667,203.85766374216627,198.7115238095238,194.98377034002903,0.04712384045713114,0.02244669057936688,0.01875962399175224,0.06499943892086035,9.82714285714286,3.727753469494786,cvq
22,zhen,25,0.02,True,COMET-22,mtme_COMET-22-refA,0.23065107658345588,208.53866666666667,202.56473684210528,198.7115238095238,194.33666666666667,0.04712384045713114,0.028646629040312566,0.022016121959039903,0.06810247819748849,9.82714285714286,4.374857142857138,cvq
22,zhen,25,0.02,True,strongest,mtme_metricx_xxl_MQM_2020-refA,0.1921449823878058,208.53866666666667,198.6462162162162,198.7115238095238,197.89759689922482,0.04712384045713114,0.04743700824683417,0.004096022690053824,0.0510268428274302,9.82714285714286,0.8139269102989886,cvq
22,zhen,25,0.02,True,best post hoc,mtme_MEE4-refA,0.12098469375312057,208.53866666666667,201.79761904761904,198.7115238095238,190.69506666666666,0.04712384045713114,0.03232516888497561,0.04034218544135049,0.08556494718805152,9.82714285714286,8.01645714285715,cvq
22,zhen,34,0.01,True,mean,,,697.5415238095238,694.317340687344,654.0488333333333,645.278063513226,0.06235139986887295,0.0046222095920132045,0.013409961723205521,0.0749252317064486,43.492690476190546,8.770769820107262,cvq
22,zhen,34,0.01,True,COMET-22,mtme_COMET-22-refA,0.21211496615759046,697.5415238095238,671.9036666666667,654.0488333333333,671.5576811594203,0.06235139986887295,0.03675459634695233,-0.02676993969525787,0.037250603388019776,43.492690476190546,-17.50884782608705,cvq
22,zhen,34,0.01,True,strongest,mtme_metricx_xxl_MQM_2020-refA,0.20829374910935655,697.5415238095238,677.8858333333333,654.0488333333333,615.4099047619046,0.06235139986887295,0.02817852386599695,0.059076519370131586,0.1177444155568963,43.492690476190546,38.638928571428664,cvq
22,zhen,34,0.01,True,best post hoc,mtme_metricx_xxl_MQM_2020-refA,0.20829374910935655,697.5415238095238,677.8858333333333,654.0488333333333,615.4099047619046,0.06235139986887295,0.02817852386599695,0.059076519370131586,0.1177444155568963,43.492690476190546,38.638928571428664,cvq
22,zhen,34,0.02,True,mean,,,262.3433333333333,259.6064780322447,251.55533333333332,254.4073691369587,0.04112168532330396,0.01043234171920493,-0.011337608174843083,0.03025029870414575,10.787999999999982,-2.8520358036253697,cvq
22,zhen,34,0.02,True,COMET-22,mtme_COMET-22-refA,0.21211496615759046,262.3433333333333,244.34666666666666,251.55533333333332,256.6730081300813,0.04112168532330396,0.06859967218530416,-0.020344131563160284,0.021614138736459787,10.787999999999982,-5.117674796747991,cvq
22,zhen,34,0.02,True,strongest,mtme_metricx_xxl_MQM_2020-refA,0.20829374910935655,262.3433333333333,250.6063768115942,251.55533333333332,256.3788888888889,0.04112168532330396,0.044738916642589666,-0.019174928599760444,0.022735262103519727,10.787999999999982,-4.8235555555556004,cvq
22,zhen,34,0.02,True,best post hoc,mtme_COMET-QE-src,0.12973857765902647,262.3433333333333,260.7072727272727,251.55533333333332,242.76949494949497,0.04112168532330396,0.006236333835027641,0.034926066831571956,0.07461153342504734,10.787999999999982,8.785838383838353,cvq
22,zhen,35,0.01,True,mean,,,447.91749999999996,442.8323085944209,455.49209523809526,439.19680294613636,-0.01691069279073787,0.011352964341824201,0.0357751374004438,0.019469426967831382,-7.5745952380952986,16.2952922919589,cvq
22,zhen,35,0.01,True,COMET-22,mtme_COMET-22-refA,0.2272828505535939,447.91749999999996,461.0403921568627,455.49209523809526,424.4356565656566,-0.01691069279073787,-0.029297565191944486,0.0681821682464211,0.05242448315670489,-7.5745952380952986,31.056438672438674,cvq
22,zhen,35,0.01,True,strongest,mtme_metricx_xxl_MQM_2020-refA,0.22723111404192328,447.91749999999996,438.45311111111107,455.49209523809526,436.7585185185185,-0.01691069279073787,0.021129759138432624,0.04112821477128892,0.024913028585579866,-7.5745952380952986,18.733576719576774,cvq
22,zhen,35,0.01,True,best post hoc,mtme_UniTE-ref-refA,0.21674621000515434,447.91749999999996,427.63666666666666,455.49209523809526,406.43731182795693,-0.01691069279073787,0.045278055296641195,0.1076962342990746,0.09260675944128782,-7.5745952380952986,49.05478341013833,cvq
22,zhen,35,0.02,True,mean,,,223.57078431372548,219.22141490975534,217.7188888888889,214.50172846194192,0.026174687550520548,0.01945410451245233,0.014776671162366806,0.04056458396217555,5.851895424836584,3.2171604269469753,cvq
22,zhen,35,0.02,True,COMET-22,mtme_COMET-22-refA,0.2272828505535939,223.57078431372548,212.80710144927536,217.7188888888889,206.94799999999998,0.026174687550520548,0.0481444071392888,0.0494715407737808,0.07435132620190477,5.851895424836584,10.77088888888892,cvq
22,zhen,35,0.02,True,strongest,mtme_metricx_xxl_MQM_2020-refA,0.22723111404192328,223.57078431372548,216.70535353535354,217.7188888888889,208.20978494623654,0.026174687550520548,0.030708085582139555,0.04367606316191175,0.06870754340573249,5.851895424836584,9.50910394265236,cvq
22,zhen,35,0.02,True,best post hoc,mtme_COMET-22-refA,0.2272828505535939,223.57078431372548,212.80710144927536,217.7188888888889,206.94799999999998,0.026174687550520548,0.0481444071392888,0.0494715407737808,0.07435132620190477,5.851895424836584,10.77088888888892,cvq
22,zhen,45,0.01,True,mean,,,585.4282882882884,576.5623751858245,572.1263063063063,565.7277193907797,0.022721795731592054,0.015144319602980905,0.011183871192423256,0.03365154928729264,13.301981981982067,6.398586915526607,cvq
22,zhen,45,0.01,True,COMET-22,mtme_COMET-22-refA,0.26067382271484074,585.4282882882884,589.8133333333334,572.1263063063063,556.3409803921569,0.022721795731592054,-0.007490319707416759,0.02759063119481564,0.049685518240293436,13.301981981982067,15.785325914149439,cvq
22,zhen,45,0.01,True,strongest,mtme_metricx_xxl_MQM_2020-refA,0.2751392107842413,585.4282882882884,589.8133333333334,572.1263063063063,565.1183838383838,0.022721795731592054,-0.007490319707416759,0.012248907960842104,0.03469238650781281,13.301981981982067,7.007922467922526,cvq
22,zhen,45,0.01,True,best post hoc,mtme_metricx_xl_MQM_2020-refA,0.2772151494101462,585.4282882882884,561.181568627451,572.1263063063063,540.2490740740741,0.022721795731592054,0.041417061911598774,0.05571712379043403,0.07717292641650797,13.301981981982067,31.877232232232245,cvq
22,zhen,45,0.02,True,mean,,,282.0,275.77185392583635,271.20612612612615,267.5061925205648,0.03827614848891436,0.022085624376466884,0.01364251485912471,0.05139648042352907,10.79387387387385,3.699933605561341,cvq
22,zhen,45,0.02,True,COMET-22,mtme_COMET-22-refA,0.26067382271484074,282.0,272.18363636363637,271.20612612612615,270.59142857142854,0.03827614848891436,0.034809800128949075,0.0022665327051342166,0.04045592705167189,10.79387387387385,0.6146975546976137,cvq
22,zhen,45,0.02,True,strongest,mtme_metricx_xxl_MQM_2020-refA,0.2751392107842413,282.0,273.81969696969696,271.20612612612615,263.3827027027027,0.03827614848891436,0.02900816677412421,0.028846779883523355,0.06601878474218892,10.79387387387385,7.823423423423435,cvq
22,zhen,45,0.02,True,best post hoc,mtme_metricx_xxl_DA_2019-refA,0.2391504948654885,282.0,268.28825396825397,271.20612612612615,256.11809523809524,0.03827614848891436,0.048623212878531996,0.05563307548965224,0.09177980412022968,10.79387387387385,15.088030888030914,cvq
22,ende,01,0.01,False,mean,,,112.46,112.46000000000001,112.12666666666667,112.12666666666664,0.002964016835615535,-2.220446049250313e-16,2.220446049250313e-16,0.002964016835615868,0.3333333333333286,2.842170943040401e-14,cvl
22,ende,01,0.01,False,COMET-22,mtme_COMET-22-refA,0.3698756937551726,112.46,112.46,112.12666666666667,112.12666666666667,0.002964016835615535,0.0,0.0,0.002964016835615535,0.3333333333333286,0.0,cvl
22,ende,01,0.01,False,strongest,mtme_metricx_xxl_MQM_2020-refA,0.4616375558323653,112.46,112.46,112.12666666666667,112.12666666666667,0.002964016835615535,0.0,0.0,0.002964016835615535,0.3333333333333286,0.0,cvl
22,ende,01,0.01,False,best post hoc,mtme_BERTScore-refA,0.16068553237256467,112.46,112.46,112.12666666666667,112.12666666666667,0.002964016835615535,0.0,0.0,0.002964016835615535,0.3333333333333286,0.0,cvl
22,ende,01,0.02,False,mean,,,112.46,112.46000000000001,112.12666666666667,112.12666666666664,0.002964016835615535,-2.220446049250313e-16,2.220446049250313e-16,0.002964016835615868,0.3333333333333286,2.842170943040401e-14,cvl
22,ende,01,0.02,False,COMET-22,mtme_COMET-22-refA,0.3698756937551726,112.46,112.46,112.12666666666667,112.12666666666667,0.002964016835615535,0.0,0.0,0.002964016835615535,0.3333333333333286,0.0,cvl
22,ende,01,0.02,False,strongest,mtme_metricx_xxl_MQM_2020-refA,0.4616375558323653,112.46,112.46,112.12666666666667,112.12666666666667,0.002964016835615535,0.0,0.0,0.002964016835615535,0.3333333333333286,0.0,cvl
22,ende,01,0.02,False,best post hoc,mtme_BERTScore-refA,0.16068553237256467,112.46,112.46,112.12666666666667,112.12666666666667,0.002964016835615535,0.0,0.0,0.002964016835615535,0.3333333333333286,0.0,cvl
22,ende,02,0.01,False,mean,,,112.44,112.49023233074014,112.12,112.2121248979515,0.0028459622909995375,-0.0004467478721108531,-0.0008216633780904203,0.0020266373358991396,0.3199999999999932,-0.09212489795149281,cvl
22,ende,02,0.01,False,COMET-22,mtme_COMET-22-refA,0.4147946903224453,112.44,112.44,112.12,112.12,0.0028459622909995375,0.0,0.0,0.0028459622909995375,0.3199999999999932,0.0,cvl
22,ende,02,0.01,False,strongest,mtme_metricx_xxl_MQM_2020-refA,0.4132723345870242,112.44,112.44,112.12,112.12,0.0028459622909995375,0.0,0.0,0.0028459622909995375,0.3199999999999932,0.0,cvl
22,ende,02,0.01,False,best post hoc,mtme_BERTScore-refA,0.16480345236232236,112.44,112.44,112.12,112.12,0.0028459622909995375,0.0,0.0,0.0028459622909995375,0.3199999999999932,0.0,cvl
22,ende,02,0.02,False,mean,,,112.44,112.44000000000001,112.12,112.11999999999998,0.0028459622909995375,-2.220446049250313e-16,2.220446049250313e-16,0.0028459622909998705,0.3199999999999932,2.842170943040401e-14,cvl
22,ende,02,0.02,False,COMET-22,mtme_COMET-22-refA,0.4147946903224453,112.44,112.44,112.12,112.12,0.0028459622909995375,0.0,0.0,0.0028459622909995375,0.3199999999999932,0.0,cvl
22,ende,02,0.02,False,strongest,mtme_metricx_xxl_MQM_2020-refA,0.4132723345870242,112.44,112.44,112.12,112.12,0.0028459622909995375,0.0,0.0,0.0028459622909995375,0.3199999999999932,0.0,cvl
22,ende,02,0.02,False,best post hoc,mtme_BERTScore-refA,0.16480345236232236,112.44,112.44,112.12,112.12,0.0028459622909995375,0.0,0.0,0.0028459622909995375,0.3199999999999932,0.0,cvl
22,ende,03,0.01,False,mean,,,112.82333333333334,112.82333333333332,112.55,112.55000000000004,0.0024226667060597284,1.1102230246251565e-16,-4.440892098500626e-16,0.0024226667060592844,0.27333333333334053,-4.263256414560601e-14,cvl
22,ende,03,0.01,False,COMET-22,mtme_COMET-22-refA,0.32697539663356734,112.82333333333334,112.82333333333334,112.55,112.55,0.0024226667060597284,0.0,0.0,0.0024226667060597284,0.27333333333334053,0.0,cvl
22,ende,03,0.01,False,strongest,mtme_metricx_xxl_MQM_2020-refA,0.39133844471829565,112.82333333333334,112.82333333333334,112.55,112.55,0.0024226667060597284,0.0,0.0,0.0024226667060597284,0.27333333333334053,0.0,cvl
22,ende,03,0.01,False,best post hoc,mtme_BERTScore-refA,0.1863752190143971,112.82333333333334,112.82333333333334,112.55,112.55,0.0024226667060597284,0.0,0.0,0.0024226667060597284,0.27333333333334053,0.0,cvl
22,ende,03,0.02,False,mean,,,112.82333333333334,112.82333333333332,112.55,112.55000000000004,0.0024226667060597284,1.1102230246251565e-16,-4.440892098500626e-16,0.0024226667060592844,0.27333333333334053,-4.263256414560601e-14,cvl
22,ende,03,0.02,False,COMET-22,mtme_COMET-22-refA,0.32697539663356734,112.82333333333334,112.82333333333334,112.55,112.55,0.0024226667060597284,0.0,0.0,0.0024226667060597284,0.27333333333334053,0.0,cvl
22,ende,03,0.02,False,strongest,mtme_metricx_xxl_MQM_2020-refA,0.39133844471829565,112.82333333333334,112.82333333333334,112.55,112.55,0.0024226667060597284,0.0,0.0,0.0024226667060597284,0.27333333333334053,0.0,cvl
22,ende,03,0.02,False,best post hoc,mtme_BERTScore-refA,0.1863752190143971,112.82333333333334,112.82333333333334,112.55,112.55,0.0024226667060597284,0.0,0.0,0.0024226667060597284,0.27333333333334053,0.0,cvl
22,ende,04,0.01,False,mean,,,113.22,113.21999999999994,112.78666666666666,112.78666666666672,0.0038273567685332965,5.551115123125783e-16,-4.440892098500626e-16,0.0038273567685327414,0.4333333333333371,-5.684341886080802e-14,cvl
22,ende,04,0.01,False,COMET-22,mtme_COMET-22-refA,0.4374444668621107,113.22,113.22,112.78666666666666,112.78666666666666,0.0038273567685332965,0.0,0.0,0.0038273567685332965,0.4333333333333371,0.0,cvl
22,ende,04,0.01,False,strongest,mtme_metricx_xxl_MQM_2020-refA,0.4317673087483292,113.22,113.22,112.78666666666666,112.78666666666666,0.0038273567685332965,0.0,0.0,0.0038273567685332965,0.4333333333333371,0.0,cvl
22,ende,04,0.01,False,best post hoc,mtme_BERTScore-refA,0.15229112552609836,113.22,113.22,112.78666666666666,112.78666666666666,0.0038273567685332965,0.0,0.0,0.0038273567685332965,0.4333333333333371,0.0,cvl
22,ende,04,0.02,False,mean,,,113.22,113.21999999999994,112.78666666666666,112.78666666666672,0.0038273567685332965,5.551115123125783e-16,-4.440892098500626e-16,0.0038273567685327414,0.4333333333333371,-5.684341886080802e-14,cvl
22,ende,04,0.02,False,COMET-22,mtme_COMET-22-refA,0.4374444668621107,113.22,113.22,112.78666666666666,112.78666666666666,0.0038273567685332965,0.0,0.0,0.0038273567685332965,0.4333333333333371,0.0,cvl
22,ende,04,0.02,False,strongest,mtme_metricx_xxl_MQM_2020-refA,0.4317673087483292,113.22,113.22,112.78666666666666,112.78666666666666,0.0038273567685332965,0.0,0.0,0.0038273567685332965,0.4333333333333371,0.0,cvl
22,ende,04,0.02,False,best post hoc,mtme_BERTScore-refA,0.15229112552609836,113.22,113.22,112.78666666666666,112.78666666666666,0.0038273567685332965,0.0,0.0,0.0038273567685332965,0.4333333333333371,0.0,cvl
22,ende,05,0.01,False,mean,,,115.94,115.94000000000001,115.84,115.84000000000003,0.000862515094014138,-2.220446049250313e-16,-2.220446049250313e-16,0.0008625150940138049,0.09999999999999432,-2.842170943040401e-14,cvl
22,ende,05,0.01,False,COMET-22,mtme_COMET-22-refA,0.4065898736462211,115.94,115.94,115.84,115.84,0.000862515094014138,0.0,0.0,0.000862515094014138,0.09999999999999432,0.0,cvl
22,ende,05,0.01,False,strongest,mtme_metricx_xxl_MQM_2020-refA,0.4814242401562975,115.94,115.94,115.84,115.84,0.000862515094014138,0.0,0.0,0.000862515094014138,0.09999999999999432,0.0,cvl
22,ende,05,0.01,False,best post hoc,mtme_BERTScore-refA,0.17024702815437148,115.94,115.94,115.84,115.84,0.000862515094014138,0.0,0.0,0.000862515094014138,0.09999999999999432,0.0,cvl
22,ende,05,0.02,False,mean,,,115.94,115.94000000000001,115.84,115.84000000000003,0.000862515094014138,-2.220446049250313e-16,-2.220446049250313e-16,0.0008625150940138049,0.09999999999999432,-2.842170943040401e-14,cvl
22,ende,05,0.02,False,COMET-22,mtme_COMET-22-refA,0.4065898736462211,115.94,115.94,115.84,115.84,0.000862515094014138,0.0,0.0,0.000862515094014138,0.09999999999999432,0.0,cvl
22,ende,05,0.02,False,strongest,mtme_metricx_xxl_MQM_2020-refA,0.4814242401562975,115.94,115.94,115.84,115.84,0.000862515094014138,0.0,0.0,0.000862515094014138,0.09999999999999432,0.0,cvl
22,ende,05,0.02,False,best post hoc,mtme_BERTScore-refA,0.17024702815437148,115.94,115.94,115.84,115.84,0.000862515094014138,0.0,0.0,0.000862515094014138,0.09999999999999432,0.0,cvl
22,ende,12,0.01,True,mean,,,196.95263565891474,192.23844848997874,178.9629292929293,172.6807795466651,0.09134026719571442,0.023935638907113144,0.03510307844805938,0.12323702107893586,17.989706365985455,6.282149746264196,cvl
22,ende,12,0.01,True,COMET-22,mtme_COMET-22-refA,0.2975366676578337,196.95263565891474,182.12969696969697,178.9629292929293,155.53499999999997,0.09134026719571442,0.07526143856682554,0.13090939774785493,0.2102923655748502,17.989706365985455,23.42792929292932,cvl
22,ende,12,0.01,True,strongest,mtme_metricx_xxl_MQM_2020-refA,0.4086431677814629,196.95263565891474,186.277816091954,178.9629292929293,168.88272727272727,0.09134026719571442,0.05419993254341382,0.05632564274639573,0.142521110683684,17.989706365985455,10.080202020202023,cvl
22,ende,12,0.01,True,best post hoc,mtme_metricx_xl_DA_2019-refA,0.3706262100364407,196.95263565891474,174.51000000000002,178.9629292929293,143.37190476190474,0.09134026719571442,0.11394940506295725,0.1988737258137332,0.272048813755414,17.989706365985455,35.591024531024544,cvl
22,ende,12,0.02,False,mean,,,107.94333333333333,107.94333333333329,107.71666666666667,107.71666666666667,0.0020998672142790165,4.440892098500626e-16,0.0,0.0020998672142790165,0.22666666666665947,0.0,cvl
22,ende,12,0.02,False,COMET-22,mtme_COMET-22-refA,0.2975366676578337,107.94333333333333,107.94333333333333,107.71666666666667,107.71666666666667,0.0020998672142790165,0.0,0.0,0.0020998672142790165,0.22666666666665947,0.0,cvl
22,ende,12,0.02,False,strongest,mtme_metricx_xxl_MQM_2020-refA,0.4086431677814629,107.94333333333333,107.94333333333333,107.71666666666667,107.71666666666667,0.0020998672142790165,0.0,0.0,0.0020998672142790165,0.22666666666665947,0.0,cvl
22,ende,12,0.02,False,best post hoc,mtme_BERTScore-refA,0.12202399745759684,107.94333333333333,107.94333333333333,107.71666666666667,107.71666666666667,0.0020998672142790165,0.0,0.0,0.0020998672142790165,0.22666666666665947,0.0,cvl
22,ende,13,0.01,False,mean,,,107.88333333333334,133.0497429617728,124.1012,128.23176336807936,-0.15032782326587357,-0.23327430522267378,-0.03328383100307941,-0.18861514013359515,-16.217866666666666,-4.1305633680793505,cvl
22,ende,13,0.01,False,COMET-22,mtme_COMET-22-refA,0.29257334472264673,107.88333333333334,107.88333333333334,124.1012,127.506,-0.15032782326587357,0.0,-0.027435673466493338,-0.1818878418044183,-16.217866666666666,-3.4047999999999945,cvl
22,ende,13,0.01,False,strongest,mtme_metricx_xxl_MQM_2020-refA,0.4042214769557583,107.88333333333334,128.30545454545455,124.1012,127.97888888888889,-0.15032782326587357,-0.18929820372737094,-0.031246183670173178,-0.18627117771254942,-16.217866666666666,-3.8776888888888834,cvl
22,ende,13,0.01,False,best post hoc,mtme_REUSE-src,-0.06262741197211326,107.88333333333334,107.88333333333334,124.1012,125.08901234567901,-0.15032782326587357,0.0,-0.007959732425464106,-0.15948412494063646,-16.217866666666666,-0.9878123456790036,cvl
22,ende,13,0.02,False,mean,,,107.88333333333334,107.88333333333331,107.53,107.53000000000006,0.0032751429012822797,2.220446049250313e-16,-4.440892098500626e-16,0.0032751429012817246,0.35333333333333883,-5.684341886080802e-14,cvl
22,ende,13,0.02,False,COMET-22,mtme_COMET-22-refA,0.29257334472264673,107.88333333333334,107.88333333333334,107.53,107.53,0.0032751429012822797,0.0,0.0,0.0032751429012822797,0.35333333333333883,0.0,cvl
22,ende,13,0.02,False,strongest,mtme_metricx_xxl_MQM_2020-refA,0.4042214769557583,107.88333333333334,107.88333333333334,107.53,107.53,0.0032751429012822797,0.0,0.0,0.0032751429012822797,0.35333333333333883,0.0,cvl
22,ende,13,0.02,False,best post hoc,mtme_BERTScore-refA,0.14518438241225834,107.88333333333334,107.88333333333334,107.53,107.53,0.0032751429012822797,0.0,0.0,0.0032751429012822797,0.35333333333333883,0.0,cvl
22,ende,14,0.01,False,mean,,,107.90666666666667,111.92098511820114,107.68666666666667,116.8099507792546,0.0020387989620659352,-0.03720176496541283,-0.08472064736508322,-0.0825091200351038,0.21999999999999886,-9.123284112587939,cvl
22,ende,14,0.01,False,COMET-22,mtme_COMET-22-refA,0.2702286083884119,107.90666666666667,107.90666666666667,107.68666666666667,123.43893333333332,0.0020387989620659352,0.0,-0.14627870983718183,-0.14394167799332758,0.21999999999999886,-15.752266666666657,cvl
22,ende,14,0.01,False,strongest,mtme_metricx_xxl_MQM_2020-refA,0.405400904059807,107.90666666666667,123.54871794871795,107.68666666666667,122.77754385964911,0.0020387989620659352,-0.14495908144740466,-0.1401369144398792,-0.13781240448210608,0.21999999999999886,-15.090877192982447,cvl
22,ende,14,0.01,False,best post hoc,mtme_BLEU-refA,0.06814624838906531,107.90666666666667,107.90666666666667,107.68666666666667,107.68666666666667,0.0020387989620659352,0.0,0.0,0.0020387989620659352,0.21999999999999886,0.0,cvl
22,ende,14,0.02,False,mean,,,107.90666666666667,107.9066666666667,107.68666666666667,107.68666666666662,0.0020387989620659352,-2.220446049250313e-16,4.440892098500626e-16,0.0020387989620663793,0.21999999999999886,4.263256414560601e-14,cvl
22,ende,14,0.02,False,COMET-22,mtme_COMET-22-refA,0.2702286083884119,107.90666666666667,107.90666666666667,107.68666666666667,107.68666666666667,0.0020387989620659352,0.0,0.0,0.0020387989620659352,0.21999999999999886,0.0,cvl
22,ende,14,0.02,False,strongest,mtme_metricx_xxl_MQM_2020-refA,0.405400904059807,107.90666666666667,107.90666666666667,107.68666666666667,107.68666666666667,0.0020387989620659352,0.0,0.0,0.0020387989620659352,0.21999999999999886,0.0,cvl
22,ende,14,0.02,False,best post hoc,mtme_BERTScore-refA,0.09494973369152007,107.90666666666667,107.90666666666667,107.68666666666667,107.68666666666667,0.0020387989620659352,0.0,0.0,0.0020387989620659352,0.21999999999999886,0.0,cvl
22,ende,15,0.01,False,mean,,,109.58666666666667,109.58666666666664,109.12666666666667,109.12666666666664,0.00419759094780392,2.220446049250313e-16,2.220446049250313e-16,0.004197590947804253,0.46000000000000796,2.842170943040401e-14,cvl
22,ende,15,0.01,False,COMET-22,mtme_COMET-22-refA,0.2894279154096649,109.58666666666667,109.58666666666667,109.12666666666667,109.12666666666667,0.00419759094780392,0.0,0.0,0.00419759094780392,0.46000000000000796,0.0,cvl
22,ende,15,0.01,False,strongest,mtme_metricx_xxl_MQM_2020-refA,0.3828914006299352,109.58666666666667,109.58666666666667,109.12666666666667,109.12666666666667,0.00419759094780392,0.0,0.0,0.00419759094780392,0.46000000000000796,0.0,cvl
22,ende,15,0.01,False,best post hoc,mtme_BERTScore-refA,0.15988830800657838,109.58666666666667,109.58666666666667,109.12666666666667,109.12666666666667,0.00419759094780392,0.0,0.0,0.00419759094780392,0.46000000000000796,0.0,cvl
22,ende,15,0.02,False,mean,,,109.58666666666667,109.58666666666664,109.12666666666667,109.12666666666664,0.00419759094780392,2.220446049250313e-16,2.220446049250313e-16,0.004197590947804253,0.46000000000000796,2.842170943040401e-14,cvl
22,ende,15,0.02,False,COMET-22,mtme_COMET-22-refA,0.2894279154096649,109.58666666666667,109.58666666666667,109.12666666666667,109.12666666666667,0.00419759094780392,0.0,0.0,0.00419759094780392,0.46000000000000796,0.0,cvl
22,ende,15,0.02,False,strongest,mtme_metricx_xxl_MQM_2020-refA,0.3828914006299352,109.58666666666667,109.58666666666667,109.12666666666667,109.12666666666667,0.00419759094780392,0.0,0.0,0.00419759094780392,0.46000000000000796,0.0,cvl
22,ende,15,0.02,False,best post hoc,mtme_BERTScore-refA,0.15988830800657838,109.58666666666667,109.58666666666667,109.12666666666667,109.12666666666667,0.00419759094780392,0.0,0.0,0.00419759094780392,0.46000000000000796,0.0,cvl
22,ende,23,0.01,False,mean,,,109.39,109.38999999999997,109.21,116.09040088227184,0.0016454886187037276,2.220446049250313e-16,-0.06300156471268048,-0.06125240773628149,0.18000000000000682,-6.880400882271843,cvl
22,ende,23,0.01,False,COMET-22,mtme_COMET-22-refA,0.3015131710798724,109.39,109.39,109.21,109.21,0.0016454886187037276,0.0,0.0,0.0016454886187037276,0.18000000000000682,0.0,cvl
22,ende,23,0.01,False,strongest,mtme_metricx_xxl_MQM_2020-refA,0.31496179998913015,109.39,109.39,109.21,138.1571794871795,0.0016454886187037276,0.0,-0.2650597883635153,-0.26297814687978316,0.18000000000000682,-28.947179487179497,cvl
22,ende,23,0.01,False,best post hoc,mtme_BERTScore-refA,0.14773190097203498,109.39,109.39,109.21,109.21,0.0016454886187037276,0.0,0.0,0.0016454886187037276,0.18000000000000682,0.0,cvl
22,ende,23,0.02,False,mean,,,109.39,109.38999999999997,109.21,109.21000000000001,0.0016454886187037276,2.220446049250313e-16,-2.220446049250313e-16,0.0016454886187036166,0.18000000000000682,-1.4210854715202004e-14,cvl
22,ende,23,0.02,False,COMET-22,mtme_COMET-22-refA,0.3015131710798724,109.39,109.39,109.21,109.21,0.0016454886187037276,0.0,0.0,0.0016454886187037276,0.18000000000000682,0.0,cvl
22,ende,23,0.02,False,strongest,mtme_metricx_xxl_MQM_2020-refA,0.31496179998913015,109.39,109.39,109.21,109.21,0.0016454886187037276,0.0,0.0,0.0016454886187037276,0.18000000000000682,0.0,cvl
22,ende,23,0.02,False,best post hoc,mtme_BERTScore-refA,0.14773190097203498,109.39,109.39,109.21,109.21,0.0016454886187037276,0.0,0.0,0.0016454886187037276,0.18000000000000682,0.0,cvl
22,ende,24,0.01,False,mean,,,109.77,117.5716250669002,109.54333333333334,117.3024106513431,0.0020649236281922168,-0.07107247031885033,-0.07083112300772676,-0.06861993852002457,0.22666666666665947,-7.7590773180097585,cvl
22,ende,24,0.01,False,COMET-22,mtme_COMET-22-refA,0.35608727930857054,109.77,109.77,109.54333333333334,109.54333333333334,0.0020649236281922168,0.0,0.0,0.0020649236281922168,0.22666666666665947,0.0,cvl
22,ende,24,0.01,False,strongest,mtme_metricx_xxl_MQM_2020-refA,0.4014110371679611,109.77,118.96666666666667,109.54333333333334,109.54333333333334,0.0020649236281922168,-0.0837812395615074,0.0,0.0020649236281922168,0.22666666666665947,0.0,cvl
22,ende,24,0.01,False,best post hoc,mtme_BLEU-refA,0.0960595519568695,109.77,123.00916666666667,109.54333333333334,109.54333333333334,0.0020649236281922168,-0.12060824147459859,0.0,0.0020649236281922168,0.22666666666665947,0.0,cvl
22,ende,24,0.02,False,mean,,,109.77,109.77,109.54333333333334,109.54333333333338,0.0020649236281922168,0.0,-4.440892098500626e-16,0.0020649236281917727,0.22666666666665947,-4.263256414560601e-14,cvl
22,ende,24,0.02,False,COMET-22,mtme_COMET-22-refA,0.35608727930857054,109.77,109.77,109.54333333333334,109.54333333333334,0.0020649236281922168,0.0,0.0,0.0020649236281922168,0.22666666666665947,0.0,cvl
22,ende,24,0.02,False,strongest,mtme_metricx_xxl_MQM_2020-refA,0.4014110371679611,109.77,109.77,109.54333333333334,109.54333333333334,0.0020649236281922168,0.0,0.0,0.0020649236281922168,0.22666666666665947,0.0,cvl
22,ende,24,0.02,False,best post hoc,mtme_BERTScore-refA,0.1683829032544529,109.77,109.77,109.54333333333334,109.54333333333334,0.0020649236281922168,0.0,0.0,0.0020649236281922168,0.22666666666665947,0.0,cvl
22,ende,25,0.01,False,mean,,,112.73333333333333,112.73333333333328,112.62,112.61999999999998,0.0010053222945002327,5.551115123125783e-16,2.220446049250313e-16,0.0010053222945005658,0.11333333333332973,2.842170943040401e-14,cvl
22,ende,25,0.01,False,COMET-22,mtme_COMET-22-refA,0.34623467701686295,112.73333333333333,112.73333333333333,112.62,112.62,0.0010053222945002327,0.0,0.0,0.0010053222945002327,0.11333333333332973,0.0,cvl
22,ende,25,0.01,False,strongest,mtme_metricx_xxl_MQM_2020-refA,0.4075187024708731,112.73333333333333,112.73333333333333,112.62,112.62,0.0010053222945002327,0.0,0.0,0.0010053222945002327,0.11333333333332973,0.0,cvl
22,ende,25,0.01,False,best post hoc,mtme_BERTScore-refA,0.18495384027135192,112.73333333333333,112.73333333333333,112.62,112.62,0.0010053222945002327,0.0,0.0,0.0010053222945002327,0.11333333333332973,0.0,cvl
22,ende,25,0.02,False,mean,,,112.73333333333333,112.73333333333328,112.62,112.61999999999998,0.0010053222945002327,5.551115123125783e-16,2.220446049250313e-16,0.0010053222945005658,0.11333333333332973,2.842170943040401e-14,cvl
22,ende,25,0.02,False,COMET-22,mtme_COMET-22-refA,0.34623467701686295,112.73333333333333,112.73333333333333,112.62,112.62,0.0010053222945002327,0.0,0.0,0.0010053222945002327,0.11333333333332973,0.0,cvl
22,ende,25,0.02,False,strongest,mtme_metricx_xxl_MQM_2020-refA,0.4075187024708731,112.73333333333333,112.73333333333333,112.62,112.62,0.0010053222945002327,0.0,0.0,0.0010053222945002327,0.11333333333332973,0.0,cvl
22,ende,25,0.02,False,best post hoc,mtme_BERTScore-refA,0.18495384027135192,112.73333333333333,112.73333333333333,112.62,112.62,0.0010053222945002327,0.0,0.0,0.0010053222945002327,0.11333333333332973,0.0,cvl
22,ende,34,0.01,True,mean,,,230.93696969696973,226.97670226236252,188.88,187.95308665550655,0.1821144953627647,0.01714869403458341,0.004907419231752641,0.1861282024175932,42.05696969696973,0.9269133444934425,cvl
22,ende,34,0.01,True,COMET-22,mtme_COMET-22-refA,0.2866095640802549,230.93696969696973,223.24,188.88,144.3025,0.1821144953627647,0.0333293093222341,0.2360096357475645,0.37514335539541166,42.05696969696973,44.577499999999986,cvl
22,ende,34,0.01,True,strongest,mtme_metricx_xxl_MQM_2020-refA,0.3340050443075726,230.93696969696973,212.44980392156862,188.88,185.8276923076923,0.1821144953627647,0.08005286377343368,0.016160036490404983,0.19533155496267574,42.05696969696973,3.052307692307693,cvl
22,ende,34,0.01,True,best post hoc,mtme_COMET-22-refA,0.2866095640802549,230.93696969696973,223.24,188.88,144.3025,0.1821144953627647,0.0333293093222341,0.2360096357475645,0.37514335539541166,42.05696969696973,44.577499999999986,cvl
22,ende,34,0.02,False,mean,,,106.47333333333333,106.47333333333333,106.44,106.44000000000001,0.000313067434725367,0.0,-2.220446049250313e-16,0.000313067434725256,0.03333333333333144,-1.4210854715202004e-14,cvl
22,ende,34,0.02,False,COMET-22,mtme_COMET-22-refA,0.2866095640802549,106.47333333333333,106.47333333333333,106.44,106.44,0.000313067434725367,0.0,0.0,0.000313067434725367,0.03333333333333144,0.0,cvl
22,ende,34,0.02,False,strongest,mtme_metricx_xxl_MQM_2020-refA,0.3340050443075726,106.47333333333333,106.47333333333333,106.44,106.44,0.000313067434725367,0.0,0.0,0.000313067434725367,0.03333333333333144,0.0,cvl
22,ende,34,0.02,False,best post hoc,mtme_BERTScore-refA,0.12939696889195512,106.47333333333333,106.47333333333333,106.44,106.44,0.000313067434725367,0.0,0.0,0.000313067434725367,0.03333333333333144,0.0,cvl
22,ende,35,0.01,True,mean,,,171.27499999999998,179.0863594244503,149.47333333333333,157.98850918900186,0.1272904198900403,-0.045607119687346875,-0.056967859522335296,0.07757402312653994,21.801666666666648,-8.51517585566853,cvl
22,ende,35,0.01,True,COMET-22,mtme_COMET-22-refA,0.2915016689666125,171.27499999999998,191.00701754385966,149.47333333333333,151.51809523809524,0.1272904198900403,-0.11520664162230143,-0.013679777249644864,0.11535194723050501,21.801666666666648,-2.0447619047619128,cvl
22,ende,35,0.01,True,strongest,mtme_metricx_xxl_MQM_2020-refA,0.39915970811489787,171.27499999999998,168.85555555555553,149.47333333333333,151.0637037037037,0.1272904198900403,0.014126080539742847,-0.010639826749723857,0.11800494115484617,21.801666666666648,-1.5903703703703798,cvl
22,ende,35,0.01,True,best post hoc,mtme_metricx_xl_MQM_2020-refA,0.3604996141313145,171.27499999999998,161.94285714285715,149.47333333333333,147.09264367816093,0.1272904198900403,0.05448631065329346,0.015927186489267275,0.14119022812342175,21.801666666666648,2.3806896551724037,cvl
22,ende,35,0.02,False,mean,,,109.73333333333333,109.73333333333328,109.35333333333334,109.35333333333337,0.00346294046172535,5.551115123125783e-16,-2.220446049250313e-16,0.003462940461725128,0.37999999999999545,-2.842170943040401e-14,cvl
22,ende,35,0.02,False,COMET-22,mtme_COMET-22-refA,0.2915016689666125,109.73333333333333,109.73333333333333,109.35333333333334,109.35333333333334,0.00346294046172535,0.0,0.0,0.00346294046172535,0.37999999999999545,0.0,cvl
22,ende,35,0.02,False,strongest,mtme_metricx_xxl_MQM_2020-refA,0.39915970811489787,109.73333333333333,109.73333333333333,109.35333333333334,109.35333333333334,0.00346294046172535,0.0,0.0,0.00346294046172535,0.37999999999999545,0.0,cvl
22,ende,35,0.02,False,best post hoc,mtme_BERTScore-refA,0.15029091780053136,109.73333333333333,109.73333333333333,109.35333333333334,109.35333333333334,0.00346294046172535,0.0,0.0,0.00346294046172535,0.37999999999999545,0.0,cvl
22,ende,45,0.01,True,mean,,,203.62666666666667,198.96639079861387,148.19333333333333,155.5424916590019,0.27223022524882134,0.0228863731079072,-0.049591693231827216,0.23613888983596498,55.43333333333334,-7.349158325668583,cvl
22,ende,45,0.01,True,COMET-22,mtme_COMET-22-refA,0.33474298434585104,203.62666666666667,196.0535632183908,148.19333333333333,147.2575438596491,0.27223022524882134,0.03719111829627364,0.006314652978210211,0.27682583882440526,55.43333333333334,0.935789473684224,cvl
22,ende,45,0.01,True,strongest,mtme_metricx_xxl_MQM_2020-refA,0.4319567862776694,203.62666666666667,190.98666666666668,148.19333333333333,145.35884057971015,0.27223022524882134,0.062074384494499646,0.019126992354288386,0.2861502721661694,55.43333333333334,2.8344927536231808,cvl
22,ende,45,0.01,True,best post hoc,mtme_metricx_xxl_MQM_2020-refA,0.4319567862776694,203.62666666666667,190.98666666666668,148.19333333333333,145.35884057971015,0.27223022524882134,0.062074384494499646,0.019126992354288386,0.2861502721661694,55.43333333333334,2.8344927536231808,cvl
22,ende,45,0.02,False,mean,,,109.54666666666667,109.54666666666665,109.12666666666667,109.12666666666664,0.0038339824732229744,1.1102230246251565e-16,2.220446049250313e-16,0.0038339824732233074,0.4200000000000017,2.842170943040401e-14,cvl
22,ende,45,0.02,False,COMET-22,mtme_COMET-22-refA,0.33474298434585104,109.54666666666667,109.54666666666667,109.12666666666667,109.12666666666667,0.0038339824732229744,0.0,0.0,0.0038339824732229744,0.4200000000000017,0.0,cvl
22,ende,45,0.02,False,strongest,mtme_metricx_xxl_MQM_2020-refA,0.4319567862776694,109.54666666666667,109.54666666666667,109.12666666666667,109.12666666666667,0.0038339824732229744,0.0,0.0,0.0038339824732229744,0.4200000000000017,0.0,cvl
22,ende,45,0.02,False,best post hoc,mtme_BERTScore-refA,0.18286314691796407,109.54666666666667,109.54666666666667,109.12666666666667,109.12666666666667,0.0038339824732229744,0.0,0.0,0.0038339824732229744,0.4200000000000017,0.0,cvl
22,zhen,01,0.01,True,mean,,,527.6545098039217,534.1642148843118,528.9058333333332,522.3677924946599,-0.0023714826769443142,-0.012337059495254099,0.012361445888143363,0.01001927816598469,-1.251323529411593,6.538040838673396,cvl
22,zhen,01,0.01,True,COMET-22,mtme_COMET-22-refA,0.3017979646035629,527.6545098039217,517.1059649122808,528.9058333333332,499.53666666666663,-0.0023714826769443142,0.019991385832295316,0.0555281579739304,0.05328835936170373,-1.251323529411593,29.369166666666615,cvl
22,zhen,01,0.01,True,strongest,mtme_metricx_xxl_MQM_2020-refA,0.34401609182290593,527.6545098039217,513.3386274509804,528.9058333333332,512.4461904761904,-0.0023714826769443142,0.027131166486686675,0.031120176446928105,0.02882249472933096,-1.251323529411593,16.459642857142853,cvl
22,zhen,01,0.01,True,best post hoc,mtme_COMET-22-refA,0.3017979646035629,527.6545098039217,517.1059649122808,528.9058333333332,499.53666666666663,-0.0023714826769443142,0.019991385832295316,0.0555281579739304,0.05328835936170373,-1.251323529411593,29.369166666666615,cvl
22,zhen,01,0.02,True,mean,,,253.22891156462583,258.44987375708183,251.73857142857142,252.36250348662045,0.005885347478082337,-0.020617559662509333,-0.002478492090061346,0.0034214421751928015,1.4903401360544137,-0.6239320580490357,cvl
22,zhen,01,0.02,True,COMET-22,mtme_COMET-22-refA,0.3017979646035629,253.22891156462583,263.0975362318841,251.73857142857142,257.81,0.005885347478082337,-0.038971160940048044,-0.024117990886237006,-0.018090700651315794,1.4903401360544137,-6.071428571428584,cvl
22,zhen,01,0.02,True,strongest,mtme_metricx_xxl_MQM_2020-refA,0.34401609182290593,253.22891156462583,253.26658119658117,251.73857142857142,252.55186046511628,0.005885347478082337,-0.00014875723203400248,-0.0032306890117377307,0.0026736721937722363,1.4903401360544137,-0.8132890365448588,cvl
22,zhen,01,0.02,True,best post hoc,mtme_UniTE-src-src,0.2386148865598503,253.22891156462583,257.08125925925924,251.73857142857142,247.53272727272727,0.005885347478082337,-0.015212906262681125,0.016707190050284093,0.0224942099095381,1.4903401360544137,4.205844155844147,cvl
22,zhen,02,0.01,True,mean,,,465.91362962962967,460.779251741875,462.5585185185185,457.77192888053565,0.007201143941159782,0.011020020796206786,0.010348073695223059,0.01747469966818982,3.355111111111171,4.786589637982843,cvl
22,zhen,02,0.01,True,COMET-22,mtme_COMET-22-refA,0.25104791659598275,465.91362962962967,455.3745299145299,462.5585185185185,455.9939393939394,0.007201143941159782,0.022620286346801355,0.014191888943271724,0.02129083504935403,3.355111111111171,6.564579124579097,cvl
22,zhen,02,0.01,True,strongest,mtme_metricx_xxl_MQM_2020-refA,0.28303767465190893,465.91362962962967,448.8924031007752,462.5585185185185,449.6638095238095,0.007201143941159782,0.03653300836548867,0.02787692470999803,0.03487732290368428,3.355111111111171,12.894708994708992,cvl
22,zhen,02,0.01,True,best post hoc,mtme_UniTE-refA,0.2542558799093811,465.91362962962967,464.88349206349204,462.5585185185185,426.4533333333333,0.007201143941159782,0.002211005432394275,0.0780553891879946,0.08469444503622836,3.355111111111171,36.10518518518518,cvl
22,zhen,02,0.02,True,mean,,,220.68705882352944,231.63544175803,206.4383333333333,209.58760945762398,0.06456529696918023,-0.04961044382423596,-0.015255287491618974,0.050294971644807895,14.248725490196136,-3.1492761242906795,cvl
22,zhen,02,0.02,True,COMET-22,mtme_COMET-22-refA,0.25104791659598275,220.68705882352944,237.0413333333333,206.4383333333333,204.3097222222222,0.06456529696918023,-0.07410617820993948,0.010311123310969839,0.07421067954149152,14.248725490196136,2.1286111111110984,cvl
22,zhen,02,0.02,True,strongest,mtme_metricx_xxl_MQM_2020-refA,0.28303767465190893,220.68705882352944,221.65505376344086,206.4383333333333,209.27648148148148,0.06456529696918023,-0.004386278674752164,-0.013748164414626673,0.05170478687276503,14.248725490196136,-2.8381481481481785,cvl
22,zhen,02,0.02,True,best post hoc,mtme_BLEU-refA,0.0777939564137552,220.68705882352944,231.94,206.4383333333333,202.1811111111111,0.06456529696918023,-0.05099048959399499,0.020622246621939677,0.08385606211380281,14.248725490196136,4.257222222222197,cvl
22,zhen,03,0.01,True,mean,,,316.9633333333333,325.05721930877337,309.38931623931626,310.94884946407115,0.023895562349011135,-0.02553571698758028,-0.005040682217832604,0.01897533006739638,7.5740170940170515,-1.5595332247548868,cvl
22,zhen,03,0.01,True,COMET-22,mtme_COMET-22-refA,0.23910633419395505,316.9633333333333,310.2668992248062,309.38931623931626,303.7015151515152,0.023895562349011135,0.021126841512247863,0.01838396088442007,0.04184022814989574,7.5740170940170515,5.687801087801063,cvl
22,zhen,03,0.01,True,strongest,mtme_metricx_xxl_MQM_2020-refA,0.26458295010298327,316.9633333333333,300.60272727272724,309.38931623931626,292.8277777777778,0.023895562349011135,0.051616715058332985,0.0535297684575764,0.07614620688688134,7.5740170940170515,16.561538461538476,cvl
22,zhen,03,0.01,True,best post hoc,mtme_metricx_xxl_MQM_2020-refA,0.26458295010298327,316.9633333333333,300.60272727272724,309.38931623931626,292.8277777777778,0.023895562349011135,0.051616715058332985,0.0535297684575764,0.07614620688688134,7.5740170940170515,16.561538461538476,cvl
22,zhen,03,0.02,True,mean,,,205.96647058823527,213.76236743375625,195.74382716049382,200.4342140929135,0.049632561059796854,-0.03785032011888201,-0.023961863832231867,0.026859985897324856,10.222643427741446,-4.6903869324196705,cvl
22,zhen,03,0.02,True,COMET-22,mtme_COMET-22-refA,0.23910633419395505,205.96647058823527,210.96777777777777,195.74382716049382,192.46030303030304,0.049632561059796854,-0.024282142502412674,0.016774598605853175,0.0655745933760915,10.222643427741446,3.2835241301907843,cvl
22,zhen,03,0.02,True,strongest,mtme_metricx_xxl_MQM_2020-refA,0.26458295010298327,205.96647058823527,214.36866666666666,195.74382716049382,201.1547619047619,0.049632561059796854,-0.04079399940405315,-0.027642939359878493,0.02336161157556982,10.222643427741446,-5.410934744268076,cvl
22,zhen,03,0.02,True,best post hoc,mtme_COMET-22-refA,0.23910633419395505,205.96647058823527,210.96777777777777,195.74382716049382,192.46030303030304,0.049632561059796854,-0.024282142502412674,0.016774598605853175,0.0655745933760915,10.222643427741446,3.2835241301907843,cvl
22,zhen,04,0.01,True,mean,,,276.501,276.8895059244135,271.32235294117646,269.029221688915,0.01872921638194258,-0.0014050796359272866,0.008451685706701073,0.027022608638250678,5.178647058823515,2.293131252261446,cvl
22,zhen,04,0.01,True,COMET-22,mtme_COMET-22-refA,0.27610908789448907,276.501,269.90222222222224,271.32235294117646,260.3666666666667,0.01872921638194258,0.023865294439360918,0.04037885620461579,0.05835180825144681,5.178647058823515,10.955686274509787,cvl
22,zhen,04,0.01,True,strongest,mtme_metricx_xxl_MQM_2020-refA,0.2970815794742062,276.501,262.70355555555557,271.32235294117646,246.04,0.01872921638194258,0.04990016110048212,0.09318197585680588,0.11016596685002944,5.178647058823515,25.28235294117647,cvl
22,zhen,04,0.01,True,best post hoc,mtme_metricx_xxl_MQM_2020-refA,0.2970815794742062,276.501,262.70355555555557,271.32235294117646,246.04,0.01872921638194258,0.04990016110048212,0.09318197585680588,0.11016596685002944,5.178647058823515,25.28235294117647,cvl
22,zhen,04,0.02,True,mean,,,197.9850505050505,182.58456784336258,162.965,168.11637527416852,0.17688229700028368,0.07778608850719804,-0.03161031678071069,0.15086328566065166,35.020050505050506,-5.151375274168515,cvl
22,zhen,04,0.02,True,COMET-22,mtme_COMET-22-refA,0.27610908789448907,197.9850505050505,194.89333333333335,162.965,179.59,0.17688229700028368,0.015615912230899975,-0.10201577025741715,0.09291131051625157,35.020050505050506,-16.625,cvl
22,zhen,04,0.02,True,strongest,mtme_metricx_xxl_MQM_2020-refA,0.2970815794742062,197.9850505050505,164.46666666666667,162.965,161.55666666666664,0.17688229700028368,0.16929754924869345,0.008641937430327706,0.18399562868740227,35.020050505050506,1.4083333333333599,cvl
22,zhen,04,0.02,True,best post hoc,mtme_COMET-QE-src,0.18024075676239443,197.9850505050505,164.46666666666667,162.965,158.4950724637681,0.17688229700028368,0.16929754924869345,0.027428757931039716,0.19945939322461637,35.020050505050506,4.469927536231893,cvl
22,zhen,05,0.01,True,mean,,,196.00666666666666,197.1034638391217,189.96266666666662,193.1107695435249,0.030835685861025364,-0.005595713610702324,-0.01657221880540538,0.01477448278872362,6.04400000000004,-3.1481028768582746,cvl
22,zhen,05,0.01,True,COMET-22,mtme_COMET-22-refA,0.320853520220176,196.00666666666666,197.4237037037037,189.96266666666662,185.89777777777775,0.030835685861025364,-0.007229534898661738,0.021398356636157634,0.05157420949400826,6.04400000000004,4.0648888888888735,cvl
22,zhen,05,0.01,True,strongest,mtme_metricx_xxl_MQM_2020-refA,0.33590945074833345,196.00666666666666,196.00666666666666,189.96266666666662,190.34375,0.030835685861025364,0.0,-0.002006095934639962,0.028891449270432967,6.04400000000004,-0.38108333333337896,cvl
22,zhen,05,0.01,True,best post hoc,mtme_MS-COMET-QE-22-src,0.22884885891004147,196.00666666666666,177.4125925925926,189.96266666666662,175.27363636363634,0.030835685861025364,0.09486449818411313,0.07732587966247906,0.10577716898930467,6.04400000000004,14.689030303030279,cvl
22,zhen,05,0.02,False,mean,,,125.53763888888888,141.8259765740509,125.65451851851853,142.21139698848202,-0.0009310325625375704,-0.12974863817200322,-0.13176508624736316,-0.13281879639580274,-0.1168796296296506,-16.556878469963493,cvl
22,zhen,05,0.02,False,COMET-22,mtme_COMET-22-refA,0.320853520220176,125.53763888888888,125.22476190476189,125.65451851851853,125.65980392156862,-0.0009310325625375704,0.0024922962300087947,-4.2062976424617204e-05,-0.000973134700962941,-0.1168796296296506,-0.005285403050095283,cvl
22,zhen,05,0.02,False,strongest,mtme_metricx_xxl_MQM_2020-refA,0.33590945074833345,125.53763888888888,125.26459770114943,125.65451851851853,126.0944827586207,-0.0009310325625375704,0.0021749746940924464,-0.0035013801754955054,-0.0044356726369902955,-0.1168796296296506,-0.43996424010217083,cvl
22,zhen,05,0.02,False,best post hoc,mtme_BLEURT-20-refA,0.2343046108995921,125.53763888888888,125.57133333333333,125.65451851851853,125.18991869918699,-0.0009310325625375704,-0.0002684011324625146,0.0036974382203618372,0.0027698480932053515,-0.1168796296296506,0.46459981933153927,cvl
22,zhen,12,0.01,True,mean,,,687.7427777777777,664.166340965256,548.9707070707071,558.6944400817589,0.20177903017094334,0.03428089334314999,-0.0177126627811115,0.1876404113075495,138.7720707070706,-9.723733011051763,cvl
22,zhen,12,0.01,True,COMET-22,mtme_COMET-22-refA,0.2501361054240844,687.7427777777777,608.847536231884,548.9707070707071,558.4277192982456,0.20177903017094334,0.114716205091704,-0.01722680665057852,0.18802823185926087,138.7720707070706,-9.457012227538485,cvl
22,zhen,12,0.01,True,strongest,mtme_metricx_xxl_MQM_2020-refA,0.2739697579139585,687.7427777777777,656.407619047619,548.9707070707071,581.5844444444446,0.20177903017094334,0.045562323215386336,-0.05940888457922178,0.1543576127056544,138.7720707070706,-32.61373737373742,cvl
22,zhen,12,0.01,True,best post hoc,mtme_UniTE-src-src,0.2469495187336306,687.7427777777777,570.4998198198198,548.9707070707071,529.5936170212766,0.20177903017094334,0.17047501151054079,0.03529712933651086,0.2299539389821147,138.7720707070706,19.377090049430535,cvl
22,zhen,12,0.02,True,mean,,,298.22333333333336,288.98175677442543,256.15666666666664,254.93967188347725,0.14105759665575035,0.030988777623843222,0.004750978372048631,0.14513841343687428,42.06666666666672,1.2169947831893921,cvl
22,zhen,12,0.02,True,COMET-22,mtme_COMET-22-refA,0.2501361054240844,298.22333333333336,292.2244444444445,256.15666666666664,260.50454545454545,0.14105759665575035,0.020115424309149255,-0.01697351407815062,0.12647832568026618,42.06666666666672,-4.3478787878788125,cvl
22,zhen,12,0.02,True,strongest,mtme_metricx_xxl_MQM_2020-refA,0.2739697579139585,298.22333333333336,290.0430303030304,256.15666666666664,241.76253968253968,0.14105759665575035,0.02743012405793077,0.056192669788516,0.18932386349422803,42.06666666666672,14.394126984126956,cvl
22,zhen,12,0.02,True,best post hoc,mtme_MATESE-QE-src,0.21995566856747759,298.22333333333336,268.2288888888889,256.15666666666664,236.2020833333333,0.14105759665575035,0.10057712154574694,0.07789991801892082,0.2079691394592421,42.06666666666672,19.954583333333346,cvl
22,zhen,13,0.01,True,mean,,,647.4015315315316,629.3480472270243,594.4825203252033,584.9853371085949,0.08174063333019932,0.027886069811727143,0.01597554661727163,0.09641032864917898,52.91901120632838,9.497183216608391,cvl
22,zhen,13,0.01,True,COMET-22,mtme_COMET-22-refA,0.30328870289109455,647.4015315315316,615.784074074074,594.4825203252033,573.9239393939395,0.08174063333019932,0.04883747707958219,0.034582313572512624,0.1134961666892712,52.91901120632838,20.558580931263805,cvl
22,zhen,13,0.01,True,strongest,mtme_metricx_xxl_MQM_2020-refA,0.2987800113681903,647.4015315315316,633.7151162790698,594.4825203252033,598.6422222222222,0.08174063333019932,0.021140535797134263,-0.006997181169840827,0.07531540618070742,52.91901120632838,-4.1597018970189765,cvl
22,zhen,13,0.01,True,best post hoc,mtme_UniTE-ref-refA,0.2796328135518328,647.4015315315316,606.9216049382716,594.4825203252033,556.3006666666668,0.08174063333019932,0.06252676989734385,0.06422704176003302,0.14071771601984207,52.91901120632838,38.18185365853651,cvl
22,zhen,13,0.02,True,mean,,,243.9324761904762,239.3187994036843,232.50548387096774,232.46031321812885,0.0468448994490821,0.018913745553049255,0.0001942777954603292,0.04703007632074885,11.426992319508457,0.0451706528388911,cvl
22,zhen,13,0.02,True,COMET-22,mtme_COMET-22-refA,0.30328870289109455,243.9324761904762,232.22526881720432,232.50548387096774,226.2483908045977,0.0468448994490821,0.04799363969941517,0.026911593491027008,0.0724958220490074,11.426992319508457,6.257093066370032,cvl
22,zhen,13,0.02,True,strongest,mtme_metricx_xxl_MQM_2020-refA,0.2987800113681903,243.9324761904762,229.6001587301587,232.50548387096774,226.6208527131783,0.0468448994490821,0.05875526573643275,0.025309644571889778,0.07096891626590962,11.426992319508457,5.884631157789443,cvl
22,zhen,13,0.02,True,best post hoc,mtme_UniTE-ref-refA,0.2796328135518328,243.9324761904762,230.08599999999998,232.50548387096774,217.3506896551724,0.0468448994490821,0.056763561813163776,0.06518037322597392,0.10897190464523154,11.426992319508457,15.154794215795334,cvl
22,zhen,14,0.01,True,mean,,,537.1475438596491,543.918786091946,512.3774509803922,512.0847913814456,0.04611413225735439,-0.012605926080649033,0.0005711797004075425,0.04665897250151463,24.770092879256936,0.2926595989465568,cvl
22,zhen,14,0.01,True,COMET-22,mtme_COMET-22-refA,0.2429737444228537,537.1475438596491,536.0456989247311,512.3774509803922,509.80945945945945,0.04611413225735439,0.002051289161634662,0.0050119136117701135,0.05089492582196897,24.770092879256936,2.5679915209327078,cvl
22,zhen,14,0.01,True,strongest,mtme_metricx_xxl_MQM_2020-refA,0.26400102238832845,537.1475438596491,526.3478431372549,512.3774509803922,521.4155284552846,0.04611413225735439,0.020105650385727203,-0.01763949107752283,0.02928807100433295,24.770092879256936,-9.038077474892475,cvl
22,zhen,14,0.01,True,best post hoc,mtme_metricx_xxl_DA_2019-refA,0.23274921451020847,537.1475438596491,549.4441333333333,512.3774509803922,492.3471171171171,0.04611413225735439,-0.022892387043842,0.03909292617180693,0.08340432206134762,24.770092879256936,20.030333863275075,cvl
22,zhen,14,0.02,True,mean,,,262.5733333333333,260.00473883642854,241.7988888888889,242.10364628924998,0.07911863775622463,0.00978238903508144,-0.0012603755201749944,0.07795798143026711,20.774444444444413,-0.30475740036106913,cvl
22,zhen,14,0.02,True,COMET-22,mtme_COMET-22-refA,0.2429737444228537,262.5733333333333,259.84656565656564,241.7988888888889,240.19869565217388,0.07911863775622463,0.010384785241333239,0.006617868444591335,0.08521290946463,20.774444444444413,1.6001932367150289,cvl
22,zhen,14,0.02,True,strongest,mtme_metricx_xxl_MQM_2020-refA,0.26400102238832845,262.5733333333333,241.89175438596493,241.7988888888889,242.20333333333335,0.07911863775622463,0.07876496323834004,-0.0016726480684130518,0.07757832732442993,20.774444444444413,-0.4044444444444366,cvl
22,zhen,14,0.02,True,best post hoc,mtme_MATESE-QE-src,0.1916755367145908,262.5733333333333,241.38833333333335,241.7988888888889,231.89000000000001,0.07911863775622463,0.08068222210937892,0.0409798776761221,0.11685624333519518,20.774444444444413,9.908888888888896,cvl
22,zhen,15,0.01,True,mean,,,321.1912903225807,306.66163370987164,294.39480000000003,290.1665552636312,0.08342844631829294,0.04523677026894646,0.014362498034506066,0.0965927034565307,26.796490322580667,4.228244736368822,cvl
22,zhen,15,0.01,True,COMET-22,mtme_COMET-22-refA,0.30504899739598446,321.1912903225807,276.9685507246377,294.39480000000003,277.781724137931,0.08342844631829294,0.13768349556903914,0.05643128160575195,0.13515175377592692,26.796490322580667,16.613075862069024,cvl
22,zhen,15,0.01,True,strongest,mtme_metricx_xxl_MQM_2020-refA,0.3149314410683197,321.1912903225807,291.94714285714286,294.39480000000003,282.6463440860215,0.08342844631829294,0.0910490052082894,0.03990714480683266,0.12000620003689244,26.796490322580667,11.748455913978546,cvl
22,zhen,15,0.01,True,best post hoc,mtme_metricx_xl_MQM_2020-refA,0.35227475084514887,321.1912903225807,280.5022580645161,294.39480000000003,273.05549019607844,0.08342844631829294,0.1266816177275527,0.0724853489393209,0.14986645521476694,26.796490322580667,21.339309803921594,cvl
22,zhen,15,0.02,True,mean,,,187.35426666666666,187.9740045882406,183.2261403508772,182.05300284179302,0.022033799332331627,-0.0033078399152581817,0.006402675441602446,0.0282953995080637,4.128126315789473,1.173137509084171,cvl
22,zhen,15,0.02,True,COMET-22,mtme_COMET-22-refA,0.30504899739598446,187.35426666666666,187.05,183.2261403508772,177.16511111111112,0.022033799332331627,0.0016240178143793749,0.033079500709665255,0.05438443296134632,4.128126315789473,6.061029239766071,cvl
22,zhen,15,0.02,True,strongest,mtme_metricx_xxl_MQM_2020-refA,0.3149314410683197,187.35426666666666,184.97545454545454,183.2261403508772,177.67466666666667,0.022033799332331627,0.01269686654878488,0.030298480738498723,0.05166468942616376,4.128126315789473,5.551473684210521,cvl
22,zhen,15,0.02,True,best post hoc,mtme_MEE2-refA,0.14655388399413433,187.35426666666666,190.68797101449275,183.2261403508772,176.146,0.022033799332331627,-0.01779358648798368,0.03864154065199854,0.059823920031711775,4.128126315789473,7.080140350877201,cvl
22,zhen,23,0.01,True,mean,,,606.453125,625.810046085976,548.906875,566.8953575743909,0.09488985649138171,-0.03191824773922303,-0.0327714652406037,0.06522807088447125,57.546249999999986,-17.9884825743909,cvl
22,zhen,23,0.01,True,COMET-22,mtme_COMET-22-refA,0.18776413293931205,606.453125,645.1144680851063,548.906875,570.8705555555557,0.09488985649138171,-0.06374992805108604,-0.04001349146074307,0.058673239493067686,57.546249999999986,-21.963680555555698,cvl
22,zhen,23,0.01,True,strongest,mtme_metricx_xxl_MQM_2020-refA,0.2008575277841632,606.453125,617.2542592592592,548.906875,548.3437037037037,0.09488985649138171,-0.017810336551995265,0.0010259869605319105,0.09581848769646673,57.546249999999986,0.563171296296332,cvl
22,zhen,23,0.01,True,best post hoc,mtme_COMET-QE-src,0.1342461088017333,606.453125,605.7733333333333,548.906875,539.6436781609196,0.09488985649138171,0.0011209302725032622,0.016875716557713694,0.11016423872674475,57.546249999999986,9.263196839080365,cvl
22,zhen,23,0.02,True,mean,,,280.44117647058823,286.0234403242916,249.37333333333333,249.38430884126933,0.11078203111344165,-0.019905293238166033,-4.401235604989395e-05,0.11074289453558916,31.067843137254897,-0.010975507935995665,cvl
22,zhen,23,0.02,True,COMET-22,mtme_COMET-22-refA,0.18776413293931205,280.44117647058823,274.8735802469136,249.37333333333333,253.2206060606061,0.11078203111344165,0.01985299125379525,-0.015427763168767372,0.09706338688404748,31.067843137254897,-3.8472727272727525,cvl
22,zhen,23,0.02,True,strongest,mtme_metricx_xxl_MQM_2020-refA,0.2008575277841632,280.44117647058823,277.3677419354839,249.37333333333333,244.05225225225226,0.11078203111344165,0.010959284131468072,0.021337811104158777,0.1297559961639667,31.067843137254897,5.321081081081076,cvl
22,zhen,23,0.02,True,best post hoc,mtme_MATESE-QE-src,0.13150890963854514,280.44117647058823,281.3485714285714,249.37333333333333,235.40833333333333,0.11078203111344165,-0.003235598172147691,0.05600037427150728,0.1605785701800384,31.067843137254897,13.965000000000003,cvl
22,zhen,24,0.01,True,mean,,,622.8565432098765,608.4124468347845,558.9070588235294,546.819305975948,0.10267128937393022,0.023190085313472997,0.021627482882440985,0.12207825070291833,63.94948438634708,12.087752847581328,cvl
22,zhen,24,0.01,True,COMET-22,mtme_COMET-22-refA,0.23033299181031516,622.8565432098765,562.4456410256408,558.9070588235294,506.1933333333333,0.10267128937393022,0.09699007394689874,0.09431572684223333,0.1873034989330321,63.94948438634708,52.713725490196055,cvl
22,zhen,24,0.01,True,strongest,mtme_metricx_xxl_MQM_2020-refA,0.23704477569599341,622.8565432098765,577.8627450980392,558.9070588235294,488.08962962962966,0.10267128937393022,0.07223781880810431,0.12670698656582857,0.21636910625635997,63.94948438634708,70.81742919389973,cvl
22,zhen,24,0.01,True,best post hoc,mtme_metricx_xxl_MQM_2020-refA,0.23704477569599341,622.8565432098765,577.8627450980392,558.9070588235294,488.08962962962966,0.10267128937393022,0.07223781880810431,0.12670698656582857,0.21636910625635997,63.94948438634708,70.81742919389973,cvl
22,zhen,24,0.02,True,mean,,,271.8804761904762,267.07463885496367,257.02456140350876,251.349843839456,0.05464134459055303,0.01767628703190005,0.022078503054592802,0.07551344855169617,14.855914786967446,5.674717564052742,cvl
22,zhen,24,0.02,True,COMET-22,mtme_COMET-22-refA,0.23033299181031516,271.8804761904762,264.16761904761904,257.02456140350876,256.6864957264957,0.05464134459055303,0.028368558312563907,0.0013153049466051447,0.055884779506328974,14.855914786967446,0.33806567701304857,cvl
22,zhen,24,0.02,True,strongest,mtme_metricx_xxl_MQM_2020-refA,0.23704477569599341,271.8804761904762,273.59444444444443,257.02456140350876,257.26,0.05464134459055303,-0.006304124069458572,-0.0009160159449572713,0.05377538098849466,14.855914786967446,-0.23543859649123533,cvl
22,zhen,24,0.02,True,best post hoc,mtme_metricx_xxl_DA_2019-refA,0.20630152045909184,271.8804761904762,267.59555555555556,257.02456140350876,239.35942028985505,0.05464134459055303,0.01576031017364654,0.06872938919608074,0.11961526754807239,14.855914786967446,17.665141113653704,cvl
22,zhen,25,0.01,True,mean,,,360.8296899224806,353.66096602488676,341.9046666666667,338.973330188121,0.05244863098676755,0.01986733380818506,0.008573549191721153,0.06057250926068514,18.925023255813926,2.9313364785456884,cvl
22,zhen,25,0.01,True,COMET-22,mtme_COMET-22-refA,0.23065107658345588,360.8296899224806,344.16297297297297,341.9046666666667,320.0892592592593,0.05244863098676755,0.04618998218546888,0.06380552690342745,0.11290764535472086,18.925023255813926,21.815407407407406,cvl
22,zhen,25,0.01,True,strongest,mtme_metricx_xxl_MQM_2020-refA,0.1921449823878058,360.8296899224806,354.03444444444443,341.9046666666667,330.1849206349206,0.05244863098676755,0.01883227923815267,0.03427781827608689,0.08492862462106043,18.925023255813926,11.71974603174607,cvl
22,zhen,25,0.01,True,best post hoc,mtme_COMET-22-refA,0.23065107658345588,360.8296899224806,344.16297297297297,341.9046666666667,320.0892592592593,0.05244863098676755,0.04618998218546888,0.06380552690342745,0.11290764535472086,18.925023255813926,21.815407407407406,cvl
22,zhen,25,0.02,True,mean,,,208.53866666666667,205.95743909312495,198.7115238095238,198.19698354783398,0.04712384045713114,0.012377692898879133,0.002589383100816245,0.0495912018818222,9.82714285714286,0.5145402616898309,cvl
22,zhen,25,0.02,True,COMET-22,mtme_COMET-22-refA,0.23065107658345588,208.53866666666667,202.162,198.7115238095238,197.98238095238096,0.04712384045713114,0.030577862458760596,0.0036693536598398913,0.050620280080523994,9.82714285714286,0.7291428571428469,cvl
22,zhen,25,0.02,True,strongest,mtme_metricx_xxl_MQM_2020-refA,0.1921449823878058,208.53866666666667,201.79761904761904,198.7115238095238,198.26282051282053,0.04712384045713114,0.03232516888497561,0.002258063790670728,0.04927549560998834,9.82714285714286,0.448703296703286,cvl
22,zhen,25,0.02,True,best post hoc,mtme_SEScore-refA,0.12944247331343747,208.53866666666667,203.01222222222222,198.7115238095238,191.57787878787877,0.04712384045713114,0.026500814130925976,0.035899503385032894,0.08133162137215755,9.82714285714286,7.133645021645037,cvl
22,zhen,34,0.01,True,mean,,,697.5415238095238,703.3647467606065,654.0488333333333,652.4728940786224,0.06235139986887295,-0.008348209751413815,0.002409513134790209,0.06461067648670649,43.492690476190546,1.5759392547108746,cvl
22,zhen,34,0.01,True,COMET-22,mtme_COMET-22-refA,0.21211496615759046,697.5415238095238,667.9155555555556,654.0488333333333,653.0470833333333,0.06235139986887295,0.04247197800092284,0.0015316134651516267,0.06378751509041425,43.492690476190546,1.0017500000000155,cvl
22,zhen,34,0.01,True,strongest,mtme_metricx_xxl_MQM_2020-refA,0.20829374910935655,697.5415238095238,707.7966666666666,654.0488333333333,642.8864761904762,0.06235139986887295,-0.014701838538780931,0.017066550040260142,0.07835382662319068,43.492690476190546,11.162357142857104,cvl
22,zhen,34,0.01,True,best post hoc,mtme_MS-COMET-QE-22-src,0.07668289756647886,697.5415238095238,685.6404938271605,654.0488333333333,595.6888172043011,0.06235139986887295,0.01706139287216557,0.08922883606657117,0.14601669309802323,43.492690476190546,58.36001612903215,cvl
22,zhen,34,0.02,True,mean,,,262.3433333333333,266.6236774563328,251.55533333333332,255.01822344557397,0.04112168532330396,-0.016315810539621722,-0.013765918083923134,0.027921844991014355,10.787999999999982,-3.4628901122406432,cvl
22,zhen,34,0.02,True,COMET-22,mtme_COMET-22-refA,0.21211496615759046,262.3433333333333,259.9959420289855,251.55533333333332,255.173,0.04112168532330396,0.008947783328517867,-0.014381196449820166,0.027331867908465868,10.787999999999982,-3.617666666666679,cvl
22,zhen,34,0.02,True,strongest,mtme_metricx_xxl_MQM_2020-refA,0.20829374910935655,262.3433333333333,265.34277777777777,251.55533333333332,253.6559139784946,0.04112168532330396,-0.011433278697550842,-0.008350372132153616,0.03311469456630134,10.787999999999982,-2.1005806451612727,cvl
22,zhen,34,0.02,True,best post hoc,mtme_HWTSC-TLM-src,-0.0013901549291597923,262.3433333333333,272.5153623188406,251.55533333333332,242.9371171171171,0.04112168532330396,-0.038773727756911125,0.0342597237037956,0.07397259144968882,10.787999999999982,8.618216216216211,cvl
22,zhen,35,0.01,True,mean,,,447.91749999999996,444.047365573005,455.49209523809526,438.25305349700875,-0.01691069279073787,0.008640284041134816,0.03784707115954511,0.021576398562215604,-7.5745952380952986,17.23904174108651,cvl
22,zhen,35,0.01,True,COMET-22,mtme_COMET-22-refA,0.2272828505535939,447.91749999999996,460.08599999999996,455.49209523809526,427.77666666666664,-0.01691069279073787,-0.02716683317798485,0.060847221853413735,0.044965497738608806,-7.5745952380952986,27.715428571428617,cvl
22,zhen,35,0.01,True,strongest,mtme_metricx_xxl_MQM_2020-refA,0.22723111404192328,447.91749999999996,439.2257142857143,455.49209523809526,432.2675925925926,-0.01691069279073787,0.01940488084141767,0.05098771831235116,0.03493926316209428,-7.5745952380952986,23.22450264550264,cvl
22,zhen,35,0.01,True,best post hoc,mtme_UniTE-src-src,0.1934983925111552,447.91749999999996,447.91749999999996,455.49209523809526,417.75363636363636,-0.01691069279073787,0.0,0.08285206103243614,0.0673424539928974,-7.5745952380952986,37.7384588744589,cvl
22,zhen,35,0.02,True,mean,,,223.57078431372548,223.14172682400482,217.7188888888889,217.27477213102017,0.026174687550520548,0.0019191125130132436,0.00203986323894656,0.028161158006541842,5.851895424836584,0.44411675786872706,cvl
22,zhen,35,0.02,True,COMET-22,mtme_COMET-22-refA,0.2272828505535939,223.57078431372548,215.1042857142857,217.7188888888889,212.04999999999998,0.026174687550520548,0.0378694319359687,0.026037653038832098,0.05153081315651231,5.851895424836584,5.668888888888915,cvl
22,zhen,35,0.02,True,strongest,mtme_metricx_xxl_MQM_2020-refA,0.22723111404192328,223.57078431372548,225.6713333333333,217.7188888888889,215.1421212121212,0.026174687550520548,-0.009395453999303527,0.011835296835832843,0.037700199189607764,5.851895424836584,2.5767676767677017,cvl
22,zhen,35,0.02,True,best post hoc,mtme_YiSi-1-refA,0.11571977483562888,223.57078431372548,220.57,217.7188888888889,211.50139784946236,0.026174687550520548,0.013422077141862387,0.0285574259135577,0.05398463176354373,5.851895424836584,6.217491039426534,cvl
22,zhen,45,0.01,True,mean,,,585.4282882882884,584.7724766092402,572.1263063063063,568.821153218902,0.022721795731592054,0.0011202254694006042,0.005776964021708131,0.02836749675685013,13.301981981982067,3.3051530874042783,cvl
22,zhen,45,0.01,True,COMET-22,mtme_COMET-22-refA,0.26067382271484074,585.4282882882884,639.6647222222223,572.1263063063063,570.586274509804,0.022721795731592054,-0.0926440266364883,0.0026917688970551357,0.025352402805611685,13.301981981982067,1.540031796502376,cvl
22,zhen,45,0.01,True,strongest,mtme_metricx_xxl_MQM_2020-refA,0.2751392107842413,585.4282882882884,571.2708571428573,572.1263063063063,567.7628828828829,0.022721795731592054,0.02418303219823137,0.00762667854165644,0.030175182441314452,13.301981981982067,4.3634234234234555,cvl
22,zhen,45,0.01,True,best post hoc,mtme_Cross-QE-src,0.2398137781987596,585.4282882882884,566.069918699187,572.1263063063063,549.2183333333334,0.022721795731592054,0.033067021147376696,0.04004006234369595,0.06185207595763431,13.301981981982067,22.90797297297297,cvl
22,zhen,45,0.02,True,mean,,,282.0,279.55241293930135,271.20612612612615,269.57197324931775,0.03827614848891436,0.008679386740066186,0.00602550134154578,0.04407101684639092,10.79387387387385,1.6341528768084004,cvl
22,zhen,45,0.02,True,COMET-22,mtme_COMET-22-refA,0.26067382271484074,282.0,275.25124999999997,271.20612612612615,266.45619047619044,0.03827614848891436,0.023931737588652635,0.017514116357853604,0.05511989192840272,10.79387387387385,4.749935649935708,cvl
22,zhen,45,0.02,True,strongest,mtme_metricx_xxl_MQM_2020-refA,0.2751392107842413,282.0,276.85809523809525,271.20612612612615,269.90222222222224,0.03827614848891436,0.018233704829449526,0.004807796647253948,0.04289992119779351,10.79387387387385,1.3039039039039153,cvl
22,zhen,45,0.02,True,best post hoc,mtme_metricx_xxl_DA_2019-refA,0.2391504948654885,282.0,274.50138888888887,271.20612612612615,258.76888888888885,0.03827614848891436,0.026590819542947286,0.045858983404575726,0.08237982663514587,10.79387387387385,12.437237237237298,cvl
23,ende23,01,0.01,True,mean,,,560.4258008849557,546.986235432047,531.5773193277311,519.4888445638253,0.05147600540815689,0.023980989868215508,0.022740764747438247,0.07304616642647033,28.84848155722466,12.088474763905765,cvq
23,ende23,01,0.01,True,COMET-22,mtme_COMET-refA,0.2811761091569501,560.4258008849557,544.0577899159664,531.5773193277311,515.5274410646388,0.05147600540815689,0.029206383687444437,0.03019293276731605,0.08011472660505448,28.84848155722466,16.049878263092296,cvq
23,ende23,01,0.01,True,strongest,mtme_XCOMET-XXL-refA,0.30520583836009385,560.4258008849557,533.7614581497797,531.5773193277311,508.72037096774187,0.05147600540815689,0.047578720845954825,0.0429983513760438,0.09226097341622563,28.84848155722466,22.85694835998919,cvq
23,ende23,01,0.01,True,best post hoc,mtme_XCOMET-XL-refA,0.40104103416469644,560.4258008849557,523.4914051724138,531.5773193277311,500.71845945945944,0.05147600540815689,0.06590416724965131,0.0580514983357413,0.106539244501616,28.84848155722466,30.858859868271622,cvq
23,ende23,01,0.02,True,mean,,,286.3234387755102,277.9765106029715,275.3468058252427,268.514486877434,0.038336480580179355,0.02915209529556917,0.024813503564464878,0.062198721747118935,10.976632950267515,6.832318947808687,cvq
23,ende23,01,0.02,True,COMET-22,mtme_COMET-refA,0.2811761091569501,286.3234387755102,276.1427910447761,275.3468058252427,266.64511881188116,0.038336480580179355,0.03555645941622043,0.031602643754234605,0.0687275901958474,10.976632950267515,8.70168701336155,cvq
23,ende23,01,0.02,True,strongest,mtme_XCOMET-XXL-refA,0.30520583836009385,286.3234387755102,272.60851219512193,275.3468058252427,262.0372142857143,0.038336480580179355,0.04790011826849205,0.04833755561332265,0.0848209444314385,10.976632950267515,13.309591539528412,cvq
23,ende23,01,0.02,True,best post hoc,mtme_XCOMET-Ensemble-refA,0.3874982849327039,286.3234387755102,265.6281111111111,275.3468058252427,259.18351933701655,0.038336480580179355,0.07227954425563166,0.058701557985331054,0.09478762742777946,10.976632950267515,16.163286488226163,cvq
23,ende23,02,0.01,True,mean,,,189.08085028248587,185.09520157489956,186.8606818181818,183.317804015826,0.011741900150052942,0.021079071210182154,0.01895999612054866,0.030479269889308713,2.2201684643040664,3.542877802355804,cvq
23,ende23,02,0.01,True,COMET-22,mtme_COMET-refA,0.24359199276111237,189.08085028248587,184.3645359281437,186.8606818181818,182.49276086956522,0.011741900150052942,0.02494337394451107,0.023375281017472882,0.03484271095183933,2.2201684643040664,4.367920948616586,cvq
23,ende23,02,0.01,True,strongest,mtme_XCOMET-XXL-refA,0.3219862832483404,189.08085028248587,178.56639743589744,186.8606818181818,176.61317889908256,0.011741900150052942,0.055608237591907805,0.05484033783559783,0.06593830821459012,2.2201684643040664,10.247502919099247,cvq
23,ende23,02,0.01,True,best post hoc,mtme_MS-COMET-QE-22-src,0.1318537817435612,189.08085028248587,176.29816666666667,186.8606818181818,173.43616666666668,0.011741900150052942,0.06760432691476648,0.07184237486930167,0.08274070902709663,2.2201684643040664,13.424515151515124,cvq
23,ende23,02,0.02,True,mean,,,153.8407574257426,151.76175028275293,153.42974444444445,150.7688228665392,0.0026716780921761663,0.013514020457115694,0.017342931695155994,0.019968275056668094,0.4110129812981427,2.660921577905242,cvq
23,ende23,02,0.02,True,COMET-22,mtme_COMET-refA,0.24359199276111237,153.8407574257426,150.862307106599,153.42974444444445,149.98525555555554,0.0026716780921761663,0.019360606181240803,0.02244994216317775,0.025061641236705845,0.4110129812981427,3.4444888888889125,cvq
23,ende23,02,0.02,True,strongest,mtme_XCOMET-XXL-refA,0.3219862832483404,153.8407574257426,149.3590806451613,153.42974444444445,146.6363108108108,0.0026716780921761663,0.02913192092638106,0.04427716189081887,0.04683054565958766,0.4110129812981427,6.79343363363364,cvq
23,ende23,02,0.02,True,best post hoc,mtme_MS-COMET-QE-22-src,0.1318537817435612,153.8407574257426,147.00274096385544,153.42974444444445,146.0216212121212,0.0026716780921761663,0.04444866611624554,0.048283488049513545,0.05082616820445396,0.4110129812981427,7.408123232323248,cvq
23,ende23,03,0.01,False,mean,,,121.1051213592233,119.1080090978812,119.80126923076924,118.48220040760896,0.01076628398386692,0.016490733330907226,0.011010474526938485,0.021658216615251247,1.3038521284540678,1.3190688231602792,cvq
23,ende23,03,0.01,False,COMET-22,mtme_COMET-refA,0.19654279455957668,121.1051213592233,117.9394090909091,119.80126923076924,117.6505,0.01076628398386692,0.026140201444693978,0.017952808384911867,0.02852580733539889,1.3038521284540678,2.1507692307692423,cvq
23,ende23,03,0.01,False,strongest,mtme_XCOMET-XXL-refA,0.307761008431316,121.1051213592233,117.7125,119.80126923076924,117.6505,0.01076628398386692,0.02801385541045842,0.017952808384911867,0.02852580733539889,1.3038521284540678,2.1507692307692423,cvq
23,ende23,03,0.01,False,best post hoc,mtme_BLEURT-20-refA,0.22587302189553232,121.1051213592233,117.77818421052632,119.80126923076924,117.6505,0.01076628398386692,0.027471481894052907,0.017952808384911867,0.02852580733539889,1.3038521284540678,2.1507692307692423,cvq
23,ende23,03,0.02,False,mean,,,117.7125,117.71249999999998,117.6505,117.65049999999998,0.0005267070192206402,2.220446049250313e-16,1.1102230246251565e-16,0.0005267070192207512,0.06200000000001182,1.4210854715202004e-14,cvq
23,ende23,03,0.02,False,COMET-22,mtme_COMET-refA,0.19654279455957668,117.7125,117.7125,117.6505,117.6505,0.0005267070192206402,0.0,0.0,0.0005267070192206402,0.06200000000001182,0.0,cvq
23,ende23,03,0.02,False,strongest,mtme_XCOMET-XXL-refA,0.307761008431316,117.7125,117.7125,117.6505,117.6505,0.0005267070192206402,0.0,0.0,0.0005267070192206402,0.06200000000001182,0.0,cvq
23,ende23,03,0.02,False,best post hoc,mtme_BERTscore-refA,0.10431407547422768,117.7125,117.7125,117.6505,117.6505,0.0005267070192206402,0.0,0.0,0.0005267070192206402,0.06200000000001182,0.0,cvq
23,ende23,04,0.01,False,mean,,,122.62910810810811,118.88160738632219,121.4655,118.24482432630904,0.009488840994279157,0.03055963449136545,0.026515147706064335,0.035752390679820834,1.1636081081081073,3.2206756736909625,cvq
23,ende23,04,0.01,False,COMET-22,mtme_COMET-refA,0.3075335708637683,122.62910810810811,117.401,121.4655,117.343,0.009488840994279157,0.042633500224914744,0.033939678344879876,0.04310647112794741,1.1636081081081073,4.122500000000002,cvq
23,ende23,04,0.01,False,strongest,mtme_XCOMET-XXL-refA,0.45937394140770577,122.62910810810811,117.401,121.4655,117.343,0.009488840994279157,0.042633500224914744,0.033939678344879876,0.04310647112794741,1.1636081081081073,4.122500000000002,cvq
23,ende23,04,0.01,False,best post hoc,mtme_BLEURT-20-refA,0.3154602516525982,122.62910810810811,117.401,121.4655,117.343,0.009488840994279157,0.042633500224914744,0.033939678344879876,0.04310647112794741,1.1636081081081073,4.122500000000002,cvq
23,ende23,04,0.02,False,mean,,,117.401,117.401,117.343,117.343,0.0004940332705853923,0.0,0.0,0.0004940332705853923,0.057999999999992724,0.0,cvq
23,ende23,04,0.02,False,COMET-22,mtme_COMET-refA,0.3075335708637683,117.401,117.401,117.343,117.343,0.0004940332705853923,0.0,0.0,0.0004940332705853923,0.057999999999992724,0.0,cvq
23,ende23,04,0.02,False,strongest,mtme_XCOMET-XXL-refA,0.45937394140770577,117.401,117.401,117.343,117.343,0.0004940332705853923,0.0,0.0,0.0004940332705853923,0.057999999999992724,0.0,cvq
23,ende23,04,0.02,False,best post hoc,mtme_BERTscore-refA,0.18278992052908064,117.401,117.401,117.343,117.343,0.0004940332705853923,0.0,0.0,0.0004940332705853923,0.057999999999992724,0.0,cvq
23,ende23,05,0.01,False,mean,,,118.145,118.14500000000002,118.094,118.09400000000001,0.00043167294426338376,-2.220446049250313e-16,-2.220446049250313e-16,0.00043167294426327274,0.05100000000000193,-1.4210854715202004e-14,cvq
23,ende23,05,0.01,False,COMET-22,mtme_COMET-refA,0.3615414631686772,118.145,118.145,118.094,118.094,0.00043167294426338376,0.0,0.0,0.00043167294426338376,0.05100000000000193,0.0,cvq
23,ende23,05,0.01,False,strongest,mtme_XCOMET-XXL-refA,0.522920904977236,118.145,118.145,118.094,118.094,0.00043167294426338376,0.0,0.0,0.00043167294426338376,0.05100000000000193,0.0,cvq
23,ende23,05,0.01,False,best post hoc,mtme_BERTscore-refA,0.16073255386916718,118.145,118.145,118.094,118.094,0.00043167294426338376,0.0,0.0,0.00043167294426338376,0.05100000000000193,0.0,cvq
23,ende23,05,0.02,False,mean,,,118.145,118.14500000000002,118.094,118.09400000000001,0.00043167294426338376,-2.220446049250313e-16,-2.220446049250313e-16,0.00043167294426327274,0.05100000000000193,-1.4210854715202004e-14,cvq
23,ende23,05,0.02,False,COMET-22,mtme_COMET-refA,0.3615414631686772,118.145,118.145,118.094,118.094,0.00043167294426338376,0.0,0.0,0.00043167294426338376,0.05100000000000193,0.0,cvq
23,ende23,05,0.02,False,strongest,mtme_XCOMET-XXL-refA,0.522920904977236,118.145,118.145,118.094,118.094,0.00043167294426338376,0.0,0.0,0.00043167294426338376,0.05100000000000193,0.0,cvq
23,ende23,05,0.02,False,best post hoc,mtme_BERTscore-refA,0.16073255386916718,118.145,118.145,118.094,118.094,0.00043167294426338376,0.0,0.0,0.00043167294426338376,0.05100000000000193,0.0,cvq
23,ende23,12,0.01,True,mean,,,207.69227551020407,198.69673461691053,199.88020833333334,192.16082732173223,0.03761366260579546,0.043311870271514175,0.03862003685091109,0.07478105842077298,7.812067176870727,7.719381011601115,cvq
23,ende23,12,0.01,True,COMET-22,mtme_COMET-refA,0.30007496429552283,207.69227551020407,195.2168202614379,199.88020833333334,189.35525675675675,0.03761366260579546,0.06006701606075493,0.0526562968106602,0.08828936323414882,7.812067176870727,10.524951576576598,cvq
23,ende23,12,0.01,True,strongest,mtme_XCOMET-XXL-refA,0.38049544093850984,207.69227551020407,193.52830597014923,199.88020833333334,188.24370588235294,0.03761366260579546,0.06819690094521091,0.05821738204102034,0.09364127568093217,7.812067176870727,11.636502450980402,cvq
23,ende23,12,0.01,True,best post hoc,mtme_MetricX-23-QE-src,0.3933791261098288,207.69227551020407,193.16646894409936,199.88020833333334,184.28318181818182,0.03761366260579546,0.06993907948873646,0.07803187041480819,0.11271046857432188,7.812067176870727,15.597026515151526,cvq
23,ende23,12,0.02,True,mean,,,168.26049999999998,159.68672948674828,163.55707627118645,154.24814650249408,0.027953225675744098,0.05095533718996259,0.056915481622193176,0.08327773599570842,4.703423728813533,9.308929768692366,cvq
23,ende23,12,0.02,True,COMET-22,mtme_COMET-refA,0.30007496429552283,168.26049999999998,156.44798484848485,163.55707627118645,147.76883333333333,0.027953225675744098,0.07020373261410218,0.09653047913179469,0.12178536653978,4.703423728813533,15.788242937853113,cvq
23,ende23,12,0.02,True,strongest,mtme_XCOMET-XXL-refA,0.38049544093850984,168.26049999999998,151.11076315789472,163.55707627118645,145.02841304347828,0.027953225675744098,0.1019237244754726,0.11328561044333318,0.1380721378845403,4.703423728813533,18.528663227708165,cvq
23,ende23,12,0.02,True,best post hoc,mtme_XCOMET-Ensemble-refA,0.4218280196500904,168.26049999999998,150.9714411764706,163.55707627118645,144.1500617977528,0.027953225675744098,0.10275173807001281,0.11865591459495006,0.14329232471225972,4.703423728813533,19.407014473433634,cvq
23,ende23,13,0.01,False,mean,,,124.57726829268293,120.76495269072662,123.73948120300751,119.8227536352855,0.00672503981791539,0.03060201635662474,0.03165301429780698,0.03816518633421262,0.837787089675416,3.9167275677220204,cvq
23,ende23,13,0.01,False,COMET-22,mtme_COMET-refA,0.2783985454032892,124.57726829268293,118.20254545454546,123.73948120300751,117.33080952380953,0.00672503981791539,0.051170834980589275,0.05179164820227333,0.05816838712379291,0.837787089675416,6.40867167919798,cvq
23,ende23,13,0.01,False,strongest,mtme_XCOMET-XXL-refA,0.359470292951394,124.57726829268293,117.068,123.73948120300751,117.034,0.00672503981791539,0.06027799770854336,0.054190312888143355,0.060550920694140586,0.837787089675416,6.705481203007508,cvq
23,ende23,13,0.01,False,best post hoc,mtme_MetricX-23-b-refA,0.28254667295963953,124.57726829268293,117.92868965517242,123.73948120300751,117.034,0.00672503981791539,0.05336911563906088,0.054190312888143355,0.060550920694140586,0.837787089675416,6.705481203007508,cvq
23,ende23,13,0.02,False,mean,,,117.068,117.06800000000001,117.034,117.03399999999999,0.00029042949396929085,-2.220446049250313e-16,1.1102230246251565e-16,0.0002904294939694019,0.033999999999991815,1.4210854715202004e-14,cvq
23,ende23,13,0.02,False,COMET-22,mtme_COMET-refA,0.2783985454032892,117.068,117.068,117.034,117.034,0.00029042949396929085,0.0,0.0,0.00029042949396929085,0.033999999999991815,0.0,cvq
23,ende23,13,0.02,False,strongest,mtme_XCOMET-XXL-refA,0.359470292951394,117.068,117.068,117.034,117.034,0.00029042949396929085,0.0,0.0,0.00029042949396929085,0.033999999999991815,0.0,cvq
23,ende23,13,0.02,False,best post hoc,mtme_BERTscore-refA,0.06896196756712411,117.068,117.068,117.034,117.034,0.00029042949396929085,0.0,0.0,0.00029042949396929085,0.033999999999991815,0.0,cvq
23,ende23,14,0.01,False,mean,,,126.15976086956522,120.5978495547142,124.1193125,119.16404608880036,0.016173527561413215,0.0440862544167423,0.03992341168663538,0.055451236848789054,2.040448369565212,4.955266411199645,cvq
23,ende23,14,0.01,False,COMET-22,mtme_COMET-refA,0.3038920831735995,126.15976086956522,118.69433333333335,124.1193125,116.75875510204082,0.016173527561413215,0.05917439510645772,0.05930227335056493,0.07451667395948824,2.040448369565212,7.360557397959184,cvq
23,ende23,14,0.01,False,strongest,mtme_XCOMET-XXL-refA,0.39849752666396754,126.15976086956522,116.441,124.1193125,116.369,0.016173527561413215,0.07703534631468834,0.0624424381983264,0.07760605126453712,2.040448369565212,7.750312500000007,cvq
23,ende23,14,0.01,False,best post hoc,mtme_BLEURT-20-refA,0.30861502294658005,126.15976086956522,118.06882608695653,124.1193125,116.369,0.016173527561413215,0.06413245179636784,0.0624424381983264,0.07760605126453712,2.040448369565212,7.750312500000007,cvq
23,ende23,14,0.02,False,mean,,,116.441,116.441,116.369,116.36899999999999,0.0006183389012461848,0.0,1.1102230246251565e-16,0.0006183389012462959,0.07200000000000273,1.4210854715202004e-14,cvq
23,ende23,14,0.02,False,COMET-22,mtme_COMET-refA,0.3038920831735995,116.441,116.441,116.369,116.369,0.0006183389012461848,0.0,0.0,0.0006183389012461848,0.07200000000000273,0.0,cvq
23,ende23,14,0.02,False,strongest,mtme_XCOMET-XXL-refA,0.39849752666396754,116.441,116.441,116.369,116.369,0.0006183389012461848,0.0,0.0,0.0006183389012461848,0.07200000000000273,0.0,cvq
23,ende23,14,0.02,False,best post hoc,mtme_BERTscore-refA,0.08606818924748039,116.441,116.441,116.369,116.369,0.0006183389012461848,0.0,0.0,0.0006183389012461848,0.07200000000000273,0.0,cvq
23,ende23,15,0.01,False,mean,,,118.469,118.46900000000001,118.454,118.45399999999998,0.00012661540149738748,-2.220446049250313e-16,1.1102230246251565e-16,0.00012661540149760953,0.015000000000000568,1.4210854715202004e-14,cvq
23,ende23,15,0.01,False,COMET-22,mtme_COMET-refA,0.31129624786250276,118.469,118.469,118.454,118.454,0.00012661540149738748,0.0,0.0,0.00012661540149738748,0.015000000000000568,0.0,cvq
23,ende23,15,0.01,False,strongest,mtme_XCOMET-XXL-refA,0.5259743157780556,118.469,118.469,118.454,118.454,0.00012661540149738748,0.0,0.0,0.00012661540149738748,0.015000000000000568,0.0,cvq
23,ende23,15,0.01,False,best post hoc,mtme_BERTscore-refA,0.09170076866005718,118.469,118.469,118.454,118.454,0.00012661540149738748,0.0,0.0,0.00012661540149738748,0.015000000000000568,0.0,cvq
23,ende23,15,0.02,False,mean,,,118.469,118.46900000000001,118.454,118.45399999999998,0.00012661540149738748,-2.220446049250313e-16,1.1102230246251565e-16,0.00012661540149760953,0.015000000000000568,1.4210854715202004e-14,cvq
23,ende23,15,0.02,False,COMET-22,mtme_COMET-refA,0.31129624786250276,118.469,118.469,118.454,118.454,0.00012661540149738748,0.0,0.0,0.00012661540149738748,0.015000000000000568,0.0,cvq
23,ende23,15,0.02,False,strongest,mtme_XCOMET-XXL-refA,0.5259743157780556,118.469,118.469,118.454,118.454,0.00012661540149738748,0.0,0.0,0.00012661540149738748,0.015000000000000568,0.0,cvq
23,ende23,15,0.02,False,best post hoc,mtme_BERTscore-refA,0.09170076866005718,118.469,118.469,118.454,118.454,0.00012661540149738748,0.0,0.0,0.00012661540149738748,0.015000000000000568,0.0,cvq
23,ende23,23,0.01,True,mean,,,215.36519277108434,209.39306329853656,200.20424590163938,191.49665926090884,0.07039645856589183,0.027730244593868303,0.04349351634134968,0.11082818538623274,15.160946869444956,8.70758664073054,cvq
23,ende23,23,0.01,True,COMET-22,mtme_COMET-refA,0.20334710345230045,215.36519277108434,203.05841095890415,200.20424590163938,178.35746938775512,0.07039645856589183,0.057143782864027104,0.10912244351010225,0.17183706850282632,15.160946869444956,21.846776513884265,cvq
23,ende23,23,0.01,True,strongest,mtme_XCOMET-XXL-refA,0.25614797278739887,215.36519277108434,205.83544936708861,200.20424590163938,185.10369444444444,0.07039645856589183,0.04424922746975679,0.07542573030451039,0.14051248457221865,15.160946869444956,15.100551457194939,cvq
23,ende23,23,0.01,True,best post hoc,mtme_CometKiwi-XXL-src,0.2370070192683773,215.36519277108434,206.81047058823532,200.20424590163938,176.667,0.07039645856589183,0.03972193497368903,0.1175661674688121,0.17968638419773508,15.160946869444956,23.53724590163938,cvq
23,ende23,23,0.02,True,mean,,,158.60790361445783,156.16783546071457,153.28851785714286,151.41410283057232,0.03353796145143728,0.015384278451057165,0.012228019768039,0.04535587836386834,5.319385757314961,1.8744150265705457,cvq
23,ende23,23,0.02,True,COMET-22,mtme_COMET-refA,0.20334710345230045,158.60790361445783,154.3662105263158,153.28851785714286,150.438102189781,0.03353796145143728,0.02674326431079177,0.018595102276468656,0.051509421904572084,5.319385757314961,2.850415667361858,cvq
23,ende23,23,0.02,True,strongest,mtme_XCOMET-XXL-refA,0.25614797278739887,158.60790361445783,156.54428099173555,153.28851785714286,149.83996350364964,0.03353796145143728,0.01301084356892146,0.022497147220818636,0.05528060021599668,5.319385757314961,3.448554353493222,cvq
23,ende23,23,0.02,True,best post hoc,mtme_CometKiwi-XXL-src,0.2370070192683773,158.60790361445783,152.5537014925373,153.28851785714286,148.09030612244896,0.03353796145143728,0.03817087285030263,0.03391129229612855,0.0663119381337699,5.319385757314961,5.198211734693899,cvq
23,ende23,24,0.01,True,mean,,,193.20377868852458,182.74477290251593,176.880148,171.3824366396008,0.08448918959727436,0.05413458192694165,0.031081562417050845,0.11294469599429147,16.323630688524588,5.497711360399194,cvq
23,ende23,24,0.01,True,COMET-22,mtme_COMET-refA,0.2886813928371429,193.20377868852458,174.99445488721804,176.880148,168.65105395683455,0.08448918959727436,0.09424931502329925,0.046523559236084755,0.12708201101632155,16.323630688524588,8.229094043165446,cvq
23,ende23,24,0.01,True,strongest,mtme_XCOMET-XXL-refA,0.3081407426449729,193.20377868852458,175.7376214953271,176.880148,168.65422388059702,0.08448918959727436,0.09040277220124004,0.046505637927230725,0.12706560386432908,16.323630688524588,8.225924119402976,cvq
23,ende23,24,0.01,True,best post hoc,mtme_MS-COMET-QE-22-src,0.21562478363788112,193.20377868852458,173.99460084033615,176.880148,165.55431060606062,0.08448918959727436,0.09942444179187981,0.06403113928839188,0.1431103898181998,16.323630688524588,11.325837393939366,cvq
23,ende23,24,0.02,True,mean,,,148.85769266055047,143.87225966341424,143.39884265734267,139.4700634200831,0.03667160161924554,0.03349126879525688,0.027397565869116125,0.06306445486747236,5.4588500032078,3.928779237259562,cvq
23,ende23,24,0.02,True,COMET-22,mtme_COMET-refA,0.2886813928371429,148.85769266055047,143.7533256880734,143.39884265734267,138.30672131147543,0.03667160161924554,0.03429024648472068,0.03551019834961344,0.07087958412156159,5.4588500032078,5.092121345867241,cvq
23,ende23,24,0.02,True,strongest,mtme_XCOMET-XXL-refA,0.3081407426449729,148.85769266055047,140.3469247787611,143.39884265734267,137.04978125,0.03667160161924554,0.0571738532935413,0.04427554148755586,0.07932348808789347,5.4588500032078,6.349061407342674,cvq
23,ende23,24,0.02,True,best post hoc,mtme_MS-COMET-QE-22-src,0.21562478363788112,148.85769266055047,138.60623333333334,143.39884265734267,135.61745804195803,0.03667160161924554,0.06886751463086416,0.054263928991244215,0.08894558542422781,5.4588500032078,7.781384615384638,cvq
23,ende23,25,0.01,False,mean,,,123.6138888888889,118.643366721166,120.87316326530613,118.00171604026715,0.0221716641084424,0.040210062254336765,0.023755870595827844,0.04540082752081587,2.7407256235827617,2.8714472250389775,cvq
23,ende23,25,0.01,False,COMET-22,mtme_COMET-refA,0.288368137441675,123.6138888888889,117.605,120.87316326530613,117.525,0.0221716641084424,0.04861014359227889,0.027699806763203494,0.04925732006022332,2.7407256235827617,3.348163265306127,cvq
23,ende23,25,0.01,False,strongest,mtme_XCOMET-XXL-refA,0.46525202742681193,123.6138888888889,117.605,120.87316326530613,117.525,0.0221716641084424,0.04861014359227889,0.027699806763203494,0.04925732006022332,2.7407256235827617,3.348163265306127,cvq
23,ende23,25,0.01,False,best post hoc,mtme_BLEURT-20-refA,0.33980295154383255,123.6138888888889,117.605,120.87316326530613,117.525,0.0221716641084424,0.04861014359227889,0.027699806763203494,0.04925732006022332,2.7407256235827617,3.348163265306127,cvq
23,ende23,25,0.02,False,mean,,,117.605,117.60499999999998,117.525,117.52499999999998,0.0006802431869392667,2.220446049250313e-16,2.220446049250313e-16,0.0006802431869395997,0.0799999999999983,2.842170943040401e-14,cvq
23,ende23,25,0.02,False,COMET-22,mtme_COMET-refA,0.288368137441675,117.605,117.605,117.525,117.525,0.0006802431869392667,0.0,0.0,0.0006802431869392667,0.0799999999999983,0.0,cvq
23,ende23,25,0.02,False,strongest,mtme_XCOMET-XXL-refA,0.46525202742681193,117.605,117.605,117.525,117.525,0.0006802431869392667,0.0,0.0,0.0006802431869392667,0.0799999999999983,0.0,cvq
23,ende23,25,0.02,False,best post hoc,mtme_BERTscore-refA,0.12327173116120443,117.605,117.605,117.525,117.525,0.0006802431869392667,0.0,0.0,0.0006802431869392667,0.0799999999999983,0.0,cvq
23,ende23,34,0.01,True,mean,,,537.5681570048309,530.2061368356253,469.2263517241379,468.84481813331814,0.12713142396951704,0.013695045127346428,0.0008131120288061844,0.12784116390825428,68.34180528069305,0.3815335908197426,cvq
23,ende23,34,0.01,True,COMET-22,mtme_COMET-refA,0.13287913228710957,537.5681570048309,525.0758652968036,469.2263517241379,469.16502127659567,0.12713142396951704,0.023238526213365418,0.00013070546297511143,0.12724551266086348,68.34180528069305,0.06133044754221828,cvq
23,ende23,34,0.01,True,strongest,mtme_XCOMET-XXL-refA,0.17342546319661195,537.5681570048309,520.1212073170732,469.2263517241379,472.2024714285714,0.12713142396951704,0.032455325823179226,-0.006342609901379248,0.12159515909658336,68.34180528069305,-2.976119704433529,cvq
23,ende23,34,0.01,True,best post hoc,mtme_Calibri-COMET22-QE-src,0.15411291934871524,537.5681570048309,529.4519215686275,469.2263517241379,461.4381881355932,0.12713142396951704,0.015098058414443005,0.016597881938914316,0.14161919354265917,68.34180528069305,7.788163588544705,cvq
23,ende23,34,0.02,True,mean,,,259.2253625954199,256.40515126065907,245.1082391304348,240.30403850228728,0.05445888212342109,0.010879380422209706,0.019600322882622367,0.07299179333259775,14.11712346498507,4.804200628147527,cvq
23,ende23,34,0.02,True,COMET-22,mtme_COMET-refA,0.13287913228710957,259.2253625954199,257.0213767123288,245.1082391304348,237.13986898395723,0.05445888212342109,0.008502200020184425,0.0325095972895354,0.08519804308628587,14.11712346498507,7.968370146477582,cvq
23,ende23,34,0.02,True,strongest,mtme_XCOMET-XXL-refA,0.17342546319661195,259.2253625954199,252.56738800000002,245.1082391304348,236.43979801324505,0.05445888212342109,0.02568411720504038,0.03536576798863478,0.0878986699219585,14.11712346498507,8.668441117189758,cvq
23,ende23,34,0.02,True,best post hoc,mtme_XCOMET-Ensemble-refA,0.19722348129053696,259.2253625954199,252.16520149253734,245.1082391304348,233.64073376623378,0.05445888212342109,0.027235610868453275,0.046785474877890865,0.09869647233984868,14.11712346498507,11.467505364201031,cvq
23,ende23,35,0.01,True,mean,,,185.87496308724832,178.40996875290563,181.035512987013,173.9135646058576,0.02603605143939547,0.04016137628411354,0.039340062420052946,0.0643518539706508,4.839450100235325,7.121948381155391,cvq
23,ende23,35,0.01,True,COMET-22,mtme_COMET-refA,0.22357237689468007,185.87496308724832,176.93825,181.035512987013,172.39394776119403,0.02603605143939547,0.04807916536372614,0.04773408865054496,0.07252733290242219,4.839450100235325,8.641565225818965,cvq
23,ende23,35,0.01,True,strongest,mtme_XCOMET-XXL-refA,0.34646161376082163,185.87496308724832,173.6829188034188,181.035512987013,170.32798818897635,0.02603605143939547,0.0655927193277056,0.05914599086867989,0.08364211424738432,4.839450100235325,10.707524798036644,cvq
23,ende23,35,0.01,True,best post hoc,mtme_MetricX-23-QE-b-src,0.355995258621707,185.87496308724832,172.24713636363637,181.035512987013,165.08305752212388,0.02603605143939547,0.07331717245434044,0.08811782396547518,0.11185963520737796,4.839450100235325,15.952455464889113,cvq
23,ende23,35,0.02,True,mean,,,152.41676315789474,147.8924543056621,151.39177160493827,146.28496029781667,0.006724926653209673,0.02968380090545364,0.03373242318907521,0.04023050177050336,1.0249915529564646,5.106811307121603,cvq
23,ende23,35,0.02,True,COMET-22,mtme_COMET-refA,0.22357237689468007,152.41676315789474,147.60754195804196,151.39177160493827,144.97016666666667,0.006724926653209673,0.03155309888631286,0.042417133178340616,0.04885680772208656,1.0249915529564646,6.421604938271599,cvq
23,ende23,35,0.02,True,strongest,mtme_XCOMET-XXL-refA,0.34646161376082163,152.41676315789474,143.25158333333334,151.39177160493827,140.26143258426967,0.006724926653209673,0.06013236099933972,0.07352010550291721,0.07975061483908341,1.0249915529564646,11.1303390206686,cvq
23,ende23,35,0.02,True,best post hoc,mtme_MetricX-23-QE-b-src,0.355995258621707,152.41676315789474,141.2108043478261,151.39177160493827,139.02068279569892,0.006724926653209673,0.0735218264572377,0.08171572786348069,0.08789112224039475,1.0249915529564646,12.371088809239353,cvq
23,ende23,45,0.01,True,mean,,,188.3550068493151,178.01186353589006,181.54025949367087,173.37159140781137,0.036180335578209766,0.05491302560223199,0.04499645482849102,0.07954880357117622,6.814747355644215,8.168668085859508,cvq
23,ende23,45,0.01,True,COMET-22,mtme_COMET-refA,0.233604540278588,188.3550068493151,174.25177272727274,181.54025949367087,172.69116433566433,0.036180335578209766,0.07487581221201622,0.048744532935489526,0.0831612749544901,6.814747355644215,8.849095158006548,cvq
23,ende23,45,0.01,True,strongest,mtme_XCOMET-XXL-refA,0.40475456980077995,188.3550068493151,169.15614864864864,181.54025949367087,165.42252040816325,0.036180335578209766,0.10192910993879567,0.08878327667075714,0.1217514035052858,6.814747355644215,16.117739085507623,cvq
23,ende23,45,0.01,True,best post hoc,mtme_XCOMET-Ensemble-refA,0.4156821568129313,188.3550068493151,168.2172808219178,181.54025949367087,164.25523333333334,0.036180335578209766,0.10691367521494965,0.09521318416392455,0.12794867478761363,6.814747355644215,17.285026160337537,cvq
23,ende23,45,0.02,True,mean,,,152.71129104477612,146.6977601221269,149.39218085106384,143.3215029801691,0.02173454347091519,0.039378430249050744,0.040635847447376694,0.06148718932546948,3.3191101937122767,6.070677870894741,cvq
23,ende23,45,0.02,True,COMET-22,mtme_COMET-refA,0.233604540278588,152.71129104477612,147.08071428571427,149.39218085106384,144.70765748031496,0.02173454347091519,0.03687072986247575,0.03135721926048529,0.05241022788625649,3.3191101937122767,4.684523370748877,cvq
23,ende23,45,0.02,True,strongest,mtme_XCOMET-XXL-refA,0.40475456980077995,152.71129104477612,137.7458076923077,149.39218085106384,133.4172258064516,0.02173454347091519,0.09799853861546115,0.10693300649073756,0.12634340988360415,3.3191101937122767,15.974955044612244,cvq
23,ende23,45,0.02,True,best post hoc,mtme_XCOMET-XXL-refA,0.40475456980077995,152.71129104477612,137.7458076923077,149.39218085106384,133.4172258064516,0.02173454347091519,0.09799853861546115,0.10693300649073756,0.12634340988360415,3.3191101937122767,15.974955044612244,cvq
23,zhen23,01,0.01,True,mean,,,294.7778510638298,292.2769665483899,265.5047241379311,263.9401744939931,0.09930572063082199,0.008483963453883692,0.005892737498430334,0.1046132755854825,29.273126925898737,1.564549643937994,cvq
23,zhen23,01,0.01,True,COMET-22,mtme_COMET-refA,0.07506696228520596,294.7778510638298,295.1169712230216,265.5047241379311,265.4806363636364,0.09930572063082199,-0.0011504261869335064,9.072446591262828e-05,0.09938743563826824,29.273126925898737,0.024087774294685005,cvq
23,zhen23,01,0.01,True,strongest,mtme_XCOMET-XXL-refA,0.22143320464523997,294.7778510638298,280.8169142857143,265.5047241379311,256.669062992126,0.09930572063082199,0.04736087439314596,0.03327873420894356,0.12927968615746488,29.273126925898737,8.83566114580509,cvq
23,zhen23,01,0.01,True,best post hoc,mtme_XCOMET-XXL-refA,0.22143320464523997,294.7778510638298,280.8169142857143,265.5047241379311,256.669062992126,0.09930572063082199,0.04736087439314596,0.03327873420894356,0.12927968615746488,29.273126925898737,8.83566114580509,cvq
23,zhen23,01,0.02,True,mean,,,150.217,149.62499640143602,144.19400000000002,143.07963249209655,0.040095328757730475,0.003940989359153657,0.007728251577066025,0.04751371354709166,6.022999999999996,1.1143675079034665,cvq
23,zhen23,01,0.02,True,COMET-22,mtme_COMET-refA,0.07506696228520596,150.217,152.17763636363637,144.19400000000002,143.8761224489796,0.040095328757730475,-0.013052027158286794,0.002204513024261834,0.04221145110753388,6.022999999999996,0.31787755102041615,cvq
23,zhen23,01,0.02,True,strongest,mtme_XCOMET-XXL-refA,0.22143320464523997,150.217,143.4765,144.19400000000002,138.41667889908257,0.040095328757730475,0.04487175219848638,0.04006630720361071,0.07855516420190423,6.022999999999996,5.777321100917447,cvq
23,zhen23,01,0.02,True,best post hoc,mtme_XCOMET-XXL-refA,0.22143320464523997,150.217,143.4765,144.19400000000002,138.41667889908257,0.040095328757730475,0.04487175219848638,0.04006630720361071,0.07855516420190423,6.022999999999996,5.777321100917447,cvq
23,zhen23,02,0.01,False,mean,,,117.8305,117.8305,117.8575,117.8575,-0.0002291427092306897,0.0,0.0,-0.0002291427092306897,-0.027000000000001023,0.0,cvq
23,zhen23,02,0.01,False,COMET-22,mtme_COMET-refA,0.10913397622311022,117.8305,117.8305,117.8575,117.8575,-0.0002291427092306897,0.0,0.0,-0.0002291427092306897,-0.027000000000001023,0.0,cvq
23,zhen23,02,0.01,False,strongest,mtme_XCOMET-XXL-refA,0.3412747909563496,117.8305,117.8305,117.8575,117.8575,-0.0002291427092306897,0.0,0.0,-0.0002291427092306897,-0.027000000000001023,0.0,cvq
23,zhen23,02,0.01,False,best post hoc,mtme_BERTscore-refA,-0.043258402784302985,117.8305,117.8305,117.8575,117.8575,-0.0002291427092306897,0.0,0.0,-0.0002291427092306897,-0.027000000000001023,0.0,cvq
23,zhen23,02,0.02,False,mean,,,117.8305,117.8305,117.8575,117.8575,-0.0002291427092306897,0.0,0.0,-0.0002291427092306897,-0.027000000000001023,0.0,cvq
23,zhen23,02,0.02,False,COMET-22,mtme_COMET-refA,0.10913397622311022,117.8305,117.8305,117.8575,117.8575,-0.0002291427092306897,0.0,0.0,-0.0002291427092306897,-0.027000000000001023,0.0,cvq
23,zhen23,02,0.02,False,strongest,mtme_XCOMET-XXL-refA,0.3412747909563496,117.8305,117.8305,117.8575,117.8575,-0.0002291427092306897,0.0,0.0,-0.0002291427092306897,-0.027000000000001023,0.0,cvq
23,zhen23,02,0.02,False,best post hoc,mtme_BERTscore-refA,-0.043258402784302985,117.8305,117.8305,117.8575,117.8575,-0.0002291427092306897,0.0,0.0,-0.0002291427092306897,-0.027000000000001023,0.0,cvq
23,zhen23,03,0.01,False,mean,,,117.8275,117.82750000000003,117.8645,117.86449999999998,-0.0003140183743184366,-2.220446049250313e-16,2.220446049250313e-16,-0.00031401837431821455,-0.03700000000000614,2.842170943040401e-14,cvq
23,zhen23,03,0.01,False,COMET-22,mtme_COMET-refA,0.12409850880085802,117.8275,117.8275,117.8645,117.8645,-0.0003140183743184366,0.0,0.0,-0.0003140183743184366,-0.03700000000000614,0.0,cvq
23,zhen23,03,0.01,False,strongest,mtme_XCOMET-XXL-refA,0.37952244117923484,117.8275,117.8275,117.8645,117.8645,-0.0003140183743184366,0.0,0.0,-0.0003140183743184366,-0.03700000000000614,0.0,cvq
23,zhen23,03,0.01,False,best post hoc,mtme_BERTscore-refA,-0.04838018084156452,117.8275,117.8275,117.8645,117.8645,-0.0003140183743184366,0.0,0.0,-0.0003140183743184366,-0.03700000000000614,0.0,cvq
23,zhen23,03,0.02,False,mean,,,117.8275,117.82750000000003,117.8645,117.86449999999998,-0.0003140183743184366,-2.220446049250313e-16,2.220446049250313e-16,-0.00031401837431821455,-0.03700000000000614,2.842170943040401e-14,cvq
23,zhen23,03,0.02,False,COMET-22,mtme_COMET-refA,0.12409850880085802,117.8275,117.8275,117.8645,117.8645,-0.0003140183743184366,0.0,0.0,-0.0003140183743184366,-0.03700000000000614,0.0,cvq
23,zhen23,03,0.02,False,strongest,mtme_XCOMET-XXL-refA,0.37952244117923484,117.8275,117.8275,117.8645,117.8645,-0.0003140183743184366,0.0,0.0,-0.0003140183743184366,-0.03700000000000614,0.0,cvq
23,zhen23,03,0.02,False,best post hoc,mtme_BERTscore-refA,-0.04838018084156452,117.8275,117.8275,117.8645,117.8645,-0.0003140183743184366,0.0,0.0,-0.0003140183743184366,-0.03700000000000614,0.0,cvq
23,zhen23,04,0.01,False,mean,,,117.67,117.67,117.715,117.71500000000002,-0.00038242542704169935,0.0,-2.220446049250313e-16,-0.0003824254270419214,-0.045000000000001705,-1.4210854715202004e-14,cvq
23,zhen23,04,0.01,False,COMET-22,mtme_COMET-refA,0.08909178139195223,117.67,117.67,117.715,117.715,-0.00038242542704169935,0.0,0.0,-0.00038242542704169935,-0.045000000000001705,0.0,cvq
23,zhen23,04,0.01,False,strongest,mtme_XCOMET-XXL-refA,0.32600621864265267,117.67,117.67,117.715,117.715,-0.00038242542704169935,0.0,0.0,-0.00038242542704169935,-0.045000000000001705,0.0,cvq
23,zhen23,04,0.01,False,best post hoc,mtme_BERTscore-refA,-0.06402422450566439,117.67,117.67,117.715,117.715,-0.00038242542704169935,0.0,0.0,-0.00038242542704169935,-0.045000000000001705,0.0,cvq
23,zhen23,04,0.02,False,mean,,,117.67,117.67,117.715,117.71500000000002,-0.00038242542704169935,0.0,-2.220446049250313e-16,-0.0003824254270419214,-0.045000000000001705,-1.4210854715202004e-14,cvq
23,zhen23,04,0.02,False,COMET-22,mtme_COMET-refA,0.08909178139195223,117.67,117.67,117.715,117.715,-0.00038242542704169935,0.0,0.0,-0.00038242542704169935,-0.045000000000001705,0.0,cvq
23,zhen23,04,0.02,False,strongest,mtme_XCOMET-XXL-refA,0.32600621864265267,117.67,117.67,117.715,117.715,-0.00038242542704169935,0.0,0.0,-0.00038242542704169935,-0.045000000000001705,0.0,cvq
23,zhen23,04,0.02,False,best post hoc,mtme_BERTscore-refA,-0.06402422450566439,117.67,117.67,117.715,117.715,-0.00038242542704169935,0.0,0.0,-0.00038242542704169935,-0.045000000000001705,0.0,cvq
23,zhen23,05,0.01,False,mean,,,118.1245,118.12449999999998,118.1315,118.13150000000003,-5.925951009322361e-05,1.1102230246251565e-16,-2.220446049250313e-16,-5.9259510093445655e-05,-0.007000000000005002,-2.842170943040401e-14,cvq
23,zhen23,05,0.01,False,COMET-22,mtme_COMET-refA,0.20691913993021643,118.1245,118.1245,118.1315,118.1315,-5.925951009322361e-05,0.0,0.0,-5.925951009322361e-05,-0.007000000000005002,0.0,cvq
23,zhen23,05,0.01,False,strongest,mtme_XCOMET-XXL-refA,0.46520966971838473,118.1245,118.1245,118.1315,118.1315,-5.925951009322361e-05,0.0,0.0,-5.925951009322361e-05,-0.007000000000005002,0.0,cvq
23,zhen23,05,0.01,False,best post hoc,mtme_BERTscore-refA,0.060186110955090154,118.1245,118.1245,118.1315,118.1315,-5.925951009322361e-05,0.0,0.0,-5.925951009322361e-05,-0.007000000000005002,0.0,cvq
23,zhen23,05,0.02,False,mean,,,118.1245,118.12449999999998,118.1315,118.13150000000003,-5.925951009322361e-05,1.1102230246251565e-16,-2.220446049250313e-16,-5.9259510093445655e-05,-0.007000000000005002,-2.842170943040401e-14,cvq
23,zhen23,05,0.02,False,COMET-22,mtme_COMET-refA,0.20691913993021643,118.1245,118.1245,118.1315,118.1315,-5.925951009322361e-05,0.0,0.0,-5.925951009322361e-05,-0.007000000000005002,0.0,cvq
23,zhen23,05,0.02,False,strongest,mtme_XCOMET-XXL-refA,0.46520966971838473,118.1245,118.1245,118.1315,118.1315,-5.925951009322361e-05,0.0,0.0,-5.925951009322361e-05,-0.007000000000005002,0.0,cvq
23,zhen23,05,0.02,False,best post hoc,mtme_BERTscore-refA,0.060186110955090154,118.1245,118.1245,118.1315,118.1315,-5.925951009322361e-05,0.0,0.0,-5.925951009322361e-05,-0.007000000000005002,0.0,cvq
23,zhen23,12,0.01,False,mean,,,118.6675,118.66749999999998,118.7035,118.70349999999999,-0.0003033686561189075,2.220446049250313e-16,1.1102230246251565e-16,-0.0003033686561189075,-0.036000000000001364,1.4210854715202004e-14,cvq
23,zhen23,12,0.01,False,COMET-22,mtme_COMET-refA,0.11759370315269688,118.6675,118.6675,118.7035,118.7035,-0.0003033686561189075,0.0,0.0,-0.0003033686561189075,-0.036000000000001364,0.0,cvq
23,zhen23,12,0.01,False,strongest,mtme_XCOMET-XXL-refA,0.32158763651325817,118.6675,118.6675,118.7035,118.7035,-0.0003033686561189075,0.0,0.0,-0.0003033686561189075,-0.036000000000001364,0.0,cvq
23,zhen23,12,0.01,False,best post hoc,mtme_BERTscore-refA,-0.025638127088814515,118.6675,118.6675,118.7035,118.7035,-0.0003033686561189075,0.0,0.0,-0.0003033686561189075,-0.036000000000001364,0.0,cvq
23,zhen23,12,0.02,False,mean,,,118.6675,118.66749999999998,118.7035,118.70349999999999,-0.0003033686561189075,2.220446049250313e-16,1.1102230246251565e-16,-0.0003033686561189075,-0.036000000000001364,1.4210854715202004e-14,cvq
23,zhen23,12,0.02,False,COMET-22,mtme_COMET-refA,0.11759370315269688,118.6675,118.6675,118.7035,118.7035,-0.0003033686561189075,0.0,0.0,-0.0003033686561189075,-0.036000000000001364,0.0,cvq
23,zhen23,12,0.02,False,strongest,mtme_XCOMET-XXL-refA,0.32158763651325817,118.6675,118.6675,118.7035,118.7035,-0.0003033686561189075,0.0,0.0,-0.0003033686561189075,-0.036000000000001364,0.0,cvq
23,zhen23,12,0.02,False,best post hoc,mtme_BERTscore-refA,-0.025638127088814515,118.6675,118.6675,118.7035,118.7035,-0.0003033686561189075,0.0,0.0,-0.0003033686561189075,-0.036000000000001364,0.0,cvq
23,zhen23,13,0.01,False,mean,,,118.6675,118.66749999999998,118.7035,118.70349999999999,-0.0003033686561189075,2.220446049250313e-16,1.1102230246251565e-16,-0.0003033686561189075,-0.036000000000001364,1.4210854715202004e-14,cvq
23,zhen23,13,0.01,False,COMET-22,mtme_COMET-refA,0.11862183458445132,118.6675,118.6675,118.7035,118.7035,-0.0003033686561189075,0.0,0.0,-0.0003033686561189075,-0.036000000000001364,0.0,cvq
23,zhen23,13,0.01,False,strongest,mtme_XCOMET-XXL-refA,0.34428311638219555,118.6675,118.6675,118.7035,118.7035,-0.0003033686561189075,0.0,0.0,-0.0003033686561189075,-0.036000000000001364,0.0,cvq
23,zhen23,13,0.01,False,best post hoc,mtme_BERTscore-refA,-0.029219065927686458,118.6675,118.6675,118.7035,118.7035,-0.0003033686561189075,0.0,0.0,-0.0003033686561189075,-0.036000000000001364,0.0,cvq
23,zhen23,13,0.02,False,mean,,,118.6675,118.66749999999998,118.7035,118.70349999999999,-0.0003033686561189075,2.220446049250313e-16,1.1102230246251565e-16,-0.0003033686561189075,-0.036000000000001364,1.4210854715202004e-14,cvq
23,zhen23,13,0.02,False,COMET-22,mtme_COMET-refA,0.11862183458445132,118.6675,118.6675,118.7035,118.7035,-0.0003033686561189075,0.0,0.0,-0.0003033686561189075,-0.036000000000001364,0.0,cvq
23,zhen23,13,0.02,False,strongest,mtme_XCOMET-XXL-refA,0.34428311638219555,118.6675,118.6675,118.7035,118.7035,-0.0003033686561189075,0.0,0.0,-0.0003033686561189075,-0.036000000000001364,0.0,cvq
23,zhen23,13,0.02,False,best post hoc,mtme_BERTscore-refA,-0.029219065927686458,118.6675,118.6675,118.7035,118.7035,-0.0003033686561189075,0.0,0.0,-0.0003033686561189075,-0.036000000000001364,0.0,cvq
23,zhen23,14,0.01,False,mean,,,118.6335,118.6335,118.6745,118.6745,-0.00034560221185420126,0.0,0.0,-0.00034560221185420126,-0.04099999999999682,0.0,cvq
23,zhen23,14,0.01,False,COMET-22,mtme_COMET-refA,0.09923297517503248,118.6335,118.6335,118.6745,118.6745,-0.00034560221185420126,0.0,0.0,-0.00034560221185420126,-0.04099999999999682,0.0,cvq
23,zhen23,14,0.01,False,strongest,mtme_XCOMET-XXL-refA,0.2923436802033312,118.6335,118.6335,118.6745,118.6745,-0.00034560221185420126,0.0,0.0,-0.00034560221185420126,-0.04099999999999682,0.0,cvq
23,zhen23,14,0.01,False,best post hoc,mtme_BERTscore-refA,-0.03334632135630241,118.6335,118.6335,118.6745,118.6745,-0.00034560221185420126,0.0,0.0,-0.00034560221185420126,-0.04099999999999682,0.0,cvq
23,zhen23,14,0.02,False,mean,,,118.6335,118.6335,118.6745,118.6745,-0.00034560221185420126,0.0,0.0,-0.00034560221185420126,-0.04099999999999682,0.0,cvq
23,zhen23,14,0.02,False,COMET-22,mtme_COMET-refA,0.09923297517503248,118.6335,118.6335,118.6745,118.6745,-0.00034560221185420126,0.0,0.0,-0.00034560221185420126,-0.04099999999999682,0.0,cvq
23,zhen23,14,0.02,False,strongest,mtme_XCOMET-XXL-refA,0.2923436802033312,118.6335,118.6335,118.6745,118.6745,-0.00034560221185420126,0.0,0.0,-0.00034560221185420126,-0.04099999999999682,0.0,cvq
23,zhen23,14,0.02,False,best post hoc,mtme_BERTscore-refA,-0.03334632135630241,118.6335,118.6335,118.6745,118.6745,-0.00034560221185420126,0.0,0.0,-0.00034560221185420126,-0.04099999999999682,0.0,cvq
23,zhen23,15,0.01,False,mean,,,118.668,118.66799999999999,118.68,118.68000000000004,-0.0001011224592981641,1.1102230246251565e-16,-2.220446049250313e-16,-0.00010112245929838615,-0.012000000000000455,-2.842170943040401e-14,cvq
23,zhen23,15,0.01,False,COMET-22,mtme_COMET-refA,0.19866143892382854,118.668,118.668,118.68,118.68,-0.0001011224592981641,0.0,0.0,-0.0001011224592981641,-0.012000000000000455,0.0,cvq
23,zhen23,15,0.01,False,strongest,mtme_XCOMET-XXL-refA,0.47721319834425235,118.668,118.668,118.68,118.68,-0.0001011224592981641,0.0,0.0,-0.0001011224592981641,-0.012000000000000455,0.0,cvq
23,zhen23,15,0.01,False,best post hoc,mtme_BERTscore-refA,0.0514843895617165,118.668,118.668,118.68,118.68,-0.0001011224592981641,0.0,0.0,-0.0001011224592981641,-0.012000000000000455,0.0,cvq
23,zhen23,15,0.02,False,mean,,,118.668,118.66799999999999,118.68,118.68000000000004,-0.0001011224592981641,1.1102230246251565e-16,-2.220446049250313e-16,-0.00010112245929838615,-0.012000000000000455,-2.842170943040401e-14,cvq
23,zhen23,15,0.02,False,COMET-22,mtme_COMET-refA,0.19866143892382854,118.668,118.668,118.68,118.68,-0.0001011224592981641,0.0,0.0,-0.0001011224592981641,-0.012000000000000455,0.0,cvq
23,zhen23,15,0.02,False,strongest,mtme_XCOMET-XXL-refA,0.47721319834425235,118.668,118.668,118.68,118.68,-0.0001011224592981641,0.0,0.0,-0.0001011224592981641,-0.012000000000000455,0.0,cvq
23,zhen23,15,0.02,False,best post hoc,mtme_BERTscore-refA,0.0514843895617165,118.668,118.668,118.68,118.68,-0.0001011224592981641,0.0,0.0,-0.0001011224592981641,-0.012000000000000455,0.0,cvq
23,zhen23,23,0.01,False,mean,,,78.2085,78.20850000000002,78.1565,78.1565,0.0006648893662454247,-2.220446049250313e-16,0.0,0.0006648893662454247,0.05200000000000671,0.0,cvq
23,zhen23,23,0.01,False,COMET-22,mtme_COMET-refA,0.09386559372833406,78.2085,78.2085,78.1565,78.1565,0.0006648893662454247,0.0,0.0,0.0006648893662454247,0.05200000000000671,0.0,cvq
23,zhen23,23,0.01,False,strongest,mtme_XCOMET-XXL-refA,0.12337372186176734,78.2085,78.2085,78.1565,78.1565,0.0006648893662454247,0.0,0.0,0.0006648893662454247,0.05200000000000671,0.0,cvq
23,zhen23,23,0.01,False,best post hoc,mtme_BERTscore-refA,0.03212716273221351,78.2085,78.2085,78.1565,78.1565,0.0006648893662454247,0.0,0.0,0.0006648893662454247,0.05200000000000671,0.0,cvq
23,zhen23,23,0.02,False,mean,,,78.2085,78.20850000000002,78.1565,78.1565,0.0006648893662454247,-2.220446049250313e-16,0.0,0.0006648893662454247,0.05200000000000671,0.0,cvq
23,zhen23,23,0.02,False,COMET-22,mtme_COMET-refA,0.09386559372833406,78.2085,78.2085,78.1565,78.1565,0.0006648893662454247,0.0,0.0,0.0006648893662454247,0.05200000000000671,0.0,cvq
23,zhen23,23,0.02,False,strongest,mtme_XCOMET-XXL-refA,0.12337372186176734,78.2085,78.2085,78.1565,78.1565,0.0006648893662454247,0.0,0.0,0.0006648893662454247,0.05200000000000671,0.0,cvq
23,zhen23,23,0.02,False,best post hoc,mtme_BERTscore-refA,0.03212716273221351,78.2085,78.2085,78.1565,78.1565,0.0006648893662454247,0.0,0.0,0.0006648893662454247,0.05200000000000671,0.0,cvq
23,zhen23,24,0.01,True,mean,,,197.95326666666668,190.39815462762112,101.17622413793103,99.29167370947813,0.4888883328795903,0.03816613974735561,0.018626415884859804,0.4984085113549791,96.77704252873565,1.884550428452897,cvq
23,zhen23,24,0.01,True,COMET-22,mtme_COMET-refA,0.039607574172178604,197.95326666666668,193.05893714285716,101.17622413793103,99.77385365853658,0.4888883328795903,0.02472467166733383,0.013860672221594594,0.4959726841661791,96.77704252873565,1.402370479394449,cvq
23,zhen23,24,0.01,True,strongest,mtme_XCOMET-XXL-refA,0.17710357265194154,197.95326666666668,182.11044444444445,101.17622413793103,97.43075,0.4888883328795903,0.08003314362525749,0.03701931130405611,0.5078093347958559,96.77704252873565,3.7454741379310263,cvq
23,zhen23,24,0.01,True,best post hoc,mtme_GEMBA-MQM-src,0.176083032306335,197.95326666666668,183.36551111111118,101.17622413793103,96.38005882352941,0.4888883328795903,0.07369292662454419,0.04740407497183452,0.5131171086667456,96.77704252873565,4.79616531440162,cvq
23,zhen23,24,0.02,False,mean,,,84.724,84.724,84.71,84.71,0.00016524243425719565,0.0,0.0,0.00016524243425719565,0.014000000000010004,0.0,cvq
23,zhen23,24,0.02,False,COMET-22,mtme_COMET-refA,0.039607574172178604,84.724,84.724,84.71,84.71,0.00016524243425719565,0.0,0.0,0.00016524243425719565,0.014000000000010004,0.0,cvq
23,zhen23,24,0.02,False,strongest,mtme_XCOMET-XXL-refA,0.17710357265194154,84.724,84.724,84.71,84.71,0.00016524243425719565,0.0,0.0,0.00016524243425719565,0.014000000000010004,0.0,cvq
23,zhen23,24,0.02,False,best post hoc,mtme_BERTscore-refA,0.006150179577104663,84.724,84.724,84.71,84.71,0.00016524243425719565,0.0,0.0,0.00016524243425719565,0.014000000000010004,0.0,cvq
23,zhen23,25,0.01,True,mean,,,208.23302287581697,200.051351001721,201.48525,192.51381691876114,0.03240491245157162,0.03929094319960591,0.04452650048199003,0.07548853558366786,6.747772875816963,8.971433081238871,cvq
23,zhen23,25,0.01,True,COMET-22,mtme_COMET-refA,0.2078841414928469,208.23302287581697,199.13754697986576,201.48525,193.1384411764706,0.03240491245157162,0.043679315462732515,0.04142640130495612,0.07248889484905696,6.747772875816963,8.346808823529415,cvq
23,zhen23,25,0.01,True,strongest,mtme_XCOMET-XXL-refA,0.343038067755475,208.23302287581697,194.2890179856115,201.48525,187.06221232876712,0.03240491245157162,0.06696346572522838,0.0715835907156126,0.1016688431770757,6.747772875816963,14.42303767123289,cvq
23,zhen23,25,0.01,True,best post hoc,mtme_MetricX-23-QE-b-src,0.396654875006735,208.23302287581697,187.09168309859155,201.48525,177.62926562500002,0.03240491245157162,0.10152731533765125,0.11840064905495562,0.14696879883969216,6.747772875816963,23.85598437499999,cvq
23,zhen23,25,0.02,True,mean,,,140.99013636363637,137.7513702032116,137.2475606060606,134.99467538206767,0.026544947427549537,0.022971579742794734,0.016414756036789213,0.04252397462830615,3.7425757575757643,2.2528852239929336,cvq
23,zhen23,25,0.02,True,COMET-22,mtme_COMET-refA,0.2078841414928469,140.99013636363637,138.89131481481482,137.2475606060606,134.49675688073395,0.026544947427549537,0.014886300580689849,0.0200426420198625,0.046055558568685484,3.7425757575757643,2.750803725326648,cvq
23,zhen23,25,0.02,True,strongest,mtme_XCOMET-XXL-refA,0.343038067755475,140.99013636363637,137.3061875,137.2475606060606,134.73714705882355,0.026544947427549537,0.02612912476469187,0.018291134182287228,0.04435054441457764,3.7425757575757643,2.51041354723705,cvq
23,zhen23,25,0.02,True,best post hoc,mtme_MetricX-23-QE-b-src,0.396654875006735,140.99013636363637,131.56845348837209,137.2475606060606,128.90553061224492,0.026544947427549537,0.06682512066634394,0.06078089808648535,0.08571241976972988,3.7425757575757643,8.342029993815686,cvq
23,zhen23,34,0.01,True,mean,,,218.74860416666667,212.78163823067496,112.90687142857142,110.0529257417297,0.48385100851868024,0.027277732622446482,0.025276988466084838,0.4968977006231349,105.84173273809525,2.853945686841726,cvq
23,zhen23,34,0.01,True,COMET-22,mtme_COMET-refA,0.08117319641180926,218.74860416666667,215.86116279069765,112.90687142857142,111.54070503597121,0.48385100851868024,0.013199816231828643,0.012099940201287795,0.49009638045055925,105.84173273809525,1.3661663926002063,cvq
23,zhen23,34,0.01,True,strongest,mtme_XCOMET-XXL-refA,0.25853404159487686,218.74860416666667,207.77492307692305,112.90687142857142,105.63099130434782,0.48385100851868024,0.05016571937246583,0.06444142887110782,0.5171123870401177,105.84173273809525,7.275880124223605,cvq
23,zhen23,34,0.01,True,best post hoc,mtme_MetricX-23-QE-src,0.31430954223128305,218.74860416666667,207.2215294117647,112.90687142857142,104.95778761061948,0.48385100851868024,0.052695535127252224,0.07040389763151655,0.5201899092775416,105.84173273809525,7.949083817951944,cvq
23,zhen23,34,0.02,False,mean,,,85.508,85.50799999999998,85.528,85.52799999999999,-0.00023389624362635253,1.1102230246251565e-16,1.1102230246251565e-16,-0.00023389624362635253,-0.020000000000010232,1.4210854715202004e-14,cvq
23,zhen23,34,0.02,False,COMET-22,mtme_COMET-refA,0.08117319641180926,85.508,85.508,85.528,85.528,-0.00023389624362635253,0.0,0.0,-0.00023389624362635253,-0.020000000000010232,0.0,cvq
23,zhen23,34,0.02,False,strongest,mtme_XCOMET-XXL-refA,0.25853404159487686,85.508,85.508,85.528,85.528,-0.00023389624362635253,0.0,0.0,-0.00023389624362635253,-0.020000000000010232,0.0,cvq
23,zhen23,34,0.02,False,best post hoc,mtme_BERTscore-refA,0.028292440547385205,85.508,85.508,85.528,85.528,-0.00023389624362635253,0.0,0.0,-0.00023389624362635253,-0.020000000000010232,0.0,cvq
23,zhen23,35,0.01,True,mean,,,217.12931699346404,208.86927720914926,208.73533116883115,200.95092762445134,0.038658924280066564,0.03804202904835474,0.03729317648713515,0.07451038668122234,8.393985824632892,7.784403544379813,cvq
23,zhen23,35,0.01,True,COMET-22,mtme_COMET-refA,0.21322151917612553,217.12931699346404,209.73493243243246,208.73533116883115,200.98816878980892,0.038658924280066564,0.03405521033925685,0.03711476315792506,0.07433887061939681,8.393985824632892,7.747162379022228,cvq
23,zhen23,35,0.01,True,strongest,mtme_XCOMET-XXL-refA,0.3495803301682632,217.12931699346404,201.8601976744186,208.73533116883115,195.26517073170731,0.038658924280066564,0.07032269769220101,0.06453224934033219,0.10069642627952846,8.393985824632892,13.470160437123837,cvq
23,zhen23,35,0.01,True,best post hoc,mtme_MetricX-23-QE-b-src,0.42111964444620276,217.12931699346404,192.6117773722628,208.73533116883115,187.49917052023125,0.038658924280066564,0.11291676297189879,0.10173725995348382,0.13646313120454723,8.393985824632892,21.236160648599906,cvq
23,zhen23,35,0.02,True,mean,,,148.5023489208633,145.23972686207188,144.76224358974358,141.65832228269264,0.025185496110319616,0.021970171397962757,0.021441511474825314,0.04608699248129633,3.740105331119736,3.103921307050939,cvq
23,zhen23,35,0.02,True,COMET-22,mtme_COMET-refA,0.21322151917612553,148.5023489208633,145.8213313253012,144.76224358974358,142.52539265536723,0.025185496110319616,0.01805370497533898,0.015451894630174379,0.04024822710838871,3.740105331119736,2.236850934376349,cvq
23,zhen23,35,0.02,True,strongest,mtme_XCOMET-XXL-refA,0.3495803301682632,148.5023489208633,143.42379411764708,144.76224358974358,139.7937049689441,0.025185496110319616,0.0341984813043098,0.034322061454645114,0.05864313941970056,3.740105331119736,4.968538620799478,cvq
23,zhen23,35,0.02,True,best post hoc,mtme_MetricX-23-QE-b-src,0.42111964444620276,148.5023489208633,138.9184019607843,144.76224358974358,136.2105,0.025185496110319616,0.0645373425385094,0.05907440626562288,0.08277208414672033,3.740105331119736,8.55174358974358,cvq
23,zhen23,45,0.01,True,mean,,,209.76803535353537,197.09375677760485,194.93731188118812,185.58981791970186,0.07070058813942781,0.0604204475413509,0.04795128172888441,0.11526168604804077,14.830723472347245,9.347493961486265,cvq
23,zhen23,45,0.01,True,COMET-22,mtme_COMET-refA,0.19568980725939733,209.76803535353537,197.7705661157025,194.93731188118812,186.78875862068963,0.07070058813942781,0.05719398199831904,0.041800890665122825,0.10954613124977453,14.830723472347245,8.148553260498488,cvq
23,zhen23,45,0.01,True,strongest,mtme_XCOMET-XXL-refA,0.34842175086229576,209.76803535353537,191.33186666666668,194.93731188118812,178.75853448275862,0.07070058813942781,0.08788836037767644,0.08299477017663126,0.14782757925207468,14.830723472347245,16.178777398429503,cvq
23,zhen23,45,0.01,True,best post hoc,mtme_MetricX-23-QE-b-src,0.38939284101341953,209.76803535353537,179.54018794326242,194.93731188118812,174.37007534246573,0.07070058813942781,0.14410130389660192,0.10550692599710143,0.16874811241575116,14.830723472347245,20.567236538722398,cvq
23,zhen23,45,0.02,True,mean,,,139.29290449438201,133.99690974301498,133.42388260869566,130.72090866692892,0.042134392322353054,0.038020563722114264,0.02025854658789983,0.061539357360437696,5.869021885686351,2.702973941766743,cvq
23,zhen23,45,0.02,True,COMET-22,mtme_COMET-refA,0.19568980725939733,139.29290449438201,134.28701063829786,133.42388260869566,130.50857692307693,0.042134392322353054,0.035937895575191,0.021849953910940467,0.06306371170298464,5.869021885686351,2.9153056856187334,cvq
23,zhen23,45,0.02,True,strongest,mtme_XCOMET-XXL-refA,0.34842175086229576,139.29290449438201,131.76658450704224,133.42388260869566,127.52973255813953,0.042134392322353054,0.05403232860036544,0.044176124508701675,0.08444918266972401,5.869021885686351,5.894150050556135,cvq
23,zhen23,45,0.02,True,best post hoc,mtme_MetricX-23-QE-b-src,0.38939284101341953,139.29290449438201,127.48189130434783,133.42388260869566,125.9519,0.042134392322353054,0.08479264060798264,0.0560018376216006,0.09577662654683239,5.869021885686351,7.471982608695669,cvq
23,ende23,01,0.01,True,mean,,,560.4258008849557,555.7129093570161,531.5773193277311,528.8486043368694,0.05147600540815689,0.008409483504324022,0.005133241941760458,0.05634500855996194,28.84848155722466,2.728714990861704,cvl
23,ende23,01,0.01,True,COMET-22,mtme_COMET-refA,0.2811761091569501,560.4258008849557,550.9835737704918,531.5773193277311,525.9421640625,0.05147600540815689,0.016848309088471458,0.010600819599221656,0.061531137160358074,28.84848155722466,5.635155265231106,cvl
23,ende23,01,0.01,True,strongest,mtme_XCOMET-XXL-refA,0.30520583836009385,560.4258008849557,547.3062718894009,531.5773193277311,522.2555040650406,0.05147600540815689,0.02340993040441397,0.01753614182501151,0.06810945670174595,28.84848155722466,9.321815262690507,cvl
23,ende23,01,0.01,True,best post hoc,mtme_XCOMET-Ensemble-refA,0.3874982849327039,560.4258008849557,536.1817445887447,531.5773193277311,512.5986385542168,0.05147600540815689,0.04326006450439612,0.03570257812638811,0.08534075742982594,28.84848155722466,18.97868077351427,cvl
23,ende23,01,0.02,True,mean,,,286.3234387755102,284.6391392744085,275.3468058252427,275.1750595491408,0.038336480580179355,0.005882506539823695,0.000623745300357248,0.038936313680942525,10.976632950267515,0.1717462761018851,cvl
23,ende23,01,0.02,True,COMET-22,mtme_COMET-refA,0.2811761091569501,286.3234387755102,282.1678144329897,275.3468058252427,272.99970093457944,0.038336480580179355,0.014513741383843537,0.008524176932536931,0.046533870569280156,10.976632950267515,2.3471048906632745,cvl
23,ende23,01,0.02,True,strongest,mtme_XCOMET-XXL-refA,0.30520583836009385,286.3234387755102,280.5857464114833,275.3468058252427,270.7135684210526,0.038336480580179355,0.020039198986170126,0.016826915388772345,0.0545183112539257,10.976632950267515,4.6332374041900835,cvl
23,ende23,01,0.02,True,best post hoc,mtme_MetricX-23-QE-c-src,0.34612626837062477,286.3234387755102,278.310729468599,275.3468058252427,266.4945778894472,0.038336480580179355,0.027984817942877327,0.03214937579996424,0.06925336245912328,10.976632950267515,8.852227935795497,cvl
23,ende23,02,0.01,True,mean,,,189.08085028248587,188.29879937911429,186.8606818181818,186.41158822777703,0.011741900150052942,0.004136066144208694,0.002403360546665123,0.01411704067715458,2.2201684643040664,0.4490935904047717,cvl
23,ende23,02,0.01,True,COMET-22,mtme_COMET-refA,0.24359199276111237,189.08085028248587,186.51179341317365,186.8606818181818,183.5509705882353,0.011741900150052942,0.013587081216707375,0.017712186414726383,0.029246111840458555,2.2201684643040664,3.3097112299465152,cvl
23,ende23,02,0.01,True,strongest,mtme_XCOMET-XXL-refA,0.3219862832483404,189.08085028248587,180.12252649006624,186.8606818181818,179.848141025641,0.011741900150052942,0.04737827114187365,0.037528177272541985,0.04882942531224732,2.2201684643040664,7.01254079254079,cvl
23,ende23,02,0.01,True,best post hoc,mtme_MetricX-23-refA,0.3363887394888623,189.08085028248587,182.2439193548387,186.8606818181818,179.79432608695652,0.011741900150052942,0.03615876974020804,0.03781617225447653,0.04911403868586017,2.2201684643040664,7.066355731225286,cvl
23,ende23,02,0.02,True,mean,,,153.8407574257426,153.89149936080935,153.42974444444445,152.90743422851804,0.0026716780921761663,-0.0003298341474380351,0.003404230501834249,0.006066813585957953,0.4110129812981427,0.5223102159264101,cvl
23,ende23,02,0.02,True,COMET-22,mtme_COMET-refA,0.24359199276111237,153.8407574257426,152.04077807486632,153.42974444444445,151.04347674418605,0.0026716780921761663,0.011700276188155834,0.015552836308884377,0.018182962229022825,0.4110129812981427,2.3862677002584007,cvl
23,ende23,02,0.02,True,strongest,mtme_XCOMET-XXL-refA,0.3219862832483404,153.8407574257426,152.29351863354037,153.42974444444445,149.84871518987342,0.0026716780921761663,0.01005740493021856,0.023339863254922433,0.02594918474576602,0.4110129812981427,3.5810292545710354,cvl
23,ende23,02,0.02,True,best post hoc,mtme_MetricX-23-b-refA,0.34180557746891493,153.8407574257426,150.71175,153.42974444444445,149.69199411764706,0.0026716780921761663,0.020339261702172373,0.024361314947968227,0.026967907448701367,0.4110129812981427,3.7377503267973964,cvl
23,ende23,03,0.01,False,mean,,,121.1051213592233,120.29722444351148,119.80126923076924,119.40422578881295,0.01076628398386692,0.006671038405679175,0.0033141839356599645,0.01404478647410079,1.3038521284540678,0.39704344195628494,cvl
23,ende23,03,0.01,False,COMET-22,mtme_COMET-refA,0.19654279455957668,121.1051213592233,119.77230582524273,119.80126923076924,119.26357692307693,0.01076628398386692,0.011005443196965725,0.004488202096228022,0.015206164821749968,1.3038521284540678,0.5376923076923106,cvl
23,ende23,03,0.01,False,strongest,mtme_XCOMET-XXL-refA,0.307761008431316,121.1051213592233,117.7125,119.80126923076924,117.6505,0.01076628398386692,0.02801385541045842,0.017952808384911867,0.02852580733539889,1.3038521284540678,2.1507692307692423,cvl
23,ende23,03,0.01,False,best post hoc,mtme_GEMBA-MQM-src,0.16693864745189851,121.1051213592233,119.13427215189874,119.80126923076924,117.6505,0.01076628398386692,0.01627387170092176,0.017952808384911867,0.02852580733539889,1.3038521284540678,2.1507692307692423,cvl
23,ende23,03,0.02,False,mean,,,117.7125,117.71249999999998,117.6505,117.65049999999998,0.0005267070192206402,2.220446049250313e-16,1.1102230246251565e-16,0.0005267070192207512,0.06200000000001182,1.4210854715202004e-14,cvl
23,ende23,03,0.02,False,COMET-22,mtme_COMET-refA,0.19654279455957668,117.7125,117.7125,117.6505,117.6505,0.0005267070192206402,0.0,0.0,0.0005267070192206402,0.06200000000001182,0.0,cvl
23,ende23,03,0.02,False,strongest,mtme_XCOMET-XXL-refA,0.307761008431316,117.7125,117.7125,117.6505,117.6505,0.0005267070192206402,0.0,0.0,0.0005267070192206402,0.06200000000001182,0.0,cvl
23,ende23,03,0.02,False,best post hoc,mtme_BERTscore-refA,0.10431407547422768,117.7125,117.7125,117.6505,117.6505,0.0005267070192206402,0.0,0.0,0.0005267070192206402,0.06200000000001182,0.0,cvl
23,ende23,04,0.01,False,mean,,,122.62910810810811,120.56267629469433,121.4655,119.46949705035153,0.009488840994279157,0.0168510710490698,0.01643267388392977,0.02576558784861349,1.1636081081081073,1.9960029496484708,cvl
23,ende23,04,0.01,False,COMET-22,mtme_COMET-refA,0.3075335708637683,122.62910810810811,119.065,121.4655,119.1758488372093,0.009488840994279157,0.02906412811031822,0.01885021806842857,0.028160192340748846,1.1636081081081073,2.2896511627907046,cvl
23,ende23,04,0.01,False,strongest,mtme_XCOMET-XXL-refA,0.45937394140770577,122.62910810810811,117.401,121.4655,117.343,0.009488840994279157,0.042633500224914744,0.033939678344879876,0.04310647112794741,1.1636081081081073,4.122500000000002,cvl
23,ende23,04,0.01,False,best post hoc,mtme_BLEURT-20-refA,0.3154602516525982,122.62910810810811,119.24231147540983,121.4655,117.343,0.009488840994279157,0.027618211409582538,0.033939678344879876,0.04310647112794741,1.1636081081081073,4.122500000000002,cvl
23,ende23,04,0.02,False,mean,,,117.401,117.401,117.343,117.343,0.0004940332705853923,0.0,0.0,0.0004940332705853923,0.057999999999992724,0.0,cvl
23,ende23,04,0.02,False,COMET-22,mtme_COMET-refA,0.3075335708637683,117.401,117.401,117.343,117.343,0.0004940332705853923,0.0,0.0,0.0004940332705853923,0.057999999999992724,0.0,cvl
23,ende23,04,0.02,False,strongest,mtme_XCOMET-XXL-refA,0.45937394140770577,117.401,117.401,117.343,117.343,0.0004940332705853923,0.0,0.0,0.0004940332705853923,0.057999999999992724,0.0,cvl
23,ende23,04,0.02,False,best post hoc,mtme_BERTscore-refA,0.18278992052908064,117.401,117.401,117.343,117.343,0.0004940332705853923,0.0,0.0,0.0004940332705853923,0.057999999999992724,0.0,cvl
23,ende23,05,0.01,False,mean,,,118.145,118.14500000000002,118.094,118.09400000000001,0.00043167294426338376,-2.220446049250313e-16,-2.220446049250313e-16,0.00043167294426327274,0.05100000000000193,-1.4210854715202004e-14,cvl
23,ende23,05,0.01,False,COMET-22,mtme_COMET-refA,0.3615414631686772,118.145,118.145,118.094,118.094,0.00043167294426338376,0.0,0.0,0.00043167294426338376,0.05100000000000193,0.0,cvl
23,ende23,05,0.01,False,strongest,mtme_XCOMET-XXL-refA,0.522920904977236,118.145,118.145,118.094,118.094,0.00043167294426338376,0.0,0.0,0.00043167294426338376,0.05100000000000193,0.0,cvl
23,ende23,05,0.01,False,best post hoc,mtme_BERTscore-refA,0.16073255386916718,118.145,118.145,118.094,118.094,0.00043167294426338376,0.0,0.0,0.00043167294426338376,0.05100000000000193,0.0,cvl
23,ende23,05,0.02,False,mean,,,118.145,118.14500000000002,118.094,118.09400000000001,0.00043167294426338376,-2.220446049250313e-16,-2.220446049250313e-16,0.00043167294426327274,0.05100000000000193,-1.4210854715202004e-14,cvl
23,ende23,05,0.02,False,COMET-22,mtme_COMET-refA,0.3615414631686772,118.145,118.145,118.094,118.094,0.00043167294426338376,0.0,0.0,0.00043167294426338376,0.05100000000000193,0.0,cvl
23,ende23,05,0.02,False,strongest,mtme_XCOMET-XXL-refA,0.522920904977236,118.145,118.145,118.094,118.094,0.00043167294426338376,0.0,0.0,0.00043167294426338376,0.05100000000000193,0.0,cvl
23,ende23,05,0.02,False,best post hoc,mtme_BERTscore-refA,0.16073255386916718,118.145,118.145,118.094,118.094,0.00043167294426338376,0.0,0.0,0.00043167294426338376,0.05100000000000193,0.0,cvl
23,ende23,12,0.01,True,mean,,,207.69227551020407,203.96092137774997,199.88020833333334,196.68126621970507,0.03761366260579546,0.017965781940074033,0.016004296474884105,0.05301597887283016,7.812067176870727,3.198942113628277,cvl
23,ende23,12,0.01,True,COMET-22,mtme_COMET-refA,0.30007496429552283,207.69227551020407,200.4812176470588,199.88020833333334,195.1810135135135,0.03761366260579546,0.0347199136098395,0.023510055642843586,0.06023941894784568,7.812067176870727,4.699194819819837,cvl
23,ende23,12,0.01,True,strongest,mtme_XCOMET-XXL-refA,0.38049544093850984,207.69227551020407,197.4782536231884,199.88020833333334,191.89986994219652,0.03761366260579546,0.04917863152071744,0.03992560572994941,0.07603752007248654,7.812067176870727,7.980338391136826,cvl
23,ende23,12,0.01,True,best post hoc,mtme_XCOMET-Ensemble-refA,0.4218280196500904,207.69227551020407,194.81786129032258,199.88020833333334,189.02360119047617,0.03761366260579546,0.06198792992303148,0.05431556847665464,0.08988622361552723,7.812067176870727,10.856607142857172,cvl
23,ende23,12,0.02,True,mean,,,168.26049999999998,164.27158506301143,163.55707627118645,159.4538041045426,0.027953225675744098,0.023706781668832222,0.025087707974434603,0.05233965128748208,4.703423728813533,4.103272166643848,cvl
23,ende23,12,0.02,True,COMET-22,mtme_COMET-refA,0.30007496429552283,168.26049999999998,162.7316875,163.55707627118645,156.08860958904108,0.027953225675744098,0.032858647751551784,0.045662754876849454,0.0723395592605448,4.703423728813533,7.468466682145362,cvl
23,ende23,12,0.02,True,strongest,mtme_XCOMET-XXL-refA,0.38049544093850984,168.26049999999998,157.97694444444446,163.55707627118645,152.06582352941177,0.027953225675744098,0.061116872679895295,0.07025836487026438,0.0962476426171811,4.703423728813533,11.491252741774673,cvl
23,ende23,12,0.02,True,best post hoc,mtme_XCOMET-Ensemble-refA,0.4218280196500904,168.26049999999998,154.13595,163.55707627118645,149.32625824175824,0.027953225675744098,0.08394453837947691,0.08700826863542577,0.11252933254234798,4.703423728813533,14.230818029428207,cvl
23,ende23,13,0.01,False,mean,,,124.57726829268293,123.82340602460852,123.73948120300751,122.52010967430438,0.00672503981791539,0.0060513629685897685,0.009854344925712355,0.0165131138816228,0.837787089675416,1.2193715287031353,cvl
23,ende23,13,0.01,False,COMET-22,mtme_COMET-refA,0.2783985454032892,124.57726829268293,123.36946456692914,123.73948120300751,121.48614285714285,0.00672503981791539,0.009695217613185814,0.01821034260009402,0.02481291713892586,0.837787089675416,2.2533383458646625,cvl
23,ende23,13,0.01,False,strongest,mtme_XCOMET-XXL-refA,0.359470292951394,124.57726829268293,120.98613953488372,123.73948120300751,119.46381355932203,0.00672503981791539,0.028826517124795004,0.034553786730936786,0.04104645095722681,0.837787089675416,4.27566764368548,cvl
23,ende23,13,0.01,False,best post hoc,mtme_XCOMET-Ensemble-refA,0.3770391523932166,124.57726829268293,120.188,123.73948120300751,118.11130864197531,0.00672503981791539,0.035233300206669704,0.04548404847276355,0.05190320625361955,0.837787089675416,5.628172561032201,cvl
23,ende23,13,0.02,False,mean,,,117.068,117.06800000000001,117.034,117.03399999999999,0.00029042949396929085,-2.220446049250313e-16,1.1102230246251565e-16,0.0002904294939694019,0.033999999999991815,1.4210854715202004e-14,cvl
23,ende23,13,0.02,False,COMET-22,mtme_COMET-refA,0.2783985454032892,117.068,117.068,117.034,117.034,0.00029042949396929085,0.0,0.0,0.00029042949396929085,0.033999999999991815,0.0,cvl
23,ende23,13,0.02,False,strongest,mtme_XCOMET-XXL-refA,0.359470292951394,117.068,117.068,117.034,117.034,0.00029042949396929085,0.0,0.0,0.00029042949396929085,0.033999999999991815,0.0,cvl
23,ende23,13,0.02,False,best post hoc,mtme_BERTscore-refA,0.06896196756712411,117.068,117.068,117.034,117.034,0.00029042949396929085,0.0,0.0,0.00029042949396929085,0.033999999999991815,0.0,cvl
23,ende23,14,0.01,False,mean,,,126.15976086956522,123.27171076659748,124.1193125,121.60171149674636,0.016173527561413215,0.022892006794096975,0.020283716953827358,0.03612918526003994,2.040448369565212,2.5176010032536453,cvl
23,ende23,14,0.01,False,COMET-22,mtme_COMET-refA,0.3038920831735995,126.15976086956522,124.18490825688073,124.1193125,122.89439310344828,0.016173527561413215,0.015653585573345064,0.009868886411626976,0.02588279926666126,2.040448369565212,1.2249193965517264,cvl
23,ende23,14,0.01,False,strongest,mtme_XCOMET-XXL-refA,0.39849752666396754,126.15976086956522,116.441,124.1193125,116.369,0.016173527561413215,0.07703534631468834,0.0624424381983264,0.07760605126453712,2.040448369565212,7.750312500000007,cvl
23,ende23,14,0.01,False,best post hoc,mtme_MetricX-23-QE-b-src,0.38023345152065946,126.15976086956522,116.66385714285714,124.1193125,116.369,0.016173527561413215,0.07526887861277543,0.0624424381983264,0.07760605126453712,2.040448369565212,7.750312500000007,cvl
23,ende23,14,0.02,False,mean,,,116.441,116.441,116.369,116.36899999999999,0.0006183389012461848,0.0,1.1102230246251565e-16,0.0006183389012462959,0.07200000000000273,1.4210854715202004e-14,cvl
23,ende23,14,0.02,False,COMET-22,mtme_COMET-refA,0.3038920831735995,116.441,116.441,116.369,116.369,0.0006183389012461848,0.0,0.0,0.0006183389012461848,0.07200000000000273,0.0,cvl
23,ende23,14,0.02,False,strongest,mtme_XCOMET-XXL-refA,0.39849752666396754,116.441,116.441,116.369,116.369,0.0006183389012461848,0.0,0.0,0.0006183389012461848,0.07200000000000273,0.0,cvl
23,ende23,14,0.02,False,best post hoc,mtme_BERTscore-refA,0.08606818924748039,116.441,116.441,116.369,116.369,0.0006183389012461848,0.0,0.0,0.0006183389012461848,0.07200000000000273,0.0,cvl
23,ende23,15,0.01,False,mean,,,118.469,118.46900000000001,118.454,118.45399999999998,0.00012661540149738748,-2.220446049250313e-16,1.1102230246251565e-16,0.00012661540149760953,0.015000000000000568,1.4210854715202004e-14,cvl
23,ende23,15,0.01,False,COMET-22,mtme_COMET-refA,0.31129624786250276,118.469,118.469,118.454,118.454,0.00012661540149738748,0.0,0.0,0.00012661540149738748,0.015000000000000568,0.0,cvl
23,ende23,15,0.01,False,strongest,mtme_XCOMET-XXL-refA,0.5259743157780556,118.469,118.469,118.454,118.454,0.00012661540149738748,0.0,0.0,0.00012661540149738748,0.015000000000000568,0.0,cvl
23,ende23,15,0.01,False,best post hoc,mtme_BERTscore-refA,0.09170076866005718,118.469,118.469,118.454,118.454,0.00012661540149738748,0.0,0.0,0.00012661540149738748,0.015000000000000568,0.0,cvl
23,ende23,15,0.02,False,mean,,,118.469,118.46900000000001,118.454,118.45399999999998,0.00012661540149738748,-2.220446049250313e-16,1.1102230246251565e-16,0.00012661540149760953,0.015000000000000568,1.4210854715202004e-14,cvl
23,ende23,15,0.02,False,COMET-22,mtme_COMET-refA,0.31129624786250276,118.469,118.469,118.454,118.454,0.00012661540149738748,0.0,0.0,0.00012661540149738748,0.015000000000000568,0.0,cvl
23,ende23,15,0.02,False,strongest,mtme_XCOMET-XXL-refA,0.5259743157780556,118.469,118.469,118.454,118.454,0.00012661540149738748,0.0,0.0,0.00012661540149738748,0.015000000000000568,0.0,cvl
23,ende23,15,0.02,False,best post hoc,mtme_BERTscore-refA,0.09170076866005718,118.469,118.469,118.454,118.454,0.00012661540149738748,0.0,0.0,0.00012661540149738748,0.015000000000000568,0.0,cvl
23,ende23,23,0.01,True,mean,,,215.36519277108434,214.91101149250565,200.20424590163938,201.8175467177451,0.07039645856589183,0.0021088889654580223,-0.008058274732586579,0.06290545783663049,15.160946869444956,-1.6133008161057205,cvl
23,ende23,23,0.01,True,COMET-22,mtme_COMET-refA,0.20334710345230045,215.36519277108434,211.97416783216784,200.20424590163938,199.8115147058824,0.07039645856589183,0.015745464228850037,0.001961652681182091,0.07222001784538246,15.160946869444956,0.3927311957569941,cvl
23,ende23,23,0.01,True,strongest,mtme_XCOMET-XXL-refA,0.25614797278739887,215.36519277108434,211.23535443037977,200.20424590163938,194.16692957746477,0.07039645856589183,0.019175978660090354,0.030155785642731803,0.09842938369410326,15.160946869444956,6.037316324174611,cvl
23,ende23,23,0.01,True,best post hoc,mtme_XCOMET-Ensemble-refA,0.26874126594989534,215.36519277108434,209.82668354430382,200.20424590163938,191.50276119402986,0.07039645856589183,0.025716826175655516,0.043463037801328985,0.11079985242749191,15.160946869444956,8.701484707609524,cvl
23,ende23,23,0.02,True,mean,,,158.60790361445783,159.0014210518534,153.28851785714286,153.93702120620824,0.03353796145143728,-0.002481070794253304,-0.00423060616757831,0.02944924119042336,5.319385757314961,-0.6485033490653791,cvl
23,ende23,23,0.02,True,COMET-22,mtme_COMET-refA,0.20334710345230045,158.60790361445783,161.0171724137931,153.28851785714286,155.304625,0.03353796145143728,-0.01519009295521423,-0.013152368951313331,0.02082669614300814,5.319385757314961,-2.0161071428571233,cvl
23,ende23,23,0.02,True,strongest,mtme_XCOMET-XXL-refA,0.25614797278739887,158.60790361445783,158.92743195266272,153.28851785714286,153.5709097744361,0.03353796145143728,-0.0020145801749047454,-0.001842224853112695,0.03175752106443308,5.319385757314961,-0.2823919172932392,cvl
23,ende23,23,0.02,True,best post hoc,mtme_XCOMET-Ensemble-refA,0.26874126594989534,158.60790361445783,157.68259627329192,153.28851785714286,152.17995454545454,0.03353796145143728,0.005833929584083797,0.00723187442337625,0.04052729354918072,5.319385757314961,1.1085633116883287,cvl
23,ende23,24,0.01,True,mean,,,193.20377868852458,188.59983400176702,176.880148,175.73002684147806,0.08448918959727436,0.023829475375737097,0.006502262529325398,0.09044208123494835,16.323630688524588,1.1501211585219266,cvl
23,ende23,24,0.01,True,COMET-22,mtme_COMET-refA,0.2886813928371429,193.20377868852458,180.3102739130435,176.880148,172.84707664233576,0.08448918959727436,0.0667352619239786,0.022801153228706128,0.10536389186780393,16.323630688524588,4.033071357664227,cvl
23,ende23,24,0.01,True,strongest,mtme_XCOMET-XXL-refA,0.3081407426449729,193.20377868852458,181.9893,176.880148,172.96538235294116,0.08448918959727436,0.05804482067922767,0.022132306487321785,0.1047515554455638,16.323630688524588,3.914765647058829,cvl
23,ende23,24,0.01,True,best post hoc,mtme_XCOMET-Ensemble-refA,0.33187406802308833,193.20377868852458,181.14398387096773,176.880148,170.70466535433073,0.08448918959727436,0.06242007738885469,0.03491337335193356,0.11645276032859597,16.323630688524588,6.175482645669263,cvl
23,ende23,24,0.02,True,mean,,,148.85769266055047,147.99263503618664,143.39884265734267,142.39294344369105,0.03667160161924554,0.005811306146847772,0.007014695481575517,0.043429056982640435,5.4588500032078,1.0058992136516167,cvl
23,ende23,24,0.02,True,COMET-22,mtme_COMET-refA,0.2886813928371429,148.85769266055047,147.14486363636365,143.39884265734267,140.20417407407407,0.03667160161924554,0.011506486454097353,0.022278203394586527,0.05813282761415328,5.4588500032078,3.1946685832685944,cvl
23,ende23,24,0.02,True,strongest,mtme_XCOMET-XXL-refA,0.3081407426449729,148.85769266055047,144.5415,143.39884265734267,139.32958333333335,0.03667160161924554,0.028995429012815266,0.02837721175848662,0.06400817557306004,5.4588500032078,4.069259324009323,cvl
23,ende23,24,0.02,True,best post hoc,mtme_XCOMET-Ensemble-refA,0.33187406802308833,148.85769266055047,142.56653448275864,143.39884265734267,138.65764166666668,0.03667160161924554,0.04226290267804933,0.0330630352575807,0.06852216241953724,5.4588500032078,4.741200990675992,cvl
23,ende23,25,0.01,False,mean,,,123.6138888888889,119.56079938780132,120.87316326530613,118.67205267731673,0.0221716641084424,0.03278830184471193,0.01821008508859956,0.0399780013070713,2.7407256235827617,2.2011105879894046,cvl
23,ende23,25,0.01,False,COMET-22,mtme_COMET-refA,0.288368137441675,123.6138888888889,117.605,120.87316326530613,117.525,0.0221716641084424,0.04861014359227889,0.027699806763203494,0.04925732006022332,2.7407256235827617,3.348163265306127,cvl
23,ende23,25,0.01,False,strongest,mtme_XCOMET-XXL-refA,0.46525202742681193,123.6138888888889,117.605,120.87316326530613,117.525,0.0221716641084424,0.04861014359227889,0.027699806763203494,0.04925732006022332,2.7407256235827617,3.348163265306127,cvl
23,ende23,25,0.01,False,best post hoc,mtme_BLEURT-20-refA,0.33980295154383255,123.6138888888889,117.605,120.87316326530613,117.525,0.0221716641084424,0.04861014359227889,0.027699806763203494,0.04925732006022332,2.7407256235827617,3.348163265306127,cvl
23,ende23,25,0.02,False,mean,,,117.605,117.60499999999998,117.525,117.52499999999998,0.0006802431869392667,2.220446049250313e-16,2.220446049250313e-16,0.0006802431869395997,0.0799999999999983,2.842170943040401e-14,cvl
23,ende23,25,0.02,False,COMET-22,mtme_COMET-refA,0.288368137441675,117.605,117.605,117.525,117.525,0.0006802431869392667,0.0,0.0,0.0006802431869392667,0.0799999999999983,0.0,cvl
23,ende23,25,0.02,False,strongest,mtme_XCOMET-XXL-refA,0.46525202742681193,117.605,117.605,117.525,117.525,0.0006802431869392667,0.0,0.0,0.0006802431869392667,0.0799999999999983,0.0,cvl
23,ende23,25,0.02,False,best post hoc,mtme_BERTscore-refA,0.12327173116120443,117.605,117.605,117.525,117.525,0.0006802431869392667,0.0,0.0,0.0006802431869392667,0.0799999999999983,0.0,cvl
23,ende23,34,0.01,True,mean,,,537.5681570048309,538.2092745525788,469.2263517241379,474.05987433226176,0.12713142396951704,-0.001192625603644304,-0.01030104679833821,0.11813996391902815,68.34180528069305,-4.833522608123872,cvl
23,ende23,34,0.01,True,COMET-22,mtme_COMET-refA,0.13287913228710957,537.5681570048309,537.9423911917098,469.2263517241379,473.74520676691725,0.12713142396951704,-0.0006961613741482964,-0.009630437476870535,0.11872531772253048,68.34180528069305,-4.518855042779364,cvl
23,ende23,34,0.01,True,strongest,mtme_XCOMET-XXL-refA,0.17342546319661195,537.5681570048309,535.022437799043,469.2263517241379,474.7356047619047,0.12713142396951704,0.00473562128376781,-0.0117411415994082,0.11688295042066932,68.34180528069305,-5.509253037766825,cvl
23,ende23,34,0.01,True,best post hoc,mtme_chrF-refA,0.028812161057255536,537.5681570048309,539.6068170731708,469.2263517241379,468.7607978723404,0.12713142396951704,-0.0037923750537953715,0.0009921732871286393,0.12799746085382846,68.34180528069305,0.46555385179749464,cvl
23,ende23,34,0.02,True,mean,,,259.2253625954199,263.636295069463,245.1082391304348,245.9231826512562,0.05445888212342109,-0.017015821406825005,-0.003324831199932543,0.051315117513885955,14.11712346498507,-0.8149435208214015,cvl
23,ende23,34,0.02,True,COMET-22,mtme_COMET-refA,0.13287913228710957,259.2253625954199,259.1661782608696,245.1082391304348,242.19175547445258,0.05445888212342109,0.0002283122837895002,0.011898758141827392,0.06570964719818762,14.11712346498507,2.9164836559822334,cvl
23,ende23,34,0.02,True,strongest,mtme_XCOMET-XXL-refA,0.17342546319661195,259.2253625954199,262.06448305084746,245.1082391304348,243.26128260869567,0.05445888212342109,-0.01095232513902844,0.007535269023560942,0.061583788819459695,14.11712346498507,1.8469565217391448,cvl
23,ende23,34,0.02,True,best post hoc,mtme_BLEURT-20-refA,0.1650255807367566,259.2253625954199,257.7329513274337,245.1082391304348,239.71071505376347,0.05445888212342109,0.005757196182672342,0.022020981815299323,0.07528062588579909,14.11712346498507,5.3975240766713455,cvl
23,ende23,35,0.01,True,mean,,,185.87496308724832,183.23477947775427,181.035512987013,177.8345051376212,0.02603605143939547,0.014204084109244786,0.017681657021743735,0.04325734792938729,4.839450100235325,3.2010078493918,cvl
23,ende23,35,0.01,True,COMET-22,mtme_COMET-refA,0.22357237689468007,185.87496308724832,179.80114705882352,181.035512987013,175.72630575539569,0.02603605143939547,0.032676891645561756,0.029326882576890756,0.05459937779295709,4.839450100235325,5.309207231617307,cvl
23,ende23,35,0.01,True,strongest,mtme_XCOMET-XXL-refA,0.34646161376082163,185.87496308724832,178.86894642857143,181.035512987013,174.69861627906977,0.02603605143939547,0.03769209441826926,0.03500361118869433,0.060128306806616294,4.839450100235325,6.336896707943225,cvl
23,ende23,35,0.01,True,best post hoc,mtme_XCOMET-Ensemble-refA,0.3471364529508124,185.87496308724832,177.59017346938776,181.035512987013,171.5835,0.02603605143939547,0.04457184270681869,0.05221082223624862,0.07688751002220795,4.839450100235325,9.452012987013006,cvl
23,ende23,35,0.02,True,mean,,,152.41676315789474,150.7883247545407,151.39177160493827,148.9700767726527,0.006724926653209673,0.010684116166848834,0.015996211726784337,0.02261356502940215,1.0249915529564646,2.421694832285567,cvl
23,ende23,35,0.02,True,COMET-22,mtme_COMET-refA,0.22357237689468007,152.41676315789474,150.12508041958043,151.39177160493827,148.07978571428572,0.006724926653209673,0.015035634472438275,0.02187692141746833,0.028454727378747435,1.0249915529564646,3.311985890652551,cvl
23,ende23,35,0.02,True,strongest,mtme_XCOMET-XXL-refA,0.34646161376082163,152.41676315789474,145.61695161290322,151.39177160493827,143.13535714285715,0.006724926653209673,0.04461327877660881,0.05453674512526685,0.06089491616760423,1.0249915529564646,8.256414462081125,cvl
23,ende23,35,0.02,True,best post hoc,mtme_MetricX-23-b-refA,0.35302742156026423,152.41676315789474,144.82514516129032,151.39177160493827,142.31790404040404,0.006724926653209673,0.04980828774548862,0.059936332525474256,0.0662581917385876,1.0249915529564646,9.073867564534225,cvl
23,ende23,45,0.01,True,mean,,,188.3550068493151,182.50450717824222,181.54025949367087,177.67437406192064,0.036180335578209766,0.03106102550145262,0.021294920710879572,0.05670479891165836,6.814747355644215,3.865885431750229,cvl
23,ende23,45,0.01,True,COMET-22,mtme_COMET-refA,0.233604540278588,188.3550068493151,179.34169548872183,181.54025949367087,177.90453333333335,0.036180335578209766,0.04785278348243727,0.020027106772226855,0.05548285490675686,6.814747355644215,3.6357261603375264,cvl
23,ende23,45,0.01,True,strongest,mtme_XCOMET-XXL-refA,0.40475456980077995,188.3550068493151,173.35822727272728,181.54025949367087,170.3514724137931,0.036180335578209766,0.07961975541529043,0.061632538760736266,0.09558298840404555,6.814747355644215,11.188787079877784,cvl
23,ende23,45,0.01,True,best post hoc,mtme_XCOMET-Ensemble-refA,0.4156821568129313,188.3550068493151,172.52425151515152,181.54025949367087,168.8741453900709,0.036180335578209766,0.08404743573834617,0.06977027651567036,0.1034263000761586,6.814747355644215,12.666114103599966,cvl
23,ende23,45,0.02,True,mean,,,152.71129104477612,150.50963707067544,149.39218085106384,147.33436667930906,0.02173454347091519,0.014417100130828864,0.013774577491484141,0.03520973680911721,3.3191101937122767,2.057814171754785,cvl
23,ende23,45,0.02,True,COMET-22,mtme_COMET-refA,0.233604540278588,152.71129104477612,152.2183727272727,149.39218085106384,148.8932142857143,0.02173454347091519,0.0032277791257679933,0.003339977785363435,0.025001928363910797,3.3191101937122767,0.49896656534954786,cvl
23,ende23,45,0.02,True,strongest,mtme_XCOMET-XXL-refA,0.40475456980077995,152.71129104477612,144.48266363636364,149.39218085106384,139.92206164383563,0.02173454347091519,0.05388355603646744,0.0633909964583047,0.08374776556103236,3.3191101937122767,9.470119207228208,cvl
23,ende23,45,0.02,True,best post hoc,mtme_XCOMET-Ensemble-refA,0.4156821568129313,152.71129104477612,142.1123,149.39218085106384,138.61091666666667,0.02173454347091519,0.06940541836993841,0.07216752659327952,0.09233354182026465,3.3191101937122767,10.781264184397173,cvl
23,zhen23,01,0.01,True,mean,,,294.7778510638298,301.54934841286564,265.5047241379311,272.6201932199663,0.09930572063082199,-0.02297152694681115,-0.026799783337710936,0.07516730909021241,29.273126925898737,-7.115469082035247,cvl
23,zhen23,01,0.01,True,COMET-22,mtme_COMET-refA,0.07506696228520596,294.7778510638298,304.8662238805971,265.5047241379311,270.02118181818184,0.09930572063082199,-0.034223645977332184,-0.01701083735860176,0.08398415673464987,29.273126925898737,-4.516457680250767,cvl
23,zhen23,01,0.01,True,strongest,mtme_XCOMET-XXL-refA,0.22143320464523997,294.7778510638298,289.46838461538465,265.5047241379311,266.3122380952382,0.09930572063082199,0.018011755053114475,-0.003041429714401467,0.09656632228595707,29.273126925898737,-0.8075139573070942,cvl
23,zhen23,01,0.01,True,best post hoc,mtme_instructscore-refA,0.15307287669963193,294.7778510638298,299.877115942029,265.5047241379311,265.5047241379311,0.09930572063082199,-0.017298670370912594,0.0,0.09930572063082199,29.273126925898737,0.0,cvl
23,zhen23,01,0.02,True,mean,,,150.217,152.89199134458042,144.19400000000002,146.4696237057074,0.040095328757730475,-0.017807514093480803,-0.01578168096943955,0.024946419475110115,6.022999999999996,-2.2756237057073747,cvl
23,zhen23,01,0.02,True,COMET-22,mtme_COMET-refA,0.07506696228520596,150.217,155.00903773584903,144.19400000000002,148.418,0.040095328757730475,-0.03190076846062051,-0.02929386798341116,0.011976008041699737,6.022999999999996,-4.2239999999999895,cvl
23,zhen23,01,0.02,True,strongest,mtme_XCOMET-XXL-refA,0.22143320464523997,150.217,149.34827835051547,144.19400000000002,143.20708411214954,0.040095328757730475,0.005783111428696808,0.006844361678367106,0.04666526350446665,6.022999999999996,0.986915887850472,cvl
23,zhen23,01,0.02,True,best post hoc,mtme_XCOMET-XXL-refA,0.22143320464523997,150.217,149.34827835051547,144.19400000000002,143.20708411214954,0.040095328757730475,0.005783111428696808,0.006844361678367106,0.04666526350446665,6.022999999999996,0.986915887850472,cvl
23,zhen23,02,0.01,False,mean,,,117.8305,117.8305,117.8575,117.8575,-0.0002291427092306897,0.0,0.0,-0.0002291427092306897,-0.027000000000001023,0.0,cvl
23,zhen23,02,0.01,False,COMET-22,mtme_COMET-refA,0.10913397622311022,117.8305,117.8305,117.8575,117.8575,-0.0002291427092306897,0.0,0.0,-0.0002291427092306897,-0.027000000000001023,0.0,cvl
23,zhen23,02,0.01,False,strongest,mtme_XCOMET-XXL-refA,0.3412747909563496,117.8305,117.8305,117.8575,117.8575,-0.0002291427092306897,0.0,0.0,-0.0002291427092306897,-0.027000000000001023,0.0,cvl
23,zhen23,02,0.01,False,best post hoc,mtme_BERTscore-refA,-0.043258402784302985,117.8305,117.8305,117.8575,117.8575,-0.0002291427092306897,0.0,0.0,-0.0002291427092306897,-0.027000000000001023,0.0,cvl
23,zhen23,02,0.02,False,mean,,,117.8305,117.8305,117.8575,117.8575,-0.0002291427092306897,0.0,0.0,-0.0002291427092306897,-0.027000000000001023,0.0,cvl
23,zhen23,02,0.02,False,COMET-22,mtme_COMET-refA,0.10913397622311022,117.8305,117.8305,117.8575,117.8575,-0.0002291427092306897,0.0,0.0,-0.0002291427092306897,-0.027000000000001023,0.0,cvl
23,zhen23,02,0.02,False,strongest,mtme_XCOMET-XXL-refA,0.3412747909563496,117.8305,117.8305,117.8575,117.8575,-0.0002291427092306897,0.0,0.0,-0.0002291427092306897,-0.027000000000001023,0.0,cvl
23,zhen23,02,0.02,False,best post hoc,mtme_BERTscore-refA,-0.043258402784302985,117.8305,117.8305,117.8575,117.8575,-0.0002291427092306897,0.0,0.0,-0.0002291427092306897,-0.027000000000001023,0.0,cvl
23,zhen23,03,0.01,False,mean,,,117.8275,117.82750000000003,117.8645,117.86449999999998,-0.0003140183743184366,-2.220446049250313e-16,2.220446049250313e-16,-0.00031401837431821455,-0.03700000000000614,2.842170943040401e-14,cvl
23,zhen23,03,0.01,False,COMET-22,mtme_COMET-refA,0.12409850880085802,117.8275,117.8275,117.8645,117.8645,-0.0003140183743184366,0.0,0.0,-0.0003140183743184366,-0.03700000000000614,0.0,cvl
23,zhen23,03,0.01,False,strongest,mtme_XCOMET-XXL-refA,0.37952244117923484,117.8275,117.8275,117.8645,117.8645,-0.0003140183743184366,0.0,0.0,-0.0003140183743184366,-0.03700000000000614,0.0,cvl
23,zhen23,03,0.01,False,best post hoc,mtme_BERTscore-refA,-0.04838018084156452,117.8275,117.8275,117.8645,117.8645,-0.0003140183743184366,0.0,0.0,-0.0003140183743184366,-0.03700000000000614,0.0,cvl
23,zhen23,03,0.02,False,mean,,,117.8275,117.82750000000003,117.8645,117.86449999999998,-0.0003140183743184366,-2.220446049250313e-16,2.220446049250313e-16,-0.00031401837431821455,-0.03700000000000614,2.842170943040401e-14,cvl
23,zhen23,03,0.02,False,COMET-22,mtme_COMET-refA,0.12409850880085802,117.8275,117.8275,117.8645,117.8645,-0.0003140183743184366,0.0,0.0,-0.0003140183743184366,-0.03700000000000614,0.0,cvl
23,zhen23,03,0.02,False,strongest,mtme_XCOMET-XXL-refA,0.37952244117923484,117.8275,117.8275,117.8645,117.8645,-0.0003140183743184366,0.0,0.0,-0.0003140183743184366,-0.03700000000000614,0.0,cvl
23,zhen23,03,0.02,False,best post hoc,mtme_BERTscore-refA,-0.04838018084156452,117.8275,117.8275,117.8645,117.8645,-0.0003140183743184366,0.0,0.0,-0.0003140183743184366,-0.03700000000000614,0.0,cvl
23,zhen23,04,0.01,False,mean,,,117.67,117.67,117.715,117.71500000000002,-0.00038242542704169935,0.0,-2.220446049250313e-16,-0.0003824254270419214,-0.045000000000001705,-1.4210854715202004e-14,cvl
23,zhen23,04,0.01,False,COMET-22,mtme_COMET-refA,0.08909178139195223,117.67,117.67,117.715,117.715,-0.00038242542704169935,0.0,0.0,-0.00038242542704169935,-0.045000000000001705,0.0,cvl
23,zhen23,04,0.01,False,strongest,mtme_XCOMET-XXL-refA,0.32600621864265267,117.67,117.67,117.715,117.715,-0.00038242542704169935,0.0,0.0,-0.00038242542704169935,-0.045000000000001705,0.0,cvl
23,zhen23,04,0.01,False,best post hoc,mtme_BERTscore-refA,-0.06402422450566439,117.67,117.67,117.715,117.715,-0.00038242542704169935,0.0,0.0,-0.00038242542704169935,-0.045000000000001705,0.0,cvl
23,zhen23,04,0.02,False,mean,,,117.67,117.67,117.715,117.71500000000002,-0.00038242542704169935,0.0,-2.220446049250313e-16,-0.0003824254270419214,-0.045000000000001705,-1.4210854715202004e-14,cvl
23,zhen23,04,0.02,False,COMET-22,mtme_COMET-refA,0.08909178139195223,117.67,117.67,117.715,117.715,-0.00038242542704169935,0.0,0.0,-0.00038242542704169935,-0.045000000000001705,0.0,cvl
23,zhen23,04,0.02,False,strongest,mtme_XCOMET-XXL-refA,0.32600621864265267,117.67,117.67,117.715,117.715,-0.00038242542704169935,0.0,0.0,-0.00038242542704169935,-0.045000000000001705,0.0,cvl
23,zhen23,04,0.02,False,best post hoc,mtme_BERTscore-refA,-0.06402422450566439,117.67,117.67,117.715,117.715,-0.00038242542704169935,0.0,0.0,-0.00038242542704169935,-0.045000000000001705,0.0,cvl
23,zhen23,05,0.01,False,mean,,,118.1245,118.12449999999998,118.1315,118.13150000000003,-5.925951009322361e-05,1.1102230246251565e-16,-2.220446049250313e-16,-5.9259510093445655e-05,-0.007000000000005002,-2.842170943040401e-14,cvl
23,zhen23,05,0.01,False,COMET-22,mtme_COMET-refA,0.20691913993021643,118.1245,118.1245,118.1315,118.1315,-5.925951009322361e-05,0.0,0.0,-5.925951009322361e-05,-0.007000000000005002,0.0,cvl
23,zhen23,05,0.01,False,strongest,mtme_XCOMET-XXL-refA,0.46520966971838473,118.1245,118.1245,118.1315,118.1315,-5.925951009322361e-05,0.0,0.0,-5.925951009322361e-05,-0.007000000000005002,0.0,cvl
23,zhen23,05,0.01,False,best post hoc,mtme_BERTscore-refA,0.060186110955090154,118.1245,118.1245,118.1315,118.1315,-5.925951009322361e-05,0.0,0.0,-5.925951009322361e-05,-0.007000000000005002,0.0,cvl
23,zhen23,05,0.02,False,mean,,,118.1245,118.12449999999998,118.1315,118.13150000000003,-5.925951009322361e-05,1.1102230246251565e-16,-2.220446049250313e-16,-5.9259510093445655e-05,-0.007000000000005002,-2.842170943040401e-14,cvl
23,zhen23,05,0.02,False,COMET-22,mtme_COMET-refA,0.20691913993021643,118.1245,118.1245,118.1315,118.1315,-5.925951009322361e-05,0.0,0.0,-5.925951009322361e-05,-0.007000000000005002,0.0,cvl
23,zhen23,05,0.02,False,strongest,mtme_XCOMET-XXL-refA,0.46520966971838473,118.1245,118.1245,118.1315,118.1315,-5.925951009322361e-05,0.0,0.0,-5.925951009322361e-05,-0.007000000000005002,0.0,cvl
23,zhen23,05,0.02,False,best post hoc,mtme_BERTscore-refA,0.060186110955090154,118.1245,118.1245,118.1315,118.1315,-5.925951009322361e-05,0.0,0.0,-5.925951009322361e-05,-0.007000000000005002,0.0,cvl
23,zhen23,12,0.01,False,mean,,,118.6675,118.67038262742278,118.7035,118.70349999999999,-0.0003033686561189075,-2.429163353712127e-05,1.1102230246251565e-16,-0.0003033686561189075,-0.036000000000001364,1.4210854715202004e-14,cvl
23,zhen23,12,0.01,False,COMET-22,mtme_COMET-refA,0.11759370315269688,118.6675,118.78857035175879,118.7035,118.7035,-0.0003033686561189075,-0.0010202486085810758,0.0,-0.0003033686561189075,-0.036000000000001364,0.0,cvl
23,zhen23,12,0.01,False,strongest,mtme_XCOMET-XXL-refA,0.32158763651325817,118.6675,118.6675,118.7035,118.7035,-0.0003033686561189075,0.0,0.0,-0.0003033686561189075,-0.036000000000001364,0.0,cvl
23,zhen23,12,0.01,False,best post hoc,mtme_BERTscore-refA,-0.025638127088814515,118.6675,118.6675,118.7035,118.7035,-0.0003033686561189075,0.0,0.0,-0.0003033686561189075,-0.036000000000001364,0.0,cvl
23,zhen23,12,0.02,False,mean,,,118.6675,118.66749999999998,118.7035,118.70349999999999,-0.0003033686561189075,2.220446049250313e-16,1.1102230246251565e-16,-0.0003033686561189075,-0.036000000000001364,1.4210854715202004e-14,cvl
23,zhen23,12,0.02,False,COMET-22,mtme_COMET-refA,0.11759370315269688,118.6675,118.6675,118.7035,118.7035,-0.0003033686561189075,0.0,0.0,-0.0003033686561189075,-0.036000000000001364,0.0,cvl
23,zhen23,12,0.02,False,strongest,mtme_XCOMET-XXL-refA,0.32158763651325817,118.6675,118.6675,118.7035,118.7035,-0.0003033686561189075,0.0,0.0,-0.0003033686561189075,-0.036000000000001364,0.0,cvl
23,zhen23,12,0.02,False,best post hoc,mtme_BERTscore-refA,-0.025638127088814515,118.6675,118.6675,118.7035,118.7035,-0.0003033686561189075,0.0,0.0,-0.0003033686561189075,-0.036000000000001364,0.0,cvl
23,zhen23,13,0.01,False,mean,,,118.6675,118.66749999999998,118.7035,118.70349999999999,-0.0003033686561189075,2.220446049250313e-16,1.1102230246251565e-16,-0.0003033686561189075,-0.036000000000001364,1.4210854715202004e-14,cvl
23,zhen23,13,0.01,False,COMET-22,mtme_COMET-refA,0.11862183458445132,118.6675,118.6675,118.7035,118.7035,-0.0003033686561189075,0.0,0.0,-0.0003033686561189075,-0.036000000000001364,0.0,cvl
23,zhen23,13,0.01,False,strongest,mtme_XCOMET-XXL-refA,0.34428311638219555,118.6675,118.6675,118.7035,118.7035,-0.0003033686561189075,0.0,0.0,-0.0003033686561189075,-0.036000000000001364,0.0,cvl
23,zhen23,13,0.01,False,best post hoc,mtme_BERTscore-refA,-0.029219065927686458,118.6675,118.6675,118.7035,118.7035,-0.0003033686561189075,0.0,0.0,-0.0003033686561189075,-0.036000000000001364,0.0,cvl
23,zhen23,13,0.02,False,mean,,,118.6675,118.66749999999998,118.7035,118.70349999999999,-0.0003033686561189075,2.220446049250313e-16,1.1102230246251565e-16,-0.0003033686561189075,-0.036000000000001364,1.4210854715202004e-14,cvl
23,zhen23,13,0.02,False,COMET-22,mtme_COMET-refA,0.11862183458445132,118.6675,118.6675,118.7035,118.7035,-0.0003033686561189075,0.0,0.0,-0.0003033686561189075,-0.036000000000001364,0.0,cvl
23,zhen23,13,0.02,False,strongest,mtme_XCOMET-XXL-refA,0.34428311638219555,118.6675,118.6675,118.7035,118.7035,-0.0003033686561189075,0.0,0.0,-0.0003033686561189075,-0.036000000000001364,0.0,cvl
23,zhen23,13,0.02,False,best post hoc,mtme_BERTscore-refA,-0.029219065927686458,118.6675,118.6675,118.7035,118.7035,-0.0003033686561189075,0.0,0.0,-0.0003033686561189075,-0.036000000000001364,0.0,cvl
23,zhen23,14,0.01,False,mean,,,118.6335,118.6335,118.6745,118.6745,-0.00034560221185420126,0.0,0.0,-0.00034560221185420126,-0.04099999999999682,0.0,cvl
23,zhen23,14,0.01,False,COMET-22,mtme_COMET-refA,0.09923297517503248,118.6335,118.6335,118.6745,118.6745,-0.00034560221185420126,0.0,0.0,-0.00034560221185420126,-0.04099999999999682,0.0,cvl
23,zhen23,14,0.01,False,strongest,mtme_XCOMET-XXL-refA,0.2923436802033312,118.6335,118.6335,118.6745,118.6745,-0.00034560221185420126,0.0,0.0,-0.00034560221185420126,-0.04099999999999682,0.0,cvl
23,zhen23,14,0.01,False,best post hoc,mtme_BERTscore-refA,-0.03334632135630241,118.6335,118.6335,118.6745,118.6745,-0.00034560221185420126,0.0,0.0,-0.00034560221185420126,-0.04099999999999682,0.0,cvl
23,zhen23,14,0.02,False,mean,,,118.6335,118.6335,118.6745,118.6745,-0.00034560221185420126,0.0,0.0,-0.00034560221185420126,-0.04099999999999682,0.0,cvl
23,zhen23,14,0.02,False,COMET-22,mtme_COMET-refA,0.09923297517503248,118.6335,118.6335,118.6745,118.6745,-0.00034560221185420126,0.0,0.0,-0.00034560221185420126,-0.04099999999999682,0.0,cvl
23,zhen23,14,0.02,False,strongest,mtme_XCOMET-XXL-refA,0.2923436802033312,118.6335,118.6335,118.6745,118.6745,-0.00034560221185420126,0.0,0.0,-0.00034560221185420126,-0.04099999999999682,0.0,cvl
23,zhen23,14,0.02,False,best post hoc,mtme_BERTscore-refA,-0.03334632135630241,118.6335,118.6335,118.6745,118.6745,-0.00034560221185420126,0.0,0.0,-0.00034560221185420126,-0.04099999999999682,0.0,cvl
23,zhen23,15,0.01,False,mean,,,118.668,118.66799999999999,118.68,118.68000000000004,-0.0001011224592981641,1.1102230246251565e-16,-2.220446049250313e-16,-0.00010112245929838615,-0.012000000000000455,-2.842170943040401e-14,cvl
23,zhen23,15,0.01,False,COMET-22,mtme_COMET-refA,0.19866143892382854,118.668,118.668,118.68,118.68,-0.0001011224592981641,0.0,0.0,-0.0001011224592981641,-0.012000000000000455,0.0,cvl
23,zhen23,15,0.01,False,strongest,mtme_XCOMET-XXL-refA,0.47721319834425235,118.668,118.668,118.68,118.68,-0.0001011224592981641,0.0,0.0,-0.0001011224592981641,-0.012000000000000455,0.0,cvl
23,zhen23,15,0.01,False,best post hoc,mtme_BERTscore-refA,0.0514843895617165,118.668,118.668,118.68,118.68,-0.0001011224592981641,0.0,0.0,-0.0001011224592981641,-0.012000000000000455,0.0,cvl
23,zhen23,15,0.02,False,mean,,,118.668,118.66799999999999,118.68,118.68000000000004,-0.0001011224592981641,1.1102230246251565e-16,-2.220446049250313e-16,-0.00010112245929838615,-0.012000000000000455,-2.842170943040401e-14,cvl
23,zhen23,15,0.02,False,COMET-22,mtme_COMET-refA,0.19866143892382854,118.668,118.668,118.68,118.68,-0.0001011224592981641,0.0,0.0,-0.0001011224592981641,-0.012000000000000455,0.0,cvl
23,zhen23,15,0.02,False,strongest,mtme_XCOMET-XXL-refA,0.47721319834425235,118.668,118.668,118.68,118.68,-0.0001011224592981641,0.0,0.0,-0.0001011224592981641,-0.012000000000000455,0.0,cvl
23,zhen23,15,0.02,False,best post hoc,mtme_BERTscore-refA,0.0514843895617165,118.668,118.668,118.68,118.68,-0.0001011224592981641,0.0,0.0,-0.0001011224592981641,-0.012000000000000455,0.0,cvl
23,zhen23,23,0.01,False,mean,,,78.2085,78.20850000000002,78.1565,78.1565,0.0006648893662454247,-2.220446049250313e-16,0.0,0.0006648893662454247,0.05200000000000671,0.0,cvl
23,zhen23,23,0.01,False,COMET-22,mtme_COMET-refA,0.09386559372833406,78.2085,78.2085,78.1565,78.1565,0.0006648893662454247,0.0,0.0,0.0006648893662454247,0.05200000000000671,0.0,cvl
23,zhen23,23,0.01,False,strongest,mtme_XCOMET-XXL-refA,0.12337372186176734,78.2085,78.2085,78.1565,78.1565,0.0006648893662454247,0.0,0.0,0.0006648893662454247,0.05200000000000671,0.0,cvl
23,zhen23,23,0.01,False,best post hoc,mtme_BERTscore-refA,0.03212716273221351,78.2085,78.2085,78.1565,78.1565,0.0006648893662454247,0.0,0.0,0.0006648893662454247,0.05200000000000671,0.0,cvl
23,zhen23,23,0.02,False,mean,,,78.2085,78.20850000000002,78.1565,78.1565,0.0006648893662454247,-2.220446049250313e-16,0.0,0.0006648893662454247,0.05200000000000671,0.0,cvl
23,zhen23,23,0.02,False,COMET-22,mtme_COMET-refA,0.09386559372833406,78.2085,78.2085,78.1565,78.1565,0.0006648893662454247,0.0,0.0,0.0006648893662454247,0.05200000000000671,0.0,cvl
23,zhen23,23,0.02,False,strongest,mtme_XCOMET-XXL-refA,0.12337372186176734,78.2085,78.2085,78.1565,78.1565,0.0006648893662454247,0.0,0.0,0.0006648893662454247,0.05200000000000671,0.0,cvl
23,zhen23,23,0.02,False,best post hoc,mtme_BERTscore-refA,0.03212716273221351,78.2085,78.2085,78.1565,78.1565,0.0006648893662454247,0.0,0.0,0.0006648893662454247,0.05200000000000671,0.0,cvl
23,zhen23,24,0.01,True,mean,,,197.95326666666668,206.06426747524876,101.17622413793103,105.55219585519883,0.4888883328795903,-0.04097432159197556,-0.043250988604814466,0.4667822479891778,96.77704252873565,-4.375971717267802,cvl
23,zhen23,24,0.01,True,COMET-22,mtme_COMET-refA,0.039607574172178604,197.95326666666668,207.8873503184713,101.17622413793103,105.03897959183674,0.4888883328795903,-0.05018398442766103,-0.03817848992506101,0.4693748612458527,96.77704252873565,-3.862755453905706,cvl
23,zhen23,24,0.01,True,strongest,mtme_XCOMET-XXL-refA,0.17710357265194154,197.95326666666668,202.50658974358976,101.17622413793103,103.69838655462185,0.4888883328795903,-0.023002010290592567,-0.02492841018906189,0.4761471315891974,96.77704252873565,-2.5221624166908185,cvl
23,zhen23,24,0.01,True,best post hoc,mtme_Calibri-COMET22-QE-src,0.19045235146330508,197.95326666666668,202.01136633663367,101.17622413793103,102.06739534883721,0.4888883328795903,-0.020500291499611523,-0.008808109004851516,0.48438640560194235,96.77704252873565,-0.8911712109061796,cvl
23,zhen23,24,0.02,False,mean,,,84.724,84.724,84.71,84.71,0.00016524243425719565,0.0,0.0,0.00016524243425719565,0.014000000000010004,0.0,cvl
23,zhen23,24,0.02,False,COMET-22,mtme_COMET-refA,0.039607574172178604,84.724,84.724,84.71,84.71,0.00016524243425719565,0.0,0.0,0.00016524243425719565,0.014000000000010004,0.0,cvl
23,zhen23,24,0.02,False,strongest,mtme_XCOMET-XXL-refA,0.17710357265194154,84.724,84.724,84.71,84.71,0.00016524243425719565,0.0,0.0,0.00016524243425719565,0.014000000000010004,0.0,cvl
23,zhen23,24,0.02,False,best post hoc,mtme_BERTscore-refA,0.006150179577104663,84.724,84.724,84.71,84.71,0.00016524243425719565,0.0,0.0,0.00016524243425719565,0.014000000000010004,0.0,cvl
23,zhen23,25,0.01,True,mean,,,208.23302287581697,205.7631856641487,201.48525,198.30730354996862,0.03240491245157162,0.011860929537296339,0.015772600972187245,0.04766640367012154,6.747772875816963,3.177946450031385,cvl
23,zhen23,25,0.01,True,COMET-22,mtme_COMET-refA,0.2078841414928469,208.23302287581697,204.08171379310343,201.48525,198.287513986014,0.03240491245157162,0.019935882529012905,0.01587081939738022,0.04776143933584509,6.747772875816963,3.1977360139860025,cvl
23,zhen23,25,0.01,True,strongest,mtme_XCOMET-XXL-refA,0.343038067755475,208.23302287581697,198.44987704918032,201.48525,191.6316755725191,0.03240491245157162,0.04698172120601152,0.048904693656140585,0.07972485379131411,6.747772875816963,9.853574427480908,cvl
23,zhen23,25,0.01,True,best post hoc,mtme_MetricX-23-QE-b-src,0.396654875006735,208.23302287581697,196.24836666666667,201.48525,188.71863571428574,0.03240491245157162,0.05755406152028797,0.06336252547377175,0.09371418083465533,6.747772875816963,12.766614285714269,cvl
23,zhen23,25,0.02,True,mean,,,140.99013636363637,142.13369037933066,137.2475606060606,138.9103772822476,0.026544947427549537,-0.008110879563552498,-0.012115455231730854,0.014751096318005752,3.7425757575757643,-1.662816676186992,cvl
23,zhen23,25,0.02,True,COMET-22,mtme_COMET-refA,0.2078841414928469,140.99013636363637,143.34051869158878,137.2475606060606,139.16216666666668,0.026544947427549537,-0.016670544398158516,-0.013950018872113334,0.01296523107300962,3.7425757575757643,-1.9146060606060757,cvl
23,zhen23,25,0.02,True,strongest,mtme_XCOMET-XXL-refA,0.343038067755475,140.99013636363637,141.18048230088496,137.2475606060606,139.0254090909091,0.026544947427549537,-0.001350065629822872,-0.012953588952676842,0.013935210812619614,3.7425757575757643,-1.777848484848505,cvl
23,zhen23,25,0.02,True,best post hoc,mtme_MetricX-23-QE-b-src,0.396654875006735,140.99013636363637,136.78483333333332,137.2475606060606,134.1228253012048,0.026544947427549537,0.02982693072554299,0.022767146396318605,0.04870774111970255,3.7425757575757643,3.1247353048557898,cvl
23,zhen23,34,0.01,True,mean,,,218.74860416666667,228.906690289902,112.90687142857142,117.54953488133249,0.48385100851868024,-0.04643726144874405,-0.041119405701522505,0.4626272687355282,105.84173273809525,-4.64266345276107,cvl
23,zhen23,34,0.01,True,COMET-22,mtme_COMET-refA,0.08117319641180926,218.74860416666667,233.0067133757962,112.90687142857142,118.13134969325154,0.48385100851868024,-0.06518034372583315,-0.046272456216141844,0.45996752690935516,105.84173273809525,-5.224478264680116,cvl
23,zhen23,34,0.01,True,strongest,mtme_XCOMET-XXL-refA,0.25853404159487686,218.74860416666667,222.3232865497076,112.90687142857142,115.807864,0.48385100851868024,-0.016341509454009362,-0.025693675989099107,0.47058924356945897,105.84173273809525,-2.9009925714285743,cvl
23,zhen23,34,0.01,True,best post hoc,mtme_prismSrc-src,0.06278146205051449,218.74860416666667,225.92623529411765,112.90687142857142,114.58249230769229,0.48385100851868024,-0.032812237384528764,-0.014840734296503122,0.47619097847869796,105.84173273809525,-1.6756208791208707,cvl
23,zhen23,34,0.02,False,mean,,,85.508,85.50799999999998,85.528,85.52799999999999,-0.00023389624362635253,1.1102230246251565e-16,1.1102230246251565e-16,-0.00023389624362635253,-0.020000000000010232,1.4210854715202004e-14,cvl
23,zhen23,34,0.02,False,COMET-22,mtme_COMET-refA,0.08117319641180926,85.508,85.508,85.528,85.528,-0.00023389624362635253,0.0,0.0,-0.00023389624362635253,-0.020000000000010232,0.0,cvl
23,zhen23,34,0.02,False,strongest,mtme_XCOMET-XXL-refA,0.25853404159487686,85.508,85.508,85.528,85.528,-0.00023389624362635253,0.0,0.0,-0.00023389624362635253,-0.020000000000010232,0.0,cvl
23,zhen23,34,0.02,False,best post hoc,mtme_BERTscore-refA,0.028292440547385205,85.508,85.508,85.528,85.528,-0.00023389624362635253,0.0,0.0,-0.00023389624362635253,-0.020000000000010232,0.0,cvl
23,zhen23,35,0.01,True,mean,,,217.12931699346404,215.36100566146317,208.73533116883115,206.99783997457513,0.038658924280066564,0.008144046858739484,0.008323896029133082,0.04666102744289424,8.393985824632892,1.7374911942560232,cvl
23,zhen23,35,0.01,True,COMET-22,mtme_COMET-refA,0.21322151917612553,217.12931699346404,214.93207142857145,208.73533116883115,207.10621621621624,0.038658924280066564,0.010119525061457857,0.0078046919201102405,0.04616189520620795,8.393985824632892,1.6291149526149127,cvl
23,zhen23,35,0.01,True,strongest,mtme_XCOMET-XXL-refA,0.3495803301682632,217.12931699346404,208.5121451612903,208.73533116883115,201.57749337748345,0.038658924280066564,0.03968681867328461,0.03429145296709846,0.07162470656345654,8.393985824632892,7.157837791347703,cvl
23,zhen23,35,0.01,True,best post hoc,mtme_XCOMET-QE-Ensemble-src,0.3551876577201717,217.12931699346404,205.25815671641791,208.73533116883115,196.18365853658537,0.038658924280066564,0.05467322626637039,0.06013199855511586,0.09646628445623107,8.393985824632892,12.551672632245783,cvl
23,zhen23,35,0.02,True,mean,,,148.5023489208633,148.5764779278627,144.76224358974358,144.45657839978722,0.025185496110319616,-0.0004991773365072838,0.0021114980147904916,0.02724381500007167,3.740105331119736,0.3056651899563576,cvl
23,zhen23,35,0.02,True,COMET-22,mtme_COMET-refA,0.21322151917612553,148.5023489208633,149.71349999999998,144.76224358974358,145.12089080459768,0.025185496110319616,-0.008155770517691119,-0.002477491409089483,0.02277040155147725,3.740105331119736,-0.358647214854102,cvl
23,zhen23,35,0.02,True,strongest,mtme_XCOMET-XXL-refA,0.3495803301682632,148.5023489208633,146.62713636363637,144.76224358974358,142.43835454545453,0.025185496110319616,0.012627494250789573,0.01605314332426999,0.040834333055837946,3.740105331119736,2.3238890442890465,cvl
23,zhen23,35,0.02,True,best post hoc,mtme_MetricX-23-QE-c-src,0.3344617048728863,148.5023489208633,146.33769354838708,144.76224358974358,140.6502313432836,0.025185496110319616,0.014576573287940264,0.028405281270117877,0.052875376279496455,3.740105331119736,4.112012246459983,cvl
23,zhen23,45,0.01,True,mean,,,209.76803535353537,205.62659580663734,194.93731188118812,192.45978476400373,0.07070058813942781,0.019742948633323487,0.012709353039065285,0.08251138244375955,14.830723472347245,2.477527117184394,cvl
23,zhen23,45,0.01,True,COMET-22,mtme_COMET-refA,0.19568980725939733,209.76803535353537,205.83598387096774,194.93731188118812,194.78392056074765,0.07070058813942781,0.018744760019993922,0.0007868751187765088,0.07143183072451453,14.830723472347245,0.15339132044047687,cvl
23,zhen23,45,0.01,True,strongest,mtme_XCOMET-XXL-refA,0.34842175086229576,209.76803535353537,202.65599090909092,194.93731188118812,185.33029245283018,0.07070058813942781,0.03390432880995464,0.04928260955097863,0.11649888821010657,14.830723472347245,9.607019428357944,cvl
23,zhen23,45,0.01,True,best post hoc,mtme_XCOMET-Ensemble-refA,0.3542253007360461,209.76803535353537,198.00016990291266,194.93731188118812,183.55316981132074,0.07070058813942781,0.056099421586275455,0.058398989706013205,0.12497073492647748,14.830723472347245,11.38414206986738,cvl
23,zhen23,45,0.02,True,mean,,,139.29290449438201,138.66008424302152,133.42388260869566,134.0343437475964,0.042134392322353054,0.0045430903581024085,-0.004575351331148836,0.03775182063920346,5.869021885686351,-0.6104611389007459,cvl
23,zhen23,45,0.02,True,COMET-22,mtme_COMET-refA,0.19568980725939733,139.29290449438201,140.0165,133.42388260869566,135.66862359550564,0.042134392322353054,-0.005194776490909936,-0.016824131803999,0.02601913508826681,5.869021885686351,-2.2447409868099726,cvl
23,zhen23,45,0.02,True,strongest,mtme_XCOMET-XXL-refA,0.34842175086229576,139.29290449438201,133.96229761904763,133.42388260869566,131.8693181818182,0.042134392322353054,0.038269048195124555,0.011651320561826939,0.053294791572554456,5.869021885686351,1.5545644268774765,cvl
23,zhen23,45,0.02,True,best post hoc,mtme_MetricX-23-QE-c-src,0.33502679616041187,139.29290449438201,133.05165384615384,133.42388260869566,129.46421074380166,0.042134392322353054,0.04480666600271732,0.029677384494250503,0.07056133825522148,5.869021885686351,3.9596718648940055,cvl
