lp,pair,eps,strategy,budget,cost,wrong,n_wrong,n_draws
ende23,01,0.0028092857142856978,S1_design,10,117.97333333333333,0.15,45,300
ende23,01,0.0028092857142856978,S1_design,13,123.72666666666667,0.10333333333333333,31,300
ende23,01,0.0028092857142856978,S1_design,17,131.48,0.15333333333333332,46,300
ende23,01,0.0028092857142856978,S1_design,23,142.24666666666667,0.10333333333333333,31,300
ende23,01,0.0028092857142856978,S1_design,31,159.45333333333335,0.16333333333333333,49,300
ende23,01,0.0028092857142856978,S1_design,41,179.2,0.13333333333333333,40,300
ende23,01,0.0028092857142856978,S1_design,55,207.06,0.11333333333333333,34,300
ende23,01,0.0028092857142856978,S1_design,73,244.58666666666667,0.10333333333333333,31,300
ende23,01,0.0028092857142856978,S1_design,98,292.93333333333334,0.11666666666666667,35,300
ende23,01,0.0028092857142856978,S1_design,130,357.47333333333336,0.12333333333333334,37,300
ende23,01,0.0028092857142856978,S1_design,174,445.28,0.09,27,300
ende23,01,0.0028092857142856978,S1_design,231,560.1466666666666,0.09666666666666666,29,300
ende23,01,0.0028092857142856978,S1_design,308,711.3866666666667,0.08666666666666667,26,300
ende23,01,0.0028092857142856978,S1_design,410,872.62,0.0,0,300
ende23,01,0.0028092857142856978,S2_fixed,10,117.97333333333333,0.14,42,300
ende23,01,0.0028092857142856978,S2_fixed,13,123.72666666666667,0.12666666666666668,38,300
ende23,01,0.0028092857142856978,S2_fixed,17,131.48,0.12333333333333334,37,300
ende23,01,0.0028092857142856978,S2_fixed,23,142.24666666666667,0.12666666666666668,38,300
ende23,01,0.0028092857142856978,S2_fixed,31,159.45333333333335,0.17666666666666667,53,300
ende23,01,0.0028092857142856978,S2_fixed,41,179.2,0.13666666666666666,41,300
ende23,01,0.0028092857142856978,S2_fixed,55,207.06,0.12,36,300
ende23,01,0.0028092857142856978,S2_fixed,73,244.58666666666667,0.11,33,300
ende23,01,0.0028092857142856978,S2_fixed,98,292.93333333333334,0.12666666666666668,38,300
ende23,01,0.0028092857142856978,S2_fixed,130,357.47333333333336,0.12,36,300
ende23,01,0.0028092857142856978,S2_fixed,174,445.28,0.1,30,300
ende23,01,0.0028092857142856978,S2_fixed,231,560.1466666666666,0.09333333333333334,28,300
ende23,01,0.0028092857142856978,S2_fixed,308,711.3866666666667,0.08,24,300
ende23,01,0.0028092857142856978,S2_fixed,410,872.62,0.0,0,300
ende23,01,0.0028092857142856978,S3_select,10,117.97333333333333,0.10333333333333333,31,300
ende23,01,0.0028092857142856978,S3_select,13,123.72666666666667,0.08,24,300
ende23,01,0.0028092857142856978,S3_select,17,131.48,0.11,33,300
ende23,01,0.0028092857142856978,S3_select,23,142.24666666666667,0.08666666666666667,26,300
ende23,01,0.0028092857142856978,S3_select,31,159.45333333333335,0.15333333333333332,46,300
ende23,01,0.0028092857142856978,S3_select,41,179.2,0.11333333333333333,34,300
ende23,01,0.0028092857142856978,S3_select,55,207.06,0.1,30,300
ende23,01,0.0028092857142856978,S3_select,73,244.58666666666667,0.09333333333333334,28,300
ende23,01,0.0028092857142856978,S3_select,98,292.93333333333334,0.12,36,300
ende23,01,0.0028092857142856978,S3_select,130,357.47333333333336,0.13666666666666666,41,300
ende23,01,0.0028092857142856978,S3_select,174,445.28,0.08333333333333333,25,300
ende23,01,0.0028092857142856978,S3_select,231,560.1466666666666,0.08666666666666667,26,300
ende23,01,0.0028092857142856978,S3_select,308,711.3866666666667,0.07,21,300
ende23,01,0.0028092857142856978,S3_select,410,872.62,0.0,0,300
ende23,01,0.0028092857142856978,S4_select_or_abstain,10,117.97333333333333,0.10333333333333333,31,300
ende23,01,0.0028092857142856978,S4_select_or_abstain,13,123.72666666666667,0.08,24,300
ende23,01,0.0028092857142856978,S4_select_or_abstain,17,131.48,0.11333333333333333,34,300
ende23,01,0.0028092857142856978,S4_select_or_abstain,23,142.24666666666667,0.08666666666666667,26,300
ende23,01,0.0028092857142856978,S4_select_or_abstain,31,159.45333333333335,0.15,45,300
ende23,01,0.0028092857142856978,S4_select_or_abstain,41,179.2,0.11333333333333333,34,300
ende23,01,0.0028092857142856978,S4_select_or_abstain,55,207.06,0.1,30,300
ende23,01,0.0028092857142856978,S4_select_or_abstain,73,244.58666666666667,0.09333333333333334,28,300
ende23,01,0.0028092857142856978,S4_select_or_abstain,98,292.93333333333334,0.11666666666666667,35,300
ende23,01,0.0028092857142856978,S4_select_or_abstain,130,357.47333333333336,0.13666666666666666,41,300
ende23,01,0.0028092857142856978,S4_select_or_abstain,174,445.28,0.08333333333333333,25,300
ende23,01,0.0028092857142856978,S4_select_or_abstain,231,560.1466666666666,0.08666666666666667,26,300
ende23,01,0.0028092857142856978,S4_select_or_abstain,308,711.3866666666667,0.07,21,300
ende23,01,0.0028092857142856978,S4_select_or_abstain,410,872.62,0.0,0,300
ende23,02,0.02693711180124225,S1_design,10,118.54333333333334,0.17666666666666667,53,300
ende23,02,0.02693711180124225,S1_design,13,124.15,0.12,36,300
ende23,02,0.02693711180124225,S1_design,17,131.91666666666666,0.15666666666666668,47,300
ende23,02,0.02693711180124225,S1_design,23,142.54333333333332,0.11333333333333333,34,300
ende23,02,0.02693711180124225,S1_design,31,159.71,0.13666666666666666,41,300
ende23,02,0.02693711180124225,S1_design,41,179.87,0.13,39,300
ende23,02,0.02693711180124225,S1_design,55,207.87666666666667,0.08333333333333333,25,300
ende23,02,0.02693711180124225,S1_design,73,245.15666666666667,0.08,24,300
ende23,02,0.02693711180124225,S1_design,98,293.5966666666667,0.08333333333333333,25,300
ende23,02,0.02693711180124225,S1_design,130,358.0233333333333,0.05,15,300
ende23,02,0.02693711180124225,S1_design,174,445.48333333333335,0.07,21,300
ende23,02,0.02693711180124225,S1_design,231,560.5566666666666,0.043333333333333335,13,300
ende23,02,0.02693711180124225,S1_design,308,711.93,0.03333333333333333,10,300
ende23,02,0.02693711180124225,S1_design,410,884.09,0.0,0,300
ende23,02,0.02693711180124225,S2_fixed,10,118.54333333333334,0.17,51,300
ende23,02,0.02693711180124225,S2_fixed,13,124.15,0.13333333333333333,40,300
ende23,02,0.02693711180124225,S2_fixed,17,131.91666666666666,0.15,45,300
ende23,02,0.02693711180124225,S2_fixed,23,142.54333333333332,0.10333333333333333,31,300
ende23,02,0.02693711180124225,S2_fixed,31,159.71,0.12333333333333334,37,300
ende23,02,0.02693711180124225,S2_fixed,41,179.87,0.12666666666666668,38,300
ende23,02,0.02693711180124225,S2_fixed,55,207.87666666666667,0.08,24,300
ende23,02,0.02693711180124225,S2_fixed,73,245.15666666666667,0.08666666666666667,26,300
ende23,02,0.02693711180124225,S2_fixed,98,293.5966666666667,0.08,24,300
ende23,02,0.02693711180124225,S2_fixed,130,358.0233333333333,0.056666666666666664,17,300
ende23,02,0.02693711180124225,S2_fixed,174,445.48333333333335,0.06333333333333334,19,300
ende23,02,0.02693711180124225,S2_fixed,231,560.5566666666666,0.043333333333333335,13,300
ende23,02,0.02693711180124225,S2_fixed,308,711.93,0.03666666666666667,11,300
ende23,02,0.02693711180124225,S2_fixed,410,884.09,0.0,0,300
ende23,02,0.02693711180124225,S3_select,10,118.54333333333334,0.14,42,300
ende23,02,0.02693711180124225,S3_select,13,124.15,0.09333333333333334,28,300
ende23,02,0.02693711180124225,S3_select,17,131.91666666666666,0.12666666666666668,38,300
ende23,02,0.02693711180124225,S3_select,23,142.54333333333332,0.1,30,300
ende23,02,0.02693711180124225,S3_select,31,159.71,0.11333333333333333,34,300
ende23,02,0.02693711180124225,S3_select,41,179.87,0.13,39,300
ende23,02,0.02693711180124225,S3_select,55,207.87666666666667,0.08333333333333333,25,300
ende23,02,0.02693711180124225,S3_select,73,245.15666666666667,0.08333333333333333,25,300
ende23,02,0.02693711180124225,S3_select,98,293.5966666666667,0.056666666666666664,17,300
ende23,02,0.02693711180124225,S3_select,130,358.0233333333333,0.06,18,300
ende23,02,0.02693711180124225,S3_select,174,445.48333333333335,0.06333333333333334,19,300
ende23,02,0.02693711180124225,S3_select,231,560.5566666666666,0.056666666666666664,17,300
ende23,02,0.02693711180124225,S3_select,308,711.93,0.03333333333333333,10,300
ende23,02,0.02693711180124225,S3_select,410,884.09,0.0,0,300
ende23,02,0.02693711180124225,S4_select_or_abstain,10,118.54333333333334,0.14,42,300
ende23,02,0.02693711180124225,S4_select_or_abstain,13,124.15,0.09333333333333334,28,300
ende23,02,0.02693711180124225,S4_select_or_abstain,17,131.91666666666666,0.12666666666666668,38,300
ende23,02,0.02693711180124225,S4_select_or_abstain,23,142.54333333333332,0.1,30,300
ende23,02,0.02693711180124225,S4_select_or_abstain,31,159.71,0.11666666666666667,35,300
ende23,02,0.02693711180124225,S4_select_or_abstain,41,179.87,0.13,39,300
ende23,02,0.02693711180124225,S4_select_or_abstain,55,207.87666666666667,0.08333333333333333,25,300
ende23,02,0.02693711180124225,S4_select_or_abstain,73,245.15666666666667,0.08333333333333333,25,300
ende23,02,0.02693711180124225,S4_select_or_abstain,98,293.5966666666667,0.056666666666666664,17,300
ende23,02,0.02693711180124225,S4_select_or_abstain,130,358.0233333333333,0.06,18,300
ende23,02,0.02693711180124225,S4_select_or_abstain,174,445.48333333333335,0.06333333333333334,19,300
ende23,02,0.02693711180124225,S4_select_or_abstain,231,560.5566666666666,0.056666666666666664,17,300
ende23,02,0.02693711180124225,S4_select_or_abstain,308,711.93,0.03333333333333333,10,300
ende23,02,0.02693711180124225,S4_select_or_abstain,410,884.09,0.0,0,300
ende23,03,0.04864863354037272,S1_design,10,118.44,0.20666666666666667,62,300
ende23,03,0.04864863354037272,S1_design,13,124.14666666666666,0.11333333333333333,34,300
ende23,03,0.04864863354037272,S1_design,17,131.72666666666666,0.10666666666666667,32,300
ende23,03,0.04864863354037272,S1_design,23,142.4,0.13,39,300
ende23,03,0.04864863354037272,S1_design,31,159.61333333333334,0.13333333333333333,40,300
ende23,03,0.04864863354037272,S1_design,41,179.79333333333332,0.12,36,300
ende23,03,0.04864863354037272,S1_design,55,207.90666666666667,0.1,30,300
ende23,03,0.04864863354037272,S1_design,73,244.98,0.07333333333333333,22,300
ende23,03,0.04864863354037272,S1_design,98,293.82,0.09,27,300
ende23,03,0.04864863354037272,S1_design,130,358.2266666666667,0.04,12,300
ende23,03,0.04864863354037272,S1_design,174,445.29333333333335,0.02666666666666667,8,300
ende23,03,0.04864863354037272,S1_design,231,560.5,0.03,9,300
ende23,03,0.04864863354037272,S1_design,308,711.7,0.013333333333333334,4,300
ende23,03,0.04864863354037272,S1_design,410,882.1466666666666,0.0,0,300
ende23,03,0.04864863354037272,S2_fixed,10,118.44,0.18666666666666668,56,300
ende23,03,0.04864863354037272,S2_fixed,13,124.14666666666666,0.10666666666666667,32,300
ende23,03,0.04864863354037272,S2_fixed,17,131.72666666666666,0.11333333333333333,34,300
ende23,03,0.04864863354037272,S2_fixed,23,142.4,0.11666666666666667,35,300
ende23,03,0.04864863354037272,S2_fixed,31,159.61333333333334,0.11,33,300
ende23,03,0.04864863354037272,S2_fixed,41,179.79333333333332,0.10333333333333333,31,300
ende23,03,0.04864863354037272,S2_fixed,55,207.90666666666667,0.09333333333333334,28,300
ende23,03,0.04864863354037272,S2_fixed,73,244.98,0.056666666666666664,17,300
ende23,03,0.04864863354037272,S2_fixed,98,293.82,0.07666666666666666,23,300
ende23,03,0.04864863354037272,S2_fixed,130,358.2266666666667,0.043333333333333335,13,300
ende23,03,0.04864863354037272,S2_fixed,174,445.29333333333335,0.03,9,300
ende23,03,0.04864863354037272,S2_fixed,231,560.5,0.03,9,300
ende23,03,0.04864863354037272,S2_fixed,308,711.7,0.013333333333333334,4,300
ende23,03,0.04864863354037272,S2_fixed,410,882.1466666666666,0.0,0,300
ende23,03,0.04864863354037272,S3_select,10,118.44,0.16,48,300
ende23,03,0.04864863354037272,S3_select,13,124.14666666666666,0.10333333333333333,31,300
ende23,03,0.04864863354037272,S3_select,17,131.72666666666666,0.1,30,300
ende23,03,0.04864863354037272,S3_select,23,142.4,0.11333333333333333,34,300
ende23,03,0.04864863354037272,S3_select,31,159.61333333333334,0.12666666666666668,38,300
ende23,03,0.04864863354037272,S3_select,41,179.79333333333332,0.11333333333333333,34,300
ende23,03,0.04864863354037272,S3_select,55,207.90666666666667,0.09,27,300
ende23,03,0.04864863354037272,S3_select,73,244.98,0.07333333333333333,22,300
ende23,03,0.04864863354037272,S3_select,98,293.82,0.07666666666666666,23,300
ende23,03,0.04864863354037272,S3_select,130,358.2266666666667,0.043333333333333335,13,300
ende23,03,0.04864863354037272,S3_select,174,445.29333333333335,0.03666666666666667,11,300
ende23,03,0.04864863354037272,S3_select,231,560.5,0.03,9,300
ende23,03,0.04864863354037272,S3_select,308,711.7,0.013333333333333334,4,300
ende23,03,0.04864863354037272,S3_select,410,882.1466666666666,0.0,0,300
ende23,03,0.04864863354037272,S4_select_or_abstain,10,118.44,0.16,48,300
ende23,03,0.04864863354037272,S4_select_or_abstain,13,124.14666666666666,0.10333333333333333,31,300
ende23,03,0.04864863354037272,S4_select_or_abstain,17,131.72666666666666,0.1,30,300
ende23,03,0.04864863354037272,S4_select_or_abstain,23,142.4,0.11333333333333333,34,300
ende23,03,0.04864863354037272,S4_select_or_abstain,31,159.61333333333334,0.12666666666666668,38,300
ende23,03,0.04864863354037272,S4_select_or_abstain,41,179.79333333333332,0.11333333333333333,34,300
ende23,03,0.04864863354037272,S4_select_or_abstain,55,207.90666666666667,0.09,27,300
ende23,03,0.04864863354037272,S4_select_or_abstain,73,244.98,0.07333333333333333,22,300
ende23,03,0.04864863354037272,S4_select_or_abstain,98,293.82,0.07666666666666666,23,300
ende23,03,0.04864863354037272,S4_select_or_abstain,130,358.2266666666667,0.043333333333333335,13,300
ende23,03,0.04864863354037272,S4_select_or_abstain,174,445.29333333333335,0.03666666666666667,11,300
ende23,03,0.04864863354037272,S4_select_or_abstain,231,560.5,0.03,9,300
ende23,03,0.04864863354037272,S4_select_or_abstain,308,711.7,0.013333333333333334,4,300
ende23,03,0.04864863354037272,S4_select_or_abstain,410,882.1466666666666,0.0,0,300
ende23,04,0.04973962732919243,S1_design,10,118.26,0.2,60,300
ende23,04,0.04973962732919243,S1_design,13,123.94,0.15333333333333332,46,300
ende23,04,0.04973962732919243,S1_design,17,131.56666666666666,0.13666666666666666,41,300
ende23,04,0.04973962732919243,S1_design,23,142.24,0.13666666666666666,41,300
ende23,04,0.04973962732919243,S1_design,31,159.49333333333334,0.14666666666666667,44,300
ende23,04,0.04973962732919243,S1_design,41,179.61333333333334,0.12666666666666668,38,300
ende23,04,0.04973962732919243,S1_design,55,207.52666666666667,0.08666666666666667,26,300
ende23,04,0.04973962732919243,S1_design,73,244.64,0.06666666666666667,20,300
ende23,04,0.04973962732919243,S1_design,98,293.3,0.08333333333333333,25,300
ende23,04,0.04973962732919243,S1_design,130,357.68,0.05333333333333334,16,300
ende23,04,0.04973962732919243,S1_design,174,445.3933333333333,0.08,24,300
ende23,04,0.04973962732919243,S1_design,231,560.1933333333334,0.04,12,300
ende23,04,0.04973962732919243,S1_design,308,711.4133333333333,0.02,6,300
ende23,04,0.04973962732919243,S1_design,410,876.4066666666666,0.0,0,300
ende23,04,0.04973962732919243,S2_fixed,10,118.26,0.14,42,300
ende23,04,0.04973962732919243,S2_fixed,13,123.94,0.12333333333333334,37,300
ende23,04,0.04973962732919243,S2_fixed,17,131.56666666666666,0.12333333333333334,37,300
ende23,04,0.04973962732919243,S2_fixed,23,142.24,0.10666666666666667,32,300
ende23,04,0.04973962732919243,S2_fixed,31,159.49333333333334,0.13666666666666666,41,300
ende23,04,0.04973962732919243,S2_fixed,41,179.61333333333334,0.10666666666666667,32,300
ende23,04,0.04973962732919243,S2_fixed,55,207.52666666666667,0.07666666666666666,23,300
ende23,04,0.04973962732919243,S2_fixed,73,244.64,0.06,18,300
ende23,04,0.04973962732919243,S2_fixed,98,293.3,0.07,21,300
ende23,04,0.04973962732919243,S2_fixed,130,357.68,0.043333333333333335,13,300
ende23,04,0.04973962732919243,S2_fixed,174,445.3933333333333,0.04666666666666667,14,300
ende23,04,0.04973962732919243,S2_fixed,231,560.1933333333334,0.03,9,300
ende23,04,0.04973962732919243,S2_fixed,308,711.4133333333333,0.016666666666666666,5,300
ende23,04,0.04973962732919243,S2_fixed,410,876.4066666666666,0.0,0,300
ende23,04,0.04973962732919243,S3_select,10,118.26,0.12,36,300
ende23,04,0.04973962732919243,S3_select,13,123.94,0.08333333333333333,25,300
ende23,04,0.04973962732919243,S3_select,17,131.56666666666666,0.11666666666666667,35,300
ende23,04,0.04973962732919243,S3_select,23,142.24,0.09,27,300
ende23,04,0.04973962732919243,S3_select,31,159.49333333333334,0.12,36,300
ende23,04,0.04973962732919243,S3_select,41,179.61333333333334,0.1,30,300
ende23,04,0.04973962732919243,S3_select,55,207.52666666666667,0.06,18,300
ende23,04,0.04973962732919243,S3_select,73,244.64,0.04,12,300
ende23,04,0.04973962732919243,S3_select,98,293.3,0.08333333333333333,25,300
ende23,04,0.04973962732919243,S3_select,130,357.68,0.04666666666666667,14,300
ende23,04,0.04973962732919243,S3_select,174,445.3933333333333,0.04,12,300
ende23,04,0.04973962732919243,S3_select,231,560.1933333333334,0.03333333333333333,10,300
ende23,04,0.04973962732919243,S3_select,308,711.4133333333333,0.016666666666666666,5,300
ende23,04,0.04973962732919243,S3_select,410,876.4066666666666,0.0,0,300
ende23,04,0.04973962732919243,S4_select_or_abstain,10,118.26,0.12333333333333334,37,300
ende23,04,0.04973962732919243,S4_select_or_abstain,13,123.94,0.08333333333333333,25,300
ende23,04,0.04973962732919243,S4_select_or_abstain,17,131.56666666666666,0.11666666666666667,35,300
ende23,04,0.04973962732919243,S4_select_or_abstain,23,142.24,0.09,27,300
ende23,04,0.04973962732919243,S4_select_or_abstain,31,159.49333333333334,0.12,36,300
ende23,04,0.04973962732919243,S4_select_or_abstain,41,179.61333333333334,0.1,30,300
ende23,04,0.04973962732919243,S4_select_or_abstain,55,207.52666666666667,0.06,18,300
ende23,04,0.04973962732919243,S4_select_or_abstain,73,244.64,0.04,12,300
ende23,04,0.04973962732919243,S4_select_or_abstain,98,293.3,0.08333333333333333,25,300
ende23,04,0.04973962732919243,S4_select_or_abstain,130,357.68,0.04666666666666667,14,300
ende23,04,0.04973962732919243,S4_select_or_abstain,174,445.3933333333333,0.04,12,300
ende23,04,0.04973962732919243,S4_select_or_abstain,231,560.1933333333334,0.03333333333333333,10,300
ende23,04,0.04973962732919243,S4_select_or_abstain,308,711.4133333333333,0.016666666666666666,5,300
ende23,04,0.04973962732919243,S4_select_or_abstain,410,876.4066666666666,0.0,0,300
ende23,05,0.07813136645962748,S1_design,10,118.74666666666667,0.21,63,300
ende23,05,0.07813136645962748,S1_design,13,124.68,0.14666666666666667,44,300
ende23,05,0.07813136645962748,S1_design,17,132.20666666666668,0.16666666666666666,50,300
ende23,05,0.07813136645962748,S1_design,23,142.73333333333332,0.10666666666666667,32,300
ende23,05,0.07813136645962748,S1_design,31,160.2,0.12333333333333334,37,300
ende23,05,0.07813136645962748,S1_design,41,180.09333333333333,0.13,39,300
ende23,05,0.07813136645962748,S1_design,55,208.6,0.06333333333333334,19,300
ende23,05,0.07813136645962748,S1_design,73,245.32666666666665,0.06666666666666667,20,300
ende23,05,0.07813136645962748,S1_design,98,293.74666666666667,0.06666666666666667,20,300
ende23,05,0.07813136645962748,S1_design,130,358.2733333333333,0.04666666666666667,14,300
ende23,05,0.07813136645962748,S1_design,174,446.23333333333335,0.03666666666666667,11,300
ende23,05,0.07813136645962748,S1_design,231,561.2733333333333,0.013333333333333334,4,300
ende23,05,0.07813136645962748,S1_design,308,712.1733333333333,0.01,3,300
ende23,05,0.07813136645962748,S1_design,410,889.72,0.0,0,300
ende23,05,0.07813136645962748,S2_fixed,10,118.74666666666667,0.15666666666666668,47,300
ende23,05,0.07813136645962748,S2_fixed,13,124.68,0.10333333333333333,31,300
ende23,05,0.07813136645962748,S2_fixed,17,132.20666666666668,0.13333333333333333,40,300
ende23,05,0.07813136645962748,S2_fixed,23,142.73333333333332,0.07333333333333333,22,300
ende23,05,0.07813136645962748,S2_fixed,31,160.2,0.10666666666666667,32,300
ende23,05,0.07813136645962748,S2_fixed,41,180.09333333333333,0.11,33,300
ende23,05,0.07813136645962748,S2_fixed,55,208.6,0.06333333333333334,19,300
ende23,05,0.07813136645962748,S2_fixed,73,245.32666666666665,0.07333333333333333,22,300
ende23,05,0.07813136645962748,S2_fixed,98,293.74666666666667,0.05333333333333334,16,300
ende23,05,0.07813136645962748,S2_fixed,130,358.2733333333333,0.03333333333333333,10,300
ende23,05,0.07813136645962748,S2_fixed,174,446.23333333333335,0.05,15,300
ende23,05,0.07813136645962748,S2_fixed,231,561.2733333333333,0.01,3,300
ende23,05,0.07813136645962748,S2_fixed,308,712.1733333333333,0.0033333333333333335,1,300
ende23,05,0.07813136645962748,S2_fixed,410,889.72,0.0,0,300
ende23,05,0.07813136645962748,S3_select,10,118.74666666666667,0.09333333333333334,28,300
ende23,05,0.07813136645962748,S3_select,13,124.68,0.06333333333333334,19,300
ende23,05,0.07813136645962748,S3_select,17,132.20666666666668,0.08,24,300
ende23,05,0.07813136645962748,S3_select,23,142.73333333333332,0.06333333333333334,19,300
ende23,05,0.07813136645962748,S3_select,31,160.2,0.06666666666666667,20,300
ende23,05,0.07813136645962748,S3_select,41,180.09333333333333,0.07333333333333333,22,300
ende23,05,0.07813136645962748,S3_select,55,208.6,0.05333333333333334,16,300
ende23,05,0.07813136645962748,S3_select,73,245.32666666666665,0.05333333333333334,16,300
ende23,05,0.07813136645962748,S3_select,98,293.74666666666667,0.04666666666666667,14,300
ende23,05,0.07813136645962748,S3_select,130,358.2733333333333,0.04,12,300
ende23,05,0.07813136645962748,S3_select,174,446.23333333333335,0.03,9,300
ende23,05,0.07813136645962748,S3_select,231,561.2733333333333,0.0033333333333333335,1,300
ende23,05,0.07813136645962748,S3_select,308,712.1733333333333,0.0033333333333333335,1,300
ende23,05,0.07813136645962748,S3_select,410,889.72,0.0,0,300
ende23,05,0.07813136645962748,S4_select_or_abstain,10,118.74666666666667,0.09333333333333334,28,300
ende23,05,0.07813136645962748,S4_select_or_abstain,13,124.68,0.06333333333333334,19,300
ende23,05,0.07813136645962748,S4_select_or_abstain,17,132.20666666666668,0.08,24,300
ende23,05,0.07813136645962748,S4_select_or_abstain,23,142.73333333333332,0.06333333333333334,19,300
ende23,05,0.07813136645962748,S4_select_or_abstain,31,160.2,0.06666666666666667,20,300
ende23,05,0.07813136645962748,S4_select_or_abstain,41,180.09333333333333,0.07333333333333333,22,300
ende23,05,0.07813136645962748,S4_select_or_abstain,55,208.6,0.05333333333333334,16,300
ende23,05,0.07813136645962748,S4_select_or_abstain,73,245.32666666666665,0.05333333333333334,16,300
ende23,05,0.07813136645962748,S4_select_or_abstain,98,293.74666666666667,0.04666666666666667,14,300
ende23,05,0.07813136645962748,S4_select_or_abstain,130,358.2733333333333,0.04,12,300
ende23,05,0.07813136645962748,S4_select_or_abstain,174,446.23333333333335,0.03,9,300
ende23,05,0.07813136645962748,S4_select_or_abstain,231,561.2733333333333,0.0033333333333333335,1,300
ende23,05,0.07813136645962748,S4_select_or_abstain,308,712.1733333333333,0.0033333333333333335,1,300
ende23,05,0.07813136645962748,S4_select_or_abstain,410,889.72,0.0,0,300
ende23,12,0.024127826086956503,S1_design,10,117.01666666666667,0.15333333333333332,46,300
ende23,12,0.024127826086956503,S1_design,13,122.68333333333334,0.09333333333333334,28,300
ende23,12,0.024127826086956503,S1_design,17,130.18333333333334,0.16,48,300
ende23,12,0.024127826086956503,S1_design,23,141.49666666666667,0.12,36,300
ende23,12,0.024127826086956503,S1_design,31,158.27,0.11666666666666667,35,300
ende23,12,0.024127826086956503,S1_design,41,178.26333333333332,0.10333333333333333,31,300
ende23,12,0.024127826086956503,S1_design,55,206.57,0.08,24,300
ende23,12,0.024127826086956503,S1_design,73,243.89,0.09333333333333334,28,300
ende23,12,0.024127826086956503,S1_design,98,292.4166666666667,0.07666666666666666,23,300
ende23,12,0.024127826086956503,S1_design,130,355.93666666666667,0.08,24,300
ende23,12,0.024127826086956503,S1_design,174,444.0233333333333,0.06666666666666667,20,300
ende23,12,0.024127826086956503,S1_design,231,559.0966666666667,0.06666666666666667,20,300
ende23,12,0.024127826086956503,S1_design,308,709.81,0.03666666666666667,11,300
ende23,12,0.024127826086956503,S1_design,410,857.6233333333333,0.0,0,300
ende23,12,0.024127826086956503,S2_fixed,10,117.01666666666667,0.14333333333333334,43,300
ende23,12,0.024127826086956503,S2_fixed,13,122.68333333333334,0.1,30,300
ende23,12,0.024127826086956503,S2_fixed,17,130.18333333333334,0.14,42,300
ende23,12,0.024127826086956503,S2_fixed,23,141.49666666666667,0.11333333333333333,34,300
ende23,12,0.024127826086956503,S2_fixed,31,158.27,0.11666666666666667,35,300
ende23,12,0.024127826086956503,S2_fixed,41,178.26333333333332,0.10666666666666667,32,300
ende23,12,0.024127826086956503,S2_fixed,55,206.57,0.08666666666666667,26,300
ende23,12,0.024127826086956503,S2_fixed,73,243.89,0.09333333333333334,28,300
ende23,12,0.024127826086956503,S2_fixed,98,292.4166666666667,0.08,24,300
ende23,12,0.024127826086956503,S2_fixed,130,355.93666666666667,0.07333333333333333,22,300
ende23,12,0.024127826086956503,S2_fixed,174,444.0233333333333,0.06,18,300
ende23,12,0.024127826086956503,S2_fixed,231,559.0966666666667,0.05333333333333334,16,300
ende23,12,0.024127826086956503,S2_fixed,308,709.81,0.03333333333333333,10,300
ende23,12,0.024127826086956503,S2_fixed,410,857.6233333333333,0.0,0,300
ende23,12,0.024127826086956503,S3_select,10,117.01666666666667,0.17666666666666667,53,300
ende23,12,0.024127826086956503,S3_select,13,122.68333333333334,0.09,27,300
ende23,12,0.024127826086956503,S3_select,17,130.18333333333334,0.14666666666666667,44,300
ende23,12,0.024127826086956503,S3_select,23,141.49666666666667,0.12333333333333334,37,300
ende23,12,0.024127826086956503,S3_select,31,158.27,0.11333333333333333,34,300
ende23,12,0.024127826086956503,S3_select,41,178.26333333333332,0.12,36,300
ende23,12,0.024127826086956503,S3_select,55,206.57,0.04666666666666667,14,300
ende23,12,0.024127826086956503,S3_select,73,243.89,0.07333333333333333,22,300
ende23,12,0.024127826086956503,S3_select,98,292.4166666666667,0.07666666666666666,23,300
ende23,12,0.024127826086956503,S3_select,130,355.93666666666667,0.07,21,300
ende23,12,0.024127826086956503,S3_select,174,444.0233333333333,0.07,21,300
ende23,12,0.024127826086956503,S3_select,231,559.0966666666667,0.056666666666666664,17,300
ende23,12,0.024127826086956503,S3_select,308,709.81,0.03,9,300
ende23,12,0.024127826086956503,S3_select,410,857.6233333333333,0.0,0,300
ende23,12,0.024127826086956503,S4_select_or_abstain,10,117.01666666666667,0.17666666666666667,53,300
ende23,12,0.024127826086956503,S4_select_or_abstain,13,122.68333333333334,0.09,27,300
ende23,12,0.024127826086956503,S4_select_or_abstain,17,130.18333333333334,0.14666666666666667,44,300
ende23,12,0.024127826086956503,S4_select_or_abstain,23,141.49666666666667,0.12666666666666668,38,300
ende23,12,0.024127826086956503,S4_select_or_abstain,31,158.27,0.11333333333333333,34,300
ende23,12,0.024127826086956503,S4_select_or_abstain,41,178.26333333333332,0.12,36,300
ende23,12,0.024127826086956503,S4_select_or_abstain,55,206.57,0.04666666666666667,14,300
ende23,12,0.024127826086956503,S4_select_or_abstain,73,243.89,0.07333333333333333,22,300
ende23,12,0.024127826086956503,S4_select_or_abstain,98,292.4166666666667,0.07666666666666666,23,300
ende23,12,0.024127826086956503,S4_select_or_abstain,130,355.93666666666667,0.07,21,300
ende23,12,0.024127826086956503,S4_select_or_abstain,174,444.0233333333333,0.07,21,300
ende23,12,0.024127826086956503,S4_select_or_abstain,231,559.0966666666667,0.056666666666666664,17,300
ende23,12,0.024127826086956503,S4_select_or_abstain,308,709.81,0.03,9,300
ende23,12,0.024127826086956503,S4_select_or_abstain,410,857.6233333333333,0.0,0,300
ende23,13,0.04583934782608703,S1_design,10,117.70333333333333,0.19666666666666666,59,300
ende23,13,0.04583934782608703,S1_design,13,123.43666666666667,0.1,30,300
ende23,13,0.04583934782608703,S1_design,17,130.94333333333333,0.11666666666666667,35,300
ende23,13,0.04583934782608703,S1_design,23,142.07666666666665,0.12666666666666668,38,300
ende23,13,0.04583934782608703,S1_design,31,159.03,0.1,30,300
ende23,13,0.04583934782608703,S1_design,41,178.98333333333332,0.12333333333333334,37,300
ende23,13,0.04583934782608703,S1_design,55,207.19666666666666,0.07666666666666666,23,300
ende23,13,0.04583934782608703,S1_design,73,244.41666666666666,0.09666666666666666,29,300
ende23,13,0.04583934782608703,S1_design,98,293.0833333333333,0.07666666666666666,23,300
ende23,13,0.04583934782608703,S1_design,130,357.37,0.04,12,300
ende23,13,0.04583934782608703,S1_design,174,444.95666666666665,0.04666666666666667,14,300
ende23,13,0.04583934782608703,S1_design,231,559.8366666666667,0.03666666666666667,11,300
ende23,13,0.04583934782608703,S1_design,308,710.6166666666667,0.016666666666666666,5,300
ende23,13,0.04583934782608703,S1_design,410,870.85,0.0,0,300
ende23,13,0.04583934782608703,S2_fixed,10,117.70333333333333,0.19333333333333333,58,300
ende23,13,0.04583934782608703,S2_fixed,13,123.43666666666667,0.08666666666666667,26,300
ende23,13,0.04583934782608703,S2_fixed,17,130.94333333333333,0.13,39,300
ende23,13,0.04583934782608703,S2_fixed,23,142.07666666666665,0.10666666666666667,32,300
ende23,13,0.04583934782608703,S2_fixed,31,159.03,0.07666666666666666,23,300
ende23,13,0.04583934782608703,S2_fixed,41,178.98333333333332,0.12333333333333334,37,300
ende23,13,0.04583934782608703,S2_fixed,55,207.19666666666666,0.07666666666666666,23,300
ende23,13,0.04583934782608703,S2_fixed,73,244.41666666666666,0.09,27,300
ende23,13,0.04583934782608703,S2_fixed,98,293.0833333333333,0.07666666666666666,23,300
ende23,13,0.04583934782608703,S2_fixed,130,357.37,0.03666666666666667,11,300
ende23,13,0.04583934782608703,S2_fixed,174,444.95666666666665,0.04,12,300
ende23,13,0.04583934782608703,S2_fixed,231,559.8366666666667,0.03666666666666667,11,300
ende23,13,0.04583934782608703,S2_fixed,308,710.6166666666667,0.02,6,300
ende23,13,0.04583934782608703,S2_fixed,410,870.85,0.0,0,300
ende23,13,0.04583934782608703,S3_select,10,117.70333333333333,0.17666666666666667,53,300
ende23,13,0.04583934782608703,S3_select,13,123.43666666666667,0.07666666666666666,23,300
ende23,13,0.04583934782608703,S3_select,17,130.94333333333333,0.12666666666666668,38,300
ende23,13,0.04583934782608703,S3_select,23,142.07666666666665,0.11333333333333333,34,300
ende23,13,0.04583934782608703,S3_select,31,159.03,0.07666666666666666,23,300
ende23,13,0.04583934782608703,S3_select,41,178.98333333333332,0.10666666666666667,32,300
ende23,13,0.04583934782608703,S3_select,55,207.19666666666666,0.06,18,300
ende23,13,0.04583934782608703,S3_select,73,244.41666666666666,0.1,30,300
ende23,13,0.04583934782608703,S3_select,98,293.0833333333333,0.08,24,300
ende23,13,0.04583934782608703,S3_select,130,357.37,0.04,12,300
ende23,13,0.04583934782608703,S3_select,174,444.95666666666665,0.04,12,300
ende23,13,0.04583934782608703,S3_select,231,559.8366666666667,0.03666666666666667,11,300
ende23,13,0.04583934782608703,S3_select,308,710.6166666666667,0.02,6,300
ende23,13,0.04583934782608703,S3_select,410,870.85,0.0,0,300
ende23,13,0.04583934782608703,S4_select_or_abstain,10,117.70333333333333,0.17666666666666667,53,300
ende23,13,0.04583934782608703,S4_select_or_abstain,13,123.43666666666667,0.07666666666666666,23,300
ende23,13,0.04583934782608703,S4_select_or_abstain,17,130.94333333333333,0.12333333333333334,37,300
ende23,13,0.04583934782608703,S4_select_or_abstain,23,142.07666666666665,0.11333333333333333,34,300
ende23,13,0.04583934782608703,S4_select_or_abstain,31,159.03,0.07666666666666666,23,300
ende23,13,0.04583934782608703,S4_select_or_abstain,41,178.98333333333332,0.10666666666666667,32,300
ende23,13,0.04583934782608703,S4_select_or_abstain,55,207.19666666666666,0.056666666666666664,17,300
ende23,13,0.04583934782608703,S4_select_or_abstain,73,244.41666666666666,0.1,30,300
ende23,13,0.04583934782608703,S4_select_or_abstain,98,293.0833333333333,0.08,24,300
ende23,13,0.04583934782608703,S4_select_or_abstain,130,357.37,0.04,12,300
ende23,13,0.04583934782608703,S4_select_or_abstain,174,444.95666666666665,0.04,12,300
ende23,13,0.04583934782608703,S4_select_or_abstain,231,559.8366666666667,0.03666666666666667,11,300
ende23,13,0.04583934782608703,S4_select_or_abstain,308,710.6166666666667,0.02,6,300
ende23,13,0.04583934782608703,S4_select_or_abstain,410,870.85,0.0,0,300
ende23,14,0.046930341614906855,S1_design,10,117.23,0.19666666666666666,59,300
ende23,14,0.046930341614906855,S1_design,13,122.91666666666667,0.13333333333333333,40,300
ende23,14,0.046930341614906855,S1_design,17,130.37666666666667,0.13666666666666666,41,300
ende23,14,0.046930341614906855,S1_design,23,141.73666666666668,0.15333333333333332,46,300
ende23,14,0.046930341614906855,S1_design,31,158.63666666666666,0.1,30,300
ende23,14,0.046930341614906855,S1_design,41,178.57666666666665,0.12666666666666668,38,300
ende23,14,0.046930341614906855,S1_design,55,206.63666666666666,0.07,21,300
ende23,14,0.046930341614906855,S1_design,73,244.16333333333333,0.09,27,300
ende23,14,0.046930341614906855,S1_design,98,292.45,0.09333333333333334,28,300
ende23,14,0.046930341614906855,S1_design,130,356.43,0.06333333333333334,19,300
ende23,14,0.046930341614906855,S1_design,174,443.7033333333333,0.04666666666666667,14,300
ende23,14,0.046930341614906855,S1_design,231,559.3966666666666,0.016666666666666666,5,300
ende23,14,0.046930341614906855,S1_design,308,709.85,0.02,6,300
ende23,14,0.046930341614906855,S1_design,410,859.45,0.0,0,300
ende23,14,0.046930341614906855,S2_fixed,10,117.23,0.16,48,300
ende23,14,0.046930341614906855,S2_fixed,13,122.91666666666667,0.13,39,300
ende23,14,0.046930341614906855,S2_fixed,17,130.37666666666667,0.12666666666666668,38,300
ende23,14,0.046930341614906855,S2_fixed,23,141.73666666666668,0.13,39,300
ende23,14,0.046930341614906855,S2_fixed,31,158.63666666666666,0.10333333333333333,31,300
ende23,14,0.046930341614906855,S2_fixed,41,178.57666666666665,0.11,33,300
ende23,14,0.046930341614906855,S2_fixed,55,206.63666666666666,0.06,18,300
ende23,14,0.046930341614906855,S2_fixed,73,244.16333333333333,0.08666666666666667,26,300
ende23,14,0.046930341614906855,S2_fixed,98,292.45,0.08666666666666667,26,300
ende23,14,0.046930341614906855,S2_fixed,130,356.43,0.03666666666666667,11,300
ende23,14,0.046930341614906855,S2_fixed,174,443.7033333333333,0.05,15,300
ende23,14,0.046930341614906855,S2_fixed,231,559.3966666666666,0.02,6,300
ende23,14,0.046930341614906855,S2_fixed,308,709.85,0.016666666666666666,5,300
ende23,14,0.046930341614906855,S2_fixed,410,859.45,0.0,0,300
ende23,14,0.046930341614906855,S3_select,10,117.23,0.15666666666666668,47,300
ende23,14,0.046930341614906855,S3_select,13,122.91666666666667,0.11,33,300
ende23,14,0.046930341614906855,S3_select,17,130.37666666666667,0.13333333333333333,40,300
ende23,14,0.046930341614906855,S3_select,23,141.73666666666668,0.15,45,300
ende23,14,0.046930341614906855,S3_select,31,158.63666666666666,0.09333333333333334,28,300
ende23,14,0.046930341614906855,S3_select,41,178.57666666666665,0.09,27,300
ende23,14,0.046930341614906855,S3_select,55,206.63666666666666,0.05333333333333334,16,300
ende23,14,0.046930341614906855,S3_select,73,244.16333333333333,0.08666666666666667,26,300
ende23,14,0.046930341614906855,S3_select,98,292.45,0.08666666666666667,26,300
ende23,14,0.046930341614906855,S3_select,130,356.43,0.043333333333333335,13,300
ende23,14,0.046930341614906855,S3_select,174,443.7033333333333,0.043333333333333335,13,300
ende23,14,0.046930341614906855,S3_select,231,559.3966666666666,0.013333333333333334,4,300
ende23,14,0.046930341614906855,S3_select,308,709.85,0.023333333333333334,7,300
ende23,14,0.046930341614906855,S3_select,410,859.45,0.0,0,300
ende23,14,0.046930341614906855,S4_select_or_abstain,10,117.23,0.15666666666666668,47,300
ende23,14,0.046930341614906855,S4_select_or_abstain,13,122.91666666666667,0.11,33,300
ende23,14,0.046930341614906855,S4_select_or_abstain,17,130.37666666666667,0.13333333333333333,40,300
ende23,14,0.046930341614906855,S4_select_or_abstain,23,141.73666666666668,0.15,45,300
ende23,14,0.046930341614906855,S4_select_or_abstain,31,158.63666666666666,0.09333333333333334,28,300
ende23,14,0.046930341614906855,S4_select_or_abstain,41,178.57666666666665,0.09,27,300
ende23,14,0.046930341614906855,S4_select_or_abstain,55,206.63666666666666,0.05333333333333334,16,300
ende23,14,0.046930341614906855,S4_select_or_abstain,73,244.16333333333333,0.08666666666666667,26,300
ende23,14,0.046930341614906855,S4_select_or_abstain,98,292.45,0.08666666666666667,26,300
ende23,14,0.046930341614906855,S4_select_or_abstain,130,356.43,0.043333333333333335,13,300
ende23,14,0.046930341614906855,S4_select_or_abstain,174,443.7033333333333,0.043333333333333335,13,300
ende23,14,0.046930341614906855,S4_select_or_abstain,231,559.3966666666666,0.013333333333333334,4,300
ende23,14,0.046930341614906855,S4_select_or_abstain,308,709.85,0.023333333333333334,7,300
ende23,14,0.046930341614906855,S4_select_or_abstain,410,859.45,0.0,0,300
ende23,15,0.07532208074534161,S1_design,10,119.07666666666667,0.20333333333333334,61,300
ende23,15,0.07532208074534161,S1_design,13,124.73666666666666,0.15666666666666668,47,300
ende23,15,0.07532208074534161,S1_design,17,132.43,0.16,48,300
ende23,15,0.07532208074534161,S1_design,23,143.10333333333332,0.14,42,300
ende23,15,0.07532208074534161,S1_design,31,160.64333333333335,0.13333333333333333,40,300
ende23,15,0.07532208074534161,S1_design,41,180.03666666666666,0.11333333333333333,34,300
ende23,15,0.07532208074534161,S1_design,55,208.82333333333332,0.06666666666666667,20,300
ende23,15,0.07532208074534161,S1_design,73,245.61666666666667,0.06333333333333334,19,300
ende23,15,0.07532208074534161,S1_design,98,293.7966666666667,0.06,18,300
ende23,15,0.07532208074534161,S1_design,130,358.55,0.043333333333333335,13,300
ende23,15,0.07532208074534161,S1_design,174,446.1166666666667,0.03666666666666667,11,300
ende23,15,0.07532208074534161,S1_design,231,561.4433333333334,0.02,6,300
ende23,15,0.07532208074534161,S1_design,308,712.4366666666666,0.02666666666666667,8,300
ende23,15,0.07532208074534161,S1_design,410,895.4366666666666,0.0,0,300
ende23,15,0.07532208074534161,S2_fixed,10,119.07666666666667,0.16333333333333333,49,300
ende23,15,0.07532208074534161,S2_fixed,13,124.73666666666666,0.12333333333333334,37,300
ende23,15,0.07532208074534161,S2_fixed,17,132.43,0.16333333333333333,49,300
ende23,15,0.07532208074534161,S2_fixed,23,143.10333333333332,0.11666666666666667,35,300
ende23,15,0.07532208074534161,S2_fixed,31,160.64333333333335,0.09333333333333334,28,300
ende23,15,0.07532208074534161,S2_fixed,41,180.03666666666666,0.09333333333333334,28,300
ende23,15,0.07532208074534161,S2_fixed,55,208.82333333333332,0.06,18,300
ende23,15,0.07532208074534161,S2_fixed,73,245.61666666666667,0.06333333333333334,19,300
ende23,15,0.07532208074534161,S2_fixed,98,293.7966666666667,0.06,18,300
ende23,15,0.07532208074534161,S2_fixed,130,358.55,0.04,12,300
ende23,15,0.07532208074534161,S2_fixed,174,446.1166666666667,0.023333333333333334,7,300
ende23,15,0.07532208074534161,S2_fixed,231,561.4433333333334,0.006666666666666667,2,300
ende23,15,0.07532208074534161,S2_fixed,308,712.4366666666666,0.02,6,300
ende23,15,0.07532208074534161,S2_fixed,410,895.4366666666666,0.0,0,300
ende23,15,0.07532208074534161,S3_select,10,119.07666666666667,0.11,33,300
ende23,15,0.07532208074534161,S3_select,13,124.73666666666666,0.08,24,300
ende23,15,0.07532208074534161,S3_select,17,132.43,0.14666666666666667,44,300
ende23,15,0.07532208074534161,S3_select,23,143.10333333333332,0.08333333333333333,25,300
ende23,15,0.07532208074534161,S3_select,31,160.64333333333335,0.08333333333333333,25,300
ende23,15,0.07532208074534161,S3_select,41,180.03666666666666,0.07,21,300
ende23,15,0.07532208074534161,S3_select,55,208.82333333333332,0.05333333333333334,16,300
ende23,15,0.07532208074534161,S3_select,73,245.61666666666667,0.07333333333333333,22,300
ende23,15,0.07532208074534161,S3_select,98,293.7966666666667,0.05,15,300
ende23,15,0.07532208074534161,S3_select,130,358.55,0.03333333333333333,10,300
ende23,15,0.07532208074534161,S3_select,174,446.1166666666667,0.03,9,300
ende23,15,0.07532208074534161,S3_select,231,561.4433333333334,0.013333333333333334,4,300
ende23,15,0.07532208074534161,S3_select,308,712.4366666666666,0.01,3,300
ende23,15,0.07532208074534161,S3_select,410,895.4366666666666,0.0,0,300
ende23,15,0.07532208074534161,S4_select_or_abstain,10,119.07666666666667,0.11,33,300
ende23,15,0.07532208074534161,S4_select_or_abstain,13,124.73666666666666,0.08,24,300
ende23,15,0.07532208074534161,S4_select_or_abstain,17,132.43,0.14666666666666667,44,300
ende23,15,0.07532208074534161,S4_select_or_abstain,23,143.10333333333332,0.08333333333333333,25,300
ende23,15,0.07532208074534161,S4_select_or_abstain,31,160.64333333333335,0.08333333333333333,25,300
ende23,15,0.07532208074534161,S4_select_or_abstain,41,180.03666666666666,0.07,21,300
ende23,15,0.07532208074534161,S4_select_or_abstain,55,208.82333333333332,0.05333333333333334,16,300
ende23,15,0.07532208074534161,S4_select_or_abstain,73,245.61666666666667,0.07333333333333333,22,300
ende23,15,0.07532208074534161,S4_select_or_abstain,98,293.7966666666667,0.05,15,300
ende23,15,0.07532208074534161,S4_select_or_abstain,130,358.55,0.03333333333333333,10,300
ende23,15,0.07532208074534161,S4_select_or_abstain,174,446.1166666666667,0.03,9,300
ende23,15,0.07532208074534161,S4_select_or_abstain,231,561.4433333333334,0.013333333333333334,4,300
ende23,15,0.07532208074534161,S4_select_or_abstain,308,712.4366666666666,0.01,3,300
ende23,15,0.07532208074534161,S4_select_or_abstain,410,895.4366666666666,0.0,0,300
ende23,23,0.021711521739130473,S1_design,10,115.57,0.16333333333333333,49,300
ende23,23,0.021711521739130473,S1_design,13,121.53666666666666,0.12666666666666668,38,300
ende23,23,0.021711521739130473,S1_design,17,129.00333333333333,0.1,30,300
ende23,23,0.021711521739130473,S1_design,23,139.85,0.07666666666666666,23,300
ende23,23,0.021711521739130473,S1_design,31,156.90333333333334,0.11666666666666667,35,300
ende23,23,0.021711521739130473,S1_design,41,176.73666666666668,0.10333333333333333,31,300
ende23,23,0.021711521739130473,S1_design,55,204.64333333333335,0.08666666666666667,26,300
ende23,23,0.021711521739130473,S1_design,73,242.38333333333333,0.09,27,300
ende23,23,0.021711521739130473,S1_design,98,291.47,0.07666666666666666,23,300
ende23,23,0.021711521739130473,S1_design,130,354.77666666666664,0.08,24,300
ende23,23,0.021711521739130473,S1_design,174,442.19666666666666,0.04,12,300
ende23,23,0.021711521739130473,S1_design,231,558.1233333333333,0.07,21,300
ende23,23,0.021711521739130473,S1_design,308,708.2233333333334,0.03666666666666667,11,300
ende23,23,0.021711521739130473,S1_design,410,831.0566666666666,0.0,0,300
ende23,23,0.021711521739130473,S2_fixed,10,115.57,0.13666666666666666,41,300
ende23,23,0.021711521739130473,S2_fixed,13,121.53666666666666,0.12,36,300
ende23,23,0.021711521739130473,S2_fixed,17,129.00333333333333,0.1,30,300
ende23,23,0.021711521739130473,S2_fixed,23,139.85,0.07333333333333333,22,300
ende23,23,0.021711521739130473,S2_fixed,31,156.90333333333334,0.10333333333333333,31,300
ende23,23,0.021711521739130473,S2_fixed,41,176.73666666666668,0.11666666666666667,35,300
ende23,23,0.021711521739130473,S2_fixed,55,204.64333333333335,0.09666666666666666,29,300
ende23,23,0.021711521739130473,S2_fixed,73,242.38333333333333,0.09,27,300
ende23,23,0.021711521739130473,S2_fixed,98,291.47,0.06666666666666667,20,300
ende23,23,0.021711521739130473,S2_fixed,130,354.77666666666664,0.07333333333333333,22,300
ende23,23,0.021711521739130473,S2_fixed,174,442.19666666666666,0.043333333333333335,13,300
ende23,23,0.021711521739130473,S2_fixed,231,558.1233333333333,0.06333333333333334,19,300
ende23,23,0.021711521739130473,S2_fixed,308,708.2233333333334,0.03333333333333333,10,300
ende23,23,0.021711521739130473,S2_fixed,410,831.0566666666666,0.0,0,300
ende23,23,0.021711521739130473,S3_select,10,115.57,0.12333333333333334,37,300
ende23,23,0.021711521739130473,S3_select,13,121.53666666666666,0.12,36,300
ende23,23,0.021711521739130473,S3_select,17,129.00333333333333,0.08333333333333333,25,300
ende23,23,0.021711521739130473,S3_select,23,139.85,0.09333333333333334,28,300
ende23,23,0.021711521739130473,S3_select,31,156.90333333333334,0.10666666666666667,32,300
ende23,23,0.021711521739130473,S3_select,41,176.73666666666668,0.10666666666666667,32,300
ende23,23,0.021711521739130473,S3_select,55,204.64333333333335,0.09333333333333334,28,300
ende23,23,0.021711521739130473,S3_select,73,242.38333333333333,0.11333333333333333,34,300
ende23,23,0.021711521739130473,S3_select,98,291.47,0.06,18,300
ende23,23,0.021711521739130473,S3_select,130,354.77666666666664,0.08333333333333333,25,300
ende23,23,0.021711521739130473,S3_select,174,442.19666666666666,0.043333333333333335,13,300
ende23,23,0.021711521739130473,S3_select,231,558.1233333333333,0.06,18,300
ende23,23,0.021711521739130473,S3_select,308,708.2233333333334,0.03666666666666667,11,300
ende23,23,0.021711521739130473,S3_select,410,831.0566666666666,0.0,0,300
ende23,23,0.021711521739130473,S4_select_or_abstain,10,115.57,0.12333333333333334,37,300
ende23,23,0.021711521739130473,S4_select_or_abstain,13,121.53666666666666,0.12,36,300
ende23,23,0.021711521739130473,S4_select_or_abstain,17,129.00333333333333,0.08333333333333333,25,300
ende23,23,0.021711521739130473,S4_select_or_abstain,23,139.85,0.09333333333333334,28,300
ende23,23,0.021711521739130473,S4_select_or_abstain,31,156.90333333333334,0.10666666666666667,32,300
ende23,23,0.021711521739130473,S4_select_or_abstain,41,176.73666666666668,0.10666666666666667,32,300
ende23,23,0.021711521739130473,S4_select_or_abstain,55,204.64333333333335,0.09333333333333334,28,300
ende23,23,0.021711521739130473,S4_select_or_abstain,73,242.38333333333333,0.11333333333333333,34,300
ende23,23,0.021711521739130473,S4_select_or_abstain,98,291.47,0.06,18,300
ende23,23,0.021711521739130473,S4_select_or_abstain,130,354.77666666666664,0.08333333333333333,25,300
ende23,23,0.021711521739130473,S4_select_or_abstain,174,442.19666666666666,0.043333333333333335,13,300
ende23,23,0.021711521739130473,S4_select_or_abstain,231,558.1233333333333,0.06,18,300
ende23,23,0.021711521739130473,S4_select_or_abstain,308,708.2233333333334,0.03666666666666667,11,300
ende23,23,0.021711521739130473,S4_select_or_abstain,410,831.0566666666666,0.0,0,300
ende23,24,0.022802515527950356,S1_design,10,115.68,0.17666666666666667,53,300
ende23,24,0.022802515527950356,S1_design,13,121.48,0.15,45,300
ende23,24,0.022802515527950356,S1_design,17,128.85333333333332,0.11,33,300
ende23,24,0.022802515527950356,S1_design,23,139.77333333333334,0.10666666666666667,32,300
ende23,24,0.022802515527950356,S1_design,31,156.81333333333333,0.08666666666666667,26,300
ende23,24,0.022802515527950356,S1_design,41,176.65333333333334,0.1,30,300
ende23,24,0.022802515527950356,S1_design,55,204.92666666666668,0.12666666666666668,38,300
ende23,24,0.022802515527950356,S1_design,73,242.36,0.07666666666666666,23,300
ende23,24,0.022802515527950356,S1_design,98,291.24666666666667,0.09666666666666666,29,300
ende23,24,0.022802515527950356,S1_design,130,354.23333333333335,0.06666666666666667,20,300
ende23,24,0.022802515527950356,S1_design,174,442.12,0.06666666666666667,20,300
ende23,24,0.022802515527950356,S1_design,231,558.0866666666667,0.07,21,300
ende23,24,0.022802515527950356,S1_design,308,707.9666666666667,0.016666666666666666,5,300
ende23,24,0.022802515527950356,S1_design,410,829.0666666666667,0.0,0,300
ende23,24,0.022802515527950356,S2_fixed,10,115.68,0.14,42,300
ende23,24,0.022802515527950356,S2_fixed,13,121.48,0.13,39,300
ende23,24,0.022802515527950356,S2_fixed,17,128.85333333333332,0.10333333333333333,31,300
ende23,24,0.022802515527950356,S2_fixed,23,139.77333333333334,0.11,33,300
ende23,24,0.022802515527950356,S2_fixed,31,156.81333333333333,0.09,27,300
ende23,24,0.022802515527950356,S2_fixed,41,176.65333333333334,0.09,27,300
ende23,24,0.022802515527950356,S2_fixed,55,204.92666666666668,0.1,30,300
ende23,24,0.022802515527950356,S2_fixed,73,242.36,0.08,24,300
ende23,24,0.022802515527950356,S2_fixed,98,291.24666666666667,0.08333333333333333,25,300
ende23,24,0.022802515527950356,S2_fixed,130,354.23333333333335,0.06666666666666667,20,300
ende23,24,0.022802515527950356,S2_fixed,174,442.12,0.06333333333333334,19,300
ende23,24,0.022802515527950356,S2_fixed,231,558.0866666666667,0.07333333333333333,22,300
ende23,24,0.022802515527950356,S2_fixed,308,707.9666666666667,0.02666666666666667,8,300
ende23,24,0.022802515527950356,S2_fixed,410,829.0666666666667,0.0,0,300
ende23,24,0.022802515527950356,S3_select,10,115.68,0.09666666666666666,29,300
ende23,24,0.022802515527950356,S3_select,13,121.48,0.13,39,300
ende23,24,0.022802515527950356,S3_select,17,128.85333333333332,0.10333333333333333,31,300
ende23,24,0.022802515527950356,S3_select,23,139.77333333333334,0.09,27,300
ende23,24,0.022802515527950356,S3_select,31,156.81333333333333,0.09333333333333334,28,300
ende23,24,0.022802515527950356,S3_select,41,176.65333333333334,0.09333333333333334,28,300
ende23,24,0.022802515527950356,S3_select,55,204.92666666666668,0.09333333333333334,28,300
ende23,24,0.022802515527950356,S3_select,73,242.36,0.056666666666666664,17,300
ende23,24,0.022802515527950356,S3_select,98,291.24666666666667,0.09333333333333334,28,300
ende23,24,0.022802515527950356,S3_select,130,354.23333333333335,0.07,21,300
ende23,24,0.022802515527950356,S3_select,174,442.12,0.06333333333333334,19,300
ende23,24,0.022802515527950356,S3_select,231,558.0866666666667,0.05333333333333334,16,300
ende23,24,0.022802515527950356,S3_select,308,707.9666666666667,0.02,6,300
ende23,24,0.022802515527950356,S3_select,410,829.0666666666667,0.0,0,300
ende23,24,0.022802515527950356,S4_select_or_abstain,10,115.68,0.09666666666666666,29,300
ende23,24,0.022802515527950356,S4_select_or_abstain,13,121.48,0.13,39,300
ende23,24,0.022802515527950356,S4_select_or_abstain,17,128.85333333333332,0.10333333333333333,31,300
ende23,24,0.022802515527950356,S4_select_or_abstain,23,139.77333333333334,0.09,27,300
ende23,24,0.022802515527950356,S4_select_or_abstain,31,156.81333333333333,0.09333333333333334,28,300
ende23,24,0.022802515527950356,S4_select_or_abstain,41,176.65333333333334,0.09333333333333334,28,300
ende23,24,0.022802515527950356,S4_select_or_abstain,55,204.92666666666668,0.09333333333333334,28,300
ende23,24,0.022802515527950356,S4_select_or_abstain,73,242.36,0.056666666666666664,17,300
ende23,24,0.022802515527950356,S4_select_or_abstain,98,291.24666666666667,0.09333333333333334,28,300
ende23,24,0.022802515527950356,S4_select_or_abstain,130,354.23333333333335,0.07,21,300
ende23,24,0.022802515527950356,S4_select_or_abstain,174,442.12,0.06333333333333334,19,300
ende23,24,0.022802515527950356,S4_select_or_abstain,231,558.0866666666667,0.05333333333333334,16,300
ende23,24,0.022802515527950356,S4_select_or_abstain,308,707.9666666666667,0.02,6,300
ende23,24,0.022802515527950356,S4_select_or_abstain,410,829.0666666666667,0.0,0,300
ende23,25,0.05119425465838523,S1_design,10,118.41,0.17666666666666667,53,300
ende23,25,0.05119425465838523,S1_design,13,124.01,0.14333333333333334,43,300
ende23,25,0.05119425465838523,S1_design,17,131.67666666666668,0.14,42,300
ende23,25,0.05119425465838523,S1_design,23,142.28333333333333,0.1,30,300
ende23,25,0.05119425465838523,S1_design,31,159.61,0.12333333333333334,37,300
ende23,25,0.05119425465838523,S1_design,41,179.70333333333335,0.10333333333333333,31,300
ende23,25,0.05119425465838523,S1_design,55,207.57666666666665,0.09,27,300
ende23,25,0.05119425465838523,S1_design,73,244.97666666666666,0.07666666666666666,23,300
ende23,25,0.05119425465838523,S1_design,98,293.11,0.08333333333333333,25,300
ende23,25,0.05119425465838523,S1_design,130,357.75666666666666,0.06,18,300
ende23,25,0.05119425465838523,S1_design,174,445.55,0.043333333333333335,13,300
ende23,25,0.05119425465838523,S1_design,231,560.3433333333334,0.023333333333333334,7,300
ende23,25,0.05119425465838523,S1_design,308,711.6033333333334,0.01,3,300
ende23,25,0.05119425465838523,S1_design,410,880.2233333333334,0.0,0,300
ende23,25,0.05119425465838523,S2_fixed,10,118.41,0.12666666666666668,38,300
ende23,25,0.05119425465838523,S2_fixed,13,124.01,0.11,33,300
ende23,25,0.05119425465838523,S2_fixed,17,131.67666666666668,0.11666666666666667,35,300
ende23,25,0.05119425465838523,S2_fixed,23,142.28333333333333,0.09333333333333334,28,300
ende23,25,0.05119425465838523,S2_fixed,31,159.61,0.10666666666666667,32,300
ende23,25,0.05119425465838523,S2_fixed,41,179.70333333333335,0.08333333333333333,25,300
ende23,25,0.05119425465838523,S2_fixed,55,207.57666666666665,0.08333333333333333,25,300
ende23,25,0.05119425465838523,S2_fixed,73,244.97666666666666,0.06666666666666667,20,300
ende23,25,0.05119425465838523,S2_fixed,98,293.11,0.07666666666666666,23,300
ende23,25,0.05119425465838523,S2_fixed,130,357.75666666666666,0.043333333333333335,13,300
ende23,25,0.05119425465838523,S2_fixed,174,445.55,0.03,9,300
ende23,25,0.05119425465838523,S2_fixed,231,560.3433333333334,0.016666666666666666,5,300
ende23,25,0.05119425465838523,S2_fixed,308,711.6033333333334,0.01,3,300
ende23,25,0.05119425465838523,S2_fixed,410,880.2233333333334,0.0,0,300
ende23,25,0.05119425465838523,S3_select,10,118.41,0.11,33,300
ende23,25,0.05119425465838523,S3_select,13,124.01,0.11,33,300
ende23,25,0.05119425465838523,S3_select,17,131.67666666666668,0.09,27,300
ende23,25,0.05119425465838523,S3_select,23,142.28333333333333,0.06666666666666667,20,300
ende23,25,0.05119425465838523,S3_select,31,159.61,0.09,27,300
ende23,25,0.05119425465838523,S3_select,41,179.70333333333335,0.06333333333333334,19,300
ende23,25,0.05119425465838523,S3_select,55,207.57666666666665,0.07666666666666666,23,300
ende23,25,0.05119425465838523,S3_select,73,244.97666666666666,0.07333333333333333,22,300
ende23,25,0.05119425465838523,S3_select,98,293.11,0.06666666666666667,20,300
ende23,25,0.05119425465838523,S3_select,130,357.75666666666666,0.04,12,300
ende23,25,0.05119425465838523,S3_select,174,445.55,0.03666666666666667,11,300
ende23,25,0.05119425465838523,S3_select,231,560.3433333333334,0.01,3,300
ende23,25,0.05119425465838523,S3_select,308,711.6033333333334,0.0033333333333333335,1,300
ende23,25,0.05119425465838523,S3_select,410,880.2233333333334,0.0,0,300
ende23,25,0.05119425465838523,S4_select_or_abstain,10,118.41,0.11,33,300
ende23,25,0.05119425465838523,S4_select_or_abstain,13,124.01,0.11,33,300
ende23,25,0.05119425465838523,S4_select_or_abstain,17,131.67666666666668,0.09,27,300
ende23,25,0.05119425465838523,S4_select_or_abstain,23,142.28333333333333,0.06666666666666667,20,300
ende23,25,0.05119425465838523,S4_select_or_abstain,31,159.61,0.09,27,300
ende23,25,0.05119425465838523,S4_select_or_abstain,41,179.70333333333335,0.06333333333333334,19,300
ende23,25,0.05119425465838523,S4_select_or_abstain,55,207.57666666666665,0.07666666666666666,23,300
ende23,25,0.05119425465838523,S4_select_or_abstain,73,244.97666666666666,0.07333333333333333,22,300
ende23,25,0.05119425465838523,S4_select_or_abstain,98,293.11,0.06666666666666667,20,300
ende23,25,0.05119425465838523,S4_select_or_abstain,130,357.75666666666666,0.04,12,300
ende23,25,0.05119425465838523,S4_select_or_abstain,174,445.55,0.03666666666666667,11,300
ende23,25,0.05119425465838523,S4_select_or_abstain,231,560.3433333333334,0.01,3,300
ende23,25,0.05119425465838523,S4_select_or_abstain,308,711.6033333333334,0.0033333333333333335,1,300
ende23,25,0.05119425465838523,S4_select_or_abstain,410,880.2233333333334,0.0,0,300
ende23,34,0.0010909937888199078,S1_design,10,115.48333333333333,0.13,39,300
ende23,34,0.0010909937888199078,S1_design,13,121.27,0.13,39,300
ende23,34,0.0010909937888199078,S1_design,17,128.80333333333334,0.11666666666666667,35,300
ende23,34,0.0010909937888199078,S1_design,23,139.78333333333333,0.12,36,300
ende23,34,0.0010909937888199078,S1_design,31,156.66333333333333,0.11,33,300
ende23,34,0.0010909937888199078,S1_design,41,176.61666666666667,0.09666666666666666,29,300
ende23,34,0.0010909937888199078,S1_design,55,204.63,0.09666666666666666,29,300
ende23,34,0.0010909937888199078,S1_design,73,242.29,0.12666666666666668,38,300
ende23,34,0.0010909937888199078,S1_design,98,291.12333333333333,0.12333333333333334,37,300
ende23,34,0.0010909937888199078,S1_design,130,354.61,0.10333333333333333,31,300
ende23,34,0.0010909937888199078,S1_design,174,441.81666666666666,0.11,33,300
ende23,34,0.0010909937888199078,S1_design,231,557.5966666666667,0.11333333333333333,34,300
ende23,34,0.0010909937888199078,S1_design,308,708.3366666666667,0.08,24,300
ende23,34,0.0010909937888199078,S1_design,410,827.21,0.0,0,300
ende23,34,0.0010909937888199078,S2_fixed,10,115.48333333333333,0.10333333333333333,31,300
ende23,34,0.0010909937888199078,S2_fixed,13,121.27,0.13,39,300
ende23,34,0.0010909937888199078,S2_fixed,17,128.80333333333334,0.12,36,300
ende23,34,0.0010909937888199078,S2_fixed,23,139.78333333333333,0.11,33,300
ende23,34,0.0010909937888199078,S2_fixed,31,156.66333333333333,0.11,33,300
ende23,34,0.0010909937888199078,S2_fixed,41,176.61666666666667,0.09666666666666666,29,300
ende23,34,0.0010909937888199078,S2_fixed,55,204.63,0.09666666666666666,29,300
ende23,34,0.0010909937888199078,S2_fixed,73,242.29,0.13,39,300
ende23,34,0.0010909937888199078,S2_fixed,98,291.12333333333333,0.14333333333333334,43,300
ende23,34,0.0010909937888199078,S2_fixed,130,354.61,0.09,27,300
ende23,34,0.0010909937888199078,S2_fixed,174,441.81666666666666,0.1,30,300
ende23,34,0.0010909937888199078,S2_fixed,231,557.5966666666667,0.11666666666666667,35,300
ende23,34,0.0010909937888199078,S2_fixed,308,708.3366666666667,0.08333333333333333,25,300
ende23,34,0.0010909937888199078,S2_fixed,410,827.21,0.0,0,300
ende23,34,0.0010909937888199078,S3_select,10,115.48333333333333,0.10666666666666667,32,300
ende23,34,0.0010909937888199078,S3_select,13,121.27,0.13333333333333333,40,300
ende23,34,0.0010909937888199078,S3_select,17,128.80333333333334,0.09333333333333334,28,300
ende23,34,0.0010909937888199078,S3_select,23,139.78333333333333,0.11333333333333333,34,300
ende23,34,0.0010909937888199078,S3_select,31,156.66333333333333,0.11333333333333333,34,300
ende23,34,0.0010909937888199078,S3_select,41,176.61666666666667,0.09333333333333334,28,300
ende23,34,0.0010909937888199078,S3_select,55,204.63,0.09666666666666666,29,300
ende23,34,0.0010909937888199078,S3_select,73,242.29,0.11666666666666667,35,300
ende23,34,0.0010909937888199078,S3_select,98,291.12333333333333,0.15333333333333332,46,300
ende23,34,0.0010909937888199078,S3_select,130,354.61,0.10666666666666667,32,300
ende23,34,0.0010909937888199078,S3_select,174,441.81666666666666,0.09333333333333334,28,300
ende23,34,0.0010909937888199078,S3_select,231,557.5966666666667,0.10666666666666667,32,300
ende23,34,0.0010909937888199078,S3_select,308,708.3366666666667,0.1,30,300
ende23,34,0.0010909937888199078,S3_select,410,827.21,0.0,0,300
ende23,34,0.0010909937888199078,S4_select_or_abstain,10,115.48333333333333,0.10666666666666667,32,300
ende23,34,0.0010909937888199078,S4_select_or_abstain,13,121.27,0.13333333333333333,40,300
ende23,34,0.0010909937888199078,S4_select_or_abstain,17,128.80333333333334,0.10333333333333333,31,300
ende23,34,0.0010909937888199078,S4_select_or_abstain,23,139.78333333333333,0.11666666666666667,35,300
ende23,34,0.0010909937888199078,S4_select_or_abstain,31,156.66333333333333,0.11333333333333333,34,300
ende23,34,0.0010909937888199078,S4_select_or_abstain,41,176.61666666666667,0.09666666666666666,29,300
ende23,34,0.0010909937888199078,S4_select_or_abstain,55,204.63,0.09333333333333334,28,300
ende23,34,0.0010909937888199078,S4_select_or_abstain,73,242.29,0.11666666666666667,35,300
ende23,34,0.0010909937888199078,S4_select_or_abstain,98,291.12333333333333,0.15,45,300
ende23,34,0.0010909937888199078,S4_select_or_abstain,130,354.61,0.10666666666666667,32,300
ende23,34,0.0010909937888199078,S4_select_or_abstain,174,441.81666666666666,0.09333333333333334,28,300
ende23,34,0.0010909937888199078,S4_select_or_abstain,231,557.5966666666667,0.10666666666666667,32,300
ende23,34,0.0010909937888199078,S4_select_or_abstain,308,708.3366666666667,0.09666666666666666,29,300
ende23,34,0.0010909937888199078,S4_select_or_abstain,410,827.21,0.0,0,300
ende23,35,0.02948273291925466,S1_design,10,118.29,0.18,54,300
ende23,35,0.02948273291925466,S1_design,13,124.16333333333333,0.15,45,300
ende23,35,0.02948273291925466,S1_design,17,131.65,0.12666666666666668,38,300
ende23,35,0.02948273291925466,S1_design,23,142.37666666666667,0.10666666666666667,32,300
ende23,35,0.02948273291925466,S1_design,31,159.79,0.12333333333333334,37,300
ende23,35,0.02948273291925466,S1_design,41,179.82333333333332,0.12333333333333334,37,300
ende23,35,0.02948273291925466,S1_design,55,207.65666666666667,0.07666666666666666,23,300
ende23,35,0.02948273291925466,S1_design,73,244.95,0.10666666666666667,32,300
ende23,35,0.02948273291925466,S1_design,98,293.30333333333334,0.09666666666666666,29,300
ende23,35,0.02948273291925466,S1_design,130,357.92333333333335,0.1,30,300
ende23,35,0.02948273291925466,S1_design,174,445.6166666666667,0.06333333333333334,19,300
ende23,35,0.02948273291925466,S1_design,231,560.29,0.043333333333333335,13,300
ende23,35,0.02948273291925466,S1_design,308,711.63,0.043333333333333335,13,300
ende23,35,0.02948273291925466,S1_design,410,880.19,0.0,0,300
ende23,35,0.02948273291925466,S2_fixed,10,118.29,0.15333333333333332,46,300
ende23,35,0.02948273291925466,S2_fixed,13,124.16333333333333,0.12333333333333334,37,300
ende23,35,0.02948273291925466,S2_fixed,17,131.65,0.09333333333333334,28,300
ende23,35,0.02948273291925466,S2_fixed,23,142.37666666666667,0.07666666666666666,23,300
ende23,35,0.02948273291925466,S2_fixed,31,159.79,0.1,30,300
ende23,35,0.02948273291925466,S2_fixed,41,179.82333333333332,0.10333333333333333,31,300
ende23,35,0.02948273291925466,S2_fixed,55,207.65666666666667,0.06666666666666667,20,300
ende23,35,0.02948273291925466,S2_fixed,73,244.95,0.10333333333333333,31,300
ende23,35,0.02948273291925466,S2_fixed,98,293.30333333333334,0.08333333333333333,25,300
ende23,35,0.02948273291925466,S2_fixed,130,357.92333333333335,0.08666666666666667,26,300
ende23,35,0.02948273291925466,S2_fixed,174,445.6166666666667,0.06333333333333334,19,300
ende23,35,0.02948273291925466,S2_fixed,231,560.29,0.04,12,300
ende23,35,0.02948273291925466,S2_fixed,308,711.63,0.04,12,300
ende23,35,0.02948273291925466,S2_fixed,410,880.19,0.0,0,300
ende23,35,0.02948273291925466,S3_select,10,118.29,0.08333333333333333,25,300
ende23,35,0.02948273291925466,S3_select,13,124.16333333333333,0.11333333333333333,34,300
ende23,35,0.02948273291925466,S3_select,17,131.65,0.08333333333333333,25,300
ende23,35,0.02948273291925466,S3_select,23,142.37666666666667,0.056666666666666664,17,300
ende23,35,0.02948273291925466,S3_select,31,159.79,0.09,27,300
ende23,35,0.02948273291925466,S3_select,41,179.82333333333332,0.07,21,300
ende23,35,0.02948273291925466,S3_select,55,207.65666666666667,0.06333333333333334,19,300
ende23,35,0.02948273291925466,S3_select,73,244.95,0.09666666666666666,29,300
ende23,35,0.02948273291925466,S3_select,98,293.30333333333334,0.07666666666666666,23,300
ende23,35,0.02948273291925466,S3_select,130,357.92333333333335,0.09333333333333334,28,300
ende23,35,0.02948273291925466,S3_select,174,445.6166666666667,0.05,15,300
ende23,35,0.02948273291925466,S3_select,231,560.29,0.03333333333333333,10,300
ende23,35,0.02948273291925466,S3_select,308,711.63,0.03666666666666667,11,300
ende23,35,0.02948273291925466,S3_select,410,880.19,0.0,0,300
ende23,35,0.02948273291925466,S4_select_or_abstain,10,118.29,0.08666666666666667,26,300
ende23,35,0.02948273291925466,S4_select_or_abstain,13,124.16333333333333,0.11333333333333333,34,300
ende23,35,0.02948273291925466,S4_select_or_abstain,17,131.65,0.08333333333333333,25,300
ende23,35,0.02948273291925466,S4_select_or_abstain,23,142.37666666666667,0.06,18,300
ende23,35,0.02948273291925466,S4_select_or_abstain,31,159.79,0.09,27,300
ende23,35,0.02948273291925466,S4_select_or_abstain,41,179.82333333333332,0.07,21,300
ende23,35,0.02948273291925466,S4_select_or_abstain,55,207.65666666666667,0.06333333333333334,19,300
ende23,35,0.02948273291925466,S4_select_or_abstain,73,244.95,0.09666666666666666,29,300
ende23,35,0.02948273291925466,S4_select_or_abstain,98,293.30333333333334,0.07666666666666666,23,300
ende23,35,0.02948273291925466,S4_select_or_abstain,130,357.92333333333335,0.09333333333333334,28,300
ende23,35,0.02948273291925466,S4_select_or_abstain,174,445.6166666666667,0.05,15,300
ende23,35,0.02948273291925466,S4_select_or_abstain,231,560.29,0.03333333333333333,10,300
ende23,35,0.02948273291925466,S4_select_or_abstain,308,711.63,0.03666666666666667,11,300
ende23,35,0.02948273291925466,S4_select_or_abstain,410,880.19,0.0,0,300
ende23,45,0.02839173913043505,S1_design,10,117.71666666666667,0.17,51,300
ende23,45,0.02839173913043505,S1_design,13,123.45,0.12,36,300
ende23,45,0.02839173913043505,S1_design,17,130.95,0.12666666666666668,38,300
ende23,45,0.02839173913043505,S1_design,23,141.83,0.14,42,300
ende23,45,0.02839173913043505,S1_design,31,159.07,0.12333333333333334,37,300
ende23,45,0.02839173913043505,S1_design,41,178.72333333333333,0.13333333333333333,40,300
ende23,45,0.02839173913043505,S1_design,55,207.05666666666667,0.1,30,300
ende23,45,0.02839173913043505,S1_design,73,244.21666666666667,0.08,24,300
ende23,45,0.02839173913043505,S1_design,98,292.69,0.07333333333333333,22,300
ende23,45,0.02839173913043505,S1_design,130,357.4166666666667,0.08,24,300
ende23,45,0.02839173913043505,S1_design,174,445.1766666666667,0.06666666666666667,20,300
ende23,45,0.02839173913043505,S1_design,231,559.8833333333333,0.043333333333333335,13,300
ende23,45,0.02839173913043505,S1_design,308,710.6833333333333,0.043333333333333335,13,300
ende23,45,0.02839173913043505,S1_design,410,868.8633333333333,0.0,0,300
ende23,45,0.02839173913043505,S2_fixed,10,117.71666666666667,0.14666666666666667,44,300
ende23,45,0.02839173913043505,S2_fixed,13,123.45,0.08666666666666667,26,300
ende23,45,0.02839173913043505,S2_fixed,17,130.95,0.11666666666666667,35,300
ende23,45,0.02839173913043505,S2_fixed,23,141.83,0.09666666666666666,29,300
ende23,45,0.02839173913043505,S2_fixed,31,159.07,0.11666666666666667,35,300
ende23,45,0.02839173913043505,S2_fixed,41,178.72333333333333,0.13,39,300
ende23,45,0.02839173913043505,S2_fixed,55,207.05666666666667,0.08666666666666667,26,300
ende23,45,0.02839173913043505,S2_fixed,73,244.21666666666667,0.08333333333333333,25,300
ende23,45,0.02839173913043505,S2_fixed,98,292.69,0.07,21,300
ende23,45,0.02839173913043505,S2_fixed,130,357.4166666666667,0.07666666666666666,23,300
ende23,45,0.02839173913043505,S2_fixed,174,445.1766666666667,0.06666666666666667,20,300
ende23,45,0.02839173913043505,S2_fixed,231,559.8833333333333,0.06,18,300
ende23,45,0.02839173913043505,S2_fixed,308,710.6833333333333,0.04,12,300
ende23,45,0.02839173913043505,S2_fixed,410,868.8633333333333,0.0,0,300
ende23,45,0.02839173913043505,S3_select,10,117.71666666666667,0.09666666666666666,29,300
ende23,45,0.02839173913043505,S3_select,13,123.45,0.10333333333333333,31,300
ende23,45,0.02839173913043505,S3_select,17,130.95,0.09666666666666666,29,300
ende23,45,0.02839173913043505,S3_select,23,141.83,0.07666666666666666,23,300
ende23,45,0.02839173913043505,S3_select,31,159.07,0.10666666666666667,32,300
ende23,45,0.02839173913043505,S3_select,41,178.72333333333333,0.11666666666666667,35,300
ende23,45,0.02839173913043505,S3_select,55,207.05666666666667,0.08666666666666667,26,300
ende23,45,0.02839173913043505,S3_select,73,244.21666666666667,0.09,27,300
ende23,45,0.02839173913043505,S3_select,98,292.69,0.06666666666666667,20,300
ende23,45,0.02839173913043505,S3_select,130,357.4166666666667,0.09333333333333334,28,300
ende23,45,0.02839173913043505,S3_select,174,445.1766666666667,0.056666666666666664,17,300
ende23,45,0.02839173913043505,S3_select,231,559.8833333333333,0.056666666666666664,17,300
ende23,45,0.02839173913043505,S3_select,308,710.6833333333333,0.03,9,300
ende23,45,0.02839173913043505,S3_select,410,868.8633333333333,0.0,0,300
ende23,45,0.02839173913043505,S4_select_or_abstain,10,117.71666666666667,0.1,30,300
ende23,45,0.02839173913043505,S4_select_or_abstain,13,123.45,0.10333333333333333,31,300
ende23,45,0.02839173913043505,S4_select_or_abstain,17,130.95,0.09666666666666666,29,300
ende23,45,0.02839173913043505,S4_select_or_abstain,23,141.83,0.07666666666666666,23,300
ende23,45,0.02839173913043505,S4_select_or_abstain,31,159.07,0.10333333333333333,31,300
ende23,45,0.02839173913043505,S4_select_or_abstain,41,178.72333333333333,0.11666666666666667,35,300
ende23,45,0.02839173913043505,S4_select_or_abstain,55,207.05666666666667,0.08666666666666667,26,300
ende23,45,0.02839173913043505,S4_select_or_abstain,73,244.21666666666667,0.09,27,300
ende23,45,0.02839173913043505,S4_select_or_abstain,98,292.69,0.06666666666666667,20,300
ende23,45,0.02839173913043505,S4_select_or_abstain,130,357.4166666666667,0.09333333333333334,28,300
ende23,45,0.02839173913043505,S4_select_or_abstain,174,445.1766666666667,0.056666666666666664,17,300
ende23,45,0.02839173913043505,S4_select_or_abstain,231,559.8833333333333,0.056666666666666664,17,300
ende23,45,0.02839173913043505,S4_select_or_abstain,308,710.6833333333333,0.03,9,300
ende23,45,0.02839173913043505,S4_select_or_abstain,410,868.8633333333333,0.0,0,300
zhen23,01,0.006383087753368134,S1_design,10,115.86666666666666,0.12666666666666668,38,300
zhen23,01,0.006383087753368134,S1_design,14,122.84666666666666,0.09333333333333334,28,300
zhen23,01,0.006383087753368134,S1_design,20,135.77333333333334,0.13,39,300
zhen23,01,0.006383087753368134,S1_design,29,152.78,0.10333333333333333,31,300
zhen23,01,0.006383087753368134,S1_design,42,179.00666666666666,0.11666666666666667,35,300
zhen23,01,0.006383087753368134,S1_design,61,218.20666666666668,0.09333333333333334,28,300
zhen23,01,0.006383087753368134,S1_design,88,273.08666666666664,0.09333333333333334,28,300
zhen23,01,0.006383087753368134,S1_design,127,349.98,0.08333333333333333,25,300
zhen23,01,0.006383087753368134,S1_design,183,458.41333333333336,0.08333333333333333,25,300
zhen23,01,0.006383087753368134,S1_design,263,619.9333333333333,0.08666666666666667,26,300
zhen23,01,0.006383087753368134,S1_design,378,852.7133333333334,0.08333333333333333,25,300
zhen23,01,0.006383087753368134,S1_design,544,1185.0133333333333,0.043333333333333335,13,300
zhen23,01,0.006383087753368134,S1_design,783,1660.3666666666666,0.03,9,300
zhen23,01,0.006383087753368134,S1_design,1127,2168.3133333333335,0.0,0,300
zhen23,01,0.006383087753368134,S2_fixed,10,115.86666666666666,0.12666666666666668,38,300
zhen23,01,0.006383087753368134,S2_fixed,14,122.84666666666666,0.10666666666666667,32,300
zhen23,01,0.006383087753368134,S2_fixed,20,135.77333333333334,0.13666666666666666,41,300
zhen23,01,0.006383087753368134,S2_fixed,29,152.78,0.11,33,300
zhen23,01,0.006383087753368134,S2_fixed,42,179.00666666666666,0.12333333333333334,37,300
zhen23,01,0.006383087753368134,S2_fixed,61,218.20666666666668,0.09,27,300
zhen23,01,0.006383087753368134,S2_fixed,88,273.08666666666664,0.09666666666666666,29,300
zhen23,01,0.006383087753368134,S2_fixed,127,349.98,0.08,24,300
zhen23,01,0.006383087753368134,S2_fixed,183,458.41333333333336,0.09,27,300
zhen23,01,0.006383087753368134,S2_fixed,263,619.9333333333333,0.08333333333333333,25,300
zhen23,01,0.006383087753368134,S2_fixed,378,852.7133333333334,0.09333333333333334,28,300
zhen23,01,0.006383087753368134,S2_fixed,544,1185.0133333333333,0.043333333333333335,13,300
zhen23,01,0.006383087753368134,S2_fixed,783,1660.3666666666666,0.03333333333333333,10,300
zhen23,01,0.006383087753368134,S2_fixed,1127,2168.3133333333335,0.0,0,300
zhen23,01,0.006383087753368134,S3_select,10,115.86666666666666,0.15333333333333332,46,300
zhen23,01,0.006383087753368134,S3_select,14,122.84666666666666,0.11,33,300
zhen23,01,0.006383087753368134,S3_select,20,135.77333333333334,0.15333333333333332,46,300
zhen23,01,0.006383087753368134,S3_select,29,152.78,0.13333333333333333,40,300
zhen23,01,0.006383087753368134,S3_select,42,179.00666666666666,0.13,39,300
zhen23,01,0.006383087753368134,S3_select,61,218.20666666666668,0.09666666666666666,29,300
zhen23,01,0.006383087753368134,S3_select,88,273.08666666666664,0.09333333333333334,28,300
zhen23,01,0.006383087753368134,S3_select,127,349.98,0.08,24,300
zhen23,01,0.006383087753368134,S3_select,183,458.41333333333336,0.1,30,300
zhen23,01,0.006383087753368134,S3_select,263,619.9333333333333,0.07333333333333333,22,300
zhen23,01,0.006383087753368134,S3_select,378,852.7133333333334,0.09333333333333334,28,300
zhen23,01,0.006383087753368134,S3_select,544,1185.0133333333333,0.04666666666666667,14,300
zhen23,01,0.006383087753368134,S3_select,783,1660.3666666666666,0.04,12,300
zhen23,01,0.006383087753368134,S3_select,1127,2168.3133333333335,0.0,0,300
zhen23,01,0.006383087753368134,S4_select_or_abstain,10,115.86666666666666,0.15333333333333332,46,300
zhen23,01,0.006383087753368134,S4_select_or_abstain,14,122.84666666666666,0.11,33,300
zhen23,01,0.006383087753368134,S4_select_or_abstain,20,135.77333333333334,0.15333333333333332,46,300
zhen23,01,0.006383087753368134,S4_select_or_abstain,29,152.78,0.13333333333333333,40,300
zhen23,01,0.006383087753368134,S4_select_or_abstain,42,179.00666666666666,0.13333333333333333,40,300
zhen23,01,0.006383087753368134,S4_select_or_abstain,61,218.20666666666668,0.09666666666666666,29,300
zhen23,01,0.006383087753368134,S4_select_or_abstain,88,273.08666666666664,0.09333333333333334,28,300
zhen23,01,0.006383087753368134,S4_select_or_abstain,127,349.98,0.07666666666666666,23,300
zhen23,01,0.006383087753368134,S4_select_or_abstain,183,458.41333333333336,0.1,30,300
zhen23,01,0.006383087753368134,S4_select_or_abstain,263,619.9333333333333,0.07333333333333333,22,300
zhen23,01,0.006383087753368134,S4_select_or_abstain,378,852.7133333333334,0.09333333333333334,28,300
zhen23,01,0.006383087753368134,S4_select_or_abstain,544,1185.0133333333333,0.05,15,300
zhen23,01,0.006383087753368134,S4_select_or_abstain,783,1660.3666666666666,0.04,12,300
zhen23,01,0.006383087753368134,S4_select_or_abstain,1127,2168.3133333333335,0.0,0,300
zhen23,02,0.042668769433625055,S1_design,10,118.11,0.20666666666666667,62,300
zhen23,02,0.042668769433625055,S1_design,14,125.01,0.17333333333333334,52,300
zhen23,02,0.042668769433625055,S1_design,20,137.83666666666667,0.14333333333333334,43,300
zhen23,02,0.042668769433625055,S1_design,29,154.93,0.15,45,300
zhen23,02,0.042668769433625055,S1_design,42,181.04333333333332,0.15,45,300
zhen23,02,0.042668769433625055,S1_design,61,220.21,0.09,27,300
zhen23,02,0.042668769433625055,S1_design,88,275.7033333333333,0.08,24,300
zhen23,02,0.042668769433625055,S1_design,127,352.17,0.07,21,300
zhen23,02,0.042668769433625055,S1_design,183,460.2366666666667,0.04,12,300
zhen23,02,0.042668769433625055,S1_design,263,622.3966666666666,0.03666666666666667,11,300
zhen23,02,0.042668769433625055,S1_design,378,854.39,0.013333333333333334,4,300
zhen23,02,0.042668769433625055,S1_design,544,1186.79,0.0033333333333333335,1,300
zhen23,02,0.042668769433625055,S1_design,783,1662.2366666666667,0.0033333333333333335,1,300
zhen23,02,0.042668769433625055,S1_design,1127,2260.2233333333334,0.0,0,300
zhen23,02,0.042668769433625055,S2_fixed,10,118.11,0.2,60,300
zhen23,02,0.042668769433625055,S2_fixed,14,125.01,0.18,54,300
zhen23,02,0.042668769433625055,S2_fixed,20,137.83666666666667,0.15,45,300
zhen23,02,0.042668769433625055,S2_fixed,29,154.93,0.15,45,300
zhen23,02,0.042668769433625055,S2_fixed,42,181.04333333333332,0.15666666666666668,47,300
zhen23,02,0.042668769433625055,S2_fixed,61,220.21,0.08666666666666667,26,300
zhen23,02,0.042668769433625055,S2_fixed,88,275.7033333333333,0.08666666666666667,26,300
zhen23,02,0.042668769433625055,S2_fixed,127,352.17,0.07,21,300
zhen23,02,0.042668769433625055,S2_fixed,183,460.2366666666667,0.04,12,300
zhen23,02,0.042668769433625055,S2_fixed,263,622.3966666666666,0.03666666666666667,11,300
zhen23,02,0.042668769433625055,S2_fixed,378,854.39,0.016666666666666666,5,300
zhen23,02,0.042668769433625055,S2_fixed,544,1186.79,0.0033333333333333335,1,300
zhen23,02,0.042668769433625055,S2_fixed,783,1662.2366666666667,0.0033333333333333335,1,300
zhen23,02,0.042668769433625055,S2_fixed,1127,2260.2233333333334,0.0,0,300
zhen23,02,0.042668769433625055,S3_select,10,118.11,0.12333333333333334,37,300
zhen23,02,0.042668769433625055,S3_select,14,125.01,0.11333333333333333,34,300
zhen23,02,0.042668769433625055,S3_select,20,137.83666666666667,0.11333333333333333,34,300
zhen23,02,0.042668769433625055,S3_select,29,154.93,0.11333333333333333,34,300
zhen23,02,0.042668769433625055,S3_select,42,181.04333333333332,0.11666666666666667,35,300
zhen23,02,0.042668769433625055,S3_select,61,220.21,0.06333333333333334,19,300
zhen23,02,0.042668769433625055,S3_select,88,275.7033333333333,0.06,18,300
zhen23,02,0.042668769433625055,S3_select,127,352.17,0.04666666666666667,14,300
zhen23,02,0.042668769433625055,S3_select,183,460.2366666666667,0.04,12,300
zhen23,02,0.042668769433625055,S3_select,263,622.3966666666666,0.016666666666666666,5,300
zhen23,02,0.042668769433625055,S3_select,378,854.39,0.016666666666666666,5,300
zhen23,02,0.042668769433625055,S3_select,544,1186.79,0.0033333333333333335,1,300
zhen23,02,0.042668769433625055,S3_select,783,1662.2366666666667,0.0,0,300
zhen23,02,0.042668769433625055,S3_select,1127,2260.2233333333334,0.0,0,300
zhen23,02,0.042668769433625055,S4_select_or_abstain,10,118.11,0.12333333333333334,37,300
zhen23,02,0.042668769433625055,S4_select_or_abstain,14,125.01,0.11333333333333333,34,300
zhen23,02,0.042668769433625055,S4_select_or_abstain,20,137.83666666666667,0.11333333333333333,34,300
zhen23,02,0.042668769433625055,S4_select_or_abstain,29,154.93,0.11666666666666667,35,300
zhen23,02,0.042668769433625055,S4_select_or_abstain,42,181.04333333333332,0.11666666666666667,35,300
zhen23,02,0.042668769433625055,S4_select_or_abstain,61,220.21,0.06333333333333334,19,300
zhen23,02,0.042668769433625055,S4_select_or_abstain,88,275.7033333333333,0.06,18,300
zhen23,02,0.042668769433625055,S4_select_or_abstain,127,352.17,0.04666666666666667,14,300
zhen23,02,0.042668769433625055,S4_select_or_abstain,183,460.2366666666667,0.04,12,300
zhen23,02,0.042668769433625055,S4_select_or_abstain,263,622.3966666666666,0.016666666666666666,5,300
zhen23,02,0.042668769433625055,S4_select_or_abstain,378,854.39,0.016666666666666666,5,300
zhen23,02,0.042668769433625055,S4_select_or_abstain,544,1186.79,0.0033333333333333335,1,300
zhen23,02,0.042668769433625055,S4_select_or_abstain,783,1662.2366666666667,0.0,0,300
zhen23,02,0.042668769433625055,S4_select_or_abstain,1127,2260.2233333333334,0.0,0,300
zhen23,03,0.0440723044500104,S1_design,10,118.10666666666667,0.19666666666666666,59,300
zhen23,03,0.0440723044500104,S1_design,14,124.99333333333334,0.16666666666666666,50,300
zhen23,03,0.0440723044500104,S1_design,20,137.82,0.16333333333333333,49,300
zhen23,03,0.0440723044500104,S1_design,29,154.92,0.13666666666666666,41,300
zhen23,03,0.0440723044500104,S1_design,42,181.01333333333332,0.15333333333333332,46,300
zhen23,03,0.0440723044500104,S1_design,61,220.15333333333334,0.08333333333333333,25,300
zhen23,03,0.0440723044500104,S1_design,88,275.7,0.056666666666666664,17,300
zhen23,03,0.0440723044500104,S1_design,127,352.06,0.07,21,300
zhen23,03,0.0440723044500104,S1_design,183,460.16,0.03666666666666667,11,300
zhen23,03,0.0440723044500104,S1_design,263,622.3133333333334,0.04,12,300
zhen23,03,0.0440723044500104,S1_design,378,854.4266666666666,0.01,3,300
zhen23,03,0.0440723044500104,S1_design,544,1186.58,0.006666666666666667,2,300
zhen23,03,0.0440723044500104,S1_design,783,1662.14,0.0033333333333333335,1,300
zhen23,03,0.0440723044500104,S1_design,1127,2260.24,0.0,0,300
zhen23,03,0.0440723044500104,S2_fixed,10,118.10666666666667,0.19666666666666666,59,300
zhen23,03,0.0440723044500104,S2_fixed,14,124.99333333333334,0.16333333333333333,49,300
zhen23,03,0.0440723044500104,S2_fixed,20,137.82,0.17,51,300
zhen23,03,0.0440723044500104,S2_fixed,29,154.92,0.12666666666666668,38,300
zhen23,03,0.0440723044500104,S2_fixed,42,181.01333333333332,0.16666666666666666,50,300
zhen23,03,0.0440723044500104,S2_fixed,61,220.15333333333334,0.10333333333333333,31,300
zhen23,03,0.0440723044500104,S2_fixed,88,275.7,0.06,18,300
zhen23,03,0.0440723044500104,S2_fixed,127,352.06,0.06333333333333334,19,300
zhen23,03,0.0440723044500104,S2_fixed,183,460.16,0.03333333333333333,10,300
zhen23,03,0.0440723044500104,S2_fixed,263,622.3133333333334,0.04,12,300
zhen23,03,0.0440723044500104,S2_fixed,378,854.4266666666666,0.013333333333333334,4,300
zhen23,03,0.0440723044500104,S2_fixed,544,1186.58,0.006666666666666667,2,300
zhen23,03,0.0440723044500104,S2_fixed,783,1662.14,0.0033333333333333335,1,300
zhen23,03,0.0440723044500104,S2_fixed,1127,2260.24,0.0,0,300
zhen23,03,0.0440723044500104,S3_select,10,118.10666666666667,0.11333333333333333,34,300
zhen23,03,0.0440723044500104,S3_select,14,124.99333333333334,0.10666666666666667,32,300
zhen23,03,0.0440723044500104,S3_select,20,137.82,0.09666666666666666,29,300
zhen23,03,0.0440723044500104,S3_select,29,154.92,0.09,27,300
zhen23,03,0.0440723044500104,S3_select,42,181.01333333333332,0.14333333333333334,43,300
zhen23,03,0.0440723044500104,S3_select,61,220.15333333333334,0.07333333333333333,22,300
zhen23,03,0.0440723044500104,S3_select,88,275.7,0.04666666666666667,14,300
zhen23,03,0.0440723044500104,S3_select,127,352.06,0.05333333333333334,16,300
zhen23,03,0.0440723044500104,S3_select,183,460.16,0.04666666666666667,14,300
zhen23,03,0.0440723044500104,S3_select,263,622.3133333333334,0.023333333333333334,7,300
zhen23,03,0.0440723044500104,S3_select,378,854.4266666666666,0.013333333333333334,4,300
zhen23,03,0.0440723044500104,S3_select,544,1186.58,0.0033333333333333335,1,300
zhen23,03,0.0440723044500104,S3_select,783,1662.14,0.0,0,300
zhen23,03,0.0440723044500104,S3_select,1127,2260.24,0.0,0,300
zhen23,03,0.0440723044500104,S4_select_or_abstain,10,118.10666666666667,0.11333333333333333,34,300
zhen23,03,0.0440723044500104,S4_select_or_abstain,14,124.99333333333334,0.10666666666666667,32,300
zhen23,03,0.0440723044500104,S4_select_or_abstain,20,137.82,0.09666666666666666,29,300
zhen23,03,0.0440723044500104,S4_select_or_abstain,29,154.92,0.09,27,300
zhen23,03,0.0440723044500104,S4_select_or_abstain,42,181.01333333333332,0.14333333333333334,43,300
zhen23,03,0.0440723044500104,S4_select_or_abstain,61,220.15333333333334,0.07333333333333333,22,300
zhen23,03,0.0440723044500104,S4_select_or_abstain,88,275.7,0.04666666666666667,14,300
zhen23,03,0.0440723044500104,S4_select_or_abstain,127,352.06,0.05333333333333334,16,300
zhen23,03,0.0440723044500104,S4_select_or_abstain,183,460.16,0.04666666666666667,14,300
zhen23,03,0.0440723044500104,S4_select_or_abstain,263,622.3133333333334,0.023333333333333334,7,300
zhen23,03,0.0440723044500104,S4_select_or_abstain,378,854.4266666666666,0.013333333333333334,4,300
zhen23,03,0.0440723044500104,S4_select_or_abstain,544,1186.58,0.0033333333333333335,1,300
zhen23,03,0.0440723044500104,S4_select_or_abstain,783,1662.14,0.0,0,300
zhen23,03,0.0440723044500104,S4_select_or_abstain,1127,2260.24,0.0,0,300
zhen23,04,0.04291410563947523,S1_design,10,117.94,0.19666666666666666,59,300
zhen23,04,0.04291410563947523,S1_design,14,124.80666666666667,0.21333333333333335,64,300
zhen23,04,0.04291410563947523,S1_design,20,137.60666666666665,0.14,42,300
zhen23,04,0.04291410563947523,S1_design,29,154.68,0.12333333333333334,37,300
zhen23,04,0.04291410563947523,S1_design,42,180.92,0.11666666666666667,35,300
zhen23,04,0.04291410563947523,S1_design,61,219.98666666666668,0.07,21,300
zhen23,04,0.04291410563947523,S1_design,88,275.41333333333336,0.07,21,300
zhen23,04,0.04291410563947523,S1_design,127,352.1533333333333,0.07,21,300
zhen23,04,0.04291410563947523,S1_design,183,459.9533333333333,0.043333333333333335,13,300
zhen23,04,0.04291410563947523,S1_design,263,622.22,0.02666666666666667,8,300
zhen23,04,0.04291410563947523,S1_design,378,854.4133333333333,0.01,3,300
zhen23,04,0.04291410563947523,S1_design,544,1186.4,0.0033333333333333335,1,300
zhen23,04,0.04291410563947523,S1_design,783,1661.84,0.0033333333333333335,1,300
zhen23,04,0.04291410563947523,S1_design,1127,2252.4133333333334,0.0,0,300
zhen23,04,0.04291410563947523,S2_fixed,10,117.94,0.19,57,300
zhen23,04,0.04291410563947523,S2_fixed,14,124.80666666666667,0.21333333333333335,64,300
zhen23,04,0.04291410563947523,S2_fixed,20,137.60666666666665,0.13333333333333333,40,300
zhen23,04,0.04291410563947523,S2_fixed,29,154.68,0.11666666666666667,35,300
zhen23,04,0.04291410563947523,S2_fixed,42,180.92,0.11666666666666667,35,300
zhen23,04,0.04291410563947523,S2_fixed,61,219.98666666666668,0.07666666666666666,23,300
zhen23,04,0.04291410563947523,S2_fixed,88,275.41333333333336,0.07666666666666666,23,300
zhen23,04,0.04291410563947523,S2_fixed,127,352.1533333333333,0.06666666666666667,20,300
zhen23,04,0.04291410563947523,S2_fixed,183,459.9533333333333,0.043333333333333335,13,300
zhen23,04,0.04291410563947523,S2_fixed,263,622.22,0.02666666666666667,8,300
zhen23,04,0.04291410563947523,S2_fixed,378,854.4133333333333,0.01,3,300
zhen23,04,0.04291410563947523,S2_fixed,544,1186.4,0.0033333333333333335,1,300
zhen23,04,0.04291410563947523,S2_fixed,783,1661.84,0.0033333333333333335,1,300
zhen23,04,0.04291410563947523,S2_fixed,1127,2252.4133333333334,0.0,0,300
zhen23,04,0.04291410563947523,S3_select,10,117.94,0.14,42,300
zhen23,04,0.04291410563947523,S3_select,14,124.80666666666667,0.14666666666666667,44,300
zhen23,04,0.04291410563947523,S3_select,20,137.60666666666665,0.11333333333333333,34,300
zhen23,04,0.04291410563947523,S3_select,29,154.68,0.09,27,300
zhen23,04,0.04291410563947523,S3_select,42,180.92,0.1,30,300
zhen23,04,0.04291410563947523,S3_select,61,219.98666666666668,0.06333333333333334,19,300
zhen23,04,0.04291410563947523,S3_select,88,275.41333333333336,0.04666666666666667,14,300
zhen23,04,0.04291410563947523,S3_select,127,352.1533333333333,0.06666666666666667,20,300
zhen23,04,0.04291410563947523,S3_select,183,459.9533333333333,0.03,9,300
zhen23,04,0.04291410563947523,S3_select,263,622.22,0.02,6,300
zhen23,04,0.04291410563947523,S3_select,378,854.4133333333333,0.02,6,300
zhen23,04,0.04291410563947523,S3_select,544,1186.4,0.006666666666666667,2,300
zhen23,04,0.04291410563947523,S3_select,783,1661.84,0.0,0,300
zhen23,04,0.04291410563947523,S3_select,1127,2252.4133333333334,0.0,0,300
zhen23,04,0.04291410563947523,S4_select_or_abstain,10,117.94,0.14,42,300
zhen23,04,0.04291410563947523,S4_select_or_abstain,14,124.80666666666667,0.14666666666666667,44,300
zhen23,04,0.04291410563947523,S4_select_or_abstain,20,137.60666666666665,0.11333333333333333,34,300
zhen23,04,0.04291410563947523,S4_select_or_abstain,29,154.68,0.09,27,300
zhen23,04,0.04291410563947523,S4_select_or_abstain,42,180.92,0.1,30,300
zhen23,04,0.04291410563947523,S4_select_or_abstain,61,219.98666666666668,0.06333333333333334,19,300
zhen23,04,0.04291410563947523,S4_select_or_abstain,88,275.41333333333336,0.04666666666666667,14,300
zhen23,04,0.04291410563947523,S4_select_or_abstain,127,352.1533333333333,0.06666666666666667,20,300
zhen23,04,0.04291410563947523,S4_select_or_abstain,183,459.9533333333333,0.03,9,300
zhen23,04,0.04291410563947523,S4_select_or_abstain,263,622.22,0.02,6,300
zhen23,04,0.04291410563947523,S4_select_or_abstain,378,854.4133333333333,0.02,6,300
zhen23,04,0.04291410563947523,S4_select_or_abstain,544,1186.4,0.006666666666666667,2,300
zhen23,04,0.04291410563947523,S4_select_or_abstain,783,1661.84,0.0,0,300
zhen23,04,0.04291410563947523,S4_select_or_abstain,1127,2252.4133333333334,0.0,0,300
zhen23,05,0.057511206015734305,S1_design,10,118.54333333333334,0.23333333333333334,70,300
zhen23,05,0.057511206015734305,S1_design,14,125.39666666666666,0.20666666666666667,62,300
zhen23,05,0.057511206015734305,S1_design,20,138.17666666666668,0.15666666666666668,47,300
zhen23,05,0.057511206015734305,S1_design,29,155.45,0.11666666666666667,35,300
zhen23,05,0.057511206015734305,S1_design,42,181.40333333333334,0.09666666666666666,29,300
zhen23,05,0.057511206015734305,S1_design,61,220.80333333333334,0.06333333333333334,19,300
zhen23,05,0.057511206015734305,S1_design,88,276.19,0.07666666666666666,23,300
zhen23,05,0.057511206015734305,S1_design,127,352.33,0.043333333333333335,13,300
zhen23,05,0.057511206015734305,S1_design,183,460.5966666666667,0.043333333333333335,13,300
zhen23,05,0.057511206015734305,S1_design,263,622.65,0.023333333333333334,7,300
zhen23,05,0.057511206015734305,S1_design,378,855.01,0.02,6,300
zhen23,05,0.057511206015734305,S1_design,544,1186.47,0.0,0,300
zhen23,05,0.057511206015734305,S1_design,783,1663.31,0.0,0,300
zhen23,05,0.057511206015734305,S1_design,1127,2273.8166666666666,0.0,0,300
zhen23,05,0.057511206015734305,S2_fixed,10,118.54333333333334,0.21333333333333335,64,300
zhen23,05,0.057511206015734305,S2_fixed,14,125.39666666666666,0.19666666666666666,59,300
zhen23,05,0.057511206015734305,S2_fixed,20,138.17666666666668,0.15,45,300
zhen23,05,0.057511206015734305,S2_fixed,29,155.45,0.1,30,300
zhen23,05,0.057511206015734305,S2_fixed,42,181.40333333333334,0.1,30,300
zhen23,05,0.057511206015734305,S2_fixed,61,220.80333333333334,0.07333333333333333,22,300
zhen23,05,0.057511206015734305,S2_fixed,88,276.19,0.07333333333333333,22,300
zhen23,05,0.057511206015734305,S2_fixed,127,352.33,0.043333333333333335,13,300
zhen23,05,0.057511206015734305,S2_fixed,183,460.5966666666667,0.03666666666666667,11,300
zhen23,05,0.057511206015734305,S2_fixed,263,622.65,0.023333333333333334,7,300
zhen23,05,0.057511206015734305,S2_fixed,378,855.01,0.016666666666666666,5,300
zhen23,05,0.057511206015734305,S2_fixed,544,1186.47,0.0,0,300
zhen23,05,0.057511206015734305,S2_fixed,783,1663.31,0.0,0,300
zhen23,05,0.057511206015734305,S2_fixed,1127,2273.8166666666666,0.0,0,300
zhen23,05,0.057511206015734305,S3_select,10,118.54333333333334,0.15,45,300
zhen23,05,0.057511206015734305,S3_select,14,125.39666666666666,0.12,36,300
zhen23,05,0.057511206015734305,S3_select,20,138.17666666666668,0.12,36,300
zhen23,05,0.057511206015734305,S3_select,29,155.45,0.09333333333333334,28,300
zhen23,05,0.057511206015734305,S3_select,42,181.40333333333334,0.09666666666666666,29,300
zhen23,05,0.057511206015734305,S3_select,61,220.80333333333334,0.056666666666666664,17,300
zhen23,05,0.057511206015734305,S3_select,88,276.19,0.05333333333333334,16,300
zhen23,05,0.057511206015734305,S3_select,127,352.33,0.023333333333333334,7,300
zhen23,05,0.057511206015734305,S3_select,183,460.5966666666667,0.03333333333333333,10,300
zhen23,05,0.057511206015734305,S3_select,263,622.65,0.03333333333333333,10,300
zhen23,05,0.057511206015734305,S3_select,378,855.01,0.006666666666666667,2,300
zhen23,05,0.057511206015734305,S3_select,544,1186.47,0.0,0,300
zhen23,05,0.057511206015734305,S3_select,783,1663.31,0.0,0,300
zhen23,05,0.057511206015734305,S3_select,1127,2273.8166666666666,0.0,0,300
zhen23,05,0.057511206015734305,S4_select_or_abstain,10,118.54333333333334,0.14666666666666667,44,300
zhen23,05,0.057511206015734305,S4_select_or_abstain,14,125.39666666666666,0.12,36,300
zhen23,05,0.057511206015734305,S4_select_or_abstain,20,138.17666666666668,0.12,36,300
zhen23,05,0.057511206015734305,S4_select_or_abstain,29,155.45,0.09333333333333334,28,300
zhen23,05,0.057511206015734305,S4_select_or_abstain,42,181.40333333333334,0.09666666666666666,29,300
zhen23,05,0.057511206015734305,S4_select_or_abstain,61,220.80333333333334,0.056666666666666664,17,300
zhen23,05,0.057511206015734305,S4_select_or_abstain,88,276.19,0.05333333333333334,16,300
zhen23,05,0.057511206015734305,S4_select_or_abstain,127,352.33,0.023333333333333334,7,300
zhen23,05,0.057511206015734305,S4_select_or_abstain,183,460.5966666666667,0.03333333333333333,10,300
zhen23,05,0.057511206015734305,S4_select_or_abstain,263,622.65,0.03333333333333333,10,300
zhen23,05,0.057511206015734305,S4_select_or_abstain,378,855.01,0.006666666666666667,2,300
zhen23,05,0.057511206015734305,S4_select_or_abstain,544,1186.47,0.0,0,300
zhen23,05,0.057511206015734305,S4_select_or_abstain,783,1663.31,0.0,0,300
zhen23,05,0.057511206015734305,S4_select_or_abstain,1127,2273.8166666666666,0.0,0,300
zhen23,12,0.03628568168025678,S1_design,10,119.03333333333333,0.17666666666666667,53,300
zhen23,12,0.03628568168025678,S1_design,14,125.96,0.19,57,300
zhen23,12,0.03628568168025678,S1_design,20,138.84666666666666,0.15333333333333332,46,300
zhen23,12,0.03628568168025678,S1_design,29,155.94,0.14333333333333334,43,300
zhen23,12,0.03628568168025678,S1_design,42,181.96666666666667,0.14,42,300
zhen23,12,0.03628568168025678,S1_design,61,221.0,0.08333333333333333,25,300
zhen23,12,0.03628568168025678,S1_design,88,276.52666666666664,0.07666666666666666,23,300
zhen23,12,0.03628568168025678,S1_design,127,352.8933333333333,0.08666666666666667,26,300
zhen23,12,0.03628568168025678,S1_design,183,461.66,0.056666666666666664,17,300
zhen23,12,0.03628568168025678,S1_design,263,622.8066666666666,0.04,12,300
zhen23,12,0.03628568168025678,S1_design,378,854.9333333333333,0.023333333333333334,7,300
zhen23,12,0.03628568168025678,S1_design,544,1186.8066666666666,0.02666666666666667,8,300
zhen23,12,0.03628568168025678,S1_design,783,1664.0933333333332,0.006666666666666667,2,300
zhen23,12,0.03628568168025678,S1_design,1127,2299.3,0.0,0,300
zhen23,12,0.03628568168025678,S2_fixed,10,119.03333333333333,0.2,60,300
zhen23,12,0.03628568168025678,S2_fixed,14,125.96,0.18666666666666668,56,300
zhen23,12,0.03628568168025678,S2_fixed,20,138.84666666666666,0.15333333333333332,46,300
zhen23,12,0.03628568168025678,S2_fixed,29,155.94,0.13666666666666666,41,300
zhen23,12,0.03628568168025678,S2_fixed,42,181.96666666666667,0.16,48,300
zhen23,12,0.03628568168025678,S2_fixed,61,221.0,0.08333333333333333,25,300
zhen23,12,0.03628568168025678,S2_fixed,88,276.52666666666664,0.09,27,300
zhen23,12,0.03628568168025678,S2_fixed,127,352.8933333333333,0.08333333333333333,25,300
zhen23,12,0.03628568168025678,S2_fixed,183,461.66,0.06,18,300
zhen23,12,0.03628568168025678,S2_fixed,263,622.8066666666666,0.04666666666666667,14,300
zhen23,12,0.03628568168025678,S2_fixed,378,854.9333333333333,0.02666666666666667,8,300
zhen23,12,0.03628568168025678,S2_fixed,544,1186.8066666666666,0.023333333333333334,7,300
zhen23,12,0.03628568168025678,S2_fixed,783,1664.0933333333332,0.0033333333333333335,1,300
zhen23,12,0.03628568168025678,S2_fixed,1127,2299.3,0.0,0,300
zhen23,12,0.03628568168025678,S3_select,10,119.03333333333333,0.09,27,300
zhen23,12,0.03628568168025678,S3_select,14,125.96,0.14,42,300
zhen23,12,0.03628568168025678,S3_select,20,138.84666666666666,0.11333333333333333,34,300
zhen23,12,0.03628568168025678,S3_select,29,155.94,0.12666666666666668,38,300
zhen23,12,0.03628568168025678,S3_select,42,181.96666666666667,0.1,30,300
zhen23,12,0.03628568168025678,S3_select,61,221.0,0.07,21,300
zhen23,12,0.03628568168025678,S3_select,88,276.52666666666664,0.08333333333333333,25,300
zhen23,12,0.03628568168025678,S3_select,127,352.8933333333333,0.07,21,300
zhen23,12,0.03628568168025678,S3_select,183,461.66,0.05333333333333334,16,300
zhen23,12,0.03628568168025678,S3_select,263,622.8066666666666,0.02,6,300
zhen23,12,0.03628568168025678,S3_select,378,854.9333333333333,0.01,3,300
zhen23,12,0.03628568168025678,S3_select,544,1186.8066666666666,0.016666666666666666,5,300
zhen23,12,0.03628568168025678,S3_select,783,1664.0933333333332,0.0033333333333333335,1,300
zhen23,12,0.03628568168025678,S3_select,1127,2299.3,0.0,0,300
zhen23,12,0.03628568168025678,S4_select_or_abstain,10,119.03333333333333,0.09,27,300
zhen23,12,0.03628568168025678,S4_select_or_abstain,14,125.96,0.14,42,300
zhen23,12,0.03628568168025678,S4_select_or_abstain,20,138.84666666666666,0.11333333333333333,34,300
zhen23,12,0.03628568168025678,S4_select_or_abstain,29,155.94,0.12666666666666668,38,300
zhen23,12,0.03628568168025678,S4_select_or_abstain,42,181.96666666666667,0.1,30,300
zhen23,12,0.03628568168025678,S4_select_or_abstain,61,221.0,0.07,21,300
zhen23,12,0.03628568168025678,S4_select_or_abstain,88,276.52666666666664,0.08333333333333333,25,300
zhen23,12,0.03628568168025678,S4_select_or_abstain,127,352.8933333333333,0.07,21,300
zhen23,12,0.03628568168025678,S4_select_or_abstain,183,461.66,0.05333333333333334,16,300
zhen23,12,0.03628568168025678,S4_select_or_abstain,263,622.8066666666666,0.02,6,300
zhen23,12,0.03628568168025678,S4_select_or_abstain,378,854.9333333333333,0.01,3,300
zhen23,12,0.03628568168025678,S4_select_or_abstain,544,1186.8066666666666,0.016666666666666666,5,300
zhen23,12,0.03628568168025678,S4_select_or_abstain,783,1664.0933333333332,0.0033333333333333335,1,300
zhen23,12,0.03628568168025678,S4_select_or_abstain,1127,2299.3,0.0,0,300
zhen23,13,0.037689216696642124,S1_design,10,119.03333333333333,0.18,54,300
zhen23,13,0.037689216696642124,S1_design,14,125.96,0.17333333333333334,52,300
zhen23,13,0.037689216696642124,S1_design,20,138.84666666666666,0.13333333333333333,40,300
zhen23,13,0.037689216696642124,S1_design,29,155.94,0.14,42,300
zhen23,13,0.037689216696642124,S1_design,42,181.96666666666667,0.13333333333333333,40,300
zhen23,13,0.037689216696642124,S1_design,61,221.0,0.08,24,300
zhen23,13,0.037689216696642124,S1_design,88,276.52666666666664,0.08333333333333333,25,300
zhen23,13,0.037689216696642124,S1_design,127,352.8933333333333,0.08666666666666667,26,300
zhen23,13,0.037689216696642124,S1_design,183,461.66,0.05333333333333334,16,300
zhen23,13,0.037689216696642124,S1_design,263,622.8066666666666,0.05333333333333334,16,300
zhen23,13,0.037689216696642124,S1_design,378,854.9333333333333,0.023333333333333334,7,300
zhen23,13,0.037689216696642124,S1_design,544,1186.8066666666666,0.023333333333333334,7,300
zhen23,13,0.037689216696642124,S1_design,783,1664.0933333333332,0.006666666666666667,2,300
zhen23,13,0.037689216696642124,S1_design,1127,2299.3,0.0,0,300
zhen23,13,0.037689216696642124,S2_fixed,10,119.03333333333333,0.19,57,300
zhen23,13,0.037689216696642124,S2_fixed,14,125.96,0.18666666666666668,56,300
zhen23,13,0.037689216696642124,S2_fixed,20,138.84666666666666,0.12666666666666668,38,300
zhen23,13,0.037689216696642124,S2_fixed,29,155.94,0.15,45,300
zhen23,13,0.037689216696642124,S2_fixed,42,181.96666666666667,0.14333333333333334,43,300
zhen23,13,0.037689216696642124,S2_fixed,61,221.0,0.08,24,300
zhen23,13,0.037689216696642124,S2_fixed,88,276.52666666666664,0.08333333333333333,25,300
zhen23,13,0.037689216696642124,S2_fixed,127,352.8933333333333,0.08,24,300
zhen23,13,0.037689216696642124,S2_fixed,183,461.66,0.05,15,300
zhen23,13,0.037689216696642124,S2_fixed,263,622.8066666666666,0.04,12,300
zhen23,13,0.037689216696642124,S2_fixed,378,854.9333333333333,0.023333333333333334,7,300
zhen23,13,0.037689216696642124,S2_fixed,544,1186.8066666666666,0.02,6,300
zhen23,13,0.037689216696642124,S2_fixed,783,1664.0933333333332,0.006666666666666667,2,300
zhen23,13,0.037689216696642124,S2_fixed,1127,2299.3,0.0,0,300
zhen23,13,0.037689216696642124,S3_select,10,119.03333333333333,0.09666666666666666,29,300
zhen23,13,0.037689216696642124,S3_select,14,125.96,0.12333333333333334,37,300
zhen23,13,0.037689216696642124,S3_select,20,138.84666666666666,0.1,30,300
zhen23,13,0.037689216696642124,S3_select,29,155.94,0.08333333333333333,25,300
zhen23,13,0.037689216696642124,S3_select,42,181.96666666666667,0.10333333333333333,31,300
zhen23,13,0.037689216696642124,S3_select,61,221.0,0.07333333333333333,22,300
zhen23,13,0.037689216696642124,S3_select,88,276.52666666666664,0.07333333333333333,22,300
zhen23,13,0.037689216696642124,S3_select,127,352.8933333333333,0.07333333333333333,22,300
zhen23,13,0.037689216696642124,S3_select,183,461.66,0.02666666666666667,8,300
zhen23,13,0.037689216696642124,S3_select,263,622.8066666666666,0.03,9,300
zhen23,13,0.037689216696642124,S3_select,378,854.9333333333333,0.016666666666666666,5,300
zhen23,13,0.037689216696642124,S3_select,544,1186.8066666666666,0.016666666666666666,5,300
zhen23,13,0.037689216696642124,S3_select,783,1664.0933333333332,0.0033333333333333335,1,300
zhen23,13,0.037689216696642124,S3_select,1127,2299.3,0.0,0,300
zhen23,13,0.037689216696642124,S4_select_or_abstain,10,119.03333333333333,0.09666666666666666,29,300
zhen23,13,0.037689216696642124,S4_select_or_abstain,14,125.96,0.12333333333333334,37,300
zhen23,13,0.037689216696642124,S4_select_or_abstain,20,138.84666666666666,0.1,30,300
zhen23,13,0.037689216696642124,S4_select_or_abstain,29,155.94,0.08333333333333333,25,300
zhen23,13,0.037689216696642124,S4_select_or_abstain,42,181.96666666666667,0.10333333333333333,31,300
zhen23,13,0.037689216696642124,S4_select_or_abstain,61,221.0,0.07333333333333333,22,300
zhen23,13,0.037689216696642124,S4_select_or_abstain,88,276.52666666666664,0.07333333333333333,22,300
zhen23,13,0.037689216696642124,S4_select_or_abstain,127,352.8933333333333,0.07333333333333333,22,300
zhen23,13,0.037689216696642124,S4_select_or_abstain,183,461.66,0.02666666666666667,8,300
zhen23,13,0.037689216696642124,S4_select_or_abstain,263,622.8066666666666,0.03,9,300
zhen23,13,0.037689216696642124,S4_select_or_abstain,378,854.9333333333333,0.016666666666666666,5,300
zhen23,13,0.037689216696642124,S4_select_or_abstain,544,1186.8066666666666,0.02,6,300
zhen23,13,0.037689216696642124,S4_select_or_abstain,783,1664.0933333333332,0.0033333333333333335,1,300
zhen23,13,0.037689216696642124,S4_select_or_abstain,1127,2299.3,0.0,0,300
zhen23,14,0.0365310178861068,S1_design,10,119.06333333333333,0.21333333333333335,64,300
zhen23,14,0.0365310178861068,S1_design,14,126.03,0.23333333333333334,70,300
zhen23,14,0.0365310178861068,S1_design,20,138.82333333333332,0.13666666666666666,41,300
zhen23,14,0.0365310178861068,S1_design,29,155.90333333333334,0.15333333333333332,46,300
zhen23,14,0.0365310178861068,S1_design,42,182.01666666666668,0.13333333333333333,40,300
zhen23,14,0.0365310178861068,S1_design,61,221.05,0.07,21,300
zhen23,14,0.0365310178861068,S1_design,88,276.5566666666667,0.07666666666666666,23,300
zhen23,14,0.0365310178861068,S1_design,127,352.89666666666665,0.08333333333333333,25,300
zhen23,14,0.0365310178861068,S1_design,183,461.6166666666667,0.05,15,300
zhen23,14,0.0365310178861068,S1_design,263,622.8366666666667,0.056666666666666664,17,300
zhen23,14,0.0365310178861068,S1_design,378,855.1433333333333,0.023333333333333334,7,300
zhen23,14,0.0365310178861068,S1_design,544,1186.75,0.013333333333333334,4,300
zhen23,14,0.0365310178861068,S1_design,783,1664.0233333333333,0.0033333333333333335,1,300
zhen23,14,0.0365310178861068,S1_design,1127,2297.29,0.0,0,300
zhen23,14,0.0365310178861068,S2_fixed,10,119.06333333333333,0.20666666666666667,62,300
zhen23,14,0.0365310178861068,S2_fixed,14,126.03,0.24333333333333335,73,300
zhen23,14,0.0365310178861068,S2_fixed,20,138.82333333333332,0.13666666666666666,41,300
zhen23,14,0.0365310178861068,S2_fixed,29,155.90333333333334,0.14666666666666667,44,300
zhen23,14,0.0365310178861068,S2_fixed,42,182.01666666666668,0.13666666666666666,41,300
zhen23,14,0.0365310178861068,S2_fixed,61,221.05,0.07666666666666666,23,300
zhen23,14,0.0365310178861068,S2_fixed,88,276.5566666666667,0.07666666666666666,23,300
zhen23,14,0.0365310178861068,S2_fixed,127,352.89666666666665,0.08666666666666667,26,300
zhen23,14,0.0365310178861068,S2_fixed,183,461.6166666666667,0.05333333333333334,16,300
zhen23,14,0.0365310178861068,S2_fixed,263,622.8366666666667,0.056666666666666664,17,300
zhen23,14,0.0365310178861068,S2_fixed,378,855.1433333333333,0.02666666666666667,8,300
zhen23,14,0.0365310178861068,S2_fixed,544,1186.75,0.013333333333333334,4,300
zhen23,14,0.0365310178861068,S2_fixed,783,1664.0233333333333,0.0033333333333333335,1,300
zhen23,14,0.0365310178861068,S2_fixed,1127,2297.29,0.0,0,300
zhen23,14,0.0365310178861068,S3_select,10,119.06333333333333,0.11666666666666667,35,300
zhen23,14,0.0365310178861068,S3_select,14,126.03,0.15333333333333332,46,300
zhen23,14,0.0365310178861068,S3_select,20,138.82333333333332,0.10333333333333333,31,300
zhen23,14,0.0365310178861068,S3_select,29,155.90333333333334,0.12,36,300
zhen23,14,0.0365310178861068,S3_select,42,182.01666666666668,0.09,27,300
zhen23,14,0.0365310178861068,S3_select,61,221.05,0.07666666666666666,23,300
zhen23,14,0.0365310178861068,S3_select,88,276.5566666666667,0.056666666666666664,17,300
zhen23,14,0.0365310178861068,S3_select,127,352.89666666666665,0.07666666666666666,23,300
zhen23,14,0.0365310178861068,S3_select,183,461.6166666666667,0.03666666666666667,11,300
zhen23,14,0.0365310178861068,S3_select,263,622.8366666666667,0.03666666666666667,11,300
zhen23,14,0.0365310178861068,S3_select,378,855.1433333333333,0.02,6,300
zhen23,14,0.0365310178861068,S3_select,544,1186.75,0.023333333333333334,7,300
zhen23,14,0.0365310178861068,S3_select,783,1664.0233333333333,0.0033333333333333335,1,300
zhen23,14,0.0365310178861068,S3_select,1127,2297.29,0.0,0,300
zhen23,14,0.0365310178861068,S4_select_or_abstain,10,119.06333333333333,0.11666666666666667,35,300
zhen23,14,0.0365310178861068,S4_select_or_abstain,14,126.03,0.15333333333333332,46,300
zhen23,14,0.0365310178861068,S4_select_or_abstain,20,138.82333333333332,0.10333333333333333,31,300
zhen23,14,0.0365310178861068,S4_select_or_abstain,29,155.90333333333334,0.12,36,300
zhen23,14,0.0365310178861068,S4_select_or_abstain,42,182.01666666666668,0.09,27,300
zhen23,14,0.0365310178861068,S4_select_or_abstain,61,221.05,0.07666666666666666,23,300
zhen23,14,0.0365310178861068,S4_select_or_abstain,88,276.5566666666667,0.056666666666666664,17,300
zhen23,14,0.0365310178861068,S4_select_or_abstain,127,352.89666666666665,0.07666666666666666,23,300
zhen23,14,0.0365310178861068,S4_select_or_abstain,183,461.6166666666667,0.03666666666666667,11,300
zhen23,14,0.0365310178861068,S4_select_or_abstain,263,622.8366666666667,0.03666666666666667,11,300
zhen23,14,0.0365310178861068,S4_select_or_abstain,378,855.1433333333333,0.02,6,300
zhen23,14,0.0365310178861068,S4_select_or_abstain,544,1186.75,0.023333333333333334,7,300
zhen23,14,0.0365310178861068,S4_select_or_abstain,783,1664.0233333333333,0.0033333333333333335,1,300
zhen23,14,0.0365310178861068,S4_select_or_abstain,1127,2297.29,0.0,0,300
zhen23,15,0.05112811826236603,S1_design,10,119.08,0.20666666666666667,62,300
zhen23,15,0.05112811826236603,S1_design,14,126.04,0.23333333333333334,70,300
zhen23,15,0.05112811826236603,S1_design,20,138.84,0.12666666666666668,38,300
zhen23,15,0.05112811826236603,S1_design,29,156.0,0.11666666666666667,35,300
zhen23,15,0.05112811826236603,S1_design,42,182.10666666666665,0.07333333333333333,22,300
zhen23,15,0.05112811826236603,S1_design,61,221.2,0.07333333333333333,22,300
zhen23,15,0.05112811826236603,S1_design,88,276.6,0.07,21,300
zhen23,15,0.05112811826236603,S1_design,127,352.8666666666667,0.06666666666666667,20,300
zhen23,15,0.05112811826236603,S1_design,183,461.53333333333336,0.04666666666666667,14,300
zhen23,15,0.05112811826236603,S1_design,263,623.04,0.03666666666666667,11,300
zhen23,15,0.05112811826236603,S1_design,378,855.0933333333334,0.016666666666666666,5,300
zhen23,15,0.05112811826236603,S1_design,544,1186.8666666666666,0.02,6,300
zhen23,15,0.05112811826236603,S1_design,783,1664.5266666666666,0.0033333333333333335,1,300
zhen23,15,0.05112811826236603,S1_design,1127,2299.2533333333336,0.0,0,300
zhen23,15,0.05112811826236603,S2_fixed,10,119.08,0.19666666666666666,59,300
zhen23,15,0.05112811826236603,S2_fixed,14,126.04,0.21333333333333335,64,300
zhen23,15,0.05112811826236603,S2_fixed,20,138.84,0.13333333333333333,40,300
zhen23,15,0.05112811826236603,S2_fixed,29,156.0,0.12,36,300
zhen23,15,0.05112811826236603,S2_fixed,42,182.10666666666665,0.06333333333333334,19,300
zhen23,15,0.05112811826236603,S2_fixed,61,221.2,0.08333333333333333,25,300
zhen23,15,0.05112811826236603,S2_fixed,88,276.6,0.07333333333333333,22,300
zhen23,15,0.05112811826236603,S2_fixed,127,352.8666666666667,0.05333333333333334,16,300
zhen23,15,0.05112811826236603,S2_fixed,183,461.53333333333336,0.05333333333333334,16,300
zhen23,15,0.05112811826236603,S2_fixed,263,623.04,0.03333333333333333,10,300
zhen23,15,0.05112811826236603,S2_fixed,378,855.0933333333334,0.016666666666666666,5,300
zhen23,15,0.05112811826236603,S2_fixed,544,1186.8666666666666,0.016666666666666666,5,300
zhen23,15,0.05112811826236603,S2_fixed,783,1664.5266666666666,0.0033333333333333335,1,300
zhen23,15,0.05112811826236603,S2_fixed,1127,2299.2533333333336,0.0,0,300
zhen23,15,0.05112811826236603,S3_select,10,119.08,0.10666666666666667,32,300
zhen23,15,0.05112811826236603,S3_select,14,126.04,0.12333333333333334,37,300
zhen23,15,0.05112811826236603,S3_select,20,138.84,0.1,30,300
zhen23,15,0.05112811826236603,S3_select,29,156.0,0.07666666666666666,23,300
zhen23,15,0.05112811826236603,S3_select,42,182.10666666666665,0.06,18,300
zhen23,15,0.05112811826236603,S3_select,61,221.2,0.06666666666666667,20,300
zhen23,15,0.05112811826236603,S3_select,88,276.6,0.06333333333333334,19,300
zhen23,15,0.05112811826236603,S3_select,127,352.8666666666667,0.016666666666666666,5,300
zhen23,15,0.05112811826236603,S3_select,183,461.53333333333336,0.03666666666666667,11,300
zhen23,15,0.05112811826236603,S3_select,263,623.04,0.016666666666666666,5,300
zhen23,15,0.05112811826236603,S3_select,378,855.0933333333334,0.016666666666666666,5,300
zhen23,15,0.05112811826236603,S3_select,544,1186.8666666666666,0.006666666666666667,2,300
zhen23,15,0.05112811826236603,S3_select,783,1664.5266666666666,0.0,0,300
zhen23,15,0.05112811826236603,S3_select,1127,2299.2533333333336,0.0,0,300
zhen23,15,0.05112811826236603,S4_select_or_abstain,10,119.08,0.10666666666666667,32,300
zhen23,15,0.05112811826236603,S4_select_or_abstain,14,126.04,0.12333333333333334,37,300
zhen23,15,0.05112811826236603,S4_select_or_abstain,20,138.84,0.1,30,300
zhen23,15,0.05112811826236603,S4_select_or_abstain,29,156.0,0.07666666666666666,23,300
zhen23,15,0.05112811826236603,S4_select_or_abstain,42,182.10666666666665,0.06,18,300
zhen23,15,0.05112811826236603,S4_select_or_abstain,61,221.2,0.06666666666666667,20,300
zhen23,15,0.05112811826236603,S4_select_or_abstain,88,276.6,0.06333333333333334,19,300
zhen23,15,0.05112811826236603,S4_select_or_abstain,127,352.8666666666667,0.016666666666666666,5,300
zhen23,15,0.05112811826236603,S4_select_or_abstain,183,461.53333333333336,0.03666666666666667,11,300
zhen23,15,0.05112811826236603,S4_select_or_abstain,263,623.04,0.016666666666666666,5,300
zhen23,15,0.05112811826236603,S4_select_or_abstain,378,855.0933333333334,0.016666666666666666,5,300
zhen23,15,0.05112811826236603,S4_select_or_abstain,544,1186.8666666666666,0.006666666666666667,2,300
zhen23,15,0.05112811826236603,S4_select_or_abstain,783,1664.5266666666666,0.0,0,300
zhen23,15,0.05112811826236603,S4_select_or_abstain,1127,2299.2533333333336,0.0,0,300
zhen23,23,0.0014035350163854683,S1_design,10,77.78,0.13,39,300
zhen23,23,0.0014035350163854683,S1_design,14,86.14666666666666,0.14333333333333334,43,300
zhen23,23,0.0014035350163854683,S1_design,20,98.34666666666666,0.12333333333333334,37,300
zhen23,23,0.0014035350163854683,S1_design,29,116.3,0.08333333333333333,25,300
zhen23,23,0.0014035350163854683,S1_design,42,141.40666666666667,0.11333333333333333,34,300
zhen23,23,0.0014035350163854683,S1_design,61,181.66666666666666,0.07666666666666666,23,300
zhen23,23,0.0014035350163854683,S1_design,88,234.5,0.08333333333333333,25,300
zhen23,23,0.0014035350163854683,S1_design,127,312.88666666666666,0.07666666666666666,23,300
zhen23,23,0.0014035350163854683,S1_design,183,423.73333333333335,0.023333333333333334,7,300
zhen23,23,0.0014035350163854683,S1_design,263,431.76666666666665,0.0,0,300
zhen23,23,0.0014035350163854683,S1_design,378,431.76666666666665,0.0,0,300
zhen23,23,0.0014035350163854683,S1_design,544,431.76666666666665,0.0,0,300
zhen23,23,0.0014035350163854683,S1_design,783,431.76666666666665,0.0,0,300
zhen23,23,0.0014035350163854683,S1_design,1127,431.76666666666665,0.0,0,300
zhen23,23,0.0014035350163854683,S2_fixed,10,77.78,0.13,39,300
zhen23,23,0.0014035350163854683,S2_fixed,14,86.14666666666666,0.14333333333333334,43,300
zhen23,23,0.0014035350163854683,S2_fixed,20,98.34666666666666,0.12,36,300
zhen23,23,0.0014035350163854683,S2_fixed,29,116.3,0.08,24,300
zhen23,23,0.0014035350163854683,S2_fixed,42,141.40666666666667,0.1,30,300
zhen23,23,0.0014035350163854683,S2_fixed,61,181.66666666666666,0.08666666666666667,26,300
zhen23,23,0.0014035350163854683,S2_fixed,88,234.5,0.08,24,300
zhen23,23,0.0014035350163854683,S2_fixed,127,312.88666666666666,0.07666666666666666,23,300
zhen23,23,0.0014035350163854683,S2_fixed,183,423.73333333333335,0.023333333333333334,7,300
zhen23,23,0.0014035350163854683,S2_fixed,263,431.76666666666665,0.0,0,300
zhen23,23,0.0014035350163854683,S2_fixed,378,431.76666666666665,0.0,0,300
zhen23,23,0.0014035350163854683,S2_fixed,544,431.76666666666665,0.0,0,300
zhen23,23,0.0014035350163854683,S2_fixed,783,431.76666666666665,0.0,0,300
zhen23,23,0.0014035350163854683,S2_fixed,1127,431.76666666666665,0.0,0,300
zhen23,23,0.0014035350163854683,S3_select,10,77.78,0.10333333333333333,31,300
zhen23,23,0.0014035350163854683,S3_select,14,86.14666666666666,0.13,39,300
zhen23,23,0.0014035350163854683,S3_select,20,98.34666666666666,0.12333333333333334,37,300
zhen23,23,0.0014035350163854683,S3_select,29,116.3,0.07333333333333333,22,300
zhen23,23,0.0014035350163854683,S3_select,42,141.40666666666667,0.09333333333333334,28,300
zhen23,23,0.0014035350163854683,S3_select,61,181.66666666666666,0.08666666666666667,26,300
zhen23,23,0.0014035350163854683,S3_select,88,234.5,0.08,24,300
zhen23,23,0.0014035350163854683,S3_select,127,312.88666666666666,0.08,24,300
zhen23,23,0.0014035350163854683,S3_select,183,423.73333333333335,0.023333333333333334,7,300
zhen23,23,0.0014035350163854683,S3_select,263,431.76666666666665,0.0,0,300
zhen23,23,0.0014035350163854683,S3_select,378,431.76666666666665,0.0,0,300
zhen23,23,0.0014035350163854683,S3_select,544,431.76666666666665,0.0,0,300
zhen23,23,0.0014035350163854683,S3_select,783,431.76666666666665,0.0,0,300
zhen23,23,0.0014035350163854683,S3_select,1127,431.76666666666665,0.0,0,300
zhen23,23,0.0014035350163854683,S4_select_or_abstain,10,77.78,0.10333333333333333,31,300
zhen23,23,0.0014035350163854683,S4_select_or_abstain,14,86.14666666666666,0.12666666666666668,38,300
zhen23,23,0.0014035350163854683,S4_select_or_abstain,20,98.34666666666666,0.12333333333333334,37,300
zhen23,23,0.0014035350163854683,S4_select_or_abstain,29,116.3,0.07333333333333333,22,300
zhen23,23,0.0014035350163854683,S4_select_or_abstain,42,141.40666666666667,0.09333333333333334,28,300
zhen23,23,0.0014035350163854683,S4_select_or_abstain,61,181.66666666666666,0.08333333333333333,25,300
zhen23,23,0.0014035350163854683,S4_select_or_abstain,88,234.5,0.08,24,300
zhen23,23,0.0014035350163854683,S4_select_or_abstain,127,312.88666666666666,0.08,24,300
zhen23,23,0.0014035350163854683,S4_select_or_abstain,183,423.73333333333335,0.023333333333333334,7,300
zhen23,23,0.0014035350163854683,S4_select_or_abstain,263,431.76666666666665,0.0,0,300
zhen23,23,0.0014035350163854683,S4_select_or_abstain,378,431.76666666666665,0.0,0,300
zhen23,23,0.0014035350163854683,S4_select_or_abstain,544,431.76666666666665,0.0,0,300
zhen23,23,0.0014035350163854683,S4_select_or_abstain,783,431.76666666666665,0.0,0,300
zhen23,23,0.0014035350163854683,S4_select_or_abstain,1127,431.76666666666665,0.0,0,300
zhen23,24,0.00024533620585021624,S1_design,10,84.61,0.15333333333333332,46,300
zhen23,24,0.00024533620585021624,S1_design,14,92.43666666666667,0.17,51,300
zhen23,24,0.00024533620585021624,S1_design,20,104.71666666666667,0.10666666666666667,32,300
zhen23,24,0.00024533620585021624,S1_design,29,122.34333333333333,0.11,33,300
zhen23,24,0.00024533620585021624,S1_design,42,147.23,0.12,36,300
zhen23,24,0.00024533620585021624,S1_design,61,188.13,0.09666666666666666,29,300
zhen23,24,0.00024533620585021624,S1_design,88,240.15,0.11333333333333333,34,300
zhen23,24,0.00024533620585021624,S1_design,127,317.92333333333335,0.11,33,300
zhen23,24,0.00024533620585021624,S1_design,183,427.87,0.12,36,300
zhen23,24,0.00024533620585021624,S1_design,263,590.2566666666667,0.1,30,300
zhen23,24,0.00024533620585021624,S1_design,378,737.2766666666666,0.0,0,300
zhen23,24,0.00024533620585021624,S1_design,544,737.2766666666666,0.0,0,300
zhen23,24,0.00024533620585021624,S1_design,783,737.2766666666666,0.0,0,300
zhen23,24,0.00024533620585021624,S1_design,1127,737.2766666666666,0.0,0,300
zhen23,24,0.00024533620585021624,S2_fixed,10,84.61,0.15333333333333332,46,300
zhen23,24,0.00024533620585021624,S2_fixed,14,92.43666666666667,0.17666666666666667,53,300
zhen23,24,0.00024533620585021624,S2_fixed,20,104.71666666666667,0.10333333333333333,31,300
zhen23,24,0.00024533620585021624,S2_fixed,29,122.34333333333333,0.10666666666666667,32,300
zhen23,24,0.00024533620585021624,S2_fixed,42,147.23,0.12333333333333334,37,300
zhen23,24,0.00024533620585021624,S2_fixed,61,188.13,0.08666666666666667,26,300
zhen23,24,0.00024533620585021624,S2_fixed,88,240.15,0.11333333333333333,34,300
zhen23,24,0.00024533620585021624,S2_fixed,127,317.92333333333335,0.11,33,300
zhen23,24,0.00024533620585021624,S2_fixed,183,427.87,0.11,33,300
zhen23,24,0.00024533620585021624,S2_fixed,263,590.2566666666667,0.1,30,300
zhen23,24,0.00024533620585021624,S2_fixed,378,737.2766666666666,0.0,0,300
zhen23,24,0.00024533620585021624,S2_fixed,544,737.2766666666666,0.0,0,300
zhen23,24,0.00024533620585021624,S2_fixed,783,737.2766666666666,0.0,0,300
zhen23,24,0.00024533620585021624,S2_fixed,1127,737.2766666666666,0.0,0,300
zhen23,24,0.00024533620585021624,S3_select,10,84.61,0.19,57,300
zhen23,24,0.00024533620585021624,S3_select,14,92.43666666666667,0.17,51,300
zhen23,24,0.00024533620585021624,S3_select,20,104.71666666666667,0.14333333333333334,43,300
zhen23,24,0.00024533620585021624,S3_select,29,122.34333333333333,0.10666666666666667,32,300
zhen23,24,0.00024533620585021624,S3_select,42,147.23,0.12,36,300
zhen23,24,0.00024533620585021624,S3_select,61,188.13,0.1,30,300
zhen23,24,0.00024533620585021624,S3_select,88,240.15,0.11,33,300
zhen23,24,0.00024533620585021624,S3_select,127,317.92333333333335,0.10333333333333333,31,300
zhen23,24,0.00024533620585021624,S3_select,183,427.87,0.11666666666666667,35,300
zhen23,24,0.00024533620585021624,S3_select,263,590.2566666666667,0.1,30,300
zhen23,24,0.00024533620585021624,S3_select,378,737.2766666666666,0.0,0,300
zhen23,24,0.00024533620585021624,S3_select,544,737.2766666666666,0.0,0,300
zhen23,24,0.00024533620585021624,S3_select,783,737.2766666666666,0.0,0,300
zhen23,24,0.00024533620585021624,S3_select,1127,737.2766666666666,0.0,0,300
zhen23,24,0.00024533620585021624,S4_select_or_abstain,10,84.61,0.19,57,300
zhen23,24,0.00024533620585021624,S4_select_or_abstain,14,92.43666666666667,0.17333333333333334,52,300
zhen23,24,0.00024533620585021624,S4_select_or_abstain,20,104.71666666666667,0.14333333333333334,43,300
zhen23,24,0.00024533620585021624,S4_select_or_abstain,29,122.34333333333333,0.10666666666666667,32,300
zhen23,24,0.00024533620585021624,S4_select_or_abstain,42,147.23,0.12,36,300
zhen23,24,0.00024533620585021624,S4_select_or_abstain,61,188.13,0.1,30,300
zhen23,24,0.00024533620585021624,S4_select_or_abstain,88,240.15,0.11,33,300
zhen23,24,0.00024533620585021624,S4_select_or_abstain,127,317.92333333333335,0.10333333333333333,31,300
zhen23,24,0.00024533620585021624,S4_select_or_abstain,183,427.87,0.11333333333333333,34,300
zhen23,24,0.00024533620585021624,S4_select_or_abstain,263,590.2566666666667,0.1,30,300
zhen23,24,0.00024533620585021624,S4_select_or_abstain,378,737.2766666666666,0.0,0,300
zhen23,24,0.00024533620585021624,S4_select_or_abstain,544,737.2766666666666,0.0,0,300
zhen23,24,0.00024533620585021624,S4_select_or_abstain,783,737.2766666666666,0.0,0,300
zhen23,24,0.00024533620585021624,S4_select_or_abstain,1127,737.2766666666666,0.0,0,300
zhen23,25,0.01484243658210945,S1_design,10,116.32333333333334,0.18333333333333332,55,300
zhen23,25,0.01484243658210945,S1_design,14,123.34333333333333,0.19333333333333333,58,300
zhen23,25,0.01484243658210945,S1_design,20,136.07666666666665,0.11666666666666667,35,300
zhen23,25,0.01484243658210945,S1_design,29,153.36333333333334,0.09666666666666666,29,300
zhen23,25,0.01484243658210945,S1_design,42,179.09,0.11,33,300
zhen23,25,0.01484243658210945,S1_design,61,218.64333333333335,0.1,30,300
zhen23,25,0.01484243658210945,S1_design,88,273.47,0.08,24,300
zhen23,25,0.01484243658210945,S1_design,127,350.50333333333333,0.09333333333333334,28,300
zhen23,25,0.01484243658210945,S1_design,183,458.5566666666667,0.06666666666666667,20,300
zhen23,25,0.01484243658210945,S1_design,263,621.55,0.06666666666666667,20,300
zhen23,25,0.01484243658210945,S1_design,378,853.75,0.03333333333333333,10,300
zhen23,25,0.01484243658210945,S1_design,544,1184.7766666666666,0.03333333333333333,10,300
zhen23,25,0.01484243658210945,S1_design,783,1661.3966666666668,0.03,9,300
zhen23,25,0.01484243658210945,S1_design,1127,2175.9366666666665,0.0,0,300
zhen23,25,0.01484243658210945,S2_fixed,10,116.32333333333334,0.17,51,300
zhen23,25,0.01484243658210945,S2_fixed,14,123.34333333333333,0.16333333333333333,49,300
zhen23,25,0.01484243658210945,S2_fixed,20,136.07666666666665,0.11333333333333333,34,300
zhen23,25,0.01484243658210945,S2_fixed,29,153.36333333333334,0.08,24,300
zhen23,25,0.01484243658210945,S2_fixed,42,179.09,0.11333333333333333,34,300
zhen23,25,0.01484243658210945,S2_fixed,61,218.64333333333335,0.08,24,300
zhen23,25,0.01484243658210945,S2_fixed,88,273.47,0.09333333333333334,28,300
zhen23,25,0.01484243658210945,S2_fixed,127,350.50333333333333,0.08666666666666667,26,300
zhen23,25,0.01484243658210945,S2_fixed,183,458.5566666666667,0.05333333333333334,16,300
zhen23,25,0.01484243658210945,S2_fixed,263,621.55,0.056666666666666664,17,300
zhen23,25,0.01484243658210945,S2_fixed,378,853.75,0.05333333333333334,16,300
zhen23,25,0.01484243658210945,S2_fixed,544,1184.7766666666666,0.03,9,300
zhen23,25,0.01484243658210945,S2_fixed,783,1661.3966666666668,0.03,9,300
zhen23,25,0.01484243658210945,S2_fixed,1127,2175.9366666666665,0.0,0,300
zhen23,25,0.01484243658210945,S3_select,10,116.32333333333334,0.12666666666666668,38,300
zhen23,25,0.01484243658210945,S3_select,14,123.34333333333333,0.15,45,300
zhen23,25,0.01484243658210945,S3_select,20,136.07666666666665,0.09333333333333334,28,300
zhen23,25,0.01484243658210945,S3_select,29,153.36333333333334,0.08,24,300
zhen23,25,0.01484243658210945,S3_select,42,179.09,0.11333333333333333,34,300
zhen23,25,0.01484243658210945,S3_select,61,218.64333333333335,0.09333333333333334,28,300
zhen23,25,0.01484243658210945,S3_select,88,273.47,0.08333333333333333,25,300
zhen23,25,0.01484243658210945,S3_select,127,350.50333333333333,0.07666666666666666,23,300
zhen23,25,0.01484243658210945,S3_select,183,458.5566666666667,0.06333333333333334,19,300
zhen23,25,0.01484243658210945,S3_select,263,621.55,0.05333333333333334,16,300
zhen23,25,0.01484243658210945,S3_select,378,853.75,0.04666666666666667,14,300
zhen23,25,0.01484243658210945,S3_select,544,1184.7766666666666,0.013333333333333334,4,300
zhen23,25,0.01484243658210945,S3_select,783,1661.3966666666668,0.02,6,300
zhen23,25,0.01484243658210945,S3_select,1127,2175.9366666666665,0.0,0,300
zhen23,25,0.01484243658210945,S4_select_or_abstain,10,116.32333333333334,0.12666666666666668,38,300
zhen23,25,0.01484243658210945,S4_select_or_abstain,14,123.34333333333333,0.14666666666666667,44,300
zhen23,25,0.01484243658210945,S4_select_or_abstain,20,136.07666666666665,0.09333333333333334,28,300
zhen23,25,0.01484243658210945,S4_select_or_abstain,29,153.36333333333334,0.08,24,300
zhen23,25,0.01484243658210945,S4_select_or_abstain,42,179.09,0.11333333333333333,34,300
zhen23,25,0.01484243658210945,S4_select_or_abstain,61,218.64333333333335,0.09333333333333334,28,300
zhen23,25,0.01484243658210945,S4_select_or_abstain,88,273.47,0.08333333333333333,25,300
zhen23,25,0.01484243658210945,S4_select_or_abstain,127,350.50333333333333,0.07666666666666666,23,300
zhen23,25,0.01484243658210945,S4_select_or_abstain,183,458.5566666666667,0.06333333333333334,19,300
zhen23,25,0.01484243658210945,S4_select_or_abstain,263,621.55,0.05333333333333334,16,300
zhen23,25,0.01484243658210945,S4_select_or_abstain,378,853.75,0.04666666666666667,14,300
zhen23,25,0.01484243658210945,S4_select_or_abstain,544,1184.7766666666666,0.013333333333333334,4,300
zhen23,25,0.01484243658210945,S4_select_or_abstain,783,1661.3966666666668,0.02,6,300
zhen23,25,0.01484243658210945,S4_select_or_abstain,1127,2175.9366666666665,0.0,0,300
zhen23,34,0.001158198810535252,S1_design,10,85.60333333333334,0.12666666666666668,38,300
zhen23,34,0.001158198810535252,S1_design,14,92.64333333333333,0.11666666666666667,35,300
zhen23,34,0.001158198810535252,S1_design,20,105.20333333333333,0.12333333333333334,37,300
zhen23,34,0.001158198810535252,S1_design,29,123.17666666666666,0.11,33,300
zhen23,34,0.001158198810535252,S1_design,42,147.93,0.09333333333333334,28,300
zhen23,34,0.001158198810535252,S1_design,61,189.03666666666666,0.13333333333333333,40,300
zhen23,34,0.001158198810535252,S1_design,88,241.19,0.11333333333333333,34,300
zhen23,34,0.001158198810535252,S1_design,127,319.1566666666667,0.11666666666666667,35,300
zhen23,34,0.001158198810535252,S1_design,183,430.21666666666664,0.09666666666666666,29,300
zhen23,34,0.001158198810535252,S1_design,263,590.7966666666666,0.09666666666666666,29,300
zhen23,34,0.001158198810535252,S1_design,378,770.51,0.0,0,300
zhen23,34,0.001158198810535252,S1_design,544,770.51,0.0,0,300
zhen23,34,0.001158198810535252,S1_design,783,770.51,0.0,0,300
zhen23,34,0.001158198810535252,S1_design,1127,770.51,0.0,0,300
zhen23,34,0.001158198810535252,S2_fixed,10,85.60333333333334,0.12333333333333334,37,300
zhen23,34,0.001158198810535252,S2_fixed,14,92.64333333333333,0.10666666666666667,32,300
zhen23,34,0.001158198810535252,S2_fixed,20,105.20333333333333,0.12333333333333334,37,300
zhen23,34,0.001158198810535252,S2_fixed,29,123.17666666666666,0.10666666666666667,32,300
zhen23,34,0.001158198810535252,S2_fixed,42,147.93,0.09666666666666666,29,300
zhen23,34,0.001158198810535252,S2_fixed,61,189.03666666666666,0.13,39,300
zhen23,34,0.001158198810535252,S2_fixed,88,241.19,0.12333333333333334,37,300
zhen23,34,0.001158198810535252,S2_fixed,127,319.1566666666667,0.11666666666666667,35,300
zhen23,34,0.001158198810535252,S2_fixed,183,430.21666666666664,0.10666666666666667,32,300
zhen23,34,0.001158198810535252,S2_fixed,263,590.7966666666666,0.09666666666666666,29,300
zhen23,34,0.001158198810535252,S2_fixed,378,770.51,0.0,0,300
zhen23,34,0.001158198810535252,S2_fixed,544,770.51,0.0,0,300
zhen23,34,0.001158198810535252,S2_fixed,783,770.51,0.0,0,300
zhen23,34,0.001158198810535252,S2_fixed,1127,770.51,0.0,0,300
zhen23,34,0.001158198810535252,S3_select,10,85.60333333333334,0.09,27,300
zhen23,34,0.001158198810535252,S3_select,14,92.64333333333333,0.09,27,300
zhen23,34,0.001158198810535252,S3_select,20,105.20333333333333,0.12,36,300
zhen23,34,0.001158198810535252,S3_select,29,123.17666666666666,0.09,27,300
zhen23,34,0.001158198810535252,S3_select,42,147.93,0.11,33,300
zhen23,34,0.001158198810535252,S3_select,61,189.03666666666666,0.13,39,300
zhen23,34,0.001158198810535252,S3_select,88,241.19,0.11666666666666667,35,300
zhen23,34,0.001158198810535252,S3_select,127,319.1566666666667,0.11333333333333333,34,300
zhen23,34,0.001158198810535252,S3_select,183,430.21666666666664,0.09,27,300
zhen23,34,0.001158198810535252,S3_select,263,590.7966666666666,0.10333333333333333,31,300
zhen23,34,0.001158198810535252,S3_select,378,770.51,0.0,0,300
zhen23,34,0.001158198810535252,S3_select,544,770.51,0.0,0,300
zhen23,34,0.001158198810535252,S3_select,783,770.51,0.0,0,300
zhen23,34,0.001158198810535252,S3_select,1127,770.51,0.0,0,300
zhen23,34,0.001158198810535252,S4_select_or_abstain,10,85.60333333333334,0.09,27,300
zhen23,34,0.001158198810535252,S4_select_or_abstain,14,92.64333333333333,0.09,27,300
zhen23,34,0.001158198810535252,S4_select_or_abstain,20,105.20333333333333,0.12,36,300
zhen23,34,0.001158198810535252,S4_select_or_abstain,29,123.17666666666666,0.09,27,300
zhen23,34,0.001158198810535252,S4_select_or_abstain,42,147.93,0.11,33,300
zhen23,34,0.001158198810535252,S4_select_or_abstain,61,189.03666666666666,0.13,39,300
zhen23,34,0.001158198810535252,S4_select_or_abstain,88,241.19,0.11666666666666667,35,300
zhen23,34,0.001158198810535252,S4_select_or_abstain,127,319.1566666666667,0.11333333333333333,34,300
zhen23,34,0.001158198810535252,S4_select_or_abstain,183,430.21666666666664,0.09,27,300
zhen23,34,0.001158198810535252,S4_select_or_abstain,263,590.7966666666666,0.10333333333333333,31,300
zhen23,34,0.001158198810535252,S4_select_or_abstain,378,770.51,0.0,0,300
zhen23,34,0.001158198810535252,S4_select_or_abstain,544,770.51,0.0,0,300
zhen23,34,0.001158198810535252,S4_select_or_abstain,783,770.51,0.0,0,300
zhen23,34,0.001158198810535252,S4_select_or_abstain,1127,770.51,0.0,0,300
zhen23,35,0.013438901565723983,S1_design,10,116.39666666666666,0.18,54,300
zhen23,35,0.013438901565723983,S1_design,14,123.40333333333334,0.17,51,300
zhen23,35,0.013438901565723983,S1_design,20,136.11,0.12666666666666668,38,300
zhen23,35,0.013438901565723983,S1_design,29,153.41666666666666,0.12,36,300
zhen23,35,0.013438901565723983,S1_design,42,179.22333333333333,0.12,36,300
zhen23,35,0.013438901565723983,S1_design,61,218.71,0.07666666666666666,23,300
zhen23,35,0.013438901565723983,S1_design,88,273.55,0.05333333333333334,16,300
zhen23,35,0.013438901565723983,S1_design,127,350.53,0.08666666666666667,26,300
zhen23,35,0.013438901565723983,S1_design,183,458.6566666666667,0.08,24,300
zhen23,35,0.013438901565723983,S1_design,263,621.5033333333333,0.06,18,300
zhen23,35,0.013438901565723983,S1_design,378,853.85,0.05333333333333334,16,300
zhen23,35,0.013438901565723983,S1_design,544,1184.89,0.04,12,300
zhen23,35,0.013438901565723983,S1_design,783,1661.4233333333334,0.03,9,300
zhen23,35,0.013438901565723983,S1_design,1127,2177.87,0.0,0,300
zhen23,35,0.013438901565723983,S2_fixed,10,116.39666666666666,0.16333333333333333,49,300
zhen23,35,0.013438901565723983,S2_fixed,14,123.40333333333334,0.14666666666666667,44,300
zhen23,35,0.013438901565723983,S2_fixed,20,136.11,0.12333333333333334,37,300
zhen23,35,0.013438901565723983,S2_fixed,29,153.41666666666666,0.09666666666666666,29,300
zhen23,35,0.013438901565723983,S2_fixed,42,179.22333333333333,0.12333333333333334,37,300
zhen23,35,0.013438901565723983,S2_fixed,61,218.71,0.08333333333333333,25,300
zhen23,35,0.013438901565723983,S2_fixed,88,273.55,0.06666666666666667,20,300
zhen23,35,0.013438901565723983,S2_fixed,127,350.53,0.09666666666666666,29,300
zhen23,35,0.013438901565723983,S2_fixed,183,458.6566666666667,0.056666666666666664,17,300
zhen23,35,0.013438901565723983,S2_fixed,263,621.5033333333333,0.05333333333333334,16,300
zhen23,35,0.013438901565723983,S2_fixed,378,853.85,0.05,15,300
zhen23,35,0.013438901565723983,S2_fixed,544,1184.89,0.05,15,300
zhen23,35,0.013438901565723983,S2_fixed,783,1661.4233333333334,0.03666666666666667,11,300
zhen23,35,0.013438901565723983,S2_fixed,1127,2177.87,0.0,0,300
zhen23,35,0.013438901565723983,S3_select,10,116.39666666666666,0.09666666666666666,29,300
zhen23,35,0.013438901565723983,S3_select,14,123.40333333333334,0.12333333333333334,37,300
zhen23,35,0.013438901565723983,S3_select,20,136.11,0.09,27,300
zhen23,35,0.013438901565723983,S3_select,29,153.41666666666666,0.09333333333333334,28,300
zhen23,35,0.013438901565723983,S3_select,42,179.22333333333333,0.09333333333333334,28,300
zhen23,35,0.013438901565723983,S3_select,61,218.71,0.08,24,300
zhen23,35,0.013438901565723983,S3_select,88,273.55,0.05333333333333334,16,300
zhen23,35,0.013438901565723983,S3_select,127,350.53,0.07666666666666666,23,300
zhen23,35,0.013438901565723983,S3_select,183,458.6566666666667,0.07,21,300
zhen23,35,0.013438901565723983,S3_select,263,621.5033333333333,0.056666666666666664,17,300
zhen23,35,0.013438901565723983,S3_select,378,853.85,0.05,15,300
zhen23,35,0.013438901565723983,S3_select,544,1184.89,0.04,12,300
zhen23,35,0.013438901565723983,S3_select,783,1661.4233333333334,0.023333333333333334,7,300
zhen23,35,0.013438901565723983,S3_select,1127,2177.87,0.0,0,300
zhen23,35,0.013438901565723983,S4_select_or_abstain,10,116.39666666666666,0.09666666666666666,29,300
zhen23,35,0.013438901565723983,S4_select_or_abstain,14,123.40333333333334,0.12,36,300
zhen23,35,0.013438901565723983,S4_select_or_abstain,20,136.11,0.09,27,300
zhen23,35,0.013438901565723983,S4_select_or_abstain,29,153.41666666666666,0.09333333333333334,28,300
zhen23,35,0.013438901565723983,S4_select_or_abstain,42,179.22333333333333,0.09333333333333334,28,300
zhen23,35,0.013438901565723983,S4_select_or_abstain,61,218.71,0.08,24,300
zhen23,35,0.013438901565723983,S4_select_or_abstain,88,273.55,0.05333333333333334,16,300
zhen23,35,0.013438901565723983,S4_select_or_abstain,127,350.53,0.07666666666666666,23,300
zhen23,35,0.013438901565723983,S4_select_or_abstain,183,458.6566666666667,0.07,21,300
zhen23,35,0.013438901565723983,S4_select_or_abstain,263,621.5033333333333,0.056666666666666664,17,300
zhen23,35,0.013438901565723983,S4_select_or_abstain,378,853.85,0.05,15,300
zhen23,35,0.013438901565723983,S4_select_or_abstain,544,1184.89,0.04,12,300
zhen23,35,0.013438901565723983,S4_select_or_abstain,783,1661.4233333333334,0.023333333333333334,7,300
zhen23,35,0.013438901565723983,S4_select_or_abstain,1127,2177.87,0.0,0,300
zhen23,45,0.014597100376259234,S1_design,10,116.19666666666667,0.17333333333333334,52,300
zhen23,45,0.014597100376259234,S1_design,14,123.35,0.15333333333333332,46,300
zhen23,45,0.014597100376259234,S1_design,20,135.96333333333334,0.14,42,300
zhen23,45,0.014597100376259234,S1_design,29,153.10333333333332,0.08666666666666667,26,300
zhen23,45,0.014597100376259234,S1_design,42,179.11,0.14666666666666667,44,300
zhen23,45,0.014597100376259234,S1_design,61,218.61666666666667,0.08,24,300
zhen23,45,0.014597100376259234,S1_design,88,273.30333333333334,0.06333333333333334,19,300
zhen23,45,0.014597100376259234,S1_design,127,350.39,0.09,27,300
zhen23,45,0.014597100376259234,S1_design,183,458.5833333333333,0.08333333333333333,25,300
zhen23,45,0.014597100376259234,S1_design,263,621.2166666666667,0.056666666666666664,17,300
zhen23,45,0.014597100376259234,S1_design,378,853.6566666666666,0.056666666666666664,17,300
zhen23,45,0.014597100376259234,S1_design,544,1184.5633333333333,0.043333333333333335,13,300
zhen23,45,0.014597100376259234,S1_design,783,1661.31,0.03,9,300
zhen23,45,0.014597100376259234,S1_design,1127,2166.07,0.0,0,300
zhen23,45,0.014597100376259234,S2_fixed,10,116.19666666666667,0.16,48,300
zhen23,45,0.014597100376259234,S2_fixed,14,123.35,0.12,36,300
zhen23,45,0.014597100376259234,S2_fixed,20,135.96333333333334,0.13333333333333333,40,300
zhen23,45,0.014597100376259234,S2_fixed,29,153.10333333333332,0.07666666666666666,23,300
zhen23,45,0.014597100376259234,S2_fixed,42,179.11,0.11333333333333333,34,300
zhen23,45,0.014597100376259234,S2_fixed,61,218.61666666666667,0.08666666666666667,26,300
zhen23,45,0.014597100376259234,S2_fixed,88,273.30333333333334,0.07,21,300
zhen23,45,0.014597100376259234,S2_fixed,127,350.39,0.08,24,300
zhen23,45,0.014597100376259234,S2_fixed,183,458.5833333333333,0.06666666666666667,20,300
zhen23,45,0.014597100376259234,S2_fixed,263,621.2166666666667,0.05333333333333334,16,300
zhen23,45,0.014597100376259234,S2_fixed,378,853.6566666666666,0.05333333333333334,16,300
zhen23,45,0.014597100376259234,S2_fixed,544,1184.5633333333333,0.04666666666666667,14,300
zhen23,45,0.014597100376259234,S2_fixed,783,1661.31,0.03666666666666667,11,300
zhen23,45,0.014597100376259234,S2_fixed,1127,2166.07,0.0,0,300
zhen23,45,0.014597100376259234,S3_select,10,116.19666666666667,0.11333333333333333,34,300
zhen23,45,0.014597100376259234,S3_select,14,123.35,0.09666666666666666,29,300
zhen23,45,0.014597100376259234,S3_select,20,135.96333333333334,0.12333333333333334,37,300
zhen23,45,0.014597100376259234,S3_select,29,153.10333333333332,0.07666666666666666,23,300
zhen23,45,0.014597100376259234,S3_select,42,179.11,0.11,33,300
zhen23,45,0.014597100376259234,S3_select,61,218.61666666666667,0.05,15,300
zhen23,45,0.014597100376259234,S3_select,88,273.30333333333334,0.06333333333333334,19,300
zhen23,45,0.014597100376259234,S3_select,127,350.39,0.08,24,300
zhen23,45,0.014597100376259234,S3_select,183,458.5833333333333,0.07,21,300
zhen23,45,0.014597100376259234,S3_select,263,621.2166666666667,0.05,15,300
zhen23,45,0.014597100376259234,S3_select,378,853.6566666666666,0.043333333333333335,13,300
zhen23,45,0.014597100376259234,S3_select,544,1184.5633333333333,0.02666666666666667,8,300
zhen23,45,0.014597100376259234,S3_select,783,1661.31,0.03333333333333333,10,300
zhen23,45,0.014597100376259234,S3_select,1127,2166.07,0.0,0,300
zhen23,45,0.014597100376259234,S4_select_or_abstain,10,116.19666666666667,0.11333333333333333,34,300
zhen23,45,0.014597100376259234,S4_select_or_abstain,14,123.35,0.09666666666666666,29,300
zhen23,45,0.014597100376259234,S4_select_or_abstain,20,135.96333333333334,0.12333333333333334,37,300
zhen23,45,0.014597100376259234,S4_select_or_abstain,29,153.10333333333332,0.07666666666666666,23,300
zhen23,45,0.014597100376259234,S4_select_or_abstain,42,179.11,0.11,33,300
zhen23,45,0.014597100376259234,S4_select_or_abstain,61,218.61666666666667,0.05,15,300
zhen23,45,0.014597100376259234,S4_select_or_abstain,88,273.30333333333334,0.06333333333333334,19,300
zhen23,45,0.014597100376259234,S4_select_or_abstain,127,350.39,0.08,24,300
zhen23,45,0.014597100376259234,S4_select_or_abstain,183,458.5833333333333,0.07,21,300
zhen23,45,0.014597100376259234,S4_select_or_abstain,263,621.2166666666667,0.05,15,300
zhen23,45,0.014597100376259234,S4_select_or_abstain,378,853.6566666666666,0.043333333333333335,13,300
zhen23,45,0.014597100376259234,S4_select_or_abstain,544,1184.5633333333333,0.02666666666666667,8,300
zhen23,45,0.014597100376259234,S4_select_or_abstain,783,1661.31,0.03333333333333333,10,300
zhen23,45,0.014597100376259234,S4_select_or_abstain,1127,2166.07,0.0,0,300
