lp,pair,eps,strategy,budget,cost,wrong,n_wrong,n_draws
ende23,01,0.0028092857142856978,S1_design,10,116.44666666666667,0.18,54,300
ende23,01,0.0028092857142856978,S1_design,13,123.86666666666666,0.12333333333333334,37,300
ende23,01,0.0028092857142856978,S1_design,17,130.98666666666668,0.14666666666666667,44,300
ende23,01,0.0028092857142856978,S1_design,23,144.42,0.10666666666666667,32,300
ende23,01,0.0028092857142856978,S1_design,31,158.66,0.11333333333333333,34,300
ende23,01,0.0028092857142856978,S1_design,41,178.78666666666666,0.13,39,300
ende23,01,0.0028092857142856978,S1_design,55,206.7,0.10333333333333333,31,300
ende23,01,0.0028092857142856978,S1_design,73,244.72,0.14,42,300
ende23,01,0.0028092857142856978,S1_design,98,291.00666666666666,0.10333333333333333,31,300
ende23,01,0.0028092857142856978,S1_design,130,357.84,0.1,30,300
ende23,01,0.0028092857142856978,S1_design,174,443.46666666666664,0.08666666666666667,26,300
ende23,01,0.0028092857142856978,S1_design,231,559.2933333333333,0.12,36,300
ende23,01,0.0028092857142856978,S1_design,308,713.5666666666667,0.09,27,300
ende23,01,0.0028092857142856978,S1_design,410,872.84,0.0,0,300
ende23,01,0.0028092857142856978,S2_fixed,10,116.44666666666667,0.17666666666666667,53,300
ende23,01,0.0028092857142856978,S2_fixed,13,123.86666666666666,0.10666666666666667,32,300
ende23,01,0.0028092857142856978,S2_fixed,17,130.98666666666668,0.13666666666666666,41,300
ende23,01,0.0028092857142856978,S2_fixed,23,144.42,0.10666666666666667,32,300
ende23,01,0.0028092857142856978,S2_fixed,31,158.66,0.10333333333333333,31,300
ende23,01,0.0028092857142856978,S2_fixed,41,178.78666666666666,0.14,42,300
ende23,01,0.0028092857142856978,S2_fixed,55,206.7,0.12,36,300
ende23,01,0.0028092857142856978,S2_fixed,73,244.72,0.11,33,300
ende23,01,0.0028092857142856978,S2_fixed,98,291.00666666666666,0.11666666666666667,35,300
ende23,01,0.0028092857142856978,S2_fixed,130,357.84,0.11333333333333333,34,300
ende23,01,0.0028092857142856978,S2_fixed,174,443.46666666666664,0.12333333333333334,37,300
ende23,01,0.0028092857142856978,S2_fixed,231,559.2933333333333,0.11666666666666667,35,300
ende23,01,0.0028092857142856978,S2_fixed,308,713.5666666666667,0.07666666666666666,23,300
ende23,01,0.0028092857142856978,S2_fixed,410,872.84,0.0,0,300
ende23,01,0.0028092857142856978,S3_select,10,116.44666666666667,0.12666666666666668,38,300
ende23,01,0.0028092857142856978,S3_select,13,123.86666666666666,0.09666666666666666,29,300
ende23,01,0.0028092857142856978,S3_select,17,130.98666666666668,0.11333333333333333,34,300
ende23,01,0.0028092857142856978,S3_select,23,144.42,0.1,30,300
ende23,01,0.0028092857142856978,S3_select,31,158.66,0.07666666666666666,23,300
ende23,01,0.0028092857142856978,S3_select,41,178.78666666666666,0.12,36,300
ende23,01,0.0028092857142856978,S3_select,55,206.7,0.1,30,300
ende23,01,0.0028092857142856978,S3_select,73,244.72,0.13,39,300
ende23,01,0.0028092857142856978,S3_select,98,291.00666666666666,0.13666666666666666,41,300
ende23,01,0.0028092857142856978,S3_select,130,357.84,0.11,33,300
ende23,01,0.0028092857142856978,S3_select,174,443.46666666666664,0.10333333333333333,31,300
ende23,01,0.0028092857142856978,S3_select,231,559.2933333333333,0.1,30,300
ende23,01,0.0028092857142856978,S3_select,308,713.5666666666667,0.08666666666666667,26,300
ende23,01,0.0028092857142856978,S3_select,410,872.84,0.0,0,300
ende23,01,0.0028092857142856978,S4_select_or_abstain,10,116.44666666666667,0.12666666666666668,38,300
ende23,01,0.0028092857142856978,S4_select_or_abstain,13,123.86666666666666,0.09666666666666666,29,300
ende23,01,0.0028092857142856978,S4_select_or_abstain,17,130.98666666666668,0.11333333333333333,34,300
ende23,01,0.0028092857142856978,S4_select_or_abstain,23,144.42,0.1,30,300
ende23,01,0.0028092857142856978,S4_select_or_abstain,31,158.66,0.07666666666666666,23,300
ende23,01,0.0028092857142856978,S4_select_or_abstain,41,178.78666666666666,0.12,36,300
ende23,01,0.0028092857142856978,S4_select_or_abstain,55,206.7,0.1,30,300
ende23,01,0.0028092857142856978,S4_select_or_abstain,73,244.72,0.13,39,300
ende23,01,0.0028092857142856978,S4_select_or_abstain,98,291.00666666666666,0.13666666666666666,41,300
ende23,01,0.0028092857142856978,S4_select_or_abstain,130,357.84,0.11,33,300
ende23,01,0.0028092857142856978,S4_select_or_abstain,174,443.46666666666664,0.10333333333333333,31,300
ende23,01,0.0028092857142856978,S4_select_or_abstain,231,559.2933333333333,0.09666666666666666,29,300
ende23,01,0.0028092857142856978,S4_select_or_abstain,308,713.5666666666667,0.08666666666666667,26,300
ende23,01,0.0028092857142856978,S4_select_or_abstain,410,872.84,0.0,0,300
ende23,02,0.02693711180124225,S1_design,10,117.16333333333333,0.16333333333333333,49,300
ende23,02,0.02693711180124225,S1_design,13,124.47,0.14,42,300
ende23,02,0.02693711180124225,S1_design,17,131.83,0.12333333333333334,37,300
ende23,02,0.02693711180124225,S1_design,23,145.15666666666667,0.13333333333333333,40,300
ende23,02,0.02693711180124225,S1_design,31,159.39,0.09666666666666666,29,300
ende23,02,0.02693711180124225,S1_design,41,179.77,0.14,42,300
ende23,02,0.02693711180124225,S1_design,55,207.34333333333333,0.11,33,300
ende23,02,0.02693711180124225,S1_design,73,245.25,0.08333333333333333,25,300
ende23,02,0.02693711180124225,S1_design,98,292.07666666666665,0.08333333333333333,25,300
ende23,02,0.02693711180124225,S1_design,130,358.4166666666667,0.07666666666666666,23,300
ende23,02,0.02693711180124225,S1_design,174,443.98333333333335,0.06666666666666667,20,300
ende23,02,0.02693711180124225,S1_design,231,560.0233333333333,0.05333333333333334,16,300
ende23,02,0.02693711180124225,S1_design,308,714.7833333333333,0.04,12,300
ende23,02,0.02693711180124225,S1_design,410,884.1233333333333,0.0,0,300
ende23,02,0.02693711180124225,S2_fixed,10,117.16333333333333,0.16333333333333333,49,300
ende23,02,0.02693711180124225,S2_fixed,13,124.47,0.13666666666666666,41,300
ende23,02,0.02693711180124225,S2_fixed,17,131.83,0.11,33,300
ende23,02,0.02693711180124225,S2_fixed,23,145.15666666666667,0.12333333333333334,37,300
ende23,02,0.02693711180124225,S2_fixed,31,159.39,0.08,24,300
ende23,02,0.02693711180124225,S2_fixed,41,179.77,0.15,45,300
ende23,02,0.02693711180124225,S2_fixed,55,207.34333333333333,0.08666666666666667,26,300
ende23,02,0.02693711180124225,S2_fixed,73,245.25,0.09666666666666666,29,300
ende23,02,0.02693711180124225,S2_fixed,98,292.07666666666665,0.07,21,300
ende23,02,0.02693711180124225,S2_fixed,130,358.4166666666667,0.06,18,300
ende23,02,0.02693711180124225,S2_fixed,174,443.98333333333335,0.06666666666666667,20,300
ende23,02,0.02693711180124225,S2_fixed,231,560.0233333333333,0.05333333333333334,16,300
ende23,02,0.02693711180124225,S2_fixed,308,714.7833333333333,0.04,12,300
ende23,02,0.02693711180124225,S2_fixed,410,884.1233333333333,0.0,0,300
ende23,02,0.02693711180124225,S3_select,10,117.16333333333333,0.13333333333333333,40,300
ende23,02,0.02693711180124225,S3_select,13,124.47,0.12333333333333334,37,300
ende23,02,0.02693711180124225,S3_select,17,131.83,0.11,33,300
ende23,02,0.02693711180124225,S3_select,23,145.15666666666667,0.10333333333333333,31,300
ende23,02,0.02693711180124225,S3_select,31,159.39,0.08,24,300
ende23,02,0.02693711180124225,S3_select,41,179.77,0.14,42,300
ende23,02,0.02693711180124225,S3_select,55,207.34333333333333,0.09666666666666666,29,300
ende23,02,0.02693711180124225,S3_select,73,245.25,0.08666666666666667,26,300
ende23,02,0.02693711180124225,S3_select,98,292.07666666666665,0.07666666666666666,23,300
ende23,02,0.02693711180124225,S3_select,130,358.4166666666667,0.06666666666666667,20,300
ende23,02,0.02693711180124225,S3_select,174,443.98333333333335,0.07333333333333333,22,300
ende23,02,0.02693711180124225,S3_select,231,560.0233333333333,0.05333333333333334,16,300
ende23,02,0.02693711180124225,S3_select,308,714.7833333333333,0.03666666666666667,11,300
ende23,02,0.02693711180124225,S3_select,410,884.1233333333333,0.0,0,300
ende23,02,0.02693711180124225,S4_select_or_abstain,10,117.16333333333333,0.13333333333333333,40,300
ende23,02,0.02693711180124225,S4_select_or_abstain,13,124.47,0.12333333333333334,37,300
ende23,02,0.02693711180124225,S4_select_or_abstain,17,131.83,0.11,33,300
ende23,02,0.02693711180124225,S4_select_or_abstain,23,145.15666666666667,0.10333333333333333,31,300
ende23,02,0.02693711180124225,S4_select_or_abstain,31,159.39,0.08,24,300
ende23,02,0.02693711180124225,S4_select_or_abstain,41,179.77,0.14,42,300
ende23,02,0.02693711180124225,S4_select_or_abstain,55,207.34333333333333,0.09666666666666666,29,300
ende23,02,0.02693711180124225,S4_select_or_abstain,73,245.25,0.08666666666666667,26,300
ende23,02,0.02693711180124225,S4_select_or_abstain,98,292.07666666666665,0.07666666666666666,23,300
ende23,02,0.02693711180124225,S4_select_or_abstain,130,358.4166666666667,0.06666666666666667,20,300
ende23,02,0.02693711180124225,S4_select_or_abstain,174,443.98333333333335,0.07333333333333333,22,300
ende23,02,0.02693711180124225,S4_select_or_abstain,231,560.0233333333333,0.05333333333333334,16,300
ende23,02,0.02693711180124225,S4_select_or_abstain,308,714.7833333333333,0.03666666666666667,11,300
ende23,02,0.02693711180124225,S4_select_or_abstain,410,884.1233333333333,0.0,0,300
ende23,03,0.04864863354037272,S1_design,10,116.96666666666667,0.18666666666666668,56,300
ende23,03,0.04864863354037272,S1_design,13,124.3,0.16,48,300
ende23,03,0.04864863354037272,S1_design,17,131.5,0.12,36,300
ende23,03,0.04864863354037272,S1_design,23,144.85333333333332,0.11666666666666667,35,300
ende23,03,0.04864863354037272,S1_design,31,159.14666666666668,0.10666666666666667,32,300
ende23,03,0.04864863354037272,S1_design,41,179.47333333333333,0.12333333333333334,37,300
ende23,03,0.04864863354037272,S1_design,55,206.99333333333334,0.08,24,300
ende23,03,0.04864863354037272,S1_design,73,245.18666666666667,0.07666666666666666,23,300
ende23,03,0.04864863354037272,S1_design,98,291.6666666666667,0.05333333333333334,16,300
ende23,03,0.04864863354037272,S1_design,130,358.41333333333336,0.06666666666666667,20,300
ende23,03,0.04864863354037272,S1_design,174,444.06666666666666,0.04666666666666667,14,300
ende23,03,0.04864863354037272,S1_design,231,559.7266666666667,0.06,18,300
ende23,03,0.04864863354037272,S1_design,308,714.68,0.0033333333333333335,1,300
ende23,03,0.04864863354037272,S1_design,410,882.3066666666666,0.0,0,300
ende23,03,0.04864863354037272,S2_fixed,10,116.96666666666667,0.15666666666666668,47,300
ende23,03,0.04864863354037272,S2_fixed,13,124.3,0.15,45,300
ende23,03,0.04864863354037272,S2_fixed,17,131.5,0.09666666666666666,29,300
ende23,03,0.04864863354037272,S2_fixed,23,144.85333333333332,0.12666666666666668,38,300
ende23,03,0.04864863354037272,S2_fixed,31,159.14666666666668,0.09666666666666666,29,300
ende23,03,0.04864863354037272,S2_fixed,41,179.47333333333333,0.10666666666666667,32,300
ende23,03,0.04864863354037272,S2_fixed,55,206.99333333333334,0.06333333333333334,19,300
ende23,03,0.04864863354037272,S2_fixed,73,245.18666666666667,0.06666666666666667,20,300
ende23,03,0.04864863354037272,S2_fixed,98,291.6666666666667,0.043333333333333335,13,300
ende23,03,0.04864863354037272,S2_fixed,130,358.41333333333336,0.06,18,300
ende23,03,0.04864863354037272,S2_fixed,174,444.06666666666666,0.043333333333333335,13,300
ende23,03,0.04864863354037272,S2_fixed,231,559.7266666666667,0.06333333333333334,19,300
ende23,03,0.04864863354037272,S2_fixed,308,714.68,0.006666666666666667,2,300
ende23,03,0.04864863354037272,S2_fixed,410,882.3066666666666,0.0,0,300
ende23,03,0.04864863354037272,S3_select,10,116.96666666666667,0.14666666666666667,44,300
ende23,03,0.04864863354037272,S3_select,13,124.3,0.10666666666666667,32,300
ende23,03,0.04864863354037272,S3_select,17,131.5,0.09666666666666666,29,300
ende23,03,0.04864863354037272,S3_select,23,144.85333333333332,0.10333333333333333,31,300
ende23,03,0.04864863354037272,S3_select,31,159.14666666666668,0.09,27,300
ende23,03,0.04864863354037272,S3_select,41,179.47333333333333,0.14,42,300
ende23,03,0.04864863354037272,S3_select,55,206.99333333333334,0.07666666666666666,23,300
ende23,03,0.04864863354037272,S3_select,73,245.18666666666667,0.06666666666666667,20,300
ende23,03,0.04864863354037272,S3_select,98,291.6666666666667,0.06666666666666667,20,300
ende23,03,0.04864863354037272,S3_select,130,358.41333333333336,0.07333333333333333,22,300
ende23,03,0.04864863354037272,S3_select,174,444.06666666666666,0.04666666666666667,14,300
ende23,03,0.04864863354037272,S3_select,231,559.7266666666667,0.056666666666666664,17,300
ende23,03,0.04864863354037272,S3_select,308,714.68,0.006666666666666667,2,300
ende23,03,0.04864863354037272,S3_select,410,882.3066666666666,0.0,0,300
ende23,03,0.04864863354037272,S4_select_or_abstain,10,116.96666666666667,0.14333333333333334,43,300
ende23,03,0.04864863354037272,S4_select_or_abstain,13,124.3,0.10666666666666667,32,300
ende23,03,0.04864863354037272,S4_select_or_abstain,17,131.5,0.09666666666666666,29,300
ende23,03,0.04864863354037272,S4_select_or_abstain,23,144.85333333333332,0.10333333333333333,31,300
ende23,03,0.04864863354037272,S4_select_or_abstain,31,159.14666666666668,0.09,27,300
ende23,03,0.04864863354037272,S4_select_or_abstain,41,179.47333333333333,0.14,42,300
ende23,03,0.04864863354037272,S4_select_or_abstain,55,206.99333333333334,0.07666666666666666,23,300
ende23,03,0.04864863354037272,S4_select_or_abstain,73,245.18666666666667,0.06666666666666667,20,300
ende23,03,0.04864863354037272,S4_select_or_abstain,98,291.6666666666667,0.06666666666666667,20,300
ende23,03,0.04864863354037272,S4_select_or_abstain,130,358.41333333333336,0.07333333333333333,22,300
ende23,03,0.04864863354037272,S4_select_or_abstain,174,444.06666666666666,0.04666666666666667,14,300
ende23,03,0.04864863354037272,S4_select_or_abstain,231,559.7266666666667,0.056666666666666664,17,300
ende23,03,0.04864863354037272,S4_select_or_abstain,308,714.68,0.006666666666666667,2,300
ende23,03,0.04864863354037272,S4_select_or_abstain,410,882.3066666666666,0.0,0,300
ende23,04,0.04973962732919243,S1_design,10,116.66333333333333,0.20333333333333334,61,300
ende23,04,0.04973962732919243,S1_design,13,124.19,0.15666666666666668,47,300
ende23,04,0.04973962732919243,S1_design,17,131.23666666666668,0.14,42,300
ende23,04,0.04973962732919243,S1_design,23,144.51666666666668,0.12333333333333334,37,300
ende23,04,0.04973962732919243,S1_design,31,159.05666666666667,0.10666666666666667,32,300
ende23,04,0.04973962732919243,S1_design,41,179.25,0.11333333333333333,34,300
ende23,04,0.04973962732919243,S1_design,55,206.75,0.1,30,300
ende23,04,0.04973962732919243,S1_design,73,245.00333333333333,0.11666666666666667,35,300
ende23,04,0.04973962732919243,S1_design,98,291.59,0.05333333333333334,16,300
ende23,04,0.04973962732919243,S1_design,130,358.45,0.05,15,300
ende23,04,0.04973962732919243,S1_design,174,444.01,0.023333333333333334,7,300
ende23,04,0.04973962732919243,S1_design,231,559.6766666666666,0.02666666666666667,8,300
ende23,04,0.04973962732919243,S1_design,308,714.5633333333334,0.013333333333333334,4,300
ende23,04,0.04973962732919243,S1_design,410,876.5166666666667,0.0,0,300
ende23,04,0.04973962732919243,S2_fixed,10,116.66333333333333,0.18,54,300
ende23,04,0.04973962732919243,S2_fixed,13,124.19,0.14333333333333334,43,300
ende23,04,0.04973962732919243,S2_fixed,17,131.23666666666668,0.12333333333333334,37,300
ende23,04,0.04973962732919243,S2_fixed,23,144.51666666666668,0.11333333333333333,34,300
ende23,04,0.04973962732919243,S2_fixed,31,159.05666666666667,0.09666666666666666,29,300
ende23,04,0.04973962732919243,S2_fixed,41,179.25,0.09333333333333334,28,300
ende23,04,0.04973962732919243,S2_fixed,55,206.75,0.09666666666666666,29,300
ende23,04,0.04973962732919243,S2_fixed,73,245.00333333333333,0.09666666666666666,29,300
ende23,04,0.04973962732919243,S2_fixed,98,291.59,0.043333333333333335,13,300
ende23,04,0.04973962732919243,S2_fixed,130,358.45,0.03666666666666667,11,300
ende23,04,0.04973962732919243,S2_fixed,174,444.01,0.03333333333333333,10,300
ende23,04,0.04973962732919243,S2_fixed,231,559.6766666666666,0.02666666666666667,8,300
ende23,04,0.04973962732919243,S2_fixed,308,714.5633333333334,0.01,3,300
ende23,04,0.04973962732919243,S2_fixed,410,876.5166666666667,0.0,0,300
ende23,04,0.04973962732919243,S3_select,10,116.66333333333333,0.11666666666666667,35,300
ende23,04,0.04973962732919243,S3_select,13,124.19,0.12666666666666668,38,300
ende23,04,0.04973962732919243,S3_select,17,131.23666666666668,0.12333333333333334,37,300
ende23,04,0.04973962732919243,S3_select,23,144.51666666666668,0.07,21,300
ende23,04,0.04973962732919243,S3_select,31,159.05666666666667,0.1,30,300
ende23,04,0.04973962732919243,S3_select,41,179.25,0.09,27,300
ende23,04,0.04973962732919243,S3_select,55,206.75,0.08333333333333333,25,300
ende23,04,0.04973962732919243,S3_select,73,245.00333333333333,0.08333333333333333,25,300
ende23,04,0.04973962732919243,S3_select,98,291.59,0.05333333333333334,16,300
ende23,04,0.04973962732919243,S3_select,130,358.45,0.04666666666666667,14,300
ende23,04,0.04973962732919243,S3_select,174,444.01,0.02,6,300
ende23,04,0.04973962732919243,S3_select,231,559.6766666666666,0.016666666666666666,5,300
ende23,04,0.04973962732919243,S3_select,308,714.5633333333334,0.01,3,300
ende23,04,0.04973962732919243,S3_select,410,876.5166666666667,0.0,0,300
ende23,04,0.04973962732919243,S4_select_or_abstain,10,116.66333333333333,0.11666666666666667,35,300
ende23,04,0.04973962732919243,S4_select_or_abstain,13,124.19,0.12666666666666668,38,300
ende23,04,0.04973962732919243,S4_select_or_abstain,17,131.23666666666668,0.12333333333333334,37,300
ende23,04,0.04973962732919243,S4_select_or_abstain,23,144.51666666666668,0.07,21,300
ende23,04,0.04973962732919243,S4_select_or_abstain,31,159.05666666666667,0.1,30,300
ende23,04,0.04973962732919243,S4_select_or_abstain,41,179.25,0.09,27,300
ende23,04,0.04973962732919243,S4_select_or_abstain,55,206.75,0.08333333333333333,25,300
ende23,04,0.04973962732919243,S4_select_or_abstain,73,245.00333333333333,0.08333333333333333,25,300
ende23,04,0.04973962732919243,S4_select_or_abstain,98,291.59,0.05333333333333334,16,300
ende23,04,0.04973962732919243,S4_select_or_abstain,130,358.45,0.04666666666666667,14,300
ende23,04,0.04973962732919243,S4_select_or_abstain,174,444.01,0.02,6,300
ende23,04,0.04973962732919243,S4_select_or_abstain,231,559.6766666666666,0.016666666666666666,5,300
ende23,04,0.04973962732919243,S4_select_or_abstain,308,714.5633333333334,0.01,3,300
ende23,04,0.04973962732919243,S4_select_or_abstain,410,876.5166666666667,0.0,0,300
ende23,05,0.07813136645962748,S1_design,10,117.49,0.19666666666666666,59,300
ende23,05,0.07813136645962748,S1_design,13,124.83666666666667,0.15666666666666668,47,300
ende23,05,0.07813136645962748,S1_design,17,132.08333333333334,0.12666666666666668,38,300
ende23,05,0.07813136645962748,S1_design,23,145.61,0.09666666666666666,29,300
ende23,05,0.07813136645962748,S1_design,31,159.71666666666667,0.13666666666666666,41,300
ende23,05,0.07813136645962748,S1_design,41,180.20333333333335,0.11666666666666667,35,300
ende23,05,0.07813136645962748,S1_design,55,207.63666666666666,0.09,27,300
ende23,05,0.07813136645962748,S1_design,73,245.73666666666668,0.08666666666666667,26,300
ende23,05,0.07813136645962748,S1_design,98,292.47,0.06,18,300
ende23,05,0.07813136645962748,S1_design,130,358.97,0.023333333333333334,7,300
ende23,05,0.07813136645962748,S1_design,174,444.62333333333333,0.02666666666666667,8,300
ende23,05,0.07813136645962748,S1_design,231,560.1633333333333,0.013333333333333334,4,300
ende23,05,0.07813136645962748,S1_design,308,714.9233333333333,0.0033333333333333335,1,300
ende23,05,0.07813136645962748,S1_design,410,889.7366666666667,0.0,0,300
ende23,05,0.07813136645962748,S2_fixed,10,117.49,0.17666666666666667,53,300
ende23,05,0.07813136645962748,S2_fixed,13,124.83666666666667,0.12333333333333334,37,300
ende23,05,0.07813136645962748,S2_fixed,17,132.08333333333334,0.11666666666666667,35,300
ende23,05,0.07813136645962748,S2_fixed,23,145.61,0.09333333333333334,28,300
ende23,05,0.07813136645962748,S2_fixed,31,159.71666666666667,0.11666666666666667,35,300
ende23,05,0.07813136645962748,S2_fixed,41,180.20333333333335,0.10333333333333333,31,300
ende23,05,0.07813136645962748,S2_fixed,55,207.63666666666666,0.07,21,300
ende23,05,0.07813136645962748,S2_fixed,73,245.73666666666668,0.05333333333333334,16,300
ende23,05,0.07813136645962748,S2_fixed,98,292.47,0.05333333333333334,16,300
ende23,05,0.07813136645962748,S2_fixed,130,358.97,0.03666666666666667,11,300
ende23,05,0.07813136645962748,S2_fixed,174,444.62333333333333,0.02,6,300
ende23,05,0.07813136645962748,S2_fixed,231,560.1633333333333,0.006666666666666667,2,300
ende23,05,0.07813136645962748,S2_fixed,308,714.9233333333333,0.0,0,300
ende23,05,0.07813136645962748,S2_fixed,410,889.7366666666667,0.0,0,300
ende23,05,0.07813136645962748,S3_select,10,117.49,0.08666666666666667,26,300
ende23,05,0.07813136645962748,S3_select,13,124.83666666666667,0.11,33,300
ende23,05,0.07813136645962748,S3_select,17,132.08333333333334,0.09333333333333334,28,300
ende23,05,0.07813136645962748,S3_select,23,145.61,0.07333333333333333,22,300
ende23,05,0.07813136645962748,S3_select,31,159.71666666666667,0.07333333333333333,22,300
ende23,05,0.07813136645962748,S3_select,41,180.20333333333335,0.07666666666666666,23,300
ende23,05,0.07813136645962748,S3_select,55,207.63666666666666,0.06666666666666667,20,300
ende23,05,0.07813136645962748,S3_select,73,245.73666666666668,0.04666666666666667,14,300
ende23,05,0.07813136645962748,S3_select,98,292.47,0.02666666666666667,8,300
ende23,05,0.07813136645962748,S3_select,130,358.97,0.03333333333333333,10,300
ende23,05,0.07813136645962748,S3_select,174,444.62333333333333,0.023333333333333334,7,300
ende23,05,0.07813136645962748,S3_select,231,560.1633333333333,0.013333333333333334,4,300
ende23,05,0.07813136645962748,S3_select,308,714.9233333333333,0.0,0,300
ende23,05,0.07813136645962748,S3_select,410,889.7366666666667,0.0,0,300
ende23,05,0.07813136645962748,S4_select_or_abstain,10,117.49,0.08666666666666667,26,300
ende23,05,0.07813136645962748,S4_select_or_abstain,13,124.83666666666667,0.11,33,300
ende23,05,0.07813136645962748,S4_select_or_abstain,17,132.08333333333334,0.09333333333333334,28,300
ende23,05,0.07813136645962748,S4_select_or_abstain,23,145.61,0.07333333333333333,22,300
ende23,05,0.07813136645962748,S4_select_or_abstain,31,159.71666666666667,0.07333333333333333,22,300
ende23,05,0.07813136645962748,S4_select_or_abstain,41,180.20333333333335,0.07666666666666666,23,300
ende23,05,0.07813136645962748,S4_select_or_abstain,55,207.63666666666666,0.06666666666666667,20,300
ende23,05,0.07813136645962748,S4_select_or_abstain,73,245.73666666666668,0.04666666666666667,14,300
ende23,05,0.07813136645962748,S4_select_or_abstain,98,292.47,0.02666666666666667,8,300
ende23,05,0.07813136645962748,S4_select_or_abstain,130,358.97,0.03333333333333333,10,300
ende23,05,0.07813136645962748,S4_select_or_abstain,174,444.62333333333333,0.023333333333333334,7,300
ende23,05,0.07813136645962748,S4_select_or_abstain,231,560.1633333333333,0.013333333333333334,4,300
ende23,05,0.07813136645962748,S4_select_or_abstain,308,714.9233333333333,0.0,0,300
ende23,05,0.07813136645962748,S4_select_or_abstain,410,889.7366666666667,0.0,0,300
ende23,12,0.024127826086956503,S1_design,10,115.53666666666666,0.17333333333333334,52,300
ende23,12,0.024127826086956503,S1_design,13,122.89,0.11,33,300
ende23,12,0.024127826086956503,S1_design,17,129.86333333333334,0.08333333333333333,25,300
ende23,12,0.024127826086956503,S1_design,23,143.03666666666666,0.14333333333333334,43,300
ende23,12,0.024127826086956503,S1_design,31,157.65666666666667,0.09,27,300
ende23,12,0.024127826086956503,S1_design,41,178.05,0.14666666666666667,44,300
ende23,12,0.024127826086956503,S1_design,55,205.68333333333334,0.11333333333333333,34,300
ende23,12,0.024127826086956503,S1_design,73,243.71666666666667,0.10666666666666667,32,300
ende23,12,0.024127826086956503,S1_design,98,290.04333333333335,0.09333333333333334,28,300
ende23,12,0.024127826086956503,S1_design,130,357.21666666666664,0.05,15,300
ende23,12,0.024127826086956503,S1_design,174,442.10333333333335,0.05,15,300
ende23,12,0.024127826086956503,S1_design,231,558.0233333333333,0.07666666666666666,23,300
ende23,12,0.024127826086956503,S1_design,308,712.6833333333333,0.03333333333333333,10,300
ende23,12,0.024127826086956503,S1_design,410,857.7433333333333,0.0,0,300
ende23,12,0.024127826086956503,S2_fixed,10,115.53666666666666,0.16,48,300
ende23,12,0.024127826086956503,S2_fixed,13,122.89,0.12666666666666668,38,300
ende23,12,0.024127826086956503,S2_fixed,17,129.86333333333334,0.09,27,300
ende23,12,0.024127826086956503,S2_fixed,23,143.03666666666666,0.13333333333333333,40,300
ende23,12,0.024127826086956503,S2_fixed,31,157.65666666666667,0.09,27,300
ende23,12,0.024127826086956503,S2_fixed,41,178.05,0.12333333333333334,37,300
ende23,12,0.024127826086956503,S2_fixed,55,205.68333333333334,0.1,30,300
ende23,12,0.024127826086956503,S2_fixed,73,243.71666666666667,0.11,33,300
ende23,12,0.024127826086956503,S2_fixed,98,290.04333333333335,0.07666666666666666,23,300
ende23,12,0.024127826086956503,S2_fixed,130,357.21666666666664,0.05333333333333334,16,300
ende23,12,0.024127826086956503,S2_fixed,174,442.10333333333335,0.04,12,300
ende23,12,0.024127826086956503,S2_fixed,231,558.0233333333333,0.08666666666666667,26,300
ende23,12,0.024127826086956503,S2_fixed,308,712.6833333333333,0.03,9,300
ende23,12,0.024127826086956503,S2_fixed,410,857.7433333333333,0.0,0,300
ende23,12,0.024127826086956503,S3_select,10,115.53666666666666,0.14666666666666667,44,300
ende23,12,0.024127826086956503,S3_select,13,122.89,0.14333333333333334,43,300
ende23,12,0.024127826086956503,S3_select,17,129.86333333333334,0.12,36,300
ende23,12,0.024127826086956503,S3_select,23,143.03666666666666,0.13666666666666666,41,300
ende23,12,0.024127826086956503,S3_select,31,157.65666666666667,0.08333333333333333,25,300
ende23,12,0.024127826086956503,S3_select,41,178.05,0.12666666666666668,38,300
ende23,12,0.024127826086956503,S3_select,55,205.68333333333334,0.09,27,300
ende23,12,0.024127826086956503,S3_select,73,243.71666666666667,0.10333333333333333,31,300
ende23,12,0.024127826086956503,S3_select,98,290.04333333333335,0.08,24,300
ende23,12,0.024127826086956503,S3_select,130,357.21666666666664,0.06666666666666667,20,300
ende23,12,0.024127826086956503,S3_select,174,442.10333333333335,0.04666666666666667,14,300
ende23,12,0.024127826086956503,S3_select,231,558.0233333333333,0.08,24,300
ende23,12,0.024127826086956503,S3_select,308,712.6833333333333,0.04,12,300
ende23,12,0.024127826086956503,S3_select,410,857.7433333333333,0.0,0,300
ende23,12,0.024127826086956503,S4_select_or_abstain,10,115.53666666666666,0.14666666666666667,44,300
ende23,12,0.024127826086956503,S4_select_or_abstain,13,122.89,0.14333333333333334,43,300
ende23,12,0.024127826086956503,S4_select_or_abstain,17,129.86333333333334,0.12,36,300
ende23,12,0.024127826086956503,S4_select_or_abstain,23,143.03666666666666,0.13666666666666666,41,300
ende23,12,0.024127826086956503,S4_select_or_abstain,31,157.65666666666667,0.08333333333333333,25,300
ende23,12,0.024127826086956503,S4_select_or_abstain,41,178.05,0.12666666666666668,38,300
ende23,12,0.024127826086956503,S4_select_or_abstain,55,205.68333333333334,0.09,27,300
ende23,12,0.024127826086956503,S4_select_or_abstain,73,243.71666666666667,0.10333333333333333,31,300
ende23,12,0.024127826086956503,S4_select_or_abstain,98,290.04333333333335,0.08,24,300
ende23,12,0.024127826086956503,S4_select_or_abstain,130,357.21666666666664,0.06666666666666667,20,300
ende23,12,0.024127826086956503,S4_select_or_abstain,174,442.10333333333335,0.04666666666666667,14,300
ende23,12,0.024127826086956503,S4_select_or_abstain,231,558.0233333333333,0.08,24,300
ende23,12,0.024127826086956503,S4_select_or_abstain,308,712.6833333333333,0.04,12,300
ende23,12,0.024127826086956503,S4_select_or_abstain,410,857.7433333333333,0.0,0,300
ende23,13,0.04583934782608703,S1_design,10,116.45666666666666,0.17666666666666667,53,300
ende23,13,0.04583934782608703,S1_design,13,123.55,0.13333333333333333,40,300
ende23,13,0.04583934782608703,S1_design,17,130.68333333333334,0.09666666666666666,29,300
ende23,13,0.04583934782608703,S1_design,23,144.15,0.14,42,300
ende23,13,0.04583934782608703,S1_design,31,158.75666666666666,0.08666666666666667,26,300
ende23,13,0.04583934782608703,S1_design,41,178.95,0.11333333333333333,34,300
ende23,13,0.04583934782608703,S1_design,55,206.55666666666667,0.10666666666666667,32,300
ende23,13,0.04583934782608703,S1_design,73,244.69666666666666,0.10666666666666667,32,300
ende23,13,0.04583934782608703,S1_design,98,290.8433333333333,0.07,21,300
ende23,13,0.04583934782608703,S1_design,130,357.98333333333335,0.056666666666666664,17,300
ende23,13,0.04583934782608703,S1_design,174,443.0833333333333,0.03,9,300
ende23,13,0.04583934782608703,S1_design,231,558.59,0.03666666666666667,11,300
ende23,13,0.04583934782608703,S1_design,308,713.4833333333333,0.013333333333333334,4,300
ende23,13,0.04583934782608703,S1_design,410,870.9233333333333,0.0,0,300
ende23,13,0.04583934782608703,S2_fixed,10,116.45666666666666,0.15666666666666668,47,300
ende23,13,0.04583934782608703,S2_fixed,13,123.55,0.11333333333333333,34,300
ende23,13,0.04583934782608703,S2_fixed,17,130.68333333333334,0.08666666666666667,26,300
ende23,13,0.04583934782608703,S2_fixed,23,144.15,0.13666666666666666,41,300
ende23,13,0.04583934782608703,S2_fixed,31,158.75666666666666,0.08666666666666667,26,300
ende23,13,0.04583934782608703,S2_fixed,41,178.95,0.07666666666666666,23,300
ende23,13,0.04583934782608703,S2_fixed,55,206.55666666666667,0.1,30,300
ende23,13,0.04583934782608703,S2_fixed,73,244.69666666666666,0.1,30,300
ende23,13,0.04583934782608703,S2_fixed,98,290.8433333333333,0.07,21,300
ende23,13,0.04583934782608703,S2_fixed,130,357.98333333333335,0.05,15,300
ende23,13,0.04583934782608703,S2_fixed,174,443.0833333333333,0.03333333333333333,10,300
ende23,13,0.04583934782608703,S2_fixed,231,558.59,0.03666666666666667,11,300
ende23,13,0.04583934782608703,S2_fixed,308,713.4833333333333,0.013333333333333334,4,300
ende23,13,0.04583934782608703,S2_fixed,410,870.9233333333333,0.0,0,300
ende23,13,0.04583934782608703,S3_select,10,116.45666666666666,0.15333333333333332,46,300
ende23,13,0.04583934782608703,S3_select,13,123.55,0.11666666666666667,35,300
ende23,13,0.04583934782608703,S3_select,17,130.68333333333334,0.11333333333333333,34,300
ende23,13,0.04583934782608703,S3_select,23,144.15,0.11,33,300
ende23,13,0.04583934782608703,S3_select,31,158.75666666666666,0.08666666666666667,26,300
ende23,13,0.04583934782608703,S3_select,41,178.95,0.09333333333333334,28,300
ende23,13,0.04583934782608703,S3_select,55,206.55666666666667,0.10666666666666667,32,300
ende23,13,0.04583934782608703,S3_select,73,244.69666666666666,0.09666666666666666,29,300
ende23,13,0.04583934782608703,S3_select,98,290.8433333333333,0.07,21,300
ende23,13,0.04583934782608703,S3_select,130,357.98333333333335,0.06333333333333334,19,300
ende23,13,0.04583934782608703,S3_select,174,443.0833333333333,0.04,12,300
ende23,13,0.04583934782608703,S3_select,231,558.59,0.04,12,300
ende23,13,0.04583934782608703,S3_select,308,713.4833333333333,0.013333333333333334,4,300
ende23,13,0.04583934782608703,S3_select,410,870.9233333333333,0.0,0,300
ende23,13,0.04583934782608703,S4_select_or_abstain,10,116.45666666666666,0.15333333333333332,46,300
ende23,13,0.04583934782608703,S4_select_or_abstain,13,123.55,0.11666666666666667,35,300
ende23,13,0.04583934782608703,S4_select_or_abstain,17,130.68333333333334,0.11333333333333333,34,300
ende23,13,0.04583934782608703,S4_select_or_abstain,23,144.15,0.10666666666666667,32,300
ende23,13,0.04583934782608703,S4_select_or_abstain,31,158.75666666666666,0.08666666666666667,26,300
ende23,13,0.04583934782608703,S4_select_or_abstain,41,178.95,0.09333333333333334,28,300
ende23,13,0.04583934782608703,S4_select_or_abstain,55,206.55666666666667,0.10666666666666667,32,300
ende23,13,0.04583934782608703,S4_select_or_abstain,73,244.69666666666666,0.09666666666666666,29,300
ende23,13,0.04583934782608703,S4_select_or_abstain,98,290.8433333333333,0.06666666666666667,20,300
ende23,13,0.04583934782608703,S4_select_or_abstain,130,357.98333333333335,0.06,18,300
ende23,13,0.04583934782608703,S4_select_or_abstain,174,443.0833333333333,0.04,12,300
ende23,13,0.04583934782608703,S4_select_or_abstain,231,558.59,0.03666666666666667,11,300
ende23,13,0.04583934782608703,S4_select_or_abstain,308,713.4833333333333,0.013333333333333334,4,300
ende23,13,0.04583934782608703,S4_select_or_abstain,410,870.9233333333333,0.0,0,300
ende23,14,0.046930341614906855,S1_design,10,115.79666666666667,0.19,57,300
ende23,14,0.046930341614906855,S1_design,13,122.94333333333333,0.15333333333333332,46,300
ende23,14,0.046930341614906855,S1_design,17,129.98333333333332,0.12333333333333334,37,300
ende23,14,0.046930341614906855,S1_design,23,143.31,0.11333333333333333,34,300
ende23,14,0.046930341614906855,S1_design,31,157.81,0.11,33,300
ende23,14,0.046930341614906855,S1_design,41,178.25,0.09,27,300
ende23,14,0.046930341614906855,S1_design,55,205.91,0.08,24,300
ende23,14,0.046930341614906855,S1_design,73,243.99,0.11666666666666667,35,300
ende23,14,0.046930341614906855,S1_design,98,290.36333333333334,0.09333333333333334,28,300
ende23,14,0.046930341614906855,S1_design,130,357.54333333333335,0.07,21,300
ende23,14,0.046930341614906855,S1_design,174,442.57666666666665,0.03666666666666667,11,300
ende23,14,0.046930341614906855,S1_design,231,558.15,0.043333333333333335,13,300
ende23,14,0.046930341614906855,S1_design,308,713.01,0.01,3,300
ende23,14,0.046930341614906855,S1_design,410,859.5566666666666,0.0,0,300
ende23,14,0.046930341614906855,S2_fixed,10,115.79666666666667,0.19,57,300
ende23,14,0.046930341614906855,S2_fixed,13,122.94333333333333,0.13666666666666666,41,300
ende23,14,0.046930341614906855,S2_fixed,17,129.98333333333332,0.12,36,300
ende23,14,0.046930341614906855,S2_fixed,23,143.31,0.08333333333333333,25,300
ende23,14,0.046930341614906855,S2_fixed,31,157.81,0.08333333333333333,25,300
ende23,14,0.046930341614906855,S2_fixed,41,178.25,0.08333333333333333,25,300
ende23,14,0.046930341614906855,S2_fixed,55,205.91,0.08,24,300
ende23,14,0.046930341614906855,S2_fixed,73,243.99,0.09,27,300
ende23,14,0.046930341614906855,S2_fixed,98,290.36333333333334,0.07666666666666666,23,300
ende23,14,0.046930341614906855,S2_fixed,130,357.54333333333335,0.06666666666666667,20,300
ende23,14,0.046930341614906855,S2_fixed,174,442.57666666666665,0.03,9,300
ende23,14,0.046930341614906855,S2_fixed,231,558.15,0.043333333333333335,13,300
ende23,14,0.046930341614906855,S2_fixed,308,713.01,0.0033333333333333335,1,300
ende23,14,0.046930341614906855,S2_fixed,410,859.5566666666666,0.0,0,300
ende23,14,0.046930341614906855,S3_select,10,115.79666666666667,0.17,51,300
ende23,14,0.046930341614906855,S3_select,13,122.94333333333333,0.12,36,300
ende23,14,0.046930341614906855,S3_select,17,129.98333333333332,0.1,30,300
ende23,14,0.046930341614906855,S3_select,23,143.31,0.10666666666666667,32,300
ende23,14,0.046930341614906855,S3_select,31,157.81,0.09666666666666666,29,300
ende23,14,0.046930341614906855,S3_select,41,178.25,0.07333333333333333,22,300
ende23,14,0.046930341614906855,S3_select,55,205.91,0.08666666666666667,26,300
ende23,14,0.046930341614906855,S3_select,73,243.99,0.09666666666666666,29,300
ende23,14,0.046930341614906855,S3_select,98,290.36333333333334,0.09,27,300
ende23,14,0.046930341614906855,S3_select,130,357.54333333333335,0.06,18,300
ende23,14,0.046930341614906855,S3_select,174,442.57666666666665,0.023333333333333334,7,300
ende23,14,0.046930341614906855,S3_select,231,558.15,0.023333333333333334,7,300
ende23,14,0.046930341614906855,S3_select,308,713.01,0.0033333333333333335,1,300
ende23,14,0.046930341614906855,S3_select,410,859.5566666666666,0.0,0,300
ende23,14,0.046930341614906855,S4_select_or_abstain,10,115.79666666666667,0.17,51,300
ende23,14,0.046930341614906855,S4_select_or_abstain,13,122.94333333333333,0.12,36,300
ende23,14,0.046930341614906855,S4_select_or_abstain,17,129.98333333333332,0.1,30,300
ende23,14,0.046930341614906855,S4_select_or_abstain,23,143.31,0.10666666666666667,32,300
ende23,14,0.046930341614906855,S4_select_or_abstain,31,157.81,0.09666666666666666,29,300
ende23,14,0.046930341614906855,S4_select_or_abstain,41,178.25,0.07333333333333333,22,300
ende23,14,0.046930341614906855,S4_select_or_abstain,55,205.91,0.08666666666666667,26,300
ende23,14,0.046930341614906855,S4_select_or_abstain,73,243.99,0.09666666666666666,29,300
ende23,14,0.046930341614906855,S4_select_or_abstain,98,290.36333333333334,0.09,27,300
ende23,14,0.046930341614906855,S4_select_or_abstain,130,357.54333333333335,0.06,18,300
ende23,14,0.046930341614906855,S4_select_or_abstain,174,442.57666666666665,0.023333333333333334,7,300
ende23,14,0.046930341614906855,S4_select_or_abstain,231,558.15,0.023333333333333334,7,300
ende23,14,0.046930341614906855,S4_select_or_abstain,308,713.01,0.0033333333333333335,1,300
ende23,14,0.046930341614906855,S4_select_or_abstain,410,859.5566666666666,0.0,0,300
ende23,15,0.07532208074534161,S1_design,10,117.81333333333333,0.21666666666666667,65,300
ende23,15,0.07532208074534161,S1_design,13,125.21333333333334,0.14333333333333334,43,300
ende23,15,0.07532208074534161,S1_design,17,132.14666666666668,0.12666666666666668,38,300
ende23,15,0.07532208074534161,S1_design,23,145.80666666666667,0.13,39,300
ende23,15,0.07532208074534161,S1_design,31,159.91333333333333,0.13333333333333333,40,300
ende23,15,0.07532208074534161,S1_design,41,180.34,0.12333333333333334,37,300
ende23,15,0.07532208074534161,S1_design,55,208.08,0.1,30,300
ende23,15,0.07532208074534161,S1_design,73,246.04666666666665,0.07,21,300
ende23,15,0.07532208074534161,S1_design,98,292.87333333333333,0.09333333333333334,28,300
ende23,15,0.07532208074534161,S1_design,130,359.46666666666664,0.05333333333333334,16,300
ende23,15,0.07532208074534161,S1_design,174,444.84,0.023333333333333334,7,300
ende23,15,0.07532208074534161,S1_design,231,560.1266666666667,0.016666666666666666,5,300
ende23,15,0.07532208074534161,S1_design,308,715.32,0.0033333333333333335,1,300
ende23,15,0.07532208074534161,S1_design,410,895.4333333333333,0.0,0,300
ende23,15,0.07532208074534161,S2_fixed,10,117.81333333333333,0.18333333333333332,55,300
ende23,15,0.07532208074534161,S2_fixed,13,125.21333333333334,0.13666666666666666,41,300
ende23,15,0.07532208074534161,S2_fixed,17,132.14666666666668,0.12333333333333334,37,300
ende23,15,0.07532208074534161,S2_fixed,23,145.80666666666667,0.13,39,300
ende23,15,0.07532208074534161,S2_fixed,31,159.91333333333333,0.11,33,300
ende23,15,0.07532208074534161,S2_fixed,41,180.34,0.12,36,300
ende23,15,0.07532208074534161,S2_fixed,55,208.08,0.10333333333333333,31,300
ende23,15,0.07532208074534161,S2_fixed,73,246.04666666666665,0.05333333333333334,16,300
ende23,15,0.07532208074534161,S2_fixed,98,292.87333333333333,0.07333333333333333,22,300
ende23,15,0.07532208074534161,S2_fixed,130,359.46666666666664,0.04,12,300
ende23,15,0.07532208074534161,S2_fixed,174,444.84,0.02666666666666667,8,300
ende23,15,0.07532208074534161,S2_fixed,231,560.1266666666667,0.02,6,300
ende23,15,0.07532208074534161,S2_fixed,308,715.32,0.0,0,300
ende23,15,0.07532208074534161,S2_fixed,410,895.4333333333333,0.0,0,300
ende23,15,0.07532208074534161,S3_select,10,117.81333333333333,0.10333333333333333,31,300
ende23,15,0.07532208074534161,S3_select,13,125.21333333333334,0.13,39,300
ende23,15,0.07532208074534161,S3_select,17,132.14666666666668,0.08666666666666667,26,300
ende23,15,0.07532208074534161,S3_select,23,145.80666666666667,0.08,24,300
ende23,15,0.07532208074534161,S3_select,31,159.91333333333333,0.09,27,300
ende23,15,0.07532208074534161,S3_select,41,180.34,0.08333333333333333,25,300
ende23,15,0.07532208074534161,S3_select,55,208.08,0.06666666666666667,20,300
ende23,15,0.07532208074534161,S3_select,73,246.04666666666665,0.06,18,300
ende23,15,0.07532208074534161,S3_select,98,292.87333333333333,0.05,15,300
ende23,15,0.07532208074534161,S3_select,130,359.46666666666664,0.03666666666666667,11,300
ende23,15,0.07532208074534161,S3_select,174,444.84,0.02,6,300
ende23,15,0.07532208074534161,S3_select,231,560.1266666666667,0.016666666666666666,5,300
ende23,15,0.07532208074534161,S3_select,308,715.32,0.0,0,300
ende23,15,0.07532208074534161,S3_select,410,895.4333333333333,0.0,0,300
ende23,15,0.07532208074534161,S4_select_or_abstain,10,117.81333333333333,0.10333333333333333,31,300
ende23,15,0.07532208074534161,S4_select_or_abstain,13,125.21333333333334,0.13,39,300
ende23,15,0.07532208074534161,S4_select_or_abstain,17,132.14666666666668,0.08666666666666667,26,300
ende23,15,0.07532208074534161,S4_select_or_abstain,23,145.80666666666667,0.08,24,300
ende23,15,0.07532208074534161,S4_select_or_abstain,31,159.91333333333333,0.09,27,300
ende23,15,0.07532208074534161,S4_select_or_abstain,41,180.34,0.08333333333333333,25,300
ende23,15,0.07532208074534161,S4_select_or_abstain,55,208.08,0.06666666666666667,20,300
ende23,15,0.07532208074534161,S4_select_or_abstain,73,246.04666666666665,0.06,18,300
ende23,15,0.07532208074534161,S4_select_or_abstain,98,292.87333333333333,0.05,15,300
ende23,15,0.07532208074534161,S4_select_or_abstain,130,359.46666666666664,0.03666666666666667,11,300
ende23,15,0.07532208074534161,S4_select_or_abstain,174,444.84,0.02,6,300
ende23,15,0.07532208074534161,S4_select_or_abstain,231,560.1266666666667,0.016666666666666666,5,300
ende23,15,0.07532208074534161,S4_select_or_abstain,308,715.32,0.0,0,300
ende23,15,0.07532208074534161,S4_select_or_abstain,410,895.4333333333333,0.0,0,300
ende23,23,0.021711521739130473,S1_design,10,114.22333333333333,0.15666666666666668,47,300
ende23,23,0.021711521739130473,S1_design,13,121.22333333333333,0.11,33,300
ende23,23,0.021711521739130473,S1_design,17,128.56333333333333,0.10666666666666667,32,300
ende23,23,0.021711521739130473,S1_design,23,141.47666666666666,0.10666666666666667,32,300
ende23,23,0.021711521739130473,S1_design,31,156.25,0.08666666666666667,26,300
ende23,23,0.021711521739130473,S1_design,41,177.20333333333335,0.13,39,300
ende23,23,0.021711521739130473,S1_design,55,204.15,0.07666666666666666,23,300
ende23,23,0.021711521739130473,S1_design,73,242.24333333333334,0.08666666666666667,26,300
ende23,23,0.021711521739130473,S1_design,98,288.69,0.10333333333333333,31,300
ende23,23,0.021711521739130473,S1_design,130,355.83666666666664,0.09666666666666666,29,300
ende23,23,0.021711521739130473,S1_design,174,441.66333333333336,0.06666666666666667,20,300
ende23,23,0.021711521739130473,S1_design,231,556.2566666666667,0.05,15,300
ende23,23,0.021711521739130473,S1_design,308,711.0366666666666,0.04666666666666667,14,300
ende23,23,0.021711521739130473,S1_design,410,831.2166666666667,0.0,0,300
ende23,23,0.021711521739130473,S2_fixed,10,114.22333333333333,0.13333333333333333,40,300
ende23,23,0.021711521739130473,S2_fixed,13,121.22333333333333,0.11666666666666667,35,300
ende23,23,0.021711521739130473,S2_fixed,17,128.56333333333333,0.09666666666666666,29,300
ende23,23,0.021711521739130473,S2_fixed,23,141.47666666666666,0.11,33,300
ende23,23,0.021711521739130473,S2_fixed,31,156.25,0.07333333333333333,22,300
ende23,23,0.021711521739130473,S2_fixed,41,177.20333333333335,0.11666666666666667,35,300
ende23,23,0.021711521739130473,S2_fixed,55,204.15,0.06666666666666667,20,300
ende23,23,0.021711521739130473,S2_fixed,73,242.24333333333334,0.09,27,300
ende23,23,0.021711521739130473,S2_fixed,98,288.69,0.09333333333333334,28,300
ende23,23,0.021711521739130473,S2_fixed,130,355.83666666666664,0.09333333333333334,28,300
ende23,23,0.021711521739130473,S2_fixed,174,441.66333333333336,0.06333333333333334,19,300
ende23,23,0.021711521739130473,S2_fixed,231,556.2566666666667,0.043333333333333335,13,300
ende23,23,0.021711521739130473,S2_fixed,308,711.0366666666666,0.03666666666666667,11,300
ende23,23,0.021711521739130473,S2_fixed,410,831.2166666666667,0.0,0,300
ende23,23,0.021711521739130473,S3_select,10,114.22333333333333,0.09333333333333334,28,300
ende23,23,0.021711521739130473,S3_select,13,121.22333333333333,0.09666666666666666,29,300
ende23,23,0.021711521739130473,S3_select,17,128.56333333333333,0.08666666666666667,26,300
ende23,23,0.021711521739130473,S3_select,23,141.47666666666666,0.10666666666666667,32,300
ende23,23,0.021711521739130473,S3_select,31,156.25,0.08333333333333333,25,300
ende23,23,0.021711521739130473,S3_select,41,177.20333333333335,0.11333333333333333,34,300
ende23,23,0.021711521739130473,S3_select,55,204.15,0.06666666666666667,20,300
ende23,23,0.021711521739130473,S3_select,73,242.24333333333334,0.1,30,300
ende23,23,0.021711521739130473,S3_select,98,288.69,0.07666666666666666,23,300
ende23,23,0.021711521739130473,S3_select,130,355.83666666666664,0.10333333333333333,31,300
ende23,23,0.021711521739130473,S3_select,174,441.66333333333336,0.06666666666666667,20,300
ende23,23,0.021711521739130473,S3_select,231,556.2566666666667,0.056666666666666664,17,300
ende23,23,0.021711521739130473,S3_select,308,711.0366666666666,0.05,15,300
ende23,23,0.021711521739130473,S3_select,410,831.2166666666667,0.0,0,300
ende23,23,0.021711521739130473,S4_select_or_abstain,10,114.22333333333333,0.09,27,300
ende23,23,0.021711521739130473,S4_select_or_abstain,13,121.22333333333333,0.09666666666666666,29,300
ende23,23,0.021711521739130473,S4_select_or_abstain,17,128.56333333333333,0.08666666666666667,26,300
ende23,23,0.021711521739130473,S4_select_or_abstain,23,141.47666666666666,0.10666666666666667,32,300
ende23,23,0.021711521739130473,S4_select_or_abstain,31,156.25,0.08333333333333333,25,300
ende23,23,0.021711521739130473,S4_select_or_abstain,41,177.20333333333335,0.11333333333333333,34,300
ende23,23,0.021711521739130473,S4_select_or_abstain,55,204.15,0.06666666666666667,20,300
ende23,23,0.021711521739130473,S4_select_or_abstain,73,242.24333333333334,0.1,30,300
ende23,23,0.021711521739130473,S4_select_or_abstain,98,288.69,0.07666666666666666,23,300
ende23,23,0.021711521739130473,S4_select_or_abstain,130,355.83666666666664,0.10666666666666667,32,300
ende23,23,0.021711521739130473,S4_select_or_abstain,174,441.66333333333336,0.06666666666666667,20,300
ende23,23,0.021711521739130473,S4_select_or_abstain,231,556.2566666666667,0.056666666666666664,17,300
ende23,23,0.021711521739130473,S4_select_or_abstain,308,711.0366666666666,0.05,15,300
ende23,23,0.021711521739130473,S4_select_or_abstain,410,831.2166666666667,0.0,0,300
ende23,24,0.022802515527950356,S1_design,10,113.98333333333333,0.16666666666666666,50,300
ende23,24,0.022802515527950356,S1_design,13,120.83,0.14333333333333334,43,300
ende23,24,0.022802515527950356,S1_design,17,128.31,0.11666666666666667,35,300
ende23,24,0.022802515527950356,S1_design,23,141.21,0.12,36,300
ende23,24,0.022802515527950356,S1_design,31,155.81,0.08333333333333333,25,300
ende23,24,0.022802515527950356,S1_design,41,176.43,0.10333333333333333,31,300
ende23,24,0.022802515527950356,S1_design,55,203.92333333333335,0.06333333333333334,19,300
ende23,24,0.022802515527950356,S1_design,73,241.85,0.09666666666666666,29,300
ende23,24,0.022802515527950356,S1_design,98,288.6766666666667,0.06666666666666667,20,300
ende23,24,0.022802515527950356,S1_design,130,355.36333333333334,0.06333333333333334,19,300
ende23,24,0.022802515527950356,S1_design,174,441.71666666666664,0.04666666666666667,14,300
ende23,24,0.022802515527950356,S1_design,231,556.65,0.04666666666666667,14,300
ende23,24,0.022802515527950356,S1_design,308,710.8033333333333,0.05,15,300
ende23,24,0.022802515527950356,S1_design,410,829.4033333333333,0.0,0,300
ende23,24,0.022802515527950356,S2_fixed,10,113.98333333333333,0.11666666666666667,35,300
ende23,24,0.022802515527950356,S2_fixed,13,120.83,0.13,39,300
ende23,24,0.022802515527950356,S2_fixed,17,128.31,0.11333333333333333,34,300
ende23,24,0.022802515527950356,S2_fixed,23,141.21,0.10333333333333333,31,300
ende23,24,0.022802515527950356,S2_fixed,31,155.81,0.07666666666666666,23,300
ende23,24,0.022802515527950356,S2_fixed,41,176.43,0.09666666666666666,29,300
ende23,24,0.022802515527950356,S2_fixed,55,203.92333333333335,0.06666666666666667,20,300
ende23,24,0.022802515527950356,S2_fixed,73,241.85,0.07333333333333333,22,300
ende23,24,0.022802515527950356,S2_fixed,98,288.6766666666667,0.07666666666666666,23,300
ende23,24,0.022802515527950356,S2_fixed,130,355.36333333333334,0.056666666666666664,17,300
ende23,24,0.022802515527950356,S2_fixed,174,441.71666666666664,0.05,15,300
ende23,24,0.022802515527950356,S2_fixed,231,556.65,0.04666666666666667,14,300
ende23,24,0.022802515527950356,S2_fixed,308,710.8033333333333,0.023333333333333334,7,300
ende23,24,0.022802515527950356,S2_fixed,410,829.4033333333333,0.0,0,300
ende23,24,0.022802515527950356,S3_select,10,113.98333333333333,0.11333333333333333,34,300
ende23,24,0.022802515527950356,S3_select,13,120.83,0.11,33,300
ende23,24,0.022802515527950356,S3_select,17,128.31,0.09666666666666666,29,300
ende23,24,0.022802515527950356,S3_select,23,141.21,0.10333333333333333,31,300
ende23,24,0.022802515527950356,S3_select,31,155.81,0.07333333333333333,22,300
ende23,24,0.022802515527950356,S3_select,41,176.43,0.07666666666666666,23,300
ende23,24,0.022802515527950356,S3_select,55,203.92333333333335,0.08666666666666667,26,300
ende23,24,0.022802515527950356,S3_select,73,241.85,0.10666666666666667,32,300
ende23,24,0.022802515527950356,S3_select,98,288.6766666666667,0.06333333333333334,19,300
ende23,24,0.022802515527950356,S3_select,130,355.36333333333334,0.07,21,300
ende23,24,0.022802515527950356,S3_select,174,441.71666666666664,0.03666666666666667,11,300
ende23,24,0.022802515527950356,S3_select,231,556.65,0.043333333333333335,13,300
ende23,24,0.022802515527950356,S3_select,308,710.8033333333333,0.04,12,300
ende23,24,0.022802515527950356,S3_select,410,829.4033333333333,0.0,0,300
ende23,24,0.022802515527950356,S4_select_or_abstain,10,113.98333333333333,0.11,33,300
ende23,24,0.022802515527950356,S4_select_or_abstain,13,120.83,0.11,33,300
ende23,24,0.022802515527950356,S4_select_or_abstain,17,128.31,0.09666666666666666,29,300
ende23,24,0.022802515527950356,S4_select_or_abstain,23,141.21,0.10333333333333333,31,300
ende23,24,0.022802515527950356,S4_select_or_abstain,31,155.81,0.07333333333333333,22,300
ende23,24,0.022802515527950356,S4_select_or_abstain,41,176.43,0.07666666666666666,23,300
ende23,24,0.022802515527950356,S4_select_or_abstain,55,203.92333333333335,0.08666666666666667,26,300
ende23,24,0.022802515527950356,S4_select_or_abstain,73,241.85,0.10666666666666667,32,300
ende23,24,0.022802515527950356,S4_select_or_abstain,98,288.6766666666667,0.06333333333333334,19,300
ende23,24,0.022802515527950356,S4_select_or_abstain,130,355.36333333333334,0.07,21,300
ende23,24,0.022802515527950356,S4_select_or_abstain,174,441.71666666666664,0.03666666666666667,11,300
ende23,24,0.022802515527950356,S4_select_or_abstain,231,556.65,0.043333333333333335,13,300
ende23,24,0.022802515527950356,S4_select_or_abstain,308,710.8033333333333,0.04,12,300
ende23,24,0.022802515527950356,S4_select_or_abstain,410,829.4033333333333,0.0,0,300
ende23,25,0.05119425465838523,S1_design,10,116.97666666666667,0.2,60,300
ende23,25,0.05119425465838523,S1_design,13,124.20333333333333,0.12666666666666668,38,300
ende23,25,0.05119425465838523,S1_design,17,131.62333333333333,0.15333333333333332,46,300
ende23,25,0.05119425465838523,S1_design,23,144.75,0.10333333333333333,31,300
ende23,25,0.05119425465838523,S1_design,31,159.21666666666667,0.11,33,300
ende23,25,0.05119425465838523,S1_design,41,179.49,0.11333333333333333,34,300
ende23,25,0.05119425465838523,S1_design,55,207.27,0.07666666666666666,23,300
ende23,25,0.05119425465838523,S1_design,73,245.32333333333332,0.05333333333333334,16,300
ende23,25,0.05119425465838523,S1_design,98,292.06333333333333,0.07666666666666666,23,300
ende23,25,0.05119425465838523,S1_design,130,358.3233333333333,0.05,15,300
ende23,25,0.05119425465838523,S1_design,174,444.0366666666667,0.02,6,300
ende23,25,0.05119425465838523,S1_design,231,559.97,0.03,9,300
ende23,25,0.05119425465838523,S1_design,308,714.4433333333334,0.03,9,300
ende23,25,0.05119425465838523,S1_design,410,880.2833333333333,0.0,0,300
ende23,25,0.05119425465838523,S2_fixed,10,116.97666666666667,0.17666666666666667,53,300
ende23,25,0.05119425465838523,S2_fixed,13,124.20333333333333,0.12333333333333334,37,300
ende23,25,0.05119425465838523,S2_fixed,17,131.62333333333333,0.13333333333333333,40,300
ende23,25,0.05119425465838523,S2_fixed,23,144.75,0.09,27,300
ende23,25,0.05119425465838523,S2_fixed,31,159.21666666666667,0.09333333333333334,28,300
ende23,25,0.05119425465838523,S2_fixed,41,179.49,0.09666666666666666,29,300
ende23,25,0.05119425465838523,S2_fixed,55,207.27,0.07333333333333333,22,300
ende23,25,0.05119425465838523,S2_fixed,73,245.32333333333332,0.04666666666666667,14,300
ende23,25,0.05119425465838523,S2_fixed,98,292.06333333333333,0.07333333333333333,22,300
ende23,25,0.05119425465838523,S2_fixed,130,358.3233333333333,0.03333333333333333,10,300
ende23,25,0.05119425465838523,S2_fixed,174,444.0366666666667,0.023333333333333334,7,300
ende23,25,0.05119425465838523,S2_fixed,231,559.97,0.02666666666666667,8,300
ende23,25,0.05119425465838523,S2_fixed,308,714.4433333333334,0.023333333333333334,7,300
ende23,25,0.05119425465838523,S2_fixed,410,880.2833333333333,0.0,0,300
ende23,25,0.05119425465838523,S3_select,10,116.97666666666667,0.08333333333333333,25,300
ende23,25,0.05119425465838523,S3_select,13,124.20333333333333,0.10333333333333333,31,300
ende23,25,0.05119425465838523,S3_select,17,131.62333333333333,0.1,30,300
ende23,25,0.05119425465838523,S3_select,23,144.75,0.09666666666666666,29,300
ende23,25,0.05119425465838523,S3_select,31,159.21666666666667,0.07666666666666666,23,300
ende23,25,0.05119425465838523,S3_select,41,179.49,0.06666666666666667,20,300
ende23,25,0.05119425465838523,S3_select,55,207.27,0.05333333333333334,16,300
ende23,25,0.05119425465838523,S3_select,73,245.32333333333332,0.056666666666666664,17,300
ende23,25,0.05119425465838523,S3_select,98,292.06333333333333,0.06666666666666667,20,300
ende23,25,0.05119425465838523,S3_select,130,358.3233333333333,0.04,12,300
ende23,25,0.05119425465838523,S3_select,174,444.0366666666667,0.02,6,300
ende23,25,0.05119425465838523,S3_select,231,559.97,0.03333333333333333,10,300
ende23,25,0.05119425465838523,S3_select,308,714.4433333333334,0.013333333333333334,4,300
ende23,25,0.05119425465838523,S3_select,410,880.2833333333333,0.0,0,300
ende23,25,0.05119425465838523,S4_select_or_abstain,10,116.97666666666667,0.08333333333333333,25,300
ende23,25,0.05119425465838523,S4_select_or_abstain,13,124.20333333333333,0.10333333333333333,31,300
ende23,25,0.05119425465838523,S4_select_or_abstain,17,131.62333333333333,0.1,30,300
ende23,25,0.05119425465838523,S4_select_or_abstain,23,144.75,0.09666666666666666,29,300
ende23,25,0.05119425465838523,S4_select_or_abstain,31,159.21666666666667,0.07666666666666666,23,300
ende23,25,0.05119425465838523,S4_select_or_abstain,41,179.49,0.06666666666666667,20,300
ende23,25,0.05119425465838523,S4_select_or_abstain,55,207.27,0.05333333333333334,16,300
ende23,25,0.05119425465838523,S4_select_or_abstain,73,245.32333333333332,0.056666666666666664,17,300
ende23,25,0.05119425465838523,S4_select_or_abstain,98,292.06333333333333,0.06666666666666667,20,300
ende23,25,0.05119425465838523,S4_select_or_abstain,130,358.3233333333333,0.04,12,300
ende23,25,0.05119425465838523,S4_select_or_abstain,174,444.0366666666667,0.02,6,300
ende23,25,0.05119425465838523,S4_select_or_abstain,231,559.97,0.03333333333333333,10,300
ende23,25,0.05119425465838523,S4_select_or_abstain,308,714.4433333333334,0.013333333333333334,4,300
ende23,25,0.05119425465838523,S4_select_or_abstain,410,880.2833333333333,0.0,0,300
ende23,34,0.0010909937888199078,S1_design,10,114.00666666666666,0.13333333333333333,40,300
ende23,34,0.0010909937888199078,S1_design,13,121.04,0.14,42,300
ende23,34,0.0010909937888199078,S1_design,17,128.43333333333334,0.11333333333333333,34,300
ende23,34,0.0010909937888199078,S1_design,23,141.30666666666667,0.07,21,300
ende23,34,0.0010909937888199078,S1_design,31,156.27333333333334,0.09,27,300
ende23,34,0.0010909937888199078,S1_design,41,176.69333333333333,0.11666666666666667,35,300
ende23,34,0.0010909937888199078,S1_design,55,204.25333333333333,0.09666666666666666,29,300
ende23,34,0.0010909937888199078,S1_design,73,242.14,0.08666666666666667,26,300
ende23,34,0.0010909937888199078,S1_design,98,288.7866666666667,0.1,30,300
ende23,34,0.0010909937888199078,S1_design,130,355.31333333333333,0.10333333333333333,31,300
ende23,34,0.0010909937888199078,S1_design,174,441.74,0.08,24,300
ende23,34,0.0010909937888199078,S1_design,231,556.3266666666667,0.08333333333333333,25,300
ende23,34,0.0010909937888199078,S1_design,308,710.8466666666667,0.11,33,300
ende23,34,0.0010909937888199078,S1_design,410,827.3266666666667,0.0,0,300
ende23,34,0.0010909937888199078,S2_fixed,10,114.00666666666666,0.12,36,300
ende23,34,0.0010909937888199078,S2_fixed,13,121.04,0.13666666666666666,41,300
ende23,34,0.0010909937888199078,S2_fixed,17,128.43333333333334,0.10333333333333333,31,300
ende23,34,0.0010909937888199078,S2_fixed,23,141.30666666666667,0.08666666666666667,26,300
ende23,34,0.0010909937888199078,S2_fixed,31,156.27333333333334,0.10333333333333333,31,300
ende23,34,0.0010909937888199078,S2_fixed,41,176.69333333333333,0.11,33,300
ende23,34,0.0010909937888199078,S2_fixed,55,204.25333333333333,0.09666666666666666,29,300
ende23,34,0.0010909937888199078,S2_fixed,73,242.14,0.09333333333333334,28,300
ende23,34,0.0010909937888199078,S2_fixed,98,288.7866666666667,0.1,30,300
ende23,34,0.0010909937888199078,S2_fixed,130,355.31333333333333,0.09,27,300
ende23,34,0.0010909937888199078,S2_fixed,174,441.74,0.08666666666666667,26,300
ende23,34,0.0010909937888199078,S2_fixed,231,556.3266666666667,0.09666666666666666,29,300
ende23,34,0.0010909937888199078,S2_fixed,308,710.8466666666667,0.11,33,300
ende23,34,0.0010909937888199078,S2_fixed,410,827.3266666666667,0.0,0,300
ende23,34,0.0010909937888199078,S3_select,10,114.00666666666666,0.12666666666666668,38,300
ende23,34,0.0010909937888199078,S3_select,13,121.04,0.13333333333333333,40,300
ende23,34,0.0010909937888199078,S3_select,17,128.43333333333334,0.09666666666666666,29,300
ende23,34,0.0010909937888199078,S3_select,23,141.30666666666667,0.07666666666666666,23,300
ende23,34,0.0010909937888199078,S3_select,31,156.27333333333334,0.10666666666666667,32,300
ende23,34,0.0010909937888199078,S3_select,41,176.69333333333333,0.12,36,300
ende23,34,0.0010909937888199078,S3_select,55,204.25333333333333,0.10333333333333333,31,300
ende23,34,0.0010909937888199078,S3_select,73,242.14,0.11333333333333333,34,300
ende23,34,0.0010909937888199078,S3_select,98,288.7866666666667,0.10666666666666667,32,300
ende23,34,0.0010909937888199078,S3_select,130,355.31333333333333,0.08333333333333333,25,300
ende23,34,0.0010909937888199078,S3_select,174,441.74,0.08333333333333333,25,300
ende23,34,0.0010909937888199078,S3_select,231,556.3266666666667,0.09666666666666666,29,300
ende23,34,0.0010909937888199078,S3_select,308,710.8466666666667,0.11333333333333333,34,300
ende23,34,0.0010909937888199078,S3_select,410,827.3266666666667,0.0,0,300
ende23,34,0.0010909937888199078,S4_select_or_abstain,10,114.00666666666666,0.12333333333333334,37,300
ende23,34,0.0010909937888199078,S4_select_or_abstain,13,121.04,0.13666666666666666,41,300
ende23,34,0.0010909937888199078,S4_select_or_abstain,17,128.43333333333334,0.09666666666666666,29,300
ende23,34,0.0010909937888199078,S4_select_or_abstain,23,141.30666666666667,0.07666666666666666,23,300
ende23,34,0.0010909937888199078,S4_select_or_abstain,31,156.27333333333334,0.10666666666666667,32,300
ende23,34,0.0010909937888199078,S4_select_or_abstain,41,176.69333333333333,0.11666666666666667,35,300
ende23,34,0.0010909937888199078,S4_select_or_abstain,55,204.25333333333333,0.1,30,300
ende23,34,0.0010909937888199078,S4_select_or_abstain,73,242.14,0.10666666666666667,32,300
ende23,34,0.0010909937888199078,S4_select_or_abstain,98,288.7866666666667,0.10666666666666667,32,300
ende23,34,0.0010909937888199078,S4_select_or_abstain,130,355.31333333333333,0.08666666666666667,26,300
ende23,34,0.0010909937888199078,S4_select_or_abstain,174,441.74,0.08333333333333333,25,300
ende23,34,0.0010909937888199078,S4_select_or_abstain,231,556.3266666666667,0.09333333333333334,28,300
ende23,34,0.0010909937888199078,S4_select_or_abstain,308,710.8466666666667,0.11333333333333333,34,300
ende23,34,0.0010909937888199078,S4_select_or_abstain,410,827.3266666666667,0.0,0,300
ende23,35,0.02948273291925466,S1_design,10,116.98333333333333,0.18333333333333332,55,300
ende23,35,0.02948273291925466,S1_design,13,124.24333333333334,0.15666666666666668,47,300
ende23,35,0.02948273291925466,S1_design,17,131.46333333333334,0.13666666666666666,41,300
ende23,35,0.02948273291925466,S1_design,23,144.63666666666666,0.07333333333333333,22,300
ende23,35,0.02948273291925466,S1_design,31,159.22333333333333,0.13333333333333333,40,300
ende23,35,0.02948273291925466,S1_design,41,179.35,0.14333333333333334,43,300
ende23,35,0.02948273291925466,S1_design,55,207.23666666666668,0.09333333333333334,28,300
ende23,35,0.02948273291925466,S1_design,73,245.10333333333332,0.09666666666666666,29,300
ende23,35,0.02948273291925466,S1_design,98,291.86333333333334,0.09,27,300
ende23,35,0.02948273291925466,S1_design,130,358.23,0.06,18,300
ende23,35,0.02948273291925466,S1_design,174,444.0966666666667,0.06333333333333334,19,300
ende23,35,0.02948273291925466,S1_design,231,559.37,0.04666666666666667,14,300
ende23,35,0.02948273291925466,S1_design,308,714.95,0.03666666666666667,11,300
ende23,35,0.02948273291925466,S1_design,410,880.3366666666667,0.0,0,300
ende23,35,0.02948273291925466,S2_fixed,10,116.98333333333333,0.14333333333333334,43,300
ende23,35,0.02948273291925466,S2_fixed,13,124.24333333333334,0.13,39,300
ende23,35,0.02948273291925466,S2_fixed,17,131.46333333333334,0.11333333333333333,34,300
ende23,35,0.02948273291925466,S2_fixed,23,144.63666666666666,0.08333333333333333,25,300
ende23,35,0.02948273291925466,S2_fixed,31,159.22333333333333,0.11,33,300
ende23,35,0.02948273291925466,S2_fixed,41,179.35,0.13666666666666666,41,300
ende23,35,0.02948273291925466,S2_fixed,55,207.23666666666668,0.08666666666666667,26,300
ende23,35,0.02948273291925466,S2_fixed,73,245.10333333333332,0.09333333333333334,28,300
ende23,35,0.02948273291925466,S2_fixed,98,291.86333333333334,0.07666666666666666,23,300
ende23,35,0.02948273291925466,S2_fixed,130,358.23,0.06666666666666667,20,300
ende23,35,0.02948273291925466,S2_fixed,174,444.0966666666667,0.06,18,300
ende23,35,0.02948273291925466,S2_fixed,231,559.37,0.04666666666666667,14,300
ende23,35,0.02948273291925466,S2_fixed,308,714.95,0.03333333333333333,10,300
ende23,35,0.02948273291925466,S2_fixed,410,880.3366666666667,0.0,0,300
ende23,35,0.02948273291925466,S3_select,10,116.98333333333333,0.09666666666666666,29,300
ende23,35,0.02948273291925466,S3_select,13,124.24333333333334,0.11,33,300
ende23,35,0.02948273291925466,S3_select,17,131.46333333333334,0.09333333333333334,28,300
ende23,35,0.02948273291925466,S3_select,23,144.63666666666666,0.07,21,300
ende23,35,0.02948273291925466,S3_select,31,159.22333333333333,0.09333333333333334,28,300
ende23,35,0.02948273291925466,S3_select,41,179.35,0.11,33,300
ende23,35,0.02948273291925466,S3_select,55,207.23666666666668,0.07333333333333333,22,300
ende23,35,0.02948273291925466,S3_select,73,245.10333333333332,0.08333333333333333,25,300
ende23,35,0.02948273291925466,S3_select,98,291.86333333333334,0.07666666666666666,23,300
ende23,35,0.02948273291925466,S3_select,130,358.23,0.07333333333333333,22,300
ende23,35,0.02948273291925466,S3_select,174,444.0966666666667,0.06,18,300
ende23,35,0.02948273291925466,S3_select,231,559.37,0.04666666666666667,14,300
ende23,35,0.02948273291925466,S3_select,308,714.95,0.03333333333333333,10,300
ende23,35,0.02948273291925466,S3_select,410,880.3366666666667,0.0,0,300
ende23,35,0.02948273291925466,S4_select_or_abstain,10,116.98333333333333,0.09666666666666666,29,300
ende23,35,0.02948273291925466,S4_select_or_abstain,13,124.24333333333334,0.11,33,300
ende23,35,0.02948273291925466,S4_select_or_abstain,17,131.46333333333334,0.09333333333333334,28,300
ende23,35,0.02948273291925466,S4_select_or_abstain,23,144.63666666666666,0.07,21,300
ende23,35,0.02948273291925466,S4_select_or_abstain,31,159.22333333333333,0.09333333333333334,28,300
ende23,35,0.02948273291925466,S4_select_or_abstain,41,179.35,0.11,33,300
ende23,35,0.02948273291925466,S4_select_or_abstain,55,207.23666666666668,0.07333333333333333,22,300
ende23,35,0.02948273291925466,S4_select_or_abstain,73,245.10333333333332,0.08333333333333333,25,300
ende23,35,0.02948273291925466,S4_select_or_abstain,98,291.86333333333334,0.07666666666666666,23,300
ende23,35,0.02948273291925466,S4_select_or_abstain,130,358.23,0.07333333333333333,22,300
ende23,35,0.02948273291925466,S4_select_or_abstain,174,444.0966666666667,0.06,18,300
ende23,35,0.02948273291925466,S4_select_or_abstain,231,559.37,0.04666666666666667,14,300
ende23,35,0.02948273291925466,S4_select_or_abstain,308,714.95,0.03333333333333333,10,300
ende23,35,0.02948273291925466,S4_select_or_abstain,410,880.3366666666667,0.0,0,300
ende23,45,0.02839173913043505,S1_design,10,116.33666666666667,0.17666666666666667,53,300
ende23,45,0.02839173913043505,S1_design,13,123.63,0.16,48,300
ende23,45,0.02839173913043505,S1_design,17,130.67666666666668,0.15333333333333332,46,300
ende23,45,0.02839173913043505,S1_design,23,143.84333333333333,0.12666666666666668,38,300
ende23,45,0.02839173913043505,S1_design,31,158.45666666666668,0.12333333333333334,37,300
ende23,45,0.02839173913043505,S1_design,41,178.76333333333332,0.15,45,300
ende23,45,0.02839173913043505,S1_design,55,206.57666666666665,0.09,27,300
ende23,45,0.02839173913043505,S1_design,73,244.61,0.08666666666666667,26,300
ende23,45,0.02839173913043505,S1_design,98,291.28333333333336,0.10333333333333333,31,300
ende23,45,0.02839173913043505,S1_design,130,357.6433333333333,0.08333333333333333,25,300
ende23,45,0.02839173913043505,S1_design,174,443.5566666666667,0.05333333333333334,16,300
ende23,45,0.02839173913043505,S1_design,231,558.77,0.04666666666666667,14,300
ende23,45,0.02839173913043505,S1_design,308,713.4566666666667,0.02666666666666667,8,300
ende23,45,0.02839173913043505,S1_design,410,868.97,0.0,0,300
ende23,45,0.02839173913043505,S2_fixed,10,116.33666666666667,0.16,48,300
ende23,45,0.02839173913043505,S2_fixed,13,123.63,0.14,42,300
ende23,45,0.02839173913043505,S2_fixed,17,130.67666666666668,0.14333333333333334,43,300
ende23,45,0.02839173913043505,S2_fixed,23,143.84333333333333,0.15666666666666668,47,300
ende23,45,0.02839173913043505,S2_fixed,31,158.45666666666668,0.11333333333333333,34,300
ende23,45,0.02839173913043505,S2_fixed,41,178.76333333333332,0.13,39,300
ende23,45,0.02839173913043505,S2_fixed,55,206.57666666666665,0.10333333333333333,31,300
ende23,45,0.02839173913043505,S2_fixed,73,244.61,0.09333333333333334,28,300
ende23,45,0.02839173913043505,S2_fixed,98,291.28333333333336,0.09333333333333334,28,300
ende23,45,0.02839173913043505,S2_fixed,130,357.6433333333333,0.08666666666666667,26,300
ende23,45,0.02839173913043505,S2_fixed,174,443.5566666666667,0.056666666666666664,17,300
ende23,45,0.02839173913043505,S2_fixed,231,558.77,0.04666666666666667,14,300
ende23,45,0.02839173913043505,S2_fixed,308,713.4566666666667,0.02,6,300
ende23,45,0.02839173913043505,S2_fixed,410,868.97,0.0,0,300
ende23,45,0.02839173913043505,S3_select,10,116.33666666666667,0.09333333333333334,28,300
ende23,45,0.02839173913043505,S3_select,13,123.63,0.11,33,300
ende23,45,0.02839173913043505,S3_select,17,130.67666666666668,0.13,39,300
ende23,45,0.02839173913043505,S3_select,23,143.84333333333333,0.12,36,300
ende23,45,0.02839173913043505,S3_select,31,158.45666666666668,0.11,33,300
ende23,45,0.02839173913043505,S3_select,41,178.76333333333332,0.11666666666666667,35,300
ende23,45,0.02839173913043505,S3_select,55,206.57666666666665,0.07666666666666666,23,300
ende23,45,0.02839173913043505,S3_select,73,244.61,0.06666666666666667,20,300
ende23,45,0.02839173913043505,S3_select,98,291.28333333333336,0.08,24,300
ende23,45,0.02839173913043505,S3_select,130,357.6433333333333,0.08333333333333333,25,300
ende23,45,0.02839173913043505,S3_select,174,443.5566666666667,0.05,15,300
ende23,45,0.02839173913043505,S3_select,231,558.77,0.043333333333333335,13,300
ende23,45,0.02839173913043505,S3_select,308,713.4566666666667,0.013333333333333334,4,300
ende23,45,0.02839173913043505,S3_select,410,868.97,0.0,0,300
ende23,45,0.02839173913043505,S4_select_or_abstain,10,116.33666666666667,0.09333333333333334,28,300
ende23,45,0.02839173913043505,S4_select_or_abstain,13,123.63,0.11,33,300
ende23,45,0.02839173913043505,S4_select_or_abstain,17,130.67666666666668,0.13,39,300
ende23,45,0.02839173913043505,S4_select_or_abstain,23,143.84333333333333,0.12,36,300
ende23,45,0.02839173913043505,S4_select_or_abstain,31,158.45666666666668,0.11,33,300
ende23,45,0.02839173913043505,S4_select_or_abstain,41,178.76333333333332,0.11666666666666667,35,300
ende23,45,0.02839173913043505,S4_select_or_abstain,55,206.57666666666665,0.07666666666666666,23,300
ende23,45,0.02839173913043505,S4_select_or_abstain,73,244.61,0.06666666666666667,20,300
ende23,45,0.02839173913043505,S4_select_or_abstain,98,291.28333333333336,0.08,24,300
ende23,45,0.02839173913043505,S4_select_or_abstain,130,357.6433333333333,0.08333333333333333,25,300
ende23,45,0.02839173913043505,S4_select_or_abstain,174,443.5566666666667,0.05,15,300
ende23,45,0.02839173913043505,S4_select_or_abstain,231,558.77,0.043333333333333335,13,300
ende23,45,0.02839173913043505,S4_select_or_abstain,308,713.4566666666667,0.016666666666666666,5,300
ende23,45,0.02839173913043505,S4_select_or_abstain,410,868.97,0.0,0,300
zhen23,01,0.006383087753368134,S1_design,10,115.10666666666667,0.15,45,300
zhen23,01,0.006383087753368134,S1_design,14,123.75333333333333,0.12666666666666668,38,300
zhen23,01,0.006383087753368134,S1_design,20,136.06666666666666,0.14,42,300
zhen23,01,0.006383087753368134,S1_design,29,153.75333333333333,0.10666666666666667,32,300
zhen23,01,0.006383087753368134,S1_design,42,179.19333333333333,0.07666666666666666,23,300
zhen23,01,0.006383087753368134,S1_design,61,216.15333333333334,0.1,30,300
zhen23,01,0.006383087753368134,S1_design,88,270.2733333333333,0.08333333333333333,25,300
zhen23,01,0.006383087753368134,S1_design,127,347.18,0.13,39,300
zhen23,01,0.006383087753368134,S1_design,183,464.7133333333333,0.06666666666666667,20,300
zhen23,01,0.006383087753368134,S1_design,263,622.4666666666667,0.09666666666666666,29,300
zhen23,01,0.006383087753368134,S1_design,378,847.5666666666667,0.06666666666666667,20,300
zhen23,01,0.006383087753368134,S1_design,544,1181.5666666666666,0.056666666666666664,17,300
zhen23,01,0.006383087753368134,S1_design,783,1663.1666666666667,0.056666666666666664,17,300
zhen23,01,0.006383087753368134,S1_design,1127,2168.213333333333,0.0,0,300
zhen23,01,0.006383087753368134,S2_fixed,10,115.10666666666667,0.16333333333333333,49,300
zhen23,01,0.006383087753368134,S2_fixed,14,123.75333333333333,0.14333333333333334,43,300
zhen23,01,0.006383087753368134,S2_fixed,20,136.06666666666666,0.16,48,300
zhen23,01,0.006383087753368134,S2_fixed,29,153.75333333333333,0.10666666666666667,32,300
zhen23,01,0.006383087753368134,S2_fixed,42,179.19333333333333,0.09,27,300
zhen23,01,0.006383087753368134,S2_fixed,61,216.15333333333334,0.11333333333333333,34,300
zhen23,01,0.006383087753368134,S2_fixed,88,270.2733333333333,0.09333333333333334,28,300
zhen23,01,0.006383087753368134,S2_fixed,127,347.18,0.12333333333333334,37,300
zhen23,01,0.006383087753368134,S2_fixed,183,464.7133333333333,0.06333333333333334,19,300
zhen23,01,0.006383087753368134,S2_fixed,263,622.4666666666667,0.09666666666666666,29,300
zhen23,01,0.006383087753368134,S2_fixed,378,847.5666666666667,0.06333333333333334,19,300
zhen23,01,0.006383087753368134,S2_fixed,544,1181.5666666666666,0.05333333333333334,16,300
zhen23,01,0.006383087753368134,S2_fixed,783,1663.1666666666667,0.06,18,300
zhen23,01,0.006383087753368134,S2_fixed,1127,2168.213333333333,0.0,0,300
zhen23,01,0.006383087753368134,S3_select,10,115.10666666666667,0.18333333333333332,55,300
zhen23,01,0.006383087753368134,S3_select,14,123.75333333333333,0.16,48,300
zhen23,01,0.006383087753368134,S3_select,20,136.06666666666666,0.15,45,300
zhen23,01,0.006383087753368134,S3_select,29,153.75333333333333,0.12,36,300
zhen23,01,0.006383087753368134,S3_select,42,179.19333333333333,0.09666666666666666,29,300
zhen23,01,0.006383087753368134,S3_select,61,216.15333333333334,0.12666666666666668,38,300
zhen23,01,0.006383087753368134,S3_select,88,270.2733333333333,0.08,24,300
zhen23,01,0.006383087753368134,S3_select,127,347.18,0.14666666666666667,44,300
zhen23,01,0.006383087753368134,S3_select,183,464.7133333333333,0.07333333333333333,22,300
zhen23,01,0.006383087753368134,S3_select,263,622.4666666666667,0.10333333333333333,31,300
zhen23,01,0.006383087753368134,S3_select,378,847.5666666666667,0.06,18,300
zhen23,01,0.006383087753368134,S3_select,544,1181.5666666666666,0.06,18,300
zhen23,01,0.006383087753368134,S3_select,783,1663.1666666666667,0.06,18,300
zhen23,01,0.006383087753368134,S3_select,1127,2168.213333333333,0.0,0,300
zhen23,01,0.006383087753368134,S4_select_or_abstain,10,115.10666666666667,0.18333333333333332,55,300
zhen23,01,0.006383087753368134,S4_select_or_abstain,14,123.75333333333333,0.16,48,300
zhen23,01,0.006383087753368134,S4_select_or_abstain,20,136.06666666666666,0.15,45,300
zhen23,01,0.006383087753368134,S4_select_or_abstain,29,153.75333333333333,0.12,36,300
zhen23,01,0.006383087753368134,S4_select_or_abstain,42,179.19333333333333,0.09666666666666666,29,300
zhen23,01,0.006383087753368134,S4_select_or_abstain,61,216.15333333333334,0.12666666666666668,38,300
zhen23,01,0.006383087753368134,S4_select_or_abstain,88,270.2733333333333,0.08,24,300
zhen23,01,0.006383087753368134,S4_select_or_abstain,127,347.18,0.14666666666666667,44,300
zhen23,01,0.006383087753368134,S4_select_or_abstain,183,464.7133333333333,0.07333333333333333,22,300
zhen23,01,0.006383087753368134,S4_select_or_abstain,263,622.4666666666667,0.10333333333333333,31,300
zhen23,01,0.006383087753368134,S4_select_or_abstain,378,847.5666666666667,0.056666666666666664,17,300
zhen23,01,0.006383087753368134,S4_select_or_abstain,544,1181.5666666666666,0.06,18,300
zhen23,01,0.006383087753368134,S4_select_or_abstain,783,1663.1666666666667,0.06,18,300
zhen23,01,0.006383087753368134,S4_select_or_abstain,1127,2168.213333333333,0.0,0,300
zhen23,02,0.042668769433625055,S1_design,10,117.32666666666667,0.18666666666666668,56,300
zhen23,02,0.042668769433625055,S1_design,14,125.84666666666666,0.17333333333333334,52,300
zhen23,02,0.042668769433625055,S1_design,20,138.03333333333333,0.14333333333333334,43,300
zhen23,02,0.042668769433625055,S1_design,29,155.74,0.15666666666666668,47,300
zhen23,02,0.042668769433625055,S1_design,42,181.96666666666667,0.10333333333333333,31,300
zhen23,02,0.042668769433625055,S1_design,61,218.24666666666667,0.07,21,300
zhen23,02,0.042668769433625055,S1_design,88,272.08,0.07333333333333333,22,300
zhen23,02,0.042668769433625055,S1_design,127,349.94,0.07333333333333333,22,300
zhen23,02,0.042668769433625055,S1_design,183,467.3333333333333,0.03333333333333333,10,300
zhen23,02,0.042668769433625055,S1_design,263,624.0533333333333,0.03,9,300
zhen23,02,0.042668769433625055,S1_design,378,850.1133333333333,0.013333333333333334,4,300
zhen23,02,0.042668769433625055,S1_design,544,1183.7733333333333,0.016666666666666666,5,300
zhen23,02,0.042668769433625055,S1_design,783,1665.6333333333334,0.0033333333333333335,1,300
zhen23,02,0.042668769433625055,S1_design,1127,2260.02,0.0,0,300
zhen23,02,0.042668769433625055,S2_fixed,10,117.32666666666667,0.21,63,300
zhen23,02,0.042668769433625055,S2_fixed,14,125.84666666666666,0.16666666666666666,50,300
zhen23,02,0.042668769433625055,S2_fixed,20,138.03333333333333,0.15333333333333332,46,300
zhen23,02,0.042668769433625055,S2_fixed,29,155.74,0.15333333333333332,46,300
zhen23,02,0.042668769433625055,S2_fixed,42,181.96666666666667,0.11,33,300
zhen23,02,0.042668769433625055,S2_fixed,61,218.24666666666667,0.09666666666666666,29,300
zhen23,02,0.042668769433625055,S2_fixed,88,272.08,0.07,21,300
zhen23,02,0.042668769433625055,S2_fixed,127,349.94,0.07333333333333333,22,300
zhen23,02,0.042668769433625055,S2_fixed,183,467.3333333333333,0.03666666666666667,11,300
zhen23,02,0.042668769433625055,S2_fixed,263,624.0533333333333,0.03333333333333333,10,300
zhen23,02,0.042668769433625055,S2_fixed,378,850.1133333333333,0.01,3,300
zhen23,02,0.042668769433625055,S2_fixed,544,1183.7733333333333,0.016666666666666666,5,300
zhen23,02,0.042668769433625055,S2_fixed,783,1665.6333333333334,0.0033333333333333335,1,300
zhen23,02,0.042668769433625055,S2_fixed,1127,2260.02,0.0,0,300
zhen23,02,0.042668769433625055,S3_select,10,117.32666666666667,0.12,36,300
zhen23,02,0.042668769433625055,S3_select,14,125.84666666666666,0.10333333333333333,31,300
zhen23,02,0.042668769433625055,S3_select,20,138.03333333333333,0.12,36,300
zhen23,02,0.042668769433625055,S3_select,29,155.74,0.11666666666666667,35,300
zhen23,02,0.042668769433625055,S3_select,42,181.96666666666667,0.08666666666666667,26,300
zhen23,02,0.042668769433625055,S3_select,61,218.24666666666667,0.06333333333333334,19,300
zhen23,02,0.042668769433625055,S3_select,88,272.08,0.07,21,300
zhen23,02,0.042668769433625055,S3_select,127,349.94,0.056666666666666664,17,300
zhen23,02,0.042668769433625055,S3_select,183,467.3333333333333,0.03333333333333333,10,300
zhen23,02,0.042668769433625055,S3_select,263,624.0533333333333,0.02,6,300
zhen23,02,0.042668769433625055,S3_select,378,850.1133333333333,0.013333333333333334,4,300
zhen23,02,0.042668769433625055,S3_select,544,1183.7733333333333,0.016666666666666666,5,300
zhen23,02,0.042668769433625055,S3_select,783,1665.6333333333334,0.0033333333333333335,1,300
zhen23,02,0.042668769433625055,S3_select,1127,2260.02,0.0,0,300
zhen23,02,0.042668769433625055,S4_select_or_abstain,10,117.32666666666667,0.12,36,300
zhen23,02,0.042668769433625055,S4_select_or_abstain,14,125.84666666666666,0.10333333333333333,31,300
zhen23,02,0.042668769433625055,S4_select_or_abstain,20,138.03333333333333,0.12,36,300
zhen23,02,0.042668769433625055,S4_select_or_abstain,29,155.74,0.11666666666666667,35,300
zhen23,02,0.042668769433625055,S4_select_or_abstain,42,181.96666666666667,0.08666666666666667,26,300
zhen23,02,0.042668769433625055,S4_select_or_abstain,61,218.24666666666667,0.06333333333333334,19,300
zhen23,02,0.042668769433625055,S4_select_or_abstain,88,272.08,0.07,21,300
zhen23,02,0.042668769433625055,S4_select_or_abstain,127,349.94,0.056666666666666664,17,300
zhen23,02,0.042668769433625055,S4_select_or_abstain,183,467.3333333333333,0.03333333333333333,10,300
zhen23,02,0.042668769433625055,S4_select_or_abstain,263,624.0533333333333,0.02,6,300
zhen23,02,0.042668769433625055,S4_select_or_abstain,378,850.1133333333333,0.013333333333333334,4,300
zhen23,02,0.042668769433625055,S4_select_or_abstain,544,1183.7733333333333,0.016666666666666666,5,300
zhen23,02,0.042668769433625055,S4_select_or_abstain,783,1665.6333333333334,0.0033333333333333335,1,300
zhen23,02,0.042668769433625055,S4_select_or_abstain,1127,2260.02,0.0,0,300
zhen23,03,0.0440723044500104,S1_design,10,117.33333333333333,0.19666666666666666,59,300
zhen23,03,0.0440723044500104,S1_design,14,125.82666666666667,0.19333333333333333,58,300
zhen23,03,0.0440723044500104,S1_design,20,138.0,0.14333333333333334,43,300
zhen23,03,0.0440723044500104,S1_design,29,155.73333333333332,0.14666666666666667,44,300
zhen23,03,0.0440723044500104,S1_design,42,181.98,0.1,30,300
zhen23,03,0.0440723044500104,S1_design,61,218.28666666666666,0.09666666666666666,29,300
zhen23,03,0.0440723044500104,S1_design,88,272.0133333333333,0.07333333333333333,22,300
zhen23,03,0.0440723044500104,S1_design,127,349.91333333333336,0.06333333333333334,19,300
zhen23,03,0.0440723044500104,S1_design,183,467.31333333333333,0.02666666666666667,8,300
zhen23,03,0.0440723044500104,S1_design,263,624.1266666666667,0.04,12,300
zhen23,03,0.0440723044500104,S1_design,378,850.1933333333334,0.02,6,300
zhen23,03,0.0440723044500104,S1_design,544,1183.8866666666668,0.016666666666666666,5,300
zhen23,03,0.0440723044500104,S1_design,783,1665.76,0.0033333333333333335,1,300
zhen23,03,0.0440723044500104,S1_design,1127,2260.02,0.0,0,300
zhen23,03,0.0440723044500104,S2_fixed,10,117.33333333333333,0.21,63,300
zhen23,03,0.0440723044500104,S2_fixed,14,125.82666666666667,0.18333333333333332,55,300
zhen23,03,0.0440723044500104,S2_fixed,20,138.0,0.15333333333333332,46,300
zhen23,03,0.0440723044500104,S2_fixed,29,155.73333333333332,0.15333333333333332,46,300
zhen23,03,0.0440723044500104,S2_fixed,42,181.98,0.09666666666666666,29,300
zhen23,03,0.0440723044500104,S2_fixed,61,218.28666666666666,0.09333333333333334,28,300
zhen23,03,0.0440723044500104,S2_fixed,88,272.0133333333333,0.07,21,300
zhen23,03,0.0440723044500104,S2_fixed,127,349.91333333333336,0.07,21,300
zhen23,03,0.0440723044500104,S2_fixed,183,467.31333333333333,0.02666666666666667,8,300
zhen23,03,0.0440723044500104,S2_fixed,263,624.1266666666667,0.03333333333333333,10,300
zhen23,03,0.0440723044500104,S2_fixed,378,850.1933333333334,0.023333333333333334,7,300
zhen23,03,0.0440723044500104,S2_fixed,544,1183.8866666666668,0.006666666666666667,2,300
zhen23,03,0.0440723044500104,S2_fixed,783,1665.76,0.0033333333333333335,1,300
zhen23,03,0.0440723044500104,S2_fixed,1127,2260.02,0.0,0,300
zhen23,03,0.0440723044500104,S3_select,10,117.33333333333333,0.13666666666666666,41,300
zhen23,03,0.0440723044500104,S3_select,14,125.82666666666667,0.08666666666666667,26,300
zhen23,03,0.0440723044500104,S3_select,20,138.0,0.09,27,300
zhen23,03,0.0440723044500104,S3_select,29,155.73333333333332,0.10666666666666667,32,300
zhen23,03,0.0440723044500104,S3_select,42,181.98,0.07,21,300
zhen23,03,0.0440723044500104,S3_select,61,218.28666666666666,0.08666666666666667,26,300
zhen23,03,0.0440723044500104,S3_select,88,272.0133333333333,0.06333333333333334,19,300
zhen23,03,0.0440723044500104,S3_select,127,349.91333333333336,0.06,18,300
zhen23,03,0.0440723044500104,S3_select,183,467.31333333333333,0.03,9,300
zhen23,03,0.0440723044500104,S3_select,263,624.1266666666667,0.02,6,300
zhen23,03,0.0440723044500104,S3_select,378,850.1933333333334,0.016666666666666666,5,300
zhen23,03,0.0440723044500104,S3_select,544,1183.8866666666668,0.0033333333333333335,1,300
zhen23,03,0.0440723044500104,S3_select,783,1665.76,0.0,0,300
zhen23,03,0.0440723044500104,S3_select,1127,2260.02,0.0,0,300
zhen23,03,0.0440723044500104,S4_select_or_abstain,10,117.33333333333333,0.13666666666666666,41,300
zhen23,03,0.0440723044500104,S4_select_or_abstain,14,125.82666666666667,0.08666666666666667,26,300
zhen23,03,0.0440723044500104,S4_select_or_abstain,20,138.0,0.09,27,300
zhen23,03,0.0440723044500104,S4_select_or_abstain,29,155.73333333333332,0.10666666666666667,32,300
zhen23,03,0.0440723044500104,S4_select_or_abstain,42,181.98,0.07,21,300
zhen23,03,0.0440723044500104,S4_select_or_abstain,61,218.28666666666666,0.08666666666666667,26,300
zhen23,03,0.0440723044500104,S4_select_or_abstain,88,272.0133333333333,0.06333333333333334,19,300
zhen23,03,0.0440723044500104,S4_select_or_abstain,127,349.91333333333336,0.06,18,300
zhen23,03,0.0440723044500104,S4_select_or_abstain,183,467.31333333333333,0.03,9,300
zhen23,03,0.0440723044500104,S4_select_or_abstain,263,624.1266666666667,0.02,6,300
zhen23,03,0.0440723044500104,S4_select_or_abstain,378,850.1933333333334,0.016666666666666666,5,300
zhen23,03,0.0440723044500104,S4_select_or_abstain,544,1183.8866666666668,0.0033333333333333335,1,300
zhen23,03,0.0440723044500104,S4_select_or_abstain,783,1665.76,0.0,0,300
zhen23,03,0.0440723044500104,S4_select_or_abstain,1127,2260.02,0.0,0,300
zhen23,04,0.04291410563947523,S1_design,10,117.17666666666666,0.22,66,300
zhen23,04,0.04291410563947523,S1_design,14,125.65,0.2,60,300
zhen23,04,0.04291410563947523,S1_design,20,137.86333333333334,0.15666666666666668,47,300
zhen23,04,0.04291410563947523,S1_design,29,155.61666666666667,0.13,39,300
zhen23,04,0.04291410563947523,S1_design,42,181.81666666666666,0.10666666666666667,32,300
zhen23,04,0.04291410563947523,S1_design,61,218.05666666666667,0.09666666666666666,29,300
zhen23,04,0.04291410563947523,S1_design,88,271.83,0.07666666666666666,23,300
zhen23,04,0.04291410563947523,S1_design,127,349.68333333333334,0.07666666666666666,23,300
zhen23,04,0.04291410563947523,S1_design,183,466.98333333333335,0.05,15,300
zhen23,04,0.04291410563947523,S1_design,263,623.8633333333333,0.04,12,300
zhen23,04,0.04291410563947523,S1_design,378,850.17,0.03666666666666667,11,300
zhen23,04,0.04291410563947523,S1_design,544,1183.5433333333333,0.016666666666666666,5,300
zhen23,04,0.04291410563947523,S1_design,783,1665.1766666666667,0.006666666666666667,2,300
zhen23,04,0.04291410563947523,S1_design,1127,2252.2033333333334,0.0,0,300
zhen23,04,0.04291410563947523,S2_fixed,10,117.17666666666666,0.24,72,300
zhen23,04,0.04291410563947523,S2_fixed,14,125.65,0.2,60,300
zhen23,04,0.04291410563947523,S2_fixed,20,137.86333333333334,0.15666666666666668,47,300
zhen23,04,0.04291410563947523,S2_fixed,29,155.61666666666667,0.12333333333333334,37,300
zhen23,04,0.04291410563947523,S2_fixed,42,181.81666666666666,0.11,33,300
zhen23,04,0.04291410563947523,S2_fixed,61,218.05666666666667,0.10666666666666667,32,300
zhen23,04,0.04291410563947523,S2_fixed,88,271.83,0.07,21,300
zhen23,04,0.04291410563947523,S2_fixed,127,349.68333333333334,0.07666666666666666,23,300
zhen23,04,0.04291410563947523,S2_fixed,183,466.98333333333335,0.05,15,300
zhen23,04,0.04291410563947523,S2_fixed,263,623.8633333333333,0.04,12,300
zhen23,04,0.04291410563947523,S2_fixed,378,850.17,0.03,9,300
zhen23,04,0.04291410563947523,S2_fixed,544,1183.5433333333333,0.02,6,300
zhen23,04,0.04291410563947523,S2_fixed,783,1665.1766666666667,0.006666666666666667,2,300
zhen23,04,0.04291410563947523,S2_fixed,1127,2252.2033333333334,0.0,0,300
zhen23,04,0.04291410563947523,S3_select,10,117.17666666666666,0.15333333333333332,46,300
zhen23,04,0.04291410563947523,S3_select,14,125.65,0.10666666666666667,32,300
zhen23,04,0.04291410563947523,S3_select,20,137.86333333333334,0.15,45,300
zhen23,04,0.04291410563947523,S3_select,29,155.61666666666667,0.12,36,300
zhen23,04,0.04291410563947523,S3_select,42,181.81666666666666,0.09,27,300
zhen23,04,0.04291410563947523,S3_select,61,218.05666666666667,0.06,18,300
zhen23,04,0.04291410563947523,S3_select,88,271.83,0.05,15,300
zhen23,04,0.04291410563947523,S3_select,127,349.68333333333334,0.07,21,300
zhen23,04,0.04291410563947523,S3_select,183,466.98333333333335,0.04,12,300
zhen23,04,0.04291410563947523,S3_select,263,623.8633333333333,0.02666666666666667,8,300
zhen23,04,0.04291410563947523,S3_select,378,850.17,0.03333333333333333,10,300
zhen23,04,0.04291410563947523,S3_select,544,1183.5433333333333,0.02,6,300
zhen23,04,0.04291410563947523,S3_select,783,1665.1766666666667,0.0033333333333333335,1,300
zhen23,04,0.04291410563947523,S3_select,1127,2252.2033333333334,0.0,0,300
zhen23,04,0.04291410563947523,S4_select_or_abstain,10,117.17666666666666,0.15,45,300
zhen23,04,0.04291410563947523,S4_select_or_abstain,14,125.65,0.10666666666666667,32,300
zhen23,04,0.04291410563947523,S4_select_or_abstain,20,137.86333333333334,0.15,45,300
zhen23,04,0.04291410563947523,S4_select_or_abstain,29,155.61666666666667,0.12,36,300
zhen23,04,0.04291410563947523,S4_select_or_abstain,42,181.81666666666666,0.09333333333333334,28,300
zhen23,04,0.04291410563947523,S4_select_or_abstain,61,218.05666666666667,0.06,18,300
zhen23,04,0.04291410563947523,S4_select_or_abstain,88,271.83,0.05,15,300
zhen23,04,0.04291410563947523,S4_select_or_abstain,127,349.68333333333334,0.07,21,300
zhen23,04,0.04291410563947523,S4_select_or_abstain,183,466.98333333333335,0.04,12,300
zhen23,04,0.04291410563947523,S4_select_or_abstain,263,623.8633333333333,0.02666666666666667,8,300
zhen23,04,0.04291410563947523,S4_select_or_abstain,378,850.17,0.03333333333333333,10,300
zhen23,04,0.04291410563947523,S4_select_or_abstain,544,1183.5433333333333,0.02,6,300
zhen23,04,0.04291410563947523,S4_select_or_abstain,783,1665.1766666666667,0.0033333333333333335,1,300
zhen23,04,0.04291410563947523,S4_select_or_abstain,1127,2252.2033333333334,0.0,0,300
zhen23,05,0.057511206015734305,S1_design,10,117.66333333333333,0.21666666666666667,65,300
zhen23,05,0.057511206015734305,S1_design,14,126.11666666666666,0.16666666666666666,50,300
zhen23,05,0.057511206015734305,S1_design,20,138.34333333333333,0.15666666666666668,47,300
zhen23,05,0.057511206015734305,S1_design,29,156.19666666666666,0.12666666666666668,38,300
zhen23,05,0.057511206015734305,S1_design,42,182.36333333333334,0.11,33,300
zhen23,05,0.057511206015734305,S1_design,61,218.76333333333332,0.09666666666666666,29,300
zhen23,05,0.057511206015734305,S1_design,88,272.51,0.09333333333333334,28,300
zhen23,05,0.057511206015734305,S1_design,127,350.41,0.05333333333333334,16,300
zhen23,05,0.057511206015734305,S1_design,183,467.5566666666667,0.03333333333333333,10,300
zhen23,05,0.057511206015734305,S1_design,263,624.5766666666667,0.02666666666666667,8,300
zhen23,05,0.057511206015734305,S1_design,378,850.3366666666667,0.006666666666666667,2,300
zhen23,05,0.057511206015734305,S1_design,544,1184.3766666666668,0.006666666666666667,2,300
zhen23,05,0.057511206015734305,S1_design,783,1665.6833333333334,0.0,0,300
zhen23,05,0.057511206015734305,S1_design,1127,2273.6966666666667,0.0,0,300
zhen23,05,0.057511206015734305,S2_fixed,10,117.66333333333333,0.21333333333333335,64,300
zhen23,05,0.057511206015734305,S2_fixed,14,126.11666666666666,0.18666666666666668,56,300
zhen23,05,0.057511206015734305,S2_fixed,20,138.34333333333333,0.15333333333333332,46,300
zhen23,05,0.057511206015734305,S2_fixed,29,156.19666666666666,0.11,33,300
zhen23,05,0.057511206015734305,S2_fixed,42,182.36333333333334,0.11333333333333333,34,300
zhen23,05,0.057511206015734305,S2_fixed,61,218.76333333333332,0.09,27,300
zhen23,05,0.057511206015734305,S2_fixed,88,272.51,0.09333333333333334,28,300
zhen23,05,0.057511206015734305,S2_fixed,127,350.41,0.056666666666666664,17,300
zhen23,05,0.057511206015734305,S2_fixed,183,467.5566666666667,0.03,9,300
zhen23,05,0.057511206015734305,S2_fixed,263,624.5766666666667,0.02666666666666667,8,300
zhen23,05,0.057511206015734305,S2_fixed,378,850.3366666666667,0.013333333333333334,4,300
zhen23,05,0.057511206015734305,S2_fixed,544,1184.3766666666668,0.0033333333333333335,1,300
zhen23,05,0.057511206015734305,S2_fixed,783,1665.6833333333334,0.0,0,300
zhen23,05,0.057511206015734305,S2_fixed,1127,2273.6966666666667,0.0,0,300
zhen23,05,0.057511206015734305,S3_select,10,117.66333333333333,0.12333333333333334,37,300
zhen23,05,0.057511206015734305,S3_select,14,126.11666666666666,0.10333333333333333,31,300
zhen23,05,0.057511206015734305,S3_select,20,138.34333333333333,0.10666666666666667,32,300
zhen23,05,0.057511206015734305,S3_select,29,156.19666666666666,0.09,27,300
zhen23,05,0.057511206015734305,S3_select,42,182.36333333333334,0.09666666666666666,29,300
zhen23,05,0.057511206015734305,S3_select,61,218.76333333333332,0.08666666666666667,26,300
zhen23,05,0.057511206015734305,S3_select,88,272.51,0.08333333333333333,25,300
zhen23,05,0.057511206015734305,S3_select,127,350.41,0.043333333333333335,13,300
zhen23,05,0.057511206015734305,S3_select,183,467.5566666666667,0.02666666666666667,8,300
zhen23,05,0.057511206015734305,S3_select,263,624.5766666666667,0.02666666666666667,8,300
zhen23,05,0.057511206015734305,S3_select,378,850.3366666666667,0.0033333333333333335,1,300
zhen23,05,0.057511206015734305,S3_select,544,1184.3766666666668,0.0033333333333333335,1,300
zhen23,05,0.057511206015734305,S3_select,783,1665.6833333333334,0.0,0,300
zhen23,05,0.057511206015734305,S3_select,1127,2273.6966666666667,0.0,0,300
zhen23,05,0.057511206015734305,S4_select_or_abstain,10,117.66333333333333,0.12333333333333334,37,300
zhen23,05,0.057511206015734305,S4_select_or_abstain,14,126.11666666666666,0.10333333333333333,31,300
zhen23,05,0.057511206015734305,S4_select_or_abstain,20,138.34333333333333,0.10666666666666667,32,300
zhen23,05,0.057511206015734305,S4_select_or_abstain,29,156.19666666666666,0.09,27,300
zhen23,05,0.057511206015734305,S4_select_or_abstain,42,182.36333333333334,0.09666666666666666,29,300
zhen23,05,0.057511206015734305,S4_select_or_abstain,61,218.76333333333332,0.08666666666666667,26,300
zhen23,05,0.057511206015734305,S4_select_or_abstain,88,272.51,0.08333333333333333,25,300
zhen23,05,0.057511206015734305,S4_select_or_abstain,127,350.41,0.043333333333333335,13,300
zhen23,05,0.057511206015734305,S4_select_or_abstain,183,467.5566666666667,0.02666666666666667,8,300
zhen23,05,0.057511206015734305,S4_select_or_abstain,263,624.5766666666667,0.02666666666666667,8,300
zhen23,05,0.057511206015734305,S4_select_or_abstain,378,850.3366666666667,0.0033333333333333335,1,300
zhen23,05,0.057511206015734305,S4_select_or_abstain,544,1184.3766666666668,0.0033333333333333335,1,300
zhen23,05,0.057511206015734305,S4_select_or_abstain,783,1665.6833333333334,0.0,0,300
zhen23,05,0.057511206015734305,S4_select_or_abstain,1127,2273.6966666666667,0.0,0,300
zhen23,12,0.03628568168025678,S1_design,10,118.14,0.19,57,300
zhen23,12,0.03628568168025678,S1_design,14,126.46,0.16,48,300
zhen23,12,0.03628568168025678,S1_design,20,138.78666666666666,0.13,39,300
zhen23,12,0.03628568168025678,S1_design,29,156.41333333333333,0.10666666666666667,32,300
zhen23,12,0.03628568168025678,S1_design,42,182.50666666666666,0.13333333333333333,40,300
zhen23,12,0.03628568168025678,S1_design,61,219.16,0.10666666666666667,32,300
zhen23,12,0.03628568168025678,S1_design,88,273.0733333333333,0.11,33,300
zhen23,12,0.03628568168025678,S1_design,127,350.42,0.08333333333333333,25,300
zhen23,12,0.03628568168025678,S1_design,183,467.84,0.04,12,300
zhen23,12,0.03628568168025678,S1_design,263,625.0933333333334,0.04666666666666667,14,300
zhen23,12,0.03628568168025678,S1_design,378,851.0866666666667,0.02666666666666667,8,300
zhen23,12,0.03628568168025678,S1_design,544,1184.38,0.02666666666666667,8,300
zhen23,12,0.03628568168025678,S1_design,783,1666.7,0.0,0,300
zhen23,12,0.03628568168025678,S1_design,1127,2299.2533333333336,0.0,0,300
zhen23,12,0.03628568168025678,S2_fixed,10,118.14,0.20666666666666667,62,300
zhen23,12,0.03628568168025678,S2_fixed,14,126.46,0.16,48,300
zhen23,12,0.03628568168025678,S2_fixed,20,138.78666666666666,0.15,45,300
zhen23,12,0.03628568168025678,S2_fixed,29,156.41333333333333,0.12,36,300
zhen23,12,0.03628568168025678,S2_fixed,42,182.50666666666666,0.13,39,300
zhen23,12,0.03628568168025678,S2_fixed,61,219.16,0.11,33,300
zhen23,12,0.03628568168025678,S2_fixed,88,273.0733333333333,0.11,33,300
zhen23,12,0.03628568168025678,S2_fixed,127,350.42,0.09,27,300
zhen23,12,0.03628568168025678,S2_fixed,183,467.84,0.03666666666666667,11,300
zhen23,12,0.03628568168025678,S2_fixed,263,625.0933333333334,0.04666666666666667,14,300
zhen23,12,0.03628568168025678,S2_fixed,378,851.0866666666667,0.03333333333333333,10,300
zhen23,12,0.03628568168025678,S2_fixed,544,1184.38,0.03,9,300
zhen23,12,0.03628568168025678,S2_fixed,783,1666.7,0.0033333333333333335,1,300
zhen23,12,0.03628568168025678,S2_fixed,1127,2299.2533333333336,0.0,0,300
zhen23,12,0.03628568168025678,S3_select,10,118.14,0.13666666666666666,41,300
zhen23,12,0.03628568168025678,S3_select,14,126.46,0.12333333333333334,37,300
zhen23,12,0.03628568168025678,S3_select,20,138.78666666666666,0.08666666666666667,26,300
zhen23,12,0.03628568168025678,S3_select,29,156.41333333333333,0.10333333333333333,31,300
zhen23,12,0.03628568168025678,S3_select,42,182.50666666666666,0.09666666666666666,29,300
zhen23,12,0.03628568168025678,S3_select,61,219.16,0.07333333333333333,22,300
zhen23,12,0.03628568168025678,S3_select,88,273.0733333333333,0.09333333333333334,28,300
zhen23,12,0.03628568168025678,S3_select,127,350.42,0.06333333333333334,19,300
zhen23,12,0.03628568168025678,S3_select,183,467.84,0.03333333333333333,10,300
zhen23,12,0.03628568168025678,S3_select,263,625.0933333333334,0.043333333333333335,13,300
zhen23,12,0.03628568168025678,S3_select,378,851.0866666666667,0.023333333333333334,7,300
zhen23,12,0.03628568168025678,S3_select,544,1184.38,0.023333333333333334,7,300
zhen23,12,0.03628568168025678,S3_select,783,1666.7,0.0,0,300
zhen23,12,0.03628568168025678,S3_select,1127,2299.2533333333336,0.0,0,300
zhen23,12,0.03628568168025678,S4_select_or_abstain,10,118.14,0.13666666666666666,41,300
zhen23,12,0.03628568168025678,S4_select_or_abstain,14,126.46,0.12333333333333334,37,300
zhen23,12,0.03628568168025678,S4_select_or_abstain,20,138.78666666666666,0.08666666666666667,26,300
zhen23,12,0.03628568168025678,S4_select_or_abstain,29,156.41333333333333,0.10333333333333333,31,300
zhen23,12,0.03628568168025678,S4_select_or_abstain,42,182.50666666666666,0.09666666666666666,29,300
zhen23,12,0.03628568168025678,S4_select_or_abstain,61,219.16,0.07333333333333333,22,300
zhen23,12,0.03628568168025678,S4_select_or_abstain,88,273.0733333333333,0.09333333333333334,28,300
zhen23,12,0.03628568168025678,S4_select_or_abstain,127,350.42,0.06333333333333334,19,300
zhen23,12,0.03628568168025678,S4_select_or_abstain,183,467.84,0.03333333333333333,10,300
zhen23,12,0.03628568168025678,S4_select_or_abstain,263,625.0933333333334,0.043333333333333335,13,300
zhen23,12,0.03628568168025678,S4_select_or_abstain,378,851.0866666666667,0.023333333333333334,7,300
zhen23,12,0.03628568168025678,S4_select_or_abstain,544,1184.38,0.023333333333333334,7,300
zhen23,12,0.03628568168025678,S4_select_or_abstain,783,1666.7,0.0,0,300
zhen23,12,0.03628568168025678,S4_select_or_abstain,1127,2299.2533333333336,0.0,0,300
zhen23,13,0.037689216696642124,S1_design,10,118.14,0.19,57,300
zhen23,13,0.037689216696642124,S1_design,14,126.46,0.15333333333333332,46,300
zhen23,13,0.037689216696642124,S1_design,20,138.78666666666666,0.13666666666666666,41,300
zhen23,13,0.037689216696642124,S1_design,29,156.41333333333333,0.11333333333333333,34,300
zhen23,13,0.037689216696642124,S1_design,42,182.50666666666666,0.13333333333333333,40,300
zhen23,13,0.037689216696642124,S1_design,61,219.16,0.1,30,300
zhen23,13,0.037689216696642124,S1_design,88,273.0733333333333,0.07666666666666666,23,300
zhen23,13,0.037689216696642124,S1_design,127,350.42,0.07333333333333333,22,300
zhen23,13,0.037689216696642124,S1_design,183,467.84,0.04,12,300
zhen23,13,0.037689216696642124,S1_design,263,625.0933333333334,0.04,12,300
zhen23,13,0.037689216696642124,S1_design,378,851.0866666666667,0.03333333333333333,10,300
zhen23,13,0.037689216696642124,S1_design,544,1184.38,0.023333333333333334,7,300
zhen23,13,0.037689216696642124,S1_design,783,1666.7,0.0,0,300
zhen23,13,0.037689216696642124,S1_design,1127,2299.2533333333336,0.0,0,300
zhen23,13,0.037689216696642124,S2_fixed,10,118.14,0.20666666666666667,62,300
zhen23,13,0.037689216696642124,S2_fixed,14,126.46,0.15666666666666668,47,300
zhen23,13,0.037689216696642124,S2_fixed,20,138.78666666666666,0.15666666666666668,47,300
zhen23,13,0.037689216696642124,S2_fixed,29,156.41333333333333,0.12666666666666668,38,300
zhen23,13,0.037689216696642124,S2_fixed,42,182.50666666666666,0.13666666666666666,41,300
zhen23,13,0.037689216696642124,S2_fixed,61,219.16,0.11333333333333333,34,300
zhen23,13,0.037689216696642124,S2_fixed,88,273.0733333333333,0.08333333333333333,25,300
zhen23,13,0.037689216696642124,S2_fixed,127,350.42,0.07666666666666666,23,300
zhen23,13,0.037689216696642124,S2_fixed,183,467.84,0.043333333333333335,13,300
zhen23,13,0.037689216696642124,S2_fixed,263,625.0933333333334,0.043333333333333335,13,300
zhen23,13,0.037689216696642124,S2_fixed,378,851.0866666666667,0.043333333333333335,13,300
zhen23,13,0.037689216696642124,S2_fixed,544,1184.38,0.02666666666666667,8,300
zhen23,13,0.037689216696642124,S2_fixed,783,1666.7,0.0,0,300
zhen23,13,0.037689216696642124,S2_fixed,1127,2299.2533333333336,0.0,0,300
zhen23,13,0.037689216696642124,S3_select,10,118.14,0.09,27,300
zhen23,13,0.037689216696642124,S3_select,14,126.46,0.1,30,300
zhen23,13,0.037689216696642124,S3_select,20,138.78666666666666,0.07,21,300
zhen23,13,0.037689216696642124,S3_select,29,156.41333333333333,0.11666666666666667,35,300
zhen23,13,0.037689216696642124,S3_select,42,182.50666666666666,0.09666666666666666,29,300
zhen23,13,0.037689216696642124,S3_select,61,219.16,0.07666666666666666,23,300
zhen23,13,0.037689216696642124,S3_select,88,273.0733333333333,0.08,24,300
zhen23,13,0.037689216696642124,S3_select,127,350.42,0.05,15,300
zhen23,13,0.037689216696642124,S3_select,183,467.84,0.03333333333333333,10,300
zhen23,13,0.037689216696642124,S3_select,263,625.0933333333334,0.023333333333333334,7,300
zhen23,13,0.037689216696642124,S3_select,378,851.0866666666667,0.02666666666666667,8,300
zhen23,13,0.037689216696642124,S3_select,544,1184.38,0.02666666666666667,8,300
zhen23,13,0.037689216696642124,S3_select,783,1666.7,0.0,0,300
zhen23,13,0.037689216696642124,S3_select,1127,2299.2533333333336,0.0,0,300
zhen23,13,0.037689216696642124,S4_select_or_abstain,10,118.14,0.09,27,300
zhen23,13,0.037689216696642124,S4_select_or_abstain,14,126.46,0.1,30,300
zhen23,13,0.037689216696642124,S4_select_or_abstain,20,138.78666666666666,0.07,21,300
zhen23,13,0.037689216696642124,S4_select_or_abstain,29,156.41333333333333,0.11666666666666667,35,300
zhen23,13,0.037689216696642124,S4_select_or_abstain,42,182.50666666666666,0.09666666666666666,29,300
zhen23,13,0.037689216696642124,S4_select_or_abstain,61,219.16,0.07666666666666666,23,300
zhen23,13,0.037689216696642124,S4_select_or_abstain,88,273.0733333333333,0.08,24,300
zhen23,13,0.037689216696642124,S4_select_or_abstain,127,350.42,0.05,15,300
zhen23,13,0.037689216696642124,S4_select_or_abstain,183,467.84,0.03333333333333333,10,300
zhen23,13,0.037689216696642124,S4_select_or_abstain,263,625.0933333333334,0.023333333333333334,7,300
zhen23,13,0.037689216696642124,S4_select_or_abstain,378,851.0866666666667,0.02666666666666667,8,300
zhen23,13,0.037689216696642124,S4_select_or_abstain,544,1184.38,0.02666666666666667,8,300
zhen23,13,0.037689216696642124,S4_select_or_abstain,783,1666.7,0.0,0,300
zhen23,13,0.037689216696642124,S4_select_or_abstain,1127,2299.2533333333336,0.0,0,300
zhen23,14,0.0365310178861068,S1_design,10,118.11666666666666,0.21666666666666667,65,300
zhen23,14,0.0365310178861068,S1_design,14,126.43,0.16,48,300
zhen23,14,0.0365310178861068,S1_design,20,138.71666666666667,0.14333333333333334,43,300
zhen23,14,0.0365310178861068,S1_design,29,156.45666666666668,0.12,36,300
zhen23,14,0.0365310178861068,S1_design,42,182.51,0.12666666666666668,38,300
zhen23,14,0.0365310178861068,S1_design,61,219.06333333333333,0.12333333333333334,37,300
zhen23,14,0.0365310178861068,S1_design,88,272.99666666666667,0.09666666666666666,29,300
zhen23,14,0.0365310178861068,S1_design,127,350.37666666666667,0.06,18,300
zhen23,14,0.0365310178861068,S1_design,183,467.83666666666664,0.03333333333333333,10,300
zhen23,14,0.0365310178861068,S1_design,263,625.05,0.056666666666666664,17,300
zhen23,14,0.0365310178861068,S1_design,378,851.31,0.06,18,300
zhen23,14,0.0365310178861068,S1_design,544,1184.2633333333333,0.03666666666666667,11,300
zhen23,14,0.0365310178861068,S1_design,783,1666.73,0.0033333333333333335,1,300
zhen23,14,0.0365310178861068,S1_design,1127,2297.29,0.0,0,300
zhen23,14,0.0365310178861068,S2_fixed,10,118.11666666666666,0.23666666666666666,71,300
zhen23,14,0.0365310178861068,S2_fixed,14,126.43,0.16,48,300
zhen23,14,0.0365310178861068,S2_fixed,20,138.71666666666667,0.15333333333333332,46,300
zhen23,14,0.0365310178861068,S2_fixed,29,156.45666666666668,0.12666666666666668,38,300
zhen23,14,0.0365310178861068,S2_fixed,42,182.51,0.13,39,300
zhen23,14,0.0365310178861068,S2_fixed,61,219.06333333333333,0.12666666666666668,38,300
zhen23,14,0.0365310178861068,S2_fixed,88,272.99666666666667,0.10333333333333333,31,300
zhen23,14,0.0365310178861068,S2_fixed,127,350.37666666666667,0.06,18,300
zhen23,14,0.0365310178861068,S2_fixed,183,467.83666666666664,0.03666666666666667,11,300
zhen23,14,0.0365310178861068,S2_fixed,263,625.05,0.056666666666666664,17,300
zhen23,14,0.0365310178861068,S2_fixed,378,851.31,0.056666666666666664,17,300
zhen23,14,0.0365310178861068,S2_fixed,544,1184.2633333333333,0.03333333333333333,10,300
zhen23,14,0.0365310178861068,S2_fixed,783,1666.73,0.006666666666666667,2,300
zhen23,14,0.0365310178861068,S2_fixed,1127,2297.29,0.0,0,300
zhen23,14,0.0365310178861068,S3_select,10,118.11666666666666,0.12666666666666668,38,300
zhen23,14,0.0365310178861068,S3_select,14,126.43,0.12666666666666668,38,300
zhen23,14,0.0365310178861068,S3_select,20,138.71666666666667,0.11333333333333333,34,300
zhen23,14,0.0365310178861068,S3_select,29,156.45666666666668,0.12,36,300
zhen23,14,0.0365310178861068,S3_select,42,182.51,0.11,33,300
zhen23,14,0.0365310178861068,S3_select,61,219.06333333333333,0.06666666666666667,20,300
zhen23,14,0.0365310178861068,S3_select,88,272.99666666666667,0.09333333333333334,28,300
zhen23,14,0.0365310178861068,S3_select,127,350.37666666666667,0.06,18,300
zhen23,14,0.0365310178861068,S3_select,183,467.83666666666664,0.03333333333333333,10,300
zhen23,14,0.0365310178861068,S3_select,263,625.05,0.05,15,300
zhen23,14,0.0365310178861068,S3_select,378,851.31,0.043333333333333335,13,300
zhen23,14,0.0365310178861068,S3_select,544,1184.2633333333333,0.02666666666666667,8,300
zhen23,14,0.0365310178861068,S3_select,783,1666.73,0.0,0,300
zhen23,14,0.0365310178861068,S3_select,1127,2297.29,0.0,0,300
zhen23,14,0.0365310178861068,S4_select_or_abstain,10,118.11666666666666,0.12666666666666668,38,300
zhen23,14,0.0365310178861068,S4_select_or_abstain,14,126.43,0.12666666666666668,38,300
zhen23,14,0.0365310178861068,S4_select_or_abstain,20,138.71666666666667,0.11333333333333333,34,300
zhen23,14,0.0365310178861068,S4_select_or_abstain,29,156.45666666666668,0.12,36,300
zhen23,14,0.0365310178861068,S4_select_or_abstain,42,182.51,0.11,33,300
zhen23,14,0.0365310178861068,S4_select_or_abstain,61,219.06333333333333,0.06666666666666667,20,300
zhen23,14,0.0365310178861068,S4_select_or_abstain,88,272.99666666666667,0.09,27,300
zhen23,14,0.0365310178861068,S4_select_or_abstain,127,350.37666666666667,0.06,18,300
zhen23,14,0.0365310178861068,S4_select_or_abstain,183,467.83666666666664,0.03333333333333333,10,300
zhen23,14,0.0365310178861068,S4_select_or_abstain,263,625.05,0.05,15,300
zhen23,14,0.0365310178861068,S4_select_or_abstain,378,851.31,0.043333333333333335,13,300
zhen23,14,0.0365310178861068,S4_select_or_abstain,544,1184.2633333333333,0.02666666666666667,8,300
zhen23,14,0.0365310178861068,S4_select_or_abstain,783,1666.73,0.0,0,300
zhen23,14,0.0365310178861068,S4_select_or_abstain,1127,2297.29,0.0,0,300
zhen23,15,0.05112811826236603,S1_design,10,118.2,0.24333333333333335,73,300
zhen23,15,0.05112811826236603,S1_design,14,126.52666666666667,0.16,48,300
zhen23,15,0.05112811826236603,S1_design,20,138.8,0.15333333333333332,46,300
zhen23,15,0.05112811826236603,S1_design,29,156.74,0.12666666666666668,38,300
zhen23,15,0.05112811826236603,S1_design,42,182.6,0.11,33,300
zhen23,15,0.05112811826236603,S1_design,61,219.23333333333332,0.09666666666666666,29,300
zhen23,15,0.05112811826236603,S1_design,88,272.9066666666667,0.1,30,300
zhen23,15,0.05112811826236603,S1_design,127,350.79333333333335,0.06333333333333334,19,300
zhen23,15,0.05112811826236603,S1_design,183,467.74666666666667,0.05,15,300
zhen23,15,0.05112811826236603,S1_design,263,625.48,0.043333333333333335,13,300
zhen23,15,0.05112811826236603,S1_design,378,851.04,0.02666666666666667,8,300
zhen23,15,0.05112811826236603,S1_design,544,1184.7133333333334,0.006666666666666667,2,300
zhen23,15,0.05112811826236603,S1_design,783,1666.8866666666668,0.0,0,300
zhen23,15,0.05112811826236603,S1_design,1127,2299.153333333333,0.0,0,300
zhen23,15,0.05112811826236603,S2_fixed,10,118.2,0.19666666666666666,59,300
zhen23,15,0.05112811826236603,S2_fixed,14,126.52666666666667,0.13666666666666666,41,300
zhen23,15,0.05112811826236603,S2_fixed,20,138.8,0.14,42,300
zhen23,15,0.05112811826236603,S2_fixed,29,156.74,0.11,33,300
zhen23,15,0.05112811826236603,S2_fixed,42,182.6,0.10666666666666667,32,300
zhen23,15,0.05112811826236603,S2_fixed,61,219.23333333333332,0.09333333333333334,28,300
zhen23,15,0.05112811826236603,S2_fixed,88,272.9066666666667,0.09333333333333334,28,300
zhen23,15,0.05112811826236603,S2_fixed,127,350.79333333333335,0.06,18,300
zhen23,15,0.05112811826236603,S2_fixed,183,467.74666666666667,0.05333333333333334,16,300
zhen23,15,0.05112811826236603,S2_fixed,263,625.48,0.04,12,300
zhen23,15,0.05112811826236603,S2_fixed,378,851.04,0.03666666666666667,11,300
zhen23,15,0.05112811826236603,S2_fixed,544,1184.7133333333334,0.013333333333333334,4,300
zhen23,15,0.05112811826236603,S2_fixed,783,1666.8866666666668,0.0,0,300
zhen23,15,0.05112811826236603,S2_fixed,1127,2299.153333333333,0.0,0,300
zhen23,15,0.05112811826236603,S3_select,10,118.2,0.12666666666666668,38,300
zhen23,15,0.05112811826236603,S3_select,14,126.52666666666667,0.09,27,300
zhen23,15,0.05112811826236603,S3_select,20,138.8,0.08666666666666667,26,300
zhen23,15,0.05112811826236603,S3_select,29,156.74,0.08666666666666667,26,300
zhen23,15,0.05112811826236603,S3_select,42,182.6,0.07333333333333333,22,300
zhen23,15,0.05112811826236603,S3_select,61,219.23333333333332,0.06666666666666667,20,300
zhen23,15,0.05112811826236603,S3_select,88,272.9066666666667,0.07,21,300
zhen23,15,0.05112811826236603,S3_select,127,350.79333333333335,0.03666666666666667,11,300
zhen23,15,0.05112811826236603,S3_select,183,467.74666666666667,0.03333333333333333,10,300
zhen23,15,0.05112811826236603,S3_select,263,625.48,0.02,6,300
zhen23,15,0.05112811826236603,S3_select,378,851.04,0.023333333333333334,7,300
zhen23,15,0.05112811826236603,S3_select,544,1184.7133333333334,0.013333333333333334,4,300
zhen23,15,0.05112811826236603,S3_select,783,1666.8866666666668,0.0,0,300
zhen23,15,0.05112811826236603,S3_select,1127,2299.153333333333,0.0,0,300
zhen23,15,0.05112811826236603,S4_select_or_abstain,10,118.2,0.12666666666666668,38,300
zhen23,15,0.05112811826236603,S4_select_or_abstain,14,126.52666666666667,0.09,27,300
zhen23,15,0.05112811826236603,S4_select_or_abstain,20,138.8,0.08666666666666667,26,300
zhen23,15,0.05112811826236603,S4_select_or_abstain,29,156.74,0.08666666666666667,26,300
zhen23,15,0.05112811826236603,S4_select_or_abstain,42,182.6,0.07333333333333333,22,300
zhen23,15,0.05112811826236603,S4_select_or_abstain,61,219.23333333333332,0.06666666666666667,20,300
zhen23,15,0.05112811826236603,S4_select_or_abstain,88,272.9066666666667,0.07,21,300
zhen23,15,0.05112811826236603,S4_select_or_abstain,127,350.79333333333335,0.03666666666666667,11,300
zhen23,15,0.05112811826236603,S4_select_or_abstain,183,467.74666666666667,0.03333333333333333,10,300
zhen23,15,0.05112811826236603,S4_select_or_abstain,263,625.48,0.02,6,300
zhen23,15,0.05112811826236603,S4_select_or_abstain,378,851.04,0.023333333333333334,7,300
zhen23,15,0.05112811826236603,S4_select_or_abstain,544,1184.7133333333334,0.013333333333333334,4,300
zhen23,15,0.05112811826236603,S4_select_or_abstain,783,1666.8866666666668,0.0,0,300
zhen23,15,0.05112811826236603,S4_select_or_abstain,1127,2299.153333333333,0.0,0,300
zhen23,23,0.0014035350163854683,S1_design,10,78.08666666666667,0.11666666666666667,35,300
zhen23,23,0.0014035350163854683,S1_design,14,86.31333333333333,0.09333333333333334,28,300
zhen23,23,0.0014035350163854683,S1_design,20,98.26,0.09333333333333334,28,300
zhen23,23,0.0014035350163854683,S1_design,29,116.06,0.09666666666666666,29,300
zhen23,23,0.0014035350163854683,S1_design,42,142.76,0.12,36,300
zhen23,23,0.0014035350163854683,S1_design,61,179.16666666666666,0.08333333333333333,25,300
zhen23,23,0.0014035350163854683,S1_design,88,233.16666666666666,0.10333333333333333,31,300
zhen23,23,0.0014035350163854683,S1_design,127,312.86,0.07666666666666666,23,300
zhen23,23,0.0014035350163854683,S1_design,183,424.24666666666667,0.03333333333333333,10,300
zhen23,23,0.0014035350163854683,S1_design,263,431.58666666666664,0.0,0,300
zhen23,23,0.0014035350163854683,S1_design,378,431.58666666666664,0.0,0,300
zhen23,23,0.0014035350163854683,S1_design,544,431.58666666666664,0.0,0,300
zhen23,23,0.0014035350163854683,S1_design,783,431.58666666666664,0.0,0,300
zhen23,23,0.0014035350163854683,S1_design,1127,431.58666666666664,0.0,0,300
zhen23,23,0.0014035350163854683,S2_fixed,10,78.08666666666667,0.13,39,300
zhen23,23,0.0014035350163854683,S2_fixed,14,86.31333333333333,0.08,24,300
zhen23,23,0.0014035350163854683,S2_fixed,20,98.26,0.09666666666666666,29,300
zhen23,23,0.0014035350163854683,S2_fixed,29,116.06,0.10333333333333333,31,300
zhen23,23,0.0014035350163854683,S2_fixed,42,142.76,0.12,36,300
zhen23,23,0.0014035350163854683,S2_fixed,61,179.16666666666666,0.08666666666666667,26,300
zhen23,23,0.0014035350163854683,S2_fixed,88,233.16666666666666,0.08666666666666667,26,300
zhen23,23,0.0014035350163854683,S2_fixed,127,312.86,0.07333333333333333,22,300
zhen23,23,0.0014035350163854683,S2_fixed,183,424.24666666666667,0.03333333333333333,10,300
zhen23,23,0.0014035350163854683,S2_fixed,263,431.58666666666664,0.0,0,300
zhen23,23,0.0014035350163854683,S2_fixed,378,431.58666666666664,0.0,0,300
zhen23,23,0.0014035350163854683,S2_fixed,544,431.58666666666664,0.0,0,300
zhen23,23,0.0014035350163854683,S2_fixed,783,431.58666666666664,0.0,0,300
zhen23,23,0.0014035350163854683,S2_fixed,1127,431.58666666666664,0.0,0,300
zhen23,23,0.0014035350163854683,S3_select,10,78.08666666666667,0.09333333333333334,28,300
zhen23,23,0.0014035350163854683,S3_select,14,86.31333333333333,0.1,30,300
zhen23,23,0.0014035350163854683,S3_select,20,98.26,0.07333333333333333,22,300
zhen23,23,0.0014035350163854683,S3_select,29,116.06,0.09666666666666666,29,300
zhen23,23,0.0014035350163854683,S3_select,42,142.76,0.12,36,300
zhen23,23,0.0014035350163854683,S3_select,61,179.16666666666666,0.07666666666666666,23,300
zhen23,23,0.0014035350163854683,S3_select,88,233.16666666666666,0.09666666666666666,29,300
zhen23,23,0.0014035350163854683,S3_select,127,312.86,0.07666666666666666,23,300
zhen23,23,0.0014035350163854683,S3_select,183,424.24666666666667,0.03333333333333333,10,300
zhen23,23,0.0014035350163854683,S3_select,263,431.58666666666664,0.0,0,300
zhen23,23,0.0014035350163854683,S3_select,378,431.58666666666664,0.0,0,300
zhen23,23,0.0014035350163854683,S3_select,544,431.58666666666664,0.0,0,300
zhen23,23,0.0014035350163854683,S3_select,783,431.58666666666664,0.0,0,300
zhen23,23,0.0014035350163854683,S3_select,1127,431.58666666666664,0.0,0,300
zhen23,23,0.0014035350163854683,S4_select_or_abstain,10,78.08666666666667,0.09666666666666666,29,300
zhen23,23,0.0014035350163854683,S4_select_or_abstain,14,86.31333333333333,0.1,30,300
zhen23,23,0.0014035350163854683,S4_select_or_abstain,20,98.26,0.07333333333333333,22,300
zhen23,23,0.0014035350163854683,S4_select_or_abstain,29,116.06,0.09666666666666666,29,300
zhen23,23,0.0014035350163854683,S4_select_or_abstain,42,142.76,0.11666666666666667,35,300
zhen23,23,0.0014035350163854683,S4_select_or_abstain,61,179.16666666666666,0.07666666666666666,23,300
zhen23,23,0.0014035350163854683,S4_select_or_abstain,88,233.16666666666666,0.09666666666666666,29,300
zhen23,23,0.0014035350163854683,S4_select_or_abstain,127,312.86,0.07333333333333333,22,300
zhen23,23,0.0014035350163854683,S4_select_or_abstain,183,424.24666666666667,0.03333333333333333,10,300
zhen23,23,0.0014035350163854683,S4_select_or_abstain,263,431.58666666666664,0.0,0,300
zhen23,23,0.0014035350163854683,S4_select_or_abstain,378,431.58666666666664,0.0,0,300
zhen23,23,0.0014035350163854683,S4_select_or_abstain,544,431.58666666666664,0.0,0,300
zhen23,23,0.0014035350163854683,S4_select_or_abstain,783,431.58666666666664,0.0,0,300
zhen23,23,0.0014035350163854683,S4_select_or_abstain,1127,431.58666666666664,0.0,0,300
zhen23,24,0.00024533620585021624,S1_design,10,85.11,0.16333333333333333,49,300
zhen23,24,0.00024533620585021624,S1_design,14,93.68333333333334,0.07666666666666666,23,300
zhen23,24,0.00024533620585021624,S1_design,20,105.40333333333334,0.11,33,300
zhen23,24,0.00024533620585021624,S1_design,29,121.75,0.12666666666666668,38,300
zhen23,24,0.00024533620585021624,S1_design,42,149.72333333333333,0.12,36,300
zhen23,24,0.00024533620585021624,S1_design,61,185.27666666666667,0.10666666666666667,32,300
zhen23,24,0.00024533620585021624,S1_design,88,240.45,0.11,33,300
zhen23,24,0.00024533620585021624,S1_design,127,317.31666666666666,0.12,36,300
zhen23,24,0.00024533620585021624,S1_design,183,431.3833333333333,0.10666666666666667,32,300
zhen23,24,0.00024533620585021624,S1_design,263,593.4566666666667,0.11,33,300
zhen23,24,0.00024533620585021624,S1_design,378,737.0166666666667,0.0,0,300
zhen23,24,0.00024533620585021624,S1_design,544,737.0166666666667,0.0,0,300
zhen23,24,0.00024533620585021624,S1_design,783,737.0166666666667,0.0,0,300
zhen23,24,0.00024533620585021624,S1_design,1127,737.0166666666667,0.0,0,300
zhen23,24,0.00024533620585021624,S2_fixed,10,85.11,0.16333333333333333,49,300
zhen23,24,0.00024533620585021624,S2_fixed,14,93.68333333333334,0.08333333333333333,25,300
zhen23,24,0.00024533620585021624,S2_fixed,20,105.40333333333334,0.11333333333333333,34,300
zhen23,24,0.00024533620585021624,S2_fixed,29,121.75,0.13,39,300
zhen23,24,0.00024533620585021624,S2_fixed,42,149.72333333333333,0.11,33,300
zhen23,24,0.00024533620585021624,S2_fixed,61,185.27666666666667,0.10666666666666667,32,300
zhen23,24,0.00024533620585021624,S2_fixed,88,240.45,0.10666666666666667,32,300
zhen23,24,0.00024533620585021624,S2_fixed,127,317.31666666666666,0.11666666666666667,35,300
zhen23,24,0.00024533620585021624,S2_fixed,183,431.3833333333333,0.10333333333333333,31,300
zhen23,24,0.00024533620585021624,S2_fixed,263,593.4566666666667,0.10666666666666667,32,300
zhen23,24,0.00024533620585021624,S2_fixed,378,737.0166666666667,0.0,0,300
zhen23,24,0.00024533620585021624,S2_fixed,544,737.0166666666667,0.0,0,300
zhen23,24,0.00024533620585021624,S2_fixed,783,737.0166666666667,0.0,0,300
zhen23,24,0.00024533620585021624,S2_fixed,1127,737.0166666666667,0.0,0,300
zhen23,24,0.00024533620585021624,S3_select,10,85.11,0.2,60,300
zhen23,24,0.00024533620585021624,S3_select,14,93.68333333333334,0.11333333333333333,34,300
zhen23,24,0.00024533620585021624,S3_select,20,105.40333333333334,0.12,36,300
zhen23,24,0.00024533620585021624,S3_select,29,121.75,0.14,42,300
zhen23,24,0.00024533620585021624,S3_select,42,149.72333333333333,0.12333333333333334,37,300
zhen23,24,0.00024533620585021624,S3_select,61,185.27666666666667,0.11,33,300
zhen23,24,0.00024533620585021624,S3_select,88,240.45,0.12333333333333334,37,300
zhen23,24,0.00024533620585021624,S3_select,127,317.31666666666666,0.12,36,300
zhen23,24,0.00024533620585021624,S3_select,183,431.3833333333333,0.10333333333333333,31,300
zhen23,24,0.00024533620585021624,S3_select,263,593.4566666666667,0.11666666666666667,35,300
zhen23,24,0.00024533620585021624,S3_select,378,737.0166666666667,0.0,0,300
zhen23,24,0.00024533620585021624,S3_select,544,737.0166666666667,0.0,0,300
zhen23,24,0.00024533620585021624,S3_select,783,737.0166666666667,0.0,0,300
zhen23,24,0.00024533620585021624,S3_select,1127,737.0166666666667,0.0,0,300
zhen23,24,0.00024533620585021624,S4_select_or_abstain,10,85.11,0.2,60,300
zhen23,24,0.00024533620585021624,S4_select_or_abstain,14,93.68333333333334,0.11333333333333333,34,300
zhen23,24,0.00024533620585021624,S4_select_or_abstain,20,105.40333333333334,0.12,36,300
zhen23,24,0.00024533620585021624,S4_select_or_abstain,29,121.75,0.14,42,300
zhen23,24,0.00024533620585021624,S4_select_or_abstain,42,149.72333333333333,0.12333333333333334,37,300
zhen23,24,0.00024533620585021624,S4_select_or_abstain,61,185.27666666666667,0.11,33,300
zhen23,24,0.00024533620585021624,S4_select_or_abstain,88,240.45,0.12333333333333334,37,300
zhen23,24,0.00024533620585021624,S4_select_or_abstain,127,317.31666666666666,0.12,36,300
zhen23,24,0.00024533620585021624,S4_select_or_abstain,183,431.3833333333333,0.10333333333333333,31,300
zhen23,24,0.00024533620585021624,S4_select_or_abstain,263,593.4566666666667,0.11666666666666667,35,300
zhen23,24,0.00024533620585021624,S4_select_or_abstain,378,737.0166666666667,0.0,0,300
zhen23,24,0.00024533620585021624,S4_select_or_abstain,544,737.0166666666667,0.0,0,300
zhen23,24,0.00024533620585021624,S4_select_or_abstain,783,737.0166666666667,0.0,0,300
zhen23,24,0.00024533620585021624,S4_select_or_abstain,1127,737.0166666666667,0.0,0,300
zhen23,25,0.01484243658210945,S1_design,10,115.46666666666667,0.19333333333333333,58,300
zhen23,25,0.01484243658210945,S1_design,14,124.02666666666667,0.13333333333333333,40,300
zhen23,25,0.01484243658210945,S1_design,20,136.47333333333333,0.15666666666666668,47,300
zhen23,25,0.01484243658210945,S1_design,29,153.88,0.12666666666666668,38,300
zhen23,25,0.01484243658210945,S1_design,42,179.83333333333334,0.10666666666666667,32,300
zhen23,25,0.01484243658210945,S1_design,61,216.36666666666667,0.09,27,300
zhen23,25,0.01484243658210945,S1_design,88,271.28,0.09,27,300
zhen23,25,0.01484243658210945,S1_design,127,347.6333333333333,0.11333333333333333,34,300
zhen23,25,0.01484243658210945,S1_design,183,465.66,0.09,27,300
zhen23,25,0.01484243658210945,S1_design,263,622.4333333333333,0.06333333333333334,19,300
zhen23,25,0.01484243658210945,S1_design,378,848.9733333333334,0.08666666666666667,26,300
zhen23,25,0.01484243658210945,S1_design,544,1182.8066666666666,0.05,15,300
zhen23,25,0.01484243658210945,S1_design,783,1662.7666666666667,0.03666666666666667,11,300
zhen23,25,0.01484243658210945,S1_design,1127,2175.9133333333334,0.0,0,300
zhen23,25,0.01484243658210945,S2_fixed,10,115.46666666666667,0.17666666666666667,53,300
zhen23,25,0.01484243658210945,S2_fixed,14,124.02666666666667,0.10666666666666667,32,300
zhen23,25,0.01484243658210945,S2_fixed,20,136.47333333333333,0.15333333333333332,46,300
zhen23,25,0.01484243658210945,S2_fixed,29,153.88,0.11333333333333333,34,300
zhen23,25,0.01484243658210945,S2_fixed,42,179.83333333333334,0.09,27,300
zhen23,25,0.01484243658210945,S2_fixed,61,216.36666666666667,0.08333333333333333,25,300
zhen23,25,0.01484243658210945,S2_fixed,88,271.28,0.08,24,300
zhen23,25,0.01484243658210945,S2_fixed,127,347.6333333333333,0.10666666666666667,32,300
zhen23,25,0.01484243658210945,S2_fixed,183,465.66,0.08,24,300
zhen23,25,0.01484243658210945,S2_fixed,263,622.4333333333333,0.06,18,300
zhen23,25,0.01484243658210945,S2_fixed,378,848.9733333333334,0.08666666666666667,26,300
zhen23,25,0.01484243658210945,S2_fixed,544,1182.8066666666666,0.04666666666666667,14,300
zhen23,25,0.01484243658210945,S2_fixed,783,1662.7666666666667,0.03,9,300
zhen23,25,0.01484243658210945,S2_fixed,1127,2175.9133333333334,0.0,0,300
zhen23,25,0.01484243658210945,S3_select,10,115.46666666666667,0.11666666666666667,35,300
zhen23,25,0.01484243658210945,S3_select,14,124.02666666666667,0.1,30,300
zhen23,25,0.01484243658210945,S3_select,20,136.47333333333333,0.10666666666666667,32,300
zhen23,25,0.01484243658210945,S3_select,29,153.88,0.11,33,300
zhen23,25,0.01484243658210945,S3_select,42,179.83333333333334,0.08,24,300
zhen23,25,0.01484243658210945,S3_select,61,216.36666666666667,0.07666666666666666,23,300
zhen23,25,0.01484243658210945,S3_select,88,271.28,0.07666666666666666,23,300
zhen23,25,0.01484243658210945,S3_select,127,347.6333333333333,0.10333333333333333,31,300
zhen23,25,0.01484243658210945,S3_select,183,465.66,0.09,27,300
zhen23,25,0.01484243658210945,S3_select,263,622.4333333333333,0.04666666666666667,14,300
zhen23,25,0.01484243658210945,S3_select,378,848.9733333333334,0.07333333333333333,22,300
zhen23,25,0.01484243658210945,S3_select,544,1182.8066666666666,0.05,15,300
zhen23,25,0.01484243658210945,S3_select,783,1662.7666666666667,0.02666666666666667,8,300
zhen23,25,0.01484243658210945,S3_select,1127,2175.9133333333334,0.0,0,300
zhen23,25,0.01484243658210945,S4_select_or_abstain,10,115.46666666666667,0.11666666666666667,35,300
zhen23,25,0.01484243658210945,S4_select_or_abstain,14,124.02666666666667,0.1,30,300
zhen23,25,0.01484243658210945,S4_select_or_abstain,20,136.47333333333333,0.10666666666666667,32,300
zhen23,25,0.01484243658210945,S4_select_or_abstain,29,153.88,0.10666666666666667,32,300
zhen23,25,0.01484243658210945,S4_select_or_abstain,42,179.83333333333334,0.08,24,300
zhen23,25,0.01484243658210945,S4_select_or_abstain,61,216.36666666666667,0.07666666666666666,23,300
zhen23,25,0.01484243658210945,S4_select_or_abstain,88,271.28,0.07666666666666666,23,300
zhen23,25,0.01484243658210945,S4_select_or_abstain,127,347.6333333333333,0.10666666666666667,32,300
zhen23,25,0.01484243658210945,S4_select_or_abstain,183,465.66,0.09,27,300
zhen23,25,0.01484243658210945,S4_select_or_abstain,263,622.4333333333333,0.04666666666666667,14,300
zhen23,25,0.01484243658210945,S4_select_or_abstain,378,848.9733333333334,0.07333333333333333,22,300
zhen23,25,0.01484243658210945,S4_select_or_abstain,544,1182.8066666666666,0.05,15,300
zhen23,25,0.01484243658210945,S4_select_or_abstain,783,1662.7666666666667,0.02666666666666667,8,300
zhen23,25,0.01484243658210945,S4_select_or_abstain,1127,2175.9133333333334,0.0,0,300
zhen23,34,0.001158198810535252,S1_design,10,85.65666666666667,0.09,27,300
zhen23,34,0.001158198810535252,S1_design,14,93.88333333333334,0.1,30,300
zhen23,34,0.001158198810535252,S1_design,20,105.91,0.13666666666666666,41,300
zhen23,34,0.001158198810535252,S1_design,29,123.01,0.11666666666666667,35,300
zhen23,34,0.001158198810535252,S1_design,42,149.85,0.08666666666666667,26,300
zhen23,34,0.001158198810535252,S1_design,61,186.03,0.14,42,300
zhen23,34,0.001158198810535252,S1_design,88,241.23,0.06,18,300
zhen23,34,0.001158198810535252,S1_design,127,318.99666666666667,0.08333333333333333,25,300
zhen23,34,0.001158198810535252,S1_design,183,431.56333333333333,0.07,21,300
zhen23,34,0.001158198810535252,S1_design,263,593.3166666666667,0.08,24,300
zhen23,34,0.001158198810535252,S1_design,378,770.3233333333334,0.0,0,300
zhen23,34,0.001158198810535252,S1_design,544,770.3233333333334,0.0,0,300
zhen23,34,0.001158198810535252,S1_design,783,770.3233333333334,0.0,0,300
zhen23,34,0.001158198810535252,S1_design,1127,770.3233333333334,0.0,0,300
zhen23,34,0.001158198810535252,S2_fixed,10,85.65666666666667,0.09,27,300
zhen23,34,0.001158198810535252,S2_fixed,14,93.88333333333334,0.10333333333333333,31,300
zhen23,34,0.001158198810535252,S2_fixed,20,105.91,0.14,42,300
zhen23,34,0.001158198810535252,S2_fixed,29,123.01,0.12666666666666668,38,300
zhen23,34,0.001158198810535252,S2_fixed,42,149.85,0.08666666666666667,26,300
zhen23,34,0.001158198810535252,S2_fixed,61,186.03,0.14,42,300
zhen23,34,0.001158198810535252,S2_fixed,88,241.23,0.06666666666666667,20,300
zhen23,34,0.001158198810535252,S2_fixed,127,318.99666666666667,0.08,24,300
zhen23,34,0.001158198810535252,S2_fixed,183,431.56333333333333,0.08,24,300
zhen23,34,0.001158198810535252,S2_fixed,263,593.3166666666667,0.07666666666666666,23,300
zhen23,34,0.001158198810535252,S2_fixed,378,770.3233333333334,0.0,0,300
zhen23,34,0.001158198810535252,S2_fixed,544,770.3233333333334,0.0,0,300
zhen23,34,0.001158198810535252,S2_fixed,783,770.3233333333334,0.0,0,300
zhen23,34,0.001158198810535252,S2_fixed,1127,770.3233333333334,0.0,0,300
zhen23,34,0.001158198810535252,S3_select,10,85.65666666666667,0.04666666666666667,14,300
zhen23,34,0.001158198810535252,S3_select,14,93.88333333333334,0.08333333333333333,25,300
zhen23,34,0.001158198810535252,S3_select,20,105.91,0.12333333333333334,37,300
zhen23,34,0.001158198810535252,S3_select,29,123.01,0.10333333333333333,31,300
zhen23,34,0.001158198810535252,S3_select,42,149.85,0.08,24,300
zhen23,34,0.001158198810535252,S3_select,61,186.03,0.13333333333333333,40,300
zhen23,34,0.001158198810535252,S3_select,88,241.23,0.07,21,300
zhen23,34,0.001158198810535252,S3_select,127,318.99666666666667,0.08,24,300
zhen23,34,0.001158198810535252,S3_select,183,431.56333333333333,0.06666666666666667,20,300
zhen23,34,0.001158198810535252,S3_select,263,593.3166666666667,0.08666666666666667,26,300
zhen23,34,0.001158198810535252,S3_select,378,770.3233333333334,0.0,0,300
zhen23,34,0.001158198810535252,S3_select,544,770.3233333333334,0.0,0,300
zhen23,34,0.001158198810535252,S3_select,783,770.3233333333334,0.0,0,300
zhen23,34,0.001158198810535252,S3_select,1127,770.3233333333334,0.0,0,300
zhen23,34,0.001158198810535252,S4_select_or_abstain,10,85.65666666666667,0.05,15,300
zhen23,34,0.001158198810535252,S4_select_or_abstain,14,93.88333333333334,0.08333333333333333,25,300
zhen23,34,0.001158198810535252,S4_select_or_abstain,20,105.91,0.12333333333333334,37,300
zhen23,34,0.001158198810535252,S4_select_or_abstain,29,123.01,0.10333333333333333,31,300
zhen23,34,0.001158198810535252,S4_select_or_abstain,42,149.85,0.08,24,300
zhen23,34,0.001158198810535252,S4_select_or_abstain,61,186.03,0.13333333333333333,40,300
zhen23,34,0.001158198810535252,S4_select_or_abstain,88,241.23,0.07333333333333333,22,300
zhen23,34,0.001158198810535252,S4_select_or_abstain,127,318.99666666666667,0.08,24,300
zhen23,34,0.001158198810535252,S4_select_or_abstain,183,431.56333333333333,0.06666666666666667,20,300
zhen23,34,0.001158198810535252,S4_select_or_abstain,263,593.3166666666667,0.08666666666666667,26,300
zhen23,34,0.001158198810535252,S4_select_or_abstain,378,770.3233333333334,0.0,0,300
zhen23,34,0.001158198810535252,S4_select_or_abstain,544,770.3233333333334,0.0,0,300
zhen23,34,0.001158198810535252,S4_select_or_abstain,783,770.3233333333334,0.0,0,300
zhen23,34,0.001158198810535252,S4_select_or_abstain,1127,770.3233333333334,0.0,0,300
zhen23,35,0.013438901565723983,S1_design,10,115.52666666666667,0.21666666666666667,65,300
zhen23,35,0.013438901565723983,S1_design,14,124.1,0.15333333333333332,46,300
zhen23,35,0.013438901565723983,S1_design,20,136.58,0.15333333333333332,46,300
zhen23,35,0.013438901565723983,S1_design,29,153.9,0.11666666666666667,35,300
zhen23,35,0.013438901565723983,S1_design,42,179.95333333333335,0.10333333333333333,31,300
zhen23,35,0.013438901565723983,S1_design,61,216.45333333333335,0.11666666666666667,35,300
zhen23,35,0.013438901565723983,S1_design,88,271.32,0.08333333333333333,25,300
zhen23,35,0.013438901565723983,S1_design,127,347.58,0.1,30,300
zhen23,35,0.013438901565723983,S1_design,183,465.5733333333333,0.09666666666666666,29,300
zhen23,35,0.013438901565723983,S1_design,263,622.4266666666666,0.05,15,300
zhen23,35,0.013438901565723983,S1_design,378,849.02,0.09,27,300
zhen23,35,0.013438901565723983,S1_design,544,1182.8733333333332,0.06,18,300
zhen23,35,0.013438901565723983,S1_design,783,1662.6866666666667,0.03,9,300
zhen23,35,0.013438901565723983,S1_design,1127,2177.8533333333335,0.0,0,300
zhen23,35,0.013438901565723983,S2_fixed,10,115.52666666666667,0.18,54,300
zhen23,35,0.013438901565723983,S2_fixed,14,124.1,0.12,36,300
zhen23,35,0.013438901565723983,S2_fixed,20,136.58,0.14333333333333334,43,300
zhen23,35,0.013438901565723983,S2_fixed,29,153.9,0.1,30,300
zhen23,35,0.013438901565723983,S2_fixed,42,179.95333333333335,0.09333333333333334,28,300
zhen23,35,0.013438901565723983,S2_fixed,61,216.45333333333335,0.09,27,300
zhen23,35,0.013438901565723983,S2_fixed,88,271.32,0.08333333333333333,25,300
zhen23,35,0.013438901565723983,S2_fixed,127,347.58,0.11,33,300
zhen23,35,0.013438901565723983,S2_fixed,183,465.5733333333333,0.08333333333333333,25,300
zhen23,35,0.013438901565723983,S2_fixed,263,622.4266666666666,0.043333333333333335,13,300
zhen23,35,0.013438901565723983,S2_fixed,378,849.02,0.08333333333333333,25,300
zhen23,35,0.013438901565723983,S2_fixed,544,1182.8733333333332,0.06,18,300
zhen23,35,0.013438901565723983,S2_fixed,783,1662.6866666666667,0.02666666666666667,8,300
zhen23,35,0.013438901565723983,S2_fixed,1127,2177.8533333333335,0.0,0,300
zhen23,35,0.013438901565723983,S3_select,10,115.52666666666667,0.13,39,300
zhen23,35,0.013438901565723983,S3_select,14,124.1,0.09666666666666666,29,300
zhen23,35,0.013438901565723983,S3_select,20,136.58,0.12,36,300
zhen23,35,0.013438901565723983,S3_select,29,153.9,0.10333333333333333,31,300
zhen23,35,0.013438901565723983,S3_select,42,179.95333333333335,0.10666666666666667,32,300
zhen23,35,0.013438901565723983,S3_select,61,216.45333333333335,0.09,27,300
zhen23,35,0.013438901565723983,S3_select,88,271.32,0.08,24,300
zhen23,35,0.013438901565723983,S3_select,127,347.58,0.09,27,300
zhen23,35,0.013438901565723983,S3_select,183,465.5733333333333,0.09333333333333334,28,300
zhen23,35,0.013438901565723983,S3_select,263,622.4266666666666,0.06,18,300
zhen23,35,0.013438901565723983,S3_select,378,849.02,0.05,15,300
zhen23,35,0.013438901565723983,S3_select,544,1182.8733333333332,0.05333333333333334,16,300
zhen23,35,0.013438901565723983,S3_select,783,1662.6866666666667,0.03666666666666667,11,300
zhen23,35,0.013438901565723983,S3_select,1127,2177.8533333333335,0.0,0,300
zhen23,35,0.013438901565723983,S4_select_or_abstain,10,115.52666666666667,0.13,39,300
zhen23,35,0.013438901565723983,S4_select_or_abstain,14,124.1,0.09666666666666666,29,300
zhen23,35,0.013438901565723983,S4_select_or_abstain,20,136.58,0.12,36,300
zhen23,35,0.013438901565723983,S4_select_or_abstain,29,153.9,0.1,30,300
zhen23,35,0.013438901565723983,S4_select_or_abstain,42,179.95333333333335,0.10666666666666667,32,300
zhen23,35,0.013438901565723983,S4_select_or_abstain,61,216.45333333333335,0.09,27,300
zhen23,35,0.013438901565723983,S4_select_or_abstain,88,271.32,0.08,24,300
zhen23,35,0.013438901565723983,S4_select_or_abstain,127,347.58,0.09,27,300
zhen23,35,0.013438901565723983,S4_select_or_abstain,183,465.5733333333333,0.09333333333333334,28,300
zhen23,35,0.013438901565723983,S4_select_or_abstain,263,622.4266666666666,0.06,18,300
zhen23,35,0.013438901565723983,S4_select_or_abstain,378,849.02,0.05,15,300
zhen23,35,0.013438901565723983,S4_select_or_abstain,544,1182.8733333333332,0.05333333333333334,16,300
zhen23,35,0.013438901565723983,S4_select_or_abstain,783,1662.6866666666667,0.03666666666666667,11,300
zhen23,35,0.013438901565723983,S4_select_or_abstain,1127,2177.8533333333335,0.0,0,300
zhen23,45,0.014597100376259234,S1_design,10,115.31,0.17333333333333334,52,300
zhen23,45,0.014597100376259234,S1_design,14,123.72333333333333,0.14333333333333334,43,300
zhen23,45,0.014597100376259234,S1_design,20,136.33666666666667,0.13666666666666666,41,300
zhen23,45,0.014597100376259234,S1_design,29,153.71,0.1,30,300
zhen23,45,0.014597100376259234,S1_design,42,179.69,0.09,27,300
zhen23,45,0.014597100376259234,S1_design,61,216.09,0.09666666666666666,29,300
zhen23,45,0.014597100376259234,S1_design,88,270.99666666666667,0.07666666666666666,23,300
zhen23,45,0.014597100376259234,S1_design,127,347.36333333333334,0.1,30,300
zhen23,45,0.014597100376259234,S1_design,183,465.23,0.06,18,300
zhen23,45,0.014597100376259234,S1_design,263,622.05,0.05,15,300
zhen23,45,0.014597100376259234,S1_design,378,848.99,0.056666666666666664,17,300
zhen23,45,0.014597100376259234,S1_design,544,1182.65,0.04,12,300
zhen23,45,0.014597100376259234,S1_design,783,1662.71,0.03333333333333333,10,300
zhen23,45,0.014597100376259234,S1_design,1127,2166.1566666666668,0.0,0,300
zhen23,45,0.014597100376259234,S2_fixed,10,115.31,0.15,45,300
zhen23,45,0.014597100376259234,S2_fixed,14,123.72333333333333,0.13,39,300
zhen23,45,0.014597100376259234,S2_fixed,20,136.33666666666667,0.12,36,300
zhen23,45,0.014597100376259234,S2_fixed,29,153.71,0.07333333333333333,22,300
zhen23,45,0.014597100376259234,S2_fixed,42,179.69,0.07666666666666666,23,300
zhen23,45,0.014597100376259234,S2_fixed,61,216.09,0.09,27,300
zhen23,45,0.014597100376259234,S2_fixed,88,270.99666666666667,0.07666666666666666,23,300
zhen23,45,0.014597100376259234,S2_fixed,127,347.36333333333334,0.1,30,300
zhen23,45,0.014597100376259234,S2_fixed,183,465.23,0.05,15,300
zhen23,45,0.014597100376259234,S2_fixed,263,622.05,0.04666666666666667,14,300
zhen23,45,0.014597100376259234,S2_fixed,378,848.99,0.056666666666666664,17,300
zhen23,45,0.014597100376259234,S2_fixed,544,1182.65,0.04666666666666667,14,300
zhen23,45,0.014597100376259234,S2_fixed,783,1662.71,0.023333333333333334,7,300
zhen23,45,0.014597100376259234,S2_fixed,1127,2166.1566666666668,0.0,0,300
zhen23,45,0.014597100376259234,S3_select,10,115.31,0.10666666666666667,32,300
zhen23,45,0.014597100376259234,S3_select,14,123.72333333333333,0.09,27,300
zhen23,45,0.014597100376259234,S3_select,20,136.33666666666667,0.10333333333333333,31,300
zhen23,45,0.014597100376259234,S3_select,29,153.71,0.1,30,300
zhen23,45,0.014597100376259234,S3_select,42,179.69,0.1,30,300
zhen23,45,0.014597100376259234,S3_select,61,216.09,0.07666666666666666,23,300
zhen23,45,0.014597100376259234,S3_select,88,270.99666666666667,0.07,21,300
zhen23,45,0.014597100376259234,S3_select,127,347.36333333333334,0.09,27,300
zhen23,45,0.014597100376259234,S3_select,183,465.23,0.05,15,300
zhen23,45,0.014597100376259234,S3_select,263,622.05,0.03666666666666667,11,300
zhen23,45,0.014597100376259234,S3_select,378,848.99,0.03333333333333333,10,300
zhen23,45,0.014597100376259234,S3_select,544,1182.65,0.03666666666666667,11,300
zhen23,45,0.014597100376259234,S3_select,783,1662.71,0.02666666666666667,8,300
zhen23,45,0.014597100376259234,S3_select,1127,2166.1566666666668,0.0,0,300
zhen23,45,0.014597100376259234,S4_select_or_abstain,10,115.31,0.11,33,300
zhen23,45,0.014597100376259234,S4_select_or_abstain,14,123.72333333333333,0.09,27,300
zhen23,45,0.014597100376259234,S4_select_or_abstain,20,136.33666666666667,0.10333333333333333,31,300
zhen23,45,0.014597100376259234,S4_select_or_abstain,29,153.71,0.10333333333333333,31,300
zhen23,45,0.014597100376259234,S4_select_or_abstain,42,179.69,0.1,30,300
zhen23,45,0.014597100376259234,S4_select_or_abstain,61,216.09,0.07666666666666666,23,300
zhen23,45,0.014597100376259234,S4_select_or_abstain,88,270.99666666666667,0.07,21,300
zhen23,45,0.014597100376259234,S4_select_or_abstain,127,347.36333333333334,0.09,27,300
zhen23,45,0.014597100376259234,S4_select_or_abstain,183,465.23,0.05,15,300
zhen23,45,0.014597100376259234,S4_select_or_abstain,263,622.05,0.03666666666666667,11,300
zhen23,45,0.014597100376259234,S4_select_or_abstain,378,848.99,0.03333333333333333,10,300
zhen23,45,0.014597100376259234,S4_select_or_abstain,544,1182.65,0.03666666666666667,11,300
zhen23,45,0.014597100376259234,S4_select_or_abstain,783,1662.71,0.03,9,300
zhen23,45,0.014597100376259234,S4_select_or_abstain,1127,2166.1566666666668,0.0,0,300
