lp,pair,eps,strategy,budget,cost,wrong,n_wrong,n_draws
ende,01,0.01,S1_design,10,112.12666666666667,0.0,0,300
ende,01,0.01,S1_design,14,120.72666666666667,0.0,0,300
ende,01,0.01,S1_design,21,134.85333333333332,0.0,0,300
ende,01,0.01,S1_design,30,152.55333333333334,0.0,0,300
ende,01,0.01,S1_design,44,181.2,0.0,0,300
ende,01,0.01,S1_design,64,220.94666666666666,0.0,0,300
ende,01,0.01,S1_design,93,279.91333333333336,0.0,0,300
ende,01,0.01,S1_design,135,363.91333333333336,0.0,0,300
ende,01,0.01,S1_design,196,484.28,0.0,0,300
ende,01,0.01,S1_design,285,663.5266666666666,0.0,0,300
ende,01,0.01,S1_design,413,917.0733333333334,0.0,0,300
ende,01,0.01,S1_design,600,1292.9666666666667,0.0,0,300
ende,01,0.01,S1_design,871,1833.64,0.0,0,300
ende,01,0.01,S1_design,1265,2257.193333333333,0.0,0,300
ende,01,0.01,S2_fixed,10,112.12666666666667,0.0,0,300
ende,01,0.01,S2_fixed,14,120.72666666666667,0.0,0,300
ende,01,0.01,S2_fixed,21,134.85333333333332,0.0,0,300
ende,01,0.01,S2_fixed,30,152.55333333333334,0.0,0,300
ende,01,0.01,S2_fixed,44,181.2,0.0,0,300
ende,01,0.01,S2_fixed,64,220.94666666666666,0.0,0,300
ende,01,0.01,S2_fixed,93,279.91333333333336,0.0,0,300
ende,01,0.01,S2_fixed,135,363.91333333333336,0.0,0,300
ende,01,0.01,S2_fixed,196,484.28,0.0,0,300
ende,01,0.01,S2_fixed,285,663.5266666666666,0.0,0,300
ende,01,0.01,S2_fixed,413,917.0733333333334,0.0,0,300
ende,01,0.01,S2_fixed,600,1292.9666666666667,0.0,0,300
ende,01,0.01,S2_fixed,871,1833.64,0.0,0,300
ende,01,0.01,S2_fixed,1265,2257.193333333333,0.0,0,300
ende,01,0.01,S3_select,10,112.12666666666667,0.0,0,300
ende,01,0.01,S3_select,14,120.72666666666667,0.0,0,300
ende,01,0.01,S3_select,21,134.85333333333332,0.0,0,300
ende,01,0.01,S3_select,30,152.55333333333334,0.0,0,300
ende,01,0.01,S3_select,44,181.2,0.0,0,300
ende,01,0.01,S3_select,64,220.94666666666666,0.0,0,300
ende,01,0.01,S3_select,93,279.91333333333336,0.0,0,300
ende,01,0.01,S3_select,135,363.91333333333336,0.0,0,300
ende,01,0.01,S3_select,196,484.28,0.0,0,300
ende,01,0.01,S3_select,285,663.5266666666666,0.0,0,300
ende,01,0.01,S3_select,413,917.0733333333334,0.0,0,300
ende,01,0.01,S3_select,600,1292.9666666666667,0.0,0,300
ende,01,0.01,S3_select,871,1833.64,0.0,0,300
ende,01,0.01,S3_select,1265,2257.193333333333,0.0,0,300
ende,01,0.01,S4_select_or_abstain,10,112.12666666666667,0.0,0,300
ende,01,0.01,S4_select_or_abstain,14,120.72666666666667,0.0,0,300
ende,01,0.01,S4_select_or_abstain,21,134.85333333333332,0.0,0,300
ende,01,0.01,S4_select_or_abstain,30,152.55333333333334,0.0,0,300
ende,01,0.01,S4_select_or_abstain,44,181.2,0.0,0,300
ende,01,0.01,S4_select_or_abstain,64,220.94666666666666,0.0,0,300
ende,01,0.01,S4_select_or_abstain,93,279.91333333333336,0.0,0,300
ende,01,0.01,S4_select_or_abstain,135,363.91333333333336,0.0,0,300
ende,01,0.01,S4_select_or_abstain,196,484.28,0.0,0,300
ende,01,0.01,S4_select_or_abstain,285,663.5266666666666,0.0,0,300
ende,01,0.01,S4_select_or_abstain,413,917.0733333333334,0.0,0,300
ende,01,0.01,S4_select_or_abstain,600,1292.9666666666667,0.0,0,300
ende,01,0.01,S4_select_or_abstain,871,1833.64,0.0,0,300
ende,01,0.01,S4_select_or_abstain,1265,2257.193333333333,0.0,0,300
ende,01,0.02,S1_design,10,112.12666666666667,0.0,0,300
ende,01,0.02,S1_design,14,120.72666666666667,0.0,0,300
ende,01,0.02,S1_design,21,134.85333333333332,0.0,0,300
ende,01,0.02,S1_design,30,152.55333333333334,0.0,0,300
ende,01,0.02,S1_design,44,181.2,0.0,0,300
ende,01,0.02,S1_design,64,220.94666666666666,0.0,0,300
ende,01,0.02,S1_design,93,279.91333333333336,0.0,0,300
ende,01,0.02,S1_design,135,363.91333333333336,0.0,0,300
ende,01,0.02,S1_design,196,484.28,0.0,0,300
ende,01,0.02,S1_design,285,663.5266666666666,0.0,0,300
ende,01,0.02,S1_design,413,917.0733333333334,0.0,0,300
ende,01,0.02,S1_design,600,1292.9666666666667,0.0,0,300
ende,01,0.02,S1_design,871,1833.64,0.0,0,300
ende,01,0.02,S1_design,1265,2257.193333333333,0.0,0,300
ende,01,0.02,S2_fixed,10,112.12666666666667,0.0,0,300
ende,01,0.02,S2_fixed,14,120.72666666666667,0.0,0,300
ende,01,0.02,S2_fixed,21,134.85333333333332,0.0,0,300
ende,01,0.02,S2_fixed,30,152.55333333333334,0.0,0,300
ende,01,0.02,S2_fixed,44,181.2,0.0,0,300
ende,01,0.02,S2_fixed,64,220.94666666666666,0.0,0,300
ende,01,0.02,S2_fixed,93,279.91333333333336,0.0,0,300
ende,01,0.02,S2_fixed,135,363.91333333333336,0.0,0,300
ende,01,0.02,S2_fixed,196,484.28,0.0,0,300
ende,01,0.02,S2_fixed,285,663.5266666666666,0.0,0,300
ende,01,0.02,S2_fixed,413,917.0733333333334,0.0,0,300
ende,01,0.02,S2_fixed,600,1292.9666666666667,0.0,0,300
ende,01,0.02,S2_fixed,871,1833.64,0.0,0,300
ende,01,0.02,S2_fixed,1265,2257.193333333333,0.0,0,300
ende,01,0.02,S3_select,10,112.12666666666667,0.0,0,300
ende,01,0.02,S3_select,14,120.72666666666667,0.0,0,300
ende,01,0.02,S3_select,21,134.85333333333332,0.0,0,300
ende,01,0.02,S3_select,30,152.55333333333334,0.0,0,300
ende,01,0.02,S3_select,44,181.2,0.0,0,300
ende,01,0.02,S3_select,64,220.94666666666666,0.0,0,300
ende,01,0.02,S3_select,93,279.91333333333336,0.0,0,300
ende,01,0.02,S3_select,135,363.91333333333336,0.0,0,300
ende,01,0.02,S3_select,196,484.28,0.0,0,300
ende,01,0.02,S3_select,285,663.5266666666666,0.0,0,300
ende,01,0.02,S3_select,413,917.0733333333334,0.0,0,300
ende,01,0.02,S3_select,600,1292.9666666666667,0.0,0,300
ende,01,0.02,S3_select,871,1833.64,0.0,0,300
ende,01,0.02,S3_select,1265,2257.193333333333,0.0,0,300
ende,01,0.02,S4_select_or_abstain,10,112.12666666666667,0.0,0,300
ende,01,0.02,S4_select_or_abstain,14,120.72666666666667,0.0,0,300
ende,01,0.02,S4_select_or_abstain,21,134.85333333333332,0.0,0,300
ende,01,0.02,S4_select_or_abstain,30,152.55333333333334,0.0,0,300
ende,01,0.02,S4_select_or_abstain,44,181.2,0.0,0,300
ende,01,0.02,S4_select_or_abstain,64,220.94666666666666,0.0,0,300
ende,01,0.02,S4_select_or_abstain,93,279.91333333333336,0.0,0,300
ende,01,0.02,S4_select_or_abstain,135,363.91333333333336,0.0,0,300
ende,01,0.02,S4_select_or_abstain,196,484.28,0.0,0,300
ende,01,0.02,S4_select_or_abstain,285,663.5266666666666,0.0,0,300
ende,01,0.02,S4_select_or_abstain,413,917.0733333333334,0.0,0,300
ende,01,0.02,S4_select_or_abstain,600,1292.9666666666667,0.0,0,300
ende,01,0.02,S4_select_or_abstain,871,1833.64,0.0,0,300
ende,01,0.02,S4_select_or_abstain,1265,2257.193333333333,0.0,0,300
ende,02,0.01,S1_design,10,112.12,0.06,18,300
ende,02,0.01,S1_design,14,120.80666666666667,0.06,18,300
ende,02,0.01,S1_design,21,134.89333333333335,0.02666666666666667,8,300
ende,02,0.01,S1_design,30,152.69333333333333,0.02666666666666667,8,300
ende,02,0.01,S1_design,44,180.96,0.02666666666666667,8,300
ende,02,0.01,S1_design,64,221.00666666666666,0.02666666666666667,8,300
ende,02,0.01,S1_design,93,279.4,0.01,3,300
ende,02,0.01,S1_design,135,363.53333333333336,0.013333333333333334,4,300
ende,02,0.01,S1_design,196,484.62,0.02666666666666667,8,300
ende,02,0.01,S1_design,285,663.7,0.02,6,300
ende,02,0.01,S1_design,413,917.12,0.016666666666666666,5,300
ende,02,0.01,S1_design,600,1293.08,0.013333333333333334,4,300
ende,02,0.01,S1_design,871,1833.5733333333333,0.006666666666666667,2,300
ende,02,0.01,S1_design,1265,2255.213333333333,0.0,0,300
ende,02,0.01,S2_fixed,10,112.12,0.03333333333333333,10,300
ende,02,0.01,S2_fixed,14,120.80666666666667,0.05333333333333334,16,300
ende,02,0.01,S2_fixed,21,134.89333333333335,0.016666666666666666,5,300
ende,02,0.01,S2_fixed,30,152.69333333333333,0.02666666666666667,8,300
ende,02,0.01,S2_fixed,44,180.96,0.02,6,300
ende,02,0.01,S2_fixed,64,221.00666666666666,0.02,6,300
ende,02,0.01,S2_fixed,93,279.4,0.006666666666666667,2,300
ende,02,0.01,S2_fixed,135,363.53333333333336,0.023333333333333334,7,300
ende,02,0.01,S2_fixed,196,484.62,0.02666666666666667,8,300
ende,02,0.01,S2_fixed,285,663.7,0.013333333333333334,4,300
ende,02,0.01,S2_fixed,413,917.12,0.0033333333333333335,1,300
ende,02,0.01,S2_fixed,600,1293.08,0.016666666666666666,5,300
ende,02,0.01,S2_fixed,871,1833.5733333333333,0.006666666666666667,2,300
ende,02,0.01,S2_fixed,1265,2255.213333333333,0.0,0,300
ende,02,0.01,S3_select,10,112.12,0.043333333333333335,13,300
ende,02,0.01,S3_select,14,120.80666666666667,0.04,12,300
ende,02,0.01,S3_select,21,134.89333333333335,0.02,6,300
ende,02,0.01,S3_select,30,152.69333333333333,0.03333333333333333,10,300
ende,02,0.01,S3_select,44,180.96,0.023333333333333334,7,300
ende,02,0.01,S3_select,64,221.00666666666666,0.02,6,300
ende,02,0.01,S3_select,93,279.4,0.01,3,300
ende,02,0.01,S3_select,135,363.53333333333336,0.016666666666666666,5,300
ende,02,0.01,S3_select,196,484.62,0.02666666666666667,8,300
ende,02,0.01,S3_select,285,663.7,0.02,6,300
ende,02,0.01,S3_select,413,917.12,0.013333333333333334,4,300
ende,02,0.01,S3_select,600,1293.08,0.013333333333333334,4,300
ende,02,0.01,S3_select,871,1833.5733333333333,0.01,3,300
ende,02,0.01,S3_select,1265,2255.213333333333,0.0,0,300
ende,02,0.01,S4_select_or_abstain,10,112.12,0.043333333333333335,13,300
ende,02,0.01,S4_select_or_abstain,14,120.80666666666667,0.04,12,300
ende,02,0.01,S4_select_or_abstain,21,134.89333333333335,0.02,6,300
ende,02,0.01,S4_select_or_abstain,30,152.69333333333333,0.03333333333333333,10,300
ende,02,0.01,S4_select_or_abstain,44,180.96,0.023333333333333334,7,300
ende,02,0.01,S4_select_or_abstain,64,221.00666666666666,0.02,6,300
ende,02,0.01,S4_select_or_abstain,93,279.4,0.01,3,300
ende,02,0.01,S4_select_or_abstain,135,363.53333333333336,0.016666666666666666,5,300
ende,02,0.01,S4_select_or_abstain,196,484.62,0.02666666666666667,8,300
ende,02,0.01,S4_select_or_abstain,285,663.7,0.02,6,300
ende,02,0.01,S4_select_or_abstain,413,917.12,0.013333333333333334,4,300
ende,02,0.01,S4_select_or_abstain,600,1293.08,0.013333333333333334,4,300
ende,02,0.01,S4_select_or_abstain,871,1833.5733333333333,0.01,3,300
ende,02,0.01,S4_select_or_abstain,1265,2255.213333333333,0.0,0,300
ende,02,0.02,S1_design,10,112.12,0.0,0,300
ende,02,0.02,S1_design,14,120.80666666666667,0.0,0,300
ende,02,0.02,S1_design,21,134.89333333333335,0.0,0,300
ende,02,0.02,S1_design,30,152.69333333333333,0.0,0,300
ende,02,0.02,S1_design,44,180.96,0.0,0,300
ende,02,0.02,S1_design,64,221.00666666666666,0.0,0,300
ende,02,0.02,S1_design,93,279.4,0.0,0,300
ende,02,0.02,S1_design,135,363.53333333333336,0.0,0,300
ende,02,0.02,S1_design,196,484.62,0.0,0,300
ende,02,0.02,S1_design,285,663.7,0.0,0,300
ende,02,0.02,S1_design,413,917.12,0.0,0,300
ende,02,0.02,S1_design,600,1293.08,0.0,0,300
ende,02,0.02,S1_design,871,1833.5733333333333,0.0,0,300
ende,02,0.02,S1_design,1265,2255.213333333333,0.0,0,300
ende,02,0.02,S2_fixed,10,112.12,0.0,0,300
ende,02,0.02,S2_fixed,14,120.80666666666667,0.0,0,300
ende,02,0.02,S2_fixed,21,134.89333333333335,0.0,0,300
ende,02,0.02,S2_fixed,30,152.69333333333333,0.0,0,300
ende,02,0.02,S2_fixed,44,180.96,0.0,0,300
ende,02,0.02,S2_fixed,64,221.00666666666666,0.0,0,300
ende,02,0.02,S2_fixed,93,279.4,0.0,0,300
ende,02,0.02,S2_fixed,135,363.53333333333336,0.0,0,300
ende,02,0.02,S2_fixed,196,484.62,0.0,0,300
ende,02,0.02,S2_fixed,285,663.7,0.0,0,300
ende,02,0.02,S2_fixed,413,917.12,0.0,0,300
ende,02,0.02,S2_fixed,600,1293.08,0.0,0,300
ende,02,0.02,S2_fixed,871,1833.5733333333333,0.0,0,300
ende,02,0.02,S2_fixed,1265,2255.213333333333,0.0,0,300
ende,02,0.02,S3_select,10,112.12,0.0,0,300
ende,02,0.02,S3_select,14,120.80666666666667,0.0,0,300
ende,02,0.02,S3_select,21,134.89333333333335,0.0,0,300
ende,02,0.02,S3_select,30,152.69333333333333,0.0,0,300
ende,02,0.02,S3_select,44,180.96,0.0,0,300
ende,02,0.02,S3_select,64,221.00666666666666,0.0,0,300
ende,02,0.02,S3_select,93,279.4,0.0,0,300
ende,02,0.02,S3_select,135,363.53333333333336,0.0,0,300
ende,02,0.02,S3_select,196,484.62,0.0,0,300
ende,02,0.02,S3_select,285,663.7,0.0,0,300
ende,02,0.02,S3_select,413,917.12,0.0,0,300
ende,02,0.02,S3_select,600,1293.08,0.0,0,300
ende,02,0.02,S3_select,871,1833.5733333333333,0.0,0,300
ende,02,0.02,S3_select,1265,2255.213333333333,0.0,0,300
ende,02,0.02,S4_select_or_abstain,10,112.12,0.0,0,300
ende,02,0.02,S4_select_or_abstain,14,120.80666666666667,0.0,0,300
ende,02,0.02,S4_select_or_abstain,21,134.89333333333335,0.0,0,300
ende,02,0.02,S4_select_or_abstain,30,152.69333333333333,0.0,0,300
ende,02,0.02,S4_select_or_abstain,44,180.96,0.0,0,300
ende,02,0.02,S4_select_or_abstain,64,221.00666666666666,0.0,0,300
ende,02,0.02,S4_select_or_abstain,93,279.4,0.0,0,300
ende,02,0.02,S4_select_or_abstain,135,363.53333333333336,0.0,0,300
ende,02,0.02,S4_select_or_abstain,196,484.62,0.0,0,300
ende,02,0.02,S4_select_or_abstain,285,663.7,0.0,0,300
ende,02,0.02,S4_select_or_abstain,413,917.12,0.0,0,300
ende,02,0.02,S4_select_or_abstain,600,1293.08,0.0,0,300
ende,02,0.02,S4_select_or_abstain,871,1833.5733333333333,0.0,0,300
ende,02,0.02,S4_select_or_abstain,1265,2255.213333333333,0.0,0,300
ende,03,0.01,S1_design,10,112.55,0.0033333333333333335,1,300
ende,03,0.01,S1_design,14,121.10333333333334,0.0033333333333333335,1,300
ende,03,0.01,S1_design,21,135.31666666666666,0.006666666666666667,2,300
ende,03,0.01,S1_design,30,152.95,0.01,3,300
ende,03,0.01,S1_design,44,181.56333333333333,0.0,0,300
ende,03,0.01,S1_design,64,220.78333333333333,0.0,0,300
ende,03,0.01,S1_design,93,280.01,0.0,0,300
ende,03,0.01,S1_design,135,364.12333333333333,0.0,0,300
ende,03,0.01,S1_design,196,484.8566666666667,0.0,0,300
ende,03,0.01,S1_design,285,663.6033333333334,0.0,0,300
ende,03,0.01,S1_design,413,917.61,0.0,0,300
ende,03,0.01,S1_design,600,1293.3366666666666,0.0,0,300
ende,03,0.01,S1_design,871,1833.95,0.0,0,300
ende,03,0.01,S1_design,1265,2272.83,0.0,0,300
ende,03,0.01,S2_fixed,10,112.55,0.0,0,300
ende,03,0.01,S2_fixed,14,121.10333333333334,0.0033333333333333335,1,300
ende,03,0.01,S2_fixed,21,135.31666666666666,0.006666666666666667,2,300
ende,03,0.01,S2_fixed,30,152.95,0.0,0,300
ende,03,0.01,S2_fixed,44,181.56333333333333,0.0033333333333333335,1,300
ende,03,0.01,S2_fixed,64,220.78333333333333,0.0,0,300
ende,03,0.01,S2_fixed,93,280.01,0.0,0,300
ende,03,0.01,S2_fixed,135,364.12333333333333,0.0,0,300
ende,03,0.01,S2_fixed,196,484.8566666666667,0.0,0,300
ende,03,0.01,S2_fixed,285,663.6033333333334,0.0,0,300
ende,03,0.01,S2_fixed,413,917.61,0.0,0,300
ende,03,0.01,S2_fixed,600,1293.3366666666666,0.0,0,300
ende,03,0.01,S2_fixed,871,1833.95,0.0,0,300
ende,03,0.01,S2_fixed,1265,2272.83,0.0,0,300
ende,03,0.01,S3_select,10,112.55,0.0,0,300
ende,03,0.01,S3_select,14,121.10333333333334,0.0033333333333333335,1,300
ende,03,0.01,S3_select,21,135.31666666666666,0.006666666666666667,2,300
ende,03,0.01,S3_select,30,152.95,0.0,0,300
ende,03,0.01,S3_select,44,181.56333333333333,0.0,0,300
ende,03,0.01,S3_select,64,220.78333333333333,0.0,0,300
ende,03,0.01,S3_select,93,280.01,0.0,0,300
ende,03,0.01,S3_select,135,364.12333333333333,0.0,0,300
ende,03,0.01,S3_select,196,484.8566666666667,0.0,0,300
ende,03,0.01,S3_select,285,663.6033333333334,0.0,0,300
ende,03,0.01,S3_select,413,917.61,0.0,0,300
ende,03,0.01,S3_select,600,1293.3366666666666,0.0,0,300
ende,03,0.01,S3_select,871,1833.95,0.0,0,300
ende,03,0.01,S3_select,1265,2272.83,0.0,0,300
ende,03,0.01,S4_select_or_abstain,10,112.55,0.0,0,300
ende,03,0.01,S4_select_or_abstain,14,121.10333333333334,0.0033333333333333335,1,300
ende,03,0.01,S4_select_or_abstain,21,135.31666666666666,0.006666666666666667,2,300
ende,03,0.01,S4_select_or_abstain,30,152.95,0.0,0,300
ende,03,0.01,S4_select_or_abstain,44,181.56333333333333,0.0,0,300
ende,03,0.01,S4_select_or_abstain,64,220.78333333333333,0.0,0,300
ende,03,0.01,S4_select_or_abstain,93,280.01,0.0,0,300
ende,03,0.01,S4_select_or_abstain,135,364.12333333333333,0.0,0,300
ende,03,0.01,S4_select_or_abstain,196,484.8566666666667,0.0,0,300
ende,03,0.01,S4_select_or_abstain,285,663.6033333333334,0.0,0,300
ende,03,0.01,S4_select_or_abstain,413,917.61,0.0,0,300
ende,03,0.01,S4_select_or_abstain,600,1293.3366666666666,0.0,0,300
ende,03,0.01,S4_select_or_abstain,871,1833.95,0.0,0,300
ende,03,0.01,S4_select_or_abstain,1265,2272.83,0.0,0,300
ende,03,0.02,S1_design,10,112.55,0.0,0,300
ende,03,0.02,S1_design,14,121.10333333333334,0.0,0,300
ende,03,0.02,S1_design,21,135.31666666666666,0.0,0,300
ende,03,0.02,S1_design,30,152.95,0.0,0,300
ende,03,0.02,S1_design,44,181.56333333333333,0.0,0,300
ende,03,0.02,S1_design,64,220.78333333333333,0.0,0,300
ende,03,0.02,S1_design,93,280.01,0.0,0,300
ende,03,0.02,S1_design,135,364.12333333333333,0.0,0,300
ende,03,0.02,S1_design,196,484.8566666666667,0.0,0,300
ende,03,0.02,S1_design,285,663.6033333333334,0.0,0,300
ende,03,0.02,S1_design,413,917.61,0.0,0,300
ende,03,0.02,S1_design,600,1293.3366666666666,0.0,0,300
ende,03,0.02,S1_design,871,1833.95,0.0,0,300
ende,03,0.02,S1_design,1265,2272.83,0.0,0,300
ende,03,0.02,S2_fixed,10,112.55,0.0,0,300
ende,03,0.02,S2_fixed,14,121.10333333333334,0.0,0,300
ende,03,0.02,S2_fixed,21,135.31666666666666,0.0,0,300
ende,03,0.02,S2_fixed,30,152.95,0.0,0,300
ende,03,0.02,S2_fixed,44,181.56333333333333,0.0,0,300
ende,03,0.02,S2_fixed,64,220.78333333333333,0.0,0,300
ende,03,0.02,S2_fixed,93,280.01,0.0,0,300
ende,03,0.02,S2_fixed,135,364.12333333333333,0.0,0,300
ende,03,0.02,S2_fixed,196,484.8566666666667,0.0,0,300
ende,03,0.02,S2_fixed,285,663.6033333333334,0.0,0,300
ende,03,0.02,S2_fixed,413,917.61,0.0,0,300
ende,03,0.02,S2_fixed,600,1293.3366666666666,0.0,0,300
ende,03,0.02,S2_fixed,871,1833.95,0.0,0,300
ende,03,0.02,S2_fixed,1265,2272.83,0.0,0,300
ende,03,0.02,S3_select,10,112.55,0.0,0,300
ende,03,0.02,S3_select,14,121.10333333333334,0.0,0,300
ende,03,0.02,S3_select,21,135.31666666666666,0.0,0,300
ende,03,0.02,S3_select,30,152.95,0.0,0,300
ende,03,0.02,S3_select,44,181.56333333333333,0.0,0,300
ende,03,0.02,S3_select,64,220.78333333333333,0.0,0,300
ende,03,0.02,S3_select,93,280.01,0.0,0,300
ende,03,0.02,S3_select,135,364.12333333333333,0.0,0,300
ende,03,0.02,S3_select,196,484.8566666666667,0.0,0,300
ende,03,0.02,S3_select,285,663.6033333333334,0.0,0,300
ende,03,0.02,S3_select,413,917.61,0.0,0,300
ende,03,0.02,S3_select,600,1293.3366666666666,0.0,0,300
ende,03,0.02,S3_select,871,1833.95,0.0,0,300
ende,03,0.02,S3_select,1265,2272.83,0.0,0,300
ende,03,0.02,S4_select_or_abstain,10,112.55,0.0,0,300
ende,03,0.02,S4_select_or_abstain,14,121.10333333333334,0.0,0,300
ende,03,0.02,S4_select_or_abstain,21,135.31666666666666,0.0,0,300
ende,03,0.02,S4_select_or_abstain,30,152.95,0.0,0,300
ende,03,0.02,S4_select_or_abstain,44,181.56333333333333,0.0,0,300
ende,03,0.02,S4_select_or_abstain,64,220.78333333333333,0.0,0,300
ende,03,0.02,S4_select_or_abstain,93,280.01,0.0,0,300
ende,03,0.02,S4_select_or_abstain,135,364.12333333333333,0.0,0,300
ende,03,0.02,S4_select_or_abstain,196,484.8566666666667,0.0,0,300
ende,03,0.02,S4_select_or_abstain,285,663.6033333333334,0.0,0,300
ende,03,0.02,S4_select_or_abstain,413,917.61,0.0,0,300
ende,03,0.02,S4_select_or_abstain,600,1293.3366666666666,0.0,0,300
ende,03,0.02,S4_select_or_abstain,871,1833.95,0.0,0,300
ende,03,0.02,S4_select_or_abstain,1265,2272.83,0.0,0,300
ende,04,0.01,S1_design,10,112.78666666666666,0.0033333333333333335,1,300
ende,04,0.01,S1_design,14,121.54,0.01,3,300
ende,04,0.01,S1_design,21,135.5,0.0033333333333333335,1,300
ende,04,0.01,S1_design,30,153.17333333333335,0.006666666666666667,2,300
ende,04,0.01,S1_design,44,181.94,0.0,0,300
ende,04,0.01,S1_design,64,221.82666666666665,0.0033333333333333335,1,300
ende,04,0.01,S1_design,93,280.37333333333333,0.0,0,300
ende,04,0.01,S1_design,135,364.4866666666667,0.0,0,300
ende,04,0.01,S1_design,196,485.14,0.0,0,300
ende,04,0.01,S1_design,285,664.2,0.0,0,300
ende,04,0.01,S1_design,413,917.8066666666666,0.0,0,300
ende,04,0.01,S1_design,600,1294.6066666666666,0.0,0,300
ende,04,0.01,S1_design,871,1834.2066666666667,0.0,0,300
ende,04,0.01,S1_design,1265,2298.4333333333334,0.0,0,300
ende,04,0.01,S2_fixed,10,112.78666666666666,0.0,0,300
ende,04,0.01,S2_fixed,14,121.54,0.006666666666666667,2,300
ende,04,0.01,S2_fixed,21,135.5,0.0033333333333333335,1,300
ende,04,0.01,S2_fixed,30,153.17333333333335,0.0,0,300
ende,04,0.01,S2_fixed,44,181.94,0.0,0,300
ende,04,0.01,S2_fixed,64,221.82666666666665,0.0,0,300
ende,04,0.01,S2_fixed,93,280.37333333333333,0.0,0,300
ende,04,0.01,S2_fixed,135,364.4866666666667,0.0,0,300
ende,04,0.01,S2_fixed,196,485.14,0.0,0,300
ende,04,0.01,S2_fixed,285,664.2,0.0,0,300
ende,04,0.01,S2_fixed,413,917.8066666666666,0.0,0,300
ende,04,0.01,S2_fixed,600,1294.6066666666666,0.0,0,300
ende,04,0.01,S2_fixed,871,1834.2066666666667,0.0,0,300
ende,04,0.01,S2_fixed,1265,2298.4333333333334,0.0,0,300
ende,04,0.01,S3_select,10,112.78666666666666,0.0,0,300
ende,04,0.01,S3_select,14,121.54,0.0033333333333333335,1,300
ende,04,0.01,S3_select,21,135.5,0.0033333333333333335,1,300
ende,04,0.01,S3_select,30,153.17333333333335,0.0,0,300
ende,04,0.01,S3_select,44,181.94,0.0,0,300
ende,04,0.01,S3_select,64,221.82666666666665,0.0,0,300
ende,04,0.01,S3_select,93,280.37333333333333,0.0,0,300
ende,04,0.01,S3_select,135,364.4866666666667,0.0,0,300
ende,04,0.01,S3_select,196,485.14,0.0,0,300
ende,04,0.01,S3_select,285,664.2,0.0,0,300
ende,04,0.01,S3_select,413,917.8066666666666,0.0,0,300
ende,04,0.01,S3_select,600,1294.6066666666666,0.0,0,300
ende,04,0.01,S3_select,871,1834.2066666666667,0.0,0,300
ende,04,0.01,S3_select,1265,2298.4333333333334,0.0,0,300
ende,04,0.01,S4_select_or_abstain,10,112.78666666666666,0.0,0,300
ende,04,0.01,S4_select_or_abstain,14,121.54,0.0033333333333333335,1,300
ende,04,0.01,S4_select_or_abstain,21,135.5,0.0033333333333333335,1,300
ende,04,0.01,S4_select_or_abstain,30,153.17333333333335,0.0,0,300
ende,04,0.01,S4_select_or_abstain,44,181.94,0.0,0,300
ende,04,0.01,S4_select_or_abstain,64,221.82666666666665,0.0,0,300
ende,04,0.01,S4_select_or_abstain,93,280.37333333333333,0.0,0,300
ende,04,0.01,S4_select_or_abstain,135,364.4866666666667,0.0,0,300
ende,04,0.01,S4_select_or_abstain,196,485.14,0.0,0,300
ende,04,0.01,S4_select_or_abstain,285,664.2,0.0,0,300
ende,04,0.01,S4_select_or_abstain,413,917.8066666666666,0.0,0,300
ende,04,0.01,S4_select_or_abstain,600,1294.6066666666666,0.0,0,300
ende,04,0.01,S4_select_or_abstain,871,1834.2066666666667,0.0,0,300
ende,04,0.01,S4_select_or_abstain,1265,2298.4333333333334,0.0,0,300
ende,04,0.02,S1_design,10,112.78666666666666,0.0,0,300
ende,04,0.02,S1_design,14,121.54,0.0,0,300
ende,04,0.02,S1_design,21,135.5,0.0,0,300
ende,04,0.02,S1_design,30,153.17333333333335,0.0,0,300
ende,04,0.02,S1_design,44,181.94,0.0,0,300
ende,04,0.02,S1_design,64,221.82666666666665,0.0,0,300
ende,04,0.02,S1_design,93,280.37333333333333,0.0,0,300
ende,04,0.02,S1_design,135,364.4866666666667,0.0,0,300
ende,04,0.02,S1_design,196,485.14,0.0,0,300
ende,04,0.02,S1_design,285,664.2,0.0,0,300
ende,04,0.02,S1_design,413,917.8066666666666,0.0,0,300
ende,04,0.02,S1_design,600,1294.6066666666666,0.0,0,300
ende,04,0.02,S1_design,871,1834.2066666666667,0.0,0,300
ende,04,0.02,S1_design,1265,2298.4333333333334,0.0,0,300
ende,04,0.02,S2_fixed,10,112.78666666666666,0.0,0,300
ende,04,0.02,S2_fixed,14,121.54,0.0,0,300
ende,04,0.02,S2_fixed,21,135.5,0.0,0,300
ende,04,0.02,S2_fixed,30,153.17333333333335,0.0,0,300
ende,04,0.02,S2_fixed,44,181.94,0.0,0,300
ende,04,0.02,S2_fixed,64,221.82666666666665,0.0,0,300
ende,04,0.02,S2_fixed,93,280.37333333333333,0.0,0,300
ende,04,0.02,S2_fixed,135,364.4866666666667,0.0,0,300
ende,04,0.02,S2_fixed,196,485.14,0.0,0,300
ende,04,0.02,S2_fixed,285,664.2,0.0,0,300
ende,04,0.02,S2_fixed,413,917.8066666666666,0.0,0,300
ende,04,0.02,S2_fixed,600,1294.6066666666666,0.0,0,300
ende,04,0.02,S2_fixed,871,1834.2066666666667,0.0,0,300
ende,04,0.02,S2_fixed,1265,2298.4333333333334,0.0,0,300
ende,04,0.02,S3_select,10,112.78666666666666,0.0,0,300
ende,04,0.02,S3_select,14,121.54,0.0,0,300
ende,04,0.02,S3_select,21,135.5,0.0,0,300
ende,04,0.02,S3_select,30,153.17333333333335,0.0,0,300
ende,04,0.02,S3_select,44,181.94,0.0,0,300
ende,04,0.02,S3_select,64,221.82666666666665,0.0,0,300
ende,04,0.02,S3_select,93,280.37333333333333,0.0,0,300
ende,04,0.02,S3_select,135,364.4866666666667,0.0,0,300
ende,04,0.02,S3_select,196,485.14,0.0,0,300
ende,04,0.02,S3_select,285,664.2,0.0,0,300
ende,04,0.02,S3_select,413,917.8066666666666,0.0,0,300
ende,04,0.02,S3_select,600,1294.6066666666666,0.0,0,300
ende,04,0.02,S3_select,871,1834.2066666666667,0.0,0,300
ende,04,0.02,S3_select,1265,2298.4333333333334,0.0,0,300
ende,04,0.02,S4_select_or_abstain,10,112.78666666666666,0.0,0,300
ende,04,0.02,S4_select_or_abstain,14,121.54,0.0,0,300
ende,04,0.02,S4_select_or_abstain,21,135.5,0.0,0,300
ende,04,0.02,S4_select_or_abstain,30,153.17333333333335,0.0,0,300
ende,04,0.02,S4_select_or_abstain,44,181.94,0.0,0,300
ende,04,0.02,S4_select_or_abstain,64,221.82666666666665,0.0,0,300
ende,04,0.02,S4_select_or_abstain,93,280.37333333333333,0.0,0,300
ende,04,0.02,S4_select_or_abstain,135,364.4866666666667,0.0,0,300
ende,04,0.02,S4_select_or_abstain,196,485.14,0.0,0,300
ende,04,0.02,S4_select_or_abstain,285,664.2,0.0,0,300
ende,04,0.02,S4_select_or_abstain,413,917.8066666666666,0.0,0,300
ende,04,0.02,S4_select_or_abstain,600,1294.6066666666666,0.0,0,300
ende,04,0.02,S4_select_or_abstain,871,1834.2066666666667,0.0,0,300
ende,04,0.02,S4_select_or_abstain,1265,2298.4333333333334,0.0,0,300
ende,05,0.01,S1_design,10,115.84,0.006666666666666667,2,300
ende,05,0.01,S1_design,14,123.90666666666667,0.006666666666666667,2,300
ende,05,0.01,S1_design,21,138.46,0.0033333333333333335,1,300
ende,05,0.01,S1_design,30,155.61333333333334,0.006666666666666667,2,300
ende,05,0.01,S1_design,44,184.40666666666667,0.0,0,300
ende,05,0.01,S1_design,64,224.15333333333334,0.0,0,300
ende,05,0.01,S1_design,93,283.2133333333333,0.0,0,300
ende,05,0.01,S1_design,135,367.64,0.0,0,300
ende,05,0.01,S1_design,196,487.8933333333333,0.0,0,300
ende,05,0.01,S1_design,285,668.0666666666667,0.0,0,300
ende,05,0.01,S1_design,413,919.96,0.0,0,300
ende,05,0.01,S1_design,600,1297.7266666666667,0.0,0,300
ende,05,0.01,S1_design,871,1837.1066666666666,0.0,0,300
ende,05,0.01,S1_design,1265,2429.713333333333,0.0,0,300
ende,05,0.01,S2_fixed,10,115.84,0.006666666666666667,2,300
ende,05,0.01,S2_fixed,14,123.90666666666667,0.0033333333333333335,1,300
ende,05,0.01,S2_fixed,21,138.46,0.0,0,300
ende,05,0.01,S2_fixed,30,155.61333333333334,0.006666666666666667,2,300
ende,05,0.01,S2_fixed,44,184.40666666666667,0.0,0,300
ende,05,0.01,S2_fixed,64,224.15333333333334,0.0,0,300
ende,05,0.01,S2_fixed,93,283.2133333333333,0.0,0,300
ende,05,0.01,S2_fixed,135,367.64,0.0,0,300
ende,05,0.01,S2_fixed,196,487.8933333333333,0.0,0,300
ende,05,0.01,S2_fixed,285,668.0666666666667,0.0,0,300
ende,05,0.01,S2_fixed,413,919.96,0.0,0,300
ende,05,0.01,S2_fixed,600,1297.7266666666667,0.0,0,300
ende,05,0.01,S2_fixed,871,1837.1066666666666,0.0,0,300
ende,05,0.01,S2_fixed,1265,2429.713333333333,0.0,0,300
ende,05,0.01,S3_select,10,115.84,0.006666666666666667,2,300
ende,05,0.01,S3_select,14,123.90666666666667,0.006666666666666667,2,300
ende,05,0.01,S3_select,21,138.46,0.0,0,300
ende,05,0.01,S3_select,30,155.61333333333334,0.006666666666666667,2,300
ende,05,0.01,S3_select,44,184.40666666666667,0.0,0,300
ende,05,0.01,S3_select,64,224.15333333333334,0.0,0,300
ende,05,0.01,S3_select,93,283.2133333333333,0.0,0,300
ende,05,0.01,S3_select,135,367.64,0.0,0,300
ende,05,0.01,S3_select,196,487.8933333333333,0.0,0,300
ende,05,0.01,S3_select,285,668.0666666666667,0.0,0,300
ende,05,0.01,S3_select,413,919.96,0.0,0,300
ende,05,0.01,S3_select,600,1297.7266666666667,0.0,0,300
ende,05,0.01,S3_select,871,1837.1066666666666,0.0,0,300
ende,05,0.01,S3_select,1265,2429.713333333333,0.0,0,300
ende,05,0.01,S4_select_or_abstain,10,115.84,0.006666666666666667,2,300
ende,05,0.01,S4_select_or_abstain,14,123.90666666666667,0.006666666666666667,2,300
ende,05,0.01,S4_select_or_abstain,21,138.46,0.0,0,300
ende,05,0.01,S4_select_or_abstain,30,155.61333333333334,0.006666666666666667,2,300
ende,05,0.01,S4_select_or_abstain,44,184.40666666666667,0.0,0,300
ende,05,0.01,S4_select_or_abstain,64,224.15333333333334,0.0,0,300
ende,05,0.01,S4_select_or_abstain,93,283.2133333333333,0.0,0,300
ende,05,0.01,S4_select_or_abstain,135,367.64,0.0,0,300
ende,05,0.01,S4_select_or_abstain,196,487.8933333333333,0.0,0,300
ende,05,0.01,S4_select_or_abstain,285,668.0666666666667,0.0,0,300
ende,05,0.01,S4_select_or_abstain,413,919.96,0.0,0,300
ende,05,0.01,S4_select_or_abstain,600,1297.7266666666667,0.0,0,300
ende,05,0.01,S4_select_or_abstain,871,1837.1066666666666,0.0,0,300
ende,05,0.01,S4_select_or_abstain,1265,2429.713333333333,0.0,0,300
ende,05,0.02,S1_design,10,115.84,0.01,3,300
ende,05,0.02,S1_design,14,123.90666666666667,0.006666666666666667,2,300
ende,05,0.02,S1_design,21,138.46,0.01,3,300
ende,05,0.02,S1_design,30,155.61333333333334,0.016666666666666666,5,300
ende,05,0.02,S1_design,44,184.40666666666667,0.0,0,300
ende,05,0.02,S1_design,64,224.15333333333334,0.0,0,300
ende,05,0.02,S1_design,93,283.2133333333333,0.0033333333333333335,1,300
ende,05,0.02,S1_design,135,367.64,0.0033333333333333335,1,300
ende,05,0.02,S1_design,196,487.8933333333333,0.0033333333333333335,1,300
ende,05,0.02,S1_design,285,668.0666666666667,0.0033333333333333335,1,300
ende,05,0.02,S1_design,413,919.96,0.0,0,300
ende,05,0.02,S1_design,600,1297.7266666666667,0.0033333333333333335,1,300
ende,05,0.02,S1_design,871,1837.1066666666666,0.0033333333333333335,1,300
ende,05,0.02,S1_design,1265,2429.713333333333,0.0,0,300
ende,05,0.02,S2_fixed,10,115.84,0.006666666666666667,2,300
ende,05,0.02,S2_fixed,14,123.90666666666667,0.006666666666666667,2,300
ende,05,0.02,S2_fixed,21,138.46,0.01,3,300
ende,05,0.02,S2_fixed,30,155.61333333333334,0.006666666666666667,2,300
ende,05,0.02,S2_fixed,44,184.40666666666667,0.0033333333333333335,1,300
ende,05,0.02,S2_fixed,64,224.15333333333334,0.0,0,300
ende,05,0.02,S2_fixed,93,283.2133333333333,0.0033333333333333335,1,300
ende,05,0.02,S2_fixed,135,367.64,0.0,0,300
ende,05,0.02,S2_fixed,196,487.8933333333333,0.006666666666666667,2,300
ende,05,0.02,S2_fixed,285,668.0666666666667,0.0033333333333333335,1,300
ende,05,0.02,S2_fixed,413,919.96,0.0,0,300
ende,05,0.02,S2_fixed,600,1297.7266666666667,0.0033333333333333335,1,300
ende,05,0.02,S2_fixed,871,1837.1066666666666,0.0,0,300
ende,05,0.02,S2_fixed,1265,2429.713333333333,0.0,0,300
ende,05,0.02,S3_select,10,115.84,0.006666666666666667,2,300
ende,05,0.02,S3_select,14,123.90666666666667,0.006666666666666667,2,300
ende,05,0.02,S3_select,21,138.46,0.01,3,300
ende,05,0.02,S3_select,30,155.61333333333334,0.006666666666666667,2,300
ende,05,0.02,S3_select,44,184.40666666666667,0.0,0,300
ende,05,0.02,S3_select,64,224.15333333333334,0.0033333333333333335,1,300
ende,05,0.02,S3_select,93,283.2133333333333,0.0,0,300
ende,05,0.02,S3_select,135,367.64,0.0,0,300
ende,05,0.02,S3_select,196,487.8933333333333,0.006666666666666667,2,300
ende,05,0.02,S3_select,285,668.0666666666667,0.0033333333333333335,1,300
ende,05,0.02,S3_select,413,919.96,0.0,0,300
ende,05,0.02,S3_select,600,1297.7266666666667,0.0033333333333333335,1,300
ende,05,0.02,S3_select,871,1837.1066666666666,0.0,0,300
ende,05,0.02,S3_select,1265,2429.713333333333,0.0,0,300
ende,05,0.02,S4_select_or_abstain,10,115.84,0.006666666666666667,2,300
ende,05,0.02,S4_select_or_abstain,14,123.90666666666667,0.006666666666666667,2,300
ende,05,0.02,S4_select_or_abstain,21,138.46,0.01,3,300
ende,05,0.02,S4_select_or_abstain,30,155.61333333333334,0.006666666666666667,2,300
ende,05,0.02,S4_select_or_abstain,44,184.40666666666667,0.0,0,300
ende,05,0.02,S4_select_or_abstain,64,224.15333333333334,0.0033333333333333335,1,300
ende,05,0.02,S4_select_or_abstain,93,283.2133333333333,0.0,0,300
ende,05,0.02,S4_select_or_abstain,135,367.64,0.0,0,300
ende,05,0.02,S4_select_or_abstain,196,487.8933333333333,0.006666666666666667,2,300
ende,05,0.02,S4_select_or_abstain,285,668.0666666666667,0.0033333333333333335,1,300
ende,05,0.02,S4_select_or_abstain,413,919.96,0.0,0,300
ende,05,0.02,S4_select_or_abstain,600,1297.7266666666667,0.0033333333333333335,1,300
ende,05,0.02,S4_select_or_abstain,871,1837.1066666666666,0.0,0,300
ende,05,0.02,S4_select_or_abstain,1265,2429.713333333333,0.0,0,300
ende,12,0.01,S1_design,10,107.71666666666667,0.0,0,300
ende,12,0.01,S1_design,14,116.71666666666667,0.0,0,300
ende,12,0.01,S1_design,21,130.44333333333333,0.0,0,300
ende,12,0.01,S1_design,30,148.54333333333332,0.0,0,300
ende,12,0.01,S1_design,44,176.51,0.0,0,300
ende,12,0.01,S1_design,64,216.98333333333332,0.0,0,300
ende,12,0.01,S1_design,93,275.61,0.0,0,300
ende,12,0.01,S1_design,135,359.0233333333333,0.0,0,300
ende,12,0.01,S1_design,196,479.7366666666667,0.0,0,300
ende,12,0.01,S1_design,285,658.8366666666667,0.0,0,300
ende,12,0.01,S1_design,413,911.8833333333333,0.0,0,300
ende,12,0.01,S1_design,600,1288.6633333333334,0.0,0,300
ende,12,0.01,S1_design,871,1830.3633333333332,0.0,0,300
ende,12,0.01,S1_design,1265,2027.71,0.0,0,300
ende,12,0.01,S2_fixed,10,107.71666666666667,0.0,0,300
ende,12,0.01,S2_fixed,14,116.71666666666667,0.0,0,300
ende,12,0.01,S2_fixed,21,130.44333333333333,0.0,0,300
ende,12,0.01,S2_fixed,30,148.54333333333332,0.0,0,300
ende,12,0.01,S2_fixed,44,176.51,0.0,0,300
ende,12,0.01,S2_fixed,64,216.98333333333332,0.0,0,300
ende,12,0.01,S2_fixed,93,275.61,0.0,0,300
ende,12,0.01,S2_fixed,135,359.0233333333333,0.0,0,300
ende,12,0.01,S2_fixed,196,479.7366666666667,0.0,0,300
ende,12,0.01,S2_fixed,285,658.8366666666667,0.0,0,300
ende,12,0.01,S2_fixed,413,911.8833333333333,0.0,0,300
ende,12,0.01,S2_fixed,600,1288.6633333333334,0.0,0,300
ende,12,0.01,S2_fixed,871,1830.3633333333332,0.0,0,300
ende,12,0.01,S2_fixed,1265,2027.71,0.0,0,300
ende,12,0.01,S3_select,10,107.71666666666667,0.0,0,300
ende,12,0.01,S3_select,14,116.71666666666667,0.0,0,300
ende,12,0.01,S3_select,21,130.44333333333333,0.0,0,300
ende,12,0.01,S3_select,30,148.54333333333332,0.0,0,300
ende,12,0.01,S3_select,44,176.51,0.0,0,300
ende,12,0.01,S3_select,64,216.98333333333332,0.0,0,300
ende,12,0.01,S3_select,93,275.61,0.0,0,300
ende,12,0.01,S3_select,135,359.0233333333333,0.0,0,300
ende,12,0.01,S3_select,196,479.7366666666667,0.0,0,300
ende,12,0.01,S3_select,285,658.8366666666667,0.0,0,300
ende,12,0.01,S3_select,413,911.8833333333333,0.0,0,300
ende,12,0.01,S3_select,600,1288.6633333333334,0.0,0,300
ende,12,0.01,S3_select,871,1830.3633333333332,0.0,0,300
ende,12,0.01,S3_select,1265,2027.71,0.0,0,300
ende,12,0.01,S4_select_or_abstain,10,107.71666666666667,0.0,0,300
ende,12,0.01,S4_select_or_abstain,14,116.71666666666667,0.0,0,300
ende,12,0.01,S4_select_or_abstain,21,130.44333333333333,0.0,0,300
ende,12,0.01,S4_select_or_abstain,30,148.54333333333332,0.0,0,300
ende,12,0.01,S4_select_or_abstain,44,176.51,0.0,0,300
ende,12,0.01,S4_select_or_abstain,64,216.98333333333332,0.0,0,300
ende,12,0.01,S4_select_or_abstain,93,275.61,0.0,0,300
ende,12,0.01,S4_select_or_abstain,135,359.0233333333333,0.0,0,300
ende,12,0.01,S4_select_or_abstain,196,479.7366666666667,0.0,0,300
ende,12,0.01,S4_select_or_abstain,285,658.8366666666667,0.0,0,300
ende,12,0.01,S4_select_or_abstain,413,911.8833333333333,0.0,0,300
ende,12,0.01,S4_select_or_abstain,600,1288.6633333333334,0.0,0,300
ende,12,0.01,S4_select_or_abstain,871,1830.3633333333332,0.0,0,300
ende,12,0.01,S4_select_or_abstain,1265,2027.71,0.0,0,300
ende,12,0.02,S1_design,10,107.71666666666667,0.0,0,300
ende,12,0.02,S1_design,14,116.71666666666667,0.0,0,300
ende,12,0.02,S1_design,21,130.44333333333333,0.0,0,300
ende,12,0.02,S1_design,30,148.54333333333332,0.0,0,300
ende,12,0.02,S1_design,44,176.51,0.0,0,300
ende,12,0.02,S1_design,64,216.98333333333332,0.0,0,300
ende,12,0.02,S1_design,93,275.61,0.0,0,300
ende,12,0.02,S1_design,135,359.0233333333333,0.0,0,300
ende,12,0.02,S1_design,196,479.7366666666667,0.0,0,300
ende,12,0.02,S1_design,285,658.8366666666667,0.0,0,300
ende,12,0.02,S1_design,413,911.8833333333333,0.0,0,300
ende,12,0.02,S1_design,600,1288.6633333333334,0.0,0,300
ende,12,0.02,S1_design,871,1830.3633333333332,0.0,0,300
ende,12,0.02,S1_design,1265,2027.71,0.0,0,300
ende,12,0.02,S2_fixed,10,107.71666666666667,0.0,0,300
ende,12,0.02,S2_fixed,14,116.71666666666667,0.0,0,300
ende,12,0.02,S2_fixed,21,130.44333333333333,0.0,0,300
ende,12,0.02,S2_fixed,30,148.54333333333332,0.0,0,300
ende,12,0.02,S2_fixed,44,176.51,0.0,0,300
ende,12,0.02,S2_fixed,64,216.98333333333332,0.0,0,300
ende,12,0.02,S2_fixed,93,275.61,0.0,0,300
ende,12,0.02,S2_fixed,135,359.0233333333333,0.0,0,300
ende,12,0.02,S2_fixed,196,479.7366666666667,0.0,0,300
ende,12,0.02,S2_fixed,285,658.8366666666667,0.0,0,300
ende,12,0.02,S2_fixed,413,911.8833333333333,0.0,0,300
ende,12,0.02,S2_fixed,600,1288.6633333333334,0.0,0,300
ende,12,0.02,S2_fixed,871,1830.3633333333332,0.0,0,300
ende,12,0.02,S2_fixed,1265,2027.71,0.0,0,300
ende,12,0.02,S3_select,10,107.71666666666667,0.0,0,300
ende,12,0.02,S3_select,14,116.71666666666667,0.0,0,300
ende,12,0.02,S3_select,21,130.44333333333333,0.0,0,300
ende,12,0.02,S3_select,30,148.54333333333332,0.0,0,300
ende,12,0.02,S3_select,44,176.51,0.0,0,300
ende,12,0.02,S3_select,64,216.98333333333332,0.0,0,300
ende,12,0.02,S3_select,93,275.61,0.0,0,300
ende,12,0.02,S3_select,135,359.0233333333333,0.0,0,300
ende,12,0.02,S3_select,196,479.7366666666667,0.0,0,300
ende,12,0.02,S3_select,285,658.8366666666667,0.0,0,300
ende,12,0.02,S3_select,413,911.8833333333333,0.0,0,300
ende,12,0.02,S3_select,600,1288.6633333333334,0.0,0,300
ende,12,0.02,S3_select,871,1830.3633333333332,0.0,0,300
ende,12,0.02,S3_select,1265,2027.71,0.0,0,300
ende,12,0.02,S4_select_or_abstain,10,107.71666666666667,0.0,0,300
ende,12,0.02,S4_select_or_abstain,14,116.71666666666667,0.0,0,300
ende,12,0.02,S4_select_or_abstain,21,130.44333333333333,0.0,0,300
ende,12,0.02,S4_select_or_abstain,30,148.54333333333332,0.0,0,300
ende,12,0.02,S4_select_or_abstain,44,176.51,0.0,0,300
ende,12,0.02,S4_select_or_abstain,64,216.98333333333332,0.0,0,300
ende,12,0.02,S4_select_or_abstain,93,275.61,0.0,0,300
ende,12,0.02,S4_select_or_abstain,135,359.0233333333333,0.0,0,300
ende,12,0.02,S4_select_or_abstain,196,479.7366666666667,0.0,0,300
ende,12,0.02,S4_select_or_abstain,285,658.8366666666667,0.0,0,300
ende,12,0.02,S4_select_or_abstain,413,911.8833333333333,0.0,0,300
ende,12,0.02,S4_select_or_abstain,600,1288.6633333333334,0.0,0,300
ende,12,0.02,S4_select_or_abstain,871,1830.3633333333332,0.0,0,300
ende,12,0.02,S4_select_or_abstain,1265,2027.71,0.0,0,300
ende,13,0.01,S1_design,10,107.53,0.0,0,300
ende,13,0.01,S1_design,14,116.15666666666667,0.0,0,300
ende,13,0.01,S1_design,21,130.34333333333333,0.0,0,300
ende,13,0.01,S1_design,30,148.21,0.0,0,300
ende,13,0.01,S1_design,44,176.67,0.0,0,300
ende,13,0.01,S1_design,64,216.11,0.0,0,300
ende,13,0.01,S1_design,93,275.56333333333333,0.0,0,300
ende,13,0.01,S1_design,135,358.4433333333333,0.0,0,300
ende,13,0.01,S1_design,196,480.5966666666667,0.0,0,300
ende,13,0.01,S1_design,285,658.9366666666666,0.0,0,300
ende,13,0.01,S1_design,413,912.7566666666667,0.0,0,300
ende,13,0.01,S1_design,600,1287.7366666666667,0.0,0,300
ende,13,0.01,S1_design,871,1830.57,0.0,0,300
ende,13,0.01,S1_design,1265,2019.77,0.0,0,300
ende,13,0.01,S2_fixed,10,107.53,0.0,0,300
ende,13,0.01,S2_fixed,14,116.15666666666667,0.0,0,300
ende,13,0.01,S2_fixed,21,130.34333333333333,0.0,0,300
ende,13,0.01,S2_fixed,30,148.21,0.0,0,300
ende,13,0.01,S2_fixed,44,176.67,0.0,0,300
ende,13,0.01,S2_fixed,64,216.11,0.0,0,300
ende,13,0.01,S2_fixed,93,275.56333333333333,0.0,0,300
ende,13,0.01,S2_fixed,135,358.4433333333333,0.0,0,300
ende,13,0.01,S2_fixed,196,480.5966666666667,0.0,0,300
ende,13,0.01,S2_fixed,285,658.9366666666666,0.0,0,300
ende,13,0.01,S2_fixed,413,912.7566666666667,0.0,0,300
ende,13,0.01,S2_fixed,600,1287.7366666666667,0.0,0,300
ende,13,0.01,S2_fixed,871,1830.57,0.0,0,300
ende,13,0.01,S2_fixed,1265,2019.77,0.0,0,300
ende,13,0.01,S3_select,10,107.53,0.0,0,300
ende,13,0.01,S3_select,14,116.15666666666667,0.0,0,300
ende,13,0.01,S3_select,21,130.34333333333333,0.0,0,300
ende,13,0.01,S3_select,30,148.21,0.0,0,300
ende,13,0.01,S3_select,44,176.67,0.0,0,300
ende,13,0.01,S3_select,64,216.11,0.0,0,300
ende,13,0.01,S3_select,93,275.56333333333333,0.0,0,300
ende,13,0.01,S3_select,135,358.4433333333333,0.0,0,300
ende,13,0.01,S3_select,196,480.5966666666667,0.0,0,300
ende,13,0.01,S3_select,285,658.9366666666666,0.0,0,300
ende,13,0.01,S3_select,413,912.7566666666667,0.0,0,300
ende,13,0.01,S3_select,600,1287.7366666666667,0.0,0,300
ende,13,0.01,S3_select,871,1830.57,0.0,0,300
ende,13,0.01,S3_select,1265,2019.77,0.0,0,300
ende,13,0.01,S4_select_or_abstain,10,107.53,0.0,0,300
ende,13,0.01,S4_select_or_abstain,14,116.15666666666667,0.0,0,300
ende,13,0.01,S4_select_or_abstain,21,130.34333333333333,0.0,0,300
ende,13,0.01,S4_select_or_abstain,30,148.21,0.0,0,300
ende,13,0.01,S4_select_or_abstain,44,176.67,0.0,0,300
ende,13,0.01,S4_select_or_abstain,64,216.11,0.0,0,300
ende,13,0.01,S4_select_or_abstain,93,275.56333333333333,0.0,0,300
ende,13,0.01,S4_select_or_abstain,135,358.4433333333333,0.0,0,300
ende,13,0.01,S4_select_or_abstain,196,480.5966666666667,0.0,0,300
ende,13,0.01,S4_select_or_abstain,285,658.9366666666666,0.0,0,300
ende,13,0.01,S4_select_or_abstain,413,912.7566666666667,0.0,0,300
ende,13,0.01,S4_select_or_abstain,600,1287.7366666666667,0.0,0,300
ende,13,0.01,S4_select_or_abstain,871,1830.57,0.0,0,300
ende,13,0.01,S4_select_or_abstain,1265,2019.77,0.0,0,300
ende,13,0.02,S1_design,10,107.53,0.0,0,300
ende,13,0.02,S1_design,14,116.15666666666667,0.0,0,300
ende,13,0.02,S1_design,21,130.34333333333333,0.0,0,300
ende,13,0.02,S1_design,30,148.21,0.0,0,300
ende,13,0.02,S1_design,44,176.67,0.0,0,300
ende,13,0.02,S1_design,64,216.11,0.0,0,300
ende,13,0.02,S1_design,93,275.56333333333333,0.0,0,300
ende,13,0.02,S1_design,135,358.4433333333333,0.0,0,300
ende,13,0.02,S1_design,196,480.5966666666667,0.0,0,300
ende,13,0.02,S1_design,285,658.9366666666666,0.0,0,300
ende,13,0.02,S1_design,413,912.7566666666667,0.0,0,300
ende,13,0.02,S1_design,600,1287.7366666666667,0.0,0,300
ende,13,0.02,S1_design,871,1830.57,0.0,0,300
ende,13,0.02,S1_design,1265,2019.77,0.0,0,300
ende,13,0.02,S2_fixed,10,107.53,0.0,0,300
ende,13,0.02,S2_fixed,14,116.15666666666667,0.0,0,300
ende,13,0.02,S2_fixed,21,130.34333333333333,0.0,0,300
ende,13,0.02,S2_fixed,30,148.21,0.0,0,300
ende,13,0.02,S2_fixed,44,176.67,0.0,0,300
ende,13,0.02,S2_fixed,64,216.11,0.0,0,300
ende,13,0.02,S2_fixed,93,275.56333333333333,0.0,0,300
ende,13,0.02,S2_fixed,135,358.4433333333333,0.0,0,300
ende,13,0.02,S2_fixed,196,480.5966666666667,0.0,0,300
ende,13,0.02,S2_fixed,285,658.9366666666666,0.0,0,300
ende,13,0.02,S2_fixed,413,912.7566666666667,0.0,0,300
ende,13,0.02,S2_fixed,600,1287.7366666666667,0.0,0,300
ende,13,0.02,S2_fixed,871,1830.57,0.0,0,300
ende,13,0.02,S2_fixed,1265,2019.77,0.0,0,300
ende,13,0.02,S3_select,10,107.53,0.0,0,300
ende,13,0.02,S3_select,14,116.15666666666667,0.0,0,300
ende,13,0.02,S3_select,21,130.34333333333333,0.0,0,300
ende,13,0.02,S3_select,30,148.21,0.0,0,300
ende,13,0.02,S3_select,44,176.67,0.0,0,300
ende,13,0.02,S3_select,64,216.11,0.0,0,300
ende,13,0.02,S3_select,93,275.56333333333333,0.0,0,300
ende,13,0.02,S3_select,135,358.4433333333333,0.0,0,300
ende,13,0.02,S3_select,196,480.5966666666667,0.0,0,300
ende,13,0.02,S3_select,285,658.9366666666666,0.0,0,300
ende,13,0.02,S3_select,413,912.7566666666667,0.0,0,300
ende,13,0.02,S3_select,600,1287.7366666666667,0.0,0,300
ende,13,0.02,S3_select,871,1830.57,0.0,0,300
ende,13,0.02,S3_select,1265,2019.77,0.0,0,300
ende,13,0.02,S4_select_or_abstain,10,107.53,0.0,0,300
ende,13,0.02,S4_select_or_abstain,14,116.15666666666667,0.0,0,300
ende,13,0.02,S4_select_or_abstain,21,130.34333333333333,0.0,0,300
ende,13,0.02,S4_select_or_abstain,30,148.21,0.0,0,300
ende,13,0.02,S4_select_or_abstain,44,176.67,0.0,0,300
ende,13,0.02,S4_select_or_abstain,64,216.11,0.0,0,300
ende,13,0.02,S4_select_or_abstain,93,275.56333333333333,0.0,0,300
ende,13,0.02,S4_select_or_abstain,135,358.4433333333333,0.0,0,300
ende,13,0.02,S4_select_or_abstain,196,480.5966666666667,0.0,0,300
ende,13,0.02,S4_select_or_abstain,285,658.9366666666666,0.0,0,300
ende,13,0.02,S4_select_or_abstain,413,912.7566666666667,0.0,0,300
ende,13,0.02,S4_select_or_abstain,600,1287.7366666666667,0.0,0,300
ende,13,0.02,S4_select_or_abstain,871,1830.57,0.0,0,300
ende,13,0.02,S4_select_or_abstain,1265,2019.77,0.0,0,300
ende,14,0.01,S1_design,10,107.68666666666667,0.0,0,300
ende,14,0.01,S1_design,14,116.01333333333334,0.0,0,300
ende,14,0.01,S1_design,21,130.29333333333332,0.0,0,300
ende,14,0.01,S1_design,30,148.22,0.0,0,300
ende,14,0.01,S1_design,44,176.62,0.0,0,300
ende,14,0.01,S1_design,64,217.18,0.0,0,300
ende,14,0.01,S1_design,93,275.00666666666666,0.0,0,300
ende,14,0.01,S1_design,135,358.96,0.0,0,300
ende,14,0.01,S1_design,196,480.2133333333333,0.0,0,300
ende,14,0.01,S1_design,285,658.1733333333333,0.0,0,300
ende,14,0.01,S1_design,413,912.4266666666666,0.0,0,300
ende,14,0.01,S1_design,600,1289.0,0.0,0,300
ende,14,0.01,S1_design,871,1830.3666666666666,0.0,0,300
ende,14,0.01,S1_design,1265,2017.7466666666667,0.0,0,300
ende,14,0.01,S2_fixed,10,107.68666666666667,0.0,0,300
ende,14,0.01,S2_fixed,14,116.01333333333334,0.0,0,300
ende,14,0.01,S2_fixed,21,130.29333333333332,0.0,0,300
ende,14,0.01,S2_fixed,30,148.22,0.0,0,300
ende,14,0.01,S2_fixed,44,176.62,0.0,0,300
ende,14,0.01,S2_fixed,64,217.18,0.0,0,300
ende,14,0.01,S2_fixed,93,275.00666666666666,0.0,0,300
ende,14,0.01,S2_fixed,135,358.96,0.0,0,300
ende,14,0.01,S2_fixed,196,480.2133333333333,0.0,0,300
ende,14,0.01,S2_fixed,285,658.1733333333333,0.0,0,300
ende,14,0.01,S2_fixed,413,912.4266666666666,0.0,0,300
ende,14,0.01,S2_fixed,600,1289.0,0.0,0,300
ende,14,0.01,S2_fixed,871,1830.3666666666666,0.0,0,300
ende,14,0.01,S2_fixed,1265,2017.7466666666667,0.0,0,300
ende,14,0.01,S3_select,10,107.68666666666667,0.0,0,300
ende,14,0.01,S3_select,14,116.01333333333334,0.0,0,300
ende,14,0.01,S3_select,21,130.29333333333332,0.0,0,300
ende,14,0.01,S3_select,30,148.22,0.0,0,300
ende,14,0.01,S3_select,44,176.62,0.0,0,300
ende,14,0.01,S3_select,64,217.18,0.0,0,300
ende,14,0.01,S3_select,93,275.00666666666666,0.0,0,300
ende,14,0.01,S3_select,135,358.96,0.0,0,300
ende,14,0.01,S3_select,196,480.2133333333333,0.0,0,300
ende,14,0.01,S3_select,285,658.1733333333333,0.0,0,300
ende,14,0.01,S3_select,413,912.4266666666666,0.0,0,300
ende,14,0.01,S3_select,600,1289.0,0.0,0,300
ende,14,0.01,S3_select,871,1830.3666666666666,0.0,0,300
ende,14,0.01,S3_select,1265,2017.7466666666667,0.0,0,300
ende,14,0.01,S4_select_or_abstain,10,107.68666666666667,0.0,0,300
ende,14,0.01,S4_select_or_abstain,14,116.01333333333334,0.0,0,300
ende,14,0.01,S4_select_or_abstain,21,130.29333333333332,0.0,0,300
ende,14,0.01,S4_select_or_abstain,30,148.22,0.0,0,300
ende,14,0.01,S4_select_or_abstain,44,176.62,0.0,0,300
ende,14,0.01,S4_select_or_abstain,64,217.18,0.0,0,300
ende,14,0.01,S4_select_or_abstain,93,275.00666666666666,0.0,0,300
ende,14,0.01,S4_select_or_abstain,135,358.96,0.0,0,300
ende,14,0.01,S4_select_or_abstain,196,480.2133333333333,0.0,0,300
ende,14,0.01,S4_select_or_abstain,285,658.1733333333333,0.0,0,300
ende,14,0.01,S4_select_or_abstain,413,912.4266666666666,0.0,0,300
ende,14,0.01,S4_select_or_abstain,600,1289.0,0.0,0,300
ende,14,0.01,S4_select_or_abstain,871,1830.3666666666666,0.0,0,300
ende,14,0.01,S4_select_or_abstain,1265,2017.7466666666667,0.0,0,300
ende,14,0.02,S1_design,10,107.68666666666667,0.0,0,300
ende,14,0.02,S1_design,14,116.01333333333334,0.0,0,300
ende,14,0.02,S1_design,21,130.29333333333332,0.0,0,300
ende,14,0.02,S1_design,30,148.22,0.0,0,300
ende,14,0.02,S1_design,44,176.62,0.0,0,300
ende,14,0.02,S1_design,64,217.18,0.0,0,300
ende,14,0.02,S1_design,93,275.00666666666666,0.0,0,300
ende,14,0.02,S1_design,135,358.96,0.0,0,300
ende,14,0.02,S1_design,196,480.2133333333333,0.0,0,300
ende,14,0.02,S1_design,285,658.1733333333333,0.0,0,300
ende,14,0.02,S1_design,413,912.4266666666666,0.0,0,300
ende,14,0.02,S1_design,600,1289.0,0.0,0,300
ende,14,0.02,S1_design,871,1830.3666666666666,0.0,0,300
ende,14,0.02,S1_design,1265,2017.7466666666667,0.0,0,300
ende,14,0.02,S2_fixed,10,107.68666666666667,0.0,0,300
ende,14,0.02,S2_fixed,14,116.01333333333334,0.0,0,300
ende,14,0.02,S2_fixed,21,130.29333333333332,0.0,0,300
ende,14,0.02,S2_fixed,30,148.22,0.0,0,300
ende,14,0.02,S2_fixed,44,176.62,0.0,0,300
ende,14,0.02,S2_fixed,64,217.18,0.0,0,300
ende,14,0.02,S2_fixed,93,275.00666666666666,0.0,0,300
ende,14,0.02,S2_fixed,135,358.96,0.0,0,300
ende,14,0.02,S2_fixed,196,480.2133333333333,0.0,0,300
ende,14,0.02,S2_fixed,285,658.1733333333333,0.0,0,300
ende,14,0.02,S2_fixed,413,912.4266666666666,0.0,0,300
ende,14,0.02,S2_fixed,600,1289.0,0.0,0,300
ende,14,0.02,S2_fixed,871,1830.3666666666666,0.0,0,300
ende,14,0.02,S2_fixed,1265,2017.7466666666667,0.0,0,300
ende,14,0.02,S3_select,10,107.68666666666667,0.0,0,300
ende,14,0.02,S3_select,14,116.01333333333334,0.0,0,300
ende,14,0.02,S3_select,21,130.29333333333332,0.0,0,300
ende,14,0.02,S3_select,30,148.22,0.0,0,300
ende,14,0.02,S3_select,44,176.62,0.0,0,300
ende,14,0.02,S3_select,64,217.18,0.0,0,300
ende,14,0.02,S3_select,93,275.00666666666666,0.0,0,300
ende,14,0.02,S3_select,135,358.96,0.0,0,300
ende,14,0.02,S3_select,196,480.2133333333333,0.0,0,300
ende,14,0.02,S3_select,285,658.1733333333333,0.0,0,300
ende,14,0.02,S3_select,413,912.4266666666666,0.0,0,300
ende,14,0.02,S3_select,600,1289.0,0.0,0,300
ende,14,0.02,S3_select,871,1830.3666666666666,0.0,0,300
ende,14,0.02,S3_select,1265,2017.7466666666667,0.0,0,300
ende,14,0.02,S4_select_or_abstain,10,107.68666666666667,0.0,0,300
ende,14,0.02,S4_select_or_abstain,14,116.01333333333334,0.0,0,300
ende,14,0.02,S4_select_or_abstain,21,130.29333333333332,0.0,0,300
ende,14,0.02,S4_select_or_abstain,30,148.22,0.0,0,300
ende,14,0.02,S4_select_or_abstain,44,176.62,0.0,0,300
ende,14,0.02,S4_select_or_abstain,64,217.18,0.0,0,300
ende,14,0.02,S4_select_or_abstain,93,275.00666666666666,0.0,0,300
ende,14,0.02,S4_select_or_abstain,135,358.96,0.0,0,300
ende,14,0.02,S4_select_or_abstain,196,480.2133333333333,0.0,0,300
ende,14,0.02,S4_select_or_abstain,285,658.1733333333333,0.0,0,300
ende,14,0.02,S4_select_or_abstain,413,912.4266666666666,0.0,0,300
ende,14,0.02,S4_select_or_abstain,600,1289.0,0.0,0,300
ende,14,0.02,S4_select_or_abstain,871,1830.3666666666666,0.0,0,300
ende,14,0.02,S4_select_or_abstain,1265,2017.7466666666667,0.0,0,300
ende,15,0.01,S1_design,10,109.12666666666667,0.03,9,300
ende,15,0.01,S1_design,14,117.76666666666667,0.016666666666666666,5,300
ende,15,0.01,S1_design,21,131.93333333333334,0.023333333333333334,7,300
ende,15,0.01,S1_design,30,149.20666666666668,0.03333333333333333,10,300
ende,15,0.01,S1_design,44,178.24,0.01,3,300
ende,15,0.01,S1_design,64,218.08,0.013333333333333334,4,300
ende,15,0.01,S1_design,93,276.34,0.006666666666666667,2,300
ende,15,0.01,S1_design,135,361.4,0.013333333333333334,4,300
ende,15,0.01,S1_design,196,481.54,0.01,3,300
ende,15,0.01,S1_design,285,660.54,0.006666666666666667,2,300
ende,15,0.01,S1_design,413,913.18,0.006666666666666667,2,300
ende,15,0.01,S1_design,600,1290.8733333333332,0.006666666666666667,2,300
ende,15,0.01,S1_design,871,1831.7133333333334,0.0,0,300
ende,15,0.01,S1_design,1265,2104.0666666666666,0.0,0,300
ende,15,0.01,S2_fixed,10,109.12666666666667,0.023333333333333334,7,300
ende,15,0.01,S2_fixed,14,117.76666666666667,0.02666666666666667,8,300
ende,15,0.01,S2_fixed,21,131.93333333333334,0.02666666666666667,8,300
ende,15,0.01,S2_fixed,30,149.20666666666668,0.02666666666666667,8,300
ende,15,0.01,S2_fixed,44,178.24,0.013333333333333334,4,300
ende,15,0.01,S2_fixed,64,218.08,0.016666666666666666,5,300
ende,15,0.01,S2_fixed,93,276.34,0.006666666666666667,2,300
ende,15,0.01,S2_fixed,135,361.4,0.013333333333333334,4,300
ende,15,0.01,S2_fixed,196,481.54,0.01,3,300
ende,15,0.01,S2_fixed,285,660.54,0.006666666666666667,2,300
ende,15,0.01,S2_fixed,413,913.18,0.006666666666666667,2,300
ende,15,0.01,S2_fixed,600,1290.8733333333332,0.006666666666666667,2,300
ende,15,0.01,S2_fixed,871,1831.7133333333334,0.0,0,300
ende,15,0.01,S2_fixed,1265,2104.0666666666666,0.0,0,300
ende,15,0.01,S3_select,10,109.12666666666667,0.023333333333333334,7,300
ende,15,0.01,S3_select,14,117.76666666666667,0.016666666666666666,5,300
ende,15,0.01,S3_select,21,131.93333333333334,0.02,6,300
ende,15,0.01,S3_select,30,149.20666666666668,0.023333333333333334,7,300
ende,15,0.01,S3_select,44,178.24,0.01,3,300
ende,15,0.01,S3_select,64,218.08,0.016666666666666666,5,300
ende,15,0.01,S3_select,93,276.34,0.006666666666666667,2,300
ende,15,0.01,S3_select,135,361.4,0.013333333333333334,4,300
ende,15,0.01,S3_select,196,481.54,0.01,3,300
ende,15,0.01,S3_select,285,660.54,0.01,3,300
ende,15,0.01,S3_select,413,913.18,0.006666666666666667,2,300
ende,15,0.01,S3_select,600,1290.8733333333332,0.01,3,300
ende,15,0.01,S3_select,871,1831.7133333333334,0.0,0,300
ende,15,0.01,S3_select,1265,2104.0666666666666,0.0,0,300
ende,15,0.01,S4_select_or_abstain,10,109.12666666666667,0.023333333333333334,7,300
ende,15,0.01,S4_select_or_abstain,14,117.76666666666667,0.016666666666666666,5,300
ende,15,0.01,S4_select_or_abstain,21,131.93333333333334,0.02,6,300
ende,15,0.01,S4_select_or_abstain,30,149.20666666666668,0.023333333333333334,7,300
ende,15,0.01,S4_select_or_abstain,44,178.24,0.01,3,300
ende,15,0.01,S4_select_or_abstain,64,218.08,0.016666666666666666,5,300
ende,15,0.01,S4_select_or_abstain,93,276.34,0.006666666666666667,2,300
ende,15,0.01,S4_select_or_abstain,135,361.4,0.013333333333333334,4,300
ende,15,0.01,S4_select_or_abstain,196,481.54,0.01,3,300
ende,15,0.01,S4_select_or_abstain,285,660.54,0.01,3,300
ende,15,0.01,S4_select_or_abstain,413,913.18,0.006666666666666667,2,300
ende,15,0.01,S4_select_or_abstain,600,1290.8733333333332,0.01,3,300
ende,15,0.01,S4_select_or_abstain,871,1831.7133333333334,0.0,0,300
ende,15,0.01,S4_select_or_abstain,1265,2104.0666666666666,0.0,0,300
ende,15,0.02,S1_design,10,109.12666666666667,0.0,0,300
ende,15,0.02,S1_design,14,117.76666666666667,0.0,0,300
ende,15,0.02,S1_design,21,131.93333333333334,0.0,0,300
ende,15,0.02,S1_design,30,149.20666666666668,0.0,0,300
ende,15,0.02,S1_design,44,178.24,0.0,0,300
ende,15,0.02,S1_design,64,218.08,0.0,0,300
ende,15,0.02,S1_design,93,276.34,0.0,0,300
ende,15,0.02,S1_design,135,361.4,0.0,0,300
ende,15,0.02,S1_design,196,481.54,0.0,0,300
ende,15,0.02,S1_design,285,660.54,0.0,0,300
ende,15,0.02,S1_design,413,913.18,0.0,0,300
ende,15,0.02,S1_design,600,1290.8733333333332,0.0,0,300
ende,15,0.02,S1_design,871,1831.7133333333334,0.0,0,300
ende,15,0.02,S1_design,1265,2104.0666666666666,0.0,0,300
ende,15,0.02,S2_fixed,10,109.12666666666667,0.0,0,300
ende,15,0.02,S2_fixed,14,117.76666666666667,0.0,0,300
ende,15,0.02,S2_fixed,21,131.93333333333334,0.0,0,300
ende,15,0.02,S2_fixed,30,149.20666666666668,0.0,0,300
ende,15,0.02,S2_fixed,44,178.24,0.0,0,300
ende,15,0.02,S2_fixed,64,218.08,0.0,0,300
ende,15,0.02,S2_fixed,93,276.34,0.0,0,300
ende,15,0.02,S2_fixed,135,361.4,0.0,0,300
ende,15,0.02,S2_fixed,196,481.54,0.0,0,300
ende,15,0.02,S2_fixed,285,660.54,0.0,0,300
ende,15,0.02,S2_fixed,413,913.18,0.0,0,300
ende,15,0.02,S2_fixed,600,1290.8733333333332,0.0,0,300
ende,15,0.02,S2_fixed,871,1831.7133333333334,0.0,0,300
ende,15,0.02,S2_fixed,1265,2104.0666666666666,0.0,0,300
ende,15,0.02,S3_select,10,109.12666666666667,0.0,0,300
ende,15,0.02,S3_select,14,117.76666666666667,0.0,0,300
ende,15,0.02,S3_select,21,131.93333333333334,0.0,0,300
ende,15,0.02,S3_select,30,149.20666666666668,0.0,0,300
ende,15,0.02,S3_select,44,178.24,0.0,0,300
ende,15,0.02,S3_select,64,218.08,0.0,0,300
ende,15,0.02,S3_select,93,276.34,0.0,0,300
ende,15,0.02,S3_select,135,361.4,0.0,0,300
ende,15,0.02,S3_select,196,481.54,0.0,0,300
ende,15,0.02,S3_select,285,660.54,0.0,0,300
ende,15,0.02,S3_select,413,913.18,0.0,0,300
ende,15,0.02,S3_select,600,1290.8733333333332,0.0,0,300
ende,15,0.02,S3_select,871,1831.7133333333334,0.0,0,300
ende,15,0.02,S3_select,1265,2104.0666666666666,0.0,0,300
ende,15,0.02,S4_select_or_abstain,10,109.12666666666667,0.0,0,300
ende,15,0.02,S4_select_or_abstain,14,117.76666666666667,0.0,0,300
ende,15,0.02,S4_select_or_abstain,21,131.93333333333334,0.0,0,300
ende,15,0.02,S4_select_or_abstain,30,149.20666666666668,0.0,0,300
ende,15,0.02,S4_select_or_abstain,44,178.24,0.0,0,300
ende,15,0.02,S4_select_or_abstain,64,218.08,0.0,0,300
ende,15,0.02,S4_select_or_abstain,93,276.34,0.0,0,300
ende,15,0.02,S4_select_or_abstain,135,361.4,0.0,0,300
ende,15,0.02,S4_select_or_abstain,196,481.54,0.0,0,300
ende,15,0.02,S4_select_or_abstain,285,660.54,0.0,0,300
ende,15,0.02,S4_select_or_abstain,413,913.18,0.0,0,300
ende,15,0.02,S4_select_or_abstain,600,1290.8733333333332,0.0,0,300
ende,15,0.02,S4_select_or_abstain,871,1831.7133333333334,0.0,0,300
ende,15,0.02,S4_select_or_abstain,1265,2104.0666666666666,0.0,0,300
ende,23,0.01,S1_design,10,109.21,0.0,0,300
ende,23,0.01,S1_design,14,117.70333333333333,0.0,0,300
ende,23,0.01,S1_design,21,132.08333333333334,0.0,0,300
ende,23,0.01,S1_design,30,149.63,0.0,0,300
ende,23,0.01,S1_design,44,178.07666666666665,0.0,0,300
ende,23,0.01,S1_design,64,217.94333333333333,0.0,0,300
ende,23,0.01,S1_design,93,276.75,0.0,0,300
ende,23,0.01,S1_design,135,360.85,0.0,0,300
ende,23,0.01,S1_design,196,481.28333333333336,0.0,0,300
ende,23,0.01,S1_design,285,658.79,0.0,0,300
ende,23,0.01,S1_design,413,913.7433333333333,0.0,0,300
ende,23,0.01,S1_design,600,1290.6033333333332,0.0,0,300
ende,23,0.01,S1_design,871,1832.49,0.0,0,300
ende,23,0.01,S1_design,1265,2084.2633333333333,0.0,0,300
ende,23,0.01,S2_fixed,10,109.21,0.0,0,300
ende,23,0.01,S2_fixed,14,117.70333333333333,0.0,0,300
ende,23,0.01,S2_fixed,21,132.08333333333334,0.0,0,300
ende,23,0.01,S2_fixed,30,149.63,0.0,0,300
ende,23,0.01,S2_fixed,44,178.07666666666665,0.0,0,300
ende,23,0.01,S2_fixed,64,217.94333333333333,0.0,0,300
ende,23,0.01,S2_fixed,93,276.75,0.0,0,300
ende,23,0.01,S2_fixed,135,360.85,0.0,0,300
ende,23,0.01,S2_fixed,196,481.28333333333336,0.0,0,300
ende,23,0.01,S2_fixed,285,658.79,0.0,0,300
ende,23,0.01,S2_fixed,413,913.7433333333333,0.0,0,300
ende,23,0.01,S2_fixed,600,1290.6033333333332,0.0,0,300
ende,23,0.01,S2_fixed,871,1832.49,0.0,0,300
ende,23,0.01,S2_fixed,1265,2084.2633333333333,0.0,0,300
ende,23,0.01,S3_select,10,109.21,0.0,0,300
ende,23,0.01,S3_select,14,117.70333333333333,0.0,0,300
ende,23,0.01,S3_select,21,132.08333333333334,0.0,0,300
ende,23,0.01,S3_select,30,149.63,0.0,0,300
ende,23,0.01,S3_select,44,178.07666666666665,0.0,0,300
ende,23,0.01,S3_select,64,217.94333333333333,0.0,0,300
ende,23,0.01,S3_select,93,276.75,0.0,0,300
ende,23,0.01,S3_select,135,360.85,0.0,0,300
ende,23,0.01,S3_select,196,481.28333333333336,0.0,0,300
ende,23,0.01,S3_select,285,658.79,0.0,0,300
ende,23,0.01,S3_select,413,913.7433333333333,0.0,0,300
ende,23,0.01,S3_select,600,1290.6033333333332,0.0,0,300
ende,23,0.01,S3_select,871,1832.49,0.0,0,300
ende,23,0.01,S3_select,1265,2084.2633333333333,0.0,0,300
ende,23,0.01,S4_select_or_abstain,10,109.21,0.0,0,300
ende,23,0.01,S4_select_or_abstain,14,117.70333333333333,0.0,0,300
ende,23,0.01,S4_select_or_abstain,21,132.08333333333334,0.0,0,300
ende,23,0.01,S4_select_or_abstain,30,149.63,0.0,0,300
ende,23,0.01,S4_select_or_abstain,44,178.07666666666665,0.0,0,300
ende,23,0.01,S4_select_or_abstain,64,217.94333333333333,0.0,0,300
ende,23,0.01,S4_select_or_abstain,93,276.75,0.0,0,300
ende,23,0.01,S4_select_or_abstain,135,360.85,0.0,0,300
ende,23,0.01,S4_select_or_abstain,196,481.28333333333336,0.0,0,300
ende,23,0.01,S4_select_or_abstain,285,658.79,0.0,0,300
ende,23,0.01,S4_select_or_abstain,413,913.7433333333333,0.0,0,300
ende,23,0.01,S4_select_or_abstain,600,1290.6033333333332,0.0,0,300
ende,23,0.01,S4_select_or_abstain,871,1832.49,0.0,0,300
ende,23,0.01,S4_select_or_abstain,1265,2084.2633333333333,0.0,0,300
ende,23,0.02,S1_design,10,109.21,0.0,0,300
ende,23,0.02,S1_design,14,117.70333333333333,0.0,0,300
ende,23,0.02,S1_design,21,132.08333333333334,0.0,0,300
ende,23,0.02,S1_design,30,149.63,0.0,0,300
ende,23,0.02,S1_design,44,178.07666666666665,0.0,0,300
ende,23,0.02,S1_design,64,217.94333333333333,0.0,0,300
ende,23,0.02,S1_design,93,276.75,0.0,0,300
ende,23,0.02,S1_design,135,360.85,0.0,0,300
ende,23,0.02,S1_design,196,481.28333333333336,0.0,0,300
ende,23,0.02,S1_design,285,658.79,0.0,0,300
ende,23,0.02,S1_design,413,913.7433333333333,0.0,0,300
ende,23,0.02,S1_design,600,1290.6033333333332,0.0,0,300
ende,23,0.02,S1_design,871,1832.49,0.0,0,300
ende,23,0.02,S1_design,1265,2084.2633333333333,0.0,0,300
ende,23,0.02,S2_fixed,10,109.21,0.0,0,300
ende,23,0.02,S2_fixed,14,117.70333333333333,0.0,0,300
ende,23,0.02,S2_fixed,21,132.08333333333334,0.0,0,300
ende,23,0.02,S2_fixed,30,149.63,0.0,0,300
ende,23,0.02,S2_fixed,44,178.07666666666665,0.0,0,300
ende,23,0.02,S2_fixed,64,217.94333333333333,0.0,0,300
ende,23,0.02,S2_fixed,93,276.75,0.0,0,300
ende,23,0.02,S2_fixed,135,360.85,0.0,0,300
ende,23,0.02,S2_fixed,196,481.28333333333336,0.0,0,300
ende,23,0.02,S2_fixed,285,658.79,0.0,0,300
ende,23,0.02,S2_fixed,413,913.7433333333333,0.0,0,300
ende,23,0.02,S2_fixed,600,1290.6033333333332,0.0,0,300
ende,23,0.02,S2_fixed,871,1832.49,0.0,0,300
ende,23,0.02,S2_fixed,1265,2084.2633333333333,0.0,0,300
ende,23,0.02,S3_select,10,109.21,0.0,0,300
ende,23,0.02,S3_select,14,117.70333333333333,0.0,0,300
ende,23,0.02,S3_select,21,132.08333333333334,0.0,0,300
ende,23,0.02,S3_select,30,149.63,0.0,0,300
ende,23,0.02,S3_select,44,178.07666666666665,0.0,0,300
ende,23,0.02,S3_select,64,217.94333333333333,0.0,0,300
ende,23,0.02,S3_select,93,276.75,0.0,0,300
ende,23,0.02,S3_select,135,360.85,0.0,0,300
ende,23,0.02,S3_select,196,481.28333333333336,0.0,0,300
ende,23,0.02,S3_select,285,658.79,0.0,0,300
ende,23,0.02,S3_select,413,913.7433333333333,0.0,0,300
ende,23,0.02,S3_select,600,1290.6033333333332,0.0,0,300
ende,23,0.02,S3_select,871,1832.49,0.0,0,300
ende,23,0.02,S3_select,1265,2084.2633333333333,0.0,0,300
ende,23,0.02,S4_select_or_abstain,10,109.21,0.0,0,300
ende,23,0.02,S4_select_or_abstain,14,117.70333333333333,0.0,0,300
ende,23,0.02,S4_select_or_abstain,21,132.08333333333334,0.0,0,300
ende,23,0.02,S4_select_or_abstain,30,149.63,0.0,0,300
ende,23,0.02,S4_select_or_abstain,44,178.07666666666665,0.0,0,300
ende,23,0.02,S4_select_or_abstain,64,217.94333333333333,0.0,0,300
ende,23,0.02,S4_select_or_abstain,93,276.75,0.0,0,300
ende,23,0.02,S4_select_or_abstain,135,360.85,0.0,0,300
ende,23,0.02,S4_select_or_abstain,196,481.28333333333336,0.0,0,300
ende,23,0.02,S4_select_or_abstain,285,658.79,0.0,0,300
ende,23,0.02,S4_select_or_abstain,413,913.7433333333333,0.0,0,300
ende,23,0.02,S4_select_or_abstain,600,1290.6033333333332,0.0,0,300
ende,23,0.02,S4_select_or_abstain,871,1832.49,0.0,0,300
ende,23,0.02,S4_select_or_abstain,1265,2084.2633333333333,0.0,0,300
ende,24,0.01,S1_design,10,109.54333333333334,0.0,0,300
ende,24,0.01,S1_design,14,117.83,0.0,0,300
ende,24,0.01,S1_design,21,132.09,0.0,0,300
ende,24,0.01,S1_design,30,149.69,0.0,0,300
ende,24,0.01,S1_design,44,178.56333333333333,0.0,0,300
ende,24,0.01,S1_design,64,218.31666666666666,0.0,0,300
ende,24,0.01,S1_design,93,277.04333333333335,0.0,0,300
ende,24,0.01,S1_design,135,360.67,0.0,0,300
ende,24,0.01,S1_design,196,480.53,0.0,0,300
ende,24,0.01,S1_design,285,659.6433333333333,0.0,0,300
ende,24,0.01,S1_design,413,914.9633333333334,0.0,0,300
ende,24,0.01,S1_design,600,1291.4566666666667,0.0,0,300
ende,24,0.01,S1_design,871,1831.9166666666667,0.0,0,300
ende,24,0.01,S1_design,1265,2101.883333333333,0.0,0,300
ende,24,0.01,S2_fixed,10,109.54333333333334,0.0,0,300
ende,24,0.01,S2_fixed,14,117.83,0.0,0,300
ende,24,0.01,S2_fixed,21,132.09,0.0,0,300
ende,24,0.01,S2_fixed,30,149.69,0.0,0,300
ende,24,0.01,S2_fixed,44,178.56333333333333,0.0,0,300
ende,24,0.01,S2_fixed,64,218.31666666666666,0.0,0,300
ende,24,0.01,S2_fixed,93,277.04333333333335,0.0,0,300
ende,24,0.01,S2_fixed,135,360.67,0.0,0,300
ende,24,0.01,S2_fixed,196,480.53,0.0,0,300
ende,24,0.01,S2_fixed,285,659.6433333333333,0.0,0,300
ende,24,0.01,S2_fixed,413,914.9633333333334,0.0,0,300
ende,24,0.01,S2_fixed,600,1291.4566666666667,0.0,0,300
ende,24,0.01,S2_fixed,871,1831.9166666666667,0.0,0,300
ende,24,0.01,S2_fixed,1265,2101.883333333333,0.0,0,300
ende,24,0.01,S3_select,10,109.54333333333334,0.0,0,300
ende,24,0.01,S3_select,14,117.83,0.0,0,300
ende,24,0.01,S3_select,21,132.09,0.0,0,300
ende,24,0.01,S3_select,30,149.69,0.0,0,300
ende,24,0.01,S3_select,44,178.56333333333333,0.0,0,300
ende,24,0.01,S3_select,64,218.31666666666666,0.0,0,300
ende,24,0.01,S3_select,93,277.04333333333335,0.0,0,300
ende,24,0.01,S3_select,135,360.67,0.0,0,300
ende,24,0.01,S3_select,196,480.53,0.0,0,300
ende,24,0.01,S3_select,285,659.6433333333333,0.0,0,300
ende,24,0.01,S3_select,413,914.9633333333334,0.0,0,300
ende,24,0.01,S3_select,600,1291.4566666666667,0.0,0,300
ende,24,0.01,S3_select,871,1831.9166666666667,0.0,0,300
ende,24,0.01,S3_select,1265,2101.883333333333,0.0,0,300
ende,24,0.01,S4_select_or_abstain,10,109.54333333333334,0.0,0,300
ende,24,0.01,S4_select_or_abstain,14,117.83,0.0,0,300
ende,24,0.01,S4_select_or_abstain,21,132.09,0.0,0,300
ende,24,0.01,S4_select_or_abstain,30,149.69,0.0,0,300
ende,24,0.01,S4_select_or_abstain,44,178.56333333333333,0.0,0,300
ende,24,0.01,S4_select_or_abstain,64,218.31666666666666,0.0,0,300
ende,24,0.01,S4_select_or_abstain,93,277.04333333333335,0.0,0,300
ende,24,0.01,S4_select_or_abstain,135,360.67,0.0,0,300
ende,24,0.01,S4_select_or_abstain,196,480.53,0.0,0,300
ende,24,0.01,S4_select_or_abstain,285,659.6433333333333,0.0,0,300
ende,24,0.01,S4_select_or_abstain,413,914.9633333333334,0.0,0,300
ende,24,0.01,S4_select_or_abstain,600,1291.4566666666667,0.0,0,300
ende,24,0.01,S4_select_or_abstain,871,1831.9166666666667,0.0,0,300
ende,24,0.01,S4_select_or_abstain,1265,2101.883333333333,0.0,0,300
ende,24,0.02,S1_design,10,109.54333333333334,0.0,0,300
ende,24,0.02,S1_design,14,117.83,0.0,0,300
ende,24,0.02,S1_design,21,132.09,0.0,0,300
ende,24,0.02,S1_design,30,149.69,0.0,0,300
ende,24,0.02,S1_design,44,178.56333333333333,0.0,0,300
ende,24,0.02,S1_design,64,218.31666666666666,0.0,0,300
ende,24,0.02,S1_design,93,277.04333333333335,0.0,0,300
ende,24,0.02,S1_design,135,360.67,0.0,0,300
ende,24,0.02,S1_design,196,480.53,0.0,0,300
ende,24,0.02,S1_design,285,659.6433333333333,0.0,0,300
ende,24,0.02,S1_design,413,914.9633333333334,0.0,0,300
ende,24,0.02,S1_design,600,1291.4566666666667,0.0,0,300
ende,24,0.02,S1_design,871,1831.9166666666667,0.0,0,300
ende,24,0.02,S1_design,1265,2101.883333333333,0.0,0,300
ende,24,0.02,S2_fixed,10,109.54333333333334,0.0,0,300
ende,24,0.02,S2_fixed,14,117.83,0.0,0,300
ende,24,0.02,S2_fixed,21,132.09,0.0,0,300
ende,24,0.02,S2_fixed,30,149.69,0.0,0,300
ende,24,0.02,S2_fixed,44,178.56333333333333,0.0,0,300
ende,24,0.02,S2_fixed,64,218.31666666666666,0.0,0,300
ende,24,0.02,S2_fixed,93,277.04333333333335,0.0,0,300
ende,24,0.02,S2_fixed,135,360.67,0.0,0,300
ende,24,0.02,S2_fixed,196,480.53,0.0,0,300
ende,24,0.02,S2_fixed,285,659.6433333333333,0.0,0,300
ende,24,0.02,S2_fixed,413,914.9633333333334,0.0,0,300
ende,24,0.02,S2_fixed,600,1291.4566666666667,0.0,0,300
ende,24,0.02,S2_fixed,871,1831.9166666666667,0.0,0,300
ende,24,0.02,S2_fixed,1265,2101.883333333333,0.0,0,300
ende,24,0.02,S3_select,10,109.54333333333334,0.0,0,300
ende,24,0.02,S3_select,14,117.83,0.0,0,300
ende,24,0.02,S3_select,21,132.09,0.0,0,300
ende,24,0.02,S3_select,30,149.69,0.0,0,300
ende,24,0.02,S3_select,44,178.56333333333333,0.0,0,300
ende,24,0.02,S3_select,64,218.31666666666666,0.0,0,300
ende,24,0.02,S3_select,93,277.04333333333335,0.0,0,300
ende,24,0.02,S3_select,135,360.67,0.0,0,300
ende,24,0.02,S3_select,196,480.53,0.0,0,300
ende,24,0.02,S3_select,285,659.6433333333333,0.0,0,300
ende,24,0.02,S3_select,413,914.9633333333334,0.0,0,300
ende,24,0.02,S3_select,600,1291.4566666666667,0.0,0,300
ende,24,0.02,S3_select,871,1831.9166666666667,0.0,0,300
ende,24,0.02,S3_select,1265,2101.883333333333,0.0,0,300
ende,24,0.02,S4_select_or_abstain,10,109.54333333333334,0.0,0,300
ende,24,0.02,S4_select_or_abstain,14,117.83,0.0,0,300
ende,24,0.02,S4_select_or_abstain,21,132.09,0.0,0,300
ende,24,0.02,S4_select_or_abstain,30,149.69,0.0,0,300
ende,24,0.02,S4_select_or_abstain,44,178.56333333333333,0.0,0,300
ende,24,0.02,S4_select_or_abstain,64,218.31666666666666,0.0,0,300
ende,24,0.02,S4_select_or_abstain,93,277.04333333333335,0.0,0,300
ende,24,0.02,S4_select_or_abstain,135,360.67,0.0,0,300
ende,24,0.02,S4_select_or_abstain,196,480.53,0.0,0,300
ende,24,0.02,S4_select_or_abstain,285,659.6433333333333,0.0,0,300
ende,24,0.02,S4_select_or_abstain,413,914.9633333333334,0.0,0,300
ende,24,0.02,S4_select_or_abstain,600,1291.4566666666667,0.0,0,300
ende,24,0.02,S4_select_or_abstain,871,1831.9166666666667,0.0,0,300
ende,24,0.02,S4_select_or_abstain,1265,2101.883333333333,0.0,0,300
ende,25,0.01,S1_design,10,112.62,0.03666666666666667,11,300
ende,25,0.01,S1_design,14,120.99333333333334,0.043333333333333335,13,300
ende,25,0.01,S1_design,21,135.17333333333335,0.02666666666666667,8,300
ende,25,0.01,S1_design,30,152.48666666666668,0.03666666666666667,11,300
ende,25,0.01,S1_design,44,181.26666666666668,0.02,6,300
ende,25,0.01,S1_design,64,221.02,0.03333333333333333,10,300
ende,25,0.01,S1_design,93,279.9066666666667,0.02,6,300
ende,25,0.01,S1_design,135,364.5,0.023333333333333334,7,300
ende,25,0.01,S1_design,196,485.12,0.023333333333333334,7,300
ende,25,0.01,S1_design,285,664.42,0.02666666666666667,8,300
ende,25,0.01,S1_design,413,918.2533333333333,0.016666666666666666,5,300
ende,25,0.01,S1_design,600,1294.0866666666666,0.02666666666666667,8,300
ende,25,0.01,S1_design,871,1833.6866666666667,0.016666666666666666,5,300
ende,25,0.01,S1_design,1265,2268.92,0.0,0,300
ende,25,0.01,S2_fixed,10,112.62,0.04,12,300
ende,25,0.01,S2_fixed,14,120.99333333333334,0.043333333333333335,13,300
ende,25,0.01,S2_fixed,21,135.17333333333335,0.03,9,300
ende,25,0.01,S2_fixed,30,152.48666666666668,0.03333333333333333,10,300
ende,25,0.01,S2_fixed,44,181.26666666666668,0.02666666666666667,8,300
ende,25,0.01,S2_fixed,64,221.02,0.03333333333333333,10,300
ende,25,0.01,S2_fixed,93,279.9066666666667,0.016666666666666666,5,300
ende,25,0.01,S2_fixed,135,364.5,0.02,6,300
ende,25,0.01,S2_fixed,196,485.12,0.023333333333333334,7,300
ende,25,0.01,S2_fixed,285,664.42,0.03666666666666667,11,300
ende,25,0.01,S2_fixed,413,918.2533333333333,0.013333333333333334,4,300
ende,25,0.01,S2_fixed,600,1294.0866666666666,0.02666666666666667,8,300
ende,25,0.01,S2_fixed,871,1833.6866666666667,0.016666666666666666,5,300
ende,25,0.01,S2_fixed,1265,2268.92,0.0,0,300
ende,25,0.01,S3_select,10,112.62,0.016666666666666666,5,300
ende,25,0.01,S3_select,14,120.99333333333334,0.04666666666666667,14,300
ende,25,0.01,S3_select,21,135.17333333333335,0.02666666666666667,8,300
ende,25,0.01,S3_select,30,152.48666666666668,0.03666666666666667,11,300
ende,25,0.01,S3_select,44,181.26666666666668,0.03333333333333333,10,300
ende,25,0.01,S3_select,64,221.02,0.03333333333333333,10,300
ende,25,0.01,S3_select,93,279.9066666666667,0.016666666666666666,5,300
ende,25,0.01,S3_select,135,364.5,0.02,6,300
ende,25,0.01,S3_select,196,485.12,0.023333333333333334,7,300
ende,25,0.01,S3_select,285,664.42,0.02666666666666667,8,300
ende,25,0.01,S3_select,413,918.2533333333333,0.016666666666666666,5,300
ende,25,0.01,S3_select,600,1294.0866666666666,0.023333333333333334,7,300
ende,25,0.01,S3_select,871,1833.6866666666667,0.02,6,300
ende,25,0.01,S3_select,1265,2268.92,0.0,0,300
ende,25,0.01,S4_select_or_abstain,10,112.62,0.016666666666666666,5,300
ende,25,0.01,S4_select_or_abstain,14,120.99333333333334,0.04666666666666667,14,300
ende,25,0.01,S4_select_or_abstain,21,135.17333333333335,0.02666666666666667,8,300
ende,25,0.01,S4_select_or_abstain,30,152.48666666666668,0.03666666666666667,11,300
ende,25,0.01,S4_select_or_abstain,44,181.26666666666668,0.03333333333333333,10,300
ende,25,0.01,S4_select_or_abstain,64,221.02,0.03333333333333333,10,300
ende,25,0.01,S4_select_or_abstain,93,279.9066666666667,0.016666666666666666,5,300
ende,25,0.01,S4_select_or_abstain,135,364.5,0.02,6,300
ende,25,0.01,S4_select_or_abstain,196,485.12,0.023333333333333334,7,300
ende,25,0.01,S4_select_or_abstain,285,664.42,0.02666666666666667,8,300
ende,25,0.01,S4_select_or_abstain,413,918.2533333333333,0.016666666666666666,5,300
ende,25,0.01,S4_select_or_abstain,600,1294.0866666666666,0.023333333333333334,7,300
ende,25,0.01,S4_select_or_abstain,871,1833.6866666666667,0.02,6,300
ende,25,0.01,S4_select_or_abstain,1265,2268.92,0.0,0,300
ende,25,0.02,S1_design,10,112.62,0.0,0,300
ende,25,0.02,S1_design,14,120.99333333333334,0.0,0,300
ende,25,0.02,S1_design,21,135.17333333333335,0.0,0,300
ende,25,0.02,S1_design,30,152.48666666666668,0.0,0,300
ende,25,0.02,S1_design,44,181.26666666666668,0.0,0,300
ende,25,0.02,S1_design,64,221.02,0.0,0,300
ende,25,0.02,S1_design,93,279.9066666666667,0.0,0,300
ende,25,0.02,S1_design,135,364.5,0.0,0,300
ende,25,0.02,S1_design,196,485.12,0.0,0,300
ende,25,0.02,S1_design,285,664.42,0.0,0,300
ende,25,0.02,S1_design,413,918.2533333333333,0.0,0,300
ende,25,0.02,S1_design,600,1294.0866666666666,0.0,0,300
ende,25,0.02,S1_design,871,1833.6866666666667,0.0,0,300
ende,25,0.02,S1_design,1265,2268.92,0.0,0,300
ende,25,0.02,S2_fixed,10,112.62,0.0,0,300
ende,25,0.02,S2_fixed,14,120.99333333333334,0.0,0,300
ende,25,0.02,S2_fixed,21,135.17333333333335,0.0,0,300
ende,25,0.02,S2_fixed,30,152.48666666666668,0.0,0,300
ende,25,0.02,S2_fixed,44,181.26666666666668,0.0,0,300
ende,25,0.02,S2_fixed,64,221.02,0.0,0,300
ende,25,0.02,S2_fixed,93,279.9066666666667,0.0,0,300
ende,25,0.02,S2_fixed,135,364.5,0.0,0,300
ende,25,0.02,S2_fixed,196,485.12,0.0,0,300
ende,25,0.02,S2_fixed,285,664.42,0.0,0,300
ende,25,0.02,S2_fixed,413,918.2533333333333,0.0,0,300
ende,25,0.02,S2_fixed,600,1294.0866666666666,0.0,0,300
ende,25,0.02,S2_fixed,871,1833.6866666666667,0.0,0,300
ende,25,0.02,S2_fixed,1265,2268.92,0.0,0,300
ende,25,0.02,S3_select,10,112.62,0.0,0,300
ende,25,0.02,S3_select,14,120.99333333333334,0.0,0,300
ende,25,0.02,S3_select,21,135.17333333333335,0.0,0,300
ende,25,0.02,S3_select,30,152.48666666666668,0.0,0,300
ende,25,0.02,S3_select,44,181.26666666666668,0.0,0,300
ende,25,0.02,S3_select,64,221.02,0.0,0,300
ende,25,0.02,S3_select,93,279.9066666666667,0.0,0,300
ende,25,0.02,S3_select,135,364.5,0.0,0,300
ende,25,0.02,S3_select,196,485.12,0.0,0,300
ende,25,0.02,S3_select,285,664.42,0.0,0,300
ende,25,0.02,S3_select,413,918.2533333333333,0.0,0,300
ende,25,0.02,S3_select,600,1294.0866666666666,0.0,0,300
ende,25,0.02,S3_select,871,1833.6866666666667,0.0,0,300
ende,25,0.02,S3_select,1265,2268.92,0.0,0,300
ende,25,0.02,S4_select_or_abstain,10,112.62,0.0,0,300
ende,25,0.02,S4_select_or_abstain,14,120.99333333333334,0.0,0,300
ende,25,0.02,S4_select_or_abstain,21,135.17333333333335,0.0,0,300
ende,25,0.02,S4_select_or_abstain,30,152.48666666666668,0.0,0,300
ende,25,0.02,S4_select_or_abstain,44,181.26666666666668,0.0,0,300
ende,25,0.02,S4_select_or_abstain,64,221.02,0.0,0,300
ende,25,0.02,S4_select_or_abstain,93,279.9066666666667,0.0,0,300
ende,25,0.02,S4_select_or_abstain,135,364.5,0.0,0,300
ende,25,0.02,S4_select_or_abstain,196,485.12,0.0,0,300
ende,25,0.02,S4_select_or_abstain,285,664.42,0.0,0,300
ende,25,0.02,S4_select_or_abstain,413,918.2533333333333,0.0,0,300
ende,25,0.02,S4_select_or_abstain,600,1294.0866666666666,0.0,0,300
ende,25,0.02,S4_select_or_abstain,871,1833.6866666666667,0.0,0,300
ende,25,0.02,S4_select_or_abstain,1265,2268.92,0.0,0,300
ende,34,0.01,S1_design,10,106.44,0.0,0,300
ende,34,0.01,S1_design,14,114.67333333333333,0.0,0,300
ende,34,0.01,S1_design,21,129.01333333333332,0.0,0,300
ende,34,0.01,S1_design,30,146.48666666666668,0.0,0,300
ende,34,0.01,S1_design,44,175.65333333333334,0.0,0,300
ende,34,0.01,S1_design,64,215.33333333333334,0.0,0,300
ende,34,0.01,S1_design,93,273.8666666666667,0.0,0,300
ende,34,0.01,S1_design,135,357.74,0.0,0,300
ende,34,0.01,S1_design,196,478.55333333333334,0.0,0,300
ende,34,0.01,S1_design,285,656.44,0.0,0,300
ende,34,0.01,S1_design,413,911.7266666666667,0.0,0,300
ende,34,0.01,S1_design,600,1287.26,0.0,0,300
ende,34,0.01,S1_design,871,1828.9133333333334,0.0,0,300
ende,34,0.01,S1_design,1265,1939.18,0.0,0,300
ende,34,0.01,S2_fixed,10,106.44,0.0,0,300
ende,34,0.01,S2_fixed,14,114.67333333333333,0.0,0,300
ende,34,0.01,S2_fixed,21,129.01333333333332,0.0,0,300
ende,34,0.01,S2_fixed,30,146.48666666666668,0.0,0,300
ende,34,0.01,S2_fixed,44,175.65333333333334,0.0,0,300
ende,34,0.01,S2_fixed,64,215.33333333333334,0.0,0,300
ende,34,0.01,S2_fixed,93,273.8666666666667,0.0,0,300
ende,34,0.01,S2_fixed,135,357.74,0.0,0,300
ende,34,0.01,S2_fixed,196,478.55333333333334,0.0,0,300
ende,34,0.01,S2_fixed,285,656.44,0.0,0,300
ende,34,0.01,S2_fixed,413,911.7266666666667,0.0,0,300
ende,34,0.01,S2_fixed,600,1287.26,0.0,0,300
ende,34,0.01,S2_fixed,871,1828.9133333333334,0.0,0,300
ende,34,0.01,S2_fixed,1265,1939.18,0.0,0,300
ende,34,0.01,S3_select,10,106.44,0.0,0,300
ende,34,0.01,S3_select,14,114.67333333333333,0.0,0,300
ende,34,0.01,S3_select,21,129.01333333333332,0.0,0,300
ende,34,0.01,S3_select,30,146.48666666666668,0.0,0,300
ende,34,0.01,S3_select,44,175.65333333333334,0.0,0,300
ende,34,0.01,S3_select,64,215.33333333333334,0.0,0,300
ende,34,0.01,S3_select,93,273.8666666666667,0.0,0,300
ende,34,0.01,S3_select,135,357.74,0.0,0,300
ende,34,0.01,S3_select,196,478.55333333333334,0.0,0,300
ende,34,0.01,S3_select,285,656.44,0.0,0,300
ende,34,0.01,S3_select,413,911.7266666666667,0.0,0,300
ende,34,0.01,S3_select,600,1287.26,0.0,0,300
ende,34,0.01,S3_select,871,1828.9133333333334,0.0,0,300
ende,34,0.01,S3_select,1265,1939.18,0.0,0,300
ende,34,0.01,S4_select_or_abstain,10,106.44,0.0,0,300
ende,34,0.01,S4_select_or_abstain,14,114.67333333333333,0.0,0,300
ende,34,0.01,S4_select_or_abstain,21,129.01333333333332,0.0,0,300
ende,34,0.01,S4_select_or_abstain,30,146.48666666666668,0.0,0,300
ende,34,0.01,S4_select_or_abstain,44,175.65333333333334,0.0,0,300
ende,34,0.01,S4_select_or_abstain,64,215.33333333333334,0.0,0,300
ende,34,0.01,S4_select_or_abstain,93,273.8666666666667,0.0,0,300
ende,34,0.01,S4_select_or_abstain,135,357.74,0.0,0,300
ende,34,0.01,S4_select_or_abstain,196,478.55333333333334,0.0,0,300
ende,34,0.01,S4_select_or_abstain,285,656.44,0.0,0,300
ende,34,0.01,S4_select_or_abstain,413,911.7266666666667,0.0,0,300
ende,34,0.01,S4_select_or_abstain,600,1287.26,0.0,0,300
ende,34,0.01,S4_select_or_abstain,871,1828.9133333333334,0.0,0,300
ende,34,0.01,S4_select_or_abstain,1265,1939.18,0.0,0,300
ende,34,0.02,S1_design,10,106.44,0.0,0,300
ende,34,0.02,S1_design,14,114.67333333333333,0.0,0,300
ende,34,0.02,S1_design,21,129.01333333333332,0.0,0,300
ende,34,0.02,S1_design,30,146.48666666666668,0.0,0,300
ende,34,0.02,S1_design,44,175.65333333333334,0.0,0,300
ende,34,0.02,S1_design,64,215.33333333333334,0.0,0,300
ende,34,0.02,S1_design,93,273.8666666666667,0.0,0,300
ende,34,0.02,S1_design,135,357.74,0.0,0,300
ende,34,0.02,S1_design,196,478.55333333333334,0.0,0,300
ende,34,0.02,S1_design,285,656.44,0.0,0,300
ende,34,0.02,S1_design,413,911.7266666666667,0.0,0,300
ende,34,0.02,S1_design,600,1287.26,0.0,0,300
ende,34,0.02,S1_design,871,1828.9133333333334,0.0,0,300
ende,34,0.02,S1_design,1265,1939.18,0.0,0,300
ende,34,0.02,S2_fixed,10,106.44,0.0,0,300
ende,34,0.02,S2_fixed,14,114.67333333333333,0.0,0,300
ende,34,0.02,S2_fixed,21,129.01333333333332,0.0,0,300
ende,34,0.02,S2_fixed,30,146.48666666666668,0.0,0,300
ende,34,0.02,S2_fixed,44,175.65333333333334,0.0,0,300
ende,34,0.02,S2_fixed,64,215.33333333333334,0.0,0,300
ende,34,0.02,S2_fixed,93,273.8666666666667,0.0,0,300
ende,34,0.02,S2_fixed,135,357.74,0.0,0,300
ende,34,0.02,S2_fixed,196,478.55333333333334,0.0,0,300
ende,34,0.02,S2_fixed,285,656.44,0.0,0,300
ende,34,0.02,S2_fixed,413,911.7266666666667,0.0,0,300
ende,34,0.02,S2_fixed,600,1287.26,0.0,0,300
ende,34,0.02,S2_fixed,871,1828.9133333333334,0.0,0,300
ende,34,0.02,S2_fixed,1265,1939.18,0.0,0,300
ende,34,0.02,S3_select,10,106.44,0.0,0,300
ende,34,0.02,S3_select,14,114.67333333333333,0.0,0,300
ende,34,0.02,S3_select,21,129.01333333333332,0.0,0,300
ende,34,0.02,S3_select,30,146.48666666666668,0.0,0,300
ende,34,0.02,S3_select,44,175.65333333333334,0.0,0,300
ende,34,0.02,S3_select,64,215.33333333333334,0.0,0,300
ende,34,0.02,S3_select,93,273.8666666666667,0.0,0,300
ende,34,0.02,S3_select,135,357.74,0.0,0,300
ende,34,0.02,S3_select,196,478.55333333333334,0.0,0,300
ende,34,0.02,S3_select,285,656.44,0.0,0,300
ende,34,0.02,S3_select,413,911.7266666666667,0.0,0,300
ende,34,0.02,S3_select,600,1287.26,0.0,0,300
ende,34,0.02,S3_select,871,1828.9133333333334,0.0,0,300
ende,34,0.02,S3_select,1265,1939.18,0.0,0,300
ende,34,0.02,S4_select_or_abstain,10,106.44,0.0,0,300
ende,34,0.02,S4_select_or_abstain,14,114.67333333333333,0.0,0,300
ende,34,0.02,S4_select_or_abstain,21,129.01333333333332,0.0,0,300
ende,34,0.02,S4_select_or_abstain,30,146.48666666666668,0.0,0,300
ende,34,0.02,S4_select_or_abstain,44,175.65333333333334,0.0,0,300
ende,34,0.02,S4_select_or_abstain,64,215.33333333333334,0.0,0,300
ende,34,0.02,S4_select_or_abstain,93,273.8666666666667,0.0,0,300
ende,34,0.02,S4_select_or_abstain,135,357.74,0.0,0,300
ende,34,0.02,S4_select_or_abstain,196,478.55333333333334,0.0,0,300
ende,34,0.02,S4_select_or_abstain,285,656.44,0.0,0,300
ende,34,0.02,S4_select_or_abstain,413,911.7266666666667,0.0,0,300
ende,34,0.02,S4_select_or_abstain,600,1287.26,0.0,0,300
ende,34,0.02,S4_select_or_abstain,871,1828.9133333333334,0.0,0,300
ende,34,0.02,S4_select_or_abstain,1265,1939.18,0.0,0,300
ende,35,0.01,S1_design,10,109.35333333333334,0.0,0,300
ende,35,0.01,S1_design,14,118.17333333333333,0.0,0,300
ende,35,0.01,S1_design,21,132.21333333333334,0.0,0,300
ende,35,0.01,S1_design,30,149.47333333333333,0.0,0,300
ende,35,0.01,S1_design,44,178.1,0.0,0,300
ende,35,0.01,S1_design,64,217.57333333333332,0.0,0,300
ende,35,0.01,S1_design,93,277.34,0.0,0,300
ende,35,0.01,S1_design,135,360.72,0.0,0,300
ende,35,0.01,S1_design,196,482.1333333333333,0.0,0,300
ende,35,0.01,S1_design,285,660.4666666666667,0.0,0,300
ende,35,0.01,S1_design,413,914.6066666666667,0.0,0,300
ende,35,0.01,S1_design,600,1290.58,0.0,0,300
ende,35,0.01,S1_design,871,1831.5333333333333,0.0,0,300
ende,35,0.01,S1_design,1265,2119.92,0.0,0,300
ende,35,0.01,S2_fixed,10,109.35333333333334,0.0,0,300
ende,35,0.01,S2_fixed,14,118.17333333333333,0.0,0,300
ende,35,0.01,S2_fixed,21,132.21333333333334,0.0,0,300
ende,35,0.01,S2_fixed,30,149.47333333333333,0.0,0,300
ende,35,0.01,S2_fixed,44,178.1,0.0,0,300
ende,35,0.01,S2_fixed,64,217.57333333333332,0.0,0,300
ende,35,0.01,S2_fixed,93,277.34,0.0,0,300
ende,35,0.01,S2_fixed,135,360.72,0.0,0,300
ende,35,0.01,S2_fixed,196,482.1333333333333,0.0,0,300
ende,35,0.01,S2_fixed,285,660.4666666666667,0.0,0,300
ende,35,0.01,S2_fixed,413,914.6066666666667,0.0,0,300
ende,35,0.01,S2_fixed,600,1290.58,0.0,0,300
ende,35,0.01,S2_fixed,871,1831.5333333333333,0.0,0,300
ende,35,0.01,S2_fixed,1265,2119.92,0.0,0,300
ende,35,0.01,S3_select,10,109.35333333333334,0.0,0,300
ende,35,0.01,S3_select,14,118.17333333333333,0.0,0,300
ende,35,0.01,S3_select,21,132.21333333333334,0.0,0,300
ende,35,0.01,S3_select,30,149.47333333333333,0.0,0,300
ende,35,0.01,S3_select,44,178.1,0.0,0,300
ende,35,0.01,S3_select,64,217.57333333333332,0.0,0,300
ende,35,0.01,S3_select,93,277.34,0.0,0,300
ende,35,0.01,S3_select,135,360.72,0.0,0,300
ende,35,0.01,S3_select,196,482.1333333333333,0.0,0,300
ende,35,0.01,S3_select,285,660.4666666666667,0.0,0,300
ende,35,0.01,S3_select,413,914.6066666666667,0.0,0,300
ende,35,0.01,S3_select,600,1290.58,0.0,0,300
ende,35,0.01,S3_select,871,1831.5333333333333,0.0,0,300
ende,35,0.01,S3_select,1265,2119.92,0.0,0,300
ende,35,0.01,S4_select_or_abstain,10,109.35333333333334,0.0,0,300
ende,35,0.01,S4_select_or_abstain,14,118.17333333333333,0.0,0,300
ende,35,0.01,S4_select_or_abstain,21,132.21333333333334,0.0,0,300
ende,35,0.01,S4_select_or_abstain,30,149.47333333333333,0.0,0,300
ende,35,0.01,S4_select_or_abstain,44,178.1,0.0,0,300
ende,35,0.01,S4_select_or_abstain,64,217.57333333333332,0.0,0,300
ende,35,0.01,S4_select_or_abstain,93,277.34,0.0,0,300
ende,35,0.01,S4_select_or_abstain,135,360.72,0.0,0,300
ende,35,0.01,S4_select_or_abstain,196,482.1333333333333,0.0,0,300
ende,35,0.01,S4_select_or_abstain,285,660.4666666666667,0.0,0,300
ende,35,0.01,S4_select_or_abstain,413,914.6066666666667,0.0,0,300
ende,35,0.01,S4_select_or_abstain,600,1290.58,0.0,0,300
ende,35,0.01,S4_select_or_abstain,871,1831.5333333333333,0.0,0,300
ende,35,0.01,S4_select_or_abstain,1265,2119.92,0.0,0,300
ende,35,0.02,S1_design,10,109.35333333333334,0.0,0,300
ende,35,0.02,S1_design,14,118.17333333333333,0.0,0,300
ende,35,0.02,S1_design,21,132.21333333333334,0.0,0,300
ende,35,0.02,S1_design,30,149.47333333333333,0.0,0,300
ende,35,0.02,S1_design,44,178.1,0.0,0,300
ende,35,0.02,S1_design,64,217.57333333333332,0.0,0,300
ende,35,0.02,S1_design,93,277.34,0.0,0,300
ende,35,0.02,S1_design,135,360.72,0.0,0,300
ende,35,0.02,S1_design,196,482.1333333333333,0.0,0,300
ende,35,0.02,S1_design,285,660.4666666666667,0.0,0,300
ende,35,0.02,S1_design,413,914.6066666666667,0.0,0,300
ende,35,0.02,S1_design,600,1290.58,0.0,0,300
ende,35,0.02,S1_design,871,1831.5333333333333,0.0,0,300
ende,35,0.02,S1_design,1265,2119.92,0.0,0,300
ende,35,0.02,S2_fixed,10,109.35333333333334,0.0,0,300
ende,35,0.02,S2_fixed,14,118.17333333333333,0.0,0,300
ende,35,0.02,S2_fixed,21,132.21333333333334,0.0,0,300
ende,35,0.02,S2_fixed,30,149.47333333333333,0.0,0,300
ende,35,0.02,S2_fixed,44,178.1,0.0,0,300
ende,35,0.02,S2_fixed,64,217.57333333333332,0.0,0,300
ende,35,0.02,S2_fixed,93,277.34,0.0,0,300
ende,35,0.02,S2_fixed,135,360.72,0.0,0,300
ende,35,0.02,S2_fixed,196,482.1333333333333,0.0,0,300
ende,35,0.02,S2_fixed,285,660.4666666666667,0.0,0,300
ende,35,0.02,S2_fixed,413,914.6066666666667,0.0,0,300
ende,35,0.02,S2_fixed,600,1290.58,0.0,0,300
ende,35,0.02,S2_fixed,871,1831.5333333333333,0.0,0,300
ende,35,0.02,S2_fixed,1265,2119.92,0.0,0,300
ende,35,0.02,S3_select,10,109.35333333333334,0.0,0,300
ende,35,0.02,S3_select,14,118.17333333333333,0.0,0,300
ende,35,0.02,S3_select,21,132.21333333333334,0.0,0,300
ende,35,0.02,S3_select,30,149.47333333333333,0.0,0,300
ende,35,0.02,S3_select,44,178.1,0.0,0,300
ende,35,0.02,S3_select,64,217.57333333333332,0.0,0,300
ende,35,0.02,S3_select,93,277.34,0.0,0,300
ende,35,0.02,S3_select,135,360.72,0.0,0,300
ende,35,0.02,S3_select,196,482.1333333333333,0.0,0,300
ende,35,0.02,S3_select,285,660.4666666666667,0.0,0,300
ende,35,0.02,S3_select,413,914.6066666666667,0.0,0,300
ende,35,0.02,S3_select,600,1290.58,0.0,0,300
ende,35,0.02,S3_select,871,1831.5333333333333,0.0,0,300
ende,35,0.02,S3_select,1265,2119.92,0.0,0,300
ende,35,0.02,S4_select_or_abstain,10,109.35333333333334,0.0,0,300
ende,35,0.02,S4_select_or_abstain,14,118.17333333333333,0.0,0,300
ende,35,0.02,S4_select_or_abstain,21,132.21333333333334,0.0,0,300
ende,35,0.02,S4_select_or_abstain,30,149.47333333333333,0.0,0,300
ende,35,0.02,S4_select_or_abstain,44,178.1,0.0,0,300
ende,35,0.02,S4_select_or_abstain,64,217.57333333333332,0.0,0,300
ende,35,0.02,S4_select_or_abstain,93,277.34,0.0,0,300
ende,35,0.02,S4_select_or_abstain,135,360.72,0.0,0,300
ende,35,0.02,S4_select_or_abstain,196,482.1333333333333,0.0,0,300
ende,35,0.02,S4_select_or_abstain,285,660.4666666666667,0.0,0,300
ende,35,0.02,S4_select_or_abstain,413,914.6066666666667,0.0,0,300
ende,35,0.02,S4_select_or_abstain,600,1290.58,0.0,0,300
ende,35,0.02,S4_select_or_abstain,871,1831.5333333333333,0.0,0,300
ende,35,0.02,S4_select_or_abstain,1265,2119.92,0.0,0,300
ende,45,0.01,S1_design,10,109.12666666666667,0.0,0,300
ende,45,0.01,S1_design,14,117.97333333333333,0.0,0,300
ende,45,0.01,S1_design,21,132.10666666666665,0.0,0,300
ende,45,0.01,S1_design,30,149.04,0.0,0,300
ende,45,0.01,S1_design,44,178.10666666666665,0.0,0,300
ende,45,0.01,S1_design,64,218.02666666666667,0.0,0,300
ende,45,0.01,S1_design,93,276.18666666666667,0.0,0,300
ende,45,0.01,S1_design,135,360.7266666666667,0.0,0,300
ende,45,0.01,S1_design,196,481.49333333333334,0.0,0,300
ende,45,0.01,S1_design,285,660.5,0.0,0,300
ende,45,0.01,S1_design,413,914.06,0.0,0,300
ende,45,0.01,S1_design,600,1290.8733333333332,0.0,0,300
ende,45,0.01,S1_design,871,1831.42,0.0,0,300
ende,45,0.01,S1_design,1265,2110.1066666666666,0.0,0,300
ende,45,0.01,S2_fixed,10,109.12666666666667,0.0,0,300
ende,45,0.01,S2_fixed,14,117.97333333333333,0.0,0,300
ende,45,0.01,S2_fixed,21,132.10666666666665,0.0,0,300
ende,45,0.01,S2_fixed,30,149.04,0.0,0,300
ende,45,0.01,S2_fixed,44,178.10666666666665,0.0,0,300
ende,45,0.01,S2_fixed,64,218.02666666666667,0.0,0,300
ende,45,0.01,S2_fixed,93,276.18666666666667,0.0,0,300
ende,45,0.01,S2_fixed,135,360.7266666666667,0.0,0,300
ende,45,0.01,S2_fixed,196,481.49333333333334,0.0,0,300
ende,45,0.01,S2_fixed,285,660.5,0.0,0,300
ende,45,0.01,S2_fixed,413,914.06,0.0,0,300
ende,45,0.01,S2_fixed,600,1290.8733333333332,0.0,0,300
ende,45,0.01,S2_fixed,871,1831.42,0.0,0,300
ende,45,0.01,S2_fixed,1265,2110.1066666666666,0.0,0,300
ende,45,0.01,S3_select,10,109.12666666666667,0.0,0,300
ende,45,0.01,S3_select,14,117.97333333333333,0.0,0,300
ende,45,0.01,S3_select,21,132.10666666666665,0.0,0,300
ende,45,0.01,S3_select,30,149.04,0.0,0,300
ende,45,0.01,S3_select,44,178.10666666666665,0.0,0,300
ende,45,0.01,S3_select,64,218.02666666666667,0.0,0,300
ende,45,0.01,S3_select,93,276.18666666666667,0.0,0,300
ende,45,0.01,S3_select,135,360.7266666666667,0.0,0,300
ende,45,0.01,S3_select,196,481.49333333333334,0.0,0,300
ende,45,0.01,S3_select,285,660.5,0.0,0,300
ende,45,0.01,S3_select,413,914.06,0.0,0,300
ende,45,0.01,S3_select,600,1290.8733333333332,0.0,0,300
ende,45,0.01,S3_select,871,1831.42,0.0,0,300
ende,45,0.01,S3_select,1265,2110.1066666666666,0.0,0,300
ende,45,0.01,S4_select_or_abstain,10,109.12666666666667,0.0,0,300
ende,45,0.01,S4_select_or_abstain,14,117.97333333333333,0.0,0,300
ende,45,0.01,S4_select_or_abstain,21,132.10666666666665,0.0,0,300
ende,45,0.01,S4_select_or_abstain,30,149.04,0.0,0,300
ende,45,0.01,S4_select_or_abstain,44,178.10666666666665,0.0,0,300
ende,45,0.01,S4_select_or_abstain,64,218.02666666666667,0.0,0,300
ende,45,0.01,S4_select_or_abstain,93,276.18666666666667,0.0,0,300
ende,45,0.01,S4_select_or_abstain,135,360.7266666666667,0.0,0,300
ende,45,0.01,S4_select_or_abstain,196,481.49333333333334,0.0,0,300
ende,45,0.01,S4_select_or_abstain,285,660.5,0.0,0,300
ende,45,0.01,S4_select_or_abstain,413,914.06,0.0,0,300
ende,45,0.01,S4_select_or_abstain,600,1290.8733333333332,0.0,0,300
ende,45,0.01,S4_select_or_abstain,871,1831.42,0.0,0,300
ende,45,0.01,S4_select_or_abstain,1265,2110.1066666666666,0.0,0,300
ende,45,0.02,S1_design,10,109.12666666666667,0.0,0,300
ende,45,0.02,S1_design,14,117.97333333333333,0.0,0,300
ende,45,0.02,S1_design,21,132.10666666666665,0.0,0,300
ende,45,0.02,S1_design,30,149.04,0.0,0,300
ende,45,0.02,S1_design,44,178.10666666666665,0.0,0,300
ende,45,0.02,S1_design,64,218.02666666666667,0.0,0,300
ende,45,0.02,S1_design,93,276.18666666666667,0.0,0,300
ende,45,0.02,S1_design,135,360.7266666666667,0.0,0,300
ende,45,0.02,S1_design,196,481.49333333333334,0.0,0,300
ende,45,0.02,S1_design,285,660.5,0.0,0,300
ende,45,0.02,S1_design,413,914.06,0.0,0,300
ende,45,0.02,S1_design,600,1290.8733333333332,0.0,0,300
ende,45,0.02,S1_design,871,1831.42,0.0,0,300
ende,45,0.02,S1_design,1265,2110.1066666666666,0.0,0,300
ende,45,0.02,S2_fixed,10,109.12666666666667,0.0,0,300
ende,45,0.02,S2_fixed,14,117.97333333333333,0.0,0,300
ende,45,0.02,S2_fixed,21,132.10666666666665,0.0,0,300
ende,45,0.02,S2_fixed,30,149.04,0.0,0,300
ende,45,0.02,S2_fixed,44,178.10666666666665,0.0,0,300
ende,45,0.02,S2_fixed,64,218.02666666666667,0.0,0,300
ende,45,0.02,S2_fixed,93,276.18666666666667,0.0,0,300
ende,45,0.02,S2_fixed,135,360.7266666666667,0.0,0,300
ende,45,0.02,S2_fixed,196,481.49333333333334,0.0,0,300
ende,45,0.02,S2_fixed,285,660.5,0.0,0,300
ende,45,0.02,S2_fixed,413,914.06,0.0,0,300
ende,45,0.02,S2_fixed,600,1290.8733333333332,0.0,0,300
ende,45,0.02,S2_fixed,871,1831.42,0.0,0,300
ende,45,0.02,S2_fixed,1265,2110.1066666666666,0.0,0,300
ende,45,0.02,S3_select,10,109.12666666666667,0.0,0,300
ende,45,0.02,S3_select,14,117.97333333333333,0.0,0,300
ende,45,0.02,S3_select,21,132.10666666666665,0.0,0,300
ende,45,0.02,S3_select,30,149.04,0.0,0,300
ende,45,0.02,S3_select,44,178.10666666666665,0.0,0,300
ende,45,0.02,S3_select,64,218.02666666666667,0.0,0,300
ende,45,0.02,S3_select,93,276.18666666666667,0.0,0,300
ende,45,0.02,S3_select,135,360.7266666666667,0.0,0,300
ende,45,0.02,S3_select,196,481.49333333333334,0.0,0,300
ende,45,0.02,S3_select,285,660.5,0.0,0,300
ende,45,0.02,S3_select,413,914.06,0.0,0,300
ende,45,0.02,S3_select,600,1290.8733333333332,0.0,0,300
ende,45,0.02,S3_select,871,1831.42,0.0,0,300
ende,45,0.02,S3_select,1265,2110.1066666666666,0.0,0,300
ende,45,0.02,S4_select_or_abstain,10,109.12666666666667,0.0,0,300
ende,45,0.02,S4_select_or_abstain,14,117.97333333333333,0.0,0,300
ende,45,0.02,S4_select_or_abstain,21,132.10666666666665,0.0,0,300
ende,45,0.02,S4_select_or_abstain,30,149.04,0.0,0,300
ende,45,0.02,S4_select_or_abstain,44,178.10666666666665,0.0,0,300
ende,45,0.02,S4_select_or_abstain,64,218.02666666666667,0.0,0,300
ende,45,0.02,S4_select_or_abstain,93,276.18666666666667,0.0,0,300
ende,45,0.02,S4_select_or_abstain,135,360.7266666666667,0.0,0,300
ende,45,0.02,S4_select_or_abstain,196,481.49333333333334,0.0,0,300
ende,45,0.02,S4_select_or_abstain,285,660.5,0.0,0,300
ende,45,0.02,S4_select_or_abstain,413,914.06,0.0,0,300
ende,45,0.02,S4_select_or_abstain,600,1290.8733333333332,0.0,0,300
ende,45,0.02,S4_select_or_abstain,871,1831.42,0.0,0,300
ende,45,0.02,S4_select_or_abstain,1265,2110.1066666666666,0.0,0,300
zhen,01,0.01,S1_design,10,117.23,0.0,0,300
zhen,01,0.01,S1_design,14,125.15666666666667,0.0,0,300
zhen,01,0.01,S1_design,22,141.91,0.0,0,300
zhen,01,0.01,S1_design,33,164.31,0.0,0,300
zhen,01,0.01,S1_design,49,194.72333333333333,0.0,0,300
zhen,01,0.01,S1_design,74,245.91,0.0,0,300
zhen,01,0.01,S1_design,110,317.31,0.0,0,300
zhen,01,0.01,S1_design,165,427.24333333333334,0.0,0,300
zhen,01,0.01,S1_design,246,589.9033333333333,0.0,0,300
zhen,01,0.01,S1_design,367,829.1633333333333,0.0,0,300
zhen,01,0.01,S1_design,548,1193.5033333333333,0.0,0,300
zhen,01,0.01,S1_design,819,1733.1166666666666,0.0,0,300
zhen,01,0.01,S1_design,1222,2542.67,0.0,0,300
zhen,01,0.01,S1_design,1825,3578.37,0.0,0,300
zhen,01,0.01,S2_fixed,10,117.23,0.0,0,300
zhen,01,0.01,S2_fixed,14,125.15666666666667,0.0,0,300
zhen,01,0.01,S2_fixed,22,141.91,0.0,0,300
zhen,01,0.01,S2_fixed,33,164.31,0.0,0,300
zhen,01,0.01,S2_fixed,49,194.72333333333333,0.0,0,300
zhen,01,0.01,S2_fixed,74,245.91,0.0,0,300
zhen,01,0.01,S2_fixed,110,317.31,0.0,0,300
zhen,01,0.01,S2_fixed,165,427.24333333333334,0.0,0,300
zhen,01,0.01,S2_fixed,246,589.9033333333333,0.0,0,300
zhen,01,0.01,S2_fixed,367,829.1633333333333,0.0,0,300
zhen,01,0.01,S2_fixed,548,1193.5033333333333,0.0,0,300
zhen,01,0.01,S2_fixed,819,1733.1166666666666,0.0,0,300
zhen,01,0.01,S2_fixed,1222,2542.67,0.0,0,300
zhen,01,0.01,S2_fixed,1825,3578.37,0.0,0,300
zhen,01,0.01,S3_select,10,117.23,0.0,0,300
zhen,01,0.01,S3_select,14,125.15666666666667,0.0,0,300
zhen,01,0.01,S3_select,22,141.91,0.0,0,300
zhen,01,0.01,S3_select,33,164.31,0.0,0,300
zhen,01,0.01,S3_select,49,194.72333333333333,0.0,0,300
zhen,01,0.01,S3_select,74,245.91,0.0,0,300
zhen,01,0.01,S3_select,110,317.31,0.0,0,300
zhen,01,0.01,S3_select,165,427.24333333333334,0.0,0,300
zhen,01,0.01,S3_select,246,589.9033333333333,0.0,0,300
zhen,01,0.01,S3_select,367,829.1633333333333,0.0,0,300
zhen,01,0.01,S3_select,548,1193.5033333333333,0.0,0,300
zhen,01,0.01,S3_select,819,1733.1166666666666,0.0,0,300
zhen,01,0.01,S3_select,1222,2542.67,0.0,0,300
zhen,01,0.01,S3_select,1825,3578.37,0.0,0,300
zhen,01,0.01,S4_select_or_abstain,10,117.23,0.0,0,300
zhen,01,0.01,S4_select_or_abstain,14,125.15666666666667,0.0,0,300
zhen,01,0.01,S4_select_or_abstain,22,141.91,0.0,0,300
zhen,01,0.01,S4_select_or_abstain,33,164.31,0.0,0,300
zhen,01,0.01,S4_select_or_abstain,49,194.72333333333333,0.0,0,300
zhen,01,0.01,S4_select_or_abstain,74,245.91,0.0,0,300
zhen,01,0.01,S4_select_or_abstain,110,317.31,0.0,0,300
zhen,01,0.01,S4_select_or_abstain,165,427.24333333333334,0.0,0,300
zhen,01,0.01,S4_select_or_abstain,246,589.9033333333333,0.0,0,300
zhen,01,0.01,S4_select_or_abstain,367,829.1633333333333,0.0,0,300
zhen,01,0.01,S4_select_or_abstain,548,1193.5033333333333,0.0,0,300
zhen,01,0.01,S4_select_or_abstain,819,1733.1166666666666,0.0,0,300
zhen,01,0.01,S4_select_or_abstain,1222,2542.67,0.0,0,300
zhen,01,0.01,S4_select_or_abstain,1825,3578.37,0.0,0,300
zhen,01,0.02,S1_design,10,117.23,0.0,0,300
zhen,01,0.02,S1_design,14,125.15666666666667,0.0,0,300
zhen,01,0.02,S1_design,22,141.91,0.0,0,300
zhen,01,0.02,S1_design,33,164.31,0.0,0,300
zhen,01,0.02,S1_design,49,194.72333333333333,0.0,0,300
zhen,01,0.02,S1_design,74,245.91,0.0,0,300
zhen,01,0.02,S1_design,110,317.31,0.0,0,300
zhen,01,0.02,S1_design,165,427.24333333333334,0.0,0,300
zhen,01,0.02,S1_design,246,589.9033333333333,0.0,0,300
zhen,01,0.02,S1_design,367,829.1633333333333,0.0,0,300
zhen,01,0.02,S1_design,548,1193.5033333333333,0.0,0,300
zhen,01,0.02,S1_design,819,1733.1166666666666,0.0,0,300
zhen,01,0.02,S1_design,1222,2542.67,0.0,0,300
zhen,01,0.02,S1_design,1825,3578.37,0.0,0,300
zhen,01,0.02,S2_fixed,10,117.23,0.0,0,300
zhen,01,0.02,S2_fixed,14,125.15666666666667,0.0,0,300
zhen,01,0.02,S2_fixed,22,141.91,0.0,0,300
zhen,01,0.02,S2_fixed,33,164.31,0.0,0,300
zhen,01,0.02,S2_fixed,49,194.72333333333333,0.0,0,300
zhen,01,0.02,S2_fixed,74,245.91,0.0,0,300
zhen,01,0.02,S2_fixed,110,317.31,0.0,0,300
zhen,01,0.02,S2_fixed,165,427.24333333333334,0.0,0,300
zhen,01,0.02,S2_fixed,246,589.9033333333333,0.0,0,300
zhen,01,0.02,S2_fixed,367,829.1633333333333,0.0,0,300
zhen,01,0.02,S2_fixed,548,1193.5033333333333,0.0,0,300
zhen,01,0.02,S2_fixed,819,1733.1166666666666,0.0,0,300
zhen,01,0.02,S2_fixed,1222,2542.67,0.0,0,300
zhen,01,0.02,S2_fixed,1825,3578.37,0.0,0,300
zhen,01,0.02,S3_select,10,117.23,0.0,0,300
zhen,01,0.02,S3_select,14,125.15666666666667,0.0,0,300
zhen,01,0.02,S3_select,22,141.91,0.0,0,300
zhen,01,0.02,S3_select,33,164.31,0.0,0,300
zhen,01,0.02,S3_select,49,194.72333333333333,0.0,0,300
zhen,01,0.02,S3_select,74,245.91,0.0,0,300
zhen,01,0.02,S3_select,110,317.31,0.0,0,300
zhen,01,0.02,S3_select,165,427.24333333333334,0.0,0,300
zhen,01,0.02,S3_select,246,589.9033333333333,0.0,0,300
zhen,01,0.02,S3_select,367,829.1633333333333,0.0,0,300
zhen,01,0.02,S3_select,548,1193.5033333333333,0.0,0,300
zhen,01,0.02,S3_select,819,1733.1166666666666,0.0,0,300
zhen,01,0.02,S3_select,1222,2542.67,0.0,0,300
zhen,01,0.02,S3_select,1825,3578.37,0.0,0,300
zhen,01,0.02,S4_select_or_abstain,10,117.23,0.0,0,300
zhen,01,0.02,S4_select_or_abstain,14,125.15666666666667,0.0,0,300
zhen,01,0.02,S4_select_or_abstain,22,141.91,0.0,0,300
zhen,01,0.02,S4_select_or_abstain,33,164.31,0.0,0,300
zhen,01,0.02,S4_select_or_abstain,49,194.72333333333333,0.0,0,300
zhen,01,0.02,S4_select_or_abstain,74,245.91,0.0,0,300
zhen,01,0.02,S4_select_or_abstain,110,317.31,0.0,0,300
zhen,01,0.02,S4_select_or_abstain,165,427.24333333333334,0.0,0,300
zhen,01,0.02,S4_select_or_abstain,246,589.9033333333333,0.0,0,300
zhen,01,0.02,S4_select_or_abstain,367,829.1633333333333,0.0,0,300
zhen,01,0.02,S4_select_or_abstain,548,1193.5033333333333,0.0,0,300
zhen,01,0.02,S4_select_or_abstain,819,1733.1166666666666,0.0,0,300
zhen,01,0.02,S4_select_or_abstain,1222,2542.67,0.0,0,300
zhen,01,0.02,S4_select_or_abstain,1825,3578.37,0.0,0,300
zhen,02,0.01,S1_design,10,116.18,0.03666666666666667,11,300
zhen,02,0.01,S1_design,14,123.97333333333333,0.03333333333333333,10,300
zhen,02,0.01,S1_design,22,140.97333333333333,0.04,12,300
zhen,02,0.01,S1_design,33,162.74,0.02666666666666667,8,300
zhen,02,0.01,S1_design,49,193.66666666666666,0.03666666666666667,11,300
zhen,02,0.01,S1_design,74,244.75333333333333,0.06,18,300
zhen,02,0.01,S1_design,110,316.64,0.01,3,300
zhen,02,0.01,S1_design,165,426.4533333333333,0.02666666666666667,8,300
zhen,02,0.01,S1_design,246,588.9266666666666,0.043333333333333335,13,300
zhen,02,0.01,S1_design,367,828.6066666666667,0.006666666666666667,2,300
zhen,02,0.01,S1_design,548,1191.82,0.02666666666666667,8,300
zhen,02,0.01,S1_design,819,1732.9,0.02666666666666667,8,300
zhen,02,0.01,S1_design,1222,2542.08,0.02,6,300
zhen,02,0.01,S1_design,1825,3501.56,0.0,0,300
zhen,02,0.01,S2_fixed,10,116.18,0.03,9,300
zhen,02,0.01,S2_fixed,14,123.97333333333333,0.03,9,300
zhen,02,0.01,S2_fixed,22,140.97333333333333,0.03333333333333333,10,300
zhen,02,0.01,S2_fixed,33,162.74,0.023333333333333334,7,300
zhen,02,0.01,S2_fixed,49,193.66666666666666,0.03666666666666667,11,300
zhen,02,0.01,S2_fixed,74,244.75333333333333,0.056666666666666664,17,300
zhen,02,0.01,S2_fixed,110,316.64,0.0033333333333333335,1,300
zhen,02,0.01,S2_fixed,165,426.4533333333333,0.03,9,300
zhen,02,0.01,S2_fixed,246,588.9266666666666,0.04,12,300
zhen,02,0.01,S2_fixed,367,828.6066666666667,0.0033333333333333335,1,300
zhen,02,0.01,S2_fixed,548,1191.82,0.03333333333333333,10,300
zhen,02,0.01,S2_fixed,819,1732.9,0.03,9,300
zhen,02,0.01,S2_fixed,1222,2542.08,0.02,6,300
zhen,02,0.01,S2_fixed,1825,3501.56,0.0,0,300
zhen,02,0.01,S3_select,10,116.18,0.02666666666666667,8,300
zhen,02,0.01,S3_select,14,123.97333333333333,0.03,9,300
zhen,02,0.01,S3_select,22,140.97333333333333,0.03666666666666667,11,300
zhen,02,0.01,S3_select,33,162.74,0.03,9,300
zhen,02,0.01,S3_select,49,193.66666666666666,0.03333333333333333,10,300
zhen,02,0.01,S3_select,74,244.75333333333333,0.05,15,300
zhen,02,0.01,S3_select,110,316.64,0.0033333333333333335,1,300
zhen,02,0.01,S3_select,165,426.4533333333333,0.03333333333333333,10,300
zhen,02,0.01,S3_select,246,588.9266666666666,0.043333333333333335,13,300
zhen,02,0.01,S3_select,367,828.6066666666667,0.013333333333333334,4,300
zhen,02,0.01,S3_select,548,1191.82,0.02666666666666667,8,300
zhen,02,0.01,S3_select,819,1732.9,0.02666666666666667,8,300
zhen,02,0.01,S3_select,1222,2542.08,0.023333333333333334,7,300
zhen,02,0.01,S3_select,1825,3501.56,0.0,0,300
zhen,02,0.01,S4_select_or_abstain,10,116.18,0.02666666666666667,8,300
zhen,02,0.01,S4_select_or_abstain,14,123.97333333333333,0.03,9,300
zhen,02,0.01,S4_select_or_abstain,22,140.97333333333333,0.03666666666666667,11,300
zhen,02,0.01,S4_select_or_abstain,33,162.74,0.03,9,300
zhen,02,0.01,S4_select_or_abstain,49,193.66666666666666,0.03333333333333333,10,300
zhen,02,0.01,S4_select_or_abstain,74,244.75333333333333,0.05,15,300
zhen,02,0.01,S4_select_or_abstain,110,316.64,0.0033333333333333335,1,300
zhen,02,0.01,S4_select_or_abstain,165,426.4533333333333,0.03333333333333333,10,300
zhen,02,0.01,S4_select_or_abstain,246,588.9266666666666,0.043333333333333335,13,300
zhen,02,0.01,S4_select_or_abstain,367,828.6066666666667,0.01,3,300
zhen,02,0.01,S4_select_or_abstain,548,1191.82,0.02666666666666667,8,300
zhen,02,0.01,S4_select_or_abstain,819,1732.9,0.02666666666666667,8,300
zhen,02,0.01,S4_select_or_abstain,1222,2542.08,0.023333333333333334,7,300
zhen,02,0.01,S4_select_or_abstain,1825,3501.56,0.0,0,300
zhen,02,0.02,S1_design,10,116.18,0.0,0,300
zhen,02,0.02,S1_design,14,123.97333333333333,0.0,0,300
zhen,02,0.02,S1_design,22,140.97333333333333,0.0,0,300
zhen,02,0.02,S1_design,33,162.74,0.0,0,300
zhen,02,0.02,S1_design,49,193.66666666666666,0.0,0,300
zhen,02,0.02,S1_design,74,244.75333333333333,0.0,0,300
zhen,02,0.02,S1_design,110,316.64,0.0,0,300
zhen,02,0.02,S1_design,165,426.4533333333333,0.0,0,300
zhen,02,0.02,S1_design,246,588.9266666666666,0.0,0,300
zhen,02,0.02,S1_design,367,828.6066666666667,0.0,0,300
zhen,02,0.02,S1_design,548,1191.82,0.0,0,300
zhen,02,0.02,S1_design,819,1732.9,0.0,0,300
zhen,02,0.02,S1_design,1222,2542.08,0.0,0,300
zhen,02,0.02,S1_design,1825,3501.56,0.0,0,300
zhen,02,0.02,S2_fixed,10,116.18,0.0,0,300
zhen,02,0.02,S2_fixed,14,123.97333333333333,0.0,0,300
zhen,02,0.02,S2_fixed,22,140.97333333333333,0.0,0,300
zhen,02,0.02,S2_fixed,33,162.74,0.0,0,300
zhen,02,0.02,S2_fixed,49,193.66666666666666,0.0,0,300
zhen,02,0.02,S2_fixed,74,244.75333333333333,0.0,0,300
zhen,02,0.02,S2_fixed,110,316.64,0.0,0,300
zhen,02,0.02,S2_fixed,165,426.4533333333333,0.0,0,300
zhen,02,0.02,S2_fixed,246,588.9266666666666,0.0,0,300
zhen,02,0.02,S2_fixed,367,828.6066666666667,0.0,0,300
zhen,02,0.02,S2_fixed,548,1191.82,0.0,0,300
zhen,02,0.02,S2_fixed,819,1732.9,0.0,0,300
zhen,02,0.02,S2_fixed,1222,2542.08,0.0,0,300
zhen,02,0.02,S2_fixed,1825,3501.56,0.0,0,300
zhen,02,0.02,S3_select,10,116.18,0.0,0,300
zhen,02,0.02,S3_select,14,123.97333333333333,0.0,0,300
zhen,02,0.02,S3_select,22,140.97333333333333,0.0,0,300
zhen,02,0.02,S3_select,33,162.74,0.0,0,300
zhen,02,0.02,S3_select,49,193.66666666666666,0.0,0,300
zhen,02,0.02,S3_select,74,244.75333333333333,0.0,0,300
zhen,02,0.02,S3_select,110,316.64,0.0,0,300
zhen,02,0.02,S3_select,165,426.4533333333333,0.0,0,300
zhen,02,0.02,S3_select,246,588.9266666666666,0.0,0,300
zhen,02,0.02,S3_select,367,828.6066666666667,0.0,0,300
zhen,02,0.02,S3_select,548,1191.82,0.0,0,300
zhen,02,0.02,S3_select,819,1732.9,0.0,0,300
zhen,02,0.02,S3_select,1222,2542.08,0.0,0,300
zhen,02,0.02,S3_select,1825,3501.56,0.0,0,300
zhen,02,0.02,S4_select_or_abstain,10,116.18,0.0,0,300
zhen,02,0.02,S4_select_or_abstain,14,123.97333333333333,0.0,0,300
zhen,02,0.02,S4_select_or_abstain,22,140.97333333333333,0.0,0,300
zhen,02,0.02,S4_select_or_abstain,33,162.74,0.0,0,300
zhen,02,0.02,S4_select_or_abstain,49,193.66666666666666,0.0,0,300
zhen,02,0.02,S4_select_or_abstain,74,244.75333333333333,0.0,0,300
zhen,02,0.02,S4_select_or_abstain,110,316.64,0.0,0,300
zhen,02,0.02,S4_select_or_abstain,165,426.4533333333333,0.0,0,300
zhen,02,0.02,S4_select_or_abstain,246,588.9266666666666,0.0,0,300
zhen,02,0.02,S4_select_or_abstain,367,828.6066666666667,0.0,0,300
zhen,02,0.02,S4_select_or_abstain,548,1191.82,0.0,0,300
zhen,02,0.02,S4_select_or_abstain,819,1732.9,0.0,0,300
zhen,02,0.02,S4_select_or_abstain,1222,2542.08,0.0,0,300
zhen,02,0.02,S4_select_or_abstain,1825,3501.56,0.0,0,300
zhen,03,0.01,S1_design,10,116.47666666666667,0.03,9,300
zhen,03,0.01,S1_design,14,124.19666666666667,0.03333333333333333,10,300
zhen,03,0.01,S1_design,22,141.18333333333334,0.023333333333333334,7,300
zhen,03,0.01,S1_design,33,163.27666666666667,0.016666666666666666,5,300
zhen,03,0.01,S1_design,49,193.85,0.01,3,300
zhen,03,0.01,S1_design,74,244.98333333333332,0.023333333333333334,7,300
zhen,03,0.01,S1_design,110,316.75,0.02,6,300
zhen,03,0.01,S1_design,165,426.8566666666667,0.01,3,300
zhen,03,0.01,S1_design,246,588.35,0.023333333333333334,7,300
zhen,03,0.01,S1_design,367,829.4366666666666,0.01,3,300
zhen,03,0.01,S1_design,548,1191.75,0.013333333333333334,4,300
zhen,03,0.01,S1_design,819,1733.2433333333333,0.0033333333333333335,1,300
zhen,03,0.01,S1_design,1222,2541.69,0.0033333333333333335,1,300
zhen,03,0.01,S1_design,1825,3525.2766666666666,0.0,0,300
zhen,03,0.01,S2_fixed,10,116.47666666666667,0.02666666666666667,8,300
zhen,03,0.01,S2_fixed,14,124.19666666666667,0.03,9,300
zhen,03,0.01,S2_fixed,22,141.18333333333334,0.03666666666666667,11,300
zhen,03,0.01,S2_fixed,33,163.27666666666667,0.016666666666666666,5,300
zhen,03,0.01,S2_fixed,49,193.85,0.01,3,300
zhen,03,0.01,S2_fixed,74,244.98333333333332,0.016666666666666666,5,300
zhen,03,0.01,S2_fixed,110,316.75,0.02,6,300
zhen,03,0.01,S2_fixed,165,426.8566666666667,0.02,6,300
zhen,03,0.01,S2_fixed,246,588.35,0.02666666666666667,8,300
zhen,03,0.01,S2_fixed,367,829.4366666666666,0.01,3,300
zhen,03,0.01,S2_fixed,548,1191.75,0.013333333333333334,4,300
zhen,03,0.01,S2_fixed,819,1733.2433333333333,0.006666666666666667,2,300
zhen,03,0.01,S2_fixed,1222,2541.69,0.0033333333333333335,1,300
zhen,03,0.01,S2_fixed,1825,3525.2766666666666,0.0,0,300
zhen,03,0.01,S3_select,10,116.47666666666667,0.03,9,300
zhen,03,0.01,S3_select,14,124.19666666666667,0.03,9,300
zhen,03,0.01,S3_select,22,141.18333333333334,0.04666666666666667,14,300
zhen,03,0.01,S3_select,33,163.27666666666667,0.016666666666666666,5,300
zhen,03,0.01,S3_select,49,193.85,0.0033333333333333335,1,300
zhen,03,0.01,S3_select,74,244.98333333333332,0.013333333333333334,4,300
zhen,03,0.01,S3_select,110,316.75,0.023333333333333334,7,300
zhen,03,0.01,S3_select,165,426.8566666666667,0.01,3,300
zhen,03,0.01,S3_select,246,588.35,0.02,6,300
zhen,03,0.01,S3_select,367,829.4366666666666,0.01,3,300
zhen,03,0.01,S3_select,548,1191.75,0.016666666666666666,5,300
zhen,03,0.01,S3_select,819,1733.2433333333333,0.0033333333333333335,1,300
zhen,03,0.01,S3_select,1222,2541.69,0.0,0,300
zhen,03,0.01,S3_select,1825,3525.2766666666666,0.0,0,300
zhen,03,0.01,S4_select_or_abstain,10,116.47666666666667,0.03,9,300
zhen,03,0.01,S4_select_or_abstain,14,124.19666666666667,0.03,9,300
zhen,03,0.01,S4_select_or_abstain,22,141.18333333333334,0.043333333333333335,13,300
zhen,03,0.01,S4_select_or_abstain,33,163.27666666666667,0.016666666666666666,5,300
zhen,03,0.01,S4_select_or_abstain,49,193.85,0.0033333333333333335,1,300
zhen,03,0.01,S4_select_or_abstain,74,244.98333333333332,0.013333333333333334,4,300
zhen,03,0.01,S4_select_or_abstain,110,316.75,0.02,6,300
zhen,03,0.01,S4_select_or_abstain,165,426.8566666666667,0.01,3,300
zhen,03,0.01,S4_select_or_abstain,246,588.35,0.02,6,300
zhen,03,0.01,S4_select_or_abstain,367,829.4366666666666,0.01,3,300
zhen,03,0.01,S4_select_or_abstain,548,1191.75,0.016666666666666666,5,300
zhen,03,0.01,S4_select_or_abstain,819,1733.2433333333333,0.0033333333333333335,1,300
zhen,03,0.01,S4_select_or_abstain,1222,2541.69,0.0,0,300
zhen,03,0.01,S4_select_or_abstain,1825,3525.2766666666666,0.0,0,300
zhen,03,0.02,S1_design,10,116.47666666666667,0.0,0,300
zhen,03,0.02,S1_design,14,124.19666666666667,0.0,0,300
zhen,03,0.02,S1_design,22,141.18333333333334,0.0,0,300
zhen,03,0.02,S1_design,33,163.27666666666667,0.0,0,300
zhen,03,0.02,S1_design,49,193.85,0.0,0,300
zhen,03,0.02,S1_design,74,244.98333333333332,0.0,0,300
zhen,03,0.02,S1_design,110,316.75,0.0,0,300
zhen,03,0.02,S1_design,165,426.8566666666667,0.0,0,300
zhen,03,0.02,S1_design,246,588.35,0.0,0,300
zhen,03,0.02,S1_design,367,829.4366666666666,0.0,0,300
zhen,03,0.02,S1_design,548,1191.75,0.0,0,300
zhen,03,0.02,S1_design,819,1733.2433333333333,0.0,0,300
zhen,03,0.02,S1_design,1222,2541.69,0.0,0,300
zhen,03,0.02,S1_design,1825,3525.2766666666666,0.0,0,300
zhen,03,0.02,S2_fixed,10,116.47666666666667,0.0,0,300
zhen,03,0.02,S2_fixed,14,124.19666666666667,0.0,0,300
zhen,03,0.02,S2_fixed,22,141.18333333333334,0.0,0,300
zhen,03,0.02,S2_fixed,33,163.27666666666667,0.0,0,300
zhen,03,0.02,S2_fixed,49,193.85,0.0,0,300
zhen,03,0.02,S2_fixed,74,244.98333333333332,0.0,0,300
zhen,03,0.02,S2_fixed,110,316.75,0.0,0,300
zhen,03,0.02,S2_fixed,165,426.8566666666667,0.0,0,300
zhen,03,0.02,S2_fixed,246,588.35,0.0,0,300
zhen,03,0.02,S2_fixed,367,829.4366666666666,0.0,0,300
zhen,03,0.02,S2_fixed,548,1191.75,0.0,0,300
zhen,03,0.02,S2_fixed,819,1733.2433333333333,0.0,0,300
zhen,03,0.02,S2_fixed,1222,2541.69,0.0,0,300
zhen,03,0.02,S2_fixed,1825,3525.2766666666666,0.0,0,300
zhen,03,0.02,S3_select,10,116.47666666666667,0.0,0,300
zhen,03,0.02,S3_select,14,124.19666666666667,0.0,0,300
zhen,03,0.02,S3_select,22,141.18333333333334,0.0,0,300
zhen,03,0.02,S3_select,33,163.27666666666667,0.0,0,300
zhen,03,0.02,S3_select,49,193.85,0.0,0,300
zhen,03,0.02,S3_select,74,244.98333333333332,0.0,0,300
zhen,03,0.02,S3_select,110,316.75,0.0,0,300
zhen,03,0.02,S3_select,165,426.8566666666667,0.0,0,300
zhen,03,0.02,S3_select,246,588.35,0.0,0,300
zhen,03,0.02,S3_select,367,829.4366666666666,0.0,0,300
zhen,03,0.02,S3_select,548,1191.75,0.0,0,300
zhen,03,0.02,S3_select,819,1733.2433333333333,0.0,0,300
zhen,03,0.02,S3_select,1222,2541.69,0.0,0,300
zhen,03,0.02,S3_select,1825,3525.2766666666666,0.0,0,300
zhen,03,0.02,S4_select_or_abstain,10,116.47666666666667,0.0,0,300
zhen,03,0.02,S4_select_or_abstain,14,124.19666666666667,0.0,0,300
zhen,03,0.02,S4_select_or_abstain,22,141.18333333333334,0.0,0,300
zhen,03,0.02,S4_select_or_abstain,33,163.27666666666667,0.0,0,300
zhen,03,0.02,S4_select_or_abstain,49,193.85,0.0,0,300
zhen,03,0.02,S4_select_or_abstain,74,244.98333333333332,0.0,0,300
zhen,03,0.02,S4_select_or_abstain,110,316.75,0.0,0,300
zhen,03,0.02,S4_select_or_abstain,165,426.8566666666667,0.0,0,300
zhen,03,0.02,S4_select_or_abstain,246,588.35,0.0,0,300
zhen,03,0.02,S4_select_or_abstain,367,829.4366666666666,0.0,0,300
zhen,03,0.02,S4_select_or_abstain,548,1191.75,0.0,0,300
zhen,03,0.02,S4_select_or_abstain,819,1733.2433333333333,0.0,0,300
zhen,03,0.02,S4_select_or_abstain,1222,2541.69,0.0,0,300
zhen,03,0.02,S4_select_or_abstain,1825,3525.2766666666666,0.0,0,300
zhen,04,0.01,S1_design,10,117.18,0.016666666666666666,5,300
zhen,04,0.01,S1_design,14,125.19333333333333,0.04,12,300
zhen,04,0.01,S1_design,22,141.84,0.02666666666666667,8,300
zhen,04,0.01,S1_design,33,164.37333333333333,0.006666666666666667,2,300
zhen,04,0.01,S1_design,49,194.80666666666667,0.013333333333333334,4,300
zhen,04,0.01,S1_design,74,246.04,0.01,3,300
zhen,04,0.01,S1_design,110,317.67333333333335,0.006666666666666667,2,300
zhen,04,0.01,S1_design,165,427.61333333333334,0.01,3,300
zhen,04,0.01,S1_design,246,589.8133333333334,0.01,3,300
zhen,04,0.01,S1_design,367,829.7733333333333,0.0,0,300
zhen,04,0.01,S1_design,548,1194.6066666666666,0.0,0,300
zhen,04,0.01,S1_design,819,1733.06,0.0,0,300
zhen,04,0.01,S1_design,1222,2542.18,0.0,0,300
zhen,04,0.01,S1_design,1825,3588.346666666667,0.0,0,300
zhen,04,0.01,S2_fixed,10,117.18,0.02666666666666667,8,300
zhen,04,0.01,S2_fixed,14,125.19333333333333,0.02666666666666667,8,300
zhen,04,0.01,S2_fixed,22,141.84,0.023333333333333334,7,300
zhen,04,0.01,S2_fixed,33,164.37333333333333,0.0033333333333333335,1,300
zhen,04,0.01,S2_fixed,49,194.80666666666667,0.006666666666666667,2,300
zhen,04,0.01,S2_fixed,74,246.04,0.013333333333333334,4,300
zhen,04,0.01,S2_fixed,110,317.67333333333335,0.0,0,300
zhen,04,0.01,S2_fixed,165,427.61333333333334,0.0033333333333333335,1,300
zhen,04,0.01,S2_fixed,246,589.8133333333334,0.01,3,300
zhen,04,0.01,S2_fixed,367,829.7733333333333,0.0,0,300
zhen,04,0.01,S2_fixed,548,1194.6066666666666,0.0,0,300
zhen,04,0.01,S2_fixed,819,1733.06,0.0,0,300
zhen,04,0.01,S2_fixed,1222,2542.18,0.0,0,300
zhen,04,0.01,S2_fixed,1825,3588.346666666667,0.0,0,300
zhen,04,0.01,S3_select,10,117.18,0.023333333333333334,7,300
zhen,04,0.01,S3_select,14,125.19333333333333,0.02666666666666667,8,300
zhen,04,0.01,S3_select,22,141.84,0.03,9,300
zhen,04,0.01,S3_select,33,164.37333333333333,0.0033333333333333335,1,300
zhen,04,0.01,S3_select,49,194.80666666666667,0.006666666666666667,2,300
zhen,04,0.01,S3_select,74,246.04,0.01,3,300
zhen,04,0.01,S3_select,110,317.67333333333335,0.006666666666666667,2,300
zhen,04,0.01,S3_select,165,427.61333333333334,0.0033333333333333335,1,300
zhen,04,0.01,S3_select,246,589.8133333333334,0.006666666666666667,2,300
zhen,04,0.01,S3_select,367,829.7733333333333,0.0,0,300
zhen,04,0.01,S3_select,548,1194.6066666666666,0.0,0,300
zhen,04,0.01,S3_select,819,1733.06,0.0,0,300
zhen,04,0.01,S3_select,1222,2542.18,0.0,0,300
zhen,04,0.01,S3_select,1825,3588.346666666667,0.0,0,300
zhen,04,0.01,S4_select_or_abstain,10,117.18,0.023333333333333334,7,300
zhen,04,0.01,S4_select_or_abstain,14,125.19333333333333,0.02666666666666667,8,300
zhen,04,0.01,S4_select_or_abstain,22,141.84,0.03333333333333333,10,300
zhen,04,0.01,S4_select_or_abstain,33,164.37333333333333,0.0033333333333333335,1,300
zhen,04,0.01,S4_select_or_abstain,49,194.80666666666667,0.006666666666666667,2,300
zhen,04,0.01,S4_select_or_abstain,74,246.04,0.01,3,300
zhen,04,0.01,S4_select_or_abstain,110,317.67333333333335,0.006666666666666667,2,300
zhen,04,0.01,S4_select_or_abstain,165,427.61333333333334,0.0033333333333333335,1,300
zhen,04,0.01,S4_select_or_abstain,246,589.8133333333334,0.006666666666666667,2,300
zhen,04,0.01,S4_select_or_abstain,367,829.7733333333333,0.0,0,300
zhen,04,0.01,S4_select_or_abstain,548,1194.6066666666666,0.0,0,300
zhen,04,0.01,S4_select_or_abstain,819,1733.06,0.0,0,300
zhen,04,0.01,S4_select_or_abstain,1222,2542.18,0.0,0,300
zhen,04,0.01,S4_select_or_abstain,1825,3588.346666666667,0.0,0,300
zhen,04,0.02,S1_design,10,117.18,0.0,0,300
zhen,04,0.02,S1_design,14,125.19333333333333,0.0,0,300
zhen,04,0.02,S1_design,22,141.84,0.0,0,300
zhen,04,0.02,S1_design,33,164.37333333333333,0.0,0,300
zhen,04,0.02,S1_design,49,194.80666666666667,0.0,0,300
zhen,04,0.02,S1_design,74,246.04,0.0,0,300
zhen,04,0.02,S1_design,110,317.67333333333335,0.0,0,300
zhen,04,0.02,S1_design,165,427.61333333333334,0.0,0,300
zhen,04,0.02,S1_design,246,589.8133333333334,0.0,0,300
zhen,04,0.02,S1_design,367,829.7733333333333,0.0,0,300
zhen,04,0.02,S1_design,548,1194.6066666666666,0.0,0,300
zhen,04,0.02,S1_design,819,1733.06,0.0,0,300
zhen,04,0.02,S1_design,1222,2542.18,0.0,0,300
zhen,04,0.02,S1_design,1825,3588.346666666667,0.0,0,300
zhen,04,0.02,S2_fixed,10,117.18,0.0,0,300
zhen,04,0.02,S2_fixed,14,125.19333333333333,0.0,0,300
zhen,04,0.02,S2_fixed,22,141.84,0.0,0,300
zhen,04,0.02,S2_fixed,33,164.37333333333333,0.0,0,300
zhen,04,0.02,S2_fixed,49,194.80666666666667,0.0,0,300
zhen,04,0.02,S2_fixed,74,246.04,0.0,0,300
zhen,04,0.02,S2_fixed,110,317.67333333333335,0.0,0,300
zhen,04,0.02,S2_fixed,165,427.61333333333334,0.0,0,300
zhen,04,0.02,S2_fixed,246,589.8133333333334,0.0,0,300
zhen,04,0.02,S2_fixed,367,829.7733333333333,0.0,0,300
zhen,04,0.02,S2_fixed,548,1194.6066666666666,0.0,0,300
zhen,04,0.02,S2_fixed,819,1733.06,0.0,0,300
zhen,04,0.02,S2_fixed,1222,2542.18,0.0,0,300
zhen,04,0.02,S2_fixed,1825,3588.346666666667,0.0,0,300
zhen,04,0.02,S3_select,10,117.18,0.0,0,300
zhen,04,0.02,S3_select,14,125.19333333333333,0.0,0,300
zhen,04,0.02,S3_select,22,141.84,0.0,0,300
zhen,04,0.02,S3_select,33,164.37333333333333,0.0,0,300
zhen,04,0.02,S3_select,49,194.80666666666667,0.0,0,300
zhen,04,0.02,S3_select,74,246.04,0.0,0,300
zhen,04,0.02,S3_select,110,317.67333333333335,0.0,0,300
zhen,04,0.02,S3_select,165,427.61333333333334,0.0,0,300
zhen,04,0.02,S3_select,246,589.8133333333334,0.0,0,300
zhen,04,0.02,S3_select,367,829.7733333333333,0.0,0,300
zhen,04,0.02,S3_select,548,1194.6066666666666,0.0,0,300
zhen,04,0.02,S3_select,819,1733.06,0.0,0,300
zhen,04,0.02,S3_select,1222,2542.18,0.0,0,300
zhen,04,0.02,S3_select,1825,3588.346666666667,0.0,0,300
zhen,04,0.02,S4_select_or_abstain,10,117.18,0.0,0,300
zhen,04,0.02,S4_select_or_abstain,14,125.19333333333333,0.0,0,300
zhen,04,0.02,S4_select_or_abstain,22,141.84,0.0,0,300
zhen,04,0.02,S4_select_or_abstain,33,164.37333333333333,0.0,0,300
zhen,04,0.02,S4_select_or_abstain,49,194.80666666666667,0.0,0,300
zhen,04,0.02,S4_select_or_abstain,74,246.04,0.0,0,300
zhen,04,0.02,S4_select_or_abstain,110,317.67333333333335,0.0,0,300
zhen,04,0.02,S4_select_or_abstain,165,427.61333333333334,0.0,0,300
zhen,04,0.02,S4_select_or_abstain,246,589.8133333333334,0.0,0,300
zhen,04,0.02,S4_select_or_abstain,367,829.7733333333333,0.0,0,300
zhen,04,0.02,S4_select_or_abstain,548,1194.6066666666666,0.0,0,300
zhen,04,0.02,S4_select_or_abstain,819,1733.06,0.0,0,300
zhen,04,0.02,S4_select_or_abstain,1222,2542.18,0.0,0,300
zhen,04,0.02,S4_select_or_abstain,1825,3588.346666666667,0.0,0,300
zhen,05,0.01,S1_design,10,118.28666666666666,0.013333333333333334,4,300
zhen,05,0.01,S1_design,14,126.37333333333333,0.013333333333333334,4,300
zhen,05,0.01,S1_design,22,142.85333333333332,0.013333333333333334,4,300
zhen,05,0.01,S1_design,33,165.57333333333332,0.0033333333333333335,1,300
zhen,05,0.01,S1_design,49,196.06,0.0,0,300
zhen,05,0.01,S1_design,74,247.24666666666667,0.006666666666666667,2,300
zhen,05,0.01,S1_design,110,318.7733333333333,0.0,0,300
zhen,05,0.01,S1_design,165,427.85333333333335,0.0033333333333333335,1,300
zhen,05,0.01,S1_design,246,590.76,0.0033333333333333335,1,300
zhen,05,0.01,S1_design,367,830.1,0.0,0,300
zhen,05,0.01,S1_design,548,1195.0,0.0033333333333333335,1,300
zhen,05,0.01,S1_design,819,1734.4533333333334,0.0,0,300
zhen,05,0.01,S1_design,1222,2543.4866666666667,0.0,0,300
zhen,05,0.01,S1_design,1825,3667.233333333333,0.0,0,300
zhen,05,0.01,S2_fixed,10,118.28666666666666,0.006666666666666667,2,300
zhen,05,0.01,S2_fixed,14,126.37333333333333,0.01,3,300
zhen,05,0.01,S2_fixed,22,142.85333333333332,0.01,3,300
zhen,05,0.01,S2_fixed,33,165.57333333333332,0.0,0,300
zhen,05,0.01,S2_fixed,49,196.06,0.0,0,300
zhen,05,0.01,S2_fixed,74,247.24666666666667,0.006666666666666667,2,300
zhen,05,0.01,S2_fixed,110,318.7733333333333,0.0,0,300
zhen,05,0.01,S2_fixed,165,427.85333333333335,0.006666666666666667,2,300
zhen,05,0.01,S2_fixed,246,590.76,0.0033333333333333335,1,300
zhen,05,0.01,S2_fixed,367,830.1,0.0,0,300
zhen,05,0.01,S2_fixed,548,1195.0,0.0,0,300
zhen,05,0.01,S2_fixed,819,1734.4533333333334,0.0,0,300
zhen,05,0.01,S2_fixed,1222,2543.4866666666667,0.0,0,300
zhen,05,0.01,S2_fixed,1825,3667.233333333333,0.0,0,300
zhen,05,0.01,S3_select,10,118.28666666666666,0.0033333333333333335,1,300
zhen,05,0.01,S3_select,14,126.37333333333333,0.006666666666666667,2,300
zhen,05,0.01,S3_select,22,142.85333333333332,0.0033333333333333335,1,300
zhen,05,0.01,S3_select,33,165.57333333333332,0.006666666666666667,2,300
zhen,05,0.01,S3_select,49,196.06,0.0,0,300
zhen,05,0.01,S3_select,74,247.24666666666667,0.0033333333333333335,1,300
zhen,05,0.01,S3_select,110,318.7733333333333,0.0,0,300
zhen,05,0.01,S3_select,165,427.85333333333335,0.0033333333333333335,1,300
zhen,05,0.01,S3_select,246,590.76,0.0033333333333333335,1,300
zhen,05,0.01,S3_select,367,830.1,0.0,0,300
zhen,05,0.01,S3_select,548,1195.0,0.0,0,300
zhen,05,0.01,S3_select,819,1734.4533333333334,0.0,0,300
zhen,05,0.01,S3_select,1222,2543.4866666666667,0.0,0,300
zhen,05,0.01,S3_select,1825,3667.233333333333,0.0,0,300
zhen,05,0.01,S4_select_or_abstain,10,118.28666666666666,0.0033333333333333335,1,300
zhen,05,0.01,S4_select_or_abstain,14,126.37333333333333,0.006666666666666667,2,300
zhen,05,0.01,S4_select_or_abstain,22,142.85333333333332,0.0033333333333333335,1,300
zhen,05,0.01,S4_select_or_abstain,33,165.57333333333332,0.006666666666666667,2,300
zhen,05,0.01,S4_select_or_abstain,49,196.06,0.0,0,300
zhen,05,0.01,S4_select_or_abstain,74,247.24666666666667,0.0033333333333333335,1,300
zhen,05,0.01,S4_select_or_abstain,110,318.7733333333333,0.0,0,300
zhen,05,0.01,S4_select_or_abstain,165,427.85333333333335,0.0033333333333333335,1,300
zhen,05,0.01,S4_select_or_abstain,246,590.76,0.0033333333333333335,1,300
zhen,05,0.01,S4_select_or_abstain,367,830.1,0.0,0,300
zhen,05,0.01,S4_select_or_abstain,548,1195.0,0.0,0,300
zhen,05,0.01,S4_select_or_abstain,819,1734.4533333333334,0.0,0,300
zhen,05,0.01,S4_select_or_abstain,1222,2543.4866666666667,0.0,0,300
zhen,05,0.01,S4_select_or_abstain,1825,3667.233333333333,0.0,0,300
zhen,05,0.02,S1_design,10,118.28666666666666,0.013333333333333334,4,300
zhen,05,0.02,S1_design,14,126.37333333333333,0.02666666666666667,8,300
zhen,05,0.02,S1_design,22,142.85333333333332,0.023333333333333334,7,300
zhen,05,0.02,S1_design,33,165.57333333333332,0.01,3,300
zhen,05,0.02,S1_design,49,196.06,0.01,3,300
zhen,05,0.02,S1_design,74,247.24666666666667,0.01,3,300
zhen,05,0.02,S1_design,110,318.7733333333333,0.02,6,300
zhen,05,0.02,S1_design,165,427.85333333333335,0.016666666666666666,5,300
zhen,05,0.02,S1_design,246,590.76,0.02666666666666667,8,300
zhen,05,0.02,S1_design,367,830.1,0.013333333333333334,4,300
zhen,05,0.02,S1_design,548,1195.0,0.01,3,300
zhen,05,0.02,S1_design,819,1734.4533333333334,0.0033333333333333335,1,300
zhen,05,0.02,S1_design,1222,2543.4866666666667,0.0033333333333333335,1,300
zhen,05,0.02,S1_design,1825,3667.233333333333,0.0,0,300
zhen,05,0.02,S2_fixed,10,118.28666666666666,0.02,6,300
zhen,05,0.02,S2_fixed,14,126.37333333333333,0.02,6,300
zhen,05,0.02,S2_fixed,22,142.85333333333332,0.02666666666666667,8,300
zhen,05,0.02,S2_fixed,33,165.57333333333332,0.01,3,300
zhen,05,0.02,S2_fixed,49,196.06,0.01,3,300
zhen,05,0.02,S2_fixed,74,247.24666666666667,0.01,3,300
zhen,05,0.02,S2_fixed,110,318.7733333333333,0.006666666666666667,2,300
zhen,05,0.02,S2_fixed,165,427.85333333333335,0.016666666666666666,5,300
zhen,05,0.02,S2_fixed,246,590.76,0.023333333333333334,7,300
zhen,05,0.02,S2_fixed,367,830.1,0.01,3,300
zhen,05,0.02,S2_fixed,548,1195.0,0.013333333333333334,4,300
zhen,05,0.02,S2_fixed,819,1734.4533333333334,0.01,3,300
zhen,05,0.02,S2_fixed,1222,2543.4866666666667,0.0033333333333333335,1,300
zhen,05,0.02,S2_fixed,1825,3667.233333333333,0.0,0,300
zhen,05,0.02,S3_select,10,118.28666666666666,0.0033333333333333335,1,300
zhen,05,0.02,S3_select,14,126.37333333333333,0.01,3,300
zhen,05,0.02,S3_select,22,142.85333333333332,0.023333333333333334,7,300
zhen,05,0.02,S3_select,33,165.57333333333332,0.01,3,300
zhen,05,0.02,S3_select,49,196.06,0.013333333333333334,4,300
zhen,05,0.02,S3_select,74,247.24666666666667,0.01,3,300
zhen,05,0.02,S3_select,110,318.7733333333333,0.013333333333333334,4,300
zhen,05,0.02,S3_select,165,427.85333333333335,0.013333333333333334,4,300
zhen,05,0.02,S3_select,246,590.76,0.02666666666666667,8,300
zhen,05,0.02,S3_select,367,830.1,0.016666666666666666,5,300
zhen,05,0.02,S3_select,548,1195.0,0.013333333333333334,4,300
zhen,05,0.02,S3_select,819,1734.4533333333334,0.0033333333333333335,1,300
zhen,05,0.02,S3_select,1222,2543.4866666666667,0.0033333333333333335,1,300
zhen,05,0.02,S3_select,1825,3667.233333333333,0.0,0,300
zhen,05,0.02,S4_select_or_abstain,10,118.28666666666666,0.0033333333333333335,1,300
zhen,05,0.02,S4_select_or_abstain,14,126.37333333333333,0.01,3,300
zhen,05,0.02,S4_select_or_abstain,22,142.85333333333332,0.023333333333333334,7,300
zhen,05,0.02,S4_select_or_abstain,33,165.57333333333332,0.01,3,300
zhen,05,0.02,S4_select_or_abstain,49,196.06,0.013333333333333334,4,300
zhen,05,0.02,S4_select_or_abstain,74,247.24666666666667,0.01,3,300
zhen,05,0.02,S4_select_or_abstain,110,318.7733333333333,0.013333333333333334,4,300
zhen,05,0.02,S4_select_or_abstain,165,427.85333333333335,0.013333333333333334,4,300
zhen,05,0.02,S4_select_or_abstain,246,590.76,0.02666666666666667,8,300
zhen,05,0.02,S4_select_or_abstain,367,830.1,0.016666666666666666,5,300
zhen,05,0.02,S4_select_or_abstain,548,1195.0,0.013333333333333334,4,300
zhen,05,0.02,S4_select_or_abstain,819,1734.4533333333334,0.0033333333333333335,1,300
zhen,05,0.02,S4_select_or_abstain,1222,2543.4866666666667,0.0033333333333333335,1,300
zhen,05,0.02,S4_select_or_abstain,1825,3667.233333333333,0.0,0,300
zhen,12,0.01,S1_design,10,115.64,0.0,0,300
zhen,12,0.01,S1_design,14,123.54,0.0,0,300
zhen,12,0.01,S1_design,22,140.2,0.0,0,300
zhen,12,0.01,S1_design,33,162.32,0.0,0,300
zhen,12,0.01,S1_design,49,193.01333333333332,0.0,0,300
zhen,12,0.01,S1_design,74,244.2,0.0,0,300
zhen,12,0.01,S1_design,110,315.94,0.0,0,300
zhen,12,0.01,S1_design,165,425.9,0.0,0,300
zhen,12,0.01,S1_design,246,588.3533333333334,0.0,0,300
zhen,12,0.01,S1_design,367,827.6533333333333,0.0,0,300
zhen,12,0.01,S1_design,548,1191.3733333333332,0.0,0,300
zhen,12,0.01,S1_design,819,1732.32,0.0,0,300
zhen,12,0.01,S1_design,1222,2541.6266666666666,0.0,0,300
zhen,12,0.01,S1_design,1825,3454.02,0.0,0,300
zhen,12,0.01,S2_fixed,10,115.64,0.0,0,300
zhen,12,0.01,S2_fixed,14,123.54,0.0,0,300
zhen,12,0.01,S2_fixed,22,140.2,0.0,0,300
zhen,12,0.01,S2_fixed,33,162.32,0.0,0,300
zhen,12,0.01,S2_fixed,49,193.01333333333332,0.0,0,300
zhen,12,0.01,S2_fixed,74,244.2,0.0,0,300
zhen,12,0.01,S2_fixed,110,315.94,0.0,0,300
zhen,12,0.01,S2_fixed,165,425.9,0.0,0,300
zhen,12,0.01,S2_fixed,246,588.3533333333334,0.0,0,300
zhen,12,0.01,S2_fixed,367,827.6533333333333,0.0,0,300
zhen,12,0.01,S2_fixed,548,1191.3733333333332,0.0,0,300
zhen,12,0.01,S2_fixed,819,1732.32,0.0,0,300
zhen,12,0.01,S2_fixed,1222,2541.6266666666666,0.0,0,300
zhen,12,0.01,S2_fixed,1825,3454.02,0.0,0,300
zhen,12,0.01,S3_select,10,115.64,0.0,0,300
zhen,12,0.01,S3_select,14,123.54,0.0,0,300
zhen,12,0.01,S3_select,22,140.2,0.0,0,300
zhen,12,0.01,S3_select,33,162.32,0.0,0,300
zhen,12,0.01,S3_select,49,193.01333333333332,0.0,0,300
zhen,12,0.01,S3_select,74,244.2,0.0,0,300
zhen,12,0.01,S3_select,110,315.94,0.0,0,300
zhen,12,0.01,S3_select,165,425.9,0.0,0,300
zhen,12,0.01,S3_select,246,588.3533333333334,0.0,0,300
zhen,12,0.01,S3_select,367,827.6533333333333,0.0,0,300
zhen,12,0.01,S3_select,548,1191.3733333333332,0.0,0,300
zhen,12,0.01,S3_select,819,1732.32,0.0,0,300
zhen,12,0.01,S3_select,1222,2541.6266666666666,0.0,0,300
zhen,12,0.01,S3_select,1825,3454.02,0.0,0,300
zhen,12,0.01,S4_select_or_abstain,10,115.64,0.0,0,300
zhen,12,0.01,S4_select_or_abstain,14,123.54,0.0,0,300
zhen,12,0.01,S4_select_or_abstain,22,140.2,0.0,0,300
zhen,12,0.01,S4_select_or_abstain,33,162.32,0.0,0,300
zhen,12,0.01,S4_select_or_abstain,49,193.01333333333332,0.0,0,300
zhen,12,0.01,S4_select_or_abstain,74,244.2,0.0,0,300
zhen,12,0.01,S4_select_or_abstain,110,315.94,0.0,0,300
zhen,12,0.01,S4_select_or_abstain,165,425.9,0.0,0,300
zhen,12,0.01,S4_select_or_abstain,246,588.3533333333334,0.0,0,300
zhen,12,0.01,S4_select_or_abstain,367,827.6533333333333,0.0,0,300
zhen,12,0.01,S4_select_or_abstain,548,1191.3733333333332,0.0,0,300
zhen,12,0.01,S4_select_or_abstain,819,1732.32,0.0,0,300
zhen,12,0.01,S4_select_or_abstain,1222,2541.6266666666666,0.0,0,300
zhen,12,0.01,S4_select_or_abstain,1825,3454.02,0.0,0,300
zhen,12,0.02,S1_design,10,115.64,0.0,0,300
zhen,12,0.02,S1_design,14,123.54,0.0,0,300
zhen,12,0.02,S1_design,22,140.2,0.0,0,300
zhen,12,0.02,S1_design,33,162.32,0.0,0,300
zhen,12,0.02,S1_design,49,193.01333333333332,0.0,0,300
zhen,12,0.02,S1_design,74,244.2,0.0,0,300
zhen,12,0.02,S1_design,110,315.94,0.0,0,300
zhen,12,0.02,S1_design,165,425.9,0.0,0,300
zhen,12,0.02,S1_design,246,588.3533333333334,0.0,0,300
zhen,12,0.02,S1_design,367,827.6533333333333,0.0,0,300
zhen,12,0.02,S1_design,548,1191.3733333333332,0.0,0,300
zhen,12,0.02,S1_design,819,1732.32,0.0,0,300
zhen,12,0.02,S1_design,1222,2541.6266666666666,0.0,0,300
zhen,12,0.02,S1_design,1825,3454.02,0.0,0,300
zhen,12,0.02,S2_fixed,10,115.64,0.0,0,300
zhen,12,0.02,S2_fixed,14,123.54,0.0,0,300
zhen,12,0.02,S2_fixed,22,140.2,0.0,0,300
zhen,12,0.02,S2_fixed,33,162.32,0.0,0,300
zhen,12,0.02,S2_fixed,49,193.01333333333332,0.0,0,300
zhen,12,0.02,S2_fixed,74,244.2,0.0,0,300
zhen,12,0.02,S2_fixed,110,315.94,0.0,0,300
zhen,12,0.02,S2_fixed,165,425.9,0.0,0,300
zhen,12,0.02,S2_fixed,246,588.3533333333334,0.0,0,300
zhen,12,0.02,S2_fixed,367,827.6533333333333,0.0,0,300
zhen,12,0.02,S2_fixed,548,1191.3733333333332,0.0,0,300
zhen,12,0.02,S2_fixed,819,1732.32,0.0,0,300
zhen,12,0.02,S2_fixed,1222,2541.6266666666666,0.0,0,300
zhen,12,0.02,S2_fixed,1825,3454.02,0.0,0,300
zhen,12,0.02,S3_select,10,115.64,0.0,0,300
zhen,12,0.02,S3_select,14,123.54,0.0,0,300
zhen,12,0.02,S3_select,22,140.2,0.0,0,300
zhen,12,0.02,S3_select,33,162.32,0.0,0,300
zhen,12,0.02,S3_select,49,193.01333333333332,0.0,0,300
zhen,12,0.02,S3_select,74,244.2,0.0,0,300
zhen,12,0.02,S3_select,110,315.94,0.0,0,300
zhen,12,0.02,S3_select,165,425.9,0.0,0,300
zhen,12,0.02,S3_select,246,588.3533333333334,0.0,0,300
zhen,12,0.02,S3_select,367,827.6533333333333,0.0,0,300
zhen,12,0.02,S3_select,548,1191.3733333333332,0.0,0,300
zhen,12,0.02,S3_select,819,1732.32,0.0,0,300
zhen,12,0.02,S3_select,1222,2541.6266666666666,0.0,0,300
zhen,12,0.02,S3_select,1825,3454.02,0.0,0,300
zhen,12,0.02,S4_select_or_abstain,10,115.64,0.0,0,300
zhen,12,0.02,S4_select_or_abstain,14,123.54,0.0,0,300
zhen,12,0.02,S4_select_or_abstain,22,140.2,0.0,0,300
zhen,12,0.02,S4_select_or_abstain,33,162.32,0.0,0,300
zhen,12,0.02,S4_select_or_abstain,49,193.01333333333332,0.0,0,300
zhen,12,0.02,S4_select_or_abstain,74,244.2,0.0,0,300
zhen,12,0.02,S4_select_or_abstain,110,315.94,0.0,0,300
zhen,12,0.02,S4_select_or_abstain,165,425.9,0.0,0,300
zhen,12,0.02,S4_select_or_abstain,246,588.3533333333334,0.0,0,300
zhen,12,0.02,S4_select_or_abstain,367,827.6533333333333,0.0,0,300
zhen,12,0.02,S4_select_or_abstain,548,1191.3733333333332,0.0,0,300
zhen,12,0.02,S4_select_or_abstain,819,1732.32,0.0,0,300
zhen,12,0.02,S4_select_or_abstain,1222,2541.6266666666666,0.0,0,300
zhen,12,0.02,S4_select_or_abstain,1825,3454.02,0.0,0,300
zhen,13,0.01,S1_design,10,116.74333333333334,0.0,0,300
zhen,13,0.01,S1_design,14,124.65,0.0,0,300
zhen,13,0.01,S1_design,22,141.41,0.0,0,300
zhen,13,0.01,S1_design,33,163.61666666666667,0.0,0,300
zhen,13,0.01,S1_design,49,194.21666666666667,0.0,0,300
zhen,13,0.01,S1_design,74,245.82333333333332,0.0,0,300
zhen,13,0.01,S1_design,110,317.22333333333336,0.0,0,300
zhen,13,0.01,S1_design,165,427.06333333333333,0.0,0,300
zhen,13,0.01,S1_design,246,588.61,0.0,0,300
zhen,13,0.01,S1_design,367,829.3833333333333,0.0,0,300
zhen,13,0.01,S1_design,548,1191.5966666666666,0.0,0,300
zhen,13,0.01,S1_design,819,1733.1166666666666,0.0,0,300
zhen,13,0.01,S1_design,1222,2542.65,0.0,0,300
zhen,13,0.01,S1_design,1825,3532.8633333333332,0.0,0,300
zhen,13,0.01,S2_fixed,10,116.74333333333334,0.0,0,300
zhen,13,0.01,S2_fixed,14,124.65,0.0,0,300
zhen,13,0.01,S2_fixed,22,141.41,0.0,0,300
zhen,13,0.01,S2_fixed,33,163.61666666666667,0.0,0,300
zhen,13,0.01,S2_fixed,49,194.21666666666667,0.0,0,300
zhen,13,0.01,S2_fixed,74,245.82333333333332,0.0,0,300
zhen,13,0.01,S2_fixed,110,317.22333333333336,0.0,0,300
zhen,13,0.01,S2_fixed,165,427.06333333333333,0.0,0,300
zhen,13,0.01,S2_fixed,246,588.61,0.0,0,300
zhen,13,0.01,S2_fixed,367,829.3833333333333,0.0,0,300
zhen,13,0.01,S2_fixed,548,1191.5966666666666,0.0,0,300
zhen,13,0.01,S2_fixed,819,1733.1166666666666,0.0,0,300
zhen,13,0.01,S2_fixed,1222,2542.65,0.0,0,300
zhen,13,0.01,S2_fixed,1825,3532.8633333333332,0.0,0,300
zhen,13,0.01,S3_select,10,116.74333333333334,0.0,0,300
zhen,13,0.01,S3_select,14,124.65,0.0,0,300
zhen,13,0.01,S3_select,22,141.41,0.0,0,300
zhen,13,0.01,S3_select,33,163.61666666666667,0.0,0,300
zhen,13,0.01,S3_select,49,194.21666666666667,0.0,0,300
zhen,13,0.01,S3_select,74,245.82333333333332,0.0,0,300
zhen,13,0.01,S3_select,110,317.22333333333336,0.0,0,300
zhen,13,0.01,S3_select,165,427.06333333333333,0.0,0,300
zhen,13,0.01,S3_select,246,588.61,0.0,0,300
zhen,13,0.01,S3_select,367,829.3833333333333,0.0,0,300
zhen,13,0.01,S3_select,548,1191.5966666666666,0.0,0,300
zhen,13,0.01,S3_select,819,1733.1166666666666,0.0,0,300
zhen,13,0.01,S3_select,1222,2542.65,0.0,0,300
zhen,13,0.01,S3_select,1825,3532.8633333333332,0.0,0,300
zhen,13,0.01,S4_select_or_abstain,10,116.74333333333334,0.0,0,300
zhen,13,0.01,S4_select_or_abstain,14,124.65,0.0,0,300
zhen,13,0.01,S4_select_or_abstain,22,141.41,0.0,0,300
zhen,13,0.01,S4_select_or_abstain,33,163.61666666666667,0.0,0,300
zhen,13,0.01,S4_select_or_abstain,49,194.21666666666667,0.0,0,300
zhen,13,0.01,S4_select_or_abstain,74,245.82333333333332,0.0,0,300
zhen,13,0.01,S4_select_or_abstain,110,317.22333333333336,0.0,0,300
zhen,13,0.01,S4_select_or_abstain,165,427.06333333333333,0.0,0,300
zhen,13,0.01,S4_select_or_abstain,246,588.61,0.0,0,300
zhen,13,0.01,S4_select_or_abstain,367,829.3833333333333,0.0,0,300
zhen,13,0.01,S4_select_or_abstain,548,1191.5966666666666,0.0,0,300
zhen,13,0.01,S4_select_or_abstain,819,1733.1166666666666,0.0,0,300
zhen,13,0.01,S4_select_or_abstain,1222,2542.65,0.0,0,300
zhen,13,0.01,S4_select_or_abstain,1825,3532.8633333333332,0.0,0,300
zhen,13,0.02,S1_design,10,116.74333333333334,0.0,0,300
zhen,13,0.02,S1_design,14,124.65,0.0,0,300
zhen,13,0.02,S1_design,22,141.41,0.0,0,300
zhen,13,0.02,S1_design,33,163.61666666666667,0.0,0,300
zhen,13,0.02,S1_design,49,194.21666666666667,0.0,0,300
zhen,13,0.02,S1_design,74,245.82333333333332,0.0,0,300
zhen,13,0.02,S1_design,110,317.22333333333336,0.0,0,300
zhen,13,0.02,S1_design,165,427.06333333333333,0.0,0,300
zhen,13,0.02,S1_design,246,588.61,0.0,0,300
zhen,13,0.02,S1_design,367,829.3833333333333,0.0,0,300
zhen,13,0.02,S1_design,548,1191.5966666666666,0.0,0,300
zhen,13,0.02,S1_design,819,1733.1166666666666,0.0,0,300
zhen,13,0.02,S1_design,1222,2542.65,0.0,0,300
zhen,13,0.02,S1_design,1825,3532.8633333333332,0.0,0,300
zhen,13,0.02,S2_fixed,10,116.74333333333334,0.0,0,300
zhen,13,0.02,S2_fixed,14,124.65,0.0,0,300
zhen,13,0.02,S2_fixed,22,141.41,0.0,0,300
zhen,13,0.02,S2_fixed,33,163.61666666666667,0.0,0,300
zhen,13,0.02,S2_fixed,49,194.21666666666667,0.0,0,300
zhen,13,0.02,S2_fixed,74,245.82333333333332,0.0,0,300
zhen,13,0.02,S2_fixed,110,317.22333333333336,0.0,0,300
zhen,13,0.02,S2_fixed,165,427.06333333333333,0.0,0,300
zhen,13,0.02,S2_fixed,246,588.61,0.0,0,300
zhen,13,0.02,S2_fixed,367,829.3833333333333,0.0,0,300
zhen,13,0.02,S2_fixed,548,1191.5966666666666,0.0,0,300
zhen,13,0.02,S2_fixed,819,1733.1166666666666,0.0,0,300
zhen,13,0.02,S2_fixed,1222,2542.65,0.0,0,300
zhen,13,0.02,S2_fixed,1825,3532.8633333333332,0.0,0,300
zhen,13,0.02,S3_select,10,116.74333333333334,0.0,0,300
zhen,13,0.02,S3_select,14,124.65,0.0,0,300
zhen,13,0.02,S3_select,22,141.41,0.0,0,300
zhen,13,0.02,S3_select,33,163.61666666666667,0.0,0,300
zhen,13,0.02,S3_select,49,194.21666666666667,0.0,0,300
zhen,13,0.02,S3_select,74,245.82333333333332,0.0,0,300
zhen,13,0.02,S3_select,110,317.22333333333336,0.0,0,300
zhen,13,0.02,S3_select,165,427.06333333333333,0.0,0,300
zhen,13,0.02,S3_select,246,588.61,0.0,0,300
zhen,13,0.02,S3_select,367,829.3833333333333,0.0,0,300
zhen,13,0.02,S3_select,548,1191.5966666666666,0.0,0,300
zhen,13,0.02,S3_select,819,1733.1166666666666,0.0,0,300
zhen,13,0.02,S3_select,1222,2542.65,0.0,0,300
zhen,13,0.02,S3_select,1825,3532.8633333333332,0.0,0,300
zhen,13,0.02,S4_select_or_abstain,10,116.74333333333334,0.0,0,300
zhen,13,0.02,S4_select_or_abstain,14,124.65,0.0,0,300
zhen,13,0.02,S4_select_or_abstain,22,141.41,0.0,0,300
zhen,13,0.02,S4_select_or_abstain,33,163.61666666666667,0.0,0,300
zhen,13,0.02,S4_select_or_abstain,49,194.21666666666667,0.0,0,300
zhen,13,0.02,S4_select_or_abstain,74,245.82333333333332,0.0,0,300
zhen,13,0.02,S4_select_or_abstain,110,317.22333333333336,0.0,0,300
zhen,13,0.02,S4_select_or_abstain,165,427.06333333333333,0.0,0,300
zhen,13,0.02,S4_select_or_abstain,246,588.61,0.0,0,300
zhen,13,0.02,S4_select_or_abstain,367,829.3833333333333,0.0,0,300
zhen,13,0.02,S4_select_or_abstain,548,1191.5966666666666,0.0,0,300
zhen,13,0.02,S4_select_or_abstain,819,1733.1166666666666,0.0,0,300
zhen,13,0.02,S4_select_or_abstain,1222,2542.65,0.0,0,300
zhen,13,0.02,S4_select_or_abstain,1825,3532.8633333333332,0.0,0,300
zhen,14,0.01,S1_design,10,116.07666666666667,0.0,0,300
zhen,14,0.01,S1_design,14,123.86333333333333,0.0,0,300
zhen,14,0.01,S1_design,22,140.45,0.0,0,300
zhen,14,0.01,S1_design,33,162.65666666666667,0.0,0,300
zhen,14,0.01,S1_design,49,193.67,0.0,0,300
zhen,14,0.01,S1_design,74,244.63,0.0,0,300
zhen,14,0.01,S1_design,110,316.63,0.0,0,300
zhen,14,0.01,S1_design,165,426.86333333333334,0.0,0,300
zhen,14,0.01,S1_design,246,588.39,0.0,0,300
zhen,14,0.01,S1_design,367,827.6233333333333,0.0,0,300
zhen,14,0.01,S1_design,548,1192.7366666666667,0.0,0,300
zhen,14,0.01,S1_design,819,1732.41,0.0,0,300
zhen,14,0.01,S1_design,1222,2541.7366666666667,0.0,0,300
zhen,14,0.01,S1_design,1825,3489.6766666666667,0.0,0,300
zhen,14,0.01,S2_fixed,10,116.07666666666667,0.0,0,300
zhen,14,0.01,S2_fixed,14,123.86333333333333,0.0,0,300
zhen,14,0.01,S2_fixed,22,140.45,0.0,0,300
zhen,14,0.01,S2_fixed,33,162.65666666666667,0.0,0,300
zhen,14,0.01,S2_fixed,49,193.67,0.0,0,300
zhen,14,0.01,S2_fixed,74,244.63,0.0,0,300
zhen,14,0.01,S2_fixed,110,316.63,0.0,0,300
zhen,14,0.01,S2_fixed,165,426.86333333333334,0.0,0,300
zhen,14,0.01,S2_fixed,246,588.39,0.0,0,300
zhen,14,0.01,S2_fixed,367,827.6233333333333,0.0,0,300
zhen,14,0.01,S2_fixed,548,1192.7366666666667,0.0,0,300
zhen,14,0.01,S2_fixed,819,1732.41,0.0,0,300
zhen,14,0.01,S2_fixed,1222,2541.7366666666667,0.0,0,300
zhen,14,0.01,S2_fixed,1825,3489.6766666666667,0.0,0,300
zhen,14,0.01,S3_select,10,116.07666666666667,0.0,0,300
zhen,14,0.01,S3_select,14,123.86333333333333,0.0,0,300
zhen,14,0.01,S3_select,22,140.45,0.0,0,300
zhen,14,0.01,S3_select,33,162.65666666666667,0.0,0,300
zhen,14,0.01,S3_select,49,193.67,0.0,0,300
zhen,14,0.01,S3_select,74,244.63,0.0,0,300
zhen,14,0.01,S3_select,110,316.63,0.0,0,300
zhen,14,0.01,S3_select,165,426.86333333333334,0.0,0,300
zhen,14,0.01,S3_select,246,588.39,0.0,0,300
zhen,14,0.01,S3_select,367,827.6233333333333,0.0,0,300
zhen,14,0.01,S3_select,548,1192.7366666666667,0.0,0,300
zhen,14,0.01,S3_select,819,1732.41,0.0,0,300
zhen,14,0.01,S3_select,1222,2541.7366666666667,0.0,0,300
zhen,14,0.01,S3_select,1825,3489.6766666666667,0.0,0,300
zhen,14,0.01,S4_select_or_abstain,10,116.07666666666667,0.0,0,300
zhen,14,0.01,S4_select_or_abstain,14,123.86333333333333,0.0,0,300
zhen,14,0.01,S4_select_or_abstain,22,140.45,0.0,0,300
zhen,14,0.01,S4_select_or_abstain,33,162.65666666666667,0.0,0,300
zhen,14,0.01,S4_select_or_abstain,49,193.67,0.0,0,300
zhen,14,0.01,S4_select_or_abstain,74,244.63,0.0,0,300
zhen,14,0.01,S4_select_or_abstain,110,316.63,0.0,0,300
zhen,14,0.01,S4_select_or_abstain,165,426.86333333333334,0.0,0,300
zhen,14,0.01,S4_select_or_abstain,246,588.39,0.0,0,300
zhen,14,0.01,S4_select_or_abstain,367,827.6233333333333,0.0,0,300
zhen,14,0.01,S4_select_or_abstain,548,1192.7366666666667,0.0,0,300
zhen,14,0.01,S4_select_or_abstain,819,1732.41,0.0,0,300
zhen,14,0.01,S4_select_or_abstain,1222,2541.7366666666667,0.0,0,300
zhen,14,0.01,S4_select_or_abstain,1825,3489.6766666666667,0.0,0,300
zhen,14,0.02,S1_design,10,116.07666666666667,0.0,0,300
zhen,14,0.02,S1_design,14,123.86333333333333,0.0,0,300
zhen,14,0.02,S1_design,22,140.45,0.0,0,300
zhen,14,0.02,S1_design,33,162.65666666666667,0.0,0,300
zhen,14,0.02,S1_design,49,193.67,0.0,0,300
zhen,14,0.02,S1_design,74,244.63,0.0,0,300
zhen,14,0.02,S1_design,110,316.63,0.0,0,300
zhen,14,0.02,S1_design,165,426.86333333333334,0.0,0,300
zhen,14,0.02,S1_design,246,588.39,0.0,0,300
zhen,14,0.02,S1_design,367,827.6233333333333,0.0,0,300
zhen,14,0.02,S1_design,548,1192.7366666666667,0.0,0,300
zhen,14,0.02,S1_design,819,1732.41,0.0,0,300
zhen,14,0.02,S1_design,1222,2541.7366666666667,0.0,0,300
zhen,14,0.02,S1_design,1825,3489.6766666666667,0.0,0,300
zhen,14,0.02,S2_fixed,10,116.07666666666667,0.0,0,300
zhen,14,0.02,S2_fixed,14,123.86333333333333,0.0,0,300
zhen,14,0.02,S2_fixed,22,140.45,0.0,0,300
zhen,14,0.02,S2_fixed,33,162.65666666666667,0.0,0,300
zhen,14,0.02,S2_fixed,49,193.67,0.0,0,300
zhen,14,0.02,S2_fixed,74,244.63,0.0,0,300
zhen,14,0.02,S2_fixed,110,316.63,0.0,0,300
zhen,14,0.02,S2_fixed,165,426.86333333333334,0.0,0,300
zhen,14,0.02,S2_fixed,246,588.39,0.0,0,300
zhen,14,0.02,S2_fixed,367,827.6233333333333,0.0,0,300
zhen,14,0.02,S2_fixed,548,1192.7366666666667,0.0,0,300
zhen,14,0.02,S2_fixed,819,1732.41,0.0,0,300
zhen,14,0.02,S2_fixed,1222,2541.7366666666667,0.0,0,300
zhen,14,0.02,S2_fixed,1825,3489.6766666666667,0.0,0,300
zhen,14,0.02,S3_select,10,116.07666666666667,0.0,0,300
zhen,14,0.02,S3_select,14,123.86333333333333,0.0,0,300
zhen,14,0.02,S3_select,22,140.45,0.0,0,300
zhen,14,0.02,S3_select,33,162.65666666666667,0.0,0,300
zhen,14,0.02,S3_select,49,193.67,0.0,0,300
zhen,14,0.02,S3_select,74,244.63,0.0,0,300
zhen,14,0.02,S3_select,110,316.63,0.0,0,300
zhen,14,0.02,S3_select,165,426.86333333333334,0.0,0,300
zhen,14,0.02,S3_select,246,588.39,0.0,0,300
zhen,14,0.02,S3_select,367,827.6233333333333,0.0,0,300
zhen,14,0.02,S3_select,548,1192.7366666666667,0.0,0,300
zhen,14,0.02,S3_select,819,1732.41,0.0,0,300
zhen,14,0.02,S3_select,1222,2541.7366666666667,0.0,0,300
zhen,14,0.02,S3_select,1825,3489.6766666666667,0.0,0,300
zhen,14,0.02,S4_select_or_abstain,10,116.07666666666667,0.0,0,300
zhen,14,0.02,S4_select_or_abstain,14,123.86333333333333,0.0,0,300
zhen,14,0.02,S4_select_or_abstain,22,140.45,0.0,0,300
zhen,14,0.02,S4_select_or_abstain,33,162.65666666666667,0.0,0,300
zhen,14,0.02,S4_select_or_abstain,49,193.67,0.0,0,300
zhen,14,0.02,S4_select_or_abstain,74,244.63,0.0,0,300
zhen,14,0.02,S4_select_or_abstain,110,316.63,0.0,0,300
zhen,14,0.02,S4_select_or_abstain,165,426.86333333333334,0.0,0,300
zhen,14,0.02,S4_select_or_abstain,246,588.39,0.0,0,300
zhen,14,0.02,S4_select_or_abstain,367,827.6233333333333,0.0,0,300
zhen,14,0.02,S4_select_or_abstain,548,1192.7366666666667,0.0,0,300
zhen,14,0.02,S4_select_or_abstain,819,1732.41,0.0,0,300
zhen,14,0.02,S4_select_or_abstain,1222,2541.7366666666667,0.0,0,300
zhen,14,0.02,S4_select_or_abstain,1825,3489.6766666666667,0.0,0,300
zhen,15,0.01,S1_design,10,116.94333333333333,0.043333333333333335,13,300
zhen,15,0.01,S1_design,14,125.09,0.03,9,300
zhen,15,0.01,S1_design,22,141.58333333333334,0.02666666666666667,8,300
zhen,15,0.01,S1_design,33,163.91666666666666,0.03,9,300
zhen,15,0.01,S1_design,49,194.49,0.016666666666666666,5,300
zhen,15,0.01,S1_design,74,245.64333333333335,0.01,3,300
zhen,15,0.01,S1_design,110,317.33666666666664,0.013333333333333334,4,300
zhen,15,0.01,S1_design,165,427.57,0.02666666666666667,8,300
zhen,15,0.01,S1_design,246,589.1233333333333,0.01,3,300
zhen,15,0.01,S1_design,367,829.0833333333334,0.016666666666666666,5,300
zhen,15,0.01,S1_design,548,1193.1233333333332,0.013333333333333334,4,300
zhen,15,0.01,S1_design,819,1733.6366666666668,0.0,0,300
zhen,15,0.01,S1_design,1222,2542.5233333333335,0.0,0,300
zhen,15,0.01,S1_design,1825,3560.5833333333335,0.0,0,300
zhen,15,0.01,S2_fixed,10,116.94333333333333,0.03,9,300
zhen,15,0.01,S2_fixed,14,125.09,0.02666666666666667,8,300
zhen,15,0.01,S2_fixed,22,141.58333333333334,0.03,9,300
zhen,15,0.01,S2_fixed,33,163.91666666666666,0.03,9,300
zhen,15,0.01,S2_fixed,49,194.49,0.02,6,300
zhen,15,0.01,S2_fixed,74,245.64333333333335,0.013333333333333334,4,300
zhen,15,0.01,S2_fixed,110,317.33666666666664,0.016666666666666666,5,300
zhen,15,0.01,S2_fixed,165,427.57,0.016666666666666666,5,300
zhen,15,0.01,S2_fixed,246,589.1233333333333,0.0,0,300
zhen,15,0.01,S2_fixed,367,829.0833333333334,0.013333333333333334,4,300
zhen,15,0.01,S2_fixed,548,1193.1233333333332,0.006666666666666667,2,300
zhen,15,0.01,S2_fixed,819,1733.6366666666668,0.0,0,300
zhen,15,0.01,S2_fixed,1222,2542.5233333333335,0.0,0,300
zhen,15,0.01,S2_fixed,1825,3560.5833333333335,0.0,0,300
zhen,15,0.01,S3_select,10,116.94333333333333,0.023333333333333334,7,300
zhen,15,0.01,S3_select,14,125.09,0.03,9,300
zhen,15,0.01,S3_select,22,141.58333333333334,0.04,12,300
zhen,15,0.01,S3_select,33,163.91666666666666,0.03,9,300
zhen,15,0.01,S3_select,49,194.49,0.02666666666666667,8,300
zhen,15,0.01,S3_select,74,245.64333333333335,0.01,3,300
zhen,15,0.01,S3_select,110,317.33666666666664,0.016666666666666666,5,300
zhen,15,0.01,S3_select,165,427.57,0.01,3,300
zhen,15,0.01,S3_select,246,589.1233333333333,0.0033333333333333335,1,300
zhen,15,0.01,S3_select,367,829.0833333333334,0.01,3,300
zhen,15,0.01,S3_select,548,1193.1233333333332,0.01,3,300
zhen,15,0.01,S3_select,819,1733.6366666666668,0.0,0,300
zhen,15,0.01,S3_select,1222,2542.5233333333335,0.0,0,300
zhen,15,0.01,S3_select,1825,3560.5833333333335,0.0,0,300
zhen,15,0.01,S4_select_or_abstain,10,116.94333333333333,0.023333333333333334,7,300
zhen,15,0.01,S4_select_or_abstain,14,125.09,0.03,9,300
zhen,15,0.01,S4_select_or_abstain,22,141.58333333333334,0.04,12,300
zhen,15,0.01,S4_select_or_abstain,33,163.91666666666666,0.03333333333333333,10,300
zhen,15,0.01,S4_select_or_abstain,49,194.49,0.02666666666666667,8,300
zhen,15,0.01,S4_select_or_abstain,74,245.64333333333335,0.01,3,300
zhen,15,0.01,S4_select_or_abstain,110,317.33666666666664,0.016666666666666666,5,300
zhen,15,0.01,S4_select_or_abstain,165,427.57,0.01,3,300
zhen,15,0.01,S4_select_or_abstain,246,589.1233333333333,0.0033333333333333335,1,300
zhen,15,0.01,S4_select_or_abstain,367,829.0833333333334,0.01,3,300
zhen,15,0.01,S4_select_or_abstain,548,1193.1233333333332,0.01,3,300
zhen,15,0.01,S4_select_or_abstain,819,1733.6366666666668,0.0,0,300
zhen,15,0.01,S4_select_or_abstain,1222,2542.5233333333335,0.0,0,300
zhen,15,0.01,S4_select_or_abstain,1825,3560.5833333333335,0.0,0,300
zhen,15,0.02,S1_design,10,116.94333333333333,0.0,0,300
zhen,15,0.02,S1_design,14,125.09,0.0,0,300
zhen,15,0.02,S1_design,22,141.58333333333334,0.0,0,300
zhen,15,0.02,S1_design,33,163.91666666666666,0.0,0,300
zhen,15,0.02,S1_design,49,194.49,0.0,0,300
zhen,15,0.02,S1_design,74,245.64333333333335,0.0,0,300
zhen,15,0.02,S1_design,110,317.33666666666664,0.0,0,300
zhen,15,0.02,S1_design,165,427.57,0.0,0,300
zhen,15,0.02,S1_design,246,589.1233333333333,0.0,0,300
zhen,15,0.02,S1_design,367,829.0833333333334,0.0,0,300
zhen,15,0.02,S1_design,548,1193.1233333333332,0.0,0,300
zhen,15,0.02,S1_design,819,1733.6366666666668,0.0,0,300
zhen,15,0.02,S1_design,1222,2542.5233333333335,0.0,0,300
zhen,15,0.02,S1_design,1825,3560.5833333333335,0.0,0,300
zhen,15,0.02,S2_fixed,10,116.94333333333333,0.0,0,300
zhen,15,0.02,S2_fixed,14,125.09,0.0,0,300
zhen,15,0.02,S2_fixed,22,141.58333333333334,0.0,0,300
zhen,15,0.02,S2_fixed,33,163.91666666666666,0.0,0,300
zhen,15,0.02,S2_fixed,49,194.49,0.0,0,300
zhen,15,0.02,S2_fixed,74,245.64333333333335,0.0,0,300
zhen,15,0.02,S2_fixed,110,317.33666666666664,0.0,0,300
zhen,15,0.02,S2_fixed,165,427.57,0.0,0,300
zhen,15,0.02,S2_fixed,246,589.1233333333333,0.0,0,300
zhen,15,0.02,S2_fixed,367,829.0833333333334,0.0,0,300
zhen,15,0.02,S2_fixed,548,1193.1233333333332,0.0,0,300
zhen,15,0.02,S2_fixed,819,1733.6366666666668,0.0,0,300
zhen,15,0.02,S2_fixed,1222,2542.5233333333335,0.0,0,300
zhen,15,0.02,S2_fixed,1825,3560.5833333333335,0.0,0,300
zhen,15,0.02,S3_select,10,116.94333333333333,0.0,0,300
zhen,15,0.02,S3_select,14,125.09,0.0,0,300
zhen,15,0.02,S3_select,22,141.58333333333334,0.0,0,300
zhen,15,0.02,S3_select,33,163.91666666666666,0.0,0,300
zhen,15,0.02,S3_select,49,194.49,0.0,0,300
zhen,15,0.02,S3_select,74,245.64333333333335,0.0,0,300
zhen,15,0.02,S3_select,110,317.33666666666664,0.0,0,300
zhen,15,0.02,S3_select,165,427.57,0.0,0,300
zhen,15,0.02,S3_select,246,589.1233333333333,0.0,0,300
zhen,15,0.02,S3_select,367,829.0833333333334,0.0,0,300
zhen,15,0.02,S3_select,548,1193.1233333333332,0.0,0,300
zhen,15,0.02,S3_select,819,1733.6366666666668,0.0,0,300
zhen,15,0.02,S3_select,1222,2542.5233333333335,0.0,0,300
zhen,15,0.02,S3_select,1825,3560.5833333333335,0.0,0,300
zhen,15,0.02,S4_select_or_abstain,10,116.94333333333333,0.0,0,300
zhen,15,0.02,S4_select_or_abstain,14,125.09,0.0,0,300
zhen,15,0.02,S4_select_or_abstain,22,141.58333333333334,0.0,0,300
zhen,15,0.02,S4_select_or_abstain,33,163.91666666666666,0.0,0,300
zhen,15,0.02,S4_select_or_abstain,49,194.49,0.0,0,300
zhen,15,0.02,S4_select_or_abstain,74,245.64333333333335,0.0,0,300
zhen,15,0.02,S4_select_or_abstain,110,317.33666666666664,0.0,0,300
zhen,15,0.02,S4_select_or_abstain,165,427.57,0.0,0,300
zhen,15,0.02,S4_select_or_abstain,246,589.1233333333333,0.0,0,300
zhen,15,0.02,S4_select_or_abstain,367,829.0833333333334,0.0,0,300
zhen,15,0.02,S4_select_or_abstain,548,1193.1233333333332,0.0,0,300
zhen,15,0.02,S4_select_or_abstain,819,1733.6366666666668,0.0,0,300
zhen,15,0.02,S4_select_or_abstain,1222,2542.5233333333335,0.0,0,300
zhen,15,0.02,S4_select_or_abstain,1825,3560.5833333333335,0.0,0,300
zhen,23,0.01,S1_design,10,111.71333333333334,0.0,0,300
zhen,23,0.01,S1_design,14,119.69333333333333,0.0,0,300
zhen,23,0.01,S1_design,22,136.15333333333334,0.0,0,300
zhen,23,0.01,S1_design,33,158.78,0.0,0,300
zhen,23,0.01,S1_design,49,189.34666666666666,0.0,0,300
zhen,23,0.01,S1_design,74,240.17333333333335,0.0,0,300
zhen,23,0.01,S1_design,110,311.93333333333334,0.0,0,300
zhen,23,0.01,S1_design,165,422.1933333333333,0.0,0,300
zhen,23,0.01,S1_design,246,584.3866666666667,0.0,0,300
zhen,23,0.01,S1_design,367,825.0466666666666,0.0,0,300
zhen,23,0.01,S1_design,548,1185.44,0.0,0,300
zhen,23,0.01,S1_design,819,1726.9533333333334,0.0,0,300
zhen,23,0.01,S1_design,1222,2536.2466666666664,0.0,0,300
zhen,23,0.01,S1_design,1825,3164.04,0.0,0,300
zhen,23,0.01,S2_fixed,10,111.71333333333334,0.0,0,300
zhen,23,0.01,S2_fixed,14,119.69333333333333,0.0,0,300
zhen,23,0.01,S2_fixed,22,136.15333333333334,0.0,0,300
zhen,23,0.01,S2_fixed,33,158.78,0.0,0,300
zhen,23,0.01,S2_fixed,49,189.34666666666666,0.0,0,300
zhen,23,0.01,S2_fixed,74,240.17333333333335,0.0,0,300
zhen,23,0.01,S2_fixed,110,311.93333333333334,0.0,0,300
zhen,23,0.01,S2_fixed,165,422.1933333333333,0.0,0,300
zhen,23,0.01,S2_fixed,246,584.3866666666667,0.0,0,300
zhen,23,0.01,S2_fixed,367,825.0466666666666,0.0,0,300
zhen,23,0.01,S2_fixed,548,1185.44,0.0,0,300
zhen,23,0.01,S2_fixed,819,1726.9533333333334,0.0,0,300
zhen,23,0.01,S2_fixed,1222,2536.2466666666664,0.0,0,300
zhen,23,0.01,S2_fixed,1825,3164.04,0.0,0,300
zhen,23,0.01,S3_select,10,111.71333333333334,0.0,0,300
zhen,23,0.01,S3_select,14,119.69333333333333,0.0,0,300
zhen,23,0.01,S3_select,22,136.15333333333334,0.0,0,300
zhen,23,0.01,S3_select,33,158.78,0.0,0,300
zhen,23,0.01,S3_select,49,189.34666666666666,0.0,0,300
zhen,23,0.01,S3_select,74,240.17333333333335,0.0,0,300
zhen,23,0.01,S3_select,110,311.93333333333334,0.0,0,300
zhen,23,0.01,S3_select,165,422.1933333333333,0.0,0,300
zhen,23,0.01,S3_select,246,584.3866666666667,0.0,0,300
zhen,23,0.01,S3_select,367,825.0466666666666,0.0,0,300
zhen,23,0.01,S3_select,548,1185.44,0.0,0,300
zhen,23,0.01,S3_select,819,1726.9533333333334,0.0,0,300
zhen,23,0.01,S3_select,1222,2536.2466666666664,0.0,0,300
zhen,23,0.01,S3_select,1825,3164.04,0.0,0,300
zhen,23,0.01,S4_select_or_abstain,10,111.71333333333334,0.0,0,300
zhen,23,0.01,S4_select_or_abstain,14,119.69333333333333,0.0,0,300
zhen,23,0.01,S4_select_or_abstain,22,136.15333333333334,0.0,0,300
zhen,23,0.01,S4_select_or_abstain,33,158.78,0.0,0,300
zhen,23,0.01,S4_select_or_abstain,49,189.34666666666666,0.0,0,300
zhen,23,0.01,S4_select_or_abstain,74,240.17333333333335,0.0,0,300
zhen,23,0.01,S4_select_or_abstain,110,311.93333333333334,0.0,0,300
zhen,23,0.01,S4_select_or_abstain,165,422.1933333333333,0.0,0,300
zhen,23,0.01,S4_select_or_abstain,246,584.3866666666667,0.0,0,300
zhen,23,0.01,S4_select_or_abstain,367,825.0466666666666,0.0,0,300
zhen,23,0.01,S4_select_or_abstain,548,1185.44,0.0,0,300
zhen,23,0.01,S4_select_or_abstain,819,1726.9533333333334,0.0,0,300
zhen,23,0.01,S4_select_or_abstain,1222,2536.2466666666664,0.0,0,300
zhen,23,0.01,S4_select_or_abstain,1825,3164.04,0.0,0,300
zhen,23,0.02,S1_design,10,111.71333333333334,0.0,0,300
zhen,23,0.02,S1_design,14,119.69333333333333,0.0,0,300
zhen,23,0.02,S1_design,22,136.15333333333334,0.0,0,300
zhen,23,0.02,S1_design,33,158.78,0.0,0,300
zhen,23,0.02,S1_design,49,189.34666666666666,0.0,0,300
zhen,23,0.02,S1_design,74,240.17333333333335,0.0,0,300
zhen,23,0.02,S1_design,110,311.93333333333334,0.0,0,300
zhen,23,0.02,S1_design,165,422.1933333333333,0.0,0,300
zhen,23,0.02,S1_design,246,584.3866666666667,0.0,0,300
zhen,23,0.02,S1_design,367,825.0466666666666,0.0,0,300
zhen,23,0.02,S1_design,548,1185.44,0.0,0,300
zhen,23,0.02,S1_design,819,1726.9533333333334,0.0,0,300
zhen,23,0.02,S1_design,1222,2536.2466666666664,0.0,0,300
zhen,23,0.02,S1_design,1825,3164.04,0.0,0,300
zhen,23,0.02,S2_fixed,10,111.71333333333334,0.0,0,300
zhen,23,0.02,S2_fixed,14,119.69333333333333,0.0,0,300
zhen,23,0.02,S2_fixed,22,136.15333333333334,0.0,0,300
zhen,23,0.02,S2_fixed,33,158.78,0.0,0,300
zhen,23,0.02,S2_fixed,49,189.34666666666666,0.0,0,300
zhen,23,0.02,S2_fixed,74,240.17333333333335,0.0,0,300
zhen,23,0.02,S2_fixed,110,311.93333333333334,0.0,0,300
zhen,23,0.02,S2_fixed,165,422.1933333333333,0.0,0,300
zhen,23,0.02,S2_fixed,246,584.3866666666667,0.0,0,300
zhen,23,0.02,S2_fixed,367,825.0466666666666,0.0,0,300
zhen,23,0.02,S2_fixed,548,1185.44,0.0,0,300
zhen,23,0.02,S2_fixed,819,1726.9533333333334,0.0,0,300
zhen,23,0.02,S2_fixed,1222,2536.2466666666664,0.0,0,300
zhen,23,0.02,S2_fixed,1825,3164.04,0.0,0,300
zhen,23,0.02,S3_select,10,111.71333333333334,0.0,0,300
zhen,23,0.02,S3_select,14,119.69333333333333,0.0,0,300
zhen,23,0.02,S3_select,22,136.15333333333334,0.0,0,300
zhen,23,0.02,S3_select,33,158.78,0.0,0,300
zhen,23,0.02,S3_select,49,189.34666666666666,0.0,0,300
zhen,23,0.02,S3_select,74,240.17333333333335,0.0,0,300
zhen,23,0.02,S3_select,110,311.93333333333334,0.0,0,300
zhen,23,0.02,S3_select,165,422.1933333333333,0.0,0,300
zhen,23,0.02,S3_select,246,584.3866666666667,0.0,0,300
zhen,23,0.02,S3_select,367,825.0466666666666,0.0,0,300
zhen,23,0.02,S3_select,548,1185.44,0.0,0,300
zhen,23,0.02,S3_select,819,1726.9533333333334,0.0,0,300
zhen,23,0.02,S3_select,1222,2536.2466666666664,0.0,0,300
zhen,23,0.02,S3_select,1825,3164.04,0.0,0,300
zhen,23,0.02,S4_select_or_abstain,10,111.71333333333334,0.0,0,300
zhen,23,0.02,S4_select_or_abstain,14,119.69333333333333,0.0,0,300
zhen,23,0.02,S4_select_or_abstain,22,136.15333333333334,0.0,0,300
zhen,23,0.02,S4_select_or_abstain,33,158.78,0.0,0,300
zhen,23,0.02,S4_select_or_abstain,49,189.34666666666666,0.0,0,300
zhen,23,0.02,S4_select_or_abstain,74,240.17333333333335,0.0,0,300
zhen,23,0.02,S4_select_or_abstain,110,311.93333333333334,0.0,0,300
zhen,23,0.02,S4_select_or_abstain,165,422.1933333333333,0.0,0,300
zhen,23,0.02,S4_select_or_abstain,246,584.3866666666667,0.0,0,300
zhen,23,0.02,S4_select_or_abstain,367,825.0466666666666,0.0,0,300
zhen,23,0.02,S4_select_or_abstain,548,1185.44,0.0,0,300
zhen,23,0.02,S4_select_or_abstain,819,1726.9533333333334,0.0,0,300
zhen,23,0.02,S4_select_or_abstain,1222,2536.2466666666664,0.0,0,300
zhen,23,0.02,S4_select_or_abstain,1825,3164.04,0.0,0,300
zhen,24,0.01,S1_design,10,114.99333333333334,0.0,0,300
zhen,24,0.01,S1_design,14,123.14,0.0,0,300
zhen,24,0.01,S1_design,22,139.46,0.0,0,300
zhen,24,0.01,S1_design,33,162.04666666666665,0.0,0,300
zhen,24,0.01,S1_design,49,192.31333333333333,0.0,0,300
zhen,24,0.01,S1_design,74,243.84,0.0,0,300
zhen,24,0.01,S1_design,110,315.41333333333336,0.0,0,300
zhen,24,0.01,S1_design,165,424.7266666666667,0.0,0,300
zhen,24,0.01,S1_design,246,587.66,0.0,0,300
zhen,24,0.01,S1_design,367,827.84,0.0,0,300
zhen,24,0.01,S1_design,548,1192.3333333333333,0.0,0,300
zhen,24,0.01,S1_design,819,1730.5666666666666,0.0,0,300
zhen,24,0.01,S1_design,1222,2540.2,0.0,0,300
zhen,24,0.01,S1_design,1825,3410.653333333333,0.0,0,300
zhen,24,0.01,S2_fixed,10,114.99333333333334,0.0,0,300
zhen,24,0.01,S2_fixed,14,123.14,0.0,0,300
zhen,24,0.01,S2_fixed,22,139.46,0.0,0,300
zhen,24,0.01,S2_fixed,33,162.04666666666665,0.0,0,300
zhen,24,0.01,S2_fixed,49,192.31333333333333,0.0,0,300
zhen,24,0.01,S2_fixed,74,243.84,0.0,0,300
zhen,24,0.01,S2_fixed,110,315.41333333333336,0.0,0,300
zhen,24,0.01,S2_fixed,165,424.7266666666667,0.0,0,300
zhen,24,0.01,S2_fixed,246,587.66,0.0,0,300
zhen,24,0.01,S2_fixed,367,827.84,0.0,0,300
zhen,24,0.01,S2_fixed,548,1192.3333333333333,0.0,0,300
zhen,24,0.01,S2_fixed,819,1730.5666666666666,0.0,0,300
zhen,24,0.01,S2_fixed,1222,2540.2,0.0,0,300
zhen,24,0.01,S2_fixed,1825,3410.653333333333,0.0,0,300
zhen,24,0.01,S3_select,10,114.99333333333334,0.0,0,300
zhen,24,0.01,S3_select,14,123.14,0.0,0,300
zhen,24,0.01,S3_select,22,139.46,0.0,0,300
zhen,24,0.01,S3_select,33,162.04666666666665,0.0,0,300
zhen,24,0.01,S3_select,49,192.31333333333333,0.0,0,300
zhen,24,0.01,S3_select,74,243.84,0.0,0,300
zhen,24,0.01,S3_select,110,315.41333333333336,0.0,0,300
zhen,24,0.01,S3_select,165,424.7266666666667,0.0,0,300
zhen,24,0.01,S3_select,246,587.66,0.0,0,300
zhen,24,0.01,S3_select,367,827.84,0.0,0,300
zhen,24,0.01,S3_select,548,1192.3333333333333,0.0,0,300
zhen,24,0.01,S3_select,819,1730.5666666666666,0.0,0,300
zhen,24,0.01,S3_select,1222,2540.2,0.0,0,300
zhen,24,0.01,S3_select,1825,3410.653333333333,0.0,0,300
zhen,24,0.01,S4_select_or_abstain,10,114.99333333333334,0.0,0,300
zhen,24,0.01,S4_select_or_abstain,14,123.14,0.0,0,300
zhen,24,0.01,S4_select_or_abstain,22,139.46,0.0,0,300
zhen,24,0.01,S4_select_or_abstain,33,162.04666666666665,0.0,0,300
zhen,24,0.01,S4_select_or_abstain,49,192.31333333333333,0.0,0,300
zhen,24,0.01,S4_select_or_abstain,74,243.84,0.0,0,300
zhen,24,0.01,S4_select_or_abstain,110,315.41333333333336,0.0,0,300
zhen,24,0.01,S4_select_or_abstain,165,424.7266666666667,0.0,0,300
zhen,24,0.01,S4_select_or_abstain,246,587.66,0.0,0,300
zhen,24,0.01,S4_select_or_abstain,367,827.84,0.0,0,300
zhen,24,0.01,S4_select_or_abstain,548,1192.3333333333333,0.0,0,300
zhen,24,0.01,S4_select_or_abstain,819,1730.5666666666666,0.0,0,300
zhen,24,0.01,S4_select_or_abstain,1222,2540.2,0.0,0,300
zhen,24,0.01,S4_select_or_abstain,1825,3410.653333333333,0.0,0,300
zhen,24,0.02,S1_design,10,114.99333333333334,0.0,0,300
zhen,24,0.02,S1_design,14,123.14,0.0,0,300
zhen,24,0.02,S1_design,22,139.46,0.0,0,300
zhen,24,0.02,S1_design,33,162.04666666666665,0.0,0,300
zhen,24,0.02,S1_design,49,192.31333333333333,0.0,0,300
zhen,24,0.02,S1_design,74,243.84,0.0,0,300
zhen,24,0.02,S1_design,110,315.41333333333336,0.0,0,300
zhen,24,0.02,S1_design,165,424.7266666666667,0.0,0,300
zhen,24,0.02,S1_design,246,587.66,0.0,0,300
zhen,24,0.02,S1_design,367,827.84,0.0,0,300
zhen,24,0.02,S1_design,548,1192.3333333333333,0.0,0,300
zhen,24,0.02,S1_design,819,1730.5666666666666,0.0,0,300
zhen,24,0.02,S1_design,1222,2540.2,0.0,0,300
zhen,24,0.02,S1_design,1825,3410.653333333333,0.0,0,300
zhen,24,0.02,S2_fixed,10,114.99333333333334,0.0,0,300
zhen,24,0.02,S2_fixed,14,123.14,0.0,0,300
zhen,24,0.02,S2_fixed,22,139.46,0.0,0,300
zhen,24,0.02,S2_fixed,33,162.04666666666665,0.0,0,300
zhen,24,0.02,S2_fixed,49,192.31333333333333,0.0,0,300
zhen,24,0.02,S2_fixed,74,243.84,0.0,0,300
zhen,24,0.02,S2_fixed,110,315.41333333333336,0.0,0,300
zhen,24,0.02,S2_fixed,165,424.7266666666667,0.0,0,300
zhen,24,0.02,S2_fixed,246,587.66,0.0,0,300
zhen,24,0.02,S2_fixed,367,827.84,0.0,0,300
zhen,24,0.02,S2_fixed,548,1192.3333333333333,0.0,0,300
zhen,24,0.02,S2_fixed,819,1730.5666666666666,0.0,0,300
zhen,24,0.02,S2_fixed,1222,2540.2,0.0,0,300
zhen,24,0.02,S2_fixed,1825,3410.653333333333,0.0,0,300
zhen,24,0.02,S3_select,10,114.99333333333334,0.0,0,300
zhen,24,0.02,S3_select,14,123.14,0.0,0,300
zhen,24,0.02,S3_select,22,139.46,0.0,0,300
zhen,24,0.02,S3_select,33,162.04666666666665,0.0,0,300
zhen,24,0.02,S3_select,49,192.31333333333333,0.0,0,300
zhen,24,0.02,S3_select,74,243.84,0.0,0,300
zhen,24,0.02,S3_select,110,315.41333333333336,0.0,0,300
zhen,24,0.02,S3_select,165,424.7266666666667,0.0,0,300
zhen,24,0.02,S3_select,246,587.66,0.0,0,300
zhen,24,0.02,S3_select,367,827.84,0.0,0,300
zhen,24,0.02,S3_select,548,1192.3333333333333,0.0,0,300
zhen,24,0.02,S3_select,819,1730.5666666666666,0.0,0,300
zhen,24,0.02,S3_select,1222,2540.2,0.0,0,300
zhen,24,0.02,S3_select,1825,3410.653333333333,0.0,0,300
zhen,24,0.02,S4_select_or_abstain,10,114.99333333333334,0.0,0,300
zhen,24,0.02,S4_select_or_abstain,14,123.14,0.0,0,300
zhen,24,0.02,S4_select_or_abstain,22,139.46,0.0,0,300
zhen,24,0.02,S4_select_or_abstain,33,162.04666666666665,0.0,0,300
zhen,24,0.02,S4_select_or_abstain,49,192.31333333333333,0.0,0,300
zhen,24,0.02,S4_select_or_abstain,74,243.84,0.0,0,300
zhen,24,0.02,S4_select_or_abstain,110,315.41333333333336,0.0,0,300
zhen,24,0.02,S4_select_or_abstain,165,424.7266666666667,0.0,0,300
zhen,24,0.02,S4_select_or_abstain,246,587.66,0.0,0,300
zhen,24,0.02,S4_select_or_abstain,367,827.84,0.0,0,300
zhen,24,0.02,S4_select_or_abstain,548,1192.3333333333333,0.0,0,300
zhen,24,0.02,S4_select_or_abstain,819,1730.5666666666666,0.0,0,300
zhen,24,0.02,S4_select_or_abstain,1222,2540.2,0.0,0,300
zhen,24,0.02,S4_select_or_abstain,1825,3410.653333333333,0.0,0,300
zhen,25,0.01,S1_design,10,116.84333333333333,0.06666666666666667,20,300
zhen,25,0.01,S1_design,14,124.87,0.04666666666666667,14,300
zhen,25,0.01,S1_design,22,141.57,0.03666666666666667,11,300
zhen,25,0.01,S1_design,33,163.99,0.013333333333333334,4,300
zhen,25,0.01,S1_design,49,194.33666666666667,0.02666666666666667,8,300
zhen,25,0.01,S1_design,74,245.37666666666667,0.016666666666666666,5,300
zhen,25,0.01,S1_design,110,317.01666666666665,0.013333333333333334,4,300
zhen,25,0.01,S1_design,165,427.63,0.03333333333333333,10,300
zhen,25,0.01,S1_design,246,589.1433333333333,0.023333333333333334,7,300
zhen,25,0.01,S1_design,367,829.01,0.02,6,300
zhen,25,0.01,S1_design,548,1193.0633333333333,0.01,3,300
zhen,25,0.01,S1_design,819,1733.91,0.006666666666666667,2,300
zhen,25,0.01,S1_design,1222,2542.0233333333335,0.0,0,300
zhen,25,0.01,S1_design,1825,3552.73,0.0,0,300
zhen,25,0.01,S2_fixed,10,116.84333333333333,0.06,18,300
zhen,25,0.01,S2_fixed,14,124.87,0.05,15,300
zhen,25,0.01,S2_fixed,22,141.57,0.03666666666666667,11,300
zhen,25,0.01,S2_fixed,33,163.99,0.023333333333333334,7,300
zhen,25,0.01,S2_fixed,49,194.33666666666667,0.03333333333333333,10,300
zhen,25,0.01,S2_fixed,74,245.37666666666667,0.02,6,300
zhen,25,0.01,S2_fixed,110,317.01666666666665,0.02,6,300
zhen,25,0.01,S2_fixed,165,427.63,0.03,9,300
zhen,25,0.01,S2_fixed,246,589.1433333333333,0.02,6,300
zhen,25,0.01,S2_fixed,367,829.01,0.016666666666666666,5,300
zhen,25,0.01,S2_fixed,548,1193.0633333333333,0.0033333333333333335,1,300
zhen,25,0.01,S2_fixed,819,1733.91,0.01,3,300
zhen,25,0.01,S2_fixed,1222,2542.0233333333335,0.0,0,300
zhen,25,0.01,S2_fixed,1825,3552.73,0.0,0,300
zhen,25,0.01,S3_select,10,116.84333333333333,0.06,18,300
zhen,25,0.01,S3_select,14,124.87,0.043333333333333335,13,300
zhen,25,0.01,S3_select,22,141.57,0.04,12,300
zhen,25,0.01,S3_select,33,163.99,0.023333333333333334,7,300
zhen,25,0.01,S3_select,49,194.33666666666667,0.03333333333333333,10,300
zhen,25,0.01,S3_select,74,245.37666666666667,0.02666666666666667,8,300
zhen,25,0.01,S3_select,110,317.01666666666665,0.013333333333333334,4,300
zhen,25,0.01,S3_select,165,427.63,0.03333333333333333,10,300
zhen,25,0.01,S3_select,246,589.1433333333333,0.023333333333333334,7,300
zhen,25,0.01,S3_select,367,829.01,0.016666666666666666,5,300
zhen,25,0.01,S3_select,548,1193.0633333333333,0.01,3,300
zhen,25,0.01,S3_select,819,1733.91,0.006666666666666667,2,300
zhen,25,0.01,S3_select,1222,2542.0233333333335,0.0,0,300
zhen,25,0.01,S3_select,1825,3552.73,0.0,0,300
zhen,25,0.01,S4_select_or_abstain,10,116.84333333333333,0.06,18,300
zhen,25,0.01,S4_select_or_abstain,14,124.87,0.043333333333333335,13,300
zhen,25,0.01,S4_select_or_abstain,22,141.57,0.04,12,300
zhen,25,0.01,S4_select_or_abstain,33,163.99,0.02,6,300
zhen,25,0.01,S4_select_or_abstain,49,194.33666666666667,0.03333333333333333,10,300
zhen,25,0.01,S4_select_or_abstain,74,245.37666666666667,0.02666666666666667,8,300
zhen,25,0.01,S4_select_or_abstain,110,317.01666666666665,0.013333333333333334,4,300
zhen,25,0.01,S4_select_or_abstain,165,427.63,0.03333333333333333,10,300
zhen,25,0.01,S4_select_or_abstain,246,589.1433333333333,0.023333333333333334,7,300
zhen,25,0.01,S4_select_or_abstain,367,829.01,0.016666666666666666,5,300
zhen,25,0.01,S4_select_or_abstain,548,1193.0633333333333,0.01,3,300
zhen,25,0.01,S4_select_or_abstain,819,1733.91,0.006666666666666667,2,300
zhen,25,0.01,S4_select_or_abstain,1222,2542.0233333333335,0.0,0,300
zhen,25,0.01,S4_select_or_abstain,1825,3552.73,0.0,0,300
zhen,25,0.02,S1_design,10,116.84333333333333,0.0,0,300
zhen,25,0.02,S1_design,14,124.87,0.0,0,300
zhen,25,0.02,S1_design,22,141.57,0.0,0,300
zhen,25,0.02,S1_design,33,163.99,0.0,0,300
zhen,25,0.02,S1_design,49,194.33666666666667,0.0,0,300
zhen,25,0.02,S1_design,74,245.37666666666667,0.0,0,300
zhen,25,0.02,S1_design,110,317.01666666666665,0.0,0,300
zhen,25,0.02,S1_design,165,427.63,0.0,0,300
zhen,25,0.02,S1_design,246,589.1433333333333,0.0,0,300
zhen,25,0.02,S1_design,367,829.01,0.0,0,300
zhen,25,0.02,S1_design,548,1193.0633333333333,0.0,0,300
zhen,25,0.02,S1_design,819,1733.91,0.0,0,300
zhen,25,0.02,S1_design,1222,2542.0233333333335,0.0,0,300
zhen,25,0.02,S1_design,1825,3552.73,0.0,0,300
zhen,25,0.02,S2_fixed,10,116.84333333333333,0.0,0,300
zhen,25,0.02,S2_fixed,14,124.87,0.0,0,300
zhen,25,0.02,S2_fixed,22,141.57,0.0,0,300
zhen,25,0.02,S2_fixed,33,163.99,0.0,0,300
zhen,25,0.02,S2_fixed,49,194.33666666666667,0.0,0,300
zhen,25,0.02,S2_fixed,74,245.37666666666667,0.0,0,300
zhen,25,0.02,S2_fixed,110,317.01666666666665,0.0,0,300
zhen,25,0.02,S2_fixed,165,427.63,0.0,0,300
zhen,25,0.02,S2_fixed,246,589.1433333333333,0.0,0,300
zhen,25,0.02,S2_fixed,367,829.01,0.0,0,300
zhen,25,0.02,S2_fixed,548,1193.0633333333333,0.0,0,300
zhen,25,0.02,S2_fixed,819,1733.91,0.0,0,300
zhen,25,0.02,S2_fixed,1222,2542.0233333333335,0.0,0,300
zhen,25,0.02,S2_fixed,1825,3552.73,0.0,0,300
zhen,25,0.02,S3_select,10,116.84333333333333,0.0,0,300
zhen,25,0.02,S3_select,14,124.87,0.0,0,300
zhen,25,0.02,S3_select,22,141.57,0.0,0,300
zhen,25,0.02,S3_select,33,163.99,0.0,0,300
zhen,25,0.02,S3_select,49,194.33666666666667,0.0,0,300
zhen,25,0.02,S3_select,74,245.37666666666667,0.0,0,300
zhen,25,0.02,S3_select,110,317.01666666666665,0.0,0,300
zhen,25,0.02,S3_select,165,427.63,0.0,0,300
zhen,25,0.02,S3_select,246,589.1433333333333,0.0,0,300
zhen,25,0.02,S3_select,367,829.01,0.0,0,300
zhen,25,0.02,S3_select,548,1193.0633333333333,0.0,0,300
zhen,25,0.02,S3_select,819,1733.91,0.0,0,300
zhen,25,0.02,S3_select,1222,2542.0233333333335,0.0,0,300
zhen,25,0.02,S3_select,1825,3552.73,0.0,0,300
zhen,25,0.02,S4_select_or_abstain,10,116.84333333333333,0.0,0,300
zhen,25,0.02,S4_select_or_abstain,14,124.87,0.0,0,300
zhen,25,0.02,S4_select_or_abstain,22,141.57,0.0,0,300
zhen,25,0.02,S4_select_or_abstain,33,163.99,0.0,0,300
zhen,25,0.02,S4_select_or_abstain,49,194.33666666666667,0.0,0,300
zhen,25,0.02,S4_select_or_abstain,74,245.37666666666667,0.0,0,300
zhen,25,0.02,S4_select_or_abstain,110,317.01666666666665,0.0,0,300
zhen,25,0.02,S4_select_or_abstain,165,427.63,0.0,0,300
zhen,25,0.02,S4_select_or_abstain,246,589.1433333333333,0.0,0,300
zhen,25,0.02,S4_select_or_abstain,367,829.01,0.0,0,300
zhen,25,0.02,S4_select_or_abstain,548,1193.0633333333333,0.0,0,300
zhen,25,0.02,S4_select_or_abstain,819,1733.91,0.0,0,300
zhen,25,0.02,S4_select_or_abstain,1222,2542.0233333333335,0.0,0,300
zhen,25,0.02,S4_select_or_abstain,1825,3552.73,0.0,0,300
zhen,34,0.01,S1_design,10,115.8,0.0,0,300
zhen,34,0.01,S1_design,14,123.74,0.0,0,300
zhen,34,0.01,S1_design,22,140.16666666666666,0.0,0,300
zhen,34,0.01,S1_design,33,162.44666666666666,0.0,0,300
zhen,34,0.01,S1_design,49,193.15333333333334,0.0,0,300
zhen,34,0.01,S1_design,74,244.32,0.0,0,300
zhen,34,0.01,S1_design,110,316.67333333333335,0.0,0,300
zhen,34,0.01,S1_design,165,426.24666666666667,0.0,0,300
zhen,34,0.01,S1_design,246,587.9333333333333,0.0,0,300
zhen,34,0.01,S1_design,367,828.3533333333334,0.0,0,300
zhen,34,0.01,S1_design,548,1191.9066666666668,0.0,0,300
zhen,34,0.01,S1_design,819,1732.58,0.0,0,300
zhen,34,0.01,S1_design,1222,2540.8866666666668,0.0,0,300
zhen,34,0.01,S1_design,1825,3465.9066666666668,0.0,0,300
zhen,34,0.01,S2_fixed,10,115.8,0.0,0,300
zhen,34,0.01,S2_fixed,14,123.74,0.0,0,300
zhen,34,0.01,S2_fixed,22,140.16666666666666,0.0,0,300
zhen,34,0.01,S2_fixed,33,162.44666666666666,0.0,0,300
zhen,34,0.01,S2_fixed,49,193.15333333333334,0.0,0,300
zhen,34,0.01,S2_fixed,74,244.32,0.0,0,300
zhen,34,0.01,S2_fixed,110,316.67333333333335,0.0,0,300
zhen,34,0.01,S2_fixed,165,426.24666666666667,0.0,0,300
zhen,34,0.01,S2_fixed,246,587.9333333333333,0.0,0,300
zhen,34,0.01,S2_fixed,367,828.3533333333334,0.0,0,300
zhen,34,0.01,S2_fixed,548,1191.9066666666668,0.0,0,300
zhen,34,0.01,S2_fixed,819,1732.58,0.0,0,300
zhen,34,0.01,S2_fixed,1222,2540.8866666666668,0.0,0,300
zhen,34,0.01,S2_fixed,1825,3465.9066666666668,0.0,0,300
zhen,34,0.01,S3_select,10,115.8,0.0,0,300
zhen,34,0.01,S3_select,14,123.74,0.0,0,300
zhen,34,0.01,S3_select,22,140.16666666666666,0.0,0,300
zhen,34,0.01,S3_select,33,162.44666666666666,0.0,0,300
zhen,34,0.01,S3_select,49,193.15333333333334,0.0,0,300
zhen,34,0.01,S3_select,74,244.32,0.0,0,300
zhen,34,0.01,S3_select,110,316.67333333333335,0.0,0,300
zhen,34,0.01,S3_select,165,426.24666666666667,0.0,0,300
zhen,34,0.01,S3_select,246,587.9333333333333,0.0,0,300
zhen,34,0.01,S3_select,367,828.3533333333334,0.0,0,300
zhen,34,0.01,S3_select,548,1191.9066666666668,0.0,0,300
zhen,34,0.01,S3_select,819,1732.58,0.0,0,300
zhen,34,0.01,S3_select,1222,2540.8866666666668,0.0,0,300
zhen,34,0.01,S3_select,1825,3465.9066666666668,0.0,0,300
zhen,34,0.01,S4_select_or_abstain,10,115.8,0.0,0,300
zhen,34,0.01,S4_select_or_abstain,14,123.74,0.0,0,300
zhen,34,0.01,S4_select_or_abstain,22,140.16666666666666,0.0,0,300
zhen,34,0.01,S4_select_or_abstain,33,162.44666666666666,0.0,0,300
zhen,34,0.01,S4_select_or_abstain,49,193.15333333333334,0.0,0,300
zhen,34,0.01,S4_select_or_abstain,74,244.32,0.0,0,300
zhen,34,0.01,S4_select_or_abstain,110,316.67333333333335,0.0,0,300
zhen,34,0.01,S4_select_or_abstain,165,426.24666666666667,0.0,0,300
zhen,34,0.01,S4_select_or_abstain,246,587.9333333333333,0.0,0,300
zhen,34,0.01,S4_select_or_abstain,367,828.3533333333334,0.0,0,300
zhen,34,0.01,S4_select_or_abstain,548,1191.9066666666668,0.0,0,300
zhen,34,0.01,S4_select_or_abstain,819,1732.58,0.0,0,300
zhen,34,0.01,S4_select_or_abstain,1222,2540.8866666666668,0.0,0,300
zhen,34,0.01,S4_select_or_abstain,1825,3465.9066666666668,0.0,0,300
zhen,34,0.02,S1_design,10,115.8,0.0,0,300
zhen,34,0.02,S1_design,14,123.74,0.0,0,300
zhen,34,0.02,S1_design,22,140.16666666666666,0.0,0,300
zhen,34,0.02,S1_design,33,162.44666666666666,0.0,0,300
zhen,34,0.02,S1_design,49,193.15333333333334,0.0,0,300
zhen,34,0.02,S1_design,74,244.32,0.0,0,300
zhen,34,0.02,S1_design,110,316.67333333333335,0.0,0,300
zhen,34,0.02,S1_design,165,426.24666666666667,0.0,0,300
zhen,34,0.02,S1_design,246,587.9333333333333,0.0,0,300
zhen,34,0.02,S1_design,367,828.3533333333334,0.0,0,300
zhen,34,0.02,S1_design,548,1191.9066666666668,0.0,0,300
zhen,34,0.02,S1_design,819,1732.58,0.0,0,300
zhen,34,0.02,S1_design,1222,2540.8866666666668,0.0,0,300
zhen,34,0.02,S1_design,1825,3465.9066666666668,0.0,0,300
zhen,34,0.02,S2_fixed,10,115.8,0.0,0,300
zhen,34,0.02,S2_fixed,14,123.74,0.0,0,300
zhen,34,0.02,S2_fixed,22,140.16666666666666,0.0,0,300
zhen,34,0.02,S2_fixed,33,162.44666666666666,0.0,0,300
zhen,34,0.02,S2_fixed,49,193.15333333333334,0.0,0,300
zhen,34,0.02,S2_fixed,74,244.32,0.0,0,300
zhen,34,0.02,S2_fixed,110,316.67333333333335,0.0,0,300
zhen,34,0.02,S2_fixed,165,426.24666666666667,0.0,0,300
zhen,34,0.02,S2_fixed,246,587.9333333333333,0.0,0,300
zhen,34,0.02,S2_fixed,367,828.3533333333334,0.0,0,300
zhen,34,0.02,S2_fixed,548,1191.9066666666668,0.0,0,300
zhen,34,0.02,S2_fixed,819,1732.58,0.0,0,300
zhen,34,0.02,S2_fixed,1222,2540.8866666666668,0.0,0,300
zhen,34,0.02,S2_fixed,1825,3465.9066666666668,0.0,0,300
zhen,34,0.02,S3_select,10,115.8,0.0,0,300
zhen,34,0.02,S3_select,14,123.74,0.0,0,300
zhen,34,0.02,S3_select,22,140.16666666666666,0.0,0,300
zhen,34,0.02,S3_select,33,162.44666666666666,0.0,0,300
zhen,34,0.02,S3_select,49,193.15333333333334,0.0,0,300
zhen,34,0.02,S3_select,74,244.32,0.0,0,300
zhen,34,0.02,S3_select,110,316.67333333333335,0.0,0,300
zhen,34,0.02,S3_select,165,426.24666666666667,0.0,0,300
zhen,34,0.02,S3_select,246,587.9333333333333,0.0,0,300
zhen,34,0.02,S3_select,367,828.3533333333334,0.0,0,300
zhen,34,0.02,S3_select,548,1191.9066666666668,0.0,0,300
zhen,34,0.02,S3_select,819,1732.58,0.0,0,300
zhen,34,0.02,S3_select,1222,2540.8866666666668,0.0,0,300
zhen,34,0.02,S3_select,1825,3465.9066666666668,0.0,0,300
zhen,34,0.02,S4_select_or_abstain,10,115.8,0.0,0,300
zhen,34,0.02,S4_select_or_abstain,14,123.74,0.0,0,300
zhen,34,0.02,S4_select_or_abstain,22,140.16666666666666,0.0,0,300
zhen,34,0.02,S4_select_or_abstain,33,162.44666666666666,0.0,0,300
zhen,34,0.02,S4_select_or_abstain,49,193.15333333333334,0.0,0,300
zhen,34,0.02,S4_select_or_abstain,74,244.32,0.0,0,300
zhen,34,0.02,S4_select_or_abstain,110,316.67333333333335,0.0,0,300
zhen,34,0.02,S4_select_or_abstain,165,426.24666666666667,0.0,0,300
zhen,34,0.02,S4_select_or_abstain,246,587.9333333333333,0.0,0,300
zhen,34,0.02,S4_select_or_abstain,367,828.3533333333334,0.0,0,300
zhen,34,0.02,S4_select_or_abstain,548,1191.9066666666668,0.0,0,300
zhen,34,0.02,S4_select_or_abstain,819,1732.58,0.0,0,300
zhen,34,0.02,S4_select_or_abstain,1222,2540.8866666666668,0.0,0,300
zhen,34,0.02,S4_select_or_abstain,1825,3465.9066666666668,0.0,0,300
zhen,35,0.01,S1_design,10,117.40333333333334,0.0,0,300
zhen,35,0.01,S1_design,14,125.38333333333334,0.0,0,300
zhen,35,0.01,S1_design,22,142.07,0.0,0,300
zhen,35,0.01,S1_design,33,164.58333333333334,0.0,0,300
zhen,35,0.01,S1_design,49,195.04333333333332,0.0,0,300
zhen,35,0.01,S1_design,74,246.06333333333333,0.0,0,300
zhen,35,0.01,S1_design,110,317.5233333333333,0.0,0,300
zhen,35,0.01,S1_design,165,427.77666666666664,0.0,0,300
zhen,35,0.01,S1_design,246,589.45,0.0,0,300
zhen,35,0.01,S1_design,367,829.8033333333333,0.0,0,300
zhen,35,0.01,S1_design,548,1193.8566666666666,0.0,0,300
zhen,35,0.01,S1_design,819,1734.1166666666666,0.0,0,300
zhen,35,0.01,S1_design,1222,2541.6833333333334,0.0,0,300
zhen,35,0.01,S1_design,1825,3590.1766666666667,0.0,0,300
zhen,35,0.01,S2_fixed,10,117.40333333333334,0.0,0,300
zhen,35,0.01,S2_fixed,14,125.38333333333334,0.0,0,300
zhen,35,0.01,S2_fixed,22,142.07,0.0,0,300
zhen,35,0.01,S2_fixed,33,164.58333333333334,0.0,0,300
zhen,35,0.01,S2_fixed,49,195.04333333333332,0.0,0,300
zhen,35,0.01,S2_fixed,74,246.06333333333333,0.0,0,300
zhen,35,0.01,S2_fixed,110,317.5233333333333,0.0,0,300
zhen,35,0.01,S2_fixed,165,427.77666666666664,0.0,0,300
zhen,35,0.01,S2_fixed,246,589.45,0.0,0,300
zhen,35,0.01,S2_fixed,367,829.8033333333333,0.0,0,300
zhen,35,0.01,S2_fixed,548,1193.8566666666666,0.0,0,300
zhen,35,0.01,S2_fixed,819,1734.1166666666666,0.0,0,300
zhen,35,0.01,S2_fixed,1222,2541.6833333333334,0.0,0,300
zhen,35,0.01,S2_fixed,1825,3590.1766666666667,0.0,0,300
zhen,35,0.01,S3_select,10,117.40333333333334,0.0,0,300
zhen,35,0.01,S3_select,14,125.38333333333334,0.0,0,300
zhen,35,0.01,S3_select,22,142.07,0.0,0,300
zhen,35,0.01,S3_select,33,164.58333333333334,0.0,0,300
zhen,35,0.01,S3_select,49,195.04333333333332,0.0,0,300
zhen,35,0.01,S3_select,74,246.06333333333333,0.0,0,300
zhen,35,0.01,S3_select,110,317.5233333333333,0.0,0,300
zhen,35,0.01,S3_select,165,427.77666666666664,0.0,0,300
zhen,35,0.01,S3_select,246,589.45,0.0,0,300
zhen,35,0.01,S3_select,367,829.8033333333333,0.0,0,300
zhen,35,0.01,S3_select,548,1193.8566666666666,0.0,0,300
zhen,35,0.01,S3_select,819,1734.1166666666666,0.0,0,300
zhen,35,0.01,S3_select,1222,2541.6833333333334,0.0,0,300
zhen,35,0.01,S3_select,1825,3590.1766666666667,0.0,0,300
zhen,35,0.01,S4_select_or_abstain,10,117.40333333333334,0.0,0,300
zhen,35,0.01,S4_select_or_abstain,14,125.38333333333334,0.0,0,300
zhen,35,0.01,S4_select_or_abstain,22,142.07,0.0,0,300
zhen,35,0.01,S4_select_or_abstain,33,164.58333333333334,0.0,0,300
zhen,35,0.01,S4_select_or_abstain,49,195.04333333333332,0.0,0,300
zhen,35,0.01,S4_select_or_abstain,74,246.06333333333333,0.0,0,300
zhen,35,0.01,S4_select_or_abstain,110,317.5233333333333,0.0,0,300
zhen,35,0.01,S4_select_or_abstain,165,427.77666666666664,0.0,0,300
zhen,35,0.01,S4_select_or_abstain,246,589.45,0.0,0,300
zhen,35,0.01,S4_select_or_abstain,367,829.8033333333333,0.0,0,300
zhen,35,0.01,S4_select_or_abstain,548,1193.8566666666666,0.0,0,300
zhen,35,0.01,S4_select_or_abstain,819,1734.1166666666666,0.0,0,300
zhen,35,0.01,S4_select_or_abstain,1222,2541.6833333333334,0.0,0,300
zhen,35,0.01,S4_select_or_abstain,1825,3590.1766666666667,0.0,0,300
zhen,35,0.02,S1_design,10,117.40333333333334,0.0,0,300
zhen,35,0.02,S1_design,14,125.38333333333334,0.0,0,300
zhen,35,0.02,S1_design,22,142.07,0.0,0,300
zhen,35,0.02,S1_design,33,164.58333333333334,0.0,0,300
zhen,35,0.02,S1_design,49,195.04333333333332,0.0,0,300
zhen,35,0.02,S1_design,74,246.06333333333333,0.0,0,300
zhen,35,0.02,S1_design,110,317.5233333333333,0.0,0,300
zhen,35,0.02,S1_design,165,427.77666666666664,0.0,0,300
zhen,35,0.02,S1_design,246,589.45,0.0,0,300
zhen,35,0.02,S1_design,367,829.8033333333333,0.0,0,300
zhen,35,0.02,S1_design,548,1193.8566666666666,0.0,0,300
zhen,35,0.02,S1_design,819,1734.1166666666666,0.0,0,300
zhen,35,0.02,S1_design,1222,2541.6833333333334,0.0,0,300
zhen,35,0.02,S1_design,1825,3590.1766666666667,0.0,0,300
zhen,35,0.02,S2_fixed,10,117.40333333333334,0.0,0,300
zhen,35,0.02,S2_fixed,14,125.38333333333334,0.0,0,300
zhen,35,0.02,S2_fixed,22,142.07,0.0,0,300
zhen,35,0.02,S2_fixed,33,164.58333333333334,0.0,0,300
zhen,35,0.02,S2_fixed,49,195.04333333333332,0.0,0,300
zhen,35,0.02,S2_fixed,74,246.06333333333333,0.0,0,300
zhen,35,0.02,S2_fixed,110,317.5233333333333,0.0,0,300
zhen,35,0.02,S2_fixed,165,427.77666666666664,0.0,0,300
zhen,35,0.02,S2_fixed,246,589.45,0.0,0,300
zhen,35,0.02,S2_fixed,367,829.8033333333333,0.0,0,300
zhen,35,0.02,S2_fixed,548,1193.8566666666666,0.0,0,300
zhen,35,0.02,S2_fixed,819,1734.1166666666666,0.0,0,300
zhen,35,0.02,S2_fixed,1222,2541.6833333333334,0.0,0,300
zhen,35,0.02,S2_fixed,1825,3590.1766666666667,0.0,0,300
zhen,35,0.02,S3_select,10,117.40333333333334,0.0,0,300
zhen,35,0.02,S3_select,14,125.38333333333334,0.0,0,300
zhen,35,0.02,S3_select,22,142.07,0.0,0,300
zhen,35,0.02,S3_select,33,164.58333333333334,0.0,0,300
zhen,35,0.02,S3_select,49,195.04333333333332,0.0,0,300
zhen,35,0.02,S3_select,74,246.06333333333333,0.0,0,300
zhen,35,0.02,S3_select,110,317.5233333333333,0.0,0,300
zhen,35,0.02,S3_select,165,427.77666666666664,0.0,0,300
zhen,35,0.02,S3_select,246,589.45,0.0,0,300
zhen,35,0.02,S3_select,367,829.8033333333333,0.0,0,300
zhen,35,0.02,S3_select,548,1193.8566666666666,0.0,0,300
zhen,35,0.02,S3_select,819,1734.1166666666666,0.0,0,300
zhen,35,0.02,S3_select,1222,2541.6833333333334,0.0,0,300
zhen,35,0.02,S3_select,1825,3590.1766666666667,0.0,0,300
zhen,35,0.02,S4_select_or_abstain,10,117.40333333333334,0.0,0,300
zhen,35,0.02,S4_select_or_abstain,14,125.38333333333334,0.0,0,300
zhen,35,0.02,S4_select_or_abstain,22,142.07,0.0,0,300
zhen,35,0.02,S4_select_or_abstain,33,164.58333333333334,0.0,0,300
zhen,35,0.02,S4_select_or_abstain,49,195.04333333333332,0.0,0,300
zhen,35,0.02,S4_select_or_abstain,74,246.06333333333333,0.0,0,300
zhen,35,0.02,S4_select_or_abstain,110,317.5233333333333,0.0,0,300
zhen,35,0.02,S4_select_or_abstain,165,427.77666666666664,0.0,0,300
zhen,35,0.02,S4_select_or_abstain,246,589.45,0.0,0,300
zhen,35,0.02,S4_select_or_abstain,367,829.8033333333333,0.0,0,300
zhen,35,0.02,S4_select_or_abstain,548,1193.8566666666666,0.0,0,300
zhen,35,0.02,S4_select_or_abstain,819,1734.1166666666666,0.0,0,300
zhen,35,0.02,S4_select_or_abstain,1222,2541.6833333333334,0.0,0,300
zhen,35,0.02,S4_select_or_abstain,1825,3590.1766666666667,0.0,0,300
zhen,45,0.01,S1_design,10,117.34,0.0,0,300
zhen,45,0.01,S1_design,14,125.32666666666667,0.0,0,300
zhen,45,0.01,S1_design,22,141.95333333333335,0.0,0,300
zhen,45,0.01,S1_design,33,164.35333333333332,0.0,0,300
zhen,45,0.01,S1_design,49,194.78,0.0,0,300
zhen,45,0.01,S1_design,74,245.78,0.0,0,300
zhen,45,0.01,S1_design,110,318.14666666666665,0.0,0,300
zhen,45,0.01,S1_design,165,428.1333333333333,0.0,0,300
zhen,45,0.01,S1_design,246,589.58,0.0,0,300
zhen,45,0.01,S1_design,367,830.0666666666667,0.0,0,300
zhen,45,0.01,S1_design,548,1194.06,0.0,0,300
zhen,45,0.01,S1_design,819,1734.2533333333333,0.0,0,300
zhen,45,0.01,S1_design,1222,2542.866666666667,0.0,0,300
zhen,45,0.01,S1_design,1825,3598.2466666666664,0.0,0,300
zhen,45,0.01,S2_fixed,10,117.34,0.0,0,300
zhen,45,0.01,S2_fixed,14,125.32666666666667,0.0,0,300
zhen,45,0.01,S2_fixed,22,141.95333333333335,0.0,0,300
zhen,45,0.01,S2_fixed,33,164.35333333333332,0.0,0,300
zhen,45,0.01,S2_fixed,49,194.78,0.0,0,300
zhen,45,0.01,S2_fixed,74,245.78,0.0,0,300
zhen,45,0.01,S2_fixed,110,318.14666666666665,0.0,0,300
zhen,45,0.01,S2_fixed,165,428.1333333333333,0.0,0,300
zhen,45,0.01,S2_fixed,246,589.58,0.0,0,300
zhen,45,0.01,S2_fixed,367,830.0666666666667,0.0,0,300
zhen,45,0.01,S2_fixed,548,1194.06,0.0,0,300
zhen,45,0.01,S2_fixed,819,1734.2533333333333,0.0,0,300
zhen,45,0.01,S2_fixed,1222,2542.866666666667,0.0,0,300
zhen,45,0.01,S2_fixed,1825,3598.2466666666664,0.0,0,300
zhen,45,0.01,S3_select,10,117.34,0.0,0,300
zhen,45,0.01,S3_select,14,125.32666666666667,0.0,0,300
zhen,45,0.01,S3_select,22,141.95333333333335,0.0,0,300
zhen,45,0.01,S3_select,33,164.35333333333332,0.0,0,300
zhen,45,0.01,S3_select,49,194.78,0.0,0,300
zhen,45,0.01,S3_select,74,245.78,0.0,0,300
zhen,45,0.01,S3_select,110,318.14666666666665,0.0,0,300
zhen,45,0.01,S3_select,165,428.1333333333333,0.0,0,300
zhen,45,0.01,S3_select,246,589.58,0.0,0,300
zhen,45,0.01,S3_select,367,830.0666666666667,0.0,0,300
zhen,45,0.01,S3_select,548,1194.06,0.0,0,300
zhen,45,0.01,S3_select,819,1734.2533333333333,0.0,0,300
zhen,45,0.01,S3_select,1222,2542.866666666667,0.0,0,300
zhen,45,0.01,S3_select,1825,3598.2466666666664,0.0,0,300
zhen,45,0.01,S4_select_or_abstain,10,117.34,0.0,0,300
zhen,45,0.01,S4_select_or_abstain,14,125.32666666666667,0.0,0,300
zhen,45,0.01,S4_select_or_abstain,22,141.95333333333335,0.0,0,300
zhen,45,0.01,S4_select_or_abstain,33,164.35333333333332,0.0,0,300
zhen,45,0.01,S4_select_or_abstain,49,194.78,0.0,0,300
zhen,45,0.01,S4_select_or_abstain,74,245.78,0.0,0,300
zhen,45,0.01,S4_select_or_abstain,110,318.14666666666665,0.0,0,300
zhen,45,0.01,S4_select_or_abstain,165,428.1333333333333,0.0,0,300
zhen,45,0.01,S4_select_or_abstain,246,589.58,0.0,0,300
zhen,45,0.01,S4_select_or_abstain,367,830.0666666666667,0.0,0,300
zhen,45,0.01,S4_select_or_abstain,548,1194.06,0.0,0,300
zhen,45,0.01,S4_select_or_abstain,819,1734.2533333333333,0.0,0,300
zhen,45,0.01,S4_select_or_abstain,1222,2542.866666666667,0.0,0,300
zhen,45,0.01,S4_select_or_abstain,1825,3598.2466666666664,0.0,0,300
zhen,45,0.02,S1_design,10,117.34,0.0,0,300
zhen,45,0.02,S1_design,14,125.32666666666667,0.0,0,300
zhen,45,0.02,S1_design,22,141.95333333333335,0.0,0,300
zhen,45,0.02,S1_design,33,164.35333333333332,0.0,0,300
zhen,45,0.02,S1_design,49,194.78,0.0,0,300
zhen,45,0.02,S1_design,74,245.78,0.0,0,300
zhen,45,0.02,S1_design,110,318.14666666666665,0.0,0,300
zhen,45,0.02,S1_design,165,428.1333333333333,0.0,0,300
zhen,45,0.02,S1_design,246,589.58,0.0,0,300
zhen,45,0.02,S1_design,367,830.0666666666667,0.0,0,300
zhen,45,0.02,S1_design,548,1194.06,0.0,0,300
zhen,45,0.02,S1_design,819,1734.2533333333333,0.0,0,300
zhen,45,0.02,S1_design,1222,2542.866666666667,0.0,0,300
zhen,45,0.02,S1_design,1825,3598.2466666666664,0.0,0,300
zhen,45,0.02,S2_fixed,10,117.34,0.0,0,300
zhen,45,0.02,S2_fixed,14,125.32666666666667,0.0,0,300
zhen,45,0.02,S2_fixed,22,141.95333333333335,0.0,0,300
zhen,45,0.02,S2_fixed,33,164.35333333333332,0.0,0,300
zhen,45,0.02,S2_fixed,49,194.78,0.0,0,300
zhen,45,0.02,S2_fixed,74,245.78,0.0,0,300
zhen,45,0.02,S2_fixed,110,318.14666666666665,0.0,0,300
zhen,45,0.02,S2_fixed,165,428.1333333333333,0.0,0,300
zhen,45,0.02,S2_fixed,246,589.58,0.0,0,300
zhen,45,0.02,S2_fixed,367,830.0666666666667,0.0,0,300
zhen,45,0.02,S2_fixed,548,1194.06,0.0,0,300
zhen,45,0.02,S2_fixed,819,1734.2533333333333,0.0,0,300
zhen,45,0.02,S2_fixed,1222,2542.866666666667,0.0,0,300
zhen,45,0.02,S2_fixed,1825,3598.2466666666664,0.0,0,300
zhen,45,0.02,S3_select,10,117.34,0.0,0,300
zhen,45,0.02,S3_select,14,125.32666666666667,0.0,0,300
zhen,45,0.02,S3_select,22,141.95333333333335,0.0,0,300
zhen,45,0.02,S3_select,33,164.35333333333332,0.0,0,300
zhen,45,0.02,S3_select,49,194.78,0.0,0,300
zhen,45,0.02,S3_select,74,245.78,0.0,0,300
zhen,45,0.02,S3_select,110,318.14666666666665,0.0,0,300
zhen,45,0.02,S3_select,165,428.1333333333333,0.0,0,300
zhen,45,0.02,S3_select,246,589.58,0.0,0,300
zhen,45,0.02,S3_select,367,830.0666666666667,0.0,0,300
zhen,45,0.02,S3_select,548,1194.06,0.0,0,300
zhen,45,0.02,S3_select,819,1734.2533333333333,0.0,0,300
zhen,45,0.02,S3_select,1222,2542.866666666667,0.0,0,300
zhen,45,0.02,S3_select,1825,3598.2466666666664,0.0,0,300
zhen,45,0.02,S4_select_or_abstain,10,117.34,0.0,0,300
zhen,45,0.02,S4_select_or_abstain,14,125.32666666666667,0.0,0,300
zhen,45,0.02,S4_select_or_abstain,22,141.95333333333335,0.0,0,300
zhen,45,0.02,S4_select_or_abstain,33,164.35333333333332,0.0,0,300
zhen,45,0.02,S4_select_or_abstain,49,194.78,0.0,0,300
zhen,45,0.02,S4_select_or_abstain,74,245.78,0.0,0,300
zhen,45,0.02,S4_select_or_abstain,110,318.14666666666665,0.0,0,300
zhen,45,0.02,S4_select_or_abstain,165,428.1333333333333,0.0,0,300
zhen,45,0.02,S4_select_or_abstain,246,589.58,0.0,0,300
zhen,45,0.02,S4_select_or_abstain,367,830.0666666666667,0.0,0,300
zhen,45,0.02,S4_select_or_abstain,548,1194.06,0.0,0,300
zhen,45,0.02,S4_select_or_abstain,819,1734.2533333333333,0.0,0,300
zhen,45,0.02,S4_select_or_abstain,1222,2542.866666666667,0.0,0,300
zhen,45,0.02,S4_select_or_abstain,1825,3598.2466666666664,0.0,0,300
