lp,pair,eps,informative,judge,rho,HES_cvl,HES_cvq
ende23,01,0.01,True,mtme_BERTscore-refA,0.12877310527040894,-0.0036866274688831524,0.004320695806895647
ende23,01,0.01,True,mtme_BLEU-refA,0.12510314021010566,0.006321050386965843,0.011950614063766296
ende23,01,0.01,True,mtme_BLEURT-20-refA,0.289196729031173,0.008790119707759225,0.020442078205904823
ende23,01,0.01,True,mtme_COMET-refA,0.2811761091569501,0.010600819599221656,0.03019293276731605
ende23,01,0.01,True,mtme_Calibri-COMET22-QE-src,0.30398221952937915,0.013831552989034601,0.02399266471620287
ende23,01,0.01,True,mtme_Calibri-COMET22-refA,0.2507593911136743,0.005872553551088178,0.01792189793360499
ende23,01,0.01,True,mtme_CometKiwi-XL-src,0.25346690231395674,-0.00764526226278317,0.02651492098248054
ende23,01,0.01,True,mtme_CometKiwi-XXL-src,0.22134441999467566,-0.0011195990761398988,0.024986728030335748
ende23,01,0.01,True,mtme_CometKiwi-src,0.26439992105150145,0.008916568220297849,0.028651422172533914
ende23,01,0.01,True,mtme_GEMBA-MQM-src,0.23480717402781953,-0.0102453401944953,0.014100957234379652
ende23,01,0.01,True,mtme_KG-BERTScore-src,0.2523188505681448,0.0121136081123151,0.021846681297085446
ende23,01,0.01,True,mtme_MEE4-refA,0.09469167095838356,0.003381491804286929,0.005228739501614177
ende23,01,0.01,True,mtme_MS-COMET-QE-22-src,0.22539225423808312,-0.06341329828207609,0.016338056603469986
ende23,01,0.01,True,mtme_MaTESe-refA,0.23064874787924847,0.002551290597452738,0.014639685917354539
ende23,01,0.01,True,mtme_MetricX-23-QE-b-src,0.3583292625176455,0.03481470048027546,0.04666293581383518
ende23,01,0.01,True,mtme_MetricX-23-QE-c-src,0.34612626837062477,0.018699898237347634,0.04842053242655786
ende23,01,0.01,True,mtme_MetricX-23-QE-src,0.35206732050453243,0.028576666910676063,0.0421607178896195
ende23,01,0.01,True,mtme_MetricX-23-b-refA,0.25093677695406447,-0.0031803394792266904,0.02020479985566015
ende23,01,0.01,True,mtme_MetricX-23-c-refA,0.16803737189530862,-0.017039041713839964,0.010142094441422222
ende23,01,0.01,True,mtme_MetricX-23-refA,0.27235264577095175,0.0034159682450732864,0.02105614578825099
ende23,01,0.01,True,mtme_XCOMET-Ensemble-refA,0.3874982849327039,0.03570257812638811,0.0555726268576503
ende23,01,0.01,True,mtme_XCOMET-QE-Ensemble-src,0.32965306763277535,0.03018638821540487,0.04711597185141925
ende23,01,0.01,True,mtme_XCOMET-XL-refA,0.40104103416469644,0.03429596095202481,0.0580514983357413
ende23,01,0.01,True,mtme_XCOMET-XXL-refA,0.30520583836009385,0.01753614182501151,0.0429983513760438
ende23,01,0.01,True,mtme_XLsim-refA,0.09988423524901235,-0.012148229412096256,0.0011290471696092652
ende23,01,0.01,True,mtme_YiSi-1-refA,0.12793545811656337,-0.0036160024215865505,0.004233550160252619
ende23,01,0.01,True,mtme_chrF-refA,0.11759520335074763,0.001760422231561809,0.008460081137296793
ende23,01,0.01,True,mtme_cometoid22-wmt21-src,0.31180555617636807,0.01319352234903215,0.03675830825289206
ende23,01,0.01,True,mtme_cometoid22-wmt22-src,0.3120638516584886,0.01422294285824044,0.0357318134027832
ende23,01,0.01,True,mtme_cometoid22-wmt23-src,0.3053797502864834,0.011055482813539297,0.035000310291811165
ende23,01,0.01,True,mtme_docWMT22CometDA-refA,0.2902506672320451,0.006547896276926979,0.024954704458854393
ende23,01,0.01,True,mtme_docWMT22CometKiwiDA-src,0.2901008184354509,0.003658212566585717,0.033628822520755386
ende23,01,0.01,True,mtme_eBLEU-refA,0.04858737334072978,0.00823116340703256,0.007844051945659625
ende23,01,0.01,True,mtme_embed_llama-refA,0.09536891885407109,0.00802393925781808,0.012029891324733644
ende23,01,0.01,True,mtme_f200spBLEU-refA,0.12208160428053051,0.008581259478093517,0.008079505410732435
ende23,01,0.01,True,mtme_instructscore-refA,0.24434394012710084,0.0007027049240330152,0.018479532974737367
ende23,01,0.01,True,mtme_mbr-metricx-qe-src,0.30771533566853,0.013631278838221572,0.0368015730325989
ende23,01,0.01,True,mtme_mre-score-labse-regular-refA,0.14119943018241116,-0.014012009383647994,-0.0014749483561733445
ende23,01,0.01,True,mtme_prismRef-refA,0.1492083885699242,-0.013571956225514326,-4.716524897707686e-05
ende23,01,0.01,True,mtme_prismSrc-src,0.11183600901157631,-0.0010012436984072615,0.012819024978165672
ende23,01,0.01,True,mtme_sescoreX-refA,0.24434394012710084,0.0007027049240330152,0.018479532974737367
ende23,01,0.01,True,mtme_tokengram_F-refA,0.11764208729402399,0.0003562232868850046,0.008690733092790448
ende23,01,0.02,True,mtme_BERTscore-refA,0.12877310527040894,0.0004658056089114071,0.010717815161230937
ende23,01,0.02,True,mtme_BLEU-refA,0.12510314021010566,0.0002580444929044523,0.009241916329500666
ende23,01,0.02,True,mtme_BLEURT-20-refA,0.289196729031173,0.008904602669412953,0.024902821747565418
ende23,01,0.02,True,mtme_COMET-refA,0.2811761091569501,0.008524176932536931,0.031602643754234605
ende23,01,0.02,True,mtme_Calibri-COMET22-QE-src,0.30398221952937915,0.014626086646185699,0.034458207393973095
ende23,01,0.02,True,mtme_Calibri-COMET22-refA,0.2507593911136743,-0.005969304610016657,0.016352852947567942
ende23,01,0.02,True,mtme_CometKiwi-XL-src,0.25346690231395674,-0.02270940095126517,0.018991321685988827
ende23,01,0.02,True,mtme_CometKiwi-XXL-src,0.22134441999467566,-0.020893079933010705,0.012627367480301355
ende23,01,0.02,True,mtme_CometKiwi-src,0.26439992105150145,0.0007949855589483024,0.028661102402714467
ende23,01,0.02,True,mtme_GEMBA-MQM-src,0.23480717402781953,0.004760644463765118,0.029819042490296876
ende23,01,0.02,True,mtme_KG-BERTScore-src,0.2523188505681448,-0.0001683498830715724,0.026820664149299178
ende23,01,0.02,True,mtme_MEE4-refA,0.09469167095838356,0.002605042152638015,0.010860666128735486
ende23,01,0.02,True,mtme_MS-COMET-QE-22-src,0.22539225423808312,-0.059535280600187424,0.040618114623864554
ende23,01,0.02,True,mtme_MaTESe-refA,0.23064874787924847,-0.00809522437740573,0.01774202099666955
ende23,01,0.02,True,mtme_MetricX-23-QE-b-src,0.3583292625176455,0.021029661261758092,0.05185176398599678
ende23,01,0.02,True,mtme_MetricX-23-QE-c-src,0.34612626837062477,0.03214937579996424,0.05475191068513008
ende23,01,0.02,True,mtme_MetricX-23-QE-src,0.35206732050453243,0.02066434974695841,0.047101523702933745
ende23,01,0.02,True,mtme_MetricX-23-b-refA,0.25093677695406447,-0.014109653808031863,0.024440938679138102
ende23,01,0.02,True,mtme_MetricX-23-c-refA,0.16803737189530862,-0.01194244972997982,0.0004830483681991238
ende23,01,0.02,True,mtme_MetricX-23-refA,0.27235264577095175,-0.015922898257770157,0.021485980671147376
ende23,01,0.02,True,mtme_XCOMET-Ensemble-refA,0.3874982849327039,0.019178636910825886,0.058701557985331054
ende23,01,0.02,True,mtme_XCOMET-QE-Ensemble-src,0.32965306763277535,0.017817075364489954,0.03943376805371057
ende23,01,0.02,True,mtme_XCOMET-XL-refA,0.40104103416469644,0.024103222625864285,0.05746486208133006
ende23,01,0.02,True,mtme_XCOMET-XXL-refA,0.30520583836009385,0.016826915388772345,0.04833755561332265
ende23,01,0.02,True,mtme_XLsim-refA,0.09988423524901235,0.0021732228992636937,0.009735328258101195
ende23,01,0.02,True,mtme_YiSi-1-refA,0.12793545811656337,-0.005246904689059306,0.0031684207059535785
ende23,01,0.02,True,mtme_chrF-refA,0.11759520335074763,-0.005948362535190377,0.005082080457989191
ende23,01,0.02,True,mtme_cometoid22-wmt21-src,0.31180555617636807,0.007528553597837884,0.03502877047592268
ende23,01,0.02,True,mtme_cometoid22-wmt22-src,0.3120638516584886,0.019178636910825886,0.03894629812027928
ende23,01,0.02,True,mtme_cometoid22-wmt23-src,0.3053797502864834,0.00646691667366972,0.03796076639459245
ende23,01,0.02,True,mtme_docWMT22CometDA-refA,0.2902506672320451,0.009465004537126398,0.036452633398045164
ende23,01,0.02,True,mtme_docWMT22CometKiwiDA-src,0.2901008184354509,-0.008476480943877096,0.03036403176538882
ende23,01,0.02,True,mtme_eBLEU-refA,0.04858737334072978,-0.00031261750965416724,0.001281422267294996
ende23,01,0.02,True,mtme_embed_llama-refA,0.09536891885407109,-0.003725666697613317,0.010276234383037819
ende23,01,0.02,True,mtme_f200spBLEU-refA,0.12208160428053051,-0.0017107394159228129,0.009193294540659314
ende23,01,0.02,True,mtme_instructscore-refA,0.24434394012710084,0.0021732228992636937,0.02047929794071235
ende23,01,0.02,True,mtme_mbr-metricx-qe-src,0.30771533566853,0.01881850732053625,0.041526784120246574
ende23,01,0.02,True,mtme_mre-score-labse-regular-refA,0.14119943018241116,-0.014780682593273697,0.005779199367659249
ende23,01,0.02,True,mtme_prismRef-refA,0.1492083885699242,-0.015843047314659353,0.008613009372325009
ende23,01,0.02,True,mtme_prismSrc-src,0.11183600901157631,-0.016962884637319986,5.8953985270226994e-05
ende23,01,0.02,True,mtme_sescoreX-refA,0.24434394012710084,0.0021732228992636937,0.02047929794071235
ende23,01,0.02,True,mtme_tokengram_F-refA,0.11764208729402399,-0.0021355822594064655,0.01027185909516326
ende23,02,0.01,True,mtme_BERTscore-refA,0.1316506105858258,-0.009785284045276121,0.004835927315110289
ende23,02,0.01,True,mtme_BLEU-refA,0.11728831288800304,-0.0002893893527173841,0.010086369708207421
ende23,02,0.01,True,mtme_BLEURT-20-refA,0.2548768628753914,0.006265870960084241,0.019847058357971736
ende23,02,0.01,True,mtme_COMET-refA,0.24359199276111237,0.017712186414726383,0.023375281017472882
ende23,02,0.01,True,mtme_Calibri-COMET22-QE-src,0.16364715308862304,-0.0047642636605280675,0.003691518439646324
ende23,02,0.01,True,mtme_Calibri-COMET22-refA,0.19927188109644606,0.008879060695270113,0.011742340854331235
ende23,02,0.01,True,mtme_CometKiwi-XL-src,0.22312632448742137,-0.011972217368410698,0.01601786217585588
ende23,02,0.01,True,mtme_CometKiwi-XXL-src,0.20755310724218784,-0.008285101125442784,0.011187765037245168
ende23,02,0.01,True,mtme_CometKiwi-src,0.19444497062280008,-0.00404961536036752,0.01496865448959217
ende23,02,0.01,True,mtme_GEMBA-MQM-src,0.1873952113724699,0.0021015585959195393,0.018702400032399646
ende23,02,0.01,True,mtme_KG-BERTScore-src,0.1825601511467109,-0.0068210671916295595,0.004436103171640338
ende23,02,0.01,True,mtme_MEE4-refA,0.12146142221438987,-0.005335805342621569,0.0033184876327457813
ende23,02,0.01,True,mtme_MS-COMET-QE-22-src,0.1318537817435612,-0.051854535757485554,0.07184237486930167
ende23,02,0.01,True,mtme_MaTESe-refA,0.24830003391666655,0.0006182701919218436,0.015504950473655854
ende23,02,0.01,True,mtme_MetricX-23-QE-b-src,0.29609156821010185,0.01337048055262069,0.029468940490765316
ende23,02,0.01,True,mtme_MetricX-23-QE-c-src,0.32313983399184965,0.021308077772911993,0.04406877659369324
ende23,02,0.01,True,mtme_MetricX-23-QE-src,0.29944585589518147,0.016834355174847104,0.025724200325210056
ende23,02,0.01,True,mtme_MetricX-23-b-refA,0.34180557746891493,0.029213088113282826,0.06065345335193062
ende23,02,0.01,True,mtme_MetricX-23-c-refA,0.20005743546271015,0.005485543469716192,0.020346479859150057
ende23,02,0.01,True,mtme_MetricX-23-refA,0.3363887394888623,0.03781617225447653,0.06159713057978278
ende23,02,0.01,True,mtme_XCOMET-Ensemble-refA,0.3431149783413454,0.027405297176636756,0.04354017359296891
ende23,02,0.01,True,mtme_XCOMET-QE-Ensemble-src,0.28811023616419773,0.01451017834142354,0.03263368127414701
ende23,02,0.01,True,mtme_XCOMET-XL-refA,0.3196577493286139,0.01712424707923288,0.023190464492042984
ende23,02,0.01,True,mtme_XCOMET-XXL-refA,0.3219862832483404,0.037528177272541985,0.05484033783559783
ende23,02,0.01,True,mtme_XLsim-refA,0.08922744057381862,-0.010985430381142525,-0.0009167608308200403
ende23,02,0.01,True,mtme_YiSi-1-refA,0.1742704872480676,0.001942570822311529,0.01844766664273345
ende23,02,0.01,True,mtme_chrF-refA,0.11309807933992014,0.004947051215361986,0.007407173705873182
ende23,02,0.01,True,mtme_cometoid22-wmt21-src,0.21213449066965495,-0.01233042196444134,0.004529188615241875
ende23,02,0.01,True,mtme_cometoid22-wmt22-src,0.21807798372430787,-0.00950410690373027,0.0067815600985710045
ende23,02,0.01,True,mtme_cometoid22-wmt23-src,0.2374612019401569,0.002734585718823457,0.02223766818633921
ende23,02,0.01,True,mtme_docWMT22CometDA-refA,0.20986438158489598,0.008562715869159132,0.01787646717707636
ende23,02,0.01,True,mtme_docWMT22CometKiwiDA-src,0.17156768091679112,-0.002506289996381028,0.015107162897463056
ende23,02,0.01,True,mtme_eBLEU-refA,0.05185084529299534,-0.006484881621642735,0.004579200359785651
ende23,02,0.01,True,mtme_embed_llama-refA,0.08608109333971797,-0.0023901626924793806,0.008666965868672993
ende23,02,0.01,True,mtme_f200spBLEU-refA,0.1173746305295806,-0.0006112840880585502,0.005355023576425699
ende23,02,0.01,True,mtme_instructscore-refA,0.23661357799346244,0.00541447504614434,0.02348468170866236
ende23,02,0.01,True,mtme_mbr-metricx-qe-src,0.16600042172735527,-0.01170954101954269,-0.004950012391524483
ende23,02,0.01,True,mtme_mre-score-labse-regular-refA,0.11229170041331024,-0.00670990905961788,0.006423751173251668
ende23,02,0.01,True,mtme_prismRef-refA,0.17532549857483476,-0.011857115614561486,0.0059823843894796225
ende23,02,0.01,True,mtme_prismSrc-src,0.02752271551612151,-0.008517088174901488,-0.0009799998758126538
ende23,02,0.01,True,mtme_sescoreX-refA,0.23661357799346244,0.00541447504614434,0.02348468170866236
ende23,02,0.01,True,mtme_tokengram_F-refA,0.11415882940831645,0.0025162158973566218,0.007182302082493153
ende23,02,0.02,True,mtme_BERTscore-refA,0.1316506105858258,-0.0034541160609473653,0.0024218393515174075
ende23,02,0.02,True,mtme_BLEU-refA,0.11728831288800304,-0.0019909212475102134,0.007237152407866598
ende23,02,0.02,True,mtme_BLEURT-20-refA,0.2548768628753914,0.008962378926285486,0.020864142924504447
ende23,02,0.02,True,mtme_COMET-refA,0.24359199276111237,0.015552836308884377,0.02244994216317775
ende23,02,0.02,True,mtme_Calibri-COMET22-QE-src,0.16364715308862304,0.0017723638549878018,0.01392857696207861
ende23,02,0.02,True,mtme_Calibri-COMET22-refA,0.19927188109644606,0.00417822322440875,0.012798075094891503
ende23,02,0.02,True,mtme_CometKiwi-XL-src,0.22312632448742137,-0.005108578170258671,0.028948609631465838
ende23,02,0.02,True,mtme_CometKiwi-XXL-src,0.20755310724218784,-0.009278846064347368,0.0089692352661499
ende23,02,0.02,True,mtme_CometKiwi-src,0.19444497062280008,0.006000083416596191,0.01915654413429624
ende23,02,0.02,True,mtme_GEMBA-MQM-src,0.1873952113724699,-0.0077209873682795305,0.010016541180460914
ende23,02,0.02,True,mtme_KG-BERTScore-src,0.1825601511467109,0.004457763635272283,0.017274356694421233
ende23,02,0.02,True,mtme_MEE4-refA,0.12146142221438987,-0.005185805353482564,0.00168147340088598
ende23,02,0.02,True,mtme_MS-COMET-QE-22-src,0.1318537817435612,-0.017852873414303083,0.048283488049513545
ende23,02,0.02,True,mtme_MaTESe-refA,0.24830003391666655,-0.006055576504541138,0.013951684704646916
ende23,02,0.02,True,mtme_MetricX-23-QE-b-src,0.29609156821010185,0.012726974348527542,0.02641666126719766
ende23,02,0.02,True,mtme_MetricX-23-QE-c-src,0.32313983399184965,0.023735774763855022,0.03678226202920154
ende23,02,0.02,True,mtme_MetricX-23-QE-src,0.29944585589518147,0.010886302829043348,0.034568299903378064
ende23,02,0.02,True,mtme_MetricX-23-b-refA,0.34180557746891493,0.024361314947968227,0.03967859621301306
ende23,02,0.02,True,mtme_MetricX-23-c-refA,0.20005743546271015,0.006897105854293373,0.01285598076409289
ende23,02,0.02,True,mtme_MetricX-23-refA,0.3363887394888623,0.020288195340048665,0.03228275945768033
ende23,02,0.02,True,mtme_XCOMET-Ensemble-refA,0.3431149783413454,0.020253994493790284,0.040227288708660214
ende23,02,0.02,True,mtme_XCOMET-QE-Ensemble-src,0.28811023616419773,0.010221746258010866,0.023697161172243075
ende23,02,0.02,True,mtme_XCOMET-XL-refA,0.3196577493286139,0.018522939896244095,0.03571157697286631
ende23,02,0.02,True,mtme_XCOMET-XXL-refA,0.3219862832483404,0.023339863254922433,0.04427716189081887
ende23,02,0.02,True,mtme_XLsim-refA,0.08922744057381862,-0.007295235493001595,0.0002240919816651754
ende23,02,0.02,True,mtme_YiSi-1-refA,0.1742704872480676,-5.3707995605778436e-05,0.012506197964712418
ende23,02,0.02,True,mtme_chrF-refA,0.11309807933992014,-0.0028685246327710967,0.0070817828491499535
ende23,02,0.02,True,mtme_cometoid22-wmt21-src,0.21213449066965495,-0.0009118683601747612,0.014280770831567646
ende23,02,0.02,True,mtme_cometoid22-wmt22-src,0.21807798372430787,0.005660572932208896,0.015315041516175909
ende23,02,0.02,True,mtme_cometoid22-wmt23-src,0.2374612019401569,0.001403591757771716,0.020834172705016196
ende23,02,0.02,True,mtme_docWMT22CometDA-refA,0.20986438158489598,0.005724531531626997,0.013783999107506939
ende23,02,0.02,True,mtme_docWMT22CometKiwiDA-src,0.17156768091679112,0.005643493748202277,0.014023440326306313
ende23,02,0.02,True,mtme_eBLEU-refA,0.05185084529299534,-0.0039206836792151645,0.0039020306028971774
ende23,02,0.02,True,mtme_embed_llama-refA,0.08608109333971797,-0.0002798469244718049,0.006769307758994203
ende23,02,0.02,True,mtme_f200spBLEU-refA,0.1173746305295806,-0.0056790772463286565,0.008854293313770856
ende23,02,0.02,True,mtme_instructscore-refA,0.23661357799346244,0.002691367335351802,0.012588327893117923
ende23,02,0.02,True,mtme_mbr-metricx-qe-src,0.16600042172735527,-0.0023768910613399807,0.0024674085040025107
ende23,02,0.02,True,mtme_mre-score-labse-regular-refA,0.11229170041331024,-0.015360486743226653,-0.000528599746224323
ende23,02,0.02,True,mtme_prismRef-refA,0.17532549857483476,0.005812362901686408,0.014850260784972757
ende23,02,0.02,True,mtme_prismSrc-src,0.02752271551612151,0.0017723638549878018,0.006285596403754368
ende23,02,0.02,True,mtme_sescoreX-refA,0.23661357799346244,0.002691367335351802,0.012588327893117923
ende23,02,0.02,True,mtme_tokengram_F-refA,0.11415882940831645,-0.005185805353482564,0.008097270161022352
ende23,03,0.01,True,mtme_BERTscore-refA,0.10431407547422768,-0.0005625048748334471,0.0003529434548918964
ende23,03,0.01,True,mtme_BLEU-refA,0.07877435732769886,-0.000305614784054109,0.0006524200967101823
ende23,03,0.01,True,mtme_BLEURT-20-refA,0.22587302189553232,0.0005529043261550681,0.002203752864607056
ende23,03,0.01,True,mtme_COMET-refA,0.19654279455957668,0.0006524200967101823,0.0024863107939744333
ende23,03,0.01,True,mtme_Calibri-COMET22-QE-src,0.12091581363793835,0.0006524200967101823,0.0011454094443099638
ende23,03,0.01,True,mtme_Calibri-COMET22-refA,0.10732398688920916,-0.0004595059164500537,0.0006524200967101823
ende23,03,0.01,True,mtme_CometKiwi-XL-src,0.13460280678365838,0.00020215392892175554,0.0018708455169749172
ende23,03,0.01,True,mtme_CometKiwi-XXL-src,0.17284720628302713,0.0005529043261550681,0.0022982231760861893
ende23,03,0.01,True,mtme_CometKiwi-src,0.12720322981725612,-0.0005625048748334471,0.0012430992751237824
ende23,03,0.01,True,mtme_GEMBA-MQM-src,0.16693864745189851,0.0007516280071862003,0.0021564105186503424
ende23,03,0.01,True,mtme_KG-BERTScore-src,0.10506478098945209,-0.0004595059164500537,0.0005529043261550681
ende23,03,0.01,True,mtme_MEE4-refA,0.0631590589876638,-0.0010824160848117437,0.00020215392892175554
ende23,03,0.01,True,mtme_MS-COMET-QE-22-src,0.03320705925574158,-0.0006141263907055716,0.0028127540304850873
ende23,03,0.01,True,mtme_MaTESe-refA,0.23105749364469857,0.000998310234506139,0.0020615106342553036
ende23,03,0.01,True,mtme_MetricX-23-QE-b-src,0.2343464488979215,0.0016790178075162254,0.003591481941211283
ende23,03,0.01,True,mtme_MetricX-23-QE-c-src,0.25612340921688853,0.0023453514649574014,0.0038168090850927427
ende23,03,0.01,True,mtme_MetricX-23-QE-src,0.2454952607420145,0.0018708455169749172,0.003455484491704075
ende23,03,0.01,True,mtme_MetricX-23-b-refA,0.25893214017150606,0.0025331559243695345,0.0032732115356037816
ende23,03,0.01,True,mtme_MetricX-23-c-refA,0.17754888099334842,0.0008998657530479015,0.0020615106342553036
ende23,03,0.01,True,mtme_MetricX-23-refA,0.25823440521870855,0.00267326960395331,0.003410017590497416
ende23,03,0.01,True,mtme_XCOMET-Ensemble-refA,0.3312425450877907,0.0025331559243695345,0.0038168090850927427
ende23,03,0.01,True,mtme_XCOMET-QE-Ensemble-src,0.30298567301874657,0.002203752864607056,0.0032732115356037816
ende23,03,0.01,True,mtme_XCOMET-XL-refA,0.30785038026094563,0.002439395113684073,0.0035462165179285243
ende23,03,0.01,True,mtme_XCOMET-XXL-refA,0.307761008431316,0.0028127540304850873,0.003681812350477931
ende23,03,0.01,True,mtme_XLsim-refA,0.051181591601249715,0.0,0.0006524200967101823
ende23,03,0.01,True,mtme_YiSi-1-refA,0.11825178864636171,0.00010123489721780565,0.001775077649847856
ende23,03,0.01,True,mtme_chrF-refA,0.0683318481618808,-0.0003568311089978682,0.0008011169609823954
ende23,03,0.01,True,mtme_cometoid22-wmt21-src,0.16627342196017386,0.000302758571118833,0.0022510236964460306
ende23,03,0.01,True,mtme_cometoid22-wmt22-src,0.18792554824224877,0.0003529434548918964,0.0030438412049406116
ende23,03,0.01,True,mtme_cometoid22-wmt23-src,0.20324308217802267,0.0003529434548918964,0.003906476033819772
ende23,03,0.01,True,mtme_docWMT22CometDA-refA,0.2178513918723745,0.00020215392892175554,0.0021564105186503424
ende23,03,0.01,True,mtme_docWMT22CometKiwiDA-src,0.1028764041899129,0.00015173380379251977,0.0004030502906342548
ende23,03,0.01,True,mtme_eBLEU-refA,0.03786154138156807,0.0,0.0007020624451024027
ende23,03,0.01,True,mtme_embed_llama-refA,0.06909438937609183,-0.0005625048748334471,0.0005529043261550681
ende23,03,0.01,True,mtme_f200spBLEU-refA,0.07645094891560017,-0.00025447892466412547,0.0005030305451820816
ende23,03,0.01,True,mtme_instructscore-refA,0.23426095485532628,0.000998310234506139,0.0021564105186503424
ende23,03,0.01,True,mtme_mbr-metricx-qe-src,0.22149923382862152,0.0008011169609823954,0.002905396153338513
ende23,03,0.01,True,mtme_mre-score-labse-regular-refA,0.15768553833708682,-0.0005625048748334471,0.0013404896735058625
ende23,03,0.01,True,mtme_prismRef-refA,0.13492514906403597,-0.00020342334134837436,0.001047418798004851
ende23,03,0.01,True,mtme_prismSrc-src,-0.04983647533287018,0.0,0.000302758571118833
ende23,03,0.01,True,mtme_sescoreX-refA,0.23426095485532628,0.000998310234506139,0.0021564105186503424
ende23,03,0.01,True,mtme_tokengram_F-refA,0.07360019448494082,-0.0005625048748334471,0.0007516280071862003
ende23,03,0.02,True,mtme_BERTscore-refA,0.10431407547422768,-0.0008851873144106737,-0.00022826419502042228
ende23,03,0.02,True,mtme_BLEU-refA,0.07877435732769886,-0.0007681518644715446,0.00015115412779720394
ende23,03,0.02,True,mtme_BLEURT-20-refA,0.22587302189553232,-0.00030476438224802394,0.0007108213812354602
ende23,03,0.02,True,mtme_COMET-refA,0.19654279455957668,-0.0006128481859501989,0.0006738577733237383
ende23,03,0.02,True,mtme_Calibri-COMET22-QE-src,0.12091581363793835,-0.0001519706254491382,0.0004137288534745709
ende23,03,0.02,True,mtme_Calibri-COMET22-refA,0.10732398688920916,-0.0004583879761510534,0.0
ende23,03,0.02,True,mtme_CometKiwi-XL-src,0.13460280678365838,0.0001888158525923389,0.0008949045578137138
ende23,03,0.02,True,mtme_CometKiwi-XXL-src,0.17284720628302713,-7.588283758930281e-05,0.0009681967080650278
ende23,03,0.02,True,mtme_CometKiwi-src,0.12720322981725612,-0.000574154327270815,0.0004137288534745709
ende23,03,0.02,True,mtme_GEMBA-MQM-src,0.16693864745189851,-0.00026648840900378445,0.0004882994745948332
ende23,03,0.02,True,mtme_KG-BERTScore-src,0.10506478098945209,-0.0006128481859501989,0.0004137288534745709
ende23,03,0.02,True,mtme_MEE4-refA,0.0631590589876638,-0.000574154327270815,0.00015115412779720394
ende23,03,0.02,True,mtme_MS-COMET-QE-22-src,0.03320705925574158,-0.0016377125509678958,0.001475858992066592
ende23,03,0.02,True,mtme_MaTESe-refA,0.23105749364469857,-0.00034309221995454386,0.0007108213812354602
ende23,03,0.02,True,mtme_MetricX-23-QE-b-src,0.2343464488979215,0.0004882994745948332,0.00183280534438246
ende23,03,0.02,True,mtme_MetricX-23-QE-c-src,0.25612340921688853,0.0004137288534745709,0.0017262107254630843
ende23,03,0.02,True,mtme_MetricX-23-QE-src,0.2454952607420145,0.0011505810331455812,0.0016549154138982836
ende23,03,0.02,True,mtme_MetricX-23-b-refA,0.25893214017150606,0.0007108213812354602,0.0012231983494029874
ende23,03,0.02,True,mtme_MetricX-23-c-refA,0.17754888099334842,0.0,0.0011142004766840907
ende23,03,0.02,True,mtme_MetricX-23-refA,0.25823440521870855,0.0007108213812354602,0.0012594352985296764
ende23,03,0.02,True,mtme_XCOMET-Ensemble-refA,0.3312425450877907,0.00037636872289315004,0.0012231983494029874
ende23,03,0.02,True,mtme_XCOMET-QE-Ensemble-src,0.30298567301874657,0.0007846013316888945,0.00183280534438246
ende23,03,0.02,True,mtme_XCOMET-XL-refA,0.30785038026094563,0.0002639878475254598,0.0014039072322761248
ende23,03,0.02,True,mtme_XCOMET-XXL-refA,0.307761008431316,0.0005626712407253986,0.0011505810331455812
ende23,03,0.02,True,mtme_XLsim-refA,0.051181591601249715,-0.0004969243294450365,-0.0001519706254491382
ende23,03,0.02,True,mtme_YiSi-1-refA,0.11825178864636171,-0.0007292464920725106,3.786482104473077e-05
ende23,03,0.02,True,mtme_chrF-refA,0.0683318481618808,-0.0004583879761510534,0.0002639878475254598
ende23,03,0.02,True,mtme_cometoid22-wmt21-src,0.16627342196017386,0.00037636872289315004,0.001331766250237676
ende23,03,0.02,True,mtme_cometoid22-wmt22-src,0.18792554824224877,-0.00026648840900378445,0.001475858992066592
ende23,03,0.02,True,mtme_cometoid22-wmt23-src,0.20324308217802267,-0.001041983779121125,0.0017973201300877095
ende23,03,0.02,True,mtme_docWMT22CometDA-refA,0.2178513918723745,-0.000574154327270815,0.0009681967080650278
ende23,03,0.02,True,mtme_docWMT22CometKiwiDA-src,0.1028764041899129,-0.0003814720276105188,7.567871428715289e-05
ende23,03,0.02,True,mtme_eBLEU-refA,0.03786154138156807,-0.000690394160399288,0.0002639878475254598
ende23,03,0.02,True,mtme_embed_llama-refA,0.06909438937609183,-0.0004583879761510534,0.00037636872289315004
ende23,03,0.02,True,mtme_f200spBLEU-refA,0.07645094891560017,-0.0004969243294450365,3.786482104473077e-05
ende23,03,0.02,True,mtme_instructscore-refA,0.23426095485532628,0.0,0.0006368449462271775
ende23,03,0.02,True,mtme_mbr-metricx-qe-src,0.22149923382862152,-0.0003814720276105188,0.0007108213812354602
ende23,03,0.02,True,mtme_mre-score-labse-regular-refA,0.15768553833708682,-0.00030476438224802394,0.00037636872289315004
ende23,03,0.02,True,mtme_prismRef-refA,0.13492514906403597,-0.00019009163538030727,0.0004510390707218592
ende23,03,0.02,True,mtme_prismSrc-src,-0.04983647533287018,0.0,3.786482104473077e-05
ende23,03,0.02,True,mtme_sescoreX-refA,0.23426095485532628,0.0,0.0006368449462271775
ende23,03,0.02,True,mtme_tokengram_F-refA,0.07360019448494082,-0.00026648840900378445,0.0001888158525923389
ende23,04,0.01,True,mtme_BERTscore-refA,0.18278992052908064,-0.00024163204688609774,0.0006197215586828397
ende23,04,0.01,True,mtme_BLEU-refA,0.12820071111333667,-4.817918497690421e-05,0.0009484148407014059
ende23,04,0.01,True,mtme_BLEURT-20-refA,0.3154602516525982,0.0019141181290524,0.0034157273150530187
ende23,04,0.01,True,mtme_COMET-refA,0.3075335708637683,0.0020496376100813674,0.004348794598053929
ende23,04,0.01,True,mtme_Calibri-COMET22-QE-src,0.20473945370998659,0.00023980011324775674,0.0020045310277196915
ende23,04,0.01,True,mtme_Calibri-COMET22-refA,0.21466457472288325,0.001134695423762877,0.0016869138633275327
ende23,04,0.01,True,mtme_CometKiwi-XL-src,0.29381178669391583,0.0018234379343063933,0.004055081402229654
ende23,04,0.01,True,mtme_CometKiwi-XXL-src,0.25054483438958675,0.00108822977346279,0.002806411245354079
ende23,04,0.01,True,mtme_CometKiwi-src,0.23384576984683714,0.00014409856463493131,0.002674225694414889
ende23,04,0.01,True,mtme_GEMBA-MQM-src,0.28574046538027975,0.0015955602193935547,0.0034157273150530187
ende23,04,0.01,True,mtme_KG-BERTScore-src,0.22632600575248296,0.0007610137729295863,0.0025414608057802157
ende23,04,0.01,True,mtme_MEE4-refA,0.13213910122147,0.0,0.000666889893258138
ende23,04,0.01,True,mtme_MS-COMET-QE-22-src,0.17215573716746296,-0.0017819512640784296,0.0047633651489105144
ende23,04,0.01,True,mtme_MaTESe-refA,0.35567636260914354,0.0034157273150530187,0.004639607945682189
ende23,04,0.01,True,mtme_MetricX-23-QE-b-src,0.4241976665447934,0.00472217084980775,0.006442673418552758
ende23,04,0.01,True,mtme_MetricX-23-QE-c-src,0.3744532814684417,0.0037158023851950883,0.004432178144093024
ende23,04,0.01,True,mtme_MetricX-23-QE-src,0.4092737883426959,0.004055081402229654,0.005334056902333684
ende23,04,0.01,True,mtme_MetricX-23-b-refA,0.4284623343885923,0.0049275641797199565,0.005774705133797742
ende23,04,0.01,True,mtme_MetricX-23-c-refA,0.21090152051522532,0.0010416945638063169,0.0020045310277196915
ende23,04,0.01,True,mtme_MetricX-23-refA,0.4255826336407347,0.004845580053655318,0.005695086623076051
ende23,04,0.01,True,mtme_XCOMET-Ensemble-refA,0.4803789230767002,0.005293662751027939,0.0066747357594223455
ende23,04,0.01,True,mtme_XCOMET-QE-Ensemble-src,0.38630872020042095,0.0037158023851950883,0.004680918489677444
ende23,04,0.01,True,mtme_XCOMET-XL-refA,0.47129701998172535,0.005293662751027939,0.0066747357594223455
ende23,04,0.01,True,mtme_XCOMET-XXL-refA,0.45937394140770577,0.00472217084980775,0.006051643848998589
ende23,04,0.01,True,mtme_XLsim-refA,0.13000964092907374,-0.000977732146441923,0.00023980011324775674
ende23,04,0.01,True,mtme_YiSi-1-refA,0.18374543950774347,-0.00019315807595354784,0.001134695423762877
ende23,04,0.01,True,mtme_chrF-refA,0.1284320813750906,-0.0003874993560477602,0.00028754213579440524
ende23,04,0.01,True,mtme_cometoid22-wmt21-src,0.29235292925505996,0.0016412709011247584,0.00455681181301415
ende23,04,0.01,True,mtme_cometoid22-wmt22-src,0.28729835560308203,0.002408112762436909,0.004680918489677444
ende23,04,0.01,True,mtme_cometoid22-wmt23-src,0.28718237502826205,0.0008079696377694123,0.004886600903248661
ende23,04,0.01,True,mtme_docWMT22CometDA-refA,0.2856169436992599,0.0012274186692120548,0.003970624642639753
ende23,04,0.01,True,mtme_docWMT22CometKiwiDA-src,0.19537453526111986,-4.817918497690421e-05,0.0023635331601568055
ende23,04,0.01,True,mtme_eBLEU-refA,0.07461645505501296,-0.00029018013704029677,0.0005724820803145736
ende23,04,0.01,True,mtme_embed_llama-refA,0.10707653655940036,-9.643181383367505e-05,0.0014120372739906406
ende23,04,0.01,True,mtme_f200spBLEU-refA,0.12817655193928523,0.0,0.0010416945638063169
ende23,04,0.01,True,mtme_instructscore-refA,0.31035324784025653,0.002274177713766923,0.002806411245354079
ende23,04,0.01,True,mtme_mbr-metricx-qe-src,0.3486576082752074,0.001777997230208439,0.004181316345667985
ende23,04,0.01,True,mtme_mre-score-labse-regular-refA,0.18633251804237488,-0.00019315807595354784,0.0023635331601568055
ende23,04,0.01,True,mtme_prismRef-refA,0.18421302063433093,-9.643181383367505e-05,0.000995089638479718
ende23,04,0.01,True,mtme_prismSrc-src,-0.03164622443967918,-0.00029018013704029677,0.00014409856463493131
ende23,04,0.01,True,mtme_sescoreX-refA,0.31035324784025653,0.002274177713766923,0.002806411245354079
ende23,04,0.01,True,mtme_tokengram_F-refA,0.13109410885213346,-0.0003388025165445008,0.0003352118767019352
ende23,04,0.02,True,mtme_BERTscore-refA,0.18278992052908064,-0.0002240191622537857,0.0003326907095062559
ende23,04,0.02,True,mtme_BLEU-refA,0.12820071111333667,-0.00048765820098606305,0.0003326907095062559
ende23,04,0.02,True,mtme_BLEURT-20-refA,0.3154602516525982,0.0010937578300773687,0.0023168435602413107
ende23,04,0.02,True,mtme_COMET-refA,0.3075335708637683,0.001129478685232832,0.0026900292977481977
ende23,04,0.02,True,mtme_Calibri-COMET22-QE-src,0.20473945370998659,0.00044270806023749554,0.0016247185360752647
ende23,04,0.02,True,mtme_Calibri-COMET22-refA,0.21466457472288325,0.0008423992666340974,0.0009144513094410112
ende23,04,0.02,True,mtme_CometKiwi-XL-src,0.29381178669391583,0.0005158108983470688,0.0025210468593559465
ende23,04,0.02,True,mtme_CometKiwi-XXL-src,0.25054483438958675,0.0007339659162166612,0.0017994232085196682
ende23,04,0.02,True,mtme_CometKiwi-src,0.23384576984683714,0.00025910262300921083,0.0018689900916099011
ende23,04,0.02,True,mtme_GEMBA-MQM-src,0.28574046538027975,0.000222235333490306,0.0015545198451527575
ende23,04,0.02,True,mtme_KG-BERTScore-src,0.22632600575248296,-3.721207195206411e-05,0.0016597498155790369
ende23,04,0.02,True,mtme_MEE4-refA,0.13213910122147,3.7162521922984304e-05,0.00029592104932152363
ende23,04,0.02,True,mtme_MS-COMET-QE-22-src,0.17215573716746296,-0.002243555273624187,0.0029248124735143932
ende23,04,0.02,True,mtme_MaTESe-refA,0.35567636260914354,0.0017994232085196682,0.0026563185879572293
ende23,04,0.02,True,mtme_MetricX-23-QE-b-src,0.4241976665447934,0.0031575296753896254,0.004195815876309017
ende23,04,0.02,True,mtme_MetricX-23-QE-c-src,0.3744532814684417,0.0024531525140452093,0.0032566399230424814
ende23,04,0.02,True,mtme_MetricX-23-QE-src,0.4092737883426959,0.0028913991472638845,0.003907959229179081
ende23,04,0.02,True,mtme_MetricX-23-b-refA,0.4284623343885923,0.003388208053218267,0.003972204462717621
ende23,04,0.02,True,mtme_MetricX-23-c-refA,0.21090152051522532,0.0006614390669580361,0.001200780679030844
ende23,04,0.02,True,mtme_MetricX-23-refA,0.4255826336407347,0.002757322620902669,0.0036493781646754764
ende23,04,0.02,True,mtme_XCOMET-Ensemble-refA,0.4803789230767002,0.002857943579134159,0.00403629086996804
ende23,04,0.02,True,mtme_XCOMET-QE-Ensemble-src,0.38630872020042095,0.0020766197946375797,0.002991512719989542
ende23,04,0.02,True,mtme_XCOMET-XL-refA,0.47129701998172535,0.0031575296753896254,0.004068274697675345
ende23,04,0.02,True,mtme_XCOMET-XXL-refA,0.45937394140770577,0.0026563185879572293,0.004004267482795254
ende23,04,0.02,True,mtme_XLsim-refA,0.13000964092907374,-0.0005634398512275318,0.0006251039754813226
ende23,04,0.02,True,mtme_YiSi-1-refA,0.18374543950774347,-0.00033670440439292904,0.0009504065528062045
ende23,04,0.02,True,mtme_chrF-refA,0.1284320813750906,-0.0006014072234696854,0.00029592104932152363
ende23,04,0.02,True,mtme_cometoid22-wmt21-src,0.29235292925505996,0.0009144513094410112,0.002419140432837863
ende23,04,0.02,True,mtme_cometoid22-wmt22-src,0.28729835560308203,0.0012363619997143305,0.0023168435602413107
ende23,04,0.02,True,mtme_cometoid22-wmt23-src,0.28718237502826205,0.00025910262300921083,0.002857943579134159
ende23,04,0.02,True,mtme_docWMT22CometDA-refA,0.2856169436992599,0.0009504065528062045,0.002991512719989542
ende23,04,0.02,True,mtme_docWMT22CometKiwiDA-src,0.19537453526111986,-0.00011178526287358714,0.0017994232085196682
ende23,04,0.02,True,mtme_eBLEU-refA,0.07461645505501296,-0.00018655784735388536,0.00029592104932152363
ende23,04,0.02,True,mtme_embed_llama-refA,0.10707653655940036,0.0003326907095062559,0.0005887209801268556
ende23,04,0.02,True,mtme_f200spBLEU-refA,0.12817655193928523,-0.00033670440439292904,0.000222235333490306
ende23,04,0.02,True,mtme_instructscore-refA,0.31035324784025653,0.001307385741976641,0.0021110694665180674
ende23,04,0.02,True,mtme_mbr-metricx-qe-src,0.3486576082752074,0.0005887209801268556,0.0023850849688740183
ende23,04,0.02,True,mtme_mre-score-labse-regular-refA,0.18633251804237488,-0.00018655784735388536,0.0015193522572828355
ende23,04,0.02,True,mtme_prismRef-refA,0.18421302063433093,-0.000906997014406441,0.0008423992666340974
ende23,04,0.02,True,mtme_prismSrc-src,-0.03164622443967918,-0.00018655784735388536,7.427559271910855e-05
ende23,04,0.02,True,mtme_sescoreX-refA,0.31035324784025653,0.001307385741976641,0.0021110694665180674
ende23,04,0.02,True,mtme_tokengram_F-refA,0.13109410885213346,-0.0007537894385991617,0.00025910262300921083
ende23,05,0.01,False,mtme_BERTscore-refA,0.16073255386916718,0.000518108180843635,0.0010888367238041097
ende23,05,0.01,False,mtme_BLEU-refA,0.06977695158045025,-0.00029602106021608954,0.00029270532960989915
ende23,05,0.01,False,mtme_BLEURT-20-refA,0.3531590196727208,0.002372805476963835,0.0031358497645559424
ende23,05,0.01,False,mtme_COMET-refA,0.3615414631686772,0.0016471130076455287,0.002698505732110501
ende23,05,0.01,False,mtme_Calibri-COMET22-QE-src,0.31041147965769605,0.001369505787892522,0.0018000346080532248
ende23,05,0.01,False,mtme_Calibri-COMET22-refA,0.301589267720642,0.001245144988980651,0.0021633036768082814
ende23,05,0.01,False,mtme_CometKiwi-XL-src,0.34313820838140574,0.0016164174044103197,0.0027572676254246087
ende23,05,0.01,False,mtme_CometKiwi-XXL-src,0.3138756330396487,0.0010888367238041097,0.002342983984276681
ende23,05,0.01,False,mtme_CometKiwi-src,0.3126635704271644,0.0011201749516173143,0.002521380096575765
ende23,05,0.01,False,mtme_GEMBA-MQM-src,0.3596538474974044,0.0014314591134614307,0.0024323417028179195
ende23,05,0.01,False,mtme_KG-BERTScore-src,0.30446546142788244,0.0011827364045724487,0.002610100874184451
ende23,05,0.01,False,mtme_MEE4-refA,0.09893723906338708,-0.0001640431975600265,0.0005821503275784679
ende23,05,0.01,False,mtme_MS-COMET-QE-22-src,0.2774242811363198,-0.00022994917611462995,0.002103122464717111
ende23,05,0.01,False,mtme_MaTESe-refA,0.35380503118780604,0.0018000346080532248,0.002610100874184451
ende23,05,0.01,False,mtme_MetricX-23-QE-b-src,0.5157002176475394,0.003707109217789162,0.0046754835046086685
ende23,05,0.01,False,mtme_MetricX-23-QE-c-src,0.4827560930279451,0.003048999476439329,0.004182336569499956
ende23,05,0.01,False,mtme_MetricX-23-QE-src,0.5054053796105311,0.0035086857649730963,0.00443018103430981
ende23,05,0.01,False,mtme_MetricX-23-b-refA,0.5022431513221046,0.0034516951431406984,0.004347850601076897
ende23,05,0.01,False,mtme_MetricX-23-c-refA,0.3077512371304172,0.000518108180843635,0.002845149687762838
ende23,05,0.01,False,mtme_MetricX-23-refA,0.5023349390568417,0.0035086857649730963,0.004265236269798467
ende23,05,0.01,False,mtme_XCOMET-Ensemble-refA,0.5361752237760573,0.003622268704932652,0.004237634816967484
ende23,05,0.01,False,mtme_XCOMET-QE-Ensemble-src,0.5066286956896628,0.003308633983704956,0.0038759054641094304
ende23,05,0.01,False,mtme_XCOMET-XL-refA,0.5144101052525444,0.003593922612836087,0.004237634816967484
ende23,05,0.01,False,mtme_XCOMET-XXL-refA,0.522920904977236,0.0031069337475000403,0.004071357166907763
ende23,05,0.01,False,mtme_XLsim-refA,0.18007657396363252,-3.2726463833787633e-05,0.0007733291651185192
ende23,05,0.01,False,mtme_YiSi-1-refA,0.16001461184670557,0.00016301984635869182,0.0009945911878578295
ende23,05,0.01,False,mtme_chrF-refA,0.09886577334861008,0.0,0.00035730627108043755
ende23,05,0.01,False,mtme_cometoid22-wmt21-src,0.35811611319740283,0.0022533052200401915,0.0034231498404508898
ende23,05,0.01,False,mtme_cometoid22-wmt22-src,0.3447117397712496,0.002103122464717111,0.0031069337475000403
ende23,05,0.01,False,mtme_cometoid22-wmt23-src,0.3418620936154951,0.0012762921304663166,0.002845149687762838
ende23,05,0.01,False,mtme_docWMT22CometDA-refA,0.34404617021692535,0.0017389769817561795,0.0024620565633067804
ende23,05,0.01,False,mtme_docWMT22CometKiwiDA-src,0.25134394097742063,0.000518108180843635,0.0019217082141643749
ende23,05,0.01,False,mtme_eBLEU-refA,0.021820956050591075,0.0,0.00026034452175627276
ende23,05,0.01,False,mtme_embed_llama-refA,-0.006924513234616883,-0.00013115222771054036,0.00016301984635869182
ende23,05,0.01,False,mtme_f200spBLEU-refA,0.0863616821947499,0.00016301984635869182,0.00038954655460310406
ende23,05,0.01,False,mtme_instructscore-refA,0.3987920417599168,0.002402591361898576,0.0032223940622271297
ende23,05,0.01,False,mtme_mbr-metricx-qe-src,0.34288825291809283,0.0017389769817561795,0.00299092848733451
ende23,05,0.01,False,mtme_mre-score-labse-regular-refA,0.20527479457943515,0.00026034452175627276,0.0010888367238041097
ende23,05,0.01,False,mtme_prismRef-refA,0.21426326128167617,0.0007415643078837464,0.001554914374248595
ende23,05,0.01,False,mtme_prismSrc-src,0.046259437086545174,-0.00019697548772334983,0.0002279433889084137
ende23,05,0.01,False,mtme_sescoreX-refA,0.3987920417599168,0.002402591361898576,0.0032223940622271297
ende23,05,0.01,False,mtme_tokengram_F-refA,0.09348096443230752,0.0,0.00035730627108043755
ende23,05,0.02,False,mtme_BERTscore-refA,0.16073255386916718,0.0002833210298435196,0.0006190001774646348
ende23,05,0.02,False,mtme_BLEU-refA,0.06977695158045025,0.00014207231874430182,0.0003676778989722962
ende23,05,0.02,False,mtme_BLEURT-20-refA,0.3531590196727208,0.0011682759597131387,0.0015987743393027776
ende23,05,0.02,False,mtme_COMET-refA,0.3615414631686772,0.0006744962987648151,0.0016786292435404526
ende23,05,0.02,False,mtme_Calibri-COMET22-QE-src,0.31041147965769605,0.0004796991455058297,0.001303646566093053
ende23,05,0.02,False,mtme_Calibri-COMET22-refA,0.301589267720642,0.0007575015479310832,0.0013306285462869605
ende23,05,0.02,False,mtme_CometKiwi-XL-src,0.34313820838140574,0.0006744962987648151,0.0015987743393027776
ende23,05,0.02,False,mtme_CometKiwi-XXL-src,0.3138756330396487,0.00014207231874430182,0.001411391143855023
ende23,05,0.02,False,mtme_CometKiwi-src,0.3126635704271644,0.0004796991455058297,0.0016786292435404526
ende23,05,0.02,False,mtme_GEMBA-MQM-src,0.3596538474974044,0.0003957318028179335,0.0012495906216817287
ende23,05,0.02,False,mtme_KG-BERTScore-src,0.30446546142788244,0.0004796991455058297,0.0015987743393027776
ende23,05,0.02,False,mtme_MEE4-refA,0.09893723906338708,0.0003676778989722962,0.0007298649160528692
ende23,05,0.02,False,mtme_MS-COMET-QE-22-src,0.2774242811363198,-0.0010478996994209844,0.0014382510683055294
ende23,05,0.02,False,mtme_MaTESe-refA,0.35380503118780604,0.001357579934666564,0.0018111229223851666
ende23,05,0.02,False,mtme_MetricX-23-QE-b-src,0.5157002176475394,0.002359567344825564,0.003021135215658499
ende23,05,0.02,False,mtme_MetricX-23-QE-c-src,0.4827560930279451,0.0016520409345801568,0.0025139256754778128
ende23,05,0.02,False,mtme_MetricX-23-QE-src,0.5054053796105311,0.0024368747857727024,0.003021135215658499
ende23,05,0.02,False,mtme_MetricX-23-b-refA,0.5022431513221046,0.0021260928368901366,0.0028953761853997007
ende23,05,0.02,False,mtme_MetricX-23-c-refA,0.3077512371304172,0.0,0.001995369165717964
ende23,05,0.02,False,mtme_MetricX-23-refA,0.5023349390568417,0.002204177666752738,0.002996038476505536
ende23,05,0.02,False,mtme_XCOMET-Ensemble-refA,0.5361752237760573,0.0022560894576105772,0.0026672628925864528
ende23,05,0.02,False,mtme_XCOMET-QE-Ensemble-src,0.5066286956896628,0.0019691366483804984,0.0023853650765521817
ende23,05,0.02,False,mtme_XCOMET-XL-refA,0.5144101052525444,0.0021781783909972097,0.0024625868582325294
ende23,05,0.02,False,mtme_XCOMET-XXL-refA,0.522920904977236,0.0018375324368214985,0.0024368747857727024
ende23,05,0.02,False,mtme_XLsim-refA,0.18007657396363252,-0.00014290315101761486,0.000451742369941055
ende23,05,0.02,False,mtme_YiSi-1-refA,0.16001461184670557,0.0002833210298435196,0.0007851064682410369
ende23,05,0.02,False,mtme_chrF-refA,0.09886577334861008,0.0003957318028179335,0.0005633761112162627
ende23,05,0.02,False,mtme_cometoid22-wmt21-src,0.35811611319740283,0.0013306285462869605,0.002152150130541819
ende23,05,0.02,False,mtme_cometoid22-wmt22-src,0.3447117397712496,0.0011139117412649613,0.0018375324368214985
ende23,05,0.02,False,mtme_cometoid22-wmt23-src,0.3418620936154951,0.0005076236570479287,0.0018902626444572412
ende23,05,0.02,False,mtme_docWMT22CometDA-refA,0.34404617021692535,0.0009226573011350547,0.0016520409345801568
ende23,05,0.02,False,mtme_docWMT22CometKiwiDA-src,0.25134394097742063,0.0003114725690198661,0.0014382510683055294
ende23,05,0.02,False,mtme_eBLEU-refA,0.021820956050591075,0.0,0.00022691991943357692
ende23,05,0.02,False,mtme_embed_llama-refA,-0.006924513234616883,-0.00017158412281337299,2.8480697930044485e-05
ende23,05,0.02,False,mtme_f200spBLEU-refA,0.0863616821947499,0.00011372397358455633,0.0003957318028179335
ende23,05,0.02,False,mtme_instructscore-refA,0.3987920417599168,0.0010866831404059418,0.0016254226500744817
ende23,05,0.02,False,mtme_mbr-metricx-qe-src,0.34288825291809283,0.0008677315046323741,0.0019428747553235093
ende23,05,0.02,False,mtme_mre-score-labse-regular-refA,0.20527479457943515,0.0005076236570479287,0.0009774575529599705
ende23,05,0.02,False,mtme_prismRef-refA,0.21426326128167617,0.0005355159603877002,0.0012225165528776394
ende23,05,0.02,False,mtme_prismSrc-src,0.046259437086545174,-0.00020029867888515795,0.0002833210298435196
ende23,05,0.02,False,mtme_sescoreX-refA,0.3987920417599168,0.0010866831404059418,0.0016254226500744817
ende23,05,0.02,False,mtme_tokengram_F-refA,0.09348096443230752,0.0003676778989722962,0.0006467642036270815
ende23,12,0.01,True,mtme_BERTscore-refA,0.09812267879346785,0.005363449551770039,0.017808922755072953
ende23,12,0.01,True,mtme_BLEU-refA,0.0837541789140784,0.006952619789331482,0.017009528482065273
ende23,12,0.01,True,mtme_BLEURT-20-refA,0.29795376410499397,0.019814420668057053,0.04631903050071695
ende23,12,0.01,True,mtme_COMET-refA,0.30007496429552283,0.023510055642843586,0.0526562968106602
ende23,12,0.01,True,mtme_Calibri-COMET22-QE-src,0.21572846443525068,0.01584204080569096,0.03358955784815032
ende23,12,0.01,True,mtme_Calibri-COMET22-refA,0.23509422217612852,0.016075788195018204,0.02963515787081461
ende23,12,0.01,True,mtme_CometKiwi-XL-src,0.35186085522168714,0.02741100367178506,0.059710549183931705
ende23,12,0.01,True,mtme_CometKiwi-XXL-src,0.3582448229993348,0.029626673714538976,0.0522972398359528
ende23,12,0.01,True,mtme_CometKiwi-src,0.24932386557387248,0.015087657910181962,0.03996326333658351
ende23,12,0.01,True,mtme_GEMBA-MQM-src,0.3340367644712733,0.01701428483993872,0.04227798871410893
ende23,12,0.01,True,mtme_KG-BERTScore-src,0.24099715608060635,0.016112532503803956,0.04311828186232136
ende23,12,0.01,True,mtme_MEE4-refA,0.10387633537560505,0.0048265677147560915,0.01958652317794518
ende23,12,0.01,True,mtme_MS-COMET-QE-22-src,0.23811164001178792,-0.010963993050272736,0.032056186963059785
ende23,12,0.01,True,mtme_MaTESe-refA,0.21818317168330137,0.004975186368729401,0.02133373726880272
ende23,12,0.01,True,mtme_MetricX-23-QE-b-src,0.3732049892982836,0.0372527989855036,0.06588194159854277
ende23,12,0.01,True,mtme_MetricX-23-QE-c-src,0.3934225222677818,0.04733827213083941,0.06915785378674388
ende23,12,0.01,True,mtme_MetricX-23-QE-src,0.3933791261098288,0.04526297373054555,0.07803187041480819
ende23,12,0.01,True,mtme_MetricX-23-b-refA,0.3203160703883148,0.006980663969994305,0.0478211001757769
ende23,12,0.01,True,mtme_MetricX-23-c-refA,0.2478234082017764,0.011982343591213529,0.02607181223504529
ende23,12,0.01,True,mtme_MetricX-23-refA,0.3518858717920078,0.020304254981958647,0.05932553717984412
ende23,12,0.01,True,mtme_XCOMET-Ensemble-refA,0.4218280196500904,0.05431556847665464,0.07468751614293834
ende23,12,0.01,True,mtme_XCOMET-QE-Ensemble-src,0.3703055168194993,0.05184667900044304,0.07341881967202213
ende23,12,0.01,True,mtme_XCOMET-XL-refA,0.41326535075627535,0.04747646084714907,0.06662423485081082
ende23,12,0.01,True,mtme_XCOMET-XXL-refA,0.38049544093850984,0.03992560572994941,0.05821738204102034
ende23,12,0.01,True,mtme_XLsim-refA,0.15914485123193461,-0.0018477852054665789,0.014992241891777613
ende23,12,0.01,True,mtme_YiSi-1-refA,0.14730826852771903,0.009035269205925234,0.033844359903067
ende23,12,0.01,True,mtme_chrF-refA,0.09261120001289354,0.004540820252326383,0.019665981689823253
ende23,12,0.01,True,mtme_cometoid22-wmt21-src,0.2615347650798324,-0.004114815793685889,0.049075689124188804
ende23,12,0.01,True,mtme_cometoid22-wmt22-src,0.2727326812526586,0.005972793968012979,0.04792177778185036
ende23,12,0.01,True,mtme_cometoid22-wmt23-src,0.247415519127896,-0.00604175392146078,0.045168621266486464
ende23,12,0.01,True,mtme_docWMT22CometDA-refA,0.27205102968020156,0.02213337758498446,0.04727466145190318
ende23,12,0.01,True,mtme_docWMT22CometKiwiDA-src,0.23654480142269377,0.022675261501375887,0.040698864536684254
ende23,12,0.01,True,mtme_eBLEU-refA,0.04300815361820899,0.0009377952273982304,0.015113476362220823
ende23,12,0.01,True,mtme_embed_llama-refA,0.031425909386219086,0.002545444188652324,0.009336375145673759
ende23,12,0.01,True,mtme_f200spBLEU-refA,0.09481948135462728,0.007793945209217057,0.02264105620432788
ende23,12,0.01,True,mtme_instructscore-refA,0.26355962811509237,0.020998834147132883,0.04309035099147929
ende23,12,0.01,True,mtme_mbr-metricx-qe-src,0.26888889740777466,0.006512143256094394,0.021033407243073787
ende23,12,0.01,True,mtme_mre-score-labse-regular-refA,0.10777272982026918,-0.003512647628756138,0.0098755579048464
ende23,12,0.01,True,mtme_prismRef-refA,0.16844178893564946,0.004003227568772583,0.0036366696009001442
ende23,12,0.01,True,mtme_prismSrc-src,0.06375462794044384,0.0017317568309624942,0.007948365697677096
ende23,12,0.01,True,mtme_sescoreX-refA,0.26355962811509237,0.020998834147132883,0.04309035099147929
ende23,12,0.01,True,mtme_tokengram_F-refA,0.09439093405684017,0.003484041636090951,0.021033407243073787
ende23,12,0.02,True,mtme_BERTscore-refA,0.09812267879346785,0.003948139066979439,0.022855623235143563
ende23,12,0.02,True,mtme_BLEU-refA,0.0837541789140784,0.008040169415427179,0.024805194936038832
ende23,12,0.02,True,mtme_BLEURT-20-refA,0.29795376410499397,0.04940428437645772,0.08505854095924115
ende23,12,0.02,True,mtme_COMET-refA,0.30007496429552283,0.045662754876849454,0.09653047913179469
ende23,12,0.02,True,mtme_Calibri-COMET22-QE-src,0.21572846443525068,0.011759979622651962,0.04179091102529253
ende23,12,0.02,True,mtme_Calibri-COMET22-refA,0.23509422217612852,0.021433060140586435,0.06072362398052766
ende23,12,0.02,True,mtme_CometKiwi-XL-src,0.35186085522168714,0.034879457884662735,0.09040468690373216
ende23,12,0.02,True,mtme_CometKiwi-XXL-src,0.3582448229993348,0.05437305961926653,0.08744888505942228
ende23,12,0.02,True,mtme_CometKiwi-src,0.24932386557387248,0.015344788144893484,0.0493643002374633
ende23,12,0.02,True,mtme_GEMBA-MQM-src,0.3340367644712733,0.04936430023746341,0.06826830135232409
ende23,12,0.02,True,mtme_KG-BERTScore-src,0.24099715608060635,0.008526541944747001,0.04138784171691945
ende23,12,0.02,True,mtme_MEE4-refA,0.10387633537560505,0.00588946801469159,0.019830425768237347
ende23,12,0.02,True,mtme_MS-COMET-QE-22-src,0.23811164001178792,-0.011624481751839166,0.03594082509423069
ende23,12,0.02,True,mtme_MaTESe-refA,0.21818317168330137,0.0068480599516672624,0.023962736163544496
ende23,12,0.02,True,mtme_MetricX-23-QE-b-src,0.3732049892982836,0.05949728066214388,0.10166355404226612
ende23,12,0.02,True,mtme_MetricX-23-QE-c-src,0.3934225222677818,0.07272666070646916,0.10369411219188418
ende23,12,0.02,True,mtme_MetricX-23-QE-src,0.3933791261098288,0.06952130430806436,0.1020993811573061
ende23,12,0.02,True,mtme_MetricX-23-b-refA,0.3203160703883148,0.013430969588243413,0.07966466156881724
ende23,12,0.02,True,mtme_MetricX-23-c-refA,0.2478234082017764,0.006728784642848318,0.04446124519326311
ende23,12,0.02,True,mtme_MetricX-23-refA,0.3518858717920078,0.03193121563586243,0.07948107139215199
ende23,12,0.02,True,mtme_XCOMET-Ensemble-refA,0.4218280196500904,0.08700826863542577,0.11865591459495006
ende23,12,0.02,True,mtme_XCOMET-QE-Ensemble-src,0.3703055168194993,0.04604955879913075,0.09747290870534275
ende23,12,0.02,True,mtme_XCOMET-XL-refA,0.41326535075627535,0.07222385970279777,0.09562553255264905
ende23,12,0.02,True,mtme_XCOMET-XXL-refA,0.38049544093850984,0.07025836487026438,0.11328561044333318
ende23,12,0.02,True,mtme_XLsim-refA,0.15914485123193461,0.0030708318015765235,0.027610798894202926
ende23,12,0.02,True,mtme_YiSi-1-refA,0.14730826852771903,0.013632059219195747,0.05173175617101422
ende23,12,0.02,True,mtme_chrF-refA,0.09261120001289354,0.009026149100715086,0.027088869354942036
ende23,12,0.02,True,mtme_cometoid22-wmt21-src,0.2615347650798324,0.01866817159437073,0.059657238486280795
ende23,12,0.02,True,mtme_cometoid22-wmt22-src,0.2727326812526586,0.029991673711515343,0.06679738483906428
ende23,12,0.02,True,mtme_cometoid22-wmt23-src,0.247415519127896,0.019518147320040535,0.06825014188919754
ende23,12,0.02,True,mtme_docWMT22CometDA-refA,0.27205102968020156,0.0434530818955412,0.08696507094679862
ende23,12,0.02,True,mtme_docWMT22CometKiwiDA-src,0.23654480142269377,0.012654241700747804,0.039642003055801234
ende23,12,0.02,True,mtme_eBLEU-refA,0.04300815361820899,1.2581251235599389e-05,0.008961809026178047
ende23,12,0.02,True,mtme_embed_llama-refA,0.031425909386219086,0.008177813303116843,0.010383241193115178
ende23,12,0.02,True,mtme_f200spBLEU-refA,0.09481948135462728,0.005753996738551148,0.02760561853839749
ende23,12,0.02,True,mtme_instructscore-refA,0.26355962811509237,0.027636515660522165,0.07838400814134783
ende23,12,0.02,True,mtme_mbr-metricx-qe-src,0.26888889740777466,-0.004213773751971406,0.015986252191505623
ende23,12,0.02,True,mtme_mre-score-labse-regular-refA,0.10777272982026918,-0.009584217459092326,0.0003266286378464933
ende23,12,0.02,True,mtme_prismRef-refA,0.16844178893564946,0.006743380645353958,0.019138492305062038
ende23,12,0.02,True,mtme_prismSrc-src,0.06375462794044384,0.0005612332072909565,0.014645048235118252
ende23,12,0.02,True,mtme_sescoreX-refA,0.26355962811509237,0.027636515660522165,0.07838400814134783
ende23,12,0.02,True,mtme_tokengram_F-refA,0.09439093405684017,0.007719484231260232,0.02441549067901716
ende23,13,0.01,True,mtme_BERTscore-refA,0.06896196756712411,4.929713176271555e-05,0.0003434921312850392
ende23,13,0.01,True,mtme_BLEU-refA,0.07663048431461358,9.851836339958009e-05,0.000683316154379221
ende23,13,0.01,True,mtme_BLEURT-20-refA,0.2621089234011255,0.0015407115612445788,0.00323217402264131
ende23,13,0.01,True,mtme_COMET-refA,0.2783985454032892,0.0011149367966990509,0.0038485341980574184
ende23,13,0.01,True,mtme_Calibri-COMET22-QE-src,0.23056290934539447,-0.00044711886122006383,0.0017747706521993312
ende23,13,0.01,True,mtme_Calibri-COMET22-refA,0.17968269437359902,-0.0009513034925905384,0.000731566429435393
ende23,13,0.01,True,mtme_CometKiwi-XL-src,0.2463734889358649,0.00019673382637341863,0.0023751921688174304
ende23,13,0.01,True,mtme_CometKiwi-XXL-src,0.265733640133944,0.0005381226661371752,0.0022376643008283903
ende23,13,0.01,True,mtme_CometKiwi-src,0.22316630960013353,-0.0014634405629418978,0.0009717187096118796
ende23,13,0.01,True,mtme_GEMBA-MQM-src,0.19895938754852696,-4.937320758324759e-05,0.0012100544067310537
ende23,13,0.01,True,mtme_KG-BERTScore-src,0.216396870218721,-0.0009005302474611732,0.0013521924202131164
ende23,13,0.01,True,mtme_MEE4-refA,0.0652645144999439,0.0,0.00019673382637341863
ende23,13,0.01,True,mtme_MS-COMET-QE-22-src,0.1534121269548835,-0.0020887697118991966,0.0017280993045806214
ende23,13,0.01,True,mtme_MaTESe-refA,0.1572503837639268,-0.0004971847476917812,0.000779743208261352
ende23,13,0.01,True,mtme_MetricX-23-QE-b-src,0.3079067061758363,0.0010672698215425935,0.0033653124514330113
ende23,13,0.01,True,mtme_MetricX-23-QE-c-src,0.27140335226319906,0.0005865944418146363,0.002693720524809873
ende23,13,0.01,True,mtme_MetricX-23-QE-src,0.31064695978401424,0.0011149367966990509,0.0029641350387943355
ende23,13,0.01,True,mtme_MetricX-23-b-refA,0.28254667295963953,0.0015407115612445788,0.003585917853822007
ende23,13,0.01,True,mtme_MetricX-23-c-refA,0.16204572122700728,-0.00034721995286468577,0.001399428833944505
ende23,13,0.01,True,mtme_MetricX-23-refA,0.30124976922651797,0.0016813578798634543,0.0035419253125446026
ende23,13,0.01,True,mtme_XCOMET-Ensemble-refA,0.3770391523932166,0.00323217402264131,0.004495191647840957
ende23,13,0.01,True,mtme_XCOMET-QE-Ensemble-src,0.32871823596527106,0.001867903745576216,0.003497868642197921
ende23,13,0.01,True,mtme_XCOMET-XL-refA,0.35245343834215515,0.0027389559170633015,0.0042382046699573905
ende23,13,0.01,True,mtme_XCOMET-XXL-refA,0.359470292951394,0.002557612553300559,0.004065643016937792
ende23,13,0.01,True,mtme_XLsim-refA,0.0893432551595362,-0.0001483485557061126,0.0005381226661371752
ende23,13,0.01,True,mtme_YiSi-1-refA,0.12364712973349525,4.929713176271555e-05,0.0014936882438751908
ende23,13,0.01,True,mtme_chrF-refA,0.06653827462889106,4.929713176271555e-05,0.0005865944418146363
ende23,13,0.01,True,mtme_cometoid22-wmt21-src,0.27031267792002905,0.000392261621627199,0.0036298464059487667
ende23,13,0.01,True,mtme_cometoid22-wmt22-src,0.2900134172768223,0.0,0.003978987870139394
ende23,13,0.01,True,mtme_cometoid22-wmt23-src,0.23346938784624144,-9.882266722449629e-05,0.00393556624267366
ende23,13,0.01,True,mtme_docWMT22CometDA-refA,0.3076626936487393,0.00125750536865199,0.004152048257040186
ende23,13,0.01,True,mtme_docWMT22CometKiwiDA-src,0.25888567693276243,-0.0010021562572894993,0.000923834242804733
ende23,13,0.01,True,mtme_eBLEU-refA,0.031503447315732555,-0.0003971306564960475,0.00044095642668573465
ende23,13,0.01,True,mtme_embed_llama-refA,0.08079731091894446,0.000392261621627199,0.0008758769479110251
ende23,13,0.01,True,mtme_f200spBLEU-refA,0.0707745168696208,0.00019673382637341863,0.00044095642668573465
ende23,13,0.01,True,mtme_instructscore-refA,0.24506642576293533,0.0008758769479110251,0.0027841245904488554
ende23,13,0.01,True,mtme_mbr-metricx-qe-src,0.33051595853332383,0.0008278466586568722,0.0033653124514330113
ende23,13,0.01,True,mtme_mre-score-labse-regular-refA,0.1565743751818038,-0.0008498363355273764,0.000147663870064485
ende23,13,0.01,True,mtme_prismRef-refA,0.14264157110601755,0.000147663870064485,0.000779743208261352
ende23,13,0.01,True,mtme_prismSrc-src,0.01685542486009675,-0.000698228743874596,9.851836339958009e-05
ende23,13,0.01,True,mtme_sescoreX-refA,0.24506642576293533,0.0008758769479110251,0.0027841245904488554
ende23,13,0.01,True,mtme_tokengram_F-refA,0.0694414099261253,9.851836339958009e-05,0.0006349922147812492
ende23,13,0.02,True,mtme_BERTscore-refA,0.06896196756712411,-0.00039014429068728873,0.00023154733021524265
ende23,13,0.02,True,mtme_BLEU-refA,0.07663048431461358,-0.0005477035932357488,-7.760334289197424e-05
ende23,13,0.02,True,mtme_BLEURT-20-refA,0.2621089234011255,0.00095251091049664,0.0025890471999933107
ende23,13,0.02,True,mtme_COMET-refA,0.2783985454032892,0.0006133015704919975,0.0027649960497708737
ende23,13,0.02,True,mtme_Calibri-COMET22-QE-src,0.23056290934539447,-0.00027254060470527364,0.001982173953086752
ende23,13,0.02,True,mtme_Calibri-COMET22-refA,0.17968269437359902,-0.00019440591533914642,0.0011763890748998085
ende23,13,0.02,True,mtme_CometKiwi-XL-src,0.2463734889358649,-0.00039014429068728873,0.0020182474120875593
ende23,13,0.02,True,mtme_CometKiwi-XXL-src,0.265733640133944,0.00015457447932465396,0.0020902524017257784
ende23,13,0.02,True,mtme_CometKiwi-src,0.22316630960013353,-0.00019440591533914642,0.001982173953086752
ende23,13,0.02,True,mtme_GEMBA-MQM-src,0.19895938754852696,-0.00039014429068728873,0.0008774847159915833
ende23,13,0.02,True,mtme_KG-BERTScore-src,0.216396870218721,0.0001160096168708602,0.002162068773185588
ende23,13,0.02,True,mtme_MEE4-refA,0.0652645144999439,-0.00015541857204448561,0.00038486850582331034
ende23,13,0.02,True,mtme_MS-COMET-QE-22-src,0.1534121269548835,-0.001634316619371523,0.0018736685981332046
ende23,13,0.02,True,mtme_MaTESe-refA,0.1572503837639268,-0.0005872288721935348,0.0004993162457129774
ende23,13,0.02,True,mtme_MetricX-23-QE-b-src,0.3079067061758363,0.0012876578631960678,0.0028350569242359125
ende23,13,0.02,True,mtme_MetricX-23-QE-c-src,0.27140335226319906,0.000461218517309403,0.002518347128670939
ende23,13,0.02,True,mtme_MetricX-23-QE-src,0.31064695978401424,0.00106467431951629,0.0026595637539341688
ende23,13,0.02,True,mtme_MetricX-23-b-refA,0.28254667295963953,0.0012876578631960678,0.0027298975041056828
ende23,13,0.02,True,mtme_MetricX-23-c-refA,0.16204572122700728,-0.0008654354832400291,0.0009150229392302922
ende23,13,0.02,True,mtme_MetricX-23-refA,0.30124976922651797,0.00106467431951629,0.0027298975041056828
ende23,13,0.02,True,mtme_XCOMET-Ensemble-refA,0.3770391523932166,0.0017283263316958397,0.0031481006257044752
ende23,13,0.02,True,mtme_XCOMET-QE-Ensemble-src,0.32871823596527106,0.0011019622886030422,0.002269441289338814
ende23,13,0.02,True,mtme_XCOMET-XL-refA,0.35245343834215515,0.0015822145496187101,0.0029049367628496414
ende23,13,0.02,True,mtme_XCOMET-XXL-refA,0.359470292951394,0.0016553670115641017,0.0025890471999933107
ende23,13,0.02,True,mtme_XLsim-refA,0.0893432551595362,-0.00011648441748568494,0.0007268272770258877
ende23,13,0.02,True,mtme_YiSi-1-refA,0.12364712973349525,0.0,0.0006890362718245946
ende23,13,0.02,True,mtme_chrF-refA,0.06653827462889106,-0.00015541857204448561,0.0003083117238256161
ende23,13,0.02,True,mtme_cometoid22-wmt21-src,0.27031267792002905,0.00038486850582331034,0.003217174423245206
ende23,13,0.02,True,mtme_cometoid22-wmt22-src,0.2900134172768223,0.0004993162457129774,0.003354791021805248
ende23,13,0.02,True,mtme_cometoid22-wmt23-src,0.23346938784624144,-0.0004294530673005781,0.003182659720425196
ende23,13,0.02,True,mtme_docWMT22CometDA-refA,0.3076626936487393,0.0012506176540428848,0.0032860709948783207
ende23,13,0.02,True,mtme_docWMT22CometKiwiDA-src,0.25888567693276243,0.0001160096168708602,0.0016188149712204059
ende23,13,0.02,True,mtme_eBLEU-refA,0.031503447315732555,-0.0003508893617132358,0.0003083117238256161
ende23,13,0.02,True,mtme_embed_llama-refA,0.08079731091894446,-0.00039014429068728873,0.00023154733021524265
ende23,13,0.02,True,mtme_f200spBLEU-refA,0.0707745168696208,-0.00011648441748568494,0.0004993162457129774
ende23,13,0.02,True,mtme_instructscore-refA,0.24506642576293533,7.739232088554981e-05,0.0018736685981332046
ende23,13,0.02,True,mtme_mbr-metricx-qe-src,0.33051595853332383,0.0002699555312187796,0.002974636266396158
ende23,13,0.02,True,mtme_mre-score-labse-regular-refA,0.1565743751818038,-0.0003508893617132358,0.0004993162457129774
ende23,13,0.02,True,mtme_prismRef-refA,0.14264157110601755,-7.760334289197424e-05,0.0005753576685776363
ende23,13,0.02,True,mtme_prismSrc-src,0.01685542486009675,-0.0006664427577081078,0.0003466160136005314
ende23,13,0.02,True,mtme_sescoreX-refA,0.24506642576293533,7.739232088554981e-05,0.0018736685981332046
ende23,13,0.02,True,mtme_tokengram_F-refA,0.0694414099261253,-0.0003116881698086438,0.0002699555312187796
ende23,14,0.01,True,mtme_BERTscore-refA,0.08606818924748039,0.0005198588199731846,0.0008462474541042209
ende23,14,0.01,True,mtme_BLEU-refA,0.09781771590656947,4.7616033589492623e-05,0.0010773083477997325
ende23,14,0.01,True,mtme_BLEURT-20-refA,0.30861502294658005,0.00148893022852703,0.004307159682074846
ende23,14,0.01,True,mtme_COMET-refA,0.3038920831735995,0.002384395342381773,0.004307159682074846
ende23,14,0.01,True,mtme_Calibri-COMET22-QE-src,0.2510923851144402,0.0013979308976354021,0.003211338465777591
ende23,14,0.01,True,mtme_Calibri-COMET22-refA,0.22268465306595875,-0.0004801403994918463,0.0013523304949227821
ende23,14,0.01,True,mtme_CometKiwi-XL-src,0.30599583095316973,0.0007067838542853533,0.0030391198351750193
ende23,14,0.01,True,mtme_CometKiwi-XXL-src,0.2827158610766348,0.0012151245494831375,0.0030391198351750193
ende23,14,0.01,True,mtme_CometKiwi-src,0.2815062121531753,0.0008925970668320904,0.0034678251576123476
ende23,14,0.01,True,mtme_GEMBA-MQM-src,0.2661611467494009,0.0002846237683473696,0.0015796619143280122
ende23,14,0.01,True,mtme_KG-BERTScore-src,0.2850370122244468,0.0011692538225964721,0.0038484681198924786
ende23,14,0.01,True,mtme_MEE4-refA,0.08412086739568762,0.00047295266896041355,0.0011233151390774854
ende23,14,0.01,True,mtme_MS-COMET-QE-22-src,0.20356667725080713,9.516035628487352e-05,0.0045953801144085205
ende23,14,0.01,True,mtme_MaTESe-refA,0.3394783313876085,0.00207395437329716,0.0025164780677200405
ende23,14,0.01,True,mtme_MetricX-23-QE-b-src,0.38023345152065946,0.00277892939506863,0.005082962054425599
ende23,14,0.01,True,mtme_MetricX-23-QE-c-src,0.3454380592786733,0.0018951320698593621,0.003764300732015502
ende23,14,0.01,True,mtme_MetricX-23-QE-src,0.3609495526303559,0.0032542391368128865,0.005002262728705076
ende23,14,0.01,True,mtme_MetricX-23-b-refA,0.35926971851220546,0.0028224506826607376,0.0045953801144085205
ende23,14,0.01,True,mtme_MetricX-23-c-refA,0.249549876348732,0.0009388778094073791,0.0021629747989341253
ende23,14,0.01,True,mtme_MetricX-23-refA,0.38764914003455186,0.002735345306195569,0.004677211254713987
ende23,14,0.01,True,mtme_XCOMET-Ensemble-refA,0.43366288059324154,0.00443102921270111,0.005916983793928243
ende23,14,0.01,True,mtme_XCOMET-QE-Ensemble-src,0.37065599609894784,0.003382573692351065,0.004758814135213951
ende23,14,0.01,True,mtme_XCOMET-XL-refA,0.41861421844843916,0.0036376009967465928,0.005363655361279029
ende23,14,0.01,True,mtme_XCOMET-XXL-refA,0.39849752666396754,0.0040160896126982815,0.004921338926418217
ende23,14,0.01,True,mtme_XLsim-refA,0.11491720046261703,-0.0004801403994918463,0.000753341002362018
ende23,14,0.01,True,mtme_YiSi-1-refA,0.14580204963308496,0.0004259762465603778,0.001850262857192253
ende23,14,0.01,True,mtme_chrF-refA,0.09339420039127663,0.0006601572179281145,0.0011233151390774854
ende23,14,0.01,True,mtme_cometoid22-wmt21-src,0.3015163645503659,0.0012609274704169504,0.0037221274347543076
ende23,14,0.01,True,mtme_cometoid22-wmt22-src,0.30659701086658,0.0020293466928591464,0.003974273084810909
ende23,14,0.01,True,mtme_cometoid22-wmt23-src,0.2920808151578812,0.0012609274704169504,0.0045543786473275505
ende23,14,0.01,True,mtme_docWMT22CometDA-refA,0.28137271437028166,0.0009388778094073791,0.004348507516970246
ende23,14,0.01,True,mtme_docWMT22CometKiwiDA-src,0.26174936350115013,0.00014263312996187771,0.0032542391368128865
ende23,14,0.01,True,mtme_eBLEU-refA,0.04839258768127144,-4.768790684761548e-05,0.000753341002362018
ende23,14,0.01,True,mtme_embed_llama-refA,0.05685952825446841,4.7616033589492623e-05,0.00014263312996187771
ende23,14,0.01,True,mtme_f200spBLEU-refA,0.09545324213352538,0.00056669485715799,0.0013066627356330685
ende23,14,0.01,True,mtme_instructscore-refA,0.24306731966642353,0.0016701271340910928,0.0031253526046918223
ende23,14,0.01,True,mtme_mbr-metricx-qe-src,0.3618951676549146,0.001850262857192253,0.0036376009967465928
ende23,14,0.01,True,mtme_mre-score-labse-regular-refA,0.20738762835075364,-0.00043179824537453726,0.00148893022852703
ende23,14,0.01,True,mtme_prismRef-refA,0.14125864920596143,-0.0001432799922294059,0.0008462474541042209
ende23,14,0.01,True,mtme_prismSrc-src,0.056505573268825646,-0.001313344778655967,-0.00019118449795207937
ende23,14,0.01,True,mtme_sescoreX-refA,0.24306731966642353,0.0016701271340910928,0.0031253526046918223
ende23,14,0.01,True,mtme_tokengram_F-refA,0.09235758415073071,0.0007067838542853533,0.0011692538225964721
ende23,14,0.02,True,mtme_BERTscore-refA,0.08606818924748039,0.000336036023904307,0.0008144006961098293
ende23,14,0.02,True,mtme_BLEU-refA,0.09781771590656947,7.502292161498669e-05,0.0007047360676991632
ende23,14,0.02,True,mtme_BLEURT-20-refA,0.30861502294658005,0.0016055780411965426,0.0030885934000380866
ende23,14,0.02,True,mtme_COMET-refA,0.3038920831735995,0.0019577939113236686,0.0035212446949316467
ende23,14,0.02,True,mtme_Calibri-COMET22-QE-src,0.2510923851144402,0.0007413390740219628,0.0021322063271150826
ende23,14,0.02,True,mtme_Calibri-COMET22-refA,0.22268465306595875,0.000410166708206372,0.0016055780411965426
ende23,14,0.02,True,mtme_CometKiwi-XL-src,0.30599583095316973,0.0008144006961098293,0.002477694186457269
ende23,14,0.02,True,mtme_CometKiwi-XXL-src,0.2827158610766348,0.0010686101946904003,0.0022016582455059996
ende23,14,0.02,True,mtme_CometKiwi-src,0.2815062121531753,0.0007413390740219628,0.0024433438300530685
ende23,14,0.02,True,mtme_GEMBA-MQM-src,0.2661611467494009,0.00018718318707433568,0.0014634100759443047
ende23,14,0.02,True,mtme_KG-BERTScore-src,0.2850370122244468,0.0007778939184941436,0.0023745114225872666
ende23,14,0.02,True,mtme_MEE4-refA,0.08412086739568762,-0.00011291050001038805,0.0007778939184941436
ende23,14,0.02,True,mtme_MS-COMET-QE-22-src,0.20356667725080713,-0.00026416415462704457,0.0029877416452587235
ende23,14,0.02,True,mtme_MaTESe-refA,0.3394783313876085,0.001499021304902759,0.002648790844071658
ende23,14,0.02,True,mtme_MetricX-23-QE-b-src,0.38023345152065946,0.0022363174667913155,0.0039144175662688685
ende23,14,0.02,True,mtme_MetricX-23-QE-c-src,0.3454380592786733,0.001499021304902759,0.002648790844071658
ende23,14,0.02,True,mtme_MetricX-23-QE-src,0.3609495526303559,0.0023745114225872666,0.0037840123762110656
ende23,14,0.02,True,mtme_MetricX-23-b-refA,0.35926971851220546,0.0016055780411965426,0.003652956380463701
ende23,14,0.02,True,mtme_MetricX-23-c-refA,0.249549876348732,0.00011245945939808433,0.0011047358274420827
ende23,14,0.02,True,mtme_MetricX-23-refA,0.38764914003455186,0.0022016582455059996,0.003685781658700371
ende23,14,0.02,True,mtme_XCOMET-Ensemble-refA,0.43366288059324154,0.002954039394293617,0.003979377622196578
ende23,14,0.02,True,mtme_XCOMET-QE-Ensemble-src,0.37065599609894784,0.00254626362401833,0.0032558344725455157
ende23,14,0.02,True,mtme_XCOMET-XL-refA,0.41861421844843916,0.002818803238963663,0.0038818770165137684
ende23,14,0.02,True,mtme_XCOMET-XXL-refA,0.39849752666396754,0.002682879733415855,0.0034220276686590667
ende23,14,0.02,True,mtme_XLsim-refA,0.11491720046261703,0.0,0.0012128297572941982
ende23,14,0.02,True,mtme_YiSi-1-refA,0.14580204963308496,0.00044715845934062415,0.000996216888691337
ende23,14,0.02,True,mtme_chrF-refA,0.09339420039127663,0.00022447057543639737,0.001032437246113238
ende23,14,0.02,True,mtme_cometoid22-wmt21-src,0.3015163645503659,0.0012128297572941982,0.003155616207685119
ende23,14,0.02,True,mtme_cometoid22-wmt22-src,0.30659701086658,0.0014277525384958079,0.0031221259200581164
ende23,14,0.02,True,mtme_cometoid22-wmt23-src,0.2920808151578812,0.0011408142371442942,0.0033556755042886133
ende23,14,0.02,True,mtme_docWMT22CometDA-refA,0.28137271437028166,0.0011408142371442942,0.0032224704044956365
ende23,14,0.02,True,mtme_docWMT22CometKiwiDA-src,0.26174936350115013,7.502292161498669e-05,0.0019927661820833276
ende23,14,0.02,True,mtme_eBLEU-refA,0.04839258768127144,7.502292161498669e-05,0.0005946371239283765
ende23,14,0.02,True,mtme_embed_llama-refA,0.05685952825446841,-3.7586583893078895e-05,0.0002988968954052984
ende23,14,0.02,True,mtme_f200spBLEU-refA,0.09545324213352538,0.00026170844535455817,0.0008144006961098293
ende23,14,0.02,True,mtme_instructscore-refA,0.24306731966642353,0.0012128297572941982,0.0021322063271150826
ende23,14,0.02,True,mtme_mbr-metricx-qe-src,0.3618951676549146,0.0009599490291613,0.002682879733415855
ende23,14,0.02,True,mtme_mre-score-labse-regular-refA,0.20738762835075364,-0.0006458704085174904,0.00171172123258867
ende23,14,0.02,True,mtme_prismRef-refA,0.14125864920596143,-3.7586583893078895e-05,0.0008144006961098293
ende23,14,0.02,True,mtme_prismSrc-src,0.056505573268825646,-0.00045437554274596614,0.00011245945939808433
ende23,14,0.02,True,mtme_sescoreX-refA,0.24306731966642353,0.0012128297572941982,0.0021322063271150826
ende23,14,0.02,True,mtme_tokengram_F-refA,0.09235758415073071,0.00026170844535455817,0.0010686101946904003
ende23,15,0.01,False,mtme_BERTscore-refA,0.09170076866005718,0.0002617137438970518,0.00034833586148486084
ende23,15,0.01,False,mtme_BLEU-refA,0.06653885267126522,0.00017478481833654858,0.0005206661470026352
ende23,15,0.01,False,mtme_BLEURT-20-refA,0.31375027664032984,0.0013091053617896309,0.001829773373934529
ende23,15,0.01,False,mtme_COMET-refA,0.31129624786250276,0.001502252590455333,0.002365789245373673
ende23,15,0.01,False,mtme_Calibri-COMET22-QE-src,0.2544715639058849,0.0005778405196372738,0.0011980337432573318
ende23,15,0.01,False,mtme_Calibri-COMET22-refA,0.23943092083735448,0.0008334768962922068,0.0015845553332074491
ende23,15,0.01,False,mtme_CometKiwi-XL-src,0.2889778169949456,0.0005778405196372738,0.0015845553332074491
ende23,15,0.01,False,mtme_CometKiwi-XXL-src,0.31897340477140845,0.000748563062895391,0.002018764651787741
ende23,15,0.01,False,mtme_CometKiwi-src,0.2988170442530964,0.0006348811510494823,0.0018568644839703774
ende23,15,0.01,False,mtme_GEMBA-MQM-src,0.33631094260975847,0.0008617156061180298,0.0015845553332074491
ende23,15,0.01,False,mtme_KG-BERTScore-src,0.2914581343433226,0.0010024174771886551,0.0017754983231027532
ende23,15,0.01,False,mtme_MEE4-refA,0.0552510750233717,0.00034833586148486084,0.0006348811510494823
ende23,15,0.01,False,mtme_MS-COMET-QE-22-src,0.29735492127062013,-8.785919354958871e-05,0.0015571525649665796
ende23,15,0.01,False,mtme_MaTESe-refA,0.34061762070022034,0.0013091053617896309,0.0020724863495462653
ende23,15,0.01,False,mtme_MetricX-23-QE-b-src,0.4938309056245346,0.002993258909903429,0.003553893913903816
ende23,15,0.01,False,mtme_MetricX-23-QE-c-src,0.4352210205870629,0.0013920733669975371,0.0025768248035170638
ende23,15,0.01,False,mtme_MetricX-23-QE-src,0.49201244038363545,0.0031731260109399972,0.003704448499536106
ende23,15,0.01,False,mtme_MetricX-23-b-refA,0.4444084358438034,0.0020993014907983998,0.0031475162192783346
ende23,15,0.01,False,mtme_MetricX-23-c-refA,0.23312475597121862,-0.0004127037785415233,0.0010024174771886551
ende23,15,0.01,False,mtme_MetricX-23-refA,0.4692897302843532,0.002445150379042027,0.003376986736618015
ende23,15,0.01,False,mtme_XCOMET-Ensemble-refA,0.54666272178105,0.0029157433221658202,0.003604189011611858
ende23,15,0.01,False,mtme_XCOMET-QE-Ensemble-src,0.522268390527441,0.002471544543362847,0.0034529711889164094
ende23,15,0.01,False,mtme_XCOMET-XL-refA,0.5181419623973793,0.002471544543362847,0.003679424852673363
ende23,15,0.01,False,mtme_XCOMET-XXL-refA,0.5259743157780556,0.002471544543362847,0.003249785315366349
ende23,15,0.01,False,mtme_XLsim-refA,0.19202876223031726,0.0004920286606507895,0.001170185538148183
ende23,15,0.01,False,mtme_YiSi-1-refA,0.12007688927863243,0.00020379531719127986,0.0006917885099584353
ende23,15,0.01,False,mtme_chrF-refA,0.0811292371326947,-8.785919354958871e-05,0.0004920286606507895
ende23,15,0.01,False,mtme_cometoid22-wmt21-src,0.3664286043473921,0.001502252590455333,0.0029157433221658202
ende23,15,0.01,False,mtme_cometoid22-wmt22-src,0.35949201806830866,0.001419665718556673,0.002785972955886118
ende23,15,0.01,False,mtme_cometoid22-wmt23-src,0.334265825289916,0.0009180945186424427,0.002445150379042027
ende23,15,0.01,False,mtme_docWMT22CometDA-refA,0.2931269606215008,0.0008617156061180298,0.0019918579913411616
ende23,15,0.01,False,mtme_docWMT22CometKiwiDA-src,0.27314476514722763,0.000748563062895391,0.0018839247209464505
ende23,15,0.01,False,mtme_eBLEU-refA,0.010522053268263462,-0.00029408569950550856,0.00031949581174062214
ende23,15,0.01,False,mtme_embed_llama-refA,-0.03793227175613066,-2.9251677757580197e-05,0.00020379531719127986
ende23,15,0.01,False,mtme_f200spBLEU-refA,0.07476454530147822,0.00029062179256200693,0.0006348811510494823
ende23,15,0.01,False,mtme_instructscore-refA,0.3240479303333368,0.0012536336816335591,0.0017754983231027532
ende23,15,0.01,False,mtme_mbr-metricx-qe-src,0.3362279203959745,0.0012536336816335591,0.002603071018766112
ende23,15,0.01,False,mtme_mre-score-labse-regular-refA,0.15142827511691492,0.00017478481833654858,0.000720192358100169
ende23,15,0.01,False,mtme_prismRef-refA,0.1382676180479962,0.0005206661470026352,0.0007769006823206137
ende23,15,0.01,False,mtme_prismSrc-src,0.03295896736628874,-5.853805501443432e-05,0.00034833586148486084
ende23,15,0.01,False,mtme_sescoreX-refA,0.3240479303333368,0.0012536336816335591,0.0017754983231027532
ende23,15,0.01,False,mtme_tokengram_F-refA,0.07573174833824724,-0.00011721515528995141,0.0004059142921729597
ende23,15,0.02,False,mtme_BERTscore-refA,0.09170076866005718,0.00023295641093701303,0.00036137338165154187
ende23,15,0.02,False,mtme_BLEU-refA,0.06653885267126522,0.00012970830894010188,0.0004125412940978457
ende23,15,0.02,False,mtme_BLEURT-20-refA,0.31375027664032984,0.0008680085716997743,0.0012653953917767247
ende23,15,0.02,False,mtme_COMET-refA,0.31129624786250276,0.0009180623546990452,0.0014370894944747414
ende23,15,0.02,False,mtme_Calibri-COMET22-QE-src,0.2544715639058849,0.00010382442368173095,0.000742393092124316
ende23,15,0.02,False,mtme_Calibri-COMET22-refA,0.23943092083735448,0.0004635961282845047,0.0008680085716997743
ende23,15,0.02,False,mtme_CometKiwi-XL-src,0.2889778169949456,-2.602856852762514e-05,0.0010178420574901148
ende23,15,0.02,False,mtme_CometKiwi-XXL-src,0.31897340477140845,5.197008498669664e-05,0.0010675686923600214
ende23,15,0.02,False,mtme_CometKiwi-src,0.2988170442530964,0.0002586968159438152,0.0011666973050710183
ende23,15,0.02,False,mtme_GEMBA-MQM-src,0.33631094260975847,0.00036137338165154187,0.0010178420574901148
ende23,15,0.02,False,mtme_KG-BERTScore-src,0.2914581343433226,0.0002844086680886537,0.0010427189392009373
ende23,15,0.02,False,mtme_MEE4-refA,0.0552510750233717,0.0,0.0002844086680886537
ende23,15,0.02,False,mtme_MS-COMET-QE-22-src,0.29735492127062013,-0.0004464742681475897,0.0011666973050710183
ende23,15,0.02,False,mtme_MaTESe-refA,0.34061762070022034,0.0007171871728161028,0.0013145838634048834
ende23,15,0.02,False,mtme_MetricX-23-QE-b-src,0.4938309056245346,0.0019921865911560754,0.002299945071444931
ende23,15,0.02,False,mtme_MetricX-23-QE-c-src,0.4352210205870629,0.000992938002779331,0.001824693369980146
ende23,15,0.02,False,mtme_MetricX-23-QE-src,0.49201244038363545,0.0019444593402021537,0.002463909420351462
ende23,15,0.02,False,mtme_MetricX-23-b-refA,0.4444084358438034,0.0011171869903346954,0.0018966298895672917
ende23,15,0.02,False,mtme_MetricX-23-c-refA,0.23312475597121862,-0.00023530818625761007,0.0007171871728161028
ende23,15,0.02,False,mtme_MetricX-23-refA,0.4692897302843532,0.0016074884907949505,0.00225287420457132
ende23,15,0.02,False,mtme_XCOMET-Ensemble-refA,0.54666272178105,0.0014859064331442795,0.00225287420457132
ende23,15,0.02,False,mtme_XCOMET-QE-Ensemble-src,0.522268390527441,0.0014370894944747414,0.0021584318585818885
ende23,15,0.02,False,mtme_XCOMET-XL-refA,0.5181419623973793,0.0016801237964574334,0.002346916159056578
ende23,15,0.02,False,mtme_XCOMET-XXL-refA,0.5259743157780556,0.001510275363921898,0.0023703643847313716
ende23,15,0.02,False,mtme_XLsim-refA,0.19202876223031726,0.00010382442368173095,0.000742393092124316
ende23,15,0.02,False,mtme_YiSi-1-refA,0.12007688927863243,0.00015556340233502386,0.0005907409495098381
ende23,15,0.02,False,mtme_chrF-refA,0.0811292371326947,5.197008498669664e-05,0.00036137338165154187
ende23,15,0.02,False,mtme_cometoid22-wmt21-src,0.3664286043473921,0.0008930491615528613,0.0018966298895672917
ende23,15,0.02,False,mtme_cometoid22-wmt22-src,0.35949201806830866,0.0009680067305223305,0.0019205574103504652
ende23,15,0.02,False,mtme_cometoid22-wmt23-src,0.334265825289916,0.0005399671764446667,0.0016559380900867948
ende23,15,0.02,False,mtme_docWMT22CometDA-refA,0.2931269606215008,0.00043808282253299247,0.0012653953917767247
ende23,15,0.02,False,mtme_docWMT22CometKiwiDA-src,0.27314476514722763,0.0001813897518796459,0.0011171869903346954
ende23,15,0.02,False,mtme_eBLEU-refA,0.010522053268263462,-0.00010428896249004005,0.00015556340233502386
ende23,15,0.02,False,mtme_embed_llama-refA,-0.03793227175613066,0.0,5.197008498669664e-05
ende23,15,0.02,False,mtme_f200spBLEU-refA,0.07476454530147822,0.00012970830894010188,0.00038697149612387793
ende23,15,0.02,False,mtme_instructscore-refA,0.3240479303333368,0.0008429405401044754,0.0010427189392009373
ende23,15,0.02,False,mtme_mbr-metricx-qe-src,0.3362279203959745,0.0005399671764446667,0.0013391381085917642
ende23,15,0.02,False,mtme_mre-score-labse-regular-refA,0.15142827511691492,7.791169843973655e-05,0.0005399671764446667
ende23,15,0.02,False,mtme_prismRef-refA,0.1382676180479962,0.00015556340233502386,0.0004635961282845047
ende23,15,0.02,False,mtme_prismSrc-src,0.03295896736628874,0.0,0.0002844086680886537
ende23,15,0.02,False,mtme_sescoreX-refA,0.3240479303333368,0.0008429405401044754,0.0010427189392009373
ende23,15,0.02,False,mtme_tokengram_F-refA,0.07573174833824724,2.5999534987830586e-05,0.000310092014854102
ende23,23,0.01,True,mtme_BERTscore-refA,0.06559643601274512,-0.01714068452362838,0.002219780784376235
ende23,23,0.01,True,mtme_BLEU-refA,0.045455567048047305,0.0018167848681650556,0.017052459101571715
ende23,23,0.01,True,mtme_BLEURT-20-refA,0.20285401000452374,0.0148065987686965,0.08817462560160905
ende23,23,0.01,True,mtme_COMET-refA,0.20334710345230045,0.001961652681182091,0.10912244351010225
ende23,23,0.01,True,mtme_Calibri-COMET22-QE-src,0.15142906299703954,-0.023720826571554277,0.028327594650290888
ende23,23,0.01,True,mtme_Calibri-COMET22-refA,0.09418738010997231,-0.015672934320320575,0.006345072313763689
ende23,23,0.01,True,mtme_CometKiwi-XL-src,0.18895361433139068,-0.008855144024093375,0.06812524290554911
ende23,23,0.01,True,mtme_CometKiwi-XXL-src,0.2370070192683773,-0.026598217776435895,0.1175661674688121
ende23,23,0.01,True,mtme_CometKiwi-src,0.2200539554691346,-0.01797016021323694,0.04860908847268197
ende23,23,0.01,True,mtme_GEMBA-MQM-src,0.17108344489280225,-0.03772427676081214,0.020784302211085515
ende23,23,0.01,True,mtme_KG-BERTScore-src,0.21356697485351173,-0.027808521897679128,0.03875807718752067
ende23,23,0.01,True,mtme_MEE4-refA,0.07848309024759814,-0.006322821914065635,0.014677827379348196
ende23,23,0.01,True,mtme_MS-COMET-QE-22-src,0.1626267390024808,-0.03648138962022274,0.0863056249905666
ende23,23,0.01,True,mtme_MaTESe-refA,0.12837145142307743,0.0001527626916175695,0.037426859446282434
ende23,23,0.01,True,mtme_MetricX-23-QE-b-src,0.26007150703541876,0.0129416338195113,0.04199676582921752
ende23,23,0.01,True,mtme_MetricX-23-QE-c-src,0.24766302122685352,0.02119241851036513,0.07995321528910482
ende23,23,0.01,True,mtme_MetricX-23-QE-src,0.2475852139434943,-0.005234110195529107,0.047736214055009385
ende23,23,0.01,True,mtme_MetricX-23-b-refA,0.20851549005600972,-0.018432516106889008,0.038758077187520557
ende23,23,0.01,True,mtme_MetricX-23-c-refA,0.1315357796308019,-0.017745836599065923,0.003989802063421144
ende23,23,0.01,True,mtme_MetricX-23-refA,0.2145531138436379,-0.01452063173504281,0.034817672673456035
ende23,23,0.01,True,mtme_XCOMET-Ensemble-refA,0.26874126594989534,0.043463037801328985,0.09698196478340004
ende23,23,0.01,True,mtme_XCOMET-QE-Ensemble-src,0.2533223403075895,0.041613442777422405,0.07816212232816633
ende23,23,0.01,True,mtme_XCOMET-XL-refA,0.229305606063876,0.029159655935312,0.07958980512311731
ende23,23,0.01,True,mtme_XCOMET-XXL-refA,0.25614797278739887,0.030155785642731803,0.07542573030451039
ende23,23,0.01,True,mtme_XLsim-refA,0.16330386052596124,-0.00803422641699636,0.017264961656259126
ende23,23,0.01,True,mtme_YiSi-1-refA,0.11890241229334136,0.011304439179693704,0.027130654031264467
ende23,23,0.01,True,mtme_chrF-refA,0.019333430426298107,-0.012391404485433188,0.008046100827899694
ende23,23,0.01,True,mtme_cometoid22-wmt21-src,0.17736982526883321,-0.038077000519904036,0.04375295614901076
ende23,23,0.01,True,mtme_cometoid22-wmt22-src,0.17246569059566477,-0.020347990523448045,0.04860908847268208
ende23,23,0.01,True,mtme_cometoid22-wmt23-src,0.1736802623458541,-0.036318059370649136,0.10430519073878708
ende23,23,0.01,True,mtme_docWMT22CometDA-refA,0.19590102053132635,-0.004016050761206813,0.07159478147139209
ende23,23,0.01,True,mtme_docWMT22CometKiwiDA-src,0.21816360062991064,-0.004777037201741496,0.055742579403316284
ende23,23,0.01,True,mtme_eBLEU-refA,0.01792451421606953,-0.012686092857211673,0.003732259284724204
ende23,23,0.01,True,mtme_embed_llama-refA,0.07355340972341243,-0.015969763285598404,0.0052646388179716785
ende23,23,0.01,True,mtme_f200spBLEU-refA,0.04798346144328371,0.000689762390625348,0.01301833802306629
ende23,23,0.01,True,mtme_instructscore-refA,0.1702886457695832,-0.017474778898609378,0.04193582276337915
ende23,23,0.01,True,mtme_mbr-metricx-qe-src,0.1578382112779123,0.0011451250078132746,0.07470095620094752
ende23,23,0.01,True,mtme_mre-score-labse-regular-refA,0.08117591176917921,-0.024817850013463483,0.008046100827899694
ende23,23,0.01,True,mtme_prismRef-refA,0.10470559550383668,-0.011728355648932043,0.008275702644756633
ende23,23,0.01,True,mtme_prismSrc-src,-0.022745612293629938,-0.032919470339116685,-0.01435172278465413
ende23,23,0.01,True,mtme_sescoreX-refA,0.1702886457695832,-0.017474778898609378,0.04193582276337915
ende23,23,0.01,True,mtme_tokengram_F-refA,0.027217072689360085,-0.017589707363603102,0.006816919384118214
ende23,23,0.02,True,mtme_BERTscore-refA,0.06559643601274512,0.002372054810867552,0.006441659852236659
ende23,23,0.02,True,mtme_BLEU-refA,0.045455567048047305,-0.0012728098985141933,0.004881557038521334
ende23,23,0.02,True,mtme_BLEURT-20-refA,0.20285401000452374,-0.0041077046724775634,0.014116618874430387
ende23,23,0.02,True,mtme_COMET-refA,0.20334710345230045,-0.013152368951313331,0.018595102276468656
ende23,23,0.02,True,mtme_Calibri-COMET22-QE-src,0.15142906299703954,-0.013174532307755227,0.00630619449718417
ende23,23,0.02,True,mtme_Calibri-COMET22-refA,0.09418738010997231,-0.008367546555047012,-0.0029862078388216418
ende23,23,0.02,True,mtme_CometKiwi-XL-src,0.18895361433139068,-0.005391430607857295,0.010942059288839845
ende23,23,0.02,True,mtme_CometKiwi-XXL-src,0.2370070192683773,-0.006251742736819832,0.03391129229612855
ende23,23,0.02,True,mtme_CometKiwi-src,0.2200539554691346,-0.007158394356242326,0.013765994305071527
ende23,23,0.02,True,mtme_GEMBA-MQM-src,0.17108344489280225,-0.0005476042586629593,0.01476974492062011
ende23,23,0.02,True,mtme_KG-BERTScore-src,0.21356697485351173,-0.004922900220382331,0.012977127008764522
ende23,23,0.02,True,mtme_MEE4-refA,0.07848309024759814,-0.002936663801993422,0.003020030759201875
ende23,23,0.02,True,mtme_MS-COMET-QE-22-src,0.1626267390024808,-0.019834620918512957,0.024784921516958325
ende23,23,0.02,True,mtme_MaTESe-refA,0.12837145142307743,0.0016497886264180694,0.017625650116381508
ende23,23,0.02,True,mtme_MetricX-23-QE-b-src,0.26007150703541876,-0.00039319286673844545,0.015453833390450922
ende23,23,0.02,True,mtme_MetricX-23-QE-c-src,0.24766302122685352,0.0019749082618881753,0.029124885324825045
ende23,23,0.02,True,mtme_MetricX-23-QE-src,0.2475852139434943,-0.0035893239138100608,0.013546333919901343
ende23,23,0.02,True,mtme_MetricX-23-b-refA,0.20851549005600972,-0.0007487117050082315,0.005076206406279149
ende23,23,0.02,True,mtme_MetricX-23-c-refA,0.1315357796308019,-0.005836965638891911,-0.00019750498425197272
ende23,23,0.02,True,mtme_MetricX-23-refA,0.2145531138436379,0.004143499849479815,0.013576638917484951
ende23,23,0.02,True,mtme_XCOMET-Ensemble-refA,0.26874126594989534,0.00723187442337625,0.029124885324825045
ende23,23,0.02,True,mtme_XCOMET-QE-Ensemble-src,0.2533223403075895,0.005076206406279149,0.02870521271122828
ende23,23,0.02,True,mtme_XCOMET-XL-refA,0.229305606063876,0.0014000908883655683,0.02009221339797429
ende23,23,0.02,True,mtme_XCOMET-XXL-refA,0.25614797278739887,-0.001842224853112695,0.022497147220818636
ende23,23,0.02,True,mtme_XLsim-refA,0.16330386052596124,-0.006982527541848915,0.00889650229064931
ende23,23,0.02,True,mtme_YiSi-1-refA,0.11890241229334136,-0.0009418793249005297,0.00144637488467525
ende23,23,0.02,True,mtme_chrF-refA,0.019333430426298107,-0.0007719705005779787,0.004263545295890125
ende23,23,0.02,True,mtme_cometoid22-wmt21-src,0.17736982526883321,-0.011667424069713439,0.015331573777557672
ende23,23,0.02,True,mtme_cometoid22-wmt22-src,0.17246569059566477,-0.0045998383041241375,0.018228155003556124
ende23,23,0.02,True,mtme_cometoid22-wmt23-src,0.1736802623458541,-0.00953729623955657,0.029911032615083877
ende23,23,0.02,True,mtme_docWMT22CometDA-refA,0.19590102053132635,-0.01681800212057749,0.011316940184615376
ende23,23,0.02,True,mtme_docWMT22CometKiwiDA-src,0.21816360062991064,-0.010875453466193674,0.013346577034420215
ende23,23,0.02,True,mtme_eBLEU-refA,0.01792451421606953,-0.0033741469951176217,0.0013782266692501377
ende23,23,0.02,True,mtme_embed_llama-refA,0.07355340972341243,0.00014463748846760272,-0.0017677915257141574
ende23,23,0.02,True,mtme_f200spBLEU-refA,0.04798346144328371,0.0005554748401030984,0.005167608187967687
ende23,23,0.02,True,mtme_instructscore-refA,0.1702886457695832,-0.0035433385239280746,0.011043497648873468
ende23,23,0.02,True,mtme_mbr-metricx-qe-src,0.1578382112779123,-0.01681800212057749,0.012091694035884948
ende23,23,0.02,True,mtme_mre-score-labse-regular-refA,0.08117591176917921,-0.008753569962423047,0.0058392945344117875
ende23,23,0.02,True,mtme_prismRef-refA,0.10470559550383668,-0.0010044463656948555,0.004518475139725475
ende23,23,0.02,True,mtme_prismSrc-src,-0.022745612293629938,-0.004454834644799677,0.0007812156562737593
ende23,23,0.02,True,mtme_sescoreX-refA,0.1702886457695832,-0.0035433385239280746,0.011043497648873468
ende23,23,0.02,True,mtme_tokengram_F-refA,0.027217072689360085,0.0009808123335610652,0.004588814634117089
ende23,24,0.01,True,mtme_BERTscore-refA,0.13665538473078037,0.004752298088246509,0.012336854210679649
ende23,24,0.01,True,mtme_BLEU-refA,0.09679452158325977,-0.016229701481254022,0.006587591596036835
ende23,24,0.01,True,mtme_BLEURT-20-refA,0.30574391281059066,0.017443248735355077,0.03989003083249931
ende23,24,0.01,True,mtme_COMET-refA,0.2886813928371429,0.022801153228706128,0.046523559236084755
ende23,24,0.01,True,mtme_Calibri-COMET22-QE-src,0.14301156330989923,-0.0011043879706178483,0.011984797786360524
ende23,24,0.01,True,mtme_Calibri-COMET22-refA,0.21572662476951024,-0.003414290346581028,0.010200007121379917
ende23,24,0.01,True,mtme_CometKiwi-XL-src,0.2845629547911933,0.006470714040463288,0.050182919824978134
ende23,24,0.01,True,mtme_CometKiwi-XXL-src,0.25511378645958294,0.015684128458344215,0.039006503573255746
ende23,24,0.01,True,mtme_CometKiwi-src,0.24294450713906124,-0.002504879962343498,0.037525513436196256
ende23,24,0.01,True,mtme_GEMBA-MQM-src,0.27084872049237957,0.016878382084395516,0.04756722972049621
ende23,24,0.01,True,mtme_KG-BERTScore-src,0.23795040141716076,-0.0018080834541451818,0.03829596425986104
ende23,24,0.01,True,mtme_MEE4-refA,0.11594095710769255,-0.00024092674263664904,0.009403131607198856
ende23,24,0.01,True,mtme_MS-COMET-QE-22-src,0.21562478363788112,-0.016667750104229828,0.06403113928839188
ende23,24,0.01,True,mtme_MaTESe-refA,0.23602902703284134,0.0034560791587726625,0.028493940914054994
ende23,24,0.01,True,mtme_MetricX-23-QE-b-src,0.28776621072460135,0.02051906698785555,0.06276673664173249
ende23,24,0.01,True,mtme_MetricX-23-QE-c-src,0.3027968617545125,0.02609905988860639,0.05307298301734287
ende23,24,0.01,True,mtme_MetricX-23-QE-src,0.29490424437431084,0.028354801699548182,0.05485802204792101
ende23,24,0.01,True,mtme_MetricX-23-b-refA,0.2924208193448789,0.0234016675757327,0.04302020148093877
ende23,24,0.01,True,mtme_MetricX-23-c-refA,0.25397222081837606,0.017223449153231818,0.02668544952183982
ende23,24,0.01,True,mtme_MetricX-23-refA,0.29051292188312117,0.02403250932632417,0.04288847950726349
ende23,24,0.01,True,mtme_XCOMET-Ensemble-refA,0.33187406802308833,0.03491337335193356,0.06130966311558206
ende23,24,0.01,True,mtme_XCOMET-QE-Ensemble-src,0.3031446263986462,0.026462170392262507,0.05194906955364542
ende23,24,0.01,True,mtme_XCOMET-XL-refA,0.2987476210521788,0.018392224708967397,0.04831287893580105
ende23,24,0.01,True,mtme_XCOMET-XXL-refA,0.3081407426449729,0.022132306487321785,0.046505637927230725
ende23,24,0.01,True,mtme_XLsim-refA,0.12981733050152092,-0.016858759678201718,0.014859925251632822
ende23,24,0.01,True,mtme_YiSi-1-refA,0.1809204162559656,0.0106383966318917,0.021041449301968385
ende23,24,0.01,True,mtme_chrF-refA,0.10543810859275596,-0.005078599642005521,0.004064024093300644
ende23,24,0.01,True,mtme_cometoid22-wmt21-src,0.24226870117974886,0.007038405024677896,0.032453493702587544
ende23,24,0.01,True,mtme_cometoid22-wmt22-src,0.2532887956383576,0.004064024093300644,0.03440444982254631
ende23,24,0.01,True,mtme_cometoid22-wmt23-src,0.2521685166981129,-0.00902394862948408,0.04753369523197737
ende23,24,0.01,True,mtme_docWMT22CometDA-refA,0.22436095933532524,0.005504105067341558,0.029354533369660762
ende23,24,0.01,True,mtme_docWMT22CometKiwiDA-src,0.18477891739496932,0.002496877150962029,0.01457241250510577
ende23,24,0.01,True,mtme_eBLEU-refA,0.06930376470539004,-0.012561044263831533,0.010618587582059691
ende23,24,0.01,True,mtme_embed_llama-refA,0.09666453426526891,-0.0028843236054219012,0.0055876391761298105
ende23,24,0.01,True,mtme_f200spBLEU-refA,0.1045134028019964,0.0032695676572538357,0.006333685182204674
ende23,24,0.01,True,mtme_instructscore-refA,0.24490047908620446,0.01148120403157371,0.029427848172805526
ende23,24,0.01,True,mtme_mbr-metricx-qe-src,0.18530538798523805,0.006679863350437021,0.040170102465604596
ende23,24,0.01,True,mtme_mre-score-labse-regular-refA,0.10877693913018743,-0.007033188310725524,0.019355579106422383
ende23,24,0.01,True,mtme_prismRef-refA,0.15697094927558825,-0.017173898723214398,0.018885103703013995
ende23,24,0.01,True,mtme_prismSrc-src,0.0635809192476545,-0.007002112010306982,0.0032804506221312257
ende23,24,0.01,True,mtme_sescoreX-refA,0.24490047908620446,0.01148120403157371,0.029427848172805526
ende23,24,0.01,True,mtme_tokengram_F-refA,0.10565266492788,0.001010640751579861,0.010656488897404781
ende23,24,0.02,True,mtme_BERTscore-refA,0.13665538473078037,-0.0068342704307309265,0.0006560377333983958
ende23,24,0.02,True,mtme_BLEU-refA,0.09679452158325977,-0.00702695589437341,0.003273626562787735
ende23,24,0.02,True,mtme_BLEURT-20-refA,0.30574391281059066,0.019800546445222666,0.024173981377239473
ende23,24,0.02,True,mtme_COMET-refA,0.2886813928371429,0.021763426343039294,0.023335378442685295
ende23,24,0.02,True,mtme_Calibri-COMET22-QE-src,0.14301156330989923,-0.0012849290778282896,0.017723159694183255
ende23,24,0.02,True,mtme_Calibri-COMET22-refA,0.21572662476951024,-0.014856992462389584,0.006635107910509808
ende23,24,0.02,True,mtme_CometKiwi-XL-src,0.2845629547911933,9.661120885928742e-05,0.02402284040704017
ende23,24,0.02,True,mtme_CometKiwi-XXL-src,0.25511378645958294,0.019112121404824656,0.02364240752595259
ende23,24,0.02,True,mtme_CometKiwi-src,0.24294450713906124,0.0013652371451925438,0.02387111133968023
ende23,24,0.02,True,mtme_GEMBA-MQM-src,0.27084872049237957,0.022082821983584133,0.024474512650029978
ende23,24,0.02,True,mtme_KG-BERTScore-src,0.23795040141716076,-0.0005440223918222742,0.023489193110499906
ende23,24,0.02,True,mtme_MEE4-refA,0.11594095710769255,-0.005908379241799544,0.0029503247443043445
ende23,24,0.02,True,mtme_MS-COMET-QE-22-src,0.21562478363788112,0.0187385490516625,0.026086814639026734
ende23,24,0.02,True,mtme_MaTESe-refA,0.23602902703284134,0.018812164780079854,0.023180959988146843
ende23,24,0.02,True,mtme_MetricX-23-QE-b-src,0.28776621072460135,0.010294034089419868,0.02402284040704017
ende23,24,0.02,True,mtme_MetricX-23-QE-c-src,0.3027968617545125,0.022241568277618917,0.025068666430719144
ende23,24,0.02,True,mtme_MetricX-23-QE-src,0.29490424437431084,0.021683178188352414,0.02462390969893169
ende23,24,0.02,True,mtme_MetricX-23-b-refA,0.2924208193448789,0.018008281025763573,0.024249332393360357
ende23,24,0.02,True,mtme_MetricX-23-c-refA,0.25397222081837606,0.0004164122011480753,0.014321605346627853
ende23,24,0.02,True,mtme_MetricX-23-refA,0.29051292188312117,0.01625764103886096,0.023258244910736803
ende23,24,0.02,True,mtme_XCOMET-Ensemble-refA,0.33187406802308833,0.02302593418472154,0.024846928924669442
ende23,24,0.02,True,mtme_XCOMET-QE-Ensemble-src,0.3031446263986462,0.019290667014791874,0.02387111133968023
ende23,24,0.02,True,mtme_XCOMET-XL-refA,0.2987476210521788,0.017058727060933365,0.024772732143799048
ende23,24,0.02,True,mtme_XCOMET-XXL-refA,0.3081407426449729,0.022557176636678555,0.024474512650029978
ende23,24,0.02,True,mtme_XLsim-refA,0.12981733050152092,-0.01059226666281643,0.013030809012736455
ende23,24,0.02,True,mtme_YiSi-1-refA,0.1809204162559656,-0.018359903558607282,-0.0006469260982122638
ende23,24,0.02,True,mtme_chrF-refA,0.10543810859275596,-0.006663536475604692,0.00025770499228838784
ende23,24,0.02,True,mtme_cometoid22-wmt21-src,0.24226870117974886,0.022557176636678555,0.025435410542250403
ende23,24,0.02,True,mtme_cometoid22-wmt22-src,0.2532887956383576,0.022948192406330503,0.025726298179430618
ende23,24,0.02,True,mtme_cometoid22-wmt23-src,0.2521685166981129,0.02043491148910337,0.025943017732983353
ende23,24,0.02,True,mtme_docWMT22CometDA-refA,0.22436095933532524,0.01174505485202415,0.02364240752595259
ende23,24,0.02,True,mtme_docWMT22CometKiwiDA-src,0.18477891739496932,0.0025430887998685314,0.02263568889398415
ende23,24,0.02,True,mtme_eBLEU-refA,0.06930376470539004,-0.010666268665423084,0.007427111609343728
ende23,24,0.02,True,mtme_embed_llama-refA,0.09666453426526891,-0.009917237849010219,0.0005069090776893548
ende23,24,0.02,True,mtme_f200spBLEU-refA,0.1045134028019964,-0.010501430719671356,0.0024092420209281817
ende23,24,0.02,True,mtme_instructscore-refA,0.24490047908620446,0.006140849963117367,0.021843514321768787
ende23,24,0.02,True,mtme_mbr-metricx-qe-src,0.18530538798523805,0.013763141200014317,0.02439959760811694
ende23,24,0.02,True,mtme_mre-score-labse-regular-refA,0.10877693913018743,-0.004041101949769921,0.022082821983584133
ende23,24,0.02,True,mtme_prismRef-refA,0.15697094927558825,-0.013116984336163817,0.02080653287284928
ende23,24,0.02,True,mtme_prismSrc-src,0.0635809192476545,-0.009565947343866066,0.0025430887998685314
ende23,24,0.02,True,mtme_sescoreX-refA,0.24490047908620446,0.006140849963117367,0.021843514321768787
ende23,24,0.02,True,mtme_tokengram_F-refA,0.10565266492788,-0.008117214150679342,0.0008787332008700632
ende23,25,0.01,True,mtme_BERTscore-refA,0.12327173116120443,0.0002049203860554627,0.0008620871268394392
ende23,25,0.01,True,mtme_BLEU-refA,0.06104195328842909,-0.0004137502230374679,0.0007618527233331784
ende23,25,0.01,True,mtme_BLEURT-20-refA,0.33980295154383255,0.0022332570677108254,0.004093478104126191
ende23,25,0.01,True,mtme_COMET-refA,0.288368137441675,0.001895985013619983,0.004541448305952156
ende23,25,0.01,True,mtme_Calibri-COMET22-QE-src,0.2658285272098005,0.0010616213473391145,0.002424371791680202
ende23,25,0.01,True,mtme_Calibri-COMET22-refA,0.2567508737359836,0.0017989554628379256,0.0031308137177812334
ende23,25,0.01,True,mtme_CometKiwi-XL-src,0.29374267186015685,0.0017016273595921172,0.003821498574898663
ende23,25,0.01,True,mtme_CometKiwi-XXL-src,0.31688851206509994,0.0016528509198593389,0.004273459637612498
ende23,25,0.01,True,mtme_CometKiwi-src,0.3010460020529625,0.0006613048424116696,0.0030842137111184442
ende23,25,0.01,True,mtme_GEMBA-MQM-src,0.3435909102130955,0.0021852960253406772,0.0037759325600194016
ende23,25,0.01,True,mtme_KG-BERTScore-src,0.29499942470346185,0.0006109128880059655,0.0029908029969337724
ende23,25,0.01,True,mtme_MEE4-refA,0.07455950959604009,0.0002049203860554627,0.0009120872323268303
ende23,25,0.01,True,mtme_MS-COMET-QE-22-src,0.2232262624697175,0.0,0.0013586078959484382
ende23,25,0.01,True,mtme_MaTESe-refA,0.30214104787810636,0.0019927173835417866,0.0034089487874886526
ende23,25,0.01,True,mtme_MetricX-23-QE-b-src,0.4313049561124668,0.003684596807392415,0.005931731706191878
ende23,25,0.01,True,mtme_MetricX-23-QE-c-src,0.42127267947984964,0.004318289108803608,0.006561673015138547
ende23,25,0.01,True,mtme_MetricX-23-QE-src,0.40852174724694834,0.0033627665599342826,0.004939030034711522
ende23,25,0.01,True,mtme_MetricX-23-b-refA,0.4289560161723797,0.004138573329324879,0.006603192212837228
ende23,25,0.01,True,mtme_MetricX-23-c-refA,0.2925601640126386,0.001011854161316439,0.003547081589098555
ende23,25,0.01,True,mtme_MetricX-23-refA,0.42683166207226697,0.0038669968839608604,0.005461083804939482
ende23,25,0.01,True,mtme_XCOMET-Ensemble-refA,0.48688390072915844,0.005331422154248311,0.007218982560728504
ende23,25,0.01,True,mtme_XCOMET-QE-Ensemble-src,0.456116435433051,0.005461083804939482,0.006974229782116703
ende23,25,0.01,True,mtme_XCOMET-XL-refA,0.4659490115580571,0.004895112436071547,0.00701516564736715
ende23,25,0.01,True,mtme_XCOMET-XXL-refA,0.46525202742681193,0.00524466717905836,0.006227384160524152
ende23,25,0.01,True,mtme_XLsim-refA,0.165810208129916,0.00015381140088099876,0.0017989554628379256
ende23,25,0.01,True,mtme_YiSi-1-refA,0.15185458312816894,0.0005604420111973152,0.001895985013619983
ende23,25,0.01,True,mtme_chrF-refA,0.09359845801485264,0.0005098920264314799,0.0012599191048149327
ende23,25,0.01,True,mtme_cometoid22-wmt21-src,0.2948563387022505,0.0012104599548398154,0.0038669968839608604
ende23,25,0.01,True,mtme_cometoid22-wmt22-src,0.29551490536293,0.001011854161316439,0.0039124276379983725
ende23,25,0.01,True,mtme_cometoid22-wmt23-src,0.2769419439038296,0.0009620095166383846,0.0038669968839608604
ende23,25,0.01,True,mtme_docWMT22CometDA-refA,0.2599449327906992,0.0010616213473391145,0.0035011061474066185
ende23,25,0.01,True,mtme_docWMT22CometKiwiDA-src,0.23393531494175235,0.00025594894796465706,0.002424371791680202
ende23,25,0.01,True,mtme_eBLEU-refA,0.04406676453550104,-0.0006750270498359079,0.0005604420111973152
ende23,25,0.01,True,mtme_embed_llama-refA,0.07809989999147168,-0.00062260500069522,0.00010262180216502603
ende23,25,0.01,True,mtme_f200spBLEU-refA,0.08315000766052141,0.0002049203860554627,0.001011854161316439
ende23,25,0.01,True,mtme_instructscore-refA,0.3197893920427214,0.001847507471364307,0.0032701942328333677
ende23,25,0.01,True,mtme_mbr-metricx-qe-src,0.25718654560452514,0.001847507471364307,0.00395779098735638
ende23,25,0.01,True,mtme_mre-score-labse-regular-refA,0.17382473788413122,0.0008120090180672168,0.002089153935818766
ende23,25,0.01,True,mtme_prismRef-refA,0.16396214345720567,0.0009620095166383846,0.0013093016926382095
ende23,25,0.01,True,mtme_prismSrc-src,-0.026958500433664323,-0.0005702664926685586,-0.00015454209637200123
ende23,25,0.01,True,mtme_sescoreX-refA,0.3197893920427214,0.001847507471364307,0.0032701942328333677
ende23,25,0.01,True,mtme_tokengram_F-refA,0.0908559602986814,0.000357765560101031,0.0008620871268394392
ende23,25,0.02,True,mtme_BERTscore-refA,0.12327173116120443,0.0006378283429979703,0.0012231478809852092
ende23,25,0.02,True,mtme_BLEU-refA,0.06104195328842909,0.00020084395088748597,0.0006772258839845557
ende23,25,0.02,True,mtme_BLEURT-20-refA,0.33980295154383255,0.0014922173784885917,0.0029093794818182417
ende23,25,0.02,True,mtme_COMET-refA,0.288368137441675,0.0015304472566955996,0.0030905591598321402
ende23,25,0.02,True,mtme_Calibri-COMET22-QE-src,0.2658285272098005,0.0005588701242088545,0.002172509215234708
ende23,25,0.02,True,mtme_Calibri-COMET22-refA,0.2567508737359836,0.0013387773771892375,0.0025433989463498063
ende23,25,0.02,True,mtme_CometKiwi-XL-src,0.29374267186015685,0.0012231478809852092,0.003342212141362433
ende23,25,0.02,True,mtme_CometKiwi-XXL-src,0.31688851206509994,0.0006378283429979703,0.002945711279684571
ende23,25,0.02,True,mtme_CometKiwi-src,0.3010460020529625,0.0003605176736153348,0.0023956376666991464
ende23,25,0.02,True,mtme_GEMBA-MQM-src,0.3435909102130955,0.001682849450468038,0.002981995051380415
ende23,25,0.02,True,mtme_KG-BERTScore-src,0.29499942470346185,-0.00012117959047985849,0.0023585738831504166
ende23,25,0.02,True,mtme_MEE4-refA,0.07455950959604009,-0.0002022484540407099,0.0005588701242088545
ende23,25,0.02,True,mtme_MS-COMET-QE-22-src,0.2232262624697175,-0.0003650683875882077,0.0015304472566955996
ende23,25,0.02,True,mtme_MaTESe-refA,0.30214104787810636,0.0013772156632290145,0.0027635701165260596
ende23,25,0.02,True,mtme_MetricX-23-QE-b-src,0.4313049561124668,0.0022470846320337134,0.0040486391758958185
ende23,25,0.02,True,mtme_MetricX-23-QE-c-src,0.42127267947984964,0.0029093794818182417,0.0051416051427221054
ende23,25,0.02,True,mtme_MetricX-23-QE-src,0.40852174724694834,0.00258021629582339,0.003873754849888944
ende23,25,0.02,True,mtme_MetricX-23-b-refA,0.4289560161723797,0.0025433989463498063,0.004257010068134948
ende23,25,0.02,True,mtme_MetricX-23-c-refA,0.2925601640126386,-0.0002022484540407099,0.002209821915395871
ende23,25,0.02,True,mtme_MetricX-23-refA,0.42683166207226697,0.0029093794818182417,0.004326108775791315
ende23,25,0.02,True,mtme_XCOMET-Ensemble-refA,0.48688390072915844,0.003908822623122088,0.004736987463544451
ende23,25,0.02,True,mtme_XCOMET-QE-Ensemble-src,0.456116435433051,0.0033064034385278385,0.004013753041862467
ende23,25,0.02,True,mtme_XCOMET-XL-refA,0.4659490115580571,0.003591562415871996,0.0048387232305788785
ende23,25,0.02,True,mtme_XCOMET-XXL-refA,0.46525202742681193,0.002800094975769607,0.004222393758194665
ende23,25,0.02,True,mtme_XLsim-refA,0.165810208129916,8.050529972936094e-05,0.0018344289603334785
ende23,25,0.02,True,mtme_YiSi-1-refA,0.15185458312816894,0.0003605176736153348,0.0010293767996208958
ende23,25,0.02,True,mtme_chrF-refA,0.09359845801485264,-0.00012117959047985849,0.00028079154298832343
ende23,25,0.02,True,mtme_cometoid22-wmt21-src,0.2948563387022505,0.0014922173784885917,0.003591562415871996
ende23,25,0.02,True,mtme_cometoid22-wmt22-src,0.29551490536293,0.0010682370465813218,0.003126651775979594
ende23,25,0.02,True,mtme_cometoid22-wmt23-src,0.2769419439038296,0.0011457982771946318,0.003342212141362433
ende23,25,0.02,True,mtme_docWMT22CometDA-refA,0.2599449327906992,0.0009904633194456336,0.0023956376666991464
ende23,25,0.02,True,mtme_docWMT22CometKiwiDA-src,0.23393531494175235,0.00016078681822273566,0.0018344289603334785
ende23,25,0.02,True,mtme_eBLEU-refA,0.04406676453550104,-0.0003242778296042026,0.0005983764605752562
ende23,25,0.02,True,mtme_embed_llama-refA,0.07809989999147168,0.00016078681822273566,0.0005588701242088545
ende23,25,0.02,True,mtme_f200spBLEU-refA,0.08315000766052141,0.0005588701242088545,0.0006772258839845557
ende23,25,0.02,True,mtme_instructscore-refA,0.3197893920427214,0.0013002867229126025,0.0025433989463498063
ende23,25,0.02,True,mtme_mbr-metricx-qe-src,0.25718654560452514,0.000912476221316405,0.00258021629582339
ende23,25,0.02,True,mtme_mre-score-labse-regular-refA,0.17382473788413122,0.00028079154298832343,0.0013387773771892375
ende23,25,0.02,True,mtme_prismRef-refA,0.16396214345720567,0.0006772258839845557,0.0014922173784885917
ende23,25,0.02,True,mtme_prismSrc-src,-0.026958500433664323,-0.0005288043263877995,-8.073001794239865e-05
ende23,25,0.02,True,mtme_sescoreX-refA,0.3197893920427214,0.0013002867229126025,0.0025433989463498063
ende23,25,0.02,True,mtme_tokengram_F-refA,0.0908559602986814,4.0280680957960335e-05,0.0003206822334338444
ende23,34,0.01,True,mtme_BERTscore-refA,0.08038385063019587,-0.009531703916044965,0.00167540638904351
ende23,34,0.01,True,mtme_BLEU-refA,0.020258491563990476,-0.0022796034666254794,-0.003367908761648719
ende23,34,0.01,True,mtme_BLEURT-20-refA,0.1650255807367566,-0.005212684662256661,-0.0012222226936464686
ende23,34,0.01,True,mtme_COMET-refA,0.13287913228710957,-0.009630437476870535,0.00013070546297511143
ende23,34,0.01,True,mtme_Calibri-COMET22-QE-src,0.15411291934871524,-0.004813243778692744,0.016597881938914316
ende23,34,0.01,True,mtme_Calibri-COMET22-refA,0.11387513877886885,-0.006318169868541057,-0.0025131095835653205
ende23,34,0.01,True,mtme_CometKiwi-XL-src,0.1365226173978777,-0.006058338120108031,0.009732482253020147
ende23,34,0.01,True,mtme_CometKiwi-XXL-src,0.1619046408226671,-0.010780278814747302,0.0021407970526667874
ende23,34,0.01,True,mtme_CometKiwi-src,0.1418043631972974,-0.01588361659710502,0.0033143909000643568
ende23,34,0.01,True,mtme_GEMBA-MQM-src,0.03903184151934262,-0.013901103188807884,0.0015725305581373306
ende23,34,0.01,True,mtme_KG-BERTScore-src,0.13521142878695452,-0.009091047419742981,0.0033143909000643568
ende23,34,0.01,True,mtme_MEE4-refA,0.07219216287860963,-0.008060441774712768,0.0001873809777219737
ende23,34,0.01,True,mtme_MS-COMET-QE-22-src,0.09291730822386421,-0.02183029518858226,0.0023275974574429315
ende23,34,0.01,True,mtme_MaTESe-refA,0.09978389515512961,-0.014016780212561475,0.0014037961382600272
ende23,34,0.01,True,mtme_MetricX-23-QE-b-src,0.10925691924551958,-0.013504629205952856,0.0003169687763054929
ende23,34,0.01,True,mtme_MetricX-23-QE-c-src,0.15054598622936877,-0.01816560658212185,-0.009846357995672683
ende23,34,0.01,True,mtme_MetricX-23-QE-src,0.14810079109551222,-0.018241414460300476,0.00338388000944978
ende23,34,0.01,True,mtme_MetricX-23-b-refA,0.15483092472224402,-0.013174786604751354,-0.0005584687963477997
ende23,34,0.01,True,mtme_MetricX-23-c-refA,0.09946218316216529,-0.02013469781784183,-0.0007849806158455319
ende23,34,0.01,True,mtme_MetricX-23-refA,0.14179472310043922,-0.017046755368039346,-0.003584918384636815
ende23,34,0.01,True,mtme_XCOMET-Ensemble-refA,0.19722348129053696,-0.008390764784472093,0.0005983594246584678
ende23,34,0.01,True,mtme_XCOMET-QE-Ensemble-src,0.14285196006303408,-0.010352426640407364,0.008558631938435535
ende23,34,0.01,True,mtme_XCOMET-XL-refA,0.16728379643418118,-0.0048104895819194304,0.00423731421694995
ende23,34,0.01,True,mtme_XCOMET-XXL-refA,0.17342546319661195,-0.0117411415994082,-0.006342609901379248
ende23,34,0.01,True,mtme_XLsim-refA,0.03303790099736799,-0.007896184263163741,-0.0031662341081075684
ende23,34,0.01,True,mtme_YiSi-1-refA,0.08012535358531224,-0.011355532192406148,0.00025977555509559824
ende23,34,0.01,True,mtme_chrF-refA,0.028812161057255536,0.0009921732871286393,-0.0023427292728150917
ende23,34,0.01,True,mtme_cometoid22-wmt21-src,0.12230037040637512,-0.013058952388386169,0.003776715749039261
ende23,34,0.01,True,mtme_cometoid22-wmt22-src,0.11768071343220868,-0.013397739907121231,-0.003204283836470978
ende23,34,0.01,True,mtme_cometoid22-wmt23-src,0.12332789307995451,-0.020201099332757932,0.0021407970526667874
ende23,34,0.01,True,mtme_docWMT22CometDA-refA,0.13653408604037282,-0.008990196139145867,0.004671358786117907
ende23,34,0.01,True,mtme_docWMT22CometKiwiDA-src,0.10516855432583896,-0.015612763565012955,0.003168199278935191
ende23,34,0.01,True,mtme_eBLEU-refA,0.026511576265350202,-0.015466996730640226,6.44387072709085e-05
ende23,34,0.01,True,mtme_embed_llama-refA,0.03580691429369254,-0.007283758284570618,-0.00268946815083293
ende23,34,0.01,True,mtme_f200spBLEU-refA,0.024156464835145275,-0.0031260631405323203,-0.0031662341081075684
ende23,34,0.01,True,mtme_instructscore-refA,0.13416322854090046,-0.006226927079278521,-0.0013244766724196388
ende23,34,0.01,True,mtme_mbr-metricx-qe-src,0.1496498476697244,-0.009427485157395665,0.002316644990713268
ende23,34,0.01,True,mtme_mre-score-labse-regular-refA,0.10071488381723946,-0.007460618383425377,0.001270066133629788
ende23,34,0.01,True,mtme_prismRef-refA,0.11317639272401497,-0.010640494881408946,0.002232922166967577
ende23,34,0.01,True,mtme_prismSrc-src,0.01874753424135077,-0.004818982488346446,0.0008377031945218105
ende23,34,0.01,True,mtme_sescoreX-refA,0.13416322854090046,-0.006226927079278521,-0.0013244766724196388
ende23,34,0.01,True,mtme_tokengram_F-refA,0.029128456769133518,0.0005250393261438946,-0.0006419512452864318
ende23,34,0.02,True,mtme_BERTscore-refA,0.08038385063019587,0.0027644635340504653,0.016326416217715467
ende23,34,0.02,True,mtme_BLEU-refA,0.020258491563990476,-0.008798578425933012,0.007480324353597578
ende23,34,0.02,True,mtme_BLEURT-20-refA,0.1650255807367566,0.022020981815299323,0.020967911402424377
ende23,34,0.02,True,mtme_COMET-refA,0.13287913228710957,0.011898758141827392,0.0325095972895354
ende23,34,0.02,True,mtme_Calibri-COMET22-QE-src,0.15411291934871524,-0.009596197303509024,0.00951080771887658
ende23,34,0.02,True,mtme_Calibri-COMET22-refA,0.11387513877886885,0.00790156682331744,0.028463802021580387
ende23,34,0.02,True,mtme_CometKiwi-XL-src,0.1365226173978777,-0.006420677147159104,0.01911131332854088
ende23,34,0.02,True,mtme_CometKiwi-XXL-src,0.1619046408226671,-0.012731746962962642,0.019199442983946602
ende23,34,0.02,True,mtme_CometKiwi-src,0.1418043631972974,-0.019869233032290712,0.008329948995913883
ende23,34,0.02,True,mtme_GEMBA-MQM-src,0.03903184151934262,-0.0005232825710805855,0.010236163643451812
ende23,34,0.02,True,mtme_KG-BERTScore-src,0.13521142878695452,-0.02009405072949577,0.009190073201284177
ende23,34,0.02,True,mtme_MEE4-refA,0.07219216287860963,-0.0054672061677931705,0.017206141467840386
ende23,34,0.02,True,mtme_MS-COMET-QE-22-src,0.09291730822386421,-0.01649767233188726,0.017196029683356207
ende23,34,0.02,True,mtme_MaTESe-refA,0.09978389515512961,-0.014685299344485703,0.023648000557466076
ende23,34,0.02,True,mtme_MetricX-23-QE-b-src,0.10925691924551958,-0.023155718222303667,0.010124073105275189
ende23,34,0.02,True,mtme_MetricX-23-QE-c-src,0.15054598622936877,0.002337987034564004,0.022378925938576044
ende23,34,0.02,True,mtme_MetricX-23-QE-src,0.14810079109551222,-0.005598493049633557,0.0264139324191498
ende23,34,0.02,True,mtme_MetricX-23-b-refA,0.15483092472224402,-0.005707805275325439,0.027566791413599523
ende23,34,0.02,True,mtme_MetricX-23-c-refA,0.09946218316216529,0.0025715600635962677,0.021762802194536413
ende23,34,0.02,True,mtme_MetricX-23-refA,0.14179472310043922,-0.004380442534780871,0.024594872120530575
ende23,34,0.02,True,mtme_XCOMET-Ensemble-refA,0.19722348129053696,0.012672264673157185,0.046785474877890865
ende23,34,0.02,True,mtme_XCOMET-QE-Ensemble-src,0.14285196006303408,0.0013489061832301363,0.031547224687335396
ende23,34,0.02,True,mtme_XCOMET-XL-refA,0.16728379643418118,0.014015600383823434,0.036678422589030535
ende23,34,0.02,True,mtme_XCOMET-XXL-refA,0.17342546319661195,0.007535269023560942,0.03536576798863478
ende23,34,0.02,True,mtme_XLsim-refA,0.03303790099736799,-0.007098774781342465,0.015004871214672644
ende23,34,0.02,True,mtme_YiSi-1-refA,0.08012535358531224,-0.0007421098280779859,0.015021923408260252
ende23,34,0.02,True,mtme_chrF-refA,0.028812161057255536,-0.008331679570766637,0.011040236205544174
ende23,34,0.02,True,mtme_cometoid22-wmt21-src,0.12230037040637512,0.005230273112898587,0.021666865971415983
ende23,34,0.02,True,mtme_cometoid22-wmt22-src,0.11768071343220868,-0.004505938648432295,0.02234453667879832
ende23,34,0.02,True,mtme_cometoid22-wmt23-src,0.12332789307995451,-0.016624105858152216,0.02937061820232889
ende23,34,0.02,True,mtme_docWMT22CometDA-refA,0.13653408604037282,0.013116949781754261,0.02507281754843893
ende23,34,0.02,True,mtme_docWMT22CometKiwiDA-src,0.10516855432583896,-0.021968353756820935,0.016326416217715467
ende23,34,0.02,True,mtme_eBLEU-refA,0.026511576265350202,-0.009431085115475968,0.004735540617779366
ende23,34,0.02,True,mtme_embed_llama-refA,0.03580691429369254,0.0034476655511198606,0.022905231131694404
ende23,34,0.02,True,mtme_f200spBLEU-refA,0.024156464835145275,-0.003893222328839707,0.002597032019437173
ende23,34,0.02,True,mtme_instructscore-refA,0.13416322854090046,0.004432511190330057,0.02707051631391777
ende23,34,0.02,True,mtme_mbr-metricx-qe-src,0.1496498476697244,-0.013762331619420198,0.018085866717965526
ende23,34,0.02,True,mtme_mre-score-labse-regular-refA,0.10071488381723946,-0.013543504362422798,0.00864807246585908
ende23,34,0.02,True,mtme_prismRef-refA,0.11317639272401497,0.008744051762757277,0.01895033661693235
ende23,34,0.02,True,mtme_prismSrc-src,0.01874753424135077,-0.0014340771002046004,0.01228248850840441
ende23,34,0.02,True,mtme_sescoreX-refA,0.13416322854090046,0.004432511190330057,0.02707051631391777
ende23,34,0.02,True,mtme_tokengram_F-refA,0.029128456769133518,-0.009252644594191617,0.0024254147169586737
ende23,35,0.01,True,mtme_BERTscore-refA,0.08149182557717685,0.011573674331345485,0.016780842774139382
ende23,35,0.01,True,mtme_BLEU-refA,0.009257984586381126,0.006760370567555185,0.005946328592561612
ende23,35,0.01,True,mtme_BLEURT-20-refA,0.19982261920480032,0.01543088626452116,0.04059660261599429
ende23,35,0.01,True,mtme_COMET-refA,0.22357237689468007,0.029326882576890756,0.04773408865054496
ende23,35,0.01,True,mtme_Calibri-COMET22-QE-src,0.1747727282403129,0.023512284254768367,0.03887034206585127
ende23,35,0.01,True,mtme_Calibri-COMET22-refA,0.16497655998473426,0.015539073255344649,0.040226389970227316
ende23,35,0.01,True,mtme_CometKiwi-XL-src,0.230779772378093,-0.0018376467422895892,0.03418949622031897
ende23,35,0.01,True,mtme_CometKiwi-XXL-src,0.2399580267118948,0.021526463206181012,0.05761483699517034
ende23,35,0.01,True,mtme_CometKiwi-src,0.21062807153335356,0.008983727665760943,0.04477864111551433
ende23,35,0.01,True,mtme_GEMBA-MQM-src,0.20029594398464365,-0.002068853930453418,0.03149665440184668
ende23,35,0.01,True,mtme_KG-BERTScore-src,0.20822769714598893,0.00516359592429827,0.046954799802542246
ende23,35,0.01,True,mtme_MEE4-refA,0.061461290087536646,0.013568472630541728,0.02294067472329675
ende23,35,0.01,True,mtme_MS-COMET-QE-22-src,0.17159292745711882,-0.003472973496529086,0.018169369469746788
ende23,35,0.01,True,mtme_MaTESe-refA,0.1474057470555569,-0.0027389129789539,0.030010948570965645
ende23,35,0.01,True,mtme_MetricX-23-QE-b-src,0.355995258621707,0.04963790454734407,0.08811782396547518
ende23,35,0.01,True,mtme_MetricX-23-QE-c-src,0.29187524474474713,0.012973929370112547,0.04912252812275597
ende23,35,0.01,True,mtme_MetricX-23-QE-src,0.34235126039230973,0.04585847743369864,0.06902270813023392
ende23,35,0.01,True,mtme_MetricX-23-b-refA,0.35302742156026423,0.04317402453054875,0.07681068224372423
ende23,35,0.01,True,mtme_MetricX-23-c-refA,0.1900683612153703,-0.008440924036250408,0.036013679387671194
ende23,35,0.01,True,mtme_MetricX-23-refA,0.34462232623762534,0.04745423554834893,0.06801832156487642
ende23,35,0.01,True,mtme_XCOMET-Ensemble-refA,0.3471364529508124,0.05221082223624862,0.06215362279676129
ende23,35,0.01,True,mtme_XCOMET-QE-Ensemble-src,0.3337919502705814,0.04855131925217082,0.06425585404474865
ende23,35,0.01,True,mtme_XCOMET-XL-refA,0.32129153355520434,0.0466390112941254,0.055347539079743546
ende23,35,0.01,True,mtme_XCOMET-XXL-refA,0.34646161376082163,0.03500361118869433,0.05914599086867989
ende23,35,0.01,True,mtme_XLsim-refA,0.16686483936814334,0.011691237156309153,0.02569668740821429
ende23,35,0.01,True,mtme_YiSi-1-refA,0.07796623317176282,0.0028944951154594722,0.016780842774139382
ende23,35,0.01,True,mtme_chrF-refA,0.05388684333464078,0.013913981351822202,0.015844511331977063
ende23,35,0.01,True,mtme_cometoid22-wmt21-src,0.21555479552466686,0.01470599365137304,0.04638648563339909
ende23,35,0.01,True,mtme_cometoid22-wmt22-src,0.20055919612384931,0.01512417614553574,0.045042464761434364
ende23,35,0.01,True,mtme_cometoid22-wmt23-src,0.20916821539538566,0.015002998263704437,0.05091545737449166
ende23,35,0.01,True,mtme_docWMT22CometDA-refA,0.20354489919002183,0.025996381751350217,0.04614571389433586
ende23,35,0.01,True,mtme_docWMT22CometKiwiDA-src,0.15093502343630083,0.0014965203642669511,0.03709437282764727
ende23,35,0.01,True,mtme_eBLEU-refA,0.030501782505165026,0.0023437598521638403,0.012539047999802322
ende23,35,0.01,True,mtme_embed_llama-refA,-0.013386455759998611,0.0026043817700371896,0.008896744917843868
ende23,35,0.01,True,mtme_f200spBLEU-refA,0.026766855436624992,0.0023973525282336983,0.013242886960599942
ende23,35,0.01,True,mtme_instructscore-refA,0.23172090683389945,0.027906198643883884,0.050541680596259075
ende23,35,0.01,True,mtme_mbr-metricx-qe-src,0.24138434832561384,0.014262466763624415,0.049192472066092896
ende23,35,0.01,True,mtme_mre-score-labse-regular-refA,0.1354908202649629,0.014776920125959658,0.026068563807131073
ende23,35,0.01,True,mtme_prismRef-refA,0.17279120469003897,0.021124226656620615,0.0321805507366969
ende23,35,0.01,True,mtme_prismSrc-src,0.054114036213334396,0.005378088040556728,0.005810936995889082
ende23,35,0.01,True,mtme_sescoreX-refA,0.23172090683389945,0.027906198643883884,0.050541680596259075
ende23,35,0.01,True,mtme_tokengram_F-refA,0.04611475097706241,0.008774763194433266,0.015042754786615098
ende23,35,0.02,True,mtme_BERTscore-refA,0.08149182557717685,-0.003393370654267258,0.0057735045264109
ende23,35,0.02,True,mtme_BLEU-refA,0.009257984586381126,0.00108379771774747,0.007205828773391931
ende23,35,0.02,True,mtme_BLEURT-20-refA,0.19982261920480032,0.016411387163660196,0.03809354050235203
ende23,35,0.02,True,mtme_COMET-refA,0.22357237689468007,0.02187692141746833,0.042417133178340616
ende23,35,0.02,True,mtme_Calibri-COMET22-QE-src,0.1747727282403129,0.010522522863032235,0.026740849616340268
ende23,35,0.02,True,mtme_Calibri-COMET22-refA,0.16497655998473426,0.007205828773391931,0.024448809131278115
ende23,35,0.02,True,mtme_CometKiwi-XL-src,0.230779772378093,0.01021370969205182,0.03934886996299414
ende23,35,0.02,True,mtme_CometKiwi-XXL-src,0.2399580267118948,0.021739707161875232,0.046225404092876676
ende23,35,0.02,True,mtme_CometKiwi-src,0.21062807153335356,0.01256736683303683,0.038396227022833296
ende23,35,0.02,True,mtme_GEMBA-MQM-src,0.20029594398464365,0.0067678879065092845,0.019782000585259918
ende23,35,0.02,True,mtme_KG-BERTScore-src,0.20822769714598893,0.013950579518503758,0.037009190989418905
ende23,35,0.02,True,mtme_MEE4-refA,0.061461290087536646,-0.003873620548843215,0.00951140877095169
ende23,35,0.02,True,mtme_MS-COMET-QE-22-src,0.17159292745711882,-0.0014495020333644693,0.018451509685499246
ende23,35,0.02,True,mtme_MaTESe-refA,0.1474057470555569,0.006181982182031365,0.02635707576278712
ende23,35,0.02,True,mtme_MetricX-23-QE-b-src,0.355995258621707,0.054136849764698125,0.05627108689590021
ende23,35,0.02,True,mtme_MetricX-23-QE-c-src,0.29187524474474713,0.023647082629694616,0.046899255444648014
ende23,35,0.02,True,mtme_MetricX-23-QE-src,0.34235126039230973,0.046559233393955735,0.05451356557105913
ende23,35,0.02,True,mtme_MetricX-23-b-refA,0.35302742156026423,0.05436332771971275,0.055983854446371106
ende23,35,0.02,True,mtme_MetricX-23-c-refA,0.1900683612153703,-0.001798057786078111,0.03107789955640794
ende23,35,0.02,True,mtme_MetricX-23-refA,0.34462232623762534,0.04789485526647441,0.0544385210942715
ende23,35,0.02,True,mtme_XCOMET-Ensemble-refA,0.3471364529508124,0.044491971670864494,0.04654731761017039
ende23,35,0.02,True,mtme_XCOMET-QE-Ensemble-src,0.3337919502705814,0.05421249250116411,0.05473781002440148
ende23,35,0.02,True,mtme_XCOMET-XL-refA,0.32129153355520434,0.02827928019439918,0.04357552970662448
ende23,35,0.02,True,mtme_XCOMET-XXL-refA,0.34646161376082163,0.05383276747544752,0.05547579274801073
ende23,35,0.02,True,mtme_XLsim-refA,0.16686483936814334,0.0026068599562784067,0.021895885989379638
ende23,35,0.02,True,mtme_YiSi-1-refA,0.07796623317176282,-0.003832308729954992,0.0057735045264109
ende23,35,0.02,True,mtme_chrF-refA,0.05388684333464078,-0.0033597729250172126,0.007103519898607691
ende23,35,0.02,True,mtme_cometoid22-wmt21-src,0.21555479552466686,0.013233091024373866,0.040317275100205
ende23,35,0.02,True,mtme_cometoid22-wmt22-src,0.20055919612384931,0.010720019658426616,0.03739229631842533
ende23,35,0.02,True,mtme_cometoid22-wmt23-src,0.20916821539538566,0.010899420827614414,0.03653221446316046
ende23,35,0.02,True,mtme_docWMT22CometDA-refA,0.20354489919002183,0.02117342610704631,0.041924123020865234
ende23,35,0.02,True,mtme_docWMT22CometKiwiDA-src,0.15093502343630083,0.009930965165375283,0.030839178848577897
ende23,35,0.02,True,mtme_eBLEU-refA,0.030501782505165026,-0.006892334171892056,0.012320612455352986
ende23,35,0.02,True,mtme_embed_llama-refA,-0.013386455759998611,-0.0009940156582890491,0.0012490449933005854
ende23,35,0.02,True,mtme_f200spBLEU-refA,0.026766855436624992,0.0015345989846698993,0.007810381215299533
ende23,35,0.02,True,mtme_instructscore-refA,0.23172090683389945,0.018277164712092953,0.0404429644470401
ende23,35,0.02,True,mtme_mbr-metricx-qe-src,0.24138434832561384,0.016899393263786755,0.0479395996293277
ende23,35,0.02,True,mtme_mre-score-labse-regular-refA,0.1354908202649629,0.010667279036929211,0.02635707576278712
ende23,35,0.02,True,mtme_prismRef-refA,0.17279120469003897,0.015893186706167683,0.03226238001118309
ende23,35,0.02,True,mtme_prismSrc-src,0.054114036213334396,-0.0025487932534611346,0.005608236344067041
ende23,35,0.02,True,mtme_sescoreX-refA,0.23172090683389945,0.018277164712092953,0.0404429644470401
ende23,35,0.02,True,mtme_tokengram_F-refA,0.04611475097706241,0.0003680770338236883,0.0056224771398246665
ende23,45,0.01,True,mtme_BERTscore-refA,0.06359980148267341,0.0052371826300272595,0.014448665012088413
ende23,45,0.01,True,mtme_BLEU-refA,-0.005073827975117767,0.0014606746686181005,0.007336036576413241
ende23,45,0.01,True,mtme_BLEURT-20-refA,0.2539458599352522,0.03136468987097507,0.05119668507466757
ende23,45,0.01,True,mtme_COMET-refA,0.233604540278588,0.020027106772226855,0.048744532935489526
ende23,45,0.01,True,mtme_Calibri-COMET22-QE-src,0.23090179686323808,0.015514752399568565,0.029522656919004575
ende23,45,0.01,True,mtme_Calibri-COMET22-refA,0.17452735036491634,0.0034588270291519008,0.024926450161159686
ende23,45,0.01,True,mtme_CometKiwi-XL-src,0.28023850631657243,0.02503951193167353,0.0632866937283525
ende23,45,0.01,True,mtme_CometKiwi-XXL-src,0.2817193427977487,0.03030600214528545,0.07630051038891372
ende23,45,0.01,True,mtme_CometKiwi-src,0.2687404921587708,0.017273038003300267,0.042339981780477376
ende23,45,0.01,True,mtme_GEMBA-MQM-src,0.22116399087812877,0.021644011662371065,0.03910333622949547
ende23,45,0.01,True,mtme_KG-BERTScore-src,0.2672563440518456,0.012224202577571397,0.04540046208246862
ende23,45,0.01,True,mtme_MEE4-refA,0.049678222943976114,0.0005653986109762643,0.01242422117312647
ende23,45,0.01,True,mtme_MS-COMET-QE-22-src,0.18677097908885545,-0.002412367406832372,0.01815171708671992
ende23,45,0.01,True,mtme_MaTESe-refA,0.21554795135353422,0.01539984027960295,0.03214500935550413
ende23,45,0.01,True,mtme_MetricX-23-QE-b-src,0.3864943125995634,0.03961339584065249,0.07740850174426894
ende23,45,0.01,True,mtme_MetricX-23-QE-c-src,0.3316286099328506,0.031172201193576998,0.0652689455490495
ende23,45,0.01,True,mtme_MetricX-23-QE-src,0.3555719988618242,0.04503138596624001,0.07226550250031694
ende23,45,0.01,True,mtme_MetricX-23-b-refA,0.38769614512911676,0.05891071490281696,0.08121999200669117
ende23,45,0.01,True,mtme_MetricX-23-c-refA,0.22547634676880005,0.01252736466542137,0.04727708720255119
ende23,45,0.01,True,mtme_MetricX-23-refA,0.3775378576975542,0.05281353647096876,0.07556322373818747
ende23,45,0.01,True,mtme_XCOMET-Ensemble-refA,0.4156821568129313,0.06977027651567036,0.09521318416392455
ende23,45,0.01,True,mtme_XCOMET-QE-Ensemble-src,0.3845131521536279,0.059579437698568105,0.08070022534767007
ende23,45,0.01,True,mtme_XCOMET-XL-refA,0.3977918940790506,0.060011177899280455,0.08779687040760065
ende23,45,0.01,True,mtme_XCOMET-XXL-refA,0.40475456980077995,0.061632538760736266,0.08878327667075714
ende23,45,0.01,True,mtme_XLsim-refA,0.16209617607363663,0.008127978973664907,0.03226670076622429
ende23,45,0.01,True,mtme_YiSi-1-refA,0.0728800606414386,0.004052872325526979,0.01819330000657593
ende23,45,0.01,True,mtme_chrF-refA,0.04767833747601784,0.0011609518145380138,0.01135152885326085
ende23,45,0.01,True,mtme_cometoid22-wmt21-src,0.28276429069561326,0.01828286321857353,0.0708868342707204
ende23,45,0.01,True,mtme_cometoid22-wmt22-src,0.2837483440884897,0.012871176306403886,0.07552159246609902
ende23,45,0.01,True,mtme_cometoid22-wmt23-src,0.2735122652102844,0.01938952098873581,0.07054896829998158
ende23,45,0.01,True,mtme_docWMT22CometDA-refA,0.18097088736436046,0.011639941410960586,0.03336157044162069
ende23,45,0.01,True,mtme_docWMT22CometKiwiDA-src,0.17378070269891988,0.018816126534125344,0.030335871077985188
ende23,45,0.01,True,mtme_eBLEU-refA,0.010462934674368478,-0.005677461724605148,0.005668322427819339
ende23,45,0.01,True,mtme_embed_llama-refA,-0.005495671076617305,0.0009543860637530877,0.004299109644343435
ende23,45,0.01,True,mtme_f200spBLEU-refA,0.01846109491666508,0.0017891380703496385,0.011102109135529892
ende23,45,0.01,True,mtme_instructscore-refA,0.23548290990517584,0.03668323571821386,0.04459529954882435
ende23,45,0.01,True,mtme_mbr-metricx-qe-src,0.2723352754257655,0.0071054550871264555,0.07015115836669206
ende23,45,0.01,True,mtme_mre-score-labse-regular-refA,0.19275148876972706,0.010077706723420565,0.0357468149173662
ende23,45,0.01,True,mtme_prismRef-refA,0.1267221442356492,0.011247543373273938,0.017285947700654725
ende23,45,0.01,True,mtme_prismSrc-src,0.11630528545649922,0.008964225840693008,0.026867062640128392
ende23,45,0.01,True,mtme_sescoreX-refA,0.23548290990517584,0.03668323571821386,0.04459529954882435
ende23,45,0.01,True,mtme_tokengram_F-refA,0.03888423623898771,0.004052872325526979,0.010249844849074652
ende23,45,0.02,True,mtme_BERTscore-refA,0.06359980148267341,-0.003352923435694155,0.0036695923909531025
ende23,45,0.02,True,mtme_BLEU-refA,-0.005073827975117767,-0.005760251542872963,0.002816714598989911
ende23,45,0.02,True,mtme_BLEURT-20-refA,0.2539458599352522,0.00857260964909945,0.03827133103787139
ende23,45,0.02,True,mtme_COMET-refA,0.233604540278588,0.003339977785363435,0.03135721926048529
ende23,45,0.02,True,mtme_Calibri-COMET22-QE-src,0.23090179686323808,0.01727936594695534,0.044211075315625625
ende23,45,0.02,True,mtme_Calibri-COMET22-refA,0.17452735036491634,0.0010667852543961853,0.02385641207123479
ende23,45,0.02,True,mtme_CometKiwi-XL-src,0.28023850631657243,0.011276721417607383,0.04566689657831868
ende23,45,0.02,True,mtme_CometKiwi-XXL-src,0.2817193427977487,0.012235451953714671,0.046050892525456244
ende23,45,0.02,True,mtme_CometKiwi-src,0.2687404921587708,0.014917690806700579,0.04582095209520609
ende23,45,0.02,True,mtme_GEMBA-MQM-src,0.22116399087812877,0.005839145242670263,0.03078984985742117
ende23,45,0.02,True,mtme_KG-BERTScore-src,0.2672563440518456,0.01595737236001704,0.03946075744175004
ende23,45,0.02,True,mtme_MEE4-refA,0.049678222943976114,-0.0018926540783725798,0.001558656299836314
ende23,45,0.02,True,mtme_MS-COMET-QE-22-src,0.18677097908885545,-0.0024159172647459926,0.01595099702530267
ende23,45,0.02,True,mtme_MaTESe-refA,0.21554795135353422,0.005176596916343756,0.02675874976292325
ende23,45,0.02,True,mtme_MetricX-23-QE-b-src,0.3864943125995634,0.04312772573037482,0.0482052574796471
ende23,45,0.02,True,mtme_MetricX-23-QE-c-src,0.3316286099328506,0.03135721926048529,0.04732853818459004
ende23,45,0.02,True,mtme_MetricX-23-QE-src,0.3555719988618242,0.04612723638372107,0.04834941413916716
ende23,45,0.02,True,mtme_MetricX-23-b-refA,0.38769614512911676,0.04268457615009602,0.04827740504891698
ende23,45,0.02,True,mtme_MetricX-23-c-refA,0.22547634676880005,-0.000764047205801921,0.037462633460148775
ende23,45,0.02,True,mtme_MetricX-23-refA,0.3775378576975542,0.03702774821387855,0.047402379135906725
ende23,45,0.02,True,mtme_XCOMET-Ensemble-refA,0.4156821568129313,0.047402379135906725,0.05037918297722577
ende23,45,0.02,True,mtme_XCOMET-QE-Ensemble-src,0.3845131521536279,0.045744000829074594,0.04892054909497945
ende23,45,0.02,True,mtme_XCOMET-XL-refA,0.3977918940790506,0.04543466134249252,0.04870739629270271
ende23,45,0.02,True,mtme_XCOMET-XXL-refA,0.40475456980077995,0.046506703643828584,0.048849633625013156
ende23,45,0.02,True,mtme_XLsim-refA,0.16209617607363663,-0.003739465324396951,0.015457651575067843
ende23,45,0.02,True,mtme_YiSi-1-refA,0.0728800606414386,-0.003371441344210968,0.006011181464053994
ende23,45,0.02,True,mtme_chrF-refA,0.04767833747601784,-0.0009340039659322397,0.004502784866193599
ende23,45,0.02,True,mtme_cometoid22-wmt21-src,0.28276429069561326,0.010861886089484019,0.047402379135906725
ende23,45,0.02,True,mtme_cometoid22-wmt22-src,0.2837483440884897,0.018903703328783217,0.047402379135906725
ende23,45,0.02,True,mtme_cometoid22-wmt23-src,0.2735122652102844,0.005069021357728465,0.04688245791704626
ende23,45,0.02,True,mtme_docWMT22CometDA-refA,0.18097088736436046,0.0008924564297450033,0.02206729182399758
ende23,45,0.02,True,mtme_docWMT22CometKiwiDA-src,0.17378070269891988,0.0025481979638770635,0.022439084087999883
ende23,45,0.02,True,mtme_eBLEU-refA,0.010462934674368478,-0.00013624618005536604,0.004187516749208031
ende23,45,0.02,True,mtme_embed_llama-refA,-0.005495671076617305,-0.0018926540783725798,0.0029987191855547213
ende23,45,0.02,True,mtme_f200spBLEU-refA,0.01846109491666508,-0.0016492758521522433,-0.0016492758521522433
ende23,45,0.02,True,mtme_instructscore-refA,0.23548290990517584,0.0007236618534954831,0.018710833885087874
ende23,45,0.02,True,mtme_mbr-metricx-qe-src,0.2723352754257655,0.02110338595436201,0.047623043374144025
ende23,45,0.02,True,mtme_mre-score-labse-regular-refA,0.19275148876972706,0.004334610288387664,0.03421250578140578
ende23,45,0.02,True,mtme_prismRef-refA,0.1267221442356492,-0.0021106804060282425,0.011689922248772078
ende23,45,0.02,True,mtme_prismSrc-src,0.11630528545649922,-0.0013475882592333122,0.013117742435848179
ende23,45,0.02,True,mtme_sescoreX-refA,0.23548290990517584,0.0007236618534954831,0.018710833885087874
ende23,45,0.02,True,mtme_tokengram_F-refA,0.03888423623898771,-0.001156815222534524,0.001086508588572066
zhen23,01,0.01,True,mtme_BERTscore-refA,0.06808034079899097,-0.019422596077443677,-0.0005528318174670144
zhen23,01,0.01,True,mtme_BLEU-refA,0.054051198716880806,-0.016282250109273422,0.015508440203090057
zhen23,01,0.01,True,mtme_BLEURT-20-refA,0.11385677406495957,-0.039050536606042296,0.000748476843778545
zhen23,01,0.01,True,mtme_COMET-refA,0.07506696228520596,-0.01701083735860176,9.072446591262828e-05
zhen23,01,0.01,True,mtme_Calibri-COMET22-QE-src,0.10490932488909921,-0.05398459405005429,-0.00583886413455037
zhen23,01,0.01,True,mtme_Calibri-COMET22-refA,0.06795605519557801,-0.01802129753329429,0.002721733977376406
zhen23,01,0.01,True,mtme_CometKiwi-XL-src,0.13398494600781022,-0.055254872604833416,0.0005945347978949522
zhen23,01,0.01,True,mtme_CometKiwi-XXL-src,0.12882713827236705,-0.018104003282378933,0.0038759833114379028
zhen23,01,0.01,True,mtme_CometKiwi-src,0.11428673336036776,-0.062040019031580185,-0.007175873232415864
zhen23,01,0.01,True,mtme_GEMBA-MQM-src,0.17023888184349734,-0.035819610716713024,0.0013868835634718302
zhen23,01,0.01,True,mtme_KG-BERTScore-src,0.09032174304357908,-0.05043621263257214,-0.013563638765114572
zhen23,01,0.01,True,mtme_MEE4-refA,0.043924784807897896,-0.0016632818750630385,0.01052587705529906
zhen23,01,0.01,True,mtme_MS-COMET-QE-22-src,0.04499826028373064,-0.04636292272137954,-0.00929762602103712
zhen23,01,0.01,True,mtme_MaTESe-refA,0.13802118047448741,-0.016246009012246265,0.007755870286712652
zhen23,01,0.01,True,mtme_MetricX-23-QE-b-src,0.17300817301441823,-0.026265301301124255,0.006255925858447142
zhen23,01,0.01,True,mtme_MetricX-23-QE-c-src,0.18738226167748936,-0.013398107880174148,0.021615432715496374
zhen23,01,0.01,True,mtme_MetricX-23-QE-src,0.14971247315654534,-0.01652112390938787,0.0204810481797566
zhen23,01,0.01,True,mtme_MetricX-23-b-refA,0.2137374502352946,-0.007840160320442324,0.03263037113349965
zhen23,01,0.01,True,mtme_MetricX-23-c-refA,0.0925556570125932,-0.03717072517952347,0.0022904209427101474
zhen23,01,0.01,True,mtme_MetricX-23-refA,0.19078607832695524,-0.013563638765114572,0.0157531770610021
zhen23,01,0.01,True,mtme_XCOMET-Ensemble-refA,0.2556489227496286,-0.01045280253928671,0.03258369193248989
zhen23,01,0.01,True,mtme_XCOMET-QE-Ensemble-src,0.21625725249782923,-0.044019477801356066,0.01763078787567096
zhen23,01,0.01,True,mtme_XCOMET-XL-refA,0.2280622712992803,-0.04343807966247648,0.024551486807999456
zhen23,01,0.01,True,mtme_XCOMET-XXL-refA,0.22143320464523997,-0.003041429714401467,0.03327873420894356
zhen23,01,0.01,True,mtme_XLsim-refA,-0.01734691877158941,-0.01788784052908965,0.002959255669383487
zhen23,01,0.01,True,mtme_YiSi-1-refA,0.08237018963524752,-0.03702465875111138,-0.0009839132218683044
zhen23,01,0.01,True,mtme_chrF-refA,0.028981166344051075,-0.0166161859318823,-0.0017936472112167756
zhen23,01,0.01,True,mtme_cometoid22-wmt21-src,0.08086189499388902,-0.04442407650619029,-0.00858558170929613
zhen23,01,0.01,True,mtme_cometoid22-wmt22-src,0.12354920302481218,-0.07523690656653237,-0.011461051670357714
zhen23,01,0.01,True,mtme_cometoid22-wmt23-src,0.10675482690868152,-0.04029037158145976,-0.0034677632186570495
zhen23,01,0.01,True,mtme_docWMT22CometDA-refA,0.06981948116424305,-0.04595928280677675,0.0007029719622908548
zhen23,01,0.01,True,mtme_docWMT22CometKiwiDA-src,0.07719157377744609,-0.024086248276516287,-0.017741673334008334
zhen23,01,0.01,True,mtme_eBLEU-refA,0.05515074428820756,-0.009932168911092054,0.003516334165402313
zhen23,01,0.01,True,mtme_embed_llama-refA,0.05774636223240427,-0.017933654127548104,0.005227457321627327
zhen23,01,0.01,True,mtme_f200spBLEU-refA,0.033848624264783786,-0.012149189348288347,0.011242023057547068
zhen23,01,0.01,True,mtme_instructscore-refA,0.15307287669963193,0.0,0.02569113938337897
zhen23,01,0.01,True,mtme_mbr-metricx-qe-src,0.13805283955011172,-0.03484731339300806,-0.0012613220885895338
zhen23,01,0.01,True,mtme_mre-score-labse-regular-refA,0.07591338826869828,-0.013823980767251554,0.018814473136452126
zhen23,01,0.01,True,mtme_prismRef-refA,0.079671323785467,-0.023761551454271945,0.003681696907234744
zhen23,01,0.01,True,mtme_prismSrc-src,-0.038795458249221024,-0.011244241169092284,-0.0013971567750530323
zhen23,01,0.01,True,mtme_sescoreX-refA,0.09528896562620537,-0.011375499418507351,0.01280727043798724
zhen23,01,0.01,True,mtme_tokengram_F-refA,0.040432284692129956,-0.023587839960472534,-0.004306305128588317
zhen23,01,0.02,True,mtme_BERTscore-refA,0.06808034079899097,-0.0017251607833099758,-0.0011803731675279483
zhen23,01,0.02,True,mtme_BLEU-refA,0.054051198716880806,-0.00042637053579897,0.0007384272402691794
zhen23,01,0.02,True,mtme_BLEURT-20-refA,0.11385677406495957,-0.001397661420802443,0.00042315264496295413
zhen23,01,0.02,True,mtme_COMET-refA,0.07506696228520596,-0.002607801184073333,-0.00010628952693392257
zhen23,01,0.02,True,mtme_Calibri-COMET22-QE-src,0.10490932488909921,-0.0005334702707666672,0.0013636677847493894
zhen23,01,0.02,True,mtme_Calibri-COMET22-refA,0.06795605519557801,-0.0012889132289097827,0.0
zhen23,01,0.02,True,mtme_CometKiwi-XL-src,0.13398494600781022,-0.0016157845953190808,0.0006335336209896125
zhen23,01,0.02,True,mtme_CometKiwi-XXL-src,0.12882713827236705,-0.001834747512567514,0.001156035576444836
zhen23,01,0.02,True,mtme_CometKiwi-src,0.11428673336036776,-0.002275212047553987,0.0015705245226211861
zhen23,01,0.02,True,mtme_GEMBA-MQM-src,0.17023888184349734,-0.0021647770446939774,0.0008431236910914075
zhen23,01,0.02,True,mtme_KG-BERTScore-src,0.09032174304357908,-0.00021278074177444317,0.0017766101263352319
zhen23,01,0.02,True,mtme_MEE4-refA,0.043924784807897896,-0.0008559958085125885,0.0014671928157123926
zhen23,01,0.02,True,mtme_MS-COMET-QE-22-src,0.04499826028373064,-0.0016157845953190808,0.00010608841146175774
zhen23,01,0.02,True,mtme_MaTESe-refA,0.13802118047448741,-0.0008559958085125885,0.0008431236910914075
zhen23,01,0.02,True,mtme_MetricX-23-QE-b-src,0.17300817301441823,0.0007384272402691794,0.0035973792685888295
zhen23,01,0.02,True,mtme_MetricX-23-QE-c-src,0.18738226167748936,-0.0010720406397242144,0.0020843020616199137
zhen23,01,0.02,True,mtme_MetricX-23-QE-src,0.14971247315654534,-0.002275212047553987,0.0020843020616199137
zhen23,01,0.02,True,mtme_MetricX-23-b-refA,0.2137374502352946,-0.0019445453915922783,0.0012599488866872344
zhen23,01,0.02,True,mtme_MetricX-23-c-refA,0.0925556570125932,-0.0009639150508466976,0.0013636677847493894
zhen23,01,0.02,True,mtme_MetricX-23-refA,0.19078607832695524,-0.0009639150508466976,0.0016736634464949995
zhen23,01,0.02,True,mtme_XCOMET-Ensemble-refA,0.2556489227496286,0.00042315264496295413,0.0022884785901052807
zhen23,01,0.02,True,mtme_XCOMET-QE-Ensemble-src,0.21625725249782923,0.0007384272402691794,0.003398043967125952
zhen23,01,0.02,True,mtme_XCOMET-XL-refA,0.2280622712992803,0.0,0.0017766101263352319
zhen23,01,0.02,True,mtme_XCOMET-XXL-refA,0.22143320464523997,0.0008431236910914075,0.0038950156625008336
zhen23,01,0.02,True,mtme_XLsim-refA,-0.01734691877158941,-0.00010628952693392257,0.00042315264496295413
zhen23,01,0.02,True,mtme_YiSi-1-refA,0.08237018963524752,-0.002275212047553987,-0.0008559958085125885
zhen23,01,0.02,True,mtme_chrF-refA,0.028981166344051075,-0.0008559958085125885,0.0
zhen23,01,0.02,True,mtme_cometoid22-wmt21-src,0.08086189499388902,-0.0021647770446939774,0.0008431236910914075
zhen23,01,0.02,True,mtme_cometoid22-wmt22-src,0.12354920302481218,-0.003278814354244375,0.0005284422757548812
zhen23,01,0.02,True,mtme_cometoid22-wmt23-src,0.10675482690868152,-0.0019445453915922783,-0.00021278074177444317
zhen23,01,0.02,True,mtme_docWMT22CometDA-refA,0.06981948116424305,-0.0035042328410985757,-0.0011803731675279483
zhen23,01,0.02,True,mtme_docWMT22CometKiwiDA-src,0.07719157377744609,-0.0019445453915922783,0.00042315264496295413
zhen23,01,0.02,True,mtme_eBLEU-refA,0.05515074428820756,-0.0010720406397242144,0.0005284422757548812
zhen23,01,0.02,True,mtme_embed_llama-refA,0.05774636223240427,-0.0011803731675279483,-0.00021278074177444317
zhen23,01,0.02,True,mtme_f200spBLEU-refA,0.033848624264783786,-0.00021278074177444317,0.00021197627772240324
zhen23,01,0.02,True,mtme_instructscore-refA,0.15307287669963193,-0.001834747512567514,0.0005284422757548812
zhen23,01,0.02,True,mtme_mbr-metricx-qe-src,0.13805283955011172,-0.004071650327635679,0.0007384272402691794
zhen23,01,0.02,True,mtme_mre-score-labse-regular-refA,0.07591338826869828,-0.0028306036153340486,-0.00042637053579897
zhen23,01,0.02,True,mtme_prismRef-refA,0.079671323785467,-0.0012889132289097827,0.00021197627772240324
zhen23,01,0.02,True,mtme_prismSrc-src,-0.038795458249221024,-0.0011803731675279483,0.00010608841146175774
zhen23,01,0.02,True,mtme_sescoreX-refA,0.09528896562620537,-0.001834747512567514,-0.000319474219131477
zhen23,01,0.02,True,mtme_tokengram_F-refA,0.040432284692129956,-0.00010628952693392257,0.0003176641668983793
zhen23,02,0.01,True,mtme_BERTscore-refA,-0.043258402784302985,-0.00015567476973377126,-3.8852802999089775e-05
zhen23,02,0.01,True,mtme_BLEU-refA,0.0002597588205993851,-0.0006269520037773813,-0.0002728936400924198
zhen23,02,0.01,True,mtme_BLEURT-20-refA,0.0702346111521411,-0.0007457788890428141,-0.00011669011341486346
zhen23,02,0.01,True,mtme_COMET-refA,0.10913397622311022,-0.0005479592591284277,-0.0003120551474891098
zhen23,02,0.01,True,mtme_Calibri-COMET22-QE-src,0.23617753735882416,0.0005393734397353134,0.0008816730729622746
zhen23,02,0.01,True,mtme_Calibri-COMET22-refA,0.12402660356435821,-0.0004298063768799487,-0.00019470352634276544
zhen23,02,0.01,True,mtme_CometKiwi-XL-src,0.249768234480678,-7.774948268179926e-05,0.001220559191841386
zhen23,02,0.01,True,mtme_CometKiwi-XXL-src,0.24973391799956873,0.0001549739266512029,0.0008816730729622746
zhen23,02,0.01,True,mtme_CometKiwi-src,0.27502577462668387,0.0003861310539247098,0.0008438092880921344
zhen23,02,0.01,True,mtme_GEMBA-MQM-src,0.37285549624748826,0.0008059032916448716,0.0018147523404230537
zhen23,02,0.01,True,mtme_KG-BERTScore-src,0.2528487919832352,0.0002707472856199322,0.0008438092880921344
zhen23,02,0.01,True,mtme_MEE4-refA,0.019261354553345204,-0.0004298063768799487,-0.00019470352634276544
zhen23,02,0.01,True,mtme_MS-COMET-QE-22-src,0.1796462697590371,-0.00011669011341486346,0.0007679550129927604
zhen23,02,0.01,True,mtme_MaTESe-refA,0.21854225921723233,0.0003861310539247098,0.001295408785336516
zhen23,02,0.01,True,mtme_MetricX-23-QE-b-src,0.47001593233832967,0.0017041377949206238,0.0026508399408625705
zhen23,02,0.01,True,mtme_MetricX-23-QE-c-src,0.453415362249713,0.0015931575814992494,0.002398594819023936
zhen23,02,0.01,True,mtme_MetricX-23-QE-src,0.4393322929456136,0.001481809883927654,0.0022172395458368577
zhen23,02,0.01,True,mtme_MetricX-23-b-refA,0.23266602791871577,3.88090005156716e-05,0.0018882931134062142
zhen23,02,0.01,True,mtme_MetricX-23-c-refA,0.32506982868696427,-0.00015567476973377126,0.002289900317231419
zhen23,02,0.01,True,mtme_MetricX-23-refA,0.24753316777382256,0.0005393734397353134,0.002144419953083787
zhen23,02,0.01,True,mtme_XCOMET-Ensemble-refA,0.3615679770482427,0.0010703612846276744,0.002289900317231419
zhen23,02,0.01,True,mtme_XCOMET-QE-Ensemble-src,0.44424548246099044,0.00046283809690628175,0.0020348916329495648
zhen23,02,0.01,True,mtme_XCOMET-XL-refA,0.29165862957151323,0.0006919313257769399,0.0018882931134062142
zhen23,02,0.01,True,mtme_XCOMET-XXL-refA,0.3412747909563496,0.0006538557751685214,0.001998302216037251
zhen23,02,0.01,True,mtme_XLsim-refA,-0.019059349488739438,-0.0006269520037773813,-0.0003512610556877238
zhen23,02,0.01,True,mtme_YiSi-1-refA,-0.02313579634920202,-0.00019470352634276544,0.0
zhen23,02,0.01,True,mtme_chrF-refA,-0.0009519754665738545,-0.0005479592591284277,-0.00015567476973377126
zhen23,02,0.01,True,mtme_cometoid22-wmt21-src,0.22394779130604375,-0.00015567476973377126,0.0011079732744333493
zhen23,02,0.01,True,mtme_cometoid22-wmt22-src,0.23524193470224875,-0.00023377645811462067,0.001220559191841386
zhen23,02,0.01,True,mtme_cometoid22-wmt23-src,0.23033589510619404,-0.0011047109877446726,0.0003861310539247098
zhen23,02,0.01,True,mtme_docWMT22CometDA-refA,0.08337116790971322,-0.0007061247888695554,-0.00039051144024271345
zhen23,02,0.01,True,mtme_docWMT22CometKiwiDA-src,0.18742452110203905,-0.00011669011341486346,0.0005011271947886753
zhen23,02,0.01,True,mtme_eBLEU-refA,0.04948297937372004,-0.0003120551474891098,-3.8852802999089775e-05
zhen23,02,0.01,True,mtme_embed_llama-refA,0.02275732369763893,-0.0002728936400924198,-0.00023377645811462067
zhen23,02,0.01,True,mtme_f200spBLEU-refA,-0.0037486558933877727,-0.0005479592591284277,-0.0003120551474891098
zhen23,02,0.01,True,mtme_instructscore-refA,0.0870063079614789,-0.0007061247888695554,0.0002707472856199322
zhen23,02,0.01,True,mtme_mbr-metricx-qe-src,0.29151888246812985,0.0002321995511459507,0.0010327075037218636
zhen23,02,0.01,True,mtme_mre-score-labse-regular-refA,0.09475023628884116,-0.0005479592591284277,-0.00015567476973377126
zhen23,02,0.01,True,mtme_prismRef-refA,-0.014009416371219448,-0.0005085302101661693,-0.00019470352634276544
zhen23,02,0.01,True,mtme_prismSrc-src,0.030666959930330306,-0.0005479592591284277,-0.00019470352634276544
zhen23,02,0.01,True,mtme_sescoreX-refA,-0.007297118612114763,-0.0004298063768799487,-0.00015567476973377126
zhen23,02,0.01,True,mtme_tokengram_F-refA,0.0035065600578004976,-0.0005874331648021425,-7.774948268179926e-05
zhen23,02,0.02,True,mtme_BERTscore-refA,-0.043258402784302985,-0.00034044956679846194,-6.780336980005686e-05
zhen23,02,0.02,True,mtme_BLEU-refA,0.0002597588205993851,-0.0001697763514092454,-3.388386067038063e-05
zhen23,02,0.02,True,mtme_BLEURT-20-refA,0.0702346111521411,-0.00040897156845032256,-0.0001697763514092454
zhen23,02,0.02,True,mtme_COMET-refA,0.10913397622311022,-0.0002720722026172684,-0.00010175858367622581
zhen23,02,0.02,True,mtme_Calibri-COMET22-QE-src,0.23617753735882416,-6.780336980005686e-05,0.00030335979443218974
zhen23,02,0.02,True,mtme_Calibri-COMET22-refA,0.12402660356435821,-0.0001697763514092454,-3.388386067038063e-05
zhen23,02,0.02,True,mtme_CometKiwi-XL-src,0.249768234480678,3.3848268379710333e-05,0.0004706622023625817
zhen23,02,0.02,True,mtme_CometKiwi-XXL-src,0.24973391799956873,-0.0005464513237514179,0.00020255768358801163
zhen23,02,0.02,True,mtme_CometKiwi-src,0.27502577462668387,-0.0002720722026172684,0.00023619357118553896
zhen23,02,0.02,True,mtme_GEMBA-MQM-src,0.37285549624748826,6.766100051947e-05,0.000703424720838508
zhen23,02,0.02,True,mtme_KG-BERTScore-src,0.2528487919832352,-0.0002720722026172684,0.0
zhen23,02,0.02,True,mtme_MEE4-refA,0.019261354553345204,-0.00020383901843401553,6.766100051947e-05
zhen23,02,0.02,True,mtme_MS-COMET-QE-22-src,0.1796462697590371,-0.00040897156845032256,0.0002697942563890665
zhen23,02,0.02,True,mtme_MaTESe-refA,0.21854225921723233,-0.0001697763514092454,0.0004706622023625817
zhen23,02,0.02,True,mtme_MetricX-23-QE-b-src,0.47001593233832967,0.00040384607620846946,0.0009673736991991921
zhen23,02,0.02,True,mtme_MetricX-23-QE-c-src,0.453415362249713,6.766100051947e-05,0.0008686493923628635
zhen23,02,0.02,True,mtme_MetricX-23-QE-src,0.4393322929456136,-3.388386067038063e-05,0.0004706622023625817
zhen23,02,0.02,True,mtme_MetricX-23-b-refA,0.23266602791871577,-0.00040897156845032256,0.0006702766822144213
zhen23,02,0.02,True,mtme_MetricX-23-c-refA,0.32506982868696427,-0.0008579220313489344,0.0007696175331688426
zhen23,02,0.02,True,mtme_MetricX-23-refA,0.24753316777382256,6.766100051947e-05,0.000703424720838508
zhen23,02,0.02,True,mtme_XCOMET-Ensemble-refA,0.3615679770482427,0.00033689024043348503,0.0010002137040081571
zhen23,02,0.02,True,mtme_XCOMET-QE-Ensemble-src,0.44424548246099044,0.0004706622023625817,0.0010330197481088765
zhen23,02,0.02,True,mtme_XCOMET-XL-refA,0.29165862957151323,-0.0001357495587044344,0.0005373390557159574
zhen23,02,0.02,True,mtme_XCOMET-XXL-refA,0.3412747909563496,0.00030335979443218974,0.000835673016013061
zhen23,02,0.02,True,mtme_XLsim-refA,-0.019059349488739438,-0.0004432869518169458,-0.0001357495587044344
zhen23,02,0.02,True,mtme_YiSi-1-refA,-0.02313579634920202,-0.0001357495587044344,-3.388386067038063e-05
zhen23,02,0.02,True,mtme_chrF-refA,-0.0009519754665738545,-0.00010175858367622581,3.3848268379710333e-05
zhen23,02,0.02,True,mtme_cometoid22-wmt21-src,0.22394779130604375,-0.0007537672864903477,0.00016888653824664868
zhen23,02,0.02,True,mtme_cometoid22-wmt22-src,0.23524193470224875,-0.0006499442446410431,0.000135180079695707
zhen23,02,0.02,True,mtme_cometoid22-wmt23-src,0.23033589510619404,-0.0008579220313489344,3.3848268379710333e-05
zhen23,02,0.02,True,mtme_docWMT22CometDA-refA,0.08337116790971322,-0.0001357495587044344,6.766100051947e-05
zhen23,02,0.02,True,mtme_docWMT22CometKiwiDA-src,0.18742452110203905,-0.0006154100020736575,-3.388386067038063e-05
zhen23,02,0.02,True,mtme_eBLEU-refA,0.04948297937372004,-0.0002720722026172684,0.0
zhen23,02,0.02,True,mtme_embed_llama-refA,0.02275732369763893,-0.0002720722026172684,-3.388386067038063e-05
zhen23,02,0.02,True,mtme_f200spBLEU-refA,-0.0037486558933877727,-3.388386067038063e-05,-3.388386067038063e-05
zhen23,02,0.02,True,mtme_instructscore-refA,0.0870063079614789,0.00010143825235287007,0.00016888653824664868
zhen23,02,0.02,True,mtme_mbr-metricx-qe-src,0.29151888246812985,6.766100051947e-05,0.0002697942563890665
zhen23,02,0.02,True,mtme_mre-score-labse-regular-refA,0.09475023628884116,-0.00034044956679846194,-0.00020383901843401553
zhen23,02,0.02,True,mtme_prismRef-refA,-0.014009416371219448,-0.00034044956679846194,-0.0001697763514092454
zhen23,02,0.02,True,mtme_prismSrc-src,0.030666959930330306,-0.0002720722026172684,-0.00010175858367622581
zhen23,02,0.02,True,mtme_sescoreX-refA,-0.007297118612114763,-0.0001697763514092454,3.3848268379710333e-05
zhen23,02,0.02,True,mtme_tokengram_F-refA,0.0035065600578004976,-0.00010175858367622581,0.0
zhen23,03,0.01,True,mtme_BERTscore-refA,-0.04838018084156452,-0.0001116734162531774,-7.440785755497004e-05
zhen23,03,0.01,True,mtme_BLEU-refA,-0.003238526733995218,-0.0002986202389583248,-7.440785755497004e-05
zhen23,03,0.01,True,mtme_BLEURT-20-refA,0.07934726794302738,-0.000827621326331851,-0.00026114810880684125
zhen23,03,0.01,True,mtme_COMET-refA,0.12409850880085802,-0.0006377461447204524,-0.00014898015236441964
zhen23,03,0.01,True,mtme_Calibri-COMET22-QE-src,0.23946036714029384,0.0002591403803481329,0.0005894078159112137
zhen23,03,0.01,True,mtme_Calibri-COMET22-refA,0.1305853243812341,-0.0007895615715793891,-0.000486605078447111
zhen23,03,0.01,True,mtme_CometKiwi-XL-src,0.25390830411454335,-0.0003736891294059408,0.0010247440447642697
zhen23,03,0.01,True,mtme_CometKiwi-XXL-src,0.25977364349916,-0.00026114810880684125,0.0007351528783516859
zhen23,03,0.01,True,mtme_CometKiwi-src,0.27366016577192465,-3.718340813274601e-05,0.0006259037804819956
zhen23,03,0.01,True,mtme_GEMBA-MQM-src,0.3584659446312677,0.0002591403803481329,0.001168598378242236
zhen23,03,0.01,True,mtme_KG-BERTScore-src,0.2540876207674332,-3.718340813274601e-05,0.0006259037804819956
zhen23,03,0.01,True,mtme_MEE4-refA,0.017118297347587665,-0.00041128602794993085,-0.0001116734162531774
zhen23,03,0.01,True,mtme_MS-COMET-QE-22-src,0.19712906217906223,-0.0006377461447204524,0.0005162960969518071
zhen23,03,0.01,True,mtme_MaTESe-refA,0.23984402236099375,-0.0003361338894756205,0.0010607661689638892
zhen23,03,0.01,True,mtme_MetricX-23-QE-b-src,0.49451311982232166,0.0009886827873497595,0.002088666719445187
zhen23,03,0.01,True,mtme_MetricX-23-QE-c-src,0.4548753567685007,0.0010247440447642697,0.0018083025468038638
zhen23,03,0.01,True,mtme_MetricX-23-QE-src,0.4721310704243221,0.0005528719432328355,0.0014900023055195444
zhen23,03,0.01,True,mtme_MetricX-23-b-refA,0.250075846434521,-0.0006756366041242856,0.0014544448531789156
zhen23,03,0.01,True,mtme_MetricX-23-c-refA,0.3203140576363951,-0.000980286069667713,0.001737835074840266
zhen23,03,0.01,True,mtme_MetricX-23-refA,0.26539519159077796,0.0004430242208861568,0.0018083025468038638
zhen23,03,0.01,True,mtme_XCOMET-Ensemble-refA,0.3840894728573771,0.0005894078159112137,0.001737835074840266
zhen23,03,0.01,True,mtme_XCOMET-QE-Ensemble-src,0.4875371135056064,0.00018530379039261025,0.0016672160599262575
zhen23,03,0.01,True,mtme_XCOMET-XL-refA,0.2917388105714745,0.000406328059393557,0.0012760806722929008
zhen23,03,0.01,True,mtme_XCOMET-XXL-refA,0.37952244117923484,0.000406328059393557,0.0016672160599262575
zhen23,03,0.01,True,mtme_XLsim-refA,-0.024683007475189065,-0.00041128602794993085,-0.00014898015236441964
zhen23,03,0.01,True,mtme_YiSi-1-refA,-0.031509843100073404,-0.0003361338894756205,-0.0001116734162531774
zhen23,03,0.01,True,mtme_chrF-refA,-0.00755327286077019,-0.00022371743012672418,0.00011130465428432768
zhen23,03,0.01,True,mtme_cometoid22-wmt21-src,0.2435491796404312,-0.000827621326331851,0.0006987762465641145
zhen23,03,0.01,True,mtme_cometoid22-wmt22-src,0.24547474107895845,-0.000486605078447111,0.0007714898625840183
zhen23,03,0.01,True,mtme_cometoid22-wmt23-src,0.24539226313199639,-0.001172080250863905,0.00029599788779288705
zhen23,03,0.01,True,mtme_docWMT22CometDA-refA,0.09308706424731866,-0.001172080250863905,-0.00044892465446078056
zhen23,03,0.01,True,mtme_docWMT22CometKiwiDA-src,0.15978018205052563,-0.00026114810880684125,0.00022224237014778492
zhen23,03,0.01,True,mtme_eBLEU-refA,0.04431054863717578,-0.0005620915976500829,-0.00022371743012672418
zhen23,03,0.01,True,mtme_embed_llama-refA,0.02315012220060137,-0.0003736891294059408,7.424396359567709e-05
zhen23,03,0.01,True,mtme_f200spBLEU-refA,0.002943915774334864,-3.718340813274601e-05,3.7142434680226266e-05
zhen23,03,0.01,True,mtme_instructscore-refA,0.07791253200310572,-0.0001116734162531774,0.000406328059393557
zhen23,03,0.01,True,mtme_mbr-metricx-qe-src,0.29228736038949216,-0.0003361338894756205,0.0006259037804819956
zhen23,03,0.01,True,mtme_mre-score-labse-regular-refA,0.09177209949145082,-0.0007135692813102779,-0.00026114810880684125
zhen23,03,0.01,True,mtme_prismRef-refA,-0.018588504148079103,-0.00041128602794993085,-0.0001116734162531774
zhen23,03,0.01,True,mtme_prismSrc-src,0.026017317058410316,-0.00018632813417607252,0.0
zhen23,03,0.01,True,mtme_sescoreX-refA,-0.007007557858196295,-0.000486605078447111,-0.0003736891294059408
zhen23,03,0.01,True,mtme_tokengram_F-refA,-0.0009995973815849915,-0.0001116734162531774,7.424396359567709e-05
zhen23,03,0.02,True,mtme_BERTscore-refA,-0.04838018084156452,-0.00013414104585751652,-3.348269835878881e-05
zhen23,03,0.02,True,mtme_BLEU-refA,-0.003238526733995218,-0.0001677640959645288,-0.00020142237189668677
zhen23,03,0.02,True,mtme_BLEURT-20-refA,0.07934726794302738,-0.00013414104585751652,0.0
zhen23,03,0.02,True,mtme_COMET-refA,0.12409850880085802,3.3447747733950095e-05,0.0
zhen23,03,0.02,True,mtme_Calibri-COMET22-QE-src,0.23946036714029384,-0.00013414104585751652,0.0
zhen23,03,0.02,True,mtme_Calibri-COMET22-refA,0.1305853243812341,-0.00013414104585751652,0.0
zhen23,03,0.02,True,mtme_CometKiwi-XL-src,0.25390830411454335,-6.700040215212866e-05,0.0004980768237701216
zhen23,03,0.02,True,mtme_CometKiwi-XXL-src,0.25977364349916,-0.000505941194671955,0.0003329136865372062
zhen23,03,0.02,True,mtme_CometKiwi-src,0.27366016577192465,-0.00020142237189668677,6.686059953942003e-05
zhen23,03,0.02,True,mtme_GEMBA-MQM-src,0.3584659446312677,0.0001335818335767014,0.0007932239462622448
zhen23,03,0.02,True,mtme_KG-BERTScore-src,0.2540876207674332,-0.0004041148796118943,3.3447747733950095e-05
zhen23,03,0.02,True,mtme_MEE4-refA,0.017118297347587665,-6.700040215212866e-05,-3.348269835878881e-05
zhen23,03,0.02,True,mtme_MS-COMET-QE-22-src,0.19712906217906223,-0.0004719633799148415,6.686059953942003e-05
zhen23,03,0.02,True,mtme_MaTESe-refA,0.23984402236099375,0.0,0.0005310068122915679
zhen23,03,0.02,True,mtme_MetricX-23-QE-b-src,0.49451311982232166,0.00010023860999763823,0.0009235227845785232
zhen23,03,0.02,True,mtme_MetricX-23-QE-c-src,0.4548753567685007,0.0002001641374027585,0.0008258490291035425
zhen23,03,0.02,True,mtme_MetricX-23-QE-src,0.4721310704243221,-3.348269835878881e-05,0.0008258490291035425
zhen23,03,0.02,True,mtme_MetricX-23-b-refA,0.250075846434521,-0.0005399547943840677,0.0009884712286648556
zhen23,03,0.02,True,mtme_MetricX-23-c-refA,0.3203140576363951,-0.0004719633799148415,0.0007605651946046565
zhen23,03,0.02,True,mtme_MetricX-23-refA,0.26539519159077796,0.0001335818335767014,0.0009884712286648556
zhen23,03,0.02,True,mtme_XCOMET-Ensemble-refA,0.3840894728573771,0.0003329136865372062,0.000956013711468362
zhen23,03,0.02,True,mtme_XCOMET-QE-Ensemble-src,0.4875371135056064,3.3447747733950095e-05,0.0009235227845785232
zhen23,03,0.02,True,mtme_XCOMET-XL-refA,0.2917388105714745,0.0,0.0006623864047382577
zhen23,03,0.02,True,mtme_XCOMET-XXL-refA,0.37952244117923484,0.0002001641374027585,0.0008909983963839574
zhen23,03,0.02,True,mtme_XLsim-refA,-0.024683007475189065,-6.700040215212866e-05,-3.348269835878881e-05
zhen23,03,0.02,True,mtme_YiSi-1-refA,-0.031509843100073404,-0.0001677640959645288,-0.00010055316630497302
zhen23,03,0.02,True,mtme_chrF-refA,-0.00755327286077019,-0.00013414104585751652,-6.700040215212866e-05
zhen23,03,0.02,True,mtme_cometoid22-wmt21-src,0.2435491796404312,-0.0005740042356130459,0.0001335818335767014
zhen23,03,0.02,True,mtme_cometoid22-wmt22-src,0.24547474107895845,-0.0002688448228984619,0.0002001641374027585
zhen23,03,0.02,True,mtme_cometoid22-wmt23-src,0.24539226313199639,-0.0006763681758146234,0.0004321143675101169
zhen23,03,0.02,True,mtme_docWMT22CometDA-refA,0.09308706424731866,-0.00020142237189668677,0.0
zhen23,03,0.02,True,mtme_docWMT22CometKiwiDA-src,0.15978018205052563,-0.0001677640959645288,0.0002001641374027585
zhen23,03,0.02,True,mtme_eBLEU-refA,0.04431054863717578,-3.348269835878881e-05,3.3447747733950095e-05
zhen23,03,0.02,True,mtme_embed_llama-refA,0.02315012220060137,-6.700040215212866e-05,0.0
zhen23,03,0.02,True,mtme_f200spBLEU-refA,0.002943915774334864,-0.0001677640959645288,-3.348269835878881e-05
zhen23,03,0.02,True,mtme_instructscore-refA,0.07791253200310572,-0.00013414104585751652,0.0002666079444968439
zhen23,03,0.02,True,mtme_mbr-metricx-qe-src,0.29228736038949216,0.00016689032463124143,0.00029977804673897435
zhen23,03,0.02,True,mtme_mre-score-labse-regular-refA,0.09177209949145082,-0.00010055316630497302,-3.348269835878881e-05
zhen23,03,0.02,True,mtme_prismRef-refA,-0.018588504148079103,-0.00020142237189668677,-0.00010055316630497302
zhen23,03,0.02,True,mtme_prismSrc-src,0.026017317058410316,-0.0001677640959645288,-6.700040215212866e-05
zhen23,03,0.02,True,mtme_sescoreX-refA,-0.007007557858196295,-0.00013414104585751652,-3.348269835878881e-05
zhen23,03,0.02,True,mtme_tokengram_F-refA,-0.0009995973815849915,-0.00010055316630497302,-6.700040215212866e-05
zhen23,04,0.01,True,mtme_BERTscore-refA,-0.06402422450566439,-7.546147898884747e-05,0.0
zhen23,04,0.01,True,mtme_BLEU-refA,-0.01816584702919169,-0.00022688891482069984,-0.0002648512834191319
zhen23,04,0.01,True,mtme_BLEURT-20-refA,0.049801176627748016,-0.0001510909301070118,0.00022538218157330814
zhen23,04,0.01,True,mtme_COMET-refA,0.08909178139195223,-0.0004935172284994405,0.00011287849282237694
zhen23,04,0.01,True,mtme_Calibri-COMET22-QE-src,0.19464200081813504,-3.7709777972683156e-05,0.0003375129299197921
zhen23,04,0.01,True,mtme_Calibri-COMET22-refA,0.07841648508900635,-0.00022688891482069984,0.0
zhen23,04,0.01,True,mtme_CometKiwi-XL-src,0.2077014698312019,-0.0002648512834191319,0.0005977113954918067
zhen23,04,0.01,True,mtme_CometKiwi-XXL-src,0.21875086486865034,-0.00022688891482069984,0.0005606629984901135
zhen23,04,0.01,True,mtme_CometKiwi-src,0.2095927699642415,-0.0005317775069433317,0.00030017733709464256
zhen23,04,0.01,True,mtme_GEMBA-MQM-src,0.33333425019070756,0.00015042127501496694,0.0008559127237183217
zhen23,04,0.01,True,mtme_KG-BERTScore-src,0.18697817285863072,-0.0005317775069433317,0.00022538218157330814
zhen23,04,0.01,True,mtme_MEE4-refA,0.01693944048520464,-0.0005317775069433317,-0.0001510909301070118
zhen23,04,0.01,True,mtme_MS-COMET-QE-22-src,0.13755674741954022,-0.00041712491835532717,0.00011287849282237694
zhen23,04,0.01,True,mtme_MaTESe-refA,0.2032133330635582,-0.0001510909301070118,0.0005606629984901135
zhen23,04,0.01,True,mtme_MetricX-23-QE-b-src,0.4452539140646905,0.0008191482214544576,0.0017263242513393395
zhen23,04,0.01,True,mtme_MetricX-23-QE-c-src,0.43916926811283913,0.0009293209248429912,0.0016187612007716456
zhen23,04,0.01,True,mtme_MetricX-23-QE-src,0.42094161482876424,0.0009293209248429912,0.0012939629696452348
zhen23,04,0.01,True,mtme_MetricX-23-b-refA,0.22815852451562868,-0.00022688891482069984,0.0005235737768084503
zhen23,04,0.01,True,mtme_MetricX-23-c-refA,0.290750611864914,-0.0013844723017673033,0.0009293209248429912
zhen23,04,0.01,True,mtme_MetricX-23-refA,0.2457903314948477,0.00015042127501496694,0.0007454980818291101
zhen23,04,0.01,True,mtme_XCOMET-Ensemble-refA,0.3415890876888851,0.00048644366293104646,0.0014387100074297887
zhen23,04,0.01,True,mtme_XCOMET-QE-Ensemble-src,0.43188418283765895,0.0006347190351810861,0.0017978391444195552
zhen23,04,0.01,True,mtme_XCOMET-XL-refA,0.2713749811111641,0.00018792248159049674,0.0010391322087561772
zhen23,04,0.01,True,mtme_XCOMET-XXL-refA,0.32600621864265267,0.00048644366293104646,0.0013302088255956468
zhen23,04,0.01,True,mtme_XLsim-refA,-0.026649812096612234,-0.0004935172284994405,-0.0003409031267604945
zhen23,04,0.01,True,mtme_YiSi-1-refA,-0.05601548292435077,-7.546147898884747e-05,0.0
zhen23,04,0.01,True,mtme_chrF-refA,-0.020270571136675974,3.7667924722817325e-05,-3.7709777972683156e-05
zhen23,04,0.01,True,mtme_cometoid22-wmt21-src,0.18332050821531626,-0.0008780566974480042,0.00015042127501496694
zhen23,04,0.01,True,mtme_cometoid22-wmt22-src,0.20481414292511216,-0.0009942634417543506,0.0003748072907262534
zhen23,04,0.01,True,mtme_cometoid22-wmt23-src,0.20065653342157225,-0.0008394082111926604,0.0008559127237183217
zhen23,04,0.01,True,mtme_docWMT22CometDA-refA,0.053857868788589065,-0.0006468156984076323,-7.546147898884747e-05
zhen23,04,0.01,True,mtme_docWMT22CometKiwiDA-src,0.137811870578493,-0.00041712491835532717,0.00026280044383497625
zhen23,04,0.01,True,mtme_eBLEU-refA,0.04826330462841845,-7.546147898884747e-05,-7.546147898884747e-05
zhen23,04,0.01,True,mtme_embed_llama-refA,0.033564010421967966,-0.0004935172284994405,-0.0003409031267604945
zhen23,04,0.01,True,mtme_f200spBLEU-refA,-0.01918329641323012,-0.0002648512834191319,-0.0001510909301070118
zhen23,04,0.01,True,mtme_instructscore-refA,0.04454560340224002,-0.0005700806300437122,-7.546147898884747e-05
zhen23,04,0.01,True,mtme_mbr-metricx-qe-src,0.23428652888603285,-0.0003789927434425522,3.7667924722817325e-05
zhen23,04,0.01,True,mtme_mre-score-labse-regular-refA,0.07173057724725229,-0.0004935172284994405,-0.00022688891482069984
zhen23,04,0.01,True,mtme_prismRef-refA,-0.036257037903625715,-0.0004935172284994405,-7.546147898884747e-05
zhen23,04,0.01,True,mtme_prismSrc-src,-0.0020423278417592825,-0.00022688891482069984,-7.546147898884747e-05
zhen23,04,0.01,True,mtme_sescoreX-refA,-0.039191851129261566,-0.0002648512834191319,-0.00018896882057517495
zhen23,04,0.01,True,mtme_tokengram_F-refA,-0.017146945777237087,0.0,-0.0001510909301070118
zhen23,04,0.02,True,mtme_BERTscore-refA,-0.06402422450566439,-6.75563517771316e-05,-6.75563517771316e-05
zhen23,04,0.02,True,mtme_BLEU-refA,-0.01816584702919169,-6.75563517771316e-05,3.372506554921717e-05
zhen23,04,0.02,True,mtme_BLEURT-20-refA,0.049801176627748016,-0.00013525470324293742,0.0
zhen23,04,0.02,True,mtme_COMET-refA,0.08909178139195223,-0.0002370694607760626,-6.75563517771316e-05
zhen23,04,0.02,True,mtme_Calibri-COMET22-QE-src,0.19464200081813504,0.00013468848784481402,0.00043568569056362527
zhen23,04,0.02,True,mtme_Calibri-COMET22-refA,0.07841648508900635,-0.00016915726884270121,-6.75563517771316e-05
zhen23,04,0.02,True,mtme_CometKiwi-XL-src,0.2077014698312019,-0.0002370694607760626,0.00046895572667882135
zhen23,04,0.02,True,mtme_CometKiwi-XXL-src,0.21875086486865034,-0.0005101540042375952,0.0003022582597131951
zhen23,04,0.02,True,mtme_CometKiwi-src,0.2095927699642415,-6.75563517771316e-05,0.00040238098010114687
zhen23,04,0.02,True,mtme_GEMBA-MQM-src,0.33333425019070756,3.372506554921717e-05,0.0005021911425688863
zhen23,04,0.02,True,mtme_KG-BERTScore-src,0.18697817285863072,-0.000339206247063073,0.0002688143083773298
zhen23,04,0.02,True,mtme_MEE4-refA,0.01693944048520464,-0.00016915726884270121,0.0
zhen23,04,0.02,True,mtme_MS-COMET-QE-22-src,0.13755674741954022,-0.00016915726884270121,0.00013468848784481402
zhen23,04,0.02,True,mtme_MaTESe-refA,0.2032133330635582,-0.0001013877495814608,0.00020182151092906775
zhen23,04,0.02,True,mtme_MetricX-23-QE-b-src,0.4452539140646905,0.00043568569056362527,0.0008655111493862666
zhen23,04,0.02,True,mtme_MetricX-23-QE-c-src,0.43916926811283913,0.00033566731908118985,0.0007997608501441045
zhen23,04,0.02,True,mtme_MetricX-23-QE-src,0.42094161482876424,0.0002688143083773298,0.0007008796298884068
zhen23,04,0.02,True,mtme_MetricX-23-b-refA,0.22815852451562868,-0.00013525470324293742,0.0005021911425688863
zhen23,04,0.02,True,mtme_MetricX-23-c-refA,0.290750611864914,-0.0009588759456622409,0.0008326530158881962
zhen23,04,0.02,True,mtme_MetricX-23-refA,0.2457903314948477,-0.0001013877495814608,0.00043568569056362527
zhen23,04,0.02,True,mtme_XCOMET-Ensemble-refA,0.3415890876888851,0.00033566731908118985,0.0008326530158881962
zhen23,04,0.02,True,mtme_XCOMET-QE-Ensemble-src,0.43188418283765895,0.00033566731908118985,0.0008655111493862666
zhen23,04,0.02,True,mtme_XCOMET-XL-refA,0.2713749811111641,0.0002688143083773298,0.0006016902084264864
zhen23,04,0.02,True,mtme_XCOMET-XXL-refA,0.32600621864265267,0.00023533541038400774,0.0008655111493862666
zhen23,04,0.02,True,mtme_XLsim-refA,-0.026649812096612234,-0.0001013877495814608,0.0
zhen23,04,0.02,True,mtme_YiSi-1-refA,-0.05601548292435077,-6.75563517771316e-05,-3.376045386538351e-05
zhen23,04,0.02,True,mtme_chrF-refA,-0.020270571136675974,-3.376045386538351e-05,3.372506554921717e-05
zhen23,04,0.02,True,mtme_cometoid22-wmt21-src,0.18332050821531626,-0.0006475641293901546,0.0003022582597131951
zhen23,04,0.02,True,mtme_cometoid22-wmt22-src,0.20481414292511216,-0.0005101540042375952,0.00023533541038400774
zhen23,04,0.02,True,mtme_cometoid22-wmt23-src,0.20065653342157225,-0.00027107919986457674,0.0002688143083773298
zhen23,04,0.02,True,mtme_docWMT22CometDA-refA,0.053857868788589065,-0.0003733236686425112,0.0
zhen23,04,0.02,True,mtme_docWMT22CometKiwiDA-src,0.137811870578493,-0.00027107919986457674,0.00023533541038400774
zhen23,04,0.02,True,mtme_eBLEU-refA,0.04826330462841845,-3.376045386538351e-05,6.741479839489362e-05
zhen23,04,0.02,True,mtme_embed_llama-refA,0.033564010421967966,-6.75563517771316e-05,0.0
zhen23,04,0.02,True,mtme_f200spBLEU-refA,-0.01918329641323012,-3.376045386538351e-05,-3.376045386538351e-05
zhen23,04,0.02,True,mtme_instructscore-refA,0.04454560340224002,-0.00020309550258112985,-0.00013525470324293742
zhen23,04,0.02,True,mtme_mbr-metricx-qe-src,0.23428652888603285,0.00013468848784481402,0.00043568569056362527
zhen23,04,0.02,True,mtme_mre-score-labse-regular-refA,0.07173057724725229,-0.0002370694607760626,0.00013468848784481402
zhen23,04,0.02,True,mtme_prismRef-refA,-0.036257037903625715,-0.0001013877495814608,-3.376045386538351e-05
zhen23,04,0.02,True,mtme_prismSrc-src,-0.0020423278417592825,-0.00016915726884270121,-3.376045386538351e-05
zhen23,04,0.02,True,mtme_sescoreX-refA,-0.039191851129261566,-6.75563517771316e-05,0.0
zhen23,04,0.02,True,mtme_tokengram_F-refA,-0.017146945777237087,0.0,3.372506554921717e-05
zhen23,05,0.01,True,mtme_BERTscore-refA,0.060186110955090154,-0.0001025232201263826,0.00010219946258915868
zhen23,05,0.01,True,mtme_BLEU-refA,-0.004560333530488221,-0.0003085471063337675,-3.4138357756452464e-05
zhen23,05,0.01,True,mtme_BLEURT-20-refA,0.22492519289717644,-0.00020537173867718472,0.0002718165934129102
zhen23,05,0.01,True,mtme_COMET-refA,0.20691913993021643,-0.0001025232201263826,0.00020407669881172819
zhen23,05,0.01,True,mtme_Calibri-COMET22-QE-src,0.16598684308809378,-0.00017105265937211733,0.00013619426892474973
zhen23,05,0.01,True,mtme_Calibri-COMET22-refA,0.13655221017003727,0.00013619426892474973,0.00020407669881172819
zhen23,05,0.01,True,mtme_CometKiwi-XL-src,0.23447424464281952,0.00030563323019838773,0.0008419137136633781
zhen23,05,0.01,True,mtme_CometKiwi-XXL-src,0.2262752832325282,-6.831274544216726e-05,0.0006752877027277338
zhen23,05,0.01,True,mtme_CometKiwi-src,0.2464602176836671,-0.0004466253938342213,0.0002718165934129102
zhen23,05,0.01,True,mtme_GEMBA-MQM-src,0.35628879662967383,0.0,0.000908321626961639
zhen23,05,0.01,True,mtme_KG-BERTScore-src,0.2219098995184162,-0.00020537173867718472,0.0002379644349501664
zhen23,05,0.01,True,mtme_MEE4-refA,0.015156482086672174,-6.831274544216726e-05,3.4102384776968364e-05
zhen23,05,0.01,True,mtme_MS-COMET-QE-22-src,0.24449215579628472,-0.001004851960860087,0.0008419137136633781
zhen23,05,0.01,True,mtme_MaTESe-refA,0.32478369576182187,-0.0005158846411246198,0.0002718165934129102
zhen23,05,0.01,True,mtme_MetricX-23-QE-b-src,0.5327813736953584,0.0006418581418696778,0.0013693392046254527
zhen23,05,0.01,True,mtme_MetricX-23-QE-c-src,0.44562207179746105,0.0011396660250746482,0.0014998376332594487
zhen23,05,0.01,True,mtme_MetricX-23-QE-src,0.5121178522620373,0.0007753674505460717,0.0011396660250746482
zhen23,05,0.01,True,mtme_MetricX-23-b-refA,0.49820577203825245,0.0006418581418696778,0.0013693392046254527
zhen23,05,0.01,True,mtme_MetricX-23-c-refA,0.30187459278715595,-0.0006200499592952102,0.0007086824048150309
zhen23,05,0.01,True,mtme_MetricX-23-refA,0.49856318980609726,0.0007753674505460717,0.001271111317645901
zhen23,05,0.01,True,mtme_XCOMET-Ensemble-refA,0.4896147179027578,0.0005077902168392212,0.001073738953761616
zhen23,05,0.01,True,mtme_XCOMET-QE-Ensemble-src,0.4817339247436418,0.0001701533288813728,0.0004405456764314808
zhen23,05,0.01,True,mtme_XCOMET-XL-refA,0.4831541426107594,0.0002379644349501664,0.0010407241262965217
zhen23,05,0.01,True,mtme_XCOMET-XXL-refA,0.46520966971838473,0.0005077902168392212,0.0008419137136633781
zhen23,05,0.01,True,mtme_XLsim-refA,-0.06885166653919342,-0.0003085471063337675,-0.0001025232201263826
zhen23,05,0.01,True,mtme_YiSi-1-refA,0.0673988253970268,-0.0001025232201263826,6.816885340343859e-05
zhen23,05,0.01,True,mtme_chrF-refA,0.004115006457545575,-0.00034301179812623595,-0.0001025232201263826
zhen23,05,0.01,True,mtme_cometoid22-wmt21-src,0.2648841162221311,-0.0007943999493318366,0.00047418554070655095
zhen23,05,0.01,True,mtme_cometoid22-wmt22-src,0.2945871976137254,-0.00017105265937211733,0.0005077902168392212
zhen23,05,0.01,True,mtme_cometoid22-wmt23-src,0.2574907729780205,-0.0006548456868062935,0.00037316016214405945
zhen23,05,0.01,True,mtme_docWMT22CometDA-refA,0.16938714911783073,-0.0003085471063337675,0.00010219946258915868
zhen23,05,0.01,True,mtme_docWMT22CometKiwiDA-src,0.18716153579385744,-0.0005852912485155848,6.816885340343859e-05
zhen23,05,0.01,True,mtme_eBLEU-refA,0.02044603161368152,-0.00027411890442108344,0.0001701533288813728
zhen23,05,0.01,True,mtme_embed_llama-refA,0.04944101223294374,-0.0004120508836482628,-3.4138357756452464e-05
zhen23,05,0.01,True,mtme_f200spBLEU-refA,0.012275671569297531,-0.0003775130378425029,-3.4138357756452464e-05
zhen23,05,0.01,True,mtme_instructscore-refA,0.3072234863733824,0.00030563323019838773,0.0008086579028395713
zhen23,05,0.01,True,mtme_mbr-metricx-qe-src,0.380932689144036,0.00030563323019838773,0.0008419137136633781
zhen23,05,0.01,True,mtme_mre-score-labse-regular-refA,0.06159708970337571,3.4102384776968364e-05,0.00013619426892474973
zhen23,05,0.01,True,mtme_prismRef-refA,0.09471399258043187,-0.00023972713446829275,-3.4138357756452464e-05
zhen23,05,0.01,True,mtme_prismSrc-src,-0.03631200721594958,-0.0003085471063337675,-6.831274544216726e-05
zhen23,05,0.01,True,mtme_sescoreX-refA,0.20298769704149067,-0.0006200499592952102,6.816885340343859e-05
zhen23,05,0.01,True,mtme_tokengram_F-refA,0.0023953748211835418,-0.0003085471063337675,-0.0001025232201263826
zhen23,05,0.02,True,mtme_BERTscore-refA,0.060186110955090154,9.622442870005354e-05,9.622442870005354e-05
zhen23,05,0.02,True,mtme_BLEU-refA,-0.004560333530488221,-6.431368465542597e-05,3.210757239568984e-05
zhen23,05,0.02,True,mtme_BLEURT-20-refA,0.22492519289717644,0.0,0.000351388665781438
zhen23,05,0.02,True,mtme_COMET-refA,0.20691913993021643,9.622442870005354e-05,0.00031960664336905253
zhen23,05,0.02,True,mtme_Calibri-COMET22-QE-src,0.16598684308809378,0.00016021056766235553,0.00016021056766235553
zhen23,05,0.02,True,mtme_Calibri-COMET22-refA,0.13655221017003727,-3.214040222432324e-05,0.00012823381285220758
zhen23,05,0.02,True,mtme_CometKiwi-XL-src,0.23447424464281952,-3.214040222432324e-05,0.000351388665781438
zhen23,05,0.02,True,mtme_CometKiwi-XXL-src,0.2262752832325282,-3.214040222432324e-05,0.00047819442254604105
zhen23,05,0.02,True,mtme_CometKiwi-src,0.2464602176836671,-0.00012875909216725212,0.00012823381285220758
zhen23,05,0.02,True,mtme_GEMBA-MQM-src,0.35628879662967383,3.210757239568984e-05,0.00041485591256817944
zhen23,05,0.02,True,mtme_KG-BERTScore-src,0.2219098995184162,-9.651989777470504e-05,0.00012823381285220758
zhen23,05,0.02,True,mtme_MEE4-refA,0.015156482086672174,-3.214040222432324e-05,6.418236523808574e-05
zhen23,05,0.02,True,mtme_MS-COMET-QE-22-src,0.24449215579628472,-0.000649113337642726,0.0004465412351649656
zhen23,05,0.02,True,mtme_MaTESe-refA,0.32478369576182187,-0.00042040439699531085,0.0002240663886226013
zhen23,05,0.02,True,mtme_MetricX-23-QE-b-src,0.5327813736953584,0.00012823381285220758,0.000667441436685956
zhen23,05,0.02,True,mtme_MetricX-23-QE-c-src,0.44562207179746105,0.000351388665781438,0.0006359800379434066
zhen23,05,0.02,True,mtme_MetricX-23-QE-src,0.5121178522620373,0.00016021056766235553,0.0005729616615255395
zhen23,05,0.02,True,mtme_MetricX-23-b-refA,0.49820577203825245,0.00025594555420138665,0.0005414045870122397
zhen23,05,0.02,True,mtme_MetricX-23-c-refA,0.30187459278715595,-0.0005835994231626618,0.00031960664336905253
zhen23,05,0.02,True,mtme_MetricX-23-refA,0.49856318980609726,0.00031960664336905253,0.0005098155235739865
zhen23,05,0.02,True,mtme_XCOMET-Ensemble-refA,0.4896147179027578,0.00025594555420138665,0.0004465412351649656
zhen23,05,0.02,True,mtme_XCOMET-QE-Ensemble-src,0.4817339247436418,-6.431368465542597e-05,0.0005098155235739865
zhen23,05,0.02,True,mtme_XCOMET-XL-refA,0.4831541426107594,0.0002240663886226013,0.0004465412351649656
zhen23,05,0.02,True,mtme_XCOMET-XXL-refA,0.46520966971838473,0.00031960664336905253,0.0004465412351649656
zhen23,05,0.02,True,mtme_XLsim-refA,-0.06885166653919342,0.0,-3.214040222432324e-05
zhen23,05,0.02,True,mtme_YiSi-1-refA,0.0673988253970268,6.418236523808574e-05,9.622442870005354e-05
zhen23,05,0.02,True,mtme_chrF-refA,0.004115006457545575,6.418236523808574e-05,3.210757239568984e-05
zhen23,05,0.02,True,mtme_cometoid22-wmt21-src,0.2648841162221311,-0.0003228897110976181,0.0005098155235739865
zhen23,05,0.02,True,mtme_cometoid22-wmt22-src,0.2945871976137254,-0.0002256750703870658,0.00025594555420138665
zhen23,05,0.02,True,mtme_cometoid22-wmt23-src,0.2574907729780205,-0.00012875909216725212,0.0005098155235739865
zhen23,05,0.02,True,mtme_docWMT22CometDA-refA,0.16938714911783073,-0.00016103131852118757,3.210757239568984e-05
zhen23,05,0.02,True,mtme_docWMT22CometKiwiDA-src,0.18716153579385744,-0.0003228897110976181,0.00016021056766235553
zhen23,05,0.02,True,mtme_eBLEU-refA,0.02044603161368152,-9.651989777470504e-05,3.210757239568984e-05
zhen23,05,0.02,True,mtme_embed_llama-refA,0.04944101223294374,-0.00019333662762899273,-3.214040222432324e-05
zhen23,05,0.02,True,mtme_f200spBLEU-refA,0.012275671569297531,0.0,3.210757239568984e-05
zhen23,05,0.02,True,mtme_instructscore-refA,0.3072234863733824,0.000351388665781438,0.0004465412351649656
zhen23,05,0.02,True,mtme_mbr-metricx-qe-src,0.380932689144036,0.00012823381285220758,0.000351388665781438
zhen23,05,0.02,True,mtme_mre-score-labse-regular-refA,0.06159708970337571,-6.431368465542597e-05,0.00016021056766235553
zhen23,05,0.02,True,mtme_prismRef-refA,0.09471399258043187,3.210757239568984e-05,6.418236523808574e-05
zhen23,05,0.02,True,mtme_prismSrc-src,-0.03631200721594958,9.622442870005354e-05,0.00012823381285220758
zhen23,05,0.02,True,mtme_sescoreX-refA,0.20298769704149067,-0.0004529762092175815,6.418236523808574e-05
zhen23,05,0.02,True,mtme_tokengram_F-refA,0.0023953748211835418,-3.214040222432324e-05,3.210757239568984e-05
zhen23,12,0.01,True,mtme_BERTscore-refA,-0.025638127088814515,-0.0007672853383162703,-5.06879376112046e-05
zhen23,12,0.01,True,mtme_BLEU-refA,-0.01758107785113959,-0.000870729748715604,-0.0002540988289871926
zhen23,12,0.01,True,mtme_BLEURT-20-refA,0.07338961800338803,-0.0007156646155335178,-0.00030511698033763857
zhen23,12,0.01,True,mtme_COMET-refA,0.11759370315269688,-0.000870729748715604,-0.00035620156157256666
zhen23,12,0.01,True,mtme_Calibri-COMET22-QE-src,0.2581182836523749,0.00010117902886275232,0.0009012776401899902
zhen23,12,0.01,True,mtme_Calibri-COMET22-refA,0.10093347664788693,-0.0007672853383162703,-0.00015226129830470114
zhen23,12,0.01,True,mtme_CometKiwi-XL-src,0.23402121162863418,0.0003027532593793403,0.0019268465183706063
zhen23,12,0.01,True,mtme_CometKiwi-XXL-src,0.19366149387581746,0.0004031504825091625,0.0016366157317788677
zhen23,12,0.01,True,mtme_CometKiwi-src,0.2861864396929199,5.062227966079469e-05,0.0015393804280117163
zhen23,12,0.01,True,mtme_GEMBA-MQM-src,0.34091693585339056,0.0010001381931729059,0.0027373388296448864
zhen23,12,0.01,True,mtme_KG-BERTScore-src,0.2592218941673383,0.00010117902886275232,0.0011479555525661933
zhen23,12,0.01,True,mtme_MEE4-refA,0.01326415652162808,-0.0006641113708198976,0.0
zhen23,12,0.01,True,mtme_MS-COMET-QE-22-src,0.15413085687333494,-0.00030511698033763857,0.001441897706168871
zhen23,12,0.01,True,mtme_MaTESe-refA,0.24138006197403772,5.062227966079469e-05,0.0009507395621849435
zhen23,12,0.01,True,mtme_MetricX-23-QE-b-src,0.42820175379375147,0.0015393804280117163,0.0030192956930723547
zhen23,12,0.01,True,mtme_MetricX-23-QE-c-src,0.40102233872708415,0.00197500441684062,0.002878581265912339
zhen23,12,0.01,True,mtme_MetricX-23-QE-src,0.38948475294640794,0.0003027532593793403,0.002358088240245526
zhen23,12,0.01,True,mtme_MetricX-23-b-refA,0.24787321702587722,0.0002524573636837335,0.0031594850663996255
zhen23,12,0.01,True,mtme_MetricX-23-c-refA,0.2886209968080762,-0.0002540988289871926,0.002358088240245526
zhen23,12,0.01,True,mtme_MetricX-23-refA,0.24197939841955796,0.0005032891165257514,0.002167029105888174
zhen23,12,0.01,True,mtme_XCOMET-Ensemble-refA,0.34148665567929387,0.0010001381931729059,0.0021191137397529314
zhen23,12,0.01,True,mtme_XCOMET-QE-Ensemble-src,0.39183283214622333,0.0016366157317788677,0.0034383003627939113
zhen23,12,0.01,True,mtme_XCOMET-XL-refA,0.29167460377868737,-5.06879376112046e-05,0.001441897706168871
zhen23,12,0.01,True,mtme_XCOMET-XXL-refA,0.32158763651325817,0.0004031504825091625,0.0017336045582233561
zhen23,12,0.01,True,mtme_XLsim-refA,-0.023703660084149862,-0.0006641113708198976,-0.00030511698033763857
zhen23,12,0.01,True,mtme_YiSi-1-refA,-0.019503501649103895,-0.0006126254719516222,-0.00035620156157256666
zhen23,12,0.01,True,mtme_chrF-refA,-0.016075470338241263,-0.0006126254719516222,-0.00020314697802858994
zhen23,12,0.01,True,mtme_cometoid22-wmt21-src,0.2214565089221028,-0.0010264057753968103,0.0009507395621849435
zhen23,12,0.01,True,mtme_cometoid22-wmt22-src,0.23695479970870875,-0.0013920459066654178,0.0011971022304499979
zhen23,12,0.01,True,mtme_cometoid22-wmt23-src,0.23295108899672148,-0.00010144166099501639,0.00197500441684062
zhen23,12,0.01,True,mtme_docWMT22CometDA-refA,0.09685809371820506,-0.0006641113708198976,-0.00015226129830470114
zhen23,12,0.01,True,mtme_docWMT22CometKiwiDA-src,0.2079769319880301,-0.0009744456667539758,0.0005532617746211166
zhen23,12,0.01,True,mtme_eBLEU-refA,0.04427730518077548,-0.0005612067870504056,-5.06879376112046e-05
zhen23,12,0.01,True,mtme_embed_llama-refA,0.0336376345563847,-0.0005098551845823529,0.00015167037476659928
zhen23,12,0.01,True,mtme_f200spBLEU-refA,-0.030236418381840942,-0.0006126254719516222,-0.00020314697802858994
zhen23,12,0.01,True,mtme_instructscore-refA,0.10018278221848875,-0.0011305309635256666,-0.0004073527025225676
zhen23,12,0.01,True,mtme_mbr-metricx-qe-src,0.29389216590654016,0.00010117902886275232,0.002358088240245526
zhen23,12,0.01,True,mtme_mre-score-labse-regular-refA,0.07446127599046573,-0.00020314697802858994,0.00020209644420554618
zhen23,12,0.01,True,mtme_prismRef-refA,0.006825327717722082,-0.0012349303456979932,-0.0002540988289871926
zhen23,12,0.01,True,mtme_prismSrc-src,0.0066330455445189705,-0.00020314697802858994,0.0005032891165257514
zhen23,12,0.01,True,mtme_sescoreX-refA,-0.02203378584385343,-0.0006641113708198976,-0.00015226129830470114
zhen23,12,0.01,True,mtme_tokengram_F-refA,-0.013366699286459092,-0.0005098551845823529,-0.00010144166099501639
zhen23,12,0.02,True,mtme_BERTscore-refA,-0.025638127088814515,-0.000366846424492584,0.0
zhen23,12,0.02,True,mtme_BLEU-refA,-0.01758107785113959,-0.0002849941852369753,-0.00016257108780859397
zhen23,12,0.02,True,mtme_BLEURT-20-refA,0.07338961800338803,-0.00044888890718608465,0.0
zhen23,12,0.02,True,mtme_COMET-refA,0.11759370315269688,-0.0002441392002319187,0.0002826998099677569
zhen23,12,0.02,True,mtme_Calibri-COMET22-QE-src,0.2581182836523749,0.00020216093820779601,0.000880886897682398
zhen23,12,0.02,True,mtme_Calibri-COMET22-refA,0.10093347664788693,-0.0002849941852369753,4.052551063671306e-05
zhen23,12,0.02,True,mtme_CometKiwi-XL-src,0.23402121162863418,-0.0001218577962984746,0.001274026484052615
zhen23,12,0.02,True,mtme_CometKiwi-XXL-src,0.19366149387581746,0.00016182191228897302,0.0011173067489403943
zhen23,12,0.02,True,mtme_CometKiwi-src,0.2861864396929199,-0.0002441392002319187,0.0009598730287024848
zhen23,12,0.02,True,mtme_GEMBA-MQM-src,0.34091693585339056,0.00020216093820779601,0.001701363677259926
zhen23,12,0.02,True,mtme_KG-BERTScore-src,0.2592218941673383,-0.00020333152846951918,0.0008413262456369308
zhen23,12,0.02,True,mtme_MEE4-refA,0.01326415652162808,-0.00016257108780859397,0.0
zhen23,12,0.02,True,mtme_MS-COMET-QE-22-src,0.15413085687333494,-0.00040784384398007134,0.0008413262456369308
zhen23,12,0.02,True,mtme_MaTESe-refA,0.24138006197403772,-0.0002849941852369753,0.0006030112472815707
zhen23,12,0.02,True,mtme_MetricX-23-QE-b-src,0.42820175379375147,0.000642844026850331,0.0010386794415634393
zhen23,12,0.02,True,mtme_MetricX-23-QE-c-src,0.40102233872708415,0.0013130954265168082,0.001816992495464853
zhen23,12,0.02,True,mtme_MetricX-23-QE-src,0.38948475294640794,-0.0004899816972097071,0.000682631257214239
zhen23,12,0.02,True,mtme_MetricX-23-b-refA,0.24787321702587722,-0.000366846424492584,0.0019322317724517202
zhen23,12,0.02,True,mtme_MetricX-23-c-refA,0.2886209968080762,-0.0005723107910753367,0.0009992986615452448
zhen23,12,0.02,True,mtme_MetricX-23-refA,0.24197939841955796,8.100427904678131e-05,0.0013521201232931102
zhen23,12,0.02,True,mtme_XCOMET-Ensemble-refA,0.34148665567929387,0.00012143638605199847,0.001391100649501431
zhen23,12,0.02,True,mtme_XCOMET-QE-Ensemble-src,0.39183283214622333,0.0003228998157858154,0.0014689294898450056
zhen23,12,0.02,True,mtme_XCOMET-XL-refA,0.29167460377868737,0.00016182191228897302,0.0010386794415634393
zhen23,12,0.02,True,mtme_XCOMET-XXL-refA,0.32158763651325817,-8.11915721772305e-05,0.001274026484052615
zhen23,12,0.02,True,mtme_XLsim-refA,-0.023703660084149862,-0.00016257108780859397,-0.0001218577962984746
zhen23,12,0.02,True,mtme_YiSi-1-refA,-0.019503501649103895,-0.00016257108780859397,0.00016182191228897302
zhen23,12,0.02,True,mtme_chrF-refA,-0.016075470338241263,-0.0002441392002319187,-4.0572333872335165e-05
zhen23,12,0.02,True,mtme_cometoid22-wmt21-src,0.2214565089221028,-0.0006961644716430015,0.0005232087272976083
zhen23,12,0.02,True,mtme_cometoid22-wmt22-src,0.23695479970870875,-0.0005311222973438667,0.0008017204330296179
zhen23,12,0.02,True,mtme_cometoid22-wmt23-src,0.23295108899672148,-0.000945176318588592,0.000682631257214239
zhen23,12,0.02,True,mtme_docWMT22CometDA-refA,0.09685809371820506,-0.000613547262085623,4.052551063671306e-05
zhen23,12,0.02,True,mtme_docWMT22CometKiwiDA-src,0.2079769319880301,-0.0007375453785303243,0.00020216093820779601
zhen23,12,0.02,True,mtme_eBLEU-refA,0.04427730518077548,-0.00016257108780859397,0.0002826998099677569
zhen23,12,0.02,True,mtme_embed_llama-refA,0.0336376345563847,8.100427904678131e-05,4.052551063671306e-05
zhen23,12,0.02,True,mtme_f200spBLEU-refA,-0.030236418381840942,-8.11915721772305e-05,8.100427904678131e-05
zhen23,12,0.02,True,mtme_instructscore-refA,0.10018278221848875,-0.0005723107910753367,4.052551063671306e-05
zhen23,12,0.02,True,mtme_mbr-metricx-qe-src,0.29389216590654016,0.0005631328402448954,0.001816992495464853
zhen23,12,0.02,True,mtme_mre-score-labse-regular-refA,0.07446127599046573,-0.00016257108780859397,-0.00020333152846951918
zhen23,12,0.02,True,mtme_prismRef-refA,0.006825327717722082,-0.0003258965658161639,0.00012143638605199847
zhen23,12,0.02,True,mtme_prismSrc-src,0.0066330455445189705,-0.00016257108780859397,0.00016182191228897302
zhen23,12,0.02,True,mtme_sescoreX-refA,-0.02203378584385343,-0.00040784384398007134,-0.00016257108780859397
zhen23,12,0.02,True,mtme_tokengram_F-refA,-0.013366699286459092,-0.0002849941852369753,0.0
zhen23,13,0.01,True,mtme_BERTscore-refA,-0.029219065927686458,-0.0003509244626813679,9.96845707370575e-05
zhen23,13,0.01,True,mtme_BLEU-refA,-0.019018422654262818,-0.0002503368978021836,0.0
zhen23,13,0.01,True,mtme_BLEURT-20-refA,0.07819247876031774,-0.0006035341930161753,0.00014943088251340164
zhen23,13,0.01,True,mtme_COMET-refA,0.11862183458445132,-0.0007050370775221193,-9.994132429969049e-05
zhen23,13,0.01,True,mtme_Calibri-COMET22-QE-src,0.26179168947359444,0.0004958750052312944,0.0014688537221203557
zhen23,13,0.01,True,mtme_Calibri-COMET22-refA,0.09293495014538167,-0.0005022940991499247,0.00014943088251340164
zhen23,13,0.01,True,mtme_CometKiwi-XL-src,0.234362161563233,0.0,0.00260449948366015
zhen23,13,0.01,True,mtme_CometKiwi-XXL-src,0.20359718633340657,0.0,0.0015648027890345917
zhen23,13,0.01,True,mtme_CometKiwi-src,0.2881260102688395,9.96845707370575e-05,0.0018512044294477503
zhen23,13,0.01,True,mtme_GEMBA-MQM-src,0.32309268548567316,0.0009854531849992076,0.00246439997151493
zhen23,13,0.01,True,mtme_KG-BERTScore-src,0.2603003874896048,-0.0003005982116928152,0.0009367753037198279
zhen23,13,0.01,True,mtme_MEE4-refA,0.007725673414018563,0.0,0.0001991133760581576
zhen23,13,0.01,True,mtme_MS-COMET-QE-22-src,0.17351403880075517,-0.00045177227999237957,0.0011795481441725375
zhen23,13,0.01,True,mtme_MaTESe-refA,0.23171509777373434,0.0002487321740983761,0.0009854531849992076
zhen23,13,0.01,True,mtme_MetricX-23-QE-b-src,0.4537884289349611,0.002182624827713031,0.003205608734495713
zhen23,13,0.01,True,mtme_MetricX-23-QE-c-src,0.403559423948699,0.002182624827713031,0.0037971590614648276
zhen23,13,0.01,True,mtme_MetricX-23-QE-src,0.42356406139598457,0.0005942905295622802,0.00260449948366015
zhen23,13,0.01,True,mtme_MetricX-23-b-refA,0.2631219826173651,0.00014943088251340164,0.003159711862451231
zhen23,13,0.01,True,mtme_MetricX-23-c-refA,0.28793296277421876,-0.0012680463777563489,0.00246439997151493
zhen23,13,0.01,True,mtme_MetricX-23-refA,0.270234184034625,0.0013244752431128548,0.0025111579294161412
zhen23,13,0.01,True,mtme_XCOMET-Ensemble-refA,0.35467748293752516,0.0012762273221289533,0.002323776069430461
zhen23,13,0.01,True,mtme_XCOMET-QE-Ensemble-src,0.4213754136371404,0.0017082737994679187,0.003342960419881802
zhen23,13,0.01,True,mtme_XCOMET-XL-refA,0.2939814905933512,0.0002982873990469148,0.0011795481441725375
zhen23,13,0.01,True,mtme_XCOMET-XXL-refA,0.34428311638219555,0.0009367753037198279,0.0025111579294161412
zhen23,13,0.01,True,mtme_XLsim-refA,-0.0484771524177553,-0.0003005982116928152,0.0002487321740983761
zhen23,13,0.01,True,mtme_YiSi-1-refA,-0.025247981370678435,-0.0003509244626813679,0.0002982873990469148
zhen23,13,0.01,True,mtme_chrF-refA,-0.022901777444901475,-0.00045177227999237957,0.0001991133760581576
zhen23,13,0.01,True,mtme_cometoid22-wmt21-src,0.2280922931631328,-0.0007558873862207882,0.0017082737994679187
zhen23,13,0.01,True,mtme_cometoid22-wmt22-src,0.2422249991370491,-0.000552881361078672,0.0017559772341123603
zhen23,13,0.01,True,mtme_cometoid22-wmt23-src,0.2408824977749266,-0.0006035341930161753,0.0018036207398186566
zhen23,13,0.01,True,mtme_docWMT22CometDA-refA,0.10253610345003594,-0.0009088353218844603,-0.00015000857922431443
zhen23,13,0.01,True,mtme_docWMT22CometKiwiDA-src,0.1834790539982385,-0.0005022940991499247,0.0009367753037198279
zhen23,13,0.01,True,mtme_eBLEU-refA,0.03996630509024346,-0.00015000857922431443,0.00014943088251340164
zhen23,13,0.01,True,mtme_embed_llama-refA,0.021263478497742846,-0.00020014039540594553,0.0005942905295622802
zhen23,13,0.01,True,mtme_f200spBLEU-refA,-0.03009735635814418,-0.0003005982116928152,9.96845707370575e-05
zhen23,13,0.01,True,mtme_instructscore-refA,0.0972331724063216,0.00014943088251340164,0.00014943088251340164
zhen23,13,0.01,True,mtme_mbr-metricx-qe-src,0.29431335644030365,-0.0003005982116928152,0.0020409432745052136
zhen23,13,0.01,True,mtme_mre-score-labse-regular-refA,0.08563889834703825,-0.0002503368978021836,9.96845707370575e-05
zhen23,13,0.01,True,mtme_prismRef-refA,0.004631291944026008,-0.00045177227999237957,0.0001991133760581576
zhen23,13,0.01,True,mtme_prismSrc-src,0.0021732097732252076,-0.00020014039540594553,0.00044657285477500697
zhen23,13,0.01,True,mtme_sescoreX-refA,-0.023265383041090267,-0.0004013157766964426,9.96845707370575e-05
zhen23,13,0.01,True,mtme_tokengram_F-refA,-0.020279472749166666,-0.0004013157766964426,0.0001991133760581576
zhen23,13,0.02,True,mtme_BERTscore-refA,-0.029219065927686458,-0.0003222870204921957,8.010976111416657e-05
zhen23,13,0.02,True,mtme_BLEU-refA,-0.019018422654262818,0.0,-4.012390102925423e-05
zhen23,13,0.02,True,mtme_BLEURT-20-refA,0.07819247876031774,-0.0002010814959463314,4.007786098192412e-05
zhen23,13,0.02,True,mtme_COMET-refA,0.11862183458445132,-0.00044391266817345176,0.00027958260825700076
zhen23,13,0.02,True,mtme_Calibri-COMET22-QE-src,0.26179168947359444,0.00023977933074925684,0.001027289877818638
zhen23,13,0.02,True,mtme_Calibri-COMET22-refA,0.09293495014538167,-8.029392148478642e-05,0.00031934039630465705
zhen23,13,0.02,True,mtme_CometKiwi-XL-src,0.234362161563233,-8.029392148478642e-05,0.0007536959239873298
zhen23,13,0.02,True,mtme_CometKiwi-XXL-src,0.20359718633340657,-0.0002010814959463314,0.0009883377432323703
zhen23,13,0.02,True,mtme_CometKiwi-src,0.2881260102688395,-0.00016077263910641015,0.0006751262642172851
zhen23,13,0.02,True,mtme_GEMBA-MQM-src,0.32309268548567316,-4.012390102925423e-05,0.0012987259075071256
zhen23,13,0.02,True,mtme_KG-BERTScore-src,0.2603003874896048,-0.00016077263910641015,0.0007536959239873298
zhen23,13,0.02,True,mtme_MEE4-refA,0.007725673414018563,-4.012390102925423e-05,0.00023977933074925684
zhen23,13,0.02,True,mtme_MS-COMET-QE-22-src,0.17351403880075517,-0.00040332397050635294,0.0008320873202070089
zhen23,13,0.02,True,mtme_MaTESe-refA,0.23171509777373434,-0.00044391266817345176,0.0005174497162344638
zhen23,13,0.02,True,mtme_MetricX-23-QE-b-src,0.4537884289349611,0.00035905277282965997,0.0007929138671016744
zhen23,13,0.02,True,mtme_MetricX-23-QE-c-src,0.403559423948699,0.0004779182099771129,0.001414401361586215
zhen23,13,0.02,True,mtme_MetricX-23-QE-src,0.42356406139598457,-0.00028183860624886314,0.0007144334150283038
zhen23,13,0.02,True,mtme_MetricX-23-b-refA,0.2631219826173651,-0.00024143679156107822,0.0018352255167738418
zhen23,13,0.02,True,mtme_MetricX-23-c-refA,0.28793296277421876,-0.0005659606271315454,0.001182658775818357
zhen23,13,0.02,True,mtme_MetricX-23-refA,0.270234184034625,0.00019993048566580018,0.001568029443135055
zhen23,13,0.02,True,mtme_XCOMET-Ensemble-refA,0.35467748293752516,0.00035905277282965997,0.0013373278139170441
zhen23,13,0.02,True,mtme_XCOMET-QE-Ensemble-src,0.4213754136371404,0.00023977933074925684,0.001414401361586215
zhen23,13,0.02,True,mtme_XCOMET-XL-refA,0.2939814905933512,0.0005963777321428276,0.0012213914621781452
zhen23,13,0.02,True,mtme_XCOMET-XXL-refA,0.34428311638219555,-0.00024143679156107822,0.0012213914621781452
zhen23,13,0.02,True,mtme_XLsim-refA,-0.0484771524177553,4.007786098192412e-05,4.007786098192412e-05
zhen23,13,0.02,True,mtme_YiSi-1-refA,-0.025247981370678435,-0.0002010814959463314,0.00012009577941252125
zhen23,13,0.02,True,mtme_chrF-refA,-0.022901777444901475,-4.012390102925423e-05,0.0
zhen23,13,0.02,True,mtme_cometoid22-wmt21-src,0.2280922931631328,-0.001141166818767303,0.00031934039630465705
zhen23,13,0.02,True,mtme_cometoid22-wmt22-src,0.2422249991370491,-0.0006884331007297462,0.0005963777321428276
zhen23,13,0.02,True,mtme_cometoid22-wmt23-src,0.2408824977749266,-0.0008523939253488599,0.0006357743953735451
zhen23,13,0.02,True,mtme_docWMT22CometDA-refA,0.10253610345003594,-0.0003627821149598809,8.010976111416657e-05
zhen23,13,0.02,True,mtme_docWMT22CometKiwiDA-src,0.1834790539982385,-0.00028183860624886314,0.0005174497162344638
zhen23,13,0.02,True,mtme_eBLEU-refA,0.03996630509024346,-0.00016077263910641015,0.0
zhen23,13,0.02,True,mtme_embed_llama-refA,0.021263478497742846,-0.00016077263910641015,0.00019993048566580018
zhen23,13,0.02,True,mtme_f200spBLEU-refA,-0.03009735635814418,-8.029392148478642e-05,-4.012390102925423e-05
zhen23,13,0.02,True,mtme_instructscore-refA,0.0972331724063216,-0.00016077263910641015,0.00027958260825700076
zhen23,13,0.02,True,mtme_mbr-metricx-qe-src,0.29431335644030365,0.0007929138671016744,0.0018352255167738418
zhen23,13,0.02,True,mtme_mre-score-labse-regular-refA,0.08563889834703825,-0.0003627821149598809,0.0
zhen23,13,0.02,True,mtme_prismRef-refA,0.004631291944026008,-0.00028183860624886314,0.00019993048566580018
zhen23,13,0.02,True,mtme_prismSrc-src,0.0021732097732252076,-0.00012051014092873125,0.00031934039630465705
zhen23,13,0.02,True,mtme_sescoreX-refA,-0.023265383041090267,-0.00044391266817345176,-0.00012051014092873125
zhen23,13,0.02,True,mtme_tokengram_F-refA,-0.020279472749166666,-4.012390102925423e-05,0.0
zhen23,14,0.01,True,mtme_BERTscore-refA,-0.03334632135630241,-0.0006983877675306172,-9.900222199044073e-05
zhen23,14,0.01,True,mtme_BLEU-refA,-0.027904821417991776,-0.0003476219498832478,4.94060992659584e-05
zhen23,14,0.01,True,mtme_BLEURT-20-refA,0.05443392333371657,-0.0007991899938180058,0.0
zhen23,14,0.01,True,mtme_COMET-refA,0.09923297517503248,-0.000950883298704186,-0.00019825862170130826
zhen23,14,0.01,True,mtme_Calibri-COMET22-QE-src,0.23165533185386813,-0.00039753787980778554,0.000976254527846776
zhen23,14,0.01,True,mtme_Calibri-COMET22-refA,0.05895924842521518,-0.0010015788995156871,-0.0004975627136125649
zhen23,14,0.01,True,mtme_CometKiwi-XL-src,0.2107720212094384,0.00019724580626490074,0.0015027455917970833
zhen23,14,0.01,True,mtme_CometKiwi-XXL-src,0.17757401270475112,-9.900222199044073e-05,0.001455183413681005
zhen23,14,0.01,True,mtme_CometKiwi-src,0.2409448421404505,-0.0006480842679048582,0.000588729858851389
zhen23,14,0.01,True,mtme_GEMBA-MQM-src,0.31646271714364427,0.0008797412637646662,0.0027647287178115265
zhen23,14,0.01,True,mtme_KG-BERTScore-src,0.20201529479697922,-0.0012560464078181788,0.00019724580626490074
zhen23,14,0.01,True,mtme_MEE4-refA,0.012524404128018198,-0.0005476718663308677,0.0001480288814429409
zhen23,14,0.01,True,mtme_MS-COMET-QE-22-src,0.1366329133480128,-0.0008496889732008128,0.0018340161623758844
zhen23,14,0.01,True,mtme_MaTESe-refA,0.23537896710001605,-0.0002977701792519216,0.0006373857339585509
zhen23,14,0.01,True,mtme_MetricX-23-QE-b-src,0.4319798625547075,0.0019281331623637321,0.0029938271929957905
zhen23,14,0.01,True,mtme_MetricX-23-QE-c-src,0.4052039885900863,0.000976254527846776,0.0026265895630159797
zhen23,14,0.01,True,mtme_MetricX-23-QE-src,0.3882621633790445,0.0006373857339585509,0.00239521504815976
zhen23,14,0.01,True,mtme_MetricX-23-b-refA,0.2448297517431784,0.0010244197070159444,0.0027187392153810164
zhen23,14,0.01,True,mtme_MetricX-23-c-refA,0.2853041858783628,-0.0008496889732008128,0.002209079430984362
zhen23,14,0.01,True,mtme_MetricX-23-refA,0.2425158179826094,0.0006859798630313163,0.0026726928656052307
zhen23,14,0.01,True,mtme_XCOMET-Ensemble-refA,0.31772231642626464,0.0009280284186594656,0.0028106614781044925
zhen23,14,0.01,True,mtme_XCOMET-QE-Ensemble-src,0.38233390556391644,0.0007829833526253882,0.0029023571918131985
zhen23,14,0.01,True,mtme_XCOMET-XL-refA,0.27877103158737,0.0,0.001407561446528871
zhen23,14,0.01,True,mtme_XCOMET-XXL-refA,0.2923436802033312,0.0002954913258393921,0.002209079430984362
zhen23,14,0.01,True,mtme_XLsim-refA,-0.024753285035748127,-0.0006983877675306172,0.0
zhen23,14,0.01,True,mtme_YiSi-1-refA,-0.03514275236403158,-0.0007991899938180058,0.0002463999143352824
zhen23,14,0.01,True,mtme_chrF-refA,-0.029868063666560515,-0.0005978456760205031,-0.0001485985884912555
zhen23,14,0.01,True,mtme_cometoid22-wmt21-src,0.18821804038969514,-0.0013071387122194356,0.0012164734271056243
zhen23,14,0.01,True,mtme_cometoid22-wmt22-src,0.21620010941737058,-0.0010015788995156871,0.0011205677366002975
zhen23,14,0.01,True,mtme_cometoid22-wmt23-src,0.21577023435282727,-0.0005476718663308677,0.0019281331623637321
zhen23,14,0.01,True,mtme_docWMT22CometDA-refA,0.07256953129357602,-0.0007991899938180058,0.0002954913258393921
zhen23,14,0.01,True,mtme_docWMT22CometKiwiDA-src,0.17434974313566132,-0.0005978456760205031,0.0008797412637646662
zhen23,14,0.01,True,mtme_eBLEU-refA,0.051870615951773384,-0.0008496889732008128,0.0004423905782140469
zhen23,14,0.01,True,mtme_embed_llama-refA,0.03167550390683837,-0.0006480842679048582,4.94060992659584e-05
zhen23,14,0.01,True,mtme_f200spBLEU-refA,-0.03842836030921429,-0.00019825862170130826,-4.946939984162846e-05
zhen23,14,0.01,True,mtme_instructscore-refA,0.0703372470367782,-0.000950883298704186,-9.900222199044073e-05
zhen23,14,0.01,True,mtme_mbr-metricx-qe-src,0.25085184486248086,-0.0009002533657693768,0.0008313929471788217
zhen23,14,0.01,True,mtme_mre-score-labse-regular-refA,0.048305990686434305,-0.0009002533657693768,0.0
zhen23,14,0.01,True,mtme_prismRef-refA,-0.004632559694164564,-0.0012560464078181788,-9.900222199044073e-05
zhen23,14,0.01,True,mtme_prismSrc-src,-0.019284018000992116,-0.0003476219498832478,0.0004912323991900225
zhen23,14,0.01,True,mtme_sescoreX-refA,-0.04094496087227328,-0.0008496889732008128,0.0
zhen23,14,0.01,True,mtme_tokengram_F-refA,-0.028808217327013753,-0.0004975627136125649,0.0
zhen23,14,0.02,True,mtme_BERTscore-refA,-0.03334632135630241,-0.00032095687865396627,-3.9958579287624474e-05
zhen23,14,0.02,True,mtme_BLEU-refA,-0.027904821417991776,-0.00032095687865396627,-7.996300892432195e-05
zhen23,14,0.02,True,mtme_BLEURT-20-refA,0.05443392333371657,-0.00032095687865396627,0.00027843284015105496
zhen23,14,0.02,True,mtme_COMET-refA,0.09923297517503248,-0.0002002521904531651,0.0005153247494942281
zhen23,14,0.02,True,mtme_Calibri-COMET22-QE-src,0.23165533185386813,0.00027843284015105496,0.0006331653585713859
zhen23,14,0.02,True,mtme_Calibri-COMET22-refA,0.05895924842521518,-0.0003612844818545735,0.00011960142267353202
zhen23,14,0.02,True,mtme_CometKiwi-XL-src,0.2107720212094384,-0.00024044081291907382,0.0009454529647633381
zhen23,14,0.02,True,mtme_CometKiwi-XXL-src,0.17757401270475112,-7.996300892432195e-05,0.0007896630286431394
zhen23,14,0.02,True,mtme_CometKiwi-src,0.2409448421404505,-0.00016010973527325056,0.0010618338496047874
zhen23,14,0.02,True,mtme_GEMBA-MQM-src,0.31646271714364427,0.00043654065208176274,0.0017898587743030436
zhen23,14,0.02,True,mtme_KG-BERTScore-src,0.20201529479697922,-0.00048254653625678934,0.0005939297921401243
zhen23,14,0.02,True,mtme_MEE4-refA,0.012524404128018198,-0.0002806756823614531,7.977992247021337e-05
zhen23,14,0.02,True,mtme_MS-COMET-QE-22-src,0.1366329133480128,-0.00040165857220597623,0.0006331653585713859
zhen23,14,0.02,True,mtme_MaTESe-refA,0.23537896710001605,-0.00032095687865396627,7.977992247021337e-05
zhen23,14,0.02,True,mtme_MetricX-23-QE-b-src,0.4319798625547075,0.0005939297921401243,0.0012163967514698948
zhen23,14,0.02,True,mtme_MetricX-23-QE-c-src,0.4052039885900863,0.0009842904276521347,0.0019411632946451096
zhen23,14,0.02,True,mtme_MetricX-23-QE-src,0.3882621633790445,-0.0010129035214789806,0.0003970812665400336
zhen23,14,0.02,True,mtme_MetricX-23-b-refA,0.2448297517431784,0.00027843284015105496,0.0012934174101046914
zhen23,14,0.02,True,mtme_MetricX-23-c-refA,0.2853041858783628,-0.0002806756823614531,0.001408624055024843
zhen23,14,0.02,True,mtme_MetricX-23-refA,0.2425158179826094,-0.0004420792301356169,0.0011392024273140233
zhen23,14,0.02,True,mtme_XCOMET-Ensemble-refA,0.31772231642626464,0.0003180274376622938,0.0015997750578879977
zhen23,14,0.02,True,mtme_XCOMET-QE-Ensemble-src,0.38233390556391644,0.00035757688740023497,0.0018655954207095204
zhen23,14,0.02,True,mtme_XCOMET-XL-refA,0.27877103158737,-3.9958579287624474e-05,0.0010230840311811207
zhen23,14,0.02,True,mtme_XCOMET-XXL-refA,0.2923436802033312,-3.9958579287624474e-05,0.0013702649886077056
zhen23,14,0.02,True,mtme_XLsim-refA,-0.024753285035748127,-0.0003612844818545735,7.977992247021337e-05
zhen23,14,0.02,True,mtme_YiSi-1-refA,-0.03514275236403158,-0.00032095687865396627,3.991280771942218e-05
zhen23,14,0.02,True,mtme_chrF-refA,-0.029868063666560515,-0.00012001336787204053,-3.9958579287624474e-05
zhen23,14,0.02,True,mtme_cometoid22-wmt21-src,0.18821804038969514,-0.001384794808558354,0.0007506051492502941
zhen23,14,0.02,True,mtme_cometoid22-wmt22-src,0.21620010941737058,-0.0006855856242602432,0.0010618338496047874
zhen23,14,0.02,True,mtme_cometoid22-wmt23-src,0.21577023435282727,-0.0008488648537312571,0.0011005399570090946
zhen23,14,0.02,True,mtme_docWMT22CometDA-refA,0.07256953129357602,-0.0002806756823614531,0.0005939297921401243
zhen23,14,0.02,True,mtme_docWMT22CometKiwiDA-src,0.17434974313566132,-0.0005636214164577158,0.00019910789222232772
zhen23,14,0.02,True,mtme_eBLEU-refA,0.051870615951773384,-0.00024044081291907382,0.00023879301751383863
zhen23,14,0.02,True,mtme_embed_llama-refA,0.03167550390683837,-0.0003612844818545735,0.0
zhen23,14,0.02,True,mtme_f200spBLEU-refA,-0.03842836030921429,-0.00024044081291907382,0.0
zhen23,14,0.02,True,mtme_instructscore-refA,0.0703372470367782,-0.0005230605713686387,-0.0002806756823614531
zhen23,14,0.02,True,mtme_mbr-metricx-qe-src,0.25085184486248086,-0.0008898031167210441,0.0006723563897400586
zhen23,14,0.02,True,mtme_mre-score-labse-regular-refA,0.048305990686434305,-0.0006042291526973109,-0.00016010973527325056
zhen23,14,0.02,True,mtme_prismRef-refA,-0.004632559694164564,-0.0003612844818545735,0.00023879301751383863
zhen23,14,0.02,True,mtme_prismSrc-src,-0.019284018000992116,-7.996300892432195e-05,0.00023879301751383863
zhen23,14,0.02,True,mtme_sescoreX-refA,-0.04094496087227328,-0.00040165857220597623,3.991280771942218e-05
zhen23,14,0.02,True,mtme_tokengram_F-refA,-0.028808217327013753,-0.00012001336787204053,-3.9958579287624474e-05
zhen23,15,0.01,True,mtme_BERTscore-refA,0.0514843895617165,-4.144061383404285e-05,0.0006565380668875909
zhen23,15,0.01,True,mtme_BLEU-refA,0.0004736945366638767,-0.00020768775471169398,-8.29296113384892e-05
zhen23,15,0.01,True,mtme_BLEURT-20-refA,0.22965532225024549,0.0004935440332002328,0.0012611143043833595
zhen23,15,0.01,True,mtme_COMET-refA,0.19866143892382854,0.00016528030741458366,0.0011009120132076111
zhen23,15,0.01,True,mtme_Calibri-COMET22-QE-src,0.17308527077776806,0.0004935440332002328,0.0007782900981064822
zhen23,15,0.01,True,mtme_Calibri-COMET22-refA,0.08954368836603666,0.0001240323843623159,0.00057513532074005
zhen23,15,0.01,True,mtme_CometKiwi-XL-src,0.17927425461083926,0.0001240323843623159,0.0012611143043833595
zhen23,15,0.01,True,mtme_CometKiwi-XXL-src,0.18144642327719535,-0.00020768775471169398,0.0013010502504664512
zhen23,15,0.01,True,mtme_CometKiwi-src,0.22586830067677977,0.0,0.0012611143043833595
zhen23,15,0.01,True,mtme_GEMBA-MQM-src,0.2866295535811192,-0.00024937113672818256,0.0015397091045254996
zhen23,15,0.01,True,mtme_KG-BERTScore-src,0.19854512816410752,-8.29296113384892e-05,0.0011009120132076111
zhen23,15,0.01,True,mtme_MEE4-refA,0.011033765440265577,-0.00024937113672818256,0.00028873663459916266
zhen23,15,0.01,True,mtme_MS-COMET-QE-22-src,0.21507507004568321,-0.0008805274228684823,0.001658426934263768
zhen23,15,0.01,True,mtme_MaTESe-refA,0.35999759693313127,0.00057513532074005,0.0018553911170495763
zhen23,15,0.01,True,mtme_MetricX-23-QE-b-src,0.5089741759540036,0.0018160878096663557,0.0027854592984860593
zhen23,15,0.01,True,mtme_MetricX-23-QE-c-src,0.42310262401764037,0.0018553911170495763,0.002861837309468651
zhen23,15,0.01,True,mtme_MetricX-23-QE-src,0.47919195644560386,0.001973033669760982,0.0025552948707865397
zhen23,15,0.01,True,mtme_MetricX-23-b-refA,0.5066628477390329,0.0022459829916646745,0.003165647336441091
zhen23,15,0.01,True,mtme_MetricX-23-c-refA,0.3190353084536317,-0.00016605309669515123,0.0016979094528620786
zhen23,15,0.01,True,mtme_MetricX-23-refA,0.5031555786018144,0.002051239987362008,0.0027854592984860593
zhen23,15,0.01,True,mtme_XCOMET-Ensemble-refA,0.48882062382072156,0.001973033669760982,0.0029380445479280093
zhen23,15,0.01,True,mtme_XCOMET-QE-Ensemble-src,0.46950256452380246,0.0011410315198617793,0.0022847997123868202
zhen23,15,0.01,True,mtme_XCOMET-XL-refA,0.48556356551097746,0.0021292693675928343,0.00289996223944744
zhen23,15,0.01,True,mtme_XCOMET-XXL-refA,0.47721319834425235,0.0018553911170495763,0.0029760843063434406
zhen23,15,0.01,True,mtme_XLsim-refA,-0.08427265754987778,-0.0001244670772979628,0.0
zhen23,15,0.01,True,mtme_YiSi-1-refA,0.06061812302337896,-0.00016605309669515123,0.00028873663459916266
zhen23,15,0.01,True,mtme_chrF-refA,0.005361488811471425,-0.00024937113672818256,0.0001240323843623159
zhen23,15,0.01,True,mtme_cometoid22-wmt21-src,0.2437699258951539,-0.0007111287431647018,0.0013010502504664512
zhen23,15,0.01,True,mtme_cometoid22-wmt22-src,0.2748538222491599,0.00020648026776570738,0.00157932683714046
zhen23,15,0.01,True,mtme_cometoid22-wmt23-src,0.26239216858307546,0.0002476323490229193,0.0021682178937340035
zhen23,15,0.01,True,mtme_docWMT22CometDA-refA,0.17077894334119123,-0.0003328844152847843,0.0008592243400572519
zhen23,15,0.01,True,mtme_docWMT22CometKiwiDA-src,0.16837363187968932,-0.00020768775471169398,0.0008996215696320808
zhen23,15,0.01,True,mtme_eBLEU-refA,0.024661828157026174,-0.00024937113672818256,0.0003297932077139798
zhen23,15,0.01,True,mtme_embed_llama-refA,0.024089726253391487,0.0,0.0003708021513937343
zhen23,15,0.01,True,mtme_f200spBLEU-refA,0.0045923544754566835,-0.00016605309669515123,0.0
zhen23,15,0.01,True,mtme_instructscore-refA,0.3201767792020142,0.001181105017907469,0.0021292693675928343
zhen23,15,0.01,True,mtme_mbr-metricx-qe-src,0.3831853419849986,0.0013409405032471788,0.0024782279971337084
zhen23,15,0.01,True,mtme_mre-score-labse-regular-refA,0.03308092573240329,-0.00016605309669515123,0.0003297932077139798
zhen23,15,0.01,True,mtme_prismRef-refA,0.09727048174164105,4.139231475019933e-05,0.00045267748159061316
zhen23,15,0.01,True,mtme_prismSrc-src,-0.06011075328388959,-0.00024937113672818256,4.139231475019933e-05
zhen23,15,0.01,True,mtme_sescoreX-refA,0.21869343485489015,-0.0005846025688178713,0.0009399723121761294
zhen23,15,0.01,True,mtme_tokengram_F-refA,0.0020226947444599297,-0.00020768775471169398,4.139231475019933e-05
zhen23,15,0.02,True,mtme_BERTscore-refA,0.0514843895617165,-0.00010875593268933059,-3.6212530362345063e-05
zhen23,15,0.02,True,mtme_BLEU-refA,0.0004736945366638767,-0.0001814575539964558,0.00010840167883707785
zhen23,15,0.02,True,mtme_BLEURT-20-refA,0.22965532225024549,-0.00014508693363679548,0.0005028714685824109
zhen23,15,0.02,True,mtme_COMET-refA,0.19866143892382854,-3.6212530362345063e-05,0.00043149841689416046
zhen23,15,0.02,True,mtme_Calibri-COMET22-QE-src,0.17308527077776806,7.230704052796355e-05,0.0002882886012168795
zhen23,15,0.02,True,mtme_Calibri-COMET22-refA,0.08954368836603666,0.0,0.0002882886012168795
zhen23,15,0.02,True,mtme_CometKiwi-XL-src,0.17927425461083926,-0.00014508693363679548,0.00032414917600287474
zhen23,15,0.02,True,mtme_CometKiwi-XXL-src,0.18144642327719535,-0.00043716670480087316,0.0003599709616329827
zhen23,15,0.02,True,mtme_CometKiwi-src,0.22586830067677977,-0.00014508693363679548,0.0006451563567618779
zhen23,15,0.02,True,mtme_GEMBA-MQM-src,0.2866295535811192,-0.0005473571612328865,0.00043149841689416046
zhen23,15,0.02,True,mtme_KG-BERTScore-src,0.19854512816410752,-0.0005105867568673261,0.00025238917423708873
zhen23,15,0.02,True,mtme_MEE4-refA,0.011033765440265577,-0.00021786785861199753,0.0
zhen23,15,0.02,True,mtme_MS-COMET-QE-22-src,0.21507507004568321,-0.0008058832568687002,0.0009278951211552089
zhen23,15,0.02,True,mtme_MaTESe-refA,0.35999759693313127,0.00010840167883707785,0.0009278951211552089
zhen23,15,0.02,True,mtme_MetricX-23-QE-b-src,0.5089741759540036,0.0007868295957713656,0.0017960265455568836
zhen23,15,0.02,True,mtme_MetricX-23-QE-c-src,0.42310262401764037,0.0010683568347662487,0.0017960265455568836
zhen23,15,0.02,True,mtme_MetricX-23-QE-src,0.47919195644560386,0.0007868295957713656,0.0011383624723624308
zhen23,15,0.02,True,mtme_MetricX-23-b-refA,0.5066628477390329,0.0009982012118725514,0.0017960265455568836
zhen23,15,0.02,True,mtme_MetricX-23-c-refA,0.3190353084536317,-0.00047385662676724394,0.0009278951211552089
zhen23,15,0.02,True,mtme_MetricX-23-refA,0.5031555786018144,0.0011383624723624308,0.0016930653305164967
zhen23,15,0.02,True,mtme_XCOMET-Ensemble-refA,0.48882062382072156,0.0007514684123250959,0.001173309196899508
zhen23,15,0.02,True,mtme_XCOMET-QE-Ensemble-src,0.46950256452380246,7.230704052796355e-05,0.0007160691856473722
zhen23,15,0.02,True,mtme_XCOMET-XL-refA,0.48556356551097746,0.0007160691856473722,0.0012430907567809735
zhen23,15,0.02,True,mtme_XCOMET-XXL-refA,0.47721319834425235,0.0006451563567618779,0.0012430907567809735
zhen23,15,0.02,True,mtme_XLsim-refA,-0.08427265754987778,-0.00010875593268933059,0.0
zhen23,15,0.02,True,mtme_YiSi-1-refA,0.06061812302337896,-7.246448645159553e-05,3.617316891635358e-05
zhen23,15,0.02,True,mtme_chrF-refA,0.005361488811471425,-0.00021786785861199753,3.617316891635358e-05
zhen23,15,0.02,True,mtme_cometoid22-wmt21-src,0.2437699258951539,-0.0005841679061409089,0.00046720421192070205
zhen23,15,0.02,True,mtme_cometoid22-wmt22-src,0.2748538222491599,-0.0003639072214647321,0.0006806318543125522
zhen23,15,0.02,True,mtme_cometoid22-wmt23-src,0.26239216858307546,-0.00021786785861199753,0.0006451563567618779
zhen23,15,0.02,True,mtme_docWMT22CometDA-refA,0.17077894334119123,-0.00032733752855373943,0.0005740906161157966
zhen23,15,0.02,True,mtme_docWMT22CometKiwiDA-src,0.16837363187968932,-0.0005473571612328865,0.00010840167883707785
zhen23,15,0.02,True,mtme_eBLEU-refA,0.024661828157026174,-0.00014508693363679548,3.617316891635358e-05
zhen23,15,0.02,True,mtme_embed_llama-refA,0.024089726253391487,0.00010840167883707785,0.00025238917423708873
zhen23,15,0.02,True,mtme_f200spBLEU-refA,0.0045923544754566835,-0.000254317912468105,-3.6212530362345063e-05
zhen23,15,0.02,True,mtme_instructscore-refA,0.3201767792020142,0.0003957540210082211,0.0010683568347662487
zhen23,15,0.02,True,mtme_mbr-metricx-qe-src,0.3831853419849986,0.0003599709616329827,0.0014168947483966798
zhen23,15,0.02,True,mtme_mre-score-labse-regular-refA,0.03308092573240329,-3.6212530362345063e-05,0.0001804735108621447
zhen23,15,0.02,True,mtme_prismRef-refA,0.09727048174164105,0.0,0.00032414917600287474
zhen23,15,0.02,True,mtme_prismSrc-src,-0.06011075328388959,-0.0001814575539964558,0.00010840167883707785
zhen23,15,0.02,True,mtme_sescoreX-refA,0.21869343485489015,-0.00029080778069201507,0.00046720421192070205
zhen23,15,0.02,True,mtme_tokengram_F-refA,0.0020226947444599297,-0.0001814575539964558,3.617316891635358e-05
zhen23,23,0.01,True,mtme_BERTscore-refA,0.03212716273221351,-0.0023918230448423117,-5.697013753636071e-05
zhen23,23,0.01,True,mtme_BLEU-refA,0.026054361906590832,-0.00465358646159908,5.6903466807867176e-05
zhen23,23,0.01,True,mtme_BLEURT-20-refA,0.054449604338717816,-0.0026915819131314578,0.0002838529619804131
zhen23,23,0.01,True,mtme_COMET-refA,0.09386559372833406,-0.003785811183433241,0.00034042482418139564
zhen23,23,0.01,True,mtme_Calibri-COMET22-QE-src,0.16809329229360814,-0.003663048320787121,0.0005097450337624432
zhen23,23,0.01,True,mtme_Calibri-COMET22-refA,0.03663272146517739,-0.002153307550361694,0.00022721501115530174
zhen23,23,0.01,True,mtme_CometKiwi-XL-src,0.13956075793435194,-0.003357442405901301,0.00034042482418139564
zhen23,23,0.01,True,mtme_CometKiwi-XXL-src,0.1364386234250871,-0.0061764000790742735,0.00022721501115530174
zhen23,23,0.01,True,mtme_CometKiwi-src,0.13846038554801254,-0.004967129880786958,0.0002838529619804131
zhen23,23,0.01,True,mtme_GEMBA-MQM-src,0.14654645958071622,-0.004094029108869135,0.000734587055239988
zhen23,23,0.01,True,mtme_KG-BERTScore-src,0.17417940993065856,-0.004904266932044488,0.00034042482418139564
zhen23,23,0.01,True,mtme_MEE4-refA,0.0033416351656702648,-0.004716141164629262,5.6903466807867176e-05
zhen23,23,0.01,True,mtme_MS-COMET-QE-22-src,0.0958916945965615,-0.00465358646159908,0.00034042482418139564
zhen23,23,0.01,True,mtme_MaTESe-refA,0.08349489472678795,-0.004032235173574428,-5.697013753636071e-05
zhen23,23,0.01,True,mtme_MetricX-23-QE-b-src,0.22824889495854836,-0.005282608753179652,0.0006784745914496515
zhen23,23,0.01,True,mtme_MetricX-23-QE-c-src,0.17337442014735183,-0.003357442405901301,0.0012366800838369274
zhen23,23,0.01,True,mtme_MetricX-23-QE-src,0.21203201183096004,-0.003663048320787121,0.0014028855276175811
zhen23,23,0.01,True,mtme_MetricX-23-b-refA,0.20036926372915959,-0.003479462378224385,0.000734587055239988
zhen23,23,0.01,True,mtme_MetricX-23-c-refA,0.1661988783213985,-0.003114287198214827,0.000734587055239988
zhen23,23,0.01,True,mtme_MetricX-23-refA,0.14984311274435735,-0.0017386416824989315,0.0018432997228930992
zhen23,23,0.01,True,mtme_XCOMET-Ensemble-refA,0.16727787051391396,-0.004404133312918557,0.0010141740706489655
zhen23,23,0.01,True,mtme_XCOMET-QE-Ensemble-src,0.26855978080529286,-0.005093088173646176,0.0011811500984750811
zhen23,23,0.01,True,mtme_XCOMET-XL-refA,0.15752391399104299,-0.00397051655081504,0.0011811500984750811
zhen23,23,0.01,True,mtme_XCOMET-XXL-refA,0.12337372186176734,-0.0042798641710024565,0.0010141740706489655
zhen23,23,0.01,True,mtme_XLsim-refA,-0.06406038575074573,-0.0031749657423336686,5.6903466807867176e-05
zhen23,23,0.01,True,mtme_YiSi-1-refA,0.06722386715644524,-0.0027517502494875945,0.00017051085582897585
zhen23,23,0.01,True,mtme_chrF-refA,0.002774247752449898,-0.003785811183433241,0.0002838529619804131
zhen23,23,0.01,True,mtme_cometoid22-wmt21-src,0.1319664677681171,-0.004094029108869135,0.0002838529619804131
zhen23,23,0.01,True,mtme_cometoid22-wmt22-src,0.12376894255102641,-0.0035405834262540736,-5.697013753636071e-05
zhen23,23,0.01,True,mtme_cometoid22-wmt23-src,0.072459717202595,-0.005093088173646176,0.00011374037985323326
zhen23,23,0.01,True,mtme_docWMT22CometDA-refA,0.09388931115004237,-0.004591108465746174,0.0005660536948454142
zhen23,23,0.01,True,mtme_docWMT22CometKiwiDA-src,0.021999587891757794,-0.003357442405901301,0.0002838529619804131
zhen23,23,0.01,True,mtme_eBLEU-refA,0.016271287822827916,-0.005919444986270506,0.00011374037985323326
zhen23,23,0.01,True,mtme_embed_llama-refA,0.08552555267419773,-0.004094029108869135,0.0006222968426520259
zhen23,23,0.01,True,mtme_f200spBLEU-refA,0.037469511547413306,-0.004094029108869135,0.0
zhen23,23,0.01,True,mtme_instructscore-refA,0.038147952673245646,-0.003663048320787121,0.0005660536948454142
zhen23,23,0.01,True,mtme_mbr-metricx-qe-src,0.2261602410257319,-0.0043419607391648185,0.0011255558422968992
zhen23,23,0.01,True,mtme_mre-score-labse-regular-refA,0.09089889587461689,-0.006694169415011775,-0.00011400706304143249
zhen23,23,0.01,True,mtme_prismRef-refA,0.042290609407576576,-0.003357442405901301,0.0002838529619804131
zhen23,23,0.01,True,mtme_prismSrc-src,0.008912830036772108,-0.0026314859379734656,0.00011374037985323326
zhen23,23,0.01,True,mtme_sescoreX-refA,0.03658628628620495,-0.00397051655081504,0.00011374037985323326
zhen23,23,0.01,True,mtme_tokengram_F-refA,0.004465258391573563,-0.003479462378224385,0.0002838529619804131
zhen23,23,0.02,True,mtme_BERTscore-refA,0.03212716273221351,-0.00034029421297554485,4.234488138910031e-05
zhen23,23,0.02,True,mtme_BLEU-refA,0.026054361906590832,-0.0007264171230703109,0.0
zhen23,23,0.02,True,mtme_BLEURT-20-refA,0.054449604338717816,-0.00046861241658224806,8.464733303736871e-05
zhen23,23,0.02,True,mtme_COMET-refA,0.09386559372833406,-0.00034029421297554485,8.464733303736871e-05
zhen23,23,0.02,True,mtme_Calibri-COMET22-QE-src,0.16809329229360814,-0.0011160716451474872,8.464733303736871e-05
zhen23,23,0.02,True,mtme_Calibri-COMET22-refA,0.03663272146517739,-0.00038302385155697394,4.234488138910031e-05
zhen23,23,0.02,True,mtme_CometKiwi-XL-src,0.13956075793435194,-0.00038302385155697394,8.464733303736871e-05
zhen23,23,0.02,True,mtme_CometKiwi-XXL-src,0.1364386234250871,-0.0017293354835450359,8.464733303736871e-05
zhen23,23,0.02,True,mtme_CometKiwi-src,0.13846038554801254,-0.001334090264649257,0.00012690741868481847
zhen23,23,0.02,True,mtme_GEMBA-MQM-src,0.14654645958071622,-0.0011595866985365522,0.0
zhen23,23,0.02,True,mtme_KG-BERTScore-src,0.17417940993065856,-0.0012031460195283117,0.00012690741868481847
zhen23,23,0.02,True,mtme_MEE4-refA,0.0033416351656702648,-0.001861894233705863,-4.23873749979542e-05
zhen23,23,0.02,True,mtme_MS-COMET-QE-22-src,0.0958916945965615,-0.0006403085273205544,8.464733303736871e-05
zhen23,23,0.02,True,mtme_MaTESe-refA,0.08349489472678795,-0.0008559071770128934,4.234488138910031e-05
zhen23,23,0.02,True,mtme_MetricX-23-QE-b-src,0.22824889495854836,-0.0009857914168123205,8.464733303736871e-05
zhen23,23,0.02,True,mtme_MetricX-23-QE-c-src,0.17337442014735183,-0.0005543738005173715,0.00016912520194434233
zhen23,23,0.02,True,mtme_MetricX-23-QE-src,0.21203201183096004,-0.0008991580363886253,0.00012690741868481847
zhen23,23,0.02,True,mtme_MetricX-23-b-refA,0.20036926372915959,-0.00046861241658224806,8.464733303736871e-05
zhen23,23,0.02,True,mtme_MetricX-23-c-refA,0.1661988783213985,-0.00042579656437080615,8.464733303736871e-05
zhen23,23,0.02,True,mtme_MetricX-23-refA,0.14984311274435735,-0.0005543738005173715,8.464733303736871e-05
zhen23,23,0.02,True,mtme_XCOMET-Ensemble-refA,0.16727787051391396,-0.0009424527607331257,8.464733303736871e-05
zhen23,23,0.02,True,mtme_XCOMET-QE-Ensemble-src,0.26855978080529286,-0.00129039773479378,8.464733303736871e-05
zhen23,23,0.02,True,mtme_XCOMET-XL-refA,0.15752391399104299,-0.0008991580363886253,0.00012690741868481847
zhen23,23,0.02,True,mtme_XCOMET-XXL-refA,0.12337372186176734,-0.0013778273332709645,8.464733303736871e-05
zhen23,23,0.02,True,mtme_XLsim-refA,-0.06406038575074573,-0.0008991580363886253,0.0
zhen23,23,0.02,True,mtme_YiSi-1-refA,0.06722386715644524,-0.0005973194632304946,-4.23873749979542e-05
zhen23,23,0.02,True,mtme_chrF-refA,0.002774247752449898,-0.0007264171230703109,0.0
zhen23,23,0.02,True,mtme_cometoid22-wmt21-src,0.1319664677681171,-0.000812700115975673,8.464733303736871e-05
zhen23,23,0.02,True,mtme_cometoid22-wmt22-src,0.12376894255102641,-0.0006403085273205544,8.464733303736871e-05
zhen23,23,0.02,True,mtme_cometoid22-wmt23-src,0.072459717202595,-0.0007695367867819325,8.464733303736871e-05
zhen23,23,0.02,True,mtme_docWMT22CometDA-refA,0.09388931115004237,-0.0008559071770128934,8.464733303736871e-05
zhen23,23,0.02,True,mtme_docWMT22CometKiwiDA-src,0.021999587891757794,-0.001029174071526917,8.464733303736871e-05
zhen23,23,0.02,True,mtme_eBLEU-refA,0.016271287822827916,-0.0023514505525996654,0.0
zhen23,23,0.02,True,mtme_embed_llama-refA,0.08552555267419773,-0.002039274680762704,8.464733303736871e-05
zhen23,23,0.02,True,mtme_f200spBLEU-refA,0.037469511547413306,-0.0009424527607331257,0.0
zhen23,23,0.02,True,mtme_instructscore-refA,0.038147952673245646,-0.0007695367867819325,8.464733303736871e-05
zhen23,23,0.02,True,mtme_mbr-metricx-qe-src,0.2261602410257319,-0.00129039773479378,0.00012690741868481847
zhen23,23,0.02,True,mtme_mre-score-labse-regular-refA,0.09089889587461689,-0.00208373373166304,8.464733303736871e-05
zhen23,23,0.02,True,mtme_prismRef-refA,0.042290609407576576,-0.0005114714734884007,0.0
zhen23,23,0.02,True,mtme_prismSrc-src,0.008912830036772108,-0.00029760758359231865,0.0
zhen23,23,0.02,True,mtme_sescoreX-refA,0.03658628628620495,-0.00034029421297554485,0.0
zhen23,23,0.02,True,mtme_tokengram_F-refA,0.004465258391573563,-0.0007695367867819325,4.234488138910031e-05
zhen23,24,0.01,True,mtme_BERTscore-refA,0.006150179577104663,-0.002099909442248915,0.001504321091669536
zhen23,24,0.01,True,mtme_BLEU-refA,0.006972869838713444,-0.004386293569492272,-0.00043641842659414287
zhen23,24,0.01,True,mtme_BLEURT-20-refA,0.062457046551234574,-0.0030048949642789147,0.0022432637534351985
zhen23,24,0.01,True,mtme_COMET-refA,0.039607574172178604,-0.0033475277039898277,0.0013980463918488173
zhen23,24,0.01,True,mtme_Calibri-COMET22-QE-src,0.19045235146330508,0.00010864033172675036,0.0037979223405266715
zhen23,24,0.01,True,mtme_Calibri-COMET22-refA,0.014438951395255466,-0.002891081998474876,0.001291592476682757
zhen23,24,0.01,True,mtme_CometKiwi-XL-src,0.19919420075328675,-0.0025508296828085086,0.004002302649830702
zhen23,24,0.01,True,mtme_CometKiwi-XXL-src,0.20383466647558857,-0.005441664928404144,0.002348120882218918
zhen23,24,0.01,True,mtme_CometKiwi-src,0.1463507169997233,-0.0030048949642789147,0.0042060095479015125
zhen23,24,0.01,True,mtme_GEMBA-MQM-src,0.176083032306335,-0.004270062334150504,0.0028697872806227043
zhen23,24,0.01,True,mtme_KG-BERTScore-src,0.12942977879373868,-0.0030048949642789147,0.0024528028111217015
zhen23,24,0.01,True,mtme_MEE4-refA,-0.02694295765652835,-0.003922593188989021,0.0005413587352791627
zhen23,24,0.01,True,mtme_MS-COMET-QE-22-src,0.11307065584302614,-0.0015406322904338854,0.00266164282274417
zhen23,24,0.01,True,mtme_MaTESe-refA,0.17222158287381578,-0.0027774671405311757,0.003284003388500656
zhen23,24,0.01,True,mtme_MetricX-23-QE-b-src,0.2465213992779945,-0.008216971599542822,0.003490081907788656
zhen23,24,0.01,True,mtme_MetricX-23-QE-c-src,0.23053593386405663,-0.0056784870898047846,0.003490081907788656
zhen23,24,0.01,True,mtme_MetricX-23-QE-src,0.283071488695013,-0.006514043166868655,0.0036954786122898042
zhen23,24,0.01,True,mtme_MetricX-23-b-refA,0.17998320077664215,-0.0077260253976336735,0.0024528028111217015
zhen23,24,0.01,True,mtme_MetricX-23-c-refA,0.1842445345513375,-0.002437806054803815,0.0037979223405266715
zhen23,24,0.01,True,mtme_MetricX-23-refA,0.16483295531194342,-0.005559970754810406,0.0031807073865153246
zhen23,24,0.01,True,mtme_XCOMET-Ensemble-refA,0.16244808262257898,-0.0010966700152819087,0.004104240067084763
zhen23,24,0.01,True,mtme_XCOMET-QE-Ensemble-src,0.1755360019897299,-0.002891081998474876,0.0033871280869999243
zhen23,24,0.01,True,mtme_XCOMET-XL-refA,0.10239854066379014,-0.0031189065565504492,0.0028697872806227043
zhen23,24,0.01,True,mtme_XCOMET-XXL-refA,0.17710357265194154,-0.002212346443307034,0.004002302649830702
zhen23,24,0.01,True,mtme_XLsim-refA,-0.008491470759663897,-0.004970535531210407,0.0004334546342233958
zhen23,24,0.01,True,mtme_YiSi-1-refA,0.028329829988134204,-0.0035769496260262823,0.0021382309845697778
zhen23,24,0.01,True,mtme_chrF-refA,-0.0346462870865055,-0.004736219408754572,0.00021709590098428766
zhen23,24,0.01,True,mtme_cometoid22-wmt21-src,0.1215947701969804,-0.00896010393160318,0.001291592476682757
zhen23,24,0.01,True,mtme_cometoid22-wmt22-src,0.1802495809212571,-0.005797214495742997,0.00266164282274417
zhen23,24,0.01,True,mtme_cometoid22-wmt23-src,0.14586045007959791,-0.006634263984920397,0.00266164282274417
zhen23,24,0.01,True,mtme_docWMT22CometDA-refA,0.07421315370243317,-0.006634263984920397,0.0022432637534351985
zhen23,24,0.01,True,mtme_docWMT22CometKiwiDA-src,0.12541760013489056,-0.005559970754810406,0.0031807073865153246
zhen23,24,0.01,True,mtme_eBLEU-refA,-0.0396375484594636,-0.0032331172957080767,0.0004334546342233958
zhen23,24,0.01,True,mtme_embed_llama-refA,-0.011596094942730596,-0.004853273881953113,0.0004334546342233958
zhen23,24,0.01,True,mtme_f200spBLEU-refA,-0.027252073541197006,-0.00403821268193072,0.0005413587352791627
zhen23,24,0.01,True,mtme_instructscore-refA,-0.0548496850151958,-0.0032331172957080767,0.0003253671787055712
zhen23,24,0.01,True,mtme_mbr-metricx-qe-src,0.22154721375129613,-0.005088004907038535,0.0037979223405266715
zhen23,24,0.01,True,mtme_mre-score-labse-regular-refA,0.10052036761059778,-0.004736219408754572,0.000971150894344297
zhen23,24,0.01,True,mtme_prismRef-refA,0.05165532364599963,-0.004970535531210407,0.0027658017785409106
zhen23,24,0.01,True,mtme_prismSrc-src,0.07132518531955961,-0.002212346443307034,0.0019276367584049048
zhen23,24,0.01,True,mtme_sescoreX-refA,0.015379984511902218,-0.004736219408754572,0.0003253671787055712
zhen23,24,0.01,True,mtme_tokengram_F-refA,-0.03217645548481626,-0.004386293569492272,0.0003253671787055712
zhen23,24,0.02,True,mtme_BERTscore-refA,0.006150179577104663,-0.0015113865705824736,0.0002775514883138763
zhen23,24,0.02,True,mtme_BLEU-refA,0.006972869838713444,-0.002385288861394219,-0.00023267940391802355
zhen23,24,0.02,True,mtme_BLEURT-20-refA,0.062457046551234574,-0.002238419987831586,0.0
zhen23,24,0.02,True,mtme_COMET-refA,0.039607574172178604,-0.002238419987831586,0.00013900164064772902
zhen23,24,0.02,True,mtme_Calibri-COMET22-QE-src,0.19045235146330508,-0.00032610659501663974,0.0011898321930253752
zhen23,24,0.02,True,mtme_Calibri-COMET22-refA,0.014438951395255466,-0.0013674251219764066,4.638421577274343e-05
zhen23,24,0.02,True,mtme_CometKiwi-XL-src,0.19919420075328675,-0.0012239398413371738,0.0006905121932984093
zhen23,24,0.02,True,mtme_CometKiwi-XXL-src,0.20383466647558857,-0.0010809283701003203,0.0010994850803163203
zhen23,24,0.02,True,mtme_CometKiwi-src,0.1463507169997233,-0.001319543904338527,0.0008727668012480372
zhen23,24,0.02,True,mtme_GEMBA-MQM-src,0.176083032306335,-0.0012239398413371738,0.0005990898198018346
zhen23,24,0.02,True,mtme_KG-BERTScore-src,0.12942977879373868,-0.0014153592470371734,0.0006905121932984093
zhen23,24,0.02,True,mtme_MEE4-refA,-0.02694295765652835,-0.0020433576367446804,-4.643466081466485e-05
zhen23,24,0.02,True,mtme_MS-COMET-QE-22-src,0.11307065584302614,-0.0010809283701003203,0.0003696681438870586
zhen23,24,0.02,True,mtme_MaTESe-refA,0.17222158287381578,-0.001800747484484111,0.0003696681438870586
zhen23,24,0.02,True,mtme_MetricX-23-QE-b-src,0.2465213992779945,-0.002483475248529876,0.0010089438814360197
zhen23,24,0.02,True,mtme_MetricX-23-QE-c-src,0.23053593386405663,-0.0010333627652552302,0.0009182079702999557
zhen23,24,0.02,True,mtme_MetricX-23-QE-src,0.283071488695013,-0.0026311673770784694,0.0012349331619836423
zhen23,24,0.02,True,mtme_MetricX-23-b-refA,0.17998320077664215,-0.0028784272327384564,0.0009636003041353369
zhen23,24,0.02,True,mtme_MetricX-23-c-refA,0.1842445345513375,-0.0022873216403012098,0.0005533045868545416
zhen23,24,0.02,True,mtme_MetricX-23-refA,0.16483295531194342,-0.002434354613266354,0.0002775514883138763
zhen23,24,0.02,True,mtme_XCOMET-Ensemble-refA,0.16244808262257898,-0.000938388365251841,0.0005533045868545416
zhen23,24,0.02,True,mtme_XCOMET-QE-Ensemble-src,0.1755360019897299,-0.0007963174992016153,0.0011446828584169566
zhen23,24,0.02,True,mtme_XCOMET-XL-refA,0.10239854066379014,-0.001319543904338527,0.0002775514883138763
zhen23,24,0.02,True,mtme_XCOMET-XXL-refA,0.17710357265194154,-0.0011285463599723933,0.0010542387807147557
zhen23,24,0.02,True,mtme_XLsim-refA,-0.008491470759663897,-0.0011285463599723933,4.638421577274343e-05
zhen23,24,0.02,True,mtme_YiSi-1-refA,0.028329829988134204,-0.0016558265613999534,0.000185235013531182
zhen23,24,0.02,True,mtme_chrF-refA,-0.0346462870865055,-0.002385288861394219,0.000185235013531182
zhen23,24,0.02,True,mtme_cometoid22-wmt21-src,0.1215947701969804,-0.002092041767521202,0.0005533045868545416
zhen23,24,0.02,True,mtme_cometoid22-wmt22-src,0.1802495809212571,-0.0019461517458334576,0.0008272767181282115
zhen23,24,0.02,True,mtme_cometoid22-wmt23-src,0.14586045007959791,-0.0028784272327384564,0.0004615856283129993
zhen23,24,0.02,True,mtme_docWMT22CometDA-refA,0.07421315370243317,-0.003276945374818041,0.000185235013531182
zhen23,24,0.02,True,mtme_docWMT22CometKiwiDA-src,0.12541760013489056,-0.001849161748072481,0.0009636003041353369
zhen23,24,0.02,True,mtme_eBLEU-refA,-0.0396375484594636,-0.0020433576367446804,0.0
zhen23,24,0.02,True,mtme_embed_llama-refA,-0.011596094942730596,-0.001897629805286849,-4.643466081466485e-05
zhen23,24,0.02,True,mtme_f200spBLEU-refA,-0.027252073541197006,-0.002385288861394219,-9.291984900761108e-05
zhen23,24,0.02,True,mtme_instructscore-refA,-0.0548496850151958,-0.0010333627652552302,-4.643466081466485e-05
zhen23,24,0.02,True,mtme_mbr-metricx-qe-src,0.22154721375129613,-0.001849161748072481,0.0011446828584169566
zhen23,24,0.02,True,mtme_mre-score-labse-regular-refA,0.10052036761059778,-0.001897629805286849,0.00032363475293184507
zhen23,24,0.02,True,mtme_prismRef-refA,0.05165532364599963,-0.0030274510399483923,0.000185235013531182
zhen23,24,0.02,True,mtme_prismSrc-src,0.07132518531955961,-0.001800747484484111,0.000185235013531182
zhen23,24,0.02,True,mtme_sescoreX-refA,0.015379984511902218,-0.002483475248529876,0.000185235013531182
zhen23,24,0.02,True,mtme_tokengram_F-refA,-0.03217645548481626,-0.0020433576367446804,0.00013900164064772902
zhen23,25,0.01,True,mtme_BERTscore-refA,0.13580932035022836,0.006169699188693145,0.035739258001929786
zhen23,25,0.01,True,mtme_BLEU-refA,0.027703954287356475,-0.0037197853642287892,0.01182879529780867
zhen23,25,0.01,True,mtme_BLEURT-20-refA,0.19632266107634133,0.010636543584985225,0.0356965353169314
zhen23,25,0.01,True,mtme_COMET-refA,0.2078841414928469,0.01587081939738022,0.04142640130495612
zhen23,25,0.01,True,mtme_Calibri-COMET22-QE-src,0.1946686140940571,-0.003000952131043899,0.015063060784356375
zhen23,25,0.01,True,mtme_Calibri-COMET22-refA,0.14750158104337413,0.010768278714491819,0.027769103767222636
zhen23,25,0.01,True,mtme_CometKiwi-XL-src,0.23056823483360248,0.00863682905806673,0.03825989641683725
zhen23,25,0.01,True,mtme_CometKiwi-XXL-src,0.24122550056230052,0.012164561989845835,0.05273329582446862
zhen23,25,0.01,True,mtme_CometKiwi-src,0.25067054283868506,0.0286810207277155,0.056933140049727604
zhen23,25,0.01,True,mtme_GEMBA-MQM-src,0.2847247189629572,0.03475353719209562,0.057090741419991375
zhen23,25,0.01,True,mtme_KG-BERTScore-src,0.23757949041471188,0.03469967266696805,0.04960951497102528
zhen23,25,0.01,True,mtme_MEE4-refA,0.037298687486974416,-0.008676129240058561,0.008561527102214361
zhen23,25,0.01,True,mtme_MS-COMET-QE-22-src,0.23179810301962134,0.005402267772590119,0.0624658126260742
zhen23,25,0.01,True,mtme_MaTESe-refA,0.26437858991961716,0.033458376744625595,0.07032075840904128
zhen23,25,0.01,True,mtme_MetricX-23-QE-b-src,0.396654875006735,0.06336252547377175,0.11840064905495562
zhen23,25,0.01,True,mtme_MetricX-23-QE-c-src,0.3421257193988513,0.053656817010389046,0.0909221448638814
zhen23,25,0.01,True,mtme_MetricX-23-QE-src,0.36360743194962325,0.037298636004372554,0.06911575860079633
zhen23,25,0.01,True,mtme_MetricX-23-b-refA,0.30671606340036506,0.024582902628749292,0.0594582181443476
zhen23,25,0.01,True,mtme_MetricX-23-c-refA,0.24141890307292185,0.003638891317499726,0.030701267532499688
zhen23,25,0.01,True,mtme_MetricX-23-refA,0.31148057976031673,0.028855849778129605,0.05330277866102129
zhen23,25,0.01,True,mtme_XCOMET-Ensemble-refA,0.36323411103999936,0.06104104544006006,0.09790949631829471
zhen23,25,0.01,True,mtme_XCOMET-QE-Ensemble-src,0.35926820078830635,0.053640063016272,0.09692837229496287
zhen23,25,0.01,True,mtme_XCOMET-XL-refA,0.3311606587171144,0.03587485608909868,0.10432568207575377
zhen23,25,0.01,True,mtme_XCOMET-XXL-refA,0.343038067755475,0.048904693656140585,0.0715835907156126
zhen23,25,0.01,True,mtme_XLsim-refA,0.047746956406158794,0.0077525264844057196,0.01855292171968914
zhen23,25,0.01,True,mtme_YiSi-1-refA,0.156677981892679,0.01687820978190857,0.03419078474076298
zhen23,25,0.01,True,mtme_chrF-refA,0.06597956976473417,-0.011855670594364431,0.014553225830811867
zhen23,25,0.01,True,mtme_cometoid22-wmt21-src,0.2660948764883395,0.01390796596773225,0.05612527286313185
zhen23,25,0.01,True,mtme_cometoid22-wmt22-src,0.27820402555344315,0.026111793812935824,0.056436456943442015
zhen23,25,0.01,True,mtme_cometoid22-wmt23-src,0.2496592369017973,-0.0026727621595066253,0.044668299166601644
zhen23,25,0.01,True,mtme_docWMT22CometDA-refA,0.16903492165959766,0.008237500504304274,0.03825989641683725
zhen23,25,0.01,True,mtme_docWMT22CometKiwiDA-src,0.173002304809191,-0.0072995748654884896,0.024915340102621752
zhen23,25,0.01,True,mtme_eBLEU-refA,0.0390277845538041,-0.007989682577207669,0.004551697953075973
zhen23,25,0.01,True,mtme_embed_llama-refA,0.03536652839582045,-0.006374852805298703,0.0118886275473028
zhen23,25,0.01,True,mtme_f200spBLEU-refA,0.03738380360451182,-0.006141179777959582,0.009196176320063643
zhen23,25,0.01,True,mtme_instructscore-refA,0.2557176188809088,0.025937453415147194,0.042899218970891995
zhen23,25,0.01,True,mtme_mbr-metricx-qe-src,0.3139316525787279,0.022115218612167253,0.05042023139078056
zhen23,25,0.01,True,mtme_mre-score-labse-regular-refA,0.049062980740186564,-0.0016858140566946567,0.013253681491182778
zhen23,25,0.01,True,mtme_prismRef-refA,0.14829337384747168,-0.006598922831514198,0.022525581244389192
zhen23,25,0.01,True,mtme_prismSrc-src,0.033379383011784204,-0.004266079816132251,-0.0007310928307093789
zhen23,25,0.01,True,mtme_sescoreX-refA,0.1627081425313578,0.006422951556007139,0.050840602867690654
zhen23,25,0.01,True,mtme_tokengram_F-refA,0.0658398136638314,-0.006730860535185901,0.02142029795030287
zhen23,25,0.02,True,mtme_BERTscore-refA,0.13580932035022836,-0.0007976513365066662,0.0010778950069300075
zhen23,25,0.02,True,mtme_BLEU-refA,0.027703954287356475,0.0,0.0017527149642185824
zhen23,25,0.02,True,mtme_BLEURT-20-refA,0.19632266107634133,-0.002532337605658297,0.0004926296107182759
zhen23,25,0.02,True,mtme_COMET-refA,0.2078841414928469,-0.0007976513365066662,0.002039327390294332
zhen23,25,0.02,True,mtme_Calibri-COMET22-QE-src,0.1946686140940571,-0.0009989054710408674,0.0018484242695687714
zhen23,25,0.02,True,mtme_Calibri-COMET22-refA,0.14750158104337413,-0.0007976513365066662,0.0011748213123661255
zhen23,25,0.02,True,mtme_CometKiwi-XL-src,0.23056823483360248,-0.0005971377875642059,0.0024190845821491225
zhen23,25,0.02,True,mtme_CometKiwi-XXL-src,0.24122550056230052,0.0,0.0038192925865387917
zhen23,25,0.02,True,mtme_CometKiwi-src,0.25067054283868506,-0.00029774714453312257,0.003077161600390066
zhen23,25,0.02,True,mtme_GEMBA-MQM-src,0.2847247189629572,0.002983652435876394,0.005718430860776835
zhen23,25,0.02,True,mtme_KG-BERTScore-src,0.23757949041471188,-0.0023253959231919197,0.0010778950069300075
zhen23,25,0.02,True,mtme_MEE4-refA,0.037298687486974416,-0.00039736074385188225,0.0007860596731241731
zhen23,25,0.02,True,mtme_MS-COMET-QE-22-src,0.23179810301962134,-0.0013021842709985965,0.0035422248787675414
zhen23,25,0.02,True,mtme_MaTESe-refA,0.26437858991961716,-0.0010998115412670373,0.002702123952171287
zhen23,25,0.02,True,mtme_MetricX-23-QE-b-src,0.396654875006735,0.0033566943155849405,0.007463968026925616
zhen23,25,0.02,True,mtme_MetricX-23-QE-c-src,0.3421257193988513,0.004003190683326885,0.005984108557370416
zhen23,25,0.02,True,mtme_MetricX-23-QE-src,0.36360743194962325,0.003170504674025354,0.005362037707201339
zhen23,25,0.02,True,mtme_MetricX-23-b-refA,0.30671606340036506,-0.0010998115412670373,0.002702123952171287
zhen23,25,0.02,True,mtme_MetricX-23-c-refA,0.24141890307292185,0.0006884274887235531,0.0016568332096694727
zhen23,25,0.02,True,mtme_MetricX-23-refA,0.31148057976031673,0.0006884274887235531,0.0025135996651979298
zhen23,25,0.02,True,mtme_XCOMET-Ensemble-refA,0.36323411103999936,0.001464550485293925,0.004094896908529599
zhen23,25,0.02,True,mtme_XCOMET-QE-Ensemble-src,0.35926820078830635,0.0016568332096694727,0.005182909789420043
zhen23,25,0.02,True,mtme_XCOMET-XL-refA,0.3311606587171144,0.00039446294444378527,0.003727099856921101
zhen23,25,0.02,True,mtme_XCOMET-XXL-refA,0.343038067755475,0.0017527149642185824,0.004732347441544715
zhen23,25,0.02,True,mtme_XLsim-refA,0.047746956406158794,-0.0005971377875642059,0.0
zhen23,25,0.02,True,mtme_YiSi-1-refA,0.156677981892679,-0.0008981855743759315,0.0013681485774091895
zhen23,25,0.02,True,mtme_chrF-refA,0.06597956976473417,-0.0009989054710408674,0.0008835146666275051
zhen23,25,0.02,True,mtme_cometoid22-wmt21-src,0.2660948764883395,-0.002119226411182895,0.002229546270443805
zhen23,25,0.02,True,mtme_cometoid22-wmt22-src,0.27820402555344315,-0.0010998115412670373,0.002796134057841182
zhen23,25,0.02,True,mtme_cometoid22-wmt23-src,0.2496592369017973,-0.0010998115412670373,0.0017527149642185824
zhen23,25,0.02,True,mtme_docWMT22CometDA-refA,0.16903492165959766,-0.0013021842709985965,0.001464550485293925
zhen23,25,0.02,True,mtme_docWMT22CometKiwiDA-src,0.173002304809191,-0.0024287699722445044,0.002039327390294332
zhen23,25,0.02,True,mtme_eBLEU-refA,0.0390277845538041,-0.00039736074385188225,0.00098079295116682
zhen23,25,0.02,True,mtme_embed_llama-refA,0.03536652839582045,-0.0007976513365066662,0.00098079295116682
zhen23,25,0.02,True,mtme_f200spBLEU-refA,0.03738380360451182,-0.0004971574564049952,0.0015607785394223805
zhen23,25,0.02,True,mtme_instructscore-refA,0.2557176188809088,-0.001709186675402652,-9.906727336428389e-05
zhen23,25,0.02,True,mtme_mbr-metricx-qe-src,0.3139316525787279,0.0013681485774091895,0.004460112928196924
zhen23,25,0.02,True,mtme_mre-score-labse-regular-refA,0.049062980740186564,9.888616317521581e-05,0.0018484242695687714
zhen23,25,0.02,True,mtme_prismRef-refA,0.14829337384747168,-0.001403651969594133,0.0011748213123661255
zhen23,25,0.02,True,mtme_prismSrc-src,0.033379383011784204,-0.0010998115412670373,-9.906727336428389e-05
zhen23,25,0.02,True,mtme_sescoreX-refA,0.1627081425313578,-0.001913824755829241,0.0015607785394223805
zhen23,25,0.02,True,mtme_tokengram_F-refA,0.0658398136638314,-0.0010998115412670373,0.0006884274887235531
zhen23,34,0.01,True,mtme_BERTscore-refA,0.028292440547385205,-0.0036085660267533015,0.0018573847142521194
zhen23,34,0.01,True,mtme_BLEU-refA,0.018181654122303294,-0.006857776934614757,0.0016126735713820617
zhen23,34,0.01,True,mtme_BLEURT-20-refA,0.08088064357716207,-0.004273224279672139,0.0019794059808472264
zhen23,34,0.01,True,mtme_COMET-refA,0.08117319641180926,-0.004406916989324161,0.0012439261486780762
zhen23,34,0.01,True,mtme_Calibri-COMET22-QE-src,0.17651748137333245,-0.004139786222800312,0.0014899824727858668
zhen23,34,0.01,True,mtme_Calibri-COMET22-refA,0.0781928852201689,-0.003740992713802127,0.0
zhen23,34,0.01,True,mtme_CometKiwi-XL-src,0.18082723703196935,-0.0048095303455681915,0.0018573847142521194
zhen23,34,0.01,True,mtme_CometKiwi-XXL-src,0.20755244427695346,-0.002950184055731553,0.0008731470597332924
zhen23,34,0.01,True,mtme_CometKiwi-src,0.16365274846101535,-0.006031360839806377,0.0018573847142521194
zhen23,34,0.01,True,mtme_GEMBA-MQM-src,0.18220413891687987,-0.0032127893906253036,0.003187504622135906
zhen23,34,0.01,True,mtme_KG-BERTScore-src,0.17008160795196106,-0.006996449930115611,0.0009969668655827046
zhen23,34,0.01,True,mtme_MEE4-refA,-0.025892640017637525,-0.0045408650814207085,0.00025062128309161213
zhen23,34,0.01,True,mtme_MS-COMET-QE-22-src,0.2049020614806745,-0.004006602091821909,0.0017351407811122543
zhen23,34,0.01,True,mtme_MaTESe-refA,0.20005132990734678,-0.004273224279672139,0.002706891467014527
zhen23,34,0.01,True,mtme_MetricX-23-QE-b-src,0.26071937256748445,-0.006857776934614757,0.0018573847142521194
zhen23,34,0.01,True,mtme_MetricX-23-QE-c-src,0.24035070759490307,-0.0026885687503754863,0.003426512245223279
zhen23,34,0.01,True,mtme_MetricX-23-QE-src,0.31430954223128305,-0.006857776934614757,0.0037834131163564377
zhen23,34,0.01,True,mtme_MetricX-23-b-refA,0.1807945013521861,-0.006857776934614757,0.0029476325953484706
zhen23,34,0.01,True,mtme_MetricX-23-c-refA,0.16987067044713722,-0.0052144620128844466,0.003901952902998551
zhen23,34,0.01,True,mtme_MetricX-23-refA,0.2403779700153163,-0.004675069288415878,0.005539441338687334
zhen23,34,0.01,True,mtme_XCOMET-Ensemble-refA,0.2519386623467581,-0.003081362618577721,0.0028273709638186872
zhen23,34,0.01,True,mtme_XCOMET-QE-Ensemble-src,0.2639325921822756,-0.0028192529996076132,0.002101205188722366
zhen23,34,0.01,True,mtme_XCOMET-XL-refA,0.1909943387294244,-0.0036085660267533015,0.0014899824727858668
zhen23,34,0.01,True,mtme_XCOMET-XXL-refA,0.25853404159487686,-0.003740992713802127,0.003901952902998551
zhen23,34,0.01,True,mtme_XLsim-refA,-0.0013858578967370716,-0.005079225965474388,0.0008731470597332924
zhen23,34,0.01,True,mtme_YiSi-1-refA,0.051270328669573095,-0.004273224279672139,0.0011205596873700152
zhen23,34,0.01,True,mtme_chrF-refA,-0.01286762154712423,-0.005894554575317068,0.0009969668655827046
zhen23,34,0.01,True,mtme_cometoid22-wmt21-src,0.19371348500131674,-0.008824039900346525,0.0014899824727858668
zhen23,34,0.01,True,mtme_cometoid22-wmt22-src,0.22196897388360115,-0.006857776934614757,0.00258619351237388
zhen23,34,0.01,True,mtme_cometoid22-wmt23-src,0.19465869277058473,-0.007414090822997821,0.002465276505184022
zhen23,34,0.01,True,mtme_docWMT22CometDA-refA,0.08073908616953687,-0.00562173207288974,0.0014899824727858668
zhen23,34,0.01,True,mtme_docWMT22CometKiwiDA-src,0.09408649125420362,-0.0052144620128844466,0.00025062128309161213
zhen23,34,0.01,True,mtme_eBLEU-refA,-0.031045014467778034,-0.004273224279672139,0.0009969668655827046
zhen23,34,0.01,True,mtme_embed_llama-refA,-0.0265558340347262,-0.003081362618577721,0.0006248239900442654
zhen23,34,0.01,True,mtme_f200spBLEU-refA,-0.012440716897547943,-0.006857776934614757,0.00025062128309161213
zhen23,34,0.01,True,mtme_instructscore-refA,0.00012747751777407,-0.0052144620128844466,0.0006248239900442654
zhen23,34,0.01,True,mtme_mbr-metricx-qe-src,0.19895787002673854,-0.00562173207288974,0.002465276505184022
zhen23,34,0.01,True,mtme_mre-score-labse-regular-refA,0.07502110761398428,-0.005079225965474388,0.0011205596873700152
zhen23,34,0.01,True,mtme_prismRef-refA,0.05851131549960088,-0.004006602091821909,0.0014899824727858668
zhen23,34,0.01,True,mtme_prismSrc-src,0.06278146205051449,-0.0022979898851893665,0.0014899824727858668
zhen23,34,0.01,True,mtme_sescoreX-refA,0.055548338477067874,-0.007693877593034193,0.0005003194675345934
zhen23,34,0.01,True,mtme_tokengram_F-refA,-0.01660699013871931,-0.005758011906713101,0.00037558544360083435
zhen23,34,0.02,True,mtme_BERTscore-refA,0.028292440547385205,-0.0017415782525835866,0.0005491105373507388
zhen23,34,0.02,True,mtme_BLEU-refA,0.018181654122303294,-0.002372778374243989,0.0003003642850624155
zhen23,34,0.02,True,mtme_BLEURT-20-refA,0.08088064357716207,-0.0018985525851651364,0.00040003190524284804
zhen23,34,0.02,True,mtme_COMET-refA,0.08117319641180926,-0.0025851505299989697,0.0004994739054566821
zhen23,34,0.02,True,mtme_Calibri-COMET22-QE-src,0.17651748137333245,-0.00035302815637661134,0.0014330650244854803
zhen23,34,0.02,True,mtme_Calibri-COMET22-refA,0.0781928852201689,-0.0012222555904559673,0.00040003190524284804
zhen23,34,0.02,True,mtme_CometKiwi-XL-src,0.18082723703196935,-0.0009135288692896371,0.0009933262700525525
zhen23,34,0.02,True,mtme_CometKiwi-XXL-src,0.20755244427695346,-0.0007088918802744537,0.0016754546785047175
zhen23,34,0.02,True,mtme_CometKiwi-src,0.16365274846101535,-0.002108705479522577,0.0009933262700525525
zhen23,34,0.02,True,mtme_GEMBA-MQM-src,0.18220413891687987,-0.0007599630231989174,0.0013844241426537174
zhen23,34,0.02,True,mtme_KG-BERTScore-src,0.17008160795196106,-0.0022141497555712153,0.0010914305003214553
zhen23,34,0.02,True,mtme_MEE4-refA,-0.025892640017637525,-0.002108705479522577,0.00020047027619352065
zhen23,34,0.02,True,mtme_MS-COMET-QE-22-src,0.2049020614806745,-0.00035302815637661134,0.0018683941423836004
zhen23,34,0.02,True,mtme_MaTESe-refA,0.20005132990734678,-0.001170652767685132,0.0016754546785047175
zhen23,34,0.02,True,mtme_MetricX-23-QE-b-src,0.26071937256748445,-0.0012222555904559673,0.0021561964020786473
zhen23,34,0.02,True,mtme_MetricX-23-QE-c-src,0.24035070759490307,-0.001170652767685132,0.001964541771712236
zhen23,34,0.02,True,mtme_MetricX-23-QE-src,0.31430954223128305,-0.000251875111570099,0.0025369629811480277
zhen23,34,0.02,True,mtme_MetricX-23-b-refA,0.1807945013521861,-0.0026917102832237916,0.0010424059735532065
zhen23,34,0.02,True,mtme_MetricX-23-c-refA,0.16987067044713722,-0.001273918000781693,0.0014816514677252757
zhen23,34,0.02,True,mtme_MetricX-23-refA,0.2403779700153163,-0.0015331274886074553,0.0014330650244854803
zhen23,34,0.02,True,mtme_XCOMET-Ensemble-refA,0.2519386623467581,-0.00035302815637661134,0.00201253537422752
zhen23,34,0.02,True,mtme_XCOMET-QE-Ensemble-src,0.2639325921822756,-5.026027283272505e-05,0.001964541771712236
zhen23,34,0.02,True,mtme_XCOMET-XL-refA,0.1909943387294244,-0.002108705479522577,0.0009933262700525525
zhen23,34,0.02,True,mtme_XCOMET-XXL-refA,0.25853404159487686,-0.00045441267268153673,0.0021561964020786473
zhen23,34,0.02,True,mtme_XLsim-refA,-0.0013858578967370716,-0.0009135288692896371,0.0005986910509497845
zhen23,34,0.02,True,mtme_YiSi-1-refA,0.051270328669573095,-0.0020035067081911606,0.0005491105373507388
zhen23,34,0.02,True,mtme_chrF-refA,-0.01286762154712423,-0.002478840185207609,0.00015043813481963042
zhen23,34,0.02,True,mtme_cometoid22-wmt21-src,0.19371348500131674,-0.0026917102832237916,0.001335728730685326
zhen23,34,0.02,True,mtme_cometoid22-wmt22-src,0.22196897388360115,-0.0020035067081911606,0.00157866140358498
zhen23,34,0.02,True,mtme_cometoid22-wmt23-src,0.19465869277058473,-0.0032282810760106972,0.001335728730685326
zhen23,34,0.02,True,mtme_docWMT22CometDA-refA,0.08073908616953687,-0.002638399175734163,0.0007470968320613114
zhen23,34,0.02,True,mtme_docWMT22CometKiwiDA-src,0.09408649125420362,-0.0020035067081911606,0.0003502263456118815
zhen23,34,0.02,True,mtme_eBLEU-refA,-0.031045014467778034,-0.002905581533964474,0.0003003642850624155
zhen23,34,0.02,True,mtme_embed_llama-refA,-0.0265558340347262,-0.0012222555904559673,0.00010034910641754102
zhen23,34,0.02,True,mtme_f200spBLEU-refA,-0.012440716897547943,-0.0022669642265868983,0.0003003642850624155
zhen23,34,0.02,True,mtme_instructscore-refA,0.00012747751777407,-0.001429263790998725,0.0003003642850624155
zhen23,34,0.02,True,mtme_mbr-metricx-qe-src,0.19895787002673854,-0.0018985525851651364,0.001530183563713261
zhen23,34,0.02,True,mtme_mre-score-labse-regular-refA,0.07502110761398428,-0.001429263790998725,0.00040003190524284804
zhen23,34,0.02,True,mtme_prismRef-refA,0.05851131549960088,-0.002425778267500567,0.0003502263456118815
zhen23,34,0.02,True,mtme_prismSrc-src,0.06278146205051449,-0.001585149601343705,0.0005986910509497845
zhen23,34,0.02,True,mtme_sescoreX-refA,0.055548338477067874,-0.002852019477191048,0.00015043813481963042
zhen23,34,0.02,True,mtme_tokengram_F-refA,-0.01660699013871931,-0.002372778374243989,0.0003003642850624155
zhen23,35,0.01,True,mtme_BERTscore-refA,0.1517190337763109,0.00434705817587111,0.027294494850498174
zhen23,35,0.01,True,mtme_BLEU-refA,0.04650696201752415,-0.018119127908648558,0.003235558555115592
zhen23,35,0.01,True,mtme_BLEURT-20-refA,0.21105366144798232,0.006616369901580099,0.03597179805393447
zhen23,35,0.01,True,mtme_COMET-refA,0.21322151917612553,0.0078046919201102405,0.03711476315792506
zhen23,35,0.01,True,mtme_Calibri-COMET22-QE-src,0.18673236107507118,-0.002304156578209815,0.02057757030105134
zhen23,35,0.01,True,mtme_Calibri-COMET22-refA,0.18698256288776005,-0.006776878099835626,0.02674694976053893
zhen23,35,0.01,True,mtme_CometKiwi-XL-src,0.23986368821077114,0.004599203923172257,0.03308302837113575
zhen23,35,0.01,True,mtme_CometKiwi-XXL-src,0.2457082391687738,-0.004135519690408929,0.04536251773905686
zhen23,35,0.01,True,mtme_CometKiwi-src,0.24790259123054115,0.007819378527257337,0.04063744487143195
zhen23,35,0.01,True,mtme_GEMBA-MQM-src,0.28150517643456247,0.030738095317601966,0.0470613611420404
zhen23,35,0.01,True,mtme_KG-BERTScore-src,0.23201889693513603,0.0034721428117424624,0.03514486016763707
zhen23,35,0.01,True,mtme_MEE4-refA,0.04606957241928726,-0.005443595107801791,0.011519704166058742
zhen23,35,0.01,True,mtme_MS-COMET-QE-22-src,0.2491675176691968,0.00607542931580074,0.057825009929152404
zhen23,35,0.01,True,mtme_MaTESe-refA,0.2833298193376513,0.018743925422739838,0.049712150034223135
zhen23,35,0.01,True,mtme_MetricX-23-QE-b-src,0.42111964444620276,0.05195327155215945,0.10173725995348382
zhen23,35,0.01,True,mtme_MetricX-23-QE-c-src,0.3344617048728863,0.034024299408669134,0.06759386961558822
zhen23,35,0.01,True,mtme_MetricX-23-QE-src,0.373887959895422,0.056231776268219624,0.08153607558891829
zhen23,35,0.01,True,mtme_MetricX-23-b-refA,0.3120311079642154,0.0134243050787074,0.04352105184092403
zhen23,35,0.01,True,mtme_MetricX-23-c-refA,0.2414140817001022,-0.015060148172028054,0.016487179800523277
zhen23,35,0.01,True,mtme_MetricX-23-refA,0.300354796814001,0.016194200273322856,0.032478698361816494
zhen23,35,0.01,True,mtme_XCOMET-Ensemble-refA,0.3706902733173287,0.049301803840798186,0.07846195890437557
zhen23,35,0.01,True,mtme_XCOMET-QE-Ensemble-src,0.3551876577201717,0.06013199855511586,0.09203381674793443
zhen23,35,0.01,True,mtme_XCOMET-XL-refA,0.3412581085958316,0.03888006269753108,0.07630456207540737
zhen23,35,0.01,True,mtme_XCOMET-XXL-refA,0.3495803301682632,0.03429145296709846,0.06453224934033219
zhen23,35,0.01,True,mtme_XLsim-refA,0.044270920921491014,-0.012105451835519698,0.01455896094156206
zhen23,35,0.01,True,mtme_YiSi-1-refA,0.16929884960638536,-0.007335984605106871,0.03236694307654242
zhen23,35,0.01,True,mtme_chrF-refA,0.07528873086065427,-0.006315887914184248,0.01316674515891847
zhen23,35,0.01,True,mtme_cometoid22-wmt21-src,0.2671203742450108,0.01405794406705474,0.05133149698468309
zhen23,35,0.01,True,mtme_cometoid22-wmt22-src,0.27749568627253796,0.0179629285301256,0.047425905264247836
zhen23,35,0.01,True,mtme_cometoid22-wmt23-src,0.24707552676591094,0.010445833438714414,0.04672398801030797
zhen23,35,0.01,True,mtme_docWMT22CometDA-refA,0.16969380519199745,-0.0010509002305030268,0.03317399153862843
zhen23,35,0.01,True,mtme_docWMT22CometKiwiDA-src,0.14181782180083902,-0.012517347456966865,0.019842202302978396
zhen23,35,0.01,True,mtme_eBLEU-refA,0.04577724840841796,-0.011183108879518233,0.00622892643621531
zhen23,35,0.01,True,mtme_embed_llama-refA,0.03353698146887156,-0.01146569906178252,0.004782268643815368
zhen23,35,0.01,True,mtme_f200spBLEU-refA,0.061583623847154746,-0.01708366050532839,0.0088856816272892
zhen23,35,0.01,True,mtme_instructscore-refA,0.23100962300998817,0.012059933611716755,0.0325183228472532
zhen23,35,0.01,True,mtme_mbr-metricx-qe-src,0.3116841548453505,0.015860244588472128,0.04693124619946665
zhen23,35,0.01,True,mtme_mre-score-labse-regular-refA,0.05105730792129824,-0.01155875401068962,0.015281671682233822
zhen23,35,0.01,True,mtme_prismRef-refA,0.16442910906937175,-0.006566539662900661,0.024183972743707427
zhen23,35,0.01,True,mtme_prismSrc-src,0.04026052156790741,-0.002082658380304636,-0.0027090829712554942
zhen23,35,0.01,True,mtme_sescoreX-refA,0.17082224434737572,-0.0016082066191109856,0.03144185765955276
zhen23,35,0.01,True,mtme_tokengram_F-refA,0.07890027244808097,-0.01271909225114487,0.014204380984420006
zhen23,35,0.02,True,mtme_BERTscore-refA,0.1517190337763109,-0.000811852948051861,0.001195516544160502
zhen23,35,0.02,True,mtme_BLEU-refA,0.04650696201752415,-0.000811852948051861,0.0018808664007660125
zhen23,35,0.02,True,mtme_BLEURT-20-refA,0.21105366144798232,-0.0016358913062057834,0.0017834933172431455
zhen23,35,0.02,True,mtme_COMET-refA,0.21322151917612553,0.0006010547331395388,0.003225750244938874
zhen23,35,0.02,True,mtme_Calibri-COMET22-QE-src,0.18673236107507118,0.0007005866004883288,0.0024614105301709044
zhen23,35,0.02,True,mtme_Calibri-COMET22-refA,0.18698256288776005,0.0012939601439156956,0.004072627088603675
zhen23,35,0.02,True,mtme_CometKiwi-XL-src,0.23986368821077114,0.0010968928097306874,0.003320522205540133
zhen23,35,0.02,True,mtme_CometKiwi-XXL-src,0.2457082391687738,0.0005013397344801884,0.004258983449504816
zhen23,35,0.02,True,mtme_CometKiwi-src,0.24790259123054115,0.0003013583178137491,0.003415124475970255
zhen23,35,0.02,True,mtme_GEMBA-MQM-src,0.28150517643456247,0.002940411644135721,0.006086771840891569
zhen23,35,0.02,True,mtme_KG-BERTScore-src,0.23201889693513603,-0.002052566069227213,0.002268596326106098
zhen23,35,0.02,True,mtme_MEE4-refA,0.04606957241928726,-0.00010082447574100151,0.0009980884457506667
zhen23,35,0.02,True,mtme_MS-COMET-QE-22-src,0.2491675176691968,0.0006010547331395388,0.005726335811346628
zhen23,35,0.02,True,mtme_MaTESe-refA,0.2833298193376513,0.0007005866004883288,0.003415124475970255
zhen23,35,0.02,True,mtme_MetricX-23-QE-b-src,0.42111964444620276,0.002940411644135721,0.007678078332155502
zhen23,35,0.02,True,mtme_MetricX-23-QE-c-src,0.3344617048728863,0.0018808664007660125,0.005545169280706919
zhen23,35,0.02,True,mtme_MetricX-23-QE-src,0.373887959895422,0.003509557511569561,0.00617648804528137
zhen23,35,0.02,True,mtme_MetricX-23-b-refA,0.3120311079642154,-0.00030303408232423834,0.002557556602143629
zhen23,35,0.02,True,mtme_MetricX-23-c-refA,0.2414140817001022,-0.0006077579457768323,0.0015882150568448106
zhen23,35,0.02,True,mtme_MetricX-23-refA,0.300354796814001,-0.0004044202533430852,0.001195516544160502
zhen23,35,0.02,True,mtme_XCOMET-Ensemble-refA,0.3706902733173287,0.0020750828864870563,0.005454347429086903
zhen23,35,0.02,True,mtme_XCOMET-QE-Ensemble-src,0.3551876577201717,0.002844956336636395,0.00617648804528137
zhen23,35,0.02,True,mtme_XCOMET-XL-refA,0.3412581085958316,0.0004014410986223904,0.004537280016802869
zhen23,35,0.02,True,mtme_XCOMET-XXL-refA,0.3495803301682632,0.002557556602143629,0.004537280016802869
zhen23,35,0.02,True,mtme_XLsim-refA,0.044270920921491014,-0.000505994699516954,0.0007999358405575974
zhen23,35,0.02,True,mtme_YiSi-1-refA,0.16929884960638536,0.00010063828095663307,0.002268596326106098
zhen23,35,0.02,True,mtme_chrF-refA,0.07528873086065427,-0.0007097105190061459,0.0018808664007660125
zhen23,35,0.02,True,mtme_cometoid22-wmt21-src,0.2671203742450108,-0.0021572256586195326,0.0024614105301709044
zhen23,35,0.02,True,mtme_cometoid22-wmt22-src,0.27749568627253796,0.00020109088242814543,0.004351913595757262
zhen23,35,0.02,True,mtme_cometoid22-wmt23-src,0.24707552676591094,-0.000505994699516954,0.0038856063556493847
zhen23,35,0.02,True,mtme_docWMT22CometDA-refA,0.16969380519199745,0.00010063828095663307,0.002749329037591952
zhen23,35,0.02,True,mtme_docWMT22CometKiwiDA-src,0.14181782180083902,-0.0015322107536452911,0.0013922241020652981
zhen23,35,0.02,True,mtme_eBLEU-refA,0.04577724840841796,0.00010063828095663307,0.0015882150568448106
zhen23,35,0.02,True,mtme_embed_llama-refA,0.03353698146887156,-0.00030303408232423834,0.0007999358405575974
zhen23,35,0.02,True,mtme_f200spBLEU-refA,0.061583623847154746,-0.0007097105190061459,0.0015882150568448106
zhen23,35,0.02,True,mtme_instructscore-refA,0.23100962300998817,-0.0009141857637313677,0.0015882150568448106
zhen23,35,0.02,True,mtme_mbr-metricx-qe-src,0.3116841548453505,0.002844956336636395,0.004258983449504816
zhen23,35,0.02,True,mtme_mre-score-labse-regular-refA,0.05105730792129824,0.0,0.0015882150568448106
zhen23,35,0.02,True,mtme_prismRef-refA,0.16442910906937175,-0.00010082447574100151,0.0021719272482528806
zhen23,35,0.02,True,mtme_prismSrc-src,0.04026052156790741,-0.00030303408232423834,0.00020109088242814543
zhen23,35,0.02,True,mtme_sescoreX-refA,0.17082224434737572,-0.0016358913062057834,0.0017834933172431455
zhen23,35,0.02,True,mtme_tokengram_F-refA,0.07890027244808097,-0.0007097105190061459,0.0017834933172431455
zhen23,45,0.01,True,mtme_BERTscore-refA,0.12327010511434382,0.005085047984533464,0.03220303237163191
zhen23,45,0.01,True,mtme_BLEU-refA,0.011835630306551784,0.0014901882780367082,0.023793578976094243
zhen23,45,0.01,True,mtme_BLEURT-20-refA,0.18141442723673032,0.0011481223323963619,0.04518771092396323
zhen23,45,0.01,True,mtme_COMET-refA,0.19568980725939733,0.0007868751187765088,0.041800890665122825
zhen23,45,0.01,True,mtme_Calibri-COMET22-QE-src,0.17354766344538203,0.014032606284845262,0.03613372839306028
zhen23,45,0.01,True,mtme_Calibri-COMET22-refA,0.15484162147265582,0.0101450464716063,0.04211417387351568
zhen23,45,0.01,True,mtme_CometKiwi-XL-src,0.2252208584194065,0.009920536938318958,0.050845417577555896
zhen23,45,0.01,True,mtme_CometKiwi-XXL-src,0.24000682646636798,0.011715253055987529,0.07926769629250086
zhen23,45,0.01,True,mtme_CometKiwi-src,0.2170850180267232,0.022551273360844393,0.05604722786891725
zhen23,45,0.01,True,mtme_GEMBA-MQM-src,0.28748534069382903,0.031151850697189842,0.05595130407534632
zhen23,45,0.01,True,mtme_KG-BERTScore-src,0.2076446168229289,0.025916353619628074,0.046959620829992055
zhen23,45,0.01,True,mtme_MEE4-refA,0.020893159129470942,0.00010343444436011762,0.019135372206607215
zhen23,45,0.01,True,mtme_MS-COMET-QE-22-src,0.22333088253893896,-0.012322019981527266,0.0646502218123225
zhen23,45,0.01,True,mtme_MaTESe-refA,0.2871130227905715,0.03704061334278941,0.08087807966224336
zhen23,45,0.01,True,mtme_MetricX-23-QE-b-src,0.38939284101341953,0.05590717913030363,0.10550692599710143
zhen23,45,0.01,True,mtme_MetricX-23-QE-c-src,0.33502679616041187,0.03535225599033598,0.08397891051240614
zhen23,45,0.01,True,mtme_MetricX-23-QE-src,0.36338662409314265,0.041506873536390376,0.08397891051240614
zhen23,45,0.01,True,mtme_MetricX-23-b-refA,0.3005854985053836,0.014539869432579455,0.06887152558658993
zhen23,45,0.01,True,mtme_MetricX-23-c-refA,0.22718558561625357,-0.011736361620052316,0.04388689836978743
zhen23,45,0.01,True,mtme_MetricX-23-refA,0.30974271865416464,0.018475531785689614,0.055525012233409
zhen23,45,0.01,True,mtme_XCOMET-Ensemble-refA,0.3542253007360461,0.058398989706013205,0.09125458241232631
zhen23,45,0.01,True,mtme_XCOMET-QE-Ensemble-src,0.3574554784599712,0.0499401845129811,0.083123557244136
zhen23,45,0.01,True,mtme_XCOMET-XL-refA,0.3221344924390746,0.048896504038530186,0.08256916916448676
zhen23,45,0.01,True,mtme_XCOMET-XXL-refA,0.34842175086229576,0.04928260955097863,0.08299477017663126
zhen23,45,0.01,True,mtme_XLsim-refA,0.030330844542211063,-0.002533158796874657,0.01572793312069376
zhen23,45,0.01,True,mtme_YiSi-1-refA,0.13982438264072414,0.01761162960496987,0.03288794865428246
zhen23,45,0.01,True,mtme_chrF-refA,0.0502570103053669,-0.0001621641712423738,0.02208540875512577
zhen23,45,0.01,True,mtme_cometoid22-wmt21-src,0.25371754581594996,0.009330239878842073,0.05229855486542612
zhen23,45,0.01,True,mtme_cometoid22-wmt22-src,0.2600981586108223,0.011496290546174182,0.045085139551538256
zhen23,45,0.01,True,mtme_cometoid22-wmt23-src,0.23267338600376736,-0.018178603596276766,0.0484652789163893
zhen23,45,0.01,True,mtme_docWMT22CometDA-refA,0.14845306675235181,-5.979803814559759e-05,0.030138211225406164
zhen23,45,0.01,True,mtme_docWMT22CometKiwiDA-src,0.13946982103188516,-0.0018000223007910154,0.020190631703295048
zhen23,45,0.01,True,mtme_eBLEU-refA,0.03769326873324493,-0.0002201414501645793,0.019135372206607215
zhen23,45,0.01,True,mtme_embed_llama-refA,0.02327628649487341,-0.015364031859091298,0.015308297765285639
zhen23,45,0.01,True,mtme_f200spBLEU-refA,0.02475155206334075,-0.003437880430339657,0.01771388741411639
zhen23,45,0.01,True,mtme_instructscore-refA,0.24700573748719595,0.014032606284845262,0.04569786345611759
zhen23,45,0.01,True,mtme_mbr-metricx-qe-src,0.2958003271651033,0.009330239878842073,0.06127571411049071
zhen23,45,0.01,True,mtme_mre-score-labse-regular-refA,-0.005938179380394487,-0.008935386847780835,0.010993812899833588
zhen23,45,0.01,True,mtme_prismRef-refA,0.14184990064520722,0.00216531843390555,0.04316274391646857
zhen23,45,0.01,True,mtme_prismSrc-src,0.01720482892285443,0.0007868751187765088,0.0022631257513583414
zhen23,45,0.01,True,mtme_sescoreX-refA,0.14599420291730936,0.003585727404481376,0.04911981704821011
zhen23,45,0.01,True,mtme_tokengram_F-refA,0.051473538676509695,-0.003183730030926979,0.02574577351434415
zhen23,45,0.02,True,mtme_BERTscore-refA,0.12327010511434382,-0.0008911506819675452,0.0006830811109742596
zhen23,45,0.02,True,mtme_BLEU-refA,0.011835630306551784,0.0,0.001165721432627942
zhen23,45,0.02,True,mtme_BLEURT-20-refA,0.18141442723673032,-0.0011914832322439395,0.0012617281932808533
zhen23,45,0.02,True,mtme_COMET-refA,0.19568980725939733,-0.0004932718779417922,0.0024004726740446403
zhen23,45,0.02,True,mtme_Calibri-COMET22-QE-src,0.17354766344538203,-0.0008911506819675452,0.0016440331415312759
zhen23,45,0.02,True,mtme_Calibri-COMET22-refA,0.15484162147265582,0.0008766604269762057,0.002960767234774786
zhen23,45,0.02,True,mtme_CometKiwi-XL-src,0.2252208584194065,0.00048879978476013,0.0027746652555674656
zhen23,45,0.02,True,mtme_CometKiwi-XXL-src,0.24000682646636798,-0.0017971538753014382,0.0014532241579257033
zhen23,45,0.02,True,mtme_CometKiwi-src,0.2170850180267232,-0.001091188185555536,0.0019289665924524524
zhen23,45,0.02,True,mtme_GEMBA-MQM-src,0.28748534069382903,0.0022123749758393707,0.004696395144515808
zhen23,45,0.02,True,mtme_KG-BERTScore-src,0.2076446168229289,-0.001898753862691116,0.0017391811696466641
zhen23,45,0.02,True,mtme_MEE4-refA,0.020893159129470942,0.00039139467338689116,0.0012617281932808533
zhen23,45,0.02,True,mtme_MS-COMET-QE-22-src,0.22333088253893896,-0.002204686910221021,0.003423150238669348
zhen23,45,0.02,True,mtme_MaTESe-refA,0.2871130227905715,-0.00019676867247819807,0.0025879015804339822
zhen23,45,0.02,True,mtme_MetricX-23-QE-b-src,0.38939284101341953,0.0005860284375983627,0.005232614402957303
zhen23,45,0.02,True,mtme_MetricX-23-QE-c-src,0.33502679616041187,0.001165721432627942,0.003606963763809201
zhen23,45,0.02,True,mtme_MetricX-23-QE-src,0.36338662409314265,0.0012617281932808533,0.0045164076447364865
zhen23,45,0.02,True,mtme_MetricX-23-b-refA,0.3005854985053836,-0.0013926284642558073,0.00249427050308737
zhen23,45,0.02,True,mtme_MetricX-23-c-refA,0.22718558561625357,-0.00039425679165661087,0.0016440331415312759
zhen23,45,0.02,True,mtme_MetricX-23-refA,0.30974271865416464,-0.00019676867247819807,0.002023604899803244
zhen23,45,0.02,True,mtme_XCOMET-Ensemble-refA,0.3542253007360461,0.00029381262266514607,0.003423150238669348
zhen23,45,0.02,True,mtme_XCOMET-QE-Ensemble-src,0.3574554784599712,0.0015487142911035923,0.005232614402957303
zhen23,45,0.02,True,mtme_XCOMET-XL-refA,0.3221344924390746,0.0006830811109742596,0.0027746652555674656
zhen23,45,0.02,True,mtme_XCOMET-XXL-refA,0.34842175086229576,0.0005860284375983627,0.003331000121917893
zhen23,45,0.02,True,mtme_XLsim-refA,0.030330844542211063,0.0008766604269762057,0.0013575622799040232
zhen23,45,0.02,True,mtme_YiSi-1-refA,0.13982438264072414,-0.0008911506819675452,0.0010695415308377143
zhen23,45,0.02,True,mtme_chrF-refA,0.0502570103053669,-0.0007914072111419035,0.0006830811109742596
zhen23,45,0.02,True,mtme_cometoid22-wmt21-src,0.25371754581594996,9.811577117202486e-05,0.003331000121917893
zhen23,45,0.02,True,mtme_cometoid22-wmt22-src,0.2600981586108223,-0.00039425679165661087,0.003515137976360494
zhen23,45,0.02,True,mtme_cometoid22-wmt23-src,0.23267338600376736,-0.00039425679165661087,0.003606963763809201
zhen23,45,0.02,True,mtme_docWMT22CometDA-refA,0.14845306675235181,-0.0012919631545944554,0.0015487142911035923
zhen23,45,0.02,True,mtme_docWMT22CometKiwiDA-src,0.13946982103188516,-0.0013926284642558073,0.0009731880191163889
zhen23,45,0.02,True,mtme_eBLEU-refA,0.03769326873324493,0.00019605315003301538,0.00029381262266514607
zhen23,45,0.02,True,mtme_embed_llama-refA,0.02327628649487341,-0.0009910775047616838,0.00029381262266514607
zhen23,45,0.02,True,mtme_f200spBLEU-refA,0.02475155206334075,9.811577117202486e-05,0.001165721432627942
zhen23,45,0.02,True,mtme_instructscore-refA,0.24700573748719595,-0.0005924683105389406,0.001165721432627942
zhen23,45,0.02,True,mtme_mbr-metricx-qe-src,0.2958003271651033,-0.002821699542529421,0.0013575622799040232
zhen23,45,0.02,True,mtme_mre-score-labse-regular-refA,-0.005938179380394487,0.00029381262266514607,0.0015487142911035923
zhen23,45,0.02,True,mtme_prismRef-refA,0.14184990064520722,-0.0013926284642558073,0.0010695415308377143
zhen23,45,0.02,True,mtme_prismSrc-src,0.01720482892285443,-0.0006918465881087243,0.0
zhen23,45,0.02,True,mtme_sescoreX-refA,0.14599420291730936,-0.0006918465881087243,0.002023604899803244
zhen23,45,0.02,True,mtme_tokengram_F-refA,0.051473538676509695,-0.00019676867247819807,0.0012617281932808533
