lp,pair,eps,informative,judge,rho,HES_cvl,HES_cvq
ende23,01,0.01,True,mtme_BERTscore-refA,0.12877310527040894,-0.0036866274688831524,0.004320695806895647
ende23,01,0.01,True,mtme_BLEU-refA,0.12510314021010566,0.006321050386965843,0.011950614063766296
ende23,01,0.01,True,mtme_BLEURT-20-refA,0.289196729031173,0.008790119707759225,0.020442078205904823
ende23,01,0.01,True,mtme_COMET-refA,0.2811761091569501,0.010600819599221656,0.03019293276731605
ende23,01,0.01,True,mtme_Calibri-COMET22-QE-src,0.30398221952937915,0.013831552989034601,0.02399266471620287
ende23,01,0.01,True,mtme_Calibri-COMET22-refA,0.2507593911136743,0.005872553551088178,0.01792189793360499
ende23,01,0.01,True,mtme_CometKiwi-XL-src,0.25346690231395674,-0.00764526226278317,0.02651492098248054
ende23,01,0.01,True,mtme_CometKiwi-XXL-src,0.22134441999467566,-0.0011195990761398988,0.024986728030335748
ende23,01,0.01,True,mtme_CometKiwi-src,0.26439992105150145,0.008916568220297849,0.028651422172533914
ende23,01,0.01,True,mtme_GEMBA-MQM-src,0.23480717402781953,-0.0102453401944953,0.014100957234379652
ende23,01,0.01,True,mtme_KG-BERTScore-src,0.2523188505681448,0.0121136081123151,0.021846681297085446
ende23,01,0.01,True,mtme_MEE4-refA,0.09469167095838356,0.003381491804286929,0.005228739501614177
ende23,01,0.01,True,mtme_MS-COMET-QE-22-src,0.22539225423808312,-0.06341329828207609,0.016338056603469986
ende23,01,0.01,True,mtme_MaTESe-refA,0.23064874787924847,0.002551290597452738,0.014639685917354539
ende23,01,0.01,True,mtme_MetricX-23-QE-b-src,0.3583292625176455,0.03481470048027546,0.04666293581383518
ende23,01,0.01,True,mtme_MetricX-23-QE-c-src,0.34612626837062477,0.018699898237347634,0.04842053242655786
ende23,01,0.01,True,mtme_MetricX-23-QE-src,0.35206732050453243,0.028576666910676063,0.0421607178896195
ende23,01,0.01,True,mtme_MetricX-23-b-refA,0.25093677695406447,-0.0031803394792266904,0.02020479985566015
ende23,01,0.01,True,mtme_MetricX-23-c-refA,0.16803737189530862,-0.017039041713839964,0.010142094441422222
ende23,01,0.01,True,mtme_MetricX-23-refA,0.27235264577095175,0.0034159682450732864,0.02105614578825099
ende23,01,0.01,True,mtme_XCOMET-Ensemble-refA,0.3874982849327039,0.03570257812638811,0.0555726268576503
ende23,01,0.01,True,mtme_XCOMET-QE-Ensemble-src,0.32965306763277535,0.03018638821540487,0.04711597185141925
ende23,01,0.01,True,mtme_XCOMET-XL-refA,0.40104103416469644,0.03429596095202481,0.0580514983357413
ende23,01,0.01,True,mtme_XCOMET-XXL-refA,0.30520583836009385,0.01753614182501151,0.0429983513760438
ende23,01,0.01,True,mtme_XLsim-refA,0.09988423524901235,-0.012148229412096256,0.0011290471696092652
ende23,01,0.01,True,mtme_YiSi-1-refA,0.12793545811656337,-0.0036160024215865505,0.004233550160252619
ende23,01,0.01,True,mtme_chrF-refA,0.11759520335074763,0.001760422231561809,0.008460081137296793
ende23,01,0.01,True,mtme_cometoid22-wmt21-src,0.31180555617636807,0.01319352234903215,0.03675830825289206
ende23,01,0.01,True,mtme_cometoid22-wmt22-src,0.3120638516584886,0.01422294285824044,0.0357318134027832
ende23,01,0.01,True,mtme_cometoid22-wmt23-src,0.3053797502864834,0.011055482813539297,0.035000310291811165
ende23,01,0.01,True,mtme_docWMT22CometDA-refA,0.2902506672320451,0.006547896276926979,0.024954704458854393
ende23,01,0.01,True,mtme_docWMT22CometKiwiDA-src,0.2901008184354509,0.003658212566585717,0.033628822520755386
ende23,01,0.01,True,mtme_eBLEU-refA,0.04858737334072978,0.00823116340703256,0.007844051945659625
ende23,01,0.01,True,mtme_embed_llama-refA,0.09536891885407109,0.00802393925781808,0.012029891324733644
ende23,01,0.01,True,mtme_f200spBLEU-refA,0.12208160428053051,0.008581259478093517,0.008079505410732435
ende23,01,0.01,True,mtme_instructscore-refA,0.24434394012710084,0.0007027049240330152,0.018479532974737367
ende23,01,0.01,True,mtme_mbr-metricx-qe-src,0.30771533566853,0.013631278838221572,0.0368015730325989
ende23,01,0.01,True,mtme_mre-score-labse-regular-refA,0.14119943018241116,-0.014012009383647994,-0.0014749483561733445
ende23,01,0.01,True,mtme_prismRef-refA,0.1492083885699242,-0.013571956225514326,-4.716524897707686e-05
ende23,01,0.01,True,mtme_prismSrc-src,0.11183600901157631,-0.0010012436984072615,0.012819024978165672
ende23,01,0.01,True,mtme_sescoreX-refA,0.24434394012710084,0.0007027049240330152,0.018479532974737367
ende23,01,0.01,True,mtme_tokengram_F-refA,0.11764208729402399,0.0003562232868850046,0.008690733092790448
ende23,01,0.02,True,mtme_BERTscore-refA,0.12877310527040894,0.0004658056089114071,0.010717815161230937
ende23,01,0.02,True,mtme_BLEU-refA,0.12510314021010566,0.0002580444929044523,0.009241916329500666
ende23,01,0.02,True,mtme_BLEURT-20-refA,0.289196729031173,0.008904602669412953,0.024902821747565418
ende23,01,0.02,True,mtme_COMET-refA,0.2811761091569501,0.008524176932536931,0.031602643754234605
ende23,01,0.02,True,mtme_Calibri-COMET22-QE-src,0.30398221952937915,0.014626086646185699,0.034458207393973095
ende23,01,0.02,True,mtme_Calibri-COMET22-refA,0.2507593911136743,-0.005969304610016657,0.016352852947567942
ende23,01,0.02,True,mtme_CometKiwi-XL-src,0.25346690231395674,-0.02270940095126517,0.018991321685988827
ende23,01,0.02,True,mtme_CometKiwi-XXL-src,0.22134441999467566,-0.020893079933010705,0.012627367480301355
ende23,01,0.02,True,mtme_CometKiwi-src,0.26439992105150145,0.0007949855589483024,0.028661102402714467
ende23,01,0.02,True,mtme_GEMBA-MQM-src,0.23480717402781953,0.004760644463765118,0.029819042490296876
ende23,01,0.02,True,mtme_KG-BERTScore-src,0.2523188505681448,-0.0001683498830715724,0.026820664149299178
ende23,01,0.02,True,mtme_MEE4-refA,0.09469167095838356,0.002605042152638015,0.010860666128735486
ende23,01,0.02,True,mtme_MS-COMET-QE-22-src,0.22539225423808312,-0.059535280600187424,0.040618114623864554
ende23,01,0.02,True,mtme_MaTESe-refA,0.23064874787924847,-0.00809522437740573,0.01774202099666955
ende23,01,0.02,True,mtme_MetricX-23-QE-b-src,0.3583292625176455,0.021029661261758092,0.05185176398599678
ende23,01,0.02,True,mtme_MetricX-23-QE-c-src,0.34612626837062477,0.03214937579996424,0.05475191068513008
ende23,01,0.02,True,mtme_MetricX-23-QE-src,0.35206732050453243,0.02066434974695841,0.047101523702933745
ende23,01,0.02,True,mtme_MetricX-23-b-refA,0.25093677695406447,-0.014109653808031863,0.024440938679138102
ende23,01,0.02,True,mtme_MetricX-23-c-refA,0.16803737189530862,-0.01194244972997982,0.0004830483681991238
ende23,01,0.02,True,mtme_MetricX-23-refA,0.27235264577095175,-0.015922898257770157,0.021485980671147376
ende23,01,0.02,True,mtme_XCOMET-Ensemble-refA,0.3874982849327039,0.019178636910825886,0.058701557985331054
ende23,01,0.02,True,mtme_XCOMET-QE-Ensemble-src,0.32965306763277535,0.017817075364489954,0.03943376805371057
ende23,01,0.02,True,mtme_XCOMET-XL-refA,0.40104103416469644,0.024103222625864285,0.05746486208133006
ende23,01,0.02,True,mtme_XCOMET-XXL-refA,0.30520583836009385,0.016826915388772345,0.04833755561332265
ende23,01,0.02,True,mtme_XLsim-refA,0.09988423524901235,0.0021732228992636937,0.009735328258101195
ende23,01,0.02,True,mtme_YiSi-1-refA,0.12793545811656337,-0.005246904689059306,0.0031684207059535785
ende23,01,0.02,True,mtme_chrF-refA,0.11759520335074763,-0.005948362535190377,0.005082080457989191
ende23,01,0.02,True,mtme_cometoid22-wmt21-src,0.31180555617636807,0.007528553597837884,0.03502877047592268
ende23,01,0.02,True,mtme_cometoid22-wmt22-src,0.3120638516584886,0.019178636910825886,0.03894629812027928
ende23,01,0.02,True,mtme_cometoid22-wmt23-src,0.3053797502864834,0.00646691667366972,0.03796076639459245
ende23,01,0.02,True,mtme_docWMT22CometDA-refA,0.2902506672320451,0.009465004537126398,0.036452633398045164
ende23,01,0.02,True,mtme_docWMT22CometKiwiDA-src,0.2901008184354509,-0.008476480943877096,0.03036403176538882
ende23,01,0.02,True,mtme_eBLEU-refA,0.04858737334072978,-0.00031261750965416724,0.001281422267294996
ende23,01,0.02,True,mtme_embed_llama-refA,0.09536891885407109,-0.003725666697613317,0.010276234383037819
ende23,01,0.02,True,mtme_f200spBLEU-refA,0.12208160428053051,-0.0017107394159228129,0.009193294540659314
ende23,01,0.02,True,mtme_instructscore-refA,0.24434394012710084,0.0021732228992636937,0.02047929794071235
ende23,01,0.02,True,mtme_mbr-metricx-qe-src,0.30771533566853,0.01881850732053625,0.041526784120246574
ende23,01,0.02,True,mtme_mre-score-labse-regular-refA,0.14119943018241116,-0.014780682593273697,0.005779199367659249
ende23,01,0.02,True,mtme_prismRef-refA,0.1492083885699242,-0.015843047314659353,0.008613009372325009
ende23,01,0.02,True,mtme_prismSrc-src,0.11183600901157631,-0.016962884637319986,5.8953985270226994e-05
ende23,01,0.02,True,mtme_sescoreX-refA,0.24434394012710084,0.0021732228992636937,0.02047929794071235
ende23,01,0.02,True,mtme_tokengram_F-refA,0.11764208729402399,-0.0021355822594064655,0.01027185909516326
ende23,02,0.01,True,mtme_BERTscore-refA,0.1316506105858258,0.0,0.0
ende23,02,0.01,True,mtme_BLEU-refA,0.11728831288800304,0.0,0.0
ende23,02,0.01,True,mtme_BLEURT-20-refA,0.2548768628753914,0.0,0.0
ende23,02,0.01,True,mtme_COMET-refA,0.24359199276111237,0.0,0.0
ende23,02,0.01,True,mtme_Calibri-COMET22-QE-src,0.16364715308862304,0.0,0.0
ende23,02,0.01,True,mtme_Calibri-COMET22-refA,0.19927188109644606,0.0,0.0
ende23,02,0.01,True,mtme_CometKiwi-XL-src,0.22312632448742137,0.0,0.0
ende23,02,0.01,True,mtme_CometKiwi-XXL-src,0.20755310724218784,0.0,0.0
ende23,02,0.01,True,mtme_CometKiwi-src,0.19444497062280008,0.0,0.0
ende23,02,0.01,True,mtme_GEMBA-MQM-src,0.1873952113724699,0.0,0.0
ende23,02,0.01,True,mtme_KG-BERTScore-src,0.1825601511467109,0.0,0.0
ende23,02,0.01,True,mtme_MEE4-refA,0.12146142221438987,0.0,0.0
ende23,02,0.01,True,mtme_MS-COMET-QE-22-src,0.1318537817435612,0.0,0.0
ende23,02,0.01,True,mtme_MaTESe-refA,0.24830003391666655,0.0,0.0
ende23,02,0.01,True,mtme_MetricX-23-QE-b-src,0.29609156821010185,0.0,0.0
ende23,02,0.01,True,mtme_MetricX-23-QE-c-src,0.32313983399184965,0.0,0.0
ende23,02,0.01,True,mtme_MetricX-23-QE-src,0.29944585589518147,0.0,0.0
ende23,02,0.01,True,mtme_MetricX-23-b-refA,0.34180557746891493,0.0,0.0
ende23,02,0.01,True,mtme_MetricX-23-c-refA,0.20005743546271015,0.0,0.0
ende23,02,0.01,True,mtme_MetricX-23-refA,0.3363887394888623,0.0,0.0
ende23,02,0.01,True,mtme_XCOMET-Ensemble-refA,0.3431149783413454,0.0,0.0
ende23,02,0.01,True,mtme_XCOMET-QE-Ensemble-src,0.28811023616419773,0.0,0.0
ende23,02,0.01,True,mtme_XCOMET-XL-refA,0.3196577493286139,0.0,0.0
ende23,02,0.01,True,mtme_XCOMET-XXL-refA,0.3219862832483404,0.0,0.0
ende23,02,0.01,True,mtme_XLsim-refA,0.08922744057381862,0.0,0.0
ende23,02,0.01,True,mtme_YiSi-1-refA,0.1742704872480676,0.0,0.0
ende23,02,0.01,True,mtme_chrF-refA,0.11309807933992014,0.0,0.0
ende23,02,0.01,True,mtme_cometoid22-wmt21-src,0.21213449066965495,0.0,0.0
ende23,02,0.01,True,mtme_cometoid22-wmt22-src,0.21807798372430787,0.0,0.0
ende23,02,0.01,True,mtme_cometoid22-wmt23-src,0.2374612019401569,0.0,0.0
ende23,02,0.01,True,mtme_docWMT22CometDA-refA,0.20986438158489598,0.0,0.0
ende23,02,0.01,True,mtme_docWMT22CometKiwiDA-src,0.17156768091679112,0.0,0.0
ende23,02,0.01,True,mtme_eBLEU-refA,0.05185084529299534,0.0,0.0
ende23,02,0.01,True,mtme_embed_llama-refA,0.08608109333971797,0.0,0.0
ende23,02,0.01,True,mtme_f200spBLEU-refA,0.1173746305295806,0.0,0.0
ende23,02,0.01,True,mtme_instructscore-refA,0.23661357799346244,0.0,0.0
ende23,02,0.01,True,mtme_mbr-metricx-qe-src,0.16600042172735527,0.0,0.0
ende23,02,0.01,True,mtme_mre-score-labse-regular-refA,0.11229170041331024,0.0,0.0
ende23,02,0.01,True,mtme_prismRef-refA,0.17532549857483476,0.0,0.0
ende23,02,0.01,True,mtme_prismSrc-src,0.02752271551612151,0.0,0.0
ende23,02,0.01,True,mtme_sescoreX-refA,0.23661357799346244,0.0,0.0
ende23,02,0.01,True,mtme_tokengram_F-refA,0.11415882940831645,0.0,0.0
ende23,02,0.02,True,mtme_BERTscore-refA,0.1316506105858258,0.0,0.0
ende23,02,0.02,True,mtme_BLEU-refA,0.11728831288800304,0.0,0.0
ende23,02,0.02,True,mtme_BLEURT-20-refA,0.2548768628753914,0.0,0.0
ende23,02,0.02,True,mtme_COMET-refA,0.24359199276111237,0.0,0.0
ende23,02,0.02,True,mtme_Calibri-COMET22-QE-src,0.16364715308862304,0.0,0.0
ende23,02,0.02,True,mtme_Calibri-COMET22-refA,0.19927188109644606,0.0,0.0
ende23,02,0.02,True,mtme_CometKiwi-XL-src,0.22312632448742137,0.0,0.0
ende23,02,0.02,True,mtme_CometKiwi-XXL-src,0.20755310724218784,0.0,0.0
ende23,02,0.02,True,mtme_CometKiwi-src,0.19444497062280008,0.0,0.0
ende23,02,0.02,True,mtme_GEMBA-MQM-src,0.1873952113724699,0.0,0.0
ende23,02,0.02,True,mtme_KG-BERTScore-src,0.1825601511467109,0.0,0.0
ende23,02,0.02,True,mtme_MEE4-refA,0.12146142221438987,0.0,0.0
ende23,02,0.02,True,mtme_MS-COMET-QE-22-src,0.1318537817435612,0.0,0.0
ende23,02,0.02,True,mtme_MaTESe-refA,0.24830003391666655,0.0,0.0
ende23,02,0.02,True,mtme_MetricX-23-QE-b-src,0.29609156821010185,0.0,0.0
ende23,02,0.02,True,mtme_MetricX-23-QE-c-src,0.32313983399184965,0.0,0.0
ende23,02,0.02,True,mtme_MetricX-23-QE-src,0.29944585589518147,0.0,0.0
ende23,02,0.02,True,mtme_MetricX-23-b-refA,0.34180557746891493,0.0,0.0
ende23,02,0.02,True,mtme_MetricX-23-c-refA,0.20005743546271015,0.0,0.0
ende23,02,0.02,True,mtme_MetricX-23-refA,0.3363887394888623,0.0,0.0
ende23,02,0.02,True,mtme_XCOMET-Ensemble-refA,0.3431149783413454,0.0,0.0
ende23,02,0.02,True,mtme_XCOMET-QE-Ensemble-src,0.28811023616419773,0.0,0.0
ende23,02,0.02,True,mtme_XCOMET-XL-refA,0.3196577493286139,0.0,0.0
ende23,02,0.02,True,mtme_XCOMET-XXL-refA,0.3219862832483404,0.0,0.0
ende23,02,0.02,True,mtme_XLsim-refA,0.08922744057381862,0.0,0.0
ende23,02,0.02,True,mtme_YiSi-1-refA,0.1742704872480676,0.0,0.0
ende23,02,0.02,True,mtme_chrF-refA,0.11309807933992014,0.0,0.0
ende23,02,0.02,True,mtme_cometoid22-wmt21-src,0.21213449066965495,0.0,0.0
ende23,02,0.02,True,mtme_cometoid22-wmt22-src,0.21807798372430787,0.0,0.0
ende23,02,0.02,True,mtme_cometoid22-wmt23-src,0.2374612019401569,0.0,0.0
ende23,02,0.02,True,mtme_docWMT22CometDA-refA,0.20986438158489598,0.0,0.0
ende23,02,0.02,True,mtme_docWMT22CometKiwiDA-src,0.17156768091679112,0.0,0.0
ende23,02,0.02,True,mtme_eBLEU-refA,0.05185084529299534,0.0,0.0
ende23,02,0.02,True,mtme_embed_llama-refA,0.08608109333971797,0.0,0.0
ende23,02,0.02,True,mtme_f200spBLEU-refA,0.1173746305295806,0.0,0.0
ende23,02,0.02,True,mtme_instructscore-refA,0.23661357799346244,0.0,0.0
ende23,02,0.02,True,mtme_mbr-metricx-qe-src,0.16600042172735527,0.0,0.0
ende23,02,0.02,True,mtme_mre-score-labse-regular-refA,0.11229170041331024,0.0,0.0
ende23,02,0.02,True,mtme_prismRef-refA,0.17532549857483476,0.0,0.0
ende23,02,0.02,True,mtme_prismSrc-src,0.02752271551612151,0.0,0.0
ende23,02,0.02,True,mtme_sescoreX-refA,0.23661357799346244,0.0,0.0
ende23,02,0.02,True,mtme_tokengram_F-refA,0.11415882940831645,0.0,0.0
ende23,03,0.01,True,mtme_BERTscore-refA,0.10431407547422768,0.0,0.0
ende23,03,0.01,True,mtme_BLEU-refA,0.07877435732769886,0.0,0.0
ende23,03,0.01,True,mtme_BLEURT-20-refA,0.22587302189553232,0.0,0.0
ende23,03,0.01,True,mtme_COMET-refA,0.19654279455957668,0.0,0.0
ende23,03,0.01,True,mtme_Calibri-COMET22-QE-src,0.12091581363793835,0.0,0.0
ende23,03,0.01,True,mtme_Calibri-COMET22-refA,0.10732398688920916,0.0,0.0
ende23,03,0.01,True,mtme_CometKiwi-XL-src,0.13460280678365838,0.0,0.0
ende23,03,0.01,True,mtme_CometKiwi-XXL-src,0.17284720628302713,0.0,0.0
ende23,03,0.01,True,mtme_CometKiwi-src,0.12720322981725612,0.0,0.0
ende23,03,0.01,True,mtme_GEMBA-MQM-src,0.16693864745189851,0.0,0.0
ende23,03,0.01,True,mtme_KG-BERTScore-src,0.10506478098945209,0.0,0.0
ende23,03,0.01,True,mtme_MEE4-refA,0.0631590589876638,0.0,0.0
ende23,03,0.01,True,mtme_MS-COMET-QE-22-src,0.03320705925574158,0.0,0.0
ende23,03,0.01,True,mtme_MaTESe-refA,0.23105749364469857,0.0,0.0
ende23,03,0.01,True,mtme_MetricX-23-QE-b-src,0.2343464488979215,0.0,0.0
ende23,03,0.01,True,mtme_MetricX-23-QE-c-src,0.25612340921688853,0.0,0.0
ende23,03,0.01,True,mtme_MetricX-23-QE-src,0.2454952607420145,0.0,0.0
ende23,03,0.01,True,mtme_MetricX-23-b-refA,0.25893214017150606,0.0,0.0
ende23,03,0.01,True,mtme_MetricX-23-c-refA,0.17754888099334842,0.0,0.0
ende23,03,0.01,True,mtme_MetricX-23-refA,0.25823440521870855,0.0,0.0
ende23,03,0.01,True,mtme_XCOMET-Ensemble-refA,0.3312425450877907,0.0,0.0
ende23,03,0.01,True,mtme_XCOMET-QE-Ensemble-src,0.30298567301874657,0.0,0.0
ende23,03,0.01,True,mtme_XCOMET-XL-refA,0.30785038026094563,0.0,0.0
ende23,03,0.01,True,mtme_XCOMET-XXL-refA,0.307761008431316,0.0,0.0
ende23,03,0.01,True,mtme_XLsim-refA,0.051181591601249715,0.0,0.0
ende23,03,0.01,True,mtme_YiSi-1-refA,0.11825178864636171,0.0,0.0
ende23,03,0.01,True,mtme_chrF-refA,0.0683318481618808,0.0,0.0
ende23,03,0.01,True,mtme_cometoid22-wmt21-src,0.16627342196017386,0.0,0.0
ende23,03,0.01,True,mtme_cometoid22-wmt22-src,0.18792554824224877,0.0,0.0
ende23,03,0.01,True,mtme_cometoid22-wmt23-src,0.20324308217802267,0.0,0.0
ende23,03,0.01,True,mtme_docWMT22CometDA-refA,0.2178513918723745,0.0,0.0
ende23,03,0.01,True,mtme_docWMT22CometKiwiDA-src,0.1028764041899129,0.0,0.0
ende23,03,0.01,True,mtme_eBLEU-refA,0.03786154138156807,0.0,0.0
ende23,03,0.01,True,mtme_embed_llama-refA,0.06909438937609183,0.0,0.0
ende23,03,0.01,True,mtme_f200spBLEU-refA,0.07645094891560017,0.0,0.0
ende23,03,0.01,True,mtme_instructscore-refA,0.23426095485532628,0.0,0.0
ende23,03,0.01,True,mtme_mbr-metricx-qe-src,0.22149923382862152,0.0,0.0
ende23,03,0.01,True,mtme_mre-score-labse-regular-refA,0.15768553833708682,0.0,0.0
ende23,03,0.01,True,mtme_prismRef-refA,0.13492514906403597,0.0,0.0
ende23,03,0.01,True,mtme_prismSrc-src,-0.04983647533287018,0.0,0.0
ende23,03,0.01,True,mtme_sescoreX-refA,0.23426095485532628,0.0,0.0
ende23,03,0.01,True,mtme_tokengram_F-refA,0.07360019448494082,0.0,0.0
ende23,03,0.02,True,mtme_BERTscore-refA,0.10431407547422768,0.0,0.0
ende23,03,0.02,True,mtme_BLEU-refA,0.07877435732769886,0.0,0.0
ende23,03,0.02,True,mtme_BLEURT-20-refA,0.22587302189553232,0.0,0.0
ende23,03,0.02,True,mtme_COMET-refA,0.19654279455957668,0.0,0.0
ende23,03,0.02,True,mtme_Calibri-COMET22-QE-src,0.12091581363793835,0.0,0.0
ende23,03,0.02,True,mtme_Calibri-COMET22-refA,0.10732398688920916,0.0,0.0
ende23,03,0.02,True,mtme_CometKiwi-XL-src,0.13460280678365838,0.0,0.0
ende23,03,0.02,True,mtme_CometKiwi-XXL-src,0.17284720628302713,0.0,0.0
ende23,03,0.02,True,mtme_CometKiwi-src,0.12720322981725612,0.0,0.0
ende23,03,0.02,True,mtme_GEMBA-MQM-src,0.16693864745189851,0.0,0.0
ende23,03,0.02,True,mtme_KG-BERTScore-src,0.10506478098945209,0.0,0.0
ende23,03,0.02,True,mtme_MEE4-refA,0.0631590589876638,0.0,0.0
ende23,03,0.02,True,mtme_MS-COMET-QE-22-src,0.03320705925574158,0.0,0.0
ende23,03,0.02,True,mtme_MaTESe-refA,0.23105749364469857,0.0,0.0
ende23,03,0.02,True,mtme_MetricX-23-QE-b-src,0.2343464488979215,0.0,0.0
ende23,03,0.02,True,mtme_MetricX-23-QE-c-src,0.25612340921688853,0.0,0.0
ende23,03,0.02,True,mtme_MetricX-23-QE-src,0.2454952607420145,0.0,0.0
ende23,03,0.02,True,mtme_MetricX-23-b-refA,0.25893214017150606,0.0,0.0
ende23,03,0.02,True,mtme_MetricX-23-c-refA,0.17754888099334842,0.0,0.0
ende23,03,0.02,True,mtme_MetricX-23-refA,0.25823440521870855,0.0,0.0
ende23,03,0.02,True,mtme_XCOMET-Ensemble-refA,0.3312425450877907,0.0,0.0
ende23,03,0.02,True,mtme_XCOMET-QE-Ensemble-src,0.30298567301874657,0.0,0.0
ende23,03,0.02,True,mtme_XCOMET-XL-refA,0.30785038026094563,0.0,0.0
ende23,03,0.02,True,mtme_XCOMET-XXL-refA,0.307761008431316,0.0,0.0
ende23,03,0.02,True,mtme_XLsim-refA,0.051181591601249715,0.0,0.0
ende23,03,0.02,True,mtme_YiSi-1-refA,0.11825178864636171,0.0,0.0
ende23,03,0.02,True,mtme_chrF-refA,0.0683318481618808,0.0,0.0
ende23,03,0.02,True,mtme_cometoid22-wmt21-src,0.16627342196017386,0.0,0.0
ende23,03,0.02,True,mtme_cometoid22-wmt22-src,0.18792554824224877,0.0,0.0
ende23,03,0.02,True,mtme_cometoid22-wmt23-src,0.20324308217802267,0.0,0.0
ende23,03,0.02,True,mtme_docWMT22CometDA-refA,0.2178513918723745,0.0,0.0
ende23,03,0.02,True,mtme_docWMT22CometKiwiDA-src,0.1028764041899129,0.0,0.0
ende23,03,0.02,True,mtme_eBLEU-refA,0.03786154138156807,0.0,0.0
ende23,03,0.02,True,mtme_embed_llama-refA,0.06909438937609183,0.0,0.0
ende23,03,0.02,True,mtme_f200spBLEU-refA,0.07645094891560017,0.0,0.0
ende23,03,0.02,True,mtme_instructscore-refA,0.23426095485532628,0.0,0.0
ende23,03,0.02,True,mtme_mbr-metricx-qe-src,0.22149923382862152,0.0,0.0
ende23,03,0.02,True,mtme_mre-score-labse-regular-refA,0.15768553833708682,0.0,0.0
ende23,03,0.02,True,mtme_prismRef-refA,0.13492514906403597,0.0,0.0
ende23,03,0.02,True,mtme_prismSrc-src,-0.04983647533287018,0.0,0.0
ende23,03,0.02,True,mtme_sescoreX-refA,0.23426095485532628,0.0,0.0
ende23,03,0.02,True,mtme_tokengram_F-refA,0.07360019448494082,0.0,0.0
ende23,04,0.01,True,mtme_BERTscore-refA,0.18278992052908064,0.0,0.0
ende23,04,0.01,True,mtme_BLEU-refA,0.12820071111333667,0.0,0.0
ende23,04,0.01,True,mtme_BLEURT-20-refA,0.3154602516525982,0.0,0.0
ende23,04,0.01,True,mtme_COMET-refA,0.3075335708637683,0.0,0.0
ende23,04,0.01,True,mtme_Calibri-COMET22-QE-src,0.20473945370998659,0.0,0.0
ende23,04,0.01,True,mtme_Calibri-COMET22-refA,0.21466457472288325,0.0,0.0
ende23,04,0.01,True,mtme_CometKiwi-XL-src,0.29381178669391583,0.0,0.0
ende23,04,0.01,True,mtme_CometKiwi-XXL-src,0.25054483438958675,0.0,0.0
ende23,04,0.01,True,mtme_CometKiwi-src,0.23384576984683714,0.0,0.0
ende23,04,0.01,True,mtme_GEMBA-MQM-src,0.28574046538027975,0.0,0.0
ende23,04,0.01,True,mtme_KG-BERTScore-src,0.22632600575248296,0.0,0.0
ende23,04,0.01,True,mtme_MEE4-refA,0.13213910122147,0.0,0.0
ende23,04,0.01,True,mtme_MS-COMET-QE-22-src,0.17215573716746296,0.0,0.0
ende23,04,0.01,True,mtme_MaTESe-refA,0.35567636260914354,0.0,0.0
ende23,04,0.01,True,mtme_MetricX-23-QE-b-src,0.4241976665447934,0.0,0.0
ende23,04,0.01,True,mtme_MetricX-23-QE-c-src,0.3744532814684417,0.0,0.0
ende23,04,0.01,True,mtme_MetricX-23-QE-src,0.4092737883426959,0.0,0.0
ende23,04,0.01,True,mtme_MetricX-23-b-refA,0.4284623343885923,0.0,0.0
ende23,04,0.01,True,mtme_MetricX-23-c-refA,0.21090152051522532,0.0,0.0
ende23,04,0.01,True,mtme_MetricX-23-refA,0.4255826336407347,0.0,0.0
ende23,04,0.01,True,mtme_XCOMET-Ensemble-refA,0.4803789230767002,0.0,0.0
ende23,04,0.01,True,mtme_XCOMET-QE-Ensemble-src,0.38630872020042095,0.0,0.0
ende23,04,0.01,True,mtme_XCOMET-XL-refA,0.47129701998172535,0.0,0.0
ende23,04,0.01,True,mtme_XCOMET-XXL-refA,0.45937394140770577,0.0,0.0
ende23,04,0.01,True,mtme_XLsim-refA,0.13000964092907374,0.0,0.0
ende23,04,0.01,True,mtme_YiSi-1-refA,0.18374543950774347,0.0,0.0
ende23,04,0.01,True,mtme_chrF-refA,0.1284320813750906,0.0,0.0
ende23,04,0.01,True,mtme_cometoid22-wmt21-src,0.29235292925505996,0.0,0.0
ende23,04,0.01,True,mtme_cometoid22-wmt22-src,0.28729835560308203,0.0,0.0
ende23,04,0.01,True,mtme_cometoid22-wmt23-src,0.28718237502826205,0.0,0.0
ende23,04,0.01,True,mtme_docWMT22CometDA-refA,0.2856169436992599,0.0,0.0
ende23,04,0.01,True,mtme_docWMT22CometKiwiDA-src,0.19537453526111986,0.0,0.0
ende23,04,0.01,True,mtme_eBLEU-refA,0.07461645505501296,0.0,0.0
ende23,04,0.01,True,mtme_embed_llama-refA,0.10707653655940036,0.0,0.0
ende23,04,0.01,True,mtme_f200spBLEU-refA,0.12817655193928523,0.0,0.0
ende23,04,0.01,True,mtme_instructscore-refA,0.31035324784025653,0.0,0.0
ende23,04,0.01,True,mtme_mbr-metricx-qe-src,0.3486576082752074,0.0,0.0
ende23,04,0.01,True,mtme_mre-score-labse-regular-refA,0.18633251804237488,0.0,0.0
ende23,04,0.01,True,mtme_prismRef-refA,0.18421302063433093,0.0,0.0
ende23,04,0.01,True,mtme_prismSrc-src,-0.03164622443967918,0.0,0.0
ende23,04,0.01,True,mtme_sescoreX-refA,0.31035324784025653,0.0,0.0
ende23,04,0.01,True,mtme_tokengram_F-refA,0.13109410885213346,0.0,0.0
ende23,04,0.02,True,mtme_BERTscore-refA,0.18278992052908064,0.0,0.0
ende23,04,0.02,True,mtme_BLEU-refA,0.12820071111333667,0.0,0.0
ende23,04,0.02,True,mtme_BLEURT-20-refA,0.3154602516525982,0.0,0.0
ende23,04,0.02,True,mtme_COMET-refA,0.3075335708637683,0.0,0.0
ende23,04,0.02,True,mtme_Calibri-COMET22-QE-src,0.20473945370998659,0.0,0.0
ende23,04,0.02,True,mtme_Calibri-COMET22-refA,0.21466457472288325,0.0,0.0
ende23,04,0.02,True,mtme_CometKiwi-XL-src,0.29381178669391583,0.0,0.0
ende23,04,0.02,True,mtme_CometKiwi-XXL-src,0.25054483438958675,0.0,0.0
ende23,04,0.02,True,mtme_CometKiwi-src,0.23384576984683714,0.0,0.0
ende23,04,0.02,True,mtme_GEMBA-MQM-src,0.28574046538027975,0.0,0.0
ende23,04,0.02,True,mtme_KG-BERTScore-src,0.22632600575248296,0.0,0.0
ende23,04,0.02,True,mtme_MEE4-refA,0.13213910122147,0.0,0.0
ende23,04,0.02,True,mtme_MS-COMET-QE-22-src,0.17215573716746296,0.0,0.0
ende23,04,0.02,True,mtme_MaTESe-refA,0.35567636260914354,0.0,0.0
ende23,04,0.02,True,mtme_MetricX-23-QE-b-src,0.4241976665447934,0.0,0.0
ende23,04,0.02,True,mtme_MetricX-23-QE-c-src,0.3744532814684417,0.0,0.0
ende23,04,0.02,True,mtme_MetricX-23-QE-src,0.4092737883426959,0.0,0.0
ende23,04,0.02,True,mtme_MetricX-23-b-refA,0.4284623343885923,0.0,0.0
ende23,04,0.02,True,mtme_MetricX-23-c-refA,0.21090152051522532,0.0,0.0
ende23,04,0.02,True,mtme_MetricX-23-refA,0.4255826336407347,0.0,0.0
ende23,04,0.02,True,mtme_XCOMET-Ensemble-refA,0.4803789230767002,0.0,0.0
ende23,04,0.02,True,mtme_XCOMET-QE-Ensemble-src,0.38630872020042095,0.0,0.0
ende23,04,0.02,True,mtme_XCOMET-XL-refA,0.47129701998172535,0.0,0.0
ende23,04,0.02,True,mtme_XCOMET-XXL-refA,0.45937394140770577,0.0,0.0
ende23,04,0.02,True,mtme_XLsim-refA,0.13000964092907374,0.0,0.0
ende23,04,0.02,True,mtme_YiSi-1-refA,0.18374543950774347,0.0,0.0
ende23,04,0.02,True,mtme_chrF-refA,0.1284320813750906,0.0,0.0
ende23,04,0.02,True,mtme_cometoid22-wmt21-src,0.29235292925505996,0.0,0.0
ende23,04,0.02,True,mtme_cometoid22-wmt22-src,0.28729835560308203,0.0,0.0
ende23,04,0.02,True,mtme_cometoid22-wmt23-src,0.28718237502826205,0.0,0.0
ende23,04,0.02,True,mtme_docWMT22CometDA-refA,0.2856169436992599,0.0,0.0
ende23,04,0.02,True,mtme_docWMT22CometKiwiDA-src,0.19537453526111986,0.0,0.0
ende23,04,0.02,True,mtme_eBLEU-refA,0.07461645505501296,0.0,0.0
ende23,04,0.02,True,mtme_embed_llama-refA,0.10707653655940036,0.0,0.0
ende23,04,0.02,True,mtme_f200spBLEU-refA,0.12817655193928523,0.0,0.0
ende23,04,0.02,True,mtme_instructscore-refA,0.31035324784025653,0.0,0.0
ende23,04,0.02,True,mtme_mbr-metricx-qe-src,0.3486576082752074,0.0,0.0
ende23,04,0.02,True,mtme_mre-score-labse-regular-refA,0.18633251804237488,0.0,0.0
ende23,04,0.02,True,mtme_prismRef-refA,0.18421302063433093,0.0,0.0
ende23,04,0.02,True,mtme_prismSrc-src,-0.03164622443967918,0.0,0.0
ende23,04,0.02,True,mtme_sescoreX-refA,0.31035324784025653,0.0,0.0
ende23,04,0.02,True,mtme_tokengram_F-refA,0.13109410885213346,0.0,0.0
ende23,05,0.01,True,mtme_BERTscore-refA,0.16073255386916718,0.0,0.0
ende23,05,0.01,True,mtme_BLEU-refA,0.06977695158045025,0.0,0.0
ende23,05,0.01,True,mtme_BLEURT-20-refA,0.3531590196727208,0.0,0.0
ende23,05,0.01,True,mtme_COMET-refA,0.3615414631686772,0.0,0.0
ende23,05,0.01,True,mtme_Calibri-COMET22-QE-src,0.31041147965769605,0.0,0.0
ende23,05,0.01,True,mtme_Calibri-COMET22-refA,0.301589267720642,0.0,0.0
ende23,05,0.01,True,mtme_CometKiwi-XL-src,0.34313820838140574,0.0,0.0
ende23,05,0.01,True,mtme_CometKiwi-XXL-src,0.3138756330396487,0.0,0.0
ende23,05,0.01,True,mtme_CometKiwi-src,0.3126635704271644,0.0,0.0
ende23,05,0.01,True,mtme_GEMBA-MQM-src,0.3596538474974044,0.0,0.0
ende23,05,0.01,True,mtme_KG-BERTScore-src,0.30446546142788244,0.0,0.0
ende23,05,0.01,True,mtme_MEE4-refA,0.09893723906338708,0.0,0.0
ende23,05,0.01,True,mtme_MS-COMET-QE-22-src,0.2774242811363198,0.0,0.0
ende23,05,0.01,True,mtme_MaTESe-refA,0.35380503118780604,0.0,0.0
ende23,05,0.01,True,mtme_MetricX-23-QE-b-src,0.5157002176475394,0.0,0.0
ende23,05,0.01,True,mtme_MetricX-23-QE-c-src,0.4827560930279451,0.0,0.0
ende23,05,0.01,True,mtme_MetricX-23-QE-src,0.5054053796105311,0.0,0.0
ende23,05,0.01,True,mtme_MetricX-23-b-refA,0.5022431513221046,0.0,0.0
ende23,05,0.01,True,mtme_MetricX-23-c-refA,0.3077512371304172,0.0,0.0
ende23,05,0.01,True,mtme_MetricX-23-refA,0.5023349390568417,0.0,0.0
ende23,05,0.01,True,mtme_XCOMET-Ensemble-refA,0.5361752237760573,0.0,0.0
ende23,05,0.01,True,mtme_XCOMET-QE-Ensemble-src,0.5066286956896628,0.0,0.0
ende23,05,0.01,True,mtme_XCOMET-XL-refA,0.5144101052525444,0.0,0.0
ende23,05,0.01,True,mtme_XCOMET-XXL-refA,0.522920904977236,0.0,0.0
ende23,05,0.01,True,mtme_XLsim-refA,0.18007657396363252,0.0,0.0
ende23,05,0.01,True,mtme_YiSi-1-refA,0.16001461184670557,0.0,0.0
ende23,05,0.01,True,mtme_chrF-refA,0.09886577334861008,0.0,0.0
ende23,05,0.01,True,mtme_cometoid22-wmt21-src,0.35811611319740283,0.0,0.0
ende23,05,0.01,True,mtme_cometoid22-wmt22-src,0.3447117397712496,0.0,0.0
ende23,05,0.01,True,mtme_cometoid22-wmt23-src,0.3418620936154951,0.0,0.0
ende23,05,0.01,True,mtme_docWMT22CometDA-refA,0.34404617021692535,0.0,0.0
ende23,05,0.01,True,mtme_docWMT22CometKiwiDA-src,0.25134394097742063,0.0,0.0
ende23,05,0.01,True,mtme_eBLEU-refA,0.021820956050591075,0.0,0.0
ende23,05,0.01,True,mtme_embed_llama-refA,-0.006924513234616883,0.0,0.0
ende23,05,0.01,True,mtme_f200spBLEU-refA,0.0863616821947499,0.0,0.0
ende23,05,0.01,True,mtme_instructscore-refA,0.3987920417599168,0.0,0.0
ende23,05,0.01,True,mtme_mbr-metricx-qe-src,0.34288825291809283,0.0,0.0
ende23,05,0.01,True,mtme_mre-score-labse-regular-refA,0.20527479457943515,0.0,0.0
ende23,05,0.01,True,mtme_prismRef-refA,0.21426326128167617,0.0,0.0
ende23,05,0.01,True,mtme_prismSrc-src,0.046259437086545174,0.0,0.0
ende23,05,0.01,True,mtme_sescoreX-refA,0.3987920417599168,0.0,0.0
ende23,05,0.01,True,mtme_tokengram_F-refA,0.09348096443230752,0.0,0.0
ende23,05,0.02,True,mtme_BERTscore-refA,0.16073255386916718,0.0,0.0
ende23,05,0.02,True,mtme_BLEU-refA,0.06977695158045025,0.0,0.0
ende23,05,0.02,True,mtme_BLEURT-20-refA,0.3531590196727208,0.0,0.0
ende23,05,0.02,True,mtme_COMET-refA,0.3615414631686772,0.0,0.0
ende23,05,0.02,True,mtme_Calibri-COMET22-QE-src,0.31041147965769605,0.0,0.0
ende23,05,0.02,True,mtme_Calibri-COMET22-refA,0.301589267720642,0.0,0.0
ende23,05,0.02,True,mtme_CometKiwi-XL-src,0.34313820838140574,0.0,0.0
ende23,05,0.02,True,mtme_CometKiwi-XXL-src,0.3138756330396487,0.0,0.0
ende23,05,0.02,True,mtme_CometKiwi-src,0.3126635704271644,0.0,0.0
ende23,05,0.02,True,mtme_GEMBA-MQM-src,0.3596538474974044,0.0,0.0
ende23,05,0.02,True,mtme_KG-BERTScore-src,0.30446546142788244,0.0,0.0
ende23,05,0.02,True,mtme_MEE4-refA,0.09893723906338708,0.0,0.0
ende23,05,0.02,True,mtme_MS-COMET-QE-22-src,0.2774242811363198,0.0,0.0
ende23,05,0.02,True,mtme_MaTESe-refA,0.35380503118780604,0.0,0.0
ende23,05,0.02,True,mtme_MetricX-23-QE-b-src,0.5157002176475394,0.0,0.0
ende23,05,0.02,True,mtme_MetricX-23-QE-c-src,0.4827560930279451,0.0,0.0
ende23,05,0.02,True,mtme_MetricX-23-QE-src,0.5054053796105311,0.0,0.0
ende23,05,0.02,True,mtme_MetricX-23-b-refA,0.5022431513221046,0.0,0.0
ende23,05,0.02,True,mtme_MetricX-23-c-refA,0.3077512371304172,0.0,0.0
ende23,05,0.02,True,mtme_MetricX-23-refA,0.5023349390568417,0.0,0.0
ende23,05,0.02,True,mtme_XCOMET-Ensemble-refA,0.5361752237760573,0.0,0.0
ende23,05,0.02,True,mtme_XCOMET-QE-Ensemble-src,0.5066286956896628,0.0,0.0
ende23,05,0.02,True,mtme_XCOMET-XL-refA,0.5144101052525444,0.0,0.0
ende23,05,0.02,True,mtme_XCOMET-XXL-refA,0.522920904977236,0.0,0.0
ende23,05,0.02,True,mtme_XLsim-refA,0.18007657396363252,0.0,0.0
ende23,05,0.02,True,mtme_YiSi-1-refA,0.16001461184670557,0.0,0.0
ende23,05,0.02,True,mtme_chrF-refA,0.09886577334861008,0.0,0.0
ende23,05,0.02,True,mtme_cometoid22-wmt21-src,0.35811611319740283,0.0,0.0
ende23,05,0.02,True,mtme_cometoid22-wmt22-src,0.3447117397712496,0.0,0.0
ende23,05,0.02,True,mtme_cometoid22-wmt23-src,0.3418620936154951,0.0,0.0
ende23,05,0.02,True,mtme_docWMT22CometDA-refA,0.34404617021692535,0.0,0.0
ende23,05,0.02,True,mtme_docWMT22CometKiwiDA-src,0.25134394097742063,0.0,0.0
ende23,05,0.02,True,mtme_eBLEU-refA,0.021820956050591075,0.0,0.0
ende23,05,0.02,True,mtme_embed_llama-refA,-0.006924513234616883,0.0,0.0
ende23,05,0.02,True,mtme_f200spBLEU-refA,0.0863616821947499,0.0,0.0
ende23,05,0.02,True,mtme_instructscore-refA,0.3987920417599168,0.0,0.0
ende23,05,0.02,True,mtme_mbr-metricx-qe-src,0.34288825291809283,0.0,0.0
ende23,05,0.02,True,mtme_mre-score-labse-regular-refA,0.20527479457943515,0.0,0.0
ende23,05,0.02,True,mtme_prismRef-refA,0.21426326128167617,0.0,0.0
ende23,05,0.02,True,mtme_prismSrc-src,0.046259437086545174,0.0,0.0
ende23,05,0.02,True,mtme_sescoreX-refA,0.3987920417599168,0.0,0.0
ende23,05,0.02,True,mtme_tokengram_F-refA,0.09348096443230752,0.0,0.0
ende23,12,0.01,True,mtme_BERTscore-refA,0.09812267879346785,0.0,0.0
ende23,12,0.01,True,mtme_BLEU-refA,0.0837541789140784,0.0,0.0
ende23,12,0.01,True,mtme_BLEURT-20-refA,0.29795376410499397,0.0,0.0
ende23,12,0.01,True,mtme_COMET-refA,0.30007496429552283,0.0,0.0
ende23,12,0.01,True,mtme_Calibri-COMET22-QE-src,0.21572846443525068,0.0,0.0
ende23,12,0.01,True,mtme_Calibri-COMET22-refA,0.23509422217612852,0.0,0.0
ende23,12,0.01,True,mtme_CometKiwi-XL-src,0.35186085522168714,0.0,0.0
ende23,12,0.01,True,mtme_CometKiwi-XXL-src,0.3582448229993348,0.0,0.0
ende23,12,0.01,True,mtme_CometKiwi-src,0.24932386557387248,0.0,0.0
ende23,12,0.01,True,mtme_GEMBA-MQM-src,0.3340367644712733,0.0,0.0
ende23,12,0.01,True,mtme_KG-BERTScore-src,0.24099715608060635,0.0,0.0
ende23,12,0.01,True,mtme_MEE4-refA,0.10387633537560505,0.0,0.0
ende23,12,0.01,True,mtme_MS-COMET-QE-22-src,0.23811164001178792,0.0,0.0
ende23,12,0.01,True,mtme_MaTESe-refA,0.21818317168330137,0.0,0.0
ende23,12,0.01,True,mtme_MetricX-23-QE-b-src,0.3732049892982836,0.0,0.0
ende23,12,0.01,True,mtme_MetricX-23-QE-c-src,0.3934225222677818,0.0,0.0
ende23,12,0.01,True,mtme_MetricX-23-QE-src,0.3933791261098288,0.0,0.0
ende23,12,0.01,True,mtme_MetricX-23-b-refA,0.3203160703883148,0.0,0.0
ende23,12,0.01,True,mtme_MetricX-23-c-refA,0.2478234082017764,0.0,0.0
ende23,12,0.01,True,mtme_MetricX-23-refA,0.3518858717920078,0.0,0.0
ende23,12,0.01,True,mtme_XCOMET-Ensemble-refA,0.4218280196500904,0.0,0.0
ende23,12,0.01,True,mtme_XCOMET-QE-Ensemble-src,0.3703055168194993,0.0,0.0
ende23,12,0.01,True,mtme_XCOMET-XL-refA,0.41326535075627535,0.0,0.0
ende23,12,0.01,True,mtme_XCOMET-XXL-refA,0.38049544093850984,0.0,0.0
ende23,12,0.01,True,mtme_XLsim-refA,0.15914485123193461,0.0,0.0
ende23,12,0.01,True,mtme_YiSi-1-refA,0.14730826852771903,0.0,0.0
ende23,12,0.01,True,mtme_chrF-refA,0.09261120001289354,0.0,0.0
ende23,12,0.01,True,mtme_cometoid22-wmt21-src,0.2615347650798324,0.0,0.0
ende23,12,0.01,True,mtme_cometoid22-wmt22-src,0.2727326812526586,0.0,0.0
ende23,12,0.01,True,mtme_cometoid22-wmt23-src,0.247415519127896,0.0,0.0
ende23,12,0.01,True,mtme_docWMT22CometDA-refA,0.27205102968020156,0.0,0.0
ende23,12,0.01,True,mtme_docWMT22CometKiwiDA-src,0.23654480142269377,0.0,0.0
ende23,12,0.01,True,mtme_eBLEU-refA,0.04300815361820899,0.0,0.0
ende23,12,0.01,True,mtme_embed_llama-refA,0.031425909386219086,0.0,0.0
ende23,12,0.01,True,mtme_f200spBLEU-refA,0.09481948135462728,0.0,0.0
ende23,12,0.01,True,mtme_instructscore-refA,0.26355962811509237,0.0,0.0
ende23,12,0.01,True,mtme_mbr-metricx-qe-src,0.26888889740777466,0.0,0.0
ende23,12,0.01,True,mtme_mre-score-labse-regular-refA,0.10777272982026918,0.0,0.0
ende23,12,0.01,True,mtme_prismRef-refA,0.16844178893564946,0.0,0.0
ende23,12,0.01,True,mtme_prismSrc-src,0.06375462794044384,0.0,0.0
ende23,12,0.01,True,mtme_sescoreX-refA,0.26355962811509237,0.0,0.0
ende23,12,0.01,True,mtme_tokengram_F-refA,0.09439093405684017,0.0,0.0
ende23,12,0.02,True,mtme_BERTscore-refA,0.09812267879346785,0.0,0.0
ende23,12,0.02,True,mtme_BLEU-refA,0.0837541789140784,0.0,0.0
ende23,12,0.02,True,mtme_BLEURT-20-refA,0.29795376410499397,0.0,0.0
ende23,12,0.02,True,mtme_COMET-refA,0.30007496429552283,0.0,0.0
ende23,12,0.02,True,mtme_Calibri-COMET22-QE-src,0.21572846443525068,0.0,0.0
ende23,12,0.02,True,mtme_Calibri-COMET22-refA,0.23509422217612852,0.0,0.0
ende23,12,0.02,True,mtme_CometKiwi-XL-src,0.35186085522168714,0.0,0.0
ende23,12,0.02,True,mtme_CometKiwi-XXL-src,0.3582448229993348,0.0,0.0
ende23,12,0.02,True,mtme_CometKiwi-src,0.24932386557387248,0.0,0.0
ende23,12,0.02,True,mtme_GEMBA-MQM-src,0.3340367644712733,0.0,0.0
ende23,12,0.02,True,mtme_KG-BERTScore-src,0.24099715608060635,0.0,0.0
ende23,12,0.02,True,mtme_MEE4-refA,0.10387633537560505,0.0,0.0
ende23,12,0.02,True,mtme_MS-COMET-QE-22-src,0.23811164001178792,0.0,0.0
ende23,12,0.02,True,mtme_MaTESe-refA,0.21818317168330137,0.0,0.0
ende23,12,0.02,True,mtme_MetricX-23-QE-b-src,0.3732049892982836,0.0,0.0
ende23,12,0.02,True,mtme_MetricX-23-QE-c-src,0.3934225222677818,0.0,0.0
ende23,12,0.02,True,mtme_MetricX-23-QE-src,0.3933791261098288,0.0,0.0
ende23,12,0.02,True,mtme_MetricX-23-b-refA,0.3203160703883148,0.0,0.0
ende23,12,0.02,True,mtme_MetricX-23-c-refA,0.2478234082017764,0.0,0.0
ende23,12,0.02,True,mtme_MetricX-23-refA,0.3518858717920078,0.0,0.0
ende23,12,0.02,True,mtme_XCOMET-Ensemble-refA,0.4218280196500904,0.0,0.0
ende23,12,0.02,True,mtme_XCOMET-QE-Ensemble-src,0.3703055168194993,0.0,0.0
ende23,12,0.02,True,mtme_XCOMET-XL-refA,0.41326535075627535,0.0,0.0
ende23,12,0.02,True,mtme_XCOMET-XXL-refA,0.38049544093850984,0.0,0.0
ende23,12,0.02,True,mtme_XLsim-refA,0.15914485123193461,0.0,0.0
ende23,12,0.02,True,mtme_YiSi-1-refA,0.14730826852771903,0.0,0.0
ende23,12,0.02,True,mtme_chrF-refA,0.09261120001289354,0.0,0.0
ende23,12,0.02,True,mtme_cometoid22-wmt21-src,0.2615347650798324,0.0,0.0
ende23,12,0.02,True,mtme_cometoid22-wmt22-src,0.2727326812526586,0.0,0.0
ende23,12,0.02,True,mtme_cometoid22-wmt23-src,0.247415519127896,0.0,0.0
ende23,12,0.02,True,mtme_docWMT22CometDA-refA,0.27205102968020156,0.0,0.0
ende23,12,0.02,True,mtme_docWMT22CometKiwiDA-src,0.23654480142269377,0.0,0.0
ende23,12,0.02,True,mtme_eBLEU-refA,0.04300815361820899,0.0,0.0
ende23,12,0.02,True,mtme_embed_llama-refA,0.031425909386219086,0.0,0.0
ende23,12,0.02,True,mtme_f200spBLEU-refA,0.09481948135462728,0.0,0.0
ende23,12,0.02,True,mtme_instructscore-refA,0.26355962811509237,0.0,0.0
ende23,12,0.02,True,mtme_mbr-metricx-qe-src,0.26888889740777466,0.0,0.0
ende23,12,0.02,True,mtme_mre-score-labse-regular-refA,0.10777272982026918,0.0,0.0
ende23,12,0.02,True,mtme_prismRef-refA,0.16844178893564946,0.0,0.0
ende23,12,0.02,True,mtme_prismSrc-src,0.06375462794044384,0.0,0.0
ende23,12,0.02,True,mtme_sescoreX-refA,0.26355962811509237,0.0,0.0
ende23,12,0.02,True,mtme_tokengram_F-refA,0.09439093405684017,0.0,0.0
ende23,13,0.01,True,mtme_BERTscore-refA,0.06896196756712411,0.0,0.0
ende23,13,0.01,True,mtme_BLEU-refA,0.07663048431461358,0.0,0.0
ende23,13,0.01,True,mtme_BLEURT-20-refA,0.2621089234011255,0.0,0.0
ende23,13,0.01,True,mtme_COMET-refA,0.2783985454032892,0.0,0.0
ende23,13,0.01,True,mtme_Calibri-COMET22-QE-src,0.23056290934539447,0.0,0.0
ende23,13,0.01,True,mtme_Calibri-COMET22-refA,0.17968269437359902,0.0,0.0
ende23,13,0.01,True,mtme_CometKiwi-XL-src,0.2463734889358649,0.0,0.0
ende23,13,0.01,True,mtme_CometKiwi-XXL-src,0.265733640133944,0.0,0.0
ende23,13,0.01,True,mtme_CometKiwi-src,0.22316630960013353,0.0,0.0
ende23,13,0.01,True,mtme_GEMBA-MQM-src,0.19895938754852696,0.0,0.0
ende23,13,0.01,True,mtme_KG-BERTScore-src,0.216396870218721,0.0,0.0
ende23,13,0.01,True,mtme_MEE4-refA,0.0652645144999439,0.0,0.0
ende23,13,0.01,True,mtme_MS-COMET-QE-22-src,0.1534121269548835,0.0,0.0
ende23,13,0.01,True,mtme_MaTESe-refA,0.1572503837639268,0.0,0.0
ende23,13,0.01,True,mtme_MetricX-23-QE-b-src,0.3079067061758363,0.0,0.0
ende23,13,0.01,True,mtme_MetricX-23-QE-c-src,0.27140335226319906,0.0,0.0
ende23,13,0.01,True,mtme_MetricX-23-QE-src,0.31064695978401424,0.0,0.0
ende23,13,0.01,True,mtme_MetricX-23-b-refA,0.28254667295963953,0.0,0.0
ende23,13,0.01,True,mtme_MetricX-23-c-refA,0.16204572122700728,0.0,0.0
ende23,13,0.01,True,mtme_MetricX-23-refA,0.30124976922651797,0.0,0.0
ende23,13,0.01,True,mtme_XCOMET-Ensemble-refA,0.3770391523932166,0.0,0.0
ende23,13,0.01,True,mtme_XCOMET-QE-Ensemble-src,0.32871823596527106,0.0,0.0
ende23,13,0.01,True,mtme_XCOMET-XL-refA,0.35245343834215515,0.0,0.0
ende23,13,0.01,True,mtme_XCOMET-XXL-refA,0.359470292951394,0.0,0.0
ende23,13,0.01,True,mtme_XLsim-refA,0.0893432551595362,0.0,0.0
ende23,13,0.01,True,mtme_YiSi-1-refA,0.12364712973349525,0.0,0.0
ende23,13,0.01,True,mtme_chrF-refA,0.06653827462889106,0.0,0.0
ende23,13,0.01,True,mtme_cometoid22-wmt21-src,0.27031267792002905,0.0,0.0
ende23,13,0.01,True,mtme_cometoid22-wmt22-src,0.2900134172768223,0.0,0.0
ende23,13,0.01,True,mtme_cometoid22-wmt23-src,0.23346938784624144,0.0,0.0
ende23,13,0.01,True,mtme_docWMT22CometDA-refA,0.3076626936487393,0.0,0.0
ende23,13,0.01,True,mtme_docWMT22CometKiwiDA-src,0.25888567693276243,0.0,0.0
ende23,13,0.01,True,mtme_eBLEU-refA,0.031503447315732555,0.0,0.0
ende23,13,0.01,True,mtme_embed_llama-refA,0.08079731091894446,0.0,0.0
ende23,13,0.01,True,mtme_f200spBLEU-refA,0.0707745168696208,0.0,0.0
ende23,13,0.01,True,mtme_instructscore-refA,0.24506642576293533,0.0,0.0
ende23,13,0.01,True,mtme_mbr-metricx-qe-src,0.33051595853332383,0.0,0.0
ende23,13,0.01,True,mtme_mre-score-labse-regular-refA,0.1565743751818038,0.0,0.0
ende23,13,0.01,True,mtme_prismRef-refA,0.14264157110601755,0.0,0.0
ende23,13,0.01,True,mtme_prismSrc-src,0.01685542486009675,0.0,0.0
ende23,13,0.01,True,mtme_sescoreX-refA,0.24506642576293533,0.0,0.0
ende23,13,0.01,True,mtme_tokengram_F-refA,0.0694414099261253,0.0,0.0
ende23,13,0.02,True,mtme_BERTscore-refA,0.06896196756712411,0.0,0.0
ende23,13,0.02,True,mtme_BLEU-refA,0.07663048431461358,0.0,0.0
ende23,13,0.02,True,mtme_BLEURT-20-refA,0.2621089234011255,0.0,0.0
ende23,13,0.02,True,mtme_COMET-refA,0.2783985454032892,0.0,0.0
ende23,13,0.02,True,mtme_Calibri-COMET22-QE-src,0.23056290934539447,0.0,0.0
ende23,13,0.02,True,mtme_Calibri-COMET22-refA,0.17968269437359902,0.0,0.0
ende23,13,0.02,True,mtme_CometKiwi-XL-src,0.2463734889358649,0.0,0.0
ende23,13,0.02,True,mtme_CometKiwi-XXL-src,0.265733640133944,0.0,0.0
ende23,13,0.02,True,mtme_CometKiwi-src,0.22316630960013353,0.0,0.0
ende23,13,0.02,True,mtme_GEMBA-MQM-src,0.19895938754852696,0.0,0.0
ende23,13,0.02,True,mtme_KG-BERTScore-src,0.216396870218721,0.0,0.0
ende23,13,0.02,True,mtme_MEE4-refA,0.0652645144999439,0.0,0.0
ende23,13,0.02,True,mtme_MS-COMET-QE-22-src,0.1534121269548835,0.0,0.0
ende23,13,0.02,True,mtme_MaTESe-refA,0.1572503837639268,0.0,0.0
ende23,13,0.02,True,mtme_MetricX-23-QE-b-src,0.3079067061758363,0.0,0.0
ende23,13,0.02,True,mtme_MetricX-23-QE-c-src,0.27140335226319906,0.0,0.0
ende23,13,0.02,True,mtme_MetricX-23-QE-src,0.31064695978401424,0.0,0.0
ende23,13,0.02,True,mtme_MetricX-23-b-refA,0.28254667295963953,0.0,0.0
ende23,13,0.02,True,mtme_MetricX-23-c-refA,0.16204572122700728,0.0,0.0
ende23,13,0.02,True,mtme_MetricX-23-refA,0.30124976922651797,0.0,0.0
ende23,13,0.02,True,mtme_XCOMET-Ensemble-refA,0.3770391523932166,0.0,0.0
ende23,13,0.02,True,mtme_XCOMET-QE-Ensemble-src,0.32871823596527106,0.0,0.0
ende23,13,0.02,True,mtme_XCOMET-XL-refA,0.35245343834215515,0.0,0.0
ende23,13,0.02,True,mtme_XCOMET-XXL-refA,0.359470292951394,0.0,0.0
ende23,13,0.02,True,mtme_XLsim-refA,0.0893432551595362,0.0,0.0
ende23,13,0.02,True,mtme_YiSi-1-refA,0.12364712973349525,0.0,0.0
ende23,13,0.02,True,mtme_chrF-refA,0.06653827462889106,0.0,0.0
ende23,13,0.02,True,mtme_cometoid22-wmt21-src,0.27031267792002905,0.0,0.0
ende23,13,0.02,True,mtme_cometoid22-wmt22-src,0.2900134172768223,0.0,0.0
ende23,13,0.02,True,mtme_cometoid22-wmt23-src,0.23346938784624144,0.0,0.0
ende23,13,0.02,True,mtme_docWMT22CometDA-refA,0.3076626936487393,0.0,0.0
ende23,13,0.02,True,mtme_docWMT22CometKiwiDA-src,0.25888567693276243,0.0,0.0
ende23,13,0.02,True,mtme_eBLEU-refA,0.031503447315732555,0.0,0.0
ende23,13,0.02,True,mtme_embed_llama-refA,0.08079731091894446,0.0,0.0
ende23,13,0.02,True,mtme_f200spBLEU-refA,0.0707745168696208,0.0,0.0
ende23,13,0.02,True,mtme_instructscore-refA,0.24506642576293533,0.0,0.0
ende23,13,0.02,True,mtme_mbr-metricx-qe-src,0.33051595853332383,0.0,0.0
ende23,13,0.02,True,mtme_mre-score-labse-regular-refA,0.1565743751818038,0.0,0.0
ende23,13,0.02,True,mtme_prismRef-refA,0.14264157110601755,0.0,0.0
ende23,13,0.02,True,mtme_prismSrc-src,0.01685542486009675,0.0,0.0
ende23,13,0.02,True,mtme_sescoreX-refA,0.24506642576293533,0.0,0.0
ende23,13,0.02,True,mtme_tokengram_F-refA,0.0694414099261253,0.0,0.0
ende23,14,0.01,True,mtme_BERTscore-refA,0.08606818924748039,0.0,0.0
ende23,14,0.01,True,mtme_BLEU-refA,0.09781771590656947,0.0,0.0
ende23,14,0.01,True,mtme_BLEURT-20-refA,0.30861502294658005,0.0,0.0
ende23,14,0.01,True,mtme_COMET-refA,0.3038920831735995,0.0,0.0
ende23,14,0.01,True,mtme_Calibri-COMET22-QE-src,0.2510923851144402,0.0,0.0
ende23,14,0.01,True,mtme_Calibri-COMET22-refA,0.22268465306595875,0.0,0.0
ende23,14,0.01,True,mtme_CometKiwi-XL-src,0.30599583095316973,0.0,0.0
ende23,14,0.01,True,mtme_CometKiwi-XXL-src,0.2827158610766348,0.0,0.0
ende23,14,0.01,True,mtme_CometKiwi-src,0.2815062121531753,0.0,0.0
ende23,14,0.01,True,mtme_GEMBA-MQM-src,0.2661611467494009,0.0,0.0
ende23,14,0.01,True,mtme_KG-BERTScore-src,0.2850370122244468,0.0,0.0
ende23,14,0.01,True,mtme_MEE4-refA,0.08412086739568762,0.0,0.0
ende23,14,0.01,True,mtme_MS-COMET-QE-22-src,0.20356667725080713,0.0,0.0
ende23,14,0.01,True,mtme_MaTESe-refA,0.3394783313876085,0.0,0.0
ende23,14,0.01,True,mtme_MetricX-23-QE-b-src,0.38023345152065946,0.0,0.0
ende23,14,0.01,True,mtme_MetricX-23-QE-c-src,0.3454380592786733,0.0,0.0
ende23,14,0.01,True,mtme_MetricX-23-QE-src,0.3609495526303559,0.0,0.0
ende23,14,0.01,True,mtme_MetricX-23-b-refA,0.35926971851220546,0.0,0.0
ende23,14,0.01,True,mtme_MetricX-23-c-refA,0.249549876348732,0.0,0.0
ende23,14,0.01,True,mtme_MetricX-23-refA,0.38764914003455186,0.0,0.0
ende23,14,0.01,True,mtme_XCOMET-Ensemble-refA,0.43366288059324154,0.0,0.0
ende23,14,0.01,True,mtme_XCOMET-QE-Ensemble-src,0.37065599609894784,0.0,0.0
ende23,14,0.01,True,mtme_XCOMET-XL-refA,0.41861421844843916,0.0,0.0
ende23,14,0.01,True,mtme_XCOMET-XXL-refA,0.39849752666396754,0.0,0.0
ende23,14,0.01,True,mtme_XLsim-refA,0.11491720046261703,0.0,0.0
ende23,14,0.01,True,mtme_YiSi-1-refA,0.14580204963308496,0.0,0.0
ende23,14,0.01,True,mtme_chrF-refA,0.09339420039127663,0.0,0.0
ende23,14,0.01,True,mtme_cometoid22-wmt21-src,0.3015163645503659,0.0,0.0
ende23,14,0.01,True,mtme_cometoid22-wmt22-src,0.30659701086658,0.0,0.0
ende23,14,0.01,True,mtme_cometoid22-wmt23-src,0.2920808151578812,0.0,0.0
ende23,14,0.01,True,mtme_docWMT22CometDA-refA,0.28137271437028166,0.0,0.0
ende23,14,0.01,True,mtme_docWMT22CometKiwiDA-src,0.26174936350115013,0.0,0.0
ende23,14,0.01,True,mtme_eBLEU-refA,0.04839258768127144,0.0,0.0
ende23,14,0.01,True,mtme_embed_llama-refA,0.05685952825446841,0.0,0.0
ende23,14,0.01,True,mtme_f200spBLEU-refA,0.09545324213352538,0.0,0.0
ende23,14,0.01,True,mtme_instructscore-refA,0.24306731966642353,0.0,0.0
ende23,14,0.01,True,mtme_mbr-metricx-qe-src,0.3618951676549146,0.0,0.0
ende23,14,0.01,True,mtme_mre-score-labse-regular-refA,0.20738762835075364,0.0,0.0
ende23,14,0.01,True,mtme_prismRef-refA,0.14125864920596143,0.0,0.0
ende23,14,0.01,True,mtme_prismSrc-src,0.056505573268825646,0.0,0.0
ende23,14,0.01,True,mtme_sescoreX-refA,0.24306731966642353,0.0,0.0
ende23,14,0.01,True,mtme_tokengram_F-refA,0.09235758415073071,0.0,0.0
ende23,14,0.02,True,mtme_BERTscore-refA,0.08606818924748039,0.0,0.0
ende23,14,0.02,True,mtme_BLEU-refA,0.09781771590656947,0.0,0.0
ende23,14,0.02,True,mtme_BLEURT-20-refA,0.30861502294658005,0.0,0.0
ende23,14,0.02,True,mtme_COMET-refA,0.3038920831735995,0.0,0.0
ende23,14,0.02,True,mtme_Calibri-COMET22-QE-src,0.2510923851144402,0.0,0.0
ende23,14,0.02,True,mtme_Calibri-COMET22-refA,0.22268465306595875,0.0,0.0
ende23,14,0.02,True,mtme_CometKiwi-XL-src,0.30599583095316973,0.0,0.0
ende23,14,0.02,True,mtme_CometKiwi-XXL-src,0.2827158610766348,0.0,0.0
ende23,14,0.02,True,mtme_CometKiwi-src,0.2815062121531753,0.0,0.0
ende23,14,0.02,True,mtme_GEMBA-MQM-src,0.2661611467494009,0.0,0.0
ende23,14,0.02,True,mtme_KG-BERTScore-src,0.2850370122244468,0.0,0.0
ende23,14,0.02,True,mtme_MEE4-refA,0.08412086739568762,0.0,0.0
ende23,14,0.02,True,mtme_MS-COMET-QE-22-src,0.20356667725080713,0.0,0.0
ende23,14,0.02,True,mtme_MaTESe-refA,0.3394783313876085,0.0,0.0
ende23,14,0.02,True,mtme_MetricX-23-QE-b-src,0.38023345152065946,0.0,0.0
ende23,14,0.02,True,mtme_MetricX-23-QE-c-src,0.3454380592786733,0.0,0.0
ende23,14,0.02,True,mtme_MetricX-23-QE-src,0.3609495526303559,0.0,0.0
ende23,14,0.02,True,mtme_MetricX-23-b-refA,0.35926971851220546,0.0,0.0
ende23,14,0.02,True,mtme_MetricX-23-c-refA,0.249549876348732,0.0,0.0
ende23,14,0.02,True,mtme_MetricX-23-refA,0.38764914003455186,0.0,0.0
ende23,14,0.02,True,mtme_XCOMET-Ensemble-refA,0.43366288059324154,0.0,0.0
ende23,14,0.02,True,mtme_XCOMET-QE-Ensemble-src,0.37065599609894784,0.0,0.0
ende23,14,0.02,True,mtme_XCOMET-XL-refA,0.41861421844843916,0.0,0.0
ende23,14,0.02,True,mtme_XCOMET-XXL-refA,0.39849752666396754,0.0,0.0
ende23,14,0.02,True,mtme_XLsim-refA,0.11491720046261703,0.0,0.0
ende23,14,0.02,True,mtme_YiSi-1-refA,0.14580204963308496,0.0,0.0
ende23,14,0.02,True,mtme_chrF-refA,0.09339420039127663,0.0,0.0
ende23,14,0.02,True,mtme_cometoid22-wmt21-src,0.3015163645503659,0.0,0.0
ende23,14,0.02,True,mtme_cometoid22-wmt22-src,0.30659701086658,0.0,0.0
ende23,14,0.02,True,mtme_cometoid22-wmt23-src,0.2920808151578812,0.0,0.0
ende23,14,0.02,True,mtme_docWMT22CometDA-refA,0.28137271437028166,0.0,0.0
ende23,14,0.02,True,mtme_docWMT22CometKiwiDA-src,0.26174936350115013,0.0,0.0
ende23,14,0.02,True,mtme_eBLEU-refA,0.04839258768127144,0.0,0.0
ende23,14,0.02,True,mtme_embed_llama-refA,0.05685952825446841,0.0,0.0
ende23,14,0.02,True,mtme_f200spBLEU-refA,0.09545324213352538,0.0,0.0
ende23,14,0.02,True,mtme_instructscore-refA,0.24306731966642353,0.0,0.0
ende23,14,0.02,True,mtme_mbr-metricx-qe-src,0.3618951676549146,0.0,0.0
ende23,14,0.02,True,mtme_mre-score-labse-regular-refA,0.20738762835075364,0.0,0.0
ende23,14,0.02,True,mtme_prismRef-refA,0.14125864920596143,0.0,0.0
ende23,14,0.02,True,mtme_prismSrc-src,0.056505573268825646,0.0,0.0
ende23,14,0.02,True,mtme_sescoreX-refA,0.24306731966642353,0.0,0.0
ende23,14,0.02,True,mtme_tokengram_F-refA,0.09235758415073071,0.0,0.0
ende23,15,0.01,True,mtme_BERTscore-refA,0.09170076866005718,0.0,0.0
ende23,15,0.01,True,mtme_BLEU-refA,0.06653885267126522,0.0,0.0
ende23,15,0.01,True,mtme_BLEURT-20-refA,0.31375027664032984,0.0,0.0
ende23,15,0.01,True,mtme_COMET-refA,0.31129624786250276,0.0,0.0
ende23,15,0.01,True,mtme_Calibri-COMET22-QE-src,0.2544715639058849,0.0,0.0
ende23,15,0.01,True,mtme_Calibri-COMET22-refA,0.23943092083735448,0.0,0.0
ende23,15,0.01,True,mtme_CometKiwi-XL-src,0.2889778169949456,0.0,0.0
ende23,15,0.01,True,mtme_CometKiwi-XXL-src,0.31897340477140845,0.0,0.0
ende23,15,0.01,True,mtme_CometKiwi-src,0.2988170442530964,0.0,0.0
ende23,15,0.01,True,mtme_GEMBA-MQM-src,0.33631094260975847,0.0,0.0
ende23,15,0.01,True,mtme_KG-BERTScore-src,0.2914581343433226,0.0,0.0
ende23,15,0.01,True,mtme_MEE4-refA,0.0552510750233717,0.0,0.0
ende23,15,0.01,True,mtme_MS-COMET-QE-22-src,0.29735492127062013,0.0,0.0
ende23,15,0.01,True,mtme_MaTESe-refA,0.34061762070022034,0.0,0.0
ende23,15,0.01,True,mtme_MetricX-23-QE-b-src,0.4938309056245346,0.0,0.0
ende23,15,0.01,True,mtme_MetricX-23-QE-c-src,0.4352210205870629,0.0,0.0
ende23,15,0.01,True,mtme_MetricX-23-QE-src,0.49201244038363545,0.0,0.0
ende23,15,0.01,True,mtme_MetricX-23-b-refA,0.4444084358438034,0.0,0.0
ende23,15,0.01,True,mtme_MetricX-23-c-refA,0.23312475597121862,0.0,0.0
ende23,15,0.01,True,mtme_MetricX-23-refA,0.4692897302843532,0.0,0.0
ende23,15,0.01,True,mtme_XCOMET-Ensemble-refA,0.54666272178105,0.0,0.0
ende23,15,0.01,True,mtme_XCOMET-QE-Ensemble-src,0.522268390527441,0.0,0.0
ende23,15,0.01,True,mtme_XCOMET-XL-refA,0.5181419623973793,0.0,0.0
ende23,15,0.01,True,mtme_XCOMET-XXL-refA,0.5259743157780556,0.0,0.0
ende23,15,0.01,True,mtme_XLsim-refA,0.19202876223031726,0.0,0.0
ende23,15,0.01,True,mtme_YiSi-1-refA,0.12007688927863243,0.0,0.0
ende23,15,0.01,True,mtme_chrF-refA,0.0811292371326947,0.0,0.0
ende23,15,0.01,True,mtme_cometoid22-wmt21-src,0.3664286043473921,0.0,0.0
ende23,15,0.01,True,mtme_cometoid22-wmt22-src,0.35949201806830866,0.0,0.0
ende23,15,0.01,True,mtme_cometoid22-wmt23-src,0.334265825289916,0.0,0.0
ende23,15,0.01,True,mtme_docWMT22CometDA-refA,0.2931269606215008,0.0,0.0
ende23,15,0.01,True,mtme_docWMT22CometKiwiDA-src,0.27314476514722763,0.0,0.0
ende23,15,0.01,True,mtme_eBLEU-refA,0.010522053268263462,0.0,0.0
ende23,15,0.01,True,mtme_embed_llama-refA,-0.03793227175613066,0.0,0.0
ende23,15,0.01,True,mtme_f200spBLEU-refA,0.07476454530147822,0.0,0.0
ende23,15,0.01,True,mtme_instructscore-refA,0.3240479303333368,0.0,0.0
ende23,15,0.01,True,mtme_mbr-metricx-qe-src,0.3362279203959745,0.0,0.0
ende23,15,0.01,True,mtme_mre-score-labse-regular-refA,0.15142827511691492,0.0,0.0
ende23,15,0.01,True,mtme_prismRef-refA,0.1382676180479962,0.0,0.0
ende23,15,0.01,True,mtme_prismSrc-src,0.03295896736628874,0.0,0.0
ende23,15,0.01,True,mtme_sescoreX-refA,0.3240479303333368,0.0,0.0
ende23,15,0.01,True,mtme_tokengram_F-refA,0.07573174833824724,0.0,0.0
ende23,15,0.02,True,mtme_BERTscore-refA,0.09170076866005718,0.0,0.0
ende23,15,0.02,True,mtme_BLEU-refA,0.06653885267126522,0.0,0.0
ende23,15,0.02,True,mtme_BLEURT-20-refA,0.31375027664032984,0.0,0.0
ende23,15,0.02,True,mtme_COMET-refA,0.31129624786250276,0.0,0.0
ende23,15,0.02,True,mtme_Calibri-COMET22-QE-src,0.2544715639058849,0.0,0.0
ende23,15,0.02,True,mtme_Calibri-COMET22-refA,0.23943092083735448,0.0,0.0
ende23,15,0.02,True,mtme_CometKiwi-XL-src,0.2889778169949456,0.0,0.0
ende23,15,0.02,True,mtme_CometKiwi-XXL-src,0.31897340477140845,0.0,0.0
ende23,15,0.02,True,mtme_CometKiwi-src,0.2988170442530964,0.0,0.0
ende23,15,0.02,True,mtme_GEMBA-MQM-src,0.33631094260975847,0.0,0.0
ende23,15,0.02,True,mtme_KG-BERTScore-src,0.2914581343433226,0.0,0.0
ende23,15,0.02,True,mtme_MEE4-refA,0.0552510750233717,0.0,0.0
ende23,15,0.02,True,mtme_MS-COMET-QE-22-src,0.29735492127062013,0.0,0.0
ende23,15,0.02,True,mtme_MaTESe-refA,0.34061762070022034,0.0,0.0
ende23,15,0.02,True,mtme_MetricX-23-QE-b-src,0.4938309056245346,0.0,0.0
ende23,15,0.02,True,mtme_MetricX-23-QE-c-src,0.4352210205870629,0.0,0.0
ende23,15,0.02,True,mtme_MetricX-23-QE-src,0.49201244038363545,0.0,0.0
ende23,15,0.02,True,mtme_MetricX-23-b-refA,0.4444084358438034,0.0,0.0
ende23,15,0.02,True,mtme_MetricX-23-c-refA,0.23312475597121862,0.0,0.0
ende23,15,0.02,True,mtme_MetricX-23-refA,0.4692897302843532,0.0,0.0
ende23,15,0.02,True,mtme_XCOMET-Ensemble-refA,0.54666272178105,0.0,0.0
ende23,15,0.02,True,mtme_XCOMET-QE-Ensemble-src,0.522268390527441,0.0,0.0
ende23,15,0.02,True,mtme_XCOMET-XL-refA,0.5181419623973793,0.0,0.0
ende23,15,0.02,True,mtme_XCOMET-XXL-refA,0.5259743157780556,0.0,0.0
ende23,15,0.02,True,mtme_XLsim-refA,0.19202876223031726,0.0,0.0
ende23,15,0.02,True,mtme_YiSi-1-refA,0.12007688927863243,0.0,0.0
ende23,15,0.02,True,mtme_chrF-refA,0.0811292371326947,0.0,0.0
ende23,15,0.02,True,mtme_cometoid22-wmt21-src,0.3664286043473921,0.0,0.0
ende23,15,0.02,True,mtme_cometoid22-wmt22-src,0.35949201806830866,0.0,0.0
ende23,15,0.02,True,mtme_cometoid22-wmt23-src,0.334265825289916,0.0,0.0
ende23,15,0.02,True,mtme_docWMT22CometDA-refA,0.2931269606215008,0.0,0.0
ende23,15,0.02,True,mtme_docWMT22CometKiwiDA-src,0.27314476514722763,0.0,0.0
ende23,15,0.02,True,mtme_eBLEU-refA,0.010522053268263462,0.0,0.0
ende23,15,0.02,True,mtme_embed_llama-refA,-0.03793227175613066,0.0,0.0
ende23,15,0.02,True,mtme_f200spBLEU-refA,0.07476454530147822,0.0,0.0
ende23,15,0.02,True,mtme_instructscore-refA,0.3240479303333368,0.0,0.0
ende23,15,0.02,True,mtme_mbr-metricx-qe-src,0.3362279203959745,0.0,0.0
ende23,15,0.02,True,mtme_mre-score-labse-regular-refA,0.15142827511691492,0.0,0.0
ende23,15,0.02,True,mtme_prismRef-refA,0.1382676180479962,0.0,0.0
ende23,15,0.02,True,mtme_prismSrc-src,0.03295896736628874,0.0,0.0
ende23,15,0.02,True,mtme_sescoreX-refA,0.3240479303333368,0.0,0.0
ende23,15,0.02,True,mtme_tokengram_F-refA,0.07573174833824724,0.0,0.0
ende23,23,0.01,True,mtme_BERTscore-refA,0.06559643601274512,0.0,0.0
ende23,23,0.01,True,mtme_BLEU-refA,0.045455567048047305,0.0,0.0
ende23,23,0.01,True,mtme_BLEURT-20-refA,0.20285401000452374,0.0,0.0
ende23,23,0.01,True,mtme_COMET-refA,0.20334710345230045,0.0,0.0
ende23,23,0.01,True,mtme_Calibri-COMET22-QE-src,0.15142906299703954,-0.0033055742545011757,0.0
ende23,23,0.01,True,mtme_Calibri-COMET22-refA,0.09418738010997231,0.0,0.0
ende23,23,0.01,True,mtme_CometKiwi-XL-src,0.18895361433139068,0.0,0.0
ende23,23,0.01,True,mtme_CometKiwi-XXL-src,0.2370070192683773,-0.006125583929244893,0.0
ende23,23,0.01,True,mtme_CometKiwi-src,0.2200539554691346,0.0,0.0
ende23,23,0.01,True,mtme_GEMBA-MQM-src,0.17108344489280225,-0.017029764745701836,0.0
ende23,23,0.01,True,mtme_KG-BERTScore-src,0.21356697485351173,-0.007311751915543896,0.0
ende23,23,0.01,True,mtme_MEE4-refA,0.07848309024759814,0.0,0.0
ende23,23,0.01,True,mtme_MS-COMET-QE-22-src,0.1626267390024808,-0.015811663517363517,0.0
ende23,23,0.01,True,mtme_MaTESe-refA,0.12837145142307743,0.0,0.0
ende23,23,0.01,True,mtme_MetricX-23-QE-b-src,0.26007150703541876,0.0,0.0
ende23,23,0.01,True,mtme_MetricX-23-QE-c-src,0.24766302122685352,0.0,0.0
ende23,23,0.01,True,mtme_MetricX-23-QE-src,0.2475852139434943,0.0,0.0
ende23,23,0.01,True,mtme_MetricX-23-b-refA,0.20851549005600972,0.0,0.0
ende23,23,0.01,True,mtme_MetricX-23-c-refA,0.1315357796308019,0.0,0.0
ende23,23,0.01,True,mtme_MetricX-23-refA,0.2145531138436379,0.0,0.0
ende23,23,0.01,True,mtme_XCOMET-Ensemble-refA,0.26874126594989534,0.0,0.0
ende23,23,0.01,True,mtme_XCOMET-QE-Ensemble-src,0.2533223403075895,0.0,0.0
ende23,23,0.01,True,mtme_XCOMET-XL-refA,0.229305606063876,0.0,0.0
ende23,23,0.01,True,mtme_XCOMET-XXL-refA,0.25614797278739887,0.0,0.0
ende23,23,0.01,True,mtme_XLsim-refA,0.16330386052596124,0.0,0.0
ende23,23,0.01,True,mtme_YiSi-1-refA,0.11890241229334136,0.0,0.0
ende23,23,0.01,True,mtme_chrF-refA,0.019333430426298107,0.0,0.0
ende23,23,0.01,True,mtme_cometoid22-wmt21-src,0.17736982526883321,-0.017375454414685354,0.0
ende23,23,0.01,True,mtme_cometoid22-wmt22-src,0.17246569059566477,0.0,0.0
ende23,23,0.01,True,mtme_cometoid22-wmt23-src,0.1736802623458541,-0.01565159043338582,0.0
ende23,23,0.01,True,mtme_docWMT22CometDA-refA,0.19590102053132635,0.0,0.0
ende23,23,0.01,True,mtme_docWMT22CometKiwiDA-src,0.21816360062991064,0.0,0.0
ende23,23,0.01,True,mtme_eBLEU-refA,0.01792451421606953,0.0,0.0
ende23,23,0.01,True,mtme_embed_llama-refA,0.07355340972341243,0.0,0.0
ende23,23,0.01,True,mtme_f200spBLEU-refA,0.04798346144328371,0.0,0.0
ende23,23,0.01,True,mtme_instructscore-refA,0.1702886457695832,0.0,0.0
ende23,23,0.01,True,mtme_mbr-metricx-qe-src,0.1578382112779123,0.0,0.0
ende23,23,0.01,True,mtme_mre-score-labse-regular-refA,0.08117591176917921,-0.004380720628187396,0.0
ende23,23,0.01,True,mtme_prismRef-refA,0.10470559550383668,0.0,0.0
ende23,23,0.01,True,mtme_prismSrc-src,-0.022745612293629938,-0.012320776766776786,0.0
ende23,23,0.01,True,mtme_sescoreX-refA,0.1702886457695832,0.0,0.0
ende23,23,0.01,True,mtme_tokengram_F-refA,0.027217072689360085,0.0,0.0
ende23,23,0.02,True,mtme_BERTscore-refA,0.06559643601274512,0.0,0.0
ende23,23,0.02,True,mtme_BLEU-refA,0.045455567048047305,0.0,0.0
ende23,23,0.02,True,mtme_BLEURT-20-refA,0.20285401000452374,0.0,0.0
ende23,23,0.02,True,mtme_COMET-refA,0.20334710345230045,0.0,0.0
ende23,23,0.02,True,mtme_Calibri-COMET22-QE-src,0.15142906299703954,0.0,0.0
ende23,23,0.02,True,mtme_Calibri-COMET22-refA,0.09418738010997231,0.0,0.0
ende23,23,0.02,True,mtme_CometKiwi-XL-src,0.18895361433139068,0.0,0.0
ende23,23,0.02,True,mtme_CometKiwi-XXL-src,0.2370070192683773,0.0,0.0
ende23,23,0.02,True,mtme_CometKiwi-src,0.2200539554691346,0.0,0.0
ende23,23,0.02,True,mtme_GEMBA-MQM-src,0.17108344489280225,0.0,0.0
ende23,23,0.02,True,mtme_KG-BERTScore-src,0.21356697485351173,0.0,0.0
ende23,23,0.02,True,mtme_MEE4-refA,0.07848309024759814,0.0,0.0
ende23,23,0.02,True,mtme_MS-COMET-QE-22-src,0.1626267390024808,0.0,0.0
ende23,23,0.02,True,mtme_MaTESe-refA,0.12837145142307743,0.0,0.0
ende23,23,0.02,True,mtme_MetricX-23-QE-b-src,0.26007150703541876,0.0,0.0
ende23,23,0.02,True,mtme_MetricX-23-QE-c-src,0.24766302122685352,0.0,0.0
ende23,23,0.02,True,mtme_MetricX-23-QE-src,0.2475852139434943,0.0,0.0
ende23,23,0.02,True,mtme_MetricX-23-b-refA,0.20851549005600972,0.0,0.0
ende23,23,0.02,True,mtme_MetricX-23-c-refA,0.1315357796308019,0.0,0.0
ende23,23,0.02,True,mtme_MetricX-23-refA,0.2145531138436379,0.0,0.0
ende23,23,0.02,True,mtme_XCOMET-Ensemble-refA,0.26874126594989534,0.0,0.0
ende23,23,0.02,True,mtme_XCOMET-QE-Ensemble-src,0.2533223403075895,0.0,0.0
ende23,23,0.02,True,mtme_XCOMET-XL-refA,0.229305606063876,0.0,0.0
ende23,23,0.02,True,mtme_XCOMET-XXL-refA,0.25614797278739887,0.0,0.0
ende23,23,0.02,True,mtme_XLsim-refA,0.16330386052596124,0.0,0.0
ende23,23,0.02,True,mtme_YiSi-1-refA,0.11890241229334136,0.0,0.0
ende23,23,0.02,True,mtme_chrF-refA,0.019333430426298107,0.0,0.0
ende23,23,0.02,True,mtme_cometoid22-wmt21-src,0.17736982526883321,0.0,0.0
ende23,23,0.02,True,mtme_cometoid22-wmt22-src,0.17246569059566477,0.0,0.0
ende23,23,0.02,True,mtme_cometoid22-wmt23-src,0.1736802623458541,0.0,0.0
ende23,23,0.02,True,mtme_docWMT22CometDA-refA,0.19590102053132635,0.0,0.0
ende23,23,0.02,True,mtme_docWMT22CometKiwiDA-src,0.21816360062991064,0.0,0.0
ende23,23,0.02,True,mtme_eBLEU-refA,0.01792451421606953,0.0,0.0
ende23,23,0.02,True,mtme_embed_llama-refA,0.07355340972341243,0.0,0.0
ende23,23,0.02,True,mtme_f200spBLEU-refA,0.04798346144328371,0.0,0.0
ende23,23,0.02,True,mtme_instructscore-refA,0.1702886457695832,0.0,0.0
ende23,23,0.02,True,mtme_mbr-metricx-qe-src,0.1578382112779123,0.0,0.0
ende23,23,0.02,True,mtme_mre-score-labse-regular-refA,0.08117591176917921,0.0,0.0
ende23,23,0.02,True,mtme_prismRef-refA,0.10470559550383668,0.0,0.0
ende23,23,0.02,True,mtme_prismSrc-src,-0.022745612293629938,0.0,0.0
ende23,23,0.02,True,mtme_sescoreX-refA,0.1702886457695832,0.0,0.0
ende23,23,0.02,True,mtme_tokengram_F-refA,0.027217072689360085,0.0,0.0
ende23,24,0.01,True,mtme_BERTscore-refA,0.13665538473078037,0.0,0.0
ende23,24,0.01,True,mtme_BLEU-refA,0.09679452158325977,0.0,0.0
ende23,24,0.01,True,mtme_BLEURT-20-refA,0.30574391281059066,0.0,0.0
ende23,24,0.01,True,mtme_COMET-refA,0.2886813928371429,0.0,0.0
ende23,24,0.01,True,mtme_Calibri-COMET22-QE-src,0.14301156330989923,0.0,0.0
ende23,24,0.01,True,mtme_Calibri-COMET22-refA,0.21572662476951024,0.0,0.0
ende23,24,0.01,True,mtme_CometKiwi-XL-src,0.2845629547911933,0.0,0.0
ende23,24,0.01,True,mtme_CometKiwi-XXL-src,0.25511378645958294,0.0,0.0
ende23,24,0.01,True,mtme_CometKiwi-src,0.24294450713906124,0.0,0.0
ende23,24,0.01,True,mtme_GEMBA-MQM-src,0.27084872049237957,0.0,0.0
ende23,24,0.01,True,mtme_KG-BERTScore-src,0.23795040141716076,0.0,0.0
ende23,24,0.01,True,mtme_MEE4-refA,0.11594095710769255,0.0,0.0
ende23,24,0.01,True,mtme_MS-COMET-QE-22-src,0.21562478363788112,0.0,0.0
ende23,24,0.01,True,mtme_MaTESe-refA,0.23602902703284134,0.0,0.0
ende23,24,0.01,True,mtme_MetricX-23-QE-b-src,0.28776621072460135,0.0,0.0
ende23,24,0.01,True,mtme_MetricX-23-QE-c-src,0.3027968617545125,0.0,0.0
ende23,24,0.01,True,mtme_MetricX-23-QE-src,0.29490424437431084,0.0,0.0
ende23,24,0.01,True,mtme_MetricX-23-b-refA,0.2924208193448789,0.0,0.0
ende23,24,0.01,True,mtme_MetricX-23-c-refA,0.25397222081837606,0.0,0.0
ende23,24,0.01,True,mtme_MetricX-23-refA,0.29051292188312117,0.0,0.0
ende23,24,0.01,True,mtme_XCOMET-Ensemble-refA,0.33187406802308833,0.0,0.0
ende23,24,0.01,True,mtme_XCOMET-QE-Ensemble-src,0.3031446263986462,0.0,0.0
ende23,24,0.01,True,mtme_XCOMET-XL-refA,0.2987476210521788,0.0,0.0
ende23,24,0.01,True,mtme_XCOMET-XXL-refA,0.3081407426449729,0.0,0.0
ende23,24,0.01,True,mtme_XLsim-refA,0.12981733050152092,0.0,0.0
ende23,24,0.01,True,mtme_YiSi-1-refA,0.1809204162559656,0.0,0.0
ende23,24,0.01,True,mtme_chrF-refA,0.10543810859275596,0.0,0.0
ende23,24,0.01,True,mtme_cometoid22-wmt21-src,0.24226870117974886,0.0,0.0
ende23,24,0.01,True,mtme_cometoid22-wmt22-src,0.2532887956383576,0.0,0.0
ende23,24,0.01,True,mtme_cometoid22-wmt23-src,0.2521685166981129,0.0,0.0
ende23,24,0.01,True,mtme_docWMT22CometDA-refA,0.22436095933532524,0.0,0.0
ende23,24,0.01,True,mtme_docWMT22CometKiwiDA-src,0.18477891739496932,0.0,0.0
ende23,24,0.01,True,mtme_eBLEU-refA,0.06930376470539004,0.0,0.0
ende23,24,0.01,True,mtme_embed_llama-refA,0.09666453426526891,0.0,0.0
ende23,24,0.01,True,mtme_f200spBLEU-refA,0.1045134028019964,0.0,0.0
ende23,24,0.01,True,mtme_instructscore-refA,0.24490047908620446,0.0,0.0
ende23,24,0.01,True,mtme_mbr-metricx-qe-src,0.18530538798523805,0.0,0.0
ende23,24,0.01,True,mtme_mre-score-labse-regular-refA,0.10877693913018743,0.0,0.0
ende23,24,0.01,True,mtme_prismRef-refA,0.15697094927558825,0.0,0.0
ende23,24,0.01,True,mtme_prismSrc-src,0.0635809192476545,0.0,0.0
ende23,24,0.01,True,mtme_sescoreX-refA,0.24490047908620446,0.0,0.0
ende23,24,0.01,True,mtme_tokengram_F-refA,0.10565266492788,0.0,0.0
ende23,24,0.02,True,mtme_BERTscore-refA,0.13665538473078037,0.0,0.0
ende23,24,0.02,True,mtme_BLEU-refA,0.09679452158325977,0.0,0.0
ende23,24,0.02,True,mtme_BLEURT-20-refA,0.30574391281059066,0.0,0.0
ende23,24,0.02,True,mtme_COMET-refA,0.2886813928371429,0.0,0.0
ende23,24,0.02,True,mtme_Calibri-COMET22-QE-src,0.14301156330989923,0.0,0.0
ende23,24,0.02,True,mtme_Calibri-COMET22-refA,0.21572662476951024,0.0,0.0
ende23,24,0.02,True,mtme_CometKiwi-XL-src,0.2845629547911933,0.0,0.0
ende23,24,0.02,True,mtme_CometKiwi-XXL-src,0.25511378645958294,0.0,0.0
ende23,24,0.02,True,mtme_CometKiwi-src,0.24294450713906124,0.0,0.0
ende23,24,0.02,True,mtme_GEMBA-MQM-src,0.27084872049237957,0.0,0.0
ende23,24,0.02,True,mtme_KG-BERTScore-src,0.23795040141716076,0.0,0.0
ende23,24,0.02,True,mtme_MEE4-refA,0.11594095710769255,0.0,0.0
ende23,24,0.02,True,mtme_MS-COMET-QE-22-src,0.21562478363788112,0.0,0.0
ende23,24,0.02,True,mtme_MaTESe-refA,0.23602902703284134,0.0,0.0
ende23,24,0.02,True,mtme_MetricX-23-QE-b-src,0.28776621072460135,0.0,0.0
ende23,24,0.02,True,mtme_MetricX-23-QE-c-src,0.3027968617545125,0.0,0.0
ende23,24,0.02,True,mtme_MetricX-23-QE-src,0.29490424437431084,0.0,0.0
ende23,24,0.02,True,mtme_MetricX-23-b-refA,0.2924208193448789,0.0,0.0
ende23,24,0.02,True,mtme_MetricX-23-c-refA,0.25397222081837606,0.0,0.0
ende23,24,0.02,True,mtme_MetricX-23-refA,0.29051292188312117,0.0,0.0
ende23,24,0.02,True,mtme_XCOMET-Ensemble-refA,0.33187406802308833,0.0,0.0
ende23,24,0.02,True,mtme_XCOMET-QE-Ensemble-src,0.3031446263986462,0.0,0.0
ende23,24,0.02,True,mtme_XCOMET-XL-refA,0.2987476210521788,0.0,0.0
ende23,24,0.02,True,mtme_XCOMET-XXL-refA,0.3081407426449729,0.0,0.0
ende23,24,0.02,True,mtme_XLsim-refA,0.12981733050152092,0.0,0.0
ende23,24,0.02,True,mtme_YiSi-1-refA,0.1809204162559656,0.0,0.0
ende23,24,0.02,True,mtme_chrF-refA,0.10543810859275596,0.0,0.0
ende23,24,0.02,True,mtme_cometoid22-wmt21-src,0.24226870117974886,0.0,0.0
ende23,24,0.02,True,mtme_cometoid22-wmt22-src,0.2532887956383576,0.0,0.0
ende23,24,0.02,True,mtme_cometoid22-wmt23-src,0.2521685166981129,0.0,0.0
ende23,24,0.02,True,mtme_docWMT22CometDA-refA,0.22436095933532524,0.0,0.0
ende23,24,0.02,True,mtme_docWMT22CometKiwiDA-src,0.18477891739496932,0.0,0.0
ende23,24,0.02,True,mtme_eBLEU-refA,0.06930376470539004,0.0,0.0
ende23,24,0.02,True,mtme_embed_llama-refA,0.09666453426526891,0.0,0.0
ende23,24,0.02,True,mtme_f200spBLEU-refA,0.1045134028019964,0.0,0.0
ende23,24,0.02,True,mtme_instructscore-refA,0.24490047908620446,0.0,0.0
ende23,24,0.02,True,mtme_mbr-metricx-qe-src,0.18530538798523805,0.0,0.0
ende23,24,0.02,True,mtme_mre-score-labse-regular-refA,0.10877693913018743,0.0,0.0
ende23,24,0.02,True,mtme_prismRef-refA,0.15697094927558825,0.0,0.0
ende23,24,0.02,True,mtme_prismSrc-src,0.0635809192476545,0.0,0.0
ende23,24,0.02,True,mtme_sescoreX-refA,0.24490047908620446,0.0,0.0
ende23,24,0.02,True,mtme_tokengram_F-refA,0.10565266492788,0.0,0.0
ende23,25,0.01,True,mtme_BERTscore-refA,0.12327173116120443,0.0,0.0
ende23,25,0.01,True,mtme_BLEU-refA,0.06104195328842909,0.0,0.0
ende23,25,0.01,True,mtme_BLEURT-20-refA,0.33980295154383255,0.0,0.0
ende23,25,0.01,True,mtme_COMET-refA,0.288368137441675,0.0,0.0
ende23,25,0.01,True,mtme_Calibri-COMET22-QE-src,0.2658285272098005,0.0,0.0
ende23,25,0.01,True,mtme_Calibri-COMET22-refA,0.2567508737359836,0.0,0.0
ende23,25,0.01,True,mtme_CometKiwi-XL-src,0.29374267186015685,0.0,0.0
ende23,25,0.01,True,mtme_CometKiwi-XXL-src,0.31688851206509994,0.0,0.0
ende23,25,0.01,True,mtme_CometKiwi-src,0.3010460020529625,0.0,0.0
ende23,25,0.01,True,mtme_GEMBA-MQM-src,0.3435909102130955,0.0,0.0
ende23,25,0.01,True,mtme_KG-BERTScore-src,0.29499942470346185,0.0,0.0
ende23,25,0.01,True,mtme_MEE4-refA,0.07455950959604009,0.0,0.0
ende23,25,0.01,True,mtme_MS-COMET-QE-22-src,0.2232262624697175,0.0,0.0
ende23,25,0.01,True,mtme_MaTESe-refA,0.30214104787810636,0.0,0.0
ende23,25,0.01,True,mtme_MetricX-23-QE-b-src,0.4313049561124668,0.0,0.0
ende23,25,0.01,True,mtme_MetricX-23-QE-c-src,0.42127267947984964,0.0,0.0
ende23,25,0.01,True,mtme_MetricX-23-QE-src,0.40852174724694834,0.0,0.0
ende23,25,0.01,True,mtme_MetricX-23-b-refA,0.4289560161723797,0.0,0.0
ende23,25,0.01,True,mtme_MetricX-23-c-refA,0.2925601640126386,0.0,0.0
ende23,25,0.01,True,mtme_MetricX-23-refA,0.42683166207226697,0.0,0.0
ende23,25,0.01,True,mtme_XCOMET-Ensemble-refA,0.48688390072915844,0.0,0.0
ende23,25,0.01,True,mtme_XCOMET-QE-Ensemble-src,0.456116435433051,0.0,0.0
ende23,25,0.01,True,mtme_XCOMET-XL-refA,0.4659490115580571,0.0,0.0
ende23,25,0.01,True,mtme_XCOMET-XXL-refA,0.46525202742681193,0.0,0.0
ende23,25,0.01,True,mtme_XLsim-refA,0.165810208129916,0.0,0.0
ende23,25,0.01,True,mtme_YiSi-1-refA,0.15185458312816894,0.0,0.0
ende23,25,0.01,True,mtme_chrF-refA,0.09359845801485264,0.0,0.0
ende23,25,0.01,True,mtme_cometoid22-wmt21-src,0.2948563387022505,0.0,0.0
ende23,25,0.01,True,mtme_cometoid22-wmt22-src,0.29551490536293,0.0,0.0
ende23,25,0.01,True,mtme_cometoid22-wmt23-src,0.2769419439038296,0.0,0.0
ende23,25,0.01,True,mtme_docWMT22CometDA-refA,0.2599449327906992,0.0,0.0
ende23,25,0.01,True,mtme_docWMT22CometKiwiDA-src,0.23393531494175235,0.0,0.0
ende23,25,0.01,True,mtme_eBLEU-refA,0.04406676453550104,0.0,0.0
ende23,25,0.01,True,mtme_embed_llama-refA,0.07809989999147168,0.0,0.0
ende23,25,0.01,True,mtme_f200spBLEU-refA,0.08315000766052141,0.0,0.0
ende23,25,0.01,True,mtme_instructscore-refA,0.3197893920427214,0.0,0.0
ende23,25,0.01,True,mtme_mbr-metricx-qe-src,0.25718654560452514,0.0,0.0
ende23,25,0.01,True,mtme_mre-score-labse-regular-refA,0.17382473788413122,0.0,0.0
ende23,25,0.01,True,mtme_prismRef-refA,0.16396214345720567,0.0,0.0
ende23,25,0.01,True,mtme_prismSrc-src,-0.026958500433664323,0.0,0.0
ende23,25,0.01,True,mtme_sescoreX-refA,0.3197893920427214,0.0,0.0
ende23,25,0.01,True,mtme_tokengram_F-refA,0.0908559602986814,0.0,0.0
ende23,25,0.02,True,mtme_BERTscore-refA,0.12327173116120443,0.0,0.0
ende23,25,0.02,True,mtme_BLEU-refA,0.06104195328842909,0.0,0.0
ende23,25,0.02,True,mtme_BLEURT-20-refA,0.33980295154383255,0.0,0.0
ende23,25,0.02,True,mtme_COMET-refA,0.288368137441675,0.0,0.0
ende23,25,0.02,True,mtme_Calibri-COMET22-QE-src,0.2658285272098005,0.0,0.0
ende23,25,0.02,True,mtme_Calibri-COMET22-refA,0.2567508737359836,0.0,0.0
ende23,25,0.02,True,mtme_CometKiwi-XL-src,0.29374267186015685,0.0,0.0
ende23,25,0.02,True,mtme_CometKiwi-XXL-src,0.31688851206509994,0.0,0.0
ende23,25,0.02,True,mtme_CometKiwi-src,0.3010460020529625,0.0,0.0
ende23,25,0.02,True,mtme_GEMBA-MQM-src,0.3435909102130955,0.0,0.0
ende23,25,0.02,True,mtme_KG-BERTScore-src,0.29499942470346185,0.0,0.0
ende23,25,0.02,True,mtme_MEE4-refA,0.07455950959604009,0.0,0.0
ende23,25,0.02,True,mtme_MS-COMET-QE-22-src,0.2232262624697175,0.0,0.0
ende23,25,0.02,True,mtme_MaTESe-refA,0.30214104787810636,0.0,0.0
ende23,25,0.02,True,mtme_MetricX-23-QE-b-src,0.4313049561124668,0.0,0.0
ende23,25,0.02,True,mtme_MetricX-23-QE-c-src,0.42127267947984964,0.0,0.0
ende23,25,0.02,True,mtme_MetricX-23-QE-src,0.40852174724694834,0.0,0.0
ende23,25,0.02,True,mtme_MetricX-23-b-refA,0.4289560161723797,0.0,0.0
ende23,25,0.02,True,mtme_MetricX-23-c-refA,0.2925601640126386,0.0,0.0
ende23,25,0.02,True,mtme_MetricX-23-refA,0.42683166207226697,0.0,0.0
ende23,25,0.02,True,mtme_XCOMET-Ensemble-refA,0.48688390072915844,0.0,0.0
ende23,25,0.02,True,mtme_XCOMET-QE-Ensemble-src,0.456116435433051,0.0,0.0
ende23,25,0.02,True,mtme_XCOMET-XL-refA,0.4659490115580571,0.0,0.0
ende23,25,0.02,True,mtme_XCOMET-XXL-refA,0.46525202742681193,0.0,0.0
ende23,25,0.02,True,mtme_XLsim-refA,0.165810208129916,0.0,0.0
ende23,25,0.02,True,mtme_YiSi-1-refA,0.15185458312816894,0.0,0.0
ende23,25,0.02,True,mtme_chrF-refA,0.09359845801485264,0.0,0.0
ende23,25,0.02,True,mtme_cometoid22-wmt21-src,0.2948563387022505,0.0,0.0
ende23,25,0.02,True,mtme_cometoid22-wmt22-src,0.29551490536293,0.0,0.0
ende23,25,0.02,True,mtme_cometoid22-wmt23-src,0.2769419439038296,0.0,0.0
ende23,25,0.02,True,mtme_docWMT22CometDA-refA,0.2599449327906992,0.0,0.0
ende23,25,0.02,True,mtme_docWMT22CometKiwiDA-src,0.23393531494175235,0.0,0.0
ende23,25,0.02,True,mtme_eBLEU-refA,0.04406676453550104,0.0,0.0
ende23,25,0.02,True,mtme_embed_llama-refA,0.07809989999147168,0.0,0.0
ende23,25,0.02,True,mtme_f200spBLEU-refA,0.08315000766052141,0.0,0.0
ende23,25,0.02,True,mtme_instructscore-refA,0.3197893920427214,0.0,0.0
ende23,25,0.02,True,mtme_mbr-metricx-qe-src,0.25718654560452514,0.0,0.0
ende23,25,0.02,True,mtme_mre-score-labse-regular-refA,0.17382473788413122,0.0,0.0
ende23,25,0.02,True,mtme_prismRef-refA,0.16396214345720567,0.0,0.0
ende23,25,0.02,True,mtme_prismSrc-src,-0.026958500433664323,0.0,0.0
ende23,25,0.02,True,mtme_sescoreX-refA,0.3197893920427214,0.0,0.0
ende23,25,0.02,True,mtme_tokengram_F-refA,0.0908559602986814,0.0,0.0
ende23,34,0.01,True,mtme_BERTscore-refA,0.08038385063019587,-0.009531703916044965,0.00167540638904351
ende23,34,0.01,True,mtme_BLEU-refA,0.020258491563990476,-0.0022796034666254794,-0.003367908761648719
ende23,34,0.01,True,mtme_BLEURT-20-refA,0.1650255807367566,-0.005212684662256661,-0.0012222226936464686
ende23,34,0.01,True,mtme_COMET-refA,0.13287913228710957,-0.009630437476870535,0.00013070546297511143
ende23,34,0.01,True,mtme_Calibri-COMET22-QE-src,0.15411291934871524,-0.004813243778692744,0.016597881938914316
ende23,34,0.01,True,mtme_Calibri-COMET22-refA,0.11387513877886885,-0.006318169868541057,-0.0025131095835653205
ende23,34,0.01,True,mtme_CometKiwi-XL-src,0.1365226173978777,-0.006058338120108031,0.009732482253020147
ende23,34,0.01,True,mtme_CometKiwi-XXL-src,0.1619046408226671,-0.010780278814747302,0.0021407970526667874
ende23,34,0.01,True,mtme_CometKiwi-src,0.1418043631972974,-0.01588361659710502,0.0033143909000643568
ende23,34,0.01,True,mtme_GEMBA-MQM-src,0.03903184151934262,-0.013901103188807884,0.0015725305581373306
ende23,34,0.01,True,mtme_KG-BERTScore-src,0.13521142878695452,-0.009091047419742981,0.0033143909000643568
ende23,34,0.01,True,mtme_MEE4-refA,0.07219216287860963,-0.008060441774712768,0.0001873809777219737
ende23,34,0.01,True,mtme_MS-COMET-QE-22-src,0.09291730822386421,-0.02183029518858226,0.0023275974574429315
ende23,34,0.01,True,mtme_MaTESe-refA,0.09978389515512961,-0.014016780212561475,0.0014037961382600272
ende23,34,0.01,True,mtme_MetricX-23-QE-b-src,0.10925691924551958,-0.013504629205952856,0.0003169687763054929
ende23,34,0.01,True,mtme_MetricX-23-QE-c-src,0.15054598622936877,-0.01816560658212185,-0.009846357995672683
ende23,34,0.01,True,mtme_MetricX-23-QE-src,0.14810079109551222,-0.018241414460300476,0.00338388000944978
ende23,34,0.01,True,mtme_MetricX-23-b-refA,0.15483092472224402,-0.013174786604751354,-0.0005584687963477997
ende23,34,0.01,True,mtme_MetricX-23-c-refA,0.09946218316216529,-0.02013469781784183,-0.0007849806158455319
ende23,34,0.01,True,mtme_MetricX-23-refA,0.14179472310043922,-0.017046755368039346,-0.003584918384636815
ende23,34,0.01,True,mtme_XCOMET-Ensemble-refA,0.19722348129053696,-0.008390764784472093,0.0005983594246584678
ende23,34,0.01,True,mtme_XCOMET-QE-Ensemble-src,0.14285196006303408,-0.010352426640407364,0.008558631938435535
ende23,34,0.01,True,mtme_XCOMET-XL-refA,0.16728379643418118,-0.0048104895819194304,0.00423731421694995
ende23,34,0.01,True,mtme_XCOMET-XXL-refA,0.17342546319661195,-0.0117411415994082,-0.006342609901379248
ende23,34,0.01,True,mtme_XLsim-refA,0.03303790099736799,-0.007896184263163741,-0.0031662341081075684
ende23,34,0.01,True,mtme_YiSi-1-refA,0.08012535358531224,-0.011355532192406148,0.00025977555509559824
ende23,34,0.01,True,mtme_chrF-refA,0.028812161057255536,0.0009921732871286393,-0.0023427292728150917
ende23,34,0.01,True,mtme_cometoid22-wmt21-src,0.12230037040637512,-0.013058952388386169,0.003776715749039261
ende23,34,0.01,True,mtme_cometoid22-wmt22-src,0.11768071343220868,-0.013397739907121231,-0.003204283836470978
ende23,34,0.01,True,mtme_cometoid22-wmt23-src,0.12332789307995451,-0.020201099332757932,0.0021407970526667874
ende23,34,0.01,True,mtme_docWMT22CometDA-refA,0.13653408604037282,-0.008990196139145867,0.004671358786117907
ende23,34,0.01,True,mtme_docWMT22CometKiwiDA-src,0.10516855432583896,-0.015612763565012955,0.003168199278935191
ende23,34,0.01,True,mtme_eBLEU-refA,0.026511576265350202,-0.015466996730640226,6.44387072709085e-05
ende23,34,0.01,True,mtme_embed_llama-refA,0.03580691429369254,-0.007283758284570618,-0.00268946815083293
ende23,34,0.01,True,mtme_f200spBLEU-refA,0.024156464835145275,-0.0031260631405323203,-0.0031662341081075684
ende23,34,0.01,True,mtme_instructscore-refA,0.13416322854090046,-0.006226927079278521,-0.0013244766724196388
ende23,34,0.01,True,mtme_mbr-metricx-qe-src,0.1496498476697244,-0.009427485157395665,0.002316644990713268
ende23,34,0.01,True,mtme_mre-score-labse-regular-refA,0.10071488381723946,-0.007460618383425377,0.001270066133629788
ende23,34,0.01,True,mtme_prismRef-refA,0.11317639272401497,-0.010640494881408946,0.002232922166967577
ende23,34,0.01,True,mtme_prismSrc-src,0.01874753424135077,-0.004818982488346446,0.0008377031945218105
ende23,34,0.01,True,mtme_sescoreX-refA,0.13416322854090046,-0.006226927079278521,-0.0013244766724196388
ende23,34,0.01,True,mtme_tokengram_F-refA,0.029128456769133518,0.0005250393261438946,-0.0006419512452864318
ende23,34,0.02,True,mtme_BERTscore-refA,0.08038385063019587,0.0027644635340504653,0.016326416217715467
ende23,34,0.02,True,mtme_BLEU-refA,0.020258491563990476,-0.008798578425933012,0.007480324353597578
ende23,34,0.02,True,mtme_BLEURT-20-refA,0.1650255807367566,0.022020981815299323,0.020967911402424377
ende23,34,0.02,True,mtme_COMET-refA,0.13287913228710957,0.011898758141827392,0.0325095972895354
ende23,34,0.02,True,mtme_Calibri-COMET22-QE-src,0.15411291934871524,-0.009596197303509024,0.00951080771887658
ende23,34,0.02,True,mtme_Calibri-COMET22-refA,0.11387513877886885,0.00790156682331744,0.028463802021580387
ende23,34,0.02,True,mtme_CometKiwi-XL-src,0.1365226173978777,-0.006420677147159104,0.01911131332854088
ende23,34,0.02,True,mtme_CometKiwi-XXL-src,0.1619046408226671,-0.012731746962962642,0.019199442983946602
ende23,34,0.02,True,mtme_CometKiwi-src,0.1418043631972974,-0.019869233032290712,0.008329948995913883
ende23,34,0.02,True,mtme_GEMBA-MQM-src,0.03903184151934262,-0.0005232825710805855,0.010236163643451812
ende23,34,0.02,True,mtme_KG-BERTScore-src,0.13521142878695452,-0.02009405072949577,0.009190073201284177
ende23,34,0.02,True,mtme_MEE4-refA,0.07219216287860963,-0.0054672061677931705,0.017206141467840386
ende23,34,0.02,True,mtme_MS-COMET-QE-22-src,0.09291730822386421,-0.01649767233188726,0.017196029683356207
ende23,34,0.02,True,mtme_MaTESe-refA,0.09978389515512961,-0.014685299344485703,0.023648000557466076
ende23,34,0.02,True,mtme_MetricX-23-QE-b-src,0.10925691924551958,-0.023155718222303667,0.010124073105275189
ende23,34,0.02,True,mtme_MetricX-23-QE-c-src,0.15054598622936877,0.002337987034564004,0.022378925938576044
ende23,34,0.02,True,mtme_MetricX-23-QE-src,0.14810079109551222,-0.005598493049633557,0.0264139324191498
ende23,34,0.02,True,mtme_MetricX-23-b-refA,0.15483092472224402,-0.005707805275325439,0.027566791413599523
ende23,34,0.02,True,mtme_MetricX-23-c-refA,0.09946218316216529,0.0025715600635962677,0.021762802194536413
ende23,34,0.02,True,mtme_MetricX-23-refA,0.14179472310043922,-0.004380442534780871,0.024594872120530575
ende23,34,0.02,True,mtme_XCOMET-Ensemble-refA,0.19722348129053696,0.012672264673157185,0.046785474877890865
ende23,34,0.02,True,mtme_XCOMET-QE-Ensemble-src,0.14285196006303408,0.0013489061832301363,0.031547224687335396
ende23,34,0.02,True,mtme_XCOMET-XL-refA,0.16728379643418118,0.014015600383823434,0.036678422589030535
ende23,34,0.02,True,mtme_XCOMET-XXL-refA,0.17342546319661195,0.007535269023560942,0.03536576798863478
ende23,34,0.02,True,mtme_XLsim-refA,0.03303790099736799,-0.007098774781342465,0.015004871214672644
ende23,34,0.02,True,mtme_YiSi-1-refA,0.08012535358531224,-0.0007421098280779859,0.015021923408260252
ende23,34,0.02,True,mtme_chrF-refA,0.028812161057255536,-0.008331679570766637,0.011040236205544174
ende23,34,0.02,True,mtme_cometoid22-wmt21-src,0.12230037040637512,0.005230273112898587,0.021666865971415983
ende23,34,0.02,True,mtme_cometoid22-wmt22-src,0.11768071343220868,-0.004505938648432295,0.02234453667879832
ende23,34,0.02,True,mtme_cometoid22-wmt23-src,0.12332789307995451,-0.016624105858152216,0.02937061820232889
ende23,34,0.02,True,mtme_docWMT22CometDA-refA,0.13653408604037282,0.013116949781754261,0.02507281754843893
ende23,34,0.02,True,mtme_docWMT22CometKiwiDA-src,0.10516855432583896,-0.021968353756820935,0.016326416217715467
ende23,34,0.02,True,mtme_eBLEU-refA,0.026511576265350202,-0.009431085115475968,0.004735540617779366
ende23,34,0.02,True,mtme_embed_llama-refA,0.03580691429369254,0.0034476655511198606,0.022905231131694404
ende23,34,0.02,True,mtme_f200spBLEU-refA,0.024156464835145275,-0.003893222328839707,0.002597032019437173
ende23,34,0.02,True,mtme_instructscore-refA,0.13416322854090046,0.004432511190330057,0.02707051631391777
ende23,34,0.02,True,mtme_mbr-metricx-qe-src,0.1496498476697244,-0.013762331619420198,0.018085866717965526
ende23,34,0.02,True,mtme_mre-score-labse-regular-refA,0.10071488381723946,-0.013543504362422798,0.00864807246585908
ende23,34,0.02,True,mtme_prismRef-refA,0.11317639272401497,0.008744051762757277,0.01895033661693235
ende23,34,0.02,True,mtme_prismSrc-src,0.01874753424135077,-0.0014340771002046004,0.01228248850840441
ende23,34,0.02,True,mtme_sescoreX-refA,0.13416322854090046,0.004432511190330057,0.02707051631391777
ende23,34,0.02,True,mtme_tokengram_F-refA,0.029128456769133518,-0.009252644594191617,0.0024254147169586737
ende23,35,0.01,True,mtme_BERTscore-refA,0.08149182557717685,0.0,0.0
ende23,35,0.01,True,mtme_BLEU-refA,0.009257984586381126,0.0,0.0
ende23,35,0.01,True,mtme_BLEURT-20-refA,0.19982261920480032,0.0,0.0
ende23,35,0.01,True,mtme_COMET-refA,0.22357237689468007,0.0,0.0
ende23,35,0.01,True,mtme_Calibri-COMET22-QE-src,0.1747727282403129,0.0,0.0
ende23,35,0.01,True,mtme_Calibri-COMET22-refA,0.16497655998473426,0.0,0.0
ende23,35,0.01,True,mtme_CometKiwi-XL-src,0.230779772378093,0.0,0.0
ende23,35,0.01,True,mtme_CometKiwi-XXL-src,0.2399580267118948,0.0,0.0
ende23,35,0.01,True,mtme_CometKiwi-src,0.21062807153335356,0.0,0.0
ende23,35,0.01,True,mtme_GEMBA-MQM-src,0.20029594398464365,0.0,0.0
ende23,35,0.01,True,mtme_KG-BERTScore-src,0.20822769714598893,0.0,0.0
ende23,35,0.01,True,mtme_MEE4-refA,0.061461290087536646,0.0,0.0
ende23,35,0.01,True,mtme_MS-COMET-QE-22-src,0.17159292745711882,0.0,0.0
ende23,35,0.01,True,mtme_MaTESe-refA,0.1474057470555569,0.0,0.0
ende23,35,0.01,True,mtme_MetricX-23-QE-b-src,0.355995258621707,0.0,0.0
ende23,35,0.01,True,mtme_MetricX-23-QE-c-src,0.29187524474474713,0.0,0.0
ende23,35,0.01,True,mtme_MetricX-23-QE-src,0.34235126039230973,0.0,0.0
ende23,35,0.01,True,mtme_MetricX-23-b-refA,0.35302742156026423,0.0,0.0
ende23,35,0.01,True,mtme_MetricX-23-c-refA,0.1900683612153703,0.0,0.0
ende23,35,0.01,True,mtme_MetricX-23-refA,0.34462232623762534,0.0,0.0
ende23,35,0.01,True,mtme_XCOMET-Ensemble-refA,0.3471364529508124,0.0,0.0
ende23,35,0.01,True,mtme_XCOMET-QE-Ensemble-src,0.3337919502705814,0.0,0.0
ende23,35,0.01,True,mtme_XCOMET-XL-refA,0.32129153355520434,0.0,0.0
ende23,35,0.01,True,mtme_XCOMET-XXL-refA,0.34646161376082163,0.0,0.0
ende23,35,0.01,True,mtme_XLsim-refA,0.16686483936814334,0.0,0.0
ende23,35,0.01,True,mtme_YiSi-1-refA,0.07796623317176282,0.0,0.0
ende23,35,0.01,True,mtme_chrF-refA,0.05388684333464078,0.0,0.0
ende23,35,0.01,True,mtme_cometoid22-wmt21-src,0.21555479552466686,0.0,0.0
ende23,35,0.01,True,mtme_cometoid22-wmt22-src,0.20055919612384931,0.0,0.0
ende23,35,0.01,True,mtme_cometoid22-wmt23-src,0.20916821539538566,0.0,0.0
ende23,35,0.01,True,mtme_docWMT22CometDA-refA,0.20354489919002183,0.0,0.0
ende23,35,0.01,True,mtme_docWMT22CometKiwiDA-src,0.15093502343630083,0.0,0.0
ende23,35,0.01,True,mtme_eBLEU-refA,0.030501782505165026,0.0,0.0
ende23,35,0.01,True,mtme_embed_llama-refA,-0.013386455759998611,0.0,0.0
ende23,35,0.01,True,mtme_f200spBLEU-refA,0.026766855436624992,0.0,0.0
ende23,35,0.01,True,mtme_instructscore-refA,0.23172090683389945,0.0,0.0
ende23,35,0.01,True,mtme_mbr-metricx-qe-src,0.24138434832561384,0.0,0.0
ende23,35,0.01,True,mtme_mre-score-labse-regular-refA,0.1354908202649629,0.0,0.0
ende23,35,0.01,True,mtme_prismRef-refA,0.17279120469003897,0.0,0.0
ende23,35,0.01,True,mtme_prismSrc-src,0.054114036213334396,0.0,0.0
ende23,35,0.01,True,mtme_sescoreX-refA,0.23172090683389945,0.0,0.0
ende23,35,0.01,True,mtme_tokengram_F-refA,0.04611475097706241,0.0,0.0
ende23,35,0.02,True,mtme_BERTscore-refA,0.08149182557717685,0.0,0.0
ende23,35,0.02,True,mtme_BLEU-refA,0.009257984586381126,0.0,0.0
ende23,35,0.02,True,mtme_BLEURT-20-refA,0.19982261920480032,0.0,0.0
ende23,35,0.02,True,mtme_COMET-refA,0.22357237689468007,0.0,0.0
ende23,35,0.02,True,mtme_Calibri-COMET22-QE-src,0.1747727282403129,0.0,0.0
ende23,35,0.02,True,mtme_Calibri-COMET22-refA,0.16497655998473426,0.0,0.0
ende23,35,0.02,True,mtme_CometKiwi-XL-src,0.230779772378093,0.0,0.0
ende23,35,0.02,True,mtme_CometKiwi-XXL-src,0.2399580267118948,0.0,0.0
ende23,35,0.02,True,mtme_CometKiwi-src,0.21062807153335356,0.0,0.0
ende23,35,0.02,True,mtme_GEMBA-MQM-src,0.20029594398464365,0.0,0.0
ende23,35,0.02,True,mtme_KG-BERTScore-src,0.20822769714598893,0.0,0.0
ende23,35,0.02,True,mtme_MEE4-refA,0.061461290087536646,0.0,0.0
ende23,35,0.02,True,mtme_MS-COMET-QE-22-src,0.17159292745711882,0.0,0.0
ende23,35,0.02,True,mtme_MaTESe-refA,0.1474057470555569,0.0,0.0
ende23,35,0.02,True,mtme_MetricX-23-QE-b-src,0.355995258621707,0.0,0.0
ende23,35,0.02,True,mtme_MetricX-23-QE-c-src,0.29187524474474713,0.0,0.0
ende23,35,0.02,True,mtme_MetricX-23-QE-src,0.34235126039230973,0.0,0.0
ende23,35,0.02,True,mtme_MetricX-23-b-refA,0.35302742156026423,0.0,0.0
ende23,35,0.02,True,mtme_MetricX-23-c-refA,0.1900683612153703,0.0,0.0
ende23,35,0.02,True,mtme_MetricX-23-refA,0.34462232623762534,0.0,0.0
ende23,35,0.02,True,mtme_XCOMET-Ensemble-refA,0.3471364529508124,0.0,0.0
ende23,35,0.02,True,mtme_XCOMET-QE-Ensemble-src,0.3337919502705814,0.0,0.0
ende23,35,0.02,True,mtme_XCOMET-XL-refA,0.32129153355520434,0.0,0.0
ende23,35,0.02,True,mtme_XCOMET-XXL-refA,0.34646161376082163,0.0,0.0
ende23,35,0.02,True,mtme_XLsim-refA,0.16686483936814334,0.0,0.0
ende23,35,0.02,True,mtme_YiSi-1-refA,0.07796623317176282,0.0,0.0
ende23,35,0.02,True,mtme_chrF-refA,0.05388684333464078,0.0,0.0
ende23,35,0.02,True,mtme_cometoid22-wmt21-src,0.21555479552466686,0.0,0.0
ende23,35,0.02,True,mtme_cometoid22-wmt22-src,0.20055919612384931,0.0,0.0
ende23,35,0.02,True,mtme_cometoid22-wmt23-src,0.20916821539538566,0.0,0.0
ende23,35,0.02,True,mtme_docWMT22CometDA-refA,0.20354489919002183,0.0,0.0
ende23,35,0.02,True,mtme_docWMT22CometKiwiDA-src,0.15093502343630083,0.0,0.0
ende23,35,0.02,True,mtme_eBLEU-refA,0.030501782505165026,0.0,0.0
ende23,35,0.02,True,mtme_embed_llama-refA,-0.013386455759998611,0.0,0.0
ende23,35,0.02,True,mtme_f200spBLEU-refA,0.026766855436624992,0.0,0.0
ende23,35,0.02,True,mtme_instructscore-refA,0.23172090683389945,0.0,0.0
ende23,35,0.02,True,mtme_mbr-metricx-qe-src,0.24138434832561384,0.0,0.0
ende23,35,0.02,True,mtme_mre-score-labse-regular-refA,0.1354908202649629,0.0,0.0
ende23,35,0.02,True,mtme_prismRef-refA,0.17279120469003897,0.0,0.0
ende23,35,0.02,True,mtme_prismSrc-src,0.054114036213334396,0.0,0.0
ende23,35,0.02,True,mtme_sescoreX-refA,0.23172090683389945,0.0,0.0
ende23,35,0.02,True,mtme_tokengram_F-refA,0.04611475097706241,0.0,0.0
ende23,45,0.01,True,mtme_BERTscore-refA,0.06359980148267341,0.0,0.0
ende23,45,0.01,True,mtme_BLEU-refA,-0.005073827975117767,0.0,0.0
ende23,45,0.01,True,mtme_BLEURT-20-refA,0.2539458599352522,0.0,0.0
ende23,45,0.01,True,mtme_COMET-refA,0.233604540278588,0.0,0.0
ende23,45,0.01,True,mtme_Calibri-COMET22-QE-src,0.23090179686323808,0.0,0.0
ende23,45,0.01,True,mtme_Calibri-COMET22-refA,0.17452735036491634,0.0,0.0
ende23,45,0.01,True,mtme_CometKiwi-XL-src,0.28023850631657243,0.0,0.0
ende23,45,0.01,True,mtme_CometKiwi-XXL-src,0.2817193427977487,0.0,0.0
ende23,45,0.01,True,mtme_CometKiwi-src,0.2687404921587708,0.0,0.0
ende23,45,0.01,True,mtme_GEMBA-MQM-src,0.22116399087812877,0.0,0.0
ende23,45,0.01,True,mtme_KG-BERTScore-src,0.2672563440518456,0.0,0.0
ende23,45,0.01,True,mtme_MEE4-refA,0.049678222943976114,0.0,0.0
ende23,45,0.01,True,mtme_MS-COMET-QE-22-src,0.18677097908885545,0.0,0.0
ende23,45,0.01,True,mtme_MaTESe-refA,0.21554795135353422,0.0,0.0
ende23,45,0.01,True,mtme_MetricX-23-QE-b-src,0.3864943125995634,0.0,0.0
ende23,45,0.01,True,mtme_MetricX-23-QE-c-src,0.3316286099328506,0.0,0.0
ende23,45,0.01,True,mtme_MetricX-23-QE-src,0.3555719988618242,0.0,0.0
ende23,45,0.01,True,mtme_MetricX-23-b-refA,0.38769614512911676,0.0,0.0
ende23,45,0.01,True,mtme_MetricX-23-c-refA,0.22547634676880005,0.0,0.0
ende23,45,0.01,True,mtme_MetricX-23-refA,0.3775378576975542,0.0,0.0
ende23,45,0.01,True,mtme_XCOMET-Ensemble-refA,0.4156821568129313,0.0,0.0
ende23,45,0.01,True,mtme_XCOMET-QE-Ensemble-src,0.3845131521536279,0.0,0.0
ende23,45,0.01,True,mtme_XCOMET-XL-refA,0.3977918940790506,0.0,0.0
ende23,45,0.01,True,mtme_XCOMET-XXL-refA,0.40475456980077995,0.0,0.0
ende23,45,0.01,True,mtme_XLsim-refA,0.16209617607363663,0.0,0.0
ende23,45,0.01,True,mtme_YiSi-1-refA,0.0728800606414386,0.0,0.0
ende23,45,0.01,True,mtme_chrF-refA,0.04767833747601784,0.0,0.0
ende23,45,0.01,True,mtme_cometoid22-wmt21-src,0.28276429069561326,0.0,0.0
ende23,45,0.01,True,mtme_cometoid22-wmt22-src,0.2837483440884897,0.0,0.0
ende23,45,0.01,True,mtme_cometoid22-wmt23-src,0.2735122652102844,0.0,0.0
ende23,45,0.01,True,mtme_docWMT22CometDA-refA,0.18097088736436046,0.0,0.0
ende23,45,0.01,True,mtme_docWMT22CometKiwiDA-src,0.17378070269891988,0.0,0.0
ende23,45,0.01,True,mtme_eBLEU-refA,0.010462934674368478,0.0,0.0
ende23,45,0.01,True,mtme_embed_llama-refA,-0.005495671076617305,0.0,0.0
ende23,45,0.01,True,mtme_f200spBLEU-refA,0.01846109491666508,0.0,0.0
ende23,45,0.01,True,mtme_instructscore-refA,0.23548290990517584,0.0,0.0
ende23,45,0.01,True,mtme_mbr-metricx-qe-src,0.2723352754257655,0.0,0.0
ende23,45,0.01,True,mtme_mre-score-labse-regular-refA,0.19275148876972706,0.0,0.0
ende23,45,0.01,True,mtme_prismRef-refA,0.1267221442356492,0.0,0.0
ende23,45,0.01,True,mtme_prismSrc-src,0.11630528545649922,0.0,0.0
ende23,45,0.01,True,mtme_sescoreX-refA,0.23548290990517584,0.0,0.0
ende23,45,0.01,True,mtme_tokengram_F-refA,0.03888423623898771,0.0,0.0
ende23,45,0.02,True,mtme_BERTscore-refA,0.06359980148267341,0.0,0.0
ende23,45,0.02,True,mtme_BLEU-refA,-0.005073827975117767,0.0,0.0
ende23,45,0.02,True,mtme_BLEURT-20-refA,0.2539458599352522,0.0,0.0
ende23,45,0.02,True,mtme_COMET-refA,0.233604540278588,0.0,0.0
ende23,45,0.02,True,mtme_Calibri-COMET22-QE-src,0.23090179686323808,0.0,0.0
ende23,45,0.02,True,mtme_Calibri-COMET22-refA,0.17452735036491634,0.0,0.0
ende23,45,0.02,True,mtme_CometKiwi-XL-src,0.28023850631657243,0.0,0.0
ende23,45,0.02,True,mtme_CometKiwi-XXL-src,0.2817193427977487,0.0,0.0
ende23,45,0.02,True,mtme_CometKiwi-src,0.2687404921587708,0.0,0.0
ende23,45,0.02,True,mtme_GEMBA-MQM-src,0.22116399087812877,0.0,0.0
ende23,45,0.02,True,mtme_KG-BERTScore-src,0.2672563440518456,0.0,0.0
ende23,45,0.02,True,mtme_MEE4-refA,0.049678222943976114,0.0,0.0
ende23,45,0.02,True,mtme_MS-COMET-QE-22-src,0.18677097908885545,0.0,0.0
ende23,45,0.02,True,mtme_MaTESe-refA,0.21554795135353422,0.0,0.0
ende23,45,0.02,True,mtme_MetricX-23-QE-b-src,0.3864943125995634,0.0,0.0
ende23,45,0.02,True,mtme_MetricX-23-QE-c-src,0.3316286099328506,0.0,0.0
ende23,45,0.02,True,mtme_MetricX-23-QE-src,0.3555719988618242,0.0,0.0
ende23,45,0.02,True,mtme_MetricX-23-b-refA,0.38769614512911676,0.0,0.0
ende23,45,0.02,True,mtme_MetricX-23-c-refA,0.22547634676880005,0.0,0.0
ende23,45,0.02,True,mtme_MetricX-23-refA,0.3775378576975542,0.0,0.0
ende23,45,0.02,True,mtme_XCOMET-Ensemble-refA,0.4156821568129313,0.0,0.0
ende23,45,0.02,True,mtme_XCOMET-QE-Ensemble-src,0.3845131521536279,0.0,0.0
ende23,45,0.02,True,mtme_XCOMET-XL-refA,0.3977918940790506,0.0,0.0
ende23,45,0.02,True,mtme_XCOMET-XXL-refA,0.40475456980077995,0.0,0.0
ende23,45,0.02,True,mtme_XLsim-refA,0.16209617607363663,0.0,0.0
ende23,45,0.02,True,mtme_YiSi-1-refA,0.0728800606414386,0.0,0.0
ende23,45,0.02,True,mtme_chrF-refA,0.04767833747601784,0.0,0.0
ende23,45,0.02,True,mtme_cometoid22-wmt21-src,0.28276429069561326,0.0,0.0
ende23,45,0.02,True,mtme_cometoid22-wmt22-src,0.2837483440884897,0.0,0.0
ende23,45,0.02,True,mtme_cometoid22-wmt23-src,0.2735122652102844,0.0,0.0
ende23,45,0.02,True,mtme_docWMT22CometDA-refA,0.18097088736436046,0.0,0.0
ende23,45,0.02,True,mtme_docWMT22CometKiwiDA-src,0.17378070269891988,0.0,0.0
ende23,45,0.02,True,mtme_eBLEU-refA,0.010462934674368478,0.0,0.0
ende23,45,0.02,True,mtme_embed_llama-refA,-0.005495671076617305,0.0,0.0
ende23,45,0.02,True,mtme_f200spBLEU-refA,0.01846109491666508,0.0,0.0
ende23,45,0.02,True,mtme_instructscore-refA,0.23548290990517584,0.0,0.0
ende23,45,0.02,True,mtme_mbr-metricx-qe-src,0.2723352754257655,0.0,0.0
ende23,45,0.02,True,mtme_mre-score-labse-regular-refA,0.19275148876972706,0.0,0.0
ende23,45,0.02,True,mtme_prismRef-refA,0.1267221442356492,0.0,0.0
ende23,45,0.02,True,mtme_prismSrc-src,0.11630528545649922,0.0,0.0
ende23,45,0.02,True,mtme_sescoreX-refA,0.23548290990517584,0.0,0.0
ende23,45,0.02,True,mtme_tokengram_F-refA,0.03888423623898771,0.0,0.0
zhen23,01,0.01,True,mtme_BERTscore-refA,0.06808034079899097,0.0,0.0
zhen23,01,0.01,True,mtme_BLEU-refA,0.054051198716880806,0.0,0.0
zhen23,01,0.01,True,mtme_BLEURT-20-refA,0.11385677406495957,-0.017721783335447938,0.0
zhen23,01,0.01,True,mtme_COMET-refA,0.07506696228520596,0.0,0.0
zhen23,01,0.01,True,mtme_Calibri-COMET22-QE-src,0.10490932488909921,-0.03234928704089701,0.0
zhen23,01,0.01,True,mtme_Calibri-COMET22-refA,0.06795605519557801,0.0,0.0
zhen23,01,0.01,True,mtme_CometKiwi-XL-src,0.13398494600781022,-0.03359349038862369,0.0
zhen23,01,0.01,True,mtme_CometKiwi-XXL-src,0.12882713827236705,0.0,0.0
zhen23,01,0.01,True,mtme_CometKiwi-src,0.11428673336036776,-0.04023935705087167,0.0
zhen23,01,0.01,True,mtme_GEMBA-MQM-src,0.17023888184349734,-0.014557179168403822,0.0
zhen23,01,0.01,True,mtme_KG-BERTScore-src,0.09032174304357908,-0.028873743805098107,0.0
zhen23,01,0.01,True,mtme_MEE4-refA,0.043924784807897896,0.0,0.0
zhen23,01,0.01,True,mtme_MS-COMET-QE-22-src,0.04499826028373064,-0.024884066954536044,0.0
zhen23,01,0.01,True,mtme_MaTESe-refA,0.13802118047448741,0.0,0.0
zhen23,01,0.01,True,mtme_MetricX-23-QE-b-src,0.17300817301441823,-0.005198992560144111,0.0
zhen23,01,0.01,True,mtme_MetricX-23-QE-c-src,0.18738226167748936,0.0,0.0
zhen23,01,0.01,True,mtme_MetricX-23-QE-src,0.14971247315654534,0.0,0.0
zhen23,01,0.01,True,mtme_MetricX-23-b-refA,0.2137374502352946,0.0,0.0
zhen23,01,0.01,True,mtme_MetricX-23-c-refA,0.0925556570125932,-0.015880559092803948,0.0
zhen23,01,0.01,True,mtme_MetricX-23-refA,0.19078607832695524,0.0,0.0
zhen23,01,0.01,True,mtme_XCOMET-Ensemble-refA,0.2556489227496286,0.0,0.0
zhen23,01,0.01,True,mtme_XCOMET-QE-Ensemble-src,0.21625725249782923,-0.022588726295798667,0.0
zhen23,01,0.01,True,mtme_XCOMET-XL-refA,0.2280622712992803,-0.0220192626076694,0.0
zhen23,01,0.01,True,mtme_XCOMET-XXL-refA,0.22143320464523997,0.0,0.0
zhen23,01,0.01,True,mtme_XLsim-refA,-0.01734691877158941,0.0,0.0
zhen23,01,0.01,True,mtme_YiSi-1-refA,0.08237018963524752,-0.015737490992868697,0.0
zhen23,01,0.01,True,mtme_chrF-refA,0.028981166344051075,0.0,0.0
zhen23,01,0.01,True,mtme_cometoid22-wmt21-src,0.08086189499388902,-0.022985019739584667,0.0
zhen23,01,0.01,True,mtme_cometoid22-wmt22-src,0.12354920302481218,-0.05316535000634359,0.0
zhen23,01,0.01,True,mtme_cometoid22-wmt23-src,0.10675482690868152,-0.018936168023939715,0.0
zhen23,01,0.01,True,mtme_docWMT22CometDA-refA,0.06981948116424305,-0.02448871261974439,0.0
zhen23,01,0.01,True,mtme_docWMT22CometKiwiDA-src,0.07719157377744609,-0.0030646692986111557,0.0
zhen23,01,0.01,True,mtme_eBLEU-refA,0.05515074428820756,0.0,0.0
zhen23,01,0.01,True,mtme_embed_llama-refA,0.05774636223240427,0.0,0.0
zhen23,01,0.01,True,mtme_f200spBLEU-refA,0.033848624264783786,0.0,0.0
zhen23,01,0.01,True,mtme_instructscore-refA,0.15307287669963193,0.0,0.0
zhen23,01,0.01,True,mtme_mbr-metricx-qe-src,0.13805283955011172,-0.013604840344302316,0.0
zhen23,01,0.01,True,mtme_mre-score-labse-regular-refA,0.07591338826869828,0.0,0.0
zhen23,01,0.01,True,mtme_prismRef-refA,0.079671323785467,-0.002746637578944222,0.0
zhen23,01,0.01,True,mtme_prismSrc-src,-0.038795458249221024,0.0,0.0
zhen23,01,0.01,True,mtme_sescoreX-refA,0.09528896562620537,0.0,0.0
zhen23,01,0.01,True,mtme_tokengram_F-refA,0.040432284692129956,-0.0025764918882129617,0.0
zhen23,01,0.02,True,mtme_BERTscore-refA,0.06808034079899097,0.0,0.0
zhen23,01,0.02,True,mtme_BLEU-refA,0.054051198716880806,0.0,0.0
zhen23,01,0.02,True,mtme_BLEURT-20-refA,0.11385677406495957,0.0,0.0
zhen23,01,0.02,True,mtme_COMET-refA,0.07506696228520596,0.0,0.0
zhen23,01,0.02,True,mtme_Calibri-COMET22-QE-src,0.10490932488909921,0.0,0.0
zhen23,01,0.02,True,mtme_Calibri-COMET22-refA,0.06795605519557801,0.0,0.0
zhen23,01,0.02,True,mtme_CometKiwi-XL-src,0.13398494600781022,0.0,0.0
zhen23,01,0.02,True,mtme_CometKiwi-XXL-src,0.12882713827236705,0.0,0.0
zhen23,01,0.02,True,mtme_CometKiwi-src,0.11428673336036776,0.0,0.0
zhen23,01,0.02,True,mtme_GEMBA-MQM-src,0.17023888184349734,0.0,0.0
zhen23,01,0.02,True,mtme_KG-BERTScore-src,0.09032174304357908,0.0,0.0
zhen23,01,0.02,True,mtme_MEE4-refA,0.043924784807897896,0.0,0.0
zhen23,01,0.02,True,mtme_MS-COMET-QE-22-src,0.04499826028373064,0.0,0.0
zhen23,01,0.02,True,mtme_MaTESe-refA,0.13802118047448741,0.0,0.0
zhen23,01,0.02,True,mtme_MetricX-23-QE-b-src,0.17300817301441823,0.0,0.0
zhen23,01,0.02,True,mtme_MetricX-23-QE-c-src,0.18738226167748936,0.0,0.0
zhen23,01,0.02,True,mtme_MetricX-23-QE-src,0.14971247315654534,0.0,0.0
zhen23,01,0.02,True,mtme_MetricX-23-b-refA,0.2137374502352946,0.0,0.0
zhen23,01,0.02,True,mtme_MetricX-23-c-refA,0.0925556570125932,0.0,0.0
zhen23,01,0.02,True,mtme_MetricX-23-refA,0.19078607832695524,0.0,0.0
zhen23,01,0.02,True,mtme_XCOMET-Ensemble-refA,0.2556489227496286,0.0,0.0
zhen23,01,0.02,True,mtme_XCOMET-QE-Ensemble-src,0.21625725249782923,0.0,0.0
zhen23,01,0.02,True,mtme_XCOMET-XL-refA,0.2280622712992803,0.0,0.0
zhen23,01,0.02,True,mtme_XCOMET-XXL-refA,0.22143320464523997,0.0,0.0
zhen23,01,0.02,True,mtme_XLsim-refA,-0.01734691877158941,0.0,0.0
zhen23,01,0.02,True,mtme_YiSi-1-refA,0.08237018963524752,0.0,0.0
zhen23,01,0.02,True,mtme_chrF-refA,0.028981166344051075,0.0,0.0
zhen23,01,0.02,True,mtme_cometoid22-wmt21-src,0.08086189499388902,0.0,0.0
zhen23,01,0.02,True,mtme_cometoid22-wmt22-src,0.12354920302481218,0.0,0.0
zhen23,01,0.02,True,mtme_cometoid22-wmt23-src,0.10675482690868152,0.0,0.0
zhen23,01,0.02,True,mtme_docWMT22CometDA-refA,0.06981948116424305,0.0,0.0
zhen23,01,0.02,True,mtme_docWMT22CometKiwiDA-src,0.07719157377744609,0.0,0.0
zhen23,01,0.02,True,mtme_eBLEU-refA,0.05515074428820756,0.0,0.0
zhen23,01,0.02,True,mtme_embed_llama-refA,0.05774636223240427,0.0,0.0
zhen23,01,0.02,True,mtme_f200spBLEU-refA,0.033848624264783786,0.0,0.0
zhen23,01,0.02,True,mtme_instructscore-refA,0.15307287669963193,0.0,0.0
zhen23,01,0.02,True,mtme_mbr-metricx-qe-src,0.13805283955011172,0.0,0.0
zhen23,01,0.02,True,mtme_mre-score-labse-regular-refA,0.07591338826869828,0.0,0.0
zhen23,01,0.02,True,mtme_prismRef-refA,0.079671323785467,0.0,0.0
zhen23,01,0.02,True,mtme_prismSrc-src,-0.038795458249221024,0.0,0.0
zhen23,01,0.02,True,mtme_sescoreX-refA,0.09528896562620537,0.0,0.0
zhen23,01,0.02,True,mtme_tokengram_F-refA,0.040432284692129956,0.0,0.0
zhen23,02,0.01,True,mtme_BERTscore-refA,-0.043258402784302985,0.0,0.0
zhen23,02,0.01,True,mtme_BLEU-refA,0.0002597588205993851,0.0,0.0
zhen23,02,0.01,True,mtme_BLEURT-20-refA,0.0702346111521411,0.0,0.0
zhen23,02,0.01,True,mtme_COMET-refA,0.10913397622311022,0.0,0.0
zhen23,02,0.01,True,mtme_Calibri-COMET22-QE-src,0.23617753735882416,0.0,0.0
zhen23,02,0.01,True,mtme_Calibri-COMET22-refA,0.12402660356435821,0.0,0.0
zhen23,02,0.01,True,mtme_CometKiwi-XL-src,0.249768234480678,0.0,0.0
zhen23,02,0.01,True,mtme_CometKiwi-XXL-src,0.24973391799956873,0.0,0.0
zhen23,02,0.01,True,mtme_CometKiwi-src,0.27502577462668387,0.0,0.0
zhen23,02,0.01,True,mtme_GEMBA-MQM-src,0.37285549624748826,0.0,0.0
zhen23,02,0.01,True,mtme_KG-BERTScore-src,0.2528487919832352,0.0,0.0
zhen23,02,0.01,True,mtme_MEE4-refA,0.019261354553345204,0.0,0.0
zhen23,02,0.01,True,mtme_MS-COMET-QE-22-src,0.1796462697590371,0.0,0.0
zhen23,02,0.01,True,mtme_MaTESe-refA,0.21854225921723233,0.0,0.0
zhen23,02,0.01,True,mtme_MetricX-23-QE-b-src,0.47001593233832967,0.0,0.0
zhen23,02,0.01,True,mtme_MetricX-23-QE-c-src,0.453415362249713,0.0,0.0
zhen23,02,0.01,True,mtme_MetricX-23-QE-src,0.4393322929456136,0.0,0.0
zhen23,02,0.01,True,mtme_MetricX-23-b-refA,0.23266602791871577,0.0,0.0
zhen23,02,0.01,True,mtme_MetricX-23-c-refA,0.32506982868696427,0.0,0.0
zhen23,02,0.01,True,mtme_MetricX-23-refA,0.24753316777382256,0.0,0.0
zhen23,02,0.01,True,mtme_XCOMET-Ensemble-refA,0.3615679770482427,0.0,0.0
zhen23,02,0.01,True,mtme_XCOMET-QE-Ensemble-src,0.44424548246099044,0.0,0.0
zhen23,02,0.01,True,mtme_XCOMET-XL-refA,0.29165862957151323,0.0,0.0
zhen23,02,0.01,True,mtme_XCOMET-XXL-refA,0.3412747909563496,0.0,0.0
zhen23,02,0.01,True,mtme_XLsim-refA,-0.019059349488739438,0.0,0.0
zhen23,02,0.01,True,mtme_YiSi-1-refA,-0.02313579634920202,0.0,0.0
zhen23,02,0.01,True,mtme_chrF-refA,-0.0009519754665738545,0.0,0.0
zhen23,02,0.01,True,mtme_cometoid22-wmt21-src,0.22394779130604375,0.0,0.0
zhen23,02,0.01,True,mtme_cometoid22-wmt22-src,0.23524193470224875,0.0,0.0
zhen23,02,0.01,True,mtme_cometoid22-wmt23-src,0.23033589510619404,0.0,0.0
zhen23,02,0.01,True,mtme_docWMT22CometDA-refA,0.08337116790971322,0.0,0.0
zhen23,02,0.01,True,mtme_docWMT22CometKiwiDA-src,0.18742452110203905,0.0,0.0
zhen23,02,0.01,True,mtme_eBLEU-refA,0.04948297937372004,0.0,0.0
zhen23,02,0.01,True,mtme_embed_llama-refA,0.02275732369763893,0.0,0.0
zhen23,02,0.01,True,mtme_f200spBLEU-refA,-0.0037486558933877727,0.0,0.0
zhen23,02,0.01,True,mtme_instructscore-refA,0.0870063079614789,0.0,0.0
zhen23,02,0.01,True,mtme_mbr-metricx-qe-src,0.29151888246812985,0.0,0.0
zhen23,02,0.01,True,mtme_mre-score-labse-regular-refA,0.09475023628884116,0.0,0.0
zhen23,02,0.01,True,mtme_prismRef-refA,-0.014009416371219448,0.0,0.0
zhen23,02,0.01,True,mtme_prismSrc-src,0.030666959930330306,0.0,0.0
zhen23,02,0.01,True,mtme_sescoreX-refA,-0.007297118612114763,0.0,0.0
zhen23,02,0.01,True,mtme_tokengram_F-refA,0.0035065600578004976,0.0,0.0
zhen23,02,0.02,True,mtme_BERTscore-refA,-0.043258402784302985,0.0,0.0
zhen23,02,0.02,True,mtme_BLEU-refA,0.0002597588205993851,0.0,0.0
zhen23,02,0.02,True,mtme_BLEURT-20-refA,0.0702346111521411,0.0,0.0
zhen23,02,0.02,True,mtme_COMET-refA,0.10913397622311022,0.0,0.0
zhen23,02,0.02,True,mtme_Calibri-COMET22-QE-src,0.23617753735882416,0.0,0.0
zhen23,02,0.02,True,mtme_Calibri-COMET22-refA,0.12402660356435821,0.0,0.0
zhen23,02,0.02,True,mtme_CometKiwi-XL-src,0.249768234480678,0.0,0.0
zhen23,02,0.02,True,mtme_CometKiwi-XXL-src,0.24973391799956873,0.0,0.0
zhen23,02,0.02,True,mtme_CometKiwi-src,0.27502577462668387,0.0,0.0
zhen23,02,0.02,True,mtme_GEMBA-MQM-src,0.37285549624748826,0.0,0.0
zhen23,02,0.02,True,mtme_KG-BERTScore-src,0.2528487919832352,0.0,0.0
zhen23,02,0.02,True,mtme_MEE4-refA,0.019261354553345204,0.0,0.0
zhen23,02,0.02,True,mtme_MS-COMET-QE-22-src,0.1796462697590371,0.0,0.0
zhen23,02,0.02,True,mtme_MaTESe-refA,0.21854225921723233,0.0,0.0
zhen23,02,0.02,True,mtme_MetricX-23-QE-b-src,0.47001593233832967,0.0,0.0
zhen23,02,0.02,True,mtme_MetricX-23-QE-c-src,0.453415362249713,0.0,0.0
zhen23,02,0.02,True,mtme_MetricX-23-QE-src,0.4393322929456136,0.0,0.0
zhen23,02,0.02,True,mtme_MetricX-23-b-refA,0.23266602791871577,0.0,0.0
zhen23,02,0.02,True,mtme_MetricX-23-c-refA,0.32506982868696427,0.0,0.0
zhen23,02,0.02,True,mtme_MetricX-23-refA,0.24753316777382256,0.0,0.0
zhen23,02,0.02,True,mtme_XCOMET-Ensemble-refA,0.3615679770482427,0.0,0.0
zhen23,02,0.02,True,mtme_XCOMET-QE-Ensemble-src,0.44424548246099044,0.0,0.0
zhen23,02,0.02,True,mtme_XCOMET-XL-refA,0.29165862957151323,0.0,0.0
zhen23,02,0.02,True,mtme_XCOMET-XXL-refA,0.3412747909563496,0.0,0.0
zhen23,02,0.02,True,mtme_XLsim-refA,-0.019059349488739438,0.0,0.0
zhen23,02,0.02,True,mtme_YiSi-1-refA,-0.02313579634920202,0.0,0.0
zhen23,02,0.02,True,mtme_chrF-refA,-0.0009519754665738545,0.0,0.0
zhen23,02,0.02,True,mtme_cometoid22-wmt21-src,0.22394779130604375,0.0,0.0
zhen23,02,0.02,True,mtme_cometoid22-wmt22-src,0.23524193470224875,0.0,0.0
zhen23,02,0.02,True,mtme_cometoid22-wmt23-src,0.23033589510619404,0.0,0.0
zhen23,02,0.02,True,mtme_docWMT22CometDA-refA,0.08337116790971322,0.0,0.0
zhen23,02,0.02,True,mtme_docWMT22CometKiwiDA-src,0.18742452110203905,0.0,0.0
zhen23,02,0.02,True,mtme_eBLEU-refA,0.04948297937372004,0.0,0.0
zhen23,02,0.02,True,mtme_embed_llama-refA,0.02275732369763893,0.0,0.0
zhen23,02,0.02,True,mtme_f200spBLEU-refA,-0.0037486558933877727,0.0,0.0
zhen23,02,0.02,True,mtme_instructscore-refA,0.0870063079614789,0.0,0.0
zhen23,02,0.02,True,mtme_mbr-metricx-qe-src,0.29151888246812985,0.0,0.0
zhen23,02,0.02,True,mtme_mre-score-labse-regular-refA,0.09475023628884116,0.0,0.0
zhen23,02,0.02,True,mtme_prismRef-refA,-0.014009416371219448,0.0,0.0
zhen23,02,0.02,True,mtme_prismSrc-src,0.030666959930330306,0.0,0.0
zhen23,02,0.02,True,mtme_sescoreX-refA,-0.007297118612114763,0.0,0.0
zhen23,02,0.02,True,mtme_tokengram_F-refA,0.0035065600578004976,0.0,0.0
zhen23,03,0.01,True,mtme_BERTscore-refA,-0.04838018084156452,0.0,0.0
zhen23,03,0.01,True,mtme_BLEU-refA,-0.003238526733995218,0.0,0.0
zhen23,03,0.01,True,mtme_BLEURT-20-refA,0.07934726794302738,0.0,0.0
zhen23,03,0.01,True,mtme_COMET-refA,0.12409850880085802,0.0,0.0
zhen23,03,0.01,True,mtme_Calibri-COMET22-QE-src,0.23946036714029384,0.0,0.0
zhen23,03,0.01,True,mtme_Calibri-COMET22-refA,0.1305853243812341,0.0,0.0
zhen23,03,0.01,True,mtme_CometKiwi-XL-src,0.25390830411454335,0.0,0.0
zhen23,03,0.01,True,mtme_CometKiwi-XXL-src,0.25977364349916,0.0,0.0
zhen23,03,0.01,True,mtme_CometKiwi-src,0.27366016577192465,0.0,0.0
zhen23,03,0.01,True,mtme_GEMBA-MQM-src,0.3584659446312677,0.0,0.0
zhen23,03,0.01,True,mtme_KG-BERTScore-src,0.2540876207674332,0.0,0.0
zhen23,03,0.01,True,mtme_MEE4-refA,0.017118297347587665,0.0,0.0
zhen23,03,0.01,True,mtme_MS-COMET-QE-22-src,0.19712906217906223,0.0,0.0
zhen23,03,0.01,True,mtme_MaTESe-refA,0.23984402236099375,0.0,0.0
zhen23,03,0.01,True,mtme_MetricX-23-QE-b-src,0.49451311982232166,0.0,0.0
zhen23,03,0.01,True,mtme_MetricX-23-QE-c-src,0.4548753567685007,0.0,0.0
zhen23,03,0.01,True,mtme_MetricX-23-QE-src,0.4721310704243221,0.0,0.0
zhen23,03,0.01,True,mtme_MetricX-23-b-refA,0.250075846434521,0.0,0.0
zhen23,03,0.01,True,mtme_MetricX-23-c-refA,0.3203140576363951,0.0,0.0
zhen23,03,0.01,True,mtme_MetricX-23-refA,0.26539519159077796,0.0,0.0
zhen23,03,0.01,True,mtme_XCOMET-Ensemble-refA,0.3840894728573771,0.0,0.0
zhen23,03,0.01,True,mtme_XCOMET-QE-Ensemble-src,0.4875371135056064,0.0,0.0
zhen23,03,0.01,True,mtme_XCOMET-XL-refA,0.2917388105714745,0.0,0.0
zhen23,03,0.01,True,mtme_XCOMET-XXL-refA,0.37952244117923484,0.0,0.0
zhen23,03,0.01,True,mtme_XLsim-refA,-0.024683007475189065,0.0,0.0
zhen23,03,0.01,True,mtme_YiSi-1-refA,-0.031509843100073404,0.0,0.0
zhen23,03,0.01,True,mtme_chrF-refA,-0.00755327286077019,0.0,0.0
zhen23,03,0.01,True,mtme_cometoid22-wmt21-src,0.2435491796404312,0.0,0.0
zhen23,03,0.01,True,mtme_cometoid22-wmt22-src,0.24547474107895845,0.0,0.0
zhen23,03,0.01,True,mtme_cometoid22-wmt23-src,0.24539226313199639,0.0,0.0
zhen23,03,0.01,True,mtme_docWMT22CometDA-refA,0.09308706424731866,0.0,0.0
zhen23,03,0.01,True,mtme_docWMT22CometKiwiDA-src,0.15978018205052563,0.0,0.0
zhen23,03,0.01,True,mtme_eBLEU-refA,0.04431054863717578,0.0,0.0
zhen23,03,0.01,True,mtme_embed_llama-refA,0.02315012220060137,0.0,0.0
zhen23,03,0.01,True,mtme_f200spBLEU-refA,0.002943915774334864,0.0,0.0
zhen23,03,0.01,True,mtme_instructscore-refA,0.07791253200310572,0.0,0.0
zhen23,03,0.01,True,mtme_mbr-metricx-qe-src,0.29228736038949216,0.0,0.0
zhen23,03,0.01,True,mtme_mre-score-labse-regular-refA,0.09177209949145082,0.0,0.0
zhen23,03,0.01,True,mtme_prismRef-refA,-0.018588504148079103,0.0,0.0
zhen23,03,0.01,True,mtme_prismSrc-src,0.026017317058410316,0.0,0.0
zhen23,03,0.01,True,mtme_sescoreX-refA,-0.007007557858196295,0.0,0.0
zhen23,03,0.01,True,mtme_tokengram_F-refA,-0.0009995973815849915,0.0,0.0
zhen23,03,0.02,True,mtme_BERTscore-refA,-0.04838018084156452,0.0,0.0
zhen23,03,0.02,True,mtme_BLEU-refA,-0.003238526733995218,0.0,0.0
zhen23,03,0.02,True,mtme_BLEURT-20-refA,0.07934726794302738,0.0,0.0
zhen23,03,0.02,True,mtme_COMET-refA,0.12409850880085802,0.0,0.0
zhen23,03,0.02,True,mtme_Calibri-COMET22-QE-src,0.23946036714029384,0.0,0.0
zhen23,03,0.02,True,mtme_Calibri-COMET22-refA,0.1305853243812341,0.0,0.0
zhen23,03,0.02,True,mtme_CometKiwi-XL-src,0.25390830411454335,0.0,0.0
zhen23,03,0.02,True,mtme_CometKiwi-XXL-src,0.25977364349916,0.0,0.0
zhen23,03,0.02,True,mtme_CometKiwi-src,0.27366016577192465,0.0,0.0
zhen23,03,0.02,True,mtme_GEMBA-MQM-src,0.3584659446312677,0.0,0.0
zhen23,03,0.02,True,mtme_KG-BERTScore-src,0.2540876207674332,0.0,0.0
zhen23,03,0.02,True,mtme_MEE4-refA,0.017118297347587665,0.0,0.0
zhen23,03,0.02,True,mtme_MS-COMET-QE-22-src,0.19712906217906223,0.0,0.0
zhen23,03,0.02,True,mtme_MaTESe-refA,0.23984402236099375,0.0,0.0
zhen23,03,0.02,True,mtme_MetricX-23-QE-b-src,0.49451311982232166,0.0,0.0
zhen23,03,0.02,True,mtme_MetricX-23-QE-c-src,0.4548753567685007,0.0,0.0
zhen23,03,0.02,True,mtme_MetricX-23-QE-src,0.4721310704243221,0.0,0.0
zhen23,03,0.02,True,mtme_MetricX-23-b-refA,0.250075846434521,0.0,0.0
zhen23,03,0.02,True,mtme_MetricX-23-c-refA,0.3203140576363951,0.0,0.0
zhen23,03,0.02,True,mtme_MetricX-23-refA,0.26539519159077796,0.0,0.0
zhen23,03,0.02,True,mtme_XCOMET-Ensemble-refA,0.3840894728573771,0.0,0.0
zhen23,03,0.02,True,mtme_XCOMET-QE-Ensemble-src,0.4875371135056064,0.0,0.0
zhen23,03,0.02,True,mtme_XCOMET-XL-refA,0.2917388105714745,0.0,0.0
zhen23,03,0.02,True,mtme_XCOMET-XXL-refA,0.37952244117923484,0.0,0.0
zhen23,03,0.02,True,mtme_XLsim-refA,-0.024683007475189065,0.0,0.0
zhen23,03,0.02,True,mtme_YiSi-1-refA,-0.031509843100073404,0.0,0.0
zhen23,03,0.02,True,mtme_chrF-refA,-0.00755327286077019,0.0,0.0
zhen23,03,0.02,True,mtme_cometoid22-wmt21-src,0.2435491796404312,0.0,0.0
zhen23,03,0.02,True,mtme_cometoid22-wmt22-src,0.24547474107895845,0.0,0.0
zhen23,03,0.02,True,mtme_cometoid22-wmt23-src,0.24539226313199639,0.0,0.0
zhen23,03,0.02,True,mtme_docWMT22CometDA-refA,0.09308706424731866,0.0,0.0
zhen23,03,0.02,True,mtme_docWMT22CometKiwiDA-src,0.15978018205052563,0.0,0.0
zhen23,03,0.02,True,mtme_eBLEU-refA,0.04431054863717578,0.0,0.0
zhen23,03,0.02,True,mtme_embed_llama-refA,0.02315012220060137,0.0,0.0
zhen23,03,0.02,True,mtme_f200spBLEU-refA,0.002943915774334864,0.0,0.0
zhen23,03,0.02,True,mtme_instructscore-refA,0.07791253200310572,0.0,0.0
zhen23,03,0.02,True,mtme_mbr-metricx-qe-src,0.29228736038949216,0.0,0.0
zhen23,03,0.02,True,mtme_mre-score-labse-regular-refA,0.09177209949145082,0.0,0.0
zhen23,03,0.02,True,mtme_prismRef-refA,-0.018588504148079103,0.0,0.0
zhen23,03,0.02,True,mtme_prismSrc-src,0.026017317058410316,0.0,0.0
zhen23,03,0.02,True,mtme_sescoreX-refA,-0.007007557858196295,0.0,0.0
zhen23,03,0.02,True,mtme_tokengram_F-refA,-0.0009995973815849915,0.0,0.0
zhen23,04,0.01,True,mtme_BERTscore-refA,-0.06402422450566439,0.0,0.0
zhen23,04,0.01,True,mtme_BLEU-refA,-0.01816584702919169,0.0,0.0
zhen23,04,0.01,True,mtme_BLEURT-20-refA,0.049801176627748016,0.0,0.0
zhen23,04,0.01,True,mtme_COMET-refA,0.08909178139195223,0.0,0.0
zhen23,04,0.01,True,mtme_Calibri-COMET22-QE-src,0.19464200081813504,0.0,0.0
zhen23,04,0.01,True,mtme_Calibri-COMET22-refA,0.07841648508900635,0.0,0.0
zhen23,04,0.01,True,mtme_CometKiwi-XL-src,0.2077014698312019,0.0,0.0
zhen23,04,0.01,True,mtme_CometKiwi-XXL-src,0.21875086486865034,0.0,0.0
zhen23,04,0.01,True,mtme_CometKiwi-src,0.2095927699642415,0.0,0.0
zhen23,04,0.01,True,mtme_GEMBA-MQM-src,0.33333425019070756,0.0,0.0
zhen23,04,0.01,True,mtme_KG-BERTScore-src,0.18697817285863072,0.0,0.0
zhen23,04,0.01,True,mtme_MEE4-refA,0.01693944048520464,0.0,0.0
zhen23,04,0.01,True,mtme_MS-COMET-QE-22-src,0.13755674741954022,0.0,0.0
zhen23,04,0.01,True,mtme_MaTESe-refA,0.2032133330635582,0.0,0.0
zhen23,04,0.01,True,mtme_MetricX-23-QE-b-src,0.4452539140646905,0.0,0.0
zhen23,04,0.01,True,mtme_MetricX-23-QE-c-src,0.43916926811283913,0.0,0.0
zhen23,04,0.01,True,mtme_MetricX-23-QE-src,0.42094161482876424,0.0,0.0
zhen23,04,0.01,True,mtme_MetricX-23-b-refA,0.22815852451562868,0.0,0.0
zhen23,04,0.01,True,mtme_MetricX-23-c-refA,0.290750611864914,0.0,0.0
zhen23,04,0.01,True,mtme_MetricX-23-refA,0.2457903314948477,0.0,0.0
zhen23,04,0.01,True,mtme_XCOMET-Ensemble-refA,0.3415890876888851,0.0,0.0
zhen23,04,0.01,True,mtme_XCOMET-QE-Ensemble-src,0.43188418283765895,0.0,0.0
zhen23,04,0.01,True,mtme_XCOMET-XL-refA,0.2713749811111641,0.0,0.0
zhen23,04,0.01,True,mtme_XCOMET-XXL-refA,0.32600621864265267,0.0,0.0
zhen23,04,0.01,True,mtme_XLsim-refA,-0.026649812096612234,0.0,0.0
zhen23,04,0.01,True,mtme_YiSi-1-refA,-0.05601548292435077,0.0,0.0
zhen23,04,0.01,True,mtme_chrF-refA,-0.020270571136675974,0.0,0.0
zhen23,04,0.01,True,mtme_cometoid22-wmt21-src,0.18332050821531626,0.0,0.0
zhen23,04,0.01,True,mtme_cometoid22-wmt22-src,0.20481414292511216,0.0,0.0
zhen23,04,0.01,True,mtme_cometoid22-wmt23-src,0.20065653342157225,0.0,0.0
zhen23,04,0.01,True,mtme_docWMT22CometDA-refA,0.053857868788589065,0.0,0.0
zhen23,04,0.01,True,mtme_docWMT22CometKiwiDA-src,0.137811870578493,0.0,0.0
zhen23,04,0.01,True,mtme_eBLEU-refA,0.04826330462841845,0.0,0.0
zhen23,04,0.01,True,mtme_embed_llama-refA,0.033564010421967966,0.0,0.0
zhen23,04,0.01,True,mtme_f200spBLEU-refA,-0.01918329641323012,0.0,0.0
zhen23,04,0.01,True,mtme_instructscore-refA,0.04454560340224002,0.0,0.0
zhen23,04,0.01,True,mtme_mbr-metricx-qe-src,0.23428652888603285,0.0,0.0
zhen23,04,0.01,True,mtme_mre-score-labse-regular-refA,0.07173057724725229,0.0,0.0
zhen23,04,0.01,True,mtme_prismRef-refA,-0.036257037903625715,0.0,0.0
zhen23,04,0.01,True,mtme_prismSrc-src,-0.0020423278417592825,0.0,0.0
zhen23,04,0.01,True,mtme_sescoreX-refA,-0.039191851129261566,0.0,0.0
zhen23,04,0.01,True,mtme_tokengram_F-refA,-0.017146945777237087,0.0,0.0
zhen23,04,0.02,True,mtme_BERTscore-refA,-0.06402422450566439,0.0,0.0
zhen23,04,0.02,True,mtme_BLEU-refA,-0.01816584702919169,0.0,0.0
zhen23,04,0.02,True,mtme_BLEURT-20-refA,0.049801176627748016,0.0,0.0
zhen23,04,0.02,True,mtme_COMET-refA,0.08909178139195223,0.0,0.0
zhen23,04,0.02,True,mtme_Calibri-COMET22-QE-src,0.19464200081813504,0.0,0.0
zhen23,04,0.02,True,mtme_Calibri-COMET22-refA,0.07841648508900635,0.0,0.0
zhen23,04,0.02,True,mtme_CometKiwi-XL-src,0.2077014698312019,0.0,0.0
zhen23,04,0.02,True,mtme_CometKiwi-XXL-src,0.21875086486865034,0.0,0.0
zhen23,04,0.02,True,mtme_CometKiwi-src,0.2095927699642415,0.0,0.0
zhen23,04,0.02,True,mtme_GEMBA-MQM-src,0.33333425019070756,0.0,0.0
zhen23,04,0.02,True,mtme_KG-BERTScore-src,0.18697817285863072,0.0,0.0
zhen23,04,0.02,True,mtme_MEE4-refA,0.01693944048520464,0.0,0.0
zhen23,04,0.02,True,mtme_MS-COMET-QE-22-src,0.13755674741954022,0.0,0.0
zhen23,04,0.02,True,mtme_MaTESe-refA,0.2032133330635582,0.0,0.0
zhen23,04,0.02,True,mtme_MetricX-23-QE-b-src,0.4452539140646905,0.0,0.0
zhen23,04,0.02,True,mtme_MetricX-23-QE-c-src,0.43916926811283913,0.0,0.0
zhen23,04,0.02,True,mtme_MetricX-23-QE-src,0.42094161482876424,0.0,0.0
zhen23,04,0.02,True,mtme_MetricX-23-b-refA,0.22815852451562868,0.0,0.0
zhen23,04,0.02,True,mtme_MetricX-23-c-refA,0.290750611864914,0.0,0.0
zhen23,04,0.02,True,mtme_MetricX-23-refA,0.2457903314948477,0.0,0.0
zhen23,04,0.02,True,mtme_XCOMET-Ensemble-refA,0.3415890876888851,0.0,0.0
zhen23,04,0.02,True,mtme_XCOMET-QE-Ensemble-src,0.43188418283765895,0.0,0.0
zhen23,04,0.02,True,mtme_XCOMET-XL-refA,0.2713749811111641,0.0,0.0
zhen23,04,0.02,True,mtme_XCOMET-XXL-refA,0.32600621864265267,0.0,0.0
zhen23,04,0.02,True,mtme_XLsim-refA,-0.026649812096612234,0.0,0.0
zhen23,04,0.02,True,mtme_YiSi-1-refA,-0.05601548292435077,0.0,0.0
zhen23,04,0.02,True,mtme_chrF-refA,-0.020270571136675974,0.0,0.0
zhen23,04,0.02,True,mtme_cometoid22-wmt21-src,0.18332050821531626,0.0,0.0
zhen23,04,0.02,True,mtme_cometoid22-wmt22-src,0.20481414292511216,0.0,0.0
zhen23,04,0.02,True,mtme_cometoid22-wmt23-src,0.20065653342157225,0.0,0.0
zhen23,04,0.02,True,mtme_docWMT22CometDA-refA,0.053857868788589065,0.0,0.0
zhen23,04,0.02,True,mtme_docWMT22CometKiwiDA-src,0.137811870578493,0.0,0.0
zhen23,04,0.02,True,mtme_eBLEU-refA,0.04826330462841845,0.0,0.0
zhen23,04,0.02,True,mtme_embed_llama-refA,0.033564010421967966,0.0,0.0
zhen23,04,0.02,True,mtme_f200spBLEU-refA,-0.01918329641323012,0.0,0.0
zhen23,04,0.02,True,mtme_instructscore-refA,0.04454560340224002,0.0,0.0
zhen23,04,0.02,True,mtme_mbr-metricx-qe-src,0.23428652888603285,0.0,0.0
zhen23,04,0.02,True,mtme_mre-score-labse-regular-refA,0.07173057724725229,0.0,0.0
zhen23,04,0.02,True,mtme_prismRef-refA,-0.036257037903625715,0.0,0.0
zhen23,04,0.02,True,mtme_prismSrc-src,-0.0020423278417592825,0.0,0.0
zhen23,04,0.02,True,mtme_sescoreX-refA,-0.039191851129261566,0.0,0.0
zhen23,04,0.02,True,mtme_tokengram_F-refA,-0.017146945777237087,0.0,0.0
zhen23,05,0.01,True,mtme_BERTscore-refA,0.060186110955090154,0.0,0.0
zhen23,05,0.01,True,mtme_BLEU-refA,-0.004560333530488221,0.0,0.0
zhen23,05,0.01,True,mtme_BLEURT-20-refA,0.22492519289717644,0.0,0.0
zhen23,05,0.01,True,mtme_COMET-refA,0.20691913993021643,0.0,0.0
zhen23,05,0.01,True,mtme_Calibri-COMET22-QE-src,0.16598684308809378,0.0,0.0
zhen23,05,0.01,True,mtme_Calibri-COMET22-refA,0.13655221017003727,0.0,0.0
zhen23,05,0.01,True,mtme_CometKiwi-XL-src,0.23447424464281952,0.0,0.0
zhen23,05,0.01,True,mtme_CometKiwi-XXL-src,0.2262752832325282,0.0,0.0
zhen23,05,0.01,True,mtme_CometKiwi-src,0.2464602176836671,0.0,0.0
zhen23,05,0.01,True,mtme_GEMBA-MQM-src,0.35628879662967383,0.0,0.0
zhen23,05,0.01,True,mtme_KG-BERTScore-src,0.2219098995184162,0.0,0.0
zhen23,05,0.01,True,mtme_MEE4-refA,0.015156482086672174,0.0,0.0
zhen23,05,0.01,True,mtme_MS-COMET-QE-22-src,0.24449215579628472,0.0,0.0
zhen23,05,0.01,True,mtme_MaTESe-refA,0.32478369576182187,0.0,0.0
zhen23,05,0.01,True,mtme_MetricX-23-QE-b-src,0.5327813736953584,0.0,0.0
zhen23,05,0.01,True,mtme_MetricX-23-QE-c-src,0.44562207179746105,0.0,0.0
zhen23,05,0.01,True,mtme_MetricX-23-QE-src,0.5121178522620373,0.0,0.0
zhen23,05,0.01,True,mtme_MetricX-23-b-refA,0.49820577203825245,0.0,0.0
zhen23,05,0.01,True,mtme_MetricX-23-c-refA,0.30187459278715595,0.0,0.0
zhen23,05,0.01,True,mtme_MetricX-23-refA,0.49856318980609726,0.0,0.0
zhen23,05,0.01,True,mtme_XCOMET-Ensemble-refA,0.4896147179027578,0.0,0.0
zhen23,05,0.01,True,mtme_XCOMET-QE-Ensemble-src,0.4817339247436418,0.0,0.0
zhen23,05,0.01,True,mtme_XCOMET-XL-refA,0.4831541426107594,0.0,0.0
zhen23,05,0.01,True,mtme_XCOMET-XXL-refA,0.46520966971838473,0.0,0.0
zhen23,05,0.01,True,mtme_XLsim-refA,-0.06885166653919342,0.0,0.0
zhen23,05,0.01,True,mtme_YiSi-1-refA,0.0673988253970268,0.0,0.0
zhen23,05,0.01,True,mtme_chrF-refA,0.004115006457545575,0.0,0.0
zhen23,05,0.01,True,mtme_cometoid22-wmt21-src,0.2648841162221311,0.0,0.0
zhen23,05,0.01,True,mtme_cometoid22-wmt22-src,0.2945871976137254,0.0,0.0
zhen23,05,0.01,True,mtme_cometoid22-wmt23-src,0.2574907729780205,0.0,0.0
zhen23,05,0.01,True,mtme_docWMT22CometDA-refA,0.16938714911783073,0.0,0.0
zhen23,05,0.01,True,mtme_docWMT22CometKiwiDA-src,0.18716153579385744,0.0,0.0
zhen23,05,0.01,True,mtme_eBLEU-refA,0.02044603161368152,0.0,0.0
zhen23,05,0.01,True,mtme_embed_llama-refA,0.04944101223294374,0.0,0.0
zhen23,05,0.01,True,mtme_f200spBLEU-refA,0.012275671569297531,0.0,0.0
zhen23,05,0.01,True,mtme_instructscore-refA,0.3072234863733824,0.0,0.0
zhen23,05,0.01,True,mtme_mbr-metricx-qe-src,0.380932689144036,0.0,0.0
zhen23,05,0.01,True,mtme_mre-score-labse-regular-refA,0.06159708970337571,0.0,0.0
zhen23,05,0.01,True,mtme_prismRef-refA,0.09471399258043187,0.0,0.0
zhen23,05,0.01,True,mtme_prismSrc-src,-0.03631200721594958,0.0,0.0
zhen23,05,0.01,True,mtme_sescoreX-refA,0.20298769704149067,0.0,0.0
zhen23,05,0.01,True,mtme_tokengram_F-refA,0.0023953748211835418,0.0,0.0
zhen23,05,0.02,True,mtme_BERTscore-refA,0.060186110955090154,0.0,0.0
zhen23,05,0.02,True,mtme_BLEU-refA,-0.004560333530488221,0.0,0.0
zhen23,05,0.02,True,mtme_BLEURT-20-refA,0.22492519289717644,0.0,0.0
zhen23,05,0.02,True,mtme_COMET-refA,0.20691913993021643,0.0,0.0
zhen23,05,0.02,True,mtme_Calibri-COMET22-QE-src,0.16598684308809378,0.0,0.0
zhen23,05,0.02,True,mtme_Calibri-COMET22-refA,0.13655221017003727,0.0,0.0
zhen23,05,0.02,True,mtme_CometKiwi-XL-src,0.23447424464281952,0.0,0.0
zhen23,05,0.02,True,mtme_CometKiwi-XXL-src,0.2262752832325282,0.0,0.0
zhen23,05,0.02,True,mtme_CometKiwi-src,0.2464602176836671,0.0,0.0
zhen23,05,0.02,True,mtme_GEMBA-MQM-src,0.35628879662967383,0.0,0.0
zhen23,05,0.02,True,mtme_KG-BERTScore-src,0.2219098995184162,0.0,0.0
zhen23,05,0.02,True,mtme_MEE4-refA,0.015156482086672174,0.0,0.0
zhen23,05,0.02,True,mtme_MS-COMET-QE-22-src,0.24449215579628472,0.0,0.0
zhen23,05,0.02,True,mtme_MaTESe-refA,0.32478369576182187,0.0,0.0
zhen23,05,0.02,True,mtme_MetricX-23-QE-b-src,0.5327813736953584,0.0,0.0
zhen23,05,0.02,True,mtme_MetricX-23-QE-c-src,0.44562207179746105,0.0,0.0
zhen23,05,0.02,True,mtme_MetricX-23-QE-src,0.5121178522620373,0.0,0.0
zhen23,05,0.02,True,mtme_MetricX-23-b-refA,0.49820577203825245,0.0,0.0
zhen23,05,0.02,True,mtme_MetricX-23-c-refA,0.30187459278715595,0.0,0.0
zhen23,05,0.02,True,mtme_MetricX-23-refA,0.49856318980609726,0.0,0.0
zhen23,05,0.02,True,mtme_XCOMET-Ensemble-refA,0.4896147179027578,0.0,0.0
zhen23,05,0.02,True,mtme_XCOMET-QE-Ensemble-src,0.4817339247436418,0.0,0.0
zhen23,05,0.02,True,mtme_XCOMET-XL-refA,0.4831541426107594,0.0,0.0
zhen23,05,0.02,True,mtme_XCOMET-XXL-refA,0.46520966971838473,0.0,0.0
zhen23,05,0.02,True,mtme_XLsim-refA,-0.06885166653919342,0.0,0.0
zhen23,05,0.02,True,mtme_YiSi-1-refA,0.0673988253970268,0.0,0.0
zhen23,05,0.02,True,mtme_chrF-refA,0.004115006457545575,0.0,0.0
zhen23,05,0.02,True,mtme_cometoid22-wmt21-src,0.2648841162221311,0.0,0.0
zhen23,05,0.02,True,mtme_cometoid22-wmt22-src,0.2945871976137254,0.0,0.0
zhen23,05,0.02,True,mtme_cometoid22-wmt23-src,0.2574907729780205,0.0,0.0
zhen23,05,0.02,True,mtme_docWMT22CometDA-refA,0.16938714911783073,0.0,0.0
zhen23,05,0.02,True,mtme_docWMT22CometKiwiDA-src,0.18716153579385744,0.0,0.0
zhen23,05,0.02,True,mtme_eBLEU-refA,0.02044603161368152,0.0,0.0
zhen23,05,0.02,True,mtme_embed_llama-refA,0.04944101223294374,0.0,0.0
zhen23,05,0.02,True,mtme_f200spBLEU-refA,0.012275671569297531,0.0,0.0
zhen23,05,0.02,True,mtme_instructscore-refA,0.3072234863733824,0.0,0.0
zhen23,05,0.02,True,mtme_mbr-metricx-qe-src,0.380932689144036,0.0,0.0
zhen23,05,0.02,True,mtme_mre-score-labse-regular-refA,0.06159708970337571,0.0,0.0
zhen23,05,0.02,True,mtme_prismRef-refA,0.09471399258043187,0.0,0.0
zhen23,05,0.02,True,mtme_prismSrc-src,-0.03631200721594958,0.0,0.0
zhen23,05,0.02,True,mtme_sescoreX-refA,0.20298769704149067,0.0,0.0
zhen23,05,0.02,True,mtme_tokengram_F-refA,0.0023953748211835418,0.0,0.0
zhen23,12,0.01,True,mtme_BERTscore-refA,-0.025638127088814515,0.0,0.0
zhen23,12,0.01,True,mtme_BLEU-refA,-0.01758107785113959,0.0,0.0
zhen23,12,0.01,True,mtme_BLEURT-20-refA,0.07338961800338803,0.0,0.0
zhen23,12,0.01,True,mtme_COMET-refA,0.11759370315269688,0.0,0.0
zhen23,12,0.01,True,mtme_Calibri-COMET22-QE-src,0.2581182836523749,0.0,0.0
zhen23,12,0.01,True,mtme_Calibri-COMET22-refA,0.10093347664788693,0.0,0.0
zhen23,12,0.01,True,mtme_CometKiwi-XL-src,0.23402121162863418,0.0,0.0
zhen23,12,0.01,True,mtme_CometKiwi-XXL-src,0.19366149387581746,0.0,0.0
zhen23,12,0.01,True,mtme_CometKiwi-src,0.2861864396929199,0.0,0.0
zhen23,12,0.01,True,mtme_GEMBA-MQM-src,0.34091693585339056,0.0,0.0
zhen23,12,0.01,True,mtme_KG-BERTScore-src,0.2592218941673383,0.0,0.0
zhen23,12,0.01,True,mtme_MEE4-refA,0.01326415652162808,0.0,0.0
zhen23,12,0.01,True,mtme_MS-COMET-QE-22-src,0.15413085687333494,0.0,0.0
zhen23,12,0.01,True,mtme_MaTESe-refA,0.24138006197403772,0.0,0.0
zhen23,12,0.01,True,mtme_MetricX-23-QE-b-src,0.42820175379375147,0.0,0.0
zhen23,12,0.01,True,mtme_MetricX-23-QE-c-src,0.40102233872708415,0.0,0.0
zhen23,12,0.01,True,mtme_MetricX-23-QE-src,0.38948475294640794,0.0,0.0
zhen23,12,0.01,True,mtme_MetricX-23-b-refA,0.24787321702587722,0.0,0.0
zhen23,12,0.01,True,mtme_MetricX-23-c-refA,0.2886209968080762,0.0,0.0
zhen23,12,0.01,True,mtme_MetricX-23-refA,0.24197939841955796,0.0,0.0
zhen23,12,0.01,True,mtme_XCOMET-Ensemble-refA,0.34148665567929387,0.0,0.0
zhen23,12,0.01,True,mtme_XCOMET-QE-Ensemble-src,0.39183283214622333,0.0,0.0
zhen23,12,0.01,True,mtme_XCOMET-XL-refA,0.29167460377868737,0.0,0.0
zhen23,12,0.01,True,mtme_XCOMET-XXL-refA,0.32158763651325817,0.0,0.0
zhen23,12,0.01,True,mtme_XLsim-refA,-0.023703660084149862,0.0,0.0
zhen23,12,0.01,True,mtme_YiSi-1-refA,-0.019503501649103895,0.0,0.0
zhen23,12,0.01,True,mtme_chrF-refA,-0.016075470338241263,0.0,0.0
zhen23,12,0.01,True,mtme_cometoid22-wmt21-src,0.2214565089221028,0.0,0.0
zhen23,12,0.01,True,mtme_cometoid22-wmt22-src,0.23695479970870875,0.0,0.0
zhen23,12,0.01,True,mtme_cometoid22-wmt23-src,0.23295108899672148,0.0,0.0
zhen23,12,0.01,True,mtme_docWMT22CometDA-refA,0.09685809371820506,0.0,0.0
zhen23,12,0.01,True,mtme_docWMT22CometKiwiDA-src,0.2079769319880301,0.0,0.0
zhen23,12,0.01,True,mtme_eBLEU-refA,0.04427730518077548,0.0,0.0
zhen23,12,0.01,True,mtme_embed_llama-refA,0.0336376345563847,0.0,0.0
zhen23,12,0.01,True,mtme_f200spBLEU-refA,-0.030236418381840942,0.0,0.0
zhen23,12,0.01,True,mtme_instructscore-refA,0.10018278221848875,0.0,0.0
zhen23,12,0.01,True,mtme_mbr-metricx-qe-src,0.29389216590654016,0.0,0.0
zhen23,12,0.01,True,mtme_mre-score-labse-regular-refA,0.07446127599046573,0.0,0.0
zhen23,12,0.01,True,mtme_prismRef-refA,0.006825327717722082,0.0,0.0
zhen23,12,0.01,True,mtme_prismSrc-src,0.0066330455445189705,0.0,0.0
zhen23,12,0.01,True,mtme_sescoreX-refA,-0.02203378584385343,0.0,0.0
zhen23,12,0.01,True,mtme_tokengram_F-refA,-0.013366699286459092,0.0,0.0
zhen23,12,0.02,True,mtme_BERTscore-refA,-0.025638127088814515,0.0,0.0
zhen23,12,0.02,True,mtme_BLEU-refA,-0.01758107785113959,0.0,0.0
zhen23,12,0.02,True,mtme_BLEURT-20-refA,0.07338961800338803,0.0,0.0
zhen23,12,0.02,True,mtme_COMET-refA,0.11759370315269688,0.0,0.0
zhen23,12,0.02,True,mtme_Calibri-COMET22-QE-src,0.2581182836523749,0.0,0.0
zhen23,12,0.02,True,mtme_Calibri-COMET22-refA,0.10093347664788693,0.0,0.0
zhen23,12,0.02,True,mtme_CometKiwi-XL-src,0.23402121162863418,0.0,0.0
zhen23,12,0.02,True,mtme_CometKiwi-XXL-src,0.19366149387581746,0.0,0.0
zhen23,12,0.02,True,mtme_CometKiwi-src,0.2861864396929199,0.0,0.0
zhen23,12,0.02,True,mtme_GEMBA-MQM-src,0.34091693585339056,0.0,0.0
zhen23,12,0.02,True,mtme_KG-BERTScore-src,0.2592218941673383,0.0,0.0
zhen23,12,0.02,True,mtme_MEE4-refA,0.01326415652162808,0.0,0.0
zhen23,12,0.02,True,mtme_MS-COMET-QE-22-src,0.15413085687333494,0.0,0.0
zhen23,12,0.02,True,mtme_MaTESe-refA,0.24138006197403772,0.0,0.0
zhen23,12,0.02,True,mtme_MetricX-23-QE-b-src,0.42820175379375147,0.0,0.0
zhen23,12,0.02,True,mtme_MetricX-23-QE-c-src,0.40102233872708415,0.0,0.0
zhen23,12,0.02,True,mtme_MetricX-23-QE-src,0.38948475294640794,0.0,0.0
zhen23,12,0.02,True,mtme_MetricX-23-b-refA,0.24787321702587722,0.0,0.0
zhen23,12,0.02,True,mtme_MetricX-23-c-refA,0.2886209968080762,0.0,0.0
zhen23,12,0.02,True,mtme_MetricX-23-refA,0.24197939841955796,0.0,0.0
zhen23,12,0.02,True,mtme_XCOMET-Ensemble-refA,0.34148665567929387,0.0,0.0
zhen23,12,0.02,True,mtme_XCOMET-QE-Ensemble-src,0.39183283214622333,0.0,0.0
zhen23,12,0.02,True,mtme_XCOMET-XL-refA,0.29167460377868737,0.0,0.0
zhen23,12,0.02,True,mtme_XCOMET-XXL-refA,0.32158763651325817,0.0,0.0
zhen23,12,0.02,True,mtme_XLsim-refA,-0.023703660084149862,0.0,0.0
zhen23,12,0.02,True,mtme_YiSi-1-refA,-0.019503501649103895,0.0,0.0
zhen23,12,0.02,True,mtme_chrF-refA,-0.016075470338241263,0.0,0.0
zhen23,12,0.02,True,mtme_cometoid22-wmt21-src,0.2214565089221028,0.0,0.0
zhen23,12,0.02,True,mtme_cometoid22-wmt22-src,0.23695479970870875,0.0,0.0
zhen23,12,0.02,True,mtme_cometoid22-wmt23-src,0.23295108899672148,0.0,0.0
zhen23,12,0.02,True,mtme_docWMT22CometDA-refA,0.09685809371820506,0.0,0.0
zhen23,12,0.02,True,mtme_docWMT22CometKiwiDA-src,0.2079769319880301,0.0,0.0
zhen23,12,0.02,True,mtme_eBLEU-refA,0.04427730518077548,0.0,0.0
zhen23,12,0.02,True,mtme_embed_llama-refA,0.0336376345563847,0.0,0.0
zhen23,12,0.02,True,mtme_f200spBLEU-refA,-0.030236418381840942,0.0,0.0
zhen23,12,0.02,True,mtme_instructscore-refA,0.10018278221848875,0.0,0.0
zhen23,12,0.02,True,mtme_mbr-metricx-qe-src,0.29389216590654016,0.0,0.0
zhen23,12,0.02,True,mtme_mre-score-labse-regular-refA,0.07446127599046573,0.0,0.0
zhen23,12,0.02,True,mtme_prismRef-refA,0.006825327717722082,0.0,0.0
zhen23,12,0.02,True,mtme_prismSrc-src,0.0066330455445189705,0.0,0.0
zhen23,12,0.02,True,mtme_sescoreX-refA,-0.02203378584385343,0.0,0.0
zhen23,12,0.02,True,mtme_tokengram_F-refA,-0.013366699286459092,0.0,0.0
zhen23,13,0.01,True,mtme_BERTscore-refA,-0.029219065927686458,0.0,0.0
zhen23,13,0.01,True,mtme_BLEU-refA,-0.019018422654262818,0.0,0.0
zhen23,13,0.01,True,mtme_BLEURT-20-refA,0.07819247876031774,0.0,0.0
zhen23,13,0.01,True,mtme_COMET-refA,0.11862183458445132,0.0,0.0
zhen23,13,0.01,True,mtme_Calibri-COMET22-QE-src,0.26179168947359444,0.0,0.0
zhen23,13,0.01,True,mtme_Calibri-COMET22-refA,0.09293495014538167,0.0,0.0
zhen23,13,0.01,True,mtme_CometKiwi-XL-src,0.234362161563233,0.0,0.0
zhen23,13,0.01,True,mtme_CometKiwi-XXL-src,0.20359718633340657,0.0,0.0
zhen23,13,0.01,True,mtme_CometKiwi-src,0.2881260102688395,0.0,0.0
zhen23,13,0.01,True,mtme_GEMBA-MQM-src,0.32309268548567316,0.0,0.0
zhen23,13,0.01,True,mtme_KG-BERTScore-src,0.2603003874896048,0.0,0.0
zhen23,13,0.01,True,mtme_MEE4-refA,0.007725673414018563,0.0,0.0
zhen23,13,0.01,True,mtme_MS-COMET-QE-22-src,0.17351403880075517,0.0,0.0
zhen23,13,0.01,True,mtme_MaTESe-refA,0.23171509777373434,0.0,0.0
zhen23,13,0.01,True,mtme_MetricX-23-QE-b-src,0.4537884289349611,0.0,0.0
zhen23,13,0.01,True,mtme_MetricX-23-QE-c-src,0.403559423948699,0.0,0.0
zhen23,13,0.01,True,mtme_MetricX-23-QE-src,0.42356406139598457,0.0,0.0
zhen23,13,0.01,True,mtme_MetricX-23-b-refA,0.2631219826173651,0.0,0.0
zhen23,13,0.01,True,mtme_MetricX-23-c-refA,0.28793296277421876,0.0,0.0
zhen23,13,0.01,True,mtme_MetricX-23-refA,0.270234184034625,0.0,0.0
zhen23,13,0.01,True,mtme_XCOMET-Ensemble-refA,0.35467748293752516,0.0,0.0
zhen23,13,0.01,True,mtme_XCOMET-QE-Ensemble-src,0.4213754136371404,0.0,0.0
zhen23,13,0.01,True,mtme_XCOMET-XL-refA,0.2939814905933512,0.0,0.0
zhen23,13,0.01,True,mtme_XCOMET-XXL-refA,0.34428311638219555,0.0,0.0
zhen23,13,0.01,True,mtme_XLsim-refA,-0.0484771524177553,0.0,0.0
zhen23,13,0.01,True,mtme_YiSi-1-refA,-0.025247981370678435,0.0,0.0
zhen23,13,0.01,True,mtme_chrF-refA,-0.022901777444901475,0.0,0.0
zhen23,13,0.01,True,mtme_cometoid22-wmt21-src,0.2280922931631328,0.0,0.0
zhen23,13,0.01,True,mtme_cometoid22-wmt22-src,0.2422249991370491,0.0,0.0
zhen23,13,0.01,True,mtme_cometoid22-wmt23-src,0.2408824977749266,0.0,0.0
zhen23,13,0.01,True,mtme_docWMT22CometDA-refA,0.10253610345003594,0.0,0.0
zhen23,13,0.01,True,mtme_docWMT22CometKiwiDA-src,0.1834790539982385,0.0,0.0
zhen23,13,0.01,True,mtme_eBLEU-refA,0.03996630509024346,0.0,0.0
zhen23,13,0.01,True,mtme_embed_llama-refA,0.021263478497742846,0.0,0.0
zhen23,13,0.01,True,mtme_f200spBLEU-refA,-0.03009735635814418,0.0,0.0
zhen23,13,0.01,True,mtme_instructscore-refA,0.0972331724063216,0.0,0.0
zhen23,13,0.01,True,mtme_mbr-metricx-qe-src,0.29431335644030365,0.0,0.0
zhen23,13,0.01,True,mtme_mre-score-labse-regular-refA,0.08563889834703825,0.0,0.0
zhen23,13,0.01,True,mtme_prismRef-refA,0.004631291944026008,0.0,0.0
zhen23,13,0.01,True,mtme_prismSrc-src,0.0021732097732252076,0.0,0.0
zhen23,13,0.01,True,mtme_sescoreX-refA,-0.023265383041090267,0.0,0.0
zhen23,13,0.01,True,mtme_tokengram_F-refA,-0.020279472749166666,0.0,0.0
zhen23,13,0.02,True,mtme_BERTscore-refA,-0.029219065927686458,0.0,0.0
zhen23,13,0.02,True,mtme_BLEU-refA,-0.019018422654262818,0.0,0.0
zhen23,13,0.02,True,mtme_BLEURT-20-refA,0.07819247876031774,0.0,0.0
zhen23,13,0.02,True,mtme_COMET-refA,0.11862183458445132,0.0,0.0
zhen23,13,0.02,True,mtme_Calibri-COMET22-QE-src,0.26179168947359444,0.0,0.0
zhen23,13,0.02,True,mtme_Calibri-COMET22-refA,0.09293495014538167,0.0,0.0
zhen23,13,0.02,True,mtme_CometKiwi-XL-src,0.234362161563233,0.0,0.0
zhen23,13,0.02,True,mtme_CometKiwi-XXL-src,0.20359718633340657,0.0,0.0
zhen23,13,0.02,True,mtme_CometKiwi-src,0.2881260102688395,0.0,0.0
zhen23,13,0.02,True,mtme_GEMBA-MQM-src,0.32309268548567316,0.0,0.0
zhen23,13,0.02,True,mtme_KG-BERTScore-src,0.2603003874896048,0.0,0.0
zhen23,13,0.02,True,mtme_MEE4-refA,0.007725673414018563,0.0,0.0
zhen23,13,0.02,True,mtme_MS-COMET-QE-22-src,0.17351403880075517,0.0,0.0
zhen23,13,0.02,True,mtme_MaTESe-refA,0.23171509777373434,0.0,0.0
zhen23,13,0.02,True,mtme_MetricX-23-QE-b-src,0.4537884289349611,0.0,0.0
zhen23,13,0.02,True,mtme_MetricX-23-QE-c-src,0.403559423948699,0.0,0.0
zhen23,13,0.02,True,mtme_MetricX-23-QE-src,0.42356406139598457,0.0,0.0
zhen23,13,0.02,True,mtme_MetricX-23-b-refA,0.2631219826173651,0.0,0.0
zhen23,13,0.02,True,mtme_MetricX-23-c-refA,0.28793296277421876,0.0,0.0
zhen23,13,0.02,True,mtme_MetricX-23-refA,0.270234184034625,0.0,0.0
zhen23,13,0.02,True,mtme_XCOMET-Ensemble-refA,0.35467748293752516,0.0,0.0
zhen23,13,0.02,True,mtme_XCOMET-QE-Ensemble-src,0.4213754136371404,0.0,0.0
zhen23,13,0.02,True,mtme_XCOMET-XL-refA,0.2939814905933512,0.0,0.0
zhen23,13,0.02,True,mtme_XCOMET-XXL-refA,0.34428311638219555,0.0,0.0
zhen23,13,0.02,True,mtme_XLsim-refA,-0.0484771524177553,0.0,0.0
zhen23,13,0.02,True,mtme_YiSi-1-refA,-0.025247981370678435,0.0,0.0
zhen23,13,0.02,True,mtme_chrF-refA,-0.022901777444901475,0.0,0.0
zhen23,13,0.02,True,mtme_cometoid22-wmt21-src,0.2280922931631328,0.0,0.0
zhen23,13,0.02,True,mtme_cometoid22-wmt22-src,0.2422249991370491,0.0,0.0
zhen23,13,0.02,True,mtme_cometoid22-wmt23-src,0.2408824977749266,0.0,0.0
zhen23,13,0.02,True,mtme_docWMT22CometDA-refA,0.10253610345003594,0.0,0.0
zhen23,13,0.02,True,mtme_docWMT22CometKiwiDA-src,0.1834790539982385,0.0,0.0
zhen23,13,0.02,True,mtme_eBLEU-refA,0.03996630509024346,0.0,0.0
zhen23,13,0.02,True,mtme_embed_llama-refA,0.021263478497742846,0.0,0.0
zhen23,13,0.02,True,mtme_f200spBLEU-refA,-0.03009735635814418,0.0,0.0
zhen23,13,0.02,True,mtme_instructscore-refA,0.0972331724063216,0.0,0.0
zhen23,13,0.02,True,mtme_mbr-metricx-qe-src,0.29431335644030365,0.0,0.0
zhen23,13,0.02,True,mtme_mre-score-labse-regular-refA,0.08563889834703825,0.0,0.0
zhen23,13,0.02,True,mtme_prismRef-refA,0.004631291944026008,0.0,0.0
zhen23,13,0.02,True,mtme_prismSrc-src,0.0021732097732252076,0.0,0.0
zhen23,13,0.02,True,mtme_sescoreX-refA,-0.023265383041090267,0.0,0.0
zhen23,13,0.02,True,mtme_tokengram_F-refA,-0.020279472749166666,0.0,0.0
zhen23,14,0.01,True,mtme_BERTscore-refA,-0.03334632135630241,0.0,0.0
zhen23,14,0.01,True,mtme_BLEU-refA,-0.027904821417991776,0.0,0.0
zhen23,14,0.01,True,mtme_BLEURT-20-refA,0.05443392333371657,0.0,0.0
zhen23,14,0.01,True,mtme_COMET-refA,0.09923297517503248,0.0,0.0
zhen23,14,0.01,True,mtme_Calibri-COMET22-QE-src,0.23165533185386813,0.0,0.0
zhen23,14,0.01,True,mtme_Calibri-COMET22-refA,0.05895924842521518,0.0,0.0
zhen23,14,0.01,True,mtme_CometKiwi-XL-src,0.2107720212094384,0.0,0.0
zhen23,14,0.01,True,mtme_CometKiwi-XXL-src,0.17757401270475112,0.0,0.0
zhen23,14,0.01,True,mtme_CometKiwi-src,0.2409448421404505,0.0,0.0
zhen23,14,0.01,True,mtme_GEMBA-MQM-src,0.31646271714364427,0.0,0.0
zhen23,14,0.01,True,mtme_KG-BERTScore-src,0.20201529479697922,0.0,0.0
zhen23,14,0.01,True,mtme_MEE4-refA,0.012524404128018198,0.0,0.0
zhen23,14,0.01,True,mtme_MS-COMET-QE-22-src,0.1366329133480128,0.0,0.0
zhen23,14,0.01,True,mtme_MaTESe-refA,0.23537896710001605,0.0,0.0
zhen23,14,0.01,True,mtme_MetricX-23-QE-b-src,0.4319798625547075,0.0,0.0
zhen23,14,0.01,True,mtme_MetricX-23-QE-c-src,0.4052039885900863,0.0,0.0
zhen23,14,0.01,True,mtme_MetricX-23-QE-src,0.3882621633790445,0.0,0.0
zhen23,14,0.01,True,mtme_MetricX-23-b-refA,0.2448297517431784,0.0,0.0
zhen23,14,0.01,True,mtme_MetricX-23-c-refA,0.2853041858783628,0.0,0.0
zhen23,14,0.01,True,mtme_MetricX-23-refA,0.2425158179826094,0.0,0.0
zhen23,14,0.01,True,mtme_XCOMET-Ensemble-refA,0.31772231642626464,0.0,0.0
zhen23,14,0.01,True,mtme_XCOMET-QE-Ensemble-src,0.38233390556391644,0.0,0.0
zhen23,14,0.01,True,mtme_XCOMET-XL-refA,0.27877103158737,0.0,0.0
zhen23,14,0.01,True,mtme_XCOMET-XXL-refA,0.2923436802033312,0.0,0.0
zhen23,14,0.01,True,mtme_XLsim-refA,-0.024753285035748127,0.0,0.0
zhen23,14,0.01,True,mtme_YiSi-1-refA,-0.03514275236403158,0.0,0.0
zhen23,14,0.01,True,mtme_chrF-refA,-0.029868063666560515,0.0,0.0
zhen23,14,0.01,True,mtme_cometoid22-wmt21-src,0.18821804038969514,0.0,0.0
zhen23,14,0.01,True,mtme_cometoid22-wmt22-src,0.21620010941737058,0.0,0.0
zhen23,14,0.01,True,mtme_cometoid22-wmt23-src,0.21577023435282727,0.0,0.0
zhen23,14,0.01,True,mtme_docWMT22CometDA-refA,0.07256953129357602,0.0,0.0
zhen23,14,0.01,True,mtme_docWMT22CometKiwiDA-src,0.17434974313566132,0.0,0.0
zhen23,14,0.01,True,mtme_eBLEU-refA,0.051870615951773384,0.0,0.0
zhen23,14,0.01,True,mtme_embed_llama-refA,0.03167550390683837,0.0,0.0
zhen23,14,0.01,True,mtme_f200spBLEU-refA,-0.03842836030921429,0.0,0.0
zhen23,14,0.01,True,mtme_instructscore-refA,0.0703372470367782,0.0,0.0
zhen23,14,0.01,True,mtme_mbr-metricx-qe-src,0.25085184486248086,0.0,0.0
zhen23,14,0.01,True,mtme_mre-score-labse-regular-refA,0.048305990686434305,0.0,0.0
zhen23,14,0.01,True,mtme_prismRef-refA,-0.004632559694164564,0.0,0.0
zhen23,14,0.01,True,mtme_prismSrc-src,-0.019284018000992116,0.0,0.0
zhen23,14,0.01,True,mtme_sescoreX-refA,-0.04094496087227328,0.0,0.0
zhen23,14,0.01,True,mtme_tokengram_F-refA,-0.028808217327013753,0.0,0.0
zhen23,14,0.02,True,mtme_BERTscore-refA,-0.03334632135630241,0.0,0.0
zhen23,14,0.02,True,mtme_BLEU-refA,-0.027904821417991776,0.0,0.0
zhen23,14,0.02,True,mtme_BLEURT-20-refA,0.05443392333371657,0.0,0.0
zhen23,14,0.02,True,mtme_COMET-refA,0.09923297517503248,0.0,0.0
zhen23,14,0.02,True,mtme_Calibri-COMET22-QE-src,0.23165533185386813,0.0,0.0
zhen23,14,0.02,True,mtme_Calibri-COMET22-refA,0.05895924842521518,0.0,0.0
zhen23,14,0.02,True,mtme_CometKiwi-XL-src,0.2107720212094384,0.0,0.0
zhen23,14,0.02,True,mtme_CometKiwi-XXL-src,0.17757401270475112,0.0,0.0
zhen23,14,0.02,True,mtme_CometKiwi-src,0.2409448421404505,0.0,0.0
zhen23,14,0.02,True,mtme_GEMBA-MQM-src,0.31646271714364427,0.0,0.0
zhen23,14,0.02,True,mtme_KG-BERTScore-src,0.20201529479697922,0.0,0.0
zhen23,14,0.02,True,mtme_MEE4-refA,0.012524404128018198,0.0,0.0
zhen23,14,0.02,True,mtme_MS-COMET-QE-22-src,0.1366329133480128,0.0,0.0
zhen23,14,0.02,True,mtme_MaTESe-refA,0.23537896710001605,0.0,0.0
zhen23,14,0.02,True,mtme_MetricX-23-QE-b-src,0.4319798625547075,0.0,0.0
zhen23,14,0.02,True,mtme_MetricX-23-QE-c-src,0.4052039885900863,0.0,0.0
zhen23,14,0.02,True,mtme_MetricX-23-QE-src,0.3882621633790445,0.0,0.0
zhen23,14,0.02,True,mtme_MetricX-23-b-refA,0.2448297517431784,0.0,0.0
zhen23,14,0.02,True,mtme_MetricX-23-c-refA,0.2853041858783628,0.0,0.0
zhen23,14,0.02,True,mtme_MetricX-23-refA,0.2425158179826094,0.0,0.0
zhen23,14,0.02,True,mtme_XCOMET-Ensemble-refA,0.31772231642626464,0.0,0.0
zhen23,14,0.02,True,mtme_XCOMET-QE-Ensemble-src,0.38233390556391644,0.0,0.0
zhen23,14,0.02,True,mtme_XCOMET-XL-refA,0.27877103158737,0.0,0.0
zhen23,14,0.02,True,mtme_XCOMET-XXL-refA,0.2923436802033312,0.0,0.0
zhen23,14,0.02,True,mtme_XLsim-refA,-0.024753285035748127,0.0,0.0
zhen23,14,0.02,True,mtme_YiSi-1-refA,-0.03514275236403158,0.0,0.0
zhen23,14,0.02,True,mtme_chrF-refA,-0.029868063666560515,0.0,0.0
zhen23,14,0.02,True,mtme_cometoid22-wmt21-src,0.18821804038969514,0.0,0.0
zhen23,14,0.02,True,mtme_cometoid22-wmt22-src,0.21620010941737058,0.0,0.0
zhen23,14,0.02,True,mtme_cometoid22-wmt23-src,0.21577023435282727,0.0,0.0
zhen23,14,0.02,True,mtme_docWMT22CometDA-refA,0.07256953129357602,0.0,0.0
zhen23,14,0.02,True,mtme_docWMT22CometKiwiDA-src,0.17434974313566132,0.0,0.0
zhen23,14,0.02,True,mtme_eBLEU-refA,0.051870615951773384,0.0,0.0
zhen23,14,0.02,True,mtme_embed_llama-refA,0.03167550390683837,0.0,0.0
zhen23,14,0.02,True,mtme_f200spBLEU-refA,-0.03842836030921429,0.0,0.0
zhen23,14,0.02,True,mtme_instructscore-refA,0.0703372470367782,0.0,0.0
zhen23,14,0.02,True,mtme_mbr-metricx-qe-src,0.25085184486248086,0.0,0.0
zhen23,14,0.02,True,mtme_mre-score-labse-regular-refA,0.048305990686434305,0.0,0.0
zhen23,14,0.02,True,mtme_prismRef-refA,-0.004632559694164564,0.0,0.0
zhen23,14,0.02,True,mtme_prismSrc-src,-0.019284018000992116,0.0,0.0
zhen23,14,0.02,True,mtme_sescoreX-refA,-0.04094496087227328,0.0,0.0
zhen23,14,0.02,True,mtme_tokengram_F-refA,-0.028808217327013753,0.0,0.0
zhen23,15,0.01,True,mtme_BERTscore-refA,0.0514843895617165,0.0,0.0
zhen23,15,0.01,True,mtme_BLEU-refA,0.0004736945366638767,0.0,0.0
zhen23,15,0.01,True,mtme_BLEURT-20-refA,0.22965532225024549,0.0,0.0
zhen23,15,0.01,True,mtme_COMET-refA,0.19866143892382854,0.0,0.0
zhen23,15,0.01,True,mtme_Calibri-COMET22-QE-src,0.17308527077776806,0.0,0.0
zhen23,15,0.01,True,mtme_Calibri-COMET22-refA,0.08954368836603666,0.0,0.0
zhen23,15,0.01,True,mtme_CometKiwi-XL-src,0.17927425461083926,0.0,0.0
zhen23,15,0.01,True,mtme_CometKiwi-XXL-src,0.18144642327719535,0.0,0.0
zhen23,15,0.01,True,mtme_CometKiwi-src,0.22586830067677977,0.0,0.0
zhen23,15,0.01,True,mtme_GEMBA-MQM-src,0.2866295535811192,0.0,0.0
zhen23,15,0.01,True,mtme_KG-BERTScore-src,0.19854512816410752,0.0,0.0
zhen23,15,0.01,True,mtme_MEE4-refA,0.011033765440265577,0.0,0.0
zhen23,15,0.01,True,mtme_MS-COMET-QE-22-src,0.21507507004568321,0.0,0.0
zhen23,15,0.01,True,mtme_MaTESe-refA,0.35999759693313127,0.0,0.0
zhen23,15,0.01,True,mtme_MetricX-23-QE-b-src,0.5089741759540036,0.0,0.0
zhen23,15,0.01,True,mtme_MetricX-23-QE-c-src,0.42310262401764037,0.0,0.0
zhen23,15,0.01,True,mtme_MetricX-23-QE-src,0.47919195644560386,0.0,0.0
zhen23,15,0.01,True,mtme_MetricX-23-b-refA,0.5066628477390329,0.0,0.0
zhen23,15,0.01,True,mtme_MetricX-23-c-refA,0.3190353084536317,0.0,0.0
zhen23,15,0.01,True,mtme_MetricX-23-refA,0.5031555786018144,0.0,0.0
zhen23,15,0.01,True,mtme_XCOMET-Ensemble-refA,0.48882062382072156,0.0,0.0
zhen23,15,0.01,True,mtme_XCOMET-QE-Ensemble-src,0.46950256452380246,0.0,0.0
zhen23,15,0.01,True,mtme_XCOMET-XL-refA,0.48556356551097746,0.0,0.0
zhen23,15,0.01,True,mtme_XCOMET-XXL-refA,0.47721319834425235,0.0,0.0
zhen23,15,0.01,True,mtme_XLsim-refA,-0.08427265754987778,0.0,0.0
zhen23,15,0.01,True,mtme_YiSi-1-refA,0.06061812302337896,0.0,0.0
zhen23,15,0.01,True,mtme_chrF-refA,0.005361488811471425,0.0,0.0
zhen23,15,0.01,True,mtme_cometoid22-wmt21-src,0.2437699258951539,0.0,0.0
zhen23,15,0.01,True,mtme_cometoid22-wmt22-src,0.2748538222491599,0.0,0.0
zhen23,15,0.01,True,mtme_cometoid22-wmt23-src,0.26239216858307546,0.0,0.0
zhen23,15,0.01,True,mtme_docWMT22CometDA-refA,0.17077894334119123,0.0,0.0
zhen23,15,0.01,True,mtme_docWMT22CometKiwiDA-src,0.16837363187968932,0.0,0.0
zhen23,15,0.01,True,mtme_eBLEU-refA,0.024661828157026174,0.0,0.0
zhen23,15,0.01,True,mtme_embed_llama-refA,0.024089726253391487,0.0,0.0
zhen23,15,0.01,True,mtme_f200spBLEU-refA,0.0045923544754566835,0.0,0.0
zhen23,15,0.01,True,mtme_instructscore-refA,0.3201767792020142,0.0,0.0
zhen23,15,0.01,True,mtme_mbr-metricx-qe-src,0.3831853419849986,0.0,0.0
zhen23,15,0.01,True,mtme_mre-score-labse-regular-refA,0.03308092573240329,0.0,0.0
zhen23,15,0.01,True,mtme_prismRef-refA,0.09727048174164105,0.0,0.0
zhen23,15,0.01,True,mtme_prismSrc-src,-0.06011075328388959,0.0,0.0
zhen23,15,0.01,True,mtme_sescoreX-refA,0.21869343485489015,0.0,0.0
zhen23,15,0.01,True,mtme_tokengram_F-refA,0.0020226947444599297,0.0,0.0
zhen23,15,0.02,True,mtme_BERTscore-refA,0.0514843895617165,0.0,0.0
zhen23,15,0.02,True,mtme_BLEU-refA,0.0004736945366638767,0.0,0.0
zhen23,15,0.02,True,mtme_BLEURT-20-refA,0.22965532225024549,0.0,0.0
zhen23,15,0.02,True,mtme_COMET-refA,0.19866143892382854,0.0,0.0
zhen23,15,0.02,True,mtme_Calibri-COMET22-QE-src,0.17308527077776806,0.0,0.0
zhen23,15,0.02,True,mtme_Calibri-COMET22-refA,0.08954368836603666,0.0,0.0
zhen23,15,0.02,True,mtme_CometKiwi-XL-src,0.17927425461083926,0.0,0.0
zhen23,15,0.02,True,mtme_CometKiwi-XXL-src,0.18144642327719535,0.0,0.0
zhen23,15,0.02,True,mtme_CometKiwi-src,0.22586830067677977,0.0,0.0
zhen23,15,0.02,True,mtme_GEMBA-MQM-src,0.2866295535811192,0.0,0.0
zhen23,15,0.02,True,mtme_KG-BERTScore-src,0.19854512816410752,0.0,0.0
zhen23,15,0.02,True,mtme_MEE4-refA,0.011033765440265577,0.0,0.0
zhen23,15,0.02,True,mtme_MS-COMET-QE-22-src,0.21507507004568321,0.0,0.0
zhen23,15,0.02,True,mtme_MaTESe-refA,0.35999759693313127,0.0,0.0
zhen23,15,0.02,True,mtme_MetricX-23-QE-b-src,0.5089741759540036,0.0,0.0
zhen23,15,0.02,True,mtme_MetricX-23-QE-c-src,0.42310262401764037,0.0,0.0
zhen23,15,0.02,True,mtme_MetricX-23-QE-src,0.47919195644560386,0.0,0.0
zhen23,15,0.02,True,mtme_MetricX-23-b-refA,0.5066628477390329,0.0,0.0
zhen23,15,0.02,True,mtme_MetricX-23-c-refA,0.3190353084536317,0.0,0.0
zhen23,15,0.02,True,mtme_MetricX-23-refA,0.5031555786018144,0.0,0.0
zhen23,15,0.02,True,mtme_XCOMET-Ensemble-refA,0.48882062382072156,0.0,0.0
zhen23,15,0.02,True,mtme_XCOMET-QE-Ensemble-src,0.46950256452380246,0.0,0.0
zhen23,15,0.02,True,mtme_XCOMET-XL-refA,0.48556356551097746,0.0,0.0
zhen23,15,0.02,True,mtme_XCOMET-XXL-refA,0.47721319834425235,0.0,0.0
zhen23,15,0.02,True,mtme_XLsim-refA,-0.08427265754987778,0.0,0.0
zhen23,15,0.02,True,mtme_YiSi-1-refA,0.06061812302337896,0.0,0.0
zhen23,15,0.02,True,mtme_chrF-refA,0.005361488811471425,0.0,0.0
zhen23,15,0.02,True,mtme_cometoid22-wmt21-src,0.2437699258951539,0.0,0.0
zhen23,15,0.02,True,mtme_cometoid22-wmt22-src,0.2748538222491599,0.0,0.0
zhen23,15,0.02,True,mtme_cometoid22-wmt23-src,0.26239216858307546,0.0,0.0
zhen23,15,0.02,True,mtme_docWMT22CometDA-refA,0.17077894334119123,0.0,0.0
zhen23,15,0.02,True,mtme_docWMT22CometKiwiDA-src,0.16837363187968932,0.0,0.0
zhen23,15,0.02,True,mtme_eBLEU-refA,0.024661828157026174,0.0,0.0
zhen23,15,0.02,True,mtme_embed_llama-refA,0.024089726253391487,0.0,0.0
zhen23,15,0.02,True,mtme_f200spBLEU-refA,0.0045923544754566835,0.0,0.0
zhen23,15,0.02,True,mtme_instructscore-refA,0.3201767792020142,0.0,0.0
zhen23,15,0.02,True,mtme_mbr-metricx-qe-src,0.3831853419849986,0.0,0.0
zhen23,15,0.02,True,mtme_mre-score-labse-regular-refA,0.03308092573240329,0.0,0.0
zhen23,15,0.02,True,mtme_prismRef-refA,0.09727048174164105,0.0,0.0
zhen23,15,0.02,True,mtme_prismSrc-src,-0.06011075328388959,0.0,0.0
zhen23,15,0.02,True,mtme_sescoreX-refA,0.21869343485489015,0.0,0.0
zhen23,15,0.02,True,mtme_tokengram_F-refA,0.0020226947444599297,0.0,0.0
zhen23,23,0.01,True,mtme_BERTscore-refA,0.03212716273221351,0.0,0.0
zhen23,23,0.01,True,mtme_BLEU-refA,0.026054361906590832,0.0,0.0
zhen23,23,0.01,True,mtme_BLEURT-20-refA,0.054449604338717816,0.0,0.0
zhen23,23,0.01,True,mtme_COMET-refA,0.09386559372833406,0.0,0.0
zhen23,23,0.01,True,mtme_Calibri-COMET22-QE-src,0.16809329229360814,0.0,0.0
zhen23,23,0.01,True,mtme_Calibri-COMET22-refA,0.03663272146517739,0.0,0.0
zhen23,23,0.01,True,mtme_CometKiwi-XL-src,0.13956075793435194,0.0,0.0
zhen23,23,0.01,True,mtme_CometKiwi-XXL-src,0.1364386234250871,0.0,0.0
zhen23,23,0.01,True,mtme_CometKiwi-src,0.13846038554801254,0.0,0.0
zhen23,23,0.01,True,mtme_GEMBA-MQM-src,0.14654645958071622,0.0,0.0
zhen23,23,0.01,True,mtme_KG-BERTScore-src,0.17417940993065856,0.0,0.0
zhen23,23,0.01,True,mtme_MEE4-refA,0.0033416351656702648,0.0,0.0
zhen23,23,0.01,True,mtme_MS-COMET-QE-22-src,0.0958916945965615,0.0,0.0
zhen23,23,0.01,True,mtme_MaTESe-refA,0.08349489472678795,0.0,0.0
zhen23,23,0.01,True,mtme_MetricX-23-QE-b-src,0.22824889495854836,0.0,0.0
zhen23,23,0.01,True,mtme_MetricX-23-QE-c-src,0.17337442014735183,0.0,0.0
zhen23,23,0.01,True,mtme_MetricX-23-QE-src,0.21203201183096004,0.0,0.0
zhen23,23,0.01,True,mtme_MetricX-23-b-refA,0.20036926372915959,0.0,0.0
zhen23,23,0.01,True,mtme_MetricX-23-c-refA,0.1661988783213985,0.0,0.0
zhen23,23,0.01,True,mtme_MetricX-23-refA,0.14984311274435735,0.0,0.0
zhen23,23,0.01,True,mtme_XCOMET-Ensemble-refA,0.16727787051391396,0.0,0.0
zhen23,23,0.01,True,mtme_XCOMET-QE-Ensemble-src,0.26855978080529286,0.0,0.0
zhen23,23,0.01,True,mtme_XCOMET-XL-refA,0.15752391399104299,0.0,0.0
zhen23,23,0.01,True,mtme_XCOMET-XXL-refA,0.12337372186176734,0.0,0.0
zhen23,23,0.01,True,mtme_XLsim-refA,-0.06406038575074573,0.0,0.0
zhen23,23,0.01,True,mtme_YiSi-1-refA,0.06722386715644524,0.0,0.0
zhen23,23,0.01,True,mtme_chrF-refA,0.002774247752449898,0.0,0.0
zhen23,23,0.01,True,mtme_cometoid22-wmt21-src,0.1319664677681171,0.0,0.0
zhen23,23,0.01,True,mtme_cometoid22-wmt22-src,0.12376894255102641,0.0,0.0
zhen23,23,0.01,True,mtme_cometoid22-wmt23-src,0.072459717202595,0.0,0.0
zhen23,23,0.01,True,mtme_docWMT22CometDA-refA,0.09388931115004237,0.0,0.0
zhen23,23,0.01,True,mtme_docWMT22CometKiwiDA-src,0.021999587891757794,0.0,0.0
zhen23,23,0.01,True,mtme_eBLEU-refA,0.016271287822827916,0.0,0.0
zhen23,23,0.01,True,mtme_embed_llama-refA,0.08552555267419773,0.0,0.0
zhen23,23,0.01,True,mtme_f200spBLEU-refA,0.037469511547413306,0.0,0.0
zhen23,23,0.01,True,mtme_instructscore-refA,0.038147952673245646,0.0,0.0
zhen23,23,0.01,True,mtme_mbr-metricx-qe-src,0.2261602410257319,0.0,0.0
zhen23,23,0.01,True,mtme_mre-score-labse-regular-refA,0.09089889587461689,0.0,0.0
zhen23,23,0.01,True,mtme_prismRef-refA,0.042290609407576576,0.0,0.0
zhen23,23,0.01,True,mtme_prismSrc-src,0.008912830036772108,0.0,0.0
zhen23,23,0.01,True,mtme_sescoreX-refA,0.03658628628620495,0.0,0.0
zhen23,23,0.01,True,mtme_tokengram_F-refA,0.004465258391573563,0.0,0.0
zhen23,23,0.02,True,mtme_BERTscore-refA,0.03212716273221351,0.0,0.0
zhen23,23,0.02,True,mtme_BLEU-refA,0.026054361906590832,0.0,0.0
zhen23,23,0.02,True,mtme_BLEURT-20-refA,0.054449604338717816,0.0,0.0
zhen23,23,0.02,True,mtme_COMET-refA,0.09386559372833406,0.0,0.0
zhen23,23,0.02,True,mtme_Calibri-COMET22-QE-src,0.16809329229360814,0.0,0.0
zhen23,23,0.02,True,mtme_Calibri-COMET22-refA,0.03663272146517739,0.0,0.0
zhen23,23,0.02,True,mtme_CometKiwi-XL-src,0.13956075793435194,0.0,0.0
zhen23,23,0.02,True,mtme_CometKiwi-XXL-src,0.1364386234250871,0.0,0.0
zhen23,23,0.02,True,mtme_CometKiwi-src,0.13846038554801254,0.0,0.0
zhen23,23,0.02,True,mtme_GEMBA-MQM-src,0.14654645958071622,0.0,0.0
zhen23,23,0.02,True,mtme_KG-BERTScore-src,0.17417940993065856,0.0,0.0
zhen23,23,0.02,True,mtme_MEE4-refA,0.0033416351656702648,0.0,0.0
zhen23,23,0.02,True,mtme_MS-COMET-QE-22-src,0.0958916945965615,0.0,0.0
zhen23,23,0.02,True,mtme_MaTESe-refA,0.08349489472678795,0.0,0.0
zhen23,23,0.02,True,mtme_MetricX-23-QE-b-src,0.22824889495854836,0.0,0.0
zhen23,23,0.02,True,mtme_MetricX-23-QE-c-src,0.17337442014735183,0.0,0.0
zhen23,23,0.02,True,mtme_MetricX-23-QE-src,0.21203201183096004,0.0,0.0
zhen23,23,0.02,True,mtme_MetricX-23-b-refA,0.20036926372915959,0.0,0.0
zhen23,23,0.02,True,mtme_MetricX-23-c-refA,0.1661988783213985,0.0,0.0
zhen23,23,0.02,True,mtme_MetricX-23-refA,0.14984311274435735,0.0,0.0
zhen23,23,0.02,True,mtme_XCOMET-Ensemble-refA,0.16727787051391396,0.0,0.0
zhen23,23,0.02,True,mtme_XCOMET-QE-Ensemble-src,0.26855978080529286,0.0,0.0
zhen23,23,0.02,True,mtme_XCOMET-XL-refA,0.15752391399104299,0.0,0.0
zhen23,23,0.02,True,mtme_XCOMET-XXL-refA,0.12337372186176734,0.0,0.0
zhen23,23,0.02,True,mtme_XLsim-refA,-0.06406038575074573,0.0,0.0
zhen23,23,0.02,True,mtme_YiSi-1-refA,0.06722386715644524,0.0,0.0
zhen23,23,0.02,True,mtme_chrF-refA,0.002774247752449898,0.0,0.0
zhen23,23,0.02,True,mtme_cometoid22-wmt21-src,0.1319664677681171,0.0,0.0
zhen23,23,0.02,True,mtme_cometoid22-wmt22-src,0.12376894255102641,0.0,0.0
zhen23,23,0.02,True,mtme_cometoid22-wmt23-src,0.072459717202595,0.0,0.0
zhen23,23,0.02,True,mtme_docWMT22CometDA-refA,0.09388931115004237,0.0,0.0
zhen23,23,0.02,True,mtme_docWMT22CometKiwiDA-src,0.021999587891757794,0.0,0.0
zhen23,23,0.02,True,mtme_eBLEU-refA,0.016271287822827916,0.0,0.0
zhen23,23,0.02,True,mtme_embed_llama-refA,0.08552555267419773,0.0,0.0
zhen23,23,0.02,True,mtme_f200spBLEU-refA,0.037469511547413306,0.0,0.0
zhen23,23,0.02,True,mtme_instructscore-refA,0.038147952673245646,0.0,0.0
zhen23,23,0.02,True,mtme_mbr-metricx-qe-src,0.2261602410257319,0.0,0.0
zhen23,23,0.02,True,mtme_mre-score-labse-regular-refA,0.09089889587461689,0.0,0.0
zhen23,23,0.02,True,mtme_prismRef-refA,0.042290609407576576,0.0,0.0
zhen23,23,0.02,True,mtme_prismSrc-src,0.008912830036772108,0.0,0.0
zhen23,23,0.02,True,mtme_sescoreX-refA,0.03658628628620495,0.0,0.0
zhen23,23,0.02,True,mtme_tokengram_F-refA,0.004465258391573563,0.0,0.0
zhen23,24,0.01,True,mtme_BERTscore-refA,0.006150179577104663,0.0,0.0
zhen23,24,0.01,True,mtme_BLEU-refA,0.006972869838713444,0.0,0.0
zhen23,24,0.01,True,mtme_BLEURT-20-refA,0.062457046551234574,0.0,0.0
zhen23,24,0.01,True,mtme_COMET-refA,0.039607574172178604,0.0,0.0
zhen23,24,0.01,True,mtme_Calibri-COMET22-QE-src,0.19045235146330508,0.0,0.0
zhen23,24,0.01,True,mtme_Calibri-COMET22-refA,0.014438951395255466,0.0,0.0
zhen23,24,0.01,True,mtme_CometKiwi-XL-src,0.19919420075328675,0.0,0.0
zhen23,24,0.01,True,mtme_CometKiwi-XXL-src,0.20383466647558857,0.0,0.0
zhen23,24,0.01,True,mtme_CometKiwi-src,0.1463507169997233,0.0,0.0
zhen23,24,0.01,True,mtme_GEMBA-MQM-src,0.176083032306335,0.0,0.0
zhen23,24,0.01,True,mtme_KG-BERTScore-src,0.12942977879373868,0.0,0.0
zhen23,24,0.01,True,mtme_MEE4-refA,-0.02694295765652835,0.0,0.0
zhen23,24,0.01,True,mtme_MS-COMET-QE-22-src,0.11307065584302614,0.0,0.0
zhen23,24,0.01,True,mtme_MaTESe-refA,0.17222158287381578,0.0,0.0
zhen23,24,0.01,True,mtme_MetricX-23-QE-b-src,0.2465213992779945,0.0,0.0
zhen23,24,0.01,True,mtme_MetricX-23-QE-c-src,0.23053593386405663,0.0,0.0
zhen23,24,0.01,True,mtme_MetricX-23-QE-src,0.283071488695013,0.0,0.0
zhen23,24,0.01,True,mtme_MetricX-23-b-refA,0.17998320077664215,0.0,0.0
zhen23,24,0.01,True,mtme_MetricX-23-c-refA,0.1842445345513375,0.0,0.0
zhen23,24,0.01,True,mtme_MetricX-23-refA,0.16483295531194342,0.0,0.0
zhen23,24,0.01,True,mtme_XCOMET-Ensemble-refA,0.16244808262257898,0.0,0.0
zhen23,24,0.01,True,mtme_XCOMET-QE-Ensemble-src,0.1755360019897299,0.0,0.0
zhen23,24,0.01,True,mtme_XCOMET-XL-refA,0.10239854066379014,0.0,0.0
zhen23,24,0.01,True,mtme_XCOMET-XXL-refA,0.17710357265194154,0.0,0.0
zhen23,24,0.01,True,mtme_XLsim-refA,-0.008491470759663897,0.0,0.0
zhen23,24,0.01,True,mtme_YiSi-1-refA,0.028329829988134204,0.0,0.0
zhen23,24,0.01,True,mtme_chrF-refA,-0.0346462870865055,0.0,0.0
zhen23,24,0.01,True,mtme_cometoid22-wmt21-src,0.1215947701969804,0.0,0.0
zhen23,24,0.01,True,mtme_cometoid22-wmt22-src,0.1802495809212571,0.0,0.0
zhen23,24,0.01,True,mtme_cometoid22-wmt23-src,0.14586045007959791,0.0,0.0
zhen23,24,0.01,True,mtme_docWMT22CometDA-refA,0.07421315370243317,0.0,0.0
zhen23,24,0.01,True,mtme_docWMT22CometKiwiDA-src,0.12541760013489056,0.0,0.0
zhen23,24,0.01,True,mtme_eBLEU-refA,-0.0396375484594636,0.0,0.0
zhen23,24,0.01,True,mtme_embed_llama-refA,-0.011596094942730596,0.0,0.0
zhen23,24,0.01,True,mtme_f200spBLEU-refA,-0.027252073541197006,0.0,0.0
zhen23,24,0.01,True,mtme_instructscore-refA,-0.0548496850151958,0.0,0.0
zhen23,24,0.01,True,mtme_mbr-metricx-qe-src,0.22154721375129613,0.0,0.0
zhen23,24,0.01,True,mtme_mre-score-labse-regular-refA,0.10052036761059778,0.0,0.0
zhen23,24,0.01,True,mtme_prismRef-refA,0.05165532364599963,0.0,0.0
zhen23,24,0.01,True,mtme_prismSrc-src,0.07132518531955961,0.0,0.0
zhen23,24,0.01,True,mtme_sescoreX-refA,0.015379984511902218,0.0,0.0
zhen23,24,0.01,True,mtme_tokengram_F-refA,-0.03217645548481626,0.0,0.0
zhen23,24,0.02,True,mtme_BERTscore-refA,0.006150179577104663,0.0,0.0
zhen23,24,0.02,True,mtme_BLEU-refA,0.006972869838713444,0.0,0.0
zhen23,24,0.02,True,mtme_BLEURT-20-refA,0.062457046551234574,0.0,0.0
zhen23,24,0.02,True,mtme_COMET-refA,0.039607574172178604,0.0,0.0
zhen23,24,0.02,True,mtme_Calibri-COMET22-QE-src,0.19045235146330508,0.0,0.0
zhen23,24,0.02,True,mtme_Calibri-COMET22-refA,0.014438951395255466,0.0,0.0
zhen23,24,0.02,True,mtme_CometKiwi-XL-src,0.19919420075328675,0.0,0.0
zhen23,24,0.02,True,mtme_CometKiwi-XXL-src,0.20383466647558857,0.0,0.0
zhen23,24,0.02,True,mtme_CometKiwi-src,0.1463507169997233,0.0,0.0
zhen23,24,0.02,True,mtme_GEMBA-MQM-src,0.176083032306335,0.0,0.0
zhen23,24,0.02,True,mtme_KG-BERTScore-src,0.12942977879373868,0.0,0.0
zhen23,24,0.02,True,mtme_MEE4-refA,-0.02694295765652835,0.0,0.0
zhen23,24,0.02,True,mtme_MS-COMET-QE-22-src,0.11307065584302614,0.0,0.0
zhen23,24,0.02,True,mtme_MaTESe-refA,0.17222158287381578,0.0,0.0
zhen23,24,0.02,True,mtme_MetricX-23-QE-b-src,0.2465213992779945,0.0,0.0
zhen23,24,0.02,True,mtme_MetricX-23-QE-c-src,0.23053593386405663,0.0,0.0
zhen23,24,0.02,True,mtme_MetricX-23-QE-src,0.283071488695013,0.0,0.0
zhen23,24,0.02,True,mtme_MetricX-23-b-refA,0.17998320077664215,0.0,0.0
zhen23,24,0.02,True,mtme_MetricX-23-c-refA,0.1842445345513375,0.0,0.0
zhen23,24,0.02,True,mtme_MetricX-23-refA,0.16483295531194342,0.0,0.0
zhen23,24,0.02,True,mtme_XCOMET-Ensemble-refA,0.16244808262257898,0.0,0.0
zhen23,24,0.02,True,mtme_XCOMET-QE-Ensemble-src,0.1755360019897299,0.0,0.0
zhen23,24,0.02,True,mtme_XCOMET-XL-refA,0.10239854066379014,0.0,0.0
zhen23,24,0.02,True,mtme_XCOMET-XXL-refA,0.17710357265194154,0.0,0.0
zhen23,24,0.02,True,mtme_XLsim-refA,-0.008491470759663897,0.0,0.0
zhen23,24,0.02,True,mtme_YiSi-1-refA,0.028329829988134204,0.0,0.0
zhen23,24,0.02,True,mtme_chrF-refA,-0.0346462870865055,0.0,0.0
zhen23,24,0.02,True,mtme_cometoid22-wmt21-src,0.1215947701969804,0.0,0.0
zhen23,24,0.02,True,mtme_cometoid22-wmt22-src,0.1802495809212571,0.0,0.0
zhen23,24,0.02,True,mtme_cometoid22-wmt23-src,0.14586045007959791,0.0,0.0
zhen23,24,0.02,True,mtme_docWMT22CometDA-refA,0.07421315370243317,0.0,0.0
zhen23,24,0.02,True,mtme_docWMT22CometKiwiDA-src,0.12541760013489056,0.0,0.0
zhen23,24,0.02,True,mtme_eBLEU-refA,-0.0396375484594636,0.0,0.0
zhen23,24,0.02,True,mtme_embed_llama-refA,-0.011596094942730596,0.0,0.0
zhen23,24,0.02,True,mtme_f200spBLEU-refA,-0.027252073541197006,0.0,0.0
zhen23,24,0.02,True,mtme_instructscore-refA,-0.0548496850151958,0.0,0.0
zhen23,24,0.02,True,mtme_mbr-metricx-qe-src,0.22154721375129613,0.0,0.0
zhen23,24,0.02,True,mtme_mre-score-labse-regular-refA,0.10052036761059778,0.0,0.0
zhen23,24,0.02,True,mtme_prismRef-refA,0.05165532364599963,0.0,0.0
zhen23,24,0.02,True,mtme_prismSrc-src,0.07132518531955961,0.0,0.0
zhen23,24,0.02,True,mtme_sescoreX-refA,0.015379984511902218,0.0,0.0
zhen23,24,0.02,True,mtme_tokengram_F-refA,-0.03217645548481626,0.0,0.0
zhen23,25,0.01,True,mtme_BERTscore-refA,0.13580932035022836,0.0,0.0
zhen23,25,0.01,True,mtme_BLEU-refA,0.027703954287356475,0.0,0.0
zhen23,25,0.01,True,mtme_BLEURT-20-refA,0.19632266107634133,0.0,0.0
zhen23,25,0.01,True,mtme_COMET-refA,0.2078841414928469,0.0,0.0
zhen23,25,0.01,True,mtme_Calibri-COMET22-QE-src,0.1946686140940571,0.0,0.0
zhen23,25,0.01,True,mtme_Calibri-COMET22-refA,0.14750158104337413,0.0,0.0
zhen23,25,0.01,True,mtme_CometKiwi-XL-src,0.23056823483360248,0.0,0.0
zhen23,25,0.01,True,mtme_CometKiwi-XXL-src,0.24122550056230052,0.0,0.0
zhen23,25,0.01,True,mtme_CometKiwi-src,0.25067054283868506,0.0,0.0
zhen23,25,0.01,True,mtme_GEMBA-MQM-src,0.2847247189629572,0.0,0.0
zhen23,25,0.01,True,mtme_KG-BERTScore-src,0.23757949041471188,0.0,0.0
zhen23,25,0.01,True,mtme_MEE4-refA,0.037298687486974416,0.0,0.0
zhen23,25,0.01,True,mtme_MS-COMET-QE-22-src,0.23179810301962134,0.0,0.0
zhen23,25,0.01,True,mtme_MaTESe-refA,0.26437858991961716,0.0,0.0
zhen23,25,0.01,True,mtme_MetricX-23-QE-b-src,0.396654875006735,0.0,0.0
zhen23,25,0.01,True,mtme_MetricX-23-QE-c-src,0.3421257193988513,0.0,0.0
zhen23,25,0.01,True,mtme_MetricX-23-QE-src,0.36360743194962325,0.0,0.0
zhen23,25,0.01,True,mtme_MetricX-23-b-refA,0.30671606340036506,0.0,0.0
zhen23,25,0.01,True,mtme_MetricX-23-c-refA,0.24141890307292185,0.0,0.0
zhen23,25,0.01,True,mtme_MetricX-23-refA,0.31148057976031673,0.0,0.0
zhen23,25,0.01,True,mtme_XCOMET-Ensemble-refA,0.36323411103999936,0.0,0.0
zhen23,25,0.01,True,mtme_XCOMET-QE-Ensemble-src,0.35926820078830635,0.0,0.0
zhen23,25,0.01,True,mtme_XCOMET-XL-refA,0.3311606587171144,0.0,0.0
zhen23,25,0.01,True,mtme_XCOMET-XXL-refA,0.343038067755475,0.0,0.0
zhen23,25,0.01,True,mtme_XLsim-refA,0.047746956406158794,0.0,0.0
zhen23,25,0.01,True,mtme_YiSi-1-refA,0.156677981892679,0.0,0.0
zhen23,25,0.01,True,mtme_chrF-refA,0.06597956976473417,0.0,0.0
zhen23,25,0.01,True,mtme_cometoid22-wmt21-src,0.2660948764883395,0.0,0.0
zhen23,25,0.01,True,mtme_cometoid22-wmt22-src,0.27820402555344315,0.0,0.0
zhen23,25,0.01,True,mtme_cometoid22-wmt23-src,0.2496592369017973,0.0,0.0
zhen23,25,0.01,True,mtme_docWMT22CometDA-refA,0.16903492165959766,0.0,0.0
zhen23,25,0.01,True,mtme_docWMT22CometKiwiDA-src,0.173002304809191,0.0,0.0
zhen23,25,0.01,True,mtme_eBLEU-refA,0.0390277845538041,0.0,0.0
zhen23,25,0.01,True,mtme_embed_llama-refA,0.03536652839582045,0.0,0.0
zhen23,25,0.01,True,mtme_f200spBLEU-refA,0.03738380360451182,0.0,0.0
zhen23,25,0.01,True,mtme_instructscore-refA,0.2557176188809088,0.0,0.0
zhen23,25,0.01,True,mtme_mbr-metricx-qe-src,0.3139316525787279,0.0,0.0
zhen23,25,0.01,True,mtme_mre-score-labse-regular-refA,0.049062980740186564,0.0,0.0
zhen23,25,0.01,True,mtme_prismRef-refA,0.14829337384747168,0.0,0.0
zhen23,25,0.01,True,mtme_prismSrc-src,0.033379383011784204,0.0,0.0
zhen23,25,0.01,True,mtme_sescoreX-refA,0.1627081425313578,0.0,0.0
zhen23,25,0.01,True,mtme_tokengram_F-refA,0.0658398136638314,0.0,0.0
zhen23,25,0.02,True,mtme_BERTscore-refA,0.13580932035022836,0.0,0.0
zhen23,25,0.02,True,mtme_BLEU-refA,0.027703954287356475,0.0,0.0
zhen23,25,0.02,True,mtme_BLEURT-20-refA,0.19632266107634133,0.0,0.0
zhen23,25,0.02,True,mtme_COMET-refA,0.2078841414928469,0.0,0.0
zhen23,25,0.02,True,mtme_Calibri-COMET22-QE-src,0.1946686140940571,0.0,0.0
zhen23,25,0.02,True,mtme_Calibri-COMET22-refA,0.14750158104337413,0.0,0.0
zhen23,25,0.02,True,mtme_CometKiwi-XL-src,0.23056823483360248,0.0,0.0
zhen23,25,0.02,True,mtme_CometKiwi-XXL-src,0.24122550056230052,0.0,0.0
zhen23,25,0.02,True,mtme_CometKiwi-src,0.25067054283868506,0.0,0.0
zhen23,25,0.02,True,mtme_GEMBA-MQM-src,0.2847247189629572,0.0,0.0
zhen23,25,0.02,True,mtme_KG-BERTScore-src,0.23757949041471188,0.0,0.0
zhen23,25,0.02,True,mtme_MEE4-refA,0.037298687486974416,0.0,0.0
zhen23,25,0.02,True,mtme_MS-COMET-QE-22-src,0.23179810301962134,0.0,0.0
zhen23,25,0.02,True,mtme_MaTESe-refA,0.26437858991961716,0.0,0.0
zhen23,25,0.02,True,mtme_MetricX-23-QE-b-src,0.396654875006735,0.0,0.0
zhen23,25,0.02,True,mtme_MetricX-23-QE-c-src,0.3421257193988513,0.0,0.0
zhen23,25,0.02,True,mtme_MetricX-23-QE-src,0.36360743194962325,0.0,0.0
zhen23,25,0.02,True,mtme_MetricX-23-b-refA,0.30671606340036506,0.0,0.0
zhen23,25,0.02,True,mtme_MetricX-23-c-refA,0.24141890307292185,0.0,0.0
zhen23,25,0.02,True,mtme_MetricX-23-refA,0.31148057976031673,0.0,0.0
zhen23,25,0.02,True,mtme_XCOMET-Ensemble-refA,0.36323411103999936,0.0,0.0
zhen23,25,0.02,True,mtme_XCOMET-QE-Ensemble-src,0.35926820078830635,0.0,0.0
zhen23,25,0.02,True,mtme_XCOMET-XL-refA,0.3311606587171144,0.0,0.0
zhen23,25,0.02,True,mtme_XCOMET-XXL-refA,0.343038067755475,0.0,0.0
zhen23,25,0.02,True,mtme_XLsim-refA,0.047746956406158794,0.0,0.0
zhen23,25,0.02,True,mtme_YiSi-1-refA,0.156677981892679,0.0,0.0
zhen23,25,0.02,True,mtme_chrF-refA,0.06597956976473417,0.0,0.0
zhen23,25,0.02,True,mtme_cometoid22-wmt21-src,0.2660948764883395,0.0,0.0
zhen23,25,0.02,True,mtme_cometoid22-wmt22-src,0.27820402555344315,0.0,0.0
zhen23,25,0.02,True,mtme_cometoid22-wmt23-src,0.2496592369017973,0.0,0.0
zhen23,25,0.02,True,mtme_docWMT22CometDA-refA,0.16903492165959766,0.0,0.0
zhen23,25,0.02,True,mtme_docWMT22CometKiwiDA-src,0.173002304809191,0.0,0.0
zhen23,25,0.02,True,mtme_eBLEU-refA,0.0390277845538041,0.0,0.0
zhen23,25,0.02,True,mtme_embed_llama-refA,0.03536652839582045,0.0,0.0
zhen23,25,0.02,True,mtme_f200spBLEU-refA,0.03738380360451182,0.0,0.0
zhen23,25,0.02,True,mtme_instructscore-refA,0.2557176188809088,0.0,0.0
zhen23,25,0.02,True,mtme_mbr-metricx-qe-src,0.3139316525787279,0.0,0.0
zhen23,25,0.02,True,mtme_mre-score-labse-regular-refA,0.049062980740186564,0.0,0.0
zhen23,25,0.02,True,mtme_prismRef-refA,0.14829337384747168,0.0,0.0
zhen23,25,0.02,True,mtme_prismSrc-src,0.033379383011784204,0.0,0.0
zhen23,25,0.02,True,mtme_sescoreX-refA,0.1627081425313578,0.0,0.0
zhen23,25,0.02,True,mtme_tokengram_F-refA,0.0658398136638314,0.0,0.0
zhen23,34,0.01,True,mtme_BERTscore-refA,0.028292440547385205,0.0,0.0
zhen23,34,0.01,True,mtme_BLEU-refA,0.018181654122303294,0.0,0.0
zhen23,34,0.01,True,mtme_BLEURT-20-refA,0.08088064357716207,0.0,0.0
zhen23,34,0.01,True,mtme_COMET-refA,0.08117319641180926,0.0,0.0
zhen23,34,0.01,True,mtme_Calibri-COMET22-QE-src,0.17651748137333245,0.0,0.0
zhen23,34,0.01,True,mtme_Calibri-COMET22-refA,0.0781928852201689,0.0,0.0
zhen23,34,0.01,True,mtme_CometKiwi-XL-src,0.18082723703196935,0.0,0.0
zhen23,34,0.01,True,mtme_CometKiwi-XXL-src,0.20755244427695346,0.0,0.0
zhen23,34,0.01,True,mtme_CometKiwi-src,0.16365274846101535,0.0,0.0
zhen23,34,0.01,True,mtme_GEMBA-MQM-src,0.18220413891687987,0.0,0.0
zhen23,34,0.01,True,mtme_KG-BERTScore-src,0.17008160795196106,0.0,0.0
zhen23,34,0.01,True,mtme_MEE4-refA,-0.025892640017637525,0.0,0.0
zhen23,34,0.01,True,mtme_MS-COMET-QE-22-src,0.2049020614806745,0.0,0.0
zhen23,34,0.01,True,mtme_MaTESe-refA,0.20005132990734678,0.0,0.0
zhen23,34,0.01,True,mtme_MetricX-23-QE-b-src,0.26071937256748445,0.0,0.0
zhen23,34,0.01,True,mtme_MetricX-23-QE-c-src,0.24035070759490307,0.0,0.0
zhen23,34,0.01,True,mtme_MetricX-23-QE-src,0.31430954223128305,0.0,0.0
zhen23,34,0.01,True,mtme_MetricX-23-b-refA,0.1807945013521861,0.0,0.0
zhen23,34,0.01,True,mtme_MetricX-23-c-refA,0.16987067044713722,0.0,0.0
zhen23,34,0.01,True,mtme_MetricX-23-refA,0.2403779700153163,0.0,0.0
zhen23,34,0.01,True,mtme_XCOMET-Ensemble-refA,0.2519386623467581,0.0,0.0
zhen23,34,0.01,True,mtme_XCOMET-QE-Ensemble-src,0.2639325921822756,0.0,0.0
zhen23,34,0.01,True,mtme_XCOMET-XL-refA,0.1909943387294244,0.0,0.0
zhen23,34,0.01,True,mtme_XCOMET-XXL-refA,0.25853404159487686,0.0,0.0
zhen23,34,0.01,True,mtme_XLsim-refA,-0.0013858578967370716,0.0,0.0
zhen23,34,0.01,True,mtme_YiSi-1-refA,0.051270328669573095,0.0,0.0
zhen23,34,0.01,True,mtme_chrF-refA,-0.01286762154712423,0.0,0.0
zhen23,34,0.01,True,mtme_cometoid22-wmt21-src,0.19371348500131674,0.0,0.0
zhen23,34,0.01,True,mtme_cometoid22-wmt22-src,0.22196897388360115,0.0,0.0
zhen23,34,0.01,True,mtme_cometoid22-wmt23-src,0.19465869277058473,0.0,0.0
zhen23,34,0.01,True,mtme_docWMT22CometDA-refA,0.08073908616953687,0.0,0.0
zhen23,34,0.01,True,mtme_docWMT22CometKiwiDA-src,0.09408649125420362,0.0,0.0
zhen23,34,0.01,True,mtme_eBLEU-refA,-0.031045014467778034,0.0,0.0
zhen23,34,0.01,True,mtme_embed_llama-refA,-0.0265558340347262,0.0,0.0
zhen23,34,0.01,True,mtme_f200spBLEU-refA,-0.012440716897547943,0.0,0.0
zhen23,34,0.01,True,mtme_instructscore-refA,0.00012747751777407,0.0,0.0
zhen23,34,0.01,True,mtme_mbr-metricx-qe-src,0.19895787002673854,0.0,0.0
zhen23,34,0.01,True,mtme_mre-score-labse-regular-refA,0.07502110761398428,0.0,0.0
zhen23,34,0.01,True,mtme_prismRef-refA,0.05851131549960088,0.0,0.0
zhen23,34,0.01,True,mtme_prismSrc-src,0.06278146205051449,0.0,0.0
zhen23,34,0.01,True,mtme_sescoreX-refA,0.055548338477067874,0.0,0.0
zhen23,34,0.01,True,mtme_tokengram_F-refA,-0.01660699013871931,0.0,0.0
zhen23,34,0.02,True,mtme_BERTscore-refA,0.028292440547385205,0.0,0.0
zhen23,34,0.02,True,mtme_BLEU-refA,0.018181654122303294,0.0,0.0
zhen23,34,0.02,True,mtme_BLEURT-20-refA,0.08088064357716207,0.0,0.0
zhen23,34,0.02,True,mtme_COMET-refA,0.08117319641180926,0.0,0.0
zhen23,34,0.02,True,mtme_Calibri-COMET22-QE-src,0.17651748137333245,0.0,0.0
zhen23,34,0.02,True,mtme_Calibri-COMET22-refA,0.0781928852201689,0.0,0.0
zhen23,34,0.02,True,mtme_CometKiwi-XL-src,0.18082723703196935,0.0,0.0
zhen23,34,0.02,True,mtme_CometKiwi-XXL-src,0.20755244427695346,0.0,0.0
zhen23,34,0.02,True,mtme_CometKiwi-src,0.16365274846101535,0.0,0.0
zhen23,34,0.02,True,mtme_GEMBA-MQM-src,0.18220413891687987,0.0,0.0
zhen23,34,0.02,True,mtme_KG-BERTScore-src,0.17008160795196106,0.0,0.0
zhen23,34,0.02,True,mtme_MEE4-refA,-0.025892640017637525,0.0,0.0
zhen23,34,0.02,True,mtme_MS-COMET-QE-22-src,0.2049020614806745,0.0,0.0
zhen23,34,0.02,True,mtme_MaTESe-refA,0.20005132990734678,0.0,0.0
zhen23,34,0.02,True,mtme_MetricX-23-QE-b-src,0.26071937256748445,0.0,0.0
zhen23,34,0.02,True,mtme_MetricX-23-QE-c-src,0.24035070759490307,0.0,0.0
zhen23,34,0.02,True,mtme_MetricX-23-QE-src,0.31430954223128305,0.0,0.0
zhen23,34,0.02,True,mtme_MetricX-23-b-refA,0.1807945013521861,0.0,0.0
zhen23,34,0.02,True,mtme_MetricX-23-c-refA,0.16987067044713722,0.0,0.0
zhen23,34,0.02,True,mtme_MetricX-23-refA,0.2403779700153163,0.0,0.0
zhen23,34,0.02,True,mtme_XCOMET-Ensemble-refA,0.2519386623467581,0.0,0.0
zhen23,34,0.02,True,mtme_XCOMET-QE-Ensemble-src,0.2639325921822756,0.0,0.0
zhen23,34,0.02,True,mtme_XCOMET-XL-refA,0.1909943387294244,0.0,0.0
zhen23,34,0.02,True,mtme_XCOMET-XXL-refA,0.25853404159487686,0.0,0.0
zhen23,34,0.02,True,mtme_XLsim-refA,-0.0013858578967370716,0.0,0.0
zhen23,34,0.02,True,mtme_YiSi-1-refA,0.051270328669573095,0.0,0.0
zhen23,34,0.02,True,mtme_chrF-refA,-0.01286762154712423,0.0,0.0
zhen23,34,0.02,True,mtme_cometoid22-wmt21-src,0.19371348500131674,0.0,0.0
zhen23,34,0.02,True,mtme_cometoid22-wmt22-src,0.22196897388360115,0.0,0.0
zhen23,34,0.02,True,mtme_cometoid22-wmt23-src,0.19465869277058473,0.0,0.0
zhen23,34,0.02,True,mtme_docWMT22CometDA-refA,0.08073908616953687,0.0,0.0
zhen23,34,0.02,True,mtme_docWMT22CometKiwiDA-src,0.09408649125420362,0.0,0.0
zhen23,34,0.02,True,mtme_eBLEU-refA,-0.031045014467778034,0.0,0.0
zhen23,34,0.02,True,mtme_embed_llama-refA,-0.0265558340347262,0.0,0.0
zhen23,34,0.02,True,mtme_f200spBLEU-refA,-0.012440716897547943,0.0,0.0
zhen23,34,0.02,True,mtme_instructscore-refA,0.00012747751777407,0.0,0.0
zhen23,34,0.02,True,mtme_mbr-metricx-qe-src,0.19895787002673854,0.0,0.0
zhen23,34,0.02,True,mtme_mre-score-labse-regular-refA,0.07502110761398428,0.0,0.0
zhen23,34,0.02,True,mtme_prismRef-refA,0.05851131549960088,0.0,0.0
zhen23,34,0.02,True,mtme_prismSrc-src,0.06278146205051449,0.0,0.0
zhen23,34,0.02,True,mtme_sescoreX-refA,0.055548338477067874,0.0,0.0
zhen23,34,0.02,True,mtme_tokengram_F-refA,-0.01660699013871931,0.0,0.0
zhen23,35,0.01,True,mtme_BERTscore-refA,0.1517190337763109,0.0,0.0
zhen23,35,0.01,True,mtme_BLEU-refA,0.04650696201752415,0.0,0.0
zhen23,35,0.01,True,mtme_BLEURT-20-refA,0.21105366144798232,0.0,0.0
zhen23,35,0.01,True,mtme_COMET-refA,0.21322151917612553,0.0,0.0
zhen23,35,0.01,True,mtme_Calibri-COMET22-QE-src,0.18673236107507118,0.0,0.0
zhen23,35,0.01,True,mtme_Calibri-COMET22-refA,0.18698256288776005,0.0,0.0
zhen23,35,0.01,True,mtme_CometKiwi-XL-src,0.23986368821077114,0.0,0.0
zhen23,35,0.01,True,mtme_CometKiwi-XXL-src,0.2457082391687738,0.0,0.0
zhen23,35,0.01,True,mtme_CometKiwi-src,0.24790259123054115,0.0,0.0
zhen23,35,0.01,True,mtme_GEMBA-MQM-src,0.28150517643456247,0.0,0.0
zhen23,35,0.01,True,mtme_KG-BERTScore-src,0.23201889693513603,0.0,0.0
zhen23,35,0.01,True,mtme_MEE4-refA,0.04606957241928726,0.0,0.0
zhen23,35,0.01,True,mtme_MS-COMET-QE-22-src,0.2491675176691968,0.0,0.0
zhen23,35,0.01,True,mtme_MaTESe-refA,0.2833298193376513,0.0,0.0
zhen23,35,0.01,True,mtme_MetricX-23-QE-b-src,0.42111964444620276,0.0,0.0
zhen23,35,0.01,True,mtme_MetricX-23-QE-c-src,0.3344617048728863,0.0,0.0
zhen23,35,0.01,True,mtme_MetricX-23-QE-src,0.373887959895422,0.0,0.0
zhen23,35,0.01,True,mtme_MetricX-23-b-refA,0.3120311079642154,0.0,0.0
zhen23,35,0.01,True,mtme_MetricX-23-c-refA,0.2414140817001022,0.0,0.0
zhen23,35,0.01,True,mtme_MetricX-23-refA,0.300354796814001,0.0,0.0
zhen23,35,0.01,True,mtme_XCOMET-Ensemble-refA,0.3706902733173287,0.0,0.0
zhen23,35,0.01,True,mtme_XCOMET-QE-Ensemble-src,0.3551876577201717,0.0,0.0
zhen23,35,0.01,True,mtme_XCOMET-XL-refA,0.3412581085958316,0.0,0.0
zhen23,35,0.01,True,mtme_XCOMET-XXL-refA,0.3495803301682632,0.0,0.0
zhen23,35,0.01,True,mtme_XLsim-refA,0.044270920921491014,0.0,0.0
zhen23,35,0.01,True,mtme_YiSi-1-refA,0.16929884960638536,0.0,0.0
zhen23,35,0.01,True,mtme_chrF-refA,0.07528873086065427,0.0,0.0
zhen23,35,0.01,True,mtme_cometoid22-wmt21-src,0.2671203742450108,0.0,0.0
zhen23,35,0.01,True,mtme_cometoid22-wmt22-src,0.27749568627253796,0.0,0.0
zhen23,35,0.01,True,mtme_cometoid22-wmt23-src,0.24707552676591094,0.0,0.0
zhen23,35,0.01,True,mtme_docWMT22CometDA-refA,0.16969380519199745,0.0,0.0
zhen23,35,0.01,True,mtme_docWMT22CometKiwiDA-src,0.14181782180083902,0.0,0.0
zhen23,35,0.01,True,mtme_eBLEU-refA,0.04577724840841796,0.0,0.0
zhen23,35,0.01,True,mtme_embed_llama-refA,0.03353698146887156,0.0,0.0
zhen23,35,0.01,True,mtme_f200spBLEU-refA,0.061583623847154746,0.0,0.0
zhen23,35,0.01,True,mtme_instructscore-refA,0.23100962300998817,0.0,0.0
zhen23,35,0.01,True,mtme_mbr-metricx-qe-src,0.3116841548453505,0.0,0.0
zhen23,35,0.01,True,mtme_mre-score-labse-regular-refA,0.05105730792129824,0.0,0.0
zhen23,35,0.01,True,mtme_prismRef-refA,0.16442910906937175,0.0,0.0
zhen23,35,0.01,True,mtme_prismSrc-src,0.04026052156790741,0.0,0.0
zhen23,35,0.01,True,mtme_sescoreX-refA,0.17082224434737572,0.0,0.0
zhen23,35,0.01,True,mtme_tokengram_F-refA,0.07890027244808097,0.0,0.0
zhen23,35,0.02,True,mtme_BERTscore-refA,0.1517190337763109,0.0,0.0
zhen23,35,0.02,True,mtme_BLEU-refA,0.04650696201752415,0.0,0.0
zhen23,35,0.02,True,mtme_BLEURT-20-refA,0.21105366144798232,0.0,0.0
zhen23,35,0.02,True,mtme_COMET-refA,0.21322151917612553,0.0,0.0
zhen23,35,0.02,True,mtme_Calibri-COMET22-QE-src,0.18673236107507118,0.0,0.0
zhen23,35,0.02,True,mtme_Calibri-COMET22-refA,0.18698256288776005,0.0,0.0
zhen23,35,0.02,True,mtme_CometKiwi-XL-src,0.23986368821077114,0.0,0.0
zhen23,35,0.02,True,mtme_CometKiwi-XXL-src,0.2457082391687738,0.0,0.0
zhen23,35,0.02,True,mtme_CometKiwi-src,0.24790259123054115,0.0,0.0
zhen23,35,0.02,True,mtme_GEMBA-MQM-src,0.28150517643456247,0.0,0.0
zhen23,35,0.02,True,mtme_KG-BERTScore-src,0.23201889693513603,0.0,0.0
zhen23,35,0.02,True,mtme_MEE4-refA,0.04606957241928726,0.0,0.0
zhen23,35,0.02,True,mtme_MS-COMET-QE-22-src,0.2491675176691968,0.0,0.0
zhen23,35,0.02,True,mtme_MaTESe-refA,0.2833298193376513,0.0,0.0
zhen23,35,0.02,True,mtme_MetricX-23-QE-b-src,0.42111964444620276,0.0,0.0
zhen23,35,0.02,True,mtme_MetricX-23-QE-c-src,0.3344617048728863,0.0,0.0
zhen23,35,0.02,True,mtme_MetricX-23-QE-src,0.373887959895422,0.0,0.0
zhen23,35,0.02,True,mtme_MetricX-23-b-refA,0.3120311079642154,0.0,0.0
zhen23,35,0.02,True,mtme_MetricX-23-c-refA,0.2414140817001022,0.0,0.0
zhen23,35,0.02,True,mtme_MetricX-23-refA,0.300354796814001,0.0,0.0
zhen23,35,0.02,True,mtme_XCOMET-Ensemble-refA,0.3706902733173287,0.0,0.0
zhen23,35,0.02,True,mtme_XCOMET-QE-Ensemble-src,0.3551876577201717,0.0,0.0
zhen23,35,0.02,True,mtme_XCOMET-XL-refA,0.3412581085958316,0.0,0.0
zhen23,35,0.02,True,mtme_XCOMET-XXL-refA,0.3495803301682632,0.0,0.0
zhen23,35,0.02,True,mtme_XLsim-refA,0.044270920921491014,0.0,0.0
zhen23,35,0.02,True,mtme_YiSi-1-refA,0.16929884960638536,0.0,0.0
zhen23,35,0.02,True,mtme_chrF-refA,0.07528873086065427,0.0,0.0
zhen23,35,0.02,True,mtme_cometoid22-wmt21-src,0.2671203742450108,0.0,0.0
zhen23,35,0.02,True,mtme_cometoid22-wmt22-src,0.27749568627253796,0.0,0.0
zhen23,35,0.02,True,mtme_cometoid22-wmt23-src,0.24707552676591094,0.0,0.0
zhen23,35,0.02,True,mtme_docWMT22CometDA-refA,0.16969380519199745,0.0,0.0
zhen23,35,0.02,True,mtme_docWMT22CometKiwiDA-src,0.14181782180083902,0.0,0.0
zhen23,35,0.02,True,mtme_eBLEU-refA,0.04577724840841796,0.0,0.0
zhen23,35,0.02,True,mtme_embed_llama-refA,0.03353698146887156,0.0,0.0
zhen23,35,0.02,True,mtme_f200spBLEU-refA,0.061583623847154746,0.0,0.0
zhen23,35,0.02,True,mtme_instructscore-refA,0.23100962300998817,0.0,0.0
zhen23,35,0.02,True,mtme_mbr-metricx-qe-src,0.3116841548453505,0.0,0.0
zhen23,35,0.02,True,mtme_mre-score-labse-regular-refA,0.05105730792129824,0.0,0.0
zhen23,35,0.02,True,mtme_prismRef-refA,0.16442910906937175,0.0,0.0
zhen23,35,0.02,True,mtme_prismSrc-src,0.04026052156790741,0.0,0.0
zhen23,35,0.02,True,mtme_sescoreX-refA,0.17082224434737572,0.0,0.0
zhen23,35,0.02,True,mtme_tokengram_F-refA,0.07890027244808097,0.0,0.0
zhen23,45,0.01,True,mtme_BERTscore-refA,0.12327010511434382,0.0,0.0
zhen23,45,0.01,True,mtme_BLEU-refA,0.011835630306551784,0.0,0.0
zhen23,45,0.01,True,mtme_BLEURT-20-refA,0.18141442723673032,0.0,0.0
zhen23,45,0.01,True,mtme_COMET-refA,0.19568980725939733,0.0,0.0
zhen23,45,0.01,True,mtme_Calibri-COMET22-QE-src,0.17354766344538203,0.0,0.0
zhen23,45,0.01,True,mtme_Calibri-COMET22-refA,0.15484162147265582,0.0,0.0
zhen23,45,0.01,True,mtme_CometKiwi-XL-src,0.2252208584194065,0.0,0.0
zhen23,45,0.01,True,mtme_CometKiwi-XXL-src,0.24000682646636798,0.0,0.0
zhen23,45,0.01,True,mtme_CometKiwi-src,0.2170850180267232,0.0,0.0
zhen23,45,0.01,True,mtme_GEMBA-MQM-src,0.28748534069382903,0.0,0.0
zhen23,45,0.01,True,mtme_KG-BERTScore-src,0.2076446168229289,0.0,0.0
zhen23,45,0.01,True,mtme_MEE4-refA,0.020893159129470942,0.0,0.0
zhen23,45,0.01,True,mtme_MS-COMET-QE-22-src,0.22333088253893896,0.0,0.0
zhen23,45,0.01,True,mtme_MaTESe-refA,0.2871130227905715,0.0,0.0
zhen23,45,0.01,True,mtme_MetricX-23-QE-b-src,0.38939284101341953,0.0,0.0
zhen23,45,0.01,True,mtme_MetricX-23-QE-c-src,0.33502679616041187,0.0,0.0
zhen23,45,0.01,True,mtme_MetricX-23-QE-src,0.36338662409314265,0.0,0.0
zhen23,45,0.01,True,mtme_MetricX-23-b-refA,0.3005854985053836,0.0,0.0
zhen23,45,0.01,True,mtme_MetricX-23-c-refA,0.22718558561625357,0.0,0.0
zhen23,45,0.01,True,mtme_MetricX-23-refA,0.30974271865416464,0.0,0.0
zhen23,45,0.01,True,mtme_XCOMET-Ensemble-refA,0.3542253007360461,0.0,0.0
zhen23,45,0.01,True,mtme_XCOMET-QE-Ensemble-src,0.3574554784599712,0.0,0.0
zhen23,45,0.01,True,mtme_XCOMET-XL-refA,0.3221344924390746,0.0,0.0
zhen23,45,0.01,True,mtme_XCOMET-XXL-refA,0.34842175086229576,0.0,0.0
zhen23,45,0.01,True,mtme_XLsim-refA,0.030330844542211063,0.0,0.0
zhen23,45,0.01,True,mtme_YiSi-1-refA,0.13982438264072414,0.0,0.0
zhen23,45,0.01,True,mtme_chrF-refA,0.0502570103053669,0.0,0.0
zhen23,45,0.01,True,mtme_cometoid22-wmt21-src,0.25371754581594996,0.0,0.0
zhen23,45,0.01,True,mtme_cometoid22-wmt22-src,0.2600981586108223,0.0,0.0
zhen23,45,0.01,True,mtme_cometoid22-wmt23-src,0.23267338600376736,0.0,0.0
zhen23,45,0.01,True,mtme_docWMT22CometDA-refA,0.14845306675235181,0.0,0.0
zhen23,45,0.01,True,mtme_docWMT22CometKiwiDA-src,0.13946982103188516,0.0,0.0
zhen23,45,0.01,True,mtme_eBLEU-refA,0.03769326873324493,0.0,0.0
zhen23,45,0.01,True,mtme_embed_llama-refA,0.02327628649487341,0.0,0.0
zhen23,45,0.01,True,mtme_f200spBLEU-refA,0.02475155206334075,0.0,0.0
zhen23,45,0.01,True,mtme_instructscore-refA,0.24700573748719595,0.0,0.0
zhen23,45,0.01,True,mtme_mbr-metricx-qe-src,0.2958003271651033,0.0,0.0
zhen23,45,0.01,True,mtme_mre-score-labse-regular-refA,-0.005938179380394487,0.0,0.0
zhen23,45,0.01,True,mtme_prismRef-refA,0.14184990064520722,0.0,0.0
zhen23,45,0.01,True,mtme_prismSrc-src,0.01720482892285443,0.0,0.0
zhen23,45,0.01,True,mtme_sescoreX-refA,0.14599420291730936,0.0,0.0
zhen23,45,0.01,True,mtme_tokengram_F-refA,0.051473538676509695,0.0,0.0
zhen23,45,0.02,True,mtme_BERTscore-refA,0.12327010511434382,0.0,0.0
zhen23,45,0.02,True,mtme_BLEU-refA,0.011835630306551784,0.0,0.0
zhen23,45,0.02,True,mtme_BLEURT-20-refA,0.18141442723673032,0.0,0.0
zhen23,45,0.02,True,mtme_COMET-refA,0.19568980725939733,0.0,0.0
zhen23,45,0.02,True,mtme_Calibri-COMET22-QE-src,0.17354766344538203,0.0,0.0
zhen23,45,0.02,True,mtme_Calibri-COMET22-refA,0.15484162147265582,0.0,0.0
zhen23,45,0.02,True,mtme_CometKiwi-XL-src,0.2252208584194065,0.0,0.0
zhen23,45,0.02,True,mtme_CometKiwi-XXL-src,0.24000682646636798,0.0,0.0
zhen23,45,0.02,True,mtme_CometKiwi-src,0.2170850180267232,0.0,0.0
zhen23,45,0.02,True,mtme_GEMBA-MQM-src,0.28748534069382903,0.0,0.0
zhen23,45,0.02,True,mtme_KG-BERTScore-src,0.2076446168229289,0.0,0.0
zhen23,45,0.02,True,mtme_MEE4-refA,0.020893159129470942,0.0,0.0
zhen23,45,0.02,True,mtme_MS-COMET-QE-22-src,0.22333088253893896,0.0,0.0
zhen23,45,0.02,True,mtme_MaTESe-refA,0.2871130227905715,0.0,0.0
zhen23,45,0.02,True,mtme_MetricX-23-QE-b-src,0.38939284101341953,0.0,0.0
zhen23,45,0.02,True,mtme_MetricX-23-QE-c-src,0.33502679616041187,0.0,0.0
zhen23,45,0.02,True,mtme_MetricX-23-QE-src,0.36338662409314265,0.0,0.0
zhen23,45,0.02,True,mtme_MetricX-23-b-refA,0.3005854985053836,0.0,0.0
zhen23,45,0.02,True,mtme_MetricX-23-c-refA,0.22718558561625357,0.0,0.0
zhen23,45,0.02,True,mtme_MetricX-23-refA,0.30974271865416464,0.0,0.0
zhen23,45,0.02,True,mtme_XCOMET-Ensemble-refA,0.3542253007360461,0.0,0.0
zhen23,45,0.02,True,mtme_XCOMET-QE-Ensemble-src,0.3574554784599712,0.0,0.0
zhen23,45,0.02,True,mtme_XCOMET-XL-refA,0.3221344924390746,0.0,0.0
zhen23,45,0.02,True,mtme_XCOMET-XXL-refA,0.34842175086229576,0.0,0.0
zhen23,45,0.02,True,mtme_XLsim-refA,0.030330844542211063,0.0,0.0
zhen23,45,0.02,True,mtme_YiSi-1-refA,0.13982438264072414,0.0,0.0
zhen23,45,0.02,True,mtme_chrF-refA,0.0502570103053669,0.0,0.0
zhen23,45,0.02,True,mtme_cometoid22-wmt21-src,0.25371754581594996,0.0,0.0
zhen23,45,0.02,True,mtme_cometoid22-wmt22-src,0.2600981586108223,0.0,0.0
zhen23,45,0.02,True,mtme_cometoid22-wmt23-src,0.23267338600376736,0.0,0.0
zhen23,45,0.02,True,mtme_docWMT22CometDA-refA,0.14845306675235181,0.0,0.0
zhen23,45,0.02,True,mtme_docWMT22CometKiwiDA-src,0.13946982103188516,0.0,0.0
zhen23,45,0.02,True,mtme_eBLEU-refA,0.03769326873324493,0.0,0.0
zhen23,45,0.02,True,mtme_embed_llama-refA,0.02327628649487341,0.0,0.0
zhen23,45,0.02,True,mtme_f200spBLEU-refA,0.02475155206334075,0.0,0.0
zhen23,45,0.02,True,mtme_instructscore-refA,0.24700573748719595,0.0,0.0
zhen23,45,0.02,True,mtme_mbr-metricx-qe-src,0.2958003271651033,0.0,0.0
zhen23,45,0.02,True,mtme_mre-score-labse-regular-refA,-0.005938179380394487,0.0,0.0
zhen23,45,0.02,True,mtme_prismRef-refA,0.14184990064520722,0.0,0.0
zhen23,45,0.02,True,mtme_prismSrc-src,0.01720482892285443,0.0,0.0
zhen23,45,0.02,True,mtme_sescoreX-refA,0.14599420291730936,0.0,0.0
zhen23,45,0.02,True,mtme_tokengram_F-refA,0.051473538676509695,0.0,0.0
