lp,pair,eps,informative,judge,rho,HES_cvl,HES_cvq
ende23,01,0.01,True,mtme_BERTscore-refA,0.1212020134269067,0.006066726307328296,-0.007378450914317991
ende23,01,0.01,True,mtme_BLEU-refA,0.11896088201005658,0.018200178921984778,-0.0014756901828634206
ende23,01,0.01,True,mtme_BLEURT-20-refA,0.2885157694205227,0.026665378420582253,0.028600281163118635
ende23,01,0.01,True,mtme_COMET-refA,0.2890083944503783,0.016058981401751327,0.032760322059572244
ende23,01,0.01,True,mtme_Calibri-COMET22-QE-src,0.29386116401353685,0.037358261997757936,0.04175335164455296
ende23,01,0.01,True,mtme_Calibri-COMET22-refA,0.25975008725329485,0.020115987229562093,0.024818425802706323
ende23,01,0.01,True,mtme_CometKiwi-XL-src,0.26087013708872403,-0.004200041289688539,0.016380161029786122
ende23,01,0.01,True,mtme_CometKiwi-XXL-src,0.21957797556098058,0.021840214706381533,0.039000383404252714
ende23,01,0.01,True,mtme_CometKiwi-src,0.2634384847699659,0.010329831280045387,0.03761370310543499
ende23,01,0.01,True,mtme_GEMBA-MQM-src,0.24029016918671503,0.002600025560283603,0.009322042862479951
ende23,01,0.01,True,mtme_KG-BERTScore-src,0.24045752143739768,0.016507139022265083,0.02586341215229393
ende23,01,0.01,True,mtme_MEE4-refA,0.09420487389316404,-0.0018827771298604024,-0.0109201073531906
ende23,01,0.01,True,mtme_MS-COMET-QE-22-src,0.22671839694377027,-0.08540139319566498,0.006825067095744486
ende23,01,0.01,True,mtme_MaTESe-refA,0.23565136894377234,-0.026600261501361855,0.0015600153361702285
ende23,01,0.01,True,mtme_MetricX-23-QE-b-src,0.36157142621656807,0.04149640794212495,0.056516345073531205
ende23,01,0.01,True,mtme_MetricX-23-QE-c-src,0.3570376757035024,0.05755191713168106,0.07759023645688179
ende23,01,0.01,True,mtme_MetricX-23-QE-src,0.3497788797965797,0.04420043452481981,0.06452790708703637
ende23,01,0.01,True,mtme_MetricX-23-b-refA,0.24151537126692643,0.009927370321082707,0.028038113474408766
ende23,01,0.01,True,mtme_MetricX-23-c-refA,0.16406204843544842,-0.022244663126870012,0.026520260714891997
ende23,01,0.01,True,mtme_MetricX-23-refA,0.27138388185442464,0.021365427430155903,0.03380033228368584
ende23,01,0.01,True,mtme_XCOMET-Ensemble-refA,0.38876805203878473,0.0476302554766832,0.07420072945116796
ende23,01,0.01,True,mtme_XCOMET-QE-Ensemble-src,0.32876929760443785,0.02611330019241276,0.05460053676595378
ende23,01,0.01,True,mtme_XCOMET-XL-refA,0.40489447758194375,0.05227710966953025,0.08934633288974259
ende23,01,0.01,True,mtme_XCOMET-XXL-refA,0.3128268032830912,0.02676496900291847,0.05934840952821063
ende23,01,0.01,True,mtme_XLsim-refA,0.08830994821456077,-0.0109201073531906,0.006066726307328296
ende23,01,0.01,True,mtme_YiSi-1-refA,0.12539972702723673,0.022135352742954306,0.004427070548591039
ende23,01,0.01,True,mtme_chrF-refA,0.11154695654183196,0.0199758061338855,0.010329831280045387
ende23,01,0.01,True,mtme_cometoid22-wmt21-src,0.31546883954546856,0.04298340128383593,0.060781729607382595
ende23,01,0.01,True,mtme_cometoid22-wmt22-src,0.31352610569646067,0.03780037160719896,0.04586445088340119
ende23,01,0.01,True,mtme_cometoid22-wmt23-src,0.31637554402472057,0.03062956940529138,0.04190273751805762
ende23,01,0.01,True,mtme_docWMT22CometDA-refA,0.2977539135970529,0.007800076680850698,0.011428019323106664
ende23,01,0.01,True,mtme_docWMT22CometKiwiDA-src,0.2985527726013806,0.01045542193390614,0.039000383404252714
ende23,01,0.01,True,mtme_eBLEU-refA,0.045168518960781966,0.007800076680850698,-0.0014756901828634206
ende23,01,0.01,True,mtme_embed_llama-refA,0.08559120145852925,-0.0016545617201804141,-0.009800096342607034
ende23,01,0.01,True,mtme_f200spBLEU-refA,0.10939665171402843,0.02586341215229393,0.0015600153361702285
ende23,01,0.01,True,mtme_instructscore-refA,0.23761476052502462,0.00963538884105064,0.012133452614656592
ende23,01,0.01,True,mtme_mbr-metricx-qe-src,0.3079804499585718,0.04310568692048988,0.06935743859458998
ende23,01,0.01,True,mtme_mre-score-labse-regular-refA,0.13634359943313223,-0.015400151395525308,0.010329831280045387
ende23,01,0.01,True,mtme_prismRef-refA,0.14858289948339715,-0.019374384013725265,-0.004680046008510352
ende23,01,0.01,True,mtme_prismSrc-src,0.09735067709175367,0.016380161029786122,0.018200178921984778
ende23,01,0.01,True,mtme_sescoreX-refA,0.23761476052502462,0.00963538884105064,0.012133452614656592
ende23,01,0.01,True,mtme_tokengram_F-refA,0.10976921900547712,0.0199758061338855,0.006066726307328296
ende23,01,0.02,True,mtme_BERTscore-refA,0.1212020134269067,-0.0050747266890245335,0.0026544724219511595
ende23,01,0.02,True,mtme_BLEU-refA,0.11896088201005658,-0.015138788031440642,0.0026544724219511595
ende23,01,0.02,True,mtme_BLEURT-20-refA,0.2885157694205227,0.028203769483231778,0.0136041711624999
ende23,01,0.02,True,mtme_COMET-refA,0.2890083944503783,0.024553869903048864,0.03981708632926839
ende23,01,0.02,True,mtme_Calibri-COMET22-QE-src,0.29386116401353685,0.01312809730421538,0.02098885170845155
ende23,01,0.02,True,mtme_Calibri-COMET22-refA,0.25975008725329485,-0.012857600793826363,-0.0011541184443266683
ende23,01,0.02,True,mtme_CometKiwi-XL-src,0.26087013708872403,-0.036973008734320745,0.012761886643996356
ende23,01,0.02,True,mtme_CometKiwi-XXL-src,0.21957797556098058,-0.005413726650032036,-0.00956844710238225
ende23,01,0.02,True,mtme_CometKiwi-src,0.2634384847699659,0.01624720189297746,0.028203769483231778
ende23,01,0.02,True,mtme_GEMBA-MQM-src,0.24029016918671503,0.05593253899956163,0.06541181061497692
ende23,01,0.02,True,mtme_KG-BERTScore-src,0.24045752143739768,0.007807271829268214,0.02142538454860643
ende23,01,0.02,True,mtme_MEE4-refA,0.09420487389316404,0.005898827604336021,0.022989627225827647
ende23,01,0.02,True,mtme_MS-COMET-QE-22-src,0.22671839694377027,-0.04479422212042694,0.12228744030746896
ende23,01,0.02,True,mtme_MaTESe-refA,0.23565136894377234,-0.0017254070742682703,-0.0037328518433690228
ende23,01,0.02,True,mtme_MetricX-23-QE-b-src,0.36157142621656807,0.012761886643996356,0.09700938266636161
ende23,01,0.02,True,mtme_MetricX-23-QE-c-src,0.3570376757035024,0.12228744030746863,0.1981216132307908
ende23,01,0.02,True,mtme_MetricX-23-QE-src,0.3497788797965797,0.008129321792225586,0.04053451130817409
ende23,01,0.02,True,mtme_MetricX-23-b-refA,0.24151537126692643,-0.0071779101205824425,0.04083803726078805
ende23,01,0.02,True,mtme_MetricX-23-c-refA,0.16406204843544842,-0.019244925059146434,-0.01693972532429422
ende23,01,0.02,True,mtme_MetricX-23-refA,0.27138388185442464,0.004518250930980683,0.014516646057545768
ende23,01,0.02,True,mtme_XCOMET-Ensemble-refA,0.38876805203878473,0.03357126886585371,0.1981216132307908
ende23,01,0.02,True,mtme_XCOMET-QE-Ensemble-src,0.32876929760443785,0.025596698354529712,0.013047406819760243
ende23,01,0.02,True,mtme_XCOMET-XL-refA,0.40489447758194375,0.028933749399268516,0.04645326738414646
ende23,01,0.02,True,mtme_XCOMET-XXL-refA,0.3128268032830912,0.012761886643996356,0.2072372823872679
ende23,01,0.02,True,mtme_XLsim-refA,0.08830994821456077,-0.0064073472253993735,-0.01795672520731717
ende23,01,0.02,True,mtme_YiSi-1-refA,0.12539972702723673,0.0011441691473926818,0.017254070742683036
ende23,01,0.02,True,mtme_chrF-refA,0.11154695654183196,-0.019908543164634196,0.007807271829268214
ende23,01,0.02,True,mtme_cometoid22-wmt21-src,0.31546883954546856,-0.0033180905274390327,-0.00591485702717387
ende23,01,0.02,True,mtme_cometoid22-wmt22-src,0.31352610569646067,0.030810840611933954,0.2014000556467167
ende23,01,0.02,True,mtme_cometoid22-wmt23-src,0.31637554402472057,0.027682355257491298,0.017888835887062693
ende23,01,0.02,True,mtme_docWMT22CometDA-refA,0.2977539135970529,0.030810840611933954,0.14756549794857599
ende23,01,0.02,True,mtme_docWMT22CometKiwiDA-src,0.2985527726013806,0.017638270698491776,0.025596698354529712
ende23,01,0.02,True,mtme_eBLEU-refA,0.045168518960781966,0.0,0.01327236210975602
ende23,01,0.02,True,mtme_embed_llama-refA,0.08559120145852925,-0.009699033849437155,0.02142538454860643
ende23,01,0.02,True,mtme_f200spBLEU-refA,0.10939665171402843,-0.023937653090810418,-0.0014516646057545213
ende23,01,0.02,True,mtme_instructscore-refA,0.23761476052502462,0.009954271582317209,0.01516841383972134
ende23,01,0.02,True,mtme_mbr-metricx-qe-src,0.3079804499585718,0.0,0.019908543164634196
ende23,01,0.02,True,mtme_mre-score-labse-regular-refA,0.13634359943313223,0.005898827604336021,0.03890175101135418
ende23,01,0.02,True,mtme_prismRef-refA,0.14858289948339715,0.009954271582317209,0.009954271582317209
ende23,01,0.02,True,mtme_prismSrc-src,0.09735067709175367,-0.02439772446646349,0.02960757701407135
ende23,01,0.02,True,mtme_sescoreX-refA,0.23761476052502462,0.009954271582317209,0.01516841383972134
ende23,01,0.02,True,mtme_tokengram_F-refA,0.10976921900547712,-0.01843383626355033,0.030231491472222483
ende23,02,0.01,True,mtme_BERTscore-refA,0.1397536027087628,0.004027178141423171,0.015376498358161017
ende23,02,0.01,True,mtme_BLEU-refA,0.11554804507311767,0.002307584169190191,0.006459175330724154
ende23,02,0.01,True,mtme_BLEURT-20-refA,0.25540216428661167,0.030698080650757187,0.14712575163819885
ende23,02,0.01,True,mtme_COMET-refA,0.24426370970778125,0.024023599475675672,0.013484944988704894
ende23,02,0.01,True,mtme_Calibri-COMET22-QE-src,0.16234748945920813,-0.020941326335400134,-0.02297637685702214
ende23,02,0.01,True,mtme_Calibri-COMET22-refA,0.206711067897115,-0.0004138602042569328,-0.0004138602042569328
ende23,02,0.01,True,mtme_CometKiwi-XL-src,0.238382375501618,-0.04871378051282926,-0.00886977665032429
ende23,02,0.01,True,mtme_CometKiwi-XXL-src,0.20461042832692275,-0.026842972848103885,-0.009348806399732235
ende23,02,0.01,True,mtme_CometKiwi-src,0.19042791302702833,-0.00618721005364109,0.0029462905017338947
ende23,02,0.01,True,mtme_GEMBA-MQM-src,0.1835081032489969,0.007337396537971719,0.004759392348954727
ende23,02,0.01,True,mtme_KG-BERTScore-src,0.18578052056657635,-0.0260731928681861,-0.009138033309992855
ende23,02,0.01,True,mtme_MEE4-refA,0.11563772439815294,0.004027178141423171,-0.00618721005364109
ende23,02,0.01,True,mtme_MS-COMET-QE-22-src,0.14767523789818254,-0.031812780437749044,0.14712575163819885
ende23,02,0.01,True,mtme_MaTESe-refA,0.24004746361947743,0.011249472824801932,0.03166030562565447
ende23,02,0.01,True,mtme_MetricX-23-QE-b-src,0.28802858948008314,0.008566906228118398,0.01594396436899792
ende23,02,0.01,True,mtme_MetricX-23-QE-c-src,0.31844722991129704,0.02885381611553728,0.03807513879163682
ende23,02,0.01,True,mtme_MetricX-23-QE-src,0.2966952352272353,0.004543056333093154,0.011249472824801932
ende23,02,0.01,True,mtme_MetricX-23-b-refA,0.33600733943039074,0.01883063929369,0.015376498358161017
ende23,02,0.01,True,mtme_MetricX-23-c-refA,0.19231923032097256,-0.019658359702203754,0.009701838249792094
ende23,02,0.01,True,mtme_MetricX-23-refA,0.3217728062022962,0.14712575163819885,0.15058759864250215
ende23,02,0.01,True,mtme_XCOMET-Ensemble-refA,0.350704319789363,-0.0021633601586157347,0.003359571069850298
ende23,02,0.01,True,mtme_XCOMET-QE-Ensemble-src,0.29953093990527613,-0.004759392348954616,0.022267157061180542
ende23,02,0.01,True,mtme_XCOMET-XL-refA,0.3168385782356514,0.008566906228118287,0.01637790896552027
ende23,02,0.01,True,mtme_XCOMET-XXL-refA,0.33005698431846475,-0.004079479156246624,0.008566906228118287
ende23,02,0.01,True,mtme_XLsim-refA,0.08618267876373177,-0.007713497944857428,0.0
ende23,02,0.01,True,mtme_YiSi-1-refA,0.17209519626612432,0.01621718874458611,0.01840298374929128
ende23,02,0.01,True,mtme_chrF-refA,0.11019587730033031,0.024023599475675672,0.009701838249792094
ende23,02,0.01,True,mtme_cometoid22-wmt21-src,0.21723597902769815,0.030698080650757187,0.03104936913365619
ende23,02,0.01,True,mtme_cometoid22-wmt22-src,0.21436345449428054,0.04381464473092944,0.025245472459672347
ende23,02,0.01,True,mtme_cometoid22-wmt23-src,0.23813687351129786,-0.020941326335400134,0.025245472459672347
ende23,02,0.01,True,mtme_docWMT22CometDA-refA,0.20961766558308814,0.01621718874458611,0.022812259879472108
ende23,02,0.01,True,mtme_docWMT22CometKiwiDA-src,0.18249430384224674,-0.03135599665193611,0.002461754663252491
ende23,02,0.01,True,mtme_eBLEU-refA,0.04818484006296046,-0.013998212791042741,0.008566906228118287
ende23,02,0.01,True,mtme_embed_llama-refA,0.09248935207024575,0.0011898480872387651,0.009701838249792094
ende23,02,0.01,True,mtme_f200spBLEU-refA,0.112739096664603,0.016997829817695043,0.007549380967307284
ende23,02,0.01,True,mtme_instructscore-refA,0.23685241955637582,0.02168167625634876,0.0653377920032775
ende23,02,0.01,True,mtme_mbr-metricx-qe-src,0.17324307422854962,0.003648867467531902,-0.005640761302464714
ende23,02,0.01,True,mtme_mre-score-labse-regular-refA,0.11986311349896087,0.007337396537971719,0.02627184576622954
ende23,02,0.01,True,mtme_prismRef-refA,0.17014288080363454,-0.020047137469838994,-0.007006883180405321
ende23,02,0.01,True,mtme_prismSrc-src,0.034992931978916814,-0.0009798748953731007,-0.001269171293054594
ende23,02,0.01,True,mtme_sescoreX-refA,0.23685241955637582,0.02168167625634876,0.0653377920032775
ende23,02,0.01,True,mtme_tokengram_F-refA,0.11197616223365853,0.03807513879163682,0.011728502574209543
ende23,02,0.02,True,mtme_BERTscore-refA,0.1397536027087628,-0.00010853522813292216,0.004897652169503552
ende23,02,0.02,True,mtme_BLEU-refA,0.11554804507311767,0.002999519032040543,0.011857473673534957
ende23,02,0.02,True,mtme_BLEURT-20-refA,0.25540216428661167,0.01908705570097846,0.03220156730070356
ende23,02,0.02,True,mtme_COMET-refA,0.24426370970778125,0.012373016007166893,0.021245139888275033
ende23,02,0.02,True,mtme_Calibri-COMET22-QE-src,0.16234748945920813,0.010612627550862674,0.011435666309654313
ende23,02,0.02,True,mtme_Calibri-COMET22-refA,0.206711067897115,0.00561763370440338,0.012875984137539542
ende23,02,0.02,True,mtme_CometKiwi-XL-src,0.238382375501618,0.005811568124578392,0.027442714990254857
ende23,02,0.02,True,mtme_CometKiwi-XXL-src,0.20461042832692275,0.005891912384365261,0.012101677936834365
ende23,02,0.02,True,mtme_CometKiwi-src,0.19042791302702833,0.007217592670847539,0.021929410484247125
ende23,02,0.02,True,mtme_GEMBA-MQM-src,0.1835081032489969,0.0051085558514439855,0.01412805373867998
ende23,02,0.02,True,mtme_KG-BERTScore-src,0.18578052056657635,0.009795304339007216,0.02030443652458158
ende23,02,0.02,True,mtme_MEE4-refA,0.11563772439815294,0.00463988100268764,0.007217592670847539
ende23,02,0.02,True,mtme_MS-COMET-QE-22-src,0.14767523789818254,-0.006429116160586501,0.021929410484247125
ende23,02,0.02,True,mtme_MaTESe-refA,0.24004746361947743,0.013017443924206895,0.01813495973599466
ende23,02,0.02,True,mtme_MetricX-23-QE-b-src,0.28802858948008314,0.012373016007166893,0.01730429050277693
ende23,02,0.02,True,mtme_MetricX-23-QE-c-src,0.31844722991129704,0.01605546124739521,0.021245139888275033
ende23,02,0.02,True,mtme_MetricX-23-QE-src,0.2966952352272353,0.007217592670847317,0.02489332982394299
ende23,02,0.02,True,mtme_MetricX-23-b-refA,0.33600733943039074,0.016497354676222598,0.02940832790109238
ende23,02,0.02,True,mtme_MetricX-23-c-refA,0.19231923032097256,0.010179218842775728,0.013544703129057867
ende23,02,0.02,True,mtme_MetricX-23-refA,0.3217728062022962,0.014435185341694856,0.023356309201934544
ende23,02,0.02,True,mtme_XCOMET-Ensemble-refA,0.350704319789363,0.02400014097844072,0.03550955000430822
ende23,02,0.02,True,mtme_XCOMET-QE-Ensemble-src,0.29953093990527613,0.016497354676222598,0.025063288835030395
ende23,02,0.02,True,mtme_XCOMET-XL-refA,0.3168385782356514,0.01412805373867998,0.026198924045478522
ende23,02,0.02,True,mtme_XCOMET-XXL-refA,0.33005698431846475,0.008349270964185806,0.03104400863059431
ende23,02,0.02,True,mtme_XLsim-refA,0.08618267876373177,-0.007545665064976781,0.005361640269772372
ende23,02,0.02,True,mtme_YiSi-1-refA,0.17209519626612432,-0.0024937861719871446,0.007217592670847317
ende23,02,0.02,True,mtme_chrF-refA,0.11019587730033031,-0.0007041553825215541,0.009537533172191193
ende23,02,0.02,True,mtme_cometoid22-wmt21-src,0.21723597902769815,-0.003093254001791612,0.012373016007166893
ende23,02,0.02,True,mtme_cometoid22-wmt22-src,0.21436345449428054,0.007217592670847539,0.015545584214132768
ende23,02,0.02,True,mtme_cometoid22-wmt23-src,0.23813687351129786,0.00018746993950247148,0.016985763202821302
ende23,02,0.02,True,mtme_docWMT22CometDA-refA,0.20961766558308814,0.00932662949025087,0.016497354676222598
ende23,02,0.02,True,mtme_docWMT22CometKiwiDA-src,0.18249430384224674,0.009234932237233373,0.01513934072421641
ende23,02,0.02,True,mtme_eBLEU-refA,0.04818484006296046,0.0015592012041553138,0.006085914377508939
ende23,02,0.02,True,mtme_embed_llama-refA,0.09248935207024575,-0.0056709656699514,0.0036484534380107903
ende23,02,0.02,True,mtme_f200spBLEU-refA,0.112739096664603,-0.0003357019846905729,0.009234932237233373
ende23,02,0.02,True,mtme_instructscore-refA,0.23685241955637582,0.011636526959121207,0.01908705570097846
ende23,02,0.02,True,mtme_mbr-metricx-qe-src,0.17324307422854962,0.007217592670847539,0.011952165122569358
ende23,02,0.02,True,mtme_mre-score-labse-regular-refA,0.11986311349896087,-0.000970432628013107,0.006138550577199253
ende23,02,0.02,True,mtme_prismRef-refA,0.17014288080363454,0.00847161456346568,0.013487702133938795
ende23,02,0.02,True,mtme_prismSrc-src,0.034992931978916814,0.004124338669055705,0.006138550577199253
ende23,02,0.02,True,mtme_sescoreX-refA,0.23685241955637582,0.011636526959121207,0.01908705570097846
ende23,02,0.02,True,mtme_tokengram_F-refA,0.11197616223365853,0.0005891912384365927,0.010786731903684066
ende23,03,0.01,False,mtme_BERTscore-refA,0.09206638693098775,-0.003918495297805524,0.0
ende23,03,0.01,False,mtme_BLEU-refA,0.0740090563049455,0.0,0.0
ende23,03,0.01,False,mtme_BLEURT-20-refA,0.22417221453089317,0.0,0.0
ende23,03,0.01,False,mtme_COMET-refA,0.1976733792684437,0.0,0.0
ende23,03,0.01,False,mtme_Calibri-COMET22-QE-src,0.11485005764841269,-0.005451819544773029,0.0
ende23,03,0.01,False,mtme_Calibri-COMET22-refA,0.11170825285809602,0.0,0.0
ende23,03,0.01,False,mtme_CometKiwi-XL-src,0.127555467390916,0.0,0.0
ende23,03,0.01,False,mtme_CometKiwi-XXL-src,0.17034882265748977,0.0,0.0
ende23,03,0.01,False,mtme_CometKiwi-src,0.12051486217677188,-0.002985520226899574,0.0
ende23,03,0.01,False,mtme_GEMBA-MQM-src,0.15469226537411354,0.0,0.0
ende23,03,0.01,False,mtme_KG-BERTScore-src,0.10328736119260047,0.0,0.0
ende23,03,0.01,False,mtme_MEE4-refA,0.06239304304421208,0.0,0.0
ende23,03,0.01,False,mtme_MS-COMET-QE-22-src,0.030606499463615502,0.0,0.0
ende23,03,0.01,False,mtme_MaTESe-refA,0.21727009271760506,0.0,0.0
ende23,03,0.01,False,mtme_MetricX-23-QE-b-src,0.2306150271296506,0.0,0.0
ende23,03,0.01,False,mtme_MetricX-23-QE-c-src,0.25959289599799507,0.0,0.0
ende23,03,0.01,False,mtme_MetricX-23-QE-src,0.2432504968225896,0.0,0.0
ende23,03,0.01,False,mtme_MetricX-23-b-refA,0.26273043991408335,0.0,0.0
ende23,03,0.01,False,mtme_MetricX-23-c-refA,0.18331233939894848,0.0,0.0
ende23,03,0.01,False,mtme_MetricX-23-refA,0.2527800349113719,0.0,0.0
ende23,03,0.01,False,mtme_XCOMET-Ensemble-refA,0.31543425647978196,0.0,0.0
ende23,03,0.01,False,mtme_XCOMET-QE-Ensemble-src,0.2893612116056654,0.0,0.0
ende23,03,0.01,False,mtme_XCOMET-XL-refA,0.29024101235350586,0.0,0.0
ende23,03,0.01,False,mtme_XCOMET-XXL-refA,0.2907825418167684,0.0,0.0
ende23,03,0.01,False,mtme_XLsim-refA,0.04332983694619694,-0.014927601134497648,0.0
ende23,03,0.01,False,mtme_YiSi-1-refA,0.11737220103935958,0.0,0.0
ende23,03,0.01,False,mtme_chrF-refA,0.0632938378300229,0.0,0.0
ende23,03,0.01,False,mtme_cometoid22-wmt21-src,0.17070082471761905,0.0,0.0
ende23,03,0.01,False,mtme_cometoid22-wmt22-src,0.18355030873679437,0.0,0.0
ende23,03,0.01,False,mtme_cometoid22-wmt23-src,0.20456126062225968,0.0,0.0
ende23,03,0.01,False,mtme_docWMT22CometDA-refA,0.21667124895578793,0.0,0.0
ende23,03,0.01,False,mtme_docWMT22CometKiwiDA-src,0.10354285092592377,0.0,0.0
ende23,03,0.01,False,mtme_eBLEU-refA,0.03631297547580098,0.0,0.0
ende23,03,0.01,False,mtme_embed_llama-refA,0.06347620344456838,-0.011755485893417017,0.0
ende23,03,0.01,False,mtme_f200spBLEU-refA,0.06825161216325937,-0.003687995574405356,0.0
ende23,03,0.01,False,mtme_instructscore-refA,0.2308638797617123,0.0,0.0
ende23,03,0.01,False,mtme_mbr-metricx-qe-src,0.21718140176172057,0.0,0.0
ende23,03,0.01,False,mtme_mre-score-labse-regular-refA,0.16519906875136398,0.0,0.0
ende23,03,0.01,False,mtme_prismRef-refA,0.12325012042422062,0.0,0.0
ende23,03,0.01,False,mtme_prismSrc-src,-0.050712415351895995,0.0,0.0
ende23,03,0.01,False,mtme_sescoreX-refA,0.2308638797617123,0.0,0.0
ende23,03,0.01,False,mtme_tokengram_F-refA,0.06261330379136572,0.0,0.0
ende23,03,0.02,False,mtme_BERTscore-refA,0.09206638693098775,0.0,0.0
ende23,03,0.02,False,mtme_BLEU-refA,0.0740090563049455,0.0,0.0
ende23,03,0.02,False,mtme_BLEURT-20-refA,0.22417221453089317,0.0,0.0
ende23,03,0.02,False,mtme_COMET-refA,0.1976733792684437,0.0,0.0
ende23,03,0.02,False,mtme_Calibri-COMET22-QE-src,0.11485005764841269,0.0,0.0
ende23,03,0.02,False,mtme_Calibri-COMET22-refA,0.11170825285809602,0.0,0.0
ende23,03,0.02,False,mtme_CometKiwi-XL-src,0.127555467390916,0.0,0.0
ende23,03,0.02,False,mtme_CometKiwi-XXL-src,0.17034882265748977,0.0,0.0
ende23,03,0.02,False,mtme_CometKiwi-src,0.12051486217677188,0.0,0.0
ende23,03,0.02,False,mtme_GEMBA-MQM-src,0.15469226537411354,0.0,0.0
ende23,03,0.02,False,mtme_KG-BERTScore-src,0.10328736119260047,0.0,0.0
ende23,03,0.02,False,mtme_MEE4-refA,0.06239304304421208,0.0,0.0
ende23,03,0.02,False,mtme_MS-COMET-QE-22-src,0.030606499463615502,0.0,0.0
ende23,03,0.02,False,mtme_MaTESe-refA,0.21727009271760506,0.0,0.0
ende23,03,0.02,False,mtme_MetricX-23-QE-b-src,0.2306150271296506,0.0,0.0
ende23,03,0.02,False,mtme_MetricX-23-QE-c-src,0.25959289599799507,0.0,0.0
ende23,03,0.02,False,mtme_MetricX-23-QE-src,0.2432504968225896,0.0,0.0
ende23,03,0.02,False,mtme_MetricX-23-b-refA,0.26273043991408335,0.0,0.0
ende23,03,0.02,False,mtme_MetricX-23-c-refA,0.18331233939894848,0.0,0.0
ende23,03,0.02,False,mtme_MetricX-23-refA,0.2527800349113719,0.0,0.0
ende23,03,0.02,False,mtme_XCOMET-Ensemble-refA,0.31543425647978196,0.0,0.0
ende23,03,0.02,False,mtme_XCOMET-QE-Ensemble-src,0.2893612116056654,0.0,0.0
ende23,03,0.02,False,mtme_XCOMET-XL-refA,0.29024101235350586,0.0,0.0
ende23,03,0.02,False,mtme_XCOMET-XXL-refA,0.2907825418167684,0.0,0.0
ende23,03,0.02,False,mtme_XLsim-refA,0.04332983694619694,0.0,0.0
ende23,03,0.02,False,mtme_YiSi-1-refA,0.11737220103935958,0.0,0.0
ende23,03,0.02,False,mtme_chrF-refA,0.0632938378300229,0.0,0.0
ende23,03,0.02,False,mtme_cometoid22-wmt21-src,0.17070082471761905,0.0,0.0
ende23,03,0.02,False,mtme_cometoid22-wmt22-src,0.18355030873679437,0.0,0.0
ende23,03,0.02,False,mtme_cometoid22-wmt23-src,0.20456126062225968,0.0,0.0
ende23,03,0.02,False,mtme_docWMT22CometDA-refA,0.21667124895578793,0.0,0.0
ende23,03,0.02,False,mtme_docWMT22CometKiwiDA-src,0.10354285092592377,0.0,0.0
ende23,03,0.02,False,mtme_eBLEU-refA,0.03631297547580098,0.0,0.0
ende23,03,0.02,False,mtme_embed_llama-refA,0.06347620344456838,0.0,0.0
ende23,03,0.02,False,mtme_f200spBLEU-refA,0.06825161216325937,0.0,0.0
ende23,03,0.02,False,mtme_instructscore-refA,0.2308638797617123,0.0,0.0
ende23,03,0.02,False,mtme_mbr-metricx-qe-src,0.21718140176172057,0.0,0.0
ende23,03,0.02,False,mtme_mre-score-labse-regular-refA,0.16519906875136398,0.0,0.0
ende23,03,0.02,False,mtme_prismRef-refA,0.12325012042422062,0.0,0.0
ende23,03,0.02,False,mtme_prismSrc-src,-0.050712415351895995,0.0,0.0
ende23,03,0.02,False,mtme_sescoreX-refA,0.2308638797617123,0.0,0.0
ende23,03,0.02,False,mtme_tokengram_F-refA,0.06261330379136572,0.0,0.0
ende23,04,0.01,False,mtme_BERTscore-refA,0.17148068092294325,-0.018373451075345493,-0.01146085552865217
ende23,04,0.01,False,mtme_BLEU-refA,0.12758852934919296,-0.012340857611497391,-0.009362389023406026
ende23,04,0.01,False,mtme_BLEURT-20-refA,0.3044074205456355,0.024213075060532607,0.024213075060532607
ende23,04,0.01,False,mtme_COMET-refA,0.3086601101338291,0.000605326876513379,0.024213075060532607
ende23,04,0.01,False,mtme_Calibri-COMET22-QE-src,0.20211555050183738,-0.009362389023406026,0.00556003945834449
ende23,04,0.01,False,mtme_Calibri-COMET22-refA,0.21560461580131224,-0.011041162227602985,-0.0030669895076675946
ende23,04,0.01,False,mtme_CometKiwi-XL-src,0.2937116020028473,0.0053268765133170914,0.024213075060532607
ende23,04,0.01,False,mtme_CometKiwi-XXL-src,0.25429356050794294,0.012409200968523049,0.024213075060532607
ende23,04,0.01,False,mtme_CometKiwi-src,0.22844141098968523,0.0032284100080709477,0.024213075060532607
ende23,04,0.01,False,mtme_GEMBA-MQM-src,0.29252351938908316,0.010959602395820056,0.024213075060532607
ende23,04,0.01,False,mtme_KG-BERTScore-src,0.21595154186344018,0.001019497897285504,0.020715630885122405
ende23,04,0.01,False,mtme_MEE4-refA,0.1281403694345169,-0.008279309536827428,-0.0013619854721549363
ende23,04,0.01,False,mtme_MS-COMET-QE-22-src,0.16728935018380164,0.024213075060532607,0.024213075060532607
ende23,04,0.01,False,mtme_MaTESe-refA,0.3542096992651266,0.024213075060532607,0.024213075060532607
ende23,04,0.01,False,mtme_MetricX-23-QE-b-src,0.42623340175412483,0.024213075060532607,0.024213075060532607
ende23,04,0.01,False,mtme_MetricX-23-QE-c-src,0.35987423530149054,0.024213075060532607,0.024213075060532607
ende23,04,0.01,False,mtme_MetricX-23-QE-src,0.4103515120299406,0.024213075060532607,0.024213075060532607
ende23,04,0.01,False,mtme_MetricX-23-b-refA,0.43064910765024306,0.024213075060532607,0.024213075060532607
ende23,04,0.01,False,mtme_MetricX-23-c-refA,0.2142222139987904,0.004182258419546558,0.01873881461206439
ende23,04,0.01,False,mtme_MetricX-23-refA,0.43673049053339263,0.024213075060532607,0.024213075060532607
ende23,04,0.01,False,mtme_XCOMET-Ensemble-refA,0.4859735119253914,0.024213075060532607,0.024213075060532607
ende23,04,0.01,False,mtme_XCOMET-QE-Ensemble-src,0.39290900238615445,0.024213075060532607,0.024213075060532607
ende23,04,0.01,False,mtme_XCOMET-XL-refA,0.47814222341990914,0.024213075060532607,0.024213075060532607
ende23,04,0.01,False,mtme_XCOMET-XXL-refA,0.4634305517982971,0.024213075060532607,0.024213075060532607
ende23,04,0.01,False,mtme_XLsim-refA,0.12320778241570837,-0.016949152542372836,-0.011041162227602985
ende23,04,0.01,False,mtme_YiSi-1-refA,0.1797848656679927,-0.009685230024213176,0.013264554163596176
ende23,04,0.01,False,mtme_chrF-refA,0.12621155064676315,-0.011369617854511072,0.0015496368038739883
ende23,04,0.01,False,mtme_cometoid22-wmt21-src,0.2984178354559521,0.018489984591679387,0.024213075060532607
ende23,04,0.01,False,mtme_cometoid22-wmt22-src,0.28737992108079696,0.024213075060532607,0.024213075060532607
ende23,04,0.01,False,mtme_cometoid22-wmt23-src,0.29433769253463526,0.024213075060532607,0.024213075060532607
ende23,04,0.01,False,mtme_docWMT22CometDA-refA,0.2877838055716543,0.024213075060532607,0.024213075060532607
ende23,04,0.01,False,mtme_docWMT22CometKiwiDA-src,0.19238156941229922,0.011622276029055634,0.024213075060532607
ende23,04,0.01,False,mtme_eBLEU-refA,0.07237300255474274,-0.011760636457972984,0.0015496368038739883
ende23,04,0.01,False,mtme_embed_llama-refA,0.10987084488899465,-0.009512279488066433,-0.006098107793023111
ende23,04,0.01,False,mtme_f200spBLEU-refA,0.12618985795700063,-0.02075406433759963,-0.006310074106684382
ende23,04,0.01,False,mtme_instructscore-refA,0.29490721731381514,0.0053268765133170914,0.01917675544794195
ende23,04,0.01,False,mtme_mbr-metricx-qe-src,0.34620907235934206,0.024213075060532607,0.024213075060532607
ende23,04,0.01,False,mtme_mre-score-labse-regular-refA,0.18570635231646526,0.015819209039548032,0.024213075060532607
ende23,04,0.01,False,mtme_prismRef-refA,0.17367789782686177,0.0015496368038739883,0.013358937964431772
ende23,04,0.01,False,mtme_prismSrc-src,-0.03679875368885227,-0.0037664783427495685,0.0
ende23,04,0.01,False,mtme_sescoreX-refA,0.29490721731381514,0.0053268765133170914,0.01917675544794195
ende23,04,0.01,False,mtme_tokengram_F-refA,0.1296355075746654,-0.014527845036319764,-0.002421307506053294
ende23,04,0.02,False,mtme_BERTscore-refA,0.17148068092294325,0.0,0.0
ende23,04,0.02,False,mtme_BLEU-refA,0.12758852934919296,0.0,0.0
ende23,04,0.02,False,mtme_BLEURT-20-refA,0.3044074205456355,0.0,0.0
ende23,04,0.02,False,mtme_COMET-refA,0.3086601101338291,0.0,0.0
ende23,04,0.02,False,mtme_Calibri-COMET22-QE-src,0.20211555050183738,0.0,0.0
ende23,04,0.02,False,mtme_Calibri-COMET22-refA,0.21560461580131224,0.0,0.0
ende23,04,0.02,False,mtme_CometKiwi-XL-src,0.2937116020028473,0.0,0.0
ende23,04,0.02,False,mtme_CometKiwi-XXL-src,0.25429356050794294,0.0,0.0
ende23,04,0.02,False,mtme_CometKiwi-src,0.22844141098968523,0.0,0.0
ende23,04,0.02,False,mtme_GEMBA-MQM-src,0.29252351938908316,0.0,0.0
ende23,04,0.02,False,mtme_KG-BERTScore-src,0.21595154186344018,0.0,0.0
ende23,04,0.02,False,mtme_MEE4-refA,0.1281403694345169,0.0,0.0
ende23,04,0.02,False,mtme_MS-COMET-QE-22-src,0.16728935018380164,0.0,0.0
ende23,04,0.02,False,mtme_MaTESe-refA,0.3542096992651266,0.0,0.0
ende23,04,0.02,False,mtme_MetricX-23-QE-b-src,0.42623340175412483,0.0,0.0
ende23,04,0.02,False,mtme_MetricX-23-QE-c-src,0.35987423530149054,0.0,0.0
ende23,04,0.02,False,mtme_MetricX-23-QE-src,0.4103515120299406,0.0,0.0
ende23,04,0.02,False,mtme_MetricX-23-b-refA,0.43064910765024306,0.0,0.0
ende23,04,0.02,False,mtme_MetricX-23-c-refA,0.2142222139987904,0.0,0.0
ende23,04,0.02,False,mtme_MetricX-23-refA,0.43673049053339263,0.0,0.0
ende23,04,0.02,False,mtme_XCOMET-Ensemble-refA,0.4859735119253914,0.0,0.0
ende23,04,0.02,False,mtme_XCOMET-QE-Ensemble-src,0.39290900238615445,0.0,0.0
ende23,04,0.02,False,mtme_XCOMET-XL-refA,0.47814222341990914,0.0,0.0
ende23,04,0.02,False,mtme_XCOMET-XXL-refA,0.4634305517982971,0.0,0.0
ende23,04,0.02,False,mtme_XLsim-refA,0.12320778241570837,0.0,0.0
ende23,04,0.02,False,mtme_YiSi-1-refA,0.1797848656679927,0.0,0.0
ende23,04,0.02,False,mtme_chrF-refA,0.12621155064676315,0.0,0.0
ende23,04,0.02,False,mtme_cometoid22-wmt21-src,0.2984178354559521,0.0,0.0
ende23,04,0.02,False,mtme_cometoid22-wmt22-src,0.28737992108079696,0.0,0.0
ende23,04,0.02,False,mtme_cometoid22-wmt23-src,0.29433769253463526,0.0,0.0
ende23,04,0.02,False,mtme_docWMT22CometDA-refA,0.2877838055716543,0.0,0.0
ende23,04,0.02,False,mtme_docWMT22CometKiwiDA-src,0.19238156941229922,0.0,0.0
ende23,04,0.02,False,mtme_eBLEU-refA,0.07237300255474274,0.0,0.0
ende23,04,0.02,False,mtme_embed_llama-refA,0.10987084488899465,0.0,0.0
ende23,04,0.02,False,mtme_f200spBLEU-refA,0.12618985795700063,0.0,0.0
ende23,04,0.02,False,mtme_instructscore-refA,0.29490721731381514,0.0,0.0
ende23,04,0.02,False,mtme_mbr-metricx-qe-src,0.34620907235934206,0.0,0.0
ende23,04,0.02,False,mtme_mre-score-labse-regular-refA,0.18570635231646526,0.0,0.0
ende23,04,0.02,False,mtme_prismRef-refA,0.17367789782686177,0.0,0.0
ende23,04,0.02,False,mtme_prismSrc-src,-0.03679875368885227,0.0,0.0
ende23,04,0.02,False,mtme_sescoreX-refA,0.29490721731381514,0.0,0.0
ende23,04,0.02,False,mtme_tokengram_F-refA,0.1296355075746654,0.0,0.0
ende23,05,0.01,False,mtme_BERTscore-refA,0.15236737219015664,0.0,0.0
ende23,05,0.01,False,mtme_BLEU-refA,0.0649118822955576,0.0,0.0
ende23,05,0.01,False,mtme_BLEURT-20-refA,0.35660523562033275,0.0,0.0
ende23,05,0.01,False,mtme_COMET-refA,0.36802457703083835,0.0,0.0
ende23,05,0.01,False,mtme_Calibri-COMET22-QE-src,0.30123914077430347,0.0,0.0
ende23,05,0.01,False,mtme_Calibri-COMET22-refA,0.2888831145522964,0.0,0.0
ende23,05,0.01,False,mtme_CometKiwi-XL-src,0.3359149316398471,0.0,0.0
ende23,05,0.01,False,mtme_CometKiwi-XXL-src,0.31633678769587864,0.0,0.0
ende23,05,0.01,False,mtme_CometKiwi-src,0.31571760804603494,0.0,0.0
ende23,05,0.01,False,mtme_GEMBA-MQM-src,0.3463657251190373,0.0,0.0
ende23,05,0.01,False,mtme_KG-BERTScore-src,0.2956579686315211,0.0,0.0
ende23,05,0.01,False,mtme_MEE4-refA,0.09361347355682217,0.0,0.0
ende23,05,0.01,False,mtme_MS-COMET-QE-22-src,0.2717397015585886,0.0,0.0
ende23,05,0.01,False,mtme_MaTESe-refA,0.34569876046903825,0.0,0.0
ende23,05,0.01,False,mtme_MetricX-23-QE-b-src,0.5087473512564968,0.0,0.0
ende23,05,0.01,False,mtme_MetricX-23-QE-c-src,0.4868204693627053,0.0,0.0
ende23,05,0.01,False,mtme_MetricX-23-QE-src,0.5034393573497127,0.0,0.0
ende23,05,0.01,False,mtme_MetricX-23-b-refA,0.5008495364253295,0.0,0.0
ende23,05,0.01,False,mtme_MetricX-23-c-refA,0.30293617600486356,0.0,0.0
ende23,05,0.01,False,mtme_MetricX-23-refA,0.5065637217827333,0.0,0.0
ende23,05,0.01,False,mtme_XCOMET-Ensemble-refA,0.5330874470290019,0.0,0.0
ende23,05,0.01,False,mtme_XCOMET-QE-Ensemble-src,0.5024100062171133,0.0,0.0
ende23,05,0.01,False,mtme_XCOMET-XL-refA,0.5039474436403091,0.0,0.0
ende23,05,0.01,False,mtme_XCOMET-XXL-refA,0.5146814351767819,0.0,0.0
ende23,05,0.01,False,mtme_XLsim-refA,0.1697207581023033,0.0,0.0
ende23,05,0.01,False,mtme_YiSi-1-refA,0.15270123441768568,0.0,0.0
ende23,05,0.01,False,mtme_chrF-refA,0.09123244896987939,0.0,0.0
ende23,05,0.01,False,mtme_cometoid22-wmt21-src,0.35998533199689997,0.0,0.0
ende23,05,0.01,False,mtme_cometoid22-wmt22-src,0.3497888835480364,0.0,0.0
ende23,05,0.01,False,mtme_cometoid22-wmt23-src,0.3459996549981723,0.0,0.0
ende23,05,0.01,False,mtme_docWMT22CometDA-refA,0.34170261699317106,0.0,0.0
ende23,05,0.01,False,mtme_docWMT22CometKiwiDA-src,0.25259831576316344,0.0,0.0
ende23,05,0.01,False,mtme_eBLEU-refA,0.021322574023431816,0.0,0.0
ende23,05,0.01,False,mtme_embed_llama-refA,-0.0025223985908563447,0.0,0.0
ende23,05,0.01,False,mtme_f200spBLEU-refA,0.08186142961589164,0.0,0.0
ende23,05,0.01,False,mtme_instructscore-refA,0.3979560658800162,0.0,0.0
ende23,05,0.01,False,mtme_mbr-metricx-qe-src,0.34074442723416776,0.0,0.0
ende23,05,0.01,False,mtme_mre-score-labse-regular-refA,0.20382745854523493,0.0,0.0
ende23,05,0.01,False,mtme_prismRef-refA,0.2079088315452907,0.0,0.0
ende23,05,0.01,False,mtme_prismSrc-src,0.05226946713096952,0.0,0.0
ende23,05,0.01,False,mtme_sescoreX-refA,0.3979560658800162,0.0,0.0
ende23,05,0.01,False,mtme_tokengram_F-refA,0.0823951851415784,0.0,0.0
ende23,05,0.02,False,mtme_BERTscore-refA,0.15236737219015664,0.0,0.0
ende23,05,0.02,False,mtme_BLEU-refA,0.0649118822955576,0.0,0.0
ende23,05,0.02,False,mtme_BLEURT-20-refA,0.35660523562033275,0.0,0.0
ende23,05,0.02,False,mtme_COMET-refA,0.36802457703083835,0.0,0.0
ende23,05,0.02,False,mtme_Calibri-COMET22-QE-src,0.30123914077430347,0.0,0.0
ende23,05,0.02,False,mtme_Calibri-COMET22-refA,0.2888831145522964,0.0,0.0
ende23,05,0.02,False,mtme_CometKiwi-XL-src,0.3359149316398471,0.0,0.0
ende23,05,0.02,False,mtme_CometKiwi-XXL-src,0.31633678769587864,0.0,0.0
ende23,05,0.02,False,mtme_CometKiwi-src,0.31571760804603494,0.0,0.0
ende23,05,0.02,False,mtme_GEMBA-MQM-src,0.3463657251190373,0.0,0.0
ende23,05,0.02,False,mtme_KG-BERTScore-src,0.2956579686315211,0.0,0.0
ende23,05,0.02,False,mtme_MEE4-refA,0.09361347355682217,0.0,0.0
ende23,05,0.02,False,mtme_MS-COMET-QE-22-src,0.2717397015585886,0.0,0.0
ende23,05,0.02,False,mtme_MaTESe-refA,0.34569876046903825,0.0,0.0
ende23,05,0.02,False,mtme_MetricX-23-QE-b-src,0.5087473512564968,0.0,0.0
ende23,05,0.02,False,mtme_MetricX-23-QE-c-src,0.4868204693627053,0.0,0.0
ende23,05,0.02,False,mtme_MetricX-23-QE-src,0.5034393573497127,0.0,0.0
ende23,05,0.02,False,mtme_MetricX-23-b-refA,0.5008495364253295,0.0,0.0
ende23,05,0.02,False,mtme_MetricX-23-c-refA,0.30293617600486356,0.0,0.0
ende23,05,0.02,False,mtme_MetricX-23-refA,0.5065637217827333,0.0,0.0
ende23,05,0.02,False,mtme_XCOMET-Ensemble-refA,0.5330874470290019,0.0,0.0
ende23,05,0.02,False,mtme_XCOMET-QE-Ensemble-src,0.5024100062171133,0.0,0.0
ende23,05,0.02,False,mtme_XCOMET-XL-refA,0.5039474436403091,0.0,0.0
ende23,05,0.02,False,mtme_XCOMET-XXL-refA,0.5146814351767819,0.0,0.0
ende23,05,0.02,False,mtme_XLsim-refA,0.1697207581023033,0.0,0.0
ende23,05,0.02,False,mtme_YiSi-1-refA,0.15270123441768568,0.0,0.0
ende23,05,0.02,False,mtme_chrF-refA,0.09123244896987939,0.0,0.0
ende23,05,0.02,False,mtme_cometoid22-wmt21-src,0.35998533199689997,0.0,0.0
ende23,05,0.02,False,mtme_cometoid22-wmt22-src,0.3497888835480364,0.0,0.0
ende23,05,0.02,False,mtme_cometoid22-wmt23-src,0.3459996549981723,0.0,0.0
ende23,05,0.02,False,mtme_docWMT22CometDA-refA,0.34170261699317106,0.0,0.0
ende23,05,0.02,False,mtme_docWMT22CometKiwiDA-src,0.25259831576316344,0.0,0.0
ende23,05,0.02,False,mtme_eBLEU-refA,0.021322574023431816,0.0,0.0
ende23,05,0.02,False,mtme_embed_llama-refA,-0.0025223985908563447,0.0,0.0
ende23,05,0.02,False,mtme_f200spBLEU-refA,0.08186142961589164,0.0,0.0
ende23,05,0.02,False,mtme_instructscore-refA,0.3979560658800162,0.0,0.0
ende23,05,0.02,False,mtme_mbr-metricx-qe-src,0.34074442723416776,0.0,0.0
ende23,05,0.02,False,mtme_mre-score-labse-regular-refA,0.20382745854523493,0.0,0.0
ende23,05,0.02,False,mtme_prismRef-refA,0.2079088315452907,0.0,0.0
ende23,05,0.02,False,mtme_prismSrc-src,0.05226946713096952,0.0,0.0
ende23,05,0.02,False,mtme_sescoreX-refA,0.3979560658800162,0.0,0.0
ende23,05,0.02,False,mtme_tokengram_F-refA,0.0823951851415784,0.0,0.0
ende23,12,0.01,True,mtme_BERTscore-refA,0.1049840571303488,0.01619122316667898,0.016977841296234142
ende23,12,0.01,True,mtme_BLEU-refA,0.08115206062044006,0.01898014198964748,0.02775108959231687
ende23,12,0.01,True,mtme_BLEURT-20-refA,0.30700648463685587,0.0025565089210546343,0.031734797406690496
ende23,12,0.01,True,mtme_COMET-refA,0.31179275455440975,0.0059651874824606654,0.053686687342145656
ende23,12,0.01,True,mtme_Calibri-COMET22-QE-src,0.21317295334353675,0.003101897490879635,0.01619122316667898
ende23,12,0.01,True,mtme_Calibri-COMET22-refA,0.2383874406859367,0.01619122316667898,0.031734797406690496
ende23,12,0.01,True,mtme_CometKiwi-XL-src,0.36749350457201657,-0.016060120145086065,0.03664329453511539
ende23,12,0.01,True,mtme_CometKiwi-XXL-src,0.3773052383646659,0.0059651874824606654,0.040430715158899844
ende23,12,0.01,True,mtme_CometKiwi-src,0.2628761500364146,-0.00994197913743422,0.03664329453511539
ende23,12,0.01,True,mtme_GEMBA-MQM-src,0.3388199183826162,0.010737337468429198,0.040430715158899844
ende23,12,0.01,True,mtme_KG-BERTScore-src,0.24642178747533022,-0.0029825937412304437,0.041756312377224436
ende23,12,0.01,True,mtme_MEE4-refA,0.10355819335753808,0.0008521696403516188,0.01391877079240822
ende23,12,0.01,True,mtme_MS-COMET-QE-22-src,0.27241941085242605,-0.073827290193059,0.003313993045811481
ende23,12,0.01,True,mtme_MaTESe-refA,0.23625272990886725,-0.00994197913743422,0.009373866043866808
ende23,12,0.01,True,mtme_MetricX-23-QE-b-src,0.38225810380111286,0.01550948745439773,0.03280853115353355
ende23,12,0.01,True,mtme_MetricX-23-QE-c-src,0.4146135575281366,0.022484168203120825,0.0775474372719881
ende23,12,0.01,True,mtme_MetricX-23-QE-src,0.3922960154635343,0.025487619243240833,0.048914537356177124
ende23,12,0.01,True,mtme_MetricX-23-b-refA,0.32814019339401074,-0.0050474663313127,0.041756312377224436
ende23,12,0.01,True,mtme_MetricX-23-c-refA,0.26165364660177737,-0.012593173574083405,0.0059651874824606654
ende23,12,0.01,True,mtme_MetricX-23-refA,0.3620447603554213,0.0036560826505405153,0.028334640541687883
ende23,12,0.01,True,mtme_XCOMET-Ensemble-refA,0.4444721893558936,0.03746137738985289,0.04686933021933348
ende23,12,0.01,True,mtme_XCOMET-QE-Ensemble-src,0.3948443315790381,0.010175908058315253,0.03850257375042776
ende23,12,0.01,True,mtme_XCOMET-XL-refA,0.4336592741669329,0.03579112489476388,0.04623020298906988
ende23,12,0.01,True,mtme_XCOMET-XXL-refA,0.3941156433991646,0.012892501978221449,0.05001580273755446
ende23,12,0.01,True,mtme_XLsim-refA,0.1560835279277707,-0.01508841539681205,0.02386074992984244
ende23,12,0.01,True,mtme_YiSi-1-refA,0.14689235670849318,0.003101897490879635,0.026008217423528324
ende23,12,0.01,True,mtme_chrF-refA,0.08386291427487708,0.0036560826505405153,0.012472664736054018
ende23,12,0.01,True,mtme_cometoid22-wmt21-src,0.2796469080178241,-0.032579100865746335,0.05070409360091532
ende23,12,0.01,True,mtme_cometoid22-wmt22-src,0.29155220605068577,0.001193037496492133,0.0775474372719881
ende23,12,0.01,True,mtme_cometoid22-wmt23-src,0.2554270122147972,-0.02743986241931884,0.048914537356177124
ende23,12,0.01,True,mtme_docWMT22CometDA-refA,0.2846604443153297,0.021526546132357938,0.06070455496856986
ende23,12,0.01,True,mtme_docWMT22CometKiwiDA-src,0.24190065672072564,0.0059651874824606654,0.041756312377224436
ende23,12,0.01,True,mtme_eBLEU-refA,0.039672916431002084,0.001193037496492133,0.029825937412303216
ende23,12,0.01,True,mtme_embed_llama-refA,0.03864013143756653,0.01193037496492122,0.0059651874824606654
ende23,12,0.01,True,mtme_f200spBLEU-refA,0.09350663351859276,0.026008217423528324,0.02775108959231687
ende23,12,0.01,True,mtme_instructscore-refA,0.264794422222671,0.025487619243240833,0.054942516285821585
ende23,12,0.01,True,mtme_mbr-metricx-qe-src,0.273177573448782,0.0025565089210546343,0.015302002672399007
ende23,12,0.01,True,mtme_mre-score-labse-regular-refA,0.11349901427537532,-0.0019883958274868885,0.020281637440366262
ende23,12,0.01,True,mtme_prismRef-refA,0.16681375319987696,-0.0019883958274868885,0.01726764797554403
ende23,12,0.01,True,mtme_prismSrc-src,0.059491683540490656,0.009373866043866808,0.0059651874824606654
ende23,12,0.01,True,mtme_sescoreX-refA,0.264794422222671,0.025487619243240833,0.054942516285821585
ende23,12,0.01,True,mtme_tokengram_F-refA,0.08340816508532922,0.0059651874824606654,0.012472664736054018
ende23,12,0.02,True,mtme_BERTscore-refA,0.1049840571303488,0.008225801586556725,0.005778505354299135
ende23,12,0.02,True,mtme_BLEU-refA,0.08115206062044006,-0.005474373493546514,-0.0035526294777852296
ende23,12,0.02,True,mtme_BLEURT-20-refA,0.30700648463685587,0.03566518358459814,0.05596891529857617
ende23,12,0.02,True,mtme_COMET-refA,0.31179275455440975,-0.0022074086667525084,0.013929417598926075
ende23,12,0.02,True,mtme_Calibri-COMET22-QE-src,0.21317295334353675,0.0060163303800043755,0.012675431099752665
ende23,12,0.02,True,mtme_Calibri-COMET22-refA,0.2383874406859367,-0.010170635432062536,-0.0011184203911545065
ende23,12,0.02,True,mtme_CometKiwi-XL-src,0.36749350457201657,-0.005256575838426869,0.02424446783406209
ende23,12,0.02,True,mtme_CometKiwi-XXL-src,0.3773052383646659,-8.388152933647142e-05,0.025657879561783004
ende23,12,0.02,True,mtme_CometKiwi-src,0.2628761500364146,-0.0011184203911545065,0.02252818216468655
ende23,12,0.02,True,mtme_GEMBA-MQM-src,0.3388199183826162,0.015434201397934166,0.04026313408156723
ende23,12,0.02,True,mtme_KG-BERTScore-src,0.24642178747533022,-0.010065783520391669,0.019572356845206418
ende23,12,0.02,True,mtme_MEE4-refA,0.10355819335753808,0.006405498603885729,0.012230468148433205
ende23,12,0.02,True,mtme_MS-COMET-QE-22-src,0.27241941085242605,-0.01353288673297115,0.01809444418546624
ende23,12,0.02,True,mtme_MaTESe-refA,0.23625272990886725,0.015434201397934166,0.02424446783406209
ende23,12,0.02,True,mtme_MetricX-23-QE-b-src,0.38225810380111286,0.012230468148433205,0.028249134395938347
ende23,12,0.02,True,mtme_MetricX-23-QE-c-src,0.4146135575281366,0.06004078450298589,0.06874295068840985
ende23,12,0.02,True,mtme_MetricX-23-QE-src,0.3922960154635343,0.03198682318702295,0.053448234362513
ende23,12,0.02,True,mtme_MetricX-23-b-refA,0.32814019339401074,-0.006291114700244904,0.019572356845206418
ende23,12,0.02,True,mtme_MetricX-23-c-refA,0.26165364660177737,-0.02394962285886315,0.01046841486120742
ende23,12,0.02,True,mtme_MetricX-23-refA,0.3620447603554213,0.01046841486120742,0.044501202029014086
ende23,12,0.02,True,mtme_XCOMET-Ensemble-refA,0.4444721893558936,0.023334316342726535,0.04026313408156723
ende23,12,0.02,True,mtme_XCOMET-QE-Ensemble-src,0.3948443315790381,0.03372920442797944,0.045498394487236804
ende23,12,0.02,True,mtme_XCOMET-XL-refA,0.4336592741669329,0.044308562576857335,0.05073365489290649
ende23,12,0.02,True,mtme_XCOMET-XXL-refA,0.3941156433991646,0.019572356845206418,0.060490276558018086
ende23,12,0.02,True,mtme_XLsim-refA,0.1560835279277707,0.0037499977821068287,0.0278486677397507
ende23,12,0.02,True,mtme_YiSi-1-refA,0.14689235670849318,0.007157890503389663,0.034865540019907715
ende23,12,0.02,True,mtme_chrF-refA,0.08386291427487708,-0.0011184203911545065,0.007401311412052802
ende23,12,0.02,True,mtme_cometoid22-wmt21-src,0.2796469080178241,0.015434201397934166,0.04026313408156723
ende23,12,0.02,True,mtme_cometoid22-wmt22-src,0.29155220605068577,0.011052625041998776,0.024745051154296704
ende23,12,0.02,True,mtme_cometoid22-wmt23-src,0.2554270122147972,0.013421044693855744,0.029622162931438822
ende23,12,0.02,True,mtme_docWMT22CometDA-refA,0.2846604443153297,0.011296045950661915,0.03566518358459814
ende23,12,0.02,True,mtme_docWMT22CometKiwiDA-src,0.24190065672072564,0.0060163303800043755,0.04026313408156723
ende23,12,0.02,True,mtme_eBLEU-refA,0.039672916431002084,9.8684152160744e-05,0.003019735056117634
ende23,12,0.02,True,mtme_embed_llama-refA,0.03864013143756653,0.008340220631181894,0.009226968227025956
ende23,12,0.02,True,mtme_f200spBLEU-refA,0.09350663351859276,0.0026435391063655,0.011296045950661915
ende23,12,0.02,True,mtme_instructscore-refA,0.264794422222671,-0.0035526294777852296,0.030331561008114072
ende23,12,0.02,True,mtme_mbr-metricx-qe-src,0.273177573448782,0.02424446783406209,0.027420582693481133
ende23,12,0.02,True,mtme_mre-score-labse-regular-refA,0.11349901427537532,-0.006291114700244904,-0.009394731285698787
ende23,12,0.02,True,mtme_prismRef-refA,0.16681375319987696,0.011296045950661915,0.0034795301058145878
ende23,12,0.02,True,mtme_prismSrc-src,0.059491683540490656,0.009226968227025956,0.013421044693855744
ende23,12,0.02,True,mtme_sescoreX-refA,0.264794422222671,-0.0035526294777852296,0.030331561008114072
ende23,12,0.02,True,mtme_tokengram_F-refA,0.08340816508532922,0.0060163303800043755,0.009226968227025956
ende23,13,0.01,False,mtme_BERTscore-refA,0.062024079209879235,-0.06382645223988215,0.0
ende23,13,0.01,False,mtme_BLEU-refA,0.0733426097891317,-0.06518311032948998,0.0
ende23,13,0.01,False,mtme_BLEURT-20-refA,0.2662441601763561,0.0,0.0
ende23,13,0.01,False,mtme_COMET-refA,0.29242091884516896,0.0,0.0
ende23,13,0.01,False,mtme_Calibri-COMET22-QE-src,0.2320324092140313,0.0,0.0
ende23,13,0.01,False,mtme_Calibri-COMET22-refA,0.18959644545026128,-0.07219310548460922,-0.06271119948680748
ende23,13,0.01,False,mtme_CometKiwi-XL-src,0.26265510874786036,-0.06375861933540183,0.0
ende23,13,0.01,False,mtme_CometKiwi-XXL-src,0.2826782658553954,-0.04350688381944634,0.0
ende23,13,0.01,False,mtme_CometKiwi-src,0.2413117065180273,0.0,0.0
ende23,13,0.01,False,mtme_GEMBA-MQM-src,0.2098689445085748,-0.01015160622453748,0.0
ende23,13,0.01,False,mtme_KG-BERTScore-src,0.23513192384548032,0.0,0.0
ende23,13,0.01,False,mtme_MEE4-refA,0.06269463489600015,-0.0609096373472251,0.0
ende23,13,0.01,False,mtme_MS-COMET-QE-22-src,0.173294692495509,-0.06295140777208497,-0.02030321244907496
ende23,13,0.01,False,mtme_MaTESe-refA,0.17059325595767622,0.0,0.0
ende23,13,0.01,False,mtme_MetricX-23-QE-b-src,0.323491178624706,0.0,0.0
ende23,13,0.01,False,mtme_MetricX-23-QE-c-src,0.2819159400500766,0.0,0.0
ende23,13,0.01,False,mtme_MetricX-23-QE-src,0.32574480923829596,0.0,0.0
ende23,13,0.01,False,mtme_MetricX-23-b-refA,0.31296786657146125,0.0,0.0
ende23,13,0.01,False,mtme_MetricX-23-c-refA,0.17893934807639994,0.0,0.0
ende23,13,0.01,False,mtme_MetricX-23-refA,0.31856185370638407,0.0,0.0
ende23,13,0.01,False,mtme_XCOMET-Ensemble-refA,0.36390358122430444,0.0,0.0
ende23,13,0.01,False,mtme_XCOMET-QE-Ensemble-src,0.340966832316811,0.0,0.0
ende23,13,0.01,False,mtme_XCOMET-XL-refA,0.3479873509677511,0.0,0.0
ende23,13,0.01,False,mtme_XCOMET-XXL-refA,0.3575595090743544,0.0,0.0
ende23,13,0.01,False,mtme_XLsim-refA,0.08205264230608864,-0.06966008202519647,-0.06647810214229755
ende23,13,0.01,False,mtme_YiSi-1-refA,0.135208803734354,-0.0640508226162404,0.0
ende23,13,0.01,False,mtme_chrF-refA,0.0643251332284655,-0.062334128341313466,-0.06481941050121232
ende23,13,0.01,False,mtme_cometoid22-wmt21-src,0.2962894825095732,-0.02436385493889004,0.0
ende23,13,0.01,False,mtme_cometoid22-wmt22-src,0.32049247852667395,-0.007613704668403054,0.0
ende23,13,0.01,False,mtme_cometoid22-wmt23-src,0.258468593228819,-0.0609096373472251,0.0
ende23,13,0.01,False,mtme_docWMT22CometDA-refA,0.30488143741853985,0.0,0.0
ende23,13,0.01,False,mtme_docWMT22CometKiwiDA-src,0.27392082678048557,0.0,0.0
ende23,13,0.01,False,mtme_eBLEU-refA,0.025961934416996752,-0.04060642489814992,0.0
ende23,13,0.01,False,mtme_embed_llama-refA,0.07509062390932483,-0.07023076319984667,0.0
ende23,13,0.01,False,mtme_f200spBLEU-refA,0.07057962742228756,-0.06375861933540183,0.0
ende23,13,0.01,False,mtme_instructscore-refA,0.24927668419139548,0.0,0.0
ende23,13,0.01,False,mtme_mbr-metricx-qe-src,0.32831840795263323,-0.02436385493889004,0.0
ende23,13,0.01,False,mtme_mre-score-labse-regular-refA,0.17689119928631436,-0.06771553876342495,0.0
ende23,13,0.01,False,mtme_prismRef-refA,0.13983294994544182,0.0,0.0
ende23,13,0.01,False,mtme_prismSrc-src,0.01898526235166323,-0.06756758438481181,-0.06236804479355351
ende23,13,0.01,False,mtme_sescoreX-refA,0.24927668419139548,0.0,0.0
ende23,13,0.01,False,mtme_tokengram_F-refA,0.06700299634533927,-0.06635435848018512,-0.06499317819694506
ende23,13,0.02,False,mtme_BERTscore-refA,0.062024079209879235,0.0,0.0
ende23,13,0.02,False,mtme_BLEU-refA,0.0733426097891317,0.0,0.0
ende23,13,0.02,False,mtme_BLEURT-20-refA,0.2662441601763561,0.0,0.0
ende23,13,0.02,False,mtme_COMET-refA,0.29242091884516896,0.0,0.0
ende23,13,0.02,False,mtme_Calibri-COMET22-QE-src,0.2320324092140313,0.0,0.0
ende23,13,0.02,False,mtme_Calibri-COMET22-refA,0.18959644545026128,0.0,0.0
ende23,13,0.02,False,mtme_CometKiwi-XL-src,0.26265510874786036,0.0,0.0
ende23,13,0.02,False,mtme_CometKiwi-XXL-src,0.2826782658553954,0.0,0.0
ende23,13,0.02,False,mtme_CometKiwi-src,0.2413117065180273,0.0,0.0
ende23,13,0.02,False,mtme_GEMBA-MQM-src,0.2098689445085748,0.0,0.0
ende23,13,0.02,False,mtme_KG-BERTScore-src,0.23513192384548032,0.0,0.0
ende23,13,0.02,False,mtme_MEE4-refA,0.06269463489600015,0.0,0.0
ende23,13,0.02,False,mtme_MS-COMET-QE-22-src,0.173294692495509,0.0,0.0
ende23,13,0.02,False,mtme_MaTESe-refA,0.17059325595767622,0.0,0.0
ende23,13,0.02,False,mtme_MetricX-23-QE-b-src,0.323491178624706,0.0,0.0
ende23,13,0.02,False,mtme_MetricX-23-QE-c-src,0.2819159400500766,0.0,0.0
ende23,13,0.02,False,mtme_MetricX-23-QE-src,0.32574480923829596,0.0,0.0
ende23,13,0.02,False,mtme_MetricX-23-b-refA,0.31296786657146125,0.0,0.0
ende23,13,0.02,False,mtme_MetricX-23-c-refA,0.17893934807639994,0.0,0.0
ende23,13,0.02,False,mtme_MetricX-23-refA,0.31856185370638407,0.0,0.0
ende23,13,0.02,False,mtme_XCOMET-Ensemble-refA,0.36390358122430444,0.0,0.0
ende23,13,0.02,False,mtme_XCOMET-QE-Ensemble-src,0.340966832316811,0.0,0.0
ende23,13,0.02,False,mtme_XCOMET-XL-refA,0.3479873509677511,0.0,0.0
ende23,13,0.02,False,mtme_XCOMET-XXL-refA,0.3575595090743544,0.0,0.0
ende23,13,0.02,False,mtme_XLsim-refA,0.08205264230608864,0.0,0.0
ende23,13,0.02,False,mtme_YiSi-1-refA,0.135208803734354,0.0,0.0
ende23,13,0.02,False,mtme_chrF-refA,0.0643251332284655,0.0,0.0
ende23,13,0.02,False,mtme_cometoid22-wmt21-src,0.2962894825095732,0.0,0.0
ende23,13,0.02,False,mtme_cometoid22-wmt22-src,0.32049247852667395,0.0,0.0
ende23,13,0.02,False,mtme_cometoid22-wmt23-src,0.258468593228819,0.0,0.0
ende23,13,0.02,False,mtme_docWMT22CometDA-refA,0.30488143741853985,0.0,0.0
ende23,13,0.02,False,mtme_docWMT22CometKiwiDA-src,0.27392082678048557,0.0,0.0
ende23,13,0.02,False,mtme_eBLEU-refA,0.025961934416996752,0.0,0.0
ende23,13,0.02,False,mtme_embed_llama-refA,0.07509062390932483,0.0,0.0
ende23,13,0.02,False,mtme_f200spBLEU-refA,0.07057962742228756,0.0,0.0
ende23,13,0.02,False,mtme_instructscore-refA,0.24927668419139548,0.0,0.0
ende23,13,0.02,False,mtme_mbr-metricx-qe-src,0.32831840795263323,0.0,0.0
ende23,13,0.02,False,mtme_mre-score-labse-regular-refA,0.17689119928631436,0.0,0.0
ende23,13,0.02,False,mtme_prismRef-refA,0.13983294994544182,0.0,0.0
ende23,13,0.02,False,mtme_prismSrc-src,0.01898526235166323,0.0,0.0
ende23,13,0.02,False,mtme_sescoreX-refA,0.24927668419139548,0.0,0.0
ende23,13,0.02,False,mtme_tokengram_F-refA,0.06700299634533927,0.0,0.0
ende23,14,0.01,False,mtme_BERTscore-refA,0.0841949941838918,0.0,0.0
ende23,14,0.01,False,mtme_BLEU-refA,0.09601332841481552,0.0,0.0
ende23,14,0.01,False,mtme_BLEURT-20-refA,0.30431835064054585,0.0,0.0
ende23,14,0.01,False,mtme_COMET-refA,0.306920890014744,0.0,0.0
ende23,14,0.01,False,mtme_Calibri-COMET22-QE-src,0.24267377181562821,0.0,0.0
ende23,14,0.01,False,mtme_Calibri-COMET22-refA,0.2271131524176548,-0.07723981814540415,-0.07335920814977093
ende23,14,0.01,False,mtme_CometKiwi-XL-src,0.31362600288900067,0.0,0.0
ende23,14,0.01,False,mtme_CometKiwi-XXL-src,0.2779280074333711,0.0,0.0
ende23,14,0.01,False,mtme_CometKiwi-src,0.27704711335320814,0.0,0.0
ende23,14,0.01,False,mtme_GEMBA-MQM-src,0.26149559181850485,0.0,0.0
ende23,14,0.01,False,mtme_KG-BERTScore-src,0.2825229275244555,0.0,0.0
ende23,14,0.01,False,mtme_MEE4-refA,0.07809282738035855,0.0,0.0
ende23,14,0.01,False,mtme_MS-COMET-QE-22-src,0.20102789993327436,0.0,0.0
ende23,14,0.01,False,mtme_MaTESe-refA,0.3241221540814987,0.0,0.0
ende23,14,0.01,False,mtme_MetricX-23-QE-b-src,0.3685556751461056,0.0,0.0
ende23,14,0.01,False,mtme_MetricX-23-QE-c-src,0.35060960197251,0.0,0.0
ende23,14,0.01,False,mtme_MetricX-23-QE-src,0.35143572628909425,0.0,0.0
ende23,14,0.01,False,mtme_MetricX-23-b-refA,0.34667477559755644,0.0,0.0
ende23,14,0.01,False,mtme_MetricX-23-c-refA,0.2504068620349284,0.0,0.0
ende23,14,0.01,False,mtme_MetricX-23-refA,0.3859503973634738,0.0,0.0
ende23,14,0.01,False,mtme_XCOMET-Ensemble-refA,0.41956713753073827,0.0,0.0
ende23,14,0.01,False,mtme_XCOMET-QE-Ensemble-src,0.3637476707632966,0.0,0.0
ende23,14,0.01,False,mtme_XCOMET-XL-refA,0.4109745615043354,0.0,0.0
ende23,14,0.01,False,mtme_XCOMET-XXL-refA,0.39591948923187525,0.0,0.0
ende23,14,0.01,False,mtme_XLsim-refA,0.12113585715082892,0.0,0.0
ende23,14,0.01,False,mtme_YiSi-1-refA,0.14701381546916437,0.0,0.0
ende23,14,0.01,False,mtme_chrF-refA,0.09171721203300046,0.0,0.0
ende23,14,0.01,False,mtme_cometoid22-wmt21-src,0.2934016417844009,0.0,0.0
ende23,14,0.01,False,mtme_cometoid22-wmt22-src,0.294126499068756,0.0,0.0
ende23,14,0.01,False,mtme_cometoid22-wmt23-src,0.2873894337439603,0.0,0.0
ende23,14,0.01,False,mtme_docWMT22CometDA-refA,0.2653310142859352,0.0,0.0
ende23,14,0.01,False,mtme_docWMT22CometKiwiDA-src,0.25337023358601096,0.0,0.0
ende23,14,0.01,False,mtme_eBLEU-refA,0.048674461543314174,0.0,0.0
ende23,14,0.01,False,mtme_embed_llama-refA,0.05137835022487457,0.0,0.0
ende23,14,0.01,False,mtme_f200spBLEU-refA,0.08365325261225212,0.0,0.0
ende23,14,0.01,False,mtme_instructscore-refA,0.23832122021709173,0.0,0.0
ende23,14,0.01,False,mtme_mbr-metricx-qe-src,0.35648407889698674,0.0,0.0
ende23,14,0.01,False,mtme_mre-score-labse-regular-refA,0.2101010775461855,0.0,0.0
ende23,14,0.01,False,mtme_prismRef-refA,0.1395653467668395,0.0,0.0
ende23,14,0.01,False,mtme_prismSrc-src,0.05729720160483473,0.0,0.0
ende23,14,0.01,False,mtme_sescoreX-refA,0.23832122021709173,0.0,0.0
ende23,14,0.01,False,mtme_tokengram_F-refA,0.08373765664920974,0.0,0.0
ende23,14,0.02,False,mtme_BERTscore-refA,0.0841949941838918,0.0,0.0
ende23,14,0.02,False,mtme_BLEU-refA,0.09601332841481552,0.0,0.0
ende23,14,0.02,False,mtme_BLEURT-20-refA,0.30431835064054585,0.0,0.0
ende23,14,0.02,False,mtme_COMET-refA,0.306920890014744,0.0,0.0
ende23,14,0.02,False,mtme_Calibri-COMET22-QE-src,0.24267377181562821,0.0,0.0
ende23,14,0.02,False,mtme_Calibri-COMET22-refA,0.2271131524176548,0.0,0.0
ende23,14,0.02,False,mtme_CometKiwi-XL-src,0.31362600288900067,0.0,0.0
ende23,14,0.02,False,mtme_CometKiwi-XXL-src,0.2779280074333711,0.0,0.0
ende23,14,0.02,False,mtme_CometKiwi-src,0.27704711335320814,0.0,0.0
ende23,14,0.02,False,mtme_GEMBA-MQM-src,0.26149559181850485,0.0,0.0
ende23,14,0.02,False,mtme_KG-BERTScore-src,0.2825229275244555,0.0,0.0
ende23,14,0.02,False,mtme_MEE4-refA,0.07809282738035855,0.0,0.0
ende23,14,0.02,False,mtme_MS-COMET-QE-22-src,0.20102789993327436,0.0,0.0
ende23,14,0.02,False,mtme_MaTESe-refA,0.3241221540814987,0.0,0.0
ende23,14,0.02,False,mtme_MetricX-23-QE-b-src,0.3685556751461056,0.0,0.0
ende23,14,0.02,False,mtme_MetricX-23-QE-c-src,0.35060960197251,0.0,0.0
ende23,14,0.02,False,mtme_MetricX-23-QE-src,0.35143572628909425,0.0,0.0
ende23,14,0.02,False,mtme_MetricX-23-b-refA,0.34667477559755644,0.0,0.0
ende23,14,0.02,False,mtme_MetricX-23-c-refA,0.2504068620349284,0.0,0.0
ende23,14,0.02,False,mtme_MetricX-23-refA,0.3859503973634738,0.0,0.0
ende23,14,0.02,False,mtme_XCOMET-Ensemble-refA,0.41956713753073827,0.0,0.0
ende23,14,0.02,False,mtme_XCOMET-QE-Ensemble-src,0.3637476707632966,0.0,0.0
ende23,14,0.02,False,mtme_XCOMET-XL-refA,0.4109745615043354,0.0,0.0
ende23,14,0.02,False,mtme_XCOMET-XXL-refA,0.39591948923187525,0.0,0.0
ende23,14,0.02,False,mtme_XLsim-refA,0.12113585715082892,0.0,0.0
ende23,14,0.02,False,mtme_YiSi-1-refA,0.14701381546916437,0.0,0.0
ende23,14,0.02,False,mtme_chrF-refA,0.09171721203300046,0.0,0.0
ende23,14,0.02,False,mtme_cometoid22-wmt21-src,0.2934016417844009,0.0,0.0
ende23,14,0.02,False,mtme_cometoid22-wmt22-src,0.294126499068756,0.0,0.0
ende23,14,0.02,False,mtme_cometoid22-wmt23-src,0.2873894337439603,0.0,0.0
ende23,14,0.02,False,mtme_docWMT22CometDA-refA,0.2653310142859352,0.0,0.0
ende23,14,0.02,False,mtme_docWMT22CometKiwiDA-src,0.25337023358601096,0.0,0.0
ende23,14,0.02,False,mtme_eBLEU-refA,0.048674461543314174,0.0,0.0
ende23,14,0.02,False,mtme_embed_llama-refA,0.05137835022487457,0.0,0.0
ende23,14,0.02,False,mtme_f200spBLEU-refA,0.08365325261225212,0.0,0.0
ende23,14,0.02,False,mtme_instructscore-refA,0.23832122021709173,0.0,0.0
ende23,14,0.02,False,mtme_mbr-metricx-qe-src,0.35648407889698674,0.0,0.0
ende23,14,0.02,False,mtme_mre-score-labse-regular-refA,0.2101010775461855,0.0,0.0
ende23,14,0.02,False,mtme_prismRef-refA,0.1395653467668395,0.0,0.0
ende23,14,0.02,False,mtme_prismSrc-src,0.05729720160483473,0.0,0.0
ende23,14,0.02,False,mtme_sescoreX-refA,0.23832122021709173,0.0,0.0
ende23,14,0.02,False,mtme_tokengram_F-refA,0.08373765664920974,0.0,0.0
ende23,15,0.01,False,mtme_BERTscore-refA,0.0832811736736511,0.0,0.0
ende23,15,0.01,False,mtme_BLEU-refA,0.06214256282309251,0.0,0.0
ende23,15,0.01,False,mtme_BLEURT-20-refA,0.30715129741716185,0.0,0.0
ende23,15,0.01,False,mtme_COMET-refA,0.30210885576304325,0.0,0.0
ende23,15,0.01,False,mtme_Calibri-COMET22-QE-src,0.2467551093593297,0.0,0.0
ende23,15,0.01,False,mtme_Calibri-COMET22-refA,0.21604499719537937,0.0,0.0
ende23,15,0.01,False,mtme_CometKiwi-XL-src,0.2857471591085171,0.0,0.0
ende23,15,0.01,False,mtme_CometKiwi-XXL-src,0.30413270186574637,0.0,0.0
ende23,15,0.01,False,mtme_CometKiwi-src,0.27912053018048333,0.0,0.0
ende23,15,0.01,False,mtme_GEMBA-MQM-src,0.32769055538040853,0.0,0.0
ende23,15,0.01,False,mtme_KG-BERTScore-src,0.26925964453411755,0.0,0.0
ende23,15,0.01,False,mtme_MEE4-refA,0.051352131506449836,0.0,0.0
ende23,15,0.01,False,mtme_MS-COMET-QE-22-src,0.28309096731919825,0.0,0.0
ende23,15,0.01,False,mtme_MaTESe-refA,0.32466033496531316,0.0,0.0
ende23,15,0.01,False,mtme_MetricX-23-QE-b-src,0.48126299506298015,0.0,0.0
ende23,15,0.01,False,mtme_MetricX-23-QE-c-src,0.43474538040739075,0.0,0.0
ende23,15,0.01,False,mtme_MetricX-23-QE-src,0.47825575160787637,0.0,0.0
ende23,15,0.01,False,mtme_MetricX-23-b-refA,0.4261097005014119,0.0,0.0
ende23,15,0.01,False,mtme_MetricX-23-c-refA,0.21682713771715906,0.0,0.0
ende23,15,0.01,False,mtme_MetricX-23-refA,0.44813370242210926,0.0,0.0
ende23,15,0.01,False,mtme_XCOMET-Ensemble-refA,0.5352613783718303,0.0,0.0
ende23,15,0.01,False,mtme_XCOMET-QE-Ensemble-src,0.5116332941303487,0.0,0.0
ende23,15,0.01,False,mtme_XCOMET-XL-refA,0.5099948974310642,0.0,0.0
ende23,15,0.01,False,mtme_XCOMET-XXL-refA,0.5102929762857868,0.0,0.0
ende23,15,0.01,False,mtme_XLsim-refA,0.17911745296807896,0.0,0.0
ende23,15,0.01,False,mtme_YiSi-1-refA,0.12332998451203671,0.0,0.0
ende23,15,0.01,False,mtme_chrF-refA,0.07909686735290955,0.0,0.0
ende23,15,0.01,False,mtme_cometoid22-wmt21-src,0.3523017912596973,0.0,0.0
ende23,15,0.01,False,mtme_cometoid22-wmt22-src,0.3462078844096643,0.0,0.0
ende23,15,0.01,False,mtme_cometoid22-wmt23-src,0.31530713185776993,0.0,0.0
ende23,15,0.01,False,mtme_docWMT22CometDA-refA,0.28349510488924745,0.0,0.0
ende23,15,0.01,False,mtme_docWMT22CometKiwiDA-src,0.2721241815196762,0.0,0.0
ende23,15,0.01,False,mtme_eBLEU-refA,0.00721919337119239,0.0,0.0
ende23,15,0.01,False,mtme_embed_llama-refA,-0.03538582837268822,0.0,0.0
ende23,15,0.01,False,mtme_f200spBLEU-refA,0.07028404086453648,0.0,0.0
ende23,15,0.01,False,mtme_instructscore-refA,0.3158226187204929,0.0,0.0
ende23,15,0.01,False,mtme_mbr-metricx-qe-src,0.3263084613866529,0.0,0.0
ende23,15,0.01,False,mtme_mre-score-labse-regular-refA,0.14450967371409393,0.0,0.0
ende23,15,0.01,False,mtme_prismRef-refA,0.13694416481424082,0.0,0.0
ende23,15,0.01,False,mtme_prismSrc-src,0.03963146902906719,0.0,0.0
ende23,15,0.01,False,mtme_sescoreX-refA,0.3158226187204929,0.0,0.0
ende23,15,0.01,False,mtme_tokengram_F-refA,0.0719142560956727,0.0,0.0
ende23,15,0.02,False,mtme_BERTscore-refA,0.0832811736736511,0.0,0.0
ende23,15,0.02,False,mtme_BLEU-refA,0.06214256282309251,0.0,0.0
ende23,15,0.02,False,mtme_BLEURT-20-refA,0.30715129741716185,0.0,0.0
ende23,15,0.02,False,mtme_COMET-refA,0.30210885576304325,0.0,0.0
ende23,15,0.02,False,mtme_Calibri-COMET22-QE-src,0.2467551093593297,0.0,0.0
ende23,15,0.02,False,mtme_Calibri-COMET22-refA,0.21604499719537937,0.0,0.0
ende23,15,0.02,False,mtme_CometKiwi-XL-src,0.2857471591085171,0.0,0.0
ende23,15,0.02,False,mtme_CometKiwi-XXL-src,0.30413270186574637,0.0,0.0
ende23,15,0.02,False,mtme_CometKiwi-src,0.27912053018048333,0.0,0.0
ende23,15,0.02,False,mtme_GEMBA-MQM-src,0.32769055538040853,0.0,0.0
ende23,15,0.02,False,mtme_KG-BERTScore-src,0.26925964453411755,0.0,0.0
ende23,15,0.02,False,mtme_MEE4-refA,0.051352131506449836,0.0,0.0
ende23,15,0.02,False,mtme_MS-COMET-QE-22-src,0.28309096731919825,0.0,0.0
ende23,15,0.02,False,mtme_MaTESe-refA,0.32466033496531316,0.0,0.0
ende23,15,0.02,False,mtme_MetricX-23-QE-b-src,0.48126299506298015,0.0,0.0
ende23,15,0.02,False,mtme_MetricX-23-QE-c-src,0.43474538040739075,0.0,0.0
ende23,15,0.02,False,mtme_MetricX-23-QE-src,0.47825575160787637,0.0,0.0
ende23,15,0.02,False,mtme_MetricX-23-b-refA,0.4261097005014119,0.0,0.0
ende23,15,0.02,False,mtme_MetricX-23-c-refA,0.21682713771715906,0.0,0.0
ende23,15,0.02,False,mtme_MetricX-23-refA,0.44813370242210926,0.0,0.0
ende23,15,0.02,False,mtme_XCOMET-Ensemble-refA,0.5352613783718303,0.0,0.0
ende23,15,0.02,False,mtme_XCOMET-QE-Ensemble-src,0.5116332941303487,0.0,0.0
ende23,15,0.02,False,mtme_XCOMET-XL-refA,0.5099948974310642,0.0,0.0
ende23,15,0.02,False,mtme_XCOMET-XXL-refA,0.5102929762857868,0.0,0.0
ende23,15,0.02,False,mtme_XLsim-refA,0.17911745296807896,0.0,0.0
ende23,15,0.02,False,mtme_YiSi-1-refA,0.12332998451203671,0.0,0.0
ende23,15,0.02,False,mtme_chrF-refA,0.07909686735290955,0.0,0.0
ende23,15,0.02,False,mtme_cometoid22-wmt21-src,0.3523017912596973,0.0,0.0
ende23,15,0.02,False,mtme_cometoid22-wmt22-src,0.3462078844096643,0.0,0.0
ende23,15,0.02,False,mtme_cometoid22-wmt23-src,0.31530713185776993,0.0,0.0
ende23,15,0.02,False,mtme_docWMT22CometDA-refA,0.28349510488924745,0.0,0.0
ende23,15,0.02,False,mtme_docWMT22CometKiwiDA-src,0.2721241815196762,0.0,0.0
ende23,15,0.02,False,mtme_eBLEU-refA,0.00721919337119239,0.0,0.0
ende23,15,0.02,False,mtme_embed_llama-refA,-0.03538582837268822,0.0,0.0
ende23,15,0.02,False,mtme_f200spBLEU-refA,0.07028404086453648,0.0,0.0
ende23,15,0.02,False,mtme_instructscore-refA,0.3158226187204929,0.0,0.0
ende23,15,0.02,False,mtme_mbr-metricx-qe-src,0.3263084613866529,0.0,0.0
ende23,15,0.02,False,mtme_mre-score-labse-regular-refA,0.14450967371409393,0.0,0.0
ende23,15,0.02,False,mtme_prismRef-refA,0.13694416481424082,0.0,0.0
ende23,15,0.02,False,mtme_prismSrc-src,0.03963146902906719,0.0,0.0
ende23,15,0.02,False,mtme_sescoreX-refA,0.3158226187204929,0.0,0.0
ende23,15,0.02,False,mtme_tokengram_F-refA,0.0719142560956727,0.0,0.0
ende23,23,0.01,True,mtme_BERTscore-refA,0.06668179372487673,-0.04339689347653608,-0.025853733552630542
ende23,23,0.01,True,mtme_BLEU-refA,0.0408751733153427,-0.018021965729458467,0.008410250673747455
ende23,23,0.01,True,mtme_BLEURT-20-refA,0.20226098723937042,-0.00040048812732118577,-0.008410250673747344
ende23,23,0.01,True,mtme_COMET-refA,0.20015536747671075,-0.01293884719038041,0.02477079343959243
ende23,23,0.01,True,mtme_Calibri-COMET22-QE-src,0.15285923623255315,-0.039559327243181786,-0.032706530397906164
ende23,23,0.01,True,mtme_Calibri-COMET22-refA,0.09573879745467129,-0.04263127065658123,-0.03599587288363848
ende23,23,0.01,True,mtme_CometKiwi-XL-src,0.18305992963561868,-0.008410250673747344,0.01529890025936631
ende23,23,0.01,True,mtme_CometKiwi-XXL-src,0.23968402186871424,-0.03599587288363848,0.008410250673747455
ende23,23,0.01,True,mtme_CometKiwi-src,0.21161951255939992,-0.03336970428615871,-0.014717938679057685
ende23,23,0.01,True,mtme_GEMBA-MQM-src,0.1680062676627178,-0.04362817537006425,-0.029870890323999033
ende23,23,0.01,True,mtme_KG-BERTScore-src,0.20986527431085789,-0.04362817537006425,-0.014017084456245499
ende23,23,0.01,True,mtme_MEE4-refA,0.06892745918874182,-0.032706530397906164,-0.02523075202124181
ende23,23,0.01,True,mtme_MS-COMET-QE-22-src,0.14842154878516978,-0.04339689347653608,0.008410250673747455
ende23,23,0.01,True,mtme_MaTESe-refA,0.12814824036447875,0.013645624358817776,0.0012938847190380187
ende23,23,0.01,True,mtme_MetricX-23-QE-b-src,0.24482481417518795,-0.020055213145089734,0.0003656630727716381
ende23,23,0.01,True,mtme_MetricX-23-QE-c-src,0.2539900333770808,-0.016820501347494465,0.027800523581415493
ende23,23,0.01,True,mtme_MetricX-23-QE-src,0.2492570951387737,-0.04140431100921749,0.0003656630727716381
ende23,23,0.01,True,mtme_MetricX-23-b-refA,0.19505110815338123,-0.040929886612236954,-0.022427335129992843
ende23,23,0.01,True,mtme_MetricX-23-c-refA,0.13265498341801382,-0.030136731580927778,-0.0024736031393373104
ende23,23,0.01,True,mtme_MetricX-23-refA,0.21209337334256406,-0.04530683427470339,-0.03476236945148892
ende23,23,0.01,True,mtme_XCOMET-Ensemble-refA,0.2535898651170644,-0.006391790512047857,-0.0052953430168036775
ende23,23,0.01,True,mtme_XCOMET-QE-Ensemble-src,0.24633783270250909,0.008410250673747455,0.0022427335129993065
ende23,23,0.01,True,mtme_XCOMET-XL-refA,0.212145763190082,-0.0052953430168036775,-0.010092300808496768
ende23,23,0.01,True,mtme_XCOMET-XXL-refA,0.24355636903409408,0.0007008542228122971,0.01529890025936631
ende23,23,0.01,True,mtme_XLsim-refA,0.16374580989897436,-0.04140431100921749,-0.027401139291886478
ende23,23,0.01,True,mtme_YiSi-1-refA,0.12385342937846038,-0.00040048812732118577,-0.00040048812732118577
ende23,23,0.01,True,mtme_chrF-refA,0.010323800146905055,-0.023768099730155257,0.008410250673747455
ende23,23,0.01,True,mtme_cometoid22-wmt21-src,0.17456730523858344,-0.05326492093373303,0.01979149781520495
ende23,23,0.01,True,mtme_cometoid22-wmt22-src,0.15943110996709942,-0.04555552448279787,0.014359538952236517
ende23,23,0.01,True,mtme_cometoid22-wmt23-src,0.16743319112067173,-0.06399103773503412,0.008410250673747455
ende23,23,0.01,True,mtme_docWMT22CometDA-refA,0.18043608748883405,0.008410250673747455,0.03334060155503504
ende23,23,0.01,True,mtme_docWMT22CometKiwiDA-src,0.20952626025796112,-0.011413911628657125,-0.010730319825125845
ende23,23,0.01,True,mtme_eBLEU-refA,0.015907279709050877,-0.05079791406943368,0.008410250673747455
ende23,23,0.01,True,mtme_embed_llama-refA,0.06908828422534616,-0.030136731580927778,-0.0076789245282040675
ende23,23,0.01,True,mtme_f200spBLEU-refA,0.04740847620248717,-0.0013279343169074753,-0.0013279343169074753
ende23,23,0.01,True,mtme_instructscore-refA,0.16746635019861433,-0.037846128031862936,0.013257818900664353
ende23,23,0.01,True,mtme_mbr-metricx-qe-src,0.15088158860825057,0.013645624358817776,0.034587119099099506
ende23,23,0.01,True,mtme_mre-score-labse-regular-refA,0.09015710482305475,-0.0013279343169074753,-0.012148139862079299
ende23,23,0.01,True,mtme_prismRef-refA,0.10517860229406528,-0.05326492093373303,-0.04555552448279787
ende23,23,0.01,True,mtme_prismSrc-src,-0.01603180704120389,-0.03428794505450816,-0.02119383169784328
ende23,23,0.01,True,mtme_sescoreX-refA,0.16746635019861433,-0.037846128031862936,0.013257818900664353
ende23,23,0.01,True,mtme_tokengram_F-refA,0.02437046771742868,-0.023768099730155257,0.008410250673747455
ende23,23,0.02,True,mtme_BERTscore-refA,0.06668179372487673,0.008784152057794481,0.010980190072243157
ende23,23,0.02,True,mtme_BLEU-refA,0.0408751733153427,0.005646954894296452,0.0046116798303421636
ende23,23,0.02,True,mtme_BLEURT-20-refA,0.20226098723937042,0.0043920760288972405,0.01810392314350351
ende23,23,0.02,True,mtme_COMET-refA,0.20015536747671075,-0.005300781414186551,0.0149847299809438
ende23,23,0.02,True,mtme_Calibri-COMET22-QE-src,0.15285923623255315,-0.018244008120035016,-0.000488008447655508
ende23,23,0.02,True,mtme_Calibri-COMET22-refA,0.09573879745467129,-0.0035554901186312104,-0.0053959791212168096
ende23,23,0.02,True,mtme_CometKiwi-XL-src,0.18305992963561868,-0.0063755942354961626,0.0014640253429656358
ende23,23,0.02,True,mtme_CometKiwi-XXL-src,0.23968402186871424,-0.01529654065236663,0.0149847299809438
ende23,23,0.02,True,mtme_CometKiwi-src,0.21161951255939992,-0.021960380144486757,-0.0012548788653992116
ende23,23,0.02,True,mtme_GEMBA-MQM-src,0.1680062676627178,0.00944296346212914,0.018300316787072113
ende23,23,0.02,True,mtme_KG-BERTScore-src,0.20986527431085789,-0.01529654065236663,0.0021960380144485647
ende23,23,0.02,True,mtme_MEE4-refA,0.06892745918874182,0.00033785200222269385,0.005293014701491572
ende23,23,0.02,True,mtme_MS-COMET-QE-22-src,0.14842154878516978,-0.0016181332738043341,0.012142798432833724
ende23,23,0.02,True,mtme_MaTESe-refA,0.12814824036447875,-0.0016181332738043341,0.010248177400760339
ende23,23,0.02,True,mtme_MetricX-23-QE-b-src,0.24482481417518795,0.007770596051125955,0.01872411359687809
ende23,23,0.02,True,mtme_MetricX-23-QE-c-src,0.2539900333770808,0.006010209302701464,0.016104278772623437
ende23,23,0.02,True,mtme_MetricX-23-QE-src,0.2492570951387737,0.00794756614752834,0.009300866884723646
ende23,23,0.02,True,mtme_MetricX-23-b-refA,0.19505110815338123,-0.002066859307716662,-0.0008235142554184893
ende23,23,0.02,True,mtme_MetricX-23-c-refA,0.13265498341801382,-0.009572473396314729,-0.004617310697045962
ende23,23,0.02,True,mtme_MetricX-23-refA,0.21209337334256406,0.013638551879207372,0.02031335163365
ende23,23,0.02,True,mtme_XCOMET-Ensemble-refA,0.2535898651170644,0.0145426517401267,0.019450622413688112
ende23,23,0.02,True,mtme_XCOMET-QE-Ensemble-src,0.24633783270250909,0.0043920760288972405,0.019823694508806722
ende23,23,0.02,True,mtme_XCOMET-XL-refA,0.212145763190082,0.011989180511314257,0.014600685177145079
ende23,23,0.02,True,mtme_XCOMET-XXL-refA,0.24355636903409408,0.003346343641064453,0.025174094311972484
ende23,23,0.02,True,mtme_XLsim-refA,0.16374580989897436,0.003963580806565781,0.008552990161536878
ende23,23,0.02,True,mtme_YiSi-1-refA,0.12385342937846038,0.006010209302701464,0.005646954894296452
ende23,23,0.02,True,mtme_chrF-refA,0.010323800146905055,0.0021960380144485647,0.006010209302701464
ende23,23,0.02,True,mtme_cometoid22-wmt21-src,0.17456730523858344,0.00033785200222269385,0.009377675845483324
ende23,23,0.02,True,mtme_cometoid22-wmt22-src,0.15943110996709942,0.010980190072243157,0.01537226610114062
ende23,23,0.02,True,mtme_cometoid22-wmt23-src,0.16743319112067173,0.008784152057794481,0.019450622413688112
ende23,23,0.02,True,mtme_docWMT22CometDA-refA,0.18043608748883405,-0.00014167987190005782,0.010248177400760339
ende23,23,0.02,True,mtme_docWMT22CometKiwiDA-src,0.20952626025796112,0.007027321646235762,0.024793977582484805
ende23,23,0.02,True,mtme_eBLEU-refA,0.015907279709050877,0.0010457323878325653,0.0021960380144485647
ende23,23,0.02,True,mtme_embed_llama-refA,0.06908828422534616,0.00033785200222269385,-0.008156712625095208
ende23,23,0.02,True,mtme_f200spBLEU-refA,0.04740847620248717,0.001606857083742752,0.007027321646235762
ende23,23,0.02,True,mtme_instructscore-refA,0.16746635019861433,0.004154666513821681,0.0149847299809438
ende23,23,0.02,True,mtme_mbr-metricx-qe-src,0.15088158860825057,-0.013176228086692054,0.0028862213904181644
ende23,23,0.02,True,mtme_mre-score-labse-regular-refA,0.09015710482305475,-0.009572473396314729,0.0068217351087126454
ende23,23,0.02,True,mtme_prismRef-refA,0.10517860229406528,0.005646954894296452,0.007770596051125955
ende23,23,0.02,True,mtme_prismSrc-src,-0.01603180704120389,0.003806465891710964,0.003346343641064453
ende23,23,0.02,True,mtme_sescoreX-refA,0.16746635019861433,0.004154666513821681,0.0149847299809438
ende23,23,0.02,True,mtme_tokengram_F-refA,0.02437046771742868,0.0028154333518572994,0.005293014701491572
ende23,24,0.01,True,mtme_BERTscore-refA,0.14434342963198762,-0.0023606202294965684,0.01534403149172714
ende23,24,0.01,True,mtme_BLEU-refA,0.1015722674099016,-0.015344031491727028,0.01534403149172714
ende23,24,0.01,True,mtme_BLEURT-20-refA,0.3106403186794592,0.07014414396218094,0.0938078288926043
ende23,24,0.01,True,mtme_COMET-refA,0.2939327707145931,0.05774201324518358,0.07288414958570377
ende23,24,0.01,True,mtme_Calibri-COMET22-QE-src,0.14035097141226555,0.0,0.02493405117405645
ende23,24,0.01,True,mtme_Calibri-COMET22-refA,0.21694729408669233,-0.042196086602249494,-0.024253469132084815
ende23,24,0.01,True,mtme_CometKiwi-XL-src,0.30442467414443725,0.08303828807287605,0.11041031356003628
ende23,24,0.01,True,mtme_CometKiwi-XXL-src,0.26747807920255307,0.061376125966908335,0.0843921732044991
ende23,24,0.01,True,mtme_CometKiwi-src,0.24516415899999103,0.05596058544041649,0.08567084249547641
ende23,24,0.01,True,mtme_GEMBA-MQM-src,0.28594630013922706,0.047310763766158614,0.07626886241476127
ende23,24,0.01,True,mtme_KG-BERTScore-src,0.24263550190669203,0.04919115978230171,0.10165420863269203
ende23,24,0.01,True,mtme_MEE4-refA,0.11423666139397755,0.0013949119537933763,0.027457740564143296
ende23,24,0.01,True,mtme_MS-COMET-QE-22-src,0.20979839909202186,-0.024683876747561007,0.09657713938910595
ende23,24,0.01,True,mtme_MaTESe-refA,0.24331307906016963,0.03452407085638598,0.04986810234811312
ende23,24,0.01,True,mtme_MetricX-23-QE-b-src,0.27998721525229125,0.055026871556538515,0.08932418332684
ende23,24,0.01,True,mtme_MetricX-23-QE-c-src,0.3045848404662429,0.07288414958570377,0.11996242802623003
ende23,24,0.01,True,mtme_MetricX-23-QE-src,0.3046782102727494,0.06877414115041969,0.08932418332684
ende23,24,0.01,True,mtme_MetricX-23-b-refA,0.30490220008358204,0.0589951555630196,0.08334598923915404
ende23,24,0.01,True,mtme_MetricX-23-c-refA,0.2656894142630225,0.047310763766158614,0.05918412146809027
ende23,24,0.01,True,mtme_MetricX-23-refA,0.28963163868698916,0.05196047027880313,0.07927749604058998
ende23,24,0.01,True,mtme_XCOMET-Ensemble-refA,0.329631483649811,0.08616263837662141,0.10058865089021107
ende23,24,0.01,True,mtme_XCOMET-QE-Ensemble-src,0.3123911833668847,0.06569163482395657,0.09014618501389682
ende23,24,0.01,True,mtme_XCOMET-XL-refA,0.2915023095948834,0.060375428260926234,0.08539287091048131
ende23,24,0.01,True,mtme_XCOMET-XXL-refA,0.3145473007906168,0.06009745667593114,0.08802628592622386
ende23,24,0.01,True,mtme_XLsim-refA,0.13463511271096884,-0.028496058484635878,0.036267710798627895
ende23,24,0.01,True,mtme_YiSi-1-refA,0.17978983820456387,-0.0010960022494090893,0.02493405117405645
ende23,24,0.01,True,mtme_chrF-refA,0.10812964210796044,0.01534403149172714,0.023016047237590653
ende23,24,0.01,True,mtme_cometoid22-wmt21-src,0.24825443221361082,0.055179497864480176,0.06466413271513582
ende23,24,0.01,True,mtme_cometoid22-wmt22-src,0.2514225378878616,0.051058587550057544,0.07288414958570377
ende23,24,0.01,True,mtme_cometoid22-wmt23-src,0.2608637219736121,0.03068806298345428,0.09657713938910595
ende23,24,0.01,True,mtme_docWMT22CometDA-refA,0.21323177191257764,0.04986810234811312,0.09754420019740795
ende23,24,0.01,True,mtme_docWMT22CometKiwiDA-src,0.18675539393048154,0.056772916519390315,0.0759125768538077
ende23,24,0.01,True,mtme_eBLEU-refA,0.07402831973252373,-0.010229354327818019,0.03178406523286337
ende23,24,0.01,True,mtme_embed_llama-refA,0.09765653163479668,0.00944248091798583,0.009864020244681804
ende23,24,0.01,True,mtme_f200spBLEU-refA,0.10457006475032045,-0.006576013496454314,0.01534403149172714
ende23,24,0.01,True,mtme_instructscore-refA,0.25443206268325164,0.05370411022104493,0.07626886241476127
ende23,24,0.01,True,mtme_mbr-metricx-qe-src,0.1946887328472568,0.028882882807957033,0.06985572231759984
ende23,24,0.01,True,mtme_mre-score-labse-regular-refA,0.10184076258098357,0.004761940807777476,0.042421734124186705
ende23,24,0.01,True,mtme_prismRef-refA,0.15687694402699126,0.0035409303442447415,0.04091741731127241
ende23,24,0.01,True,mtme_prismSrc-src,0.06965800818958455,0.004384008997636357,0.01534403149172714
ende23,24,0.01,True,mtme_sescoreX-refA,0.25443206268325164,0.05370411022104493,0.07626886241476127
ende23,24,0.01,True,mtme_tokengram_F-refA,0.10611389453196715,0.008369471722760258,0.02211345714984192
ende23,24,0.02,True,mtme_BERTscore-refA,0.14434342963198762,-0.00043261617421097576,-0.0011055746674277778
ende23,24,0.02,True,mtme_BLEU-refA,0.1015722674099016,0.000301520363843788,0.010502959340563112
ende23,24,0.02,True,mtme_BLEURT-20-refA,0.3106403186794592,-0.020087177562148062,0.018241982012557223
ende23,24,0.02,True,mtme_COMET-refA,0.2939327707145931,0.016193417187617576,0.036483964025114446
ende23,24,0.02,True,mtme_Calibri-COMET22-QE-src,0.14035097141226555,-0.02276636863035497,-0.02158870222674758
ende23,24,0.02,True,mtme_Calibri-COMET22-refA,0.21694729408669233,-0.051619195518737504,-0.01236233491760097
ende23,24,0.02,True,mtme_CometKiwi-XL-src,0.30442467414443725,-0.01658362001141578,0.04532856136453611
ende23,24,0.02,True,mtme_CometKiwi-XXL-src,0.26747807920255307,0.014372470676560223,0.025981004684551112
ende23,24,0.02,True,mtme_CometKiwi-src,0.24516415899999103,-0.01658362001141578,0.009419496166483965
ende23,24,0.02,True,mtme_GEMBA-MQM-src,0.28594630013922706,-0.006264923115423704,0.018794769346271
ende23,24,0.02,True,mtme_KG-BERTScore-src,0.24263550190669203,-0.0204764617344515,0.009419496166483965
ende23,24,0.02,True,mtme_MEE4-refA,0.11423666139397755,-0.011120780478243608,0.0011055746674275557
ende23,24,0.02,True,mtme_MS-COMET-QE-22-src,0.20979839909202186,-0.025342513888246154,0.027119096253962027
ende23,24,0.02,True,mtme_MaTESe-refA,0.24331307906016963,0.0036051347850902804,-0.0011055746674277778
ende23,24,0.02,True,mtme_MetricX-23-QE-b-src,0.27998721525229125,0.0052677381212731245,0.021844630497795836
ende23,24,0.02,True,mtme_MetricX-23-QE-c-src,0.3045848404662429,0.012437715008561612,0.023659297882952957
ende23,24,0.02,True,mtme_MetricX-23-QE-src,0.3046782102727494,0.005085643470167267,0.025356889952938833
ende23,24,0.02,True,mtme_MetricX-23-b-refA,0.30490220008358204,0.009950172006849334,0.03913734322694096
ende23,24,0.02,True,mtme_MetricX-23-c-refA,0.2656894142630225,-0.01658362001141578,0.0027639366685691114
ende23,24,0.02,True,mtme_MetricX-23-refA,0.28963163868698916,0.015718387662993938,0.034493929623744535
ende23,24,0.02,True,mtme_XCOMET-Ensemble-refA,0.329631483649811,0.021656256720789857,0.037589538692542224
ende23,24,0.02,True,mtme_XCOMET-QE-Ensemble-src,0.3123911833668847,0.008181252538964956,0.029850516020548223
ende23,24,0.02,True,mtme_XCOMET-XL-refA,0.2915023095948834,-0.0022961935400420685,0.029850516020548223
ende23,24,0.02,True,mtme_XCOMET-XXL-refA,0.3145473007906168,0.017186660739103354,0.057710997639726425
ende23,24,0.02,True,mtme_XLsim-refA,0.13463511271096884,-0.005868050157885607,0.005704765283926938
ende23,24,0.02,True,mtme_YiSi-1-refA,0.17978983820456387,-0.01658362001141578,-0.0011055746674277778
ende23,24,0.02,True,mtme_chrF-refA,0.10812964210796044,-0.008508118092813266,-0.005439427363744365
ende23,24,0.02,True,mtme_cometoid22-wmt21-src,0.24825443221361082,-0.0022961935400422906,0.01543992207959377
ende23,24,0.02,True,mtme_cometoid22-wmt22-src,0.2514225378878616,0.0058328594522909505,0.024691167572552297
ende23,24,0.02,True,mtme_cometoid22-wmt23-src,0.2608637219736121,0.0036051347850902804,0.0322944179169673
ende23,24,0.02,True,mtme_docWMT22CometDA-refA,0.21323177191257764,0.01864227628869486,0.03342237263839165
ende23,24,0.02,True,mtme_docWMT22CometKiwiDA-src,0.18675539393048154,-0.0033167240022833333,0.012965375645288435
ende23,24,0.02,True,mtme_eBLEU-refA,0.07402831973252373,-0.0066334480045662225,-0.00043261617421097576
ende23,24,0.02,True,mtme_embed_llama-refA,0.09765653163479668,-0.01658362001141578,-0.0033167240022833333
ende23,24,0.02,True,mtme_f200spBLEU-refA,0.10457006475032045,-0.008844597339421778,-0.00043261617421097576
ende23,24,0.02,True,mtme_instructscore-refA,0.25443206268325164,0.01746807974535769,0.026278659402704907
ende23,24,0.02,True,mtme_mbr-metricx-qe-src,0.1946887328472568,-0.004975086003424778,0.019756138622295083
ende23,24,0.02,True,mtme_mre-score-labse-regular-refA,0.10184076258098357,-0.01658362001141578,0.009035213661391817
ende23,24,0.02,True,mtme_prismRef-refA,0.15687694402699126,-0.012161321341705111,0.008744090551473738
ende23,24,0.02,True,mtme_prismSrc-src,0.06965800818958455,-0.006264923115423704,-0.0033167240022833333
ende23,24,0.02,True,mtme_sescoreX-refA,0.25443206268325164,0.01746807974535769,0.026278659402704907
ende23,24,0.02,True,mtme_tokengram_F-refA,0.10611389453196715,-0.01236233491760097,-0.0011055746674277778
ende23,25,0.01,False,mtme_BERTscore-refA,0.12602227643461184,0.0,0.0
ende23,25,0.01,False,mtme_BLEU-refA,0.06477758500504083,0.0,0.0
ende23,25,0.01,False,mtme_BLEURT-20-refA,0.33700274240928474,0.0,0.0
ende23,25,0.01,False,mtme_COMET-refA,0.27738612424834885,0.0,0.0
ende23,25,0.01,False,mtme_Calibri-COMET22-QE-src,0.26523047669581246,0.0,0.0
ende23,25,0.01,False,mtme_Calibri-COMET22-refA,0.24428098714599883,0.0,0.0
ende23,25,0.01,False,mtme_CometKiwi-XL-src,0.29537354289127254,-0.015444675576325784,-0.007268082624153349
ende23,25,0.01,False,mtme_CometKiwi-XXL-src,0.3094084156399539,0.0,0.0
ende23,25,0.01,False,mtme_CometKiwi-src,0.28943933962083707,-0.011232491328236893,0.0
ende23,25,0.01,False,mtme_GEMBA-MQM-src,0.3237036465919021,0.0,0.0
ende23,25,0.01,False,mtme_KG-BERTScore-src,0.27799415192169546,0.0,0.0
ende23,25,0.01,False,mtme_MEE4-refA,0.07304971321075818,0.0,0.0
ende23,25,0.01,False,mtme_MS-COMET-QE-22-src,0.20881064069822503,0.0,0.0
ende23,25,0.01,False,mtme_MaTESe-refA,0.28713754437608463,0.0,0.0
ende23,25,0.01,False,mtme_MetricX-23-QE-b-src,0.42156694640687065,0.0,0.0
ende23,25,0.01,False,mtme_MetricX-23-QE-c-src,0.4146997446844903,0.0,0.0
ende23,25,0.01,False,mtme_MetricX-23-QE-src,0.39841859719370354,0.0,0.0
ende23,25,0.01,False,mtme_MetricX-23-b-refA,0.41297065698135105,0.0,0.0
ende23,25,0.01,False,mtme_MetricX-23-c-refA,0.2788312083536558,0.0,0.0
ende23,25,0.01,False,mtme_MetricX-23-refA,0.4168907536313357,0.0,0.0
ende23,25,0.01,False,mtme_XCOMET-Ensemble-refA,0.4778242226808285,0.0,0.0
ende23,25,0.01,False,mtme_XCOMET-QE-Ensemble-src,0.45053696850618385,0.0,0.0
ende23,25,0.01,False,mtme_XCOMET-XL-refA,0.4658621931499587,0.0,0.0
ende23,25,0.01,False,mtme_XCOMET-XXL-refA,0.46312339701239025,0.0,0.0
ende23,25,0.01,False,mtme_XLsim-refA,0.17294939950758315,0.0,0.0
ende23,25,0.01,False,mtme_YiSi-1-refA,0.1545532178252339,0.0,0.0
ende23,25,0.01,False,mtme_chrF-refA,0.10162945242899524,0.0,0.0
ende23,25,0.01,False,mtme_cometoid22-wmt21-src,0.28759887149898394,0.0,0.0
ende23,25,0.01,False,mtme_cometoid22-wmt22-src,0.2894051292458325,0.0,0.0
ende23,25,0.01,False,mtme_cometoid22-wmt23-src,0.2767320512539445,0.0,0.0
ende23,25,0.01,False,mtme_docWMT22CometDA-refA,0.2446158413615906,0.0,0.0
ende23,25,0.01,False,mtme_docWMT22CometKiwiDA-src,0.2151786524331547,0.0,0.0
ende23,25,0.01,False,mtme_eBLEU-refA,0.04158993658398136,0.0,0.0
ende23,25,0.01,False,mtme_embed_llama-refA,0.07833960070714283,-0.06453659159079161,0.0
ende23,25,0.01,False,mtme_f200spBLEU-refA,0.0871336174939531,0.0,0.0
ende23,25,0.01,False,mtme_instructscore-refA,0.3061262225236533,0.0,0.0
ende23,25,0.01,False,mtme_mbr-metricx-qe-src,0.2588881059741164,0.0,0.0
ende23,25,0.01,False,mtme_mre-score-labse-regular-refA,0.17306851506940568,0.0,0.0
ende23,25,0.01,False,mtme_prismRef-refA,0.15473023281457876,0.0,0.0
ende23,25,0.01,False,mtme_prismSrc-src,-0.026726226720863264,0.0,0.0
ende23,25,0.01,False,mtme_sescoreX-refA,0.3061262225236533,0.0,0.0
ende23,25,0.01,False,mtme_tokengram_F-refA,0.10122961516078458,0.0,0.0
ende23,25,0.02,False,mtme_BERTscore-refA,0.12602227643461184,0.0,0.0
ende23,25,0.02,False,mtme_BLEU-refA,0.06477758500504083,0.0,0.0
ende23,25,0.02,False,mtme_BLEURT-20-refA,0.33700274240928474,0.0,0.0
ende23,25,0.02,False,mtme_COMET-refA,0.27738612424834885,0.0,0.0
ende23,25,0.02,False,mtme_Calibri-COMET22-QE-src,0.26523047669581246,0.0,0.0
ende23,25,0.02,False,mtme_Calibri-COMET22-refA,0.24428098714599883,0.0,0.0
ende23,25,0.02,False,mtme_CometKiwi-XL-src,0.29537354289127254,0.0,0.0
ende23,25,0.02,False,mtme_CometKiwi-XXL-src,0.3094084156399539,0.0,0.0
ende23,25,0.02,False,mtme_CometKiwi-src,0.28943933962083707,0.0,0.0
ende23,25,0.02,False,mtme_GEMBA-MQM-src,0.3237036465919021,0.0,0.0
ende23,25,0.02,False,mtme_KG-BERTScore-src,0.27799415192169546,0.0,0.0
ende23,25,0.02,False,mtme_MEE4-refA,0.07304971321075818,0.0,0.0
ende23,25,0.02,False,mtme_MS-COMET-QE-22-src,0.20881064069822503,0.0,0.0
ende23,25,0.02,False,mtme_MaTESe-refA,0.28713754437608463,0.0,0.0
ende23,25,0.02,False,mtme_MetricX-23-QE-b-src,0.42156694640687065,0.0,0.0
ende23,25,0.02,False,mtme_MetricX-23-QE-c-src,0.4146997446844903,0.0,0.0
ende23,25,0.02,False,mtme_MetricX-23-QE-src,0.39841859719370354,0.0,0.0
ende23,25,0.02,False,mtme_MetricX-23-b-refA,0.41297065698135105,0.0,0.0
ende23,25,0.02,False,mtme_MetricX-23-c-refA,0.2788312083536558,0.0,0.0
ende23,25,0.02,False,mtme_MetricX-23-refA,0.4168907536313357,0.0,0.0
ende23,25,0.02,False,mtme_XCOMET-Ensemble-refA,0.4778242226808285,0.0,0.0
ende23,25,0.02,False,mtme_XCOMET-QE-Ensemble-src,0.45053696850618385,0.0,0.0
ende23,25,0.02,False,mtme_XCOMET-XL-refA,0.4658621931499587,0.0,0.0
ende23,25,0.02,False,mtme_XCOMET-XXL-refA,0.46312339701239025,0.0,0.0
ende23,25,0.02,False,mtme_XLsim-refA,0.17294939950758315,0.0,0.0
ende23,25,0.02,False,mtme_YiSi-1-refA,0.1545532178252339,0.0,0.0
ende23,25,0.02,False,mtme_chrF-refA,0.10162945242899524,0.0,0.0
ende23,25,0.02,False,mtme_cometoid22-wmt21-src,0.28759887149898394,0.0,0.0
ende23,25,0.02,False,mtme_cometoid22-wmt22-src,0.2894051292458325,0.0,0.0
ende23,25,0.02,False,mtme_cometoid22-wmt23-src,0.2767320512539445,0.0,0.0
ende23,25,0.02,False,mtme_docWMT22CometDA-refA,0.2446158413615906,0.0,0.0
ende23,25,0.02,False,mtme_docWMT22CometKiwiDA-src,0.2151786524331547,0.0,0.0
ende23,25,0.02,False,mtme_eBLEU-refA,0.04158993658398136,0.0,0.0
ende23,25,0.02,False,mtme_embed_llama-refA,0.07833960070714283,0.0,0.0
ende23,25,0.02,False,mtme_f200spBLEU-refA,0.0871336174939531,0.0,0.0
ende23,25,0.02,False,mtme_instructscore-refA,0.3061262225236533,0.0,0.0
ende23,25,0.02,False,mtme_mbr-metricx-qe-src,0.2588881059741164,0.0,0.0
ende23,25,0.02,False,mtme_mre-score-labse-regular-refA,0.17306851506940568,0.0,0.0
ende23,25,0.02,False,mtme_prismRef-refA,0.15473023281457876,0.0,0.0
ende23,25,0.02,False,mtme_prismSrc-src,-0.026726226720863264,0.0,0.0
ende23,25,0.02,False,mtme_sescoreX-refA,0.3061262225236533,0.0,0.0
ende23,25,0.02,False,mtme_tokengram_F-refA,0.10122961516078458,0.0,0.0
ende23,34,0.01,True,mtme_BERTscore-refA,0.06745695413053865,-0.012008427087164542,0.0012072643274796402
ende23,34,0.01,True,mtme_BLEU-refA,0.009061339399148608,-0.0037223983430620944,-0.005130873391788526
ende23,34,0.01,True,mtme_BLEURT-20-refA,0.15392038414832931,-0.002736465808953925,0.000615704807014561
ende23,34,0.01,True,mtme_COMET-refA,0.1251098955846574,-0.01756337430266064,-0.005130873391788526
ende23,34,0.01,True,mtme_Calibri-COMET22-QE-src,0.13889509075507595,-0.019497318888796356,0.0012072643274796402
ende23,34,0.01,True,mtme_Calibri-COMET22-refA,0.11229603885272271,0.0008551455652980877,-0.014469062964843626
ende23,34,0.01,True,mtme_CometKiwi-XL-src,0.1302572012602803,-0.019497318888796356,0.011066589668563553
ende23,34,0.01,True,mtme_CometKiwi-XXL-src,0.14709998098517602,-0.02239823576799993,-0.009620387609603487
ende23,34,0.01,True,mtme_CometKiwi-src,0.11340459963247251,-0.029900607007319335,0.0033583898564433223
ende23,34,0.01,True,mtme_GEMBA-MQM-src,0.042367018211678875,-0.029740062437588977,-0.008652061013604051
ende23,34,0.01,True,mtme_KG-BERTScore-src,0.10181864710370342,-0.025565903624601427,0.007506277739838696
ende23,34,0.01,True,mtme_MEE4-refA,0.06709391155668817,-0.005130873391788526,-0.0037223983430620944
ende23,34,0.01,True,mtme_MS-COMET-QE-22-src,0.07906835104813614,-0.04104698713430821,-0.013581723684146008
ende23,34,0.01,True,mtme_MaTESe-refA,0.07330575097948522,-0.00921224995343839,0.0012072643274796402
ende23,34,0.01,True,mtme_MetricX-23-QE-b-src,0.10718170080142464,-0.03815052634862104,-0.0037223983430620944
ende23,34,0.01,True,mtme_MetricX-23-QE-c-src,0.15046590181112085,-0.02655452018557214,-0.025565903624601427
ende23,34,0.01,True,mtme_MetricX-23-QE-src,0.14944289268024094,-0.04463859850856022,-0.0037223983430620944
ende23,34,0.01,True,mtme_MetricX-23-b-refA,0.15695732644645072,-0.02214376937508722,-0.011907498626226198
ende23,34,0.01,True,mtme_MetricX-23-c-refA,0.08913822005144562,-0.03562568694675816,-0.0020077330663519355
ende23,34,0.01,True,mtme_MetricX-23-refA,0.1341358244180626,-0.02461079948942624,-0.008652061013604051
ende23,34,0.01,True,mtme_XCOMET-Ensemble-refA,0.18837317945725596,-0.01455149338982653,-0.010355035390700484
ende23,34,0.01,True,mtme_XCOMET-QE-Ensemble-src,0.13887746971117962,-0.015772684871053544,-0.0006413591739735658
ende23,34,0.01,True,mtme_XCOMET-XL-refA,0.1478461531116041,-0.018673014638967977,-0.00891151694363268
ende23,34,0.01,True,mtme_XCOMET-XXL-refA,0.1775399937622315,-0.02655452018557214,-0.019497318888796356
ende23,34,0.01,True,mtme_XLsim-refA,0.022792185860578604,-0.016651136290332547,-0.01272851283732157
ende23,34,0.01,True,mtme_YiSi-1-refA,0.07298887719152067,-0.021592425523776715,-0.00789365137198228
ende23,34,0.01,True,mtme_chrF-refA,0.02182685397964407,0.009388406631783308,-0.008652061013604051
ende23,34,0.01,True,mtme_cometoid22-wmt21-src,0.09919831414050527,-0.02757844448086333,0.030785240350731047
ende23,34,0.01,True,mtme_cometoid22-wmt22-src,0.10344948890482993,-0.03096527099605706,0.010261746783577053
ende23,34,0.01,True,mtme_cometoid22-wmt23-src,0.09353667997657944,-0.03206795869867807,0.0143887536421895
ende23,34,0.01,True,mtme_docWMT22CometDA-refA,0.11525136175313605,-0.018673014638967977,0.000615704807014561
ende23,34,0.01,True,mtme_docWMT22CometKiwiDA-src,0.08195200347822566,-0.018599416045233408,0.0023234143660928464
ende23,34,0.01,True,mtme_eBLEU-refA,0.030403027276381847,-0.015772684871053544,-0.0006413591739735658
ende23,34,0.01,True,mtme_embed_llama-refA,0.035976403255416026,-0.00716386096211985,0.0
ende23,34,0.01,True,mtme_f200spBLEU-refA,0.015705162864232083,-0.009440807040890897,-0.005130873391788526
ende23,34,0.01,True,mtme_instructscore-refA,0.11918576751395477,-0.003058789906643211,-0.009620387609603487
ende23,34,0.01,True,mtme_mbr-metricx-qe-src,0.14120272081472646,-0.01756337430266064,0.011445794489374328
ende23,34,0.01,True,mtme_mre-score-labse-regular-refA,0.095866758688266,-0.00789365137198228,-0.0037223983430620944
ende23,34,0.01,True,mtme_prismRef-refA,0.10652184890373576,-0.02239823576799993,-0.010261746783577053
ende23,34,0.01,True,mtme_prismSrc-src,0.017102407485326907,-0.01492617713974842,0.0045964074134772215
ende23,34,0.01,True,mtme_sescoreX-refA,0.11918576751395477,-0.003058789906643211,-0.009620387609603487
ende23,34,0.01,True,mtme_tokengram_F-refA,0.020305209908723275,0.014024387270888616,-0.004412551116938168
ende23,34,0.02,True,mtme_BERTscore-refA,0.06745695413053865,0.01862010250456514,0.03739667645874867
ende23,34,0.02,True,mtme_BLEU-refA,0.009061339399148608,0.006151283863115364,0.01998291835607835
ende23,34,0.02,True,mtme_BLEURT-20-refA,0.15392038414832931,0.017781862595896425,0.02800838948165696
ende23,34,0.02,True,mtme_COMET-refA,0.1251098955846574,0.007803163161394289,0.03473666181523927
ende23,34,0.02,True,mtme_Calibri-COMET22-QE-src,0.13889509075507595,0.014795244847231492,0.048796739216645624
ende23,34,0.02,True,mtme_Calibri-COMET22-refA,0.11229603885272271,-0.008461494544737658,0.03018781324419606
ende23,34,0.02,True,mtme_CometKiwi-XL-src,0.1302572012602803,0.019473583138846395,0.04383435895732568
ende23,34,0.02,True,mtme_CometKiwi-XXL-src,0.14709998098517602,0.009097697142086636,0.03161926908823065
ende23,34,0.02,True,mtme_CometKiwi-src,0.11340459963247251,0.002595267836770887,0.04414450772353329
ende23,34,0.02,True,mtme_GEMBA-MQM-src,0.042367018211678875,0.002595267836770887,0.014380230966523966
ende23,34,0.02,True,mtme_KG-BERTScore-src,0.10181864710370342,-0.0008270633765532498,0.04957211113216431
ende23,34,0.02,True,mtme_MEE4-refA,0.06709391155668817,0.01392595901601934,0.023984837920046242
ende23,34,0.02,True,mtme_MS-COMET-QE-22-src,0.07906835104813614,0.006470554651858418,0.033909598438685906
ende23,34,0.02,True,mtme_MaTESe-refA,0.07330575097948522,-0.004703922954146789,0.02655158633003918
ende23,34,0.02,True,mtme_MetricX-23-QE-b-src,0.10718170080142464,0.02655158633003918,0.04052610545111257
ende23,34,0.02,True,mtme_MetricX-23-QE-c-src,0.15046590181112085,0.02122795999820193,0.06223651908563699
ende23,34,0.02,True,mtme_MetricX-23-QE-src,0.14944289268024094,0.023984837920046242,0.05050790482330758
ende23,34,0.02,True,mtme_MetricX-23-b-refA,0.15695732644645072,0.04497952363255342,0.05789443635873215
ende23,34,0.02,True,mtme_MetricX-23-c-refA,0.08913822005144562,0.014380230966523966,0.047762909995954006
ende23,34,0.02,True,mtme_MetricX-23-refA,0.1341358244180626,0.04052610545111257,0.052104992722858956
ende23,34,0.02,True,mtme_XCOMET-Ensemble-refA,0.18837317945725596,0.031188293135188006,0.05017517817756789
ende23,34,0.02,True,mtme_XCOMET-QE-Ensemble-src,0.13887746971117962,0.038529745576673546,0.04631554908698565
ende23,34,0.02,True,mtme_XCOMET-XL-refA,0.1478461531116041,0.03087703272465725,0.04535064181434012
ende23,34,0.02,True,mtme_XCOMET-XXL-refA,0.1775399937622315,0.03201221775129892,0.05631549718531215
ende23,34,0.02,True,mtme_XLsim-refA,0.022792185860578604,-0.005789443635872971,0.02243409408900876
ende23,34,0.02,True,mtme_YiSi-1-refA,0.07298887719152067,0.01392595901601934,0.01392595901601934
ende23,34,0.02,True,mtme_chrF-refA,0.02182685397964407,0.0013622220319703393,0.02558560574563329
ende23,34,0.02,True,mtme_cometoid22-wmt21-src,0.09919831414050527,0.0028947218179367074,0.028947218179366185
ende23,34,0.02,True,mtme_cometoid22-wmt22-src,0.10344948890482993,-0.010131526362778143,0.021999885816318177
ende23,34,0.02,True,mtme_cometoid22-wmt23-src,0.09353667997657944,-0.0008270633765530278,0.038299396360392035
ende23,34,0.02,True,mtme_docWMT22CometDA-refA,0.11525136175313605,0.0150525534532705,0.03526297487304586
ende23,34,0.02,True,mtme_docWMT22CometKiwiDA-src,0.08195200347822566,-0.03184193999730245,0.03254066595335636
ende23,34,0.02,True,mtme_eBLEU-refA,0.030403027276381847,-0.001578939173420002,0.011578887271746385
ende23,34,0.02,True,mtme_embed_llama-refA,0.035976403255416026,0.029999844294979372,0.04052610545111257
ende23,34,0.02,True,mtme_f200spBLEU-refA,0.015705162864232083,0.008777543576969249,0.02243409408900876
ende23,34,0.02,True,mtme_instructscore-refA,0.11918576751395477,0.011578887271746385,0.03201221775129892
ende23,34,0.02,True,mtme_mbr-metricx-qe-src,0.14120272081472646,0.00317485618741431,0.047996355303852045
ende23,34,0.02,True,mtme_mre-score-labse-regular-refA,0.095866758688266,0.0013622220319703393,0.02243409408900876
ende23,34,0.02,True,mtme_prismRef-refA,0.10652184890373576,0.014380230966523966,0.03900256765219856
ende23,34,0.02,True,mtme_prismSrc-src,0.017102407485326907,-0.014851181500718402,0.008105221090222714
ende23,34,0.02,True,mtme_sescoreX-refA,0.11918576751395477,0.011578887271746385,0.03201221775129892
ende23,34,0.02,True,mtme_tokengram_F-refA,0.020305209908723275,0.009097697142086636,0.01998291835607835
ende23,35,0.01,True,mtme_BERTscore-refA,0.07928506994525282,0.0033012833413439413,0.019100282189203677
ende23,35,0.01,True,mtme_BLEU-refA,0.011632642716347775,0.008553325020754565,0.008431656101540397
ende23,35,0.01,True,mtme_BLEURT-20-refA,0.19757885962597477,0.004951925012015801,0.02688187863665714
ende23,35,0.01,True,mtme_COMET-refA,0.21553059780377654,0.014855775036047403,0.03653717644000842
ende23,35,0.01,True,mtme_Calibri-COMET22-QE-src,0.1738851019185078,0.04456732510814221,0.059188057781678016
ende23,35,0.01,True,mtme_Calibri-COMET22-refA,0.17048057985299703,0.004416581767473615,0.025020252692290357
ende23,35,0.01,True,mtme_CometKiwi-XL-src,0.2316521832162688,0.0033012833413439413,0.019807700048063204
ende23,35,0.01,True,mtme_CometKiwi-XXL-src,0.24525148250440848,0.011554491694703461,0.031833803648673054
ende23,35,0.01,True,mtme_CometKiwi-src,0.20104527857606203,0.01102202663964802,0.027089942712792303
ende23,35,0.01,True,mtme_GEMBA-MQM-src,0.18962423793429262,0.01895391987357775,0.03556382508629519
ende23,35,0.01,True,mtme_KG-BERTScore-src,0.19574273631880212,0.008553325020754565,0.035282465710612554
ende23,35,0.01,True,mtme_MEE4-refA,0.06329887322737202,0.010611267882891018,0.018351251515117295
ende23,35,0.01,True,mtme_MS-COMET-QE-22-src,0.17531824499588322,-0.007628641234727063,0.002122253576578248
ende23,35,0.01,True,mtme_MaTESe-refA,0.1326106060846982,-0.002122253576578137,0.024491953437807967
ende23,35,0.01,True,mtme_MetricX-23-QE-b-src,0.3559480918124969,0.03653717644000842,0.04456732510814221
ende23,35,0.01,True,mtme_MetricX-23-QE-c-src,0.28453546865751067,0.007427887518023812,0.018157058377391344
ende23,35,0.01,True,mtme_MetricX-23-QE-src,0.34358552154338007,0.03653717644000842,0.06406163533952347
ende23,35,0.01,True,mtme_MetricX-23-b-refA,0.3565326858396315,0.04075815202197608,0.09051819922496918
ende23,35,0.01,True,mtme_MetricX-23-c-refA,0.17991635949248597,-0.003613566900660059,0.01720142372594957
ende23,35,0.01,True,mtme_MetricX-23-refA,0.3320347487583788,0.04456732510814221,0.05796966339221665
ende23,35,0.01,True,mtme_XCOMET-Ensemble-refA,0.347788986204474,0.05222580412761324,0.07520124118602667
ende23,35,0.01,True,mtme_XCOMET-QE-Ensemble-src,0.3486347528447551,0.03749314651954827,0.05431448022383267
ende23,35,0.01,True,mtme_XCOMET-XL-refA,0.3193071320890035,0.05281491789834181,0.07520124118602667
ende23,35,0.01,True,mtme_XCOMET-XXL-refA,0.34142487388739634,0.06065013104903161,0.08030689386567436
ende23,35,0.01,True,mtme_XLsim-refA,0.16266324467718463,0.017903113504980195,0.029711550072094806
ende23,35,0.01,True,mtme_YiSi-1-refA,0.06563622203171879,0.003713943759011906,0.002122253576578248
ende23,35,0.01,True,mtme_chrF-refA,0.057883352098155705,0.011554491694703573,0.009382594759608898
ende23,35,0.01,True,mtme_cometoid22-wmt21-src,0.2043938342317937,0.011141831277035497,0.0259976063130829
ende23,35,0.01,True,mtme_cometoid22-wmt22-src,0.18929888441361978,0.008431656101540397,0.029711550072094806
ende23,35,0.01,True,mtme_cometoid22-wmt23-src,0.19113898607541233,0.008333727459246099,0.03342549383110671
ende23,35,0.01,True,mtme_docWMT22CometDA-refA,0.1981815601461572,0.01347384247455452,0.0203835052820186
ende23,35,0.01,True,mtme_docWMT22CometKiwiDA-src,0.1384176998758438,-0.010164477656242843,0.031062075075371842
ende23,35,0.01,True,mtme_eBLEU-refA,0.0316375964309244,0.0033012833413439413,0.0015637657932682236
ende23,35,0.01,True,mtme_embed_llama-refA,-0.014789522538580933,0.0026664211603162347,-0.0011427519258497831
ende23,35,0.01,True,mtme_f200spBLEU-refA,0.024338681912689335,0.005473180276438616,0.007427887518023812
ende23,35,0.01,True,mtme_instructscore-refA,0.23187510306831416,0.02892966717546075,0.050523919901064196
ende23,35,0.01,True,mtme_mbr-metricx-qe-src,0.24084907855825632,0.011141831277035497,0.030073886048583742
ende23,35,0.01,True,mtme_mre-score-labse-regular-refA,0.1284229472895578,0.025398583126145624,0.023934304224743075
ende23,35,0.01,True,mtme_prismRef-refA,0.16461242942297746,0.019807700048063204,0.02850702777187475
ende23,35,0.01,True,mtme_prismSrc-src,0.05215884425024288,-0.016206300039324217,-0.0072551459478369384
ende23,35,0.01,True,mtme_sescoreX-refA,0.23187510306831416,0.02892966717546075,0.050523919901064196
ende23,35,0.01,True,mtme_tokengram_F-refA,0.048726773234883905,0.010611267882891018,0.0064755942464822525
ende23,35,0.02,True,mtme_BERTscore-refA,0.07928506994525282,-0.015843109246394205,-0.00956437703084867
ende23,35,0.02,True,mtme_BLEU-refA,0.011632642716347775,-0.0065262807975201564,0.0
ende23,35,0.02,True,mtme_BLEURT-20-refA,0.19757885962597477,0.003600706646907814,0.01980388655799281
ende23,35,0.02,True,mtme_COMET-refA,0.21553059780377654,0.011702296602450257,0.02852867574088469
ende23,35,0.02,True,mtme_Calibri-COMET22-QE-src,0.1738851019185078,-0.014715931513449076,-0.003764375130858033
ende23,35,0.02,True,mtme_Calibri-COMET22-refA,0.17048057985299703,-0.011034423595362552,0.0003600706646907925
ende23,35,0.02,True,mtme_CometKiwi-XL-src,0.2316521832162688,-0.002035182017817272,0.01833087020243951
ende23,35,0.02,True,mtme_CometKiwi-XXL-src,0.24525148250440848,-0.00612120129974314,0.025949920317369646
ende23,35,0.02,True,mtme_CometKiwi-src,0.20104527857606203,-0.00612120129974314,0.025590736526237223
ende23,35,0.02,True,mtme_GEMBA-MQM-src,0.18962423793429262,-0.00956437703084867,-0.000869136087184641
ende23,35,0.02,True,mtme_KG-BERTScore-src,0.19574273631880212,-0.0042215181377538435,0.01656325057577568
ende23,35,0.02,True,mtme_MEE4-refA,0.06329887322737202,-0.007201413293815628,0.001694450186780161
ende23,35,0.02,True,mtme_MS-COMET-QE-22-src,0.17531824499588322,-0.008863277900080568,-0.003600706646907703
ende23,35,0.02,True,mtme_MaTESe-refA,0.1326106060846982,0.0023543081922089426,0.006841342629124725
ende23,35,0.02,True,mtme_MetricX-23-QE-b-src,0.3559480918124969,0.02385468153576409,0.09088163828861107
ende23,35,0.02,True,mtme_MetricX-23-QE-c-src,0.28453546865751067,-0.012602473264177183,0.004758076640556719
ende23,35,0.02,True,mtme_MetricX-23-QE-src,0.34358552154338007,0.013571894284498565,0.027905476513535366
ende23,35,0.02,True,mtme_MetricX-23-b-refA,0.3565326858396315,0.01800353323453896,0.0360070664690777
ende23,35,0.02,True,mtme_MetricX-23-c-refA,0.17991635949248597,-0.03129845008465981,0.013911821135780045
ende23,35,0.02,True,mtme_MetricX-23-refA,0.3320347487583788,0.04398882237010071,0.07990672392470455
ende23,35,0.02,True,mtme_XCOMET-Ensemble-refA,0.347788986204474,0.0360070664690777,0.046981980832984216
ende23,35,0.02,True,mtme_XCOMET-QE-Ensemble-src,0.3486347528447551,0.042278446105595835,0.054821205378632
ende23,35,0.02,True,mtme_XCOMET-XL-refA,0.3193071320890035,0.024789480376788076,0.025590736526237223
ende23,35,0.02,True,mtme_XCOMET-XXL-refA,0.34142487388739634,0.09453994307657998,0.09746658690695509
ende23,35,0.02,True,mtme_XLsim-refA,0.16266324467718463,0.0003600706646907925,0.007782172430413459
ende23,35,0.02,True,mtme_YiSi-1-refA,0.06563622203171879,-0.014402826587631035,-0.0065262807975201564
ende23,35,0.02,True,mtme_chrF-refA,0.057883352098155705,-0.011034423595362552,-0.007201413293815628
ende23,35,0.02,True,mtme_cometoid22-wmt21-src,0.2043938342317937,-0.003764375130858033,0.032118303290417205
ende23,35,0.02,True,mtme_cometoid22-wmt22-src,0.18929888441361978,-0.003764375130858033,0.024340776933096442
ende23,35,0.02,True,mtme_cometoid22-wmt23-src,0.19113898607541233,0.001694450186780161,0.024340776933096442
ende23,35,0.02,True,mtme_docWMT22CometDA-refA,0.1981815601461572,0.004896961039794645,0.01748914657069489
ende23,35,0.02,True,mtme_docWMT22CometKiwiDA-src,0.1384176998758438,0.004896961039794645,0.021604239881446552
ende23,35,0.02,True,mtme_eBLEU-refA,0.0316375964309244,-0.002880565317526118,0.007782172430413459
ende23,35,0.02,True,mtme_embed_llama-refA,-0.014789522538580933,0.0024832459633847836,0.0024832459633847836
ende23,35,0.02,True,mtme_f200spBLEU-refA,0.024338681912689335,-0.007201413293815628,-0.001384887171887561
ende23,35,0.02,True,mtme_instructscore-refA,0.23187510306831416,-0.007573900188323268,0.01980388655799281
ende23,35,0.02,True,mtme_mbr-metricx-qe-src,0.24084907855825632,-0.012602473264177183,0.015753091580221534
ende23,35,0.02,True,mtme_mre-score-labse-regular-refA,0.1284229472895578,-0.012602473264176961,0.024569527708311778
ende23,35,0.02,True,mtme_prismRef-refA,0.16461242942297746,-0.009361837281960161,0.010918271768042831
ende23,35,0.02,True,mtme_prismSrc-src,0.05215884425024288,-0.002880565317526118,0.009832698920402061
ende23,35,0.02,True,mtme_sescoreX-refA,0.23187510306831416,-0.007573900188323268,0.01980388655799281
ende23,35,0.02,True,mtme_tokengram_F-refA,0.048726773234883905,-0.00612120129974314,-0.008863277900080568
ende23,45,0.01,True,mtme_BERTscore-refA,0.04970358401176028,0.011371141425164377,0.012275352671020867
ende23,45,0.01,True,mtme_BLEU-refA,-0.0031755577959239924,-0.0021920272626823056,0.010573307972938095
ende23,45,0.01,True,mtme_BLEURT-20-refA,0.252256379205942,0.00865850768759513,0.029339441823593937
ende23,45,0.01,True,mtme_COMET-refA,0.22579925068137452,0.017215433623992693,0.048224599779010835
ende23,45,0.01,True,mtme_Calibri-COMET22-QE-src,0.24120222436284747,0.05206064748870498,0.06478658354149935
ende23,45,0.01,True,mtme_Calibri-COMET22-refA,0.16902358113390703,0.011371141425164377,0.026742732604724262
ende23,45,0.01,True,mtme_CometKiwi-XL-src,0.28493955623143474,0.021920272626823056,0.04417778021713581
ende23,45,0.01,True,mtme_CometKiwi-XXL-src,0.27950217709595687,0.028809501166681795,0.06547797565302638
ende23,45,0.01,True,mtme_CometKiwi-src,0.2561896942394797,0.04534364966234261,0.0494771867862579
ende23,45,0.01,True,mtme_GEMBA-MQM-src,0.20240435263151504,0.043353428084161205,0.060167369003280124
ende23,45,0.01,True,mtme_KG-BERTScore-src,0.2561157572919196,0.048224599779010835,0.06547797565302638
ende23,45,0.01,True,mtme_MEE4-refA,0.048615305306226084,0.01709781264892196,0.004384054525364722
ende23,45,0.01,True,mtme_MS-COMET-QE-22-src,0.17100893875073603,0.0016151779830290147,0.009864122682070264
ende23,45,0.01,True,mtme_MaTESe-refA,0.1968243782479307,0.010573307972938095,0.018809008124951343
ende23,45,0.01,True,mtme_MetricX-23-QE-b-src,0.3875987204837794,0.023041774947265115,0.04603257251632853
ende23,45,0.01,True,mtme_MetricX-23-QE-c-src,0.3304891842520316,0.04520111389944903,0.0653224124279328
ende23,45,0.01,True,mtme_MetricX-23-QE-src,0.3569052825417691,0.03588002519443145,0.051108846177276956
ende23,45,0.01,True,mtme_MetricX-23-b-refA,0.36648156577131874,0.05737953717021338,0.06253046191441114
ende23,45,0.01,True,mtme_MetricX-23-c-refA,0.2276330931591572,0.028142801630566483,0.042143491888989026
ende23,45,0.01,True,mtme_MetricX-23-refA,0.362194700071078,0.061102759947269325,0.06601133528191871
ende23,45,0.01,True,mtme_XCOMET-Ensemble-refA,0.4103528298085717,0.059294337455556456,0.08598894213668007
ende23,45,0.01,True,mtme_XCOMET-QE-Ensemble-src,0.3810404343861934,0.04764005917562886,0.055074684974893096
ende23,45,0.01,True,mtme_XCOMET-XL-refA,0.38558905434803076,0.05808872246108121,0.10032405284554091
ende23,45,0.01,True,mtme_XCOMET-XXL-refA,0.39344471559680283,0.070144872405834,0.11122209022654617
ende23,45,0.01,True,mtme_XLsim-refA,0.1563137819067843,0.02945536634229362,0.02759375495376548
ende23,45,0.01,True,mtme_YiSi-1-refA,0.0703585152588383,0.012275352671020978,0.004808317866528911
ende23,45,0.01,True,mtme_chrF-refA,0.04521438584136475,0.004008278423190514,0.010573307972938095
ende23,45,0.01,True,mtme_cometoid22-wmt21-src,0.28262568592967563,0.0282656147030087,0.07542622898278273
ende23,45,0.01,True,mtme_cometoid22-wmt22-src,0.28292711995606934,0.015031044086964318,0.0868228405435667
ende23,45,0.01,True,mtme_cometoid22-wmt23-src,0.273125731789453,-0.0004277126366210027,0.070144872405834
ende23,45,0.01,True,mtme_docWMT22CometDA-refA,0.16852115945657786,0.015403434818848538,0.02759375495376548
ende23,45,0.01,True,mtme_docWMT22CometKiwiDA-src,0.16813297823135603,0.03638765256052645,0.03638765256052645
ende23,45,0.01,True,mtme_eBLEU-refA,0.012431926958521973,0.009475214619336425,0.008768109050729223
ende23,45,0.01,True,mtme_embed_llama-refA,-0.012616748053253222,0.002630432715218789,0.00014142111372150712
ende23,45,0.01,True,mtme_f200spBLEU-refA,0.01480982241366404,0.002329028966599922,0.009475214619336425
ende23,45,0.01,True,mtme_instructscore-refA,0.2209610492089666,0.019313537503633293,0.029339441823593937
ende23,45,0.01,True,mtme_mbr-metricx-qe-src,0.277432414493847,0.015892197654446716,0.05059435898191067
ende23,45,0.01,True,mtme_mre-score-labse-regular-refA,0.1882318783326926,0.0064884006975396424,0.026742732604724262
ende23,45,0.01,True,mtme_prismRef-refA,0.12439053965033235,0.02347590487775897,0.021920272626823056
ende23,45,0.01,True,mtme_prismSrc-src,0.12164108149695749,0.0004871171694850185,0.02364257976178774
ende23,45,0.01,True,mtme_sescoreX-refA,0.2209610492089666,0.019313537503633293,0.029339441823593937
ende23,45,0.01,True,mtme_tokengram_F-refA,0.03565521616788804,0.004384054525364722,0.004384054525364722
ende23,45,0.02,True,mtme_BERTscore-refA,0.04970358401176028,0.0037185000466508633,0.0032227000404307926
ende23,45,0.02,True,mtme_BLEU-refA,-0.0031755577959239924,-0.012085125151615417,-0.002843558859203732
ende23,45,0.02,True,mtme_BLEURT-20-refA,0.252256379205942,0.013183772892671364,0.03625537545484614
ende23,45,0.02,True,mtme_COMET-refA,0.22579925068137452,0.024170250303230834,0.040283750505384575
ende23,45,0.02,True,mtme_Calibri-COMET22-QE-src,0.24120222436284747,0.0334665004198581,0.04090350051315983
ende23,45,0.02,True,mtme_Calibri-COMET22-refA,0.16902358113390703,0.013811571601846206,0.026855833670256568
ende23,45,0.02,True,mtme_CometKiwi-XL-src,0.28493955623143474,0.03127914745123983,0.08100672621016658
ende23,45,0.02,True,mtme_CometKiwi-XXL-src,0.27950217709595687,0.03955131867801398,0.07737714558753284
ende23,45,0.02,True,mtme_CometKiwi-src,0.2561896942394797,0.052925234024525536,0.10377409557032446
ende23,45,0.02,True,mtme_GEMBA-MQM-src,0.20240435263151504,0.03127914745123983,0.048340500606461556
ende23,45,0.02,True,mtme_KG-BERTScore-src,0.2561157572919196,0.05414782960267572,0.06285882309699697
ende23,45,0.02,True,mtme_MEE4-refA,0.048615305306226084,-0.0037185000466508633,-0.002843558859203732
ende23,45,0.02,True,mtme_MS-COMET-QE-22-src,0.17100893875073603,0.032227000404307704,0.04090350051315983
ende23,45,0.02,True,mtme_MaTESe-refA,0.1968243782479307,0.018592500233254428,0.026029500326556265
ende23,45,0.02,True,mtme_MetricX-23-QE-b-src,0.3875987204837794,0.07322905344737984,0.14146596523427912
ende23,45,0.02,True,mtme_MetricX-23-QE-c-src,0.3304891842520316,0.1373929503436616,0.14035784134500995
ende23,45,0.02,True,mtme_MetricX-23-QE-src,0.3569052825417691,0.048340500606461556,0.14433050317932894
ende23,45,0.02,True,mtme_MetricX-23-b-refA,0.36648156577131874,0.08463630683280043,0.13545043554967473
ende23,45,0.02,True,mtme_MetricX-23-c-refA,0.2276330931591572,0.026855833670256568,0.07737714558753239
ende23,45,0.02,True,mtme_MetricX-23-refA,0.362194700071078,0.06844279328566472,0.09673490890824687
ende23,45,0.02,True,mtme_XCOMET-Ensemble-refA,0.4103528298085717,0.13790413844734217,0.14558529534438858
ende23,45,0.02,True,mtme_XCOMET-QE-Ensemble-src,0.3810404343861934,0.09585501057548695,0.1396886496456461
ende23,45,0.02,True,mtme_XCOMET-XL-refA,0.38558905434803076,0.044622000559810804,0.1426227978659339
ende23,45,0.02,True,mtme_XCOMET-XXL-refA,0.39344471559680283,0.11169318056516198,0.14564863821810559
ende23,45,0.02,True,mtme_XLsim-refA,0.1563137819067843,0.012085125151615306,0.017809658118170146
ende23,45,0.02,True,mtme_YiSi-1-refA,0.0703585152588383,-0.006905785800923159,0.006042562575807708
ende23,45,0.02,True,mtme_chrF-refA,0.04521438584136475,0.004394590964223677,-0.002843558859203732
ende23,45,0.02,True,mtme_cometoid22-wmt21-src,0.28262568592967563,0.048340500606461556,0.09189546807806825
ende23,45,0.02,True,mtme_cometoid22-wmt22-src,0.28292711995606934,0.05414782960267572,0.08318447458374678
ende23,45,0.02,True,mtme_cometoid22-wmt23-src,0.273125731789453,0.048340500606461556,0.12300615912921564
ende23,45,0.02,True,mtme_docWMT22CometDA-refA,0.16852115945657786,0.029004300363877022,0.03955131867801398
ende23,45,0.02,True,mtme_docWMT22CometKiwiDA-src,0.16813297823135603,0.013183772892671364,0.05625958560129907
ende23,45,0.02,True,mtme_eBLEU-refA,0.012431926958521973,0.002843558859203621,-0.006042562575807597
ende23,45,0.02,True,mtme_embed_llama-refA,-0.012616748053253222,-0.002843558859203732,0.005371166734051358
ende23,45,0.02,True,mtme_f200spBLEU-refA,0.01480982241366404,0.006905785800923159,0.0
ende23,45,0.02,True,mtme_instructscore-refA,0.2209610492089666,0.03127914745123983,0.042653382888054314
ende23,45,0.02,True,mtme_mbr-metricx-qe-src,0.277432414493847,0.05456263881669099,0.06576248759510417
ende23,45,0.02,True,mtme_mre-score-labse-regular-refA,0.1882318783326926,0.0,0.06576248759510417
ende23,45,0.02,True,mtme_prismRef-refA,0.12439053965033235,-0.002843558859203732,0.006042562575807708
ende23,45,0.02,True,mtme_prismSrc-src,0.12164108149695749,0.018592500233254428,0.021269820266843098
ende23,45,0.02,True,mtme_sescoreX-refA,0.2209610492089666,0.03127914745123983,0.042653382888054314
ende23,45,0.02,True,mtme_tokengram_F-refA,0.03565521616788804,0.0,-0.006042562575807597
zhen23,01,0.01,True,mtme_BERTscore-refA,0.07823353662928575,-0.056138808610705304,-0.03984044482050053
zhen23,01,0.01,True,mtme_BLEU-refA,0.06066302045500362,-0.0534700706801452,-0.014940166807687616
zhen23,01,0.01,True,mtme_BLEURT-20-refA,0.11670740548886777,-0.04980055602562561,0.0024900278012812693
zhen23,01,0.01,True,mtme_COMET-refA,0.07067584068960331,-0.059760667230750464,-0.001532324800788576
zhen23,01,0.01,True,mtme_Calibri-COMET22-QE-src,0.09717421923021069,-0.014940166807687616,-0.03879201206206617
zhen23,01,0.01,True,mtme_Calibri-COMET22-refA,0.08148375765666452,-0.09163302308715093,-0.03585640033845028
zhen23,01,0.01,True,mtme_CometKiwi-XL-src,0.13614158194622988,-0.11131888993963357,-0.049800556025625387
zhen23,01,0.01,True,mtme_CometKiwi-XXL-src,0.118268842033805,-0.05754730918516726,-0.017264192755550134
zhen23,01,0.01,True,mtme_CometKiwi-src,0.10368782481311964,-0.08149181895102364,-0.058167049437930496
zhen23,01,0.01,True,mtme_GEMBA-MQM-src,0.1618759718779061,-0.07304081550425079,0.019920222410250266
zhen23,01,0.01,True,mtme_KG-BERTScore-src,0.07881938549993683,-0.09750424653438272,-0.08149181895102364
zhen23,01,0.01,True,mtme_MEE4-refA,0.05490758411563016,-0.03237036141665661,-0.001532324800788576
zhen23,01,0.01,True,mtme_MS-COMET-QE-22-src,0.03642202663380703,-0.03320037068375048,-0.06374471171280094
zhen23,01,0.01,True,mtme_MaTESe-refA,0.14304184875184373,-0.06374471171280094,-0.0066400741367500515
zhen23,01,0.01,True,mtme_MetricX-23-QE-b-src,0.17430687874820147,-0.03237036141665661,0.019920222410250266
zhen23,01,0.01,True,mtme_MetricX-23-QE-c-src,0.20358684228122784,-0.11345865807577282,-0.042053802866083734
zhen23,01,0.01,True,mtme_MetricX-23-QE-src,0.14409417183286238,-0.0534700706801452,0.019920222410250266
zhen23,01,0.01,True,mtme_MetricX-23-b-refA,0.2200567356678309,-0.06932237398767072,0.03501659708597937
zhen23,01,0.01,True,mtme_MetricX-23-c-refA,0.09649054861007268,-0.09163302308715093,-0.042053802866083734
zhen23,01,0.01,True,mtme_MetricX-23-refA,0.18951988588314245,-0.03585640033845028,-0.03818042628631302
zhen23,01,0.01,True,mtme_XCOMET-Ensemble-refA,0.26382287924761594,-0.05701305034657822,-0.0358564003384505
zhen23,01,0.01,True,mtme_XCOMET-QE-Ensemble-src,0.2078267616071849,-0.10956122325637607,-0.059760667230750686
zhen23,01,0.01,True,mtme_XCOMET-XL-refA,0.24526670770243264,-0.06932237398767072,-0.026560296547000206
zhen23,01,0.01,True,mtme_XCOMET-XXL-refA,0.2246162248292134,-0.05444860792135042,-0.028163073062767552
zhen23,01,0.01,True,mtme_XLsim-refA,-0.018342329652948082,-0.029294444720956436,-0.022984872011827084
zhen23,01,0.01,True,mtme_YiSi-1-refA,0.08543876144692279,-0.09163302308715093,-0.03237036141665661
zhen23,01,0.01,True,mtme_chrF-refA,0.02260573148177708,-0.0846609452435636,-0.001532324800788576
zhen23,01,0.01,True,mtme_cometoid22-wmt21-src,0.0814245163580492,-0.06881531378086425,-0.030785798270386522
zhen23,01,0.01,True,mtme_cometoid22-wmt22-src,0.12294885605410796,-0.0846609452435636,-0.011066790227916679
zhen23,01,0.01,True,mtme_cometoid22-wmt23-src,0.1027088223643802,-0.049800556025625387,0.02777033724162925
zhen23,01,0.01,True,mtme_docWMT22CometDA-refA,0.060213376100747944,-0.11288126032475132,0.0035153333665146613
zhen23,01,0.01,True,mtme_docWMT22CometKiwiDA-src,0.07201864082499881,-0.044437419222865815,-0.022984872011827084
zhen23,01,0.01,True,mtme_eBLEU-refA,0.0630450795207158,0.0013280148273498993,0.0
zhen23,01,0.01,True,mtme_embed_llama-refA,0.05260781380823131,-0.10278834763689138,-0.042053802866083734
zhen23,01,0.01,True,mtme_f200spBLEU-refA,0.03324475047025773,-0.0534700706801452,0.0
zhen23,01,0.01,True,mtme_instructscore-refA,0.15652443472782865,-0.0846609452435636,0.03393828460914172
zhen23,01,0.01,True,mtme_mbr-metricx-qe-src,0.1434603782242667,-0.12686036377054077,-0.03585640033845028
zhen23,01,0.01,True,mtme_mre-score-labse-regular-refA,0.07920301891803219,-0.030785798270386522,0.019920222410250266
zhen23,01,0.01,True,mtme_prismRef-refA,0.08694924571982061,-0.04346230344054591,0.02746840974811482
zhen23,01,0.01,True,mtme_prismSrc-src,-0.025134669933731157,-0.049800556025625387,-0.019920222410249933
zhen23,01,0.01,True,mtme_sescoreX-refA,0.10262490512172609,0.019920222410250266,0.02926559720951094
zhen23,01,0.01,True,mtme_tokengram_F-refA,0.03462564985441581,-0.05444860792135042,0.0
zhen23,01,0.02,True,mtme_BERTscore-refA,0.07823353662928575,-0.010821486899822208,-0.0075180856356662495
zhen23,01,0.02,True,mtme_BLEU-refA,0.06066302045500362,0.003900192646961065,0.0071702521281716836
zhen23,01,0.02,True,mtme_BLEURT-20-refA,0.11670740548886777,-0.010186217425946165,-0.008956663605540705
zhen23,01,0.02,True,mtme_COMET-refA,0.07067584068960331,-0.01247318753190041,0.001941654348054156
zhen23,01,0.02,True,mtme_Calibri-COMET22-QE-src,0.09717421923021069,-0.0042716395657194095,0.002746054006533827
zhen23,01,0.02,True,mtme_Calibri-COMET22-refA,0.08148375765666452,-0.0014857876750329346,-0.0034805952016974118
zhen23,01,0.02,True,mtme_CometKiwi-XL-src,0.13614158194622988,-0.03184313130808958,-0.008756861109724623
zhen23,01,0.02,True,mtme_CometKiwi-XXL-src,0.118268842033805,-0.008068652513025354,-0.0009645637729043255
zhen23,01,0.02,True,mtme_CometKiwi-src,0.10368782481311964,-0.011690803021968676,-0.0025629837394316457
zhen23,01,0.02,True,mtme_GEMBA-MQM-src,0.1618759718779061,-0.019715259534089258,0.012814918697158006
zhen23,01,0.02,True,mtme_KG-BERTScore-src,0.07881938549993683,-0.0006571753178030715,0.0
zhen23,01,0.02,True,mtme_MEE4-refA,0.05490758411563016,-0.004627609529529231,0.0042716395657194095
zhen23,01,0.02,True,mtme_MS-COMET-QE-22-src,0.03642202663380703,-0.024479780588160693,-0.0149507384800176
zhen23,01,0.02,True,mtme_MaTESe-refA,0.14304184875184373,0.004107345736268586,0.016018648371447286
zhen23,01,0.02,True,mtme_MetricX-23-QE-b-src,0.17430687874820147,-0.004960613689222404,0.009136562404455262
zhen23,01,0.02,True,mtme_MetricX-23-QE-c-src,0.20358684228122784,-0.017900203894442912,0.005695519420959139
zhen23,01,0.02,True,mtme_MetricX-23-QE-src,0.14409417183286238,-0.017086558262877416,0.0005339549457149539
zhen23,01,0.02,True,mtme_MetricX-23-b-refA,0.2200567356678309,-0.0006571753178030715,0.013954022581349701
zhen23,01,0.02,True,mtme_MetricX-23-c-refA,0.09649054861007268,-0.01247318753190041,-0.0025629837394316457
zhen23,01,0.02,True,mtme_MetricX-23-refA,0.18951988588314245,-0.0025629837394316457,0.017840377009768926
zhen23,01,0.02,True,mtme_XCOMET-Ensemble-refA,0.26382287924761594,0.01363638784441168,0.023011735725004034
zhen23,01,0.02,True,mtme_XCOMET-QE-Ensemble-src,0.2078267616071849,0.021180212846691582,0.027007785641322224
zhen23,01,0.02,True,mtme_XCOMET-XL-refA,0.24526670770243264,0.003031486143413642,0.025629837394316013
zhen23,01,0.02,True,mtme_XCOMET-XXL-refA,0.2246162248292134,0.001941654348054156,0.025629837394316013
zhen23,01,0.02,True,mtme_XLsim-refA,-0.018342329652948082,-0.0042716395657194095,-0.0006571753178030715
zhen23,01,0.02,True,mtme_YiSi-1-refA,0.08543876144692279,-0.009789174004773527,-0.005421696371874729
zhen23,01,0.02,True,mtme_chrF-refA,0.02260573148177708,-0.006871767997026712,-0.008543279131438597
zhen23,01,0.02,True,mtme_cometoid22-wmt21-src,0.0814245163580492,-0.009319940870660348,0.005695519420959139
zhen23,01,0.02,True,mtme_cometoid22-wmt22-src,0.12294885605410796,-0.0025629837394316457,0.01945969135494352
zhen23,01,0.02,True,mtme_cometoid22-wmt23-src,0.1027088223643802,-0.010526540358379854,-0.012656709824353518
zhen23,01,0.02,True,mtme_docWMT22CometDA-refA,0.060213376100747944,-0.008543279131438597,-0.00720839176715149
zhen23,01,0.02,True,mtme_docWMT22CometKiwiDA-src,0.07201864082499881,-0.005421696371874729,0.005695519420959139
zhen23,01,0.02,True,mtme_eBLEU-refA,0.0630450795207158,-0.006102342236741887,0.0015662678407637465
zhen23,01,0.02,True,mtme_embed_llama-refA,0.05260781380823131,0.001941654348054156,0.014388680642422935
zhen23,01,0.02,True,mtme_f200spBLEU-refA,0.03324475047025773,0.016018648371447508,0.018834047176126023
zhen23,01,0.02,True,mtme_instructscore-refA,0.15652443472782865,-0.0076638239267319275,0.006910005179840084
zhen23,01,0.02,True,mtme_mbr-metricx-qe-src,0.1434603782242667,-0.052114002701775686,-0.023799134723293314
zhen23,01,0.02,True,mtme_mre-score-labse-regular-refA,0.07920301891803219,0.0036308936308613315,0.013203249566768882
zhen23,01,0.02,True,mtme_prismRef-refA,0.08694924571982061,-0.01247318753190041,-0.0006571753178030715
zhen23,01,0.02,True,mtme_prismSrc-src,-0.025134669933731157,-0.006692235319627038,0.0011074621096308634
zhen23,01,0.02,True,mtme_sescoreX-refA,0.10262490512172609,0.005695519420959139,0.022212525741740596
zhen23,01,0.02,True,mtme_tokengram_F-refA,0.03462564985441581,-0.0025629837394316457,0.002392118156802847
zhen23,02,0.01,False,mtme_BERTscore-refA,-0.05187584682562102,0.0,0.0
zhen23,02,0.01,False,mtme_BLEU-refA,0.0037177592382496008,0.0,0.0
zhen23,02,0.01,False,mtme_BLEURT-20-refA,0.07705928631550987,0.0,0.0
zhen23,02,0.01,False,mtme_COMET-refA,0.11997497013112582,0.0,0.0
zhen23,02,0.01,False,mtme_Calibri-COMET22-QE-src,0.24564391160411433,0.0,0.0
zhen23,02,0.01,False,mtme_Calibri-COMET22-refA,0.13010095125309018,0.0,0.0
zhen23,02,0.01,False,mtme_CometKiwi-XL-src,0.25828544639046835,0.0,0.0
zhen23,02,0.01,False,mtme_CometKiwi-XXL-src,0.2426056666370931,0.0,0.0
zhen23,02,0.01,False,mtme_CometKiwi-src,0.27994127141627145,0.0,0.0
zhen23,02,0.01,False,mtme_GEMBA-MQM-src,0.37821228956975994,0.0,0.0
zhen23,02,0.01,False,mtme_KG-BERTScore-src,0.2669530307766881,0.0,0.0
zhen23,02,0.01,False,mtme_MEE4-refA,0.01419260926906366,0.0,0.0
zhen23,02,0.01,False,mtme_MS-COMET-QE-22-src,0.18183536723873223,0.0,0.0
zhen23,02,0.01,False,mtme_MaTESe-refA,0.23540953677569698,0.0,0.0
zhen23,02,0.01,False,mtme_MetricX-23-QE-b-src,0.47184857031284827,0.0,0.0
zhen23,02,0.01,False,mtme_MetricX-23-QE-c-src,0.4490334317732908,0.0,0.0
zhen23,02,0.01,False,mtme_MetricX-23-QE-src,0.44841786798734573,0.0,0.0
zhen23,02,0.01,False,mtme_MetricX-23-b-refA,0.24399094571292723,0.0,0.0
zhen23,02,0.01,False,mtme_MetricX-23-c-refA,0.3141919608982631,0.0,0.0
zhen23,02,0.01,False,mtme_MetricX-23-refA,0.24519060040524668,0.0,0.0
zhen23,02,0.01,False,mtme_XCOMET-Ensemble-refA,0.381788970672465,0.0,0.0
zhen23,02,0.01,False,mtme_XCOMET-QE-Ensemble-src,0.45842664357605434,0.0,0.0
zhen23,02,0.01,False,mtme_XCOMET-XL-refA,0.31202980561513227,0.0,0.0
zhen23,02,0.01,False,mtme_XCOMET-XXL-refA,0.34847313085984544,0.0,0.0
zhen23,02,0.01,False,mtme_XLsim-refA,-0.021373448119424134,0.0,0.0
zhen23,02,0.01,False,mtme_YiSi-1-refA,-0.02051036833956993,0.0,0.0
zhen23,02,0.01,False,mtme_chrF-refA,-0.004324039418807171,0.0,0.0
zhen23,02,0.01,False,mtme_cometoid22-wmt21-src,0.22759441861614,0.0,0.0
zhen23,02,0.01,False,mtme_cometoid22-wmt22-src,0.23273224224435018,0.0,0.0
zhen23,02,0.01,False,mtme_cometoid22-wmt23-src,0.2375350572238436,0.0,0.0
zhen23,02,0.01,False,mtme_docWMT22CometDA-refA,0.10207880867316872,0.0,0.0
zhen23,02,0.01,False,mtme_docWMT22CometKiwiDA-src,0.19713690372178705,0.0,0.0
zhen23,02,0.01,False,mtme_eBLEU-refA,0.04685154738646505,0.0,0.0
zhen23,02,0.01,False,mtme_embed_llama-refA,0.019492689196796684,0.0,0.0
zhen23,02,0.01,False,mtme_f200spBLEU-refA,0.0016326529546580367,0.0,0.0
zhen23,02,0.01,False,mtme_instructscore-refA,0.09195899480554459,0.0,0.0
zhen23,02,0.01,False,mtme_mbr-metricx-qe-src,0.28392648189106606,0.0,0.0
zhen23,02,0.01,False,mtme_mre-score-labse-regular-refA,0.0951072959090146,0.0,0.0
zhen23,02,0.01,False,mtme_prismRef-refA,-0.012334627006210706,0.0,0.0
zhen23,02,0.01,False,mtme_prismSrc-src,0.03595471936827485,0.0,0.0
zhen23,02,0.01,False,mtme_sescoreX-refA,-0.0029023376505588074,0.0,0.0
zhen23,02,0.01,False,mtme_tokengram_F-refA,0.0021053104491099536,0.0,0.0
zhen23,02,0.02,False,mtme_BERTscore-refA,-0.05187584682562102,0.0,0.0
zhen23,02,0.02,False,mtme_BLEU-refA,0.0037177592382496008,0.0,0.0
zhen23,02,0.02,False,mtme_BLEURT-20-refA,0.07705928631550987,0.0,0.0
zhen23,02,0.02,False,mtme_COMET-refA,0.11997497013112582,0.0,0.0
zhen23,02,0.02,False,mtme_Calibri-COMET22-QE-src,0.24564391160411433,0.0,0.0
zhen23,02,0.02,False,mtme_Calibri-COMET22-refA,0.13010095125309018,0.0,0.0
zhen23,02,0.02,False,mtme_CometKiwi-XL-src,0.25828544639046835,0.0,0.0
zhen23,02,0.02,False,mtme_CometKiwi-XXL-src,0.2426056666370931,0.0,0.0
zhen23,02,0.02,False,mtme_CometKiwi-src,0.27994127141627145,0.0,0.0
zhen23,02,0.02,False,mtme_GEMBA-MQM-src,0.37821228956975994,0.0,0.0
zhen23,02,0.02,False,mtme_KG-BERTScore-src,0.2669530307766881,0.0,0.0
zhen23,02,0.02,False,mtme_MEE4-refA,0.01419260926906366,0.0,0.0
zhen23,02,0.02,False,mtme_MS-COMET-QE-22-src,0.18183536723873223,0.0,0.0
zhen23,02,0.02,False,mtme_MaTESe-refA,0.23540953677569698,0.0,0.0
zhen23,02,0.02,False,mtme_MetricX-23-QE-b-src,0.47184857031284827,0.0,0.0
zhen23,02,0.02,False,mtme_MetricX-23-QE-c-src,0.4490334317732908,0.0,0.0
zhen23,02,0.02,False,mtme_MetricX-23-QE-src,0.44841786798734573,0.0,0.0
zhen23,02,0.02,False,mtme_MetricX-23-b-refA,0.24399094571292723,0.0,0.0
zhen23,02,0.02,False,mtme_MetricX-23-c-refA,0.3141919608982631,0.0,0.0
zhen23,02,0.02,False,mtme_MetricX-23-refA,0.24519060040524668,0.0,0.0
zhen23,02,0.02,False,mtme_XCOMET-Ensemble-refA,0.381788970672465,0.0,0.0
zhen23,02,0.02,False,mtme_XCOMET-QE-Ensemble-src,0.45842664357605434,0.0,0.0
zhen23,02,0.02,False,mtme_XCOMET-XL-refA,0.31202980561513227,0.0,0.0
zhen23,02,0.02,False,mtme_XCOMET-XXL-refA,0.34847313085984544,0.0,0.0
zhen23,02,0.02,False,mtme_XLsim-refA,-0.021373448119424134,0.0,0.0
zhen23,02,0.02,False,mtme_YiSi-1-refA,-0.02051036833956993,0.0,0.0
zhen23,02,0.02,False,mtme_chrF-refA,-0.004324039418807171,0.0,0.0
zhen23,02,0.02,False,mtme_cometoid22-wmt21-src,0.22759441861614,0.0,0.0
zhen23,02,0.02,False,mtme_cometoid22-wmt22-src,0.23273224224435018,0.0,0.0
zhen23,02,0.02,False,mtme_cometoid22-wmt23-src,0.2375350572238436,0.0,0.0
zhen23,02,0.02,False,mtme_docWMT22CometDA-refA,0.10207880867316872,0.0,0.0
zhen23,02,0.02,False,mtme_docWMT22CometKiwiDA-src,0.19713690372178705,0.0,0.0
zhen23,02,0.02,False,mtme_eBLEU-refA,0.04685154738646505,0.0,0.0
zhen23,02,0.02,False,mtme_embed_llama-refA,0.019492689196796684,0.0,0.0
zhen23,02,0.02,False,mtme_f200spBLEU-refA,0.0016326529546580367,0.0,0.0
zhen23,02,0.02,False,mtme_instructscore-refA,0.09195899480554459,0.0,0.0
zhen23,02,0.02,False,mtme_mbr-metricx-qe-src,0.28392648189106606,0.0,0.0
zhen23,02,0.02,False,mtme_mre-score-labse-regular-refA,0.0951072959090146,0.0,0.0
zhen23,02,0.02,False,mtme_prismRef-refA,-0.012334627006210706,0.0,0.0
zhen23,02,0.02,False,mtme_prismSrc-src,0.03595471936827485,0.0,0.0
zhen23,02,0.02,False,mtme_sescoreX-refA,-0.0029023376505588074,0.0,0.0
zhen23,02,0.02,False,mtme_tokengram_F-refA,0.0021053104491099536,0.0,0.0
zhen23,03,0.01,False,mtme_BERTscore-refA,-0.05236856925259875,0.0,0.0
zhen23,03,0.01,False,mtme_BLEU-refA,-0.005564084265369108,0.0,0.0
zhen23,03,0.01,False,mtme_BLEURT-20-refA,0.08112338323652951,0.0,0.0
zhen23,03,0.01,False,mtme_COMET-refA,0.12866436126181185,0.0,0.0
zhen23,03,0.01,False,mtme_Calibri-COMET22-QE-src,0.24415106488418103,0.0,0.0
zhen23,03,0.01,False,mtme_Calibri-COMET22-refA,0.12884716405963179,0.0,0.0
zhen23,03,0.01,False,mtme_CometKiwi-XL-src,0.26027015626743205,0.0,0.0
zhen23,03,0.01,False,mtme_CometKiwi-XXL-src,0.2548281392179897,0.0,0.0
zhen23,03,0.01,False,mtme_CometKiwi-src,0.2828389309847027,0.0,0.0
zhen23,03,0.01,False,mtme_GEMBA-MQM-src,0.3563704345092563,0.0,0.0
zhen23,03,0.01,False,mtme_KG-BERTScore-src,0.26595529624264325,0.0,0.0
zhen23,03,0.01,False,mtme_MEE4-refA,0.010620915295614389,0.0,0.0
zhen23,03,0.01,False,mtme_MS-COMET-QE-22-src,0.20246794928615477,0.0,0.0
zhen23,03,0.01,False,mtme_MaTESe-refA,0.2328121633282858,0.0,0.0
zhen23,03,0.01,False,mtme_MetricX-23-QE-b-src,0.5035689895257254,0.0,0.0
zhen23,03,0.01,False,mtme_MetricX-23-QE-c-src,0.46528991712551565,0.0,0.0
zhen23,03,0.01,False,mtme_MetricX-23-QE-src,0.4834194529362694,0.0,0.0
zhen23,03,0.01,False,mtme_MetricX-23-b-refA,0.2635468652340712,0.0,0.0
zhen23,03,0.01,False,mtme_MetricX-23-c-refA,0.3186501240613655,0.0,0.0
zhen23,03,0.01,False,mtme_MetricX-23-refA,0.25432510819199194,0.0,0.0
zhen23,03,0.01,False,mtme_XCOMET-Ensemble-refA,0.3862592599188348,0.0,0.0
zhen23,03,0.01,False,mtme_XCOMET-QE-Ensemble-src,0.4957217287814145,0.0,0.0
zhen23,03,0.01,False,mtme_XCOMET-XL-refA,0.287460505838693,0.0,0.0
zhen23,03,0.01,False,mtme_XCOMET-XXL-refA,0.38195977957478805,0.0,0.0
zhen23,03,0.01,False,mtme_XLsim-refA,-0.022078617208222767,0.0,0.0
zhen23,03,0.01,False,mtme_YiSi-1-refA,-0.04232123334587559,0.0,0.0
zhen23,03,0.01,False,mtme_chrF-refA,-0.01380109449596388,0.0,0.0
zhen23,03,0.01,False,mtme_cometoid22-wmt21-src,0.24096564619178146,0.0,0.0
zhen23,03,0.01,False,mtme_cometoid22-wmt22-src,0.23153259022728498,0.0,0.0
zhen23,03,0.01,False,mtme_cometoid22-wmt23-src,0.2427464745189589,0.0,0.0
zhen23,03,0.01,False,mtme_docWMT22CometDA-refA,0.1066695999935833,0.0,0.0
zhen23,03,0.01,False,mtme_docWMT22CometKiwiDA-src,0.1654421198486371,0.0,0.0
zhen23,03,0.01,False,mtme_eBLEU-refA,0.04181619529429555,0.0,0.0
zhen23,03,0.01,False,mtme_embed_llama-refA,0.02143569043588333,0.0,0.0
zhen23,03,0.01,False,mtme_f200spBLEU-refA,0.008935028328465856,0.0,0.0
zhen23,03,0.01,False,mtme_instructscore-refA,0.07179671767256748,0.0,0.0
zhen23,03,0.01,False,mtme_mbr-metricx-qe-src,0.29482353503318703,0.0,0.0
zhen23,03,0.01,False,mtme_mre-score-labse-regular-refA,0.08712433885639295,0.0,0.0
zhen23,03,0.01,False,mtme_prismRef-refA,-0.020340145497419235,0.0,0.0
zhen23,03,0.01,False,mtme_prismSrc-src,0.028510279507271707,0.0,0.0
zhen23,03,0.01,False,mtme_sescoreX-refA,-0.0032128544726161166,0.0,0.0
zhen23,03,0.01,False,mtme_tokengram_F-refA,-0.005311154676581401,0.0,0.0
zhen23,03,0.02,False,mtme_BERTscore-refA,-0.05236856925259875,0.0,0.0
zhen23,03,0.02,False,mtme_BLEU-refA,-0.005564084265369108,0.0,0.0
zhen23,03,0.02,False,mtme_BLEURT-20-refA,0.08112338323652951,0.0,0.0
zhen23,03,0.02,False,mtme_COMET-refA,0.12866436126181185,0.0,0.0
zhen23,03,0.02,False,mtme_Calibri-COMET22-QE-src,0.24415106488418103,0.0,0.0
zhen23,03,0.02,False,mtme_Calibri-COMET22-refA,0.12884716405963179,0.0,0.0
zhen23,03,0.02,False,mtme_CometKiwi-XL-src,0.26027015626743205,0.0,0.0
zhen23,03,0.02,False,mtme_CometKiwi-XXL-src,0.2548281392179897,0.0,0.0
zhen23,03,0.02,False,mtme_CometKiwi-src,0.2828389309847027,0.0,0.0
zhen23,03,0.02,False,mtme_GEMBA-MQM-src,0.3563704345092563,0.0,0.0
zhen23,03,0.02,False,mtme_KG-BERTScore-src,0.26595529624264325,0.0,0.0
zhen23,03,0.02,False,mtme_MEE4-refA,0.010620915295614389,0.0,0.0
zhen23,03,0.02,False,mtme_MS-COMET-QE-22-src,0.20246794928615477,0.0,0.0
zhen23,03,0.02,False,mtme_MaTESe-refA,0.2328121633282858,0.0,0.0
zhen23,03,0.02,False,mtme_MetricX-23-QE-b-src,0.5035689895257254,0.0,0.0
zhen23,03,0.02,False,mtme_MetricX-23-QE-c-src,0.46528991712551565,0.0,0.0
zhen23,03,0.02,False,mtme_MetricX-23-QE-src,0.4834194529362694,0.0,0.0
zhen23,03,0.02,False,mtme_MetricX-23-b-refA,0.2635468652340712,0.0,0.0
zhen23,03,0.02,False,mtme_MetricX-23-c-refA,0.3186501240613655,0.0,0.0
zhen23,03,0.02,False,mtme_MetricX-23-refA,0.25432510819199194,0.0,0.0
zhen23,03,0.02,False,mtme_XCOMET-Ensemble-refA,0.3862592599188348,0.0,0.0
zhen23,03,0.02,False,mtme_XCOMET-QE-Ensemble-src,0.4957217287814145,0.0,0.0
zhen23,03,0.02,False,mtme_XCOMET-XL-refA,0.287460505838693,0.0,0.0
zhen23,03,0.02,False,mtme_XCOMET-XXL-refA,0.38195977957478805,0.0,0.0
zhen23,03,0.02,False,mtme_XLsim-refA,-0.022078617208222767,0.0,0.0
zhen23,03,0.02,False,mtme_YiSi-1-refA,-0.04232123334587559,0.0,0.0
zhen23,03,0.02,False,mtme_chrF-refA,-0.01380109449596388,0.0,0.0
zhen23,03,0.02,False,mtme_cometoid22-wmt21-src,0.24096564619178146,0.0,0.0
zhen23,03,0.02,False,mtme_cometoid22-wmt22-src,0.23153259022728498,0.0,0.0
zhen23,03,0.02,False,mtme_cometoid22-wmt23-src,0.2427464745189589,0.0,0.0
zhen23,03,0.02,False,mtme_docWMT22CometDA-refA,0.1066695999935833,0.0,0.0
zhen23,03,0.02,False,mtme_docWMT22CometKiwiDA-src,0.1654421198486371,0.0,0.0
zhen23,03,0.02,False,mtme_eBLEU-refA,0.04181619529429555,0.0,0.0
zhen23,03,0.02,False,mtme_embed_llama-refA,0.02143569043588333,0.0,0.0
zhen23,03,0.02,False,mtme_f200spBLEU-refA,0.008935028328465856,0.0,0.0
zhen23,03,0.02,False,mtme_instructscore-refA,0.07179671767256748,0.0,0.0
zhen23,03,0.02,False,mtme_mbr-metricx-qe-src,0.29482353503318703,0.0,0.0
zhen23,03,0.02,False,mtme_mre-score-labse-regular-refA,0.08712433885639295,0.0,0.0
zhen23,03,0.02,False,mtme_prismRef-refA,-0.020340145497419235,0.0,0.0
zhen23,03,0.02,False,mtme_prismSrc-src,0.028510279507271707,0.0,0.0
zhen23,03,0.02,False,mtme_sescoreX-refA,-0.0032128544726161166,0.0,0.0
zhen23,03,0.02,False,mtme_tokengram_F-refA,-0.005311154676581401,0.0,0.0
zhen23,04,0.01,False,mtme_BERTscore-refA,-0.06255598660068246,0.0,0.0
zhen23,04,0.01,False,mtme_BLEU-refA,-0.01388288520424992,0.0,0.0
zhen23,04,0.01,False,mtme_BLEURT-20-refA,0.04905740184448881,0.0,0.0
zhen23,04,0.01,False,mtme_COMET-refA,0.08828387543164579,0.0,0.0
zhen23,04,0.01,False,mtme_Calibri-COMET22-QE-src,0.20163388456807238,0.0,0.0
zhen23,04,0.01,False,mtme_Calibri-COMET22-refA,0.07211626420728491,0.0,0.0
zhen23,04,0.01,False,mtme_CometKiwi-XL-src,0.20852790031817503,0.0,0.0
zhen23,04,0.01,False,mtme_CometKiwi-XXL-src,0.2104975133302065,0.0,0.0
zhen23,04,0.01,False,mtme_CometKiwi-src,0.2195631574244041,0.0,0.0
zhen23,04,0.01,False,mtme_GEMBA-MQM-src,0.3429859945321033,0.0,0.0
zhen23,04,0.01,False,mtme_KG-BERTScore-src,0.20145116495978607,0.0,0.0
zhen23,04,0.01,False,mtme_MEE4-refA,0.015606859033836781,0.0,0.0
zhen23,04,0.01,False,mtme_MS-COMET-QE-22-src,0.14453482394434009,0.0,0.0
zhen23,04,0.01,False,mtme_MaTESe-refA,0.20337745317364359,0.0,0.0
zhen23,04,0.01,False,mtme_MetricX-23-QE-b-src,0.4621957031706121,0.0,0.0
zhen23,04,0.01,False,mtme_MetricX-23-QE-c-src,0.4367842830477829,0.0,0.0
zhen23,04,0.01,False,mtme_MetricX-23-QE-src,0.44909942316595836,0.0,0.0
zhen23,04,0.01,False,mtme_MetricX-23-b-refA,0.24058994163230235,0.0,0.0
zhen23,04,0.01,False,mtme_MetricX-23-c-refA,0.30002221490077197,0.0,0.0
zhen23,04,0.01,False,mtme_MetricX-23-refA,0.2503620275607029,0.0,0.0
zhen23,04,0.01,False,mtme_XCOMET-Ensemble-refA,0.3590767202117192,0.0,0.0
zhen23,04,0.01,False,mtme_XCOMET-QE-Ensemble-src,0.43275506679172476,0.0,0.0
zhen23,04,0.01,False,mtme_XCOMET-XL-refA,0.28044871500961466,0.0,0.0
zhen23,04,0.01,False,mtme_XCOMET-XXL-refA,0.33340463260208225,0.0,0.0
zhen23,04,0.01,False,mtme_XLsim-refA,-0.028989273017773813,0.0,0.0
zhen23,04,0.01,False,mtme_YiSi-1-refA,-0.05283640555315537,0.0,0.0
zhen23,04,0.01,False,mtme_chrF-refA,-0.03737912052632378,0.0,0.0
zhen23,04,0.01,False,mtme_cometoid22-wmt21-src,0.17670338447460288,0.0,0.0
zhen23,04,0.01,False,mtme_cometoid22-wmt22-src,0.197167929320693,0.0,0.0
zhen23,04,0.01,False,mtme_cometoid22-wmt23-src,0.19778727860786555,0.0,0.0
zhen23,04,0.01,False,mtme_docWMT22CometDA-refA,0.06174449036619139,0.0,0.0
zhen23,04,0.01,False,mtme_docWMT22CometKiwiDA-src,0.12911460842235745,0.0,0.0
zhen23,04,0.01,False,mtme_eBLEU-refA,0.04005718145693552,0.0,0.0
zhen23,04,0.01,False,mtme_embed_llama-refA,0.0326990658979642,0.0,0.0
zhen23,04,0.01,False,mtme_f200spBLEU-refA,-0.016639920876750976,0.0,0.0
zhen23,04,0.01,False,mtme_instructscore-refA,0.055222198474284,0.0,0.0
zhen23,04,0.01,False,mtme_mbr-metricx-qe-src,0.23958500204574532,0.0,0.0
zhen23,04,0.01,False,mtme_mre-score-labse-regular-refA,0.06999647765636927,0.0,0.0
zhen23,04,0.01,False,mtme_prismRef-refA,-0.039545881541518765,0.0,0.0
zhen23,04,0.01,False,mtme_prismSrc-src,0.007858148209443267,0.0,0.0
zhen23,04,0.01,False,mtme_sescoreX-refA,-0.025329429957039833,0.0,0.0
zhen23,04,0.01,False,mtme_tokengram_F-refA,-0.03248148330142079,0.0,0.0
zhen23,04,0.02,False,mtme_BERTscore-refA,-0.06255598660068246,0.0,0.0
zhen23,04,0.02,False,mtme_BLEU-refA,-0.01388288520424992,0.0,0.0
zhen23,04,0.02,False,mtme_BLEURT-20-refA,0.04905740184448881,0.0,0.0
zhen23,04,0.02,False,mtme_COMET-refA,0.08828387543164579,0.0,0.0
zhen23,04,0.02,False,mtme_Calibri-COMET22-QE-src,0.20163388456807238,0.0,0.0
zhen23,04,0.02,False,mtme_Calibri-COMET22-refA,0.07211626420728491,0.0,0.0
zhen23,04,0.02,False,mtme_CometKiwi-XL-src,0.20852790031817503,0.0,0.0
zhen23,04,0.02,False,mtme_CometKiwi-XXL-src,0.2104975133302065,0.0,0.0
zhen23,04,0.02,False,mtme_CometKiwi-src,0.2195631574244041,0.0,0.0
zhen23,04,0.02,False,mtme_GEMBA-MQM-src,0.3429859945321033,0.0,0.0
zhen23,04,0.02,False,mtme_KG-BERTScore-src,0.20145116495978607,0.0,0.0
zhen23,04,0.02,False,mtme_MEE4-refA,0.015606859033836781,0.0,0.0
zhen23,04,0.02,False,mtme_MS-COMET-QE-22-src,0.14453482394434009,0.0,0.0
zhen23,04,0.02,False,mtme_MaTESe-refA,0.20337745317364359,0.0,0.0
zhen23,04,0.02,False,mtme_MetricX-23-QE-b-src,0.4621957031706121,0.0,0.0
zhen23,04,0.02,False,mtme_MetricX-23-QE-c-src,0.4367842830477829,0.0,0.0
zhen23,04,0.02,False,mtme_MetricX-23-QE-src,0.44909942316595836,0.0,0.0
zhen23,04,0.02,False,mtme_MetricX-23-b-refA,0.24058994163230235,0.0,0.0
zhen23,04,0.02,False,mtme_MetricX-23-c-refA,0.30002221490077197,0.0,0.0
zhen23,04,0.02,False,mtme_MetricX-23-refA,0.2503620275607029,0.0,0.0
zhen23,04,0.02,False,mtme_XCOMET-Ensemble-refA,0.3590767202117192,0.0,0.0
zhen23,04,0.02,False,mtme_XCOMET-QE-Ensemble-src,0.43275506679172476,0.0,0.0
zhen23,04,0.02,False,mtme_XCOMET-XL-refA,0.28044871500961466,0.0,0.0
zhen23,04,0.02,False,mtme_XCOMET-XXL-refA,0.33340463260208225,0.0,0.0
zhen23,04,0.02,False,mtme_XLsim-refA,-0.028989273017773813,0.0,0.0
zhen23,04,0.02,False,mtme_YiSi-1-refA,-0.05283640555315537,0.0,0.0
zhen23,04,0.02,False,mtme_chrF-refA,-0.03737912052632378,0.0,0.0
zhen23,04,0.02,False,mtme_cometoid22-wmt21-src,0.17670338447460288,0.0,0.0
zhen23,04,0.02,False,mtme_cometoid22-wmt22-src,0.197167929320693,0.0,0.0
zhen23,04,0.02,False,mtme_cometoid22-wmt23-src,0.19778727860786555,0.0,0.0
zhen23,04,0.02,False,mtme_docWMT22CometDA-refA,0.06174449036619139,0.0,0.0
zhen23,04,0.02,False,mtme_docWMT22CometKiwiDA-src,0.12911460842235745,0.0,0.0
zhen23,04,0.02,False,mtme_eBLEU-refA,0.04005718145693552,0.0,0.0
zhen23,04,0.02,False,mtme_embed_llama-refA,0.0326990658979642,0.0,0.0
zhen23,04,0.02,False,mtme_f200spBLEU-refA,-0.016639920876750976,0.0,0.0
zhen23,04,0.02,False,mtme_instructscore-refA,0.055222198474284,0.0,0.0
zhen23,04,0.02,False,mtme_mbr-metricx-qe-src,0.23958500204574532,0.0,0.0
zhen23,04,0.02,False,mtme_mre-score-labse-regular-refA,0.06999647765636927,0.0,0.0
zhen23,04,0.02,False,mtme_prismRef-refA,-0.039545881541518765,0.0,0.0
zhen23,04,0.02,False,mtme_prismSrc-src,0.007858148209443267,0.0,0.0
zhen23,04,0.02,False,mtme_sescoreX-refA,-0.025329429957039833,0.0,0.0
zhen23,04,0.02,False,mtme_tokengram_F-refA,-0.03248148330142079,0.0,0.0
zhen23,05,0.01,False,mtme_BERTscore-refA,0.05489254987177777,0.0,0.0
zhen23,05,0.01,False,mtme_BLEU-refA,0.0025898028280874376,0.0,0.0
zhen23,05,0.01,False,mtme_BLEURT-20-refA,0.2200195007994657,0.0,0.0
zhen23,05,0.01,False,mtme_COMET-refA,0.214016934916041,0.0,0.0
zhen23,05,0.01,False,mtme_Calibri-COMET22-QE-src,0.16851316251821152,0.0,0.0
zhen23,05,0.01,False,mtme_Calibri-COMET22-refA,0.14181903205676863,0.0,0.0
zhen23,05,0.01,False,mtme_CometKiwi-XL-src,0.23029178926909527,0.0,0.0
zhen23,05,0.01,False,mtme_CometKiwi-XXL-src,0.23017014744171257,0.0,0.0
zhen23,05,0.01,False,mtme_CometKiwi-src,0.25562683285126425,0.0,0.0
zhen23,05,0.01,False,mtme_GEMBA-MQM-src,0.3698118773955329,0.0,0.0
zhen23,05,0.01,False,mtme_KG-BERTScore-src,0.22174767374520535,0.0,0.0
zhen23,05,0.01,False,mtme_MEE4-refA,0.02159547218099837,0.0,0.0
zhen23,05,0.01,False,mtme_MS-COMET-QE-22-src,0.2485600019810007,0.0,0.0
zhen23,05,0.01,False,mtme_MaTESe-refA,0.33170489671869646,0.0,0.0
zhen23,05,0.01,False,mtme_MetricX-23-QE-b-src,0.5348366426970625,0.0,0.0
zhen23,05,0.01,False,mtme_MetricX-23-QE-c-src,0.4531039768265065,0.0,0.0
zhen23,05,0.01,False,mtme_MetricX-23-QE-src,0.5157673752173584,0.0,0.0
zhen23,05,0.01,False,mtme_MetricX-23-b-refA,0.49936531572606657,0.0,0.0
zhen23,05,0.01,False,mtme_MetricX-23-c-refA,0.3008301525078958,0.0,0.0
zhen23,05,0.01,False,mtme_MetricX-23-refA,0.48938643002443705,0.0,0.0
zhen23,05,0.01,False,mtme_XCOMET-Ensemble-refA,0.4749695880761046,0.0,0.0
zhen23,05,0.01,False,mtme_XCOMET-QE-Ensemble-src,0.4713225755933978,0.0,0.0
zhen23,05,0.01,False,mtme_XCOMET-XL-refA,0.46690684450473313,0.0,0.0
zhen23,05,0.01,False,mtme_XCOMET-XXL-refA,0.4493142909351927,0.0,0.0
zhen23,05,0.01,False,mtme_XLsim-refA,-0.053745572720573905,0.0,0.0
zhen23,05,0.01,False,mtme_YiSi-1-refA,0.06358254040626492,0.0,0.0
zhen23,05,0.01,False,mtme_chrF-refA,0.0009531757203965337,0.0,0.0
zhen23,05,0.01,False,mtme_cometoid22-wmt21-src,0.25920013704102335,0.0,0.0
zhen23,05,0.01,False,mtme_cometoid22-wmt22-src,0.3044427279245837,0.0,0.0
zhen23,05,0.01,False,mtme_cometoid22-wmt23-src,0.2545048531901037,0.0,0.0
zhen23,05,0.01,False,mtme_docWMT22CometDA-refA,0.16298336793957457,0.0,0.0
zhen23,05,0.01,False,mtme_docWMT22CometKiwiDA-src,0.18800692333798957,0.0,0.0
zhen23,05,0.01,False,mtme_eBLEU-refA,0.02521095435886301,0.0,0.0
zhen23,05,0.01,False,mtme_embed_llama-refA,0.044767236280108674,0.0,0.0
zhen23,05,0.01,False,mtme_f200spBLEU-refA,0.011340136866464887,0.0,0.0
zhen23,05,0.01,False,mtme_instructscore-refA,0.29621822427670275,0.0,0.0
zhen23,05,0.01,False,mtme_mbr-metricx-qe-src,0.38553324224438806,0.0,0.0
zhen23,05,0.01,False,mtme_mre-score-labse-regular-refA,0.05995952767681939,0.0,0.0
zhen23,05,0.01,False,mtme_prismRef-refA,0.09182723552309864,0.0,0.0
zhen23,05,0.01,False,mtme_prismSrc-src,-0.022584533241432662,0.0,0.0
zhen23,05,0.01,False,mtme_sescoreX-refA,0.20288636002915061,0.0,0.0
zhen23,05,0.01,False,mtme_tokengram_F-refA,0.0029678629385931888,0.0,0.0
zhen23,05,0.02,False,mtme_BERTscore-refA,0.05489254987177777,0.0,0.0
zhen23,05,0.02,False,mtme_BLEU-refA,0.0025898028280874376,0.0,0.0
zhen23,05,0.02,False,mtme_BLEURT-20-refA,0.2200195007994657,0.0,0.0
zhen23,05,0.02,False,mtme_COMET-refA,0.214016934916041,0.0,0.0
zhen23,05,0.02,False,mtme_Calibri-COMET22-QE-src,0.16851316251821152,0.0,0.0
zhen23,05,0.02,False,mtme_Calibri-COMET22-refA,0.14181903205676863,0.0,0.0
zhen23,05,0.02,False,mtme_CometKiwi-XL-src,0.23029178926909527,0.0,0.0
zhen23,05,0.02,False,mtme_CometKiwi-XXL-src,0.23017014744171257,0.0,0.0
zhen23,05,0.02,False,mtme_CometKiwi-src,0.25562683285126425,0.0,0.0
zhen23,05,0.02,False,mtme_GEMBA-MQM-src,0.3698118773955329,0.0,0.0
zhen23,05,0.02,False,mtme_KG-BERTScore-src,0.22174767374520535,0.0,0.0
zhen23,05,0.02,False,mtme_MEE4-refA,0.02159547218099837,0.0,0.0
zhen23,05,0.02,False,mtme_MS-COMET-QE-22-src,0.2485600019810007,0.0,0.0
zhen23,05,0.02,False,mtme_MaTESe-refA,0.33170489671869646,0.0,0.0
zhen23,05,0.02,False,mtme_MetricX-23-QE-b-src,0.5348366426970625,0.0,0.0
zhen23,05,0.02,False,mtme_MetricX-23-QE-c-src,0.4531039768265065,0.0,0.0
zhen23,05,0.02,False,mtme_MetricX-23-QE-src,0.5157673752173584,0.0,0.0
zhen23,05,0.02,False,mtme_MetricX-23-b-refA,0.49936531572606657,0.0,0.0
zhen23,05,0.02,False,mtme_MetricX-23-c-refA,0.3008301525078958,0.0,0.0
zhen23,05,0.02,False,mtme_MetricX-23-refA,0.48938643002443705,0.0,0.0
zhen23,05,0.02,False,mtme_XCOMET-Ensemble-refA,0.4749695880761046,0.0,0.0
zhen23,05,0.02,False,mtme_XCOMET-QE-Ensemble-src,0.4713225755933978,0.0,0.0
zhen23,05,0.02,False,mtme_XCOMET-XL-refA,0.46690684450473313,0.0,0.0
zhen23,05,0.02,False,mtme_XCOMET-XXL-refA,0.4493142909351927,0.0,0.0
zhen23,05,0.02,False,mtme_XLsim-refA,-0.053745572720573905,0.0,0.0
zhen23,05,0.02,False,mtme_YiSi-1-refA,0.06358254040626492,0.0,0.0
zhen23,05,0.02,False,mtme_chrF-refA,0.0009531757203965337,0.0,0.0
zhen23,05,0.02,False,mtme_cometoid22-wmt21-src,0.25920013704102335,0.0,0.0
zhen23,05,0.02,False,mtme_cometoid22-wmt22-src,0.3044427279245837,0.0,0.0
zhen23,05,0.02,False,mtme_cometoid22-wmt23-src,0.2545048531901037,0.0,0.0
zhen23,05,0.02,False,mtme_docWMT22CometDA-refA,0.16298336793957457,0.0,0.0
zhen23,05,0.02,False,mtme_docWMT22CometKiwiDA-src,0.18800692333798957,0.0,0.0
zhen23,05,0.02,False,mtme_eBLEU-refA,0.02521095435886301,0.0,0.0
zhen23,05,0.02,False,mtme_embed_llama-refA,0.044767236280108674,0.0,0.0
zhen23,05,0.02,False,mtme_f200spBLEU-refA,0.011340136866464887,0.0,0.0
zhen23,05,0.02,False,mtme_instructscore-refA,0.29621822427670275,0.0,0.0
zhen23,05,0.02,False,mtme_mbr-metricx-qe-src,0.38553324224438806,0.0,0.0
zhen23,05,0.02,False,mtme_mre-score-labse-regular-refA,0.05995952767681939,0.0,0.0
zhen23,05,0.02,False,mtme_prismRef-refA,0.09182723552309864,0.0,0.0
zhen23,05,0.02,False,mtme_prismSrc-src,-0.022584533241432662,0.0,0.0
zhen23,05,0.02,False,mtme_sescoreX-refA,0.20288636002915061,0.0,0.0
zhen23,05,0.02,False,mtme_tokengram_F-refA,0.0029678629385931888,0.0,0.0
zhen23,12,0.01,False,mtme_BERTscore-refA,-0.020357378075367614,0.0,0.0
zhen23,12,0.01,False,mtme_BLEU-refA,-0.008517019016628297,0.0,0.0
zhen23,12,0.01,False,mtme_BLEURT-20-refA,0.0746985995311169,0.0,0.0
zhen23,12,0.01,False,mtme_COMET-refA,0.11844118970259182,0.0,0.0
zhen23,12,0.01,False,mtme_Calibri-COMET22-QE-src,0.25198010393390347,0.0,0.0
zhen23,12,0.01,False,mtme_Calibri-COMET22-refA,0.10819142110857835,0.0,0.0
zhen23,12,0.01,False,mtme_CometKiwi-XL-src,0.24184429427166806,0.0,0.0
zhen23,12,0.01,False,mtme_CometKiwi-XXL-src,0.19383804584804765,0.0,0.0
zhen23,12,0.01,False,mtme_CometKiwi-src,0.2910040612865219,0.0,0.0
zhen23,12,0.01,False,mtme_GEMBA-MQM-src,0.35084369715652,0.0,0.0
zhen23,12,0.01,False,mtme_KG-BERTScore-src,0.26961414053651517,0.0,0.0
zhen23,12,0.01,False,mtme_MEE4-refA,0.020409379420354777,0.0,0.0
zhen23,12,0.01,False,mtme_MS-COMET-QE-22-src,0.17768668215220845,0.0,0.0
zhen23,12,0.01,False,mtme_MaTESe-refA,0.25352063807308944,0.0,0.0
zhen23,12,0.01,False,mtme_MetricX-23-QE-b-src,0.43409948561492584,0.0,0.0
zhen23,12,0.01,False,mtme_MetricX-23-QE-c-src,0.39159401363062374,0.0,0.0
zhen23,12,0.01,False,mtme_MetricX-23-QE-src,0.4002881744968181,0.0,0.0
zhen23,12,0.01,False,mtme_MetricX-23-b-refA,0.2578342407300631,0.0,0.0
zhen23,12,0.01,False,mtme_MetricX-23-c-refA,0.28830926873039464,0.0,0.0
zhen23,12,0.01,False,mtme_MetricX-23-refA,0.24774879394747584,0.0,0.0
zhen23,12,0.01,False,mtme_XCOMET-Ensemble-refA,0.34929332462331375,0.0,0.0
zhen23,12,0.01,False,mtme_XCOMET-QE-Ensemble-src,0.4102787375725656,0.0,0.0
zhen23,12,0.01,False,mtme_XCOMET-XL-refA,0.29780245346164574,0.0,0.0
zhen23,12,0.01,False,mtme_XCOMET-XXL-refA,0.3226925057988208,0.0,0.0
zhen23,12,0.01,False,mtme_XLsim-refA,-0.03031652548456481,0.0,0.0
zhen23,12,0.01,False,mtme_YiSi-1-refA,-0.016799292627870183,0.0,0.0
zhen23,12,0.01,False,mtme_chrF-refA,-0.013990266763725574,0.0,0.0
zhen23,12,0.01,False,mtme_cometoid22-wmt21-src,0.22339860604069975,0.0,0.0
zhen23,12,0.01,False,mtme_cometoid22-wmt22-src,0.2326436776115679,0.0,0.0
zhen23,12,0.01,False,mtme_cometoid22-wmt23-src,0.23222747055107948,0.0,0.0
zhen23,12,0.01,False,mtme_docWMT22CometDA-refA,0.1006786876906974,0.0,0.0
zhen23,12,0.01,False,mtme_docWMT22CometKiwiDA-src,0.20857205287638728,0.0,0.0
zhen23,12,0.01,False,mtme_eBLEU-refA,0.04364536592071853,0.0,0.0
zhen23,12,0.01,False,mtme_embed_llama-refA,0.03882520586461591,0.0,0.0
zhen23,12,0.01,False,mtme_f200spBLEU-refA,-0.028681581477912877,0.0,0.0
zhen23,12,0.01,False,mtme_instructscore-refA,0.11386987794223845,0.0,0.0
zhen23,12,0.01,False,mtme_mbr-metricx-qe-src,0.29145403088951727,0.0,0.0
zhen23,12,0.01,False,mtme_mre-score-labse-regular-refA,0.07395733504794882,0.0,0.0
zhen23,12,0.01,False,mtme_prismRef-refA,0.012591787933602928,0.0,0.0
zhen23,12,0.01,False,mtme_prismSrc-src,0.008773230088484515,0.0,0.0
zhen23,12,0.01,False,mtme_sescoreX-refA,-0.007777316725594993,0.0,0.0
zhen23,12,0.01,False,mtme_tokengram_F-refA,-0.011523402551965474,0.0,0.0
zhen23,12,0.02,False,mtme_BERTscore-refA,-0.020357378075367614,0.0,0.0
zhen23,12,0.02,False,mtme_BLEU-refA,-0.008517019016628297,0.0,0.0
zhen23,12,0.02,False,mtme_BLEURT-20-refA,0.0746985995311169,0.0,0.0
zhen23,12,0.02,False,mtme_COMET-refA,0.11844118970259182,0.0,0.0
zhen23,12,0.02,False,mtme_Calibri-COMET22-QE-src,0.25198010393390347,0.0,0.0
zhen23,12,0.02,False,mtme_Calibri-COMET22-refA,0.10819142110857835,0.0,0.0
zhen23,12,0.02,False,mtme_CometKiwi-XL-src,0.24184429427166806,0.0,0.0
zhen23,12,0.02,False,mtme_CometKiwi-XXL-src,0.19383804584804765,0.0,0.0
zhen23,12,0.02,False,mtme_CometKiwi-src,0.2910040612865219,0.0,0.0
zhen23,12,0.02,False,mtme_GEMBA-MQM-src,0.35084369715652,0.0,0.0
zhen23,12,0.02,False,mtme_KG-BERTScore-src,0.26961414053651517,0.0,0.0
zhen23,12,0.02,False,mtme_MEE4-refA,0.020409379420354777,0.0,0.0
zhen23,12,0.02,False,mtme_MS-COMET-QE-22-src,0.17768668215220845,0.0,0.0
zhen23,12,0.02,False,mtme_MaTESe-refA,0.25352063807308944,0.0,0.0
zhen23,12,0.02,False,mtme_MetricX-23-QE-b-src,0.43409948561492584,0.0,0.0
zhen23,12,0.02,False,mtme_MetricX-23-QE-c-src,0.39159401363062374,0.0,0.0
zhen23,12,0.02,False,mtme_MetricX-23-QE-src,0.4002881744968181,0.0,0.0
zhen23,12,0.02,False,mtme_MetricX-23-b-refA,0.2578342407300631,0.0,0.0
zhen23,12,0.02,False,mtme_MetricX-23-c-refA,0.28830926873039464,0.0,0.0
zhen23,12,0.02,False,mtme_MetricX-23-refA,0.24774879394747584,0.0,0.0
zhen23,12,0.02,False,mtme_XCOMET-Ensemble-refA,0.34929332462331375,0.0,0.0
zhen23,12,0.02,False,mtme_XCOMET-QE-Ensemble-src,0.4102787375725656,0.0,0.0
zhen23,12,0.02,False,mtme_XCOMET-XL-refA,0.29780245346164574,0.0,0.0
zhen23,12,0.02,False,mtme_XCOMET-XXL-refA,0.3226925057988208,0.0,0.0
zhen23,12,0.02,False,mtme_XLsim-refA,-0.03031652548456481,0.0,0.0
zhen23,12,0.02,False,mtme_YiSi-1-refA,-0.016799292627870183,0.0,0.0
zhen23,12,0.02,False,mtme_chrF-refA,-0.013990266763725574,0.0,0.0
zhen23,12,0.02,False,mtme_cometoid22-wmt21-src,0.22339860604069975,0.0,0.0
zhen23,12,0.02,False,mtme_cometoid22-wmt22-src,0.2326436776115679,0.0,0.0
zhen23,12,0.02,False,mtme_cometoid22-wmt23-src,0.23222747055107948,0.0,0.0
zhen23,12,0.02,False,mtme_docWMT22CometDA-refA,0.1006786876906974,0.0,0.0
zhen23,12,0.02,False,mtme_docWMT22CometKiwiDA-src,0.20857205287638728,0.0,0.0
zhen23,12,0.02,False,mtme_eBLEU-refA,0.04364536592071853,0.0,0.0
zhen23,12,0.02,False,mtme_embed_llama-refA,0.03882520586461591,0.0,0.0
zhen23,12,0.02,False,mtme_f200spBLEU-refA,-0.028681581477912877,0.0,0.0
zhen23,12,0.02,False,mtme_instructscore-refA,0.11386987794223845,0.0,0.0
zhen23,12,0.02,False,mtme_mbr-metricx-qe-src,0.29145403088951727,0.0,0.0
zhen23,12,0.02,False,mtme_mre-score-labse-regular-refA,0.07395733504794882,0.0,0.0
zhen23,12,0.02,False,mtme_prismRef-refA,0.012591787933602928,0.0,0.0
zhen23,12,0.02,False,mtme_prismSrc-src,0.008773230088484515,0.0,0.0
zhen23,12,0.02,False,mtme_sescoreX-refA,-0.007777316725594993,0.0,0.0
zhen23,12,0.02,False,mtme_tokengram_F-refA,-0.011523402551965474,0.0,0.0
zhen23,13,0.01,False,mtme_BERTscore-refA,-0.028177704424072504,0.0,0.0
zhen23,13,0.01,False,mtme_BLEU-refA,-0.018167211416390945,0.0,0.0
zhen23,13,0.01,False,mtme_BLEURT-20-refA,0.08168232859748868,0.0,0.0
zhen23,13,0.01,False,mtme_COMET-refA,0.11994573785669001,0.0,0.0
zhen23,13,0.01,False,mtme_Calibri-COMET22-QE-src,0.26008384837713494,0.0,0.0
zhen23,13,0.01,False,mtme_Calibri-COMET22-refA,0.0979909662433428,0.0,0.0
zhen23,13,0.01,False,mtme_CometKiwi-XL-src,0.23906316616684287,0.0,0.0
zhen23,13,0.01,False,mtme_CometKiwi-XXL-src,0.1950766425173699,0.0,0.0
zhen23,13,0.01,False,mtme_CometKiwi-src,0.29090210903009783,0.0,0.0
zhen23,13,0.01,False,mtme_GEMBA-MQM-src,0.3229785718388452,0.0,0.0
zhen23,13,0.01,False,mtme_KG-BERTScore-src,0.2677243956571539,0.0,0.0
zhen23,13,0.01,False,mtme_MEE4-refA,0.0115436490164477,0.0,0.0
zhen23,13,0.01,False,mtme_MS-COMET-QE-22-src,0.18574689766108743,0.0,0.0
zhen23,13,0.01,False,mtme_MaTESe-refA,0.25465543737876445,0.0,0.0
zhen23,13,0.01,False,mtme_MetricX-23-QE-b-src,0.4515528548443575,0.0,0.0
zhen23,13,0.01,False,mtme_MetricX-23-QE-c-src,0.40026121482644933,0.0,0.0
zhen23,13,0.01,False,mtme_MetricX-23-QE-src,0.4250784759424773,0.0,0.0
zhen23,13,0.01,False,mtme_MetricX-23-b-refA,0.2594560298939017,0.0,0.0
zhen23,13,0.01,False,mtme_MetricX-23-c-refA,0.2851120883854805,0.0,0.0
zhen23,13,0.01,False,mtme_MetricX-23-refA,0.26734962956615554,0.0,0.0
zhen23,13,0.01,False,mtme_XCOMET-Ensemble-refA,0.3650926515922046,0.0,0.0
zhen23,13,0.01,False,mtme_XCOMET-QE-Ensemble-src,0.4257275062446558,0.0,0.0
zhen23,13,0.01,False,mtme_XCOMET-XL-refA,0.29510234405294816,0.0,0.0
zhen23,13,0.01,False,mtme_XCOMET-XXL-refA,0.34613539524557546,0.0,0.0
zhen23,13,0.01,False,mtme_XLsim-refA,-0.06168422358232089,0.0,0.0
zhen23,13,0.01,False,mtme_YiSi-1-refA,-0.022752525912474585,0.0,0.0
zhen23,13,0.01,False,mtme_chrF-refA,-0.019442448719569263,0.0,0.0
zhen23,13,0.01,False,mtme_cometoid22-wmt21-src,0.2337507621517505,0.0,0.0
zhen23,13,0.01,False,mtme_cometoid22-wmt22-src,0.23971250255876414,0.0,0.0
zhen23,13,0.01,False,mtme_cometoid22-wmt23-src,0.23743908023385552,0.0,0.0
zhen23,13,0.01,False,mtme_docWMT22CometDA-refA,0.10792060457975931,0.0,0.0
zhen23,13,0.01,False,mtme_docWMT22CometKiwiDA-src,0.18934918851059512,0.0,0.0
zhen23,13,0.01,False,mtme_eBLEU-refA,0.033793035261931045,0.0,0.0
zhen23,13,0.01,False,mtme_embed_llama-refA,0.020643270161222492,0.0,0.0
zhen23,13,0.01,False,mtme_f200spBLEU-refA,-0.02624804509140277,0.0,0.0
zhen23,13,0.01,False,mtme_instructscore-refA,0.09495023526824797,0.0,0.0
zhen23,13,0.01,False,mtme_mbr-metricx-qe-src,0.2913846855678921,0.0,0.0
zhen23,13,0.01,False,mtme_mre-score-labse-regular-refA,0.08213568911397405,0.0,0.0
zhen23,13,0.01,False,mtme_prismRef-refA,0.013126193195496481,0.0,0.0
zhen23,13,0.01,False,mtme_prismSrc-src,0.004593064865697457,0.0,0.0
zhen23,13,0.01,False,mtme_sescoreX-refA,-0.00570686220692165,0.0,0.0
zhen23,13,0.01,False,mtme_tokengram_F-refA,-0.013483708825075217,0.0,0.0
zhen23,13,0.02,False,mtme_BERTscore-refA,-0.028177704424072504,0.0,0.0
zhen23,13,0.02,False,mtme_BLEU-refA,-0.018167211416390945,0.0,0.0
zhen23,13,0.02,False,mtme_BLEURT-20-refA,0.08168232859748868,0.0,0.0
zhen23,13,0.02,False,mtme_COMET-refA,0.11994573785669001,0.0,0.0
zhen23,13,0.02,False,mtme_Calibri-COMET22-QE-src,0.26008384837713494,0.0,0.0
zhen23,13,0.02,False,mtme_Calibri-COMET22-refA,0.0979909662433428,0.0,0.0
zhen23,13,0.02,False,mtme_CometKiwi-XL-src,0.23906316616684287,0.0,0.0
zhen23,13,0.02,False,mtme_CometKiwi-XXL-src,0.1950766425173699,0.0,0.0
zhen23,13,0.02,False,mtme_CometKiwi-src,0.29090210903009783,0.0,0.0
zhen23,13,0.02,False,mtme_GEMBA-MQM-src,0.3229785718388452,0.0,0.0
zhen23,13,0.02,False,mtme_KG-BERTScore-src,0.2677243956571539,0.0,0.0
zhen23,13,0.02,False,mtme_MEE4-refA,0.0115436490164477,0.0,0.0
zhen23,13,0.02,False,mtme_MS-COMET-QE-22-src,0.18574689766108743,0.0,0.0
zhen23,13,0.02,False,mtme_MaTESe-refA,0.25465543737876445,0.0,0.0
zhen23,13,0.02,False,mtme_MetricX-23-QE-b-src,0.4515528548443575,0.0,0.0
zhen23,13,0.02,False,mtme_MetricX-23-QE-c-src,0.40026121482644933,0.0,0.0
zhen23,13,0.02,False,mtme_MetricX-23-QE-src,0.4250784759424773,0.0,0.0
zhen23,13,0.02,False,mtme_MetricX-23-b-refA,0.2594560298939017,0.0,0.0
zhen23,13,0.02,False,mtme_MetricX-23-c-refA,0.2851120883854805,0.0,0.0
zhen23,13,0.02,False,mtme_MetricX-23-refA,0.26734962956615554,0.0,0.0
zhen23,13,0.02,False,mtme_XCOMET-Ensemble-refA,0.3650926515922046,0.0,0.0
zhen23,13,0.02,False,mtme_XCOMET-QE-Ensemble-src,0.4257275062446558,0.0,0.0
zhen23,13,0.02,False,mtme_XCOMET-XL-refA,0.29510234405294816,0.0,0.0
zhen23,13,0.02,False,mtme_XCOMET-XXL-refA,0.34613539524557546,0.0,0.0
zhen23,13,0.02,False,mtme_XLsim-refA,-0.06168422358232089,0.0,0.0
zhen23,13,0.02,False,mtme_YiSi-1-refA,-0.022752525912474585,0.0,0.0
zhen23,13,0.02,False,mtme_chrF-refA,-0.019442448719569263,0.0,0.0
zhen23,13,0.02,False,mtme_cometoid22-wmt21-src,0.2337507621517505,0.0,0.0
zhen23,13,0.02,False,mtme_cometoid22-wmt22-src,0.23971250255876414,0.0,0.0
zhen23,13,0.02,False,mtme_cometoid22-wmt23-src,0.23743908023385552,0.0,0.0
zhen23,13,0.02,False,mtme_docWMT22CometDA-refA,0.10792060457975931,0.0,0.0
zhen23,13,0.02,False,mtme_docWMT22CometKiwiDA-src,0.18934918851059512,0.0,0.0
zhen23,13,0.02,False,mtme_eBLEU-refA,0.033793035261931045,0.0,0.0
zhen23,13,0.02,False,mtme_embed_llama-refA,0.020643270161222492,0.0,0.0
zhen23,13,0.02,False,mtme_f200spBLEU-refA,-0.02624804509140277,0.0,0.0
zhen23,13,0.02,False,mtme_instructscore-refA,0.09495023526824797,0.0,0.0
zhen23,13,0.02,False,mtme_mbr-metricx-qe-src,0.2913846855678921,0.0,0.0
zhen23,13,0.02,False,mtme_mre-score-labse-regular-refA,0.08213568911397405,0.0,0.0
zhen23,13,0.02,False,mtme_prismRef-refA,0.013126193195496481,0.0,0.0
zhen23,13,0.02,False,mtme_prismSrc-src,0.004593064865697457,0.0,0.0
zhen23,13,0.02,False,mtme_sescoreX-refA,-0.00570686220692165,0.0,0.0
zhen23,13,0.02,False,mtme_tokengram_F-refA,-0.013483708825075217,0.0,0.0
zhen23,14,0.01,False,mtme_BERTscore-refA,-0.021467721638761955,0.0,0.0
zhen23,14,0.01,False,mtme_BLEU-refA,-0.020373388630618224,0.0,0.0
zhen23,14,0.01,False,mtme_BLEURT-20-refA,0.06102277218018725,0.0,0.0
zhen23,14,0.01,False,mtme_COMET-refA,0.10020853906423222,0.0,0.0
zhen23,14,0.01,False,mtme_Calibri-COMET22-QE-src,0.2393404968077114,0.0,0.0
zhen23,14,0.01,False,mtme_Calibri-COMET22-refA,0.05864849372853123,0.0,0.0
zhen23,14,0.01,False,mtme_CometKiwi-XL-src,0.21640204666642343,0.0,0.0
zhen23,14,0.01,False,mtme_CometKiwi-XXL-src,0.17707762935994079,0.0,0.0
zhen23,14,0.01,False,mtme_CometKiwi-src,0.2562060619871863,0.0,0.0
zhen23,14,0.01,False,mtme_GEMBA-MQM-src,0.324698716880754,0.0,0.0
zhen23,14,0.01,False,mtme_KG-BERTScore-src,0.21451875491142497,0.0,0.0
zhen23,14,0.01,False,mtme_MEE4-refA,0.014042320024174618,0.0,0.0
zhen23,14,0.01,False,mtme_MS-COMET-QE-22-src,0.14698594731946463,0.0,0.0
zhen23,14,0.01,False,mtme_MaTESe-refA,0.2575816949330858,0.0,0.0
zhen23,14,0.01,False,mtme_MetricX-23-QE-b-src,0.4439992608847749,0.0,0.0
zhen23,14,0.01,False,mtme_MetricX-23-QE-c-src,0.39346757623711437,0.0,0.0
zhen23,14,0.01,False,mtme_MetricX-23-QE-src,0.3958823524602185,0.0,0.0
zhen23,14,0.01,False,mtme_MetricX-23-b-refA,0.2485628502646768,0.0,0.0
zhen23,14,0.01,False,mtme_MetricX-23-c-refA,0.279666699701583,0.0,0.0
zhen23,14,0.01,False,mtme_MetricX-23-refA,0.24059413287786852,0.0,0.0
zhen23,14,0.01,False,mtme_XCOMET-Ensemble-refA,0.3253329474936525,0.0,0.0
zhen23,14,0.01,False,mtme_XCOMET-QE-Ensemble-src,0.38399580779001097,0.0,0.0
zhen23,14,0.01,False,mtme_XCOMET-XL-refA,0.2847771010092964,0.0,0.0
zhen23,14,0.01,False,mtme_XCOMET-XXL-refA,0.2894095534078136,0.0,0.0
zhen23,14,0.01,False,mtme_XLsim-refA,-0.017418010422011944,0.0,0.0
zhen23,14,0.01,False,mtme_YiSi-1-refA,-0.02210984700911527,0.0,0.0
zhen23,14,0.01,False,mtme_chrF-refA,-0.02653261443584059,0.0,0.0
zhen23,14,0.01,False,mtme_cometoid22-wmt21-src,0.18473064000994022,0.0,0.0
zhen23,14,0.01,False,mtme_cometoid22-wmt22-src,0.21524630139322698,0.0,0.0
zhen23,14,0.01,False,mtme_cometoid22-wmt23-src,0.22192199995326334,0.0,0.0
zhen23,14,0.01,False,mtme_docWMT22CometDA-refA,0.07019189587640798,0.0,0.0
zhen23,14,0.01,False,mtme_docWMT22CometKiwiDA-src,0.16599157155649719,0.0,0.0
zhen23,14,0.01,False,mtme_eBLEU-refA,0.05508966218677845,0.0,0.0
zhen23,14,0.01,False,mtme_embed_llama-refA,0.028652103201431196,0.0,0.0
zhen23,14,0.01,False,mtme_f200spBLEU-refA,-0.0340416889874598,0.0,0.0
zhen23,14,0.01,False,mtme_instructscore-refA,0.06904488369974723,0.0,0.0
zhen23,14,0.01,False,mtme_mbr-metricx-qe-src,0.2488500885859817,0.0,0.0
zhen23,14,0.01,False,mtme_mre-score-labse-regular-refA,0.04363552308253056,0.0,0.0
zhen23,14,0.01,False,mtme_prismRef-refA,0.003484599725689887,0.0,0.0
zhen23,14,0.01,False,mtme_prismSrc-src,-0.019438957466588632,0.0,0.0
zhen23,14,0.01,False,mtme_sescoreX-refA,-0.0197288560683566,0.0,0.0
zhen23,14,0.01,False,mtme_tokengram_F-refA,-0.029112933733463412,0.0,0.0
zhen23,14,0.02,False,mtme_BERTscore-refA,-0.021467721638761955,0.0,0.0
zhen23,14,0.02,False,mtme_BLEU-refA,-0.020373388630618224,0.0,0.0
zhen23,14,0.02,False,mtme_BLEURT-20-refA,0.06102277218018725,0.0,0.0
zhen23,14,0.02,False,mtme_COMET-refA,0.10020853906423222,0.0,0.0
zhen23,14,0.02,False,mtme_Calibri-COMET22-QE-src,0.2393404968077114,0.0,0.0
zhen23,14,0.02,False,mtme_Calibri-COMET22-refA,0.05864849372853123,0.0,0.0
zhen23,14,0.02,False,mtme_CometKiwi-XL-src,0.21640204666642343,0.0,0.0
zhen23,14,0.02,False,mtme_CometKiwi-XXL-src,0.17707762935994079,0.0,0.0
zhen23,14,0.02,False,mtme_CometKiwi-src,0.2562060619871863,0.0,0.0
zhen23,14,0.02,False,mtme_GEMBA-MQM-src,0.324698716880754,0.0,0.0
zhen23,14,0.02,False,mtme_KG-BERTScore-src,0.21451875491142497,0.0,0.0
zhen23,14,0.02,False,mtme_MEE4-refA,0.014042320024174618,0.0,0.0
zhen23,14,0.02,False,mtme_MS-COMET-QE-22-src,0.14698594731946463,0.0,0.0
zhen23,14,0.02,False,mtme_MaTESe-refA,0.2575816949330858,0.0,0.0
zhen23,14,0.02,False,mtme_MetricX-23-QE-b-src,0.4439992608847749,0.0,0.0
zhen23,14,0.02,False,mtme_MetricX-23-QE-c-src,0.39346757623711437,0.0,0.0
zhen23,14,0.02,False,mtme_MetricX-23-QE-src,0.3958823524602185,0.0,0.0
zhen23,14,0.02,False,mtme_MetricX-23-b-refA,0.2485628502646768,0.0,0.0
zhen23,14,0.02,False,mtme_MetricX-23-c-refA,0.279666699701583,0.0,0.0
zhen23,14,0.02,False,mtme_MetricX-23-refA,0.24059413287786852,0.0,0.0
zhen23,14,0.02,False,mtme_XCOMET-Ensemble-refA,0.3253329474936525,0.0,0.0
zhen23,14,0.02,False,mtme_XCOMET-QE-Ensemble-src,0.38399580779001097,0.0,0.0
zhen23,14,0.02,False,mtme_XCOMET-XL-refA,0.2847771010092964,0.0,0.0
zhen23,14,0.02,False,mtme_XCOMET-XXL-refA,0.2894095534078136,0.0,0.0
zhen23,14,0.02,False,mtme_XLsim-refA,-0.017418010422011944,0.0,0.0
zhen23,14,0.02,False,mtme_YiSi-1-refA,-0.02210984700911527,0.0,0.0
zhen23,14,0.02,False,mtme_chrF-refA,-0.02653261443584059,0.0,0.0
zhen23,14,0.02,False,mtme_cometoid22-wmt21-src,0.18473064000994022,0.0,0.0
zhen23,14,0.02,False,mtme_cometoid22-wmt22-src,0.21524630139322698,0.0,0.0
zhen23,14,0.02,False,mtme_cometoid22-wmt23-src,0.22192199995326334,0.0,0.0
zhen23,14,0.02,False,mtme_docWMT22CometDA-refA,0.07019189587640798,0.0,0.0
zhen23,14,0.02,False,mtme_docWMT22CometKiwiDA-src,0.16599157155649719,0.0,0.0
zhen23,14,0.02,False,mtme_eBLEU-refA,0.05508966218677845,0.0,0.0
zhen23,14,0.02,False,mtme_embed_llama-refA,0.028652103201431196,0.0,0.0
zhen23,14,0.02,False,mtme_f200spBLEU-refA,-0.0340416889874598,0.0,0.0
zhen23,14,0.02,False,mtme_instructscore-refA,0.06904488369974723,0.0,0.0
zhen23,14,0.02,False,mtme_mbr-metricx-qe-src,0.2488500885859817,0.0,0.0
zhen23,14,0.02,False,mtme_mre-score-labse-regular-refA,0.04363552308253056,0.0,0.0
zhen23,14,0.02,False,mtme_prismRef-refA,0.003484599725689887,0.0,0.0
zhen23,14,0.02,False,mtme_prismSrc-src,-0.019438957466588632,0.0,0.0
zhen23,14,0.02,False,mtme_sescoreX-refA,-0.0197288560683566,0.0,0.0
zhen23,14,0.02,False,mtme_tokengram_F-refA,-0.029112933733463412,0.0,0.0
zhen23,15,0.01,False,mtme_BERTscore-refA,0.06667671350637566,0.0,0.0
zhen23,15,0.01,False,mtme_BLEU-refA,0.01025559755377868,0.0,0.0
zhen23,15,0.01,False,mtme_BLEURT-20-refA,0.2280399229669302,0.0,0.0
zhen23,15,0.01,False,mtme_COMET-refA,0.2093297010933709,0.0,0.0
zhen23,15,0.01,False,mtme_Calibri-COMET22-QE-src,0.1686179794507729,0.0,0.0
zhen23,15,0.01,False,mtme_Calibri-COMET22-refA,0.12001030458547408,0.0,0.0
zhen23,15,0.01,False,mtme_CometKiwi-XL-src,0.1748533466267248,0.0,0.0
zhen23,15,0.01,False,mtme_CometKiwi-XXL-src,0.1872793732463382,0.0,0.0
zhen23,15,0.01,False,mtme_CometKiwi-src,0.2403259083021921,0.0,0.0
zhen23,15,0.01,False,mtme_GEMBA-MQM-src,0.2925823098626771,0.0,0.0
zhen23,15,0.01,False,mtme_KG-BERTScore-src,0.2115577280844026,0.0,0.0
zhen23,15,0.01,False,mtme_MEE4-refA,0.01851335149456474,0.0,0.0
zhen23,15,0.01,False,mtme_MS-COMET-QE-22-src,0.2292662539512191,0.0,0.0
zhen23,15,0.01,False,mtme_MaTESe-refA,0.3670360777726359,0.0,0.0
zhen23,15,0.01,False,mtme_MetricX-23-QE-b-src,0.5057913633088336,0.0,0.0
zhen23,15,0.01,False,mtme_MetricX-23-QE-c-src,0.4304760377385858,0.0,0.0
zhen23,15,0.01,False,mtme_MetricX-23-QE-src,0.47548171193733707,0.0,0.0
zhen23,15,0.01,False,mtme_MetricX-23-b-refA,0.4972619314139962,0.0,0.0
zhen23,15,0.01,False,mtme_MetricX-23-c-refA,0.3058298679191313,0.0,0.0
zhen23,15,0.01,False,mtme_MetricX-23-refA,0.4998451573252247,0.0,0.0
zhen23,15,0.01,False,mtme_XCOMET-Ensemble-refA,0.47151711626967485,0.0,0.0
zhen23,15,0.01,False,mtme_XCOMET-QE-Ensemble-src,0.4701528832646613,0.0,0.0
zhen23,15,0.01,False,mtme_XCOMET-XL-refA,0.473865091122223,0.0,0.0
zhen23,15,0.01,False,mtme_XCOMET-XXL-refA,0.46252334202667544,0.0,0.0
zhen23,15,0.01,False,mtme_XLsim-refA,-0.07392428089837028,0.0,0.0
zhen23,15,0.01,False,mtme_YiSi-1-refA,0.07733513030236988,0.0,0.0
zhen23,15,0.01,False,mtme_chrF-refA,0.020593639103186453,0.0,0.0
zhen23,15,0.01,False,mtme_cometoid22-wmt21-src,0.2510156050358305,0.0,0.0
zhen23,15,0.01,False,mtme_cometoid22-wmt22-src,0.28719363179502044,0.0,0.0
zhen23,15,0.01,False,mtme_cometoid22-wmt23-src,0.27267857993805616,0.0,0.0
zhen23,15,0.01,False,mtme_docWMT22CometDA-refA,0.16995859085699605,0.0,0.0
zhen23,15,0.01,False,mtme_docWMT22CometKiwiDA-src,0.17332330992565476,0.0,0.0
zhen23,15,0.01,False,mtme_eBLEU-refA,0.034907015867469623,0.0,0.0
zhen23,15,0.01,False,mtme_embed_llama-refA,0.030018525178943267,0.0,0.0
zhen23,15,0.01,False,mtme_f200spBLEU-refA,0.014071244655556089,0.0,0.0
zhen23,15,0.01,False,mtme_instructscore-refA,0.31384674590526423,0.0,0.0
zhen23,15,0.01,False,mtme_mbr-metricx-qe-src,0.37691546714301394,0.0,0.0
zhen23,15,0.01,False,mtme_mre-score-labse-regular-refA,0.0475173314954769,0.0,0.0
zhen23,15,0.01,False,mtme_prismRef-refA,0.10287977199215273,0.0,0.0
zhen23,15,0.01,False,mtme_prismSrc-src,-0.050009388733614615,0.0,0.0
zhen23,15,0.01,False,mtme_sescoreX-refA,0.21305602000874152,0.0,0.0
zhen23,15,0.01,False,mtme_tokengram_F-refA,0.0155146427806267,0.0,0.0
zhen23,15,0.02,False,mtme_BERTscore-refA,0.06667671350637566,0.0,0.0
zhen23,15,0.02,False,mtme_BLEU-refA,0.01025559755377868,0.0,0.0
zhen23,15,0.02,False,mtme_BLEURT-20-refA,0.2280399229669302,0.0,0.0
zhen23,15,0.02,False,mtme_COMET-refA,0.2093297010933709,0.0,0.0
zhen23,15,0.02,False,mtme_Calibri-COMET22-QE-src,0.1686179794507729,0.0,0.0
zhen23,15,0.02,False,mtme_Calibri-COMET22-refA,0.12001030458547408,0.0,0.0
zhen23,15,0.02,False,mtme_CometKiwi-XL-src,0.1748533466267248,0.0,0.0
zhen23,15,0.02,False,mtme_CometKiwi-XXL-src,0.1872793732463382,0.0,0.0
zhen23,15,0.02,False,mtme_CometKiwi-src,0.2403259083021921,0.0,0.0
zhen23,15,0.02,False,mtme_GEMBA-MQM-src,0.2925823098626771,0.0,0.0
zhen23,15,0.02,False,mtme_KG-BERTScore-src,0.2115577280844026,0.0,0.0
zhen23,15,0.02,False,mtme_MEE4-refA,0.01851335149456474,0.0,0.0
zhen23,15,0.02,False,mtme_MS-COMET-QE-22-src,0.2292662539512191,0.0,0.0
zhen23,15,0.02,False,mtme_MaTESe-refA,0.3670360777726359,0.0,0.0
zhen23,15,0.02,False,mtme_MetricX-23-QE-b-src,0.5057913633088336,0.0,0.0
zhen23,15,0.02,False,mtme_MetricX-23-QE-c-src,0.4304760377385858,0.0,0.0
zhen23,15,0.02,False,mtme_MetricX-23-QE-src,0.47548171193733707,0.0,0.0
zhen23,15,0.02,False,mtme_MetricX-23-b-refA,0.4972619314139962,0.0,0.0
zhen23,15,0.02,False,mtme_MetricX-23-c-refA,0.3058298679191313,0.0,0.0
zhen23,15,0.02,False,mtme_MetricX-23-refA,0.4998451573252247,0.0,0.0
zhen23,15,0.02,False,mtme_XCOMET-Ensemble-refA,0.47151711626967485,0.0,0.0
zhen23,15,0.02,False,mtme_XCOMET-QE-Ensemble-src,0.4701528832646613,0.0,0.0
zhen23,15,0.02,False,mtme_XCOMET-XL-refA,0.473865091122223,0.0,0.0
zhen23,15,0.02,False,mtme_XCOMET-XXL-refA,0.46252334202667544,0.0,0.0
zhen23,15,0.02,False,mtme_XLsim-refA,-0.07392428089837028,0.0,0.0
zhen23,15,0.02,False,mtme_YiSi-1-refA,0.07733513030236988,0.0,0.0
zhen23,15,0.02,False,mtme_chrF-refA,0.020593639103186453,0.0,0.0
zhen23,15,0.02,False,mtme_cometoid22-wmt21-src,0.2510156050358305,0.0,0.0
zhen23,15,0.02,False,mtme_cometoid22-wmt22-src,0.28719363179502044,0.0,0.0
zhen23,15,0.02,False,mtme_cometoid22-wmt23-src,0.27267857993805616,0.0,0.0
zhen23,15,0.02,False,mtme_docWMT22CometDA-refA,0.16995859085699605,0.0,0.0
zhen23,15,0.02,False,mtme_docWMT22CometKiwiDA-src,0.17332330992565476,0.0,0.0
zhen23,15,0.02,False,mtme_eBLEU-refA,0.034907015867469623,0.0,0.0
zhen23,15,0.02,False,mtme_embed_llama-refA,0.030018525178943267,0.0,0.0
zhen23,15,0.02,False,mtme_f200spBLEU-refA,0.014071244655556089,0.0,0.0
zhen23,15,0.02,False,mtme_instructscore-refA,0.31384674590526423,0.0,0.0
zhen23,15,0.02,False,mtme_mbr-metricx-qe-src,0.37691546714301394,0.0,0.0
zhen23,15,0.02,False,mtme_mre-score-labse-regular-refA,0.0475173314954769,0.0,0.0
zhen23,15,0.02,False,mtme_prismRef-refA,0.10287977199215273,0.0,0.0
zhen23,15,0.02,False,mtme_prismSrc-src,-0.050009388733614615,0.0,0.0
zhen23,15,0.02,False,mtme_sescoreX-refA,0.21305602000874152,0.0,0.0
zhen23,15,0.02,False,mtme_tokengram_F-refA,0.0155146427806267,0.0,0.0
zhen23,23,0.01,False,mtme_BERTscore-refA,-0.00552696473979174,0.0,0.0
zhen23,23,0.01,False,mtme_BLEU-refA,-0.010685137662783745,0.0,0.0
zhen23,23,0.01,False,mtme_BLEURT-20-refA,0.015253885312621437,0.0,0.0
zhen23,23,0.01,False,mtme_COMET-refA,0.05408025384467177,0.0,0.0
zhen23,23,0.01,False,mtme_Calibri-COMET22-QE-src,0.1360961961126782,0.0,0.0
zhen23,23,0.01,False,mtme_Calibri-COMET22-refA,0.0004690757009918539,0.0,0.0
zhen23,23,0.01,False,mtme_CometKiwi-XL-src,0.14807847830836748,0.0,0.0
zhen23,23,0.01,False,mtme_CometKiwi-XXL-src,0.15882267222366375,0.0,0.0
zhen23,23,0.01,False,mtme_CometKiwi-src,0.1011038832837933,0.0,0.0
zhen23,23,0.01,False,mtme_GEMBA-MQM-src,0.13267295058189618,0.0,0.0
zhen23,23,0.01,False,mtme_KG-BERTScore-src,0.14018720268947832,0.0,0.0
zhen23,23,0.01,False,mtme_MEE4-refA,-0.03586173432431683,0.0,0.0
zhen23,23,0.01,False,mtme_MS-COMET-QE-22-src,0.07182593786605661,0.0,0.0
zhen23,23,0.01,False,mtme_MaTESe-refA,0.06781208834201509,0.0,0.0
zhen23,23,0.01,False,mtme_MetricX-23-QE-b-src,0.22542291092918304,0.0,0.0
zhen23,23,0.01,False,mtme_MetricX-23-QE-c-src,0.16066193759206915,0.0,0.0
zhen23,23,0.01,False,mtme_MetricX-23-QE-src,0.19381818050475147,0.0,0.0
zhen23,23,0.01,False,mtme_MetricX-23-b-refA,0.1752155237280319,0.0,0.0
zhen23,23,0.01,False,mtme_MetricX-23-c-refA,0.146823675988153,0.0,0.0
zhen23,23,0.01,False,mtme_MetricX-23-refA,0.13702086897171398,0.0,0.0
zhen23,23,0.01,False,mtme_XCOMET-Ensemble-refA,0.18692903323912297,0.0,0.0
zhen23,23,0.01,False,mtme_XCOMET-QE-Ensemble-src,0.2677675208024928,0.0,0.0
zhen23,23,0.01,False,mtme_XCOMET-XL-refA,0.16550448192601044,0.0,0.0
zhen23,23,0.01,False,mtme_XCOMET-XXL-refA,0.13772434244653686,0.0,0.0
zhen23,23,0.01,False,mtme_XLsim-refA,-0.07577289665320044,0.0,0.0
zhen23,23,0.01,False,mtme_YiSi-1-refA,0.013653213531237326,0.0,0.0
zhen23,23,0.01,False,mtme_chrF-refA,-0.04874221616662257,0.0,0.0
zhen23,23,0.01,False,mtme_cometoid22-wmt21-src,0.13801761534189433,0.0,0.0
zhen23,23,0.01,False,mtme_cometoid22-wmt22-src,0.12894901494052693,0.0,0.0
zhen23,23,0.01,False,mtme_cometoid22-wmt23-src,0.071919646024485,0.0,0.0
zhen23,23,0.01,False,mtme_docWMT22CometDA-refA,0.058144877154340954,0.0,0.0
zhen23,23,0.01,False,mtme_docWMT22CometKiwiDA-src,0.01289624349374294,0.0,0.0
zhen23,23,0.01,False,mtme_eBLEU-refA,-0.01198857142920274,0.0,0.0
zhen23,23,0.01,False,mtme_embed_llama-refA,0.07402793111260329,0.0,0.0
zhen23,23,0.01,False,mtme_f200spBLEU-refA,-0.02023364865919721,0.0,0.0
zhen23,23,0.01,False,mtme_instructscore-refA,0.0,0.0,0.0
zhen23,23,0.01,False,mtme_mbr-metricx-qe-src,0.23495255833858314,0.0,0.0
zhen23,23,0.01,False,mtme_mre-score-labse-regular-refA,0.06545682948937931,0.0,0.0
zhen23,23,0.01,False,mtme_prismRef-refA,-0.0038451438254169324,0.0,0.0
zhen23,23,0.01,False,mtme_prismSrc-src,-0.02731840042836793,0.0,0.0
zhen23,23,0.01,False,mtme_sescoreX-refA,-0.0024568299882426602,0.0,0.0
zhen23,23,0.01,False,mtme_tokengram_F-refA,-0.03917353801283484,0.0,0.0
zhen23,23,0.02,False,mtme_BERTscore-refA,-0.00552696473979174,0.0,0.0
zhen23,23,0.02,False,mtme_BLEU-refA,-0.010685137662783745,0.0,0.0
zhen23,23,0.02,False,mtme_BLEURT-20-refA,0.015253885312621437,0.0,0.0
zhen23,23,0.02,False,mtme_COMET-refA,0.05408025384467177,0.0,0.0
zhen23,23,0.02,False,mtme_Calibri-COMET22-QE-src,0.1360961961126782,0.0,0.0
zhen23,23,0.02,False,mtme_Calibri-COMET22-refA,0.0004690757009918539,0.0,0.0
zhen23,23,0.02,False,mtme_CometKiwi-XL-src,0.14807847830836748,0.0,0.0
zhen23,23,0.02,False,mtme_CometKiwi-XXL-src,0.15882267222366375,0.0,0.0
zhen23,23,0.02,False,mtme_CometKiwi-src,0.1011038832837933,0.0,0.0
zhen23,23,0.02,False,mtme_GEMBA-MQM-src,0.13267295058189618,0.0,0.0
zhen23,23,0.02,False,mtme_KG-BERTScore-src,0.14018720268947832,0.0,0.0
zhen23,23,0.02,False,mtme_MEE4-refA,-0.03586173432431683,0.0,0.0
zhen23,23,0.02,False,mtme_MS-COMET-QE-22-src,0.07182593786605661,0.0,0.0
zhen23,23,0.02,False,mtme_MaTESe-refA,0.06781208834201509,0.0,0.0
zhen23,23,0.02,False,mtme_MetricX-23-QE-b-src,0.22542291092918304,0.0,0.0
zhen23,23,0.02,False,mtme_MetricX-23-QE-c-src,0.16066193759206915,0.0,0.0
zhen23,23,0.02,False,mtme_MetricX-23-QE-src,0.19381818050475147,0.0,0.0
zhen23,23,0.02,False,mtme_MetricX-23-b-refA,0.1752155237280319,0.0,0.0
zhen23,23,0.02,False,mtme_MetricX-23-c-refA,0.146823675988153,0.0,0.0
zhen23,23,0.02,False,mtme_MetricX-23-refA,0.13702086897171398,0.0,0.0
zhen23,23,0.02,False,mtme_XCOMET-Ensemble-refA,0.18692903323912297,0.0,0.0
zhen23,23,0.02,False,mtme_XCOMET-QE-Ensemble-src,0.2677675208024928,0.0,0.0
zhen23,23,0.02,False,mtme_XCOMET-XL-refA,0.16550448192601044,0.0,0.0
zhen23,23,0.02,False,mtme_XCOMET-XXL-refA,0.13772434244653686,0.0,0.0
zhen23,23,0.02,False,mtme_XLsim-refA,-0.07577289665320044,0.0,0.0
zhen23,23,0.02,False,mtme_YiSi-1-refA,0.013653213531237326,0.0,0.0
zhen23,23,0.02,False,mtme_chrF-refA,-0.04874221616662257,0.0,0.0
zhen23,23,0.02,False,mtme_cometoid22-wmt21-src,0.13801761534189433,0.0,0.0
zhen23,23,0.02,False,mtme_cometoid22-wmt22-src,0.12894901494052693,0.0,0.0
zhen23,23,0.02,False,mtme_cometoid22-wmt23-src,0.071919646024485,0.0,0.0
zhen23,23,0.02,False,mtme_docWMT22CometDA-refA,0.058144877154340954,0.0,0.0
zhen23,23,0.02,False,mtme_docWMT22CometKiwiDA-src,0.01289624349374294,0.0,0.0
zhen23,23,0.02,False,mtme_eBLEU-refA,-0.01198857142920274,0.0,0.0
zhen23,23,0.02,False,mtme_embed_llama-refA,0.07402793111260329,0.0,0.0
zhen23,23,0.02,False,mtme_f200spBLEU-refA,-0.02023364865919721,0.0,0.0
zhen23,23,0.02,False,mtme_instructscore-refA,0.0,0.0,0.0
zhen23,23,0.02,False,mtme_mbr-metricx-qe-src,0.23495255833858314,0.0,0.0
zhen23,23,0.02,False,mtme_mre-score-labse-regular-refA,0.06545682948937931,0.0,0.0
zhen23,23,0.02,False,mtme_prismRef-refA,-0.0038451438254169324,0.0,0.0
zhen23,23,0.02,False,mtme_prismSrc-src,-0.02731840042836793,0.0,0.0
zhen23,23,0.02,False,mtme_sescoreX-refA,-0.0024568299882426602,0.0,0.0
zhen23,23,0.02,False,mtme_tokengram_F-refA,-0.03917353801283484,0.0,0.0
zhen23,24,0.01,True,mtme_BERTscore-refA,0.0036921766713521368,-0.038782475279977247,0.005079853094578479
zhen23,24,0.01,True,mtme_BLEU-refA,0.021390866195551216,-0.03105895769582334,-0.010275674014827318
zhen23,24,0.01,True,mtme_BLEURT-20-refA,0.10231977600829496,-0.029435263658245336,0.02930684477641332
zhen23,24,0.01,True,mtme_COMET-refA,0.023706749458009706,-0.02066731585532544,0.018042236853157534
zhen23,24,0.01,True,mtme_Calibri-COMET22-QE-src,0.15721525058279967,0.014188555195201569,0.04334807974040156
zhen23,24,0.01,True,mtme_Calibri-COMET22-refA,0.008321090991217216,-0.026579801730091335,-0.010454840253456554
zhen23,24,0.01,True,mtme_CometKiwi-XL-src,0.19193291667942006,-0.02066731585532544,0.036828934935692725
zhen23,24,0.01,True,mtme_CometKiwi-XXL-src,0.19609828373028693,-0.005079853094578368,0.02778978457622261
zhen23,24,0.01,True,mtme_CometKiwi-src,0.13701328108707975,-0.005079853094578368,0.03068231269125299
zhen23,24,0.01,True,mtme_GEMBA-MQM-src,0.181123950589026,0.0135462749188755,0.03882459150856277
zhen23,24,0.01,True,mtme_KG-BERTScore-src,0.1268177936969852,-0.005079853094578368,0.025749600169069353
zhen23,24,0.01,True,mtme_MEE4-refA,-0.019227064807038088,-0.02066731585532544,0.008330959075108502
zhen23,24,0.01,True,mtme_MS-COMET-QE-22-src,0.1167063858283747,-0.04015164430625906,0.01975498425669342
zhen23,24,0.01,True,mtme_MaTESe-refA,0.2068479372439634,-0.03917742788371248,0.030211757878281564
zhen23,24,0.01,True,mtme_MetricX-23-QE-b-src,0.24764707731533914,-0.03625477861607229,0.03609369304042487
zhen23,24,0.01,True,mtme_MetricX-23-QE-c-src,0.2120786627311097,-0.012502454409219821,0.026850652071342518
zhen23,24,0.01,True,mtme_MetricX-23-QE-src,0.2692241159389344,-0.04286764160548007,0.04751156717870286
zhen23,24,0.01,True,mtme_MetricX-23-b-refA,0.17408686979632026,-0.04404850999644583,0.03749415379331611
zhen23,24,0.01,True,mtme_MetricX-23-c-refA,0.2014597788374844,-0.03625477861607229,0.010159706189156625
zhen23,24,0.01,True,mtme_MetricX-23-refA,0.12645976663417052,-0.03105895769582334,0.03865105615440023
zhen23,24,0.01,True,mtme_XCOMET-Ensemble-refA,0.16197441035705484,-0.005079853094578368,0.04571867785120487
zhen23,24,0.01,True,mtme_XCOMET-QE-Ensemble-src,0.1883095707401729,-0.04145059953632124,0.00024189776640848315
zhen23,24,0.01,True,mtme_XCOMET-XL-refA,0.11631509737894982,-0.011075031079480935,0.020319412378313362
zhen23,24,0.01,True,mtme_XCOMET-XXL-refA,0.17680248112765412,-0.02519270826973563,0.060659422247023365
zhen23,24,0.01,True,mtme_XLsim-refA,0.008517863969963888,-0.005079853094578368,0.003860688351879582
zhen23,24,0.01,True,mtme_YiSi-1-refA,0.031081780702163674,-0.03538880846269743,0.01280122979833731
zhen23,24,0.01,True,mtme_chrF-refA,-0.01582893983415081,-0.010454840253456554,0.0
zhen23,24,0.01,True,mtme_cometoid22-wmt21-src,0.11525628827509886,-0.014822017320045289,0.02376060318431783
zhen23,24,0.01,True,mtme_cometoid22-wmt22-src,0.175442590984843,-0.04404850999644583,0.020155546149455805
zhen23,24,0.01,True,mtme_cometoid22-wmt23-src,0.14757748826351152,-0.03732977604784815,0.02099672612425707
zhen23,24,0.01,True,mtme_docWMT22CometDA-refA,0.048527881215884056,-0.0014747960597163434,0.01975498425669342
zhen23,24,0.01,True,mtme_docWMT22CometKiwiDA-src,0.0893213661887737,0.01280122979833731,0.034035015733674734
zhen23,24,0.01,True,mtme_eBLEU-refA,-0.026333283092597214,-0.037171688190233754,0.0005079853094578368
zhen23,24,0.01,True,mtme_embed_llama-refA,-0.011003956365499744,-0.02541132626077003,0.009497116655081128
zhen23,24,0.01,True,mtme_f200spBLEU-refA,-0.025755710714549268,-0.04404850999644583,0.00024189776640848315
zhen23,24,0.01,True,mtme_instructscore-refA,-0.06627485055965858,-0.016626121806242677,0.019215096488187644
zhen23,24,0.01,True,mtme_mbr-metricx-qe-src,0.21667389884678717,-0.02541132626077003,0.02844717732963864
zhen23,24,0.01,True,mtme_mre-score-labse-regular-refA,0.11189221760275764,-0.011075031079480935,0.01820280692223908
zhen23,24,0.01,True,mtme_prismRef-refA,0.05748206048391718,-0.04891959210917918,0.01280122979833731
zhen23,24,0.01,True,mtme_prismSrc-src,0.08547831080317451,-0.023973747350029218,0.01727150052156623
zhen23,24,0.01,True,mtme_sescoreX-refA,0.03722226984718652,-0.024564181545511987,0.006095823713494042
zhen23,24,0.01,True,mtme_tokengram_F-refA,-0.01978675304607006,-0.005079853094578368,0.004233210912148677
zhen23,24,0.02,False,mtme_BERTscore-refA,0.0036921766713521368,0.0,0.0
zhen23,24,0.02,False,mtme_BLEU-refA,0.021390866195551216,0.0,0.0
zhen23,24,0.02,False,mtme_BLEURT-20-refA,0.10231977600829496,0.0,0.0
zhen23,24,0.02,False,mtme_COMET-refA,0.023706749458009706,0.0,0.0
zhen23,24,0.02,False,mtme_Calibri-COMET22-QE-src,0.15721525058279967,0.0,0.0
zhen23,24,0.02,False,mtme_Calibri-COMET22-refA,0.008321090991217216,0.0,0.0
zhen23,24,0.02,False,mtme_CometKiwi-XL-src,0.19193291667942006,0.0,0.0
zhen23,24,0.02,False,mtme_CometKiwi-XXL-src,0.19609828373028693,0.0,0.0
zhen23,24,0.02,False,mtme_CometKiwi-src,0.13701328108707975,0.0,0.0
zhen23,24,0.02,False,mtme_GEMBA-MQM-src,0.181123950589026,0.0,0.0
zhen23,24,0.02,False,mtme_KG-BERTScore-src,0.1268177936969852,0.0,0.0
zhen23,24,0.02,False,mtme_MEE4-refA,-0.019227064807038088,0.0,0.0
zhen23,24,0.02,False,mtme_MS-COMET-QE-22-src,0.1167063858283747,0.0,0.0
zhen23,24,0.02,False,mtme_MaTESe-refA,0.2068479372439634,0.0,0.0
zhen23,24,0.02,False,mtme_MetricX-23-QE-b-src,0.24764707731533914,0.0,0.0
zhen23,24,0.02,False,mtme_MetricX-23-QE-c-src,0.2120786627311097,0.0,0.0
zhen23,24,0.02,False,mtme_MetricX-23-QE-src,0.2692241159389344,0.0,0.0
zhen23,24,0.02,False,mtme_MetricX-23-b-refA,0.17408686979632026,0.0,0.0
zhen23,24,0.02,False,mtme_MetricX-23-c-refA,0.2014597788374844,0.0,0.0
zhen23,24,0.02,False,mtme_MetricX-23-refA,0.12645976663417052,0.0,0.0
zhen23,24,0.02,False,mtme_XCOMET-Ensemble-refA,0.16197441035705484,0.0,0.0
zhen23,24,0.02,False,mtme_XCOMET-QE-Ensemble-src,0.1883095707401729,0.0,0.0
zhen23,24,0.02,False,mtme_XCOMET-XL-refA,0.11631509737894982,0.0,0.0
zhen23,24,0.02,False,mtme_XCOMET-XXL-refA,0.17680248112765412,0.0,0.0
zhen23,24,0.02,False,mtme_XLsim-refA,0.008517863969963888,0.0,0.0
zhen23,24,0.02,False,mtme_YiSi-1-refA,0.031081780702163674,0.0,0.0
zhen23,24,0.02,False,mtme_chrF-refA,-0.01582893983415081,0.0,0.0
zhen23,24,0.02,False,mtme_cometoid22-wmt21-src,0.11525628827509886,0.0,0.0
zhen23,24,0.02,False,mtme_cometoid22-wmt22-src,0.175442590984843,0.0,0.0
zhen23,24,0.02,False,mtme_cometoid22-wmt23-src,0.14757748826351152,0.0,0.0
zhen23,24,0.02,False,mtme_docWMT22CometDA-refA,0.048527881215884056,0.0,0.0
zhen23,24,0.02,False,mtme_docWMT22CometKiwiDA-src,0.0893213661887737,0.0,0.0
zhen23,24,0.02,False,mtme_eBLEU-refA,-0.026333283092597214,0.0,0.0
zhen23,24,0.02,False,mtme_embed_llama-refA,-0.011003956365499744,0.0,0.0
zhen23,24,0.02,False,mtme_f200spBLEU-refA,-0.025755710714549268,0.0,0.0
zhen23,24,0.02,False,mtme_instructscore-refA,-0.06627485055965858,0.0,0.0
zhen23,24,0.02,False,mtme_mbr-metricx-qe-src,0.21667389884678717,0.0,0.0
zhen23,24,0.02,False,mtme_mre-score-labse-regular-refA,0.11189221760275764,0.0,0.0
zhen23,24,0.02,False,mtme_prismRef-refA,0.05748206048391718,0.0,0.0
zhen23,24,0.02,False,mtme_prismSrc-src,0.08547831080317451,0.0,0.0
zhen23,24,0.02,False,mtme_sescoreX-refA,0.03722226984718652,0.0,0.0
zhen23,24,0.02,False,mtme_tokengram_F-refA,-0.01978675304607006,0.0,0.0
zhen23,25,0.01,True,mtme_BERTscore-refA,0.13400083313831979,0.01652726395367543,0.025184402215124413
zhen23,25,0.01,True,mtme_BLEU-refA,0.027229867980584507,0.002938180258431178,0.009581022581840792
zhen23,25,0.01,True,mtme_BLEURT-20-refA,0.20679948104071572,0.025184402215124413,0.027749480218516753
zhen23,25,0.01,True,mtme_COMET-refA,0.21352014622623705,0.017629081550587067,0.02373145593348258
zhen23,25,0.01,True,mtme_Calibri-COMET22-QE-src,0.21268651161249852,-0.028743067745522266,-0.014690901292155889
zhen23,25,0.01,True,mtme_Calibri-COMET22-refA,0.1590809328223959,0.025184402215124413,0.025184402215124413
zhen23,25,0.01,True,mtme_CometKiwi-XL-src,0.24376452913747276,-0.04407270387646767,-0.018888301661343254
zhen23,25,0.01,True,mtme_CometKiwi-XXL-src,0.2547751289915334,-0.027283102399717984,0.018888301661343254
zhen23,25,0.01,True,mtme_CometKiwi-src,0.2831383794105384,0.0,0.018482101625615588
zhen23,25,0.01,True,mtme_GEMBA-MQM-src,0.30163590601830126,0.018888301661343254,0.04674377683867792
zhen23,25,0.01,True,mtme_KG-BERTScore-src,0.2648544874991779,0.020567261809018245,0.01814758394913385
zhen23,25,0.01,True,mtme_MEE4-refA,0.03461774346372763,0.002938180258431178,0.012019828329945748
zhen23,25,0.01,True,mtme_MS-COMET-QE-22-src,0.2557599515820934,-0.02333260793460057,0.02644362232588071
zhen23,25,0.01,True,mtme_MaTESe-refA,0.2802285877291917,0.0019162045163682029,0.027749480218516753
zhen23,25,0.01,True,mtme_MetricX-23-QE-b-src,0.4244292356199795,0.014690901292156,0.04407270387646767
zhen23,25,0.01,True,mtme_MetricX-23-QE-c-src,0.34299282057248437,-0.006296100553781159,0.024168902125805025
zhen23,25,0.01,True,mtme_MetricX-23-QE-src,0.3764660345217496,-0.008814540775293533,0.017629081550587067
zhen23,25,0.01,True,mtme_MetricX-23-b-refA,0.29976481320239146,-0.008814540775293533,0.008161611828975457
zhen23,25,0.01,True,mtme_MetricX-23-c-refA,0.23425789403430972,-0.03567790313809294,0.012592201107562317
zhen23,25,0.01,True,mtme_MetricX-23-refA,0.29955173941420754,-0.004896967097385296,0.01636986143983088
zhen23,25,0.01,True,mtme_XCOMET-Ensemble-refA,0.3627589981326262,-0.02448483548692648,0.02308570203053062
zhen23,25,0.01,True,mtme_XCOMET-QE-Ensemble-src,0.3748164441854776,0.01279530112542615,0.01652726395367543
zhen23,25,0.01,True,mtme_XCOMET-XL-refA,0.31350216317513757,-0.011426256560565617,0.014690901292156
zhen23,25,0.01,True,mtme_XCOMET-XXL-refA,0.3475703154536861,-0.04407270387646767,-0.004896967097385296
zhen23,25,0.01,True,mtme_XLsim-refA,0.06033967755684064,0.007108500625236824,0.02373145593348258
zhen23,25,0.01,True,mtme_YiSi-1-refA,0.1656535766634156,0.01939198970564593,0.036727253230389834
zhen23,25,0.01,True,mtme_chrF-refA,0.057615631742126985,-0.004896967097385296,0.004006609443315323
zhen23,25,0.01,True,mtme_cometoid22-wmt21-src,0.281401288757567,0.001130069330165906,0.018888301661343254
zhen23,25,0.01,True,mtme_cometoid22-wmt22-src,0.2893633109071793,0.002938180258431178,0.03917573677908248
zhen23,25,0.01,True,mtme_cometoid22-wmt23-src,0.2661770917555947,-0.012019828329945748,0.01652726395367543
zhen23,25,0.01,True,mtme_docWMT22CometDA-refA,0.1687767420163339,1.1102230246251565e-16,0.022796226143000475
zhen23,25,0.01,True,mtme_docWMT22CometKiwiDA-src,0.1774059360318827,-0.012592201107562095,0.01939198970564593
zhen23,25,0.01,True,mtme_eBLEU-refA,0.0479213880942673,-0.005748613549104276,0.0073454506460780555
zhen23,25,0.01,True,mtme_embed_llama-refA,0.03346018713548837,0.0073454506460780555,0.004006609443315323
zhen23,25,0.01,True,mtme_f200spBLEU-refA,0.02402245286769888,-0.006296100553781159,0.0019162045163682029
zhen23,25,0.01,True,mtme_instructscore-refA,0.25110530082202864,0.011018175969116917,0.030850892713527478
zhen23,25,0.01,True,mtme_mbr-metricx-qe-src,0.3153305629754696,-0.009951900875331487,0.004006609443315323
zhen23,25,0.01,True,mtme_mre-score-labse-regular-refA,0.05422572157770504,-0.002938180258431178,0.0073454506460780555
zhen23,25,0.01,True,mtme_prismRef-refA,0.14912931011361094,0.004559245228600073,0.0169510399524877
zhen23,25,0.01,True,mtme_prismSrc-src,0.05087284838445177,-0.035258163101174134,-0.026443622325880378
zhen23,25,0.01,True,mtme_sescoreX-refA,0.16391244956468043,0.022796226143000475,0.03819634335960542
zhen23,25,0.01,True,mtme_tokengram_F-refA,0.05629997324846853,0.018888301661343254,0.028046266103206707
zhen23,25,0.02,True,mtme_BERTscore-refA,0.13400083313831979,-0.02849717252058359,0.07836722443160504
zhen23,25,0.02,True,mtme_BLEU-refA,0.027229867980584507,-0.007124293130145842,0.019591806107901233
zhen23,25,0.02,True,mtme_BLEURT-20-refA,0.20679948104071572,-0.05170277310293825,2.220446049250313e-16
zhen23,25,0.02,True,mtme_COMET-refA,0.21352014622623705,-0.013061204071933785,0.04310197343738276
zhen23,25,0.02,True,mtme_Calibri-COMET22-QE-src,0.21268651161249852,0.03428566068882721,0.08845381556239207
zhen23,25,0.02,True,mtme_Calibri-COMET22-refA,0.1590809328223959,-0.015673444886320942,-0.0055976588879718125
zhen23,25,0.02,True,mtme_CometKiwi-XL-src,0.24376452913747276,0.08567634843942185,0.09237637877992055
zhen23,25,0.02,True,mtme_CometKiwi-XXL-src,0.2547751289915334,-0.039183612215802466,0.056994345041167405
zhen23,25,0.02,True,mtme_CometKiwi-src,0.2831383794105384,-0.009795903053950727,0.08537180160576285
zhen23,25,0.02,True,mtme_GEMBA-MQM-src,0.30163590601830126,0.0027988294439860173,0.036878693850167066
zhen23,25,0.02,True,mtme_KG-BERTScore-src,0.2648544874991779,-0.039183612215802466,0.09181601260598793
zhen23,25,0.02,True,mtme_MEE4-refA,0.03461774346372763,-0.019591806107901455,0.02612240814386857
zhen23,25,0.02,True,mtme_MS-COMET-QE-22-src,0.2557599515820934,-0.04522734505786796,0.04219773623240286
zhen23,25,0.02,True,mtme_MaTESe-refA,0.2802285877291917,0.019591806107901233,0.04702033465896305
zhen23,25,0.02,True,mtme_MetricX-23-QE-b-src,0.4244292356199795,0.04897951526975319,0.07836722443160504
zhen23,25,0.02,True,mtme_MetricX-23-QE-c-src,0.34299282057248437,0.08637245548778527,0.08825603926571013
zhen23,25,0.02,True,mtme_MetricX-23-QE-src,0.3764660345217496,0.05361967987425609,0.05877541832370381
zhen23,25,0.02,True,mtme_MetricX-23-b-refA,0.29976481320239146,-0.030141240166001948,0.013714264275530907
zhen23,25,0.02,True,mtme_MetricX-23-c-refA,0.23425789403430972,0.0867727170405943,0.09704609689602572
zhen23,25,0.02,True,mtme_MetricX-23-refA,0.29955173941420754,0.019591806107901233,0.035621465650729545
zhen23,25,0.02,True,mtme_XCOMET-Ensemble-refA,0.3627589981326262,-0.01399414721992942,0.05632644256021602
zhen23,25,0.02,True,mtme_XCOMET-QE-Ensemble-src,0.3748164441854776,0.01306120407193423,0.05877541832370381
zhen23,25,0.02,True,mtme_XCOMET-XL-refA,0.31350216317513757,-0.011524591828177222,0.05485705710212352
zhen23,25,0.02,True,mtme_XCOMET-XXL-refA,0.3475703154536861,0.028872135316907244,0.04571421425176958
zhen23,25,0.02,True,mtme_XLsim-refA,0.06033967755684064,0.015070620083001085,0.02798829443985895
zhen23,25,0.02,True,mtme_YiSi-1-refA,0.1656535766634156,-0.039183612215802466,0.019591806107901233
zhen23,25,0.02,True,mtme_chrF-refA,0.057615631742126985,-0.0055976588879715905,0.03918361221580258
zhen23,25,0.02,True,mtme_cometoid22-wmt21-src,0.281401288757567,-0.05561501088016785,0.03918361221580258
zhen23,25,0.02,True,mtme_cometoid22-wmt22-src,0.2893633109071793,-0.05921426963521936,0.019591806107901233
zhen23,25,0.02,True,mtme_cometoid22-wmt23-src,0.2661770917555947,-0.039183612215802466,0.01306120407193423
zhen23,25,0.02,True,mtme_docWMT22CometDA-refA,0.1687767420163339,0.012244878817438187,0.05124010828220327
zhen23,25,0.02,True,mtme_docWMT22CometKiwiDA-src,0.1774059360318827,-0.02938770916185174,0.022685249177569866
zhen23,25,0.02,True,mtme_eBLEU-refA,0.0479213880942673,0.02798829443985895,0.03428566068882721
zhen23,25,0.02,True,mtme_embed_llama-refA,0.03346018713548837,-0.01959180610790101,-0.009795903053950505
zhen23,25,0.02,True,mtme_f200spBLEU-refA,0.02402245286769888,-0.05216644572838747,0.01306120407193423
zhen23,25,0.02,True,mtme_instructscore-refA,0.25110530082202864,-0.008249181519116133,0.0
zhen23,25,0.02,True,mtme_mbr-metricx-qe-src,0.3153305629754696,0.03315536418260212,0.05485705710212352
zhen23,25,0.02,True,mtme_mre-score-labse-regular-refA,0.05422572157770504,-0.002062295379778867,-0.0030141240166001726
zhen23,25,0.02,True,mtme_prismRef-refA,0.14912931011361094,-0.04502588729646573,0.08218790289023659
zhen23,25,0.02,True,mtme_prismSrc-src,0.05087284838445177,0.011195317775943736,0.011195317775943736
zhen23,25,0.02,True,mtme_sescoreX-refA,0.16391244956468043,-0.027428528551061815,0.04478127110377439
zhen23,25,0.02,True,mtme_tokengram_F-refA,0.05629997324846853,-0.0055976588879715905,0.03918361221580258
zhen23,34,0.01,True,mtme_BERTscore-refA,0.010868955251618802,-0.047292002765614294,0.023646001382807036
zhen23,34,0.01,True,mtme_BLEU-refA,0.04119241592869924,-0.051025581931320785,-0.012181273439628049
zhen23,34,0.01,True,mtme_BLEURT-20-refA,0.09841236131105474,-0.040577706076668996,0.023646001382807036
zhen23,34,0.01,True,mtme_COMET-refA,0.06023081136458687,-0.06643400388502951,0.023646001382807036
zhen23,34,0.01,True,mtme_Calibri-COMET22-QE-src,0.16380562051492945,-0.04800854826206291,0.003084261049931314
zhen23,34,0.01,True,mtme_Calibri-COMET22-refA,0.06690946367874667,-0.05809326265652626,-0.020493201198432898
zhen23,34,0.01,True,mtme_CometKiwi-XL-src,0.1882952299070697,-0.05225474379657391,0.004538121477508539
zhen23,34,0.01,True,mtme_CometKiwi-XXL-src,0.18574953598490906,-0.031528001843742715,0.001126000065847843
zhen23,34,0.01,True,mtme_CometKiwi-src,0.15606469878223633,-0.05892733677937656,-0.005015818475140987
zhen23,34,0.01,True,mtme_GEMBA-MQM-src,0.16715622523111007,-0.07230878683727981,0.015764000921871357
zhen23,34,0.01,True,mtme_KG-BERTScore-src,0.1625451171032402,-0.04203733579165703,0.023646001382807036
zhen23,34,0.01,True,mtme_MEE4-refA,-0.017566306608471152,-0.042728739340861965,0.007052316201889841
zhen23,34,0.01,True,mtme_MS-COMET-QE-22-src,0.19786754480406374,-0.020493201198432898,0.034205087120505406
zhen23,34,0.01,True,mtme_MaTESe-refA,0.20619115874607716,0.023646001382807036,0.028685565030344806
zhen23,34,0.01,True,mtme_MetricX-23-QE-b-src,0.25871217979777694,-0.039410002304678615,0.05423093938165724
zhen23,34,0.01,True,mtme_MetricX-23-QE-c-src,0.24656561870376525,-0.021394001251111128,0.029481285606271834
zhen23,34,0.01,True,mtme_MetricX-23-QE-src,0.30543009889749834,-0.06502650380271957,0.04582008143197358
zhen23,34,0.01,True,mtme_MetricX-23-b-refA,0.13401012081554178,-0.021394001251111128,0.023646001382807036
zhen23,34,0.01,True,mtme_MetricX-23-c-refA,0.1588957210811583,-0.05202120304217561,-0.004504000263391816
zhen23,34,0.01,True,mtme_MetricX-23-refA,0.18867290846247123,-0.019346728404114888,0.04884381962049622
zhen23,34,0.01,True,mtme_XCOMET-Ensemble-refA,0.2393569078770145,-0.02433139272723639,0.04212440142377927
zhen23,34,0.01,True,mtme_XCOMET-QE-Ensemble-src,0.23309998861769815,-0.028900668356764303,0.044764172858203666
zhen23,34,0.01,True,mtme_XCOMET-XL-refA,0.1781632009764133,-0.062339458191037034,0.03842872141558473
zhen23,34,0.01,True,mtme_XCOMET-XXL-refA,0.2339580074287045,-0.05517400322654997,0.07116188720244943
zhen23,34,0.01,True,mtme_XLsim-refA,0.002882403226127087,-0.05981047408592399,-0.006669385005407147
zhen23,34,0.01,True,mtme_YiSi-1-refA,0.0380440790007629,-0.06950491315552387,0.014373059664059107
zhen23,34,0.01,True,mtme_chrF-refA,-0.014802527539247611,-0.06502650380271957,0.014888223092878516
zhen23,34,0.01,True,mtme_cometoid22-wmt21-src,0.1720034694750098,-0.06761926711223798,-0.008969172938306347
zhen23,34,0.01,True,mtme_cometoid22-wmt22-src,0.2009712357015489,-0.06123708050419285,-0.017035291318796553
zhen23,34,0.01,True,mtme_cometoid22-wmt23-src,0.16717454213663563,-0.03310440193593012,-0.007882000460935679
zhen23,34,0.01,True,mtme_docWMT22CometDA-refA,0.052410667722380094,-0.03698477139362133,0.028685565030344806
zhen23,34,0.01,True,mtme_docWMT22CometKiwiDA-src,0.062058286223585606,0.01613933427715397,0.004729200276561318
zhen23,34,0.01,True,mtme_eBLEU-refA,-0.016721173376512265,-0.06463240377967283,0.023646001382807036
zhen23,34,0.01,True,mtme_embed_llama-refA,-0.02370682840734776,-0.024858616838335568,0.023646001382807036
zhen23,34,0.01,True,mtme_f200spBLEU-refA,-0.016892222860865835,-0.04391400256807043,0.006130444802949997
zhen23,34,0.01,True,mtme_instructscore-refA,-0.05230086634405532,-0.017838211569486173,0.008632667171501018
zhen23,34,0.01,True,mtme_mbr-metricx-qe-src,0.19230154015832046,0.003941000230467617,0.03288520140329321
zhen23,34,0.01,True,mtme_mre-score-labse-regular-refA,0.07577168679313773,-0.05932242452177916,0.0
zhen23,34,0.01,True,mtme_prismRef-refA,0.05814519741295725,-0.03367763833308901,0.029189521395098672
zhen23,34,0.01,True,mtme_prismSrc-src,0.07723120012116867,0.011034800645310039,0.023646001382807036
zhen23,34,0.01,True,mtme_sescoreX-refA,0.06362811898296275,-0.08762929924216745,-0.00417282377343664
zhen23,34,0.01,True,mtme_tokengram_F-refA,-0.022201057399331026,-0.05517400322654997,0.014373059664059107
zhen23,34,0.02,False,mtme_BERTscore-refA,0.010868955251618802,0.0,0.0
zhen23,34,0.02,False,mtme_BLEU-refA,0.04119241592869924,0.0,0.0
zhen23,34,0.02,False,mtme_BLEURT-20-refA,0.09841236131105474,0.0,0.0
zhen23,34,0.02,False,mtme_COMET-refA,0.06023081136458687,0.0,0.0
zhen23,34,0.02,False,mtme_Calibri-COMET22-QE-src,0.16380562051492945,0.0,0.0
zhen23,34,0.02,False,mtme_Calibri-COMET22-refA,0.06690946367874667,0.0,0.0
zhen23,34,0.02,False,mtme_CometKiwi-XL-src,0.1882952299070697,0.0,0.0
zhen23,34,0.02,False,mtme_CometKiwi-XXL-src,0.18574953598490906,0.0,0.0
zhen23,34,0.02,False,mtme_CometKiwi-src,0.15606469878223633,0.0,0.0
zhen23,34,0.02,False,mtme_GEMBA-MQM-src,0.16715622523111007,0.0,0.0
zhen23,34,0.02,False,mtme_KG-BERTScore-src,0.1625451171032402,0.0,0.0
zhen23,34,0.02,False,mtme_MEE4-refA,-0.017566306608471152,0.0,0.0
zhen23,34,0.02,False,mtme_MS-COMET-QE-22-src,0.19786754480406374,0.0,0.0
zhen23,34,0.02,False,mtme_MaTESe-refA,0.20619115874607716,0.0,0.0
zhen23,34,0.02,False,mtme_MetricX-23-QE-b-src,0.25871217979777694,0.0,0.0
zhen23,34,0.02,False,mtme_MetricX-23-QE-c-src,0.24656561870376525,0.0,0.0
zhen23,34,0.02,False,mtme_MetricX-23-QE-src,0.30543009889749834,0.0,0.0
zhen23,34,0.02,False,mtme_MetricX-23-b-refA,0.13401012081554178,0.0,0.0
zhen23,34,0.02,False,mtme_MetricX-23-c-refA,0.1588957210811583,0.0,0.0
zhen23,34,0.02,False,mtme_MetricX-23-refA,0.18867290846247123,0.0,0.0
zhen23,34,0.02,False,mtme_XCOMET-Ensemble-refA,0.2393569078770145,0.0,0.0
zhen23,34,0.02,False,mtme_XCOMET-QE-Ensemble-src,0.23309998861769815,0.0,0.0
zhen23,34,0.02,False,mtme_XCOMET-XL-refA,0.1781632009764133,0.0,0.0
zhen23,34,0.02,False,mtme_XCOMET-XXL-refA,0.2339580074287045,0.0,0.0
zhen23,34,0.02,False,mtme_XLsim-refA,0.002882403226127087,0.0,0.0
zhen23,34,0.02,False,mtme_YiSi-1-refA,0.0380440790007629,0.0,0.0
zhen23,34,0.02,False,mtme_chrF-refA,-0.014802527539247611,0.0,0.0
zhen23,34,0.02,False,mtme_cometoid22-wmt21-src,0.1720034694750098,0.0,0.0
zhen23,34,0.02,False,mtme_cometoid22-wmt22-src,0.2009712357015489,0.0,0.0
zhen23,34,0.02,False,mtme_cometoid22-wmt23-src,0.16717454213663563,0.0,0.0
zhen23,34,0.02,False,mtme_docWMT22CometDA-refA,0.052410667722380094,0.0,0.0
zhen23,34,0.02,False,mtme_docWMT22CometKiwiDA-src,0.062058286223585606,0.0,0.0
zhen23,34,0.02,False,mtme_eBLEU-refA,-0.016721173376512265,0.0,0.0
zhen23,34,0.02,False,mtme_embed_llama-refA,-0.02370682840734776,0.0,0.0
zhen23,34,0.02,False,mtme_f200spBLEU-refA,-0.016892222860865835,0.0,0.0
zhen23,34,0.02,False,mtme_instructscore-refA,-0.05230086634405532,0.0,0.0
zhen23,34,0.02,False,mtme_mbr-metricx-qe-src,0.19230154015832046,0.0,0.0
zhen23,34,0.02,False,mtme_mre-score-labse-regular-refA,0.07577168679313773,0.0,0.0
zhen23,34,0.02,False,mtme_prismRef-refA,0.05814519741295725,0.0,0.0
zhen23,34,0.02,False,mtme_prismSrc-src,0.07723120012116867,0.0,0.0
zhen23,34,0.02,False,mtme_sescoreX-refA,0.06362811898296275,0.0,0.0
zhen23,34,0.02,False,mtme_tokengram_F-refA,-0.022201057399331026,0.0,0.0
zhen23,35,0.01,True,mtme_BERTscore-refA,0.14759864791390698,0.025235009681893183,0.022892498523226168
zhen23,35,0.01,True,mtme_BLEU-refA,0.04350563245581529,-0.0018444193122977293,-0.010796827671820663
zhen23,35,0.01,True,mtme_BLEURT-20-refA,0.21522227326671697,0.020438439214146342,0.03938377708024199
zhen23,35,0.01,True,mtme_COMET-refA,0.2264153708653937,0.01516221169962495,0.03210821301097033
zhen23,35,0.01,True,mtme_Calibri-COMET22-QE-src,0.19547844702841505,-0.03265707135303808,-0.004665295907576805
zhen23,35,0.01,True,mtme_Calibri-COMET22-refA,0.2041168386622288,0.0005689385253143664,0.01959424281182287
zhen23,35,0.01,True,mtme_CometKiwi-XL-src,0.2528418922563297,-0.013713142516210697,0.016866839050470372
zhen23,35,0.01,True,mtme_CometKiwi-XXL-src,0.2546271697318354,-0.0034044051217452242,0.018661183630307554
zhen23,35,0.01,True,mtme_CometKiwi-src,0.2652460788348686,-0.005861525627468334,0.0259581849216457
zhen23,35,0.01,True,mtme_GEMBA-MQM-src,0.2972004334247255,0.012699972192848352,0.032890336148417076
zhen23,35,0.01,True,mtme_KG-BERTScore-src,0.24474018917765725,0.0032298202437071044,0.028458305036219045
zhen23,35,0.01,True,mtme_MEE4-refA,0.04455709165820871,0.0035545111676776875,0.00921680411009096
zhen23,35,0.01,True,mtme_MS-COMET-QE-22-src,0.2784186353452156,-0.00207346484781179,0.041543349272232244
zhen23,35,0.01,True,mtme_MaTESe-refA,0.29785112027456384,0.01516221169962495,0.028152647718136303
zhen23,35,0.01,True,mtme_MetricX-23-QE-b-src,0.44270563125848195,0.026894058761325557,0.04813219924158574
zhen23,35,0.01,True,mtme_MetricX-23-QE-c-src,0.3411566687980445,0.024659421225763478,0.043231742076879076
zhen23,35,0.01,True,mtme_MetricX-23-QE-src,0.39634667033318616,0.013540736902479256,0.02701531816248004
zhen23,35,0.01,True,mtme_MetricX-23-b-refA,0.30855858439853545,0.01158799306075542,0.026894058761325557
zhen23,35,0.01,True,mtme_MetricX-23-c-refA,0.24508944024181428,0.013147652103171259,0.03526095744098812
zhen23,35,0.01,True,mtme_MetricX-23-refA,0.31251327350930336,-0.0029688246684578257,0.009330591815153833
zhen23,35,0.01,True,mtme_XCOMET-Ensemble-refA,0.3827154064644775,0.018519811027047584,0.032890336148417076
zhen23,35,0.01,True,mtme_XCOMET-QE-Ensemble-src,0.368319355111362,0.027473409233508383,0.024026273924020902
zhen23,35,0.01,True,mtme_XCOMET-XL-refA,0.33336647472303443,0.012699972192848352,0.037322367260615
zhen23,35,0.01,True,mtme_XCOMET-XXL-refA,0.3641369846211441,0.022548930219954966,0.018519811027047584
zhen23,35,0.01,True,mtme_XLsim-refA,0.05002572690429922,0.004398707570001048,0.01959424281182287
zhen23,35,0.01,True,mtme_YiSi-1-refA,0.1781361819910728,0.017624451206401548,0.04198766316819191
zhen23,35,0.01,True,mtme_chrF-refA,0.07171562727946733,0.0035545111676776875,0.00921680411009096
zhen23,35,0.01,True,mtme_cometoid22-wmt21-src,0.29303246572685704,-0.01586200608576127,0.018661183630307554
zhen23,35,0.01,True,mtme_cometoid22-wmt22-src,0.2939581662475758,-0.012987175094065329,0.0077754931792949344
zhen23,35,0.01,True,mtme_cometoid22-wmt23-src,0.27001551514877803,0.0013869798644147169,0.028458305036219045
zhen23,35,0.01,True,mtme_docWMT22CometDA-refA,0.1804430743816674,0.0403789404414413,0.05409221471217518
zhen23,35,0.01,True,mtme_docWMT22CometKiwiDA-src,0.1509848946567348,0.007775493179294823,0.027473409233508383
zhen23,35,0.01,True,mtme_eBLEU-refA,0.049251302417152795,-0.0018444193122977293,-0.0013158526918806146
zhen23,35,0.01,True,mtme_embed_llama-refA,0.028186916999109413,0.010730180587426918,0.009330591815153833
zhen23,35,0.01,True,mtme_f200spBLEU-refA,0.05158808992158212,-0.004043256453233113,0.0035545111676776875
zhen23,35,0.01,True,mtme_instructscore-refA,0.2157847142274446,0.0064012199662102365,0.025235009681893183
zhen23,35,0.01,True,mtme_mbr-metricx-qe-src,0.3034291992570315,-0.009952631269497081,0.007775493179294823
zhen23,35,0.01,True,mtme_mre-score-labse-regular-refA,0.042914189331986,-0.0012170337150199106,0.0032298202437071044
zhen23,35,0.01,True,mtme_prismRef-refA,0.16736601833551656,0.02218860248725585,0.028458305036219045
zhen23,35,0.01,True,mtme_prismSrc-src,0.048765348468551274,-0.017005756050199494,-0.010796827671820663
zhen23,35,0.01,True,mtme_sescoreX-refA,0.16499776027261345,0.00921680411009096,0.022892498523226168
zhen23,35,0.01,True,mtme_tokengram_F-refA,0.07105038201406186,0.005089413717356606,0.010730180587426918
zhen23,35,0.02,True,mtme_BERTscore-refA,0.14759864791390698,-0.005141785018762057,0.01101811075449044
zhen23,35,0.02,True,mtme_BLEU-refA,0.04350563245581529,-0.011009297279826358,0.014531131574762712
zhen23,35,0.02,True,mtme_BLEURT-20-refA,0.21522227326671697,-0.010630748101693177,0.009612902426381464
zhen23,35,0.02,True,mtme_COMET-refA,0.2264153708653937,0.01826220196318995,0.029664144339012433
zhen23,35,0.02,True,mtme_Calibri-COMET22-QE-src,0.19547844702841505,0.03256463845216051,0.042487381470824204
zhen23,35,0.02,True,mtme_Calibri-COMET22-refA,0.2041168386622288,0.03499731093415537,0.03836562667845633
zhen23,35,0.02,True,mtme_CometKiwi-XL-src,0.2528418922563297,0.0029381628678640803,0.03256463845216051
zhen23,35,0.02,True,mtme_CometKiwi-XXL-src,0.2546271697318354,-0.018938367902886055,0.03256463845216051
zhen23,35,0.02,True,mtme_CometKiwi-src,0.2652460788348686,0.01271915241483279,0.05141785018762168
zhen23,35,0.02,True,mtme_GEMBA-MQM-src,0.2972004334247255,0.027178006527742937,0.04081291858642477
zhen23,35,0.02,True,mtme_KG-BERTScore-src,0.24474018917765725,-0.02945005010031365,0.024626444037229467
zhen23,35,0.02,True,mtme_MEE4-refA,0.04455709165820871,0.0008118607924361143,0.013711426716699116
zhen23,35,0.02,True,mtme_MS-COMET-QE-22-src,0.2784186353452156,0.02502335375797582,0.05313177852720907
zhen23,35,0.02,True,mtme_MaTESe-refA,0.29785112027456384,0.005631478830072978,0.037277941386025804
zhen23,35,0.02,True,mtme_MetricX-23-QE-b-src,0.44270563125848195,0.035581152329834165,0.05141785018762168
zhen23,35,0.02,True,mtme_MetricX-23-QE-c-src,0.3411566687980445,0.028793996105068165,0.05387696476181225
zhen23,35,0.02,True,mtme_MetricX-23-QE-src,0.39634667033318616,0.03942035181050996,0.05313177852720907
zhen23,35,0.02,True,mtme_MetricX-23-b-refA,0.30855858439853545,0.02570892509381084,0.05141785018762168
zhen23,35,0.02,True,mtme_MetricX-23-c-refA,0.24508944024181428,0.015425355056286616,0.01909805864111669
zhen23,35,0.02,True,mtme_MetricX-23-refA,0.31251327350930336,0.023138032584429924,0.042487381470824204
zhen23,35,0.02,True,mtme_XCOMET-Ensemble-refA,0.3827154064644775,0.014820439171726374,0.05439467309322088
zhen23,35,0.02,True,mtme_XCOMET-QE-Ensemble-src,0.368319355111362,0.018672798226031073,0.05141785018762168
zhen23,35,0.02,True,mtme_XCOMET-XL-refA,0.33336647472303443,0.006170142022514646,0.05411116614983047
zhen23,35,0.02,True,mtme_XCOMET-XXL-refA,0.3641369846211441,0.03256463845216051,0.054744887552703125
zhen23,35,0.02,True,mtme_XLsim-refA,0.05002572690429922,-0.0006170142022514646,-0.005141785018762057
zhen23,35,0.02,True,mtme_YiSi-1-refA,0.1781361819910728,0.004284820848968529,0.007427022804878725
zhen23,35,0.02,True,mtme_chrF-refA,0.07171562727946733,0.008998123782833822,0.0005141785018761835
zhen23,35,0.02,True,mtme_cometoid22-wmt21-src,0.29303246572685704,0.001512289711400605,0.04010592314634498
zhen23,35,0.02,True,mtme_cometoid22-wmt22-src,0.2939581662475758,0.031217980471056173,0.05613115312148709
zhen23,35,0.02,True,mtme_cometoid22-wmt23-src,0.27001551514877803,0.01675226731919288,0.043337902300995435
zhen23,35,0.02,True,mtme_docWMT22CometDA-refA,0.1804430743816674,0.05141785018762168,0.057702254099442296
zhen23,35,0.02,True,mtme_docWMT22CometKiwiDA-src,0.1509848946567348,0.008432527430769943,0.03420404816828737
zhen23,35,0.02,True,mtme_eBLEU-refA,0.049251302417152795,-0.005141785018762057,0.004284820848968529
zhen23,35,0.02,True,mtme_embed_llama-refA,0.028186916999109413,-0.005141785018762057,0.008998123782833822
zhen23,35,0.02,True,mtme_f200spBLEU-refA,0.05158808992158212,-0.011009297279826358,0.010283570037524448
zhen23,35,0.02,True,mtme_instructscore-refA,0.2157847142274446,0.012957298247280646,0.024367589871525097
zhen23,35,0.02,True,mtme_mbr-metricx-qe-src,0.3034291992570315,0.03444995962570652,0.05141785018762168
zhen23,35,0.02,True,mtme_mre-score-labse-regular-refA,0.042914189331986,0.004284820848968529,0.020962661999568866
zhen23,35,0.02,True,mtme_prismRef-refA,0.16736601833551656,0.015058084697803675,0.024367589871525097
zhen23,35,0.02,True,mtme_prismSrc-src,0.048765348468551274,0.015425355056286616,0.013711426716699116
zhen23,35,0.02,True,mtme_sescoreX-refA,0.16499776027261345,-0.016119711184624075,0.018672798226031073
zhen23,35,0.02,True,mtme_tokengram_F-refA,0.07105038201406186,0.005141785018762279,0.0
zhen23,45,0.01,True,mtme_BERTscore-refA,0.13358330907513136,0.013947706417286043,0.06580456360975995
zhen23,45,0.01,True,mtme_BLEU-refA,0.020852739967495912,0.0022433373957874148,0.03701506703049018
zhen23,45,0.01,True,mtme_BLEURT-20-refA,0.19141467861379619,-0.017736386285443162,0.05111604494686717
zhen23,45,0.01,True,mtme_COMET-refA,0.21440885713149205,0.009253766757622461,0.06113094403520314
zhen23,45,0.01,True,mtme_Calibri-COMET22-QE-src,0.19254335182859375,-0.006169177838414974,0.014726424517506831
zhen23,45,0.01,True,mtme_Calibri-COMET22-refA,0.1673542347966992,-0.0017626222395470403,0.057146068397949445
zhen23,45,0.01,True,mtme_CometKiwi-XL-src,0.24550896994848267,-0.025998678033320344,0.022303950646577198
zhen23,45,0.01,True,mtme_CometKiwi-XXL-src,0.24780970777065378,-0.02040574208091117,0.07662768262452313
zhen23,45,0.01,True,mtme_CometKiwi-src,0.23904158231481876,-0.000725785628048703,0.010655852629989582
zhen23,45,0.01,True,mtme_GEMBA-MQM-src,0.3054351439573295,0.01586360015592425,0.030845889192074982
zhen23,45,0.01,True,mtme_KG-BERTScore-src,0.23445846093933725,-0.013287459959663073,0.01696523905564129
zhen23,45,0.01,True,mtme_MEE4-refA,0.035764021035145505,0.0022433373957874148,0.03701506703049018
zhen23,45,0.01,True,mtme_MS-COMET-QE-22-src,0.24831564685111787,-0.02752402420215927,0.03531322486816857
zhen23,45,0.01,True,mtme_MaTESe-refA,0.29846255802749855,0.02467671135366012,0.040099655949697555
zhen23,45,0.01,True,mtme_MetricX-23-QE-b-src,0.4155519091735663,0.013660322356490395,0.06248780133104237
zhen23,45,0.01,True,mtme_MetricX-23-QE-c-src,0.33830406643865524,0.004112785225610094,0.030845889192074982
zhen23,45,0.01,True,mtme_MetricX-23-QE-src,0.37265843792684294,0.05552260054573499,0.07403013406097991
zhen23,45,0.01,True,mtme_MetricX-23-b-refA,0.30958322229411733,-0.017736386285443162,0.019741369082928006
zhen23,45,0.01,True,mtme_MetricX-23-c-refA,0.2431088845568311,-0.0017626222395470403,0.021994460119566628
zhen23,45,0.01,True,mtme_MetricX-23-refA,0.3190879541048633,-0.037015067030489845,0.0070504889581886054
zhen23,45,0.01,True,mtme_XCOMET-Ensemble-refA,0.3499803850316892,-0.027524024202159048,0.03454739589512412
zhen23,45,0.01,True,mtme_XCOMET-QE-Ensemble-src,0.3772982696671481,0.040099655949697555,0.05860718946494248
zhen23,45,0.01,True,mtme_XCOMET-XL-refA,0.30928322381144785,-0.027524024202159048,0.0070504889581886054
zhen23,45,0.01,True,mtme_XCOMET-XXL-refA,0.3487801600127568,-0.014581693072617252,0.030845889192074982
zhen23,45,0.01,True,mtme_XLsim-refA,0.04614747568889467,0.02467671135366012,0.07213192549531378
zhen23,45,0.01,True,mtme_YiSi-1-refA,0.15936279427646238,0.038087967524127464,0.059929156144602924
zhen23,45,0.01,True,mtme_chrF-refA,0.058345611128985224,0.009253766757622461,0.034958674417684965
zhen23,45,0.01,True,mtme_cometoid22-wmt21-src,0.27246007520460414,-0.029303594732471128,0.013660322356490395
zhen23,45,0.01,True,mtme_cometoid22-wmt22-src,0.2798079845498691,-0.020780388508345293,0.015185668525329321
zhen23,45,0.01,True,mtme_cometoid22-wmt23-src,0.24584799379818367,-0.02299420830681953,0.04430591356679858
zhen23,45,0.01,True,mtme_docWMT22CometDA-refA,0.16270220608404873,0.010655852629989582,0.049353422707320016
zhen23,45,0.01,True,mtme_docWMT22CometKiwiDA-src,0.15445450512581116,0.020270155754792185,0.01586360015592425
zhen23,45,0.01,True,mtme_eBLEU-refA,0.03963983081411296,0.01233835567683006,0.04282135205488058
zhen23,45,0.01,True,mtme_embed_llama-refA,0.022857170951494716,0.033489822551395876,0.04670948934799923
zhen23,45,0.01,True,mtme_f200spBLEU-refA,0.029829248637883797,0.01233835567683006,0.018182839944802187
zhen23,45,0.01,True,mtme_instructscore-refA,0.24444422122540582,0.013660322356490395,0.03153135339634339
zhen23,45,0.01,True,mtme_mbr-metricx-qe-src,0.30447405729102744,-0.024676711353659897,0.03004121382184699
zhen23,45,0.01,True,mtme_mre-score-labse-regular-refA,-0.00948856870960365,-0.01103958139505834,0.020270155754792185
zhen23,45,0.01,True,mtme_prismRef-refA,0.15638180866368964,0.040099655949697555,0.09314259118506363
zhen23,45,0.01,True,mtme_prismSrc-src,0.015799220471279213,0.0,0.01696523905564129
zhen23,45,0.01,True,mtme_sescoreX-refA,0.14965754515160634,-0.013880650136433914,0.01906836786419175
zhen23,45,0.01,True,mtme_tokengram_F-refA,0.05721318575979946,0.004935342270732002,0.02792364705808892
zhen23,45,0.02,True,mtme_BERTscore-refA,0.13358330907513136,-0.05819526907557293,-0.012071185718388389
zhen23,45,0.02,True,mtme_BLEU-refA,0.020852739967495912,-0.00794428461808483,0.02458945238930965
zhen23,45,0.02,True,mtme_BLEURT-20-refA,0.19141467861379619,-0.023432301688636414,0.010214080223251654
zhen23,45,0.02,True,mtme_COMET-refA,0.21440885713149205,-0.014753671433585636,0.07376835716792907
zhen23,45,0.02,True,mtme_Calibri-COMET22-QE-src,0.19254335182859375,0.0265566085804545,0.03835954572732292
zhen23,45,0.02,True,mtme_Calibri-COMET22-refA,0.1673542347966992,-0.03442523334503389,0.014753671433585747
zhen23,45,0.02,True,mtme_CometKiwi-XL-src,0.24550896994848267,-0.052870797738854725,0.07376835716792907
zhen23,45,0.02,True,mtme_CometKiwi-XXL-src,0.24780970777065378,-0.0766794845931853,0.08934859653294391
zhen23,45,0.02,True,mtme_CometKiwi-src,0.23904158231481876,-0.0530860423248074,0.0782784264578017
zhen23,45,0.02,True,mtme_GEMBA-MQM-src,0.3054351439573295,0.028804787084619865,0.05901468573434332
zhen23,45,0.02,True,mtme_KG-BERTScore-src,0.23445846093933725,0.07376835716792907,0.08729856503754707
zhen23,45,0.02,True,mtme_MEE4-refA,0.035764021035145505,-0.018032265085493826,0.002950734286716994
zhen23,45,0.02,True,mtme_MS-COMET-QE-22-src,0.24831564685111787,-0.060679671089687304,0.04426101430075746
zhen23,45,0.02,True,mtme_MaTESe-refA,0.29846255802749855,-0.048016345374821245,0.07376835716792907
zhen23,45,0.02,True,mtme_MetricX-23-QE-b-src,0.4155519091735663,0.014753671433585747,0.06468917474726088
zhen23,45,0.02,True,mtme_MetricX-23-QE-c-src,0.33830406643865524,0.07376835716792907,0.09281087194739168
zhen23,45,0.02,True,mtme_MetricX-23-QE-src,0.37265843792684294,0.04426101430075724,0.10437239877777937
zhen23,45,0.02,True,mtme_MetricX-23-b-refA,0.30958322229411733,-0.014753671433585636,0.04753960795266543
zhen23,45,0.02,True,mtme_MetricX-23-c-refA,0.2431088845568311,0.09090662046944531,0.09825159045580933
zhen23,45,0.02,True,mtme_MetricX-23-refA,0.3190879541048633,-0.0049178904778619525,0.061965420021060424
zhen23,45,0.02,True,mtme_XCOMET-Ensemble-refA,0.3499803850316892,-0.02739967551951694,0.10492883589795843
zhen23,45,0.02,True,mtme_XCOMET-QE-Ensemble-src,0.3772982696671481,-0.04426101430075757,0.10590260085827197
zhen23,45,0.02,True,mtme_XCOMET-XL-refA,0.30928322381144785,-0.010538336738275644,0.08805024325252586
zhen23,45,0.02,True,mtme_XCOMET-XXL-refA,0.3487801600127568,0.054096795256481145,0.10641266821843598
zhen23,45,0.02,True,mtme_XLsim-refA,0.04614747568889467,0.014753671433585969,0.014753671433585969
zhen23,45,0.02,True,mtme_YiSi-1-refA,0.15936279427646238,-0.0683292725481659,0.014753671433585969
zhen23,45,0.02,True,mtme_chrF-refA,0.058345611128985224,-0.03353107143996792,0.0011348978025835788
zhen23,45,0.02,True,mtme_cometoid22-wmt21-src,0.27246007520460414,-0.05355051748396766,0.08519386603560664
zhen23,45,0.02,True,mtme_cometoid22-wmt22-src,0.2798079845498691,-0.02065514000702029,0.04426101430075746
zhen23,45,0.02,True,mtme_cometoid22-wmt23-src,0.24584799379818367,-0.022801128579178043,0.07376835716792907
zhen23,45,0.02,True,mtme_docWMT22CometDA-refA,0.16270220608404873,-0.04426101430075757,0.034425233345033446
zhen23,45,0.02,True,mtme_docWMT22CometKiwiDA-src,0.15445450512581116,-0.06387218768753478,0.08600997381186914
zhen23,45,0.02,True,mtme_eBLEU-refA,0.03963983081411296,-0.0049178904778617305,-0.02065514000702029
zhen23,45,0.02,True,mtme_embed_llama-refA,0.022857170951494716,0.002950734286716994,0.00938870000319092
zhen23,45,0.02,True,mtme_f200spBLEU-refA,0.029829248637883797,0.004339315127525167,0.010214080223251654
zhen23,45,0.02,True,mtme_instructscore-refA,0.24444422122540582,-0.0049178904778619525,0.020655140007019956
zhen23,45,0.02,True,mtme_mbr-metricx-qe-src,0.30447405729102744,-0.002603589076515256,0.02458945238930965
zhen23,45,0.02,True,mtme_mre-score-labse-regular-refA,-0.00948856870960365,-0.0049178904778617305,0.054096795256481145
zhen23,45,0.02,True,mtme_prismRef-refA,0.15638180866368964,-0.05657500689245487,-0.004917890477862175
zhen23,45,0.02,True,mtme_prismSrc-src,0.015799220471279213,-0.04426101430075757,0.0265566085804545
zhen23,45,0.02,True,mtme_sescoreX-refA,0.14965754515160634,-0.00794428461808483,0.014753671433585747
zhen23,45,0.02,True,mtme_tokengram_F-refA,0.05721318575979946,-0.027399675519516498,-0.004917890477862175
