lp,pair,eps,informative,judge,rho,HES_cvl,HES_cvq
ende23,01,0.0028092857142856978,False,mtme_BERTscore-refA,0.12120202586645204,,
ende23,01,0.0028092857142856978,False,mtme_BLEU-refA,0.11896088201005658,,
ende23,01,0.0028092857142856978,False,mtme_BLEURT-20-refA,0.2885157694205227,,
ende23,01,0.0028092857142856978,False,mtme_COMET-refA,0.2890074589076448,,
ende23,01,0.0028092857142856978,False,mtme_Calibri-COMET22-QE-src,0.29496402270261113,,
ende23,01,0.0028092857142856978,False,mtme_Calibri-COMET22-refA,0.26071649572293143,,
ende23,01,0.0028092857142856978,False,mtme_CometKiwi-XL-src,0.2608701267217755,,
ende23,01,0.0028092857142856978,False,mtme_CometKiwi-XXL-src,0.2195929359521415,,
ende23,01,0.0028092857142856978,False,mtme_CometKiwi-src,0.2634424608200941,,
ende23,01,0.0028092857142856978,False,mtme_GEMBA-MQM-src,0.24029016918671503,,
ende23,01,0.0028092857142856978,False,mtme_KG-BERTScore-src,0.24045752143739768,,
ende23,01,0.0028092857142856978,False,mtme_MEE4-refA,0.09420487389316404,,
ende23,01,0.0028092857142856978,False,mtme_MS-COMET-QE-22-src,0.22671839281343079,,
ende23,01,0.0028092857142856978,False,mtme_MaTESe-refA,0.23565136894377234,,
ende23,01,0.0028092857142856978,False,mtme_MetricX-23-QE-b-src,0.36157622598066974,,
ende23,01,0.0028092857142856978,False,mtme_MetricX-23-QE-c-src,0.35701287644265134,,
ende23,01,0.0028092857142856978,False,mtme_MetricX-23-QE-src,0.34979550165148426,,
ende23,01,0.0028092857142856978,False,mtme_MetricX-23-b-refA,0.2415136636803648,,
ende23,01,0.0028092857142856978,False,mtme_MetricX-23-c-refA,0.16410958294732425,,
ende23,01,0.0028092857142856978,False,mtme_MetricX-23-refA,0.2713833515717353,,
ende23,01,0.0028092857142856978,False,mtme_XCOMET-Ensemble-refA,0.38876805203878473,,
ende23,01,0.0028092857142856978,False,mtme_XCOMET-QE-Ensemble-src,0.32876929760443785,,
ende23,01,0.0028092857142856978,False,mtme_XCOMET-XL-refA,0.40489447758194375,,
ende23,01,0.0028092857142856978,False,mtme_XCOMET-XXL-refA,0.3128268032830912,,
ende23,01,0.0028092857142856978,False,mtme_XLsim-refA,0.08830995836794253,,
ende23,01,0.0028092857142856978,False,mtme_YiSi-1-refA,0.12539972702723673,,
ende23,01,0.0028092857142856978,False,mtme_chrF-refA,0.11154695654183196,,
ende23,01,0.0028092857142856978,False,mtme_cometoid22-wmt21-src,0.31546883954546856,,
ende23,01,0.0028092857142856978,False,mtme_cometoid22-wmt22-src,0.31352610569646067,,
ende23,01,0.0028092857142856978,False,mtme_cometoid22-wmt23-src,0.31637554402472057,,
ende23,01,0.0028092857142856978,False,mtme_docWMT22CometDA-refA,0.2986594033162662,,
ende23,01,0.0028092857142856978,False,mtme_docWMT22CometKiwiDA-src,0.30089182907528367,,
ende23,01,0.0028092857142856978,False,mtme_eBLEU-refA,0.045168518960781966,,
ende23,01,0.0028092857142856978,False,mtme_embed_llama-refA,0.08559120145852925,,
ende23,01,0.0028092857142856978,False,mtme_f200spBLEU-refA,0.10939665171402843,,
ende23,01,0.0028092857142856978,False,mtme_instructscore-refA,0.23761476052502462,,
ende23,01,0.0028092857142856978,False,mtme_mbr-metricx-qe-src,0.3079804499585718,,
ende23,01,0.0028092857142856978,False,mtme_mre-score-labse-regular-refA,0.13634359943313223,,
ende23,01,0.0028092857142856978,False,mtme_prismRef-refA,0.14858289948339715,,
ende23,01,0.0028092857142856978,False,mtme_prismSrc-src,0.09735067709175367,,
ende23,01,0.0028092857142856978,False,mtme_sescoreX-refA,0.23761476052502462,,
ende23,01,0.0028092857142856978,False,mtme_tokengram_F-refA,0.10976921900547712,,
ende23,02,0.02693711180124225,False,mtme_BERTscore-refA,0.1397536027087628,,
ende23,02,0.02693711180124225,False,mtme_BLEU-refA,0.11554804507311767,,
ende23,02,0.02693711180124225,False,mtme_BLEURT-20-refA,0.25540216428661167,,
ende23,02,0.02693711180124225,False,mtme_COMET-refA,0.244261639949705,,
ende23,02,0.02693711180124225,False,mtme_Calibri-COMET22-QE-src,0.16215419628784877,,
ende23,02,0.02693711180124225,False,mtme_Calibri-COMET22-refA,0.20648793872982035,,
ende23,02,0.02693711180124225,False,mtme_CometKiwi-XL-src,0.23838475057288117,,
ende23,02,0.02693711180124225,False,mtme_CometKiwi-XXL-src,0.20461548778321131,,
ende23,02,0.02693711180124225,False,mtme_CometKiwi-src,0.19042791302702833,,
ende23,02,0.02693711180124225,False,mtme_GEMBA-MQM-src,0.1835081032489969,,
ende23,02,0.02693711180124225,False,mtme_KG-BERTScore-src,0.18578052056657635,,
ende23,02,0.02693711180124225,False,mtme_MEE4-refA,0.11563772439815294,,
ende23,02,0.02693711180124225,False,mtme_MS-COMET-QE-22-src,0.14767523789818254,,
ende23,02,0.02693711180124225,False,mtme_MaTESe-refA,0.24004746361947743,,
ende23,02,0.02693711180124225,False,mtme_MetricX-23-QE-b-src,0.2879430321194393,,
ende23,02,0.02693711180124225,False,mtme_MetricX-23-QE-c-src,0.31844722991129704,,
ende23,02,0.02693711180124225,False,mtme_MetricX-23-QE-src,0.2966769278419459,,
ende23,02,0.02693711180124225,False,mtme_MetricX-23-b-refA,0.336006817856018,,
ende23,02,0.02693711180124225,False,mtme_MetricX-23-c-refA,0.19231923032097256,,
ende23,02,0.02693711180124225,False,mtme_MetricX-23-refA,0.321782665974377,,
ende23,02,0.02693711180124225,False,mtme_XCOMET-Ensemble-refA,0.3507045642123682,,
ende23,02,0.02693711180124225,False,mtme_XCOMET-QE-Ensemble-src,0.2995295157735624,,
ende23,02,0.02693711180124225,False,mtme_XCOMET-XL-refA,0.31683720470081445,,
ende23,02,0.02693711180124225,False,mtme_XCOMET-XXL-refA,0.3300574696457078,,
ende23,02,0.02693711180124225,False,mtme_XLsim-refA,0.08618266456545487,,
ende23,02,0.02693711180124225,False,mtme_YiSi-1-refA,0.17209519626612432,,
ende23,02,0.02693711180124225,False,mtme_chrF-refA,0.11019587730033031,,
ende23,02,0.02693711180124225,False,mtme_cometoid22-wmt21-src,0.21723597902769815,,
ende23,02,0.02693711180124225,False,mtme_cometoid22-wmt22-src,0.21436345449428054,,
ende23,02,0.02693711180124225,False,mtme_cometoid22-wmt23-src,0.23813687351129786,,
ende23,02,0.02693711180124225,False,mtme_docWMT22CometDA-refA,0.2162069634944748,,
ende23,02,0.02693711180124225,False,mtme_docWMT22CometKiwiDA-src,0.1803674508751933,,
ende23,02,0.02693711180124225,False,mtme_eBLEU-refA,0.04818484006296046,,
ende23,02,0.02693711180124225,False,mtme_embed_llama-refA,0.09248935207024575,,
ende23,02,0.02693711180124225,False,mtme_f200spBLEU-refA,0.112739096664603,,
ende23,02,0.02693711180124225,False,mtme_instructscore-refA,0.23685241955637582,,
ende23,02,0.02693711180124225,False,mtme_mbr-metricx-qe-src,0.17324307422854962,,
ende23,02,0.02693711180124225,False,mtme_mre-score-labse-regular-refA,0.11986311349896087,,
ende23,02,0.02693711180124225,False,mtme_prismRef-refA,0.17014288080363454,,
ende23,02,0.02693711180124225,False,mtme_prismSrc-src,0.034992931978916814,,
ende23,02,0.02693711180124225,False,mtme_sescoreX-refA,0.23685241955637582,,
ende23,02,0.02693711180124225,False,mtme_tokengram_F-refA,0.11197616223365853,,
ende23,03,0.04864863354037272,False,mtme_BERTscore-refA,0.0920663634975562,,
ende23,03,0.04864863354037272,False,mtme_BLEU-refA,0.0740090563049455,,
ende23,03,0.04864863354037272,False,mtme_BLEURT-20-refA,0.22417221453089317,,
ende23,03,0.04864863354037272,False,mtme_COMET-refA,0.19767008390055787,,
ende23,03,0.04864863354037272,False,mtme_Calibri-COMET22-QE-src,0.11323744393572475,,
ende23,03,0.04864863354037272,False,mtme_Calibri-COMET22-refA,0.10749017173476633,,
ende23,03,0.04864863354037272,False,mtme_CometKiwi-XL-src,0.12755440525312567,,
ende23,03,0.04864863354037272,False,mtme_CometKiwi-XXL-src,0.17034910041073165,,
ende23,03,0.04864863354037272,False,mtme_CometKiwi-src,0.12051905956296571,,
ende23,03,0.04864863354037272,False,mtme_GEMBA-MQM-src,0.15469226537411354,,
ende23,03,0.04864863354037272,False,mtme_KG-BERTScore-src,0.10328736119260047,,
ende23,03,0.04864863354037272,False,mtme_MEE4-refA,0.06239304304421208,,
ende23,03,0.04864863354037272,False,mtme_MS-COMET-QE-22-src,0.030606499463615502,,
ende23,03,0.04864863354037272,False,mtme_MaTESe-refA,0.21727009271760506,,
ende23,03,0.04864863354037272,False,mtme_MetricX-23-QE-b-src,0.23057452121258049,,
ende23,03,0.04864863354037272,False,mtme_MetricX-23-QE-c-src,0.2596020803126443,,
ende23,03,0.04864863354037272,False,mtme_MetricX-23-QE-src,0.24323619942224245,,
ende23,03,0.04864863354037272,False,mtme_MetricX-23-b-refA,0.2627361163683285,,
ende23,03,0.04864863354037272,False,mtme_MetricX-23-c-refA,0.18327846158057864,,
ende23,03,0.04864863354037272,False,mtme_MetricX-23-refA,0.25278926471622104,,
ende23,03,0.04864863354037272,False,mtme_XCOMET-Ensemble-refA,0.31543425647978196,,
ende23,03,0.04864863354037272,False,mtme_XCOMET-QE-Ensemble-src,0.2893608067731943,,
ende23,03,0.04864863354037272,False,mtme_XCOMET-XL-refA,0.29024178586390204,,
ende23,03,0.04864863354037272,False,mtme_XCOMET-XXL-refA,0.2907825418167684,,
ende23,03,0.04864863354037272,False,mtme_XLsim-refA,0.043329773493501963,,
ende23,03,0.04864863354037272,False,mtme_YiSi-1-refA,0.11737220103935958,,
ende23,03,0.04864863354037272,False,mtme_chrF-refA,0.0632938378300229,,
ende23,03,0.04864863354037272,False,mtme_cometoid22-wmt21-src,0.17070082471761905,,
ende23,03,0.04864863354037272,False,mtme_cometoid22-wmt22-src,0.18355030873679437,,
ende23,03,0.04864863354037272,False,mtme_cometoid22-wmt23-src,0.20456126062225968,,
ende23,03,0.04864863354037272,False,mtme_docWMT22CometDA-refA,0.21642238506836742,,
ende23,03,0.04864863354037272,False,mtme_docWMT22CometKiwiDA-src,0.10788842565626924,,
ende23,03,0.04864863354037272,False,mtme_eBLEU-refA,0.03631297547580098,,
ende23,03,0.04864863354037272,False,mtme_embed_llama-refA,0.06347620344456838,,
ende23,03,0.04864863354037272,False,mtme_f200spBLEU-refA,0.06825161216325937,,
ende23,03,0.04864863354037272,False,mtme_instructscore-refA,0.2308638797617123,,
ende23,03,0.04864863354037272,False,mtme_mbr-metricx-qe-src,0.21718140176172057,,
ende23,03,0.04864863354037272,False,mtme_mre-score-labse-regular-refA,0.16519906875136398,,
ende23,03,0.04864863354037272,False,mtme_prismRef-refA,0.12325012042422062,,
ende23,03,0.04864863354037272,False,mtme_prismSrc-src,-0.050712415351895995,,
ende23,03,0.04864863354037272,False,mtme_sescoreX-refA,0.2308638797617123,,
ende23,03,0.04864863354037272,False,mtme_tokengram_F-refA,0.06261330379136572,,
ende23,04,0.04973962732919243,False,mtme_BERTscore-refA,0.17148067506052717,,
ende23,04,0.04973962732919243,False,mtme_BLEU-refA,0.12758852934919296,,
ende23,04,0.04973962732919243,False,mtme_BLEURT-20-refA,0.3044074205456355,,
ende23,04,0.04973962732919243,False,mtme_COMET-refA,0.3086601101338291,,
ende23,04,0.04973962732919243,False,mtme_Calibri-COMET22-QE-src,0.20484942953323232,,
ende23,04,0.04973962732919243,False,mtme_Calibri-COMET22-refA,0.2118096099288933,,
ende23,04,0.04973962732919243,False,mtme_CometKiwi-XL-src,0.293713468107207,,
ende23,04,0.04973962732919243,False,mtme_CometKiwi-XXL-src,0.25429508889448793,,
ende23,04,0.04973962732919243,False,mtme_CometKiwi-src,0.22844141098968523,,
ende23,04,0.04973962732919243,False,mtme_GEMBA-MQM-src,0.29252351938908316,,
ende23,04,0.04973962732919243,False,mtme_KG-BERTScore-src,0.21595154186344018,,
ende23,04,0.04973962732919243,False,mtme_MEE4-refA,0.1281403694345169,,
ende23,04,0.04973962732919243,False,mtme_MS-COMET-QE-22-src,0.16728935018380164,,
ende23,04,0.04973962732919243,False,mtme_MaTESe-refA,0.3542096992651266,,
ende23,04,0.04973962732919243,False,mtme_MetricX-23-QE-b-src,0.426227123061526,,
ende23,04,0.04973962732919243,False,mtme_MetricX-23-QE-c-src,0.3598869411006661,,
ende23,04,0.04973962732919243,False,mtme_MetricX-23-QE-src,0.4103485721989929,,
ende23,04,0.04973962732919243,False,mtme_MetricX-23-b-refA,0.4306691549871755,,
ende23,04,0.04973962732919243,False,mtme_MetricX-23-c-refA,0.21432180401031387,,
ende23,04,0.04973962732919243,False,mtme_MetricX-23-refA,0.4367309454044724,,
ende23,04,0.04973962732919243,False,mtme_XCOMET-Ensemble-refA,0.48597359844461707,,
ende23,04,0.04973962732919243,False,mtme_XCOMET-QE-Ensemble-src,0.39290815859059425,,
ende23,04,0.04973962732919243,False,mtme_XCOMET-XL-refA,0.47814222341990914,,
ende23,04,0.04973962732919243,False,mtme_XCOMET-XXL-refA,0.4634305517982971,,
ende23,04,0.04973962732919243,False,mtme_XLsim-refA,0.12320778240692457,,
ende23,04,0.04973962732919243,False,mtme_YiSi-1-refA,0.1797848656679927,,
ende23,04,0.04973962732919243,False,mtme_chrF-refA,0.12621155064676315,,
ende23,04,0.04973962732919243,False,mtme_cometoid22-wmt21-src,0.2984178354559521,,
ende23,04,0.04973962732919243,False,mtme_cometoid22-wmt22-src,0.28737992108079696,,
ende23,04,0.04973962732919243,False,mtme_cometoid22-wmt23-src,0.29433769253463526,,
ende23,04,0.04973962732919243,False,mtme_docWMT22CometDA-refA,0.29553861689429983,,
ende23,04,0.04973962732919243,False,mtme_docWMT22CometKiwiDA-src,0.19770207798154255,,
ende23,04,0.04973962732919243,False,mtme_eBLEU-refA,0.07237300255474274,,
ende23,04,0.04973962732919243,False,mtme_embed_llama-refA,0.10987084488899465,,
ende23,04,0.04973962732919243,False,mtme_f200spBLEU-refA,0.12618985795700063,,
ende23,04,0.04973962732919243,False,mtme_instructscore-refA,0.29490721731381514,,
ende23,04,0.04973962732919243,False,mtme_mbr-metricx-qe-src,0.34620907235934206,,
ende23,04,0.04973962732919243,False,mtme_mre-score-labse-regular-refA,0.18570635231646526,,
ende23,04,0.04973962732919243,False,mtme_prismRef-refA,0.17367789782686177,,
ende23,04,0.04973962732919243,False,mtme_prismSrc-src,-0.03679875368885227,,
ende23,04,0.04973962732919243,False,mtme_sescoreX-refA,0.29490721731381514,,
ende23,04,0.04973962732919243,False,mtme_tokengram_F-refA,0.1296355075746654,,
ende23,05,0.07813136645962748,False,mtme_BERTscore-refA,0.15236737219015664,,
ende23,05,0.07813136645962748,False,mtme_BLEU-refA,0.0649118822955576,,
ende23,05,0.07813136645962748,False,mtme_BLEURT-20-refA,0.35660523562033275,,
ende23,05,0.07813136645962748,False,mtme_COMET-refA,0.3680263689527913,,
ende23,05,0.07813136645962748,False,mtme_Calibri-COMET22-QE-src,0.3044070555624915,,
ende23,05,0.07813136645962748,False,mtme_Calibri-COMET22-refA,0.2877604687304329,,
ende23,05,0.07813136645962748,False,mtme_CometKiwi-XL-src,0.33591388943607303,,
ende23,05,0.07813136645962748,False,mtme_CometKiwi-XXL-src,0.3163376349229462,,
ende23,05,0.07813136645962748,False,mtme_CometKiwi-src,0.31571760804603494,,
ende23,05,0.07813136645962748,False,mtme_GEMBA-MQM-src,0.3463657251190373,,
ende23,05,0.07813136645962748,False,mtme_KG-BERTScore-src,0.2956579686315211,,
ende23,05,0.07813136645962748,False,mtme_MEE4-refA,0.09361347355682217,,
ende23,05,0.07813136645962748,False,mtme_MS-COMET-QE-22-src,0.2717397015585886,,
ende23,05,0.07813136645962748,False,mtme_MaTESe-refA,0.34569876046903825,,
ende23,05,0.07813136645962748,False,mtme_MetricX-23-QE-b-src,0.5087498590159851,,
ende23,05,0.07813136645962748,False,mtme_MetricX-23-QE-c-src,0.48681079164451946,,
ende23,05,0.07813136645962748,False,mtme_MetricX-23-QE-src,0.5034360364665128,,
ende23,05,0.07813136645962748,False,mtme_MetricX-23-b-refA,0.5008547378238515,,
ende23,05,0.07813136645962748,False,mtme_MetricX-23-c-refA,0.30297412273732494,,
ende23,05,0.07813136645962748,False,mtme_MetricX-23-refA,0.5065406459882899,,
ende23,05,0.07813136645962748,False,mtme_XCOMET-Ensemble-refA,0.5330874470290019,,
ende23,05,0.07813136645962748,False,mtme_XCOMET-QE-Ensemble-src,0.5024100062171133,,
ende23,05,0.07813136645962748,False,mtme_XCOMET-XL-refA,0.5039474436403091,,
ende23,05,0.07813136645962748,False,mtme_XCOMET-XXL-refA,0.5146814351767819,,
ende23,05,0.07813136645962748,False,mtme_XLsim-refA,0.16972075868240413,,
ende23,05,0.07813136645962748,False,mtme_YiSi-1-refA,0.15270123441768568,,
ende23,05,0.07813136645962748,False,mtme_chrF-refA,0.09123244896987939,,
ende23,05,0.07813136645962748,False,mtme_cometoid22-wmt21-src,0.35998533199689997,,
ende23,05,0.07813136645962748,False,mtme_cometoid22-wmt22-src,0.3497888835480364,,
ende23,05,0.07813136645962748,False,mtme_cometoid22-wmt23-src,0.3459996549981723,,
ende23,05,0.07813136645962748,False,mtme_docWMT22CometDA-refA,0.3458584712441517,,
ende23,05,0.07813136645962748,False,mtme_docWMT22CometKiwiDA-src,0.25607029241260715,,
ende23,05,0.07813136645962748,False,mtme_eBLEU-refA,0.021322574023431816,,
ende23,05,0.07813136645962748,False,mtme_embed_llama-refA,-0.0025223985908563447,,
ende23,05,0.07813136645962748,False,mtme_f200spBLEU-refA,0.08186142961589164,,
ende23,05,0.07813136645962748,False,mtme_instructscore-refA,0.3979560658800162,,
ende23,05,0.07813136645962748,False,mtme_mbr-metricx-qe-src,0.34074442723416776,,
ende23,05,0.07813136645962748,False,mtme_mre-score-labse-regular-refA,0.20382745854523493,,
ende23,05,0.07813136645962748,False,mtme_prismRef-refA,0.2079088315452907,,
ende23,05,0.07813136645962748,False,mtme_prismSrc-src,0.05226946713096952,,
ende23,05,0.07813136645962748,False,mtme_sescoreX-refA,0.3979560658800162,,
ende23,05,0.07813136645962748,False,mtme_tokengram_F-refA,0.0823951851415784,,
ende23,12,0.024127826086956503,False,mtme_BERTscore-refA,0.10498405651499379,,
ende23,12,0.024127826086956503,False,mtme_BLEU-refA,0.08115206062044006,,
ende23,12,0.024127826086956503,False,mtme_BLEURT-20-refA,0.30700648463685587,,
ende23,12,0.024127826086956503,False,mtme_COMET-refA,0.31179136269379903,,
ende23,12,0.024127826086956503,False,mtme_Calibri-COMET22-QE-src,0.21928726557218453,,
ende23,12,0.024127826086956503,False,mtme_Calibri-COMET22-refA,0.23963236572335345,,
ende23,12,0.024127826086956503,False,mtme_CometKiwi-XL-src,0.36749598961848373,,
ende23,12,0.024127826086956503,False,mtme_CometKiwi-XXL-src,0.3773049512102412,,
ende23,12,0.024127826086956503,False,mtme_CometKiwi-src,0.26287653564549573,,
ende23,12,0.024127826086956503,False,mtme_GEMBA-MQM-src,0.3388199183826162,,
ende23,12,0.024127826086956503,False,mtme_KG-BERTScore-src,0.24642178747533022,,
ende23,12,0.024127826086956503,False,mtme_MEE4-refA,0.10355819335753808,,
ende23,12,0.024127826086956503,False,mtme_MS-COMET-QE-22-src,0.27241941085242605,,
ende23,12,0.024127826086956503,False,mtme_MaTESe-refA,0.23625272990886725,,
ende23,12,0.024127826086956503,False,mtme_MetricX-23-QE-b-src,0.38224053432490773,,
ende23,12,0.024127826086956503,False,mtme_MetricX-23-QE-c-src,0.41462065937307113,,
ende23,12,0.024127826086956503,False,mtme_MetricX-23-QE-src,0.39230024865629837,,
ende23,12,0.024127826086956503,False,mtme_MetricX-23-b-refA,0.328121276044125,,
ende23,12,0.024127826086956503,False,mtme_MetricX-23-c-refA,0.2616220996663892,,
ende23,12,0.024127826086956503,False,mtme_MetricX-23-refA,0.3620457601106764,,
ende23,12,0.024127826086956503,False,mtme_XCOMET-Ensemble-refA,0.4444723663058556,,
ende23,12,0.024127826086956503,False,mtme_XCOMET-QE-Ensemble-src,0.3948449450126368,,
ende23,12,0.024127826086956503,False,mtme_XCOMET-XL-refA,0.43365857191103024,,
ende23,12,0.024127826086956503,False,mtme_XCOMET-XXL-refA,0.3941156433991646,,
ende23,12,0.024127826086956503,False,mtme_XLsim-refA,0.15608347927025418,,
ende23,12,0.024127826086956503,False,mtme_YiSi-1-refA,0.14689235670849318,,
ende23,12,0.024127826086956503,False,mtme_chrF-refA,0.08386291427487708,,
ende23,12,0.024127826086956503,False,mtme_cometoid22-wmt21-src,0.2796469080178241,,
ende23,12,0.024127826086956503,False,mtme_cometoid22-wmt22-src,0.29155220605068577,,
ende23,12,0.024127826086956503,False,mtme_cometoid22-wmt23-src,0.2554270122147972,,
ende23,12,0.024127826086956503,False,mtme_docWMT22CometDA-refA,0.2911495126662538,,
ende23,12,0.024127826086956503,False,mtme_docWMT22CometKiwiDA-src,0.24199778957764473,,
ende23,12,0.024127826086956503,False,mtme_eBLEU-refA,0.039672916431002084,,
ende23,12,0.024127826086956503,False,mtme_embed_llama-refA,0.03864013143756653,,
ende23,12,0.024127826086956503,False,mtme_f200spBLEU-refA,0.09350663351859276,,
ende23,12,0.024127826086956503,False,mtme_instructscore-refA,0.264794422222671,,
ende23,12,0.024127826086956503,False,mtme_mbr-metricx-qe-src,0.273177573448782,,
ende23,12,0.024127826086956503,False,mtme_mre-score-labse-regular-refA,0.1134989858027011,,
ende23,12,0.024127826086956503,False,mtme_prismRef-refA,0.16681375319987696,,
ende23,12,0.024127826086956503,False,mtme_prismSrc-src,0.059491683540490656,,
ende23,12,0.024127826086956503,False,mtme_sescoreX-refA,0.264794422222671,,
ende23,12,0.024127826086956503,False,mtme_tokengram_F-refA,0.08340816508532922,,
ende23,13,0.04583934782608703,False,mtme_BERTscore-refA,0.062024068896854107,,
ende23,13,0.04583934782608703,False,mtme_BLEU-refA,0.0733426097891317,,
ende23,13,0.04583934782608703,False,mtme_BLEURT-20-refA,0.2662441601763561,,
ende23,13,0.04583934782608703,False,mtme_COMET-refA,0.29242091884516896,,
ende23,13,0.04583934782608703,False,mtme_Calibri-COMET22-QE-src,0.2326760788079138,,
ende23,13,0.04583934782608703,False,mtme_Calibri-COMET22-refA,0.18882525495162433,,
ende23,13,0.04583934782608703,False,mtme_CometKiwi-XL-src,0.26268789709162554,,
ende23,13,0.04583934782608703,False,mtme_CometKiwi-XXL-src,0.2826777746720519,,
ende23,13,0.04583934782608703,False,mtme_CometKiwi-src,0.24131313001977828,,
ende23,13,0.04583934782608703,False,mtme_GEMBA-MQM-src,0.2098689445085748,,
ende23,13,0.04583934782608703,False,mtme_KG-BERTScore-src,0.23513192384548032,,
ende23,13,0.04583934782608703,False,mtme_MEE4-refA,0.06269463489600015,,
ende23,13,0.04583934782608703,False,mtme_MS-COMET-QE-22-src,0.17329469870700215,,
ende23,13,0.04583934782608703,False,mtme_MaTESe-refA,0.17059325595767622,,
ende23,13,0.04583934782608703,False,mtme_MetricX-23-QE-b-src,0.32352551641730876,,
ende23,13,0.04583934782608703,False,mtme_MetricX-23-QE-c-src,0.2820495206417293,,
ende23,13,0.04583934782608703,False,mtme_MetricX-23-QE-src,0.3257405642545286,,
ende23,13,0.04583934782608703,False,mtme_MetricX-23-b-refA,0.31297023829076487,,
ende23,13,0.04583934782608703,False,mtme_MetricX-23-c-refA,0.17879648930551095,,
ende23,13,0.04583934782608703,False,mtme_MetricX-23-refA,0.3185610713350599,,
ende23,13,0.04583934782608703,False,mtme_XCOMET-Ensemble-refA,0.3639031221757685,,
ende23,13,0.04583934782608703,False,mtme_XCOMET-QE-Ensemble-src,0.3409676025867101,,
ende23,13,0.04583934782608703,False,mtme_XCOMET-XL-refA,0.3479865757530134,,
ende23,13,0.04583934782608703,False,mtme_XCOMET-XXL-refA,0.3575595090743544,,
ende23,13,0.04583934782608703,False,mtme_XLsim-refA,0.08205267363124874,,
ende23,13,0.04583934782608703,False,mtme_YiSi-1-refA,0.135208803734354,,
ende23,13,0.04583934782608703,False,mtme_chrF-refA,0.0643251332284655,,
ende23,13,0.04583934782608703,False,mtme_cometoid22-wmt21-src,0.2962894825095732,,
ende23,13,0.04583934782608703,False,mtme_cometoid22-wmt22-src,0.32049247852667395,,
ende23,13,0.04583934782608703,False,mtme_cometoid22-wmt23-src,0.258468593228819,,
ende23,13,0.04583934782608703,False,mtme_docWMT22CometDA-refA,0.3164992846529606,,
ende23,13,0.04583934782608703,False,mtme_docWMT22CometKiwiDA-src,0.27539631113368135,,
ende23,13,0.04583934782608703,False,mtme_eBLEU-refA,0.025961934416996752,,
ende23,13,0.04583934782608703,False,mtme_embed_llama-refA,0.07509062390932483,,
ende23,13,0.04583934782608703,False,mtme_f200spBLEU-refA,0.07057962742228756,,
ende23,13,0.04583934782608703,False,mtme_instructscore-refA,0.24927668419139548,,
ende23,13,0.04583934782608703,False,mtme_mbr-metricx-qe-src,0.32831840795263323,,
ende23,13,0.04583934782608703,False,mtme_mre-score-labse-regular-refA,0.17689119928631436,,
ende23,13,0.04583934782608703,False,mtme_prismRef-refA,0.13983294994544182,,
ende23,13,0.04583934782608703,False,mtme_prismSrc-src,0.01898526235166323,,
ende23,13,0.04583934782608703,False,mtme_sescoreX-refA,0.24927668419139548,,
ende23,13,0.04583934782608703,False,mtme_tokengram_F-refA,0.06700299634533927,,
ende23,14,0.046930341614906855,False,mtme_BERTscore-refA,0.0841949941838942,,
ende23,14,0.046930341614906855,False,mtme_BLEU-refA,0.09601332841481552,,
ende23,14,0.046930341614906855,False,mtme_BLEURT-20-refA,0.30431835064054585,,
ende23,14,0.046930341614906855,False,mtme_COMET-refA,0.3069211386652762,,
ende23,14,0.046930341614906855,False,mtme_Calibri-COMET22-QE-src,0.24106925597977197,,
ende23,14,0.046930341614906855,False,mtme_Calibri-COMET22-refA,0.22355054518468143,,
ende23,14,0.046930341614906855,False,mtme_CometKiwi-XL-src,0.313628777207979,,
ende23,14,0.046930341614906855,False,mtme_CometKiwi-XXL-src,0.27792957191158585,,
ende23,14,0.046930341614906855,False,mtme_CometKiwi-src,0.27704724112458934,,
ende23,14,0.046930341614906855,False,mtme_GEMBA-MQM-src,0.26149559181850485,,
ende23,14,0.046930341614906855,False,mtme_KG-BERTScore-src,0.2825229275244555,,
ende23,14,0.046930341614906855,False,mtme_MEE4-refA,0.07809282738035855,,
ende23,14,0.046930341614906855,False,mtme_MS-COMET-QE-22-src,0.20102792706464956,,
ende23,14,0.046930341614906855,False,mtme_MaTESe-refA,0.3241221540814987,,
ende23,14,0.046930341614906855,False,mtme_MetricX-23-QE-b-src,0.36856370204230937,,
ende23,14,0.046930341614906855,False,mtme_MetricX-23-QE-c-src,0.350569571470037,,
ende23,14,0.046930341614906855,False,mtme_MetricX-23-QE-src,0.3514227934569247,,
ende23,14,0.046930341614906855,False,mtme_MetricX-23-b-refA,0.34667400784519475,,
ende23,14,0.046930341614906855,False,mtme_MetricX-23-c-refA,0.24974831943940523,,
ende23,14,0.046930341614906855,False,mtme_MetricX-23-refA,0.38598178236865344,,
ende23,14,0.046930341614906855,False,mtme_XCOMET-Ensemble-refA,0.41956627902299626,,
ende23,14,0.046930341614906855,False,mtme_XCOMET-QE-Ensemble-src,0.3637485502671524,,
ende23,14,0.046930341614906855,False,mtme_XCOMET-XL-refA,0.41097359066782935,,
ende23,14,0.046930341614906855,False,mtme_XCOMET-XXL-refA,0.39591948923187525,,
ende23,14,0.046930341614906855,False,mtme_XLsim-refA,0.12113588670949606,,
ende23,14,0.046930341614906855,False,mtme_YiSi-1-refA,0.14701381546916437,,
ende23,14,0.046930341614906855,False,mtme_chrF-refA,0.09171721203300046,,
ende23,14,0.046930341614906855,False,mtme_cometoid22-wmt21-src,0.2934016417844009,,
ende23,14,0.046930341614906855,False,mtme_cometoid22-wmt22-src,0.294126499068756,,
ende23,14,0.046930341614906855,False,mtme_cometoid22-wmt23-src,0.2873894337439603,,
ende23,14,0.046930341614906855,False,mtme_docWMT22CometDA-refA,0.27146296428012795,,
ende23,14,0.046930341614906855,False,mtme_docWMT22CometKiwiDA-src,0.2575561254648673,,
ende23,14,0.046930341614906855,False,mtme_eBLEU-refA,0.048674461543314174,,
ende23,14,0.046930341614906855,False,mtme_embed_llama-refA,0.05137835022487457,,
ende23,14,0.046930341614906855,False,mtme_f200spBLEU-refA,0.08365325261225212,,
ende23,14,0.046930341614906855,False,mtme_instructscore-refA,0.23832122021709173,,
ende23,14,0.046930341614906855,False,mtme_mbr-metricx-qe-src,0.35648407889698674,,
ende23,14,0.046930341614906855,False,mtme_mre-score-labse-regular-refA,0.2101010775461855,,
ende23,14,0.046930341614906855,False,mtme_prismRef-refA,0.1395653467668395,,
ende23,14,0.046930341614906855,False,mtme_prismSrc-src,0.05729720160483473,,
ende23,14,0.046930341614906855,False,mtme_sescoreX-refA,0.23832122021709173,,
ende23,14,0.046930341614906855,False,mtme_tokengram_F-refA,0.08373765664920974,,
ende23,15,0.07532208074534161,False,mtme_BERTscore-refA,0.0832811736736511,,
ende23,15,0.07532208074534161,False,mtme_BLEU-refA,0.06214256282309251,,
ende23,15,0.07532208074534161,False,mtme_BLEURT-20-refA,0.30715129741716185,,
ende23,15,0.07532208074534161,False,mtme_COMET-refA,0.3021068004021875,,
ende23,15,0.07532208074534161,False,mtme_Calibri-COMET22-QE-src,0.2467716484010712,,
ende23,15,0.07532208074534161,False,mtme_Calibri-COMET22-refA,0.21635765588497027,,
ende23,15,0.07532208074534161,False,mtme_CometKiwi-XL-src,0.28574570007782096,,
ende23,15,0.07532208074534161,False,mtme_CometKiwi-XXL-src,0.30413256994416177,,
ende23,15,0.07532208074534161,False,mtme_CometKiwi-src,0.27912295449352975,,
ende23,15,0.07532208074534161,False,mtme_GEMBA-MQM-src,0.32769055538040853,,
ende23,15,0.07532208074534161,False,mtme_KG-BERTScore-src,0.26925964453411755,,
ende23,15,0.07532208074534161,False,mtme_MEE4-refA,0.051352131506449836,,
ende23,15,0.07532208074534161,False,mtme_MS-COMET-QE-22-src,0.28309096731919825,,
ende23,15,0.07532208074534161,False,mtme_MaTESe-refA,0.32466033496531316,,
ende23,15,0.07532208074534161,False,mtme_MetricX-23-QE-b-src,0.4812712452501916,,
ende23,15,0.07532208074534161,False,mtme_MetricX-23-QE-c-src,0.43472389738447414,,
ende23,15,0.07532208074534161,False,mtme_MetricX-23-QE-src,0.47825094080826647,,
ende23,15,0.07532208074534161,False,mtme_MetricX-23-b-refA,0.4261097005014119,,
ende23,15,0.07532208074534161,False,mtme_MetricX-23-c-refA,0.216527146869805,,
ende23,15,0.07532208074534161,False,mtme_MetricX-23-refA,0.44813668092852477,,
ende23,15,0.07532208074534161,False,mtme_XCOMET-Ensemble-refA,0.5352613783718303,,
ende23,15,0.07532208074534161,False,mtme_XCOMET-QE-Ensemble-src,0.5116333067396277,,
ende23,15,0.07532208074534161,False,mtme_XCOMET-XL-refA,0.509996226735247,,
ende23,15,0.07532208074534161,False,mtme_XCOMET-XXL-refA,0.5102929762857868,,
ende23,15,0.07532208074534161,False,mtme_XLsim-refA,0.17911744553087047,,
ende23,15,0.07532208074534161,False,mtme_YiSi-1-refA,0.12332998451203671,,
ende23,15,0.07532208074534161,False,mtme_chrF-refA,0.07909686735290955,,
ende23,15,0.07532208074534161,False,mtme_cometoid22-wmt21-src,0.3523017912596973,,
ende23,15,0.07532208074534161,False,mtme_cometoid22-wmt22-src,0.3462078844096643,,
ende23,15,0.07532208074534161,False,mtme_cometoid22-wmt23-src,0.31530713185776993,,
ende23,15,0.07532208074534161,False,mtme_docWMT22CometDA-refA,0.288376907655826,,
ende23,15,0.07532208074534161,False,mtme_docWMT22CometKiwiDA-src,0.2731248475090241,,
ende23,15,0.07532208074534161,False,mtme_eBLEU-refA,0.00721919337119239,,
ende23,15,0.07532208074534161,False,mtme_embed_llama-refA,-0.03538582837268822,,
ende23,15,0.07532208074534161,False,mtme_f200spBLEU-refA,0.07028404086453648,,
ende23,15,0.07532208074534161,False,mtme_instructscore-refA,0.3158226187204929,,
ende23,15,0.07532208074534161,False,mtme_mbr-metricx-qe-src,0.3263084613866529,,
ende23,15,0.07532208074534161,False,mtme_mre-score-labse-regular-refA,0.14450967371409393,,
ende23,15,0.07532208074534161,False,mtme_prismRef-refA,0.13694416481424082,,
ende23,15,0.07532208074534161,False,mtme_prismSrc-src,0.03963146902906719,,
ende23,15,0.07532208074534161,False,mtme_sescoreX-refA,0.3158226187204929,,
ende23,15,0.07532208074534161,False,mtme_tokengram_F-refA,0.0719142560956727,,
ende23,23,0.021711521739130473,False,mtme_BERTscore-refA,0.06668178565176998,,
ende23,23,0.021711521739130473,False,mtme_BLEU-refA,0.0408751733153427,,
ende23,23,0.021711521739130473,False,mtme_BLEURT-20-refA,0.20226098723937042,,
ende23,23,0.021711521739130473,False,mtme_COMET-refA,0.20015608440018096,,
ende23,23,0.021711521739130473,False,mtme_Calibri-COMET22-QE-src,0.15338844706054006,,
ende23,23,0.021711521739130473,False,mtme_Calibri-COMET22-refA,0.09420237348505872,,
ende23,23,0.021711521739130473,False,mtme_CometKiwi-XL-src,0.18306511944572137,,
ende23,23,0.021711521739130473,False,mtme_CometKiwi-XXL-src,0.23968068212510416,,
ende23,23,0.021711521739130473,False,mtme_CometKiwi-src,0.21162568973631019,,
ende23,23,0.021711521739130473,False,mtme_GEMBA-MQM-src,0.1680062676627178,,
ende23,23,0.021711521739130473,False,mtme_KG-BERTScore-src,0.20986527431085789,,
ende23,23,0.021711521739130473,False,mtme_MEE4-refA,0.06892745918874182,,
ende23,23,0.021711521739130473,False,mtme_MS-COMET-QE-22-src,0.14842154878516978,,
ende23,23,0.021711521739130473,False,mtme_MaTESe-refA,0.12814824036447875,,
ende23,23,0.021711521739130473,False,mtme_MetricX-23-QE-b-src,0.2448265519080094,,
ende23,23,0.021711521739130473,False,mtme_MetricX-23-QE-c-src,0.25405913832475124,,
ende23,23,0.021711521739130473,False,mtme_MetricX-23-QE-src,0.24927703150469888,,
ende23,23,0.021711521739130473,False,mtme_MetricX-23-b-refA,0.19510527496013264,,
ende23,23,0.021711521739130473,False,mtme_MetricX-23-c-refA,0.13258050150361084,,
ende23,23,0.021711521739130473,False,mtme_MetricX-23-refA,0.21209065304876099,,
ende23,23,0.021711521739130473,False,mtme_XCOMET-Ensemble-refA,0.253588491774928,,
ende23,23,0.021711521739130473,False,mtme_XCOMET-QE-Ensemble-src,0.2463385688851023,,
ende23,23,0.021711521739130473,False,mtme_XCOMET-XL-refA,0.21214663576059378,,
ende23,23,0.021711521739130473,False,mtme_XCOMET-XXL-refA,0.24355492220972347,,
ende23,23,0.021711521739130473,False,mtme_XLsim-refA,0.16374581068693228,,
ende23,23,0.021711521739130473,False,mtme_YiSi-1-refA,0.12385342937846038,,
ende23,23,0.021711521739130473,False,mtme_chrF-refA,0.010323800146905055,,
ende23,23,0.021711521739130473,False,mtme_cometoid22-wmt21-src,0.17456730523858344,,
ende23,23,0.021711521739130473,False,mtme_cometoid22-wmt22-src,0.15943110996709942,,
ende23,23,0.021711521739130473,False,mtme_cometoid22-wmt23-src,0.16743319112067173,,
ende23,23,0.021711521739130473,False,mtme_docWMT22CometDA-refA,0.1833508859840079,,
ende23,23,0.021711521739130473,False,mtme_docWMT22CometKiwiDA-src,0.21594725710451868,,
ende23,23,0.021711521739130473,False,mtme_eBLEU-refA,0.015907279709050877,,
ende23,23,0.021711521739130473,False,mtme_embed_llama-refA,0.06908828422534616,,
ende23,23,0.021711521739130473,False,mtme_f200spBLEU-refA,0.04740847620248717,,
ende23,23,0.021711521739130473,False,mtme_instructscore-refA,0.16746635019861433,,
ende23,23,0.021711521739130473,False,mtme_mbr-metricx-qe-src,0.15088158860825057,,
ende23,23,0.021711521739130473,False,mtme_mre-score-labse-regular-refA,0.09015710482305475,,
ende23,23,0.021711521739130473,False,mtme_prismRef-refA,0.10517860229406528,,
ende23,23,0.021711521739130473,False,mtme_prismSrc-src,-0.01603180704120389,,
ende23,23,0.021711521739130473,False,mtme_sescoreX-refA,0.16746635019861433,,
ende23,23,0.021711521739130473,False,mtme_tokengram_F-refA,0.02437046771742868,,
ende23,24,0.022802515527950356,False,mtme_BERTscore-refA,0.14434340007920404,,
ende23,24,0.022802515527950356,False,mtme_BLEU-refA,0.1015722674099016,,
ende23,24,0.022802515527950356,False,mtme_BLEURT-20-refA,0.3106403186794592,,
ende23,24,0.022802515527950356,False,mtme_COMET-refA,0.29392659310624164,,
ende23,24,0.022802515527950356,False,mtme_Calibri-COMET22-QE-src,0.14127551417995804,,
ende23,24,0.022802515527950356,False,mtme_Calibri-COMET22-refA,0.21793415441420386,,
ende23,24,0.022802515527950356,False,mtme_CometKiwi-XL-src,0.3044240071252061,,
ende23,24,0.022802515527950356,False,mtme_CometKiwi-XXL-src,0.26748295612077805,,
ende23,24,0.022802515527950356,False,mtme_CometKiwi-src,0.24516076828050884,,
ende23,24,0.022802515527950356,False,mtme_GEMBA-MQM-src,0.28594630013922706,,
ende23,24,0.022802515527950356,False,mtme_KG-BERTScore-src,0.24263549179812122,,
ende23,24,0.022802515527950356,False,mtme_MEE4-refA,0.11423666139397755,,
ende23,24,0.022802515527950356,False,mtme_MS-COMET-QE-22-src,0.20979839909202186,,
ende23,24,0.022802515527950356,False,mtme_MaTESe-refA,0.24331307906016963,,
ende23,24,0.022802515527950356,False,mtme_MetricX-23-QE-b-src,0.2799639946565168,,
ende23,24,0.022802515527950356,False,mtme_MetricX-23-QE-c-src,0.30457696361107967,,
ende23,24,0.022802515527950356,False,mtme_MetricX-23-QE-src,0.30468445074256,,
ende23,24,0.022802515527950356,False,mtme_MetricX-23-b-refA,0.30489637686250326,,
ende23,24,0.022802515527950356,False,mtme_MetricX-23-c-refA,0.2656199167339762,,
ende23,24,0.022802515527950356,False,mtme_MetricX-23-refA,0.2896137599966584,,
ende23,24,0.022802515527950356,False,mtme_XCOMET-Ensemble-refA,0.32963176884792156,,
ende23,24,0.022802515527950356,False,mtme_XCOMET-QE-Ensemble-src,0.3123910157387862,,
ende23,24,0.022802515527950356,False,mtme_XCOMET-XL-refA,0.2915023095948834,,
ende23,24,0.022802515527950356,False,mtme_XCOMET-XXL-refA,0.3145473007906168,,
ende23,24,0.022802515527950356,False,mtme_XLsim-refA,0.13463507556154206,,
ende23,24,0.022802515527950356,False,mtme_YiSi-1-refA,0.17978983820456387,,
ende23,24,0.022802515527950356,False,mtme_chrF-refA,0.10812964210796044,,
ende23,24,0.022802515527950356,False,mtme_cometoid22-wmt21-src,0.24825443221361082,,
ende23,24,0.022802515527950356,False,mtme_cometoid22-wmt22-src,0.2514225378878616,,
ende23,24,0.022802515527950356,False,mtme_cometoid22-wmt23-src,0.2608637219736121,,
ende23,24,0.022802515527950356,False,mtme_docWMT22CometDA-refA,0.22612008690047047,,
ende23,24,0.022802515527950356,False,mtme_docWMT22CometKiwiDA-src,0.19043311276058783,,
ende23,24,0.022802515527950356,False,mtme_eBLEU-refA,0.07402831973252373,,
ende23,24,0.022802515527950356,False,mtme_embed_llama-refA,0.09765653163479668,,
ende23,24,0.022802515527950356,False,mtme_f200spBLEU-refA,0.10457006475032045,,
ende23,24,0.022802515527950356,False,mtme_instructscore-refA,0.25443206268325164,,
ende23,24,0.022802515527950356,False,mtme_mbr-metricx-qe-src,0.1946887328472568,,
ende23,24,0.022802515527950356,False,mtme_mre-score-labse-regular-refA,0.10184076258098357,,
ende23,24,0.022802515527950356,False,mtme_prismRef-refA,0.15687694402699126,,
ende23,24,0.022802515527950356,False,mtme_prismSrc-src,0.06965800818958455,,
ende23,24,0.022802515527950356,False,mtme_sescoreX-refA,0.25443206268325164,,
ende23,24,0.022802515527950356,False,mtme_tokengram_F-refA,0.10611389453196715,,
ende23,25,0.05119425465838523,False,mtme_BERTscore-refA,0.12602227643461184,,
ende23,25,0.05119425465838523,False,mtme_BLEU-refA,0.06477758500504083,,
ende23,25,0.05119425465838523,False,mtme_BLEURT-20-refA,0.33700274240928474,,
ende23,25,0.05119425465838523,False,mtme_COMET-refA,0.27738583963083696,,
ende23,25,0.05119425465838523,False,mtme_Calibri-COMET22-QE-src,0.2660602590029437,,
ende23,25,0.05119425465838523,False,mtme_Calibri-COMET22-refA,0.24322534923408798,,
ende23,25,0.05119425465838523,False,mtme_CometKiwi-XL-src,0.29537413096268833,,
ende23,25,0.05119425465838523,False,mtme_CometKiwi-XXL-src,0.3094082673606168,,
ende23,25,0.05119425465838523,False,mtme_CometKiwi-src,0.2894390153832505,,
ende23,25,0.05119425465838523,False,mtme_GEMBA-MQM-src,0.3237036465919021,,
ende23,25,0.05119425465838523,False,mtme_KG-BERTScore-src,0.27799415192169546,,
ende23,25,0.05119425465838523,False,mtme_MEE4-refA,0.07304971321075818,,
ende23,25,0.05119425465838523,False,mtme_MS-COMET-QE-22-src,0.20881064069822503,,
ende23,25,0.05119425465838523,False,mtme_MaTESe-refA,0.28713754437608463,,
ende23,25,0.05119425465838523,False,mtme_MetricX-23-QE-b-src,0.421568823208397,,
ende23,25,0.05119425465838523,False,mtme_MetricX-23-QE-c-src,0.4147868611112409,,
ende23,25,0.05119425465838523,False,mtme_MetricX-23-QE-src,0.39836870089588106,,
ende23,25,0.05119425465838523,False,mtme_MetricX-23-b-refA,0.4129740661585456,,
ende23,25,0.05119425465838523,False,mtme_MetricX-23-c-refA,0.2790222752811088,,
ende23,25,0.05119425465838523,False,mtme_MetricX-23-refA,0.4168905725815151,,
ende23,25,0.05119425465838523,False,mtme_XCOMET-Ensemble-refA,0.4778242226808285,,
ende23,25,0.05119425465838523,False,mtme_XCOMET-QE-Ensemble-src,0.4505368296444294,,
ende23,25,0.05119425465838523,False,mtme_XCOMET-XL-refA,0.4658627160015788,,
ende23,25,0.05119425465838523,False,mtme_XCOMET-XXL-refA,0.46312339701239025,,
ende23,25,0.05119425465838523,False,mtme_XLsim-refA,0.17294940566102565,,
ende23,25,0.05119425465838523,False,mtme_YiSi-1-refA,0.1545532178252339,,
ende23,25,0.05119425465838523,False,mtme_chrF-refA,0.10162945242899524,,
ende23,25,0.05119425465838523,False,mtme_cometoid22-wmt21-src,0.28759887149898394,,
ende23,25,0.05119425465838523,False,mtme_cometoid22-wmt22-src,0.2894051292458325,,
ende23,25,0.05119425465838523,False,mtme_cometoid22-wmt23-src,0.2767320512539445,,
ende23,25,0.05119425465838523,False,mtme_docWMT22CometDA-refA,0.24836308867169973,,
ende23,25,0.05119425465838523,False,mtme_docWMT22CometKiwiDA-src,0.21704043340879647,,
ende23,25,0.05119425465838523,False,mtme_eBLEU-refA,0.04158993658398136,,
ende23,25,0.05119425465838523,False,mtme_embed_llama-refA,0.07833960070714283,,
ende23,25,0.05119425465838523,False,mtme_f200spBLEU-refA,0.0871336174939531,,
ende23,25,0.05119425465838523,False,mtme_instructscore-refA,0.3061262225236533,,
ende23,25,0.05119425465838523,False,mtme_mbr-metricx-qe-src,0.2588881059741164,,
ende23,25,0.05119425465838523,False,mtme_mre-score-labse-regular-refA,0.17306851506940568,,
ende23,25,0.05119425465838523,False,mtme_prismRef-refA,0.15473023281457876,,
ende23,25,0.05119425465838523,False,mtme_prismSrc-src,-0.026726226720863264,,
ende23,25,0.05119425465838523,False,mtme_sescoreX-refA,0.3061262225236533,,
ende23,25,0.05119425465838523,False,mtme_tokengram_F-refA,0.10122961516078458,,
ende23,34,0.0010909937888199078,False,mtme_BERTscore-refA,0.06745694975284658,,
ende23,34,0.0010909937888199078,False,mtme_BLEU-refA,0.009061339399148608,,
ende23,34,0.0010909937888199078,False,mtme_BLEURT-20-refA,0.15392038414832931,,
ende23,34,0.0010909937888199078,False,mtme_COMET-refA,0.12511557034878984,,
ende23,34,0.0010909937888199078,False,mtme_Calibri-COMET22-QE-src,0.14050231516431688,,
ende23,34,0.0010909937888199078,False,mtme_Calibri-COMET22-refA,0.11174346788618908,,
ende23,34,0.0010909937888199078,False,mtme_CometKiwi-XL-src,0.1302619898132195,,
ende23,34,0.0010909937888199078,False,mtme_CometKiwi-XXL-src,0.1470838405972408,,
ende23,34,0.0010909937888199078,False,mtme_CometKiwi-src,0.11344886863040399,,
ende23,34,0.0010909937888199078,False,mtme_GEMBA-MQM-src,0.042367018211678875,,
ende23,34,0.0010909937888199078,False,mtme_KG-BERTScore-src,0.10181865519305965,,
ende23,34,0.0010909937888199078,False,mtme_MEE4-refA,0.06709391155668817,,
ende23,34,0.0010909937888199078,False,mtme_MS-COMET-QE-22-src,0.07906835104813614,,
ende23,34,0.0010909937888199078,False,mtme_MaTESe-refA,0.07330575097948522,,
ende23,34,0.0010909937888199078,False,mtme_MetricX-23-QE-b-src,0.10717997879655375,,
ende23,34,0.0010909937888199078,False,mtme_MetricX-23-QE-c-src,0.1504577293091912,,
ende23,34,0.0010909937888199078,False,mtme_MetricX-23-QE-src,0.1494432221394506,,
ende23,34,0.0010909937888199078,False,mtme_MetricX-23-b-refA,0.15689634235927472,,
ende23,34,0.0010909937888199078,False,mtme_MetricX-23-c-refA,0.08900907893142468,,
ende23,34,0.0010909937888199078,False,mtme_MetricX-23-refA,0.13416642985149696,,
ende23,34,0.0010909937888199078,False,mtme_XCOMET-Ensemble-refA,0.18837406455197842,,
ende23,34,0.0010909937888199078,False,mtme_XCOMET-QE-Ensemble-src,0.1388781169585515,,
ende23,34,0.0010909937888199078,False,mtme_XCOMET-XL-refA,0.14784565678565262,,
ende23,34,0.0010909937888199078,False,mtme_XCOMET-XXL-refA,0.1775399937622315,,
ende23,34,0.0010909937888199078,False,mtme_XLsim-refA,0.022792187275549325,,
ende23,34,0.0010909937888199078,False,mtme_YiSi-1-refA,0.07298887719152067,,
ende23,34,0.0010909937888199078,False,mtme_chrF-refA,0.02182685397964407,,
ende23,34,0.0010909937888199078,False,mtme_cometoid22-wmt21-src,0.09919831414050527,,
ende23,34,0.0010909937888199078,False,mtme_cometoid22-wmt22-src,0.10344948890482993,,
ende23,34,0.0010909937888199078,False,mtme_cometoid22-wmt23-src,0.09353667997657944,,
ende23,34,0.0010909937888199078,False,mtme_docWMT22CometDA-refA,0.12025782390024768,,
ende23,34,0.0010909937888199078,False,mtme_docWMT22CometKiwiDA-src,0.08512633315184844,,
ende23,34,0.0010909937888199078,False,mtme_eBLEU-refA,0.030403027276381847,,
ende23,34,0.0010909937888199078,False,mtme_embed_llama-refA,0.035976403255416026,,
ende23,34,0.0010909937888199078,False,mtme_f200spBLEU-refA,0.015705162864232083,,
ende23,34,0.0010909937888199078,False,mtme_instructscore-refA,0.11918576751395477,,
ende23,34,0.0010909937888199078,False,mtme_mbr-metricx-qe-src,0.14120272081472646,,
ende23,34,0.0010909937888199078,False,mtme_mre-score-labse-regular-refA,0.095866758688266,,
ende23,34,0.0010909937888199078,False,mtme_prismRef-refA,0.10652184890373576,,
ende23,34,0.0010909937888199078,False,mtme_prismSrc-src,0.017102407485326907,,
ende23,34,0.0010909937888199078,False,mtme_sescoreX-refA,0.11918576751395477,,
ende23,34,0.0010909937888199078,False,mtme_tokengram_F-refA,0.020305209908723275,,
ende23,35,0.02948273291925466,False,mtme_BERTscore-refA,0.07928506219121818,,
ende23,35,0.02948273291925466,False,mtme_BLEU-refA,0.011632642716347775,,
ende23,35,0.02948273291925466,False,mtme_BLEURT-20-refA,0.19757885962597477,,
ende23,35,0.02948273291925466,False,mtme_COMET-refA,0.21553059780377654,,
ende23,35,0.02948273291925466,False,mtme_Calibri-COMET22-QE-src,0.17373005180613793,,
ende23,35,0.02948273291925466,False,mtme_Calibri-COMET22-refA,0.17098197015059657,,
ende23,35,0.02948273291925466,False,mtme_CometKiwi-XL-src,0.2316538176649977,,
ende23,35,0.02948273291925466,False,mtme_CometKiwi-XXL-src,0.24525144275381994,,
ende23,35,0.02948273291925466,False,mtme_CometKiwi-src,0.20104527857606203,,
ende23,35,0.02948273291925466,False,mtme_GEMBA-MQM-src,0.18962423793429262,,
ende23,35,0.02948273291925466,False,mtme_KG-BERTScore-src,0.19574273631880212,,
ende23,35,0.02948273291925466,False,mtme_MEE4-refA,0.06329887322737202,,
ende23,35,0.02948273291925466,False,mtme_MS-COMET-QE-22-src,0.17531824499588322,,
ende23,35,0.02948273291925466,False,mtme_MaTESe-refA,0.1326106060846982,,
ende23,35,0.02948273291925466,False,mtme_MetricX-23-QE-b-src,0.3559274602437173,,
ende23,35,0.02948273291925466,False,mtme_MetricX-23-QE-c-src,0.2844686993579883,,
ende23,35,0.02948273291925466,False,mtme_MetricX-23-QE-src,0.3436057891763853,,
ende23,35,0.02948273291925466,False,mtme_MetricX-23-b-refA,0.35652864369878584,,
ende23,35,0.02948273291925466,False,mtme_MetricX-23-c-refA,0.17985542771326413,,
ende23,35,0.02948273291925466,False,mtme_MetricX-23-refA,0.3320428538656288,,
ende23,35,0.02948273291925466,False,mtme_XCOMET-Ensemble-refA,0.347788986204474,,
ende23,35,0.02948273291925466,False,mtme_XCOMET-QE-Ensemble-src,0.3486347528447551,,
ende23,35,0.02948273291925466,False,mtme_XCOMET-XL-refA,0.31930691273383316,,
ende23,35,0.02948273291925466,False,mtme_XCOMET-XXL-refA,0.34142487388739634,,
ende23,35,0.02948273291925466,False,mtme_XLsim-refA,0.1626632293532577,,
ende23,35,0.02948273291925466,False,mtme_YiSi-1-refA,0.06563622203171879,,
ende23,35,0.02948273291925466,False,mtme_chrF-refA,0.057883352098155705,,
ende23,35,0.02948273291925466,False,mtme_cometoid22-wmt21-src,0.2043938342317937,,
ende23,35,0.02948273291925466,False,mtme_cometoid22-wmt22-src,0.18929888441361978,,
ende23,35,0.02948273291925466,False,mtme_cometoid22-wmt23-src,0.19113898607541233,,
ende23,35,0.02948273291925466,False,mtme_docWMT22CometDA-refA,0.20093584403963752,,
ende23,35,0.02948273291925466,False,mtme_docWMT22CometKiwiDA-src,0.14075747451719006,,
ende23,35,0.02948273291925466,False,mtme_eBLEU-refA,0.0316375964309244,,
ende23,35,0.02948273291925466,False,mtme_embed_llama-refA,-0.014789522538580933,,
ende23,35,0.02948273291925466,False,mtme_f200spBLEU-refA,0.024338681912689335,,
ende23,35,0.02948273291925466,False,mtme_instructscore-refA,0.23187510306831416,,
ende23,35,0.02948273291925466,False,mtme_mbr-metricx-qe-src,0.24084907855825632,,
ende23,35,0.02948273291925466,False,mtme_mre-score-labse-regular-refA,0.1284229472895578,,
ende23,35,0.02948273291925466,False,mtme_prismRef-refA,0.16461242942297746,,
ende23,35,0.02948273291925466,False,mtme_prismSrc-src,0.05215884425024288,,
ende23,35,0.02948273291925466,False,mtme_sescoreX-refA,0.23187510306831416,,
ende23,35,0.02948273291925466,False,mtme_tokengram_F-refA,0.048726773234883905,,
ende23,45,0.02839173913043505,False,mtme_BERTscore-refA,0.049703576002046196,,
ende23,45,0.02839173913043505,False,mtme_BLEU-refA,-0.0031755577959239924,,
ende23,45,0.02839173913043505,False,mtme_BLEURT-20-refA,0.252256379205942,,
ende23,45,0.02839173913043505,False,mtme_COMET-refA,0.22579925068137452,,
ende23,45,0.02839173913043505,False,mtme_Calibri-COMET22-QE-src,0.24338338993769248,,
ende23,45,0.02839173913043505,False,mtme_Calibri-COMET22-refA,0.17072494864292678,,
ende23,45,0.02839173913043505,False,mtme_CometKiwi-XL-src,0.2849306349585634,,
ende23,45,0.02839173913043505,False,mtme_CometKiwi-XXL-src,0.2794984375105446,,
ende23,45,0.02839173913043505,False,mtme_CometKiwi-src,0.2561920459605346,,
ende23,45,0.02839173913043505,False,mtme_GEMBA-MQM-src,0.20240435263151504,,
ende23,45,0.02839173913043505,False,mtme_KG-BERTScore-src,0.2561157572919196,,
ende23,45,0.02839173913043505,False,mtme_MEE4-refA,0.048615305306226084,,
ende23,45,0.02839173913043505,False,mtme_MS-COMET-QE-22-src,0.17100893875073603,,
ende23,45,0.02839173913043505,False,mtme_MaTESe-refA,0.1968243782479307,,
ende23,45,0.02839173913043505,False,mtme_MetricX-23-QE-b-src,0.38760059702795796,,
ende23,45,0.02839173913043505,False,mtme_MetricX-23-QE-c-src,0.3304573822047635,,
ende23,45,0.02839173913043505,False,mtme_MetricX-23-QE-src,0.3569371011515131,,
ende23,45,0.02839173913043505,False,mtme_MetricX-23-b-refA,0.36647897456056144,,
ende23,45,0.02839173913043505,False,mtme_MetricX-23-c-refA,0.22771788501387943,,
ende23,45,0.02839173913043505,False,mtme_MetricX-23-refA,0.3621997070509169,,
ende23,45,0.02839173913043505,False,mtme_XCOMET-Ensemble-refA,0.4103528298085717,,
ende23,45,0.02839173913043505,False,mtme_XCOMET-QE-Ensemble-src,0.3810405463879242,,
ende23,45,0.02839173913043505,False,mtme_XCOMET-XL-refA,0.38558905434803076,,
ende23,45,0.02839173913043505,False,mtme_XCOMET-XXL-refA,0.39344471559680283,,
ende23,45,0.02839173913043505,False,mtme_XLsim-refA,0.15631378488890485,,
ende23,45,0.02839173913043505,False,mtme_YiSi-1-refA,0.0703585152588383,,
ende23,45,0.02839173913043505,False,mtme_chrF-refA,0.04521438584136475,,
ende23,45,0.02839173913043505,False,mtme_cometoid22-wmt21-src,0.28262568592967563,,
ende23,45,0.02839173913043505,False,mtme_cometoid22-wmt22-src,0.28292711995606934,,
ende23,45,0.02839173913043505,False,mtme_cometoid22-wmt23-src,0.273125731789453,,
ende23,45,0.02839173913043505,False,mtme_docWMT22CometDA-refA,0.1700949899342062,,
ende23,45,0.02839173913043505,False,mtme_docWMT22CometKiwiDA-src,0.16832617663696497,,
ende23,45,0.02839173913043505,False,mtme_eBLEU-refA,0.012431926958521973,,
ende23,45,0.02839173913043505,False,mtme_embed_llama-refA,-0.012616748053253222,,
ende23,45,0.02839173913043505,False,mtme_f200spBLEU-refA,0.01480982241366404,,
ende23,45,0.02839173913043505,False,mtme_instructscore-refA,0.2209610492089666,,
ende23,45,0.02839173913043505,False,mtme_mbr-metricx-qe-src,0.277432414493847,,
ende23,45,0.02839173913043505,False,mtme_mre-score-labse-regular-refA,0.1882318783326926,,
ende23,45,0.02839173913043505,False,mtme_prismRef-refA,0.12439053965033235,,
ende23,45,0.02839173913043505,False,mtme_prismSrc-src,0.12164108149695749,,
ende23,45,0.02839173913043505,False,mtme_sescoreX-refA,0.2209610492089666,,
ende23,45,0.02839173913043505,False,mtme_tokengram_F-refA,0.03565521616788804,,
zhen23,01,0.006383087753368134,False,mtme_BERTscore-refA,0.07823353311652187,,
zhen23,01,0.006383087753368134,False,mtme_BLEU-refA,0.06066302045500362,,
zhen23,01,0.006383087753368134,False,mtme_BLEURT-20-refA,0.11670740548886777,,
zhen23,01,0.006383087753368134,False,mtme_COMET-refA,0.07067550253909735,,
zhen23,01,0.006383087753368134,False,mtme_Calibri-COMET22-QE-src,0.09787737034902581,,
zhen23,01,0.006383087753368134,False,mtme_Calibri-COMET22-refA,0.08124011349820108,,
zhen23,01,0.006383087753368134,False,mtme_CometKiwi-XL-src,0.1361375016819263,,
zhen23,01,0.006383087753368134,False,mtme_CometKiwi-XXL-src,0.11827127745607363,,
zhen23,01,0.006383087753368134,False,mtme_CometKiwi-src,0.10368429062526818,,
zhen23,01,0.006383087753368134,False,mtme_GEMBA-MQM-src,0.1618759718779061,,
zhen23,01,0.006383087753368134,False,mtme_KG-BERTScore-src,0.07881938549993683,,
zhen23,01,0.006383087753368134,False,mtme_MEE4-refA,0.05490758411563016,,
zhen23,01,0.006383087753368134,False,mtme_MS-COMET-QE-22-src,0.03642202663380703,,
zhen23,01,0.006383087753368134,False,mtme_MaTESe-refA,0.14304184875184373,,
zhen23,01,0.006383087753368134,False,mtme_MetricX-23-QE-b-src,0.1742889431624819,,
zhen23,01,0.006383087753368134,False,mtme_MetricX-23-QE-c-src,0.20361984559286533,,
zhen23,01,0.006383087753368134,False,mtme_MetricX-23-QE-src,0.1440434677535974,,
zhen23,01,0.006383087753368134,False,mtme_MetricX-23-b-refA,0.22013910133547673,,
zhen23,01,0.006383087753368134,False,mtme_MetricX-23-c-refA,0.09687076456379293,,
zhen23,01,0.006383087753368134,False,mtme_MetricX-23-refA,0.18954179994113785,,
zhen23,01,0.006383087753368134,False,mtme_XCOMET-Ensemble-refA,0.2638228036768234,,
zhen23,01,0.006383087753368134,False,mtme_XCOMET-QE-Ensemble-src,0.2078253369873661,,
zhen23,01,0.006383087753368134,False,mtme_XCOMET-XL-refA,0.24526739892347155,,
zhen23,01,0.006383087753368134,False,mtme_XCOMET-XXL-refA,0.2246162248292134,,
zhen23,01,0.006383087753368134,False,mtme_XLsim-refA,-0.018342344464727024,,
zhen23,01,0.006383087753368134,False,mtme_YiSi-1-refA,0.08543876144692279,,
zhen23,01,0.006383087753368134,False,mtme_chrF-refA,0.02260573148177708,,
zhen23,01,0.006383087753368134,False,mtme_cometoid22-wmt21-src,0.0814332666958483,,
zhen23,01,0.006383087753368134,False,mtme_cometoid22-wmt22-src,0.12294888085977425,,
zhen23,01,0.006383087753368134,False,mtme_cometoid22-wmt23-src,0.1027088223643802,,
zhen23,01,0.006383087753368134,False,mtme_docWMT22CometDA-refA,0.06220202015262899,,
zhen23,01,0.006383087753368134,False,mtme_docWMT22CometKiwiDA-src,0.07158710844829547,,
zhen23,01,0.006383087753368134,False,mtme_eBLEU-refA,0.0630450795207158,,
zhen23,01,0.006383087753368134,False,mtme_embed_llama-refA,0.05260781380823131,,
zhen23,01,0.006383087753368134,False,mtme_f200spBLEU-refA,0.03324475047025773,,
zhen23,01,0.006383087753368134,False,mtme_instructscore-refA,0.15652443472782865,,
zhen23,01,0.006383087753368134,False,mtme_mbr-metricx-qe-src,0.1434603782242667,,
zhen23,01,0.006383087753368134,False,mtme_mre-score-labse-regular-refA,0.07920301588543714,,
zhen23,01,0.006383087753368134,False,mtme_prismRef-refA,0.08694924571982061,,
zhen23,01,0.006383087753368134,False,mtme_prismSrc-src,-0.025134669933731157,,
zhen23,01,0.006383087753368134,False,mtme_sescoreX-refA,0.10262490512172609,,
zhen23,01,0.006383087753368134,False,mtme_tokengram_F-refA,0.03462564985441581,,
zhen23,02,0.042668769433625055,False,mtme_BERTscore-refA,-0.051875840137935045,,
zhen23,02,0.042668769433625055,False,mtme_BLEU-refA,0.0037177592382496008,,
zhen23,02,0.042668769433625055,False,mtme_BLEURT-20-refA,0.07705928631550987,,
zhen23,02,0.042668769433625055,False,mtme_COMET-refA,0.11997858275495497,,
zhen23,02,0.042668769433625055,False,mtme_Calibri-COMET22-QE-src,0.24464826246942725,,
zhen23,02,0.042668769433625055,False,mtme_Calibri-COMET22-refA,0.1312514506679249,,
zhen23,02,0.042668769433625055,False,mtme_CometKiwi-XL-src,0.2582830971537179,,
zhen23,02,0.042668769433625055,False,mtme_CometKiwi-XXL-src,0.24259981403320013,,
zhen23,02,0.042668769433625055,False,mtme_CometKiwi-src,0.27994124391387015,,
zhen23,02,0.042668769433625055,False,mtme_GEMBA-MQM-src,0.37821228956975994,,
zhen23,02,0.042668769433625055,False,mtme_KG-BERTScore-src,0.2669530307766881,,
zhen23,02,0.042668769433625055,False,mtme_MEE4-refA,0.01419260926906366,,
zhen23,02,0.042668769433625055,False,mtme_MS-COMET-QE-22-src,0.181835365805515,,
zhen23,02,0.042668769433625055,False,mtme_MaTESe-refA,0.23540953677569698,,
zhen23,02,0.042668769433625055,False,mtme_MetricX-23-QE-b-src,0.47182361400253814,,
zhen23,02,0.042668769433625055,False,mtme_MetricX-23-QE-c-src,0.44902453093735073,,
zhen23,02,0.042668769433625055,False,mtme_MetricX-23-QE-src,0.4484399699843634,,
zhen23,02,0.042668769433625055,False,mtme_MetricX-23-b-refA,0.24400703272986796,,
zhen23,02,0.042668769433625055,False,mtme_MetricX-23-c-refA,0.31418173533419635,,
zhen23,02,0.042668769433625055,False,mtme_MetricX-23-refA,0.245219943358159,,
zhen23,02,0.042668769433625055,False,mtme_XCOMET-Ensemble-refA,0.381788767201823,,
zhen23,02,0.042668769433625055,False,mtme_XCOMET-QE-Ensemble-src,0.45842610898603203,,
zhen23,02,0.042668769433625055,False,mtme_XCOMET-XL-refA,0.31202980561513227,,
zhen23,02,0.042668769433625055,False,mtme_XCOMET-XXL-refA,0.34847313085984544,,
zhen23,02,0.042668769433625055,False,mtme_XLsim-refA,-0.021373444274296934,,
zhen23,02,0.042668769433625055,False,mtme_YiSi-1-refA,-0.02051036833956993,,
zhen23,02,0.042668769433625055,False,mtme_chrF-refA,-0.004324039418807171,,
zhen23,02,0.042668769433625055,False,mtme_cometoid22-wmt21-src,0.22759441861614,,
zhen23,02,0.042668769433625055,False,mtme_cometoid22-wmt22-src,0.23273224224435018,,
zhen23,02,0.042668769433625055,False,mtme_cometoid22-wmt23-src,0.2375350572238436,,
zhen23,02,0.042668769433625055,False,mtme_docWMT22CometDA-refA,0.1020701287202435,,
zhen23,02,0.042668769433625055,False,mtme_docWMT22CometKiwiDA-src,0.2097986682469027,,
zhen23,02,0.042668769433625055,False,mtme_eBLEU-refA,0.04685154738646505,,
zhen23,02,0.042668769433625055,False,mtme_embed_llama-refA,0.019492689196796684,,
zhen23,02,0.042668769433625055,False,mtme_f200spBLEU-refA,0.0016326529546580367,,
zhen23,02,0.042668769433625055,False,mtme_instructscore-refA,0.09195899480554459,,
zhen23,02,0.042668769433625055,False,mtme_mbr-metricx-qe-src,0.28392648189106606,,
zhen23,02,0.042668769433625055,False,mtme_mre-score-labse-regular-refA,0.0951072959090146,,
zhen23,02,0.042668769433625055,False,mtme_prismRef-refA,-0.012334627006210706,,
zhen23,02,0.042668769433625055,False,mtme_prismSrc-src,0.03595471936827485,,
zhen23,02,0.042668769433625055,False,mtme_sescoreX-refA,-0.0029023376505588074,,
zhen23,02,0.042668769433625055,False,mtme_tokengram_F-refA,0.0021053104491099536,,
zhen23,03,0.0440723044500104,False,mtme_BERTscore-refA,-0.05236856925259875,,
zhen23,03,0.0440723044500104,False,mtme_BLEU-refA,-0.005564084265369108,,
zhen23,03,0.0440723044500104,False,mtme_BLEURT-20-refA,0.08112338323652951,,
zhen23,03,0.0440723044500104,False,mtme_COMET-refA,0.12866436126181185,,
zhen23,03,0.0440723044500104,False,mtme_Calibri-COMET22-QE-src,0.2435828674818833,,
zhen23,03,0.0440723044500104,False,mtme_Calibri-COMET22-refA,0.12928363433695333,,
zhen23,03,0.0440723044500104,False,mtme_CometKiwi-XL-src,0.26026916073671025,,
zhen23,03,0.0440723044500104,False,mtme_CometKiwi-XXL-src,0.25482814223611844,,
zhen23,03,0.0440723044500104,False,mtme_CometKiwi-src,0.28283241157671246,,
zhen23,03,0.0440723044500104,False,mtme_GEMBA-MQM-src,0.3563704345092563,,
zhen23,03,0.0440723044500104,False,mtme_KG-BERTScore-src,0.26595529624264325,,
zhen23,03,0.0440723044500104,False,mtme_MEE4-refA,0.010620915295614389,,
zhen23,03,0.0440723044500104,False,mtme_MS-COMET-QE-22-src,0.20246794928615477,,
zhen23,03,0.0440723044500104,False,mtme_MaTESe-refA,0.2328121633282858,,
zhen23,03,0.0440723044500104,False,mtme_MetricX-23-QE-b-src,0.5035766943306683,,
zhen23,03,0.0440723044500104,False,mtme_MetricX-23-QE-c-src,0.46528991712551565,,
zhen23,03,0.0440723044500104,False,mtme_MetricX-23-QE-src,0.4834199040190816,,
zhen23,03,0.0440723044500104,False,mtme_MetricX-23-b-refA,0.2635677874137675,,
zhen23,03,0.0440723044500104,False,mtme_MetricX-23-c-refA,0.3186501240613655,,
zhen23,03,0.0440723044500104,False,mtme_MetricX-23-refA,0.2543286736726875,,
zhen23,03,0.0440723044500104,False,mtme_XCOMET-Ensemble-refA,0.3862626830942854,,
zhen23,03,0.0440723044500104,False,mtme_XCOMET-QE-Ensemble-src,0.49572176259125467,,
zhen23,03,0.0440723044500104,False,mtme_XCOMET-XL-refA,0.287460505838693,,
zhen23,03,0.0440723044500104,False,mtme_XCOMET-XXL-refA,0.38195977957478805,,
zhen23,03,0.0440723044500104,False,mtme_XLsim-refA,-0.022078585814299306,,
zhen23,03,0.0440723044500104,False,mtme_YiSi-1-refA,-0.04232123334587559,,
zhen23,03,0.0440723044500104,False,mtme_chrF-refA,-0.01380109449596388,,
zhen23,03,0.0440723044500104,False,mtme_cometoid22-wmt21-src,0.24096564619178146,,
zhen23,03,0.0440723044500104,False,mtme_cometoid22-wmt22-src,0.23153259022728498,,
zhen23,03,0.0440723044500104,False,mtme_cometoid22-wmt23-src,0.2427464745189589,,
zhen23,03,0.0440723044500104,False,mtme_docWMT22CometDA-refA,0.10615285048790683,,
zhen23,03,0.0440723044500104,False,mtme_docWMT22CometKiwiDA-src,0.17238996700959236,,
zhen23,03,0.0440723044500104,False,mtme_eBLEU-refA,0.04181619529429555,,
zhen23,03,0.0440723044500104,False,mtme_embed_llama-refA,0.02143569043588333,,
zhen23,03,0.0440723044500104,False,mtme_f200spBLEU-refA,0.008935028328465856,,
zhen23,03,0.0440723044500104,False,mtme_instructscore-refA,0.07179671767256748,,
zhen23,03,0.0440723044500104,False,mtme_mbr-metricx-qe-src,0.29482353503318703,,
zhen23,03,0.0440723044500104,False,mtme_mre-score-labse-regular-refA,0.08712433885639295,,
zhen23,03,0.0440723044500104,False,mtme_prismRef-refA,-0.020340145497419235,,
zhen23,03,0.0440723044500104,False,mtme_prismSrc-src,0.028510279507271707,,
zhen23,03,0.0440723044500104,False,mtme_sescoreX-refA,-0.0032128544726161166,,
zhen23,03,0.0440723044500104,False,mtme_tokengram_F-refA,-0.005311154676581401,,
zhen23,04,0.04291410563947523,False,mtme_BERTscore-refA,-0.06255598660068246,,
zhen23,04,0.04291410563947523,False,mtme_BLEU-refA,-0.01388288520424992,,
zhen23,04,0.04291410563947523,False,mtme_BLEURT-20-refA,0.04905740184448881,,
zhen23,04,0.04291410563947523,False,mtme_COMET-refA,0.08828254015890816,,
zhen23,04,0.04291410563947523,False,mtme_Calibri-COMET22-QE-src,0.20149662795219409,,
zhen23,04,0.04291410563947523,False,mtme_Calibri-COMET22-refA,0.07196470481346816,,
zhen23,04,0.04291410563947523,False,mtme_CometKiwi-XL-src,0.20853512098062554,,
zhen23,04,0.04291410563947523,False,mtme_CometKiwi-XXL-src,0.2105091487287783,,
zhen23,04,0.04291410563947523,False,mtme_CometKiwi-src,0.2195631574244041,,
zhen23,04,0.04291410563947523,False,mtme_GEMBA-MQM-src,0.3429859945321033,,
zhen23,04,0.04291410563947523,False,mtme_KG-BERTScore-src,0.2014511102994477,,
zhen23,04,0.04291410563947523,False,mtme_MEE4-refA,0.015606859033836781,,
zhen23,04,0.04291410563947523,False,mtme_MS-COMET-QE-22-src,0.14453483921800744,,
zhen23,04,0.04291410563947523,False,mtme_MaTESe-refA,0.20337745317364359,,
zhen23,04,0.04291410563947523,False,mtme_MetricX-23-QE-b-src,0.4621946927359602,,
zhen23,04,0.04291410563947523,False,mtme_MetricX-23-QE-c-src,0.4367552390946539,,
zhen23,04,0.04291410563947523,False,mtme_MetricX-23-QE-src,0.4493832514717775,,
zhen23,04,0.04291410563947523,False,mtme_MetricX-23-b-refA,0.2405812570893659,,
zhen23,04,0.04291410563947523,False,mtme_MetricX-23-c-refA,0.3000373169999172,,
zhen23,04,0.04291410563947523,False,mtme_MetricX-23-refA,0.25039854508857673,,
zhen23,04,0.04291410563947523,False,mtme_XCOMET-Ensemble-refA,0.3590767202117192,,
zhen23,04,0.04291410563947523,False,mtme_XCOMET-QE-Ensemble-src,0.4327546594664155,,
zhen23,04,0.04291410563947523,False,mtme_XCOMET-XL-refA,0.28044871500961466,,
zhen23,04,0.04291410563947523,False,mtme_XCOMET-XXL-refA,0.33340463260208225,,
zhen23,04,0.04291410563947523,False,mtme_XLsim-refA,-0.028989269787878025,,
zhen23,04,0.04291410563947523,False,mtme_YiSi-1-refA,-0.05283640555315537,,
zhen23,04,0.04291410563947523,False,mtme_chrF-refA,-0.03737912052632378,,
zhen23,04,0.04291410563947523,False,mtme_cometoid22-wmt21-src,0.17670338447460288,,
zhen23,04,0.04291410563947523,False,mtme_cometoid22-wmt22-src,0.197167929320693,,
zhen23,04,0.04291410563947523,False,mtme_cometoid22-wmt23-src,0.19778727860786555,,
zhen23,04,0.04291410563947523,False,mtme_docWMT22CometDA-refA,0.05902932919820905,,
zhen23,04,0.04291410563947523,False,mtme_docWMT22CometKiwiDA-src,0.13482159501036275,,
zhen23,04,0.04291410563947523,False,mtme_eBLEU-refA,0.04005718145693552,,
zhen23,04,0.04291410563947523,False,mtme_embed_llama-refA,0.0326990658979642,,
zhen23,04,0.04291410563947523,False,mtme_f200spBLEU-refA,-0.016639920876750976,,
zhen23,04,0.04291410563947523,False,mtme_instructscore-refA,0.055222198474284,,
zhen23,04,0.04291410563947523,False,mtme_mbr-metricx-qe-src,0.23958500204574532,,
zhen23,04,0.04291410563947523,False,mtme_mre-score-labse-regular-refA,0.06999647765636927,,
zhen23,04,0.04291410563947523,False,mtme_prismRef-refA,-0.039545881541518765,,
zhen23,04,0.04291410563947523,False,mtme_prismSrc-src,0.007858148209443267,,
zhen23,04,0.04291410563947523,False,mtme_sescoreX-refA,-0.025329429957039833,,
zhen23,04,0.04291410563947523,False,mtme_tokengram_F-refA,-0.03248148330142079,,
zhen23,05,0.057511206015734305,False,mtme_BERTscore-refA,0.054892501186092915,,
zhen23,05,0.057511206015734305,False,mtme_BLEU-refA,0.0025898028280874376,,
zhen23,05,0.057511206015734305,False,mtme_BLEURT-20-refA,0.2200195007994657,,
zhen23,05,0.057511206015734305,False,mtme_COMET-refA,0.21402083527619,,
zhen23,05,0.057511206015734305,False,mtme_Calibri-COMET22-QE-src,0.172963780796099,,
zhen23,05,0.057511206015734305,False,mtme_Calibri-COMET22-refA,0.14262193823144192,,
zhen23,05,0.057511206015734305,False,mtme_CometKiwi-XL-src,0.23028337593197035,,
zhen23,05,0.057511206015734305,False,mtme_CometKiwi-XXL-src,0.23017023243325002,,
zhen23,05,0.057511206015734305,False,mtme_CometKiwi-src,0.2556201825550781,,
zhen23,05,0.057511206015734305,False,mtme_GEMBA-MQM-src,0.3698118773955329,,
zhen23,05,0.057511206015734305,False,mtme_KG-BERTScore-src,0.22174767374520535,,
zhen23,05,0.057511206015734305,False,mtme_MEE4-refA,0.02159547218099837,,
zhen23,05,0.057511206015734305,False,mtme_MS-COMET-QE-22-src,0.2485600019810007,,
zhen23,05,0.057511206015734305,False,mtme_MaTESe-refA,0.33170489671869646,,
zhen23,05,0.057511206015734305,False,mtme_MetricX-23-QE-b-src,0.534836165947687,,
zhen23,05,0.057511206015734305,False,mtme_MetricX-23-QE-c-src,0.45308991896544715,,
zhen23,05,0.057511206015734305,False,mtme_MetricX-23-QE-src,0.5157655738929052,,
zhen23,05,0.057511206015734305,False,mtme_MetricX-23-b-refA,0.49937364565825326,,
zhen23,05,0.057511206015734305,False,mtme_MetricX-23-c-refA,0.3010015423101863,,
zhen23,05,0.057511206015734305,False,mtme_MetricX-23-refA,0.489386523427847,,
zhen23,05,0.057511206015734305,False,mtme_XCOMET-Ensemble-refA,0.4749703383679037,,
zhen23,05,0.057511206015734305,False,mtme_XCOMET-QE-Ensemble-src,0.4713225755933978,,
zhen23,05,0.057511206015734305,False,mtme_XCOMET-XL-refA,0.46690694098654584,,
zhen23,05,0.057511206015734305,False,mtme_XCOMET-XXL-refA,0.4493142909351927,,
zhen23,05,0.057511206015734305,False,mtme_XLsim-refA,-0.05374559647996625,,
zhen23,05,0.057511206015734305,False,mtme_YiSi-1-refA,0.06358254040626492,,
zhen23,05,0.057511206015734305,False,mtme_chrF-refA,0.0009531757203965337,,
zhen23,05,0.057511206015734305,False,mtme_cometoid22-wmt21-src,0.25920013704102335,,
zhen23,05,0.057511206015734305,False,mtme_cometoid22-wmt22-src,0.3044427279245837,,
zhen23,05,0.057511206015734305,False,mtme_cometoid22-wmt23-src,0.2545048531901037,,
zhen23,05,0.057511206015734305,False,mtme_docWMT22CometDA-refA,0.16812304674208517,,
zhen23,05,0.057511206015734305,False,mtme_docWMT22CometKiwiDA-src,0.19801050562124292,,
zhen23,05,0.057511206015734305,False,mtme_eBLEU-refA,0.02521095435886301,,
zhen23,05,0.057511206015734305,False,mtme_embed_llama-refA,0.044767233723781774,,
zhen23,05,0.057511206015734305,False,mtme_f200spBLEU-refA,0.011340136866464887,,
zhen23,05,0.057511206015734305,False,mtme_instructscore-refA,0.29621822427670275,,
zhen23,05,0.057511206015734305,False,mtme_mbr-metricx-qe-src,0.38553324224438806,,
zhen23,05,0.057511206015734305,False,mtme_mre-score-labse-regular-refA,0.05995952767681939,,
zhen23,05,0.057511206015734305,False,mtme_prismRef-refA,0.09182723552309864,,
zhen23,05,0.057511206015734305,False,mtme_prismSrc-src,-0.022584533241432662,,
zhen23,05,0.057511206015734305,False,mtme_sescoreX-refA,0.20288636002915061,,
zhen23,05,0.057511206015734305,False,mtme_tokengram_F-refA,0.0029678629385931888,,
zhen23,12,0.03628568168025678,False,mtme_BERTscore-refA,-0.020357391190158024,,
zhen23,12,0.03628568168025678,False,mtme_BLEU-refA,-0.008517019016628297,,
zhen23,12,0.03628568168025678,False,mtme_BLEURT-20-refA,0.0746985995311169,,
zhen23,12,0.03628568168025678,False,mtme_COMET-refA,0.11844159968057044,,
zhen23,12,0.03628568168025678,False,mtme_Calibri-COMET22-QE-src,0.2526420170304049,,
zhen23,12,0.03628568168025678,False,mtme_Calibri-COMET22-refA,0.1077386182437565,,
zhen23,12,0.03628568168025678,False,mtme_CometKiwi-XL-src,0.24184421657758837,,
zhen23,12,0.03628568168025678,False,mtme_CometKiwi-XXL-src,0.19383804584804765,,
zhen23,12,0.03628568168025678,False,mtme_CometKiwi-src,0.2910041068821469,,
zhen23,12,0.03628568168025678,False,mtme_GEMBA-MQM-src,0.35084369715652,,
zhen23,12,0.03628568168025678,False,mtme_KG-BERTScore-src,0.26961414053651517,,
zhen23,12,0.03628568168025678,False,mtme_MEE4-refA,0.020409379420354777,,
zhen23,12,0.03628568168025678,False,mtme_MS-COMET-QE-22-src,0.17768668215220845,,
zhen23,12,0.03628568168025678,False,mtme_MaTESe-refA,0.25352063807308944,,
zhen23,12,0.03628568168025678,False,mtme_MetricX-23-QE-b-src,0.43410014874990244,,
zhen23,12,0.03628568168025678,False,mtme_MetricX-23-QE-c-src,0.39159401363062374,,
zhen23,12,0.03628568168025678,False,mtme_MetricX-23-QE-src,0.40028592243740446,,
zhen23,12,0.03628568168025678,False,mtme_MetricX-23-b-refA,0.2578232629599222,,
zhen23,12,0.03628568168025678,False,mtme_MetricX-23-c-refA,0.28830926873039464,,
zhen23,12,0.03628568168025678,False,mtme_MetricX-23-refA,0.2477258574742729,,
zhen23,12,0.03628568168025678,False,mtme_XCOMET-Ensemble-refA,0.34929332462331375,,
zhen23,12,0.03628568168025678,False,mtme_XCOMET-QE-Ensemble-src,0.4102787375725656,,
zhen23,12,0.03628568168025678,False,mtme_XCOMET-XL-refA,0.29780245346164574,,
zhen23,12,0.03628568168025678,False,mtme_XCOMET-XXL-refA,0.3226925057988208,,
zhen23,12,0.03628568168025678,False,mtme_XLsim-refA,-0.030316511583886138,,
zhen23,12,0.03628568168025678,False,mtme_YiSi-1-refA,-0.016799292627870183,,
zhen23,12,0.03628568168025678,False,mtme_chrF-refA,-0.013990266763725574,,
zhen23,12,0.03628568168025678,False,mtme_cometoid22-wmt21-src,0.22339860604069975,,
zhen23,12,0.03628568168025678,False,mtme_cometoid22-wmt22-src,0.2326436776115679,,
zhen23,12,0.03628568168025678,False,mtme_cometoid22-wmt23-src,0.23222747055107948,,
zhen23,12,0.03628568168025678,False,mtme_docWMT22CometDA-refA,0.09900232651934343,,
zhen23,12,0.03628568168025678,False,mtme_docWMT22CometKiwiDA-src,0.21162235088880313,,
zhen23,12,0.03628568168025678,False,mtme_eBLEU-refA,0.04364536592071853,,
zhen23,12,0.03628568168025678,False,mtme_embed_llama-refA,0.03882520586461591,,
zhen23,12,0.03628568168025678,False,mtme_f200spBLEU-refA,-0.028681581477912877,,
zhen23,12,0.03628568168025678,False,mtme_instructscore-refA,0.11386987794223845,,
zhen23,12,0.03628568168025678,False,mtme_mbr-metricx-qe-src,0.29145403088951727,,
zhen23,12,0.03628568168025678,False,mtme_mre-score-labse-regular-refA,0.07395733504794882,,
zhen23,12,0.03628568168025678,False,mtme_prismRef-refA,0.012591787933602928,,
zhen23,12,0.03628568168025678,False,mtme_prismSrc-src,0.008773230088484515,,
zhen23,12,0.03628568168025678,False,mtme_sescoreX-refA,-0.007777316725594993,,
zhen23,12,0.03628568168025678,False,mtme_tokengram_F-refA,-0.011523402551965474,,
zhen23,13,0.037689216696642124,False,mtme_BERTscore-refA,-0.028177704424072504,,
zhen23,13,0.037689216696642124,False,mtme_BLEU-refA,-0.018167211416390945,,
zhen23,13,0.037689216696642124,False,mtme_BLEURT-20-refA,0.08168232859748868,,
zhen23,13,0.037689216696642124,False,mtme_COMET-refA,0.11994689256966892,,
zhen23,13,0.037689216696642124,False,mtme_Calibri-COMET22-QE-src,0.26099372091781525,,
zhen23,13,0.037689216696642124,False,mtme_Calibri-COMET22-refA,0.09873355368258253,,
zhen23,13,0.037689216696642124,False,mtme_CometKiwi-XL-src,0.2390621527258438,,
zhen23,13,0.037689216696642124,False,mtme_CometKiwi-XXL-src,0.1950799409484983,,
zhen23,13,0.037689216696642124,False,mtme_CometKiwi-src,0.29090210903009783,,
zhen23,13,0.037689216696642124,False,mtme_GEMBA-MQM-src,0.3229785718388452,,
zhen23,13,0.037689216696642124,False,mtme_KG-BERTScore-src,0.2677243956571539,,
zhen23,13,0.037689216696642124,False,mtme_MEE4-refA,0.0115436490164477,,
zhen23,13,0.037689216696642124,False,mtme_MS-COMET-QE-22-src,0.18574689766108743,,
zhen23,13,0.037689216696642124,False,mtme_MaTESe-refA,0.25465543737876445,,
zhen23,13,0.037689216696642124,False,mtme_MetricX-23-QE-b-src,0.45155384754812755,,
zhen23,13,0.037689216696642124,False,mtme_MetricX-23-QE-c-src,0.4002601072172914,,
zhen23,13,0.037689216696642124,False,mtme_MetricX-23-QE-src,0.42507647322051356,,
zhen23,13,0.037689216696642124,False,mtme_MetricX-23-b-refA,0.2594473306445537,,
zhen23,13,0.037689216696642124,False,mtme_MetricX-23-c-refA,0.28568454679969507,,
zhen23,13,0.037689216696642124,False,mtme_MetricX-23-refA,0.26734962956615554,,
zhen23,13,0.037689216696642124,False,mtme_XCOMET-Ensemble-refA,0.3650926515922046,,
zhen23,13,0.037689216696642124,False,mtme_XCOMET-QE-Ensemble-src,0.4257275062446558,,
zhen23,13,0.037689216696642124,False,mtme_XCOMET-XL-refA,0.29510150130891016,,
zhen23,13,0.037689216696642124,False,mtme_XCOMET-XXL-refA,0.34613539524557546,,
zhen23,13,0.037689216696642124,False,mtme_XLsim-refA,-0.061684235440879975,,
zhen23,13,0.037689216696642124,False,mtme_YiSi-1-refA,-0.022752525912474585,,
zhen23,13,0.037689216696642124,False,mtme_chrF-refA,-0.019442448719569263,,
zhen23,13,0.037689216696642124,False,mtme_cometoid22-wmt21-src,0.2337507621517505,,
zhen23,13,0.037689216696642124,False,mtme_cometoid22-wmt22-src,0.23971250255876414,,
zhen23,13,0.037689216696642124,False,mtme_cometoid22-wmt23-src,0.23743908023385552,,
zhen23,13,0.037689216696642124,False,mtme_docWMT22CometDA-refA,0.1092125816649741,,
zhen23,13,0.037689216696642124,False,mtme_docWMT22CometKiwiDA-src,0.1915449144615114,,
zhen23,13,0.037689216696642124,False,mtme_eBLEU-refA,0.033793035261931045,,
zhen23,13,0.037689216696642124,False,mtme_embed_llama-refA,0.020643270161222492,,
zhen23,13,0.037689216696642124,False,mtme_f200spBLEU-refA,-0.02624804509140277,,
zhen23,13,0.037689216696642124,False,mtme_instructscore-refA,0.09495023526824797,,
zhen23,13,0.037689216696642124,False,mtme_mbr-metricx-qe-src,0.2913846855678921,,
zhen23,13,0.037689216696642124,False,mtme_mre-score-labse-regular-refA,0.08213568911397405,,
zhen23,13,0.037689216696642124,False,mtme_prismRef-refA,0.013126193195496481,,
zhen23,13,0.037689216696642124,False,mtme_prismSrc-src,0.004593064865697457,,
zhen23,13,0.037689216696642124,False,mtme_sescoreX-refA,-0.00570686220692165,,
zhen23,13,0.037689216696642124,False,mtme_tokengram_F-refA,-0.013483708825075217,,
zhen23,14,0.0365310178861068,False,mtme_BERTscore-refA,-0.021467721638761955,,
zhen23,14,0.0365310178861068,False,mtme_BLEU-refA,-0.020373388630618224,,
zhen23,14,0.0365310178861068,False,mtme_BLEURT-20-refA,0.06102277218018725,,
zhen23,14,0.0365310178861068,False,mtme_COMET-refA,0.10019289949590873,,
zhen23,14,0.0365310178861068,False,mtme_Calibri-COMET22-QE-src,0.23615022770737915,,
zhen23,14,0.0365310178861068,False,mtme_Calibri-COMET22-refA,0.05613583164529006,,
zhen23,14,0.0365310178861068,False,mtme_CometKiwi-XL-src,0.21640089256270484,,
zhen23,14,0.0365310178861068,False,mtme_CometKiwi-XXL-src,0.1770776342109328,,
zhen23,14,0.0365310178861068,False,mtme_CometKiwi-src,0.2562115859941106,,
zhen23,14,0.0365310178861068,False,mtme_GEMBA-MQM-src,0.324698716880754,,
zhen23,14,0.0365310178861068,False,mtme_KG-BERTScore-src,0.21451875491142497,,
zhen23,14,0.0365310178861068,False,mtme_MEE4-refA,0.014042320024174618,,
zhen23,14,0.0365310178861068,False,mtme_MS-COMET-QE-22-src,0.14698593759744039,,
zhen23,14,0.0365310178861068,False,mtme_MaTESe-refA,0.2575816949330858,,
zhen23,14,0.0365310178861068,False,mtme_MetricX-23-QE-b-src,0.44400051616185776,,
zhen23,14,0.0365310178861068,False,mtme_MetricX-23-QE-c-src,0.39346757623711437,,
zhen23,14,0.0365310178861068,False,mtme_MetricX-23-QE-src,0.39588157347260444,,
zhen23,14,0.0365310178861068,False,mtme_MetricX-23-b-refA,0.24854158870744747,,
zhen23,14,0.0365310178861068,False,mtme_MetricX-23-c-refA,0.27990042188733266,,
zhen23,14,0.0365310178861068,False,mtme_MetricX-23-refA,0.24059798439298713,,
zhen23,14,0.0365310178861068,False,mtme_XCOMET-Ensemble-refA,0.3253327663221979,,
zhen23,14,0.0365310178861068,False,mtme_XCOMET-QE-Ensemble-src,0.38399580779001097,,
zhen23,14,0.0365310178861068,False,mtme_XCOMET-XL-refA,0.2847759496643331,,
zhen23,14,0.0365310178861068,False,mtme_XCOMET-XXL-refA,0.2894095534078136,,
zhen23,14,0.0365310178861068,False,mtme_XLsim-refA,-0.017418048238462193,,
zhen23,14,0.0365310178861068,False,mtme_YiSi-1-refA,-0.02210984700911527,,
zhen23,14,0.0365310178861068,False,mtme_chrF-refA,-0.02653261443584059,,
zhen23,14,0.0365310178861068,False,mtme_cometoid22-wmt21-src,0.18473064000994022,,
zhen23,14,0.0365310178861068,False,mtme_cometoid22-wmt22-src,0.21524630139322698,,
zhen23,14,0.0365310178861068,False,mtme_cometoid22-wmt23-src,0.22191591996492643,,
zhen23,14,0.0365310178861068,False,mtme_docWMT22CometDA-refA,0.06928840669727007,,
zhen23,14,0.0365310178861068,False,mtme_docWMT22CometKiwiDA-src,0.17113495102531812,,
zhen23,14,0.0365310178861068,False,mtme_eBLEU-refA,0.05508966218677845,,
zhen23,14,0.0365310178861068,False,mtme_embed_llama-refA,0.028652103201431196,,
zhen23,14,0.0365310178861068,False,mtme_f200spBLEU-refA,-0.0340416889874598,,
zhen23,14,0.0365310178861068,False,mtme_instructscore-refA,0.06904488369974723,,
zhen23,14,0.0365310178861068,False,mtme_mbr-metricx-qe-src,0.2488500885859817,,
zhen23,14,0.0365310178861068,False,mtme_mre-score-labse-regular-refA,0.043635517625308505,,
zhen23,14,0.0365310178861068,False,mtme_prismRef-refA,0.003484599725689887,,
zhen23,14,0.0365310178861068,False,mtme_prismSrc-src,-0.019438957466588632,,
zhen23,14,0.0365310178861068,False,mtme_sescoreX-refA,-0.0197288560683566,,
zhen23,14,0.0365310178861068,False,mtme_tokengram_F-refA,-0.029112933733463412,,
zhen23,15,0.05112811826236603,False,mtme_BERTscore-refA,0.06667675557675481,,
zhen23,15,0.05112811826236603,False,mtme_BLEU-refA,0.01025559755377868,,
zhen23,15,0.05112811826236603,False,mtme_BLEURT-20-refA,0.2280399229669302,,
zhen23,15,0.05112811826236603,False,mtme_COMET-refA,0.20933093089601224,,
zhen23,15,0.05112811826236603,False,mtme_Calibri-COMET22-QE-src,0.16895611370537356,,
zhen23,15,0.05112811826236603,False,mtme_Calibri-COMET22-refA,0.12028908586254253,,
zhen23,15,0.05112811826236603,False,mtme_CometKiwi-XL-src,0.17485337987016375,,
zhen23,15,0.05112811826236603,False,mtme_CometKiwi-XXL-src,0.18727929524420805,,
zhen23,15,0.05112811826236603,False,mtme_CometKiwi-src,0.2403259083021921,,
zhen23,15,0.05112811826236603,False,mtme_GEMBA-MQM-src,0.2925823098626771,,
zhen23,15,0.05112811826236603,False,mtme_KG-BERTScore-src,0.2115577280844026,,
zhen23,15,0.05112811826236603,False,mtme_MEE4-refA,0.01851335149456474,,
zhen23,15,0.05112811826236603,False,mtme_MS-COMET-QE-22-src,0.2292662539512191,,
zhen23,15,0.05112811826236603,False,mtme_MaTESe-refA,0.3670360777726359,,
zhen23,15,0.05112811826236603,False,mtme_MetricX-23-QE-b-src,0.5057935161427374,,
zhen23,15,0.05112811826236603,False,mtme_MetricX-23-QE-c-src,0.43047070192736336,,
zhen23,15,0.05112811826236603,False,mtme_MetricX-23-QE-src,0.47548163181295866,,
zhen23,15,0.05112811826236603,False,mtme_MetricX-23-b-refA,0.49727082648760657,,
zhen23,15,0.05112811826236603,False,mtme_MetricX-23-c-refA,0.3058298679191313,,
zhen23,15,0.05112811826236603,False,mtme_MetricX-23-refA,0.49984777567954863,,
zhen23,15,0.05112811826236603,False,mtme_XCOMET-Ensemble-refA,0.47151902833685594,,
zhen23,15,0.05112811826236603,False,mtme_XCOMET-QE-Ensemble-src,0.4701529818406972,,
zhen23,15,0.05112811826236603,False,mtme_XCOMET-XL-refA,0.473865091122223,,
zhen23,15,0.05112811826236603,False,mtme_XCOMET-XXL-refA,0.46252396218559644,,
zhen23,15,0.05112811826236603,False,mtme_XLsim-refA,-0.07392428089837028,,
zhen23,15,0.05112811826236603,False,mtme_YiSi-1-refA,0.07733513030236988,,
zhen23,15,0.05112811826236603,False,mtme_chrF-refA,0.020593639103186453,,
zhen23,15,0.05112811826236603,False,mtme_cometoid22-wmt21-src,0.2510156050358305,,
zhen23,15,0.05112811826236603,False,mtme_cometoid22-wmt22-src,0.28719363179502044,,
zhen23,15,0.05112811826236603,False,mtme_cometoid22-wmt23-src,0.27267857993805616,,
zhen23,15,0.05112811826236603,False,mtme_docWMT22CometDA-refA,0.17655618675254636,,
zhen23,15,0.05112811826236603,False,mtme_docWMT22CometKiwiDA-src,0.17573029991785344,,
zhen23,15,0.05112811826236603,False,mtme_eBLEU-refA,0.034907015867469623,,
zhen23,15,0.05112811826236603,False,mtme_embed_llama-refA,0.030018525178943267,,
zhen23,15,0.05112811826236603,False,mtme_f200spBLEU-refA,0.014071244655556089,,
zhen23,15,0.05112811826236603,False,mtme_instructscore-refA,0.31384674590526423,,
zhen23,15,0.05112811826236603,False,mtme_mbr-metricx-qe-src,0.37691546714301394,,
zhen23,15,0.05112811826236603,False,mtme_mre-score-labse-regular-refA,0.047517325333638845,,
zhen23,15,0.05112811826236603,False,mtme_prismRef-refA,0.10287977199215273,,
zhen23,15,0.05112811826236603,False,mtme_prismSrc-src,-0.050009388733614615,,
zhen23,15,0.05112811826236603,False,mtme_sescoreX-refA,0.21305602000874152,,
zhen23,15,0.05112811826236603,False,mtme_tokengram_F-refA,0.0155146427806267,,
zhen23,23,0.0014035350163854683,False,mtme_BERTscore-refA,-0.0055269195221925305,,
zhen23,23,0.0014035350163854683,False,mtme_BLEU-refA,-0.010685137662783745,,
zhen23,23,0.0014035350163854683,False,mtme_BLEURT-20-refA,0.015253885312621437,,
zhen23,23,0.0014035350163854683,False,mtme_COMET-refA,0.05407947946082445,,
zhen23,23,0.0014035350163854683,False,mtme_Calibri-COMET22-QE-src,0.1555908031627301,,
zhen23,23,0.0014035350163854683,False,mtme_Calibri-COMET22-refA,-0.009967531654551692,,
zhen23,23,0.0014035350163854683,False,mtme_CometKiwi-XL-src,0.14814766778458774,,
zhen23,23,0.0014035350163854683,False,mtme_CometKiwi-XXL-src,0.1588187919996903,,
zhen23,23,0.0014035350163854683,False,mtme_CometKiwi-src,0.10109954422904432,,
zhen23,23,0.0014035350163854683,False,mtme_GEMBA-MQM-src,0.13267295058189618,,
zhen23,23,0.0014035350163854683,False,mtme_KG-BERTScore-src,0.14018720268947832,,
zhen23,23,0.0014035350163854683,False,mtme_MEE4-refA,-0.03586173432431683,,
zhen23,23,0.0014035350163854683,False,mtme_MS-COMET-QE-22-src,0.07182593786605661,,
zhen23,23,0.0014035350163854683,False,mtme_MaTESe-refA,0.06781208834201509,,
zhen23,23,0.0014035350163854683,False,mtme_MetricX-23-QE-b-src,0.22644304254205422,,
zhen23,23,0.0014035350163854683,False,mtme_MetricX-23-QE-c-src,0.1667529400189771,,
zhen23,23,0.0014035350163854683,False,mtme_MetricX-23-QE-src,0.194339340354961,,
zhen23,23,0.0014035350163854683,False,mtme_MetricX-23-b-refA,0.17666435654439966,,
zhen23,23,0.0014035350163854683,False,mtme_MetricX-23-c-refA,0.17417014569207376,,
zhen23,23,0.0014035350163854683,False,mtme_MetricX-23-refA,0.13632919823035675,,
zhen23,23,0.0014035350163854683,False,mtme_XCOMET-Ensemble-refA,0.18692036339038076,,
zhen23,23,0.0014035350163854683,False,mtme_XCOMET-QE-Ensemble-src,0.2676724549105106,,
zhen23,23,0.0014035350163854683,False,mtme_XCOMET-XL-refA,0.1654712840006457,,
zhen23,23,0.0014035350163854683,False,mtme_XCOMET-XXL-refA,0.137732789921111,,
zhen23,23,0.0014035350163854683,False,mtme_XLsim-refA,-0.07577314069424788,,
zhen23,23,0.0014035350163854683,False,mtme_YiSi-1-refA,0.013653213531237326,,
zhen23,23,0.0014035350163854683,False,mtme_chrF-refA,-0.04874221616662257,,
zhen23,23,0.0014035350163854683,False,mtme_cometoid22-wmt21-src,0.1380055236243149,,
zhen23,23,0.0014035350163854683,False,mtme_cometoid22-wmt22-src,0.12912130494077578,,
zhen23,23,0.0014035350163854683,False,mtme_cometoid22-wmt23-src,0.07199941442780505,,
zhen23,23,0.0014035350163854683,False,mtme_docWMT22CometDA-refA,0.07915880572348329,,
zhen23,23,0.0014035350163854683,False,mtme_docWMT22CometKiwiDA-src,0.0309076226592511,,
zhen23,23,0.0014035350163854683,False,mtme_eBLEU-refA,-0.01198857142920274,,
zhen23,23,0.0014035350163854683,False,mtme_embed_llama-refA,0.07402793111260329,,
zhen23,23,0.0014035350163854683,False,mtme_f200spBLEU-refA,-0.02023364865919721,,
zhen23,23,0.0014035350163854683,False,mtme_instructscore-refA,0.0,,
zhen23,23,0.0014035350163854683,False,mtme_mbr-metricx-qe-src,0.23495255833858314,,
zhen23,23,0.0014035350163854683,False,mtme_mre-score-labse-regular-refA,0.06545695200289295,,
zhen23,23,0.0014035350163854683,False,mtme_prismRef-refA,-0.0038451438254169324,,
zhen23,23,0.0014035350163854683,False,mtme_prismSrc-src,-0.02731840042836793,,
zhen23,23,0.0014035350163854683,False,mtme_sescoreX-refA,-0.0024568299882426602,,
zhen23,23,0.0014035350163854683,False,mtme_tokengram_F-refA,-0.03917353801283484,,
zhen23,24,0.00024533620585021624,False,mtme_BERTscore-refA,0.0036921665913569194,,
zhen23,24,0.00024533620585021624,False,mtme_BLEU-refA,0.021390866195551216,,
zhen23,24,0.00024533620585021624,False,mtme_BLEURT-20-refA,0.10231977600829496,,
zhen23,24,0.00024533620585021624,False,mtme_COMET-refA,0.023751444436451635,,
zhen23,24,0.00024533620585021624,False,mtme_Calibri-COMET22-QE-src,0.1668331394773514,,
zhen23,24,0.00024533620585021624,False,mtme_Calibri-COMET22-refA,0.020461085039658485,,
zhen23,24,0.00024533620585021624,False,mtme_CometKiwi-XL-src,0.19193933957727205,,
zhen23,24,0.00024533620585021624,False,mtme_CometKiwi-XXL-src,0.1961037513969846,,
zhen23,24,0.00024533620585021624,False,mtme_CometKiwi-src,0.1370167267433961,,
zhen23,24,0.00024533620585021624,False,mtme_GEMBA-MQM-src,0.181123950589026,,
zhen23,24,0.00024533620585021624,False,mtme_KG-BERTScore-src,0.1268177936969852,,
zhen23,24,0.00024533620585021624,False,mtme_MEE4-refA,-0.019227064807038088,,
zhen23,24,0.00024533620585021624,False,mtme_MS-COMET-QE-22-src,0.11670638754695128,,
zhen23,24,0.00024533620585021624,False,mtme_MaTESe-refA,0.2068479372439634,,
zhen23,24,0.00024533620585021624,False,mtme_MetricX-23-QE-b-src,0.24769308440176263,,
zhen23,24,0.00024533620585021624,False,mtme_MetricX-23-QE-c-src,0.21241831354281002,,
zhen23,24,0.00024533620585021624,False,mtme_MetricX-23-QE-src,0.2689820989128377,,
zhen23,24,0.00024533620585021624,False,mtme_MetricX-23-b-refA,0.17423430174557486,,
zhen23,24,0.00024533620585021624,False,mtme_MetricX-23-c-refA,0.20460269362632771,,
zhen23,24,0.00024533620585021624,False,mtme_MetricX-23-refA,0.1265594120198851,,
zhen23,24,0.00024533620585021624,False,mtme_XCOMET-Ensemble-refA,0.1619689800616208,,
zhen23,24,0.00024533620585021624,False,mtme_XCOMET-QE-Ensemble-src,0.18831107810192454,,
zhen23,24,0.00024533620585021624,False,mtme_XCOMET-XL-refA,0.11631805061130265,,
zhen23,24,0.00024533620585021624,False,mtme_XCOMET-XXL-refA,0.1768030002742919,,
zhen23,24,0.00024533620585021624,False,mtme_XLsim-refA,0.008517756756134264,,
zhen23,24,0.00024533620585021624,False,mtme_YiSi-1-refA,0.031081780702163674,,
zhen23,24,0.00024533620585021624,False,mtme_chrF-refA,-0.01582893983415081,,
zhen23,24,0.00024533620585021624,False,mtme_cometoid22-wmt21-src,0.1153793741036114,,
zhen23,24,0.00024533620585021624,False,mtme_cometoid22-wmt22-src,0.1754272939522074,,
zhen23,24,0.00024533620585021624,False,mtme_cometoid22-wmt23-src,0.1476160642159154,,
zhen23,24,0.00024533620585021624,False,mtme_docWMT22CometDA-refA,0.05400777620895026,,
zhen23,24,0.00024533620585021624,False,mtme_docWMT22CometKiwiDA-src,0.11197254683058595,,
zhen23,24,0.00024533620585021624,False,mtme_eBLEU-refA,-0.026333283092597214,,
zhen23,24,0.00024533620585021624,False,mtme_embed_llama-refA,-0.011003948076793625,,
zhen23,24,0.00024533620585021624,False,mtme_f200spBLEU-refA,-0.025755710714549268,,
zhen23,24,0.00024533620585021624,False,mtme_instructscore-refA,-0.06627485055965858,,
zhen23,24,0.00024533620585021624,False,mtme_mbr-metricx-qe-src,0.21667389884678717,,
zhen23,24,0.00024533620585021624,False,mtme_mre-score-labse-regular-refA,0.11189221760275764,,
zhen23,24,0.00024533620585021624,False,mtme_prismRef-refA,0.05748206048391718,,
zhen23,24,0.00024533620585021624,False,mtme_prismSrc-src,0.08547831080317451,,
zhen23,24,0.00024533620585021624,False,mtme_sescoreX-refA,0.03722226984718652,,
zhen23,24,0.00024533620585021624,False,mtme_tokengram_F-refA,-0.01978675304607006,,
zhen23,25,0.01484243658210945,False,mtme_BERTscore-refA,0.13400082843398264,,
zhen23,25,0.01484243658210945,False,mtme_BLEU-refA,0.027229867980584507,,
zhen23,25,0.01484243658210945,False,mtme_BLEURT-20-refA,0.20679948104071572,,
zhen23,25,0.01484243658210945,False,mtme_COMET-refA,0.21352012638501397,,
zhen23,25,0.01484243658210945,False,mtme_Calibri-COMET22-QE-src,0.2133297243414451,,
zhen23,25,0.01484243658210945,False,mtme_Calibri-COMET22-refA,0.16036798231832056,,
zhen23,25,0.01484243658210945,False,mtme_CometKiwi-XL-src,0.24376452913747276,,
zhen23,25,0.01484243658210945,False,mtme_CometKiwi-XXL-src,0.25477277615244687,,
zhen23,25,0.01484243658210945,False,mtme_CometKiwi-src,0.2831386005438942,,
zhen23,25,0.01484243658210945,False,mtme_GEMBA-MQM-src,0.30163590601830126,,
zhen23,25,0.01484243658210945,False,mtme_KG-BERTScore-src,0.2648544874991779,,
zhen23,25,0.01484243658210945,False,mtme_MEE4-refA,0.03461774346372763,,
zhen23,25,0.01484243658210945,False,mtme_MS-COMET-QE-22-src,0.2557599515820934,,
zhen23,25,0.01484243658210945,False,mtme_MaTESe-refA,0.2802285877291917,,
zhen23,25,0.01484243658210945,False,mtme_MetricX-23-QE-b-src,0.42443250748584194,,
zhen23,25,0.01484243658210945,False,mtme_MetricX-23-QE-c-src,0.34306424519498874,,
zhen23,25,0.01484243658210945,False,mtme_MetricX-23-QE-src,0.3764608967188351,,
zhen23,25,0.01484243658210945,False,mtme_MetricX-23-b-refA,0.2997466552142301,,
zhen23,25,0.01484243658210945,False,mtme_MetricX-23-c-refA,0.23416947857746723,,
zhen23,25,0.01484243658210945,False,mtme_MetricX-23-refA,0.2995641500456473,,
zhen23,25,0.01484243658210945,False,mtme_XCOMET-Ensemble-refA,0.36275894788797164,,
zhen23,25,0.01484243658210945,False,mtme_XCOMET-QE-Ensemble-src,0.37481626811668733,,
zhen23,25,0.01484243658210945,False,mtme_XCOMET-XL-refA,0.3135017430624889,,
zhen23,25,0.01484243658210945,False,mtme_XCOMET-XXL-refA,0.3475703154536861,,
zhen23,25,0.01484243658210945,False,mtme_XLsim-refA,0.06033969240570146,,
zhen23,25,0.01484243658210945,False,mtme_YiSi-1-refA,0.1656535766634156,,
zhen23,25,0.01484243658210945,False,mtme_chrF-refA,0.057615631742126985,,
zhen23,25,0.01484243658210945,False,mtme_cometoid22-wmt21-src,0.28140854464279536,,
zhen23,25,0.01484243658210945,False,mtme_cometoid22-wmt22-src,0.2893558226509374,,
zhen23,25,0.01484243658210945,False,mtme_cometoid22-wmt23-src,0.2661770917555947,,
zhen23,25,0.01484243658210945,False,mtme_docWMT22CometDA-refA,0.17303791776756106,,
zhen23,25,0.01484243658210945,False,mtme_docWMT22CometKiwiDA-src,0.18007673934641438,,
zhen23,25,0.01484243658210945,False,mtme_eBLEU-refA,0.0479213880942673,,
zhen23,25,0.01484243658210945,False,mtme_embed_llama-refA,0.033460188541986305,,
zhen23,25,0.01484243658210945,False,mtme_f200spBLEU-refA,0.02402245286769888,,
zhen23,25,0.01484243658210945,False,mtme_instructscore-refA,0.25110530082202864,,
zhen23,25,0.01484243658210945,False,mtme_mbr-metricx-qe-src,0.3153305629754696,,
zhen23,25,0.01484243658210945,False,mtme_mre-score-labse-regular-refA,0.05422572157770504,,
zhen23,25,0.01484243658210945,False,mtme_prismRef-refA,0.14912931011361094,,
zhen23,25,0.01484243658210945,False,mtme_prismSrc-src,0.05087284838445177,,
zhen23,25,0.01484243658210945,False,mtme_sescoreX-refA,0.16391244956468043,,
zhen23,25,0.01484243658210945,False,mtme_tokengram_F-refA,0.05629997324846853,,
zhen23,34,0.001158198810535252,False,mtme_BERTscore-refA,0.010868958580045444,,
zhen23,34,0.001158198810535252,False,mtme_BLEU-refA,0.04119241592869924,,
zhen23,34,0.001158198810535252,False,mtme_BLEURT-20-refA,0.09841236131105474,,
zhen23,34,0.001158198810535252,False,mtme_COMET-refA,0.06022761269160378,,
zhen23,34,0.001158198810535252,False,mtme_Calibri-COMET22-QE-src,0.17592048574786784,,
zhen23,34,0.001158198810535252,False,mtme_Calibri-COMET22-refA,0.07978190649398523,,
zhen23,34,0.001158198810535252,False,mtme_CometKiwi-XL-src,0.18828148292817715,,
zhen23,34,0.001158198810535252,False,mtme_CometKiwi-XXL-src,0.1857742106537243,,
zhen23,34,0.001158198810535252,False,mtme_CometKiwi-src,0.15606055843916128,,
zhen23,34,0.001158198810535252,False,mtme_GEMBA-MQM-src,0.16715622523111007,,
zhen23,34,0.001158198810535252,False,mtme_KG-BERTScore-src,0.1625451171032402,,
zhen23,34,0.001158198810535252,False,mtme_MEE4-refA,-0.017566306608471152,,
zhen23,34,0.001158198810535252,False,mtme_MS-COMET-QE-22-src,0.19786754480406374,,
zhen23,34,0.001158198810535252,False,mtme_MaTESe-refA,0.20619115874607716,,
zhen23,34,0.001158198810535252,False,mtme_MetricX-23-QE-b-src,0.2590102236747063,,
zhen23,34,0.001158198810535252,False,mtme_MetricX-23-QE-c-src,0.24647412761212278,,
zhen23,34,0.001158198810535252,False,mtme_MetricX-23-QE-src,0.30532868185531314,,
zhen23,34,0.001158198810535252,False,mtme_MetricX-23-b-refA,0.13409875844234848,,
zhen23,34,0.001158198810535252,False,mtme_MetricX-23-c-refA,0.15977005048489792,,
zhen23,34,0.001158198810535252,False,mtme_MetricX-23-refA,0.18814573162125897,,
zhen23,34,0.001158198810535252,False,mtme_XCOMET-Ensemble-refA,0.23936226179673636,,
zhen23,34,0.001158198810535252,False,mtme_XCOMET-QE-Ensemble-src,0.23310101541516348,,
zhen23,34,0.001158198810535252,False,mtme_XCOMET-XL-refA,0.17816347390911874,,
zhen23,34,0.001158198810535252,False,mtme_XCOMET-XXL-refA,0.2339579390866224,,
zhen23,34,0.001158198810535252,False,mtme_XLsim-refA,0.002882349710842963,,
zhen23,34,0.001158198810535252,False,mtme_YiSi-1-refA,0.0380440790007629,,
zhen23,34,0.001158198810535252,False,mtme_chrF-refA,-0.014802527539247611,,
zhen23,34,0.001158198810535252,False,mtme_cometoid22-wmt21-src,0.1720075765142522,,
zhen23,34,0.001158198810535252,False,mtme_cometoid22-wmt22-src,0.20097030116477238,,
zhen23,34,0.001158198810535252,False,mtme_cometoid22-wmt23-src,0.16712921410487125,,
zhen23,34,0.001158198810535252,False,mtme_docWMT22CometDA-refA,0.05985650810760074,,
zhen23,34,0.001158198810535252,False,mtme_docWMT22CometKiwiDA-src,0.06336280759326318,,
zhen23,34,0.001158198810535252,False,mtme_eBLEU-refA,-0.016721173376512265,,
zhen23,34,0.001158198810535252,False,mtme_embed_llama-refA,-0.02370683003422825,,
zhen23,34,0.001158198810535252,False,mtme_f200spBLEU-refA,-0.016892222860865835,,
zhen23,34,0.001158198810535252,False,mtme_instructscore-refA,-0.05230086634405532,,
zhen23,34,0.001158198810535252,False,mtme_mbr-metricx-qe-src,0.19230154015832046,,
zhen23,34,0.001158198810535252,False,mtme_mre-score-labse-regular-refA,0.0757716952467162,,
zhen23,34,0.001158198810535252,False,mtme_prismRef-refA,0.05814519741295725,,
zhen23,34,0.001158198810535252,False,mtme_prismSrc-src,0.07723120012116867,,
zhen23,34,0.001158198810535252,False,mtme_sescoreX-refA,0.06362811898296275,,
zhen23,34,0.001158198810535252,False,mtme_tokengram_F-refA,-0.022201057399331026,,
zhen23,35,0.013438901565723983,False,mtme_BERTscore-refA,0.14759867032027396,,
zhen23,35,0.013438901565723983,False,mtme_BLEU-refA,0.04350563245581529,,
zhen23,35,0.013438901565723983,False,mtme_BLEURT-20-refA,0.21522227326671697,,
zhen23,35,0.013438901565723983,False,mtme_COMET-refA,0.22641500882780888,,
zhen23,35,0.013438901565723983,False,mtme_Calibri-COMET22-QE-src,0.20048460152320174,,
zhen23,35,0.013438901565723983,False,mtme_Calibri-COMET22-refA,0.20513268414248942,,
zhen23,35,0.013438901565723983,False,mtme_CometKiwi-XL-src,0.25284191630267366,,
zhen23,35,0.013438901565723983,False,mtme_CometKiwi-XXL-src,0.25462459431033757,,
zhen23,35,0.013438901565723983,False,mtme_CometKiwi-src,0.2652449162596362,,
zhen23,35,0.013438901565723983,False,mtme_GEMBA-MQM-src,0.2972004334247255,,
zhen23,35,0.013438901565723983,False,mtme_KG-BERTScore-src,0.24474018917765725,,
zhen23,35,0.013438901565723983,False,mtme_MEE4-refA,0.04455709165820871,,
zhen23,35,0.013438901565723983,False,mtme_MS-COMET-QE-22-src,0.27841863905228365,,
zhen23,35,0.013438901565723983,False,mtme_MaTESe-refA,0.29785112027456384,,
zhen23,35,0.013438901565723983,False,mtme_MetricX-23-QE-b-src,0.4427157265917949,,
zhen23,35,0.013438901565723983,False,mtme_MetricX-23-QE-c-src,0.3412584200462847,,
zhen23,35,0.013438901565723983,False,mtme_MetricX-23-QE-src,0.396345205109625,,
zhen23,35,0.013438901565723983,False,mtme_MetricX-23-b-refA,0.3085620041774365,,
zhen23,35,0.013438901565723983,False,mtme_MetricX-23-c-refA,0.2451057766074325,,
zhen23,35,0.013438901565723983,False,mtme_MetricX-23-refA,0.31250315281244717,,
zhen23,35,0.013438901565723983,False,mtme_XCOMET-Ensemble-refA,0.3827153731876991,,
zhen23,35,0.013438901565723983,False,mtme_XCOMET-QE-Ensemble-src,0.36831962011266106,,
zhen23,35,0.013438901565723983,False,mtme_XCOMET-XL-refA,0.3333667628559216,,
zhen23,35,0.013438901565723983,False,mtme_XCOMET-XXL-refA,0.3641369846211441,,
zhen23,35,0.013438901565723983,False,mtme_XLsim-refA,0.050025760703402394,,
zhen23,35,0.013438901565723983,False,mtme_YiSi-1-refA,0.1781361819910728,,
zhen23,35,0.013438901565723983,False,mtme_chrF-refA,0.07171562727946733,,
zhen23,35,0.013438901565723983,False,mtme_cometoid22-wmt21-src,0.29303246572685704,,
zhen23,35,0.013438901565723983,False,mtme_cometoid22-wmt22-src,0.2939581662475758,,
zhen23,35,0.013438901565723983,False,mtme_cometoid22-wmt23-src,0.27001551514877803,,
zhen23,35,0.013438901565723983,False,mtme_docWMT22CometDA-refA,0.18702232730181387,,
zhen23,35,0.013438901565723983,False,mtme_docWMT22CometKiwiDA-src,0.15554531457726486,,
zhen23,35,0.013438901565723983,False,mtme_eBLEU-refA,0.049251302417152795,,
zhen23,35,0.013438901565723983,False,mtme_embed_llama-refA,0.02818691643898509,,
zhen23,35,0.013438901565723983,False,mtme_f200spBLEU-refA,0.05158808992158212,,
zhen23,35,0.013438901565723983,False,mtme_instructscore-refA,0.2157847142274446,,
zhen23,35,0.013438901565723983,False,mtme_mbr-metricx-qe-src,0.3034291992570315,,
zhen23,35,0.013438901565723983,False,mtme_mre-score-labse-regular-refA,0.042914189331986,,
zhen23,35,0.013438901565723983,False,mtme_prismRef-refA,0.16736601833551656,,
zhen23,35,0.013438901565723983,False,mtme_prismSrc-src,0.048765348468551274,,
zhen23,35,0.013438901565723983,False,mtme_sescoreX-refA,0.16499776027261345,,
zhen23,35,0.013438901565723983,False,mtme_tokengram_F-refA,0.07105038201406186,,
zhen23,45,0.014597100376259234,False,mtme_BERTscore-refA,0.13358332370853382,,
zhen23,45,0.014597100376259234,False,mtme_BLEU-refA,0.020852739967495912,,
zhen23,45,0.014597100376259234,False,mtme_BLEURT-20-refA,0.19141467861379619,,
zhen23,45,0.014597100376259234,False,mtme_COMET-refA,0.21440949427686168,,
zhen23,45,0.014597100376259234,False,mtme_Calibri-COMET22-QE-src,0.19461291072571263,,
zhen23,45,0.014597100376259234,False,mtme_Calibri-COMET22-refA,0.16629137313357567,,
zhen23,45,0.014597100376259234,False,mtme_CometKiwi-XL-src,0.2455089723457699,,
zhen23,45,0.014597100376259234,False,mtme_CometKiwi-XXL-src,0.24780664212316197,,
zhen23,45,0.014597100376259234,False,mtme_CometKiwi-src,0.23904133163633498,,
zhen23,45,0.014597100376259234,False,mtme_GEMBA-MQM-src,0.3054351439573295,,
zhen23,45,0.014597100376259234,False,mtme_KG-BERTScore-src,0.23445846093933725,,
zhen23,45,0.014597100376259234,False,mtme_MEE4-refA,0.035764021035145505,,
zhen23,45,0.014597100376259234,False,mtme_MS-COMET-QE-22-src,0.24831564685111787,,
zhen23,45,0.014597100376259234,False,mtme_MaTESe-refA,0.29846255802749855,,
zhen23,45,0.014597100376259234,False,mtme_MetricX-23-QE-b-src,0.41555119647421956,,
zhen23,45,0.014597100376259234,False,mtme_MetricX-23-QE-c-src,0.3383165583932526,,
zhen23,45,0.014597100376259234,False,mtme_MetricX-23-QE-src,0.3726582931781134,,
zhen23,45,0.014597100376259234,False,mtme_MetricX-23-b-refA,0.30962532888457794,,
zhen23,45,0.014597100376259234,False,mtme_MetricX-23-c-refA,0.2430813183042299,,
zhen23,45,0.014597100376259234,False,mtme_MetricX-23-refA,0.319079178831942,,
zhen23,45,0.014597100376259234,False,mtme_XCOMET-Ensemble-refA,0.3499806684702817,,
zhen23,45,0.014597100376259234,False,mtme_XCOMET-QE-Ensemble-src,0.3772986327914073,,
zhen23,45,0.014597100376259234,False,mtme_XCOMET-XL-refA,0.3092823554118109,,
zhen23,45,0.014597100376259234,False,mtme_XCOMET-XXL-refA,0.3487801600127568,,
zhen23,45,0.014597100376259234,False,mtme_XLsim-refA,0.04614745999103242,,
zhen23,45,0.014597100376259234,False,mtme_YiSi-1-refA,0.15936279427646238,,
zhen23,45,0.014597100376259234,False,mtme_chrF-refA,0.058345611128985224,,
zhen23,45,0.014597100376259234,False,mtme_cometoid22-wmt21-src,0.27246007520460414,,
zhen23,45,0.014597100376259234,False,mtme_cometoid22-wmt22-src,0.2798044995007044,,
zhen23,45,0.014597100376259234,False,mtme_cometoid22-wmt23-src,0.24584799379818367,,
zhen23,45,0.014597100376259234,False,mtme_docWMT22CometDA-refA,0.16525256819580064,,
zhen23,45,0.014597100376259234,False,mtme_docWMT22CometKiwiDA-src,0.1590083101363723,,
zhen23,45,0.014597100376259234,False,mtme_eBLEU-refA,0.03963983081411296,,
zhen23,45,0.014597100376259234,False,mtme_embed_llama-refA,0.022857171290827358,,
zhen23,45,0.014597100376259234,False,mtme_f200spBLEU-refA,0.029829248637883797,,
zhen23,45,0.014597100376259234,False,mtme_instructscore-refA,0.24444422122540582,,
zhen23,45,0.014597100376259234,False,mtme_mbr-metricx-qe-src,0.30447405729102744,,
zhen23,45,0.014597100376259234,False,mtme_mre-score-labse-regular-refA,-0.009488569040206812,,
zhen23,45,0.014597100376259234,False,mtme_prismRef-refA,0.15638180866368964,,
zhen23,45,0.014597100376259234,False,mtme_prismSrc-src,0.015799220471279213,,
zhen23,45,0.014597100376259234,False,mtme_sescoreX-refA,0.14965754515160634,,
zhen23,45,0.014597100376259234,False,mtme_tokengram_F-refA,0.05721318575979946,,
