eps                                                                                      0.01                       0.02
metric              design                                                                                              
HES_best_J50        mtme_BERTScore-refA                                  0.039 [-0.074,0.086]     -0.015 [-0.154,-0.000]
                    mtme_BLEU-refA                                      -0.008 [-0.049,0.026]     -0.023 [-0.165,-0.004]
                    mtme_BLEURT-20-refA                                 -0.001 [-0.118,0.095]      -0.010 [-0.081,0.118]
                    mtme_COMET-20-refA                                   0.028 [-0.093,0.081]     -0.030 [-0.174,-0.004]
                    mtme_COMET-22-refA                                  -0.038 [-0.174,0.016]      -0.030 [-0.173,0.001]
                    mtme_COMET-QE-src                                   -0.039 [-0.204,0.004]      -0.011 [-0.056,0.029]
                    mtme_COMETKiwi-src                                 -0.059 [-0.235,-0.014]     -0.031 [-0.176,-0.001]
                    mtme_Cross-QE-src                                   -0.013 [-0.191,0.029]     -0.042 [-0.201,-0.016]
                    mtme_HWTSC-TLM-src                                  -0.038 [-0.160,0.000]      -0.011 [-0.159,0.009]
                    mtme_HWTSC-Teacher-Sim-src                          -0.037 [-0.204,0.005]      -0.015 [-0.161,0.007]
                    mtme_KG-BERTScore-src                               -0.029 [-0.202,0.013]      -0.017 [-0.160,0.002]
                    mtme_MATESE-QE-src                                 -0.047 [-0.225,-0.013]     -0.025 [-0.182,-0.007]
                    mtme_MATESE-refA                                     0.019 [-0.132,0.074]     -0.025 [-0.174,-0.004]
                    mtme_MEE-refA                                       -0.020 [-0.147,0.021]      -0.016 [-0.068,0.074]
                    mtme_MEE2-refA                                       0.021 [-0.095,0.072]      -0.027 [-0.104,0.056]
                    mtme_MEE4-refA                                       0.041 [-0.086,0.091]      -0.025 [-0.084,0.122]
                    mtme_MS-COMET-22-refA                              -0.067 [-0.242,-0.023]      -0.049 [-0.193,0.058]
                    mtme_MS-COMET-QE-22-src                            -0.036 [-0.210,-0.011]     -0.025 [-0.173,-0.003]
                    mtme_REUSE-src                                      -0.000 [-0.037,0.014]      -0.005 [-0.023,0.001]
                    mtme_SEScore-refA                                    0.012 [-0.149,0.048]      -0.015 [-0.168,0.017]
                    mtme_UniTE-ref-refA                                 -0.001 [-0.135,0.047]       0.016 [-0.128,0.065]
                    mtme_UniTE-refA                                      0.006 [-0.077,0.062]       0.021 [-0.142,0.050]
                    mtme_UniTE-src-src                                  -0.006 [-0.145,0.023]      -0.018 [-0.181,0.004]
                    mtme_YiSi-1-refA                                     0.021 [-0.090,0.054]      -0.019 [-0.082,0.122]
                    mtme_chrF-refA                                       0.024 [-0.047,0.078]      -0.021 [-0.129,0.104]
                    mtme_f101spBLEU-refA                                -0.015 [-0.099,0.007]      -0.018 [-0.160,0.003]
                    mtme_f200spBLEU-refA                                -0.008 [-0.102,0.021]      -0.018 [-0.161,0.005]
                    mtme_metricx_xl_DA_2019-refA                         0.054 [-0.098,0.103]       0.018 [-0.047,0.121]
                    mtme_metricx_xl_MQM_2020-refA                        0.034 [-0.114,0.082]       0.017 [-0.061,0.086]
                    mtme_metricx_xxl_DA_2019-refA                        0.071 [-0.072,0.121]       0.004 [-0.155,0.097]
                    mtme_metricx_xxl_MQM_2020-refA                       0.029 [-0.119,0.072]       0.001 [-0.123,0.045]
HES_best_J80        mtme_BERTScore-refA                                  0.005 [-1.067,0.015]       0.048 [-0.008,0.128]
                    mtme_BLEU-refA                                        0.000 [0.000,0.176]       0.038 [-0.003,0.112]
                    mtme_BLEURT-20-refA                                  0.005 [-0.727,0.519]       0.014 [-0.072,0.150]
                    mtme_COMET-20-refA                                   0.005 [-1.135,0.015]      -0.018 [-0.111,0.080]
                    mtme_COMET-22-refA                                   0.000 [-1.223,0.126]       0.001 [-0.114,0.120]
                    mtme_COMET-QE-src                                    0.000 [-0.364,0.015]      -0.049 [-0.139,0.067]
                    mtme_COMETKiwi-src                                   0.000 [-0.467,0.000]      -0.038 [-0.153,0.017]
                    mtme_Cross-QE-src                                    0.005 [-0.396,0.013]      -0.049 [-0.144,0.046]
                    mtme_HWTSC-TLM-src                                  -0.005 [-0.265,0.000]      -0.025 [-0.102,0.019]
                    mtme_HWTSC-Teacher-Sim-src                          -0.005 [-1.111,0.000]     -0.123 [-0.250,-0.007]
                    mtme_KG-BERTScore-src                               -0.005 [-0.644,0.000]      -0.034 [-0.125,0.021]
                    mtme_MATESE-QE-src                                   0.000 [-0.197,0.160]      -0.049 [-0.236,0.000]
                    mtme_MATESE-refA                                     0.000 [-0.341,0.000]      -0.007 [-0.091,0.099]
                    mtme_MEE-refA                                        0.005 [-0.902,0.014]       0.009 [-0.045,0.092]
                    mtme_MEE2-refA                                       0.005 [-0.256,0.034]        0.057 [0.006,0.137]
                    mtme_MEE4-refA                                       0.005 [-0.272,0.027]        0.062 [0.007,0.142]
                    mtme_MS-COMET-22-refA                                0.005 [-0.556,0.016]     -0.105 [-0.279,-0.006]
                    mtme_MS-COMET-QE-22-src                              0.000 [-0.447,0.000]      -0.049 [-0.185,0.020]
                    mtme_REUSE-src                                        0.000 [0.000,0.000]      -0.016 [-0.068,0.000]
                    mtme_SEScore-refA                                    0.005 [-1.067,0.013]      -0.018 [-0.121,0.098]
                    mtme_UniTE-ref-refA                                  0.000 [-0.413,0.288]       0.028 [-0.060,0.146]
                    mtme_UniTE-refA                                      0.000 [-0.256,0.034]       0.021 [-0.070,0.135]
                    mtme_UniTE-src-src                                   0.000 [-0.159,0.127]       0.025 [-0.024,0.125]
                    mtme_YiSi-1-refA                                     0.005 [-0.952,0.013]       0.057 [-0.003,0.161]
                    mtme_chrF-refA                                       0.005 [-0.232,0.059]        0.062 [0.010,0.159]
                    mtme_f101spBLEU-refA                                 0.000 [-0.367,0.035]       0.042 [-0.008,0.153]
                    mtme_f200spBLEU-refA                                 0.000 [-0.367,0.034]        0.062 [0.010,0.175]
                    mtme_metricx_xl_DA_2019-refA                         0.005 [-0.299,0.294]      -0.020 [-0.146,0.124]
                    mtme_metricx_xl_MQM_2020-refA                        0.000 [-1.168,0.000]       0.003 [-0.088,0.141]
                    mtme_metricx_xxl_DA_2019-refA                        0.015 [-1.093,0.036]       0.055 [-0.014,0.193]
                    mtme_metricx_xxl_MQM_2020-refA                       0.015 [-1.291,0.038]       0.046 [-0.037,0.188]
HES_uniform_J50     mtme_BERTScore-refA                                  0.003 [-0.039,0.038]      -0.003 [-0.222,0.014]
                    mtme_BLEU-refA                                       0.002 [-0.047,0.059]      -0.004 [-0.229,0.014]
                    mtme_BLEURT-20-refA                                  0.025 [-0.073,0.092]      -0.009 [-0.250,0.016]
                    mtme_COMET-20-refA                                  -0.037 [-0.136,0.021]      -0.022 [-0.258,0.001]
                    mtme_COMET-22-refA                                  -0.031 [-0.103,0.047]      -0.035 [-0.272,0.010]
                    mtme_COMET-QE-src                                  -0.065 [-0.167,-0.007]      -0.016 [-0.148,0.178]
                    mtme_COMETKiwi-src                                 -0.077 [-0.193,-0.017]     -0.041 [-0.282,-0.011]
                    mtme_Cross-QE-src                                   -0.022 [-0.129,0.030]     -0.036 [-0.290,-0.015]
                    mtme_HWTSC-TLM-src                                  -0.050 [-0.161,0.003]      -0.003 [-0.252,0.010]
                    mtme_HWTSC-Teacher-Sim-src                         -0.066 [-0.167,-0.017]      -0.012 [-0.250,0.003]
                    mtme_KG-BERTScore-src                              -0.068 [-0.160,-0.023]     -0.017 [-0.229,-0.004]
                    mtme_MATESE-QE-src                                 -0.085 [-0.231,-0.023]     -0.021 [-0.280,-0.006]
                    mtme_MATESE-refA                                    -0.035 [-0.114,0.002]      -0.011 [-0.271,0.001]
                    mtme_MEE-refA                                       -0.031 [-0.105,0.017]       0.003 [-0.227,0.020]
                    mtme_MEE2-refA                                      -0.026 [-0.098,0.024]      -0.006 [-0.214,0.172]
                    mtme_MEE4-refA                                      -0.011 [-0.088,0.039]      -0.004 [-0.208,0.106]
                    mtme_MS-COMET-22-refA                              -0.127 [-0.294,-0.034]     -0.069 [-0.346,-0.029]
                    mtme_MS-COMET-QE-22-src                            -0.058 [-0.158,-0.001]     -0.029 [-0.281,-0.007]
                    mtme_REUSE-src                                      -0.011 [-0.037,0.000]      -0.004 [-0.015,0.001]
                    mtme_SEScore-refA                                   -0.007 [-0.120,0.073]      -0.017 [-0.255,0.006]
                    mtme_UniTE-ref-refA                                  0.012 [-0.069,0.083]      -0.010 [-0.233,0.124]
                    mtme_UniTE-refA                                      0.043 [-0.019,0.108]       0.018 [-0.213,0.132]
                    mtme_UniTE-src-src                                   0.001 [-0.057,0.054]      -0.015 [-0.241,0.008]
                    mtme_YiSi-1-refA                                    -0.021 [-0.097,0.035]       0.000 [-0.231,0.031]
                    mtme_chrF-refA                                      -0.021 [-0.126,0.034]       0.010 [-0.206,0.125]
                    mtme_f101spBLEU-refA                                -0.018 [-0.092,0.021]       0.007 [-0.219,0.031]
                    mtme_f200spBLEU-refA                                -0.020 [-0.079,0.030]       0.006 [-0.214,0.023]
                    mtme_metricx_xl_DA_2019-refA                         0.033 [-0.060,0.085]       0.002 [-0.237,0.036]
                    mtme_metricx_xl_MQM_2020-refA                        0.049 [-0.052,0.118]      -0.004 [-0.243,0.028]
                    mtme_metricx_xxl_DA_2019-refA                        0.063 [-0.013,0.134]      -0.005 [-0.234,0.043]
                    mtme_metricx_xxl_MQM_2020-refA                      -0.031 [-0.144,0.041]      -0.021 [-0.257,0.009]
HES_uniform_J80     mtme_BERTScore-refA                                  0.007 [-0.430,0.018]       0.039 [-0.022,0.102]
                    mtme_BLEU-refA                                       0.000 [-1.232,0.000]      -0.001 [-0.089,0.034]
                    mtme_BLEURT-20-refA                                  0.007 [-1.037,0.018]      -0.028 [-0.114,0.057]
                    mtme_COMET-20-refA                                   0.015 [-0.125,0.375]      -0.015 [-0.099,0.072]
                    mtme_COMET-22-refA                                   0.000 [-0.890,0.077]       0.003 [-0.081,0.072]
                    mtme_COMET-QE-src                                    0.000 [-0.192,0.030]       0.000 [-0.119,0.058]
                    mtme_COMETKiwi-src                                   0.000 [-0.483,0.026]      -0.076 [-0.256,0.001]
                    mtme_Cross-QE-src                                   -0.007 [-1.110,0.263]       0.020 [-0.104,0.063]
                    mtme_HWTSC-TLM-src                                   0.000 [-0.118,0.000]      -0.023 [-0.088,0.000]
                    mtme_HWTSC-Teacher-Sim-src                          -0.007 [-0.115,0.000]      -0.033 [-0.090,0.015]
                    mtme_KG-BERTScore-src                               -0.007 [-0.459,0.000]      -0.033 [-0.090,0.017]
                    mtme_MATESE-QE-src                                   0.007 [-0.858,0.028]      -0.060 [-0.222,0.000]
                    mtme_MATESE-refA                                    -0.007 [-0.437,0.000]      -0.041 [-0.134,0.033]
                    mtme_MEE-refA                                        0.000 [-0.459,0.066]      -0.015 [-0.123,0.062]
                    mtme_MEE2-refA                                       0.000 [-0.045,0.392]       0.001 [-0.120,0.085]
                    mtme_MEE4-refA                                       0.000 [-0.055,0.389]      -0.015 [-0.097,0.071]
                    mtme_MS-COMET-22-refA                                0.015 [-0.540,0.202]     -0.132 [-0.312,-0.033]
                    mtme_MS-COMET-QE-22-src                             -0.007 [-0.612,0.000]     -0.069 [-0.236,-0.016]
                    mtme_REUSE-src                                       0.000 [-0.002,0.121]      -0.037 [-0.126,0.000]
                    mtme_SEScore-refA                                    0.000 [-0.489,0.000]       0.003 [-0.059,0.073]
                    mtme_UniTE-ref-refA                                  0.000 [-0.047,0.292]       0.043 [-0.031,0.116]
                    mtme_UniTE-refA                                      0.000 [-0.005,0.405]       0.034 [-0.025,0.103]
                    mtme_UniTE-src-src                                   0.007 [-0.430,0.028]       0.031 [-0.081,0.104]
                    mtme_YiSi-1-refA                                     0.007 [-0.032,0.018]       0.020 [-0.039,0.066]
                    mtme_chrF-refA                                       0.000 [-0.114,0.000]       0.031 [-0.036,0.087]
                    mtme_f101spBLEU-refA                                 0.000 [-0.152,0.100]      -0.018 [-0.115,0.040]
                    mtme_f200spBLEU-refA                                 0.007 [-0.209,0.100]       0.000 [-0.087,0.079]
                    mtme_metricx_xl_DA_2019-refA                         0.007 [-1.152,0.284]       0.004 [-0.071,0.089]
                    mtme_metricx_xl_MQM_2020-refA                        0.015 [-1.083,0.053]       0.020 [-0.041,0.155]
                    mtme_metricx_xxl_DA_2019-refA                        0.031 [-0.990,0.203]      -0.007 [-0.087,0.069]
                    mtme_metricx_xxl_MQM_2020-refA                       0.031 [-1.001,0.124]       0.000 [-0.093,0.080]
J50                 active_cvl:mtme_BERTScore-refA                  386.997 [355.872,431.569]  249.007 [222.471,255.871]
                    active_cvl:mtme_BLEU-refA                       387.900 [334.217,433.603]  248.144 [206.193,254.703]
                    active_cvl:mtme_BLEURT-20-refA                  372.308 [335.463,415.343]  242.725 [212.681,252.614]
                    active_cvl:mtme_COMET-20-refA                   397.047 [359.048,443.879]  247.347 [209.647,255.830]
                    active_cvl:mtme_COMET-22-refA                   382.258 [355.047,421.974]  249.820 [235.348,261.370]
                    active_cvl:mtme_COMET-QE-src                    394.822 [361.502,441.105]  240.898 [209.326,251.348]
                    active_cvl:mtme_COMETKiwi-src                   403.264 [367.159,432.260]  244.240 [233.811,251.089]
                    active_cvl:mtme_Cross-QE-src                    394.374 [358.076,429.744]  241.372 [226.493,253.556]
                    active_cvl:mtme_HWTSC-TLM-src                   405.595 [363.784,440.366]  239.410 [225.034,250.037]
                    active_cvl:mtme_HWTSC-Teacher-Sim-src           395.810 [359.036,430.446]  243.332 [226.838,254.791]
                    active_cvl:mtme_KG-BERTScore-src                401.738 [357.730,434.993]  239.718 [219.415,251.637]
                    active_cvl:mtme_MATESE-QE-src                   412.024 [363.693,448.325]  246.191 [235.702,257.265]
                    active_cvl:mtme_MATESE-refA                     397.117 [366.276,433.218]  242.368 [231.510,252.256]
                    active_cvl:mtme_MEE-refA                        396.124 [360.237,447.459]  245.060 [209.457,253.652]
                    active_cvl:mtme_MEE2-refA                       413.893 [318.111,447.447]  246.824 [210.078,254.658]
                    active_cvl:mtme_MEE4-refA                       370.514 [315.627,420.881]  239.075 [210.296,248.715]
                    active_cvl:mtme_MS-COMET-22-refA                413.229 [365.919,456.181]  249.249 [231.435,262.736]
                    active_cvl:mtme_MS-COMET-QE-22-src              405.154 [360.911,434.607]  244.404 [227.655,251.490]
                    active_cvl:mtme_REUSE-src                       413.672 [365.727,446.052]  243.485 [209.781,251.864]
                    active_cvl:mtme_SEScore-refA                    396.175 [352.281,441.462]  241.437 [210.709,254.669]
                    active_cvl:mtme_UniTE-ref-refA                  387.250 [345.056,429.138]  230.775 [208.839,247.499]
                    active_cvl:mtme_UniTE-refA                      378.446 [337.426,417.997]  241.565 [209.975,251.147]
                    active_cvl:mtme_UniTE-src-src                   391.437 [335.915,425.297]  244.692 [223.022,253.546]
                    active_cvl:mtme_YiSi-1-refA                     398.531 [361.515,430.779]  241.988 [208.844,253.343]
                    active_cvl:mtme_chrF-refA                       388.127 [346.427,443.638]  239.402 [207.948,251.272]
                    active_cvl:mtme_f101spBLEU-refA                 384.808 [339.495,426.523]  243.808 [209.521,252.581]
                    active_cvl:mtme_f200spBLEU-refA                 378.100 [349.077,418.849]  241.859 [208.597,251.388]
                    active_cvl:mtme_metricx_xl_DA_2019-refA         374.751 [353.542,409.932]  243.180 [207.839,252.691]
                    active_cvl:mtme_metricx_xl_MQM_2020-refA        377.982 [342.015,415.448]  233.570 [211.117,247.317]
                    active_cvl:mtme_metricx_xxl_DA_2019-refA        383.811 [338.846,422.914]  233.397 [206.998,248.232]
                    active_cvl:mtme_metricx_xxl_MQM_2020-refA       375.020 [346.558,419.013]  241.726 [210.092,252.206]
                    dedup                                           400.694 [350.767,426.592]  246.642 [203.557,254.128]
                    sel_accuracy                                    386.793 [355.641,433.296]  240.477 [225.230,253.315]
                    sel_pilotcost                                   393.723 [367.698,441.365]  244.601 [209.405,255.353]
                    sel_rho                                         386.793 [357.364,431.489]  247.433 [234.446,256.412]
                    uniform                                         462.671 [405.343,506.025]  261.377 [209.863,271.719]
                    uniform_cvl:mtme_BERTScore-refA                 461.172 [408.776,521.371]  262.147 [213.133,272.183]
                    uniform_cvl:mtme_BLEU-refA                      461.611 [408.115,528.089]  262.436 [214.262,274.184]
                    uniform_cvl:mtme_BLEURT-20-refA                 450.899 [398.430,519.874]  263.619 [231.982,272.717]
                    uniform_cvl:mtme_COMET-20-refA                  479.940 [435.526,516.453]  267.157 [227.845,286.241]
                    uniform_cvl:mtme_COMET-22-refA                  476.977 [419.841,522.796]  270.397 [208.148,285.987]
                    uniform_cvl:mtme_COMET-QE-src                   492.877 [455.921,529.715]  265.668 [211.564,274.824]
                    uniform_cvl:mtme_COMETKiwi-src                  498.313 [433.781,548.413]  271.973 [215.179,289.983]
                    uniform_cvl:mtme_Cross-QE-src                   472.743 [412.368,527.359]  270.735 [260.125,286.403]
                    uniform_cvl:mtme_HWTSC-TLM-src                  485.956 [431.785,536.741]  262.147 [250.134,272.986]
                    uniform_cvl:mtme_HWTSC-Teacher-Sim-src          493.140 [443.978,543.026]  264.513 [214.723,275.417]
                    uniform_cvl:mtme_KG-BERTScore-src               494.183 [437.464,544.760]  265.780 [212.536,279.070]
                    uniform_cvl:mtme_MATESE-QE-src                  501.830 [458.329,548.819]  266.933 [253.098,278.171]
                    uniform_cvl:mtme_MATESE-refA                    478.773 [426.761,533.062]  264.365 [255.469,273.262]
                    uniform_cvl:mtme_MEE-refA                       476.977 [418.670,538.644]  260.481 [213.966,270.425]
                    uniform_cvl:mtme_MEE2-refA                      474.782 [414.375,542.402]  262.859 [212.519,275.951]
                    uniform_cvl:mtme_MEE4-refA                      467.859 [407.888,540.690]  262.391 [212.678,274.557]
                    uniform_cvl:mtme_MS-COMET-22-refA               521.427 [445.086,569.179]  279.447 [265.106,308.395]
                    uniform_cvl:mtme_MS-COMET-QE-22-src             489.677 [420.437,545.871]  269.083 [230.960,288.410]
                    uniform_cvl:mtme_REUSE-src                      467.859 [405.480,528.899]  262.515 [209.923,272.123]
                    uniform_cvl:mtme_SEScore-refA                   466.001 [409.297,528.530]  265.931 [215.529,281.621]
                    uniform_cvl:mtme_UniTE-ref-refA                 457.221 [409.194,494.860]  263.901 [212.369,284.647]
                    uniform_cvl:mtme_UniTE-refA                     442.853 [400.941,478.591]  256.726 [212.879,274.556]
                    uniform_cvl:mtme_UniTE-src-src                  462.160 [405.000,525.007]  265.418 [212.844,279.345]
                    uniform_cvl:mtme_YiSi-1-refA                    472.171 [424.173,516.602]  261.377 [243.271,274.581]
                    uniform_cvl:mtme_chrF-refA                      472.418 [416.089,538.097]  258.844 [212.409,273.290]
                    uniform_cvl:mtme_f101spBLEU-refA                470.846 [414.746,534.885]  259.653 [214.074,270.872]
                    uniform_cvl:mtme_f200spBLEU-refA                472.038 [409.980,543.512]  259.835 [213.502,270.262]
                    uniform_cvl:mtme_metricx_xl_DA_2019-refA        447.343 [405.501,477.791]  260.826 [215.044,271.750]
                    uniform_cvl:mtme_metricx_xl_MQM_2020-refA       439.935 [401.911,480.936]  262.436 [213.949,274.090]
                    uniform_cvl:mtme_metricx_xxl_DA_2019-refA       433.514 [396.079,468.541]  262.744 [215.709,280.576]
                    uniform_cvl:mtme_metricx_xxl_MQM_2020-refA      476.977 [432.440,528.414]  266.771 [254.925,274.421]
                    uniform_cvo:mtme_BERTScore-refA                 445.368 [400.105,491.164]  261.136 [211.940,270.268]
                    uniform_cvo:mtme_BLEU-refA                      440.505 [389.842,486.756]  259.302 [210.949,271.040]
                    uniform_cvo:mtme_BLEURT-20-refA                 426.828 [387.537,482.232]  254.633 [212.295,263.321]
                    uniform_cvo:mtme_COMET-20-refA                  444.476 [393.641,476.316]  256.915 [212.702,269.700]
                    uniform_cvo:mtme_COMET-22-refA                  439.262 [396.716,475.373]  259.175 [209.278,269.662]
                    uniform_cvo:mtme_COMET-QE-src                   463.594 [413.926,504.011]  255.090 [206.537,265.515]
                    uniform_cvo:mtme_COMETKiwi-src                  433.171 [390.918,488.481]  260.000 [210.394,269.977]
                    uniform_cvo:mtme_Cross-QE-src                   434.059 [395.384,475.475]  258.651 [223.065,270.954]
                    uniform_cvo:mtme_HWTSC-TLM-src                  453.270 [401.222,495.127]  259.362 [211.375,269.632]
                    uniform_cvo:mtme_HWTSC-Teacher-Sim-src          464.405 [410.351,507.959]  259.835 [207.108,271.719]
                    uniform_cvo:mtme_KG-BERTScore-src               466.758 [413.673,511.687]  260.151 [208.187,270.310]
                    uniform_cvo:mtme_MATESE-QE-src                  446.321 [399.980,487.303]  256.959 [209.140,268.109]
                    uniform_cvo:mtme_MATESE-refA                    456.153 [411.284,493.231]  256.210 [201.486,267.726]
                    uniform_cvo:mtme_MEE-refA                       441.417 [394.056,490.083]  257.234 [211.334,269.501]
                    uniform_cvo:mtme_MEE2-refA                      439.661 [393.416,485.696]  258.349 [211.374,269.464]
                    uniform_cvo:mtme_MEE4-refA                      443.110 [395.455,489.056]  257.805 [211.401,269.715]
                    uniform_cvo:mtme_MS-COMET-22-refA               440.505 [397.584,490.247]  260.151 [211.562,272.419]
                    uniform_cvo:mtme_MS-COMET-QE-22-src             453.629 [407.261,501.097]  261.136 [211.278,270.636]
                    uniform_cvo:mtme_REUSE-src                      462.671 [405.343,506.025]  261.377 [209.863,271.719]
                    uniform_cvo:mtme_SEScore-refA                   422.451 [386.708,467.449]  259.302 [209.886,269.904]
                    uniform_cvo:mtme_UniTE-ref-refA                 431.655 [393.965,472.360]  254.633 [207.453,268.323]
                    uniform_cvo:mtme_UniTE-refA                     417.710 [389.529,462.282]  248.775 [211.030,261.603]
                    uniform_cvo:mtme_UniTE-src-src                  442.234 [398.547,484.375]  256.959 [203.466,268.823]
                    uniform_cvo:mtme_YiSi-1-refA                    441.417 [393.640,489.885]  256.472 [212.357,270.944]
                    uniform_cvo:mtme_chrF-refA                      441.417 [393.137,492.749]  257.211 [211.591,270.132]
                    uniform_cvo:mtme_f101spBLEU-refA                448.441 [401.655,495.801]  256.634 [210.899,266.961]
                    uniform_cvo:mtme_f200spBLEU-refA                440.505 [397.972,489.743]  257.828 [212.133,268.811]
                    uniform_cvo:mtme_metricx_xl_DA_2019-refA        413.063 [385.506,450.845]  255.143 [212.135,266.856]
                    uniform_cvo:mtme_metricx_xl_MQM_2020-refA       411.633 [387.175,451.231]  250.587 [210.121,265.366]
                    uniform_cvo:mtme_metricx_xxl_DA_2019-refA       431.257 [400.122,468.296]  243.023 [211.548,262.319]
                    uniform_cvo:mtme_metricx_xxl_MQM_2020-refA      436.568 [399.911,470.462]  253.766 [210.451,264.236]
                    weighted                                        389.268 [316.859,423.194]  237.851 [207.153,247.019]
                    weighted_cvl:mtme_BERTScore-refA                373.970 [329.181,415.178]  241.444 [209.058,250.229]
                    weighted_cvl:mtme_BLEU-refA                     392.264 [324.421,430.163]  243.379 [207.614,251.013]
                    weighted_cvl:mtme_BLEURT-20-refA                389.529 [319.937,423.927]  240.251 [207.074,248.540]
                    weighted_cvl:mtme_COMET-20-refA                 378.484 [333.632,425.199]  245.062 [217.116,252.947]
                    weighted_cvl:mtme_COMET-22-refA                 404.118 [366.701,442.317]  245.099 [219.161,256.390]
                    weighted_cvl:mtme_COMET-QE-src                  404.487 [357.165,432.794]  240.477 [207.170,254.137]
                    weighted_cvl:mtme_COMETKiwi-src                 412.203 [371.692,441.473]  245.165 [230.545,253.960]
                    weighted_cvl:mtme_Cross-QE-src                  394.218 [354.130,425.753]  247.860 [233.557,256.878]
                    weighted_cvl:mtme_HWTSC-TLM-src                 404.118 [342.885,433.298]  240.351 [229.328,249.783]
                    weighted_cvl:mtme_HWTSC-Teacher-Sim-src         403.715 [366.371,433.926]  241.343 [227.375,252.068]
                    weighted_cvl:mtme_KG-BERTScore-src              400.653 [358.372,429.153]  242.013 [212.273,252.567]
                    weighted_cvl:mtme_MATESE-QE-src                 407.583 [360.679,441.783]  243.748 [231.739,253.120]
                    weighted_cvl:mtme_MATESE-refA                   382.018 [352.057,418.152]  243.817 [233.219,251.853]
                    weighted_cvl:mtme_MEE-refA                      397.188 [349.972,429.880]  241.568 [206.728,249.702]
                    weighted_cvl:mtme_MEE2-refA                     381.254 [343.084,422.480]  244.308 [206.567,252.206]
                    weighted_cvl:mtme_MEE4-refA                     373.477 [332.933,419.467]  243.689 [206.878,251.236]
                    weighted_cvl:mtme_MS-COMET-22-refA              415.380 [365.033,448.412]  249.517 [209.412,264.726]
                    weighted_cvl:mtme_MS-COMET-QE-22-src            403.206 [366.954,439.584]  243.716 [224.389,251.558]
                    weighted_cvl:mtme_REUSE-src                     389.329 [322.248,426.009]  239.080 [207.690,247.602]
                    weighted_cvl:mtme_SEScore-refA                  384.629 [348.145,420.865]  241.343 [209.479,251.935]
                    weighted_cvl:mtme_UniTE-ref-refA                389.529 [348.710,424.180]  234.151 [208.706,249.836]
                    weighted_cvl:mtme_UniTE-refA                    386.793 [330.716,424.076]  232.827 [214.879,248.254]
                    weighted_cvl:mtme_UniTE-src-src                 391.743 [341.149,426.509]  242.157 [226.390,252.434]
                    weighted_cvl:mtme_YiSi-1-refA                   381.023 [333.861,418.307]  242.274 [207.727,251.315]
                    weighted_cvl:mtme_chrF-refA                     379.869 [318.664,417.126]  242.924 [207.569,250.596]
                    weighted_cvl:mtme_f101spBLEU-refA               395.000 [338.662,433.486]  242.065 [208.305,249.431]
                    weighted_cvl:mtme_f200spBLEU-refA               392.412 [339.477,429.613]  242.065 [208.326,249.492]
                    weighted_cvl:mtme_metricx_xl_DA_2019-refA       368.078 [341.301,404.397]  233.530 [206.502,248.508]
                    weighted_cvl:mtme_metricx_xl_MQM_2020-refA      375.974 [347.291,411.484]  233.832 [207.358,247.447]
                    weighted_cvl:mtme_metricx_xxl_DA_2019-refA      361.788 [330.321,398.524]  236.831 [208.872,252.482]
                    weighted_cvl:mtme_metricx_xxl_MQM_2020-refA     377.858 [345.063,416.567]  237.516 [208.402,249.056]
                    weighted_cvo:mtme_BERTScore-refA                367.404 [321.754,414.207]  238.392 [206.437,247.123]
                    weighted_cvo:mtme_BLEU-refA                     375.252 [314.092,416.629]  238.933 [206.844,247.367]
                    weighted_cvo:mtme_BLEURT-20-refA                352.170 [314.642,401.873]  209.908 [203.870,243.628]
                    weighted_cvo:mtme_COMET-20-refA                 369.482 [320.594,416.155]  235.640 [206.224,245.180]
                    weighted_cvo:mtme_COMET-22-refA                 358.140 [319.911,397.961]  222.982 [204.619,244.079]
                    weighted_cvo:mtme_COMET-QE-src                  386.793 [334.139,421.560]  233.530 [205.043,245.331]
                    weighted_cvo:mtme_COMETKiwi-src                 375.714 [338.352,415.540]  237.751 [206.323,246.987]
                    weighted_cvo:mtme_Cross-QE-src                  371.740 [331.639,408.056]  235.640 [207.913,248.216]
                    weighted_cvo:mtme_HWTSC-TLM-src                 393.573 [321.423,421.764]  235.640 [206.447,246.338]
                    weighted_cvo:mtme_HWTSC-Teacher-Sim-src         391.413 [330.391,419.540]  237.150 [207.219,247.365]
                    weighted_cvo:mtme_KG-BERTScore-src              393.573 [314.502,421.735]  237.269 [207.353,248.612]
                    weighted_cvo:mtme_MATESE-QE-src                 386.793 [318.663,419.757]  236.395 [207.143,246.147]
                    weighted_cvo:mtme_MATESE-refA                   363.711 [313.444,406.197]  231.037 [203.511,245.273]
                    weighted_cvo:mtme_MEE-refA                      389.329 [317.960,423.733]  238.736 [205.729,246.138]
                    weighted_cvo:mtme_MEE2-refA                     368.729 [317.075,411.030]  240.706 [206.225,248.332]
                    weighted_cvo:mtme_MEE4-refA                     365.487 [321.192,413.047]  239.080 [205.561,247.047]
                    weighted_cvo:mtme_MS-COMET-22-refA              376.406 [319.013,415.276]  240.998 [205.563,247.381]
                    weighted_cvo:mtme_MS-COMET-QE-22-src            376.406 [316.784,418.700]  238.799 [206.394,246.292]
                    weighted_cvo:mtme_REUSE-src                     389.268 [316.859,423.194]  237.851 [207.153,247.019]
                    weighted_cvo:mtme_SEScore-refA                  378.484 [330.125,416.220]  228.735 [204.866,243.250]
                    weighted_cvo:mtme_UniTE-ref-refA                361.146 [317.209,403.364]  223.648 [205.619,242.947]
                    weighted_cvo:mtme_UniTE-refA                    368.150 [324.662,407.681]  226.779 [206.599,243.455]
                    weighted_cvo:mtme_UniTE-src-src                 375.252 [332.165,409.610]  237.114 [206.003,246.542]
                    weighted_cvo:mtme_YiSi-1-refA                   363.711 [318.426,406.351]  237.080 [205.159,246.344]
                    weighted_cvo:mtme_chrF-refA                     362.062 [319.688,402.385]  236.930 [206.242,245.468]
                    weighted_cvo:mtme_f101spBLEU-refA               377.351 [323.136,416.913]  239.974 [206.560,247.863]
                    weighted_cvo:mtme_f200spBLEU-refA               375.252 [333.977,415.105]  239.431 [206.386,246.968]
                    weighted_cvo:mtme_metricx_xl_DA_2019-refA       355.318 [325.814,394.844]  208.910 [203.947,240.835]
                    weighted_cvo:mtme_metricx_xl_MQM_2020-refA      357.754 [321.716,397.722]  210.323 [204.079,241.796]
                    weighted_cvo:mtme_metricx_xxl_DA_2019-refA      355.521 [318.896,397.928]  210.323 [204.735,240.906]
                    weighted_cvo:mtme_metricx_xxl_MQM_2020-refA     359.988 [325.453,396.537]  220.748 [205.414,241.737]
J80                 active_cvl:mtme_BERTScore-refA                3563.596 [781.596,3826.556]  472.370 [432.102,564.772]
                    active_cvl:mtme_BLEU-refA                     3516.723 [776.417,3801.940]  476.977 [420.784,595.018]
                    active_cvl:mtme_BLEURT-20-refA                3475.645 [788.840,3799.928]  465.129 [367.941,587.902]
                    active_cvl:mtme_COMET-20-refA                 3529.394 [815.696,3808.897]  472.143 [401.134,555.487]
                    active_cvl:mtme_COMET-22-refA                 3555.221 [671.653,3830.886]  447.854 [382.863,575.524]
                    active_cvl:mtme_COMET-QE-src                  3537.278 [815.131,3812.525]  467.476 [382.846,617.933]
                    active_cvl:mtme_COMETKiwi-src                 3540.616 [685.806,3814.249]  483.926 [379.583,607.159]
                    active_cvl:mtme_Cross-QE-src                  3525.647 [969.817,3809.868]  522.757 [418.533,648.893]
                    active_cvl:mtme_HWTSC-TLM-src                 3529.355 [834.266,3817.912]  470.156 [383.426,618.052]
                    active_cvl:mtme_HWTSC-Teacher-Sim-src         3478.423 [835.567,3754.183]  529.007 [378.947,633.862]
                    active_cvl:mtme_KG-BERTScore-src              3495.962 [878.967,3780.192]  484.415 [389.034,593.925]
                    active_cvl:mtme_MATESE-QE-src                 3519.874 [752.309,3818.082]  501.434 [435.381,600.998]
                    active_cvl:mtme_MATESE-refA                   3538.846 [828.626,3818.102]  461.137 [377.426,581.755]
                    active_cvl:mtme_MEE-refA                      3496.561 [806.169,3794.028]  467.328 [424.307,552.276]
                    active_cvl:mtme_MEE2-refA                     3533.943 [785.514,3801.942]  463.739 [382.413,578.088]
                    active_cvl:mtme_MEE4-refA                     3515.953 [808.984,3797.290]  465.216 [420.322,572.146]
                    active_cvl:mtme_MS-COMET-22-refA              3556.894 [841.065,3816.383]  523.205 [454.064,612.769]
                    active_cvl:mtme_MS-COMET-QE-22-src            3536.074 [827.210,3819.475]  520.231 [390.272,606.473]
                    active_cvl:mtme_REUSE-src                     3529.388 [750.496,3814.389]  524.734 [411.928,626.268]
                    active_cvl:mtme_SEScore-refA                  3543.719 [809.191,3813.923]  470.606 [393.685,558.023]
                    active_cvl:mtme_UniTE-ref-refA                3537.585 [760.245,3812.562]  468.679 [388.778,565.748]
                    active_cvl:mtme_UniTE-refA                    3483.616 [758.248,3777.899]  461.617 [379.283,555.702]
                    active_cvl:mtme_UniTE-src-src                 3526.672 [811.729,3806.673]  464.536 [376.051,545.172]
                    active_cvl:mtme_YiSi-1-refA                   3494.209 [808.525,3788.499]  451.992 [378.818,540.670]
                    active_cvl:mtme_chrF-refA                     3478.540 [797.292,3793.557]  510.768 [374.928,615.073]
                    active_cvl:mtme_f101spBLEU-refA               3516.849 [797.734,3795.366]  451.725 [374.519,651.661]
                    active_cvl:mtme_f200spBLEU-refA               3516.485 [815.316,3795.336]  500.858 [378.356,625.418]
                    active_cvl:mtme_metricx_xl_DA_2019-refA       3530.879 [803.146,3809.197]  386.843 [365.154,512.625]
                    active_cvl:mtme_metricx_xl_MQM_2020-refA      3528.658 [699.403,3811.273]  441.592 [373.976,570.020]
                    active_cvl:mtme_metricx_xxl_DA_2019-refA      3512.773 [844.775,3798.973]  436.784 [380.007,472.686]
                    active_cvl:mtme_metricx_xxl_MQM_2020-refA     3558.614 [803.201,3832.535]  461.484 [376.658,533.677]
                    dedup                                         3487.765 [745.276,3772.940]  469.198 [379.129,632.305]
                    sel_accuracy                                  3513.381 [837.696,3807.859]  464.756 [385.525,574.071]
                    sel_pilotcost                                 3476.733 [835.645,3784.126]  476.883 [382.081,577.841]
                    sel_rho                                       3476.733 [848.476,3784.126]  452.943 [384.050,536.967]
                    uniform                                       4155.299 [861.915,4634.323]  547.337 [457.570,677.971]
                    uniform_cvl:mtme_BERTScore-refA               4125.674 [895.807,4611.754]  525.936 [457.100,625.570]
                    uniform_cvl:mtme_BLEU-refA                    4155.299 [891.011,4634.323]  548.129 [466.202,682.821]
                    uniform_cvl:mtme_BLEURT-20-refA               4125.674 [878.622,4611.754]  562.517 [458.980,659.594]
                    uniform_cvl:mtme_COMET-20-refA                4094.356 [891.495,4595.044]  555.820 [455.247,661.246]
                    uniform_cvl:mtme_COMET-22-refA                4155.299 [881.103,4622.902]  545.488 [476.918,644.956]
                    uniform_cvl:mtme_COMET-QE-src                 4155.299 [914.974,4634.323]  547.337 [484.717,674.284]
                    uniform_cvl:mtme_COMETKiwi-src                4155.299 [905.544,4605.309]  588.791 [510.876,696.131]
                    uniform_cvl:mtme_Cross-QE-src                 4183.365 [898.518,4640.850]  536.243 [486.508,702.457]
                    uniform_cvl:mtme_HWTSC-TLM-src                4155.299 [922.379,4634.323]  560.015 [477.990,697.608]
                    uniform_cvl:mtme_HWTSC-Teacher-Sim-src        4183.365 [880.035,4640.850]  565.608 [471.419,689.047]
                    uniform_cvl:mtme_KG-BERTScore-src             4183.365 [892.808,4640.850]  565.608 [474.445,689.047]
                    uniform_cvl:mtme_MATESE-QE-src                4125.674 [890.814,4597.934]  580.033 [507.918,691.883]
                    uniform_cvl:mtme_MATESE-refA                  4183.365 [908.537,4640.850]  569.523 [488.581,710.551]
                    uniform_cvl:mtme_MEE-refA                     4155.299 [896.235,4634.323]  555.820 [478.995,666.921]
                    uniform_cvl:mtme_MEE2-refA                    4155.299 [831.694,4634.323]  546.643 [478.235,661.934]
                    uniform_cvl:mtme_MEE4-refA                    4155.299 [860.145,4634.323]  555.820 [473.176,673.492]
                    uniform_cvl:mtme_MS-COMET-22-refA            4094.356 [1176.914,4577.877]  619.443 [513.018,717.746]
                    uniform_cvl:mtme_MS-COMET-QE-22-src           4183.365 [946.706,4640.850]  585.185 [495.538,709.328]
                    uniform_cvl:mtme_REUSE-src                    4155.299 [859.620,4634.323]  567.443 [473.028,686.457]
                    uniform_cvl:mtme_SEScore-refA                 4155.299 [919.969,4634.323]  545.488 [484.765,641.150]
                    uniform_cvl:mtme_UniTE-ref-refA               4155.299 [857.455,4634.323]  523.766 [444.408,660.646]
                    uniform_cvl:mtme_UniTE-refA                   4155.299 [838.387,4634.323]  528.835 [434.351,642.685]
                    uniform_cvl:mtme_UniTE-src-src                4125.674 [864.657,4597.934]  530.317 [454.801,650.849]
                    uniform_cvl:mtme_YiSi-1-refA                  4125.674 [901.936,4611.754]  536.243 [466.581,643.217]
                    uniform_cvl:mtme_chrF-refA                    4155.299 [903.855,4634.323]  530.599 [458.834,636.623]
                    uniform_cvl:mtme_f101spBLEU-refA              4155.299 [882.948,4634.323]  557.043 [468.993,671.595]
                    uniform_cvl:mtme_f200spBLEU-refA              4125.674 [895.889,4611.754]  547.337 [435.652,668.042]
                    uniform_cvl:mtme_metricx_xl_DA_2019-refA      4125.674 [894.200,4619.548]  545.001 [438.695,617.932]
                    uniform_cvl:mtme_metricx_xl_MQM_2020-refA     4094.356 [862.377,4577.063]  536.243 [414.043,609.666]
                    uniform_cvl:mtme_metricx_xxl_DA_2019-refA     4026.026 [911.161,4570.150]  551.371 [474.185,619.878]
                    uniform_cvl:mtme_metricx_xxl_MQM_2020-refA    4026.026 [860.281,4506.319]  547.337 [449.704,669.831]
                    uniform_cvo:mtme_BERTScore-refA               4125.674 [867.326,4611.754]  536.243 [466.848,653.233]
                    uniform_cvo:mtme_BLEU-refA                    4155.299 [867.326,4634.323]  560.015 [473.254,696.124]
                    uniform_cvo:mtme_BLEURT-20-refA               4061.195 [863.935,4569.263]  524.390 [410.128,634.959]
                    uniform_cvo:mtme_COMET-20-refA                4094.356 [874.850,4611.754]  536.243 [440.165,648.151]
                    uniform_cvo:mtme_COMET-22-refA                4183.365 [848.045,4627.461]  527.125 [421.878,630.718]
                    uniform_cvo:mtme_COMET-QE-src                 4125.674 [915.733,4634.323]  547.337 [462.328,689.536]
                    uniform_cvo:mtme_COMETKiwi-src                4155.299 [851.752,4605.309]  546.643 [458.209,665.457]
                    uniform_cvo:mtme_Cross-QE-src                 4155.299 [866.342,4621.014]  520.782 [458.281,663.291]
                    uniform_cvo:mtme_HWTSC-TLM-src                4183.365 [875.780,4640.850]  549.043 [448.446,684.792]
                    uniform_cvo:mtme_HWTSC-Teacher-Sim-src        4125.674 [883.791,4597.934]  536.243 [451.620,677.037]
                    uniform_cvo:mtme_KG-BERTScore-src             4155.299 [861.915,4634.323]  536.243 [456.788,675.220]
                    uniform_cvo:mtme_MATESE-QE-src                4125.674 [867.326,4597.934]  548.129 [461.121,688.084]
                    uniform_cvo:mtme_MATESE-refA                  4155.299 [863.895,4605.309]  523.766 [455.108,642.858]
                    uniform_cvo:mtme_MEE-refA                     4155.299 [900.655,4634.323]  546.643 [465.440,660.662]
                    uniform_cvo:mtme_MEE2-refA                    4155.299 [845.912,4634.323]  547.337 [448.664,663.240]
                    uniform_cvo:mtme_MEE4-refA                    4155.299 [837.249,4634.323]  536.243 [424.276,660.215]
                    uniform_cvo:mtme_MS-COMET-22-refA             4183.365 [913.665,4650.229]  558.430 [472.323,695.821]
                    uniform_cvo:mtme_MS-COMET-QE-22-src           4155.299 [866.342,4634.323]  536.243 [472.412,680.529]
                    uniform_cvo:mtme_REUSE-src                    4155.299 [861.915,4634.323]  547.337 [457.570,677.971]
                    uniform_cvo:mtme_SEScore-refA                 4125.674 [878.720,4634.323]  525.936 [462.933,658.344]
                    uniform_cvo:mtme_UniTE-ref-refA               4155.299 [841.346,4621.014]  514.018 [415.690,647.588]
                    uniform_cvo:mtme_UniTE-refA                   4155.299 [841.560,4621.014]  504.634 [413.248,603.125]
                    uniform_cvo:mtme_UniTE-src-src                4155.299 [854.776,4621.014]  523.073 [457.015,656.380]
                    uniform_cvo:mtme_YiSi-1-refA                  4125.674 [864.267,4611.754]  525.936 [467.782,644.850]
                    uniform_cvo:mtme_chrF-refA                    4125.674 [876.554,4611.754]  523.766 [447.418,660.376]
                    uniform_cvo:mtme_f101spBLEU-refA              4125.674 [867.326,4611.754]  548.129 [438.164,675.221]
                    uniform_cvo:mtme_f200spBLEU-refA              4125.674 [867.326,4611.754]  548.129 [432.163,675.221]
                    uniform_cvo:mtme_metricx_xl_DA_2019-refA      4155.299 [834.382,4647.696]  523.073 [405.667,631.587]
                    uniform_cvo:mtme_metricx_xl_MQM_2020-refA     4125.674 [836.422,4594.717]  500.683 [408.279,610.825]
                    uniform_cvo:mtme_metricx_xxl_DA_2019-refA     4125.674 [727.198,4614.974]  524.390 [407.061,630.072]
                    uniform_cvo:mtme_metricx_xxl_MQM_2020-refA    4094.356 [732.200,4591.033]  503.916 [409.333,599.446]
                    weighted                                      3530.258 [803.900,3808.363]  467.643 [383.013,581.024]
                    weighted_cvl:mtme_BERTScore-refA              3513.381 [798.714,3807.859]  445.005 [382.467,528.134]
                    weighted_cvl:mtme_BLEU-refA                   3530.258 [785.051,3808.363]  450.067 [381.494,546.799]
                    weighted_cvl:mtme_BLEURT-20-refA              3513.381 [764.436,3807.859]  461.043 [375.536,562.740]
                    weighted_cvl:mtme_COMET-20-refA               3513.381 [811.259,3807.859]  475.893 [378.750,554.251]
                    weighted_cvl:mtme_COMET-22-refA               3530.258 [794.786,3808.363]  467.118 [388.632,546.912]
                    weighted_cvl:mtme_COMET-QE-src                3530.258 [836.753,3808.363]  490.743 [375.939,611.465]
                    weighted_cvl:mtme_COMETKiwi-src               3530.258 [816.140,3808.363]  485.272 [426.936,612.022]
                    weighted_cvl:mtme_Cross-QE-src                3513.381 [817.541,3807.859]  490.743 [381.864,585.594]
                    weighted_cvl:mtme_HWTSC-TLM-src               3546.270 [818.504,3825.222]  479.193 [385.411,610.644]
                    weighted_cvl:mtme_HWTSC-Teacher-Sim-src       3546.270 [843.536,3825.222]  525.278 [385.237,640.052]
                    weighted_cvl:mtme_KG-BERTScore-src            3546.270 [803.900,3825.222]  483.318 [382.508,611.358]
                    weighted_cvl:mtme_MATESE-QE-src               3530.258 [806.623,3808.363]  490.743 [426.828,642.604]
                    weighted_cvl:mtme_MATESE-refA                 3530.258 [808.143,3808.363]  470.943 [385.116,589.074]
                    weighted_cvl:mtme_MEE-refA                    3513.381 [819.089,3807.859]  463.388 [382.640,568.320]
                    weighted_cvl:mtme_MEE2-refA                   3513.381 [796.637,3807.859]  441.028 [378.698,533.616]
                    weighted_cvl:mtme_MEE4-refA                   3513.381 [801.671,3807.859]  438.768 [379.274,517.465]
                    weighted_cvl:mtme_MS-COMET-22-refA            3513.381 [903.093,3799.512]  516.645 [425.473,632.370]
                    weighted_cvl:mtme_MS-COMET-QE-22-src          3530.258 [828.311,3808.363]  490.743 [394.431,602.570]
                    weighted_cvl:mtme_REUSE-src                   3530.258 [805.730,3808.363]  475.151 [388.470,592.677]
                    weighted_cvl:mtme_SEScore-refA                3513.381 [875.134,3807.859]  475.893 [375.774,577.425]
                    weighted_cvl:mtme_UniTE-ref-refA              3530.258 [784.262,3808.363]  454.361 [380.764,530.099]
                    weighted_cvl:mtme_UniTE-refA                  3530.258 [805.719,3808.363]  457.917 [381.254,532.874]
                    weighted_cvl:mtme_UniTE-src-src               3530.258 [793.634,3808.363]  456.093 [381.753,530.677]
                    weighted_cvl:mtme_YiSi-1-refA                 3513.381 [800.299,3807.859]  440.847 [382.466,503.811]
                    weighted_cvl:mtme_chrF-refA                   3513.381 [785.956,3807.859]  438.768 [376.492,512.217]
                    weighted_cvl:mtme_f101spBLEU-refA             3530.258 [778.829,3808.363]  447.940 [374.356,565.411]
                    weighted_cvl:mtme_f200spBLEU-refA             3530.258 [782.255,3808.363]  438.768 [374.239,547.209]
                    weighted_cvl:mtme_metricx_xl_DA_2019-refA     3513.381 [822.152,3807.859]  476.883 [382.332,554.085]
                    weighted_cvl:mtme_metricx_xl_MQM_2020-refA    3530.258 [815.453,3808.363]  466.285 [380.884,537.654]
                    weighted_cvl:mtme_metricx_xxl_DA_2019-refA    3476.733 [829.222,3784.126]  441.826 [370.773,514.103]
                    weighted_cvl:mtme_metricx_xxl_MQM_2020-refA   3476.733 [801.618,3784.126]  446.193 [380.173,508.731]
                    weighted_cvo:mtme_BERTScore-refA              3513.381 [785.956,3807.859]  434.043 [377.327,512.409]
                    weighted_cvo:mtme_BLEU-refA                   3513.381 [774.210,3807.859]  450.067 [381.775,550.956]
                    weighted_cvo:mtme_BLEURT-20-refA              3495.566 [757.083,3798.382]  456.093 [371.807,541.169]
                    weighted_cvo:mtme_COMET-20-refA               3513.381 [776.560,3807.859]  438.768 [366.121,515.945]
                    weighted_cvo:mtme_COMET-22-refA               3530.258 [778.829,3808.363]  431.343 [362.546,513.788]
                    weighted_cvo:mtme_COMET-QE-src                3530.258 [803.900,3808.363]  449.163 [380.591,549.028]
                    weighted_cvo:mtme_COMETKiwi-src               3530.258 [808.083,3808.363]  460.170 [377.554,562.652]
                    weighted_cvo:mtme_Cross-QE-src                3513.381 [803.384,3807.859]  456.093 [372.652,561.374]
                    weighted_cvo:mtme_HWTSC-TLM-src               3530.258 [803.045,3808.363]  463.023 [379.135,630.389]
                    weighted_cvo:mtme_HWTSC-Teacher-Sim-src       3530.258 [806.312,3808.363]  472.399 [381.316,608.270]
                    weighted_cvo:mtme_KG-BERTScore-src            3530.258 [806.312,3808.363]  476.883 [381.392,613.128]
                    weighted_cvo:mtme_MATESE-QE-src               3530.258 [806.312,3808.363]  460.170 [378.833,627.546]
                    weighted_cvo:mtme_MATESE-refA                 3530.258 [791.084,3808.363]  447.940 [373.648,565.428]
                    weighted_cvo:mtme_MEE-refA                    3513.381 [794.113,3807.859]  443.493 [378.730,555.325]
                    weighted_cvo:mtme_MEE2-refA                   3513.381 [794.113,3807.859]  443.493 [378.622,547.680]
                    weighted_cvo:mtme_MEE4-refA                   3513.381 [785.051,3807.859]  436.293 [374.352,509.469]
                    weighted_cvo:mtme_MS-COMET-22-refA            3530.258 [769.920,3808.363]  458.259 [372.915,557.198]
                    weighted_cvo:mtme_MS-COMET-QE-22-src          3530.258 [805.730,3808.363]  451.762 [389.697,530.692]
                    weighted_cvo:mtme_REUSE-src                   3530.258 [803.900,3808.363]  467.643 [383.013,581.024]
                    weighted_cvo:mtme_SEScore-refA                3513.381 [787.220,3807.859]  452.446 [374.010,565.114]
                    weighted_cvo:mtme_UniTE-ref-refA              3530.258 [766.497,3808.363]  441.504 [371.683,497.742]
                    weighted_cvo:mtme_UniTE-refA                  3530.258 [796.004,3808.363]  441.243 [373.200,491.527]
                    weighted_cvo:mtme_UniTE-src-src               3530.258 [794.570,3808.363]  446.975 [375.906,546.874]
                    weighted_cvo:mtme_YiSi-1-refA                 3513.381 [783.658,3807.859]  432.531 [376.704,479.690]
                    weighted_cvo:mtme_chrF-refA                   3513.381 [778.829,3807.859]  431.989 [374.960,485.511]
                    weighted_cvo:mtme_f101spBLEU-refA             3513.381 [774.210,3807.859]  441.243 [378.654,540.166]
                    weighted_cvo:mtme_f200spBLEU-refA             3513.381 [763.988,3807.859]  436.293 [375.249,521.940]
                    weighted_cvo:mtme_metricx_xl_DA_2019-refA     3513.381 [787.382,3807.859]  443.493 [366.367,523.451]
                    weighted_cvo:mtme_metricx_xl_MQM_2020-refA    3513.381 [778.829,3790.620]  438.768 [367.830,498.911]
                    weighted_cvo:mtme_metricx_xxl_DA_2019-refA    3495.566 [773.018,3803.167]  435.303 [363.517,515.476]
                    weighted_cvo:mtme_metricx_xxl_MQM_2020-refA   3476.733 [782.481,3784.126]  426.774 [361.926,514.086]
best_human          weighted                                                                                            
inflation_J50       mtme_BERTScore-refA                                 -0.036 [-0.098,0.083]       0.012 [-0.207,0.144]
                    mtme_BLEU-refA                                       0.010 [-0.053,0.081]       0.019 [-0.213,0.085]
                    mtme_BLEURT-20-refA                                  0.026 [-0.104,0.144]       0.002 [-0.262,0.070]
                    mtme_COMET-20-refA                                  -0.065 [-0.156,0.053]       0.008 [-0.228,0.122]
                    mtme_COMET-22-refA                                   0.007 [-0.063,0.147]      -0.004 [-0.236,0.139]
                    mtme_COMET-QE-src                                   -0.026 [-0.127,0.093]      -0.005 [-0.135,0.194]
                    mtme_COMETKiwi-src                                  -0.018 [-0.148,0.144]      -0.010 [-0.224,0.139]
                    mtme_Cross-QE-src                                   -0.009 [-0.117,0.143]       0.006 [-0.217,0.083]
                    mtme_HWTSC-TLM-src                                  -0.012 [-0.108,0.108]       0.008 [-0.212,0.098]
                    mtme_HWTSC-Teacher-Sim-src                          -0.029 [-0.110,0.119]       0.003 [-0.218,0.127]
                    mtme_KG-BERTScore-src                               -0.039 [-0.151,0.113]       0.001 [-0.217,0.137]
                    mtme_MATESE-QE-src                                  -0.038 [-0.155,0.094]       0.004 [-0.220,0.126]
                    mtme_MATESE-refA                                    -0.053 [-0.114,0.076]       0.014 [-0.206,0.088]
                    mtme_MEE-refA                                       -0.011 [-0.079,0.100]       0.019 [-0.228,0.068]
                    mtme_MEE2-refA                                      -0.047 [-0.130,0.068]       0.021 [-0.194,0.156]
                    mtme_MEE4-refA                                      -0.052 [-0.126,0.063]       0.021 [-0.192,0.094]
                    mtme_MS-COMET-22-refA                               -0.060 [-0.192,0.092]      -0.020 [-0.320,0.030]
                    mtme_MS-COMET-QE-22-src                             -0.023 [-0.102,0.131]      -0.005 [-0.245,0.114]
                    mtme_REUSE-src                                      -0.011 [-0.033,0.034]       0.001 [-0.008,0.020]
                    mtme_SEScore-refA                                   -0.019 [-0.110,0.142]      -0.003 [-0.244,0.073]
                    mtme_UniTE-ref-refA                                  0.012 [-0.081,0.125]      -0.025 [-0.220,0.164]
                    mtme_UniTE-refA                                      0.036 [-0.044,0.119]      -0.003 [-0.216,0.161]
                    mtme_UniTE-src-src                                   0.007 [-0.058,0.136]       0.003 [-0.215,0.143]
                    mtme_YiSi-1-refA                                    -0.042 [-0.108,0.055]       0.019 [-0.226,0.085]
                    mtme_chrF-refA                                      -0.045 [-0.144,0.035]       0.031 [-0.184,0.151]
                    mtme_f101spBLEU-refA                                -0.003 [-0.069,0.067]       0.024 [-0.199,0.099]
                    mtme_f200spBLEU-refA                                -0.012 [-0.084,0.091]       0.024 [-0.196,0.093]
                    mtme_metricx_xl_DA_2019-refA                        -0.021 [-0.091,0.112]      -0.016 [-0.253,0.065]
                    mtme_metricx_xl_MQM_2020-refA                        0.015 [-0.063,0.139]      -0.021 [-0.258,0.049]
                    mtme_metricx_xxl_DA_2019-refA                       -0.008 [-0.080,0.110]      -0.010 [-0.245,0.055]
                    mtme_metricx_xxl_MQM_2020-refA                      -0.060 [-0.143,0.065]      -0.022 [-0.258,0.040]
inflation_J80       mtme_BERTScore-refA                                  0.002 [-0.055,0.367]      -0.009 [-0.108,0.066]
                    mtme_BLEU-refA                                       0.000 [-1.403,0.000]      -0.039 [-0.147,0.015]
                    mtme_BLEURT-20-refA                                  0.002 [-1.364,0.645]      -0.042 [-0.180,0.060]
                    mtme_COMET-20-refA                                   0.010 [-0.050,1.284]       0.002 [-0.134,0.108]
                    mtme_COMET-22-refA                                   0.000 [-0.397,1.281]       0.002 [-0.122,0.113]
                    mtme_COMET-QE-src                                    0.000 [-0.126,0.447]       0.049 [-0.152,0.148]
                    mtme_COMETKiwi-src                                   0.000 [-0.249,0.438]      -0.038 [-0.199,0.118]
                    mtme_Cross-QE-src                                   -0.012 [-1.110,0.487]       0.070 [-0.111,0.157]
                    mtme_HWTSC-TLM-src                                   0.005 [-0.097,0.232]       0.002 [-0.081,0.094]
                    mtme_HWTSC-Teacher-Sim-src                          -0.002 [-0.032,0.367]       0.090 [-0.014,0.214]
                    mtme_KG-BERTScore-src                               -0.002 [-0.084,0.043]       0.000 [-0.089,0.115]
                    mtme_MATESE-QE-src                                   0.007 [-0.963,0.122]      -0.010 [-0.126,0.188]
                    mtme_MATESE-refA                                    -0.007 [-0.149,0.160]      -0.033 [-0.229,0.070]
                    mtme_MEE-refA                                       -0.005 [-0.111,0.751]      -0.025 [-0.144,0.073]
                    mtme_MEE2-refA                                      -0.005 [-0.067,0.545]      -0.056 [-0.178,0.027]
                    mtme_MEE4-refA                                      -0.005 [-0.082,0.545]      -0.077 [-0.191,0.017]
                    mtme_MS-COMET-22-refA                                0.010 [-0.269,0.546]      -0.027 [-0.223,0.138]
                    mtme_MS-COMET-QE-22-src                             -0.007 [-0.308,0.256]      -0.020 [-0.154,0.106]
                    mtme_REUSE-src                                        0.000 [0.000,0.121]      -0.021 [-0.102,0.036]
                    mtme_SEScore-refA                                   -0.005 [-0.071,0.389]       0.021 [-0.126,0.127]
                    mtme_UniTE-ref-refA                                  0.000 [-0.494,0.543]       0.015 [-0.149,0.142]
                    mtme_UniTE-refA                                      0.000 [-0.056,0.489]       0.013 [-0.122,0.131]
                    mtme_UniTE-src-src                                   0.007 [-0.727,0.134]       0.006 [-0.154,0.103]
                    mtme_YiSi-1-refA                                     0.002 [-0.014,0.952]      -0.037 [-0.141,0.015]
                    mtme_chrF-refA                                      -0.005 [-0.185,0.127]      -0.031 [-0.153,0.028]
                    mtme_f101spBLEU-refA                                 0.000 [-0.225,0.500]      -0.060 [-0.178,0.029]
                    mtme_f200spBLEU-refA                                 0.007 [-0.246,0.500]      -0.062 [-0.186,0.044]
                    mtme_metricx_xl_DA_2019-refA                         0.002 [-1.211,0.347]       0.024 [-0.119,0.193]
                    mtme_metricx_xl_MQM_2020-refA                        0.015 [-0.225,0.485]       0.017 [-0.074,0.146]
                    mtme_metricx_xxl_DA_2019-refA                        0.016 [-0.464,1.177]      -0.063 [-0.204,0.046]
                    mtme_metricx_xxl_MQM_2020-refA                       0.016 [-0.105,0.675]      -0.046 [-0.195,0.053]
max_wrong           ALL                                                                 0.020                      0.000
pred_corr_logratio  ALL                                                                 0.841                      0.733
save_vs_uniform_J50 dedup                                                 0.134 [0.083,0.191]       0.056 [-0.133,0.081]
                    weighted                                              0.159 [0.076,0.276]       0.090 [-0.109,0.161]
save_vs_uniform_J80 dedup                                                 0.161 [0.035,0.219]        0.143 [0.044,0.213]
                    weighted                                             0.150 [-0.035,0.315]        0.146 [0.022,0.262]
 eps                                    selector  excess_vs_best_fixed    lo    hi                                 best_fixed                                                                                                                                                                                                                                                                                                                                                                                                                                                                                                                                                                                                                                                                                                                                                                                                                                                                                                                                                                                                              picks
0.01                                    weighted                 0.071 0.000 0.125 weighted_cvl:mtme_metricx_xxl_DA_2019-refA                                                                                                                                                                                                                                                                                                                                                                                                                                                                                                                                                                                                                                                                                                                                                                                                                                                                                                                                                                                                                   
0.01            weighted_cvl:mtme_BERTScore-refA                 0.031 0.000 0.112 weighted_cvl:mtme_metricx_xxl_DA_2019-refA                                                                                                                                                                                                                                                                                                                                                                                                                                                                                                                                                                                                                                                                                                                                                                                                                                                                                                                                                                                                                   
0.01                 weighted_cvl:mtme_BLEU-refA                 0.078 0.013 0.139 weighted_cvl:mtme_metricx_xxl_DA_2019-refA                                                                                                                                                                                                                                                                                                                                                                                                                                                                                                                                                                                                                                                                                                                                                                                                                                                                                                                                                                                                                   
0.01            weighted_cvl:mtme_BLEURT-20-refA                 0.071 0.000 0.136 weighted_cvl:mtme_metricx_xxl_DA_2019-refA                                                                                                                                                                                                                                                                                                                                                                                                                                                                                                                                                                                                                                                                                                                                                                                                                                                                                                                                                                                                                   
0.01             weighted_cvl:mtme_COMET-20-refA                 0.043 0.007 0.115 weighted_cvl:mtme_metricx_xxl_DA_2019-refA                                                                                                                                                                                                                                                                                                                                                                                                                                                                                                                                                                                                                                                                                                                                                                                                                                                                                                                                                                                                                   
0.01             weighted_cvl:mtme_COMET-22-refA                 0.109 0.053 0.191 weighted_cvl:mtme_metricx_xxl_DA_2019-refA                                                                                                                                                                                                                                                                                                                                                                                                                                                                                                                                                                                                                                                                                                                                                                                                                                                                                                                                                                                                                   
0.01              weighted_cvl:mtme_COMET-QE-src                 0.110 0.047 0.220 weighted_cvl:mtme_metricx_xxl_DA_2019-refA                                                                                                                                                                                                                                                                                                                                                                                                                                                                                                                                                                                                                                                                                                                                                                                                                                                                                                                                                                                                                   
0.01             weighted_cvl:mtme_COMETKiwi-src                 0.130 0.070 0.237 weighted_cvl:mtme_metricx_xxl_DA_2019-refA                                                                                                                                                                                                                                                                                                                                                                                                                                                                                                                                                                                                                                                                                                                                                                                                                                                                                                                                                                                                                   
0.01              weighted_cvl:mtme_Cross-QE-src                 0.083 0.031 0.191 weighted_cvl:mtme_metricx_xxl_DA_2019-refA                                                                                                                                                                                                                                                                                                                                                                                                                                                                                                                                                                                                                                                                                                                                                                                                                                                                                                                                                                                                                   
0.01             weighted_cvl:mtme_HWTSC-TLM-src                 0.109 0.022 0.172 weighted_cvl:mtme_metricx_xxl_DA_2019-refA                                                                                                                                                                                                                                                                                                                                                                                                                                                                                                                                                                                                                                                                                                                                                                                                                                                                                                                                                                                                                   
0.01     weighted_cvl:mtme_HWTSC-Teacher-Sim-src                 0.108 0.057 0.205 weighted_cvl:mtme_metricx_xxl_DA_2019-refA                                                                                                                                                                                                                                                                                                                                                                                                                                                                                                                                                                                                                                                                                                                                                                                                                                                                                                                                                                                                                   
0.01          weighted_cvl:mtme_KG-BERTScore-src                 0.100 0.039 0.202 weighted_cvl:mtme_metricx_xxl_DA_2019-refA                                                                                                                                                                                                                                                                                                                                                                                                                                                                                                                                                                                                                                                                                                                                                                                                                                                                                                                                                                                                                   
0.01             weighted_cvl:mtme_MATESE-QE-src                 0.118 0.063 0.234 weighted_cvl:mtme_metricx_xxl_DA_2019-refA                                                                                                                                                                                                                                                                                                                                                                                                                                                                                                                                                                                                                                                                                                                                                                                                                                                                                                                                                                                                                   
0.01               weighted_cvl:mtme_MATESE-refA                 0.052 0.004 0.139 weighted_cvl:mtme_metricx_xxl_DA_2019-refA                                                                                                                                                                                                                                                                                                                                                                                                                                                                                                                                                                                                                                                                                                                                                                                                                                                                                                                                                                                                                   
0.01                  weighted_cvl:mtme_MEE-refA                 0.091 0.033 0.149 weighted_cvl:mtme_metricx_xxl_DA_2019-refA                                                                                                                                                                                                                                                                                                                                                                                                                                                                                                                                                                                                                                                                                                                                                                                                                                                                                                                                                                                                                   
0.01                 weighted_cvl:mtme_MEE2-refA                 0.050 0.006 0.112 weighted_cvl:mtme_metricx_xxl_DA_2019-refA                                                                                                                                                                                                                                                                                                                                                                                                                                                                                                                                                                                                                                                                                                                                                                                                                                                                                                                                                                                                                   
0.01                 weighted_cvl:mtme_MEE4-refA                 0.030 0.001 0.096 weighted_cvl:mtme_metricx_xxl_DA_2019-refA                                                                                                                                                                                                                                                                                                                                                                                                                                                                                                                                                                                                                                                                                                                                                                                                                                                                                                                                                                                                                   
0.01          weighted_cvl:mtme_MS-COMET-22-refA                 0.138 0.074 0.244 weighted_cvl:mtme_metricx_xxl_DA_2019-refA                                                                                                                                                                                                                                                                                                                                                                                                                                                                                                                                                                                                                                                                                                                                                                                                                                                                                                                                                                                                                   
0.01        weighted_cvl:mtme_MS-COMET-QE-22-src                 0.106 0.053 0.210 weighted_cvl:mtme_metricx_xxl_DA_2019-refA                                                                                                                                                                                                                                                                                                                                                                                                                                                                                                                                                                                                                                                                                                                                                                                                                                                                                                                                                                                                                   
0.01                 weighted_cvl:mtme_REUSE-src                 0.071 0.011 0.124 weighted_cvl:mtme_metricx_xxl_DA_2019-refA                                                                                                                                                                                                                                                                                                                                                                                                                                                                                                                                                                                                                                                                                                                                                                                                                                                                                                                                                                                                                   
0.01              weighted_cvl:mtme_SEScore-refA                 0.059 0.023 0.149 weighted_cvl:mtme_metricx_xxl_DA_2019-refA                                                                                                                                                                                                                                                                                                                                                                                                                                                                                                                                                                                                                                                                                                                                                                                                                                                                                                                                                                                                                   
0.01            weighted_cvl:mtme_UniTE-ref-refA                 0.071 0.028 0.144 weighted_cvl:mtme_metricx_xxl_DA_2019-refA                                                                                                                                                                                                                                                                                                                                                                                                                                                                                                                                                                                                                                                                                                                                                                                                                                                                                                                                                                                                                   
0.01                weighted_cvl:mtme_UniTE-refA                 0.064 0.001 0.119 weighted_cvl:mtme_metricx_xxl_DA_2019-refA                                                                                                                                                                                                                                                                                                                                                                                                                                                                                                                                                                                                                                                                                                                                                                                                                                                                                                                                                                                                                   
0.01             weighted_cvl:mtme_UniTE-src-src                 0.077 0.026 0.147 weighted_cvl:mtme_metricx_xxl_DA_2019-refA                                                                                                                                                                                                                                                                                                                                                                                                                                                                                                                                                                                                                                                                                                                                                                                                                                                                                                                                                                                                                   
0.01               weighted_cvl:mtme_YiSi-1-refA                 0.049 0.006 0.109 weighted_cvl:mtme_metricx_xxl_DA_2019-refA                                                                                                                                                                                                                                                                                                                                                                                                                                                                                                                                                                                                                                                                                                                                                                                                                                                                                                                                                                                                                   
0.01                 weighted_cvl:mtme_chrF-refA                 0.046 0.004 0.102 weighted_cvl:mtme_metricx_xxl_DA_2019-refA                                                                                                                                                                                                                                                                                                                                                                                                                                                                                                                                                                                                                                                                                                                                                                                                                                                                                                                                                                                                                   
0.01           weighted_cvl:mtme_f101spBLEU-refA                 0.085 0.015 0.155 weighted_cvl:mtme_metricx_xxl_DA_2019-refA                                                                                                                                                                                                                                                                                                                                                                                                                                                                                                                                                                                                                                                                                                                                                                                                                                                                                                                                                                                                                   
0.01           weighted_cvl:mtme_f200spBLEU-refA                 0.079 0.015 0.139 weighted_cvl:mtme_metricx_xxl_DA_2019-refA                                                                                                                                                                                                                                                                                                                                                                                                                                                                                                                                                                                                                                                                                                                                                                                                                                                                                                                                                                                                                   
0.01   weighted_cvl:mtme_metricx_xl_DA_2019-refA                 0.016 0.000 0.098 weighted_cvl:mtme_metricx_xxl_DA_2019-refA                                                                                                                                                                                                                                                                                                                                                                                                                                                                                                                                                                                                                                                                                                                                                                                                                                                                                                                                                                                                                   
0.01  weighted_cvl:mtme_metricx_xl_MQM_2020-refA                 0.036 0.004 0.131 weighted_cvl:mtme_metricx_xxl_DA_2019-refA                                                                                                                                                                                                                                                                                                                                                                                                                                                                                                                                                                                                                                                                                                                                                                                                                                                                                                                                                                                                                   
0.01  weighted_cvl:mtme_metricx_xxl_DA_2019-refA                 0.000 0.000 0.084 weighted_cvl:mtme_metricx_xxl_DA_2019-refA                                                                                                                                                                                                                                                                                                                                                                                                                                                                                                                                                                                                                                                                                                                                                                                                                                                                                                                                                                                                                   
0.01 weighted_cvl:mtme_metricx_xxl_MQM_2020-refA                 0.041 0.013 0.137 weighted_cvl:mtme_metricx_xxl_DA_2019-refA                                                                                                                                                                                                                                                                                                                                                                                                                                                                                                                                                                                                                                                                                                                                                                                                                                                                                                                                                                                                                   
0.01                                sel_accuracy                 0.064 0.026 0.158 weighted_cvl:mtme_metricx_xxl_DA_2019-refA {'weighted_cvl:mtme_COMET-22-refA': 0.14, 'weighted_cvl:mtme_metricx_xl_MQM_2020-refA': 0.11, 'weighted_cvl:mtme_BLEURT-20-refA': 0.1, 'weighted_cvl:mtme_UniTE-ref-refA': 0.09, 'weighted_cvl:mtme_metricx_xl_DA_2019-refA': 0.09, 'weighted_cvl:mtme_metricx_xxl_DA_2019-refA': 0.09, 'weighted_cvl:mtme_metricx_xxl_MQM_2020-refA': 0.06, 'weighted_cvl:mtme_UniTE-refA': 0.05, 'weighted_cvl:mtme_COMET-QE-src': 0.05, 'weighted_cvl:mtme_COMET-20-refA': 0.05, 'weighted_cvl:mtme_SEScore-refA': 0.03, 'weighted_cvl:mtme_UniTE-src-src': 0.03, 'weighted_cvl:mtme_COMETKiwi-src': 0.02, 'weighted_cvl:mtme_Cross-QE-src': 0.02, 'weighted_cvl:mtme_MEE2-refA': 0.02, 'weighted_cvl:mtme_BERTScore-refA': 0.01, 'weighted_cvl:mtme_MEE4-refA': 0.01, 'weighted_cvl:mtme_HWTSC-Teacher-Sim-src': 0.01, 'weighted_cvl:mtme_MS-COMET-22-refA': 0.01, 'weighted_cvl:mtme_YiSi-1-refA': 0.01, 'weighted_cvl:mtme_HWTSC-TLM-src': 0.0, 'weighted_cvl:mtme_f101spBLEU-refA': 0.0, 'weighted_cvl:mtme_MEE-refA': 0.0}
0.01                                     sel_rho                 0.064 0.030 0.163 weighted_cvl:mtme_metricx_xxl_DA_2019-refA                                                                                {'weighted_cvl:mtme_metricx_xxl_MQM_2020-refA': 0.2, 'weighted_cvl:mtme_metricx_xl_MQM_2020-refA': 0.16, 'weighted_cvl:mtme_metricx_xl_DA_2019-refA': 0.14, 'weighted_cvl:mtme_COMET-22-refA': 0.12, 'weighted_cvl:mtme_metricx_xxl_DA_2019-refA': 0.1, 'weighted_cvl:mtme_BLEURT-20-refA': 0.06, 'weighted_cvl:mtme_COMET-20-refA': 0.03, 'weighted_cvl:mtme_UniTE-refA': 0.03, 'weighted_cvl:mtme_MATESE-refA': 0.03, 'weighted_cvl:mtme_SEScore-refA': 0.02, 'weighted_cvl:mtme_MS-COMET-22-refA': 0.02, 'weighted_cvl:mtme_Cross-QE-src': 0.02, 'weighted_cvl:mtme_COMET-QE-src': 0.02, 'weighted_cvl:mtme_UniTE-ref-refA': 0.01, 'weighted_cvl:mtme_MATESE-QE-src': 0.01, 'weighted_cvl:mtme_UniTE-src-src': 0.01, 'weighted_cvl:mtme_YiSi-1-refA': 0.01, 'weighted_cvl:mtme_COMETKiwi-src': 0.01, 'weighted_cvl:mtme_BERTScore-refA': 0.01, 'weighted_cvl:mtme_MS-COMET-QE-22-src': 0.01, 'weighted_cvl:mtme_chrF-refA': 0.0}
0.01                               sel_pilotcost                 0.082 0.043 0.177 weighted_cvl:mtme_metricx_xxl_DA_2019-refA                                                                   {'weighted_cvl:mtme_metricx_xl_MQM_2020-refA': 0.18, 'weighted': 0.16, 'weighted_cvl:mtme_metricx_xxl_MQM_2020-refA': 0.14, 'weighted_cvl:mtme_COMET-22-refA': 0.1, 'weighted_cvl:mtme_metricx_xxl_DA_2019-refA': 0.09, 'weighted_cvl:mtme_metricx_xl_DA_2019-refA': 0.07, 'weighted_cvl:mtme_MATESE-refA': 0.03, 'weighted_cvl:mtme_BLEURT-20-refA': 0.03, 'weighted_cvl:mtme_COMET-20-refA': 0.03, 'weighted_cvl:mtme_UniTE-refA': 0.03, 'weighted_cvl:mtme_UniTE-ref-refA': 0.03, 'weighted_cvl:mtme_Cross-QE-src': 0.02, 'weighted_cvl:mtme_MS-COMET-22-refA': 0.02, 'weighted_cvl:mtme_MATESE-QE-src': 0.02, 'weighted_cvl:mtme_COMET-QE-src': 0.01, 'weighted_cvl:mtme_MEE4-refA': 0.01, 'weighted_cvl:mtme_SEScore-refA': 0.01, 'weighted_cvl:mtme_HWTSC-TLM-src': 0.01, 'weighted_cvl:mtme_COMETKiwi-src': 0.01, 'weighted_cvl:mtme_YiSi-1-refA': 0.0, 'weighted_cvl:mtme_UniTE-src-src': 0.0, 'weighted_cvl:mtme_f200spBLEU-refA': 0.0}
0.02                                    weighted                 0.021 0.000 0.134               weighted_cvl:mtme_UniTE-refA                                                                                                                                                                                                                                                                                                                                                                                                                                                                                                                                                                                                                                                                                                                                                                                                                                                                                                                                                                                                                   
0.02            weighted_cvl:mtme_BERTScore-refA                 0.036 0.010 0.163               weighted_cvl:mtme_UniTE-refA                                                                                                                                                                                                                                                                                                                                                                                                                                                                                                                                                                                                                                                                                                                                                                                                                                                                                                                                                                                                                   
0.02                 weighted_cvl:mtme_BLEU-refA                 0.044 0.010 0.170               weighted_cvl:mtme_UniTE-refA                                                                                                                                                                                                                                                                                                                                                                                                                                                                                                                                                                                                                                                                                                                                                                                                                                                                                                                                                                                                                   
0.02            weighted_cvl:mtme_BLEURT-20-refA                 0.031 0.000 0.144               weighted_cvl:mtme_UniTE-refA                                                                                                                                                                                                                                                                                                                                                                                                                                                                                                                                                                                                                                                                                                                                                                                                                                                                                                                                                                                                                   
0.02             weighted_cvl:mtme_COMET-20-refA                 0.051 0.021 0.177               weighted_cvl:mtme_UniTE-refA                                                                                                                                                                                                                                                                                                                                                                                                                                                                                                                                                                                                                                                                                                                                                                                                                                                                                                                                                                                                                   
0.02             weighted_cvl:mtme_COMET-22-refA                 0.052 0.016 0.182               weighted_cvl:mtme_UniTE-refA                                                                                                                                                                                                                                                                                                                                                                                                                                                                                                                                                                                                                                                                                                                                                                                                                                                                                                                                                                                                                   
0.02              weighted_cvl:mtme_COMET-QE-src                 0.032 0.004 0.156               weighted_cvl:mtme_UniTE-refA                                                                                                                                                                                                                                                                                                                                                                                                                                                                                                                                                                                                                                                                                                                                                                                                                                                                                                                                                                                                                   
0.02             weighted_cvl:mtme_COMETKiwi-src                 0.052 0.023 0.179               weighted_cvl:mtme_UniTE-refA                                                                                                                                                                                                                                                                                                                                                                                                                                                                                                                                                                                                                                                                                                                                                                                                                                                                                                                                                                                                                   
0.02              weighted_cvl:mtme_Cross-QE-src                 0.063 0.037 0.201               weighted_cvl:mtme_UniTE-refA                                                                                                                                                                                                                                                                                                                                                                                                                                                                                                                                                                                                                                                                                                                                                                                                                                                                                                                                                                                                                   
0.02             weighted_cvl:mtme_HWTSC-TLM-src                 0.032 0.011 0.165               weighted_cvl:mtme_UniTE-refA                                                                                                                                                                                                                                                                                                                                                                                                                                                                                                                                                                                                                                                                                                                                                                                                                                                                                                                                                                                                                   
0.02     weighted_cvl:mtme_HWTSC-Teacher-Sim-src                 0.036 0.015 0.164               weighted_cvl:mtme_UniTE-refA                                                                                                                                                                                                                                                                                                                                                                                                                                                                                                                                                                                                                                                                                                                                                                                                                                                                                                                                                                                                                   
0.02          weighted_cvl:mtme_KG-BERTScore-src                 0.039 0.020 0.168               weighted_cvl:mtme_UniTE-refA                                                                                                                                                                                                                                                                                                                                                                                                                                                                                                                                                                                                                                                                                                                                                                                                                                                                                                                                                                                                                   
0.02             weighted_cvl:mtme_MATESE-QE-src                 0.046 0.024 0.186               weighted_cvl:mtme_UniTE-refA                                                                                                                                                                                                                                                                                                                                                                                                                                                                                                                                                                                                                                                                                                                                                                                                                                                                                                                                                                                                                   
0.02               weighted_cvl:mtme_MATESE-refA                 0.046 0.019 0.177               weighted_cvl:mtme_UniTE-refA                                                                                                                                                                                                                                                                                                                                                                                                                                                                                                                                                                                                                                                                                                                                                                                                                                                                                                                                                                                                                   
0.02                  weighted_cvl:mtme_MEE-refA                 0.037 0.002 0.151               weighted_cvl:mtme_UniTE-refA                                                                                                                                                                                                                                                                                                                                                                                                                                                                                                                                                                                                                                                                                                                                                                                                                                                                                                                                                                                                                   
0.02                 weighted_cvl:mtme_MEE2-refA                 0.048 0.003 0.162               weighted_cvl:mtme_UniTE-refA                                                                                                                                                                                                                                                                                                                                                                                                                                                                                                                                                                                                                                                                                                                                                                                                                                                                                                                                                                                                                   
0.02                 weighted_cvl:mtme_MEE4-refA                 0.046 0.002 0.154               weighted_cvl:mtme_UniTE-refA                                                                                                                                                                                                                                                                                                                                                                                                                                                                                                                                                                                                                                                                                                                                                                                                                                                                                                                                                                                                                   
0.02          weighted_cvl:mtme_MS-COMET-22-refA                 0.070 0.009 0.200               weighted_cvl:mtme_UniTE-refA                                                                                                                                                                                                                                                                                                                                                                                                                                                                                                                                                                                                                                                                                                                                                                                                                                                                                                                                                                                                                   
0.02        weighted_cvl:mtme_MS-COMET-QE-22-src                 0.046 0.016 0.175               weighted_cvl:mtme_UniTE-refA                                                                                                                                                                                                                                                                                                                                                                                                                                                                                                                                                                                                                                                                                                                                                                                                                                                                                                                                                                                                                   
0.02                 weighted_cvl:mtme_REUSE-src                 0.026 0.005 0.144               weighted_cvl:mtme_UniTE-refA                                                                                                                                                                                                                                                                                                                                                                                                                                                                                                                                                                                                                                                                                                                                                                                                                                                                                                                                                                                                                   
0.02              weighted_cvl:mtme_SEScore-refA                 0.036 0.010 0.175               weighted_cvl:mtme_UniTE-refA                                                                                                                                                                                                                                                                                                                                                                                                                                                                                                                                                                                                                                                                                                                                                                                                                                                                                                                                                                                                                   
0.02            weighted_cvl:mtme_UniTE-ref-refA                 0.006 0.000 0.144               weighted_cvl:mtme_UniTE-refA                                                                                                                                                                                                                                                                                                                                                                                                                                                                                                                                                                                                                                                                                                                                                                                                                                                                                                                                                                                                                   
0.02                weighted_cvl:mtme_UniTE-refA                 0.000 0.000 0.145               weighted_cvl:mtme_UniTE-refA                                                                                                                                                                                                                                                                                                                                                                                                                                                                                                                                                                                                                                                                                                                                                                                                                                                                                                                                                                                                                   
0.02             weighted_cvl:mtme_UniTE-src-src                 0.039 0.020 0.185               weighted_cvl:mtme_UniTE-refA                                                                                                                                                                                                                                                                                                                                                                                                                                                                                                                                                                                                                                                                                                                                                                                                                                                                                                                                                                                                                   
0.02               weighted_cvl:mtme_YiSi-1-refA                 0.040 0.001 0.142               weighted_cvl:mtme_UniTE-refA                                                                                                                                                                                                                                                                                                                                                                                                                                                                                                                                                                                                                                                                                                                                                                                                                                                                                                                                                                                                                   
0.02                 weighted_cvl:mtme_chrF-refA                 0.042 0.005 0.158               weighted_cvl:mtme_UniTE-refA                                                                                                                                                                                                                                                                                                                                                                                                                                                                                                                                                                                                                                                                                                                                                                                                                                                                                                                                                                                                                   
0.02           weighted_cvl:mtme_f101spBLEU-refA                 0.039 0.007 0.165               weighted_cvl:mtme_UniTE-refA                                                                                                                                                                                                                                                                                                                                                                                                                                                                                                                                                                                                                                                                                                                                                                                                                                                                                                                                                                                                                   
0.02           weighted_cvl:mtme_f200spBLEU-refA                 0.039 0.007 0.166               weighted_cvl:mtme_UniTE-refA                                                                                                                                                                                                                                                                                                                                                                                                                                                                                                                                                                                                                                                                                                                                                                                                                                                                                                                                                                                                                   
0.02   weighted_cvl:mtme_metricx_xl_DA_2019-refA                 0.003 0.000 0.110               weighted_cvl:mtme_UniTE-refA                                                                                                                                                                                                                                                                                                                                                                                                                                                                                                                                                                                                                                                                                                                                                                                                                                                                                                                                                                                                                   
0.02  weighted_cvl:mtme_metricx_xl_MQM_2020-refA                 0.004 0.000 0.137               weighted_cvl:mtme_UniTE-refA                                                                                                                                                                                                                                                                                                                                                                                                                                                                                                                                                                                                                                                                                                                                                                                                                                                                                                                                                                                                                   
0.02  weighted_cvl:mtme_metricx_xxl_DA_2019-refA                 0.017 0.000 0.162               weighted_cvl:mtme_UniTE-refA                                                                                                                                                                                                                                                                                                                                                                                                                                                                                                                                                                                                                                                                                                                                                                                                                                                                                                                                                                                                                   
0.02 weighted_cvl:mtme_metricx_xxl_MQM_2020-refA                 0.020 0.000 0.149               weighted_cvl:mtme_UniTE-refA                                                                                                                                                                                                                                                                                                                                                                                                                                                                                                                                                                                                                                                                                                                                                                                                                                                                                                                                                                                                                   
0.02                                sel_accuracy                 0.032 0.018 0.167               weighted_cvl:mtme_UniTE-refA {'weighted_cvl:mtme_COMET-22-refA': 0.14, 'weighted_cvl:mtme_metricx_xl_MQM_2020-refA': 0.11, 'weighted_cvl:mtme_BLEURT-20-refA': 0.1, 'weighted_cvl:mtme_UniTE-ref-refA': 0.09, 'weighted_cvl:mtme_metricx_xl_DA_2019-refA': 0.09, 'weighted_cvl:mtme_metricx_xxl_DA_2019-refA': 0.09, 'weighted_cvl:mtme_metricx_xxl_MQM_2020-refA': 0.06, 'weighted_cvl:mtme_UniTE-refA': 0.05, 'weighted_cvl:mtme_COMET-QE-src': 0.05, 'weighted_cvl:mtme_COMET-20-refA': 0.05, 'weighted_cvl:mtme_SEScore-refA': 0.03, 'weighted_cvl:mtme_UniTE-src-src': 0.03, 'weighted_cvl:mtme_COMETKiwi-src': 0.02, 'weighted_cvl:mtme_Cross-QE-src': 0.02, 'weighted_cvl:mtme_MEE2-refA': 0.02, 'weighted_cvl:mtme_BERTScore-refA': 0.01, 'weighted_cvl:mtme_MEE4-refA': 0.01, 'weighted_cvl:mtme_HWTSC-Teacher-Sim-src': 0.01, 'weighted_cvl:mtme_MS-COMET-22-refA': 0.01, 'weighted_cvl:mtme_YiSi-1-refA': 0.01, 'weighted_cvl:mtme_HWTSC-TLM-src': 0.0, 'weighted_cvl:mtme_f101spBLEU-refA': 0.0, 'weighted_cvl:mtme_MEE-refA': 0.0}
0.02                                     sel_rho                 0.061 0.033 0.192               weighted_cvl:mtme_UniTE-refA                                                                                {'weighted_cvl:mtme_metricx_xxl_MQM_2020-refA': 0.2, 'weighted_cvl:mtme_metricx_xl_MQM_2020-refA': 0.16, 'weighted_cvl:mtme_metricx_xl_DA_2019-refA': 0.14, 'weighted_cvl:mtme_COMET-22-refA': 0.12, 'weighted_cvl:mtme_metricx_xxl_DA_2019-refA': 0.1, 'weighted_cvl:mtme_BLEURT-20-refA': 0.06, 'weighted_cvl:mtme_COMET-20-refA': 0.03, 'weighted_cvl:mtme_UniTE-refA': 0.03, 'weighted_cvl:mtme_MATESE-refA': 0.03, 'weighted_cvl:mtme_SEScore-refA': 0.02, 'weighted_cvl:mtme_MS-COMET-22-refA': 0.02, 'weighted_cvl:mtme_Cross-QE-src': 0.02, 'weighted_cvl:mtme_COMET-QE-src': 0.02, 'weighted_cvl:mtme_UniTE-ref-refA': 0.01, 'weighted_cvl:mtme_MATESE-QE-src': 0.01, 'weighted_cvl:mtme_UniTE-src-src': 0.01, 'weighted_cvl:mtme_YiSi-1-refA': 0.01, 'weighted_cvl:mtme_COMETKiwi-src': 0.01, 'weighted_cvl:mtme_BERTScore-refA': 0.01, 'weighted_cvl:mtme_MS-COMET-QE-22-src': 0.01, 'weighted_cvl:mtme_chrF-refA': 0.0}
0.02                               sel_pilotcost                 0.050 0.015 0.175               weighted_cvl:mtme_UniTE-refA                                                                                                                                                     {'weighted': 0.37, 'weighted_cvl:mtme_metricx_xl_MQM_2020-refA': 0.14, 'weighted_cvl:mtme_metricx_xxl_MQM_2020-refA': 0.11, 'weighted_cvl:mtme_COMET-22-refA': 0.08, 'weighted_cvl:mtme_metricx_xxl_DA_2019-refA': 0.07, 'weighted_cvl:mtme_metricx_xl_DA_2019-refA': 0.06, 'weighted_cvl:mtme_MATESE-refA': 0.02, 'weighted_cvl:mtme_BLEURT-20-refA': 0.02, 'weighted_cvl:mtme_UniTE-ref-refA': 0.02, 'weighted_cvl:mtme_UniTE-refA': 0.02, 'weighted_cvl:mtme_MS-COMET-22-refA': 0.02, 'weighted_cvl:mtme_Cross-QE-src': 0.01, 'weighted_cvl:mtme_COMET-20-refA': 0.01, 'weighted_cvl:mtme_YiSi-1-refA': 0.01, 'weighted_cvl:mtme_COMETKiwi-src': 0.01, 'weighted_cvl:mtme_COMET-QE-src': 0.01, 'weighted_cvl:mtme_MATESE-QE-src': 0.01, 'weighted_cvl:mtme_MEE4-refA': 0.01, 'weighted_cvl:mtme_SEScore-refA': 0.0, 'weighted_cvl:mtme_HWTSC-TLM-src': 0.0}
