lp,pair,menu,eps,pilot_cost,J_uniform,J_best,best_fixed,base,post_share,informative,save,save_lo,save_hi,judge,rho,sys_r,pilot,pilot_lo,pilot_hi,refit,refit_lo,refit_hi,xfit,xfit_lo,xfit_hi,oracle,oracle_lo,oracle_hi
ende,01,Online-W vs Online-B,0.01,92.813,112.67199999999966,112.59899999999968,weighted,weighted,0.1762549701789239,False,0.0006478983243395353,-0.001360739659578697,0.002607235782085479,mtme_BERTScore-refA,0.17527238447792656,0.906706577010188,0.0,-0.055390232684825666,0.0,0.0,0.0,0.0,0.0,-0.04821723121089262,0.0,0.0,0.0,0.0
ende,01,Online-W vs Online-B,0.01,92.813,112.67199999999966,112.59899999999968,weighted,weighted,0.1762549701789239,False,0.0006478983243395353,-0.001360739659578697,0.002607235782085479,mtme_BLEU-refA,0.12062605222576593,0.8634063310084908,0.0,-0.04601519368884258,0.0,0.0,0.0,0.0,0.0,-0.030896692714710444,0.0,0.0,0.0,0.0
ende,01,Online-W vs Online-B,0.01,92.813,112.67199999999966,112.59899999999968,weighted,weighted,0.1762549701789239,False,0.0006478983243395353,-0.001360739659578697,0.002607235782085479,mtme_BLEURT-20-refA,0.3441945450778703,0.977419310947295,0.0,-0.01747444709617895,0.0,0.0,0.0,0.0,0.0,-0.007873853861448149,0.0,0.0,0.0,0.0
ende,01,Online-W vs Online-B,0.01,92.813,112.67199999999966,112.59899999999968,weighted,weighted,0.1762549701789239,False,0.0006478983243395353,-0.001360739659578697,0.002607235782085479,mtme_COMET-20-refA,0.2945574516999253,0.9858264490713564,0.0,-0.045098583406045924,0.0,0.0,0.0,0.0,0.0,-0.03164379469306783,0.0,0.0,0.0,0.0
ende,01,Online-W vs Online-B,0.01,92.813,112.67199999999966,112.59899999999968,weighted,weighted,0.1762549701789239,False,0.0006478983243395353,-0.001360739659578697,0.002607235782085479,mtme_COMET-22-refA,0.35135630580712024,0.9524733537563392,0.0,0.0,0.0,0.0,0.0,0.0,0.0,-0.005595826771856239,0.0,0.0,0.0,0.0
ende,01,Online-W vs Online-B,0.01,92.813,112.67199999999966,112.59899999999968,weighted,weighted,0.1762549701789239,False,0.0006478983243395353,-0.001360739659578697,0.002607235782085479,mtme_COMET-QE-src,0.2316696756744795,0.8324986400919704,0.0,-0.025906189922329292,0.0,0.0,0.0,0.0,0.0,-0.018110326601243187,0.0,0.0,0.0,0.0
ende,01,Online-W vs Online-B,0.01,92.813,112.67199999999966,112.59899999999968,weighted,weighted,0.1762549701789239,False,0.0006478983243395353,-0.001360739659578697,0.002607235782085479,mtme_COMETKiwi-src,0.2168189486972346,0.9226539774777828,0.0,-0.017632688688541058,0.0,0.0,0.0,0.0,0.0,-0.020478720356834835,0.0,0.0,0.0,0.0
ende,01,Online-W vs Online-B,0.01,92.813,112.67199999999966,112.59899999999968,weighted,weighted,0.1762549701789239,False,0.0006478983243395353,-0.001360739659578697,0.002607235782085479,mtme_Cross-QE-src,0.2512701928625283,0.9403569774408737,0.0,-0.01894135033011522,0.0,0.0,0.0,0.0,0.0,-0.023251777939626673,0.0,0.0,-0.003869143439093142,0.0
ende,01,Online-W vs Online-B,0.01,92.813,112.67199999999966,112.59899999999968,weighted,weighted,0.1762549701789239,False,0.0006478983243395353,-0.001360739659578697,0.002607235782085479,mtme_HWTSC-TLM-src,0.10805204016751971,0.7686262691697412,0.0,-0.035297820858406444,0.0,0.0,0.0,0.0,0.0,-0.04628380902872785,0.0,0.0,0.0,0.0
ende,01,Online-W vs Online-B,0.01,92.813,112.67199999999966,112.59899999999968,weighted,weighted,0.1762549701789239,False,0.0006478983243395353,-0.001360739659578697,0.002607235782085479,mtme_HWTSC-Teacher-Sim-src,0.09184893701017405,0.6922672434936012,0.0,-0.08001539224123197,0.0,0.0,-0.015243695484437136,0.0,0.0,-0.07289805013561444,0.0,0.0,0.0,0.0
ende,01,Online-W vs Online-B,0.01,92.813,112.67199999999966,112.59899999999968,weighted,weighted,0.1762549701789239,False,0.0006478983243395353,-0.001360739659578697,0.002607235782085479,mtme_KG-BERTScore-src,0.057834966408554914,0.6378374846052578,0.0,-0.01936046578510344,0.0,0.0,-3.477042439164394e-05,0.0,0.0,-0.0236539629098149,0.0,0.0,0.0,0.0
ende,01,Online-W vs Online-B,0.01,92.813,112.67199999999966,112.59899999999968,weighted,weighted,0.1762549701789239,False,0.0006478983243395353,-0.001360739659578697,0.002607235782085479,mtme_MATESE-QE-src,0.10215906683553283,0.7648995070123706,0.0,-0.027444908531873667,0.0,0.0,0.0,0.0,0.0,-0.0036182257291358243,0.0,0.0,0.0,0.0
ende,01,Online-W vs Online-B,0.01,92.813,112.67199999999966,112.59899999999968,weighted,weighted,0.1762549701789239,False,0.0006478983243395353,-0.001360739659578697,0.002607235782085479,mtme_MATESE-refA,0.2480213961175622,0.9246232659550914,0.0,-0.0013121693780979377,0.0,0.0,0.0,0.0,0.0,0.0,0.0,0.0,0.0,0.0
ende,01,Online-W vs Online-B,0.01,92.813,112.67199999999966,112.59899999999968,weighted,weighted,0.1762549701789239,False,0.0006478983243395353,-0.001360739659578697,0.002607235782085479,mtme_MEE-refA,0.1458478126613067,0.8768362437607912,0.0,-0.03442236225603862,0.0,0.0,0.0,0.0,0.0,-0.019113083880037997,0.0,0.0,0.0,0.0
ende,01,Online-W vs Online-B,0.01,92.813,112.67199999999966,112.59899999999968,weighted,weighted,0.1762549701789239,False,0.0006478983243395353,-0.001360739659578697,0.002607235782085479,mtme_MEE2-refA,0.17401334083207393,0.8910462707906135,0.0,-0.037101118252878346,0.0,0.0,0.0,0.0,0.0,-0.028350386220863926,0.0,0.0,0.0,0.0
ende,01,Online-W vs Online-B,0.01,92.813,112.67199999999966,112.59899999999968,weighted,weighted,0.1762549701789239,False,0.0006478983243395353,-0.001360739659578697,0.002607235782085479,mtme_MEE4-refA,0.1890890804550236,0.89207408156182,0.0,-0.033093072588105454,0.0,0.0,0.0,0.0,0.0,-0.020885647437109845,0.0,0.0,0.0,0.0
ende,01,Online-W vs Online-B,0.01,92.813,112.67199999999966,112.59899999999968,weighted,weighted,0.1762549701789239,False,0.0006478983243395353,-0.001360739659578697,0.002607235782085479,mtme_MS-COMET-22-refA,0.18534345299312188,0.9163007970087684,0.0,-0.0795903255990372,0.0,0.0,0.0,0.0,0.0,-0.07837668577004771,0.0,0.0,0.0,0.0
ende,01,Online-W vs Online-B,0.01,92.813,112.67199999999966,112.59899999999968,weighted,weighted,0.1762549701789239,False,0.0006478983243395353,-0.001360739659578697,0.002607235782085479,mtme_MS-COMET-QE-22-src,0.08800036230990238,0.7522191383266835,0.0,-0.0322289391994877,0.0,0.0,0.0,0.0,0.0,-0.04268077222990497,0.0,0.0,0.0,0.0
ende,01,Online-W vs Online-B,0.01,92.813,112.67199999999966,112.59899999999968,weighted,weighted,0.1762549701789239,False,0.0006478983243395353,-0.001360739659578697,0.002607235782085479,mtme_REUSE-src,-0.13958969851833603,-0.7189752875124902,0.0,0.0,0.0,0.0,0.0,0.0,0.0,0.0,0.0,0.0,0.0,0.0
ende,01,Online-W vs Online-B,0.01,92.813,112.67199999999966,112.59899999999968,weighted,weighted,0.1762549701789239,False,0.0006478983243395353,-0.001360739659578697,0.002607235782085479,mtme_SEScore-refA,0.21367739568498234,0.8627443368691673,0.0,-0.02552725279507545,0.0,0.0,0.0,0.0,0.0,-0.031023033161893913,0.0,0.0,0.0,0.0
ende,01,Online-W vs Online-B,0.01,92.813,112.67199999999966,112.59899999999968,weighted,weighted,0.1762549701789239,False,0.0006478983243395353,-0.001360739659578697,0.002607235782085479,mtme_UniTE-ref-refA,0.34553609325841217,0.935537336231014,0.0,-0.038511581041673244,0.0,0.0,-0.0030137317244575018,0.0,0.0,-0.04025932023116447,0.0,0.0,0.0,0.0
ende,01,Online-W vs Online-B,0.01,92.813,112.67199999999966,112.59899999999968,weighted,weighted,0.1762549701789239,False,0.0006478983243395353,-0.001360739659578697,0.002607235782085479,mtme_UniTE-refA,0.325158284010106,0.934069874660218,0.0,-0.04091079506073615,0.0,0.0,-0.011644888792440132,0.0,0.0,-0.04185051834355766,0.0,0.0,0.0,0.0
ende,01,Online-W vs Online-B,0.01,92.813,112.67199999999966,112.59899999999968,weighted,weighted,0.1762549701789239,False,0.0006478983243395353,-0.001360739659578697,0.002607235782085479,mtme_UniTE-src-src,0.2180191278030249,0.8781288793774996,0.0,-0.06414261350415941,0.0,0.0,-0.005585861761071774,0.0,0.0,-0.05170303792960263,0.0,0.0,0.0,0.0
ende,01,Online-W vs Online-B,0.01,92.813,112.67199999999966,112.59899999999968,weighted,weighted,0.1762549701789239,False,0.0006478983243395353,-0.001360739659578697,0.002607235782085479,mtme_YiSi-1-refA,0.2102833802299749,0.9374352886959156,0.0,-0.04899131205376066,0.0,0.0,0.0,0.0,0.0,-0.05021947139851558,0.0,0.0,0.0,0.0
ende,01,Online-W vs Online-B,0.01,92.813,112.67199999999966,112.59899999999968,weighted,weighted,0.1762549701789239,False,0.0006478983243395353,-0.001360739659578697,0.002607235782085479,mtme_chrF-refA,0.19105145713852584,0.913148721285636,0.0,-0.0315923587495216,0.0,0.0,0.0,0.0,0.0,-0.04719062392845979,0.0,0.0,0.0,0.0
ende,01,Online-W vs Online-B,0.01,92.813,112.67199999999966,112.59899999999968,weighted,weighted,0.1762549701789239,False,0.0006478983243395353,-0.001360739659578697,0.002607235782085479,mtme_f101spBLEU-refA,0.14678943488557994,0.8322237271443311,0.0,-0.04821567746625475,0.0,0.0,0.0,0.0,0.0,-0.0307925404143673,0.0,0.0,-7.408285297206672e-05,0.0
ende,01,Online-W vs Online-B,0.01,92.813,112.67199999999966,112.59899999999968,weighted,weighted,0.1762549701789239,False,0.0006478983243395353,-0.001360739659578697,0.002607235782085479,mtme_f200spBLEU-refA,0.15859039974115874,0.8109386629133486,0.0,-0.024145066357857597,0.0,0.0,0.0,0.0,0.0,-0.02471942526486324,0.0,0.0,-0.004635845139089694,0.0
ende,01,Online-W vs Online-B,0.01,92.813,112.67199999999966,112.59899999999968,weighted,weighted,0.1762549701789239,False,0.0006478983243395353,-0.001360739659578697,0.002607235782085479,mtme_metricx_xl_DA_2019-refA,0.4144945809504329,0.9809205978427264,0.0,0.0,0.0,0.0,0.0,0.0,0.0,0.0,0.0,0.0,0.0,0.0
ende,01,Online-W vs Online-B,0.01,92.813,112.67199999999966,112.59899999999968,weighted,weighted,0.1762549701789239,False,0.0006478983243395353,-0.001360739659578697,0.002607235782085479,mtme_metricx_xl_MQM_2020-refA,0.44025232647096074,0.9616341585507984,0.0,0.0,0.0,0.0,0.0,0.0,0.0,0.0,0.0,0.0,0.0,0.0
ende,01,Online-W vs Online-B,0.01,92.813,112.67199999999966,112.59899999999968,weighted,weighted,0.1762549701789239,False,0.0006478983243395353,-0.001360739659578697,0.002607235782085479,mtme_metricx_xxl_DA_2019-refA,0.40903378482178676,0.9781893317652096,0.0,0.0,0.0,0.0,0.0,0.0,0.0,0.0,0.0,0.0,0.0,0.0
ende,01,Online-W vs Online-B,0.01,92.813,112.67199999999966,112.59899999999968,weighted,weighted,0.1762549701789239,False,0.0006478983243395353,-0.001360739659578697,0.002607235782085479,mtme_metricx_xxl_MQM_2020-refA,0.4411635513644334,0.9670998023955928,0.0,0.0,0.0,0.0,0.0,0.0,0.0,-0.0027215974690352022,0.0,0.0,0.0,0.0
ende,01,Online-W vs Online-B,0.02,92.813,112.67199999999966,112.59899999999968,weighted,weighted,0.1762549701789239,False,0.0006478983243395353,-0.0013190115224397058,0.002337166109268957,mtme_BERTScore-refA,0.17527238447792656,0.906706577010188,0.0,0.0,0.0,0.0,0.0,0.0,0.0,0.0,0.0,0.0,0.0,0.0
ende,01,Online-W vs Online-B,0.02,92.813,112.67199999999966,112.59899999999968,weighted,weighted,0.1762549701789239,False,0.0006478983243395353,-0.0013190115224397058,0.002337166109268957,mtme_BLEU-refA,0.12062605222576593,0.8634063310084908,0.0,0.0,0.0,0.0,0.0,0.0,0.0,0.0,0.0,0.0,0.0,0.0
ende,01,Online-W vs Online-B,0.02,92.813,112.67199999999966,112.59899999999968,weighted,weighted,0.1762549701789239,False,0.0006478983243395353,-0.0013190115224397058,0.002337166109268957,mtme_BLEURT-20-refA,0.3441945450778703,0.977419310947295,0.0,0.0,0.0,0.0,0.0,0.0,0.0,0.0,0.0,0.0,0.0,0.0
ende,01,Online-W vs Online-B,0.02,92.813,112.67199999999966,112.59899999999968,weighted,weighted,0.1762549701789239,False,0.0006478983243395353,-0.0013190115224397058,0.002337166109268957,mtme_COMET-20-refA,0.2945574516999253,0.9858264490713564,0.0,0.0,0.0,0.0,0.0,0.0,0.0,0.0,0.0,0.0,0.0,0.0
ende,01,Online-W vs Online-B,0.02,92.813,112.67199999999966,112.59899999999968,weighted,weighted,0.1762549701789239,False,0.0006478983243395353,-0.0013190115224397058,0.002337166109268957,mtme_COMET-22-refA,0.35135630580712024,0.9524733537563392,0.0,0.0,0.0,0.0,0.0,0.0,0.0,0.0,0.0,0.0,0.0,0.0
ende,01,Online-W vs Online-B,0.02,92.813,112.67199999999966,112.59899999999968,weighted,weighted,0.1762549701789239,False,0.0006478983243395353,-0.0013190115224397058,0.002337166109268957,mtme_COMET-QE-src,0.2316696756744795,0.8324986400919704,0.0,0.0,0.0,0.0,0.0,0.0,0.0,0.0,0.0,0.0,0.0,0.0
ende,01,Online-W vs Online-B,0.02,92.813,112.67199999999966,112.59899999999968,weighted,weighted,0.1762549701789239,False,0.0006478983243395353,-0.0013190115224397058,0.002337166109268957,mtme_COMETKiwi-src,0.2168189486972346,0.9226539774777828,0.0,0.0,0.0,0.0,0.0,0.0,0.0,0.0,0.0,0.0,0.0,0.0
ende,01,Online-W vs Online-B,0.02,92.813,112.67199999999966,112.59899999999968,weighted,weighted,0.1762549701789239,False,0.0006478983243395353,-0.0013190115224397058,0.002337166109268957,mtme_Cross-QE-src,0.2512701928625283,0.9403569774408737,0.0,0.0,0.0,0.0,0.0,0.0,0.0,0.0,0.0,0.0,0.0,0.0
ende,01,Online-W vs Online-B,0.02,92.813,112.67199999999966,112.59899999999968,weighted,weighted,0.1762549701789239,False,0.0006478983243395353,-0.0013190115224397058,0.002337166109268957,mtme_HWTSC-TLM-src,0.10805204016751971,0.7686262691697412,0.0,0.0,0.0,0.0,0.0,0.0,0.0,0.0,0.0,0.0,0.0,0.0
ende,01,Online-W vs Online-B,0.02,92.813,112.67199999999966,112.59899999999968,weighted,weighted,0.1762549701789239,False,0.0006478983243395353,-0.0013190115224397058,0.002337166109268957,mtme_HWTSC-Teacher-Sim-src,0.09184893701017405,0.6922672434936012,0.0,0.0,0.0,0.0,0.0,0.0,0.0,0.0,0.0,0.0,0.0,0.0
ende,01,Online-W vs Online-B,0.02,92.813,112.67199999999966,112.59899999999968,weighted,weighted,0.1762549701789239,False,0.0006478983243395353,-0.0013190115224397058,0.002337166109268957,mtme_KG-BERTScore-src,0.057834966408554914,0.6378374846052578,0.0,0.0,0.0,0.0,0.0,0.0,0.0,0.0,0.0,0.0,0.0,0.0
ende,01,Online-W vs Online-B,0.02,92.813,112.67199999999966,112.59899999999968,weighted,weighted,0.1762549701789239,False,0.0006478983243395353,-0.0013190115224397058,0.002337166109268957,mtme_MATESE-QE-src,0.10215906683553283,0.7648995070123706,0.0,0.0,0.0,0.0,0.0,0.0,0.0,0.0,0.0,0.0,0.0,0.0
ende,01,Online-W vs Online-B,0.02,92.813,112.67199999999966,112.59899999999968,weighted,weighted,0.1762549701789239,False,0.0006478983243395353,-0.0013190115224397058,0.002337166109268957,mtme_MATESE-refA,0.2480213961175622,0.9246232659550914,0.0,0.0,0.0,0.0,0.0,0.0,0.0,0.0,0.0,0.0,0.0,0.0
ende,01,Online-W vs Online-B,0.02,92.813,112.67199999999966,112.59899999999968,weighted,weighted,0.1762549701789239,False,0.0006478983243395353,-0.0013190115224397058,0.002337166109268957,mtme_MEE-refA,0.1458478126613067,0.8768362437607912,0.0,0.0,0.0,0.0,0.0,0.0,0.0,0.0,0.0,0.0,0.0,0.0
ende,01,Online-W vs Online-B,0.02,92.813,112.67199999999966,112.59899999999968,weighted,weighted,0.1762549701789239,False,0.0006478983243395353,-0.0013190115224397058,0.002337166109268957,mtme_MEE2-refA,0.17401334083207393,0.8910462707906135,0.0,0.0,0.0,0.0,0.0,0.0,0.0,0.0,0.0,0.0,0.0,0.0
ende,01,Online-W vs Online-B,0.02,92.813,112.67199999999966,112.59899999999968,weighted,weighted,0.1762549701789239,False,0.0006478983243395353,-0.0013190115224397058,0.002337166109268957,mtme_MEE4-refA,0.1890890804550236,0.89207408156182,0.0,0.0,0.0,0.0,0.0,0.0,0.0,0.0,0.0,0.0,0.0,0.0
ende,01,Online-W vs Online-B,0.02,92.813,112.67199999999966,112.59899999999968,weighted,weighted,0.1762549701789239,False,0.0006478983243395353,-0.0013190115224397058,0.002337166109268957,mtme_MS-COMET-22-refA,0.18534345299312188,0.9163007970087684,0.0,0.0,0.0,0.0,0.0,0.0,0.0,0.0,0.0,0.0,0.0,0.0
ende,01,Online-W vs Online-B,0.02,92.813,112.67199999999966,112.59899999999968,weighted,weighted,0.1762549701789239,False,0.0006478983243395353,-0.0013190115224397058,0.002337166109268957,mtme_MS-COMET-QE-22-src,0.08800036230990238,0.7522191383266835,0.0,0.0,0.0,0.0,0.0,0.0,0.0,0.0,0.0,0.0,0.0,0.0
ende,01,Online-W vs Online-B,0.02,92.813,112.67199999999966,112.59899999999968,weighted,weighted,0.1762549701789239,False,0.0006478983243395353,-0.0013190115224397058,0.002337166109268957,mtme_REUSE-src,-0.13958969851833603,-0.7189752875124902,0.0,0.0,0.0,0.0,0.0,0.0,0.0,0.0,0.0,0.0,0.0,0.0
ende,01,Online-W vs Online-B,0.02,92.813,112.67199999999966,112.59899999999968,weighted,weighted,0.1762549701789239,False,0.0006478983243395353,-0.0013190115224397058,0.002337166109268957,mtme_SEScore-refA,0.21367739568498234,0.8627443368691673,0.0,0.0,0.0,0.0,0.0,0.0,0.0,0.0,0.0,0.0,0.0,0.0
ende,01,Online-W vs Online-B,0.02,92.813,112.67199999999966,112.59899999999968,weighted,weighted,0.1762549701789239,False,0.0006478983243395353,-0.0013190115224397058,0.002337166109268957,mtme_UniTE-ref-refA,0.34553609325841217,0.935537336231014,0.0,0.0,0.0,0.0,0.0,0.0,0.0,0.0,0.0,0.0,0.0,0.0
ende,01,Online-W vs Online-B,0.02,92.813,112.67199999999966,112.59899999999968,weighted,weighted,0.1762549701789239,False,0.0006478983243395353,-0.0013190115224397058,0.002337166109268957,mtme_UniTE-refA,0.325158284010106,0.934069874660218,0.0,0.0,0.0,0.0,0.0,0.0,0.0,0.0,0.0,0.0,0.0,0.0
ende,01,Online-W vs Online-B,0.02,92.813,112.67199999999966,112.59899999999968,weighted,weighted,0.1762549701789239,False,0.0006478983243395353,-0.0013190115224397058,0.002337166109268957,mtme_UniTE-src-src,0.2180191278030249,0.8781288793774996,0.0,0.0,0.0,0.0,0.0,0.0,0.0,0.0,0.0,0.0,0.0,0.0
ende,01,Online-W vs Online-B,0.02,92.813,112.67199999999966,112.59899999999968,weighted,weighted,0.1762549701789239,False,0.0006478983243395353,-0.0013190115224397058,0.002337166109268957,mtme_YiSi-1-refA,0.2102833802299749,0.9374352886959156,0.0,0.0,0.0,0.0,0.0,0.0,0.0,0.0,0.0,0.0,0.0,0.0
ende,01,Online-W vs Online-B,0.02,92.813,112.67199999999966,112.59899999999968,weighted,weighted,0.1762549701789239,False,0.0006478983243395353,-0.0013190115224397058,0.002337166109268957,mtme_chrF-refA,0.19105145713852584,0.913148721285636,0.0,0.0,0.0,0.0,0.0,0.0,0.0,0.0,0.0,0.0,0.0,0.0
ende,01,Online-W vs Online-B,0.02,92.813,112.67199999999966,112.59899999999968,weighted,weighted,0.1762549701789239,False,0.0006478983243395353,-0.0013190115224397058,0.002337166109268957,mtme_f101spBLEU-refA,0.14678943488557994,0.8322237271443311,0.0,0.0,0.0,0.0,0.0,0.0,0.0,0.0,0.0,0.0,0.0,0.0
ende,01,Online-W vs Online-B,0.02,92.813,112.67199999999966,112.59899999999968,weighted,weighted,0.1762549701789239,False,0.0006478983243395353,-0.0013190115224397058,0.002337166109268957,mtme_f200spBLEU-refA,0.15859039974115874,0.8109386629133486,0.0,0.0,0.0,0.0,0.0,0.0,0.0,0.0,0.0,0.0,0.0,0.0
ende,01,Online-W vs Online-B,0.02,92.813,112.67199999999966,112.59899999999968,weighted,weighted,0.1762549701789239,False,0.0006478983243395353,-0.0013190115224397058,0.002337166109268957,mtme_metricx_xl_DA_2019-refA,0.4144945809504329,0.9809205978427264,0.0,0.0,0.0,0.0,0.0,0.0,0.0,0.0,0.0,0.0,0.0,0.0
ende,01,Online-W vs Online-B,0.02,92.813,112.67199999999966,112.59899999999968,weighted,weighted,0.1762549701789239,False,0.0006478983243395353,-0.0013190115224397058,0.002337166109268957,mtme_metricx_xl_MQM_2020-refA,0.44025232647096074,0.9616341585507984,0.0,0.0,0.0,0.0,0.0,0.0,0.0,0.0,0.0,0.0,0.0,0.0
ende,01,Online-W vs Online-B,0.02,92.813,112.67199999999966,112.59899999999968,weighted,weighted,0.1762549701789239,False,0.0006478983243395353,-0.0013190115224397058,0.002337166109268957,mtme_metricx_xxl_DA_2019-refA,0.40903378482178676,0.9781893317652096,0.0,0.0,0.0,0.0,0.0,0.0,0.0,0.0,0.0,0.0,0.0,0.0
ende,01,Online-W vs Online-B,0.02,92.813,112.67199999999966,112.59899999999968,weighted,weighted,0.1762549701789239,False,0.0006478983243395353,-0.0013190115224397058,0.002337166109268957,mtme_metricx_xxl_MQM_2020-refA,0.4411635513644334,0.9670998023955928,0.0,0.0,0.0,0.0,0.0,0.0,0.0,0.0,0.0,0.0,0.0,0.0
ende,02,Online-W vs JDExploreAcademy,0.01,92.7455,112.60449999999969,112.5574999999996,dedup,dedup,0.17636062501942407,False,0.00041739006878127594,-0.001060805718426072,0.0016062987018304888,mtme_BERTScore-refA,0.17458257051785733,0.906706577010188,0.0,-0.01919501473340595,0.0,0.0,0.0,0.0,0.0,-0.010605397738868289,0.0,0.0,0.0,0.0
ende,02,Online-W vs JDExploreAcademy,0.01,92.7455,112.60449999999969,112.5574999999996,dedup,dedup,0.17636062501942407,False,0.00041739006878127594,-0.001060805718426072,0.0016062987018304888,mtme_BLEU-refA,0.10546440605129456,0.8634063310084908,0.0,0.0,0.0,0.0,0.0,0.0,0.0,0.0,0.0,0.0,0.0,0.0
ende,02,Online-W vs JDExploreAcademy,0.01,92.7455,112.60449999999969,112.5574999999996,dedup,dedup,0.17636062501942407,False,0.00041739006878127594,-0.001060805718426072,0.0016062987018304888,mtme_BLEURT-20-refA,0.3879911754645577,0.977419310947295,0.0,-0.009824136059219401,0.0,0.0,0.0,0.0,0.0,-0.010869484434661264,0.0,0.0,0.0,0.0
ende,02,Online-W vs JDExploreAcademy,0.01,92.7455,112.60449999999969,112.5574999999996,dedup,dedup,0.17636062501942407,False,0.00041739006878127594,-0.001060805718426072,0.0016062987018304888,mtme_COMET-20-refA,0.2739798130145482,0.9858264490713564,0.0,-0.007179885852438744,0.0,0.0,0.0,0.0,0.0,0.0,0.0,0.0,0.0,0.0
ende,02,Online-W vs JDExploreAcademy,0.01,92.7455,112.60449999999969,112.5574999999996,dedup,dedup,0.17636062501942407,False,0.00041739006878127594,-0.001060805718426072,0.0016062987018304888,mtme_COMET-22-refA,0.38790622625720805,0.9524733537563392,0.0,0.0,0.0,0.0,0.0,0.0,0.0,0.0,0.0,0.0,0.0,0.0
ende,02,Online-W vs JDExploreAcademy,0.01,92.7455,112.60449999999969,112.5574999999996,dedup,dedup,0.17636062501942407,False,0.00041739006878127594,-0.001060805718426072,0.0016062987018304888,mtme_COMET-QE-src,0.2255541471055899,0.8324986400919704,0.0,0.0,0.0,0.0,0.0,0.0,0.0,0.0,0.0,0.0,0.0,0.0
ende,02,Online-W vs JDExploreAcademy,0.01,92.7455,112.60449999999969,112.5574999999996,dedup,dedup,0.17636062501942407,False,0.00041739006878127594,-0.001060805718426072,0.0016062987018304888,mtme_COMETKiwi-src,0.27937973479218237,0.9226539774777828,0.0,0.0,0.0,0.0,0.0,0.0,0.0,-0.005691240448200068,0.0,0.0,0.0,0.0
ende,02,Online-W vs JDExploreAcademy,0.01,92.7455,112.60449999999969,112.5574999999996,dedup,dedup,0.17636062501942407,False,0.00041739006878127594,-0.001060805718426072,0.0016062987018304888,mtme_Cross-QE-src,0.262077455060587,0.9403569774408737,0.0,0.0,0.0,0.0,0.0,0.0,0.0,0.0,0.0,0.0,0.0,0.0
ende,02,Online-W vs JDExploreAcademy,0.01,92.7455,112.60449999999969,112.5574999999996,dedup,dedup,0.17636062501942407,False,0.00041739006878127594,-0.001060805718426072,0.0016062987018304888,mtme_HWTSC-TLM-src,0.12787505724725806,0.7686262691697412,0.0,0.0,0.0,0.0,0.0,0.0,0.0,0.0,0.0,0.0,0.0,0.0
ende,02,Online-W vs JDExploreAcademy,0.01,92.7455,112.60449999999969,112.5574999999996,dedup,dedup,0.17636062501942407,False,0.00041739006878127594,-0.001060805718426072,0.0016062987018304888,mtme_HWTSC-Teacher-Sim-src,0.13370122831259892,0.6922672434936012,0.0,0.0,0.0,0.0,0.0,0.0,0.0,-0.00962807465682955,0.0,0.0,0.0,0.0
ende,02,Online-W vs JDExploreAcademy,0.01,92.7455,112.60449999999969,112.5574999999996,dedup,dedup,0.17636062501942407,False,0.00041739006878127594,-0.001060805718426072,0.0016062987018304888,mtme_KG-BERTScore-src,0.10391440441748681,0.6378374846052578,0.0,0.0,0.0,0.0,0.0,0.0,0.0,-8.222556809514938e-05,0.0,0.0,0.0,0.0
ende,02,Online-W vs JDExploreAcademy,0.01,92.7455,112.60449999999969,112.5574999999996,dedup,dedup,0.17636062501942407,False,0.00041739006878127594,-0.001060805718426072,0.0016062987018304888,mtme_MATESE-QE-src,0.15083820876204768,0.7648995070123706,0.0,-0.007432356810164696,0.0,0.0,0.0,0.0,0.0,-0.00023731041184083584,0.0,0.0,0.0,0.0
ende,02,Online-W vs JDExploreAcademy,0.01,92.7455,112.60449999999969,112.5574999999996,dedup,dedup,0.17636062501942407,False,0.00041739006878127594,-0.001060805718426072,0.0016062987018304888,mtme_MATESE-refA,0.2583905767549649,0.9246232659550914,0.0,0.0,0.0,0.0,0.0,0.0,0.0,0.0,0.0,0.0,0.0,0.0
ende,02,Online-W vs JDExploreAcademy,0.01,92.7455,112.60449999999969,112.5574999999996,dedup,dedup,0.17636062501942407,False,0.00041739006878127594,-0.001060805718426072,0.0016062987018304888,mtme_MEE-refA,0.15385439510425258,0.8768362437607912,0.0,-7.411886835575319e-05,0.0,0.0,0.0,0.0,0.0,-0.0010874494880543529,0.0,0.0,0.0,0.0
ende,02,Online-W vs JDExploreAcademy,0.01,92.7455,112.60449999999969,112.5574999999996,dedup,dedup,0.17636062501942407,False,0.00041739006878127594,-0.001060805718426072,0.0016062987018304888,mtme_MEE2-refA,0.1742626273373043,0.8910462707906135,0.0,-6.39640862427224e-05,0.0,0.0,0.0,0.0,0.0,0.0,0.0,0.0,0.0,0.0
ende,02,Online-W vs JDExploreAcademy,0.01,92.7455,112.60449999999969,112.5574999999996,dedup,dedup,0.17636062501942407,False,0.00041739006878127594,-0.001060805718426072,0.0016062987018304888,mtme_MEE4-refA,0.1961209918101651,0.89207408156182,0.0,-0.00013392366470577335,0.0,0.0,0.0,0.0,0.0,0.0,0.0,0.0,0.0,0.0
ende,02,Online-W vs JDExploreAcademy,0.01,92.7455,112.60449999999969,112.5574999999996,dedup,dedup,0.17636062501942407,False,0.00041739006878127594,-0.001060805718426072,0.0016062987018304888,mtme_MS-COMET-22-refA,0.18355883735918754,0.9163007970087684,0.0,-0.0790805625029276,0.0,0.0,0.0,0.0,0.0,-0.033335453397430076,0.0,0.0,0.0,0.0
ende,02,Online-W vs JDExploreAcademy,0.01,92.7455,112.60449999999969,112.5574999999996,dedup,dedup,0.17636062501942407,False,0.00041739006878127594,-0.001060805718426072,0.0016062987018304888,mtme_MS-COMET-QE-22-src,0.1636689413153988,0.7522191383266835,0.0,-0.03928937850404325,0.0,0.0,0.0,0.0,0.0,-0.03582929354176446,0.0,0.0,0.0,0.0
ende,02,Online-W vs JDExploreAcademy,0.01,92.7455,112.60449999999969,112.5574999999996,dedup,dedup,0.17636062501942407,False,0.00041739006878127594,-0.001060805718426072,0.0016062987018304888,mtme_REUSE-src,-0.12503032717031123,-0.7189752875124902,0.0,0.0,0.0,0.0,0.0,0.0,0.0,0.0,0.0,0.0,0.0,0.0
ende,02,Online-W vs JDExploreAcademy,0.01,92.7455,112.60449999999969,112.5574999999996,dedup,dedup,0.17636062501942407,False,0.00041739006878127594,-0.001060805718426072,0.0016062987018304888,mtme_SEScore-refA,0.25907266995431105,0.8627443368691673,0.0,0.0,0.0,0.0,0.0,0.0,0.0,0.0,0.0,0.0,0.0,0.0
ende,02,Online-W vs JDExploreAcademy,0.01,92.7455,112.60449999999969,112.5574999999996,dedup,dedup,0.17636062501942407,False,0.00041739006878127594,-0.001060805718426072,0.0016062987018304888,mtme_UniTE-ref-refA,0.36967551128942144,0.935537336231014,0.0,-0.010501643652126358,0.0,0.0,0.0,0.0,0.0,-0.0007642970590311363,0.0,0.0,0.0,0.0
ende,02,Online-W vs JDExploreAcademy,0.01,92.7455,112.60449999999969,112.5574999999996,dedup,dedup,0.17636062501942407,False,0.00041739006878127594,-0.001060805718426072,0.0016062987018304888,mtme_UniTE-refA,0.36280519675634704,0.934069874660218,0.0,-7.67076929274452e-05,0.0,0.0,0.0,0.0,0.0,0.0,0.0,0.0,0.0,0.0
ende,02,Online-W vs JDExploreAcademy,0.01,92.7455,112.60449999999969,112.5574999999996,dedup,dedup,0.17636062501942407,False,0.00041739006878127594,-0.001060805718426072,0.0016062987018304888,mtme_UniTE-src-src,0.2556297185910266,0.8781288793774996,0.0,-0.0017410348869408984,0.0,0.0,0.0,0.0,0.0,0.0,0.0,0.0,0.0,0.0
ende,02,Online-W vs JDExploreAcademy,0.01,92.7455,112.60449999999969,112.5574999999996,dedup,dedup,0.17636062501942407,False,0.00041739006878127594,-0.001060805718426072,0.0016062987018304888,mtme_YiSi-1-refA,0.2196316092947565,0.9374352886959156,0.0,-0.07486178316691221,0.0,0.0,0.0,0.0,0.0,-0.02343040943092018,0.0,0.0,0.0,0.0
ende,02,Online-W vs JDExploreAcademy,0.01,92.7455,112.60449999999969,112.5574999999996,dedup,dedup,0.17636062501942407,False,0.00041739006878127594,-0.001060805718426072,0.0016062987018304888,mtme_chrF-refA,0.17128631624340324,0.913148721285636,0.0,-0.01451182635556631,0.0,0.0,0.0,0.0,0.0,-0.0071720400142152975,0.0,0.0,0.0,0.0
ende,02,Online-W vs JDExploreAcademy,0.01,92.7455,112.60449999999969,112.5574999999996,dedup,dedup,0.17636062501942407,False,0.00041739006878127594,-0.001060805718426072,0.0016062987018304888,mtme_f101spBLEU-refA,0.1448404857775305,0.8322237271443311,0.0,-0.012529570635558344,0.0,0.0,0.0,0.0,0.0,0.0,0.0,0.0,0.0,0.0
ende,02,Online-W vs JDExploreAcademy,0.01,92.7455,112.60449999999969,112.5574999999996,dedup,dedup,0.17636062501942407,False,0.00041739006878127594,-0.001060805718426072,0.0016062987018304888,mtme_f200spBLEU-refA,0.15745274945580334,0.8109386629133486,0.0,-0.007988676182516315,0.0,0.0,0.0,0.0,0.0,0.0,0.0,0.0,0.0,0.0
ende,02,Online-W vs JDExploreAcademy,0.01,92.7455,112.60449999999969,112.5574999999996,dedup,dedup,0.17636062501942407,False,0.00041739006878127594,-0.001060805718426072,0.0016062987018304888,mtme_metricx_xl_DA_2019-refA,0.4219387908529246,0.9809205978427264,0.0,0.0,0.0,0.0,0.0,0.0,0.0,0.0,0.0,0.0,0.0,0.0
ende,02,Online-W vs JDExploreAcademy,0.01,92.7455,112.60449999999969,112.5574999999996,dedup,dedup,0.17636062501942407,False,0.00041739006878127594,-0.001060805718426072,0.0016062987018304888,mtme_metricx_xl_MQM_2020-refA,0.43474195566165885,0.9616341585507984,0.0,0.0,0.0,0.0,0.0,0.0,0.0,0.0,0.0,0.0,0.0,0.0
ende,02,Online-W vs JDExploreAcademy,0.01,92.7455,112.60449999999969,112.5574999999996,dedup,dedup,0.17636062501942407,False,0.00041739006878127594,-0.001060805718426072,0.0016062987018304888,mtme_metricx_xxl_DA_2019-refA,0.4106726881902366,0.9781893317652096,0.0,0.0,0.0,0.0,0.0,0.0,0.0,0.0,0.0,0.0,0.0,0.0
ende,02,Online-W vs JDExploreAcademy,0.01,92.7455,112.60449999999969,112.5574999999996,dedup,dedup,0.17636062501942407,False,0.00041739006878127594,-0.001060805718426072,0.0016062987018304888,mtme_metricx_xxl_MQM_2020-refA,0.4058783831736242,0.9670998023955928,0.0,0.0,0.0,0.0,0.0,0.0,0.0,0.0,0.0,0.0,0.0,0.0
ende,02,Online-W vs JDExploreAcademy,0.02,92.7455,112.60449999999969,112.5574999999996,dedup,dedup,0.17636062501942407,False,0.00041739006878127594,-0.001060805718426072,0.001547163514293876,mtme_BERTScore-refA,0.17458257051785733,0.906706577010188,0.0,0.0,0.0,0.0,0.0,0.0,0.0,0.0,0.0,0.0,0.0,0.0
ende,02,Online-W vs JDExploreAcademy,0.02,92.7455,112.60449999999969,112.5574999999996,dedup,dedup,0.17636062501942407,False,0.00041739006878127594,-0.001060805718426072,0.001547163514293876,mtme_BLEU-refA,0.10546440605129456,0.8634063310084908,0.0,0.0,0.0,0.0,0.0,0.0,0.0,0.0,0.0,0.0,0.0,0.0
ende,02,Online-W vs JDExploreAcademy,0.02,92.7455,112.60449999999969,112.5574999999996,dedup,dedup,0.17636062501942407,False,0.00041739006878127594,-0.001060805718426072,0.001547163514293876,mtme_BLEURT-20-refA,0.3879911754645577,0.977419310947295,0.0,0.0,0.0,0.0,0.0,0.0,0.0,0.0,0.0,0.0,0.0,0.0
ende,02,Online-W vs JDExploreAcademy,0.02,92.7455,112.60449999999969,112.5574999999996,dedup,dedup,0.17636062501942407,False,0.00041739006878127594,-0.001060805718426072,0.001547163514293876,mtme_COMET-20-refA,0.2739798130145482,0.9858264490713564,0.0,0.0,0.0,0.0,0.0,0.0,0.0,0.0,0.0,0.0,0.0,0.0
ende,02,Online-W vs JDExploreAcademy,0.02,92.7455,112.60449999999969,112.5574999999996,dedup,dedup,0.17636062501942407,False,0.00041739006878127594,-0.001060805718426072,0.001547163514293876,mtme_COMET-22-refA,0.38790622625720805,0.9524733537563392,0.0,0.0,0.0,0.0,0.0,0.0,0.0,0.0,0.0,0.0,0.0,0.0
ende,02,Online-W vs JDExploreAcademy,0.02,92.7455,112.60449999999969,112.5574999999996,dedup,dedup,0.17636062501942407,False,0.00041739006878127594,-0.001060805718426072,0.001547163514293876,mtme_COMET-QE-src,0.2255541471055899,0.8324986400919704,0.0,0.0,0.0,0.0,0.0,0.0,0.0,0.0,0.0,0.0,0.0,0.0
ende,02,Online-W vs JDExploreAcademy,0.02,92.7455,112.60449999999969,112.5574999999996,dedup,dedup,0.17636062501942407,False,0.00041739006878127594,-0.001060805718426072,0.001547163514293876,mtme_COMETKiwi-src,0.27937973479218237,0.9226539774777828,0.0,0.0,0.0,0.0,0.0,0.0,0.0,0.0,0.0,0.0,0.0,0.0
ende,02,Online-W vs JDExploreAcademy,0.02,92.7455,112.60449999999969,112.5574999999996,dedup,dedup,0.17636062501942407,False,0.00041739006878127594,-0.001060805718426072,0.001547163514293876,mtme_Cross-QE-src,0.262077455060587,0.9403569774408737,0.0,0.0,0.0,0.0,0.0,0.0,0.0,0.0,0.0,0.0,0.0,0.0
ende,02,Online-W vs JDExploreAcademy,0.02,92.7455,112.60449999999969,112.5574999999996,dedup,dedup,0.17636062501942407,False,0.00041739006878127594,-0.001060805718426072,0.001547163514293876,mtme_HWTSC-TLM-src,0.12787505724725806,0.7686262691697412,0.0,0.0,0.0,0.0,0.0,0.0,0.0,0.0,0.0,0.0,0.0,0.0
ende,02,Online-W vs JDExploreAcademy,0.02,92.7455,112.60449999999969,112.5574999999996,dedup,dedup,0.17636062501942407,False,0.00041739006878127594,-0.001060805718426072,0.001547163514293876,mtme_HWTSC-Teacher-Sim-src,0.13370122831259892,0.6922672434936012,0.0,0.0,0.0,0.0,0.0,0.0,0.0,0.0,0.0,0.0,0.0,0.0
ende,02,Online-W vs JDExploreAcademy,0.02,92.7455,112.60449999999969,112.5574999999996,dedup,dedup,0.17636062501942407,False,0.00041739006878127594,-0.001060805718426072,0.001547163514293876,mtme_KG-BERTScore-src,0.10391440441748681,0.6378374846052578,0.0,0.0,0.0,0.0,0.0,0.0,0.0,0.0,0.0,0.0,0.0,0.0
ende,02,Online-W vs JDExploreAcademy,0.02,92.7455,112.60449999999969,112.5574999999996,dedup,dedup,0.17636062501942407,False,0.00041739006878127594,-0.001060805718426072,0.001547163514293876,mtme_MATESE-QE-src,0.15083820876204768,0.7648995070123706,0.0,0.0,0.0,0.0,0.0,0.0,0.0,0.0,0.0,0.0,0.0,0.0
ende,02,Online-W vs JDExploreAcademy,0.02,92.7455,112.60449999999969,112.5574999999996,dedup,dedup,0.17636062501942407,False,0.00041739006878127594,-0.001060805718426072,0.001547163514293876,mtme_MATESE-refA,0.2583905767549649,0.9246232659550914,0.0,0.0,0.0,0.0,0.0,0.0,0.0,0.0,0.0,0.0,0.0,0.0
ende,02,Online-W vs JDExploreAcademy,0.02,92.7455,112.60449999999969,112.5574999999996,dedup,dedup,0.17636062501942407,False,0.00041739006878127594,-0.001060805718426072,0.001547163514293876,mtme_MEE-refA,0.15385439510425258,0.8768362437607912,0.0,0.0,0.0,0.0,0.0,0.0,0.0,0.0,0.0,0.0,0.0,0.0
ende,02,Online-W vs JDExploreAcademy,0.02,92.7455,112.60449999999969,112.5574999999996,dedup,dedup,0.17636062501942407,False,0.00041739006878127594,-0.001060805718426072,0.001547163514293876,mtme_MEE2-refA,0.1742626273373043,0.8910462707906135,0.0,0.0,0.0,0.0,0.0,0.0,0.0,0.0,0.0,0.0,0.0,0.0
ende,02,Online-W vs JDExploreAcademy,0.02,92.7455,112.60449999999969,112.5574999999996,dedup,dedup,0.17636062501942407,False,0.00041739006878127594,-0.001060805718426072,0.001547163514293876,mtme_MEE4-refA,0.1961209918101651,0.89207408156182,0.0,0.0,0.0,0.0,0.0,0.0,0.0,0.0,0.0,0.0,0.0,0.0
ende,02,Online-W vs JDExploreAcademy,0.02,92.7455,112.60449999999969,112.5574999999996,dedup,dedup,0.17636062501942407,False,0.00041739006878127594,-0.001060805718426072,0.001547163514293876,mtme_MS-COMET-22-refA,0.18355883735918754,0.9163007970087684,0.0,0.0,0.0,0.0,0.0,0.0,0.0,0.0,0.0,0.0,0.0,0.0
ende,02,Online-W vs JDExploreAcademy,0.02,92.7455,112.60449999999969,112.5574999999996,dedup,dedup,0.17636062501942407,False,0.00041739006878127594,-0.001060805718426072,0.001547163514293876,mtme_MS-COMET-QE-22-src,0.1636689413153988,0.7522191383266835,0.0,0.0,0.0,0.0,0.0,0.0,0.0,0.0,0.0,0.0,0.0,0.0
ende,02,Online-W vs JDExploreAcademy,0.02,92.7455,112.60449999999969,112.5574999999996,dedup,dedup,0.17636062501942407,False,0.00041739006878127594,-0.001060805718426072,0.001547163514293876,mtme_REUSE-src,-0.12503032717031123,-0.7189752875124902,0.0,0.0,0.0,0.0,0.0,0.0,0.0,0.0,0.0,0.0,0.0,0.0
ende,02,Online-W vs JDExploreAcademy,0.02,92.7455,112.60449999999969,112.5574999999996,dedup,dedup,0.17636062501942407,False,0.00041739006878127594,-0.001060805718426072,0.001547163514293876,mtme_SEScore-refA,0.25907266995431105,0.8627443368691673,0.0,0.0,0.0,0.0,0.0,0.0,0.0,0.0,0.0,0.0,0.0,0.0
ende,02,Online-W vs JDExploreAcademy,0.02,92.7455,112.60449999999969,112.5574999999996,dedup,dedup,0.17636062501942407,False,0.00041739006878127594,-0.001060805718426072,0.001547163514293876,mtme_UniTE-ref-refA,0.36967551128942144,0.935537336231014,0.0,0.0,0.0,0.0,0.0,0.0,0.0,0.0,0.0,0.0,0.0,0.0
ende,02,Online-W vs JDExploreAcademy,0.02,92.7455,112.60449999999969,112.5574999999996,dedup,dedup,0.17636062501942407,False,0.00041739006878127594,-0.001060805718426072,0.001547163514293876,mtme_UniTE-refA,0.36280519675634704,0.934069874660218,0.0,0.0,0.0,0.0,0.0,0.0,0.0,0.0,0.0,0.0,0.0,0.0
ende,02,Online-W vs JDExploreAcademy,0.02,92.7455,112.60449999999969,112.5574999999996,dedup,dedup,0.17636062501942407,False,0.00041739006878127594,-0.001060805718426072,0.001547163514293876,mtme_UniTE-src-src,0.2556297185910266,0.8781288793774996,0.0,0.0,0.0,0.0,0.0,0.0,0.0,0.0,0.0,0.0,0.0,0.0
ende,02,Online-W vs JDExploreAcademy,0.02,92.7455,112.60449999999969,112.5574999999996,dedup,dedup,0.17636062501942407,False,0.00041739006878127594,-0.001060805718426072,0.001547163514293876,mtme_YiSi-1-refA,0.2196316092947565,0.9374352886959156,0.0,0.0,0.0,0.0,0.0,0.0,0.0,0.0,0.0,0.0,0.0,0.0
ende,02,Online-W vs JDExploreAcademy,0.02,92.7455,112.60449999999969,112.5574999999996,dedup,dedup,0.17636062501942407,False,0.00041739006878127594,-0.001060805718426072,0.001547163514293876,mtme_chrF-refA,0.17128631624340324,0.913148721285636,0.0,0.0,0.0,0.0,0.0,0.0,0.0,0.0,0.0,0.0,0.0,0.0
ende,02,Online-W vs JDExploreAcademy,0.02,92.7455,112.60449999999969,112.5574999999996,dedup,dedup,0.17636062501942407,False,0.00041739006878127594,-0.001060805718426072,0.001547163514293876,mtme_f101spBLEU-refA,0.1448404857775305,0.8322237271443311,0.0,0.0,0.0,0.0,0.0,0.0,0.0,0.0,0.0,0.0,0.0,0.0
ende,02,Online-W vs JDExploreAcademy,0.02,92.7455,112.60449999999969,112.5574999999996,dedup,dedup,0.17636062501942407,False,0.00041739006878127594,-0.001060805718426072,0.001547163514293876,mtme_f200spBLEU-refA,0.15745274945580334,0.8109386629133486,0.0,0.0,0.0,0.0,0.0,0.0,0.0,0.0,0.0,0.0,0.0,0.0
ende,02,Online-W vs JDExploreAcademy,0.02,92.7455,112.60449999999969,112.5574999999996,dedup,dedup,0.17636062501942407,False,0.00041739006878127594,-0.001060805718426072,0.001547163514293876,mtme_metricx_xl_DA_2019-refA,0.4219387908529246,0.9809205978427264,0.0,0.0,0.0,0.0,0.0,0.0,0.0,0.0,0.0,0.0,0.0,0.0
ende,02,Online-W vs JDExploreAcademy,0.02,92.7455,112.60449999999969,112.5574999999996,dedup,dedup,0.17636062501942407,False,0.00041739006878127594,-0.001060805718426072,0.001547163514293876,mtme_metricx_xl_MQM_2020-refA,0.43474195566165885,0.9616341585507984,0.0,0.0,0.0,0.0,0.0,0.0,0.0,0.0,0.0,0.0,0.0,0.0
ende,02,Online-W vs JDExploreAcademy,0.02,92.7455,112.60449999999969,112.5574999999996,dedup,dedup,0.17636062501942407,False,0.00041739006878127594,-0.001060805718426072,0.001547163514293876,mtme_metricx_xxl_DA_2019-refA,0.4106726881902366,0.9781893317652096,0.0,0.0,0.0,0.0,0.0,0.0,0.0,0.0,0.0,0.0,0.0,0.0
ende,02,Online-W vs JDExploreAcademy,0.02,92.7455,112.60449999999969,112.5574999999996,dedup,dedup,0.17636062501942407,False,0.00041739006878127594,-0.001060805718426072,0.001547163514293876,mtme_metricx_xxl_MQM_2020-refA,0.4058783831736242,0.9670998023955928,0.0,0.0,0.0,0.0,0.0,0.0,0.0,0.0,0.0,0.0,0.0,0.0
ende,03,Online-W vs Online-A,0.01,93.1175,112.97649999999959,112.88249999999972,weighted,weighted,0.17577991883267452,False,0.000832031440165526,-0.0012509007644524617,0.0027584121565349703,mtme_BERTScore-refA,0.1881459185070472,0.906706577010188,0.0,0.0,0.0,0.0,0.0,0.0,0.0,0.0,0.0,0.0,0.0,0.0
ende,03,Online-W vs Online-A,0.01,93.1175,112.97649999999959,112.88249999999972,weighted,weighted,0.17577991883267452,False,0.000832031440165526,-0.0012509007644524617,0.0027584121565349703,mtme_BLEU-refA,0.11258405953450396,0.8634063310084908,0.0,0.0,0.0,0.0,0.0,0.0,0.0,0.0,0.0,0.0,0.0,0.0
ende,03,Online-W vs Online-A,0.01,93.1175,112.97649999999959,112.88249999999972,weighted,weighted,0.17577991883267452,False,0.000832031440165526,-0.0012509007644524617,0.0027584121565349703,mtme_BLEURT-20-refA,0.3593514353386813,0.977419310947295,0.0,0.0,0.0,0.0,0.0,0.0,0.0,0.0,0.0,0.0,0.0,0.0
ende,03,Online-W vs Online-A,0.01,93.1175,112.97649999999959,112.88249999999972,weighted,weighted,0.17577991883267452,False,0.000832031440165526,-0.0012509007644524617,0.0027584121565349703,mtme_COMET-20-refA,0.3073996299672038,0.9858264490713564,0.0,0.0,0.0,0.0,0.0,0.0,0.0,0.0,0.0,0.0,0.0,0.0
ende,03,Online-W vs Online-A,0.01,93.1175,112.97649999999959,112.88249999999972,weighted,weighted,0.17577991883267452,False,0.000832031440165526,-0.0012509007644524617,0.0027584121565349703,mtme_COMET-22-refA,0.33157459514583654,0.9524733537563392,0.0,0.0,0.0,0.0,0.0,0.0,0.0,0.0,0.0,0.0,0.0,0.0
ende,03,Online-W vs Online-A,0.01,93.1175,112.97649999999959,112.88249999999972,weighted,weighted,0.17577991883267452,False,0.000832031440165526,-0.0012509007644524617,0.0027584121565349703,mtme_COMET-QE-src,0.18182705119413808,0.8324986400919704,0.0,0.0,0.0,0.0,0.0,0.0,0.0,0.0,0.0,0.0,0.0,0.0
ende,03,Online-W vs Online-A,0.01,93.1175,112.97649999999959,112.88249999999972,weighted,weighted,0.17577991883267452,False,0.000832031440165526,-0.0012509007644524617,0.0027584121565349703,mtme_COMETKiwi-src,0.24129246900671472,0.9226539774777828,0.0,0.0,0.0,0.0,0.0,0.0,0.0,0.0,0.0,0.0,0.0,0.0
ende,03,Online-W vs Online-A,0.01,93.1175,112.97649999999959,112.88249999999972,weighted,weighted,0.17577991883267452,False,0.000832031440165526,-0.0012509007644524617,0.0027584121565349703,mtme_Cross-QE-src,0.22120776659640237,0.9403569774408737,0.0,0.0,0.0,0.0,0.0,0.0,0.0,0.0,0.0,0.0,0.0,0.0
ende,03,Online-W vs Online-A,0.01,93.1175,112.97649999999959,112.88249999999972,weighted,weighted,0.17577991883267452,False,0.000832031440165526,-0.0012509007644524617,0.0027584121565349703,mtme_HWTSC-TLM-src,0.07812249294540256,0.7686262691697412,0.0,0.0,0.0,0.0,0.0,0.0,0.0,0.0,0.0,0.0,0.0,0.0
ende,03,Online-W vs Online-A,0.01,93.1175,112.97649999999959,112.88249999999972,weighted,weighted,0.17577991883267452,False,0.000832031440165526,-0.0012509007644524617,0.0027584121565349703,mtme_HWTSC-Teacher-Sim-src,0.12160959124826712,0.6922672434936012,0.0,0.0,0.0,0.0,0.0,0.0,0.0,0.0,0.0,0.0,0.0,0.0
ende,03,Online-W vs Online-A,0.01,93.1175,112.97649999999959,112.88249999999972,weighted,weighted,0.17577991883267452,False,0.000832031440165526,-0.0012509007644524617,0.0027584121565349703,mtme_KG-BERTScore-src,0.09848162884858297,0.6378374846052578,0.0,0.0,0.0,0.0,0.0,0.0,0.0,0.0,0.0,0.0,0.0,0.0
ende,03,Online-W vs Online-A,0.01,93.1175,112.97649999999959,112.88249999999972,weighted,weighted,0.17577991883267452,False,0.000832031440165526,-0.0012509007644524617,0.0027584121565349703,mtme_MATESE-QE-src,0.11633606972000138,0.7648995070123706,0.0,0.0,0.0,0.0,0.0,0.0,0.0,0.0,0.0,0.0,0.0,0.0
ende,03,Online-W vs Online-A,0.01,93.1175,112.97649999999959,112.88249999999972,weighted,weighted,0.17577991883267452,False,0.000832031440165526,-0.0012509007644524617,0.0027584121565349703,mtme_MATESE-refA,0.17952722659967113,0.9246232659550914,0.0,0.0,0.0,0.0,0.0,0.0,0.0,0.0,0.0,0.0,0.0,0.0
ende,03,Online-W vs Online-A,0.01,93.1175,112.97649999999959,112.88249999999972,weighted,weighted,0.17577991883267452,False,0.000832031440165526,-0.0012509007644524617,0.0027584121565349703,mtme_MEE-refA,0.14773509241951666,0.8768362437607912,0.0,0.0,0.0,0.0,0.0,0.0,0.0,0.0,0.0,0.0,0.0,0.0
ende,03,Online-W vs Online-A,0.01,93.1175,112.97649999999959,112.88249999999972,weighted,weighted,0.17577991883267452,False,0.000832031440165526,-0.0012509007644524617,0.0027584121565349703,mtme_MEE2-refA,0.18244631293738672,0.8910462707906135,0.0,0.0,0.0,0.0,0.0,0.0,0.0,0.0,0.0,0.0,0.0,0.0
ende,03,Online-W vs Online-A,0.01,93.1175,112.97649999999959,112.88249999999972,weighted,weighted,0.17577991883267452,False,0.000832031440165526,-0.0012509007644524617,0.0027584121565349703,mtme_MEE4-refA,0.2067388259533086,0.89207408156182,0.0,0.0,0.0,0.0,0.0,0.0,0.0,0.0,0.0,0.0,0.0,0.0
ende,03,Online-W vs Online-A,0.01,93.1175,112.97649999999959,112.88249999999972,weighted,weighted,0.17577991883267452,False,0.000832031440165526,-0.0012509007644524617,0.0027584121565349703,mtme_MS-COMET-22-refA,0.16487238730172588,0.9163007970087684,0.0,0.0,0.0,0.0,0.0,0.0,0.0,0.0,0.0,0.0,0.0,0.0
ende,03,Online-W vs Online-A,0.01,93.1175,112.97649999999959,112.88249999999972,weighted,weighted,0.17577991883267452,False,0.000832031440165526,-0.0012509007644524617,0.0027584121565349703,mtme_MS-COMET-QE-22-src,0.0965241640306211,0.7522191383266835,0.0,0.0,0.0,0.0,0.0,0.0,0.0,0.0,0.0,0.0,0.0,0.0
ende,03,Online-W vs Online-A,0.01,93.1175,112.97649999999959,112.88249999999972,weighted,weighted,0.17577991883267452,False,0.000832031440165526,-0.0012509007644524617,0.0027584121565349703,mtme_REUSE-src,-0.12113507236513449,-0.7189752875124902,0.0,0.0,0.0,0.0,0.0,0.0,0.0,0.0,0.0,0.0,0.0,0.0
ende,03,Online-W vs Online-A,0.01,93.1175,112.97649999999959,112.88249999999972,weighted,weighted,0.17577991883267452,False,0.000832031440165526,-0.0012509007644524617,0.0027584121565349703,mtme_SEScore-refA,0.18850904201476876,0.8627443368691673,0.0,0.0,0.0,0.0,0.0,0.0,0.0,0.0,0.0,0.0,0.0,0.0
ende,03,Online-W vs Online-A,0.01,93.1175,112.97649999999959,112.88249999999972,weighted,weighted,0.17577991883267452,False,0.000832031440165526,-0.0012509007644524617,0.0027584121565349703,mtme_UniTE-ref-refA,0.34044253638992467,0.935537336231014,0.0,0.0,0.0,0.0,0.0,0.0,0.0,0.0,0.0,0.0,0.0,0.0
ende,03,Online-W vs Online-A,0.01,93.1175,112.97649999999959,112.88249999999972,weighted,weighted,0.17577991883267452,False,0.000832031440165526,-0.0012509007644524617,0.0027584121565349703,mtme_UniTE-refA,0.3640113340086658,0.934069874660218,0.0,0.0,0.0,0.0,0.0,0.0,0.0,0.0,0.0,0.0,0.0,0.0
ende,03,Online-W vs Online-A,0.01,93.1175,112.97649999999959,112.88249999999972,weighted,weighted,0.17577991883267452,False,0.000832031440165526,-0.0012509007644524617,0.0027584121565349703,mtme_UniTE-src-src,0.23023521192030721,0.8781288793774996,0.0,0.0,0.0,0.0,0.0,0.0,0.0,0.0,0.0,0.0,0.0,0.0
ende,03,Online-W vs Online-A,0.01,93.1175,112.97649999999959,112.88249999999972,weighted,weighted,0.17577991883267452,False,0.000832031440165526,-0.0012509007644524617,0.0027584121565349703,mtme_YiSi-1-refA,0.19740716182921958,0.9374352886959156,0.0,0.0,0.0,0.0,0.0,0.0,0.0,0.0,0.0,0.0,0.0,0.0
ende,03,Online-W vs Online-A,0.01,93.1175,112.97649999999959,112.88249999999972,weighted,weighted,0.17577991883267452,False,0.000832031440165526,-0.0012509007644524617,0.0027584121565349703,mtme_chrF-refA,0.1758820596029786,0.913148721285636,0.0,0.0,0.0,0.0,0.0,0.0,0.0,0.0,0.0,0.0,0.0,0.0
ende,03,Online-W vs Online-A,0.01,93.1175,112.97649999999959,112.88249999999972,weighted,weighted,0.17577991883267452,False,0.000832031440165526,-0.0012509007644524617,0.0027584121565349703,mtme_f101spBLEU-refA,0.14185893521844675,0.8322237271443311,0.0,0.0,0.0,0.0,0.0,0.0,0.0,0.0,0.0,0.0,0.0,0.0
ende,03,Online-W vs Online-A,0.01,93.1175,112.97649999999959,112.88249999999972,weighted,weighted,0.17577991883267452,False,0.000832031440165526,-0.0012509007644524617,0.0027584121565349703,mtme_f200spBLEU-refA,0.15175650504605176,0.8109386629133486,0.0,0.0,0.0,0.0,0.0,0.0,0.0,0.0,0.0,0.0,0.0,0.0
ende,03,Online-W vs Online-A,0.01,93.1175,112.97649999999959,112.88249999999972,weighted,weighted,0.17577991883267452,False,0.000832031440165526,-0.0012509007644524617,0.0027584121565349703,mtme_metricx_xl_DA_2019-refA,0.40314672190127343,0.9809205978427264,0.0,0.0,0.0,0.0,0.0,0.0,0.0,0.0,0.0,0.0,0.0,0.0
ende,03,Online-W vs Online-A,0.01,93.1175,112.97649999999959,112.88249999999972,weighted,weighted,0.17577991883267452,False,0.000832031440165526,-0.0012509007644524617,0.0027584121565349703,mtme_metricx_xl_MQM_2020-refA,0.39496741846452704,0.9616341585507984,0.0,0.0,0.0,0.0,0.0,0.0,0.0,0.0,0.0,0.0,0.0,0.0
ende,03,Online-W vs Online-A,0.01,93.1175,112.97649999999959,112.88249999999972,weighted,weighted,0.17577991883267452,False,0.000832031440165526,-0.0012509007644524617,0.0027584121565349703,mtme_metricx_xxl_DA_2019-refA,0.3919212973535268,0.9781893317652096,0.0,0.0,0.0,0.0,0.0,0.0,0.0,0.0,0.0,0.0,0.0,0.0
ende,03,Online-W vs Online-A,0.01,93.1175,112.97649999999959,112.88249999999972,weighted,weighted,0.17577991883267452,False,0.000832031440165526,-0.0012509007644524617,0.0027584121565349703,mtme_metricx_xxl_MQM_2020-refA,0.3766531985603233,0.9670998023955928,0.0,0.0,0.0,0.0,0.0,0.0,0.0,0.0,0.0,0.0,0.0,0.0
ende,03,Online-W vs Online-A,0.02,93.1175,112.97649999999959,112.88249999999972,weighted,weighted,0.17577991883267452,False,0.000832031440165526,-0.0012509007644524617,0.0027584121565349703,mtme_BERTScore-refA,0.1881459185070472,0.906706577010188,0.0,0.0,0.0,0.0,0.0,0.0,0.0,0.0,0.0,0.0,0.0,0.0
ende,03,Online-W vs Online-A,0.02,93.1175,112.97649999999959,112.88249999999972,weighted,weighted,0.17577991883267452,False,0.000832031440165526,-0.0012509007644524617,0.0027584121565349703,mtme_BLEU-refA,0.11258405953450396,0.8634063310084908,0.0,0.0,0.0,0.0,0.0,0.0,0.0,0.0,0.0,0.0,0.0,0.0
ende,03,Online-W vs Online-A,0.02,93.1175,112.97649999999959,112.88249999999972,weighted,weighted,0.17577991883267452,False,0.000832031440165526,-0.0012509007644524617,0.0027584121565349703,mtme_BLEURT-20-refA,0.3593514353386813,0.977419310947295,0.0,0.0,0.0,0.0,0.0,0.0,0.0,0.0,0.0,0.0,0.0,0.0
ende,03,Online-W vs Online-A,0.02,93.1175,112.97649999999959,112.88249999999972,weighted,weighted,0.17577991883267452,False,0.000832031440165526,-0.0012509007644524617,0.0027584121565349703,mtme_COMET-20-refA,0.3073996299672038,0.9858264490713564,0.0,0.0,0.0,0.0,0.0,0.0,0.0,0.0,0.0,0.0,0.0,0.0
ende,03,Online-W vs Online-A,0.02,93.1175,112.97649999999959,112.88249999999972,weighted,weighted,0.17577991883267452,False,0.000832031440165526,-0.0012509007644524617,0.0027584121565349703,mtme_COMET-22-refA,0.33157459514583654,0.9524733537563392,0.0,0.0,0.0,0.0,0.0,0.0,0.0,0.0,0.0,0.0,0.0,0.0
ende,03,Online-W vs Online-A,0.02,93.1175,112.97649999999959,112.88249999999972,weighted,weighted,0.17577991883267452,False,0.000832031440165526,-0.0012509007644524617,0.0027584121565349703,mtme_COMET-QE-src,0.18182705119413808,0.8324986400919704,0.0,0.0,0.0,0.0,0.0,0.0,0.0,0.0,0.0,0.0,0.0,0.0
ende,03,Online-W vs Online-A,0.02,93.1175,112.97649999999959,112.88249999999972,weighted,weighted,0.17577991883267452,False,0.000832031440165526,-0.0012509007644524617,0.0027584121565349703,mtme_COMETKiwi-src,0.24129246900671472,0.9226539774777828,0.0,0.0,0.0,0.0,0.0,0.0,0.0,0.0,0.0,0.0,0.0,0.0
ende,03,Online-W vs Online-A,0.02,93.1175,112.97649999999959,112.88249999999972,weighted,weighted,0.17577991883267452,False,0.000832031440165526,-0.0012509007644524617,0.0027584121565349703,mtme_Cross-QE-src,0.22120776659640237,0.9403569774408737,0.0,0.0,0.0,0.0,0.0,0.0,0.0,0.0,0.0,0.0,0.0,0.0
ende,03,Online-W vs Online-A,0.02,93.1175,112.97649999999959,112.88249999999972,weighted,weighted,0.17577991883267452,False,0.000832031440165526,-0.0012509007644524617,0.0027584121565349703,mtme_HWTSC-TLM-src,0.07812249294540256,0.7686262691697412,0.0,0.0,0.0,0.0,0.0,0.0,0.0,0.0,0.0,0.0,0.0,0.0
ende,03,Online-W vs Online-A,0.02,93.1175,112.97649999999959,112.88249999999972,weighted,weighted,0.17577991883267452,False,0.000832031440165526,-0.0012509007644524617,0.0027584121565349703,mtme_HWTSC-Teacher-Sim-src,0.12160959124826712,0.6922672434936012,0.0,0.0,0.0,0.0,0.0,0.0,0.0,0.0,0.0,0.0,0.0,0.0
ende,03,Online-W vs Online-A,0.02,93.1175,112.97649999999959,112.88249999999972,weighted,weighted,0.17577991883267452,False,0.000832031440165526,-0.0012509007644524617,0.0027584121565349703,mtme_KG-BERTScore-src,0.09848162884858297,0.6378374846052578,0.0,0.0,0.0,0.0,0.0,0.0,0.0,0.0,0.0,0.0,0.0,0.0
ende,03,Online-W vs Online-A,0.02,93.1175,112.97649999999959,112.88249999999972,weighted,weighted,0.17577991883267452,False,0.000832031440165526,-0.0012509007644524617,0.0027584121565349703,mtme_MATESE-QE-src,0.11633606972000138,0.7648995070123706,0.0,0.0,0.0,0.0,0.0,0.0,0.0,0.0,0.0,0.0,0.0,0.0
ende,03,Online-W vs Online-A,0.02,93.1175,112.97649999999959,112.88249999999972,weighted,weighted,0.17577991883267452,False,0.000832031440165526,-0.0012509007644524617,0.0027584121565349703,mtme_MATESE-refA,0.17952722659967113,0.9246232659550914,0.0,0.0,0.0,0.0,0.0,0.0,0.0,0.0,0.0,0.0,0.0,0.0
ende,03,Online-W vs Online-A,0.02,93.1175,112.97649999999959,112.88249999999972,weighted,weighted,0.17577991883267452,False,0.000832031440165526,-0.0012509007644524617,0.0027584121565349703,mtme_MEE-refA,0.14773509241951666,0.8768362437607912,0.0,0.0,0.0,0.0,0.0,0.0,0.0,0.0,0.0,0.0,0.0,0.0
ende,03,Online-W vs Online-A,0.02,93.1175,112.97649999999959,112.88249999999972,weighted,weighted,0.17577991883267452,False,0.000832031440165526,-0.0012509007644524617,0.0027584121565349703,mtme_MEE2-refA,0.18244631293738672,0.8910462707906135,0.0,0.0,0.0,0.0,0.0,0.0,0.0,0.0,0.0,0.0,0.0,0.0
ende,03,Online-W vs Online-A,0.02,93.1175,112.97649999999959,112.88249999999972,weighted,weighted,0.17577991883267452,False,0.000832031440165526,-0.0012509007644524617,0.0027584121565349703,mtme_MEE4-refA,0.2067388259533086,0.89207408156182,0.0,0.0,0.0,0.0,0.0,0.0,0.0,0.0,0.0,0.0,0.0,0.0
ende,03,Online-W vs Online-A,0.02,93.1175,112.97649999999959,112.88249999999972,weighted,weighted,0.17577991883267452,False,0.000832031440165526,-0.0012509007644524617,0.0027584121565349703,mtme_MS-COMET-22-refA,0.16487238730172588,0.9163007970087684,0.0,0.0,0.0,0.0,0.0,0.0,0.0,0.0,0.0,0.0,0.0,0.0
ende,03,Online-W vs Online-A,0.02,93.1175,112.97649999999959,112.88249999999972,weighted,weighted,0.17577991883267452,False,0.000832031440165526,-0.0012509007644524617,0.0027584121565349703,mtme_MS-COMET-QE-22-src,0.0965241640306211,0.7522191383266835,0.0,0.0,0.0,0.0,0.0,0.0,0.0,0.0,0.0,0.0,0.0,0.0
ende,03,Online-W vs Online-A,0.02,93.1175,112.97649999999959,112.88249999999972,weighted,weighted,0.17577991883267452,False,0.000832031440165526,-0.0012509007644524617,0.0027584121565349703,mtme_REUSE-src,-0.12113507236513449,-0.7189752875124902,0.0,0.0,0.0,0.0,0.0,0.0,0.0,0.0,0.0,0.0,0.0,0.0
ende,03,Online-W vs Online-A,0.02,93.1175,112.97649999999959,112.88249999999972,weighted,weighted,0.17577991883267452,False,0.000832031440165526,-0.0012509007644524617,0.0027584121565349703,mtme_SEScore-refA,0.18850904201476876,0.8627443368691673,0.0,0.0,0.0,0.0,0.0,0.0,0.0,0.0,0.0,0.0,0.0,0.0
ende,03,Online-W vs Online-A,0.02,93.1175,112.97649999999959,112.88249999999972,weighted,weighted,0.17577991883267452,False,0.000832031440165526,-0.0012509007644524617,0.0027584121565349703,mtme_UniTE-ref-refA,0.34044253638992467,0.935537336231014,0.0,0.0,0.0,0.0,0.0,0.0,0.0,0.0,0.0,0.0,0.0,0.0
ende,03,Online-W vs Online-A,0.02,93.1175,112.97649999999959,112.88249999999972,weighted,weighted,0.17577991883267452,False,0.000832031440165526,-0.0012509007644524617,0.0027584121565349703,mtme_UniTE-refA,0.3640113340086658,0.934069874660218,0.0,0.0,0.0,0.0,0.0,0.0,0.0,0.0,0.0,0.0,0.0,0.0
ende,03,Online-W vs Online-A,0.02,93.1175,112.97649999999959,112.88249999999972,weighted,weighted,0.17577991883267452,False,0.000832031440165526,-0.0012509007644524617,0.0027584121565349703,mtme_UniTE-src-src,0.23023521192030721,0.8781288793774996,0.0,0.0,0.0,0.0,0.0,0.0,0.0,0.0,0.0,0.0,0.0,0.0
ende,03,Online-W vs Online-A,0.02,93.1175,112.97649999999959,112.88249999999972,weighted,weighted,0.17577991883267452,False,0.000832031440165526,-0.0012509007644524617,0.0027584121565349703,mtme_YiSi-1-refA,0.19740716182921958,0.9374352886959156,0.0,0.0,0.0,0.0,0.0,0.0,0.0,0.0,0.0,0.0,0.0,0.0
ende,03,Online-W vs Online-A,0.02,93.1175,112.97649999999959,112.88249999999972,weighted,weighted,0.17577991883267452,False,0.000832031440165526,-0.0012509007644524617,0.0027584121565349703,mtme_chrF-refA,0.1758820596029786,0.913148721285636,0.0,0.0,0.0,0.0,0.0,0.0,0.0,0.0,0.0,0.0,0.0,0.0
ende,03,Online-W vs Online-A,0.02,93.1175,112.97649999999959,112.88249999999972,weighted,weighted,0.17577991883267452,False,0.000832031440165526,-0.0012509007644524617,0.0027584121565349703,mtme_f101spBLEU-refA,0.14185893521844675,0.8322237271443311,0.0,0.0,0.0,0.0,0.0,0.0,0.0,0.0,0.0,0.0,0.0,0.0
ende,03,Online-W vs Online-A,0.02,93.1175,112.97649999999959,112.88249999999972,weighted,weighted,0.17577991883267452,False,0.000832031440165526,-0.0012509007644524617,0.0027584121565349703,mtme_f200spBLEU-refA,0.15175650504605176,0.8109386629133486,0.0,0.0,0.0,0.0,0.0,0.0,0.0,0.0,0.0,0.0,0.0,0.0
ende,03,Online-W vs Online-A,0.02,93.1175,112.97649999999959,112.88249999999972,weighted,weighted,0.17577991883267452,False,0.000832031440165526,-0.0012509007644524617,0.0027584121565349703,mtme_metricx_xl_DA_2019-refA,0.40314672190127343,0.9809205978427264,0.0,0.0,0.0,0.0,0.0,0.0,0.0,0.0,0.0,0.0,0.0,0.0
ende,03,Online-W vs Online-A,0.02,93.1175,112.97649999999959,112.88249999999972,weighted,weighted,0.17577991883267452,False,0.000832031440165526,-0.0012509007644524617,0.0027584121565349703,mtme_metricx_xl_MQM_2020-refA,0.39496741846452704,0.9616341585507984,0.0,0.0,0.0,0.0,0.0,0.0,0.0,0.0,0.0,0.0,0.0,0.0
ende,03,Online-W vs Online-A,0.02,93.1175,112.97649999999959,112.88249999999972,weighted,weighted,0.17577991883267452,False,0.000832031440165526,-0.0012509007644524617,0.0027584121565349703,mtme_metricx_xxl_DA_2019-refA,0.3919212973535268,0.9781893317652096,0.0,0.0,0.0,0.0,0.0,0.0,0.0,0.0,0.0,0.0,0.0,0.0
ende,03,Online-W vs Online-A,0.02,93.1175,112.97649999999959,112.88249999999972,weighted,weighted,0.17577991883267452,False,0.000832031440165526,-0.0012509007644524617,0.0027584121565349703,mtme_metricx_xxl_MQM_2020-refA,0.3766531985603233,0.9670998023955928,0.0,0.0,0.0,0.0,0.0,0.0,0.0,0.0,0.0,0.0,0.0,0.0
ende,04,Online-W vs Online-G,0.01,93.616,113.4749999999997,113.32099999999964,weighted,weighted,0.17500771094954615,False,0.0013571271205116142,-0.00043428405655424046,0.003046064421586947,mtme_BERTScore-refA,0.16243245322867866,0.906706577010188,0.0,0.0,0.0,0.0,0.0,0.0,0.0,0.0,0.0,0.0,0.0,0.0
ende,04,Online-W vs Online-G,0.01,93.616,113.4749999999997,113.32099999999964,weighted,weighted,0.17500771094954615,False,0.0013571271205116142,-0.00043428405655424046,0.003046064421586947,mtme_BLEU-refA,0.09559985110962202,0.8634063310084908,0.0,0.0,0.0,0.0,0.0,0.0,0.0,0.0,0.0,0.0,0.0,0.0
ende,04,Online-W vs Online-G,0.01,93.616,113.4749999999997,113.32099999999964,weighted,weighted,0.17500771094954615,False,0.0013571271205116142,-0.00043428405655424046,0.003046064421586947,mtme_BLEURT-20-refA,0.4104766192100724,0.977419310947295,0.0,0.0,0.0,0.0,0.0,0.0,0.0,0.0,0.0,0.0,0.0,0.0
ende,04,Online-W vs Online-G,0.01,93.616,113.4749999999997,113.32099999999964,weighted,weighted,0.17500771094954615,False,0.0013571271205116142,-0.00043428405655424046,0.003046064421586947,mtme_COMET-20-refA,0.3511054866035449,0.9858264490713564,0.0,0.0,0.0,0.0,0.0,0.0,0.0,0.0,0.0,0.0,0.0,0.0
ende,04,Online-W vs Online-G,0.01,93.616,113.4749999999997,113.32099999999964,weighted,weighted,0.17500771094954615,False,0.0013571271205116142,-0.00043428405655424046,0.003046064421586947,mtme_COMET-22-refA,0.44814522455137284,0.9524733537563392,0.0,0.0,0.0,0.0,0.0,0.0,0.0,0.0,0.0,0.0,0.0,0.0
ende,04,Online-W vs Online-G,0.01,93.616,113.4749999999997,113.32099999999964,weighted,weighted,0.17500771094954615,False,0.0013571271205116142,-0.00043428405655424046,0.003046064421586947,mtme_COMET-QE-src,0.2944435192073249,0.8324986400919704,0.0,0.0,0.0,0.0,0.0,0.0,0.0,0.0,0.0,0.0,0.0,0.0
ende,04,Online-W vs Online-G,0.01,93.616,113.4749999999997,113.32099999999964,weighted,weighted,0.17500771094954615,False,0.0013571271205116142,-0.00043428405655424046,0.003046064421586947,mtme_COMETKiwi-src,0.36903876365409216,0.9226539774777828,0.0,0.0,0.0,0.0,0.0,0.0,0.0,0.0,0.0,0.0,0.0,0.0
ende,04,Online-W vs Online-G,0.01,93.616,113.4749999999997,113.32099999999964,weighted,weighted,0.17500771094954615,False,0.0013571271205116142,-0.00043428405655424046,0.003046064421586947,mtme_Cross-QE-src,0.3548610322245238,0.9403569774408737,0.0,0.0,0.0,0.0,0.0,0.0,0.0,0.0,0.0,0.0,0.0,0.0
ende,04,Online-W vs Online-G,0.01,93.616,113.4749999999997,113.32099999999964,weighted,weighted,0.17500771094954615,False,0.0013571271205116142,-0.00043428405655424046,0.003046064421586947,mtme_HWTSC-TLM-src,0.11176388616418764,0.7686262691697412,0.0,0.0,0.0,0.0,0.0,0.0,0.0,0.0,0.0,0.0,0.0,0.0
ende,04,Online-W vs Online-G,0.01,93.616,113.4749999999997,113.32099999999964,weighted,weighted,0.17500771094954615,False,0.0013571271205116142,-0.00043428405655424046,0.003046064421586947,mtme_HWTSC-Teacher-Sim-src,0.09482806038430668,0.6922672434936012,0.0,0.0,0.0,0.0,0.0,0.0,0.0,0.0,0.0,0.0,0.0,0.0
ende,04,Online-W vs Online-G,0.01,93.616,113.4749999999997,113.32099999999964,weighted,weighted,0.17500771094954615,False,0.0013571271205116142,-0.00043428405655424046,0.003046064421586947,mtme_KG-BERTScore-src,0.0862783444174266,0.6378374846052578,0.0,0.0,0.0,0.0,0.0,0.0,0.0,0.0,0.0,0.0,0.0,0.0
ende,04,Online-W vs Online-G,0.01,93.616,113.4749999999997,113.32099999999964,weighted,weighted,0.17500771094954615,False,0.0013571271205116142,-0.00043428405655424046,0.003046064421586947,mtme_MATESE-QE-src,0.17235711530945547,0.7648995070123706,0.0,0.0,0.0,0.0,0.0,0.0,0.0,0.0,0.0,0.0,0.0,0.0
ende,04,Online-W vs Online-G,0.01,93.616,113.4749999999997,113.32099999999964,weighted,weighted,0.17500771094954615,False,0.0013571271205116142,-0.00043428405655424046,0.003046064421586947,mtme_MATESE-refA,0.2926802784644269,0.9246232659550914,0.0,0.0,0.0,0.0,0.0,0.0,0.0,0.0,0.0,0.0,0.0,0.0
ende,04,Online-W vs Online-G,0.01,93.616,113.4749999999997,113.32099999999964,weighted,weighted,0.17500771094954615,False,0.0013571271205116142,-0.00043428405655424046,0.003046064421586947,mtme_MEE-refA,0.13813580407573212,0.8768362437607912,0.0,0.0,0.0,0.0,0.0,0.0,0.0,0.0,0.0,0.0,0.0,0.0
ende,04,Online-W vs Online-G,0.01,93.616,113.4749999999997,113.32099999999964,weighted,weighted,0.17500771094954615,False,0.0013571271205116142,-0.00043428405655424046,0.003046064421586947,mtme_MEE2-refA,0.15797389868390135,0.8910462707906135,0.0,0.0,0.0,0.0,0.0,0.0,0.0,0.0,0.0,0.0,0.0,0.0
ende,04,Online-W vs Online-G,0.01,93.616,113.4749999999997,113.32099999999964,weighted,weighted,0.17500771094954615,False,0.0013571271205116142,-0.00043428405655424046,0.003046064421586947,mtme_MEE4-refA,0.1867555423618542,0.89207408156182,0.0,0.0,0.0,0.0,0.0,0.0,0.0,0.0,0.0,0.0,0.0,0.0
ende,04,Online-W vs Online-G,0.01,93.616,113.4749999999997,113.32099999999964,weighted,weighted,0.17500771094954615,False,0.0013571271205116142,-0.00043428405655424046,0.003046064421586947,mtme_MS-COMET-22-refA,0.2406205104964706,0.9163007970087684,0.0,0.0,0.0,0.0,0.0,0.0,0.0,0.0,0.0,0.0,0.0,0.0
ende,04,Online-W vs Online-G,0.01,93.616,113.4749999999997,113.32099999999964,weighted,weighted,0.17500771094954615,False,0.0013571271205116142,-0.00043428405655424046,0.003046064421586947,mtme_MS-COMET-QE-22-src,0.1520756184438747,0.7522191383266835,0.0,0.0,0.0,0.0,0.0,0.0,0.0,0.0,0.0,0.0,0.0,0.0
ende,04,Online-W vs Online-G,0.01,93.616,113.4749999999997,113.32099999999964,weighted,weighted,0.17500771094954615,False,0.0013571271205116142,-0.00043428405655424046,0.003046064421586947,mtme_REUSE-src,-0.1220973126203268,-0.7189752875124902,0.0,0.0,0.0,0.0,0.0,0.0,0.0,0.0,0.0,0.0,0.0,0.0
ende,04,Online-W vs Online-G,0.01,93.616,113.4749999999997,113.32099999999964,weighted,weighted,0.17500771094954615,False,0.0013571271205116142,-0.00043428405655424046,0.003046064421586947,mtme_SEScore-refA,0.2085075543583199,0.8627443368691673,0.0,0.0,0.0,0.0,0.0,0.0,0.0,0.0,0.0,0.0,0.0,0.0
ende,04,Online-W vs Online-G,0.01,93.616,113.4749999999997,113.32099999999964,weighted,weighted,0.17500771094954615,False,0.0013571271205116142,-0.00043428405655424046,0.003046064421586947,mtme_UniTE-ref-refA,0.39983451463875297,0.935537336231014,0.0,0.0,0.0,0.0,0.0,0.0,0.0,0.0,0.0,0.0,0.0,0.0
ende,04,Online-W vs Online-G,0.01,93.616,113.4749999999997,113.32099999999964,weighted,weighted,0.17500771094954615,False,0.0013571271205116142,-0.00043428405655424046,0.003046064421586947,mtme_UniTE-refA,0.4241526067825302,0.934069874660218,0.0,0.0,0.0,0.0,0.0,0.0,0.0,0.0,0.0,0.0,0.0,0.0
ende,04,Online-W vs Online-G,0.01,93.616,113.4749999999997,113.32099999999964,weighted,weighted,0.17500771094954615,False,0.0013571271205116142,-0.00043428405655424046,0.003046064421586947,mtme_UniTE-src-src,0.33390151014187675,0.8781288793774996,0.0,0.0,0.0,0.0,0.0,0.0,0.0,0.0,0.0,0.0,0.0,0.0
ende,04,Online-W vs Online-G,0.01,93.616,113.4749999999997,113.32099999999964,weighted,weighted,0.17500771094954615,False,0.0013571271205116142,-0.00043428405655424046,0.003046064421586947,mtme_YiSi-1-refA,0.17205430607098016,0.9374352886959156,0.0,0.0,0.0,0.0,0.0,0.0,0.0,0.0,0.0,0.0,0.0,0.0
ende,04,Online-W vs Online-G,0.01,93.616,113.4749999999997,113.32099999999964,weighted,weighted,0.17500771094954615,False,0.0013571271205116142,-0.00043428405655424046,0.003046064421586947,mtme_chrF-refA,0.15948171480296852,0.913148721285636,0.0,0.0,0.0,0.0,0.0,0.0,0.0,0.0,0.0,0.0,0.0,0.0
ende,04,Online-W vs Online-G,0.01,93.616,113.4749999999997,113.32099999999964,weighted,weighted,0.17500771094954615,False,0.0013571271205116142,-0.00043428405655424046,0.003046064421586947,mtme_f101spBLEU-refA,0.10943354024157562,0.8322237271443311,0.0,0.0,0.0,0.0,0.0,0.0,0.0,0.0,0.0,0.0,0.0,0.0
ende,04,Online-W vs Online-G,0.01,93.616,113.4749999999997,113.32099999999964,weighted,weighted,0.17500771094954615,False,0.0013571271205116142,-0.00043428405655424046,0.003046064421586947,mtme_f200spBLEU-refA,0.11651829536053127,0.8109386629133486,0.0,0.0,0.0,0.0,0.0,0.0,0.0,0.0,0.0,0.0,0.0,0.0
ende,04,Online-W vs Online-G,0.01,93.616,113.4749999999997,113.32099999999964,weighted,weighted,0.17500771094954615,False,0.0013571271205116142,-0.00043428405655424046,0.003046064421586947,mtme_metricx_xl_DA_2019-refA,0.4159336966603052,0.9809205978427264,0.0,0.0,0.0,0.0,0.0,0.0,0.0,0.0,0.0,0.0,0.0,0.0
ende,04,Online-W vs Online-G,0.01,93.616,113.4749999999997,113.32099999999964,weighted,weighted,0.17500771094954615,False,0.0013571271205116142,-0.00043428405655424046,0.003046064421586947,mtme_metricx_xl_MQM_2020-refA,0.46844896762123833,0.9616341585507984,0.0,0.0,0.0,0.0,0.0,0.0,0.0,0.0,0.0,0.0,0.0,0.0
ende,04,Online-W vs Online-G,0.01,93.616,113.4749999999997,113.32099999999964,weighted,weighted,0.17500771094954615,False,0.0013571271205116142,-0.00043428405655424046,0.003046064421586947,mtme_metricx_xxl_DA_2019-refA,0.40909677118480103,0.9781893317652096,0.0,0.0,0.0,0.0,0.0,0.0,0.0,0.0,0.0,0.0,0.0,0.0
ende,04,Online-W vs Online-G,0.01,93.616,113.4749999999997,113.32099999999964,weighted,weighted,0.17500771094954615,False,0.0013571271205116142,-0.00043428405655424046,0.003046064421586947,mtme_metricx_xxl_MQM_2020-refA,0.439049678091188,0.9670998023955928,0.0,0.0,0.0,0.0,0.0,0.0,0.0,0.0,0.0,0.0,0.0,0.0
ende,04,Online-W vs Online-G,0.02,93.616,113.4749999999997,113.32099999999964,weighted,weighted,0.17500771094954615,False,0.0013571271205116142,-0.00043428405655424046,0.003046064421586947,mtme_BERTScore-refA,0.16243245322867866,0.906706577010188,0.0,0.0,0.0,0.0,0.0,0.0,0.0,0.0,0.0,0.0,0.0,0.0
ende,04,Online-W vs Online-G,0.02,93.616,113.4749999999997,113.32099999999964,weighted,weighted,0.17500771094954615,False,0.0013571271205116142,-0.00043428405655424046,0.003046064421586947,mtme_BLEU-refA,0.09559985110962202,0.8634063310084908,0.0,0.0,0.0,0.0,0.0,0.0,0.0,0.0,0.0,0.0,0.0,0.0
ende,04,Online-W vs Online-G,0.02,93.616,113.4749999999997,113.32099999999964,weighted,weighted,0.17500771094954615,False,0.0013571271205116142,-0.00043428405655424046,0.003046064421586947,mtme_BLEURT-20-refA,0.4104766192100724,0.977419310947295,0.0,0.0,0.0,0.0,0.0,0.0,0.0,0.0,0.0,0.0,0.0,0.0
ende,04,Online-W vs Online-G,0.02,93.616,113.4749999999997,113.32099999999964,weighted,weighted,0.17500771094954615,False,0.0013571271205116142,-0.00043428405655424046,0.003046064421586947,mtme_COMET-20-refA,0.3511054866035449,0.9858264490713564,0.0,0.0,0.0,0.0,0.0,0.0,0.0,0.0,0.0,0.0,0.0,0.0
ende,04,Online-W vs Online-G,0.02,93.616,113.4749999999997,113.32099999999964,weighted,weighted,0.17500771094954615,False,0.0013571271205116142,-0.00043428405655424046,0.003046064421586947,mtme_COMET-22-refA,0.44814522455137284,0.9524733537563392,0.0,0.0,0.0,0.0,0.0,0.0,0.0,0.0,0.0,0.0,0.0,0.0
ende,04,Online-W vs Online-G,0.02,93.616,113.4749999999997,113.32099999999964,weighted,weighted,0.17500771094954615,False,0.0013571271205116142,-0.00043428405655424046,0.003046064421586947,mtme_COMET-QE-src,0.2944435192073249,0.8324986400919704,0.0,0.0,0.0,0.0,0.0,0.0,0.0,0.0,0.0,0.0,0.0,0.0
ende,04,Online-W vs Online-G,0.02,93.616,113.4749999999997,113.32099999999964,weighted,weighted,0.17500771094954615,False,0.0013571271205116142,-0.00043428405655424046,0.003046064421586947,mtme_COMETKiwi-src,0.36903876365409216,0.9226539774777828,0.0,0.0,0.0,0.0,0.0,0.0,0.0,0.0,0.0,0.0,0.0,0.0
ende,04,Online-W vs Online-G,0.02,93.616,113.4749999999997,113.32099999999964,weighted,weighted,0.17500771094954615,False,0.0013571271205116142,-0.00043428405655424046,0.003046064421586947,mtme_Cross-QE-src,0.3548610322245238,0.9403569774408737,0.0,0.0,0.0,0.0,0.0,0.0,0.0,0.0,0.0,0.0,0.0,0.0
ende,04,Online-W vs Online-G,0.02,93.616,113.4749999999997,113.32099999999964,weighted,weighted,0.17500771094954615,False,0.0013571271205116142,-0.00043428405655424046,0.003046064421586947,mtme_HWTSC-TLM-src,0.11176388616418764,0.7686262691697412,0.0,0.0,0.0,0.0,0.0,0.0,0.0,0.0,0.0,0.0,0.0,0.0
ende,04,Online-W vs Online-G,0.02,93.616,113.4749999999997,113.32099999999964,weighted,weighted,0.17500771094954615,False,0.0013571271205116142,-0.00043428405655424046,0.003046064421586947,mtme_HWTSC-Teacher-Sim-src,0.09482806038430668,0.6922672434936012,0.0,0.0,0.0,0.0,0.0,0.0,0.0,0.0,0.0,0.0,0.0,0.0
ende,04,Online-W vs Online-G,0.02,93.616,113.4749999999997,113.32099999999964,weighted,weighted,0.17500771094954615,False,0.0013571271205116142,-0.00043428405655424046,0.003046064421586947,mtme_KG-BERTScore-src,0.0862783444174266,0.6378374846052578,0.0,0.0,0.0,0.0,0.0,0.0,0.0,0.0,0.0,0.0,0.0,0.0
ende,04,Online-W vs Online-G,0.02,93.616,113.4749999999997,113.32099999999964,weighted,weighted,0.17500771094954615,False,0.0013571271205116142,-0.00043428405655424046,0.003046064421586947,mtme_MATESE-QE-src,0.17235711530945547,0.7648995070123706,0.0,0.0,0.0,0.0,0.0,0.0,0.0,0.0,0.0,0.0,0.0,0.0
ende,04,Online-W vs Online-G,0.02,93.616,113.4749999999997,113.32099999999964,weighted,weighted,0.17500771094954615,False,0.0013571271205116142,-0.00043428405655424046,0.003046064421586947,mtme_MATESE-refA,0.2926802784644269,0.9246232659550914,0.0,0.0,0.0,0.0,0.0,0.0,0.0,0.0,0.0,0.0,0.0,0.0
ende,04,Online-W vs Online-G,0.02,93.616,113.4749999999997,113.32099999999964,weighted,weighted,0.17500771094954615,False,0.0013571271205116142,-0.00043428405655424046,0.003046064421586947,mtme_MEE-refA,0.13813580407573212,0.8768362437607912,0.0,0.0,0.0,0.0,0.0,0.0,0.0,0.0,0.0,0.0,0.0,0.0
ende,04,Online-W vs Online-G,0.02,93.616,113.4749999999997,113.32099999999964,weighted,weighted,0.17500771094954615,False,0.0013571271205116142,-0.00043428405655424046,0.003046064421586947,mtme_MEE2-refA,0.15797389868390135,0.8910462707906135,0.0,0.0,0.0,0.0,0.0,0.0,0.0,0.0,0.0,0.0,0.0,0.0
ende,04,Online-W vs Online-G,0.02,93.616,113.4749999999997,113.32099999999964,weighted,weighted,0.17500771094954615,False,0.0013571271205116142,-0.00043428405655424046,0.003046064421586947,mtme_MEE4-refA,0.1867555423618542,0.89207408156182,0.0,0.0,0.0,0.0,0.0,0.0,0.0,0.0,0.0,0.0,0.0,0.0
ende,04,Online-W vs Online-G,0.02,93.616,113.4749999999997,113.32099999999964,weighted,weighted,0.17500771094954615,False,0.0013571271205116142,-0.00043428405655424046,0.003046064421586947,mtme_MS-COMET-22-refA,0.2406205104964706,0.9163007970087684,0.0,0.0,0.0,0.0,0.0,0.0,0.0,0.0,0.0,0.0,0.0,0.0
ende,04,Online-W vs Online-G,0.02,93.616,113.4749999999997,113.32099999999964,weighted,weighted,0.17500771094954615,False,0.0013571271205116142,-0.00043428405655424046,0.003046064421586947,mtme_MS-COMET-QE-22-src,0.1520756184438747,0.7522191383266835,0.0,0.0,0.0,0.0,0.0,0.0,0.0,0.0,0.0,0.0,0.0,0.0
ende,04,Online-W vs Online-G,0.02,93.616,113.4749999999997,113.32099999999964,weighted,weighted,0.17500771094954615,False,0.0013571271205116142,-0.00043428405655424046,0.003046064421586947,mtme_REUSE-src,-0.1220973126203268,-0.7189752875124902,0.0,0.0,0.0,0.0,0.0,0.0,0.0,0.0,0.0,0.0,0.0,0.0
ende,04,Online-W vs Online-G,0.02,93.616,113.4749999999997,113.32099999999964,weighted,weighted,0.17500771094954615,False,0.0013571271205116142,-0.00043428405655424046,0.003046064421586947,mtme_SEScore-refA,0.2085075543583199,0.8627443368691673,0.0,0.0,0.0,0.0,0.0,0.0,0.0,0.0,0.0,0.0,0.0,0.0
ende,04,Online-W vs Online-G,0.02,93.616,113.4749999999997,113.32099999999964,weighted,weighted,0.17500771094954615,False,0.0013571271205116142,-0.00043428405655424046,0.003046064421586947,mtme_UniTE-ref-refA,0.39983451463875297,0.935537336231014,0.0,0.0,0.0,0.0,0.0,0.0,0.0,0.0,0.0,0.0,0.0,0.0
ende,04,Online-W vs Online-G,0.02,93.616,113.4749999999997,113.32099999999964,weighted,weighted,0.17500771094954615,False,0.0013571271205116142,-0.00043428405655424046,0.003046064421586947,mtme_UniTE-refA,0.4241526067825302,0.934069874660218,0.0,0.0,0.0,0.0,0.0,0.0,0.0,0.0,0.0,0.0,0.0,0.0
ende,04,Online-W vs Online-G,0.02,93.616,113.4749999999997,113.32099999999964,weighted,weighted,0.17500771094954615,False,0.0013571271205116142,-0.00043428405655424046,0.003046064421586947,mtme_UniTE-src-src,0.33390151014187675,0.8781288793774996,0.0,0.0,0.0,0.0,0.0,0.0,0.0,0.0,0.0,0.0,0.0,0.0
ende,04,Online-W vs Online-G,0.02,93.616,113.4749999999997,113.32099999999964,weighted,weighted,0.17500771094954615,False,0.0013571271205116142,-0.00043428405655424046,0.003046064421586947,mtme_YiSi-1-refA,0.17205430607098016,0.9374352886959156,0.0,0.0,0.0,0.0,0.0,0.0,0.0,0.0,0.0,0.0,0.0,0.0
ende,04,Online-W vs Online-G,0.02,93.616,113.4749999999997,113.32099999999964,weighted,weighted,0.17500771094954615,False,0.0013571271205116142,-0.00043428405655424046,0.003046064421586947,mtme_chrF-refA,0.15948171480296852,0.913148721285636,0.0,0.0,0.0,0.0,0.0,0.0,0.0,0.0,0.0,0.0,0.0,0.0
ende,04,Online-W vs Online-G,0.02,93.616,113.4749999999997,113.32099999999964,weighted,weighted,0.17500771094954615,False,0.0013571271205116142,-0.00043428405655424046,0.003046064421586947,mtme_f101spBLEU-refA,0.10943354024157562,0.8322237271443311,0.0,0.0,0.0,0.0,0.0,0.0,0.0,0.0,0.0,0.0,0.0,0.0
ende,04,Online-W vs Online-G,0.02,93.616,113.4749999999997,113.32099999999964,weighted,weighted,0.17500771094954615,False,0.0013571271205116142,-0.00043428405655424046,0.003046064421586947,mtme_f200spBLEU-refA,0.11651829536053127,0.8109386629133486,0.0,0.0,0.0,0.0,0.0,0.0,0.0,0.0,0.0,0.0,0.0,0.0
ende,04,Online-W vs Online-G,0.02,93.616,113.4749999999997,113.32099999999964,weighted,weighted,0.17500771094954615,False,0.0013571271205116142,-0.00043428405655424046,0.003046064421586947,mtme_metricx_xl_DA_2019-refA,0.4159336966603052,0.9809205978427264,0.0,0.0,0.0,0.0,0.0,0.0,0.0,0.0,0.0,0.0,0.0,0.0
ende,04,Online-W vs Online-G,0.02,93.616,113.4749999999997,113.32099999999964,weighted,weighted,0.17500771094954615,False,0.0013571271205116142,-0.00043428405655424046,0.003046064421586947,mtme_metricx_xl_MQM_2020-refA,0.46844896762123833,0.9616341585507984,0.0,0.0,0.0,0.0,0.0,0.0,0.0,0.0,0.0,0.0,0.0,0.0
ende,04,Online-W vs Online-G,0.02,93.616,113.4749999999997,113.32099999999964,weighted,weighted,0.17500771094954615,False,0.0013571271205116142,-0.00043428405655424046,0.003046064421586947,mtme_metricx_xxl_DA_2019-refA,0.40909677118480103,0.9781893317652096,0.0,0.0,0.0,0.0,0.0,0.0,0.0,0.0,0.0,0.0,0.0,0.0
ende,04,Online-W vs Online-G,0.02,93.616,113.4749999999997,113.32099999999964,weighted,weighted,0.17500771094954615,False,0.0013571271205116142,-0.00043428405655424046,0.003046064421586947,mtme_metricx_xxl_MQM_2020-refA,0.439049678091188,0.9670998023955928,0.0,0.0,0.0,0.0,0.0,0.0,0.0,0.0,0.0,0.0,0.0,0.0
ende,05,Online-W vs Online-Y,0.01,96.148,116.00699999999968,115.85599999999977,weighted,weighted,0.17118794555500738,False,0.0013016455903515078,-0.0006139581927086191,0.0026915145034206557,mtme_BERTScore-refA,0.1673366559183701,0.906706577010188,0.0,0.0,0.0,0.0,0.0,0.0,0.0,0.0,0.0,0.0,0.0,0.0
ende,05,Online-W vs Online-Y,0.01,96.148,116.00699999999968,115.85599999999977,weighted,weighted,0.17118794555500738,False,0.0013016455903515078,-0.0006139581927086191,0.0026915145034206557,mtme_BLEU-refA,0.11752056672137295,0.8634063310084908,0.0,0.0,0.0,0.0,0.0,0.0,0.0,0.0,0.0,0.0,0.0,0.0
ende,05,Online-W vs Online-Y,0.01,96.148,116.00699999999968,115.85599999999977,weighted,weighted,0.17118794555500738,False,0.0013016455903515078,-0.0006139581927086191,0.0026915145034206557,mtme_BLEURT-20-refA,0.3860294916059721,0.977419310947295,0.0,0.0,0.0,0.0,0.0,0.0,0.0,0.0,0.0,0.0,0.0,0.0
ende,05,Online-W vs Online-Y,0.01,96.148,116.00699999999968,115.85599999999977,weighted,weighted,0.17118794555500738,False,0.0013016455903515078,-0.0006139581927086191,0.0026915145034206557,mtme_COMET-20-refA,0.316448089585516,0.9858264490713564,0.0,0.0,0.0,0.0,0.0,0.0,0.0,0.0,0.0,0.0,0.0,0.0
ende,05,Online-W vs Online-Y,0.01,96.148,116.00699999999968,115.85599999999977,weighted,weighted,0.17118794555500738,False,0.0013016455903515078,-0.0006139581927086191,0.0026915145034206557,mtme_COMET-22-refA,0.399170054833113,0.9524733537563392,0.0,0.0,0.0,0.0,0.0,0.0,0.0,0.0,0.0,0.0,0.0,0.0
ende,05,Online-W vs Online-Y,0.01,96.148,116.00699999999968,115.85599999999977,weighted,weighted,0.17118794555500738,False,0.0013016455903515078,-0.0006139581927086191,0.0026915145034206557,mtme_COMET-QE-src,0.29341847441973723,0.8324986400919704,0.0,0.0,0.0,0.0,0.0,0.0,0.0,0.0,0.0,0.0,0.0,0.0
ende,05,Online-W vs Online-Y,0.01,96.148,116.00699999999968,115.85599999999977,weighted,weighted,0.17118794555500738,False,0.0013016455903515078,-0.0006139581927086191,0.0026915145034206557,mtme_COMETKiwi-src,0.315149371505668,0.9226539774777828,0.0,0.0,0.0,0.0,0.0,0.0,0.0,0.0,0.0,0.0,0.0,0.0
ende,05,Online-W vs Online-Y,0.01,96.148,116.00699999999968,115.85599999999977,weighted,weighted,0.17118794555500738,False,0.0013016455903515078,-0.0006139581927086191,0.0026915145034206557,mtme_Cross-QE-src,0.21934794207766567,0.9403569774408737,0.0,0.0,0.0,0.0,0.0,0.0,0.0,0.0,0.0,0.0,0.0,0.0
ende,05,Online-W vs Online-Y,0.01,96.148,116.00699999999968,115.85599999999977,weighted,weighted,0.17118794555500738,False,0.0013016455903515078,-0.0006139581927086191,0.0026915145034206557,mtme_HWTSC-TLM-src,0.11388420960502896,0.7686262691697412,0.0,0.0,0.0,0.0,0.0,0.0,0.0,0.0,0.0,0.0,0.0,0.0
ende,05,Online-W vs Online-Y,0.01,96.148,116.00699999999968,115.85599999999977,weighted,weighted,0.17118794555500738,False,0.0013016455903515078,-0.0006139581927086191,0.0026915145034206557,mtme_HWTSC-Teacher-Sim-src,0.19522748059538803,0.6922672434936012,0.0,0.0,0.0,0.0,0.0,0.0,0.0,0.0,0.0,0.0,0.0,0.0
ende,05,Online-W vs Online-Y,0.01,96.148,116.00699999999968,115.85599999999977,weighted,weighted,0.17118794555500738,False,0.0013016455903515078,-0.0006139581927086191,0.0026915145034206557,mtme_KG-BERTScore-src,0.17146915996526638,0.6378374846052578,0.0,0.0,0.0,0.0,0.0,0.0,0.0,0.0,0.0,0.0,0.0,0.0
ende,05,Online-W vs Online-Y,0.01,96.148,116.00699999999968,115.85599999999977,weighted,weighted,0.17118794555500738,False,0.0013016455903515078,-0.0006139581927086191,0.0026915145034206557,mtme_MATESE-QE-src,0.15927050770204187,0.7648995070123706,0.0,0.0,0.0,0.0,0.0,0.0,0.0,0.0,0.0,0.0,0.0,0.0
ende,05,Online-W vs Online-Y,0.01,96.148,116.00699999999968,115.85599999999977,weighted,weighted,0.17118794555500738,False,0.0013016455903515078,-0.0006139581927086191,0.0026915145034206557,mtme_MATESE-refA,0.2684499831556681,0.9246232659550914,0.0,0.0,0.0,0.0,0.0,0.0,0.0,0.0,0.0,0.0,0.0,0.0
ende,05,Online-W vs Online-Y,0.01,96.148,116.00699999999968,115.85599999999977,weighted,weighted,0.17118794555500738,False,0.0013016455903515078,-0.0006139581927086191,0.0026915145034206557,mtme_MEE-refA,0.15887239756914343,0.8768362437607912,0.0,0.0,0.0,0.0,0.0,0.0,0.0,0.0,0.0,0.0,0.0,0.0
ende,05,Online-W vs Online-Y,0.01,96.148,116.00699999999968,115.85599999999977,weighted,weighted,0.17118794555500738,False,0.0013016455903515078,-0.0006139581927086191,0.0026915145034206557,mtme_MEE2-refA,0.1722634550509587,0.8910462707906135,0.0,0.0,0.0,0.0,0.0,0.0,0.0,0.0,0.0,0.0,0.0,0.0
ende,05,Online-W vs Online-Y,0.01,96.148,116.00699999999968,115.85599999999977,weighted,weighted,0.17118794555500738,False,0.0013016455903515078,-0.0006139581927086191,0.0026915145034206557,mtme_MEE4-refA,0.19566095454085036,0.89207408156182,0.0,0.0,0.0,0.0,0.0,0.0,0.0,0.0,0.0,0.0,0.0,0.0
ende,05,Online-W vs Online-Y,0.01,96.148,116.00699999999968,115.85599999999977,weighted,weighted,0.17118794555500738,False,0.0013016455903515078,-0.0006139581927086191,0.0026915145034206557,mtme_MS-COMET-22-refA,0.28510933591455334,0.9163007970087684,0.0,0.0,0.0,0.0,0.0,0.0,0.0,0.0,0.0,0.0,0.0,0.0
ende,05,Online-W vs Online-Y,0.01,96.148,116.00699999999968,115.85599999999977,weighted,weighted,0.17118794555500738,False,0.0013016455903515078,-0.0006139581927086191,0.0026915145034206557,mtme_MS-COMET-QE-22-src,0.19284695124562906,0.7522191383266835,0.0,0.0,0.0,0.0,0.0,0.0,0.0,0.0,0.0,0.0,0.0,0.0
ende,05,Online-W vs Online-Y,0.01,96.148,116.00699999999968,115.85599999999977,weighted,weighted,0.17118794555500738,False,0.0013016455903515078,-0.0006139581927086191,0.0026915145034206557,mtme_REUSE-src,-0.12842498169058375,-0.7189752875124902,0.0,0.0,0.0,0.0,0.0,0.0,0.0,0.0,0.0,0.0,0.0,0.0
ende,05,Online-W vs Online-Y,0.01,96.148,116.00699999999968,115.85599999999977,weighted,weighted,0.17118794555500738,False,0.0013016455903515078,-0.0006139581927086191,0.0026915145034206557,mtme_SEScore-refA,0.2029022987842327,0.8627443368691673,0.0,0.0,0.0,0.0,0.0,0.0,0.0,0.0,0.0,0.0,0.0,0.0
ende,05,Online-W vs Online-Y,0.01,96.148,116.00699999999968,115.85599999999977,weighted,weighted,0.17118794555500738,False,0.0013016455903515078,-0.0006139581927086191,0.0026915145034206557,mtme_UniTE-ref-refA,0.37592049048607473,0.935537336231014,0.0,0.0,0.0,0.0,0.0,0.0,0.0,0.0,0.0,0.0,0.0,0.0
ende,05,Online-W vs Online-Y,0.01,96.148,116.00699999999968,115.85599999999977,weighted,weighted,0.17118794555500738,False,0.0013016455903515078,-0.0006139581927086191,0.0026915145034206557,mtme_UniTE-refA,0.3668564898526663,0.934069874660218,0.0,0.0,0.0,0.0,0.0,0.0,0.0,0.0,0.0,0.0,0.0,0.0
ende,05,Online-W vs Online-Y,0.01,96.148,116.00699999999968,115.85599999999977,weighted,weighted,0.17118794555500738,False,0.0013016455903515078,-0.0006139581927086191,0.0026915145034206557,mtme_UniTE-src-src,0.28165426740644794,0.8781288793774996,0.0,0.0,0.0,0.0,0.0,0.0,0.0,0.0,0.0,0.0,0.0,0.0
ende,05,Online-W vs Online-Y,0.01,96.148,116.00699999999968,115.85599999999977,weighted,weighted,0.17118794555500738,False,0.0013016455903515078,-0.0006139581927086191,0.0026915145034206557,mtme_YiSi-1-refA,0.19140091015945013,0.9374352886959156,0.0,0.0,0.0,0.0,0.0,0.0,0.0,0.0,0.0,0.0,0.0,0.0
ende,05,Online-W vs Online-Y,0.01,96.148,116.00699999999968,115.85599999999977,weighted,weighted,0.17118794555500738,False,0.0013016455903515078,-0.0006139581927086191,0.0026915145034206557,mtme_chrF-refA,0.15539846787800815,0.913148721285636,0.0,0.0,0.0,0.0,0.0,0.0,0.0,0.0,0.0,0.0,0.0,0.0
ende,05,Online-W vs Online-Y,0.01,96.148,116.00699999999968,115.85599999999977,weighted,weighted,0.17118794555500738,False,0.0013016455903515078,-0.0006139581927086191,0.0026915145034206557,mtme_f101spBLEU-refA,0.1347306859042255,0.8322237271443311,0.0,0.0,0.0,0.0,0.0,0.0,0.0,0.0,0.0,0.0,0.0,0.0
ende,05,Online-W vs Online-Y,0.01,96.148,116.00699999999968,115.85599999999977,weighted,weighted,0.17118794555500738,False,0.0013016455903515078,-0.0006139581927086191,0.0026915145034206557,mtme_f200spBLEU-refA,0.13718492907286134,0.8109386629133486,0.0,0.0,0.0,0.0,0.0,0.0,0.0,0.0,0.0,0.0,0.0,0.0
ende,05,Online-W vs Online-Y,0.01,96.148,116.00699999999968,115.85599999999977,weighted,weighted,0.17118794555500738,False,0.0013016455903515078,-0.0006139581927086191,0.0026915145034206557,mtme_metricx_xl_DA_2019-refA,0.43854248325807,0.9809205978427264,0.0,0.0,0.0,0.0,0.0,0.0,0.0,0.0,0.0,0.0,0.0,0.0
ende,05,Online-W vs Online-Y,0.01,96.148,116.00699999999968,115.85599999999977,weighted,weighted,0.17118794555500738,False,0.0013016455903515078,-0.0006139581927086191,0.0026915145034206557,mtme_metricx_xl_MQM_2020-refA,0.4861092657251599,0.9616341585507984,0.0,0.0,0.0,0.0,0.0,0.0,0.0,0.0,0.0,0.0,0.0,0.0
ende,05,Online-W vs Online-Y,0.01,96.148,116.00699999999968,115.85599999999977,weighted,weighted,0.17118794555500738,False,0.0013016455903515078,-0.0006139581927086191,0.0026915145034206557,mtme_metricx_xxl_DA_2019-refA,0.442954115702792,0.9781893317652096,0.0,0.0,0.0,0.0,0.0,0.0,0.0,0.0,0.0,0.0,0.0,0.0
ende,05,Online-W vs Online-Y,0.01,96.148,116.00699999999968,115.85599999999977,weighted,weighted,0.17118794555500738,False,0.0013016455903515078,-0.0006139581927086191,0.0026915145034206557,mtme_metricx_xxl_MQM_2020-refA,0.4904932753928264,0.9670998023955928,0.0,0.0,0.0,0.0,0.0,0.0,0.0,0.0,0.0,0.0,0.0,0.0
ende,05,Online-W vs Online-Y,0.02,96.148,116.00699999999968,115.85599999999977,weighted,weighted,0.17118794555500738,False,0.0013016455903515078,-0.0006139581927086191,0.0026915145034206557,mtme_BERTScore-refA,0.1673366559183701,0.906706577010188,0.0,0.0,0.0,0.0,0.0,0.0,0.0,0.0,0.0,0.0,0.0,0.0
ende,05,Online-W vs Online-Y,0.02,96.148,116.00699999999968,115.85599999999977,weighted,weighted,0.17118794555500738,False,0.0013016455903515078,-0.0006139581927086191,0.0026915145034206557,mtme_BLEU-refA,0.11752056672137295,0.8634063310084908,0.0,0.0,0.0,0.0,0.0,0.0,0.0,0.0,0.0,0.0,0.0,0.0
ende,05,Online-W vs Online-Y,0.02,96.148,116.00699999999968,115.85599999999977,weighted,weighted,0.17118794555500738,False,0.0013016455903515078,-0.0006139581927086191,0.0026915145034206557,mtme_BLEURT-20-refA,0.3860294916059721,0.977419310947295,0.0,0.0,0.0,0.0,0.0,0.0,0.0,0.0,0.0,0.0,0.0,0.0
ende,05,Online-W vs Online-Y,0.02,96.148,116.00699999999968,115.85599999999977,weighted,weighted,0.17118794555500738,False,0.0013016455903515078,-0.0006139581927086191,0.0026915145034206557,mtme_COMET-20-refA,0.316448089585516,0.9858264490713564,0.0,0.0,0.0,0.0,0.0,0.0,0.0,0.0,0.0,0.0,0.0,0.0
ende,05,Online-W vs Online-Y,0.02,96.148,116.00699999999968,115.85599999999977,weighted,weighted,0.17118794555500738,False,0.0013016455903515078,-0.0006139581927086191,0.0026915145034206557,mtme_COMET-22-refA,0.399170054833113,0.9524733537563392,0.0,0.0,0.0,0.0,0.0,0.0,0.0,0.0,0.0,0.0,0.0,0.0
ende,05,Online-W vs Online-Y,0.02,96.148,116.00699999999968,115.85599999999977,weighted,weighted,0.17118794555500738,False,0.0013016455903515078,-0.0006139581927086191,0.0026915145034206557,mtme_COMET-QE-src,0.29341847441973723,0.8324986400919704,0.0,0.0,0.0,0.0,0.0,0.0,0.0,0.0,0.0,0.0,0.0,0.0
ende,05,Online-W vs Online-Y,0.02,96.148,116.00699999999968,115.85599999999977,weighted,weighted,0.17118794555500738,False,0.0013016455903515078,-0.0006139581927086191,0.0026915145034206557,mtme_COMETKiwi-src,0.315149371505668,0.9226539774777828,0.0,0.0,0.0,0.0,0.0,0.0,0.0,0.0,0.0,0.0,0.0,0.0
ende,05,Online-W vs Online-Y,0.02,96.148,116.00699999999968,115.85599999999977,weighted,weighted,0.17118794555500738,False,0.0013016455903515078,-0.0006139581927086191,0.0026915145034206557,mtme_Cross-QE-src,0.21934794207766567,0.9403569774408737,0.0,0.0,0.0,0.0,0.0,0.0,0.0,0.0,0.0,0.0,0.0,0.0
ende,05,Online-W vs Online-Y,0.02,96.148,116.00699999999968,115.85599999999977,weighted,weighted,0.17118794555500738,False,0.0013016455903515078,-0.0006139581927086191,0.0026915145034206557,mtme_HWTSC-TLM-src,0.11388420960502896,0.7686262691697412,0.0,0.0,0.0,0.0,0.0,0.0,0.0,0.0,0.0,0.0,0.0,0.0
ende,05,Online-W vs Online-Y,0.02,96.148,116.00699999999968,115.85599999999977,weighted,weighted,0.17118794555500738,False,0.0013016455903515078,-0.0006139581927086191,0.0026915145034206557,mtme_HWTSC-Teacher-Sim-src,0.19522748059538803,0.6922672434936012,0.0,0.0,0.0,0.0,0.0,0.0,0.0,0.0,0.0,0.0,0.0,0.0
ende,05,Online-W vs Online-Y,0.02,96.148,116.00699999999968,115.85599999999977,weighted,weighted,0.17118794555500738,False,0.0013016455903515078,-0.0006139581927086191,0.0026915145034206557,mtme_KG-BERTScore-src,0.17146915996526638,0.6378374846052578,0.0,0.0,0.0,0.0,0.0,0.0,0.0,0.0,0.0,0.0,0.0,0.0
ende,05,Online-W vs Online-Y,0.02,96.148,116.00699999999968,115.85599999999977,weighted,weighted,0.17118794555500738,False,0.0013016455903515078,-0.0006139581927086191,0.0026915145034206557,mtme_MATESE-QE-src,0.15927050770204187,0.7648995070123706,0.0,0.0,0.0,0.0,0.0,0.0,0.0,0.0,0.0,0.0,0.0,0.0
ende,05,Online-W vs Online-Y,0.02,96.148,116.00699999999968,115.85599999999977,weighted,weighted,0.17118794555500738,False,0.0013016455903515078,-0.0006139581927086191,0.0026915145034206557,mtme_MATESE-refA,0.2684499831556681,0.9246232659550914,0.0,0.0,0.0,0.0,0.0,0.0,0.0,0.0,0.0,0.0,0.0,0.0
ende,05,Online-W vs Online-Y,0.02,96.148,116.00699999999968,115.85599999999977,weighted,weighted,0.17118794555500738,False,0.0013016455903515078,-0.0006139581927086191,0.0026915145034206557,mtme_MEE-refA,0.15887239756914343,0.8768362437607912,0.0,0.0,0.0,0.0,0.0,0.0,0.0,0.0,0.0,0.0,0.0,0.0
ende,05,Online-W vs Online-Y,0.02,96.148,116.00699999999968,115.85599999999977,weighted,weighted,0.17118794555500738,False,0.0013016455903515078,-0.0006139581927086191,0.0026915145034206557,mtme_MEE2-refA,0.1722634550509587,0.8910462707906135,0.0,0.0,0.0,0.0,0.0,0.0,0.0,0.0,0.0,0.0,0.0,0.0
ende,05,Online-W vs Online-Y,0.02,96.148,116.00699999999968,115.85599999999977,weighted,weighted,0.17118794555500738,False,0.0013016455903515078,-0.0006139581927086191,0.0026915145034206557,mtme_MEE4-refA,0.19566095454085036,0.89207408156182,0.0,0.0,0.0,0.0,0.0,0.0,0.0,0.0,0.0,0.0,0.0,0.0
ende,05,Online-W vs Online-Y,0.02,96.148,116.00699999999968,115.85599999999977,weighted,weighted,0.17118794555500738,False,0.0013016455903515078,-0.0006139581927086191,0.0026915145034206557,mtme_MS-COMET-22-refA,0.28510933591455334,0.9163007970087684,0.0,0.0,0.0,0.0,0.0,0.0,0.0,0.0,0.0,0.0,0.0,0.0
ende,05,Online-W vs Online-Y,0.02,96.148,116.00699999999968,115.85599999999977,weighted,weighted,0.17118794555500738,False,0.0013016455903515078,-0.0006139581927086191,0.0026915145034206557,mtme_MS-COMET-QE-22-src,0.19284695124562906,0.7522191383266835,0.0,0.0,0.0,0.0,0.0,0.0,0.0,0.0,0.0,0.0,0.0,0.0
ende,05,Online-W vs Online-Y,0.02,96.148,116.00699999999968,115.85599999999977,weighted,weighted,0.17118794555500738,False,0.0013016455903515078,-0.0006139581927086191,0.0026915145034206557,mtme_REUSE-src,-0.12842498169058375,-0.7189752875124902,0.0,0.0,0.0,0.0,0.0,0.0,0.0,0.0,0.0,0.0,0.0,0.0
ende,05,Online-W vs Online-Y,0.02,96.148,116.00699999999968,115.85599999999977,weighted,weighted,0.17118794555500738,False,0.0013016455903515078,-0.0006139581927086191,0.0026915145034206557,mtme_SEScore-refA,0.2029022987842327,0.8627443368691673,0.0,0.0,0.0,0.0,0.0,0.0,0.0,0.0,0.0,0.0,0.0,0.0
ende,05,Online-W vs Online-Y,0.02,96.148,116.00699999999968,115.85599999999977,weighted,weighted,0.17118794555500738,False,0.0013016455903515078,-0.0006139581927086191,0.0026915145034206557,mtme_UniTE-ref-refA,0.37592049048607473,0.935537336231014,0.0,0.0,0.0,0.0,0.0,0.0,0.0,0.0,0.0,0.0,0.0,0.0
ende,05,Online-W vs Online-Y,0.02,96.148,116.00699999999968,115.85599999999977,weighted,weighted,0.17118794555500738,False,0.0013016455903515078,-0.0006139581927086191,0.0026915145034206557,mtme_UniTE-refA,0.3668564898526663,0.934069874660218,0.0,0.0,0.0,0.0,0.0,0.0,0.0,0.0,0.0,0.0,0.0,0.0
ende,05,Online-W vs Online-Y,0.02,96.148,116.00699999999968,115.85599999999977,weighted,weighted,0.17118794555500738,False,0.0013016455903515078,-0.0006139581927086191,0.0026915145034206557,mtme_UniTE-src-src,0.28165426740644794,0.8781288793774996,0.0,0.0,0.0,0.0,0.0,0.0,0.0,0.0,0.0,0.0,0.0,0.0
ende,05,Online-W vs Online-Y,0.02,96.148,116.00699999999968,115.85599999999977,weighted,weighted,0.17118794555500738,False,0.0013016455903515078,-0.0006139581927086191,0.0026915145034206557,mtme_YiSi-1-refA,0.19140091015945013,0.9374352886959156,0.0,0.0,0.0,0.0,0.0,0.0,0.0,0.0,0.0,0.0,0.0,0.0
ende,05,Online-W vs Online-Y,0.02,96.148,116.00699999999968,115.85599999999977,weighted,weighted,0.17118794555500738,False,0.0013016455903515078,-0.0006139581927086191,0.0026915145034206557,mtme_chrF-refA,0.15539846787800815,0.913148721285636,0.0,0.0,0.0,0.0,0.0,0.0,0.0,0.0,0.0,0.0,0.0,0.0
ende,05,Online-W vs Online-Y,0.02,96.148,116.00699999999968,115.85599999999977,weighted,weighted,0.17118794555500738,False,0.0013016455903515078,-0.0006139581927086191,0.0026915145034206557,mtme_f101spBLEU-refA,0.1347306859042255,0.8322237271443311,0.0,0.0,0.0,0.0,0.0,0.0,0.0,0.0,0.0,0.0,0.0,0.0
ende,05,Online-W vs Online-Y,0.02,96.148,116.00699999999968,115.85599999999977,weighted,weighted,0.17118794555500738,False,0.0013016455903515078,-0.0006139581927086191,0.0026915145034206557,mtme_f200spBLEU-refA,0.13718492907286134,0.8109386629133486,0.0,0.0,0.0,0.0,0.0,0.0,0.0,0.0,0.0,0.0,0.0,0.0
ende,05,Online-W vs Online-Y,0.02,96.148,116.00699999999968,115.85599999999977,weighted,weighted,0.17118794555500738,False,0.0013016455903515078,-0.0006139581927086191,0.0026915145034206557,mtme_metricx_xl_DA_2019-refA,0.43854248325807,0.9809205978427264,0.0,0.0,0.0,0.0,0.0,0.0,0.0,0.0,0.0,0.0,0.0,0.0
ende,05,Online-W vs Online-Y,0.02,96.148,116.00699999999968,115.85599999999977,weighted,weighted,0.17118794555500738,False,0.0013016455903515078,-0.0006139581927086191,0.0026915145034206557,mtme_metricx_xl_MQM_2020-refA,0.4861092657251599,0.9616341585507984,0.0,0.0,0.0,0.0,0.0,0.0,0.0,0.0,0.0,0.0,0.0,0.0
ende,05,Online-W vs Online-Y,0.02,96.148,116.00699999999968,115.85599999999977,weighted,weighted,0.17118794555500738,False,0.0013016455903515078,-0.0006139581927086191,0.0026915145034206557,mtme_metricx_xxl_DA_2019-refA,0.442954115702792,0.9781893317652096,0.0,0.0,0.0,0.0,0.0,0.0,0.0,0.0,0.0,0.0,0.0,0.0
ende,05,Online-W vs Online-Y,0.02,96.148,116.00699999999968,115.85599999999977,weighted,weighted,0.17118794555500738,False,0.0013016455903515078,-0.0006139581927086191,0.0026915145034206557,mtme_metricx_xxl_MQM_2020-refA,0.4904932753928264,0.9670998023955928,0.0,0.0,0.0,0.0,0.0,0.0,0.0,0.0,0.0,0.0,0.0,0.0
ende,12,Online-B vs JDExploreAcademy,0.01,88.362,196.83255223880582,164.0465445544554,weighted,weighted,0.551080352335241,True,0.16656801586646597,0.10928610742688519,0.22554268166087674,mtme_BERTScore-refA,0.13374195469212752,0.906706577010188,-0.020165703527097012,-0.06617475565994291,0.00979243305476384,0.017167543939565766,-0.016797372682396797,0.06852738763794403,-0.015908403377389746,-0.06260532897016163,0.02141942421343765,0.006990134100462675,-0.018792286386399147,0.0441214007440887
ende,12,Online-B vs JDExploreAcademy,0.01,88.362,196.83255223880582,164.0465445544554,weighted,weighted,0.551080352335241,True,0.16656801586646597,0.10928610742688519,0.22554268166087674,mtme_BLEU-refA,0.0995813673325293,0.8634063310084908,-0.022864492500590528,-0.08854334725052242,0.006446642613280088,0.004956826067058273,-0.042772085504120504,0.049440065772046654,-0.02123076614251196,-0.07789810110940132,0.010258298916590324,-0.008678550460431644,-0.03913792832046484,0.010191157527173006
ende,12,Online-B vs JDExploreAcademy,0.01,88.362,196.83255223880582,164.0465445544554,weighted,weighted,0.551080352335241,True,0.16656801586646597,0.10928610742688519,0.22554268166087674,mtme_BLEURT-20-refA,0.279244909579556,0.977419310947295,0.01094533602845571,-0.04809185999581298,0.08090224850917005,0.10373270952261027,0.042642255648077575,0.15604098686976514,0.02341740610805898,-0.012418035752655321,0.08629493431483574,0.054117886304006824,0.01177832829332784,0.11724900624415836
ende,12,Online-B vs JDExploreAcademy,0.01,88.362,196.83255223880582,164.0465445544554,weighted,weighted,0.551080352335241,True,0.16656801586646597,0.10928610742688519,0.22554268166087674,mtme_COMET-20-refA,0.2620889567694563,0.9858264490713564,-0.07054830369622622,-0.12467965431418267,0.017511895564186895,0.042274698668608446,-0.02182387907580885,0.10644160427812406,-0.0323753190507845,-0.10782270649659989,0.055951927620701926,0.012177754020511133,-0.038493837845348475,0.07036549308010298
ende,12,Online-B vs JDExploreAcademy,0.01,88.362,196.83255223880582,164.0465445544554,weighted,weighted,0.551080352335241,True,0.16656801586646597,0.10928610742688519,0.22554268166087674,mtme_COMET-22-refA,0.3001930823730245,0.9524733537563392,-0.06779248013065509,-0.11802926313525665,0.09050357239868748,0.10502117795373245,0.04960411813009154,0.15432532728057427,-0.04372120490486897,-0.11641355666749126,0.09888486468374653,0.08361318236003057,0.026944143128017174,0.14727784423221482
ende,12,Online-B vs JDExploreAcademy,0.01,88.362,196.83255223880582,164.0465445544554,weighted,weighted,0.551080352335241,True,0.16656801586646597,0.10928610742688519,0.22554268166087674,mtme_COMET-QE-src,0.20110326357812022,0.8324986400919704,-0.036712674015984215,-0.09231259436677976,-0.004432055778172047,0.04162873242860465,0.008106747522651992,0.09471472231771194,-0.020384026611697692,-0.06017382178690809,0.00888335488861744,0.00605816123237235,-0.03611708603054627,0.042897187060490505
ende,12,Online-B vs JDExploreAcademy,0.01,88.362,196.83255223880582,164.0465445544554,weighted,weighted,0.551080352335241,True,0.16656801586646597,0.10928610742688519,0.22554268166087674,mtme_COMETKiwi-src,0.17670889533858525,0.9226539774777828,-0.05519442954519982,-0.12438476354677658,0.007733367842067238,0.04807409778911931,0.012659561277109774,0.12233885064202547,-0.03654277023685948,-0.09595072367369897,0.010046095501569631,0.0014967980893615396,-0.04231066561145932,0.041051132128141384
ende,12,Online-B vs JDExploreAcademy,0.01,88.362,196.83255223880582,164.0465445544554,weighted,weighted,0.551080352335241,True,0.16656801586646597,0.10928610742688519,0.22554268166087674,mtme_Cross-QE-src,0.22143376885434757,0.9403569774408737,-0.07772859423542178,-0.13944703201768632,-0.023978067246229084,0.06346809104282913,0.01870771243072376,0.1210306397794171,-0.03651708710745738,-0.0996375581713268,-0.0009748671048711859,0.006348750004031567,-0.05648041985002597,0.05858805814587866
ende,12,Online-B vs JDExploreAcademy,0.01,88.362,196.83255223880582,164.0465445544554,weighted,weighted,0.551080352335241,True,0.16656801586646597,0.10928610742688519,0.22554268166087674,mtme_HWTSC-TLM-src,0.11752101273892726,0.7686262691697412,-0.027523711294997533,-0.07819489728495319,-0.0009059646918488008,0.025734351933123456,-0.004203373354537826,0.06559136480143522,-0.013857076061665863,-0.05648090047172625,0.00834580645753245,0.006167985385093222,-0.02291036664226633,0.02728720314517671
ende,12,Online-B vs JDExploreAcademy,0.01,88.362,196.83255223880582,164.0465445544554,weighted,weighted,0.551080352335241,True,0.16656801586646597,0.10928610742688519,0.22554268166087674,mtme_HWTSC-Teacher-Sim-src,0.1159563429840084,0.6922672434936012,-0.02723447033767834,-0.075662192539991,-0.0030945046151601265,0.010945336028455044,-0.011423687201733559,0.05577616197908019,-0.016784068792797813,-0.057459446748549116,0.007427886083034453,0.005484254467327254,-0.015467291981773428,0.03163338022977964
ende,12,Online-B vs JDExploreAcademy,0.01,88.362,196.83255223880582,164.0465445544554,weighted,weighted,0.551080352335241,True,0.16656801586646597,0.10928610742688519,0.22554268166087674,mtme_KG-BERTScore-src,0.12597519366417012,0.6378374846052578,-0.03818706125483162,-0.09720070237713112,-0.009971009544458925,0.02409536305709059,-0.004027683507450423,0.07557640829802045,-0.02885914294900327,-0.07751040243317626,-0.001774976061301339,0.007114847674768332,-0.014029668111065595,0.03876633824856311
ende,12,Online-B vs JDExploreAcademy,0.01,88.362,196.83255223880582,164.0465445544554,weighted,weighted,0.551080352335241,True,0.16656801586646597,0.10928610742688519,0.22554268166087674,mtme_MATESE-QE-src,0.0998071789568581,0.7648995070123706,-0.08270566313609984,-0.1499480943400818,-0.0292783510136863,0.016151673260200505,-0.017468873578457448,0.051566669001229776,-0.041174018409771085,-0.0901296173778171,-0.010660337599643296,-0.001202784178950811,-0.03322219457466487,0.03582912513003372
ende,12,Online-B vs JDExploreAcademy,0.01,88.362,196.83255223880582,164.0465445544554,weighted,weighted,0.551080352335241,True,0.16656801586646597,0.10928610742688519,0.22554268166087674,mtme_MATESE-refA,0.1683343882595414,0.9246232659550914,-0.03649627025520452,-0.0828407537240165,0.0018058462671423038,0.05776337233340256,0.023306618222318807,0.11188726857887286,-0.019892199882652672,-0.06774134142471172,0.014839968448736847,0.017167543939565766,-0.017121210000189603,0.06556802290830174
ende,12,Online-B vs JDExploreAcademy,0.01,88.362,196.83255223880582,164.0465445544554,weighted,weighted,0.551080352335241,True,0.16656801586646597,0.10928610742688519,0.22554268166087674,mtme_MEE-refA,0.1453014736074466,0.8768362437607912,-0.04059214363932773,-0.10811033408013278,0.013119772237835855,0.013779897410183817,-0.041965962303075345,0.08494414589171581,-0.022554025755603613,-0.07819660848696984,0.03272244104494447,0.012970022729689501,-0.011286889079985879,0.05026521922170625
ende,12,Online-B vs JDExploreAcademy,0.01,88.362,196.83255223880582,164.0465445544554,weighted,weighted,0.551080352335241,True,0.16656801586646597,0.10928610742688519,0.22554268166087674,mtme_MEE2-refA,0.13144315913416466,0.8910462707906135,-0.022836422904468412,-0.08311446604903179,0.013502502191030526,0.02423234250530626,-0.022131380828204105,0.08931421216468576,-0.016634180118088038,-0.06807840418926071,0.01894998751583361,0.0023184100840658584,-0.03109786249865623,0.04015909438876741
ende,12,Online-B vs JDExploreAcademy,0.01,88.362,196.83255223880582,164.0465445544554,weighted,weighted,0.551080352335241,True,0.16656801586646597,0.10928610742688519,0.22554268166087674,mtme_MEE4-refA,0.13609328649298913,0.89207408156182,-0.025775118234840466,-0.07160290056985401,0.0006959309351742937,0.014642590004622646,-0.02746423103460795,0.07219283259508796,-0.020270719694372996,-0.0691903815074419,0.014579487736995841,0.000574989509937951,-0.03613195829868271,0.03143251639834738
ende,12,Online-B vs JDExploreAcademy,0.01,88.362,196.83255223880582,164.0465445544554,weighted,weighted,0.551080352335241,True,0.16656801586646597,0.10928610742688519,0.22554268166087674,mtme_MS-COMET-22-refA,0.17612022741697464,0.9163007970087684,-0.09502591195776966,-0.15684610089616263,-0.045917912806408584,0.01687813892044432,-0.008492102327545265,0.06266344259971345,-0.04544751672381975,-0.10883883817178665,-0.012737139990380423,-0.012064632834984934,-0.05030732462013042,0.016083729923238893
ende,12,Online-B vs JDExploreAcademy,0.01,88.362,196.83255223880582,164.0465445544554,weighted,weighted,0.551080352335241,True,0.16656801586646597,0.10928610742688519,0.22554268166087674,mtme_MS-COMET-QE-22-src,0.12522258818376852,0.7522191383266835,-0.06241978208686039,-0.12720892831384362,-0.026288903925892,0.010179238357717613,-0.01300986790785174,0.03600239605057169,-0.047149139814883334,-0.10302288779108651,-0.016338821384950603,-0.01381222540689131,-0.05871332982789086,0.01801131816046066
ende,12,Online-B vs JDExploreAcademy,0.01,88.362,196.83255223880582,164.0465445544554,weighted,weighted,0.551080352335241,True,0.16656801586646597,0.10928610742688519,0.22554268166087674,mtme_REUSE-src,-0.10735647688917901,-0.7189752875124902,-0.014250765142461486,-0.03366190972371673,-0.004569759015698836,-0.00022111789956480443,-0.0032326425453357067,0.0034962802922378754,-0.0042717829681904185,-0.013616687915591029,0.003656097417663268,0.0,0.0,0.0
ende,12,Online-B vs JDExploreAcademy,0.01,88.362,196.83255223880582,164.0465445544554,weighted,weighted,0.551080352335241,True,0.16656801586646597,0.10928610742688519,0.22554268166087674,mtme_SEScore-refA,0.1718968295792237,0.8627443368691673,-0.037318817227996126,-0.10062509330377187,-0.002000182352850896,0.0619674408995613,0.02792452949921735,0.1373641066910133,-0.010921280344875495,-0.07869262262260052,0.025214708180875737,0.01891753991456613,-0.03882143471857897,0.08658988012800377
ende,12,Online-B vs JDExploreAcademy,0.01,88.362,196.83255223880582,164.0465445544554,weighted,weighted,0.551080352335241,True,0.16656801586646597,0.10928610742688519,0.22554268166087674,mtme_UniTE-ref-refA,0.285840288485628,0.935537336231014,-0.0090633325484486,-0.07901475218456563,0.06489337806581585,0.07654518514844877,0.02693405856339229,0.13864818532794604,0.016327414601356782,-0.02807481740071567,0.075670464987894,0.012295127162612052,-0.05284211650606074,0.08523009555728252
ende,12,Online-B vs JDExploreAcademy,0.01,88.362,196.83255223880582,164.0465445544554,weighted,weighted,0.551080352335241,True,0.16656801586646597,0.10928610742688519,0.22554268166087674,mtme_UniTE-refA,0.28559246544673744,0.934069874660218,-0.020784828692381074,-0.07826606560450515,0.04884990141301621,0.06886898165507327,0.020067476324030175,0.1229487391477622,-0.010005769836491263,-0.07016648179756882,0.05055447233583333,0.0040504569918196065,-0.04335201994485176,0.06558014180378657
ende,12,Online-B vs JDExploreAcademy,0.01,88.362,196.83255223880582,164.0465445544554,weighted,weighted,0.551080352335241,True,0.16656801586646597,0.10928610742688519,0.22554268166087674,mtme_UniTE-src-src,0.2056380445315632,0.8781288793774996,-0.07409150542338727,-0.12317084109729705,-0.017888994676362135,0.023389751850676155,-0.013665792962393281,0.07318529309277347,-0.05548969635579626,-0.12129290649306175,-0.008069029831668854,4.3176867962735344e-05,-0.047338849713133575,0.03827123241873596
ende,12,Online-B vs JDExploreAcademy,0.01,88.362,196.83255223880582,164.0465445544554,weighted,weighted,0.551080352335241,True,0.16656801586646597,0.10928610742688519,0.22554268166087674,mtme_YiSi-1-refA,0.14455595955239636,0.9374352886959156,-0.04191540325242005,-0.09813918681188771,-0.003451836336897824,0.012491460418489586,-0.042141369001103865,0.08612626726030825,-0.03964620255681828,-0.08666378203170427,-0.005020493136222329,-0.006957156908774742,-0.05820689613404795,0.027045080765366724
ende,12,Online-B vs JDExploreAcademy,0.01,88.362,196.83255223880582,164.0465445544554,weighted,weighted,0.551080352335241,True,0.16656801586646597,0.10928610742688519,0.22554268166087674,mtme_chrF-refA,0.1529061535373465,0.913148721285636,-0.037318817227996126,-0.09983723978732217,0.00337619843955396,0.006086087945493257,-0.04191139735086467,0.050988694375686136,-0.03629735366701303,-0.09000160871445988,-0.0044740482240506795,-0.010005769836491263,-0.06034032847088876,0.0333866188705503
ende,12,Online-B vs JDExploreAcademy,0.01,88.362,196.83255223880582,164.0465445544554,weighted,weighted,0.551080352335241,True,0.16656801586646597,0.10928610742688519,0.22554268166087674,mtme_f101spBLEU-refA,0.11933223388220161,0.8322237271443311,-0.04846396416392773,-0.10316083063020233,-0.011187494252231079,0.010945336028455488,-0.027430389324409714,0.06838969963114945,-0.02491357301750252,-0.0821664058226597,0.0034674601174269726,-0.008062899119603673,-0.03374628185011226,0.017752571851012647
ende,12,Online-B vs JDExploreAcademy,0.01,88.362,196.83255223880582,164.0465445544554,weighted,weighted,0.551080352335241,True,0.16656801586646597,0.10928610742688519,0.22554268166087674,mtme_f200spBLEU-refA,0.1261408268154147,0.8109386629133486,-0.040076768842650434,-0.09345133466085222,-0.005140406837051151,0.007632212335526578,-0.024451871108003818,0.04675970046741708,-0.02267388035948259,-0.07936790832374686,0.005684304285823457,-0.007721287704876234,-0.03602629834249277,0.01682376976372148
ende,12,Online-B vs JDExploreAcademy,0.01,88.362,196.83255223880582,164.0465445544554,weighted,weighted,0.551080352335241,True,0.16656801586646597,0.10928610742688519,0.22554268166087674,mtme_metricx_xl_DA_2019-refA,0.34614501165746414,0.9809205978427264,0.028847828965685496,-0.024887776120205644,0.08890025275699863,0.10395597587773864,0.052059992198119784,0.15426149809451026,0.038044988798822676,0.0009653747974192778,0.09014170116949537,0.05796570718418026,0.01812544144417274,0.12479085594541385
ende,12,Online-B vs JDExploreAcademy,0.01,88.362,196.83255223880582,164.0465445544554,weighted,weighted,0.551080352335241,True,0.16656801586646597,0.10928610742688519,0.22554268166087674,mtme_metricx_xl_MQM_2020-refA,0.3850921000816393,0.9616341585507984,0.030569222517341732,-0.0024919454529651157,0.08639706822997212,0.10210838844418513,0.056104448947500274,0.15243983553431592,0.05266152240105726,0.01773152900240296,0.11303183887365931,0.0770851016021108,0.03310042644233084,0.13392150782610474
ende,12,Online-B vs JDExploreAcademy,0.01,88.362,196.83255223880582,164.0465445544554,weighted,weighted,0.551080352335241,True,0.16656801586646597,0.10928610742688519,0.22554268166087674,mtme_metricx_xxl_DA_2019-refA,0.34142077997091935,0.9781893317652096,0.0030553198112737157,-0.04796423844797248,0.04589154470241561,0.11246854443716914,0.059218295211184935,0.16769561823975435,0.033054914805934255,-0.008440958100076345,0.08941681036916746,0.07872832559151888,0.022676098658728158,0.13057013146021268
ende,12,Online-B vs JDExploreAcademy,0.01,88.362,196.83255223880582,164.0465445544554,weighted,weighted,0.551080352335241,True,0.16656801586646597,0.10928610742688519,0.22554268166087674,mtme_metricx_xxl_MQM_2020-refA,0.3783398568801353,0.9670998023955928,-0.007353731119409623,-0.07364785939252752,0.03819288917213687,0.10247807358855743,0.053758467320516895,0.15448008976319486,0.030813756928418257,-0.003493243812666966,0.0913042950848769,0.0768727749068503,0.03831784999863197,0.13657045756002129
ende,12,Online-B vs JDExploreAcademy,0.02,88.362,108.22099999999963,108.04999999999961,weighted,weighted,0.18350412581661324,False,0.0015800999805954952,-0.00047217924874847216,0.0035367732563474567,mtme_BERTScore-refA,0.13374195469212752,0.906706577010188,0.0,0.0,0.0,0.0,0.0,0.0,0.0,0.0,0.0,0.0,0.0,0.0
ende,12,Online-B vs JDExploreAcademy,0.02,88.362,108.22099999999963,108.04999999999961,weighted,weighted,0.18350412581661324,False,0.0015800999805954952,-0.00047217924874847216,0.0035367732563474567,mtme_BLEU-refA,0.0995813673325293,0.8634063310084908,0.0,0.0,0.0,0.0,0.0,0.0,0.0,0.0,0.0,0.0,0.0,0.0
ende,12,Online-B vs JDExploreAcademy,0.02,88.362,108.22099999999963,108.04999999999961,weighted,weighted,0.18350412581661324,False,0.0015800999805954952,-0.00047217924874847216,0.0035367732563474567,mtme_BLEURT-20-refA,0.279244909579556,0.977419310947295,0.0,0.0,0.0,0.0,0.0,0.0,0.0,0.0,0.0,0.0,0.0,0.0
ende,12,Online-B vs JDExploreAcademy,0.02,88.362,108.22099999999963,108.04999999999961,weighted,weighted,0.18350412581661324,False,0.0015800999805954952,-0.00047217924874847216,0.0035367732563474567,mtme_COMET-20-refA,0.2620889567694563,0.9858264490713564,0.0,0.0,0.0,0.0,0.0,0.0,0.0,0.0,0.0,0.0,0.0,0.0
ende,12,Online-B vs JDExploreAcademy,0.02,88.362,108.22099999999963,108.04999999999961,weighted,weighted,0.18350412581661324,False,0.0015800999805954952,-0.00047217924874847216,0.0035367732563474567,mtme_COMET-22-refA,0.3001930823730245,0.9524733537563392,0.0,0.0,0.0,0.0,0.0,0.0,0.0,0.0,0.0,0.0,0.0,0.0
ende,12,Online-B vs JDExploreAcademy,0.02,88.362,108.22099999999963,108.04999999999961,weighted,weighted,0.18350412581661324,False,0.0015800999805954952,-0.00047217924874847216,0.0035367732563474567,mtme_COMET-QE-src,0.20110326357812022,0.8324986400919704,0.0,0.0,0.0,0.0,0.0,0.0,0.0,0.0,0.0,0.0,0.0,0.0
ende,12,Online-B vs JDExploreAcademy,0.02,88.362,108.22099999999963,108.04999999999961,weighted,weighted,0.18350412581661324,False,0.0015800999805954952,-0.00047217924874847216,0.0035367732563474567,mtme_COMETKiwi-src,0.17670889533858525,0.9226539774777828,0.0,0.0,0.0,0.0,0.0,0.0,0.0,0.0,0.0,0.0,0.0,0.0
ende,12,Online-B vs JDExploreAcademy,0.02,88.362,108.22099999999963,108.04999999999961,weighted,weighted,0.18350412581661324,False,0.0015800999805954952,-0.00047217924874847216,0.0035367732563474567,mtme_Cross-QE-src,0.22143376885434757,0.9403569774408737,0.0,0.0,0.0,0.0,0.0,0.0,0.0,0.0,0.0,0.0,0.0,0.0
ende,12,Online-B vs JDExploreAcademy,0.02,88.362,108.22099999999963,108.04999999999961,weighted,weighted,0.18350412581661324,False,0.0015800999805954952,-0.00047217924874847216,0.0035367732563474567,mtme_HWTSC-TLM-src,0.11752101273892726,0.7686262691697412,0.0,0.0,0.0,0.0,0.0,0.0,0.0,0.0,0.0,0.0,0.0,0.0
ende,12,Online-B vs JDExploreAcademy,0.02,88.362,108.22099999999963,108.04999999999961,weighted,weighted,0.18350412581661324,False,0.0015800999805954952,-0.00047217924874847216,0.0035367732563474567,mtme_HWTSC-Teacher-Sim-src,0.1159563429840084,0.6922672434936012,0.0,0.0,0.0,0.0,0.0,0.0,0.0,0.0,0.0,0.0,0.0,0.0
ende,12,Online-B vs JDExploreAcademy,0.02,88.362,108.22099999999963,108.04999999999961,weighted,weighted,0.18350412581661324,False,0.0015800999805954952,-0.00047217924874847216,0.0035367732563474567,mtme_KG-BERTScore-src,0.12597519366417012,0.6378374846052578,0.0,0.0,0.0,0.0,0.0,0.0,0.0,0.0,0.0,0.0,0.0,0.0
ende,12,Online-B vs JDExploreAcademy,0.02,88.362,108.22099999999963,108.04999999999961,weighted,weighted,0.18350412581661324,False,0.0015800999805954952,-0.00047217924874847216,0.0035367732563474567,mtme_MATESE-QE-src,0.0998071789568581,0.7648995070123706,0.0,0.0,0.0,0.0,0.0,0.0,0.0,0.0,0.0,0.0,0.0,0.0
ende,12,Online-B vs JDExploreAcademy,0.02,88.362,108.22099999999963,108.04999999999961,weighted,weighted,0.18350412581661324,False,0.0015800999805954952,-0.00047217924874847216,0.0035367732563474567,mtme_MATESE-refA,0.1683343882595414,0.9246232659550914,0.0,0.0,0.0,0.0,0.0,0.0,0.0,0.0,0.0,0.0,0.0,0.0
ende,12,Online-B vs JDExploreAcademy,0.02,88.362,108.22099999999963,108.04999999999961,weighted,weighted,0.18350412581661324,False,0.0015800999805954952,-0.00047217924874847216,0.0035367732563474567,mtme_MEE-refA,0.1453014736074466,0.8768362437607912,0.0,0.0,0.0,0.0,0.0,0.0,0.0,0.0,0.0,0.0,0.0,0.0
ende,12,Online-B vs JDExploreAcademy,0.02,88.362,108.22099999999963,108.04999999999961,weighted,weighted,0.18350412581661324,False,0.0015800999805954952,-0.00047217924874847216,0.0035367732563474567,mtme_MEE2-refA,0.13144315913416466,0.8910462707906135,0.0,0.0,0.0,0.0,0.0,0.0,0.0,0.0,0.0,0.0,0.0,0.0
ende,12,Online-B vs JDExploreAcademy,0.02,88.362,108.22099999999963,108.04999999999961,weighted,weighted,0.18350412581661324,False,0.0015800999805954952,-0.00047217924874847216,0.0035367732563474567,mtme_MEE4-refA,0.13609328649298913,0.89207408156182,0.0,0.0,0.0,0.0,0.0,0.0,0.0,0.0,0.0,0.0,0.0,0.0
ende,12,Online-B vs JDExploreAcademy,0.02,88.362,108.22099999999963,108.04999999999961,weighted,weighted,0.18350412581661324,False,0.0015800999805954952,-0.00047217924874847216,0.0035367732563474567,mtme_MS-COMET-22-refA,0.17612022741697464,0.9163007970087684,0.0,0.0,0.0,0.0,0.0,0.0,0.0,0.0,0.0,0.0,0.0,0.0
ende,12,Online-B vs JDExploreAcademy,0.02,88.362,108.22099999999963,108.04999999999961,weighted,weighted,0.18350412581661324,False,0.0015800999805954952,-0.00047217924874847216,0.0035367732563474567,mtme_MS-COMET-QE-22-src,0.12522258818376852,0.7522191383266835,0.0,0.0,0.0,0.0,0.0,0.0,0.0,0.0,0.0,0.0,0.0,0.0
ende,12,Online-B vs JDExploreAcademy,0.02,88.362,108.22099999999963,108.04999999999961,weighted,weighted,0.18350412581661324,False,0.0015800999805954952,-0.00047217924874847216,0.0035367732563474567,mtme_REUSE-src,-0.10735647688917901,-0.7189752875124902,0.0,0.0,0.0,0.0,0.0,0.0,0.0,0.0,0.0,0.0,0.0,0.0
ende,12,Online-B vs JDExploreAcademy,0.02,88.362,108.22099999999963,108.04999999999961,weighted,weighted,0.18350412581661324,False,0.0015800999805954952,-0.00047217924874847216,0.0035367732563474567,mtme_SEScore-refA,0.1718968295792237,0.8627443368691673,0.0,0.0,0.0,0.0,0.0,0.0,0.0,0.0,0.0,0.0,0.0,0.0
ende,12,Online-B vs JDExploreAcademy,0.02,88.362,108.22099999999963,108.04999999999961,weighted,weighted,0.18350412581661324,False,0.0015800999805954952,-0.00047217924874847216,0.0035367732563474567,mtme_UniTE-ref-refA,0.285840288485628,0.935537336231014,0.0,0.0,0.0,0.0,0.0,0.0,0.0,0.0,0.0,0.0,0.0,0.0
ende,12,Online-B vs JDExploreAcademy,0.02,88.362,108.22099999999963,108.04999999999961,weighted,weighted,0.18350412581661324,False,0.0015800999805954952,-0.00047217924874847216,0.0035367732563474567,mtme_UniTE-refA,0.28559246544673744,0.934069874660218,0.0,0.0,0.0,0.0,0.0,0.0,0.0,0.0,0.0,0.0,0.0,0.0
ende,12,Online-B vs JDExploreAcademy,0.02,88.362,108.22099999999963,108.04999999999961,weighted,weighted,0.18350412581661324,False,0.0015800999805954952,-0.00047217924874847216,0.0035367732563474567,mtme_UniTE-src-src,0.2056380445315632,0.8781288793774996,0.0,0.0,0.0,0.0,0.0,0.0,0.0,0.0,0.0,0.0,0.0,0.0
ende,12,Online-B vs JDExploreAcademy,0.02,88.362,108.22099999999963,108.04999999999961,weighted,weighted,0.18350412581661324,False,0.0015800999805954952,-0.00047217924874847216,0.0035367732563474567,mtme_YiSi-1-refA,0.14455595955239636,0.9374352886959156,0.0,0.0,0.0,0.0,0.0,0.0,0.0,0.0,0.0,0.0,0.0,0.0
ende,12,Online-B vs JDExploreAcademy,0.02,88.362,108.22099999999963,108.04999999999961,weighted,weighted,0.18350412581661324,False,0.0015800999805954952,-0.00047217924874847216,0.0035367732563474567,mtme_chrF-refA,0.1529061535373465,0.913148721285636,0.0,0.0,0.0,0.0,0.0,0.0,0.0,0.0,0.0,0.0,0.0,0.0
ende,12,Online-B vs JDExploreAcademy,0.02,88.362,108.22099999999963,108.04999999999961,weighted,weighted,0.18350412581661324,False,0.0015800999805954952,-0.00047217924874847216,0.0035367732563474567,mtme_f101spBLEU-refA,0.11933223388220161,0.8322237271443311,0.0,0.0,0.0,0.0,0.0,0.0,0.0,0.0,0.0,0.0,0.0,0.0
ende,12,Online-B vs JDExploreAcademy,0.02,88.362,108.22099999999963,108.04999999999961,weighted,weighted,0.18350412581661324,False,0.0015800999805954952,-0.00047217924874847216,0.0035367732563474567,mtme_f200spBLEU-refA,0.1261408268154147,0.8109386629133486,0.0,0.0,0.0,0.0,0.0,0.0,0.0,0.0,0.0,0.0,0.0,0.0
ende,12,Online-B vs JDExploreAcademy,0.02,88.362,108.22099999999963,108.04999999999961,weighted,weighted,0.18350412581661324,False,0.0015800999805954952,-0.00047217924874847216,0.0035367732563474567,mtme_metricx_xl_DA_2019-refA,0.34614501165746414,0.9809205978427264,0.0,0.0,0.0,0.0,0.0,0.0,0.0,0.0,0.0,0.0,0.0,0.0
ende,12,Online-B vs JDExploreAcademy,0.02,88.362,108.22099999999963,108.04999999999961,weighted,weighted,0.18350412581661324,False,0.0015800999805954952,-0.00047217924874847216,0.0035367732563474567,mtme_metricx_xl_MQM_2020-refA,0.3850921000816393,0.9616341585507984,0.0,0.0,0.0,0.0,0.0,0.0,0.0,0.0,0.0,0.0,0.0,0.0
ende,12,Online-B vs JDExploreAcademy,0.02,88.362,108.22099999999963,108.04999999999961,weighted,weighted,0.18350412581661324,False,0.0015800999805954952,-0.00047217924874847216,0.0035367732563474567,mtme_metricx_xxl_DA_2019-refA,0.34142077997091935,0.9781893317652096,0.0,0.0,0.0,0.0,0.0,0.0,0.0,0.0,0.0,0.0,0.0,0.0
ende,12,Online-B vs JDExploreAcademy,0.02,88.362,108.22099999999963,108.04999999999961,weighted,weighted,0.18350412581661324,False,0.0015800999805954952,-0.00047217924874847216,0.0035367732563474567,mtme_metricx_xxl_MQM_2020-refA,0.3783398568801353,0.9670998023955928,0.0,0.0,0.0,0.0,0.0,0.0,0.0,0.0,0.0,0.0,0.0,0.0
ende,13,Online-B vs Online-A,0.01,88.2065,152.45482380952382,114.07172580645125,weighted,weighted,0.4214253259037267,True,0.2517670287102767,-0.0761651644746841,0.28584012895213856,mtme_BERTScore-refA,0.15282578700929428,0.906706577010188,-0.05957749371139265,-0.23475722413933997,-0.010744682635533624,-0.006634861860507213,-0.02699092899012333,0.016105957119905052,-0.05472261913442522,-0.18212799345483222,-0.010724879751096131,-0.013703569108933111,-0.06856760204162853,0.0010215201340302996
ende,13,Online-B vs Online-A,0.01,88.2065,152.45482380952382,114.07172580645125,weighted,weighted,0.4214253259037267,True,0.2517670287102767,-0.0761651644746841,0.28584012895213856,mtme_BLEU-refA,0.1094051324177502,0.8634063310084908,-0.009155529903582371,-0.09012020312769939,0.0024300600387438926,0.003140559676228949,-0.010317839587042165,0.033690611602608514,-0.0061268066273973965,-0.037568159336108534,0.004928276027007361,-0.0003683259156612717,-0.013983752638944512,0.024180706436588956
ende,13,Online-B vs Online-A,0.01,88.2065,152.45482380952382,114.07172580645125,weighted,weighted,0.4214253259037267,True,0.2517670287102767,-0.0761651644746841,0.28584012895213856,mtme_BLEURT-20-refA,0.30213164292650324,0.977419310947295,-0.048323011737513744,-0.10783727627389078,-0.0026700820868918655,-0.008744045413533685,-0.03417619894354431,0.03694015539741106,-0.04735040218421549,-0.08744068142373261,-0.0010126229039220003,-0.015385065714267565,-0.04436933737278818,0.02383032464339932
ende,13,Online-B vs Online-A,0.01,88.2065,152.45482380952382,114.07172580645125,weighted,weighted,0.4214253259037267,True,0.2517670287102767,-0.0761651644746841,0.28584012895213856,mtme_COMET-20-refA,0.2955765086510299,0.9858264490713564,-0.09990605411780096,-0.22600340909874603,-0.01671986820663933,-0.005675174358042323,-0.04634737508822366,0.03578025613620117,-0.06860452612794354,-0.1723802261735444,-0.006240384570279942,-0.015291682924068573,-0.06554235051921042,0.013963652427754717
ende,13,Online-B vs Online-A,0.01,88.2065,152.45482380952382,114.07172580645125,weighted,weighted,0.4214253259037267,True,0.2517670287102767,-0.0761651644746841,0.28584012895213856,mtme_COMET-22-refA,0.3030018445990005,0.9524733537563392,-0.1132238577868927,-0.292971456835431,-0.013432467882493443,-0.01186057282964037,-0.055783957982764684,0.02479866816173154,-0.12442474698946837,-0.22128836743088837,-0.010358007928609535,-0.03275431167364462,-0.08610649556942819,0.00186979130360132
ende,13,Online-B vs Online-A,0.01,88.2065,152.45482380952382,114.07172580645125,weighted,weighted,0.4214253259037267,True,0.2517670287102767,-0.0761651644746841,0.28584012895213856,mtme_COMET-QE-src,0.1888703935533638,0.8324986400919704,-0.12522863855903132,-0.24563741234124745,-0.018016481813817195,-0.021952215739888814,-0.09070139147908776,-0.0011638694423193633,-0.08172045824537122,-0.17724649625055017,-0.017809667262686363,-0.015122055009287871,-0.05494310611743791,0.00843736308203775
ende,13,Online-B vs Online-A,0.01,88.2065,152.45482380952382,114.07172580645125,weighted,weighted,0.4214253259037267,True,0.2517670287102767,-0.0761651644746841,0.28584012895213856,mtme_COMETKiwi-src,0.2423706841842171,0.9226539774777828,-0.20880148392366027,-0.31624112172048063,-0.01911570834846705,-0.027834083015832567,-0.07014095566089484,0.012048563626422759,-0.16579054266323534,-0.27903052119467536,-0.02490883596652166,-0.01233587187009011,-0.0719545900547719,0.00925182171099599
ende,13,Online-B vs Online-A,0.01,88.2065,152.45482380952382,114.07172580645125,weighted,weighted,0.4214253259037267,True,0.2517670287102767,-0.0761651644746841,0.28584012895213856,mtme_Cross-QE-src,0.29064645835483605,0.9403569774408737,-0.10553329510474163,-0.2994264800589311,-0.019803157984687045,-0.008524114048162668,-0.0465810761741123,0.02927037549591691,-0.0977294797737962,-0.18647506253893684,-0.025123806267147598,-0.01683282320814894,-0.07353164794375674,0.014204950198749473
ende,13,Online-B vs Online-A,0.01,88.2065,152.45482380952382,114.07172580645125,weighted,weighted,0.4214253259037267,True,0.2517670287102767,-0.0761651644746841,0.28584012895213856,mtme_HWTSC-TLM-src,0.13055852691715703,0.7686262691697412,-0.1556418936017845,-0.30436058003048966,-0.015592907221040736,-0.0014503809748249719,-0.02094019855676113,0.016466383643257823,-0.11735050117730017,-0.2724092116718814,-0.009489318197946545,-0.007963403614053455,-0.06921365866805973,0.005389071377868958
ende,13,Online-B vs Online-A,0.01,88.2065,152.45482380952382,114.07172580645125,weighted,weighted,0.4214253259037267,True,0.2517670287102767,-0.0761651644746841,0.28584012895213856,mtme_HWTSC-Teacher-Sim-src,0.08264087956016732,0.6922672434936012,-0.01508581631840289,-0.1716864879896079,-0.0017354900197664909,0.003915919416592528,-0.0077340119289474206,0.026803961455863265,-0.011860572829640814,-0.15583573626247868,0.0027624949183374164,0.003862489178073858,-0.005507241675612673,0.03234966445381133
ende,13,Online-B vs Online-A,0.01,88.2065,152.45482380952382,114.07172580645125,weighted,weighted,0.4214253259037267,True,0.2517670287102767,-0.0761651644746841,0.28584012895213856,mtme_KG-BERTScore-src,0.07563384759120549,0.6378374846052578,-0.016621646551146618,-0.1412925244700868,-0.0027453958974626227,0.0004132704470369841,-0.018056218222018083,0.02439740806856599,-0.01644381357682878,-0.1290947279813128,-0.002612355404689314,0.0004712405097432315,-0.006789433846284947,0.028797392679590094
ende,13,Online-B vs Online-A,0.01,88.2065,152.45482380952382,114.07172580645125,weighted,weighted,0.4214253259037267,True,0.2517670287102767,-0.0761651644746841,0.28584012895213856,mtme_MATESE-QE-src,0.13043036991134122,0.7648995070123706,-0.1421103615198518,-0.3143663210298911,-0.012695001450565256,-0.0014865937730041967,-0.015567417317578835,0.02295932223042611,-0.1111605360916792,-0.30356879266451203,-0.011515656631140346,-0.009638738426271498,-0.04960485468646201,0.012313203269994575
ende,13,Online-B vs Online-A,0.01,88.2065,152.45482380952382,114.07172580645125,weighted,weighted,0.4214253259037267,True,0.2517670287102767,-0.0761651644746841,0.28584012895213856,mtme_MATESE-refA,0.19893883559340142,0.9246232659550914,-0.029917244342727356,-0.13776729276615118,0.00039374392827221387,-0.002395839600937588,-0.018158346184979645,0.0355447046851117,-0.022896219129854067,-0.13618307818101097,0.00278256726082787,-0.006582901666212226,-0.024462063330309255,0.030874783560982423
ende,13,Online-B vs Online-A,0.01,88.2065,152.45482380952382,114.07172580645125,weighted,weighted,0.4214253259037267,True,0.2517670287102767,-0.0761651644746841,0.28584012895213856,mtme_MEE-refA,0.10838412258750504,0.8768362437607912,-0.052859702145589216,-0.1469627915672048,-0.014367914604960633,-0.002382306250422017,-0.01430100415181153,0.031177240001371617,-0.027369545298335796,-0.0835526550115406,-0.0052696022655265165,-0.007927349062857969,-0.03668114585538661,0.010608198059572907
ende,13,Online-B vs Online-A,0.01,88.2065,152.45482380952382,114.07172580645125,weighted,weighted,0.4214253259037267,True,0.2517670287102767,-0.0761651644746841,0.28584012895213856,mtme_MEE2-refA,0.14258596558202952,0.8910462707906135,-0.0698941021874504,-0.2107956404103589,-0.01226134435006475,-0.0018792929802089464,-0.01787410823492287,0.03410208834043633,-0.017522666954356225,-0.15382730578512366,-0.004831975095026125,-0.011033587319701832,-0.06949151653415873,0.005564831041779237
ende,13,Online-B vs Online-A,0.01,88.2065,152.45482380952382,114.07172580645125,weighted,weighted,0.4214253259037267,True,0.2517670287102767,-0.0761651644746841,0.28584012895213856,mtme_MEE4-refA,0.1696096432428671,0.89207408156182,-0.05640315264183671,-0.18652649681915426,-0.011704488372472906,-0.013055107455108184,-0.05470710018742631,0.009432939197796612,-0.06392132885920754,-0.1748358661333792,-0.013138356045289028,-0.013451103865194547,-0.07168982830047953,0.005874545756550696
ende,13,Online-B vs Online-A,0.01,88.2065,152.45482380952382,114.07172580645125,weighted,weighted,0.4214253259037267,True,0.2517670287102767,-0.0761651644746841,0.28584012895213856,mtme_MS-COMET-22-refA,0.18429176345883436,0.9163007970087684,-0.13179375304379626,-0.3138494810959544,-0.017741695417874202,-0.0005722206189737733,-0.021664913515969518,0.03305340598228965,-0.0874930225289614,-0.3008092768299234,-0.014681229416467151,-0.016679902180664508,-0.1001898382187239,-0.0028553248254953225
ende,13,Online-B vs Online-A,0.01,88.2065,152.45482380952382,114.07172580645125,weighted,weighted,0.4214253259037267,True,0.2517670287102767,-0.0761651644746841,0.28584012895213856,mtme_MS-COMET-QE-22-src,0.10048599986370892,0.7522191383266835,-0.029565541781037874,-0.23765532071462828,-0.0055457917050239555,-0.0034962051005438255,-0.02752771137956897,0.013006939309678901,-0.014615468309625124,-0.21884451228870622,-0.003183763019488312,-0.004577764951791297,-0.022261660792378207,0.006812463331965303
ende,13,Online-B vs Online-A,0.01,88.2065,152.45482380952382,114.07172580645125,weighted,weighted,0.4214253259037267,True,0.2517670287102767,-0.0761651644746841,0.28584012895213856,mtme_REUSE-src,-0.058494947371888456,-0.7189752875124902,-0.006615121880884978,-0.04767858329575851,-0.0012796498346797078,-0.005478708054005521,-0.019311714401083452,8.080820512507219e-05,-0.00751350551870078,-0.03870584845740326,-0.002046406071500567,0.0,0.0,0.0
ende,13,Online-B vs Online-A,0.01,88.2065,152.45482380952382,114.07172580645125,weighted,weighted,0.4214253259037267,True,0.2517670287102767,-0.0761651644746841,0.28584012895213856,mtme_SEScore-refA,0.2111745510580783,0.8627443368691673,-0.09259064083477697,-0.2903401488080661,-0.011882505533114,-0.018311059807164964,-0.06257725386237507,0.005972073125488669,-0.09966488664693185,-0.26229729649483235,-0.015614008678331346,-0.05121973494598109,-0.09228819760606902,-0.006065597509947044
ende,13,Online-B vs Online-A,0.01,88.2065,152.45482380952382,114.07172580645125,weighted,weighted,0.4214253259037267,True,0.2517670287102767,-0.0761651644746841,0.28584012895213856,mtme_UniTE-ref-refA,0.2520298407227529,0.935537336231014,-0.06252509613311985,-0.26804650333797153,-0.009099162576372485,-0.008974828655485378,-0.03452575525597389,0.024082193547874647,-0.06783078049223912,-0.21411878757222744,-0.012644328103312195,-0.028136401212933038,-0.06796223765077442,0.002256573287344412
ende,13,Online-B vs Online-A,0.01,88.2065,152.45482380952382,114.07172580645125,weighted,weighted,0.4214253259037267,True,0.2517670287102767,-0.0761651644746841,0.28584012895213856,mtme_UniTE-refA,0.24994420276480828,0.934069874660218,-0.08021071066350771,-0.2732143501226208,-0.012862109976680658,-0.009267730024949739,-0.036516452121313936,0.020162436652669095,-0.03785831797232242,-0.2084409320068478,-0.007730310321731375,-0.039655766999007414,-0.07856322164548458,-0.00035031081656569185
ende,13,Online-B vs Online-A,0.01,88.2065,152.45482380952382,114.07172580645125,weighted,weighted,0.4214253259037267,True,0.2517670287102767,-0.0761651644746841,0.28584012895213856,mtme_UniTE-src-src,0.2018975733367413,0.8781288793774996,-0.19073930493929248,-0.3144133183333896,-0.008373535365823798,-0.00564046038702859,-0.02316050711083416,0.02538037219287667,-0.11889799244872146,-0.3150490160966852,-0.012055756263742792,-0.02604851616420656,-0.09255700349017658,0.005764263540534827
ende,13,Online-B vs Online-A,0.01,88.2065,152.45482380952382,114.07172580645125,weighted,weighted,0.4214253259037267,True,0.2517670287102767,-0.0761651644746841,0.28584012895213856,mtme_YiSi-1-refA,0.1853496252278182,0.9374352886959156,-0.07195742388266213,-0.18619564657316448,-0.013079191141093826,-0.005893872375431153,-0.04227663520509741,0.01479584863963175,-0.05108146320169871,-0.17146496709144712,-0.010842055282089041,-0.013984513663703568,-0.055696871369526814,0.008971015373719929
ende,13,Online-B vs Online-A,0.01,88.2065,152.45482380952382,114.07172580645125,weighted,weighted,0.4214253259037267,True,0.2517670287102767,-0.0761651644746841,0.28584012895213856,mtme_chrF-refA,0.15064857594164624,0.913148721285636,-0.053129613413857246,-0.17253421913354083,-0.010780670856799644,-0.0047957537590193056,-0.02124538041692906,0.016690653258669735,-0.030690989978431338,-0.16712163468747612,-0.00654536704619824,-0.004838523714867815,-0.02784999951683944,0.012680944839270437
ende,13,Online-B vs Online-A,0.01,88.2065,152.45482380952382,114.07172580645125,weighted,weighted,0.4214253259037267,True,0.2517670287102767,-0.0761651644746841,0.28584012895213856,mtme_f101spBLEU-refA,0.12010561282064841,0.8322237271443311,-0.045822015743316014,-0.18756945453936377,-0.008475152589948697,-0.0014169272469828353,-0.015437496203677204,0.014801887039310934,-0.017412890734344932,-0.17706607672202762,-0.0051360666721468615,-0.0037780349300926552,-0.023800739046318114,0.01520804874267801
ende,13,Online-B vs Online-A,0.01,88.2065,152.45482380952382,114.07172580645125,weighted,weighted,0.4214253259037267,True,0.2517670287102767,-0.0761651644746841,0.28584012895213856,mtme_f200spBLEU-refA,0.12354012327512669,0.8109386629133486,-0.04307092014970104,-0.15768323380940416,-0.007280110495412582,0.0007257432240644901,-0.01021418988146125,0.02601756654999182,-0.018311059807164742,-0.14206057375580397,-0.0008965310391689249,-0.0032852195536383633,-0.022499391204873775,0.01942421684754988
ende,13,Online-B vs Online-A,0.01,88.2065,152.45482380952382,114.07172580645125,weighted,weighted,0.4214253259037267,True,0.2517670287102767,-0.0761651644746841,0.28584012895213856,mtme_metricx_xl_DA_2019-refA,0.37905560827226054,0.9809205978427264,-0.06100047419085097,-0.1315557476575678,-0.010618797539284831,-0.003731191981254156,-0.036663937290965495,0.03465820614525119,-0.04139228555020802,-0.08652537133793968,0.0040085313152611055,-0.010970850487913353,-0.05167515331049141,0.018161975175945012
ende,13,Online-B vs Online-A,0.01,88.2065,152.45482380952382,114.07172580645125,weighted,weighted,0.4214253259037267,True,0.2517670287102767,-0.0761651644746841,0.28584012895213856,mtme_metricx_xl_MQM_2020-refA,0.37940123353903193,0.9616341585507984,-0.05810369250052916,-0.11977529092480814,-0.003135007972688084,0.011564879878209866,-0.02456508110991481,0.05525527436746208,-0.06316587926828432,-0.10909424994522367,-0.007337270276051624,-0.001378531491164292,-0.027893810708652916,0.041517192736890696
ende,13,Online-B vs Online-A,0.01,88.2065,152.45482380952382,114.07172580645125,weighted,weighted,0.4214253259037267,True,0.2517670287102767,-0.0761651644746841,0.28584012895213856,mtme_metricx_xxl_DA_2019-refA,0.3674009576505832,0.9781893317652096,-0.07844214921047166,-0.14338821132835322,-0.016571433847670097,-0.005199743885458519,-0.029306148398057622,0.039126245518540145,-0.05770174671574768,-0.11610883143543492,-0.005042630469650876,-0.026790464034060824,-0.05943100043816712,0.010729561065134329
ende,13,Online-B vs Online-A,0.01,88.2065,152.45482380952382,114.07172580645125,weighted,weighted,0.4214253259037267,True,0.2517670287102767,-0.0761651644746841,0.28584012895213856,mtme_metricx_xxl_MQM_2020-refA,0.3802259261747818,0.9670998023955928,-0.05368228886793247,-0.16418315744330786,-0.006506079143243168,0.00562568704918931,-0.01666266481724905,0.0545106514311099,-0.04262877978644242,-0.08964091212386045,-7.387074019919414e-06,-0.009838778403849613,-0.04240128555882594,0.024496622942138127
ende,13,Online-B vs Online-A,0.02,88.2065,108.06549999999953,108.0544999999996,dedup,dedup,0.183768177633006,False,0.0001017901180295766,-0.0016041641560864295,0.0015865122921517824,mtme_BERTScore-refA,0.15282578700929428,0.906706577010188,0.0,0.0,0.0,0.0,0.0,0.0,0.0,0.0,0.0,0.0,0.0,0.0
ende,13,Online-B vs Online-A,0.02,88.2065,108.06549999999953,108.0544999999996,dedup,dedup,0.183768177633006,False,0.0001017901180295766,-0.0016041641560864295,0.0015865122921517824,mtme_BLEU-refA,0.1094051324177502,0.8634063310084908,0.0,0.0,0.0,0.0,0.0,0.0,0.0,0.0,0.0,0.0,0.0,0.0
ende,13,Online-B vs Online-A,0.02,88.2065,108.06549999999953,108.0544999999996,dedup,dedup,0.183768177633006,False,0.0001017901180295766,-0.0016041641560864295,0.0015865122921517824,mtme_BLEURT-20-refA,0.30213164292650324,0.977419310947295,0.0,0.0,0.0,0.0,0.0,0.0,0.0,0.0,0.0,0.0,0.0,0.0
ende,13,Online-B vs Online-A,0.02,88.2065,108.06549999999953,108.0544999999996,dedup,dedup,0.183768177633006,False,0.0001017901180295766,-0.0016041641560864295,0.0015865122921517824,mtme_COMET-20-refA,0.2955765086510299,0.9858264490713564,0.0,0.0,0.0,0.0,0.0,0.0,0.0,0.0,0.0,0.0,0.0,0.0
ende,13,Online-B vs Online-A,0.02,88.2065,108.06549999999953,108.0544999999996,dedup,dedup,0.183768177633006,False,0.0001017901180295766,-0.0016041641560864295,0.0015865122921517824,mtme_COMET-22-refA,0.3030018445990005,0.9524733537563392,0.0,0.0,0.0,0.0,0.0,0.0,0.0,0.0,0.0,0.0,0.0,0.0
ende,13,Online-B vs Online-A,0.02,88.2065,108.06549999999953,108.0544999999996,dedup,dedup,0.183768177633006,False,0.0001017901180295766,-0.0016041641560864295,0.0015865122921517824,mtme_COMET-QE-src,0.1888703935533638,0.8324986400919704,0.0,0.0,0.0,0.0,0.0,0.0,0.0,0.0,0.0,0.0,0.0,0.0
ende,13,Online-B vs Online-A,0.02,88.2065,108.06549999999953,108.0544999999996,dedup,dedup,0.183768177633006,False,0.0001017901180295766,-0.0016041641560864295,0.0015865122921517824,mtme_COMETKiwi-src,0.2423706841842171,0.9226539774777828,0.0,0.0,0.0,0.0,0.0,0.0,0.0,0.0,0.0,0.0,0.0,0.0
ende,13,Online-B vs Online-A,0.02,88.2065,108.06549999999953,108.0544999999996,dedup,dedup,0.183768177633006,False,0.0001017901180295766,-0.0016041641560864295,0.0015865122921517824,mtme_Cross-QE-src,0.29064645835483605,0.9403569774408737,0.0,0.0,0.0,0.0,0.0,0.0,0.0,0.0,0.0,0.0,0.0,0.0
ende,13,Online-B vs Online-A,0.02,88.2065,108.06549999999953,108.0544999999996,dedup,dedup,0.183768177633006,False,0.0001017901180295766,-0.0016041641560864295,0.0015865122921517824,mtme_HWTSC-TLM-src,0.13055852691715703,0.7686262691697412,0.0,0.0,0.0,0.0,0.0,0.0,0.0,0.0,0.0,0.0,0.0,0.0
ende,13,Online-B vs Online-A,0.02,88.2065,108.06549999999953,108.0544999999996,dedup,dedup,0.183768177633006,False,0.0001017901180295766,-0.0016041641560864295,0.0015865122921517824,mtme_HWTSC-Teacher-Sim-src,0.08264087956016732,0.6922672434936012,0.0,0.0,0.0,0.0,0.0,0.0,0.0,0.0,0.0,0.0,0.0,0.0
ende,13,Online-B vs Online-A,0.02,88.2065,108.06549999999953,108.0544999999996,dedup,dedup,0.183768177633006,False,0.0001017901180295766,-0.0016041641560864295,0.0015865122921517824,mtme_KG-BERTScore-src,0.07563384759120549,0.6378374846052578,0.0,0.0,0.0,0.0,0.0,0.0,0.0,0.0,0.0,0.0,0.0,0.0
ende,13,Online-B vs Online-A,0.02,88.2065,108.06549999999953,108.0544999999996,dedup,dedup,0.183768177633006,False,0.0001017901180295766,-0.0016041641560864295,0.0015865122921517824,mtme_MATESE-QE-src,0.13043036991134122,0.7648995070123706,0.0,0.0,0.0,0.0,0.0,0.0,0.0,0.0,0.0,0.0,0.0,0.0
ende,13,Online-B vs Online-A,0.02,88.2065,108.06549999999953,108.0544999999996,dedup,dedup,0.183768177633006,False,0.0001017901180295766,-0.0016041641560864295,0.0015865122921517824,mtme_MATESE-refA,0.19893883559340142,0.9246232659550914,0.0,0.0,0.0,0.0,0.0,0.0,0.0,0.0,0.0,0.0,0.0,0.0
ende,13,Online-B vs Online-A,0.02,88.2065,108.06549999999953,108.0544999999996,dedup,dedup,0.183768177633006,False,0.0001017901180295766,-0.0016041641560864295,0.0015865122921517824,mtme_MEE-refA,0.10838412258750504,0.8768362437607912,0.0,0.0,0.0,0.0,0.0,0.0,0.0,0.0,0.0,0.0,0.0,0.0
ende,13,Online-B vs Online-A,0.02,88.2065,108.06549999999953,108.0544999999996,dedup,dedup,0.183768177633006,False,0.0001017901180295766,-0.0016041641560864295,0.0015865122921517824,mtme_MEE2-refA,0.14258596558202952,0.8910462707906135,0.0,0.0,0.0,0.0,0.0,0.0,0.0,0.0,0.0,0.0,0.0,0.0
ende,13,Online-B vs Online-A,0.02,88.2065,108.06549999999953,108.0544999999996,dedup,dedup,0.183768177633006,False,0.0001017901180295766,-0.0016041641560864295,0.0015865122921517824,mtme_MEE4-refA,0.1696096432428671,0.89207408156182,0.0,0.0,0.0,0.0,0.0,0.0,0.0,0.0,0.0,0.0,0.0,0.0
ende,13,Online-B vs Online-A,0.02,88.2065,108.06549999999953,108.0544999999996,dedup,dedup,0.183768177633006,False,0.0001017901180295766,-0.0016041641560864295,0.0015865122921517824,mtme_MS-COMET-22-refA,0.18429176345883436,0.9163007970087684,0.0,0.0,0.0,0.0,0.0,0.0,0.0,0.0,0.0,0.0,0.0,0.0
ende,13,Online-B vs Online-A,0.02,88.2065,108.06549999999953,108.0544999999996,dedup,dedup,0.183768177633006,False,0.0001017901180295766,-0.0016041641560864295,0.0015865122921517824,mtme_MS-COMET-QE-22-src,0.10048599986370892,0.7522191383266835,0.0,0.0,0.0,0.0,0.0,0.0,0.0,0.0,0.0,0.0,0.0,0.0
ende,13,Online-B vs Online-A,0.02,88.2065,108.06549999999953,108.0544999999996,dedup,dedup,0.183768177633006,False,0.0001017901180295766,-0.0016041641560864295,0.0015865122921517824,mtme_REUSE-src,-0.058494947371888456,-0.7189752875124902,0.0,0.0,0.0,0.0,0.0,0.0,0.0,0.0,0.0,0.0,0.0,0.0
ende,13,Online-B vs Online-A,0.02,88.2065,108.06549999999953,108.0544999999996,dedup,dedup,0.183768177633006,False,0.0001017901180295766,-0.0016041641560864295,0.0015865122921517824,mtme_SEScore-refA,0.2111745510580783,0.8627443368691673,0.0,0.0,0.0,0.0,0.0,0.0,0.0,0.0,0.0,0.0,0.0,0.0
ende,13,Online-B vs Online-A,0.02,88.2065,108.06549999999953,108.0544999999996,dedup,dedup,0.183768177633006,False,0.0001017901180295766,-0.0016041641560864295,0.0015865122921517824,mtme_UniTE-ref-refA,0.2520298407227529,0.935537336231014,0.0,0.0,0.0,0.0,0.0,0.0,0.0,0.0,0.0,0.0,0.0,0.0
ende,13,Online-B vs Online-A,0.02,88.2065,108.06549999999953,108.0544999999996,dedup,dedup,0.183768177633006,False,0.0001017901180295766,-0.0016041641560864295,0.0015865122921517824,mtme_UniTE-refA,0.24994420276480828,0.934069874660218,0.0,0.0,0.0,0.0,0.0,0.0,0.0,0.0,0.0,0.0,0.0,0.0
ende,13,Online-B vs Online-A,0.02,88.2065,108.06549999999953,108.0544999999996,dedup,dedup,0.183768177633006,False,0.0001017901180295766,-0.0016041641560864295,0.0015865122921517824,mtme_UniTE-src-src,0.2018975733367413,0.8781288793774996,0.0,0.0,0.0,0.0,0.0,0.0,0.0,0.0,0.0,0.0,0.0,0.0
ende,13,Online-B vs Online-A,0.02,88.2065,108.06549999999953,108.0544999999996,dedup,dedup,0.183768177633006,False,0.0001017901180295766,-0.0016041641560864295,0.0015865122921517824,mtme_YiSi-1-refA,0.1853496252278182,0.9374352886959156,0.0,0.0,0.0,0.0,0.0,0.0,0.0,0.0,0.0,0.0,0.0,0.0
ende,13,Online-B vs Online-A,0.02,88.2065,108.06549999999953,108.0544999999996,dedup,dedup,0.183768177633006,False,0.0001017901180295766,-0.0016041641560864295,0.0015865122921517824,mtme_chrF-refA,0.15064857594164624,0.913148721285636,0.0,0.0,0.0,0.0,0.0,0.0,0.0,0.0,0.0,0.0,0.0,0.0
ende,13,Online-B vs Online-A,0.02,88.2065,108.06549999999953,108.0544999999996,dedup,dedup,0.183768177633006,False,0.0001017901180295766,-0.0016041641560864295,0.0015865122921517824,mtme_f101spBLEU-refA,0.12010561282064841,0.8322237271443311,0.0,0.0,0.0,0.0,0.0,0.0,0.0,0.0,0.0,0.0,0.0,0.0
ende,13,Online-B vs Online-A,0.02,88.2065,108.06549999999953,108.0544999999996,dedup,dedup,0.183768177633006,False,0.0001017901180295766,-0.0016041641560864295,0.0015865122921517824,mtme_f200spBLEU-refA,0.12354012327512669,0.8109386629133486,0.0,0.0,0.0,0.0,0.0,0.0,0.0,0.0,0.0,0.0,0.0,0.0
ende,13,Online-B vs Online-A,0.02,88.2065,108.06549999999953,108.0544999999996,dedup,dedup,0.183768177633006,False,0.0001017901180295766,-0.0016041641560864295,0.0015865122921517824,mtme_metricx_xl_DA_2019-refA,0.37905560827226054,0.9809205978427264,0.0,0.0,0.0,0.0,0.0,0.0,0.0,0.0,0.0,0.0,0.0,0.0
ende,13,Online-B vs Online-A,0.02,88.2065,108.06549999999953,108.0544999999996,dedup,dedup,0.183768177633006,False,0.0001017901180295766,-0.0016041641560864295,0.0015865122921517824,mtme_metricx_xl_MQM_2020-refA,0.37940123353903193,0.9616341585507984,0.0,0.0,0.0,0.0,0.0,0.0,0.0,0.0,0.0,0.0,0.0,0.0
ende,13,Online-B vs Online-A,0.02,88.2065,108.06549999999953,108.0544999999996,dedup,dedup,0.183768177633006,False,0.0001017901180295766,-0.0016041641560864295,0.0015865122921517824,mtme_metricx_xxl_DA_2019-refA,0.3674009576505832,0.9781893317652096,0.0,0.0,0.0,0.0,0.0,0.0,0.0,0.0,0.0,0.0,0.0,0.0
ende,13,Online-B vs Online-A,0.02,88.2065,108.06549999999953,108.0544999999996,dedup,dedup,0.183768177633006,False,0.0001017901180295766,-0.0016041641560864295,0.0015865122921517824,mtme_metricx_xxl_MQM_2020-refA,0.3802259261747818,0.9670998023955928,0.0,0.0,0.0,0.0,0.0,0.0,0.0,0.0,0.0,0.0,0.0,0.0
ende,14,Online-B vs Online-G,0.01,88.1375,107.99649999999963,107.99649999999963,uniform,weighted,0.1838855888848221,False,0.0,0.0,0.0,mtme_BERTScore-refA,0.11062671530338819,0.906706577010188,-0.024815819591289978,-0.0542631052040384,0.0,-0.004715034902550652,-0.019022751357016386,0.007315352517648788,-0.02393979910050592,-0.04972260399188541,0.0,0.0010553507724121447,-0.012091827864582455,0.016131133879135718
ende,14,Online-B vs Online-G,0.01,88.1375,107.99649999999963,107.99649999999963,uniform,weighted,0.1838855888848221,False,0.0,0.0,0.0,mtme_BLEU-refA,0.07924346491926193,0.8634063310084908,-0.018884042544650592,-0.034383995636747454,0.0,-0.003693727703442562,-0.013792786917621059,0.008811936122336187,-0.016311829414369594,-0.02896688995687833,0.0,0.002588907363573534,-0.008207199045615914,0.01415102184525117
ende,14,Online-B vs Online-G,0.01,88.1375,107.99649999999963,107.99649999999963,uniform,weighted,0.1838855888848221,False,0.0,0.0,0.0,mtme_BLEURT-20-refA,0.3057697001556826,0.977419310947295,-0.01427122067239095,-0.030519996749476995,0.0061867603589900785,0.007921488327864101,-0.005966036720973044,0.028923176726476985,-0.016653667133887495,-0.035524847589970335,0.0037597249100819914,0.010553507724120115,0.0,0.032602456028733504
ende,14,Online-B vs Online-G,0.01,88.1375,107.99649999999963,107.99649999999963,uniform,weighted,0.1838855888848221,False,0.0,0.0,0.0,mtme_COMET-20-refA,0.26305192549180767,0.9858264490713564,-0.04699715294564144,-0.09147566731301651,-0.00980601398705973,-0.010251978932003025,-0.039698638343058354,0.008161534146063297,-0.04926226641223552,-0.09852570120392683,-0.014344310253474934,0.009179560492113104,-0.017967331762955823,0.02095673454160656
ende,14,Online-B vs Online-G,0.01,88.1375,107.99649999999963,107.99649999999963,uniform,weighted,0.1838855888848221,False,0.0,0.0,0.0,mtme_COMET-22-refA,0.29249682108525066,0.9524733537563392,-0.036125468747952416,-0.07993064063596873,-0.00916292576101725,0.0014511073120666573,-0.0172216159601931,0.016497412049959963,-0.03766461337757199,-0.08433684797968051,-0.0050544897714649255,-0.005628537452864402,-0.026955570151455104,0.015823110227756402
ende,14,Online-B vs Online-G,0.01,88.1375,107.99649999999963,107.99649999999963,uniform,weighted,0.1838855888848221,False,0.0,0.0,0.0,mtme_COMET-QE-src,0.16669682096671679,0.8324986400919704,-0.03134247225464937,-0.05778927667042029,-0.0035995935106004867,0.010553507724120115,-0.004024887073722933,0.027833688711351303,-0.03192436086546535,-0.06710711031843306,0.0,0.00084428061792996,-0.026542639979288393,0.017337526265763077
ende,14,Online-B vs Online-G,0.01,88.1375,107.99649999999963,107.99649999999963,uniform,weighted,0.1838855888848221,False,0.0,0.0,0.0,mtme_COMETKiwi-src,0.24640833339420445,0.9226539774777828,-0.03799262780683521,-0.077463738421529,-0.011317206460371708,-0.016416567570854967,-0.036694672079130436,0.004283667120658714,-0.03956880103835969,-0.07907470172568666,-0.012324849685278418,-0.011552321848010694,-0.03328099530257619,0.011589058640783322
ende,14,Online-B vs Online-G,0.01,88.1375,107.99649999999963,107.99649999999963,uniform,weighted,0.1838855888848221,False,0.0,0.0,0.0,mtme_Cross-QE-src,0.24765551967900948,0.9403569774408737,-0.034108936964358794,-0.07460683687846333,-0.005697379875544732,-0.00268634742068552,-0.01935469332205922,0.018423027049367206,-0.04160078652873045,-0.08513403572025889,-0.012390748484747765,-0.0009442612174208609,-0.05237611728071062,0.019996339613670183
ende,14,Online-B vs Online-G,0.01,88.1375,107.99649999999963,107.99649999999963,uniform,weighted,0.1838855888848221,False,0.0,0.0,0.0,mtme_HWTSC-TLM-src,0.09654183826227583,0.7686262691697412,-0.01736052020617862,-0.044559118623012164,0.0,0.007519374253436073,-0.004787346268934567,0.019893374982145034,-0.01857417359445268,-0.04646657653491151,0.0,-0.000944261217421527,-0.01168728615781418,0.010859698575771237
ende,14,Online-B vs Online-G,0.01,88.1375,107.99649999999963,107.99649999999963,uniform,weighted,0.1838855888848221,False,0.0,0.0,0.0,mtme_HWTSC-Teacher-Sim-src,0.11642814625597017,0.6922672434936012,-0.03799262780683521,-0.06731979539918562,-0.016156224964305375,-0.01402297338842562,-0.029163505828296844,0.0014891885527008547,-0.033138014253739856,-0.0577392905378249,-0.012925293566311905,-0.00788173361674871,-0.01795212913129148,0.004238560843237981
ende,14,Online-B vs Online-G,0.01,88.1375,107.99649999999963,107.99649999999963,uniform,weighted,0.1838855888848221,False,0.0,0.0,0.0,mtme_KG-BERTScore-src,0.1224385873745561,0.6378374846052578,-0.03548162079661332,-0.06546694067721573,-0.015753463839576154,-0.014334068086052865,-0.027480455520792025,0.0022660745952421714,-0.03185767661336292,-0.06000741052539008,-0.012644099921102917,-0.008171430266390667,-0.01714679029225866,0.0037677635278141053
ende,14,Online-B vs Online-G,0.01,88.1375,107.99649999999963,107.99649999999963,uniform,weighted,0.1838855888848221,False,0.0,0.0,0.0,mtme_MATESE-QE-src,0.08250503835666508,0.7648995070123706,-0.02305535533577152,-0.05033214225815743,0.0,0.010553507724120115,0.0,0.028735666193014372,-0.02894165338580912,-0.06951797924020556,0.0,0.002042172273888365,-0.007423277192606158,0.012567145796645456
ende,14,Online-B vs Online-G,0.01,88.1375,107.99649999999963,107.99649999999963,uniform,weighted,0.1838855888848221,False,0.0,0.0,0.0,mtme_MATESE-refA,0.16039107132674113,0.9246232659550914,-0.01821457259051984,-0.03717690086586441,0.0,0.009555984391293015,-0.0037417444963440726,0.02380884288279366,-0.016644026037198056,-0.03702513093525293,3.5605789267164946e-05,0.005159492665125609,-0.009518913482457203,0.01993810775566599
ende,14,Online-B vs Online-G,0.01,88.1375,107.99649999999963,107.99649999999963,uniform,weighted,0.1838855888848221,False,0.0,0.0,0.0,mtme_MEE-refA,0.08806587423392298,0.8768362437607912,-0.01656002541816859,-0.02991387749897929,0.0,0.005633291285172648,-0.0074203597677369336,0.01895143502451424,-0.01489786430181761,-0.02661281716097922,0.00018788787527326356,0.00650799642987443,-0.0043927899208025195,0.019147495686971713
ende,14,Online-B vs Online-G,0.01,88.1375,107.99649999999963,107.99649999999963,uniform,weighted,0.1838855888848221,False,0.0,0.0,0.0,mtme_MEE2-refA,0.10472059326229916,0.8910462707906135,-0.017765071335603455,-0.03514464949654568,0.0,0.004727971460406044,-0.006525775014628948,0.019238034986908417,-0.015453350596034365,-0.029715128838389705,0.0,0.009482637087408707,-0.0018482131585513815,0.02078584793847952
ende,14,Online-B vs Online-G,0.01,88.1375,107.99649999999963,107.99649999999963,uniform,weighted,0.1838855888848221,False,0.0,0.0,0.0,mtme_MEE4-refA,0.12054162171811372,0.89207408156182,-0.025856093924096157,-0.048901056835936804,0.0,-0.0023511612144877514,-0.0141466092496644,0.012304734772097958,-0.016871906504406287,-0.03400735610727953,0.000911717735740701,0.001096468334973566,-0.010317043374398475,0.015111084412025836
ende,14,Online-B vs Online-G,0.01,88.1375,107.99649999999963,107.99649999999963,uniform,weighted,0.1838855888848221,False,0.0,0.0,0.0,mtme_MS-COMET-22-refA,0.13776434619608924,0.9163007970087684,-0.061071938141223914,-0.12139225174276663,-0.026209736424559243,-0.01998357752922253,-0.04195544996715987,9.242698383520757e-06,-0.06981396380708604,-0.12261267647018576,-0.03046811038245128,-0.004715034902550652,-0.017839927333456983,0.0055134991439514764
ende,14,Online-B vs Online-G,0.01,88.1375,107.99649999999963,107.99649999999963,uniform,weighted,0.1838855888848221,False,0.0,0.0,0.0,mtme_MS-COMET-QE-22-src,0.09793641534501207,0.7522191383266835,-0.037689214459766696,-0.07820671311216199,-0.01165711544843092,-0.013372801930421785,-0.028321979857423643,0.0034978542214266746,-0.03543756804204801,-0.08517361154241962,0.0,-0.013089090748747312,-0.02465154100660787,0.0
ende,14,Online-B vs Online-G,0.01,88.1375,107.99649999999963,107.99649999999963,uniform,weighted,0.1838855888848221,False,0.0,0.0,0.0,mtme_REUSE-src,-0.015163937623725102,-0.7189752875124902,-0.032003169527041964,-0.060859414188668845,-0.0038071015107957328,-0.007907698745397651,-0.017671886678831905,0.0005626015760661581,-0.02940825018245885,-0.05273519404829599,-0.007361700896756335,0.0,0.0,0.0
ende,14,Online-B vs Online-G,0.01,88.1375,107.99649999999963,107.99649999999963,uniform,weighted,0.1838855888848221,False,0.0,0.0,0.0,mtme_SEScore-refA,0.12328188892827949,0.8627443368691673,-0.025856093924095935,-0.05914703323738473,0.0,-0.0011915250656264753,-0.02004409992553426,0.013128307460170388,-0.031924360865465795,-0.06846389159266054,0.0,-0.0007283406739182485,-0.014906643455513523,0.01669911744761384
ende,14,Online-B vs Online-G,0.01,88.1375,107.99649999999963,107.99649999999963,uniform,weighted,0.1838855888848221,False,0.0,0.0,0.0,mtme_UniTE-ref-refA,0.28919250747521286,0.935537336231014,-0.04284724135993101,-0.07945508602945288,-0.019129573540873274,-0.01839870563470236,-0.040488610774808594,0.0012469260670378405,-0.04753821625393351,-0.08628314808093915,-0.023767747669378222,-0.03361551722617495,-0.07767925259883693,0.0
ende,14,Online-B vs Online-G,0.01,88.1375,107.99649999999963,107.99649999999963,uniform,weighted,0.1838855888848221,False,0.0,0.0,0.0,mtme_UniTE-refA,0.2820396409930474,0.934069874660218,-0.0464354339861317,-0.0870922626526855,-0.017079592940935723,-0.012143386809832624,-0.03175924821291238,0.007484181037253423,-0.052183036654345205,-0.09601379658944875,-0.021299903332156377,-0.027312477990024897,-0.061854058701212286,0.0
ende,14,Online-B vs Online-G,0.01,88.1375,107.99649999999963,107.99649999999963,uniform,weighted,0.1838855888848221,False,0.0,0.0,0.0,mtme_UniTE-src-src,0.21049641625390747,0.8781288793774996,-0.03605078238559689,-0.0733408679869284,-0.005707958984446405,-0.008442806179296714,-0.02559182832071934,0.009139785292136713,-0.04084828283806785,-0.08412423981452151,0.0,-0.021107015448241784,-0.054959913276474606,0.0
ende,14,Online-B vs Online-G,0.01,88.1375,107.99649999999963,107.99649999999963,uniform,weighted,0.1838855888848221,False,0.0,0.0,0.0,mtme_YiSi-1-refA,0.141712980815326,0.9374352886959156,-0.041704979347437776,-0.08862589515445411,-0.017971779564341553,-0.013400177570758842,-0.031598417296207555,0.001350066096944835,-0.04428564537566282,-0.08863193685526005,-0.020204515307502394,-0.004221403089648357,-0.01889822803899528,0.011878024031962574
ende,14,Online-B vs Online-G,0.01,88.1375,107.99649999999963,107.99649999999963,uniform,weighted,0.1838855888848221,False,0.0,0.0,0.0,mtme_chrF-refA,0.1018385014583271,0.913148721285636,-0.0192005753432396,-0.03296571126283547,0.0,0.0050920674768882845,-0.007189950844794962,0.02118852640165226,-0.013423547019826954,-0.027353158629718082,0.0005749338232907844,0.006392410392896064,-0.007183133383782086,0.017787440448111962
ende,14,Online-B vs Online-G,0.01,88.1375,107.99649999999963,107.99649999999963,uniform,weighted,0.1838855888848221,False,0.0,0.0,0.0,mtme_f101spBLEU-refA,0.08494266357782652,0.8322237271443311,-0.02397931033398204,-0.04319266318950927,-0.0032341587740209454,-0.0015830261586180505,-0.012054982394881592,0.011030955294332003,-0.02189852852755103,-0.03751137453420649,0.0,0.003933580151717853,-0.009109985385184117,0.014204171004158434
ende,14,Online-B vs Online-G,0.01,88.1375,107.99649999999963,107.99649999999963,uniform,weighted,0.1838855888848221,False,0.0,0.0,0.0,mtme_f200spBLEU-refA,0.08195485935944286,0.8109386629133486,-0.021304893718069318,-0.037942995136534,0.0,-0.0027670782447390962,-0.01256363564379539,0.009278494746921623,-0.020433387295638372,-0.03377320598412887,0.0,0.0033741496526414894,-0.0074850747927019175,0.0159651822975161
ende,14,Online-B vs Online-G,0.01,88.1375,107.99649999999963,107.99649999999963,uniform,weighted,0.1838855888848221,False,0.0,0.0,0.0,mtme_metricx_xl_DA_2019-refA,0.384208040902393,0.9809205978427264,-0.020775684391786786,-0.03963721665154381,0.001637636870953261,0.010553507724120115,-0.00736486434464127,0.027317355732322447,-0.019639820471961666,-0.04456775158350029,0.0027368094253428124,0.010553507724120115,-0.00446467378858405,0.029707480971970054
ende,14,Online-B vs Online-G,0.01,88.1375,107.99649999999963,107.99649999999963,uniform,weighted,0.1838855888848221,False,0.0,0.0,0.0,mtme_metricx_xl_MQM_2020-refA,0.39525806477876624,0.9616341585507984,-0.011934775646836648,-0.039997519200652386,0.011470351167497533,0.010553507724120115,0.0,0.039838864822149225,-0.007064041460500103,-0.03763472479949832,0.011379405502979969,0.010553507724120115,-0.005694413422286459,0.033349093501903036
ende,14,Online-B vs Online-G,0.01,88.1375,107.99649999999963,107.99649999999963,uniform,weighted,0.1838855888848221,False,0.0,0.0,0.0,mtme_metricx_xxl_DA_2019-refA,0.37548611687784594,0.9781893317652096,-0.018967790909568683,-0.04735565527271415,0.006193071080994501,0.010553507724120115,0.0,0.03729665406123415,-0.013719560041357104,-0.04406206430585013,0.011969916808665527,0.010553507724120115,0.0,0.039838864822149225
ende,14,Online-B vs Online-G,0.01,88.1375,107.99649999999963,107.99649999999963,uniform,weighted,0.1838855888848221,False,0.0,0.0,0.0,mtme_metricx_xxl_MQM_2020-refA,0.38962536704733486,0.9670998023955928,-0.007064041460500103,-0.04248218142932861,0.015685085410600867,0.010553507724120115,0.0,0.039838864822149225,-0.0067843978226489465,-0.04122849987735492,0.014204583297732006,0.010553507724120115,0.0,0.03548330677582712
ende,14,Online-B vs Online-G,0.02,88.1375,107.99649999999963,107.99649999999963,uniform,dedup,0.1838855888848221,False,0.0,0.0,0.0,mtme_BERTScore-refA,0.11062671530338819,0.906706577010188,0.0,0.0,0.0,0.0,0.0,0.0,0.0,0.0,0.0,0.0,0.0,0.0
ende,14,Online-B vs Online-G,0.02,88.1375,107.99649999999963,107.99649999999963,uniform,dedup,0.1838855888848221,False,0.0,0.0,0.0,mtme_BLEU-refA,0.07924346491926193,0.8634063310084908,0.0,0.0,0.0,0.0,0.0,0.0,0.0,0.0,0.0,0.0,0.0,0.0
ende,14,Online-B vs Online-G,0.02,88.1375,107.99649999999963,107.99649999999963,uniform,dedup,0.1838855888848221,False,0.0,0.0,0.0,mtme_BLEURT-20-refA,0.3057697001556826,0.977419310947295,0.0,0.0,0.0,0.0,0.0,0.0,0.0,0.0,0.0,0.0,0.0,0.0
ende,14,Online-B vs Online-G,0.02,88.1375,107.99649999999963,107.99649999999963,uniform,dedup,0.1838855888848221,False,0.0,0.0,0.0,mtme_COMET-20-refA,0.26305192549180767,0.9858264490713564,0.0,0.0,0.0,0.0,0.0,0.0,0.0,0.0,0.0,0.0,0.0,0.0
ende,14,Online-B vs Online-G,0.02,88.1375,107.99649999999963,107.99649999999963,uniform,dedup,0.1838855888848221,False,0.0,0.0,0.0,mtme_COMET-22-refA,0.29249682108525066,0.9524733537563392,0.0,0.0,0.0,0.0,0.0,0.0,0.0,0.0,0.0,0.0,0.0,0.0
ende,14,Online-B vs Online-G,0.02,88.1375,107.99649999999963,107.99649999999963,uniform,dedup,0.1838855888848221,False,0.0,0.0,0.0,mtme_COMET-QE-src,0.16669682096671679,0.8324986400919704,0.0,0.0,0.0,0.0,0.0,0.0,0.0,0.0,0.0,0.0,0.0,0.0
ende,14,Online-B vs Online-G,0.02,88.1375,107.99649999999963,107.99649999999963,uniform,dedup,0.1838855888848221,False,0.0,0.0,0.0,mtme_COMETKiwi-src,0.24640833339420445,0.9226539774777828,0.0,0.0,0.0,0.0,0.0,0.0,0.0,0.0,0.0,0.0,0.0,0.0
ende,14,Online-B vs Online-G,0.02,88.1375,107.99649999999963,107.99649999999963,uniform,dedup,0.1838855888848221,False,0.0,0.0,0.0,mtme_Cross-QE-src,0.24765551967900948,0.9403569774408737,0.0,0.0,0.0,0.0,0.0,0.0,0.0,0.0,0.0,0.0,0.0,0.0
ende,14,Online-B vs Online-G,0.02,88.1375,107.99649999999963,107.99649999999963,uniform,dedup,0.1838855888848221,False,0.0,0.0,0.0,mtme_HWTSC-TLM-src,0.09654183826227583,0.7686262691697412,0.0,0.0,0.0,0.0,0.0,0.0,0.0,0.0,0.0,0.0,0.0,0.0
ende,14,Online-B vs Online-G,0.02,88.1375,107.99649999999963,107.99649999999963,uniform,dedup,0.1838855888848221,False,0.0,0.0,0.0,mtme_HWTSC-Teacher-Sim-src,0.11642814625597017,0.6922672434936012,0.0,0.0,0.0,0.0,0.0,0.0,0.0,0.0,0.0,0.0,0.0,0.0
ende,14,Online-B vs Online-G,0.02,88.1375,107.99649999999963,107.99649999999963,uniform,dedup,0.1838855888848221,False,0.0,0.0,0.0,mtme_KG-BERTScore-src,0.1224385873745561,0.6378374846052578,0.0,0.0,0.0,0.0,0.0,0.0,0.0,0.0,0.0,0.0,0.0,0.0
ende,14,Online-B vs Online-G,0.02,88.1375,107.99649999999963,107.99649999999963,uniform,dedup,0.1838855888848221,False,0.0,0.0,0.0,mtme_MATESE-QE-src,0.08250503835666508,0.7648995070123706,0.0,0.0,0.0,0.0,0.0,0.0,0.0,0.0,0.0,0.0,0.0,0.0
ende,14,Online-B vs Online-G,0.02,88.1375,107.99649999999963,107.99649999999963,uniform,dedup,0.1838855888848221,False,0.0,0.0,0.0,mtme_MATESE-refA,0.16039107132674113,0.9246232659550914,0.0,0.0,0.0,0.0,0.0,0.0,0.0,0.0,0.0,0.0,0.0,0.0
ende,14,Online-B vs Online-G,0.02,88.1375,107.99649999999963,107.99649999999963,uniform,dedup,0.1838855888848221,False,0.0,0.0,0.0,mtme_MEE-refA,0.08806587423392298,0.8768362437607912,0.0,0.0,0.0,0.0,0.0,0.0,0.0,0.0,0.0,0.0,0.0,0.0
ende,14,Online-B vs Online-G,0.02,88.1375,107.99649999999963,107.99649999999963,uniform,dedup,0.1838855888848221,False,0.0,0.0,0.0,mtme_MEE2-refA,0.10472059326229916,0.8910462707906135,0.0,0.0,0.0,0.0,0.0,0.0,0.0,0.0,0.0,0.0,0.0,0.0
ende,14,Online-B vs Online-G,0.02,88.1375,107.99649999999963,107.99649999999963,uniform,dedup,0.1838855888848221,False,0.0,0.0,0.0,mtme_MEE4-refA,0.12054162171811372,0.89207408156182,0.0,0.0,0.0,0.0,0.0,0.0,0.0,0.0,0.0,0.0,0.0,0.0
ende,14,Online-B vs Online-G,0.02,88.1375,107.99649999999963,107.99649999999963,uniform,dedup,0.1838855888848221,False,0.0,0.0,0.0,mtme_MS-COMET-22-refA,0.13776434619608924,0.9163007970087684,0.0,0.0,0.0,0.0,0.0,0.0,0.0,0.0,0.0,0.0,0.0,0.0
ende,14,Online-B vs Online-G,0.02,88.1375,107.99649999999963,107.99649999999963,uniform,dedup,0.1838855888848221,False,0.0,0.0,0.0,mtme_MS-COMET-QE-22-src,0.09793641534501207,0.7522191383266835,0.0,0.0,0.0,0.0,0.0,0.0,0.0,0.0,0.0,0.0,0.0,0.0
ende,14,Online-B vs Online-G,0.02,88.1375,107.99649999999963,107.99649999999963,uniform,dedup,0.1838855888848221,False,0.0,0.0,0.0,mtme_REUSE-src,-0.015163937623725102,-0.7189752875124902,0.0,0.0,0.0,0.0,0.0,0.0,0.0,0.0,0.0,0.0,0.0,0.0
ende,14,Online-B vs Online-G,0.02,88.1375,107.99649999999963,107.99649999999963,uniform,dedup,0.1838855888848221,False,0.0,0.0,0.0,mtme_SEScore-refA,0.12328188892827949,0.8627443368691673,0.0,0.0,0.0,0.0,0.0,0.0,0.0,0.0,0.0,0.0,0.0,0.0
ende,14,Online-B vs Online-G,0.02,88.1375,107.99649999999963,107.99649999999963,uniform,dedup,0.1838855888848221,False,0.0,0.0,0.0,mtme_UniTE-ref-refA,0.28919250747521286,0.935537336231014,0.0,0.0,0.0,0.0,0.0,0.0,0.0,0.0,0.0,0.0,0.0,0.0
ende,14,Online-B vs Online-G,0.02,88.1375,107.99649999999963,107.99649999999963,uniform,dedup,0.1838855888848221,False,0.0,0.0,0.0,mtme_UniTE-refA,0.2820396409930474,0.934069874660218,0.0,0.0,0.0,0.0,0.0,0.0,0.0,0.0,0.0,0.0,0.0,0.0
ende,14,Online-B vs Online-G,0.02,88.1375,107.99649999999963,107.99649999999963,uniform,dedup,0.1838855888848221,False,0.0,0.0,0.0,mtme_UniTE-src-src,0.21049641625390747,0.8781288793774996,0.0,0.0,0.0,0.0,0.0,0.0,0.0,0.0,0.0,0.0,0.0,0.0
ende,14,Online-B vs Online-G,0.02,88.1375,107.99649999999963,107.99649999999963,uniform,dedup,0.1838855888848221,False,0.0,0.0,0.0,mtme_YiSi-1-refA,0.141712980815326,0.9374352886959156,0.0,0.0,0.0,0.0,0.0,0.0,0.0,0.0,0.0,0.0,0.0,0.0
ende,14,Online-B vs Online-G,0.02,88.1375,107.99649999999963,107.99649999999963,uniform,dedup,0.1838855888848221,False,0.0,0.0,0.0,mtme_chrF-refA,0.1018385014583271,0.913148721285636,0.0,0.0,0.0,0.0,0.0,0.0,0.0,0.0,0.0,0.0,0.0,0.0
ende,14,Online-B vs Online-G,0.02,88.1375,107.99649999999963,107.99649999999963,uniform,dedup,0.1838855888848221,False,0.0,0.0,0.0,mtme_f101spBLEU-refA,0.08494266357782652,0.8322237271443311,0.0,0.0,0.0,0.0,0.0,0.0,0.0,0.0,0.0,0.0,0.0,0.0
ende,14,Online-B vs Online-G,0.02,88.1375,107.99649999999963,107.99649999999963,uniform,dedup,0.1838855888848221,False,0.0,0.0,0.0,mtme_f200spBLEU-refA,0.08195485935944286,0.8109386629133486,0.0,0.0,0.0,0.0,0.0,0.0,0.0,0.0,0.0,0.0,0.0,0.0
ende,14,Online-B vs Online-G,0.02,88.1375,107.99649999999963,107.99649999999963,uniform,dedup,0.1838855888848221,False,0.0,0.0,0.0,mtme_metricx_xl_DA_2019-refA,0.384208040902393,0.9809205978427264,0.0,0.0,0.0,0.0,0.0,0.0,0.0,0.0,0.0,0.0,0.0,0.0
ende,14,Online-B vs Online-G,0.02,88.1375,107.99649999999963,107.99649999999963,uniform,dedup,0.1838855888848221,False,0.0,0.0,0.0,mtme_metricx_xl_MQM_2020-refA,0.39525806477876624,0.9616341585507984,0.0,0.0,0.0,0.0,0.0,0.0,0.0,0.0,0.0,0.0,0.0,0.0
ende,14,Online-B vs Online-G,0.02,88.1375,107.99649999999963,107.99649999999963,uniform,dedup,0.1838855888848221,False,0.0,0.0,0.0,mtme_metricx_xxl_DA_2019-refA,0.37548611687784594,0.9781893317652096,0.0,0.0,0.0,0.0,0.0,0.0,0.0,0.0,0.0,0.0,0.0,0.0
ende,14,Online-B vs Online-G,0.02,88.1375,107.99649999999963,107.99649999999963,uniform,dedup,0.1838855888848221,False,0.0,0.0,0.0,mtme_metricx_xxl_MQM_2020-refA,0.38962536704733486,0.9670998023955928,0.0,0.0,0.0,0.0,0.0,0.0,0.0,0.0,0.0,0.0,0.0,0.0
ende,15,Online-B vs Online-Y,0.01,89.8165,109.67549999999956,109.57649999999961,dedup,dedup,0.18107052167530246,False,0.0009026628554230642,-0.000661742935483106,0.0024169755759864747,mtme_BERTScore-refA,0.16912300706788863,0.906706577010188,0.0,0.0,0.0,0.0,0.0,0.0,0.0,0.0,0.0,0.0,0.0,0.0
ende,15,Online-B vs Online-Y,0.01,89.8165,109.67549999999956,109.57649999999961,dedup,dedup,0.18107052167530246,False,0.0009026628554230642,-0.000661742935483106,0.0024169755759864747,mtme_BLEU-refA,0.13174225230779396,0.8634063310084908,0.0,0.0,0.0,0.0,0.0,0.0,0.0,0.0,0.0,0.0,0.0,0.0
ende,15,Online-B vs Online-Y,0.01,89.8165,109.67549999999956,109.57649999999961,dedup,dedup,0.18107052167530246,False,0.0009026628554230642,-0.000661742935483106,0.0024169755759864747,mtme_BLEURT-20-refA,0.283236235121025,0.977419310947295,0.0,0.0,0.0,0.0,0.0,0.0,0.0,0.0,0.0,0.0,0.0,0.0
ende,15,Online-B vs Online-Y,0.01,89.8165,109.67549999999956,109.57649999999961,dedup,dedup,0.18107052167530246,False,0.0009026628554230642,-0.000661742935483106,0.0024169755759864747,mtme_COMET-20-refA,0.2670124960958631,0.9858264490713564,0.0,0.0,0.0,0.0,0.0,0.0,0.0,0.0,0.0,0.0,0.0,0.0
ende,15,Online-B vs Online-Y,0.01,89.8165,109.67549999999956,109.57649999999961,dedup,dedup,0.18107052167530246,False,0.0009026628554230642,-0.000661742935483106,0.0024169755759864747,mtme_COMET-22-refA,0.2845804574570233,0.9524733537563392,0.0,0.0,0.0,0.0,0.0,0.0,0.0,0.0,0.0,0.0,0.0,0.0
ende,15,Online-B vs Online-Y,0.01,89.8165,109.67549999999956,109.57649999999961,dedup,dedup,0.18107052167530246,False,0.0009026628554230642,-0.000661742935483106,0.0024169755759864747,mtme_COMET-QE-src,0.21518080689593597,0.8324986400919704,0.0,0.0,0.0,0.0,0.0,0.0,0.0,0.0,0.0,0.0,0.0,0.0
ende,15,Online-B vs Online-Y,0.01,89.8165,109.67549999999956,109.57649999999961,dedup,dedup,0.18107052167530246,False,0.0009026628554230642,-0.000661742935483106,0.0024169755759864747,mtme_COMETKiwi-src,0.23692943892184176,0.9226539774777828,0.0,0.0,0.0,0.0,0.0,0.0,0.0,0.0,0.0,0.0,0.0,0.0
ende,15,Online-B vs Online-Y,0.01,89.8165,109.67549999999956,109.57649999999961,dedup,dedup,0.18107052167530246,False,0.0009026628554230642,-0.000661742935483106,0.0024169755759864747,mtme_Cross-QE-src,0.24568438939121373,0.9403569774408737,0.0,0.0,0.0,0.0,0.0,0.0,0.0,0.0,0.0,0.0,0.0,0.0
ende,15,Online-B vs Online-Y,0.01,89.8165,109.67549999999956,109.57649999999961,dedup,dedup,0.18107052167530246,False,0.0009026628554230642,-0.000661742935483106,0.0024169755759864747,mtme_HWTSC-TLM-src,0.133318265351467,0.7686262691697412,0.0,0.0,0.0,0.0,0.0,0.0,0.0,0.0,0.0,0.0,0.0,0.0
ende,15,Online-B vs Online-Y,0.01,89.8165,109.67549999999956,109.57649999999961,dedup,dedup,0.18107052167530246,False,0.0009026628554230642,-0.000661742935483106,0.0024169755759864747,mtme_HWTSC-Teacher-Sim-src,0.14755700201287986,0.6922672434936012,0.0,0.0,0.0,0.0,0.0,0.0,0.0,0.0,0.0,0.0,0.0,0.0
ende,15,Online-B vs Online-Y,0.01,89.8165,109.67549999999956,109.57649999999961,dedup,dedup,0.18107052167530246,False,0.0009026628554230642,-0.000661742935483106,0.0024169755759864747,mtme_KG-BERTScore-src,0.12060084911524281,0.6378374846052578,0.0,0.0,0.0,0.0,0.0,0.0,0.0,0.0,0.0,0.0,0.0,0.0
ende,15,Online-B vs Online-Y,0.01,89.8165,109.67549999999956,109.57649999999961,dedup,dedup,0.18107052167530246,False,0.0009026628554230642,-0.000661742935483106,0.0024169755759864747,mtme_MATESE-QE-src,0.20275173330429413,0.7648995070123706,0.0,0.0,0.0,0.0,0.0,0.0,0.0,0.0,0.0,0.0,0.0,0.0
ende,15,Online-B vs Online-Y,0.01,89.8165,109.67549999999956,109.57649999999961,dedup,dedup,0.18107052167530246,False,0.0009026628554230642,-0.000661742935483106,0.0024169755759864747,mtme_MATESE-refA,0.26146604499053416,0.9246232659550914,0.0,0.0,0.0,0.0,0.0,0.0,0.0,0.0,0.0,0.0,0.0,0.0
ende,15,Online-B vs Online-Y,0.01,89.8165,109.67549999999956,109.57649999999961,dedup,dedup,0.18107052167530246,False,0.0009026628554230642,-0.000661742935483106,0.0024169755759864747,mtme_MEE-refA,0.1472927657596133,0.8768362437607912,0.0,0.0,0.0,0.0,0.0,0.0,0.0,0.0,0.0,0.0,0.0,0.0
ende,15,Online-B vs Online-Y,0.01,89.8165,109.67549999999956,109.57649999999961,dedup,dedup,0.18107052167530246,False,0.0009026628554230642,-0.000661742935483106,0.0024169755759864747,mtme_MEE2-refA,0.15760943610635092,0.8910462707906135,0.0,0.0,0.0,0.0,0.0,0.0,0.0,0.0,0.0,0.0,0.0,0.0
ende,15,Online-B vs Online-Y,0.01,89.8165,109.67549999999956,109.57649999999961,dedup,dedup,0.18107052167530246,False,0.0009026628554230642,-0.000661742935483106,0.0024169755759864747,mtme_MEE4-refA,0.17712874216068236,0.89207408156182,0.0,0.0,0.0,0.0,0.0,0.0,0.0,0.0,0.0,0.0,0.0,0.0
ende,15,Online-B vs Online-Y,0.01,89.8165,109.67549999999956,109.57649999999961,dedup,dedup,0.18107052167530246,False,0.0009026628554230642,-0.000661742935483106,0.0024169755759864747,mtme_MS-COMET-22-refA,0.24734213673148175,0.9163007970087684,0.0,0.0,0.0,0.0,0.0,0.0,0.0,0.0,0.0,0.0,0.0,0.0
ende,15,Online-B vs Online-Y,0.01,89.8165,109.67549999999956,109.57649999999961,dedup,dedup,0.18107052167530246,False,0.0009026628554230642,-0.000661742935483106,0.0024169755759864747,mtme_MS-COMET-QE-22-src,0.1468007857697915,0.7522191383266835,0.0,0.0,0.0,0.0,0.0,0.0,0.0,0.0,0.0,0.0,0.0,0.0
ende,15,Online-B vs Online-Y,0.01,89.8165,109.67549999999956,109.57649999999961,dedup,dedup,0.18107052167530246,False,0.0009026628554230642,-0.000661742935483106,0.0024169755759864747,mtme_REUSE-src,-0.053133101060585775,-0.7189752875124902,0.0,0.0,0.0,0.0,0.0,0.0,0.0,0.0,0.0,0.0,0.0,0.0
ende,15,Online-B vs Online-Y,0.01,89.8165,109.67549999999956,109.57649999999961,dedup,dedup,0.18107052167530246,False,0.0009026628554230642,-0.000661742935483106,0.0024169755759864747,mtme_SEScore-refA,0.1863311358263668,0.8627443368691673,0.0,0.0,0.0,0.0,0.0,0.0,0.0,0.0,0.0,0.0,0.0,0.0
ende,15,Online-B vs Online-Y,0.01,89.8165,109.67549999999956,109.57649999999961,dedup,dedup,0.18107052167530246,False,0.0009026628554230642,-0.000661742935483106,0.0024169755759864747,mtme_UniTE-ref-refA,0.28725514147004083,0.935537336231014,0.0,0.0,0.0,0.0,0.0,0.0,0.0,0.0,0.0,0.0,0.0,0.0
ende,15,Online-B vs Online-Y,0.01,89.8165,109.67549999999956,109.57649999999961,dedup,dedup,0.18107052167530246,False,0.0009026628554230642,-0.000661742935483106,0.0024169755759864747,mtme_UniTE-refA,0.3112574362948044,0.934069874660218,0.0,0.0,0.0,0.0,0.0,0.0,0.0,0.0,0.0,0.0,0.0,0.0
ende,15,Online-B vs Online-Y,0.01,89.8165,109.67549999999956,109.57649999999961,dedup,dedup,0.18107052167530246,False,0.0009026628554230642,-0.000661742935483106,0.0024169755759864747,mtme_UniTE-src-src,0.23149400102004777,0.8781288793774996,0.0,0.0,0.0,0.0,0.0,0.0,0.0,0.0,0.0,0.0,0.0,0.0
ende,15,Online-B vs Online-Y,0.01,89.8165,109.67549999999956,109.57649999999961,dedup,dedup,0.18107052167530246,False,0.0009026628554230642,-0.000661742935483106,0.0024169755759864747,mtme_YiSi-1-refA,0.1900503780308324,0.9374352886959156,0.0,0.0,0.0,0.0,0.0,0.0,0.0,0.0,0.0,0.0,0.0,0.0
ende,15,Online-B vs Online-Y,0.01,89.8165,109.67549999999956,109.57649999999961,dedup,dedup,0.18107052167530246,False,0.0009026628554230642,-0.000661742935483106,0.0024169755759864747,mtme_chrF-refA,0.15895176803302347,0.913148721285636,0.0,0.0,0.0,0.0,0.0,0.0,0.0,0.0,0.0,0.0,0.0,0.0
ende,15,Online-B vs Online-Y,0.01,89.8165,109.67549999999956,109.57649999999961,dedup,dedup,0.18107052167530246,False,0.0009026628554230642,-0.000661742935483106,0.0024169755759864747,mtme_f101spBLEU-refA,0.13559472714043735,0.8322237271443311,0.0,0.0,0.0,0.0,0.0,0.0,0.0,0.0,0.0,0.0,0.0,0.0
ende,15,Online-B vs Online-Y,0.01,89.8165,109.67549999999956,109.57649999999961,dedup,dedup,0.18107052167530246,False,0.0009026628554230642,-0.000661742935483106,0.0024169755759864747,mtme_f200spBLEU-refA,0.13961401256095018,0.8109386629133486,0.0,0.0,0.0,0.0,0.0,0.0,0.0,0.0,0.0,0.0,0.0,0.0
ende,15,Online-B vs Online-Y,0.01,89.8165,109.67549999999956,109.57649999999961,dedup,dedup,0.18107052167530246,False,0.0009026628554230642,-0.000661742935483106,0.0024169755759864747,mtme_metricx_xl_DA_2019-refA,0.35867514769083597,0.9809205978427264,0.0,0.0,0.0,0.0,0.0,0.0,0.0,0.0,0.0,0.0,0.0,0.0
ende,15,Online-B vs Online-Y,0.01,89.8165,109.67549999999956,109.57649999999961,dedup,dedup,0.18107052167530246,False,0.0009026628554230642,-0.000661742935483106,0.0024169755759864747,mtme_metricx_xl_MQM_2020-refA,0.3796397479418616,0.9616341585507984,0.0,0.0,0.0,0.0,0.0,0.0,0.0,0.0,0.0,0.0,0.0,0.0
ende,15,Online-B vs Online-Y,0.01,89.8165,109.67549999999956,109.57649999999961,dedup,dedup,0.18107052167530246,False,0.0009026628554230642,-0.000661742935483106,0.0024169755759864747,mtme_metricx_xxl_DA_2019-refA,0.3492391119398429,0.9781893317652096,0.0,0.0,0.0,0.0,0.0,0.0,0.0,0.0,0.0,0.0,0.0,0.0
ende,15,Online-B vs Online-Y,0.01,89.8165,109.67549999999956,109.57649999999961,dedup,dedup,0.18107052167530246,False,0.0009026628554230642,-0.000661742935483106,0.0024169755759864747,mtme_metricx_xxl_MQM_2020-refA,0.3730474964616399,0.9670998023955928,0.0,0.0,0.0,0.0,0.0,0.0,0.0,0.0,0.0,0.0,0.0,0.0
ende,15,Online-B vs Online-Y,0.02,89.8165,109.67549999999956,109.57649999999961,dedup,dedup,0.18107052167530246,False,0.0009026628554230642,-0.000661742935483106,0.0024169755759864747,mtme_BERTScore-refA,0.16912300706788863,0.906706577010188,0.0,0.0,0.0,0.0,0.0,0.0,0.0,0.0,0.0,0.0,0.0,0.0
ende,15,Online-B vs Online-Y,0.02,89.8165,109.67549999999956,109.57649999999961,dedup,dedup,0.18107052167530246,False,0.0009026628554230642,-0.000661742935483106,0.0024169755759864747,mtme_BLEU-refA,0.13174225230779396,0.8634063310084908,0.0,0.0,0.0,0.0,0.0,0.0,0.0,0.0,0.0,0.0,0.0,0.0
ende,15,Online-B vs Online-Y,0.02,89.8165,109.67549999999956,109.57649999999961,dedup,dedup,0.18107052167530246,False,0.0009026628554230642,-0.000661742935483106,0.0024169755759864747,mtme_BLEURT-20-refA,0.283236235121025,0.977419310947295,0.0,0.0,0.0,0.0,0.0,0.0,0.0,0.0,0.0,0.0,0.0,0.0
ende,15,Online-B vs Online-Y,0.02,89.8165,109.67549999999956,109.57649999999961,dedup,dedup,0.18107052167530246,False,0.0009026628554230642,-0.000661742935483106,0.0024169755759864747,mtme_COMET-20-refA,0.2670124960958631,0.9858264490713564,0.0,0.0,0.0,0.0,0.0,0.0,0.0,0.0,0.0,0.0,0.0,0.0
ende,15,Online-B vs Online-Y,0.02,89.8165,109.67549999999956,109.57649999999961,dedup,dedup,0.18107052167530246,False,0.0009026628554230642,-0.000661742935483106,0.0024169755759864747,mtme_COMET-22-refA,0.2845804574570233,0.9524733537563392,0.0,0.0,0.0,0.0,0.0,0.0,0.0,0.0,0.0,0.0,0.0,0.0
ende,15,Online-B vs Online-Y,0.02,89.8165,109.67549999999956,109.57649999999961,dedup,dedup,0.18107052167530246,False,0.0009026628554230642,-0.000661742935483106,0.0024169755759864747,mtme_COMET-QE-src,0.21518080689593597,0.8324986400919704,0.0,0.0,0.0,0.0,0.0,0.0,0.0,0.0,0.0,0.0,0.0,0.0
ende,15,Online-B vs Online-Y,0.02,89.8165,109.67549999999956,109.57649999999961,dedup,dedup,0.18107052167530246,False,0.0009026628554230642,-0.000661742935483106,0.0024169755759864747,mtme_COMETKiwi-src,0.23692943892184176,0.9226539774777828,0.0,0.0,0.0,0.0,0.0,0.0,0.0,0.0,0.0,0.0,0.0,0.0
ende,15,Online-B vs Online-Y,0.02,89.8165,109.67549999999956,109.57649999999961,dedup,dedup,0.18107052167530246,False,0.0009026628554230642,-0.000661742935483106,0.0024169755759864747,mtme_Cross-QE-src,0.24568438939121373,0.9403569774408737,0.0,0.0,0.0,0.0,0.0,0.0,0.0,0.0,0.0,0.0,0.0,0.0
ende,15,Online-B vs Online-Y,0.02,89.8165,109.67549999999956,109.57649999999961,dedup,dedup,0.18107052167530246,False,0.0009026628554230642,-0.000661742935483106,0.0024169755759864747,mtme_HWTSC-TLM-src,0.133318265351467,0.7686262691697412,0.0,0.0,0.0,0.0,0.0,0.0,0.0,0.0,0.0,0.0,0.0,0.0
ende,15,Online-B vs Online-Y,0.02,89.8165,109.67549999999956,109.57649999999961,dedup,dedup,0.18107052167530246,False,0.0009026628554230642,-0.000661742935483106,0.0024169755759864747,mtme_HWTSC-Teacher-Sim-src,0.14755700201287986,0.6922672434936012,0.0,0.0,0.0,0.0,0.0,0.0,0.0,0.0,0.0,0.0,0.0,0.0
ende,15,Online-B vs Online-Y,0.02,89.8165,109.67549999999956,109.57649999999961,dedup,dedup,0.18107052167530246,False,0.0009026628554230642,-0.000661742935483106,0.0024169755759864747,mtme_KG-BERTScore-src,0.12060084911524281,0.6378374846052578,0.0,0.0,0.0,0.0,0.0,0.0,0.0,0.0,0.0,0.0,0.0,0.0
ende,15,Online-B vs Online-Y,0.02,89.8165,109.67549999999956,109.57649999999961,dedup,dedup,0.18107052167530246,False,0.0009026628554230642,-0.000661742935483106,0.0024169755759864747,mtme_MATESE-QE-src,0.20275173330429413,0.7648995070123706,0.0,0.0,0.0,0.0,0.0,0.0,0.0,0.0,0.0,0.0,0.0,0.0
ende,15,Online-B vs Online-Y,0.02,89.8165,109.67549999999956,109.57649999999961,dedup,dedup,0.18107052167530246,False,0.0009026628554230642,-0.000661742935483106,0.0024169755759864747,mtme_MATESE-refA,0.26146604499053416,0.9246232659550914,0.0,0.0,0.0,0.0,0.0,0.0,0.0,0.0,0.0,0.0,0.0,0.0
ende,15,Online-B vs Online-Y,0.02,89.8165,109.67549999999956,109.57649999999961,dedup,dedup,0.18107052167530246,False,0.0009026628554230642,-0.000661742935483106,0.0024169755759864747,mtme_MEE-refA,0.1472927657596133,0.8768362437607912,0.0,0.0,0.0,0.0,0.0,0.0,0.0,0.0,0.0,0.0,0.0,0.0
ende,15,Online-B vs Online-Y,0.02,89.8165,109.67549999999956,109.57649999999961,dedup,dedup,0.18107052167530246,False,0.0009026628554230642,-0.000661742935483106,0.0024169755759864747,mtme_MEE2-refA,0.15760943610635092,0.8910462707906135,0.0,0.0,0.0,0.0,0.0,0.0,0.0,0.0,0.0,0.0,0.0,0.0
ende,15,Online-B vs Online-Y,0.02,89.8165,109.67549999999956,109.57649999999961,dedup,dedup,0.18107052167530246,False,0.0009026628554230642,-0.000661742935483106,0.0024169755759864747,mtme_MEE4-refA,0.17712874216068236,0.89207408156182,0.0,0.0,0.0,0.0,0.0,0.0,0.0,0.0,0.0,0.0,0.0,0.0
ende,15,Online-B vs Online-Y,0.02,89.8165,109.67549999999956,109.57649999999961,dedup,dedup,0.18107052167530246,False,0.0009026628554230642,-0.000661742935483106,0.0024169755759864747,mtme_MS-COMET-22-refA,0.24734213673148175,0.9163007970087684,0.0,0.0,0.0,0.0,0.0,0.0,0.0,0.0,0.0,0.0,0.0,0.0
ende,15,Online-B vs Online-Y,0.02,89.8165,109.67549999999956,109.57649999999961,dedup,dedup,0.18107052167530246,False,0.0009026628554230642,-0.000661742935483106,0.0024169755759864747,mtme_MS-COMET-QE-22-src,0.1468007857697915,0.7522191383266835,0.0,0.0,0.0,0.0,0.0,0.0,0.0,0.0,0.0,0.0,0.0,0.0
ende,15,Online-B vs Online-Y,0.02,89.8165,109.67549999999956,109.57649999999961,dedup,dedup,0.18107052167530246,False,0.0009026628554230642,-0.000661742935483106,0.0024169755759864747,mtme_REUSE-src,-0.053133101060585775,-0.7189752875124902,0.0,0.0,0.0,0.0,0.0,0.0,0.0,0.0,0.0,0.0,0.0,0.0
ende,15,Online-B vs Online-Y,0.02,89.8165,109.67549999999956,109.57649999999961,dedup,dedup,0.18107052167530246,False,0.0009026628554230642,-0.000661742935483106,0.0024169755759864747,mtme_SEScore-refA,0.1863311358263668,0.8627443368691673,0.0,0.0,0.0,0.0,0.0,0.0,0.0,0.0,0.0,0.0,0.0,0.0
ende,15,Online-B vs Online-Y,0.02,89.8165,109.67549999999956,109.57649999999961,dedup,dedup,0.18107052167530246,False,0.0009026628554230642,-0.000661742935483106,0.0024169755759864747,mtme_UniTE-ref-refA,0.28725514147004083,0.935537336231014,0.0,0.0,0.0,0.0,0.0,0.0,0.0,0.0,0.0,0.0,0.0,0.0
ende,15,Online-B vs Online-Y,0.02,89.8165,109.67549999999956,109.57649999999961,dedup,dedup,0.18107052167530246,False,0.0009026628554230642,-0.000661742935483106,0.0024169755759864747,mtme_UniTE-refA,0.3112574362948044,0.934069874660218,0.0,0.0,0.0,0.0,0.0,0.0,0.0,0.0,0.0,0.0,0.0,0.0
ende,15,Online-B vs Online-Y,0.02,89.8165,109.67549999999956,109.57649999999961,dedup,dedup,0.18107052167530246,False,0.0009026628554230642,-0.000661742935483106,0.0024169755759864747,mtme_UniTE-src-src,0.23149400102004777,0.8781288793774996,0.0,0.0,0.0,0.0,0.0,0.0,0.0,0.0,0.0,0.0,0.0,0.0
ende,15,Online-B vs Online-Y,0.02,89.8165,109.67549999999956,109.57649999999961,dedup,dedup,0.18107052167530246,False,0.0009026628554230642,-0.000661742935483106,0.0024169755759864747,mtme_YiSi-1-refA,0.1900503780308324,0.9374352886959156,0.0,0.0,0.0,0.0,0.0,0.0,0.0,0.0,0.0,0.0,0.0,0.0
ende,15,Online-B vs Online-Y,0.02,89.8165,109.67549999999956,109.57649999999961,dedup,dedup,0.18107052167530246,False,0.0009026628554230642,-0.000661742935483106,0.0024169755759864747,mtme_chrF-refA,0.15895176803302347,0.913148721285636,0.0,0.0,0.0,0.0,0.0,0.0,0.0,0.0,0.0,0.0,0.0,0.0
ende,15,Online-B vs Online-Y,0.02,89.8165,109.67549999999956,109.57649999999961,dedup,dedup,0.18107052167530246,False,0.0009026628554230642,-0.000661742935483106,0.0024169755759864747,mtme_f101spBLEU-refA,0.13559472714043735,0.8322237271443311,0.0,0.0,0.0,0.0,0.0,0.0,0.0,0.0,0.0,0.0,0.0,0.0
ende,15,Online-B vs Online-Y,0.02,89.8165,109.67549999999956,109.57649999999961,dedup,dedup,0.18107052167530246,False,0.0009026628554230642,-0.000661742935483106,0.0024169755759864747,mtme_f200spBLEU-refA,0.13961401256095018,0.8109386629133486,0.0,0.0,0.0,0.0,0.0,0.0,0.0,0.0,0.0,0.0,0.0,0.0
ende,15,Online-B vs Online-Y,0.02,89.8165,109.67549999999956,109.57649999999961,dedup,dedup,0.18107052167530246,False,0.0009026628554230642,-0.000661742935483106,0.0024169755759864747,mtme_metricx_xl_DA_2019-refA,0.35867514769083597,0.9809205978427264,0.0,0.0,0.0,0.0,0.0,0.0,0.0,0.0,0.0,0.0,0.0,0.0
ende,15,Online-B vs Online-Y,0.02,89.8165,109.67549999999956,109.57649999999961,dedup,dedup,0.18107052167530246,False,0.0009026628554230642,-0.000661742935483106,0.0024169755759864747,mtme_metricx_xl_MQM_2020-refA,0.3796397479418616,0.9616341585507984,0.0,0.0,0.0,0.0,0.0,0.0,0.0,0.0,0.0,0.0,0.0,0.0
ende,15,Online-B vs Online-Y,0.02,89.8165,109.67549999999956,109.57649999999961,dedup,dedup,0.18107052167530246,False,0.0009026628554230642,-0.000661742935483106,0.0024169755759864747,mtme_metricx_xxl_DA_2019-refA,0.3492391119398429,0.9781893317652096,0.0,0.0,0.0,0.0,0.0,0.0,0.0,0.0,0.0,0.0,0.0,0.0
ende,15,Online-B vs Online-Y,0.02,89.8165,109.67549999999956,109.57649999999961,dedup,dedup,0.18107052167530246,False,0.0009026628554230642,-0.000661742935483106,0.0024169755759864747,mtme_metricx_xxl_MQM_2020-refA,0.3730474964616399,0.9670998023955928,0.0,0.0,0.0,0.0,0.0,0.0,0.0,0.0,0.0,0.0,0.0,0.0
ende,23,JDExploreAcademy vs Online-A,0.01,89.404,109.26299999999956,109.26299999999956,uniform,weighted,0.18175411621500093,False,0.0,0.0,0.0,mtme_BERTScore-refA,0.14289921155471336,0.906706577010188,-0.041124562635318496,-0.3699387591226223,0.0,0.0022091930948267002,-0.21841703885307798,0.2225900024965127,-0.023044916204860266,-0.3463545709472149,0.007600303276472484,-0.009780131522196589,-0.2838938979868419,0.21051492162873414
ende,23,JDExploreAcademy vs Online-A,0.01,89.404,109.26299999999956,109.26299999999956,uniform,weighted,0.18175411621500093,False,0.0,0.0,0.0,mtme_BLEU-refA,0.09237434012169993,0.8634063310084908,-0.022113275809088284,-0.2791034476305437,0.16928063491548082,0.20508582005595088,-0.020931221324322884,0.22551739779411334,-0.008759763469684101,-0.26748255844687174,0.20863319289349364,0.006174714389818647,-0.0543811861748308,0.24275024039398416
ende,23,JDExploreAcademy vs Online-A,0.01,89.404,109.26299999999956,109.26299999999956,uniform,weighted,0.18175411621500093,False,0.0,0.0,0.0,mtme_BLEURT-20-refA,0.289632889038308,0.977419310947295,0.0019916935888957266,-0.29111548435769175,0.05687753143820453,0.08317404681029317,-0.22685147469957403,0.21394904932793016,0.009536973252768033,-0.291063064228574,0.05800526811646258,0.021865255750249113,-0.26721176030340854,0.17015191184469788
ende,23,JDExploreAcademy vs Online-A,0.01,89.404,109.26299999999956,109.26299999999956,uniform,weighted,0.18175411621500093,False,0.0,0.0,0.0,mtme_COMET-20-refA,0.241867400083942,0.9858264490713564,-0.015392155811016384,-0.31712123028762773,0.02425852401732299,0.05871151098129124,-0.22548900930876228,0.16969885475052207,0.001811249554346528,-0.2928134015606201,0.040378316799025815,0.021288316421549602,-0.26787383136336884,0.08674699146846254
ende,23,JDExploreAcademy vs Online-A,0.01,89.404,109.26299999999956,109.26299999999956,uniform,weighted,0.18175411621500093,False,0.0,0.0,0.0,mtme_COMET-22-refA,0.3196078394861843,0.9524733537563392,-0.0011612779722502964,-0.2932062010712426,0.061318774422160265,0.10863505348945557,-0.17698652771647877,0.2068049540524858,0.022629980040506426,-0.2819111531001011,0.07934828113784623,0.02776941281026679,-0.2555428877604081,0.17997095900904833
ende,23,JDExploreAcademy vs Online-A,0.01,89.404,109.26299999999956,109.26299999999956,uniform,weighted,0.18175411621500093,False,0.0,0.0,0.0,mtme_COMET-QE-src,0.2134656053306166,0.8324986400919704,0.0032527513303513,-0.3325974604529477,0.04322843007010538,0.06506541639142127,-0.23996202381550238,0.16851566352101247,0.009703122612572668,-0.30194478391208585,0.04467212999945754,0.038857412314238116,-0.26273357500323086,0.11552993925347987
ende,23,JDExploreAcademy vs Online-A,0.01,89.404,109.26299999999956,109.26299999999956,uniform,weighted,0.18175411621500093,False,0.0,0.0,0.0,mtme_COMETKiwi-src,0.23708835149486474,0.9226539774777828,-0.02304491620486071,-0.35082546740652776,0.01770218311783314,0.04123827110343459,-0.25027674712433884,0.1609117721252403,-0.016742642939342023,-0.3156409613064832,0.03710848299153622,0.004904295668310521,-0.279451051267167,0.14554658831693987
ende,23,JDExploreAcademy vs Online-A,0.01,89.404,109.26299999999956,109.26299999999956,uniform,weighted,0.18175411621500093,False,0.0,0.0,0.0,mtme_Cross-QE-src,0.22330309083279315,0.9403569774408737,-0.02066405741566424,-0.37070481397196975,0.020825768660388922,0.07240675304772082,-0.2366041115765193,0.19258832009032611,0.011569107730374895,-0.2960913208431993,0.0691051952404522,0.027212848417987767,-0.2495184045811254,0.20070040522354374
ende,23,JDExploreAcademy vs Online-A,0.01,89.404,109.26299999999956,109.26299999999956,uniform,weighted,0.18175411621500093,False,0.0,0.0,0.0,mtme_HWTSC-TLM-src,0.07818714550782677,0.7686262691697412,0.0037397451735957654,-0.32315446219225047,0.028875085580890494,0.05146650908071637,-0.2526959091135577,0.141004617288555,0.030524406552051686,-0.2847178932474652,0.06758451847489863,0.022090087649899948,-0.2804240489109675,0.11634443603749876
ende,23,JDExploreAcademy vs Online-A,0.01,89.404,109.26299999999956,109.26299999999956,uniform,weighted,0.18175411621500093,False,0.0,0.0,0.0,mtme_HWTSC-Teacher-Sim-src,0.0872872374164068,0.6922672434936012,-0.023044916204859822,-0.3711428738358491,0.01942967412116278,0.04890944958639609,-0.27142319953567645,0.12780353696657928,0.0026683587184578306,-0.3322777595932409,0.05037432365667053,0.012376431903791896,-0.1803006088620598,0.16900592903932282
ende,23,JDExploreAcademy vs Online-A,0.01,89.404,109.26299999999956,109.26299999999956,uniform,weighted,0.18175411621500093,False,0.0,0.0,0.0,mtme_KG-BERTScore-src,0.07777064227878538,0.6378374846052578,-0.02551734648594839,-0.37468714655592317,0.0017225317287209968,0.04123827110343392,-0.2659584615860946,0.11907283927590774,0.00047332305427238985,-0.31728241634414556,0.037464978241062916,0.010287106843885119,-0.2062355956172418,0.1557880252309042
ende,23,JDExploreAcademy vs Online-A,0.01,89.404,109.26299999999956,109.26299999999956,uniform,weighted,0.18175411621500093,False,0.0,0.0,0.0,mtme_MATESE-QE-src,0.12500091956480153,0.7648995070123706,-0.09283232432842636,-0.4104260094480611,-0.027933522511602617,0.010287106843885119,-0.28357315743037254,0.06774626139749718,-0.08865859397512477,-0.40718924984761445,-0.03304545248669647,-0.0024742962662058776,-0.3008726851119424,0.06643477634560237
ende,23,JDExploreAcademy vs Online-A,0.01,89.404,109.26299999999956,109.26299999999956,uniform,weighted,0.18175411621500093,False,0.0,0.0,0.0,mtme_MATESE-refA,0.12022260490955905,0.9246232659550914,-0.039634125832807676,-0.36498906310350604,-0.004024343054138889,0.022871646158206915,-0.2777976604968457,0.09930438387800668,-0.029761070102742204,-0.3394573098409591,0.0,-0.007999914919939899,-0.308578841696548,0.1493246253551546
ende,23,JDExploreAcademy vs Online-A,0.01,89.404,109.26299999999956,109.26299999999956,uniform,weighted,0.18175411621500093,False,0.0,0.0,0.0,mtme_MEE-refA,0.10517920960113815,0.8768362437607912,-0.02568669102574961,-0.34563278961503435,0.006296300695639998,0.01417166592099428,-0.2776497838803351,0.14216868570192395,-0.010991818584555224,-0.32671184218085914,0.02162925107970107,0.20508582005595088,-0.03890565053307137,0.24275024039398416
ende,23,JDExploreAcademy vs Online-A,0.01,89.404,109.26299999999956,109.26299999999956,uniform,weighted,0.18175411621500093,False,0.0,0.0,0.0,mtme_MEE2-refA,0.12258571542809282,0.8910462707906135,-0.02385862743661149,-0.32668916015987076,0.010621978395508685,0.20508582005595088,-0.013281619529601822,0.24655739459073833,-0.01688077495611995,-0.30870063929297664,0.15467269937466485,0.20508582005595088,-0.1730168315774332,0.22592341506204947
ende,23,JDExploreAcademy vs Online-A,0.01,89.404,109.26299999999956,109.26299999999956,uniform,weighted,0.18175411621500093,False,0.0,0.0,0.0,mtme_MEE4-refA,0.14319445326655691,0.89207408156182,-0.0328764624990705,-0.34031176728840984,0.00798049089681944,0.009623588820666273,-0.2365600673723234,0.22766800031446582,-0.017489579030069757,-0.3246981692838471,0.01856772910529736,0.20508582005595088,-0.25016455346341776,0.25847027216292023
ende,23,JDExploreAcademy vs Online-A,0.01,89.404,109.26299999999956,109.26299999999956,uniform,weighted,0.18175411621500093,False,0.0,0.0,0.0,mtme_MS-COMET-22-refA,0.1462528207687882,0.9163007970087684,-0.01486341963835014,-0.33888971827662395,0.017054154466493464,0.08470828250688445,-0.033407817297228366,0.223944364447689,-0.017943075942297382,-0.31898502014067526,0.014602754904581341,0.043676397598019,-0.2217843225775546,0.16868663355973706
ende,23,JDExploreAcademy vs Online-A,0.01,89.404,109.26299999999956,109.26299999999956,uniform,weighted,0.18175411621500093,False,0.0,0.0,0.0,mtme_MS-COMET-QE-22-src,0.10998548908513134,0.7522191383266835,-0.02109694083188196,-0.3566662517613584,0.01285827209567051,0.0917165196394677,-0.22101765515452348,0.2141597159867309,-0.01347082447809278,-0.3579674421475798,0.016809797134016858,0.011392505567440092,-0.27477379788770967,0.04697579621251873
ende,23,JDExploreAcademy vs Online-A,0.01,89.404,109.26299999999956,109.26299999999956,uniform,weighted,0.18175411621500093,False,0.0,0.0,0.0,mtme_REUSE-src,-0.09142777784885289,-0.7189752875124902,-0.007850708295627173,-0.3108476054687962,0.004542631822559493,-0.006974119377786803,-0.2870363838552996,0.003098560223259729,-0.005737904237242297,-0.2979586045550769,0.004434196776227945,0.0,0.0,0.0
ende,23,JDExploreAcademy vs Online-A,0.01,89.404,109.26299999999956,109.26299999999956,uniform,weighted,0.18175411621500093,False,0.0,0.0,0.0,mtme_SEScore-refA,0.15719419507345947,0.8627443368691673,-0.04009963936828531,-0.3723370438642941,0.004907102216992788,0.06370386523210803,-0.23285839534401206,0.17753248412216735,-0.024356817986662005,-0.36920831780516083,0.017414191800780462,-0.0001644597052981034,-0.2994597993389767,0.14570785174951298
ende,23,JDExploreAcademy vs Online-A,0.01,89.404,109.26299999999956,109.26299999999956,uniform,weighted,0.18175411621500093,False,0.0,0.0,0.0,mtme_UniTE-ref-refA,0.2499979846775017,0.935537336231014,-0.02167718881532177,-0.3723431306198348,0.028746949520819513,0.08084428149324419,-0.24832688625615118,0.19349448851619994,0.0045050212129802425,-0.32293075143477373,0.06323925447747904,0.0009037222041122783,-0.32136286172623474,0.17774506632708953
ende,23,JDExploreAcademy vs Online-A,0.01,89.404,109.26299999999956,109.26299999999956,uniform,weighted,0.18175411621500093,False,0.0,0.0,0.0,mtme_UniTE-refA,0.23831394444705867,0.934069874660218,-0.023044916204860044,-0.3650121558825176,0.0246008155733388,0.06370386523210858,-0.2593691771207975,0.19026528415686667,0.0034246315103199088,-0.3200242115642785,0.0641260006327206,0.010287106843885119,-0.3145274472421868,0.1629104024795883
ende,23,JDExploreAcademy vs Online-A,0.01,89.404,109.26299999999956,109.26299999999956,uniform,weighted,0.18175411621500093,False,0.0,0.0,0.0,mtme_UniTE-src-src,0.16741639570486405,0.8781288793774996,-0.03356398321894494,-0.3682623371823135,0.011773914393829065,0.017502940404986678,-0.27588211413906283,0.17688547931026047,-0.040576694561668125,-0.3649615621598575,0.000133709768853124,0.009623588820666273,-0.2873910738022029,0.15818297111039098
ende,23,JDExploreAcademy vs Online-A,0.01,89.404,109.26299999999956,109.26299999999956,uniform,weighted,0.18175411621500093,False,0.0,0.0,0.0,mtme_YiSi-1-refA,0.16428668258356546,0.9374352886959156,-0.01951287294616355,-0.32009710004445296,0.02105849164033484,0.027938301315510894,-0.2796388102396216,0.1320082998428252,-0.025486049900112384,-0.34519585362035965,0.00733826399314242,0.011239450359563197,-0.2826515809027665,0.17152901810003818
ende,23,JDExploreAcademy vs Online-A,0.01,89.404,109.26299999999956,109.26299999999956,uniform,weighted,0.18175411621500093,False,0.0,0.0,0.0,mtme_chrF-refA,0.13817778417759427,0.913148721285636,-0.006028778387959344,-0.30830045797966754,0.0330171451257163,0.20508582005595088,0.0,0.24616219157984817,0.004193722485094864,-0.2650364903023334,0.20861106805841517,0.20508582005595088,-0.24019993780648927,0.24655739459073833
ende,23,JDExploreAcademy vs Online-A,0.01,89.404,109.26299999999956,109.26299999999956,uniform,weighted,0.18175411621500093,False,0.0,0.0,0.0,mtme_f101spBLEU-refA,0.12315806916471628,0.8322237271443311,-0.013402438108616632,-0.31113319646200316,0.021504021617415908,0.02162645124666618,-0.16303617101172252,0.22172713392845286,-0.00467829125963326,-0.3125153178380054,0.15398211989141875,0.01073099577068426,-0.2690071680449874,0.20832502872787306
ende,23,JDExploreAcademy vs Online-A,0.01,89.404,109.26299999999956,109.26299999999956,uniform,weighted,0.18175411621500093,False,0.0,0.0,0.0,mtme_f200spBLEU-refA,0.12346960728859403,0.8109386629133486,-0.007653167131043803,-0.2997777501882719,0.15398211989141875,0.20508582005595088,-0.013100148420593703,0.225893087372804,-0.0023084041699268365,-0.30762856945961936,0.034047212375859275,0.009096677449286772,-0.27284620415969374,0.21057160003731304
ende,23,JDExploreAcademy vs Online-A,0.01,89.404,109.26299999999956,109.26299999999956,uniform,weighted,0.18175411621500093,False,0.0,0.0,0.0,mtme_metricx_xl_DA_2019-refA,0.33219050637957437,0.9809205978427264,0.04415047774974412,-0.2641102569015598,0.12052000681984139,0.1797966301907934,-0.05660673006480617,0.23749338055638128,0.06905281621512527,-0.24791513938680618,0.14525652055221314,0.12278005720010232,-0.15435182941965347,0.20550260548607757
ende,23,JDExploreAcademy vs Online-A,0.01,89.404,109.26299999999956,109.26299999999956,uniform,weighted,0.18175411621500093,False,0.0,0.0,0.0,mtme_metricx_xl_MQM_2020-refA,0.3327491797595782,0.9616341585507984,0.0412382711034337,-0.24482953245561684,0.10105713769470354,0.20508582005595088,0.0,0.25847027216292023,0.056487644087745426,-0.2309132252521751,0.11515748713929908,0.09365799073700576,-0.19077537141794934,0.17023349311790725
ende,23,JDExploreAcademy vs Online-A,0.01,89.404,109.26299999999956,109.26299999999956,uniform,weighted,0.18175411621500093,False,0.0,0.0,0.0,mtme_metricx_xxl_DA_2019-refA,0.33465781674702466,0.9781893317652096,0.028003497245843723,-0.27069129794117963,0.08559235015371744,0.12717223771584718,-0.130758985842288,0.22073805396887444,0.04346889747082017,-0.26545879492269286,0.10553332041232705,0.09365799073700598,-0.22547839805149403,0.17908146164356847
ende,23,JDExploreAcademy vs Online-A,0.01,89.404,109.26299999999956,109.26299999999956,uniform,weighted,0.18175411621500093,False,0.0,0.0,0.0,mtme_metricx_xxl_MQM_2020-refA,0.3250933268660391,0.9670998023955928,0.05736741560607128,-0.24427275621607544,0.10844866403647971,0.13599699505642993,-0.12132281959350963,0.22255568267492562,0.04635239009207526,-0.27110750836639275,0.10768734356368974,0.10833551223440796,-0.1518766549634236,0.22172713392845286
ende,23,JDExploreAcademy vs Online-A,0.02,89.404,109.26299999999956,109.25199999999961,weighted,weighted,0.18175411621500093,False,0.00010067451927875393,-0.0018778429148224752,0.0018239803821430759,mtme_BERTScore-refA,0.14289921155471336,0.906706577010188,0.0,0.0,0.0,0.0,0.0,0.0,0.0,0.0,0.0,0.0,0.0,0.0
ende,23,JDExploreAcademy vs Online-A,0.02,89.404,109.26299999999956,109.25199999999961,weighted,weighted,0.18175411621500093,False,0.00010067451927875393,-0.0018778429148224752,0.0018239803821430759,mtme_BLEU-refA,0.09237434012169993,0.8634063310084908,0.0,0.0,0.0,0.0,0.0,0.0,0.0,0.0,0.0,0.0,0.0,0.0
ende,23,JDExploreAcademy vs Online-A,0.02,89.404,109.26299999999956,109.25199999999961,weighted,weighted,0.18175411621500093,False,0.00010067451927875393,-0.0018778429148224752,0.0018239803821430759,mtme_BLEURT-20-refA,0.289632889038308,0.977419310947295,0.0,0.0,0.0,0.0,0.0,0.0,0.0,0.0,0.0,0.0,0.0,0.0
ende,23,JDExploreAcademy vs Online-A,0.02,89.404,109.26299999999956,109.25199999999961,weighted,weighted,0.18175411621500093,False,0.00010067451927875393,-0.0018778429148224752,0.0018239803821430759,mtme_COMET-20-refA,0.241867400083942,0.9858264490713564,0.0,0.0,0.0,0.0,0.0,0.0,0.0,0.0,0.0,0.0,0.0,0.0
ende,23,JDExploreAcademy vs Online-A,0.02,89.404,109.26299999999956,109.25199999999961,weighted,weighted,0.18175411621500093,False,0.00010067451927875393,-0.0018778429148224752,0.0018239803821430759,mtme_COMET-22-refA,0.3196078394861843,0.9524733537563392,0.0,0.0,0.0,0.0,0.0,0.0,0.0,0.0,0.0,0.0,0.0,0.0
ende,23,JDExploreAcademy vs Online-A,0.02,89.404,109.26299999999956,109.25199999999961,weighted,weighted,0.18175411621500093,False,0.00010067451927875393,-0.0018778429148224752,0.0018239803821430759,mtme_COMET-QE-src,0.2134656053306166,0.8324986400919704,0.0,0.0,0.0,0.0,0.0,0.0,0.0,0.0,0.0,0.0,0.0,0.0
ende,23,JDExploreAcademy vs Online-A,0.02,89.404,109.26299999999956,109.25199999999961,weighted,weighted,0.18175411621500093,False,0.00010067451927875393,-0.0018778429148224752,0.0018239803821430759,mtme_COMETKiwi-src,0.23708835149486474,0.9226539774777828,0.0,0.0,0.0,0.0,0.0,0.0,0.0,0.0,0.0,0.0,0.0,0.0
ende,23,JDExploreAcademy vs Online-A,0.02,89.404,109.26299999999956,109.25199999999961,weighted,weighted,0.18175411621500093,False,0.00010067451927875393,-0.0018778429148224752,0.0018239803821430759,mtme_Cross-QE-src,0.22330309083279315,0.9403569774408737,0.0,0.0,0.0,0.0,0.0,0.0,0.0,0.0,0.0,0.0,0.0,0.0
ende,23,JDExploreAcademy vs Online-A,0.02,89.404,109.26299999999956,109.25199999999961,weighted,weighted,0.18175411621500093,False,0.00010067451927875393,-0.0018778429148224752,0.0018239803821430759,mtme_HWTSC-TLM-src,0.07818714550782677,0.7686262691697412,0.0,0.0,0.0,0.0,0.0,0.0,0.0,0.0,0.0,0.0,0.0,0.0
ende,23,JDExploreAcademy vs Online-A,0.02,89.404,109.26299999999956,109.25199999999961,weighted,weighted,0.18175411621500093,False,0.00010067451927875393,-0.0018778429148224752,0.0018239803821430759,mtme_HWTSC-Teacher-Sim-src,0.0872872374164068,0.6922672434936012,0.0,0.0,0.0,0.0,0.0,0.0,0.0,0.0,0.0,0.0,0.0,0.0
ende,23,JDExploreAcademy vs Online-A,0.02,89.404,109.26299999999956,109.25199999999961,weighted,weighted,0.18175411621500093,False,0.00010067451927875393,-0.0018778429148224752,0.0018239803821430759,mtme_KG-BERTScore-src,0.07777064227878538,0.6378374846052578,0.0,0.0,0.0,0.0,0.0,0.0,0.0,0.0,0.0,0.0,0.0,0.0
ende,23,JDExploreAcademy vs Online-A,0.02,89.404,109.26299999999956,109.25199999999961,weighted,weighted,0.18175411621500093,False,0.00010067451927875393,-0.0018778429148224752,0.0018239803821430759,mtme_MATESE-QE-src,0.12500091956480153,0.7648995070123706,0.0,0.0,0.0,0.0,0.0,0.0,0.0,0.0,0.0,0.0,0.0,0.0
ende,23,JDExploreAcademy vs Online-A,0.02,89.404,109.26299999999956,109.25199999999961,weighted,weighted,0.18175411621500093,False,0.00010067451927875393,-0.0018778429148224752,0.0018239803821430759,mtme_MATESE-refA,0.12022260490955905,0.9246232659550914,0.0,0.0,0.0,0.0,0.0,0.0,0.0,0.0,0.0,0.0,0.0,0.0
ende,23,JDExploreAcademy vs Online-A,0.02,89.404,109.26299999999956,109.25199999999961,weighted,weighted,0.18175411621500093,False,0.00010067451927875393,-0.0018778429148224752,0.0018239803821430759,mtme_MEE-refA,0.10517920960113815,0.8768362437607912,0.0,0.0,0.0,0.0,0.0,0.0,0.0,0.0,0.0,0.0,0.0,0.0
ende,23,JDExploreAcademy vs Online-A,0.02,89.404,109.26299999999956,109.25199999999961,weighted,weighted,0.18175411621500093,False,0.00010067451927875393,-0.0018778429148224752,0.0018239803821430759,mtme_MEE2-refA,0.12258571542809282,0.8910462707906135,0.0,0.0,0.0,0.0,0.0,0.0,0.0,0.0,0.0,0.0,0.0,0.0
ende,23,JDExploreAcademy vs Online-A,0.02,89.404,109.26299999999956,109.25199999999961,weighted,weighted,0.18175411621500093,False,0.00010067451927875393,-0.0018778429148224752,0.0018239803821430759,mtme_MEE4-refA,0.14319445326655691,0.89207408156182,0.0,0.0,0.0,0.0,0.0,0.0,0.0,0.0,0.0,0.0,0.0,0.0
ende,23,JDExploreAcademy vs Online-A,0.02,89.404,109.26299999999956,109.25199999999961,weighted,weighted,0.18175411621500093,False,0.00010067451927875393,-0.0018778429148224752,0.0018239803821430759,mtme_MS-COMET-22-refA,0.1462528207687882,0.9163007970087684,0.0,0.0,0.0,0.0,0.0,0.0,0.0,0.0,0.0,0.0,0.0,0.0
ende,23,JDExploreAcademy vs Online-A,0.02,89.404,109.26299999999956,109.25199999999961,weighted,weighted,0.18175411621500093,False,0.00010067451927875393,-0.0018778429148224752,0.0018239803821430759,mtme_MS-COMET-QE-22-src,0.10998548908513134,0.7522191383266835,0.0,0.0,0.0,0.0,0.0,0.0,0.0,0.0,0.0,0.0,0.0,0.0
ende,23,JDExploreAcademy vs Online-A,0.02,89.404,109.26299999999956,109.25199999999961,weighted,weighted,0.18175411621500093,False,0.00010067451927875393,-0.0018778429148224752,0.0018239803821430759,mtme_REUSE-src,-0.09142777784885289,-0.7189752875124902,0.0,0.0,0.0,0.0,0.0,0.0,0.0,0.0,0.0,0.0,0.0,0.0
ende,23,JDExploreAcademy vs Online-A,0.02,89.404,109.26299999999956,109.25199999999961,weighted,weighted,0.18175411621500093,False,0.00010067451927875393,-0.0018778429148224752,0.0018239803821430759,mtme_SEScore-refA,0.15719419507345947,0.8627443368691673,0.0,0.0,0.0,0.0,0.0,0.0,0.0,0.0,0.0,0.0,0.0,0.0
ende,23,JDExploreAcademy vs Online-A,0.02,89.404,109.26299999999956,109.25199999999961,weighted,weighted,0.18175411621500093,False,0.00010067451927875393,-0.0018778429148224752,0.0018239803821430759,mtme_UniTE-ref-refA,0.2499979846775017,0.935537336231014,0.0,0.0,0.0,0.0,0.0,0.0,0.0,0.0,0.0,0.0,0.0,0.0
ende,23,JDExploreAcademy vs Online-A,0.02,89.404,109.26299999999956,109.25199999999961,weighted,weighted,0.18175411621500093,False,0.00010067451927875393,-0.0018778429148224752,0.0018239803821430759,mtme_UniTE-refA,0.23831394444705867,0.934069874660218,0.0,0.0,0.0,0.0,0.0,0.0,0.0,0.0,0.0,0.0,0.0,0.0
ende,23,JDExploreAcademy vs Online-A,0.02,89.404,109.26299999999956,109.25199999999961,weighted,weighted,0.18175411621500093,False,0.00010067451927875393,-0.0018778429148224752,0.0018239803821430759,mtme_UniTE-src-src,0.16741639570486405,0.8781288793774996,0.0,0.0,0.0,0.0,0.0,0.0,0.0,0.0,0.0,0.0,0.0,0.0
ende,23,JDExploreAcademy vs Online-A,0.02,89.404,109.26299999999956,109.25199999999961,weighted,weighted,0.18175411621500093,False,0.00010067451927875393,-0.0018778429148224752,0.0018239803821430759,mtme_YiSi-1-refA,0.16428668258356546,0.9374352886959156,0.0,0.0,0.0,0.0,0.0,0.0,0.0,0.0,0.0,0.0,0.0,0.0
ende,23,JDExploreAcademy vs Online-A,0.02,89.404,109.26299999999956,109.25199999999961,weighted,weighted,0.18175411621500093,False,0.00010067451927875393,-0.0018778429148224752,0.0018239803821430759,mtme_chrF-refA,0.13817778417759427,0.913148721285636,0.0,0.0,0.0,0.0,0.0,0.0,0.0,0.0,0.0,0.0,0.0,0.0
ende,23,JDExploreAcademy vs Online-A,0.02,89.404,109.26299999999956,109.25199999999961,weighted,weighted,0.18175411621500093,False,0.00010067451927875393,-0.0018778429148224752,0.0018239803821430759,mtme_f101spBLEU-refA,0.12315806916471628,0.8322237271443311,0.0,0.0,0.0,0.0,0.0,0.0,0.0,0.0,0.0,0.0,0.0,0.0
ende,23,JDExploreAcademy vs Online-A,0.02,89.404,109.26299999999956,109.25199999999961,weighted,weighted,0.18175411621500093,False,0.00010067451927875393,-0.0018778429148224752,0.0018239803821430759,mtme_f200spBLEU-refA,0.12346960728859403,0.8109386629133486,0.0,0.0,0.0,0.0,0.0,0.0,0.0,0.0,0.0,0.0,0.0,0.0
ende,23,JDExploreAcademy vs Online-A,0.02,89.404,109.26299999999956,109.25199999999961,weighted,weighted,0.18175411621500093,False,0.00010067451927875393,-0.0018778429148224752,0.0018239803821430759,mtme_metricx_xl_DA_2019-refA,0.33219050637957437,0.9809205978427264,0.0,0.0,0.0,0.0,0.0,0.0,0.0,0.0,0.0,0.0,0.0,0.0
ende,23,JDExploreAcademy vs Online-A,0.02,89.404,109.26299999999956,109.25199999999961,weighted,weighted,0.18175411621500093,False,0.00010067451927875393,-0.0018778429148224752,0.0018239803821430759,mtme_metricx_xl_MQM_2020-refA,0.3327491797595782,0.9616341585507984,0.0,0.0,0.0,0.0,0.0,0.0,0.0,0.0,0.0,0.0,0.0,0.0
ende,23,JDExploreAcademy vs Online-A,0.02,89.404,109.26299999999956,109.25199999999961,weighted,weighted,0.18175411621500093,False,0.00010067451927875393,-0.0018778429148224752,0.0018239803821430759,mtme_metricx_xxl_DA_2019-refA,0.33465781674702466,0.9781893317652096,0.0,0.0,0.0,0.0,0.0,0.0,0.0,0.0,0.0,0.0,0.0,0.0
ende,23,JDExploreAcademy vs Online-A,0.02,89.404,109.26299999999956,109.25199999999961,weighted,weighted,0.18175411621500093,False,0.00010067451927875393,-0.0018778429148224752,0.0018239803821430759,mtme_metricx_xxl_MQM_2020-refA,0.3250933268660391,0.9670998023955928,0.0,0.0,0.0,0.0,0.0,0.0,0.0,0.0,0.0,0.0,0.0,0.0
ende,24,JDExploreAcademy vs Online-G,0.01,89.749,146.9858292682926,125.97499999999967,weighted,weighted,0.38940372383665955,True,0.14294459114110902,-0.20472047673609156,0.23876217021715673,mtme_BERTScore-refA,0.17400072008427575,0.906706577010188,-0.007141526859725689,-0.19601346918933593,0.032247998026193846,0.08069656677913573,0.0,0.18551970893212555,-0.007339118511970666,-0.19755669055879602,0.10916157816584071,0.031191253675874497,-0.07454116537770646,0.1480943666914959
ende,24,JDExploreAcademy vs Online-G,0.01,89.749,146.9858292682926,125.97499999999967,weighted,weighted,0.38940372383665955,True,0.14294459114110902,-0.20472047673609156,0.23876217021715673,mtme_BLEU-refA,0.10138249052665141,0.8634063310084908,-0.008880333399484464,-0.18467899317147463,0.021336293648471973,0.05268714552804077,0.0,0.17586790114963727,-0.0032292121452670575,-0.15887446701789618,0.036666963080529295,0.024219091089502376,-0.13003053621569408,0.1451515121882662
ende,24,JDExploreAcademy vs Online-G,0.01,89.749,146.9858292682926,125.97499999999967,weighted,weighted,0.38940372383665955,True,0.14294459114110902,-0.20472047673609156,0.23876217021715673,mtme_BLEURT-20-refA,0.35593571205756097,0.977419310947295,0.0645842429053427,-0.02919970484568541,0.16878700008947428,0.1290335384004776,0.0,0.19543870987154538,0.08845435234798427,-0.023537517710884148,0.16123090905894152,0.1290335384004776,0.0,0.19365409875233056
ende,24,JDExploreAcademy vs Online-G,0.01,89.749,146.9858292682926,125.97499999999967,weighted,weighted,0.38940372383665955,True,0.14294459114110902,-0.20472047673609156,0.23876217021715673,mtme_COMET-20-refA,0.2723775086391024,0.9858264490713564,-0.00708851446522063,-0.18594532519404247,0.042761404108371745,0.1054021300522614,0.0,0.17821857075752096,-0.013362257152828017,-0.17516597216761456,0.1046634134897881,0.016146060726334732,-0.14237320190187036,0.14709952688325303
ende,24,JDExploreAcademy vs Online-G,0.01,89.749,146.9858292682926,125.97499999999967,weighted,weighted,0.38940372383665955,True,0.14294459114110902,-0.20472047673609156,0.23876217021715673,mtme_COMET-22-refA,0.37185055240583664,0.9524733537563392,-0.02152808096844483,-0.1633178488660696,0.09949789442883315,0.12097737646359152,-0.0026185976421426484,0.19543870987154538,-0.028782108251291794,-0.20480219648683756,0.060360524388616284,0.0037260140137703734,-0.17657474181453803,0.13198402239574075
ende,24,JDExploreAcademy vs Online-G,0.01,89.749,146.9858292682926,125.97499999999967,weighted,weighted,0.38940372383665955,True,0.14294459114110902,-0.20472047673609156,0.23876217021715673,mtme_COMET-QE-src,0.22609315761816312,0.8324986400919704,-0.05054778786074876,-0.23281158750778833,0.0003830690686730021,0.020631077594761016,-0.13622546013584502,0.1148139450156001,-0.03684613858061092,-0.22423879091681764,0.01855710752628248,0.01372415161738716,-0.14718024221703335,0.11300164799426436
ende,24,JDExploreAcademy vs Online-G,0.01,89.749,146.9858292682926,125.97499999999967,weighted,weighted,0.38940372383665955,True,0.14294459114110902,-0.20472047673609156,0.23876217021715673,mtme_COMETKiwi-src,0.29558145320860063,0.9226539774777828,-0.05175327682174524,-0.21140877353694712,0.04941429101952964,0.1290335384004776,-0.005417554040628658,0.19543870987154538,-0.044906231395118956,-0.21224577296523106,0.10842701800781185,-0.0554702011181496,-0.21683144871551147,0.06553578285388849
ende,24,JDExploreAcademy vs Online-G,0.01,89.749,146.9858292682926,125.97499999999967,weighted,weighted,0.38940372383665955,True,0.14294459114110902,-0.20472047673609156,0.23876217021715673,mtme_Cross-QE-src,0.28375716925485395,0.9403569774408737,-0.05031972238164162,-0.15720695483517122,0.12752289313588677,0.09928770971041467,-0.019245664445255658,0.17197885495842138,0.019375272871605342,-0.12827586237365818,0.14654722409198073,0.09278080968446323,-0.025711169831528644,0.16925503352437035
ende,24,JDExploreAcademy vs Online-G,0.01,89.749,146.9858292682926,125.97499999999967,weighted,weighted,0.38940372383665955,True,0.14294459114110902,-0.20472047673609156,0.23876217021715673,mtme_HWTSC-TLM-src,0.07226973504292973,0.7686262691697412,-0.06531502763295016,-0.24246349755525626,-0.011522411212724683,0.020833626743658407,-0.052557879128193395,0.1272585613515984,-0.053793335063430536,-0.2249661972121808,-0.004336203561904818,0.0193752728716029,-0.09138849095245119,0.1339965096517207
ende,24,JDExploreAcademy vs Online-G,0.01,89.749,146.9858292682926,125.97499999999967,weighted,weighted,0.38940372383665955,True,0.14294459114110902,-0.20472047673609156,0.23876217021715673,mtme_HWTSC-Teacher-Sim-src,0.09129418901649414,0.6922672434936012,-0.04409116582960615,-0.2234319449051948,0.010850567620351774,0.0391541972613626,-0.09273353653579558,0.13459081892441116,0.0024219091089500155,-0.15682177345895854,0.045595188399912445,0.021713667873348053,-0.021602104696259273,0.14455881685289773
ende,24,JDExploreAcademy vs Online-G,0.01,89.749,146.9858292682926,125.97499999999967,weighted,weighted,0.38940372383665955,True,0.14294459114110902,-0.20472047673609156,0.23876217021715673,mtme_KG-BERTScore-src,0.10429801394873572,0.6378374846052578,-0.044906231395118956,-0.22443639883001504,0.0024807321662183622,0.024693975228512688,-0.1290700907091894,0.1352376881245318,-0.03356681045738075,-0.21795817838308776,0.006392189524828439,0.012655020569289799,-0.1394716048907961,0.147472362108468
ende,24,JDExploreAcademy vs Online-G,0.01,89.749,146.9858292682926,125.97499999999967,weighted,weighted,0.38940372383665955,True,0.14294459114110902,-0.20472047673609156,0.23876217021715673,mtme_MATESE-QE-src,0.14046540621677817,0.7648995070123706,-0.0882193178918742,-0.26917977439357643,-0.021420488940471147,0.03484149946209136,-0.022784274329566326,0.14463876526374184,-0.06686620828129053,-0.24224649063037162,-0.0088665685041464,0.0337599451550642,-0.13944860436602932,0.08791721691064962
ende,24,JDExploreAcademy vs Online-G,0.01,89.749,146.9858292682926,125.97499999999967,weighted,weighted,0.38940372383665955,True,0.14294459114110902,-0.20472047673609156,0.23876217021715673,mtme_MATESE-refA,0.15030727785935813,0.9246232659550914,-0.09617554503444703,-0.293382351496401,-0.01114977409142339,0.02561099287625601,-0.027767708984598898,0.17808071316022683,-0.05617340301206264,-0.27536364082698855,0.000490648215316017,-0.009464932149919836,-0.1479802552988434,0.16038770406191014
ende,24,JDExploreAcademy vs Online-G,0.01,89.749,146.9858292682926,125.97499999999967,weighted,weighted,0.38940372383665955,True,0.14294459114110902,-0.20472047673609156,0.23876217021715673,mtme_MEE-refA,0.1283282359765085,0.8768362437607912,0.003363762651319435,-0.17517444983064948,0.047758348587992196,0.05566141987236606,0.0,0.18430900161872665,0.008073030363168088,-0.16882660273917155,0.13322211173663398,0.010427664219091137,-0.07926713614199837,0.1584322828711421
ende,24,JDExploreAcademy vs Online-G,0.01,89.749,146.9858292682926,125.97499999999967,weighted,weighted,0.38940372383665955,True,0.14294459114110902,-0.20472047673609156,0.23876217021715673,mtme_MEE2-refA,0.14484075203182872,0.8910462707906135,-0.01001055765032799,-0.20396063799196174,0.03368813115971439,0.0618932327842846,0.0,0.1763840643508171,0.005899522188468231,-0.1635525223974645,0.07250731607254074,0.04339253820202538,-0.028730839446232944,0.15645038015336535
ende,24,JDExploreAcademy vs Online-G,0.01,89.749,146.9858292682926,125.97499999999967,weighted,weighted,0.38940372383665955,True,0.14294459114110902,-0.20472047673609156,0.23876217021715673,mtme_MEE4-refA,0.16079496795588505,0.89207408156182,-0.03181723731365982,-0.22455936647082325,0.00743465833590165,0.1290335384004776,0.0,0.18982891634507007,0.0010091287953961636,-0.18581553714366086,0.13206164364127346,0.034598701556431966,-0.10247426330318828,0.14221356846881225
ende,24,JDExploreAcademy vs Online-G,0.01,89.749,146.9858292682926,125.97499999999967,weighted,weighted,0.38940372383665955,True,0.14294459114110902,-0.20472047673609156,0.23876217021715673,mtme_MS-COMET-22-refA,0.21558010007862127,0.9163007970087684,-0.127657512779632,-0.32326949405865596,-0.0037467019161760377,0.1290335384004776,-0.012898692660209298,0.18981377708729705,-0.1160076112207169,-0.31006660786513274,-0.007508255359720385,-0.002201735553589268,-0.1600047101956679,0.12583040041395396
ende,24,JDExploreAcademy vs Online-G,0.01,89.749,146.9858292682926,125.97499999999967,weighted,weighted,0.38940372383665955,True,0.14294459114110902,-0.20472047673609156,0.23876217021715673,mtme_MS-COMET-QE-22-src,0.1977711260115949,0.7522191383266835,-0.07582847234196444,-0.24529057816789523,-0.007970256436517647,0.09412350334061259,-0.007921203995096915,0.18430900161872665,-0.08938935129519421,-0.24997940015729292,-0.015293875236182575,-0.05027020816578287,-0.20443979423703929,0.04521506240004812
ende,24,JDExploreAcademy vs Online-G,0.01,89.749,146.9858292682926,125.97499999999967,weighted,weighted,0.38940372383665955,True,0.14294459114110902,-0.20472047673609156,0.23876217021715673,mtme_REUSE-src,-0.062017930590429315,-0.7189752875124902,-0.01852048142138396,-0.1509449105315037,0.006557980243912484,0.008073030363167533,-0.008877057311969421,0.13460084415719947,-0.005223725529107881,-0.039583532928644465,0.024668764006160384,0.0,0.0,0.0
ende,24,JDExploreAcademy vs Online-G,0.01,89.749,146.9858292682926,125.97499999999967,weighted,weighted,0.38940372383665955,True,0.14294459114110902,-0.20472047673609156,0.23876217021715673,mtme_SEScore-refA,0.18867723546080092,0.8627443368691673,-0.052008284101956015,-0.235086774869913,-0.0001377191785516588,0.026108523727690458,-0.14106824397858092,0.13528170216673965,-0.05002038644031348,-0.22802942010337537,0.007526324602196392,-0.021094047077954814,-0.19781700385705572,0.03457960146077404
ende,24,JDExploreAcademy vs Online-G,0.01,89.749,146.9858292682926,125.97499999999967,weighted,weighted,0.38940372383665955,True,0.14294459114110902,-0.20472047673609156,0.23876217021715673,mtme_UniTE-ref-refA,0.33370800598947326,0.935537336231014,-0.05589714512516841,-0.23289163973108518,0.060720887143082276,0.07630229663172872,-0.11797012695987887,0.16388237493609661,-0.04278706092478557,-0.22324125419978327,0.05360161668882054,-0.01656006228342055,-0.2024230667221663,0.05328197080454732
ende,24,JDExploreAcademy vs Online-G,0.01,89.749,146.9858292682926,125.97499999999967,weighted,weighted,0.38940372383665955,True,0.14294459114110902,-0.20472047673609156,0.23876217021715673,mtme_UniTE-refA,0.3190266000516457,0.934069874660218,-0.06700271217834408,-0.2634116991421354,0.0574651152551338,0.06780670768009645,-0.11802035187462578,0.1428043186728097,-0.02750810345968069,-0.22168009598845329,0.04451424943431135,-0.012109545544750189,-0.20371148579147846,0.06235975151499521
ende,24,JDExploreAcademy vs Online-G,0.01,89.749,146.9858292682926,125.97499999999967,weighted,weighted,0.38940372383665955,True,0.14294459114110902,-0.20472047673609156,0.23876217021715673,mtme_UniTE-src-src,0.2567165331000705,0.8781288793774996,-0.09484950717735274,-0.27599330382827053,-0.019325467008365353,-0.0003435332069436914,-0.16856764856343362,0.06841953565608483,-0.07556168380141659,-0.25251423119863925,-0.007197978091960727,-0.034310379043462014,-0.22353558180988053,0.02947157748615051
ende,24,JDExploreAcademy vs Online-G,0.01,89.749,146.9858292682926,125.97499999999967,weighted,weighted,0.38940372383665955,True,0.14294459114110902,-0.20472047673609156,0.23876217021715673,mtme_YiSi-1-refA,0.16914454584631117,0.9374352886959156,-0.024390857692974555,-0.2219012400605646,0.01238254418590215,0.05944685994696075,0.0,0.17724785932715761,-0.012367195449959345,-0.2134096075680247,0.028850044382199277,0.023065801037621014,-0.14534668525746902,0.12737096982608506
ende,24,JDExploreAcademy vs Online-G,0.01,89.749,146.9858292682926,125.97499999999967,weighted,weighted,0.38940372383665955,True,0.14294459114110902,-0.20472047673609156,0.23876217021715673,mtme_chrF-refA,0.14670625756239467,0.913148721285636,-0.02220083349871138,-0.2089977198402395,0.014009781313022844,0.06995501752993749,0.0,0.17400653784846054,-0.010764040484223969,-0.19571011016175135,0.03596549819406798,0.026237348680294037,-0.12204047149990531,0.12927689288192648
ende,24,JDExploreAcademy vs Online-G,0.01,89.749,146.9858292682926,125.97499999999967,weighted,weighted,0.38940372383665955,True,0.14294459114110902,-0.20472047673609156,0.23876217021715673,mtme_f101spBLEU-refA,0.11788849395443371,0.8322237271443311,-0.008781190921340887,-0.17997263050606427,0.032548502509444306,0.04734353399416846,-0.005964759170281419,0.17072290002501714,0.004613160207523781,-0.16093066688610902,0.045405280530202125,0.0066240249133679985,-0.1524781158007436,0.13578427112245528
ende,24,JDExploreAcademy vs Online-G,0.01,89.749,146.9858292682926,125.97499999999967,weighted,weighted,0.38940372383665955,True,0.14294459114110902,-0.20472047673609156,0.23876217021715673,mtme_f200spBLEU-refA,0.11614892982786948,0.8109386629133486,-0.005284165328619306,-0.1705316403692769,0.04846285220821974,0.043556814982671166,-0.00918333183387946,0.15121637237411545,0.004613160207523781,-0.16645559282295547,0.05262593311073168,0.009226320415048339,-0.12541316650051504,0.16038770406191014
ende,24,JDExploreAcademy vs Online-G,0.01,89.749,146.9858292682926,125.97499999999967,weighted,weighted,0.38940372383665955,True,0.14294459114110902,-0.20472047673609156,0.23876217021715673,mtme_metricx_xl_DA_2019-refA,0.3763152796796584,0.9809205978427264,0.0040365151815848765,-0.18470592767887478,0.11328971517800847,0.12500545743203273,-0.00041717293675634035,0.19543870987154538,0.05475620594148556,-0.1401991171897957,0.1420121999642614,0.0778532155072803,-0.05079773896049494,0.1683382774536014
ende,24,JDExploreAcademy vs Online-G,0.01,89.749,146.9858292682926,125.97499999999967,weighted,weighted,0.38940372383665955,True,0.14294459114110902,-0.20472047673609156,0.23876217021715673,mtme_metricx_xl_MQM_2020-refA,0.4034766316020075,0.9616341585507984,0.03946814844215463,-0.12281112435541272,0.14737191503556293,0.1290335384004776,0.0,0.19609134380427107,0.050000704184779976,-0.08281254325089493,0.16232103304260653,0.05554244889859372,-0.046740448858280104,0.17072290002501714
ende,24,JDExploreAcademy vs Online-G,0.01,89.749,146.9858292682926,125.97499999999967,weighted,weighted,0.38940372383665955,True,0.14294459114110902,-0.20472047673609156,0.23876217021715673,mtme_metricx_xxl_DA_2019-refA,0.39486427596196044,0.9781893317652096,0.024219091089503597,-0.1601328755759036,0.1317636928820443,0.12279650980417545,-0.00010483994092016279,0.18982891634507007,0.06772811097827303,-0.10228651708282499,0.14987884571555665,0.04339253820202538,-0.07331322248438685,0.17365771585348977
ende,24,JDExploreAcademy vs Online-G,0.01,89.749,146.9858292682926,125.97499999999967,weighted,weighted,0.38940372383665955,True,0.14294459114110902,-0.20472047673609156,0.23876217021715673,mtme_metricx_xxl_MQM_2020-refA,0.4222013793528824,0.9670998023955928,0.01354185738337843,-0.15159345005210714,0.1389801461946152,0.1290335384004776,0.0,0.19483261837804874,0.05112919230006119,-0.04744398487461077,0.14509391788980758,0.08299832733252321,-0.059033398201463666,0.1739129903852242
ende,24,JDExploreAcademy vs Online-G,0.02,89.749,109.60799999999958,109.60799999999958,uniform,dedup,0.18118203050871884,False,0.0,0.0,0.0,mtme_BERTScore-refA,0.17400072008427575,0.906706577010188,0.0,0.0,0.0,0.0,0.0,0.0,0.0,0.0,0.0,0.0,0.0,0.0
ende,24,JDExploreAcademy vs Online-G,0.02,89.749,109.60799999999958,109.60799999999958,uniform,dedup,0.18118203050871884,False,0.0,0.0,0.0,mtme_BLEU-refA,0.10138249052665141,0.8634063310084908,0.0,0.0,0.0,0.0,0.0,0.0,0.0,0.0,0.0,0.0,0.0,0.0
ende,24,JDExploreAcademy vs Online-G,0.02,89.749,109.60799999999958,109.60799999999958,uniform,dedup,0.18118203050871884,False,0.0,0.0,0.0,mtme_BLEURT-20-refA,0.35593571205756097,0.977419310947295,0.0,0.0,0.0,0.0,0.0,0.0,0.0,0.0,0.0,0.0,0.0,0.0
ende,24,JDExploreAcademy vs Online-G,0.02,89.749,109.60799999999958,109.60799999999958,uniform,dedup,0.18118203050871884,False,0.0,0.0,0.0,mtme_COMET-20-refA,0.2723775086391024,0.9858264490713564,0.0,0.0,0.0,0.0,0.0,0.0,0.0,0.0,0.0,0.0,0.0,0.0
ende,24,JDExploreAcademy vs Online-G,0.02,89.749,109.60799999999958,109.60799999999958,uniform,dedup,0.18118203050871884,False,0.0,0.0,0.0,mtme_COMET-22-refA,0.37185055240583664,0.9524733537563392,0.0,0.0,0.0,0.0,0.0,0.0,0.0,0.0,0.0,0.0,0.0,0.0
ende,24,JDExploreAcademy vs Online-G,0.02,89.749,109.60799999999958,109.60799999999958,uniform,dedup,0.18118203050871884,False,0.0,0.0,0.0,mtme_COMET-QE-src,0.22609315761816312,0.8324986400919704,0.0,0.0,0.0,0.0,0.0,0.0,0.0,0.0,0.0,0.0,0.0,0.0
ende,24,JDExploreAcademy vs Online-G,0.02,89.749,109.60799999999958,109.60799999999958,uniform,dedup,0.18118203050871884,False,0.0,0.0,0.0,mtme_COMETKiwi-src,0.29558145320860063,0.9226539774777828,0.0,0.0,0.0,0.0,0.0,0.0,0.0,0.0,0.0,0.0,0.0,0.0
ende,24,JDExploreAcademy vs Online-G,0.02,89.749,109.60799999999958,109.60799999999958,uniform,dedup,0.18118203050871884,False,0.0,0.0,0.0,mtme_Cross-QE-src,0.28375716925485395,0.9403569774408737,0.0,0.0,0.0,0.0,0.0,0.0,0.0,0.0,0.0,0.0,0.0,0.0
ende,24,JDExploreAcademy vs Online-G,0.02,89.749,109.60799999999958,109.60799999999958,uniform,dedup,0.18118203050871884,False,0.0,0.0,0.0,mtme_HWTSC-TLM-src,0.07226973504292973,0.7686262691697412,0.0,0.0,0.0,0.0,0.0,0.0,0.0,0.0,0.0,0.0,0.0,0.0
ende,24,JDExploreAcademy vs Online-G,0.02,89.749,109.60799999999958,109.60799999999958,uniform,dedup,0.18118203050871884,False,0.0,0.0,0.0,mtme_HWTSC-Teacher-Sim-src,0.09129418901649414,0.6922672434936012,0.0,0.0,0.0,0.0,0.0,0.0,0.0,0.0,0.0,0.0,0.0,0.0
ende,24,JDExploreAcademy vs Online-G,0.02,89.749,109.60799999999958,109.60799999999958,uniform,dedup,0.18118203050871884,False,0.0,0.0,0.0,mtme_KG-BERTScore-src,0.10429801394873572,0.6378374846052578,0.0,0.0,0.0,0.0,0.0,0.0,0.0,0.0,0.0,0.0,0.0,0.0
ende,24,JDExploreAcademy vs Online-G,0.02,89.749,109.60799999999958,109.60799999999958,uniform,dedup,0.18118203050871884,False,0.0,0.0,0.0,mtme_MATESE-QE-src,0.14046540621677817,0.7648995070123706,0.0,0.0,0.0,0.0,0.0,0.0,0.0,0.0,0.0,0.0,0.0,0.0
ende,24,JDExploreAcademy vs Online-G,0.02,89.749,109.60799999999958,109.60799999999958,uniform,dedup,0.18118203050871884,False,0.0,0.0,0.0,mtme_MATESE-refA,0.15030727785935813,0.9246232659550914,0.0,0.0,0.0,0.0,0.0,0.0,0.0,0.0,0.0,0.0,0.0,0.0
ende,24,JDExploreAcademy vs Online-G,0.02,89.749,109.60799999999958,109.60799999999958,uniform,dedup,0.18118203050871884,False,0.0,0.0,0.0,mtme_MEE-refA,0.1283282359765085,0.8768362437607912,0.0,0.0,0.0,0.0,0.0,0.0,0.0,0.0,0.0,0.0,0.0,0.0
ende,24,JDExploreAcademy vs Online-G,0.02,89.749,109.60799999999958,109.60799999999958,uniform,dedup,0.18118203050871884,False,0.0,0.0,0.0,mtme_MEE2-refA,0.14484075203182872,0.8910462707906135,0.0,0.0,0.0,0.0,0.0,0.0,0.0,0.0,0.0,0.0,0.0,0.0
ende,24,JDExploreAcademy vs Online-G,0.02,89.749,109.60799999999958,109.60799999999958,uniform,dedup,0.18118203050871884,False,0.0,0.0,0.0,mtme_MEE4-refA,0.16079496795588505,0.89207408156182,0.0,0.0,0.0,0.0,0.0,0.0,0.0,0.0,0.0,0.0,0.0,0.0
ende,24,JDExploreAcademy vs Online-G,0.02,89.749,109.60799999999958,109.60799999999958,uniform,dedup,0.18118203050871884,False,0.0,0.0,0.0,mtme_MS-COMET-22-refA,0.21558010007862127,0.9163007970087684,0.0,0.0,0.0,0.0,0.0,0.0,0.0,0.0,0.0,0.0,0.0,0.0
ende,24,JDExploreAcademy vs Online-G,0.02,89.749,109.60799999999958,109.60799999999958,uniform,dedup,0.18118203050871884,False,0.0,0.0,0.0,mtme_MS-COMET-QE-22-src,0.1977711260115949,0.7522191383266835,0.0,0.0,0.0,0.0,0.0,0.0,0.0,0.0,0.0,0.0,0.0,0.0
ende,24,JDExploreAcademy vs Online-G,0.02,89.749,109.60799999999958,109.60799999999958,uniform,dedup,0.18118203050871884,False,0.0,0.0,0.0,mtme_REUSE-src,-0.062017930590429315,-0.7189752875124902,0.0,0.0,0.0,0.0,0.0,0.0,0.0,0.0,0.0,0.0,0.0,0.0
ende,24,JDExploreAcademy vs Online-G,0.02,89.749,109.60799999999958,109.60799999999958,uniform,dedup,0.18118203050871884,False,0.0,0.0,0.0,mtme_SEScore-refA,0.18867723546080092,0.8627443368691673,0.0,0.0,0.0,0.0,0.0,0.0,0.0,0.0,0.0,0.0,0.0,0.0
ende,24,JDExploreAcademy vs Online-G,0.02,89.749,109.60799999999958,109.60799999999958,uniform,dedup,0.18118203050871884,False,0.0,0.0,0.0,mtme_UniTE-ref-refA,0.33370800598947326,0.935537336231014,0.0,0.0,0.0,0.0,0.0,0.0,0.0,0.0,0.0,0.0,0.0,0.0
ende,24,JDExploreAcademy vs Online-G,0.02,89.749,109.60799999999958,109.60799999999958,uniform,dedup,0.18118203050871884,False,0.0,0.0,0.0,mtme_UniTE-refA,0.3190266000516457,0.934069874660218,0.0,0.0,0.0,0.0,0.0,0.0,0.0,0.0,0.0,0.0,0.0,0.0
ende,24,JDExploreAcademy vs Online-G,0.02,89.749,109.60799999999958,109.60799999999958,uniform,dedup,0.18118203050871884,False,0.0,0.0,0.0,mtme_UniTE-src-src,0.2567165331000705,0.8781288793774996,0.0,0.0,0.0,0.0,0.0,0.0,0.0,0.0,0.0,0.0,0.0,0.0
ende,24,JDExploreAcademy vs Online-G,0.02,89.749,109.60799999999958,109.60799999999958,uniform,dedup,0.18118203050871884,False,0.0,0.0,0.0,mtme_YiSi-1-refA,0.16914454584631117,0.9374352886959156,0.0,0.0,0.0,0.0,0.0,0.0,0.0,0.0,0.0,0.0,0.0,0.0
ende,24,JDExploreAcademy vs Online-G,0.02,89.749,109.60799999999958,109.60799999999958,uniform,dedup,0.18118203050871884,False,0.0,0.0,0.0,mtme_chrF-refA,0.14670625756239467,0.913148721285636,0.0,0.0,0.0,0.0,0.0,0.0,0.0,0.0,0.0,0.0,0.0,0.0
ende,24,JDExploreAcademy vs Online-G,0.02,89.749,109.60799999999958,109.60799999999958,uniform,dedup,0.18118203050871884,False,0.0,0.0,0.0,mtme_f101spBLEU-refA,0.11788849395443371,0.8322237271443311,0.0,0.0,0.0,0.0,0.0,0.0,0.0,0.0,0.0,0.0,0.0,0.0
ende,24,JDExploreAcademy vs Online-G,0.02,89.749,109.60799999999958,109.60799999999958,uniform,dedup,0.18118203050871884,False,0.0,0.0,0.0,mtme_f200spBLEU-refA,0.11614892982786948,0.8109386629133486,0.0,0.0,0.0,0.0,0.0,0.0,0.0,0.0,0.0,0.0,0.0,0.0
ende,24,JDExploreAcademy vs Online-G,0.02,89.749,109.60799999999958,109.60799999999958,uniform,dedup,0.18118203050871884,False,0.0,0.0,0.0,mtme_metricx_xl_DA_2019-refA,0.3763152796796584,0.9809205978427264,0.0,0.0,0.0,0.0,0.0,0.0,0.0,0.0,0.0,0.0,0.0,0.0
ende,24,JDExploreAcademy vs Online-G,0.02,89.749,109.60799999999958,109.60799999999958,uniform,dedup,0.18118203050871884,False,0.0,0.0,0.0,mtme_metricx_xl_MQM_2020-refA,0.4034766316020075,0.9616341585507984,0.0,0.0,0.0,0.0,0.0,0.0,0.0,0.0,0.0,0.0,0.0,0.0
ende,24,JDExploreAcademy vs Online-G,0.02,89.749,109.60799999999958,109.60799999999958,uniform,dedup,0.18118203050871884,False,0.0,0.0,0.0,mtme_metricx_xxl_DA_2019-refA,0.39486427596196044,0.9781893317652096,0.0,0.0,0.0,0.0,0.0,0.0,0.0,0.0,0.0,0.0,0.0,0.0
ende,24,JDExploreAcademy vs Online-G,0.02,89.749,109.60799999999958,109.60799999999958,uniform,dedup,0.18118203050871884,False,0.0,0.0,0.0,mtme_metricx_xxl_MQM_2020-refA,0.4222013793528824,0.9670998023955928,0.0,0.0,0.0,0.0,0.0,0.0,0.0,0.0,0.0,0.0,0.0,0.0
ende,25,JDExploreAcademy vs Online-Y,0.01,92.9615,112.8204999999997,112.8204999999997,uniform,weighted,0.17602297454806304,False,0.0,0.0,0.0,mtme_BERTScore-refA,0.18580903156424505,0.906706577010188,-0.0031570664744589028,-0.043762660730103584,0.006633299709659865,0.0,-0.0031115127467650876,0.0353171189779592,-0.009533102687584227,-0.04450015008109463,0.003298956648901794,0.0,-0.009161594458564503,0.023312995506610736
ende,25,JDExploreAcademy vs Online-Y,0.01,92.9615,112.8204999999997,112.8204999999997,uniform,weighted,0.17602297454806304,False,0.0,0.0,0.0,mtme_BLEU-refA,0.12136187214255326,0.8634063310084908,-0.015017397283916711,-0.07459895021269235,0.0,0.0,-0.013604762800423137,0.02247749954372336,-0.004961104459864529,-0.04461272213229243,0.0011448410115061853,-0.0031570664744589028,-0.04125743443829293,0.003592117412490464
ende,25,JDExploreAcademy vs Online-Y,0.01,92.9615,112.8204999999997,112.8204999999997,uniform,weighted,0.17602297454806304,False,0.0,0.0,0.0,mtme_BLEURT-20-refA,0.30668328549966806,0.977419310947295,-0.012021137729673725,-0.043756714879017625,0.0071560687031984255,0.0,0.0,0.03918561340668328,-0.0064310613368621095,-0.028308110035117403,0.01668010165761298,0.0,-0.012849897562173163,0.027649901231822236
ende,25,JDExploreAcademy vs Online-Y,0.01,92.9615,112.8204999999997,112.8204999999997,uniform,weighted,0.17602297454806304,False,0.0,0.0,0.0,mtme_COMET-20-refA,0.28521689856690946,0.9858264490713564,-0.01883537964423554,-0.0450469465991883,0.0016149458762004787,0.0,-0.0072039834629624485,0.038654678394453905,-0.012347637766776165,-0.04860636703076658,0.007422917254182092,-0.010966651963913332,-0.028246329584934504,0.012202036981175992
ende,25,JDExploreAcademy vs Online-Y,0.01,92.9615,112.8204999999997,112.8204999999997,uniform,weighted,0.17602297454806304,False,0.0,0.0,0.0,mtme_COMET-22-refA,0.3448022263484185,0.9524733537563392,-0.028451635215615445,-0.053361970381520546,0.00025043573792009474,0.0,-0.009167477191326255,0.03905483502176063,-0.020732973862125137,-0.04330466436006987,0.007602335209438914,-0.0036555506546374072,-0.026656008186521373,0.015741327405804684
ende,25,JDExploreAcademy vs Online-Y,0.01,92.9615,112.8204999999997,112.8204999999997,uniform,weighted,0.17602297454806304,False,0.0,0.0,0.0,mtme_COMET-QE-src,0.23984433873952765,0.8324986400919704,-0.028025888352223527,-0.0713901814598287,0.0,-0.002013201809800025,-0.023486493675191154,0.019194679730242765,-0.025356756128202207,-0.05502868533371366,0.0,-0.013476433010380928,-0.03663127814978234,0.004642249734540237
ende,25,JDExploreAcademy vs Online-Y,0.01,92.9615,112.8204999999997,112.8204999999997,uniform,weighted,0.17602297454806304,False,0.0,0.0,0.0,mtme_COMETKiwi-src,0.2722194831487671,0.9226539774777828,-0.036195100143809,-0.08497167940732886,0.0,0.0,-0.019194242513624116,0.01844990727113032,-0.03268492350029173,-0.0787119067268164,0.0,-0.016537014866218724,-0.03360841578082421,0.00509492067240926
ende,25,JDExploreAcademy vs Online-Y,0.01,92.9615,112.8204999999997,112.8204999999997,uniform,weighted,0.17602297454806304,False,0.0,0.0,0.0,mtme_Cross-QE-src,0.17897526853409665,0.9403569774408737,-0.008681932804763814,-0.054603023951188566,0.0,0.0,0.0,0.033825192324409586,-0.0025724245347431562,-0.06653251312595602,0.00010179654538561383,0.0,-0.004019537547490192,0.027844323206056083
ende,25,JDExploreAcademy vs Online-Y,0.01,92.9615,112.8204999999997,112.8204999999997,uniform,weighted,0.17602297454806304,False,0.0,0.0,0.0,mtme_HWTSC-TLM-src,0.1270738585084487,0.7686262691697412,-0.030275457985846632,-0.09514460779973188,0.0,0.0,-0.0018228599239646466,0.02302956639416017,-0.033920109562802336,-0.0963988439266597,0.0,0.0,-0.022303558807963936,0.01175041732064324
ende,25,JDExploreAcademy vs Online-Y,0.01,92.9615,112.8204999999997,112.8204999999997,uniform,weighted,0.17602297454806304,False,0.0,0.0,0.0,mtme_HWTSC-Teacher-Sim-src,0.15938163704967084,0.6922672434936012,-0.04874067539517202,-0.09999497419992788,0.0,-0.01157591040635264,-0.04143499872473382,0.001327296175519938,-0.05595023363070739,-0.11356145596012633,0.0,0.0,-0.014101949691752417,0.013479482009704169
ende,25,JDExploreAcademy vs Online-Y,0.01,92.9615,112.8204999999997,112.8204999999997,uniform,weighted,0.17602297454806304,False,0.0,0.0,0.0,mtme_KG-BERTScore-src,0.12047104952422152,0.6378374846052578,-0.06431061336862909,-0.11834958146767365,0.0,0.0,-0.03868262539759678,0.0015037515092725094,-0.043110287030556416,-0.10199432453083161,0.0,0.0,-0.021520054480667673,0.0034551549183469395
ende,25,JDExploreAcademy vs Online-Y,0.01,92.9615,112.8204999999997,112.8204999999997,uniform,weighted,0.17602297454806304,False,0.0,0.0,0.0,mtme_MATESE-QE-src,0.13137064790166125,0.7648995070123706,-0.02512218854144721,-0.11164832356372553,0.0,0.0,-0.011016177852883368,0.02029311753701807,-0.02807774013455866,-0.09775144808242887,0.0,0.0,-0.014327119714363672,0.013886016120306644
ende,25,JDExploreAcademy vs Online-Y,0.01,92.9615,112.8204999999997,112.8204999999997,uniform,weighted,0.17602297454806304,False,0.0,0.0,0.0,mtme_MATESE-refA,0.1755151238415532,0.9246232659550914,-0.003019802714698594,-0.09680790954459562,0.0027325889078701204,0.0,0.0,0.0344012011311573,-0.01587553427156929,-0.07852330136760974,0.0,0.0,-0.005654656315971923,0.01858228518167057
ende,25,JDExploreAcademy vs Online-Y,0.01,92.9615,112.8204999999997,112.8204999999997,uniform,weighted,0.17602297454806304,False,0.0,0.0,0.0,mtme_MEE-refA,0.15793417993023962,0.8768362437607912,-0.01844910721012538,-0.05033041850652085,0.009598869867148953,0.0,-6.0263957517330096e-05,0.03874786582168414,-0.015048683528258833,-0.04162526594692355,0.009126874359117727,0.0,-0.015534740014914892,0.014819519638852951
ende,25,JDExploreAcademy vs Online-Y,0.01,92.9615,112.8204999999997,112.8204999999997,uniform,weighted,0.17602297454806304,False,0.0,0.0,0.0,mtme_MEE2-refA,0.16742088281456696,0.8910462707906135,-0.027010457614824013,-0.07870452204703922,0.0,0.0,-0.002765475667586558,0.024187454567853872,-0.01358911221615311,-0.07153930235171653,0.0,0.0,-0.023219053777326398,0.021836464843339717
ende,25,JDExploreAcademy vs Online-Y,0.01,92.9615,112.8204999999997,112.8204999999997,uniform,weighted,0.17602297454806304,False,0.0,0.0,0.0,mtme_MEE4-refA,0.17776809323882875,0.89207408156182,-0.02651935838546371,-0.0765362760976241,0.0,0.0,-0.011170696678389169,0.01653728294457075,-0.01250198323886087,-0.05029301719553223,0.0,-0.0044809975766522125,-0.024550378076605543,0.010229688435312436
ende,25,JDExploreAcademy vs Online-Y,0.01,92.9615,112.8204999999997,112.8204999999997,uniform,weighted,0.17602297454806304,False,0.0,0.0,0.0,mtme_MS-COMET-22-refA,0.2447456909019649,0.9163007970087684,-0.0407913033366738,-0.10087719510840486,0.0,0.0,-0.010187977633266853,0.022853253944852,-0.035780086710546666,-0.07526539696489405,0.0,0.0,-0.019364682323497046,0.01603598478719516
ende,25,JDExploreAcademy vs Online-Y,0.01,92.9615,112.8204999999997,112.8204999999997,uniform,weighted,0.17602297454806304,False,0.0,0.0,0.0,mtme_MS-COMET-QE-22-src,0.2077494924930269,0.7522191383266835,-0.0486188237066838,-0.10549582773526468,0.0,0.0,-0.028281208979203974,0.015172957741690887,-0.05342727879855369,-0.1033342871434117,0.0,-0.017363865609529405,-0.05300648917265104,0.002496182714887332
ende,25,JDExploreAcademy vs Online-Y,0.01,92.9615,112.8204999999997,112.8204999999997,uniform,weighted,0.17602297454806304,False,0.0,0.0,0.0,mtme_REUSE-src,-0.10402764680321325,-0.7189752875124902,0.0,-0.021618606146145705,0.0,0.0,-0.003623091422772173,0.007498810682405569,0.0,-0.019574440960477682,0.0,0.0,0.0,0.0
ende,25,JDExploreAcademy vs Online-Y,0.01,92.9615,112.8204999999997,112.8204999999997,uniform,weighted,0.17602297454806304,False,0.0,0.0,0.0,mtme_SEScore-refA,0.18545525703488808,0.8627443368691673,-0.018699547579493325,-0.050463815574385354,0.00014253241934721793,0.0,-0.006241522199643734,0.0387838588094092,-0.015434547208470706,-0.04492171297898465,0.005418604310057373,0.0,-0.004081924636357775,0.03379652958651391
ende,25,JDExploreAcademy vs Online-Y,0.01,92.9615,112.8204999999997,112.8204999999997,uniform,weighted,0.17602297454806304,False,0.0,0.0,0.0,mtme_UniTE-ref-refA,0.33781966378784034,0.935537336231014,-0.03893715318500668,-0.09054352994850613,0.0,0.0,-0.019207618237963374,0.025234655027788783,-0.029518571536200966,-0.060853358715748124,0.0,-0.013022899207147054,-0.032431127317427186,0.00970734498489861
ende,25,JDExploreAcademy vs Online-Y,0.01,92.9615,112.8204999999997,112.8204999999997,uniform,weighted,0.17602297454806304,False,0.0,0.0,0.0,mtme_UniTE-refA,0.35156253333832566,0.934069874660218,-0.04104186416797995,-0.09151696630311812,0.0,-0.001984441783945634,-0.024488957796908933,0.026363494830216196,-0.03598295041974908,-0.06681971341314856,0.0,-0.007623160511500471,-0.02600637518326739,0.015856337906722157
ende,25,JDExploreAcademy vs Online-Y,0.01,92.9615,112.8204999999997,112.8204999999997,uniform,weighted,0.17602297454806304,False,0.0,0.0,0.0,mtme_UniTE-src-src,0.259037177034083,0.8781288793774996,-0.05209159682858977,-0.12437541894975673,0.0,-0.004085615437535495,-0.03562491969793016,0.012577572782253426,-0.06460973250057678,-0.11513025257168728,0.0,-0.002834916834208112,-0.030589530529752912,0.004235065152322516
ende,25,JDExploreAcademy vs Online-Y,0.01,92.9615,112.8204999999997,112.8204999999997,uniform,weighted,0.17602297454806304,False,0.0,0.0,0.0,mtme_YiSi-1-refA,0.20749125512476202,0.9374352886959156,-0.02222574798019772,-0.07839116580834939,0.0,0.0,0.0,0.03444914319639572,-0.0073111013092748145,-0.04691973689587744,0.0,-0.001509901357349186,-0.031535606444237696,0.010172779077852221
ende,25,JDExploreAcademy vs Online-Y,0.01,92.9615,112.8204999999997,112.8204999999997,uniform,weighted,0.17602297454806304,False,0.0,0.0,0.0,mtme_chrF-refA,0.1864373521406315,0.913148721285636,-0.011772112277646851,-0.042910986833766665,0.0066484693578833815,0.0,-0.008049649876686321,0.03905854213678486,-0.010777571757638604,-0.038740665064590306,0.008833391597048613,-0.004708844911058163,-0.028554771026296333,0.01778759321680435
ende,25,JDExploreAcademy vs Online-Y,0.01,92.9615,112.8204999999997,112.8204999999997,uniform,weighted,0.17602297454806304,False,0.0,0.0,0.0,mtme_f101spBLEU-refA,0.1462652986544919,0.8322237271443311,-0.025081139213764647,-0.08826270007882928,0.0,0.0,-0.012162919957386312,0.02642571859898337,-0.02261340637520104,-0.08319453579365785,0.0,-0.004961104459864529,-0.04685163094628303,0.005609320218461036
ende,25,JDExploreAcademy vs Online-Y,0.01,92.9615,112.8204999999997,112.8204999999997,uniform,weighted,0.17602297454806304,False,0.0,0.0,0.0,mtme_f200spBLEU-refA,0.148277160299866,0.8109386629133486,-0.02671363939927618,-0.09180418263055855,0.0,0.0,-0.011977974178775535,0.029536207145902046,-0.02006491137101163,-0.08162544583344651,0.0,-0.0016152433125131704,-0.03787201648880154,0.012175757810816042
ende,25,JDExploreAcademy vs Online-Y,0.01,92.9615,112.8204999999997,112.8204999999997,uniform,weighted,0.17602297454806304,False,0.0,0.0,0.0,mtme_metricx_xl_DA_2019-refA,0.35718121398066316,0.9809205978427264,-0.014563242124121523,-0.04182911023320066,0.00841377826324253,0.0,-1.7826286274241385e-05,0.03916545524325167,-0.007366488440406105,-0.031065426985975166,0.01609334014264284,-0.0008470178346107193,-0.01759874098971819,0.03357400510391283
ende,25,JDExploreAcademy vs Online-Y,0.01,92.9615,112.8204999999997,112.8204999999997,uniform,weighted,0.17602297454806304,False,0.0,0.0,0.0,mtme_metricx_xl_MQM_2020-refA,0.4000707943178676,0.9616341585507984,0.0,-0.021911064072456105,0.019742457769088288,0.0,0.0,0.039260043548584575,0.0,-0.012367729132466003,0.028877964831153773,0.0,-0.01120982982556609,0.03197369313947613
ende,25,JDExploreAcademy vs Online-Y,0.01,92.9615,112.8204999999997,112.8204999999997,uniform,weighted,0.17602297454806304,False,0.0,0.0,0.0,mtme_metricx_xxl_DA_2019-refA,0.36452253193543155,0.9781893317652096,-0.01076070544815888,-0.03169191100918854,0.019956648682255558,0.0,0.0,0.03916972559124302,-0.007216151941622284,-0.023928074077865735,0.03098970571443705,-0.006694502403673752,-0.022894559214106037,0.033953335923963504
ende,25,JDExploreAcademy vs Online-Y,0.01,92.9615,112.8204999999997,112.8204999999997,uniform,weighted,0.17602297454806304,False,0.0,0.0,0.0,mtme_metricx_xxl_MQM_2020-refA,0.40955419137477483,0.9670998023955928,-0.0056315239814686,-0.025918768984099366,0.02351394074124078,0.0,0.0,0.03903209247351118,0.0,-0.02281361294033198,0.02956099690297196,0.0,-0.008590417385942411,0.03895565537322495
ende,25,JDExploreAcademy vs Online-Y,0.02,92.9615,112.8204999999997,112.75849999999971,dedup,dedup,0.17602297454806304,False,0.0005495455169937102,-0.0007007593197294381,0.0016025144974131686,mtme_BERTScore-refA,0.18580903156424505,0.906706577010188,0.0,0.0,0.0,0.0,0.0,0.0,0.0,0.0,0.0,0.0,0.0,0.0
ende,25,JDExploreAcademy vs Online-Y,0.02,92.9615,112.8204999999997,112.75849999999971,dedup,dedup,0.17602297454806304,False,0.0005495455169937102,-0.0007007593197294381,0.0016025144974131686,mtme_BLEU-refA,0.12136187214255326,0.8634063310084908,0.0,0.0,0.0,0.0,0.0,0.0,0.0,0.0,0.0,0.0,0.0,0.0
ende,25,JDExploreAcademy vs Online-Y,0.02,92.9615,112.8204999999997,112.75849999999971,dedup,dedup,0.17602297454806304,False,0.0005495455169937102,-0.0007007593197294381,0.0016025144974131686,mtme_BLEURT-20-refA,0.30668328549966806,0.977419310947295,0.0,0.0,0.0,0.0,0.0,0.0,0.0,0.0,0.0,0.0,0.0,0.0
ende,25,JDExploreAcademy vs Online-Y,0.02,92.9615,112.8204999999997,112.75849999999971,dedup,dedup,0.17602297454806304,False,0.0005495455169937102,-0.0007007593197294381,0.0016025144974131686,mtme_COMET-20-refA,0.28521689856690946,0.9858264490713564,0.0,0.0,0.0,0.0,0.0,0.0,0.0,0.0,0.0,0.0,0.0,0.0
ende,25,JDExploreAcademy vs Online-Y,0.02,92.9615,112.8204999999997,112.75849999999971,dedup,dedup,0.17602297454806304,False,0.0005495455169937102,-0.0007007593197294381,0.0016025144974131686,mtme_COMET-22-refA,0.3448022263484185,0.9524733537563392,0.0,0.0,0.0,0.0,0.0,0.0,0.0,0.0,0.0,0.0,0.0,0.0
ende,25,JDExploreAcademy vs Online-Y,0.02,92.9615,112.8204999999997,112.75849999999971,dedup,dedup,0.17602297454806304,False,0.0005495455169937102,-0.0007007593197294381,0.0016025144974131686,mtme_COMET-QE-src,0.23984433873952765,0.8324986400919704,0.0,0.0,0.0,0.0,0.0,0.0,0.0,0.0,0.0,0.0,0.0,0.0
ende,25,JDExploreAcademy vs Online-Y,0.02,92.9615,112.8204999999997,112.75849999999971,dedup,dedup,0.17602297454806304,False,0.0005495455169937102,-0.0007007593197294381,0.0016025144974131686,mtme_COMETKiwi-src,0.2722194831487671,0.9226539774777828,0.0,0.0,0.0,0.0,0.0,0.0,0.0,0.0,0.0,0.0,0.0,0.0
ende,25,JDExploreAcademy vs Online-Y,0.02,92.9615,112.8204999999997,112.75849999999971,dedup,dedup,0.17602297454806304,False,0.0005495455169937102,-0.0007007593197294381,0.0016025144974131686,mtme_Cross-QE-src,0.17897526853409665,0.9403569774408737,0.0,0.0,0.0,0.0,0.0,0.0,0.0,0.0,0.0,0.0,0.0,0.0
ende,25,JDExploreAcademy vs Online-Y,0.02,92.9615,112.8204999999997,112.75849999999971,dedup,dedup,0.17602297454806304,False,0.0005495455169937102,-0.0007007593197294381,0.0016025144974131686,mtme_HWTSC-TLM-src,0.1270738585084487,0.7686262691697412,0.0,0.0,0.0,0.0,0.0,0.0,0.0,0.0,0.0,0.0,0.0,0.0
ende,25,JDExploreAcademy vs Online-Y,0.02,92.9615,112.8204999999997,112.75849999999971,dedup,dedup,0.17602297454806304,False,0.0005495455169937102,-0.0007007593197294381,0.0016025144974131686,mtme_HWTSC-Teacher-Sim-src,0.15938163704967084,0.6922672434936012,0.0,0.0,0.0,0.0,0.0,0.0,0.0,0.0,0.0,0.0,0.0,0.0
ende,25,JDExploreAcademy vs Online-Y,0.02,92.9615,112.8204999999997,112.75849999999971,dedup,dedup,0.17602297454806304,False,0.0005495455169937102,-0.0007007593197294381,0.0016025144974131686,mtme_KG-BERTScore-src,0.12047104952422152,0.6378374846052578,0.0,0.0,0.0,0.0,0.0,0.0,0.0,0.0,0.0,0.0,0.0,0.0
ende,25,JDExploreAcademy vs Online-Y,0.02,92.9615,112.8204999999997,112.75849999999971,dedup,dedup,0.17602297454806304,False,0.0005495455169937102,-0.0007007593197294381,0.0016025144974131686,mtme_MATESE-QE-src,0.13137064790166125,0.7648995070123706,0.0,0.0,0.0,0.0,0.0,0.0,0.0,0.0,0.0,0.0,0.0,0.0
ende,25,JDExploreAcademy vs Online-Y,0.02,92.9615,112.8204999999997,112.75849999999971,dedup,dedup,0.17602297454806304,False,0.0005495455169937102,-0.0007007593197294381,0.0016025144974131686,mtme_MATESE-refA,0.1755151238415532,0.9246232659550914,0.0,0.0,0.0,0.0,0.0,0.0,0.0,0.0,0.0,0.0,0.0,0.0
ende,25,JDExploreAcademy vs Online-Y,0.02,92.9615,112.8204999999997,112.75849999999971,dedup,dedup,0.17602297454806304,False,0.0005495455169937102,-0.0007007593197294381,0.0016025144974131686,mtme_MEE-refA,0.15793417993023962,0.8768362437607912,0.0,0.0,0.0,0.0,0.0,0.0,0.0,0.0,0.0,0.0,0.0,0.0
ende,25,JDExploreAcademy vs Online-Y,0.02,92.9615,112.8204999999997,112.75849999999971,dedup,dedup,0.17602297454806304,False,0.0005495455169937102,-0.0007007593197294381,0.0016025144974131686,mtme_MEE2-refA,0.16742088281456696,0.8910462707906135,0.0,0.0,0.0,0.0,0.0,0.0,0.0,0.0,0.0,0.0,0.0,0.0
ende,25,JDExploreAcademy vs Online-Y,0.02,92.9615,112.8204999999997,112.75849999999971,dedup,dedup,0.17602297454806304,False,0.0005495455169937102,-0.0007007593197294381,0.0016025144974131686,mtme_MEE4-refA,0.17776809323882875,0.89207408156182,0.0,0.0,0.0,0.0,0.0,0.0,0.0,0.0,0.0,0.0,0.0,0.0
ende,25,JDExploreAcademy vs Online-Y,0.02,92.9615,112.8204999999997,112.75849999999971,dedup,dedup,0.17602297454806304,False,0.0005495455169937102,-0.0007007593197294381,0.0016025144974131686,mtme_MS-COMET-22-refA,0.2447456909019649,0.9163007970087684,0.0,0.0,0.0,0.0,0.0,0.0,0.0,0.0,0.0,0.0,0.0,0.0
ende,25,JDExploreAcademy vs Online-Y,0.02,92.9615,112.8204999999997,112.75849999999971,dedup,dedup,0.17602297454806304,False,0.0005495455169937102,-0.0007007593197294381,0.0016025144974131686,mtme_MS-COMET-QE-22-src,0.2077494924930269,0.7522191383266835,0.0,0.0,0.0,0.0,0.0,0.0,0.0,0.0,0.0,0.0,0.0,0.0
ende,25,JDExploreAcademy vs Online-Y,0.02,92.9615,112.8204999999997,112.75849999999971,dedup,dedup,0.17602297454806304,False,0.0005495455169937102,-0.0007007593197294381,0.0016025144974131686,mtme_REUSE-src,-0.10402764680321325,-0.7189752875124902,0.0,0.0,0.0,0.0,0.0,0.0,0.0,0.0,0.0,0.0,0.0,0.0
ende,25,JDExploreAcademy vs Online-Y,0.02,92.9615,112.8204999999997,112.75849999999971,dedup,dedup,0.17602297454806304,False,0.0005495455169937102,-0.0007007593197294381,0.0016025144974131686,mtme_SEScore-refA,0.18545525703488808,0.8627443368691673,0.0,0.0,0.0,0.0,0.0,0.0,0.0,0.0,0.0,0.0,0.0,0.0
ende,25,JDExploreAcademy vs Online-Y,0.02,92.9615,112.8204999999997,112.75849999999971,dedup,dedup,0.17602297454806304,False,0.0005495455169937102,-0.0007007593197294381,0.0016025144974131686,mtme_UniTE-ref-refA,0.33781966378784034,0.935537336231014,0.0,0.0,0.0,0.0,0.0,0.0,0.0,0.0,0.0,0.0,0.0,0.0
ende,25,JDExploreAcademy vs Online-Y,0.02,92.9615,112.8204999999997,112.75849999999971,dedup,dedup,0.17602297454806304,False,0.0005495455169937102,-0.0007007593197294381,0.0016025144974131686,mtme_UniTE-refA,0.35156253333832566,0.934069874660218,0.0,0.0,0.0,0.0,0.0,0.0,0.0,0.0,0.0,0.0,0.0,0.0
ende,25,JDExploreAcademy vs Online-Y,0.02,92.9615,112.8204999999997,112.75849999999971,dedup,dedup,0.17602297454806304,False,0.0005495455169937102,-0.0007007593197294381,0.0016025144974131686,mtme_UniTE-src-src,0.259037177034083,0.8781288793774996,0.0,0.0,0.0,0.0,0.0,0.0,0.0,0.0,0.0,0.0,0.0,0.0
ende,25,JDExploreAcademy vs Online-Y,0.02,92.9615,112.8204999999997,112.75849999999971,dedup,dedup,0.17602297454806304,False,0.0005495455169937102,-0.0007007593197294381,0.0016025144974131686,mtme_YiSi-1-refA,0.20749125512476202,0.9374352886959156,0.0,0.0,0.0,0.0,0.0,0.0,0.0,0.0,0.0,0.0,0.0,0.0
ende,25,JDExploreAcademy vs Online-Y,0.02,92.9615,112.8204999999997,112.75849999999971,dedup,dedup,0.17602297454806304,False,0.0005495455169937102,-0.0007007593197294381,0.0016025144974131686,mtme_chrF-refA,0.1864373521406315,0.913148721285636,0.0,0.0,0.0,0.0,0.0,0.0,0.0,0.0,0.0,0.0,0.0,0.0
ende,25,JDExploreAcademy vs Online-Y,0.02,92.9615,112.8204999999997,112.75849999999971,dedup,dedup,0.17602297454806304,False,0.0005495455169937102,-0.0007007593197294381,0.0016025144974131686,mtme_f101spBLEU-refA,0.1462652986544919,0.8322237271443311,0.0,0.0,0.0,0.0,0.0,0.0,0.0,0.0,0.0,0.0,0.0,0.0
ende,25,JDExploreAcademy vs Online-Y,0.02,92.9615,112.8204999999997,112.75849999999971,dedup,dedup,0.17602297454806304,False,0.0005495455169937102,-0.0007007593197294381,0.0016025144974131686,mtme_f200spBLEU-refA,0.148277160299866,0.8109386629133486,0.0,0.0,0.0,0.0,0.0,0.0,0.0,0.0,0.0,0.0,0.0,0.0
ende,25,JDExploreAcademy vs Online-Y,0.02,92.9615,112.8204999999997,112.75849999999971,dedup,dedup,0.17602297454806304,False,0.0005495455169937102,-0.0007007593197294381,0.0016025144974131686,mtme_metricx_xl_DA_2019-refA,0.35718121398066316,0.9809205978427264,0.0,0.0,0.0,0.0,0.0,0.0,0.0,0.0,0.0,0.0,0.0,0.0
ende,25,JDExploreAcademy vs Online-Y,0.02,92.9615,112.8204999999997,112.75849999999971,dedup,dedup,0.17602297454806304,False,0.0005495455169937102,-0.0007007593197294381,0.0016025144974131686,mtme_metricx_xl_MQM_2020-refA,0.4000707943178676,0.9616341585507984,0.0,0.0,0.0,0.0,0.0,0.0,0.0,0.0,0.0,0.0,0.0,0.0
ende,25,JDExploreAcademy vs Online-Y,0.02,92.9615,112.8204999999997,112.75849999999971,dedup,dedup,0.17602297454806304,False,0.0005495455169937102,-0.0007007593197294381,0.0016025144974131686,mtme_metricx_xxl_DA_2019-refA,0.36452253193543155,0.9781893317652096,0.0,0.0,0.0,0.0,0.0,0.0,0.0,0.0,0.0,0.0,0.0,0.0
ende,25,JDExploreAcademy vs Online-Y,0.02,92.9615,112.8204999999997,112.75849999999971,dedup,dedup,0.17602297454806304,False,0.0005495455169937102,-0.0007007593197294381,0.0016025144974131686,mtme_metricx_xxl_MQM_2020-refA,0.40955419137477483,0.9670998023955928,0.0,0.0,0.0,0.0,0.0,0.0,0.0,0.0,0.0,0.0,0.0,0.0
ende,34,Online-A vs Online-G,0.01,86.647,202.0884166666665,170.1260162601626,dedup,dedup,0.5712421254558129,True,0.15816047715007875,0.09958509411805476,0.22459236066649096,mtme_BERTScore-refA,0.14249941302686547,0.906706577010188,-0.02642758322893779,-0.04677745026365369,-0.0025984585756051856,0.012455116411151046,-0.0052676626847383105,0.03231333788614006,-0.011980530672843548,-0.033808993478006165,0.0077094626595632515,0.019769773569521365,-0.0012857985236269126,0.042626514846683075
ende,34,Online-A vs Online-G,0.01,86.647,202.0884166666665,170.1260162601626,dedup,dedup,0.5712421254558129,True,0.15816047715007875,0.09958509411805476,0.22459236066649096,mtme_BLEU-refA,0.09845257121761264,0.8634063310084908,-0.010497812105474846,-0.031977289972284516,0.01090607575755141,0.012656031731619555,-0.004338043392097052,0.03170609623528188,-0.006086385331294242,-0.023819381212076777,0.012445347508344324,0.006124763449327997,-0.011970848781476839,0.02618843663649266
ende,34,Online-A vs Online-G,0.01,86.647,202.0884166666665,170.1260162601626,dedup,dedup,0.5712421254558129,True,0.15816047715007875,0.09958509411805476,0.22459236066649096,mtme_BLEURT-20-refA,0.29515003952299645,0.977419310947295,-0.008182381180440235,-0.03689884621452719,0.017560074708930604,0.05203274371324129,0.022490658341847363,0.09028060381469705,0.008010087197248272,-0.02197639107612357,0.03287396742178767,0.03806136713710828,0.005802012960749598,0.07042686172713315
ende,34,Online-A vs Online-G,0.01,86.647,202.0884166666665,170.1260162601626,dedup,dedup,0.5712421254558129,True,0.15816047715007875,0.09958509411805476,0.22459236066649096,mtme_COMET-20-refA,0.2446225656772265,0.9858264490713564,-0.03225717446356291,-0.058753664160241,-0.0026681018972519437,0.032320207010741786,0.0057426943418600425,0.06141049345686178,-0.019775049580655013,-0.050077479449012474,0.011682245843739277,0.03412450737046324,0.0048824130223363935,0.06619230808767974
ende,34,Online-A vs Online-G,0.01,86.647,202.0884166666665,170.1260162601626,dedup,dedup,0.5712421254558129,True,0.15816047715007875,0.09958509411805476,0.22459236066649096,mtme_COMET-22-refA,0.3244841810769681,0.9524733537563392,0.003061929676653863,-0.030847939512888493,0.038368834041812364,0.06905098133182719,0.040257715912037056,0.11803419122773633,0.01463038070756073,-0.019974773788285275,0.04833319111630405,0.03231139940043293,-0.005248940371357324,0.06854231124520516
ende,34,Online-A vs Online-G,0.01,86.647,202.0884166666665,170.1260162601626,dedup,dedup,0.5712421254558129,True,0.15816047715007875,0.09958509411805476,0.22459236066649096,mtme_COMET-QE-src,0.1472175342005591,0.8324986400919704,-0.022495777878664525,-0.04914798076276714,-0.0016288065753481918,0.013908016455860595,-0.011644524262378043,0.03681603354215758,-0.008412007865438609,-0.03304766688414513,0.015711917123454346,0.015025412398023685,-0.010013033156434658,0.037303360915037026
ende,34,Online-A vs Online-G,0.01,86.647,202.0884166666665,170.1260162601626,dedup,dedup,0.5712421254558129,True,0.15816047715007875,0.09958509411805476,0.22459236066649096,mtme_COMETKiwi-src,0.2777333771976378,0.9226539774777828,-0.004487147715648732,-0.03767066199297296,0.025081840342809247,0.04933573380028167,0.021347994810437608,0.08520289697442597,0.00796310721368687,-0.019836412670701204,0.040338747176510564,0.029657474824016372,-0.00014399827585840857,0.05974611481682908
ende,34,Online-A vs Online-G,0.01,86.647,202.0884166666665,170.1260162601626,dedup,dedup,0.5712421254558129,True,0.15816047715007875,0.09958509411805476,0.22459236066649096,mtme_Cross-QE-src,0.24589771944265082,0.9403569774408737,-0.03076255996741417,-0.05690260627283895,0.0009491874273705598,0.037380701281290785,0.012392632653505202,0.07037609482321831,-0.011021402013145831,-0.038522566295478004,0.01860310167390471,0.028271593520825644,-0.0024531429097570945,0.06117026316138847
ende,34,Online-A vs Online-G,0.01,86.647,202.0884166666665,170.1260162601626,dedup,dedup,0.5712421254558129,True,0.15816047715007875,0.09958509411805476,0.22459236066649096,mtme_HWTSC-TLM-src,0.05064200864415798,0.7686262691697412,-0.019386374109510607,-0.035511253992537135,-0.004452640787197696,0.009078388336052012,-0.004434861904543391,0.02106046393270976,-0.007677927065537826,-0.0245717393959424,0.005085693185251971,0.0036206980434621006,-0.008865497652673204,0.017066375224961548
ende,34,Online-A vs Online-G,0.01,86.647,202.0884166666665,170.1260162601626,dedup,dedup,0.5712421254558129,True,0.15816047715007875,0.09958509411805476,0.22459236066649096,mtme_HWTSC-Teacher-Sim-src,0.019454994252680463,0.6922672434936012,-0.017380808678406634,-0.03517399326407355,-0.0022185198329311494,0.008511530575511128,-0.004440386284072639,0.02331851708327712,-0.009464921293460549,-0.022387889854073872,0.005873845235809655,0.0036206980434619895,-0.0035956644583361006,0.011162376894870847
ende,34,Online-A vs Online-G,0.01,86.647,202.0884166666665,170.1260162601626,dedup,dedup,0.5712421254558129,True,0.15816047715007875,0.09958509411805476,0.22459236066649096,mtme_KG-BERTScore-src,0.0404401526734262,0.6378374846052578,-0.0032882482524176915,-0.0215028488819999,0.012536354846527244,0.01463038070756073,0.0039008695066230477,0.031871561138949546,-0.007726109975183748,-0.025989329924660902,0.007900090596222476,-0.003300761905386418,-0.018430591558018943,0.008621274100540756
ende,34,Online-A vs Online-G,0.01,86.647,202.0884166666665,170.1260162601626,dedup,dedup,0.5712421254558129,True,0.15816047715007875,0.09958509411805476,0.22459236066649096,mtme_MATESE-QE-src,0.1399699880108845,0.7648995070123706,-0.02166773013579193,-0.0493387621673029,0.002993220498405244,0.018733720175788338,-0.006802886620301268,0.041063267674892004,-0.008892136388616745,-0.040317810697020715,0.012946179329143706,0.01828145406198589,-0.006387383759434478,0.04121710112853492
ende,34,Online-A vs Online-G,0.01,86.647,202.0884166666665,170.1260162601626,dedup,dedup,0.5712421254558129,True,0.15816047715007875,0.09958509411805476,0.22459236066649096,mtme_MATESE-refA,0.19072285976813547,0.9246232659550914,-0.021267061873111892,-0.04825199206974683,0.009037871628094761,0.0381107904149286,0.011907084142248118,0.07503373661318645,-0.01744299675378924,-0.04558845757135264,0.013471549720287,0.030912259247175666,0.007665797206129372,0.05839831236100206
ende,34,Online-A vs Online-G,0.01,86.647,202.0884166666665,170.1260162601626,dedup,dedup,0.5712421254558129,True,0.15816047715007875,0.09958509411805476,0.22459236066649096,mtme_MEE-refA,0.11138133506327935,0.8768362437607912,-0.023910556593629506,-0.04382017799130074,-0.0020022022733630893,0.010450184116560846,-0.010171896081869806,0.02710223904174602,-0.007500135864053625,-0.024737736489474565,0.01026727030440516,0.012406739380420584,-0.0017694455756482037,0.030498223943462348
ende,34,Online-A vs Online-G,0.01,86.647,202.0884166666665,170.1260162601626,dedup,dedup,0.5712421254558129,True,0.15816047715007875,0.09958509411805476,0.22459236066649096,mtme_MEE2-refA,0.10875012271420834,0.8910462707906135,-0.026391610643227148,-0.046357966422890154,-0.004710883101632311,0.0034227390655321432,-0.01371459725111148,0.020352601201254688,-0.02116914176641216,-0.03915171660832916,-0.0027871217073347377,0.02006444552437958,0.0044183302952715805,0.039680039106901294
ende,34,Online-A vs Online-G,0.01,86.647,202.0884166666665,170.1260162601626,dedup,dedup,0.5712421254558129,True,0.15816047715007875,0.09958509411805476,0.22459236066649096,mtme_MEE4-refA,0.12302937725023527,0.89207408156182,-0.026391610643227148,-0.04827151068026288,-0.006037749652232014,0.01058255037608391,-0.007946352107782228,0.026630911610690332,-0.020994686403900342,-0.041306707630200265,0.0002956472631464325,0.023383552708220123,0.0070362902137585835,0.04499546644121825
ende,34,Online-A vs Online-G,0.01,86.647,202.0884166666665,170.1260162601626,dedup,dedup,0.5712421254558129,True,0.15816047715007875,0.09958509411805476,0.22459236066649096,mtme_MS-COMET-22-refA,0.16969193166507282,0.9163007970087684,-0.051158703143195705,-0.08070470173992232,-0.01928089000349015,0.0164627358353876,-0.0027373994972200166,0.037818690608083766,-0.0370850612888578,-0.06217814369683066,-0.010422250924023034,0.00015820329087623541,-0.022343374480698123,0.023983402990649525
ende,34,Online-A vs Online-G,0.01,86.647,202.0884166666665,170.1260162601626,dedup,dedup,0.5712421254558129,True,0.15816047715007875,0.09958509411805476,0.22459236066649096,mtme_MS-COMET-QE-22-src,0.1423473537464573,0.7522191383266835,-0.03354531678171524,-0.0624758308248011,-0.006436554352226185,0.02197112524192979,-0.00045858446263364293,0.05003363489663029,-0.030161737473417327,-0.058650973502283835,-0.0045277751598542,0.0015001123683227036,-0.020474125507718988,0.02643642812918074
ende,34,Online-A vs Online-G,0.01,86.647,202.0884166666665,170.1260162601626,dedup,dedup,0.5712421254558129,True,0.15816047715007875,0.09958509411805476,0.22459236066649096,mtme_REUSE-src,-0.04635114359186657,-0.7189752875124902,-0.011187750890062409,-0.023787346685258847,0.002864024629498012,0.003981553606843491,-0.003333137560444388,0.012698343674849726,-0.005782732619463049,-0.015956274940776966,0.004896591567774063,0.0,0.0,0.0
ende,34,Online-A vs Online-G,0.01,86.647,202.0884166666665,170.1260162601626,dedup,dedup,0.5712421254558129,True,0.15816047715007875,0.09958509411805476,0.22459236066649096,mtme_SEScore-refA,0.15983043249640122,0.8627443368691673,-0.0099124095003702,-0.038365345889997356,0.013808923791523873,0.033929761171360484,0.01008071120041995,0.0643969801172737,-0.007821685910710974,-0.03256631731534935,0.018563529848790655,0.02795744431521996,6.607917331963317e-05,0.054229313295652073
ende,34,Online-A vs Online-G,0.01,86.647,202.0884166666665,170.1260162601626,dedup,dedup,0.5712421254558129,True,0.15816047715007875,0.09958509411805476,0.22459236066649096,mtme_UniTE-ref-refA,0.30928699116309927,0.935537336231014,0.008950779426236899,-0.02498510588609129,0.03333111234166254,0.04854546101380819,0.020706283456732474,0.08429665965615296,0.014012599515557111,-0.016909453381002516,0.046576619437487025,0.031345566098338606,0.0024971955162905435,0.06010456667961923
ende,34,Online-A vs Online-G,0.01,86.647,202.0884166666665,170.1260162601626,dedup,dedup,0.5712421254558129,True,0.15816047715007875,0.09958509411805476,0.22459236066649096,mtme_UniTE-refA,0.33732659803221515,0.934069874660218,0.0061349324891317725,-0.022052821971969623,0.035019115535249674,0.04397287570648356,0.0170896421719298,0.07737157553838561,0.013193775677578845,-0.0205577343506969,0.04560036796087141,0.04456431377114822,0.012296087890076229,0.07931173950695729
ende,34,Online-A vs Online-G,0.01,86.647,202.0884166666665,170.1260162601626,dedup,dedup,0.5712421254558129,True,0.15816047715007875,0.09958509411805476,0.22459236066649096,mtme_UniTE-src-src,0.26264263045512865,0.8781288793774996,-0.008211954314114367,-0.038359930589724665,0.014584638038150657,0.027597631372923814,0.0032179617644154538,0.0590531137670459,-0.0038692533769064674,-0.035168145818918674,0.022194503493291256,0.019479778947280257,-0.011508788706367373,0.047558561386943726
ende,34,Online-A vs Online-G,0.01,86.647,202.0884166666665,170.1260162601626,dedup,dedup,0.5712421254558129,True,0.15816047715007875,0.09958509411805476,0.22459236066649096,mtme_YiSi-1-refA,0.15372872272329025,0.9374352886959156,-0.03840378963465607,-0.059638837532061124,-0.0100307967821736,0.00996532526310534,-0.013394790309596316,0.027787789086240137,-0.023878443079292433,-0.04630496933721277,-0.0012287222169924223,0.019932895544532148,-0.0010196312531249858,0.043266270459564944
ende,34,Online-A vs Online-G,0.01,86.647,202.0884166666665,170.1260162601626,dedup,dedup,0.5712421254558129,True,0.15816047715007875,0.09958509411805476,0.22459236066649096,mtme_chrF-refA,0.11812467284309089,0.913148721285636,-0.010965072234719209,-0.031177885504016394,0.00830235445871871,0.016869759683161845,0.001316171128434441,0.03320028926769554,-0.009868808085337966,-0.02714045286544677,0.0067307610108351046,0.015059129217992906,-0.002512597124556054,0.03157636349542753
ende,34,Online-A vs Online-G,0.01,86.647,202.0884166666665,170.1260162601626,dedup,dedup,0.5712421254558129,True,0.15816047715007875,0.09958509411805476,0.22459236066649096,mtme_f101spBLEU-refA,0.10604271016728137,0.8322237271443311,-0.026363226477368107,-0.04504973599018452,-0.002088110647540996,0.011944660820530029,-0.00532225645023579,0.02725884643708589,-0.010147857141544092,-0.02619844110180852,0.004407916213244617,0.009948705694739046,-0.008139534319994967,0.03007582486003651
ende,34,Online-A vs Online-G,0.01,86.647,202.0884166666665,170.1260162601626,dedup,dedup,0.5712421254558129,True,0.15816047715007875,0.09958509411805476,0.22459236066649096,mtme_f200spBLEU-refA,0.09847008882811563,0.8109386629133486,-0.01963552505255195,-0.03741374254036969,0.0006010545678308793,0.006635922678072337,-0.00658504309761681,0.02172789816221602,-0.009418728962424794,-0.025188283880391314,0.004517972415249718,0.009214482584758099,-0.006458514041629648,0.028800247055964318
ende,34,Online-A vs Online-G,0.01,86.647,202.0884166666665,170.1260162601626,dedup,dedup,0.5712421254558129,True,0.15816047715007875,0.09958509411805476,0.22459236066649096,mtme_metricx_xl_DA_2019-refA,0.3079706160702605,0.9809205978427264,0.004054777581222191,-0.0269268328777058,0.030376814537939188,0.062319969498417116,0.03516737430834788,0.10116728526786685,0.018315146591479148,-0.012022322908520539,0.05185669301464069,0.04873612617142198,0.019358005320768295,0.08515372047277715
ende,34,Online-A vs Online-G,0.01,86.647,202.0884166666665,170.1260162601626,dedup,dedup,0.5712421254558129,True,0.15816047715007875,0.09958509411805476,0.22459236066649096,mtme_metricx_xl_MQM_2020-refA,0.3358029041691657,0.9616341585507984,0.018580583498602365,-0.010896103723796308,0.055458106474541004,0.06905098133182719,0.03948237537320294,0.11504253821207161,0.023315404004037754,-0.01231258570558361,0.0655341980229085,0.052070917685402396,0.015969847301571704,0.09965526671897715
ende,34,Online-A vs Online-G,0.01,86.647,202.0884166666665,170.1260162601626,dedup,dedup,0.5712421254558129,True,0.15816047715007875,0.09958509411805476,0.22459236066649096,mtme_metricx_xxl_DA_2019-refA,0.3188665311269754,0.9781893317652096,-0.00034127602344335983,-0.03230848488863232,0.03239090201863485,0.05703807027477881,0.030866352528023774,0.09768794321885046,0.012249260550015295,-0.018933355013418057,0.04732516915240265,0.0420613274004924,0.013787319138727428,0.08264677622618916
ende,34,Online-A vs Online-G,0.01,86.647,202.0884166666665,170.1260162601626,dedup,dedup,0.5712421254558129,True,0.15816047715007875,0.09958509411805476,0.22459236066649096,mtme_metricx_xxl_MQM_2020-refA,0.3544205681161725,0.9670998023955928,0.011681041974414774,-0.017148799227417275,0.04317353727880147,0.07393892512856437,0.04399467981817999,0.1265592844231984,0.018067807655296475,-0.012207378987002731,0.0517536557584224,0.06617382829121032,0.03459099364262929,0.1092105329021932
ende,34,Online-A vs Online-G,0.02,86.647,106.5059999999996,106.5059999999996,uniform,dedup,0.1864589788368699,False,0.0,0.0,0.0,mtme_BERTScore-refA,0.14249941302686547,0.906706577010188,0.0,0.0,0.0,0.0,0.0,0.0,0.0,0.0,0.0,0.0,0.0,0.0
ende,34,Online-A vs Online-G,0.02,86.647,106.5059999999996,106.5059999999996,uniform,dedup,0.1864589788368699,False,0.0,0.0,0.0,mtme_BLEU-refA,0.09845257121761264,0.8634063310084908,0.0,0.0,0.0,0.0,0.0,0.0,0.0,0.0,0.0,0.0,0.0,0.0
ende,34,Online-A vs Online-G,0.02,86.647,106.5059999999996,106.5059999999996,uniform,dedup,0.1864589788368699,False,0.0,0.0,0.0,mtme_BLEURT-20-refA,0.29515003952299645,0.977419310947295,0.0,0.0,0.0,0.0,0.0,0.0,0.0,0.0,0.0,0.0,0.0,0.0
ende,34,Online-A vs Online-G,0.02,86.647,106.5059999999996,106.5059999999996,uniform,dedup,0.1864589788368699,False,0.0,0.0,0.0,mtme_COMET-20-refA,0.2446225656772265,0.9858264490713564,0.0,0.0,0.0,0.0,0.0,0.0,0.0,0.0,0.0,0.0,0.0,0.0
ende,34,Online-A vs Online-G,0.02,86.647,106.5059999999996,106.5059999999996,uniform,dedup,0.1864589788368699,False,0.0,0.0,0.0,mtme_COMET-22-refA,0.3244841810769681,0.9524733537563392,0.0,0.0,0.0,0.0,0.0,0.0,0.0,0.0,0.0,0.0,0.0,0.0
ende,34,Online-A vs Online-G,0.02,86.647,106.5059999999996,106.5059999999996,uniform,dedup,0.1864589788368699,False,0.0,0.0,0.0,mtme_COMET-QE-src,0.1472175342005591,0.8324986400919704,0.0,0.0,0.0,0.0,0.0,0.0,0.0,0.0,0.0,0.0,0.0,0.0
ende,34,Online-A vs Online-G,0.02,86.647,106.5059999999996,106.5059999999996,uniform,dedup,0.1864589788368699,False,0.0,0.0,0.0,mtme_COMETKiwi-src,0.2777333771976378,0.9226539774777828,0.0,0.0,0.0,0.0,0.0,0.0,0.0,0.0,0.0,0.0,0.0,0.0
ende,34,Online-A vs Online-G,0.02,86.647,106.5059999999996,106.5059999999996,uniform,dedup,0.1864589788368699,False,0.0,0.0,0.0,mtme_Cross-QE-src,0.24589771944265082,0.9403569774408737,0.0,0.0,0.0,0.0,0.0,0.0,0.0,0.0,0.0,0.0,0.0,0.0
ende,34,Online-A vs Online-G,0.02,86.647,106.5059999999996,106.5059999999996,uniform,dedup,0.1864589788368699,False,0.0,0.0,0.0,mtme_HWTSC-TLM-src,0.05064200864415798,0.7686262691697412,0.0,0.0,0.0,0.0,0.0,0.0,0.0,0.0,0.0,0.0,0.0,0.0
ende,34,Online-A vs Online-G,0.02,86.647,106.5059999999996,106.5059999999996,uniform,dedup,0.1864589788368699,False,0.0,0.0,0.0,mtme_HWTSC-Teacher-Sim-src,0.019454994252680463,0.6922672434936012,0.0,0.0,0.0,0.0,0.0,0.0,0.0,0.0,0.0,0.0,0.0,0.0
ende,34,Online-A vs Online-G,0.02,86.647,106.5059999999996,106.5059999999996,uniform,dedup,0.1864589788368699,False,0.0,0.0,0.0,mtme_KG-BERTScore-src,0.0404401526734262,0.6378374846052578,0.0,0.0,0.0,0.0,0.0,0.0,0.0,0.0,0.0,0.0,0.0,0.0
ende,34,Online-A vs Online-G,0.02,86.647,106.5059999999996,106.5059999999996,uniform,dedup,0.1864589788368699,False,0.0,0.0,0.0,mtme_MATESE-QE-src,0.1399699880108845,0.7648995070123706,0.0,0.0,0.0,0.0,0.0,0.0,0.0,0.0,0.0,0.0,0.0,0.0
ende,34,Online-A vs Online-G,0.02,86.647,106.5059999999996,106.5059999999996,uniform,dedup,0.1864589788368699,False,0.0,0.0,0.0,mtme_MATESE-refA,0.19072285976813547,0.9246232659550914,0.0,0.0,0.0,0.0,0.0,0.0,0.0,0.0,0.0,0.0,0.0,0.0
ende,34,Online-A vs Online-G,0.02,86.647,106.5059999999996,106.5059999999996,uniform,dedup,0.1864589788368699,False,0.0,0.0,0.0,mtme_MEE-refA,0.11138133506327935,0.8768362437607912,0.0,0.0,0.0,0.0,0.0,0.0,0.0,0.0,0.0,0.0,0.0,0.0
ende,34,Online-A vs Online-G,0.02,86.647,106.5059999999996,106.5059999999996,uniform,dedup,0.1864589788368699,False,0.0,0.0,0.0,mtme_MEE2-refA,0.10875012271420834,0.8910462707906135,0.0,0.0,0.0,0.0,0.0,0.0,0.0,0.0,0.0,0.0,0.0,0.0
ende,34,Online-A vs Online-G,0.02,86.647,106.5059999999996,106.5059999999996,uniform,dedup,0.1864589788368699,False,0.0,0.0,0.0,mtme_MEE4-refA,0.12302937725023527,0.89207408156182,0.0,0.0,0.0,0.0,0.0,0.0,0.0,0.0,0.0,0.0,0.0,0.0
ende,34,Online-A vs Online-G,0.02,86.647,106.5059999999996,106.5059999999996,uniform,dedup,0.1864589788368699,False,0.0,0.0,0.0,mtme_MS-COMET-22-refA,0.16969193166507282,0.9163007970087684,0.0,0.0,0.0,0.0,0.0,0.0,0.0,0.0,0.0,0.0,0.0,0.0
ende,34,Online-A vs Online-G,0.02,86.647,106.5059999999996,106.5059999999996,uniform,dedup,0.1864589788368699,False,0.0,0.0,0.0,mtme_MS-COMET-QE-22-src,0.1423473537464573,0.7522191383266835,0.0,0.0,0.0,0.0,0.0,0.0,0.0,0.0,0.0,0.0,0.0,0.0
ende,34,Online-A vs Online-G,0.02,86.647,106.5059999999996,106.5059999999996,uniform,dedup,0.1864589788368699,False,0.0,0.0,0.0,mtme_REUSE-src,-0.04635114359186657,-0.7189752875124902,0.0,0.0,0.0,0.0,0.0,0.0,0.0,0.0,0.0,0.0,0.0,0.0
ende,34,Online-A vs Online-G,0.02,86.647,106.5059999999996,106.5059999999996,uniform,dedup,0.1864589788368699,False,0.0,0.0,0.0,mtme_SEScore-refA,0.15983043249640122,0.8627443368691673,0.0,0.0,0.0,0.0,0.0,0.0,0.0,0.0,0.0,0.0,0.0,0.0
ende,34,Online-A vs Online-G,0.02,86.647,106.5059999999996,106.5059999999996,uniform,dedup,0.1864589788368699,False,0.0,0.0,0.0,mtme_UniTE-ref-refA,0.30928699116309927,0.935537336231014,0.0,0.0,0.0,0.0,0.0,0.0,0.0,0.0,0.0,0.0,0.0,0.0
ende,34,Online-A vs Online-G,0.02,86.647,106.5059999999996,106.5059999999996,uniform,dedup,0.1864589788368699,False,0.0,0.0,0.0,mtme_UniTE-refA,0.33732659803221515,0.934069874660218,0.0,0.0,0.0,0.0,0.0,0.0,0.0,0.0,0.0,0.0,0.0,0.0
ende,34,Online-A vs Online-G,0.02,86.647,106.5059999999996,106.5059999999996,uniform,dedup,0.1864589788368699,False,0.0,0.0,0.0,mtme_UniTE-src-src,0.26264263045512865,0.8781288793774996,0.0,0.0,0.0,0.0,0.0,0.0,0.0,0.0,0.0,0.0,0.0,0.0
ende,34,Online-A vs Online-G,0.02,86.647,106.5059999999996,106.5059999999996,uniform,dedup,0.1864589788368699,False,0.0,0.0,0.0,mtme_YiSi-1-refA,0.15372872272329025,0.9374352886959156,0.0,0.0,0.0,0.0,0.0,0.0,0.0,0.0,0.0,0.0,0.0,0.0
ende,34,Online-A vs Online-G,0.02,86.647,106.5059999999996,106.5059999999996,uniform,dedup,0.1864589788368699,False,0.0,0.0,0.0,mtme_chrF-refA,0.11812467284309089,0.913148721285636,0.0,0.0,0.0,0.0,0.0,0.0,0.0,0.0,0.0,0.0,0.0,0.0
ende,34,Online-A vs Online-G,0.02,86.647,106.5059999999996,106.5059999999996,uniform,dedup,0.1864589788368699,False,0.0,0.0,0.0,mtme_f101spBLEU-refA,0.10604271016728137,0.8322237271443311,0.0,0.0,0.0,0.0,0.0,0.0,0.0,0.0,0.0,0.0,0.0,0.0
ende,34,Online-A vs Online-G,0.02,86.647,106.5059999999996,106.5059999999996,uniform,dedup,0.1864589788368699,False,0.0,0.0,0.0,mtme_f200spBLEU-refA,0.09847008882811563,0.8109386629133486,0.0,0.0,0.0,0.0,0.0,0.0,0.0,0.0,0.0,0.0,0.0,0.0
ende,34,Online-A vs Online-G,0.02,86.647,106.5059999999996,106.5059999999996,uniform,dedup,0.1864589788368699,False,0.0,0.0,0.0,mtme_metricx_xl_DA_2019-refA,0.3079706160702605,0.9809205978427264,0.0,0.0,0.0,0.0,0.0,0.0,0.0,0.0,0.0,0.0,0.0,0.0
ende,34,Online-A vs Online-G,0.02,86.647,106.5059999999996,106.5059999999996,uniform,dedup,0.1864589788368699,False,0.0,0.0,0.0,mtme_metricx_xl_MQM_2020-refA,0.3358029041691657,0.9616341585507984,0.0,0.0,0.0,0.0,0.0,0.0,0.0,0.0,0.0,0.0,0.0,0.0
ende,34,Online-A vs Online-G,0.02,86.647,106.5059999999996,106.5059999999996,uniform,dedup,0.1864589788368699,False,0.0,0.0,0.0,mtme_metricx_xxl_DA_2019-refA,0.3188665311269754,0.9781893317652096,0.0,0.0,0.0,0.0,0.0,0.0,0.0,0.0,0.0,0.0,0.0,0.0
ende,34,Online-A vs Online-G,0.02,86.647,106.5059999999996,106.5059999999996,uniform,dedup,0.1864589788368699,False,0.0,0.0,0.0,mtme_metricx_xxl_MQM_2020-refA,0.3544205681161725,0.9670998023955928,0.0,0.0,0.0,0.0,0.0,0.0,0.0,0.0,0.0,0.0,0.0,0.0
ende,35,Online-A vs Online-Y,0.01,90.1335,174.4836652892563,161.2377167832168,dedup,dedup,0.4834272890211351,True,0.07591512067379247,0.040159107812957555,0.1414057031095636,mtme_BERTScore-refA,0.14838571587087782,0.906706577010188,-0.00035256583995901813,-0.01933548439618738,0.013122569510637809,0.014683680938180732,-0.004155507933124997,0.03243438580328086,-0.0028364031317191785,-0.023605129513251142,0.01157244418492631,0.01798282631753012,-0.00033934110259432605,0.044549353755757595
ende,35,Online-A vs Online-Y,0.01,90.1335,174.4836652892563,161.2377167832168,dedup,dedup,0.4834272890211351,True,0.07591512067379247,0.040159107812957555,0.1414057031095636,mtme_BLEU-refA,0.10983644293471453,0.8634063310084908,-0.008988674400629115,-0.030195247030024592,0.003294382432173476,0.0042931442904730055,-0.01067788511743884,0.01664826222738773,-0.0113127647778124,-0.03206396953783584,0.0005095222506733725,0.01635844996069391,-8.089645286944936e-05,0.03746549047735778
ende,35,Online-A vs Online-Y,0.01,90.1335,174.4836652892563,161.2377167832168,dedup,dedup,0.4834272890211351,True,0.07591512067379247,0.040159107812957555,0.1414057031095636,mtme_BLEURT-20-refA,0.2901583002803506,0.977419310947295,0.018564235532931295,-0.006710781807737409,0.05092456344905464,0.07103240715230263,0.033040216013701856,0.10795337140944039,0.03341910405797921,0.006069350583271516,0.06979077618451995,0.04745429731405937,0.018946642855523967,0.08505109916641468
ende,35,Online-A vs Online-Y,0.01,90.1335,174.4836652892563,161.2377167832168,dedup,dedup,0.4834272890211351,True,0.07591512067379247,0.040159107812957555,0.1414057031095636,mtme_COMET-20-refA,0.23010937068977894,0.9858264490713564,0.005976767586403864,-0.01739444974978019,0.028736873498830327,0.0506732492151577,0.026646752462990243,0.08235779057487473,0.01075963585688644,-0.011869083139069309,0.03724865672145945,0.03218117414887156,0.013458771636912741,0.06329153238435435
ende,35,Online-A vs Online-Y,0.01,90.1335,174.4836652892563,161.2377167832168,dedup,dedup,0.4834272890211351,True,0.07591512067379247,0.040159107812957555,0.1414057031095636,mtme_COMET-22-refA,0.2934104913346449,0.9524733537563392,0.023105658398345663,0.0008818965068750499,0.06061029132706537,0.0588091888522404,0.03124173340512533,0.09452422361757068,0.04262295104793934,0.015218537834066941,0.07864036468885854,0.04109049599523118,0.015697853753189023,0.08248542965268092
ende,35,Online-A vs Online-Y,0.01,90.1335,174.4836652892563,161.2377167832168,dedup,dedup,0.4834272890211351,True,0.07591512067379247,0.040159107812957555,0.1414057031095636,mtme_COMET-QE-src,0.1745189017117406,0.8324986400919704,0.007219935244375919,-0.014214251482858525,0.02764864330956225,0.03291946664995271,0.01570410319550258,0.05781261242184288,0.008733792634325832,-0.012778187949523005,0.03570348478594832,0.022304133754855515,0.00410363606283167,0.05109600817883134
ende,35,Online-A vs Online-Y,0.01,90.1335,174.4836652892563,161.2377167832168,dedup,dedup,0.4834272890211351,True,0.07591512067379247,0.040159107812957555,0.1414057031095636,mtme_COMETKiwi-src,0.24917552799305892,0.9226539774777828,0.013352066911932803,-0.013790038427786104,0.05078378641881535,0.04962765384773604,0.022632513453244987,0.08445986507702845,0.025741475791282276,0.002167523415875526,0.06182705452228391,0.03348472699966376,0.010632359862779864,0.07109385102058112
ende,35,Online-A vs Online-Y,0.01,90.1335,174.4836652892563,161.2377167832168,dedup,dedup,0.4834272890211351,True,0.07591512067379247,0.040159107812957555,0.1414057031095636,mtme_Cross-QE-src,0.19491583747612445,0.9403569774408737,0.0039992778559532205,-0.015459811874577449,0.026237526206245945,0.04207590897449576,0.02031228527513457,0.0681747759169505,0.007795052635165667,-0.016411958727572,0.03758882597415266,0.019907424008371644,-0.00016733480200724604,0.0521629440221859
ende,35,Online-A vs Online-Y,0.01,90.1335,174.4836652892563,161.2377167832168,dedup,dedup,0.4834272890211351,True,0.07591512067379247,0.040159107812957555,0.1414057031095636,mtme_HWTSC-TLM-src,0.08153364663468537,0.7686262691697412,-0.023726381400902552,-0.05569731498082421,-0.009571740815299433,0.005879090127563158,-0.00736868422643811,0.021018848209232433,-0.015588079019982493,-0.041789737530310775,-0.0015356581497288954,0.008979380488094324,-0.0037181195251296704,0.02588871117656539
ende,35,Online-A vs Online-Y,0.01,90.1335,174.4836652892563,161.2377167832168,dedup,dedup,0.4834272890211351,True,0.07591512067379247,0.040159107812957555,0.1414057031095636,mtme_HWTSC-Teacher-Sim-src,0.10577428681184167,0.6922672434936012,-0.024707565283008215,-0.06604564841987282,-0.0038806727560927044,0.010325569154640779,-0.00865702174437648,0.034315278017399815,-0.020619645570802758,-0.05213775807083557,0.0018033524538729438,0.005504946831897173,-0.012307878774187564,0.022975378345205046
ende,35,Online-A vs Online-Y,0.01,90.1335,174.4836652892563,161.2377167832168,dedup,dedup,0.4834272890211351,True,0.07591512067379247,0.040159107812957555,0.1414057031095636,mtme_KG-BERTScore-src,0.0793219644389378,0.6378374846052578,-0.01689175325971215,-0.04311181193868584,0.0022951083025836475,-0.00026644999116154366,-0.016518060544318824,0.016040134616206913,-0.016901629579709754,-0.045228438356328206,0.0013957346380766907,0.0018982575282404657,-0.010598168648983457,0.01781884206965468
ende,35,Online-A vs Online-Y,0.01,90.1335,174.4836652892563,161.2377167832168,dedup,dedup,0.4834272890211351,True,0.07591512067379247,0.040159107812957555,0.1414057031095636,mtme_MATESE-QE-src,0.1458242105037859,0.7648995070123706,-0.026194776396829322,-0.05958777197735538,-0.0052254809126153524,0.005665332210390228,-0.02273332743158773,0.025208822797742732,-0.024848610466061016,-0.058406036924525666,-0.00023813309530886287,0.01122884041278982,-0.009192408295163485,0.029014030379842362
ende,35,Online-A vs Online-Y,0.01,90.1335,174.4836652892563,161.2377167832168,dedup,dedup,0.4834272890211351,True,0.07591512067379247,0.040159107812957555,0.1414057031095636,mtme_MATESE-refA,0.16720578530816405,0.9246232659550914,-0.02853593453729597,-0.0614222128793971,-0.007593608282240074,0.005410858499469873,-0.021277754306033184,0.025676219206220933,-0.018245727826872837,-0.0496327468754436,0.005501592833671644,0.01264056068752839,-0.009559185245778822,0.03915172646155603
ende,35,Online-A vs Online-Y,0.01,90.1335,174.4836652892563,161.2377167832168,dedup,dedup,0.4834272890211351,True,0.07591512067379247,0.040159107812957555,0.1414057031095636,mtme_MEE-refA,0.12278097417561559,0.8768362437607912,-0.008147201437526341,-0.029509809530486646,0.004830289792204487,0.010894510788213907,-0.006032662442759928,0.02711745199005835,-0.004104584862856031,-0.02655772952220309,0.00965920111169398,0.004816828477910096,-0.009955863259826165,0.02884295144252513
ende,35,Online-A vs Online-Y,0.01,90.1335,174.4836652892563,161.2377167832168,dedup,dedup,0.4834272890211351,True,0.07591512067379247,0.040159107812957555,0.1414057031095636,mtme_MEE2-refA,0.13009554334085127,0.8910462707906135,-0.0010039148054088454,-0.021756377719459794,0.011934547342504688,0.013895692779250068,-0.00429287086690388,0.02917710447090543,-0.0005524688394547006,-0.0200055567712873,0.013226491855950323,0.010366897824822585,-0.004506331481688047,0.035259206903147794
ende,35,Online-A vs Online-Y,0.01,90.1335,174.4836652892563,161.2377167832168,dedup,dedup,0.4834272890211351,True,0.07591512067379247,0.040159107812957555,0.1414057031095636,mtme_MEE4-refA,0.1431565567609378,0.89207408156182,-0.004978030748850726,-0.0256354146028262,0.00738417788167763,0.01448284629377794,-0.003660200559327508,0.03011567517050871,0.00014325268341996988,-0.01948834665127067,0.01308430552716961,0.01530921164407728,-0.0020487241714888024,0.0448520112376568
ende,35,Online-A vs Online-Y,0.01,90.1335,174.4836652892563,161.2377167832168,dedup,dedup,0.4834272890211351,True,0.07591512067379247,0.040159107812957555,0.1414057031095636,mtme_MS-COMET-22-refA,0.18967620986784434,0.9163007970087684,-0.028177070880728294,-0.06432903244275479,-0.006192060078911162,0.015102164290238806,-0.006198647465061385,0.04302548106988683,-0.026282569827096536,-0.06661946413548724,-0.0039742399381888045,0.013793645186741976,-0.00173632034318093,0.039951346146667656
ende,35,Online-A vs Online-Y,0.01,90.1335,174.4836652892563,161.2377167832168,dedup,dedup,0.4834272890211351,True,0.07591512067379247,0.040159107812957555,0.1414057031095636,mtme_MS-COMET-QE-22-src,0.13171338825143453,0.7522191383266835,-0.010819062122953804,-0.048143482590446776,0.013644436642703341,0.020235071844904695,0.002489802536058558,0.04810504185021717,-0.012273889915439318,-0.040085478908946606,0.005199751839164491,-0.0005570481913230729,-0.01389631563251692,0.014518775399277794
ende,35,Online-A vs Online-Y,0.01,90.1335,174.4836652892563,161.2377167832168,dedup,dedup,0.4834272890211351,True,0.07591512067379247,0.040159107812957555,0.1414057031095636,mtme_REUSE-src,-0.0652422194888016,-0.7189752875124902,-0.019339730618628703,-0.03870904509388778,-0.008942968249876539,0.0,-0.00882692406774313,0.008608021512706926,-0.009452415221255617,-0.022933493570279784,-0.002108146375854171,0.0,0.0,0.0
ende,35,Online-A vs Online-Y,0.01,90.1335,174.4836652892563,161.2377167832168,dedup,dedup,0.4834272890211351,True,0.07591512067379247,0.040159107812957555,0.1414057031095636,mtme_SEScore-refA,0.12108939518545137,0.8627443368691673,-0.015616842900852301,-0.04005342685941663,0.002609897559048139,0.01610526888512165,-0.0011645650117598828,0.040026595362035795,-0.01751011255958379,-0.04116669463499217,0.0023171950775778796,0.0,-0.01706976880908841,0.015074558943701398
ende,35,Online-A vs Online-Y,0.01,90.1335,174.4836652892563,161.2377167832168,dedup,dedup,0.4834272890211351,True,0.07591512067379247,0.040159107812957555,0.1414057031095636,mtme_UniTE-ref-refA,0.2521579435588387,0.935537336231014,-0.0012033225407295234,-0.029726415455035193,0.02110440194729711,0.021567832035747414,0.0002787752895179796,0.048991177832293335,0.002357861735212685,-0.025281686842342874,0.029176492031554528,0.026160464727232435,-0.00012854963280205513,0.06096170465608722
ende,35,Online-A vs Online-Y,0.01,90.1335,174.4836652892563,161.2377167832168,dedup,dedup,0.4834272890211351,True,0.07591512067379247,0.040159107812957555,0.1414057031095636,mtme_UniTE-refA,0.2424716423712897,0.934069874660218,0.0034208740800732995,-0.018800933388792417,0.030250218148734163,0.02047181214196203,0.00023830792538297204,0.04671100477204511,0.004837197233262813,-0.02061085325079338,0.033278749365767,0.013910227221921478,-0.013112183065308253,0.04224329643140392
ende,35,Online-A vs Online-Y,0.01,90.1335,174.4836652892563,161.2377167832168,dedup,dedup,0.4834272890211351,True,0.07591512067379247,0.040159107812957555,0.1414057031095636,mtme_UniTE-src-src,0.2078680976118339,0.8781288793774996,-0.013149977981063987,-0.04330429837316896,0.0036768247669955903,0.02286312827385728,0.0032249978239709738,0.05299121619453414,-0.0004914979391712482,-0.021459139455763276,0.01910573094184473,0.008784260862616744,-0.012493954179594856,0.032770092917686656
ende,35,Online-A vs Online-Y,0.01,90.1335,174.4836652892563,161.2377167832168,dedup,dedup,0.4834272890211351,True,0.07591512067379247,0.040159107812957555,0.1414057031095636,mtme_YiSi-1-refA,0.1474373869958872,0.9374352886959156,-0.015267154735503663,-0.04248055073456993,0.001703503004636714,0.0030697003590032246,-0.014905742548802604,0.020463202599571927,-0.014196340926938111,-0.03930272393381965,0.0012507869576059733,0.0067851670253614715,-0.008453527759724948,0.02851742127863848
ende,35,Online-A vs Online-Y,0.01,90.1335,174.4836652892563,161.2377167832168,dedup,dedup,0.4834272890211351,True,0.07591512067379247,0.040159107812957555,0.1414057031095636,mtme_chrF-refA,0.14064154898260242,0.913148721285636,-0.014196340926938111,-0.04092151387983827,0.0004677954548306899,0.0013901738669294117,-0.01641744487910858,0.016847205179874175,-0.014641669921048539,-0.03897575746902692,0.0024775562302055965,0.009869876689277968,-0.006398649879840172,0.029935765407614615
ende,35,Online-A vs Online-Y,0.01,90.1335,174.4836652892563,161.2377167832168,dedup,dedup,0.4834272890211351,True,0.07591512067379247,0.040159107812957555,0.1414057031095636,mtme_f101spBLEU-refA,0.11356208149077401,0.8322237271443311,-0.007486539639627754,-0.027498443718023336,0.005081009553171023,0.002874603847297652,-0.012852650888698348,0.016170334122131525,-0.007850945845002677,-0.02619630685648633,0.006765397947281354,0.013280684231951612,-0.002050991253673096,0.040941999834220984
ende,35,Online-A vs Online-Y,0.01,90.1335,174.4836652892563,161.2377167832168,dedup,dedup,0.4834272890211351,True,0.07591512067379247,0.040159107812957555,0.1414057031095636,mtme_f200spBLEU-refA,0.1121782018853569,0.8109386629133486,-0.004736645415100327,-0.02239442414323373,0.008951194585573497,0.005127533628967562,-0.008656299324454613,0.01860909087669933,-0.006943496282316719,-0.023662775771056483,0.005965377530834793,0.013910227221921478,-0.0032041797722735187,0.04103648567492631
ende,35,Online-A vs Online-Y,0.01,90.1335,174.4836652892563,161.2377167832168,dedup,dedup,0.4834272890211351,True,0.07591512067379247,0.040159107812957555,0.1414057031095636,mtme_metricx_xl_DA_2019-refA,0.3192063161443818,0.9809205978427264,0.043319611466256513,0.010856004105749845,0.07775926734210924,0.0820379052880239,0.04435864396747824,0.11679466129800557,0.04111352014158587,0.01052486170803439,0.0769314841910078,0.07252767451024289,0.04111770146247886,0.10829014661269304
ende,35,Online-A vs Online-Y,0.01,90.1335,174.4836652892563,161.2377167832168,dedup,dedup,0.4834272890211351,True,0.07591512067379247,0.040159107812957555,0.1414057031095636,mtme_metricx_xl_MQM_2020-refA,0.3569238392447096,0.9616341585507984,0.07781429423877739,0.03938501002183774,0.10726931438720023,0.10358275473577505,0.0670283879182194,0.1339283104419339,0.08272231702393962,0.042608145958709744,0.11319933956252996,0.08535997194378997,0.050221077135634354,0.1231156312469691
ende,35,Online-A vs Online-Y,0.01,90.1335,174.4836652892563,161.2377167832168,dedup,dedup,0.4834272890211351,True,0.07591512067379247,0.040159107812957555,0.1414057031095636,mtme_metricx_xxl_DA_2019-refA,0.35141380679351397,0.9781893317652096,0.06788076154758804,0.02007970589052822,0.09836922059742736,0.09556284472924759,0.05596968030404049,0.12786049502671473,0.0545648203424528,0.01855160323433443,0.08829415275386653,0.0732047829705662,0.04116619714597146,0.10871972580835161
ende,35,Online-A vs Online-Y,0.01,90.1335,174.4836652892563,161.2377167832168,dedup,dedup,0.4834272890211351,True,0.07591512067379247,0.040159107812957555,0.1414057031095636,mtme_metricx_xxl_MQM_2020-refA,0.3867777481278563,0.9670998023955928,0.05353364059150234,0.022389218535360658,0.08980274539976334,0.09105671053994258,0.056086056596109116,0.12152420409511686,0.0568870731129798,0.02194680787764326,0.08909362204542584,0.08515173055016956,0.04813091211282649,0.12815027582916094
ende,35,Online-A vs Online-Y,0.02,90.1335,109.99249999999972,109.99249999999972,uniform,weighted,0.1805486737732097,False,0.0,0.0,0.0,mtme_BERTScore-refA,0.14838571587087782,0.906706577010188,0.0,0.0,0.0,0.0,0.0,0.0,0.0,0.0,0.0,0.0,0.0,0.0
ende,35,Online-A vs Online-Y,0.02,90.1335,109.99249999999972,109.99249999999972,uniform,weighted,0.1805486737732097,False,0.0,0.0,0.0,mtme_BLEU-refA,0.10983644293471453,0.8634063310084908,0.0,0.0,0.0,0.0,0.0,0.0,0.0,0.0,0.0,0.0,0.0,0.0
ende,35,Online-A vs Online-Y,0.02,90.1335,109.99249999999972,109.99249999999972,uniform,weighted,0.1805486737732097,False,0.0,0.0,0.0,mtme_BLEURT-20-refA,0.2901583002803506,0.977419310947295,0.0,0.0,0.0,0.0,0.0,0.0,0.0,0.0,0.0,0.0,0.0,0.0
ende,35,Online-A vs Online-Y,0.02,90.1335,109.99249999999972,109.99249999999972,uniform,weighted,0.1805486737732097,False,0.0,0.0,0.0,mtme_COMET-20-refA,0.23010937068977894,0.9858264490713564,0.0,0.0,0.0,0.0,0.0,0.0,0.0,0.0,0.0,0.0,0.0,0.0
ende,35,Online-A vs Online-Y,0.02,90.1335,109.99249999999972,109.99249999999972,uniform,weighted,0.1805486737732097,False,0.0,0.0,0.0,mtme_COMET-22-refA,0.2934104913346449,0.9524733537563392,0.0,0.0,0.0,0.0,0.0,0.0,0.0,0.0,0.0,0.0,0.0,0.0
ende,35,Online-A vs Online-Y,0.02,90.1335,109.99249999999972,109.99249999999972,uniform,weighted,0.1805486737732097,False,0.0,0.0,0.0,mtme_COMET-QE-src,0.1745189017117406,0.8324986400919704,0.0,0.0,0.0,0.0,0.0,0.0,0.0,0.0,0.0,0.0,0.0,0.0
ende,35,Online-A vs Online-Y,0.02,90.1335,109.99249999999972,109.99249999999972,uniform,weighted,0.1805486737732097,False,0.0,0.0,0.0,mtme_COMETKiwi-src,0.24917552799305892,0.9226539774777828,0.0,0.0,0.0,0.0,0.0,0.0,0.0,0.0,0.0,0.0,0.0,0.0
ende,35,Online-A vs Online-Y,0.02,90.1335,109.99249999999972,109.99249999999972,uniform,weighted,0.1805486737732097,False,0.0,0.0,0.0,mtme_Cross-QE-src,0.19491583747612445,0.9403569774408737,0.0,0.0,0.0,0.0,0.0,0.0,0.0,0.0,0.0,0.0,0.0,0.0
ende,35,Online-A vs Online-Y,0.02,90.1335,109.99249999999972,109.99249999999972,uniform,weighted,0.1805486737732097,False,0.0,0.0,0.0,mtme_HWTSC-TLM-src,0.08153364663468537,0.7686262691697412,0.0,0.0,0.0,0.0,0.0,0.0,0.0,0.0,0.0,0.0,0.0,0.0
ende,35,Online-A vs Online-Y,0.02,90.1335,109.99249999999972,109.99249999999972,uniform,weighted,0.1805486737732097,False,0.0,0.0,0.0,mtme_HWTSC-Teacher-Sim-src,0.10577428681184167,0.6922672434936012,0.0,0.0,0.0,0.0,0.0,0.0,0.0,0.0,0.0,0.0,0.0,0.0
ende,35,Online-A vs Online-Y,0.02,90.1335,109.99249999999972,109.99249999999972,uniform,weighted,0.1805486737732097,False,0.0,0.0,0.0,mtme_KG-BERTScore-src,0.0793219644389378,0.6378374846052578,0.0,0.0,0.0,0.0,0.0,0.0,0.0,0.0,0.0,0.0,0.0,0.0
ende,35,Online-A vs Online-Y,0.02,90.1335,109.99249999999972,109.99249999999972,uniform,weighted,0.1805486737732097,False,0.0,0.0,0.0,mtme_MATESE-QE-src,0.1458242105037859,0.7648995070123706,0.0,0.0,0.0,0.0,0.0,0.0,0.0,0.0,0.0,0.0,0.0,0.0
ende,35,Online-A vs Online-Y,0.02,90.1335,109.99249999999972,109.99249999999972,uniform,weighted,0.1805486737732097,False,0.0,0.0,0.0,mtme_MATESE-refA,0.16720578530816405,0.9246232659550914,0.0,0.0,0.0,0.0,0.0,0.0,0.0,0.0,0.0,0.0,0.0,0.0
ende,35,Online-A vs Online-Y,0.02,90.1335,109.99249999999972,109.99249999999972,uniform,weighted,0.1805486737732097,False,0.0,0.0,0.0,mtme_MEE-refA,0.12278097417561559,0.8768362437607912,0.0,0.0,0.0,0.0,0.0,0.0,0.0,0.0,0.0,0.0,0.0,0.0
ende,35,Online-A vs Online-Y,0.02,90.1335,109.99249999999972,109.99249999999972,uniform,weighted,0.1805486737732097,False,0.0,0.0,0.0,mtme_MEE2-refA,0.13009554334085127,0.8910462707906135,0.0,0.0,0.0,0.0,0.0,0.0,0.0,0.0,0.0,0.0,0.0,0.0
ende,35,Online-A vs Online-Y,0.02,90.1335,109.99249999999972,109.99249999999972,uniform,weighted,0.1805486737732097,False,0.0,0.0,0.0,mtme_MEE4-refA,0.1431565567609378,0.89207408156182,0.0,0.0,0.0,0.0,0.0,0.0,0.0,0.0,0.0,0.0,0.0,0.0
ende,35,Online-A vs Online-Y,0.02,90.1335,109.99249999999972,109.99249999999972,uniform,weighted,0.1805486737732097,False,0.0,0.0,0.0,mtme_MS-COMET-22-refA,0.18967620986784434,0.9163007970087684,0.0,0.0,0.0,0.0,0.0,0.0,0.0,0.0,0.0,0.0,0.0,0.0
ende,35,Online-A vs Online-Y,0.02,90.1335,109.99249999999972,109.99249999999972,uniform,weighted,0.1805486737732097,False,0.0,0.0,0.0,mtme_MS-COMET-QE-22-src,0.13171338825143453,0.7522191383266835,0.0,0.0,0.0,0.0,0.0,0.0,0.0,0.0,0.0,0.0,0.0,0.0
ende,35,Online-A vs Online-Y,0.02,90.1335,109.99249999999972,109.99249999999972,uniform,weighted,0.1805486737732097,False,0.0,0.0,0.0,mtme_REUSE-src,-0.0652422194888016,-0.7189752875124902,0.0,0.0,0.0,0.0,0.0,0.0,0.0,0.0,0.0,0.0,0.0,0.0
ende,35,Online-A vs Online-Y,0.02,90.1335,109.99249999999972,109.99249999999972,uniform,weighted,0.1805486737732097,False,0.0,0.0,0.0,mtme_SEScore-refA,0.12108939518545137,0.8627443368691673,0.0,0.0,0.0,0.0,0.0,0.0,0.0,0.0,0.0,0.0,0.0,0.0
ende,35,Online-A vs Online-Y,0.02,90.1335,109.99249999999972,109.99249999999972,uniform,weighted,0.1805486737732097,False,0.0,0.0,0.0,mtme_UniTE-ref-refA,0.2521579435588387,0.935537336231014,0.0,0.0,0.0,0.0,0.0,0.0,0.0,0.0,0.0,0.0,0.0,0.0
ende,35,Online-A vs Online-Y,0.02,90.1335,109.99249999999972,109.99249999999972,uniform,weighted,0.1805486737732097,False,0.0,0.0,0.0,mtme_UniTE-refA,0.2424716423712897,0.934069874660218,0.0,0.0,0.0,0.0,0.0,0.0,0.0,0.0,0.0,0.0,0.0,0.0
ende,35,Online-A vs Online-Y,0.02,90.1335,109.99249999999972,109.99249999999972,uniform,weighted,0.1805486737732097,False,0.0,0.0,0.0,mtme_UniTE-src-src,0.2078680976118339,0.8781288793774996,0.0,0.0,0.0,0.0,0.0,0.0,0.0,0.0,0.0,0.0,0.0,0.0
ende,35,Online-A vs Online-Y,0.02,90.1335,109.99249999999972,109.99249999999972,uniform,weighted,0.1805486737732097,False,0.0,0.0,0.0,mtme_YiSi-1-refA,0.1474373869958872,0.9374352886959156,0.0,0.0,0.0,0.0,0.0,0.0,0.0,0.0,0.0,0.0,0.0,0.0
ende,35,Online-A vs Online-Y,0.02,90.1335,109.99249999999972,109.99249999999972,uniform,weighted,0.1805486737732097,False,0.0,0.0,0.0,mtme_chrF-refA,0.14064154898260242,0.913148721285636,0.0,0.0,0.0,0.0,0.0,0.0,0.0,0.0,0.0,0.0,0.0,0.0
ende,35,Online-A vs Online-Y,0.02,90.1335,109.99249999999972,109.99249999999972,uniform,weighted,0.1805486737732097,False,0.0,0.0,0.0,mtme_f101spBLEU-refA,0.11356208149077401,0.8322237271443311,0.0,0.0,0.0,0.0,0.0,0.0,0.0,0.0,0.0,0.0,0.0,0.0
ende,35,Online-A vs Online-Y,0.02,90.1335,109.99249999999972,109.99249999999972,uniform,weighted,0.1805486737732097,False,0.0,0.0,0.0,mtme_f200spBLEU-refA,0.1121782018853569,0.8109386629133486,0.0,0.0,0.0,0.0,0.0,0.0,0.0,0.0,0.0,0.0,0.0,0.0
ende,35,Online-A vs Online-Y,0.02,90.1335,109.99249999999972,109.99249999999972,uniform,weighted,0.1805486737732097,False,0.0,0.0,0.0,mtme_metricx_xl_DA_2019-refA,0.3192063161443818,0.9809205978427264,0.0,0.0,0.0,0.0,0.0,0.0,0.0,0.0,0.0,0.0,0.0,0.0
ende,35,Online-A vs Online-Y,0.02,90.1335,109.99249999999972,109.99249999999972,uniform,weighted,0.1805486737732097,False,0.0,0.0,0.0,mtme_metricx_xl_MQM_2020-refA,0.3569238392447096,0.9616341585507984,0.0,0.0,0.0,0.0,0.0,0.0,0.0,0.0,0.0,0.0,0.0,0.0
ende,35,Online-A vs Online-Y,0.02,90.1335,109.99249999999972,109.99249999999972,uniform,weighted,0.1805486737732097,False,0.0,0.0,0.0,mtme_metricx_xxl_DA_2019-refA,0.35141380679351397,0.9781893317652096,0.0,0.0,0.0,0.0,0.0,0.0,0.0,0.0,0.0,0.0,0.0,0.0
ende,35,Online-A vs Online-Y,0.02,90.1335,109.99249999999972,109.99249999999972,uniform,weighted,0.1805486737732097,False,0.0,0.0,0.0,mtme_metricx_xxl_MQM_2020-refA,0.3867777481278563,0.9670998023955928,0.0,0.0,0.0,0.0,0.0,0.0,0.0,0.0,0.0,0.0,0.0,0.0
ende,45,Online-G vs Online-Y,0.01,89.938,200.60847852760736,177.88235403726708,dedup,dedup,0.5516739837712148,True,0.11328596207469244,0.0715701832621917,0.15929078812528433,mtme_BERTScore-refA,0.17167753356932902,0.906706577010188,-0.004169754337626896,-0.02921025343580128,0.020861752893522944,0.027244861641578022,0.002401684452288728,0.05209055032626668,0.008038057632398288,-0.017606584809754793,0.034187508160836017,0.052549250954123106,0.026121135832685403,0.07633508205068014
ende,45,Online-G vs Online-Y,0.01,89.938,200.60847852760736,177.88235403726708,dedup,dedup,0.5516739837712148,True,0.11328596207469244,0.0715701832621917,0.15929078812528433,mtme_BLEU-refA,0.13257654701837246,0.8634063310084908,-0.004003599885503917,-0.024340754167365062,0.017114904351547913,0.01539560281068486,-0.006817405108179474,0.0399829030321963,0.011109192037403903,-0.01025992219948911,0.03487284098810571,0.03642102792838264,0.012489725541518776,0.06105905027346555
ende,45,Online-G vs Online-Y,0.01,89.938,200.60847852760736,177.88235403726708,dedup,dedup,0.5516739837712148,True,0.11328596207469244,0.0715701832621917,0.15929078812528433,mtme_BLEURT-20-refA,0.350038190615129,0.977419310947295,0.043360737924640236,0.010881040771277066,0.07590639802416198,0.09444806026091579,0.06159094565875276,0.14616100905545118,0.052193548665761424,0.018736035287692472,0.09136464926092566,0.1157212375809692,0.07598231023350276,0.15025647383240534
ende,45,Online-G vs Online-Y,0.01,89.938,200.60847852760736,177.88235403726708,dedup,dedup,0.5516739837712148,True,0.11328596207469244,0.0715701832621917,0.15929078812528433,mtme_COMET-20-refA,0.2940686575958187,0.9858264490713564,0.025842805275130942,-0.0050688905348316975,0.052278252069122816,0.06441996450299192,0.03374593203878717,0.10263673019427069,0.028802908795975024,0.002185086681026889,0.05479321229612162,0.07951072471621146,0.043267985088549836,0.10486496244621704
ende,45,Online-G vs Online-Y,0.01,89.938,200.60847852760736,177.88235403726708,dedup,dedup,0.5516739837712148,True,0.11328596207469244,0.0715701832621917,0.15929078812528433,mtme_COMET-22-refA,0.3527249488092711,0.9524733537563392,0.03718815609863979,0.012300803829933423,0.07109910170879805,0.08376560350913387,0.04805806224438162,0.13625025038507643,0.048566369136328835,0.013918790385229085,0.08251545497885265,0.10504391798624413,0.05989790608916773,0.14095586442517444
ende,45,Online-G vs Online-Y,0.01,89.938,200.60847852760736,177.88235403726708,dedup,dedup,0.5516739837712148,True,0.11328596207469244,0.0715701832621917,0.15929078812528433,mtme_COMET-QE-src,0.21860599463855698,0.8324986400919704,-0.009046673980631192,-0.0427730717965093,0.025009813943484456,0.036435553556420586,0.004203217822810683,0.06386119992240152,0.012670273279579258,-0.02115905437733658,0.03977680580595657,0.04224925505231869,0.016595011363039126,0.07948963032599339
ende,45,Online-G vs Online-Y,0.01,89.938,200.60847852760736,177.88235403726708,dedup,dedup,0.5516739837712148,True,0.11328596207469244,0.0715701832621917,0.15929078812528433,mtme_COMETKiwi-src,0.2846442879574318,0.9226539774777828,0.017587227819615414,-0.0064940758780233365,0.04910591952667962,0.05391029287638771,0.02558524096978474,0.08774435409322279,0.03135249808847329,0.004525366000371337,0.06496893201153574,0.0745850299515205,0.037424448362588805,0.11417711652990155
ende,45,Online-G vs Online-Y,0.01,89.938,200.60847852760736,177.88235403726708,dedup,dedup,0.5516739837712148,True,0.11328596207469244,0.0715701832621917,0.15929078812528433,mtme_Cross-QE-src,0.25669052020024286,0.9403569774408737,0.004363045218558237,-0.022029310136235585,0.03875901522854923,0.058689961402947355,0.028984342545069892,0.11583628764349774,0.0061509300457410765,-0.02506243957009687,0.04041729671837618,0.06208134324115089,0.031519682789042755,0.10811861763634585
ende,45,Online-G vs Online-Y,0.01,89.938,200.60847852760736,177.88235403726708,dedup,dedup,0.5516739837712148,True,0.11328596207469244,0.0715701832621917,0.15929078812528433,mtme_HWTSC-TLM-src,0.11231103861620884,0.7686262691697412,-0.028832453442695805,-0.048654018821155776,-0.005075412240073318,-0.012955302168199845,-0.030130423964985758,0.007026927079010693,-0.024586813414505082,-0.04324526803506316,-0.004866384530513113,0.010560493901052626,-0.004706384160685239,0.02895549544758772
ende,45,Online-G vs Online-Y,0.01,89.938,200.60847852760736,177.88235403726708,dedup,dedup,0.5516739837712148,True,0.11328596207469244,0.0715701832621917,0.15929078812528433,mtme_HWTSC-Teacher-Sim-src,0.1255837993736904,0.6922672434936012,-0.022394965707010384,-0.04311149858538791,0.0017354625415919405,0.020480172831403687,-0.001806674434323757,0.04343541356308541,-0.011737177222989947,-0.03589190239263536,0.014520286731120425,0.011239769097692531,-0.006522876328796444,0.03280351702905984
ende,45,Online-G vs Online-Y,0.01,89.938,200.60847852760736,177.88235403726708,dedup,dedup,0.5516739837712148,True,0.11328596207469244,0.0715701832621917,0.15929078812528433,mtme_KG-BERTScore-src,0.1296766964224883,0.6378374846052578,-0.018660377321015664,-0.04336468483562001,0.002487288093982532,0.020783897146800845,-0.0028709830105452666,0.045107160054184116,-0.004068860549831577,-0.030450428726112387,0.020902875626940116,0.017429523815065018,-0.004107294925859478,0.04385827111104514
ende,45,Online-G vs Online-Y,0.01,89.938,200.60847852760736,177.88235403726708,dedup,dedup,0.5516739837712148,True,0.11328596207469244,0.0715701832621917,0.15929078812528433,mtme_MATESE-QE-src,0.11575970443569872,0.7648995070123706,-0.046405157758689475,-0.0767217690615546,-0.015054000465655238,0.012681541786111694,-0.013787764123273927,0.03452407780399035,-0.029434242827222734,-0.06124443469569444,-0.0050760853802550125,0.01595747491545174,-0.005650174301789773,0.03678430527447786
ende,45,Online-G vs Online-Y,0.01,89.938,200.60847852760736,177.88235403726708,dedup,dedup,0.5516739837712148,True,0.11328596207469244,0.0715701832621917,0.15929078812528433,mtme_MATESE-refA,0.20437539192448512,0.9246232659550914,-0.03673045530744257,-0.06642139799875847,-0.009981268808677932,0.018962584330322163,-0.0108566107570511,0.049210037586055175,-0.02228474348034082,-0.05206470564181319,0.004679081730418575,0.03757819312851873,0.008690641457096566,0.07234899759715888
ende,45,Online-G vs Online-Y,0.01,89.938,200.60847852760736,177.88235403726708,dedup,dedup,0.5516739837712148,True,0.11328596207469244,0.0715701832621917,0.15929078812528433,mtme_MEE-refA,0.15325623991439047,0.8768362437607912,-0.0014666948203039265,-0.02211706760788839,0.019780851797784757,0.023551163131528607,0.004257775063575499,0.045318033331009505,0.009520099675631166,-0.012582747290014722,0.0341884745098122,0.033316212988489635,0.00929360364418778,0.05483491223590267
ende,45,Online-G vs Online-Y,0.01,89.938,200.60847852760736,177.88235403726708,dedup,dedup,0.5516739837712148,True,0.11328596207469244,0.0715701832621917,0.15929078812528433,mtme_MEE2-refA,0.1533991250724535,0.8910462707906135,0.0037819826497237363,-0.019248619054403348,0.02442215642008693,0.024293600346943278,-0.0009419432243977781,0.04729324340754646,0.011034606215990839,-0.010767065898070515,0.03572020810336887,0.05480625133843786,0.023238951111571506,0.0768248143161466
ende,45,Online-G vs Online-Y,0.01,89.938,200.60847852760736,177.88235403726708,dedup,dedup,0.5516739837712148,True,0.11328596207469244,0.0715701832621917,0.15929078812528433,mtme_MEE4-refA,0.1623936524724786,0.89207408156182,0.0014130352537069513,-0.026965394967479704,0.02558787874805421,0.02676717495161751,0.006830588913587133,0.05292763079088775,0.005563934230798262,-0.017351635067097027,0.02784016713783327,0.05506559845127523,0.02552798139709436,0.0795046266766951
ende,45,Online-G vs Online-Y,0.01,89.938,200.60847852760736,177.88235403726708,dedup,dedup,0.5516739837712148,True,0.11328596207469244,0.0715701832621917,0.15929078812528433,mtme_MS-COMET-22-refA,0.21898040025158763,0.9163007970087684,-0.004274431642464327,-0.03353151639356162,0.028524129990838375,0.04444529070428915,0.013558268864889268,0.08089564628035852,0.0014130352537069513,-0.027561788809239752,0.0341730777535013,0.056715110522986834,0.029284090035309237,0.0832710940196626
ende,45,Online-G vs Online-Y,0.01,89.938,200.60847852760736,177.88235403726708,dedup,dedup,0.5516739837712148,True,0.11328596207469244,0.0715701832621917,0.15929078812528433,mtme_MS-COMET-QE-22-src,0.139938722481409,0.7522191383266835,-0.019414308309737338,-0.049749974064906,0.009431648740724687,0.019209030326224008,-0.002583261982011547,0.04220900880617055,-0.004310201874515807,-0.027799206573611117,0.01919420071947387,0.02007034665401153,-0.00024940966035079116,0.047306071907831176
ende,45,Online-G vs Online-Y,0.01,89.938,200.60847852760736,177.88235403726708,dedup,dedup,0.5516739837712148,True,0.11328596207469244,0.0715701832621917,0.15929078812528433,mtme_REUSE-src,-0.03114192897451881,-0.7189752875124902,-0.029164743757967182,-0.04673368260975317,-0.011574131221530186,-0.005238972811990372,-0.012584432170164538,0.004206177388563993,-0.019749632266930828,-0.03457262150731167,-0.005938496781734137,0.0,0.0,0.0
ende,45,Online-G vs Online-Y,0.01,89.938,200.60847852760736,177.88235403726708,dedup,dedup,0.5516739837712148,True,0.11328596207469244,0.0715701832621917,0.15929078812528433,mtme_SEScore-refA,0.13631463221566936,0.8627443368691673,0.005527522836262788,-0.025116321320011615,0.02902680295558291,0.047148223756400154,0.02341872801323606,0.07393477384742866,0.005456583395184178,-0.020229270562419455,0.027984810124682864,0.05017027230296933,0.025398748729311575,0.07407223783504187
ende,45,Online-G vs Online-Y,0.01,89.938,200.60847852760736,177.88235403726708,dedup,dedup,0.5516739837712148,True,0.11328596207469244,0.0715701832621917,0.15929078812528433,mtme_UniTE-ref-refA,0.3124458596696684,0.935537336231014,0.0393621925685409,0.007335399557466903,0.07515398705689313,0.07139850975317741,0.03932903365315235,0.12815860276998212,0.048017519602269965,0.007792132232841318,0.09498847962852049,0.0718708716117924,0.03397374200882344,0.10920693375806914
ende,45,Online-G vs Online-Y,0.01,89.938,200.60847852760736,177.88235403726708,dedup,dedup,0.5516739837712148,True,0.11328596207469244,0.0715701832621917,0.15929078812528433,mtme_UniTE-refA,0.30327435415625603,0.934069874660218,0.03729676302288076,0.005508223351733108,0.06838940272729559,0.07368827939256206,0.04232423717401277,0.1289329150406991,0.044631880429820026,0.013004023194140289,0.07966333069819276,0.08091806607755181,0.03838025804514975,0.1128582456273891
ende,45,Online-G vs Online-Y,0.01,89.938,200.60847852760736,177.88235403726708,dedup,dedup,0.5516739837712148,True,0.11328596207469244,0.0715701832621917,0.15929078812528433,mtme_UniTE-src-src,0.22439521653180639,0.8781288793774996,-0.0062987842665254146,-0.034022118058613486,0.02456486420225705,0.021146597057420724,-0.008855075017920926,0.04983498204214932,-0.013586877439492273,-0.03877734549409885,0.015566646528111433,0.05821536637179203,0.02375035959243056,0.08704902166069747
ende,45,Online-G vs Online-Y,0.01,89.938,200.60847852760736,177.88235403726708,dedup,dedup,0.5516739837712148,True,0.11328596207469244,0.0715701832621917,0.15929078812528433,mtme_YiSi-1-refA,0.16837008506191065,0.9374352886959156,-0.004653596102208946,-0.029882974569051386,0.022072880052394956,0.02877437767770208,0.0034089718907813734,0.053758904103825875,0.005165447928997757,-0.025482753784609236,0.025751526436671314,0.04819403413212886,0.022876051010726373,0.07441804087026424
ende,45,Online-G vs Online-Y,0.01,89.938,200.60847852760736,177.88235403726708,dedup,dedup,0.5516739837712148,True,0.11328596207469244,0.0715701832621917,0.15929078812528433,mtme_chrF-refA,0.15059087886463268,0.913148721285636,0.003914643703900711,-0.019602954923941117,0.024536430208096982,0.03018153243093591,0.007432193258415007,0.05630921002031913,0.012492993940589114,-0.01052744056763784,0.03335771120257981,0.03999170911737371,0.015755143124051674,0.06649876658541694
ende,45,Online-G vs Online-Y,0.01,89.938,200.60847852760736,177.88235403726708,dedup,dedup,0.5516739837712148,True,0.11328596207469244,0.0715701832621917,0.15929078812528433,mtme_f101spBLEU-refA,0.1288223580773404,0.8322237271443311,0.002684177758886852,-0.01792106458132915,0.02161252702871527,0.024671791505509133,0.004547952084055515,0.04504596258402737,0.0066685151910890195,-0.018497511266504868,0.026198650944648436,0.03673706735715376,0.01315283723458344,0.06038223341310936
ende,45,Online-G vs Online-Y,0.01,89.938,200.60847852760736,177.88235403726708,dedup,dedup,0.5516739837712148,True,0.11328596207469244,0.0715701832621917,0.15929078812528433,mtme_f200spBLEU-refA,0.1307568937801598,0.8109386629133486,0.0014130352537068402,-0.018816758408725154,0.019730806242813776,0.016499489723077576,-0.005463206393922885,0.03557594134402786,0.003934817965595805,-0.0226022865002518,0.024745256761502233,0.034614226124661585,0.010762162121365609,0.05619052526213576
ende,45,Online-G vs Online-Y,0.01,89.938,200.60847852760736,177.88235403726708,dedup,dedup,0.5516739837712148,True,0.11328596207469244,0.0715701832621917,0.15929078812528433,mtme_metricx_xl_DA_2019-refA,0.3806581703742069,0.9809205978427264,0.08159279327274016,0.04320764004993506,0.14889088265960068,0.11489325728870947,0.07099166603729254,0.17293527875929837,0.07646128875952196,0.04218093966822546,0.1290128239346756,0.133693367127816,0.08716514742781135,0.1871546487245661
ende,45,Online-G vs Online-Y,0.01,89.938,200.60847852760736,177.88235403726708,dedup,dedup,0.5516739837712148,True,0.11328596207469244,0.0715701832621917,0.15929078812528433,mtme_metricx_xl_MQM_2020-refA,0.42079261668831225,0.9616341585507984,0.07718290658169313,0.041247434515957984,0.12287583847424884,0.12327447630175214,0.07672709157042887,0.1810947096205699,0.0789085144173205,0.042136664604570995,0.13238162749975346,0.15107817217966768,0.10034583710720037,0.2128952560677816
ende,45,Online-G vs Online-Y,0.01,89.938,200.60847852760736,177.88235403726708,dedup,dedup,0.5516739837712148,True,0.11328596207469244,0.0715701832621917,0.15929078812528433,mtme_metricx_xxl_DA_2019-refA,0.40797906981850374,0.9781893317652096,0.06633825456488185,0.02974854127392178,0.11401207937511824,0.10223720760380905,0.06387600925331871,0.16032553040327296,0.066685585835221,0.03271362151335718,0.11640847643354149,0.10696885297895897,0.06020587997518015,0.14708116633815488
ende,45,Online-G vs Online-Y,0.01,89.938,200.60847852760736,177.88235403726708,dedup,dedup,0.5516739837712148,True,0.11328596207469244,0.0715701832621917,0.15929078812528433,mtme_metricx_xxl_MQM_2020-refA,0.4364040857431202,0.9670998023955928,0.06645485495874659,0.030794174126122863,0.11284967162610282,0.12406732887851257,0.08895758957211611,0.18685426239293865,0.07758380537178855,0.04359558249626864,0.13160696406161992,0.12679739445724858,0.06352734720438957,0.19266775981289938
ende,45,Online-G vs Online-Y,0.02,89.938,109.79699999999966,109.71499999999962,dedup,dedup,0.18087015127917627,False,0.0007468327914245121,-0.0009422938988638218,0.0024666832293847893,mtme_BERTScore-refA,0.17167753356932902,0.906706577010188,0.0,0.0,0.0,0.0,0.0,0.0,0.0,0.0,0.0,0.0,0.0,0.0
ende,45,Online-G vs Online-Y,0.02,89.938,109.79699999999966,109.71499999999962,dedup,dedup,0.18087015127917627,False,0.0007468327914245121,-0.0009422938988638218,0.0024666832293847893,mtme_BLEU-refA,0.13257654701837246,0.8634063310084908,0.0,0.0,0.0,0.0,0.0,0.0,0.0,0.0,0.0,0.0,0.0,0.0
ende,45,Online-G vs Online-Y,0.02,89.938,109.79699999999966,109.71499999999962,dedup,dedup,0.18087015127917627,False,0.0007468327914245121,-0.0009422938988638218,0.0024666832293847893,mtme_BLEURT-20-refA,0.350038190615129,0.977419310947295,0.0,0.0,0.0,0.0,0.0,0.0,0.0,0.0,0.0,0.0,0.0,0.0
ende,45,Online-G vs Online-Y,0.02,89.938,109.79699999999966,109.71499999999962,dedup,dedup,0.18087015127917627,False,0.0007468327914245121,-0.0009422938988638218,0.0024666832293847893,mtme_COMET-20-refA,0.2940686575958187,0.9858264490713564,0.0,0.0,0.0,0.0,0.0,0.0,0.0,0.0,0.0,0.0,0.0,0.0
ende,45,Online-G vs Online-Y,0.02,89.938,109.79699999999966,109.71499999999962,dedup,dedup,0.18087015127917627,False,0.0007468327914245121,-0.0009422938988638218,0.0024666832293847893,mtme_COMET-22-refA,0.3527249488092711,0.9524733537563392,0.0,0.0,0.0,0.0,0.0,0.0,0.0,0.0,0.0,0.0,0.0,0.0
ende,45,Online-G vs Online-Y,0.02,89.938,109.79699999999966,109.71499999999962,dedup,dedup,0.18087015127917627,False,0.0007468327914245121,-0.0009422938988638218,0.0024666832293847893,mtme_COMET-QE-src,0.21860599463855698,0.8324986400919704,0.0,0.0,0.0,0.0,0.0,0.0,0.0,0.0,0.0,0.0,0.0,0.0
ende,45,Online-G vs Online-Y,0.02,89.938,109.79699999999966,109.71499999999962,dedup,dedup,0.18087015127917627,False,0.0007468327914245121,-0.0009422938988638218,0.0024666832293847893,mtme_COMETKiwi-src,0.2846442879574318,0.9226539774777828,0.0,0.0,0.0,0.0,0.0,0.0,0.0,0.0,0.0,0.0,0.0,0.0
ende,45,Online-G vs Online-Y,0.02,89.938,109.79699999999966,109.71499999999962,dedup,dedup,0.18087015127917627,False,0.0007468327914245121,-0.0009422938988638218,0.0024666832293847893,mtme_Cross-QE-src,0.25669052020024286,0.9403569774408737,0.0,0.0,0.0,0.0,0.0,0.0,0.0,0.0,0.0,0.0,0.0,0.0
ende,45,Online-G vs Online-Y,0.02,89.938,109.79699999999966,109.71499999999962,dedup,dedup,0.18087015127917627,False,0.0007468327914245121,-0.0009422938988638218,0.0024666832293847893,mtme_HWTSC-TLM-src,0.11231103861620884,0.7686262691697412,0.0,0.0,0.0,0.0,0.0,0.0,0.0,0.0,0.0,0.0,0.0,0.0
ende,45,Online-G vs Online-Y,0.02,89.938,109.79699999999966,109.71499999999962,dedup,dedup,0.18087015127917627,False,0.0007468327914245121,-0.0009422938988638218,0.0024666832293847893,mtme_HWTSC-Teacher-Sim-src,0.1255837993736904,0.6922672434936012,0.0,0.0,0.0,0.0,0.0,0.0,0.0,0.0,0.0,0.0,0.0,0.0
ende,45,Online-G vs Online-Y,0.02,89.938,109.79699999999966,109.71499999999962,dedup,dedup,0.18087015127917627,False,0.0007468327914245121,-0.0009422938988638218,0.0024666832293847893,mtme_KG-BERTScore-src,0.1296766964224883,0.6378374846052578,0.0,0.0,0.0,0.0,0.0,0.0,0.0,0.0,0.0,0.0,0.0,0.0
ende,45,Online-G vs Online-Y,0.02,89.938,109.79699999999966,109.71499999999962,dedup,dedup,0.18087015127917627,False,0.0007468327914245121,-0.0009422938988638218,0.0024666832293847893,mtme_MATESE-QE-src,0.11575970443569872,0.7648995070123706,0.0,0.0,0.0,0.0,0.0,0.0,0.0,0.0,0.0,0.0,0.0,0.0
ende,45,Online-G vs Online-Y,0.02,89.938,109.79699999999966,109.71499999999962,dedup,dedup,0.18087015127917627,False,0.0007468327914245121,-0.0009422938988638218,0.0024666832293847893,mtme_MATESE-refA,0.20437539192448512,0.9246232659550914,0.0,0.0,0.0,0.0,0.0,0.0,0.0,0.0,0.0,0.0,0.0,0.0
ende,45,Online-G vs Online-Y,0.02,89.938,109.79699999999966,109.71499999999962,dedup,dedup,0.18087015127917627,False,0.0007468327914245121,-0.0009422938988638218,0.0024666832293847893,mtme_MEE-refA,0.15325623991439047,0.8768362437607912,0.0,0.0,0.0,0.0,0.0,0.0,0.0,0.0,0.0,0.0,0.0,0.0
ende,45,Online-G vs Online-Y,0.02,89.938,109.79699999999966,109.71499999999962,dedup,dedup,0.18087015127917627,False,0.0007468327914245121,-0.0009422938988638218,0.0024666832293847893,mtme_MEE2-refA,0.1533991250724535,0.8910462707906135,0.0,0.0,0.0,0.0,0.0,0.0,0.0,0.0,0.0,0.0,0.0,0.0
ende,45,Online-G vs Online-Y,0.02,89.938,109.79699999999966,109.71499999999962,dedup,dedup,0.18087015127917627,False,0.0007468327914245121,-0.0009422938988638218,0.0024666832293847893,mtme_MEE4-refA,0.1623936524724786,0.89207408156182,0.0,0.0,0.0,0.0,0.0,0.0,0.0,0.0,0.0,0.0,0.0,0.0
ende,45,Online-G vs Online-Y,0.02,89.938,109.79699999999966,109.71499999999962,dedup,dedup,0.18087015127917627,False,0.0007468327914245121,-0.0009422938988638218,0.0024666832293847893,mtme_MS-COMET-22-refA,0.21898040025158763,0.9163007970087684,0.0,0.0,0.0,0.0,0.0,0.0,0.0,0.0,0.0,0.0,0.0,0.0
ende,45,Online-G vs Online-Y,0.02,89.938,109.79699999999966,109.71499999999962,dedup,dedup,0.18087015127917627,False,0.0007468327914245121,-0.0009422938988638218,0.0024666832293847893,mtme_MS-COMET-QE-22-src,0.139938722481409,0.7522191383266835,0.0,0.0,0.0,0.0,0.0,0.0,0.0,0.0,0.0,0.0,0.0,0.0
ende,45,Online-G vs Online-Y,0.02,89.938,109.79699999999966,109.71499999999962,dedup,dedup,0.18087015127917627,False,0.0007468327914245121,-0.0009422938988638218,0.0024666832293847893,mtme_REUSE-src,-0.03114192897451881,-0.7189752875124902,0.0,0.0,0.0,0.0,0.0,0.0,0.0,0.0,0.0,0.0,0.0,0.0
ende,45,Online-G vs Online-Y,0.02,89.938,109.79699999999966,109.71499999999962,dedup,dedup,0.18087015127917627,False,0.0007468327914245121,-0.0009422938988638218,0.0024666832293847893,mtme_SEScore-refA,0.13631463221566936,0.8627443368691673,0.0,0.0,0.0,0.0,0.0,0.0,0.0,0.0,0.0,0.0,0.0,0.0
ende,45,Online-G vs Online-Y,0.02,89.938,109.79699999999966,109.71499999999962,dedup,dedup,0.18087015127917627,False,0.0007468327914245121,-0.0009422938988638218,0.0024666832293847893,mtme_UniTE-ref-refA,0.3124458596696684,0.935537336231014,0.0,0.0,0.0,0.0,0.0,0.0,0.0,0.0,0.0,0.0,0.0,0.0
ende,45,Online-G vs Online-Y,0.02,89.938,109.79699999999966,109.71499999999962,dedup,dedup,0.18087015127917627,False,0.0007468327914245121,-0.0009422938988638218,0.0024666832293847893,mtme_UniTE-refA,0.30327435415625603,0.934069874660218,0.0,0.0,0.0,0.0,0.0,0.0,0.0,0.0,0.0,0.0,0.0,0.0
ende,45,Online-G vs Online-Y,0.02,89.938,109.79699999999966,109.71499999999962,dedup,dedup,0.18087015127917627,False,0.0007468327914245121,-0.0009422938988638218,0.0024666832293847893,mtme_UniTE-src-src,0.22439521653180639,0.8781288793774996,0.0,0.0,0.0,0.0,0.0,0.0,0.0,0.0,0.0,0.0,0.0,0.0
ende,45,Online-G vs Online-Y,0.02,89.938,109.79699999999966,109.71499999999962,dedup,dedup,0.18087015127917627,False,0.0007468327914245121,-0.0009422938988638218,0.0024666832293847893,mtme_YiSi-1-refA,0.16837008506191065,0.9374352886959156,0.0,0.0,0.0,0.0,0.0,0.0,0.0,0.0,0.0,0.0,0.0,0.0
ende,45,Online-G vs Online-Y,0.02,89.938,109.79699999999966,109.71499999999962,dedup,dedup,0.18087015127917627,False,0.0007468327914245121,-0.0009422938988638218,0.0024666832293847893,mtme_chrF-refA,0.15059087886463268,0.913148721285636,0.0,0.0,0.0,0.0,0.0,0.0,0.0,0.0,0.0,0.0,0.0,0.0
ende,45,Online-G vs Online-Y,0.02,89.938,109.79699999999966,109.71499999999962,dedup,dedup,0.18087015127917627,False,0.0007468327914245121,-0.0009422938988638218,0.0024666832293847893,mtme_f101spBLEU-refA,0.1288223580773404,0.8322237271443311,0.0,0.0,0.0,0.0,0.0,0.0,0.0,0.0,0.0,0.0,0.0,0.0
ende,45,Online-G vs Online-Y,0.02,89.938,109.79699999999966,109.71499999999962,dedup,dedup,0.18087015127917627,False,0.0007468327914245121,-0.0009422938988638218,0.0024666832293847893,mtme_f200spBLEU-refA,0.1307568937801598,0.8109386629133486,0.0,0.0,0.0,0.0,0.0,0.0,0.0,0.0,0.0,0.0,0.0,0.0
ende,45,Online-G vs Online-Y,0.02,89.938,109.79699999999966,109.71499999999962,dedup,dedup,0.18087015127917627,False,0.0007468327914245121,-0.0009422938988638218,0.0024666832293847893,mtme_metricx_xl_DA_2019-refA,0.3806581703742069,0.9809205978427264,0.0,0.0,0.0,0.0,0.0,0.0,0.0,0.0,0.0,0.0,0.0,0.0
ende,45,Online-G vs Online-Y,0.02,89.938,109.79699999999966,109.71499999999962,dedup,dedup,0.18087015127917627,False,0.0007468327914245121,-0.0009422938988638218,0.0024666832293847893,mtme_metricx_xl_MQM_2020-refA,0.42079261668831225,0.9616341585507984,0.0,0.0,0.0,0.0,0.0,0.0,0.0,0.0,0.0,0.0,0.0,0.0
ende,45,Online-G vs Online-Y,0.02,89.938,109.79699999999966,109.71499999999962,dedup,dedup,0.18087015127917627,False,0.0007468327914245121,-0.0009422938988638218,0.0024666832293847893,mtme_metricx_xxl_DA_2019-refA,0.40797906981850374,0.9781893317652096,0.0,0.0,0.0,0.0,0.0,0.0,0.0,0.0,0.0,0.0,0.0,0.0
ende,45,Online-G vs Online-Y,0.02,89.938,109.79699999999966,109.71499999999962,dedup,dedup,0.18087015127917627,False,0.0007468327914245121,-0.0009422938988638218,0.0024666832293847893,mtme_metricx_xxl_MQM_2020-refA,0.4364040857431202,0.9670998023955928,0.0,0.0,0.0,0.0,0.0,0.0,0.0,0.0,0.0,0.0,0.0,0.0
zhen,01,Lan-Bridge vs Online-B,0.01,97.6995,555.5526818181813,537.1373311688308,dedup,dedup,0.8241399903241315,True,0.03314780263337369,0.000768806015623533,0.06850210259565655,mtme_BERTScore-refA,0.1861952705177155,0.9400920205176692,0.01016743879211146,-0.01715443564949858,0.03422062481855545,0.0193699647466149,-0.0005597843857108476,0.04526387214384524,0.00915633597157306,-0.011300606520648094,0.03563420987828903,0.02382032313932103,-0.0013731844810466129,0.05257755544065743
zhen,01,Lan-Bridge vs Online-B,0.01,97.6995,555.5526818181813,537.1373311688308,dedup,dedup,0.8241399903241315,True,0.03314780263337369,0.000768806015623533,0.06850210259565655,mtme_BLEU-refA,0.06303664303298767,0.8293746844592913,0.006268033535983264,-0.01557432716643396,0.028050260595678587,0.010795958924622151,-0.004085332651278811,0.031087217931906632,0.013466478299964058,-0.005480738638741261,0.03485084861761299,0.01409693336374851,-0.003416587688667655,0.026865726145216786
zhen,01,Lan-Bridge vs Online-B,0.01,97.6995,555.5526818181813,537.1373311688308,dedup,dedup,0.8241399903241315,True,0.03314780263337369,0.000768806015623533,0.06850210259565655,mtme_BLEURT-20-refA,0.21367202776641236,0.9802219595565596,0.015623995358076015,-0.009349293118573526,0.04761814623676449,0.042484839376438654,0.020423482193689065,0.07184748369184787,0.029616458457521033,0.006663227942755246,0.06197319119967671,0.0363896695359196,0.007081369916806149,0.06119588756154635
zhen,01,Lan-Bridge vs Online-B,0.01,97.6995,555.5526818181813,537.1373311688308,dedup,dedup,0.8241399903241315,True,0.03314780263337369,0.000768806015623533,0.06850210259565655,mtme_COMET-20-refA,0.17540484632743322,0.9752672183823412,0.003164151544606808,-0.02290246440122636,0.03511486954655163,0.024397449978601604,0.001047365037061075,0.05456596662212678,0.011451215113815527,-0.01631067470213507,0.04029689793473376,0.03013272002529177,0.006401686859211617,0.05373311875296285
zhen,01,Lan-Bridge vs Online-B,0.01,97.6995,555.5526818181813,537.1373311688308,dedup,dedup,0.8241399903241315,True,0.03314780263337369,0.000768806015623533,0.06850210259565655,mtme_COMET-22-refA,0.29580708426987523,0.9866351677254928,0.032879193771340964,0.001066176552805423,0.0720022652537916,0.05999344925638461,0.026845560624415003,0.0967947125733312,0.04177314455230963,0.007686495830181947,0.07673859964064265,0.07065161163376887,0.032992754580965726,0.10557570266093642
zhen,01,Lan-Bridge vs Online-B,0.01,97.6995,555.5526818181813,537.1373311688308,dedup,dedup,0.8241399903241315,True,0.03314780263337369,0.000768806015623533,0.06850210259565655,mtme_COMET-QE-src,0.2150782051170658,0.922900899652606,0.011431830169793877,-0.02221704073687438,0.04641746189990208,0.0260527160774765,-0.0003666408437009265,0.06144496882264957,0.023457351114083758,-0.004556513129959477,0.05844713594741016,0.032726279209209785,0.0034041541961937704,0.06131152389843972
zhen,01,Lan-Bridge vs Online-B,0.01,97.6995,555.5526818181813,537.1373311688308,dedup,dedup,0.8241399903241315,True,0.03314780263337369,0.000768806015623533,0.06850210259565655,mtme_COMETKiwi-src,0.2411944460162287,0.959377087982424,-0.0017364146957794535,-0.03741200061075459,0.03400849684755237,0.03763461146956271,0.012397071266850444,0.07091926019280183,0.028025342252232854,0.00250999768730921,0.0610607186559944,0.0547372149296641,0.02545247932459179,0.08303721525583745
zhen,01,Lan-Bridge vs Online-B,0.01,97.6995,555.5526818181813,537.1373311688308,dedup,dedup,0.8241399903241315,True,0.03314780263337369,0.000768806015623533,0.06850210259565655,mtme_Cross-QE-src,0.21205957460113128,0.966162403744368,-0.007811154597052283,-0.03489330485977842,0.020068791469251113,0.017664031633964794,-0.011242053120997242,0.052009556610524046,0.004439857087987997,-0.020236778504775715,0.03792770674822224,0.04305007985008713,0.012268122935228196,0.07028990034785336
zhen,01,Lan-Bridge vs Online-B,0.01,97.6995,555.5526818181813,537.1373311688308,dedup,dedup,0.8241399903241315,True,0.03314780263337369,0.000768806015623533,0.06850210259565655,mtme_HWTSC-TLM-src,0.05722767873354376,0.498241633134339,-0.012565633267890952,-0.03586849425741466,0.010273354160789248,0.015180393719959606,0.001039960283437569,0.032403691517944075,0.009397243529790877,-0.003839194502310877,0.02509807372288279,0.0014849094316854439,-0.012561235120437374,0.013616724262426008
zhen,01,Lan-Bridge vs Online-B,0.01,97.6995,555.5526818181813,537.1373311688308,dedup,dedup,0.8241399903241315,True,0.03314780263337369,0.000768806015623533,0.06850210259565655,mtme_HWTSC-Teacher-Sim-src,0.10520088063153618,0.3949247735620734,-0.005262693819745312,-0.03070326931089725,0.019761979766046038,0.023480487263333627,0.003513040107481175,0.0506111125576976,0.014703100818188597,-0.007661516694691239,0.04069392915436891,0.0017936142872198024,-0.01777814367472889,0.02012655469749143
zhen,01,Lan-Bridge vs Online-B,0.01,97.6995,555.5526818181813,537.1373311688308,dedup,dedup,0.8241399903241315,True,0.03314780263337369,0.000768806015623533,0.06850210259565655,mtme_KG-BERTScore-src,0.08408249170722315,0.679795467170797,-0.0034455304828824307,-0.03161299207906197,0.018335600876714105,0.005696027408082949,-0.01212719279741558,0.022806240258559644,-0.0018714272101862939,-0.02007233294457539,0.018822555562089782,0.0058420579640869885,-0.012170792560547821,0.02316879815615431
zhen,01,Lan-Bridge vs Online-B,0.01,97.6995,555.5526818181813,537.1373311688308,dedup,dedup,0.8241399903241315,True,0.03314780263337369,0.000768806015623533,0.06850210259565655,mtme_MATESE-QE-src,0.21884353455163671,0.9351848265501388,-0.010477630023167483,-0.046475999481135996,0.02077190904050675,0.0384005585626096,0.01348086967567276,0.07411766197245788,0.0247105168245495,-0.004927024382554895,0.06141190017894585,0.03134508818520898,0.0009148138678686921,0.0670595719549027
zhen,01,Lan-Bridge vs Online-B,0.01,97.6995,555.5526818181813,537.1373311688308,dedup,dedup,0.8241399903241315,True,0.03314780263337369,0.000768806015623533,0.06850210259565655,mtme_MATESE-refA,0.2025994245657215,0.9674894649743352,0.00893194778877604,-0.018426013283033303,0.03759916491797759,0.03901760818196487,0.018285444216252347,0.07038759099349581,0.027613228820683067,0.0030543901585634724,0.0602340210161863,0.03589882708876069,0.005693474043252554,0.06584885017277191
zhen,01,Lan-Bridge vs Online-B,0.01,97.6995,555.5526818181813,537.1373311688308,dedup,dedup,0.8241399903241315,True,0.03314780263337369,0.000768806015623533,0.06850210259565655,mtme_MEE-refA,0.07282597177026603,0.8976609341086564,0.0026116806399928416,-0.01937828305181933,0.024082865484958357,0.013994666070905937,-0.0008078300543780836,0.03336925347042694,0.011409779795969466,-0.004369859825549421,0.031384012217864986,0.005341762485319812,-0.009772233141710817,0.018014073842358425
zhen,01,Lan-Bridge vs Online-B,0.01,97.6995,555.5526818181813,537.1373311688308,dedup,dedup,0.8241399903241315,True,0.03314780263337369,0.000768806015623533,0.06850210259565655,mtme_MEE2-refA,0.09159599107763333,0.9352238472927537,0.010059806909602731,-0.008863700856182955,0.03754403104225502,0.01421356963688536,-0.004282957021223715,0.035451423223818196,0.004375710545953093,-0.015842716493308116,0.027246885340738124,0.005341762485319812,-0.012983839521458639,0.021317332263697548
zhen,01,Lan-Bridge vs Online-B,0.01,97.6995,555.5526818181813,537.1373311688308,dedup,dedup,0.8241399903241315,True,0.03314780263337369,0.000768806015623533,0.06850210259565655,mtme_MEE4-refA,0.1081783545917086,0.9593140488993936,0.014746989820650369,-0.007672363450330194,0.04348289997511902,0.014949067712352826,-0.0035181370970240153,0.03744153315645405,0.0031928928055404704,-0.018188697890162097,0.026691092062768,0.01130786096415326,-0.008451306838313648,0.03044649599921592
zhen,01,Lan-Bridge vs Online-B,0.01,97.6995,555.5526818181813,537.1373311688308,dedup,dedup,0.8241399903241315,True,0.03314780263337369,0.000768806015623533,0.06850210259565655,mtme_MS-COMET-22-refA,0.1727607768563025,0.98746083650136,-0.01814696805982252,-0.04918271279065025,0.007066158612434664,0.028093455103487153,0.0067876376464190095,0.05527647806539378,0.00804679980970835,-0.021324980779284245,0.029714507728557715,0.02382032313932103,-0.0008224073718464726,0.04839939525159231
zhen,01,Lan-Bridge vs Online-B,0.01,97.6995,555.5526818181813,537.1373311688308,dedup,dedup,0.8241399903241315,True,0.03314780263337369,0.000768806015623533,0.06850210259565655,mtme_MS-COMET-QE-22-src,0.165699440485236,0.9490970977882788,-0.00949639897631016,-0.03832696044539398,0.021911164075242365,0.03591877030190416,0.015097947232916804,0.062122501571720924,-0.0012769819703835061,-0.027292494180561483,0.027047094177229027,0.018957379742318703,-0.005771604346285624,0.04139955281653318
zhen,01,Lan-Bridge vs Online-B,0.01,97.6995,555.5526818181813,537.1373311688308,dedup,dedup,0.8241399903241315,True,0.03314780263337369,0.000768806015623533,0.06850210259565655,mtme_REUSE-src,-0.009743791328389676,-0.0713802384978524,-0.009108837078749099,-0.028833369770209477,0.008326733698527647,-0.004976976313948889,-0.017202676298720725,0.007692730509700383,-0.004388615252646444,-0.01807554518060613,0.010143856339377385,0.0,0.0,0.0
zhen,01,Lan-Bridge vs Online-B,0.01,97.6995,555.5526818181813,537.1373311688308,dedup,dedup,0.8241399903241315,True,0.03314780263337369,0.000768806015623533,0.06850210259565655,mtme_SEScore-refA,0.170252595906595,0.93964771879046,0.0051572427827709655,-0.0215953159573436,0.030737876850008273,0.010730600890406117,-0.018738853854128438,0.036102262015668365,-0.0004538591356084698,-0.03076391873733249,0.02295940325770558,0.037063536308930445,0.01368070987744822,0.06799309188310754
zhen,01,Lan-Bridge vs Online-B,0.01,97.6995,555.5526818181813,537.1373311688308,dedup,dedup,0.8241399903241315,True,0.03314780263337369,0.000768806015623533,0.06850210259565655,mtme_UniTE-ref-refA,0.2774586824756955,0.975743491343244,0.030633729474016658,0.0013486094568184949,0.06595067076984333,0.0545439456737008,0.025522283141388283,0.08881651808669044,0.046328943526833144,0.016815224205792338,0.08375161643395578,0.057882052486980085,0.026147022565596343,0.09071996526800374
zhen,01,Lan-Bridge vs Online-B,0.01,97.6995,555.5526818181813,537.1373311688308,dedup,dedup,0.8241399903241315,True,0.03314780263337369,0.000768806015623533,0.06850210259565655,mtme_UniTE-refA,0.2752335768166837,0.9824419355235168,0.030836159135356533,0.0063469163197400124,0.0701942356551508,0.05041399923920997,0.024077340010436873,0.08677446955086947,0.0394799056745615,0.009012611020870165,0.07025365394778808,0.05028497299458701,0.019130855212306144,0.08804989874567554
zhen,01,Lan-Bridge vs Online-B,0.01,97.6995,555.5526818181813,537.1373311688308,dedup,dedup,0.8241399903241315,True,0.03314780263337369,0.000768806015623533,0.06850210259565655,mtme_UniTE-src-src,0.2371099225089089,0.9607040026515832,0.018340126058498663,-0.012839800700936254,0.05307732474912771,0.0394799056745615,0.013266435574737665,0.07619472795741938,0.031803530374108546,0.002917319693254711,0.0661262622217978,0.041488786901232366,0.012282052293931785,0.07048541432919539
zhen,01,Lan-Bridge vs Online-B,0.01,97.6995,555.5526818181813,537.1373311688308,dedup,dedup,0.8241399903241315,True,0.03314780263337369,0.000768806015623533,0.06850210259565655,mtme_YiSi-1-refA,0.17886177284785867,0.9604473082422414,0.010941241971095028,-0.01632483558616706,0.03626316415856655,0.025953576359930897,0.004596965897653702,0.052595216994063436,0.023811919570056794,0.0023442999155171068,0.0525916267541213,0.023271063339426967,-0.001114755206769867,0.05187581796052295
zhen,01,Lan-Bridge vs Online-B,0.01,97.6995,555.5526818181813,537.1373311688308,dedup,dedup,0.8241399903241315,True,0.03314780263337369,0.000768806015623533,0.06850210259565655,mtme_chrF-refA,0.09417901776500065,0.9157360845392822,0.00897558599693804,-0.01268163537872627,0.031083212660853576,0.02236251547994028,0.005260353614749286,0.04682641760346714,0.01016743879211146,-0.010162548846691193,0.032272470636041106,0.01683951701241293,0.001667480656599033,0.0329864423232263
zhen,01,Lan-Bridge vs Online-B,0.01,97.6995,555.5526818181813,537.1373311688308,dedup,dedup,0.8241399903241315,True,0.03314780263337369,0.000768806015623533,0.06850210259565655,mtme_f101spBLEU-refA,0.07255391196638378,0.8645720481576694,0.009274612875155741,-0.010944085319249213,0.03000095423424689,0.012726147970616775,-0.002655838204131932,0.032197762196492515,0.012379366233566835,-0.005199831724415332,0.03524723435224334,0.012700403039581976,-0.0045155977526159735,0.027011358312427715
zhen,01,Lan-Bridge vs Online-B,0.01,97.6995,555.5526818181813,537.1373311688308,dedup,dedup,0.8241399903241315,True,0.03314780263337369,0.000768806015623533,0.06850210259565655,mtme_f200spBLEU-refA,0.07501457448821781,0.8696321738056851,0.010300775700678444,-0.010989704698021617,0.0332948977175434,0.01472610288574383,-0.002887661766605587,0.03501141770318612,0.008423802295468796,-0.00920372217428005,0.029872859022641633,0.011995692352925746,-0.007169344488494172,0.0274562402404267
zhen,01,Lan-Bridge vs Online-B,0.01,97.6995,555.5526818181813,537.1373311688308,dedup,dedup,0.8241399903241315,True,0.03314780263337369,0.000768806015623533,0.06850210259565655,mtme_metricx_xl_DA_2019-refA,0.25453752415732045,0.9937925634685278,0.023694683225742974,-0.005545809379059907,0.061367772566250506,0.04960773824334597,0.01781174716417603,0.08725229453976098,0.03722715272908095,0.006633347712920804,0.07154933066905543,0.05297382697223185,0.024312651283202154,0.08024856501778489
zhen,01,Lan-Bridge vs Online-B,0.01,97.6995,555.5526818181813,537.1373311688308,dedup,dedup,0.8241399903241315,True,0.03314780263337369,0.000768806015623533,0.06850210259565655,mtme_metricx_xl_MQM_2020-refA,0.30381220138600534,0.9880707146931909,0.028295572586011453,-0.0008631143224155797,0.06578187217153378,0.04876564342544387,0.018491412498647528,0.08418739033202975,0.0336323341990592,0.0038561214202333717,0.06921695907246739,0.0638263039532233,0.024438660090951726,0.09876033707726573
zhen,01,Lan-Bridge vs Online-B,0.01,97.6995,555.5526818181813,537.1373311688308,dedup,dedup,0.8241399903241315,True,0.03314780263337369,0.000768806015623533,0.06850210259565655,mtme_metricx_xxl_DA_2019-refA,0.2559164372678827,0.9945880252964706,0.022400718255259133,-0.005561496529741577,0.06304005114766992,0.05599631763943824,0.027935984910166554,0.09447377848521968,0.044507390906548205,0.016818200938263316,0.079174826548249,0.051828895601105596,0.0265538388833958,0.088054789810819
zhen,01,Lan-Bridge vs Online-B,0.01,97.6995,555.5526818181813,537.1373311688308,dedup,dedup,0.8241399903241315,True,0.03314780263337369,0.000768806015623533,0.06850210259565655,mtme_metricx_xxl_MQM_2020-refA,0.33007497499379834,0.9848440687329651,0.026552086506595685,-0.007329199959463899,0.06147822907564628,0.06046989057235297,0.029733660670775326,0.09736649962945353,0.03977135409380694,0.007984849481532755,0.07643990545561781,0.06501161939522626,0.02914635022966999,0.09579801902767052
zhen,01,Lan-Bridge vs Online-B,0.02,97.6995,256.2002142857142,252.34462177121785,dedup,dedup,0.618659569538667,True,0.015049138523344885,-0.002943781075962825,0.03276580400607532,mtme_BERTScore-refA,0.1861952705177155,0.9400920205176692,-0.0006717582931976551,-0.01846832940364985,0.021010882257304627,0.017260241168250756,7.408968035360977e-05,0.04084332230778373,0.0031496259099724755,-0.013355313641413728,0.026514855217809486,0.025756646836946673,0.009556874693183507,0.04936368864216686
zhen,01,Lan-Bridge vs Online-B,0.02,97.6995,256.2002142857142,252.34462177121785,dedup,dedup,0.618659569538667,True,0.015049138523344885,-0.002943781075962825,0.03276580400607532,mtme_BLEU-refA,0.06303664303298767,0.8293746844592913,-0.00523781002874979,-0.01782690256418117,0.008948036210245482,0.013042682084390411,0.0027613393752015077,0.028602200622418028,0.0005992430316870134,-0.01173646331142102,0.014613116782736833,0.009860474802665276,0.0003020395506968429,0.02233604950035878
zhen,01,Lan-Bridge vs Online-B,0.02,97.6995,256.2002142857142,252.34462177121785,dedup,dedup,0.618659569538667,True,0.015049138523344885,-0.002943781075962825,0.03276580400607532,mtme_BLEURT-20-refA,0.21367202776641236,0.9802219595565596,-0.005121564043086835,-0.026070803918590946,0.021296948941164014,0.02817572710638261,0.0038093783870096825,0.05146835787514675,0.004267487761825728,-0.015294758653027435,0.030188653364213475,0.03312391118360403,0.011626635987913378,0.056504519848361946
zhen,01,Lan-Bridge vs Online-B,0.02,97.6995,256.2002142857142,252.34462177121785,dedup,dedup,0.618659569538667,True,0.015049138523344885,-0.002943781075962825,0.03276580400607532,mtme_COMET-20-refA,0.17540484632743322,0.9752672183823412,-0.004900480649912442,-0.02354056699279697,0.02095773223876275,0.017292669453521148,-0.0002753345530777771,0.04019542051729729,0.014284851553020173,-0.006124069112220747,0.03730870998480816,0.00800688696949603,-0.010197402590730398,0.023052468146626304
zhen,01,Lan-Bridge vs Online-B,0.02,97.6995,256.2002142857142,252.34462177121785,dedup,dedup,0.618659569538667,True,0.015049138523344885,-0.002943781075962825,0.03276580400607532,mtme_COMET-22-refA,0.29580708426987523,0.9866351677254928,0.022930908844029263,-0.0025362630306220253,0.04905631246619962,0.061711531164902356,0.035539030861678284,0.08993801901395265,0.03480436055321112,0.008943246448066045,0.05805170633405361,0.05553920483407182,0.03132122130545369,0.0905319894313882
zhen,01,Lan-Bridge vs Online-B,0.02,97.6995,256.2002142857142,252.34462177121785,dedup,dedup,0.618659569538667,True,0.015049138523344885,-0.002943781075962825,0.03276580400607532,mtme_COMET-QE-src,0.2150782051170658,0.922900899652606,0.013504794945901843,-0.006574770196996909,0.03645515096636025,0.02659348548797147,0.004281239601659959,0.048767412366608004,0.009202944307830307,-0.011634506834258112,0.03316553147302724,0.035203893143543885,0.012308520323032604,0.0647009284695902
zhen,01,Lan-Bridge vs Online-B,0.02,97.6995,256.2002142857142,252.34462177121785,dedup,dedup,0.618659569538667,True,0.015049138523344885,-0.002943781075962825,0.03276580400607532,mtme_COMETKiwi-src,0.2411944460162287,0.959377087982424,0.025334884200598817,0.0021840625183242174,0.04670969617641243,0.036231267948810375,0.010756100116751325,0.060942840746702004,0.01699108640050584,-0.004600376153692093,0.04432064854728873,0.04392591363782461,0.019809350693067225,0.07405201061771954
zhen,01,Lan-Bridge vs Online-B,0.02,97.6995,256.2002142857142,252.34462177121785,dedup,dedup,0.618659569538667,True,0.015049138523344885,-0.002943781075962825,0.03276580400607532,mtme_Cross-QE-src,0.21205957460113128,0.966162403744368,0.003515751938854339,-0.017790746242799742,0.025838962606329924,0.021902007391417788,0.0029565342000384574,0.05027817283396894,0.012223201943309836,-0.006739072861694006,0.034221637655333106,0.024253123500894036,0.0071464720772666055,0.04820569749125558
zhen,01,Lan-Bridge vs Online-B,0.02,97.6995,256.2002142857142,252.34462177121785,dedup,dedup,0.618659569538667,True,0.015049138523344885,-0.002943781075962825,0.03276580400607532,mtme_HWTSC-TLM-src,0.05722767873354376,0.498241633134339,-0.015691098338064702,-0.03005818082177401,-0.0010046120153656124,0.00031708742899982933,-0.008337333827377714,0.012268109026764371,-0.008257029020554807,-0.02152394131014693,0.004357820440414144,0.008659310255560548,0.0005873971594917511,0.022848911307324103
zhen,01,Lan-Bridge vs Online-B,0.02,97.6995,256.2002142857142,252.34462177121785,dedup,dedup,0.618659569538667,True,0.015049138523344885,-0.002943781075962825,0.03276580400607532,mtme_HWTSC-Teacher-Sim-src,0.10520088063153618,0.3949247735620734,-0.012667442100299464,-0.03065689613568583,0.00031616817541656417,0.010750767037411069,-0.0013624839589189638,0.02528463875055186,-0.007173418916646801,-0.01985635617459796,0.007145877629831086,0.008443575622301913,-0.0022402214162770603,0.024632861059615686
zhen,01,Lan-Bridge vs Online-B,0.02,97.6995,256.2002142857142,252.34462177121785,dedup,dedup,0.618659569538667,True,0.015049138523344885,-0.002943781075962825,0.03276580400607532,mtme_KG-BERTScore-src,0.08408249170722315,0.679795467170797,-0.007673546656912,-0.02343426647122669,0.00664623243773668,0.011766201160357093,-0.00029620075811297934,0.025795333548555063,0.004981859640236341,-0.00922484538864719,0.021317416997427997,0.0033917372131654355,-0.005389108829099254,0.01853417012903913
zhen,01,Lan-Bridge vs Online-B,0.02,97.6995,256.2002142857142,252.34462177121785,dedup,dedup,0.618659569538667,True,0.015049138523344885,-0.002943781075962825,0.03276580400607532,mtme_MATESE-QE-src,0.21884353455163671,0.9351848265501388,-0.006688220362657926,-0.025637770481495757,0.014989974334641434,0.020950622630763305,0.0015551493120035931,0.0430922092655732,0.006049059429918291,-0.01059061578735987,0.026369152057078498,0.019523885174850597,-0.00011871533427891774,0.03835419372298382
zhen,01,Lan-Bridge vs Online-B,0.02,97.6995,256.2002142857142,252.34462177121785,dedup,dedup,0.618659569538667,True,0.015049138523344885,-0.002943781075962825,0.03276580400607532,mtme_MATESE-refA,0.2025994245657215,0.9674894649743352,-0.0005693699369229144,-0.021803116037122795,0.020578859920145832,0.025334884200598817,0.003388261268698368,0.05048790629071158,0.01249078729549935,-0.011295060899183574,0.03884872218550027,0.007550188968770466,-0.01147073662446832,0.027439181047627093
zhen,01,Lan-Bridge vs Online-B,0.02,97.6995,256.2002142857142,252.34462177121785,dedup,dedup,0.618659569538667,True,0.015049138523344885,-0.002943781075962825,0.03276580400607532,mtme_MEE-refA,0.07282597177026603,0.8976609341086564,-0.007755657181433229,-0.020153876975496022,0.008131397405079939,0.014116332536608156,0.0018640771359177966,0.03186251162955986,-0.000366992951473577,-0.013855511813008254,0.016867275564597134,0.00554886710066993,-0.00564534577875137,0.018974340881929282
zhen,01,Lan-Bridge vs Online-B,0.02,97.6995,256.2002142857142,252.34462177121785,dedup,dedup,0.618659569538667,True,0.015049138523344885,-0.002943781075962825,0.03276580400607532,mtme_MEE2-refA,0.09159599107763333,0.9352238472927537,-0.010289309102224253,-0.024055572541096505,0.008160191077453926,0.012080533585999809,-0.0011519411949953706,0.029613885838867336,-0.002732662037989053,-0.01687124808792806,0.013112606303005215,0.011006833362829704,-0.00027658736545235193,0.02644288600805919
zhen,01,Lan-Bridge vs Online-B,0.02,97.6995,256.2002142857142,252.34462177121785,dedup,dedup,0.618659569538667,True,0.015049138523344885,-0.002943781075962825,0.03276580400607532,mtme_MEE4-refA,0.1081783545917086,0.9593140488993936,-0.01347347766029916,-0.030903060084582767,0.008440729549171643,0.011603376963874368,-0.0022466308444828494,0.032382834309433076,-0.005354946788248993,-0.020068914821903233,0.012734961820595157,0.015979104648481623,0.004756994337999476,0.03131916872800556
zhen,01,Lan-Bridge vs Online-B,0.02,97.6995,256.2002142857142,252.34462177121785,dedup,dedup,0.618659569538667,True,0.015049138523344885,-0.002943781075962825,0.03276580400607532,mtme_MS-COMET-22-refA,0.1727607768563025,0.98746083650136,-0.007173418916646801,-0.02889342877380993,0.014072463369877827,0.02207169331734682,0.0046715729095671175,0.04412251768635355,0.0075248877846137985,-0.01077816833606749,0.029705442903365454,0.011471695298644446,-0.0042407964412505324,0.034518382819730076
zhen,01,Lan-Bridge vs Online-B,0.02,97.6995,256.2002142857142,252.34462177121785,dedup,dedup,0.618659569538667,True,0.015049138523344885,-0.002943781075962825,0.03276580400607532,mtme_MS-COMET-QE-22-src,0.165699440485236,0.9490970977882788,-0.016173756956166407,-0.035955672413225045,0.0052866197202126805,0.025334884200598817,0.006426136508769206,0.051305478750587656,-0.0006717582931976551,-0.019864494413377554,0.021283378198210898,0.01673398503587853,-0.0005241444757738574,0.03732999213761019
zhen,01,Lan-Bridge vs Online-B,0.02,97.6995,256.2002142857142,252.34462177121785,dedup,dedup,0.618659569538667,True,0.015049138523344885,-0.002943781075962825,0.03276580400607532,mtme_REUSE-src,-0.009743791328389676,-0.0713802384978524,-0.002601938790784075,-0.01542680715253238,0.007891513824068462,0.0016747056912050917,-0.007511235063961058,0.012905855493212798,-0.0022783462464823767,-0.014808351871988484,0.00800628777697991,0.0,0.0,0.0
zhen,01,Lan-Bridge vs Online-B,0.02,97.6995,256.2002142857142,252.34462177121785,dedup,dedup,0.618659569538667,True,0.015049138523344885,-0.002943781075962825,0.03276580400607532,mtme_SEScore-refA,0.170252595906595,0.93964771879046,0.004462600310727871,-0.016583778326403294,0.025718154507130987,0.01621701750954674,-0.0006630329868367582,0.03572954565313964,0.01346463243994489,-0.004921538383316109,0.03569310888044886,0.021964672540872976,0.004232038183758064,0.04410473171653178
zhen,01,Lan-Bridge vs Online-B,0.02,97.6995,256.2002142857142,252.34462177121785,dedup,dedup,0.618659569538667,True,0.015049138523344885,-0.002943781075962825,0.03276580400607532,mtme_UniTE-ref-refA,0.2774586824756955,0.975743491343244,0.01416015500404566,-0.010995806735353778,0.03783331520250796,0.044334152041827335,0.016998867967651914,0.07147399404806237,0.027774871972437554,0.003526339557214842,0.054738014929199594,0.06913805450882293,0.04058443261808312,0.10238671968304748
zhen,01,Lan-Bridge vs Online-B,0.02,97.6995,256.2002142857142,252.34462177121785,dedup,dedup,0.618659569538667,True,0.015049138523344885,-0.002943781075962825,0.03276580400607532,mtme_UniTE-refA,0.2752335768166837,0.9824419355235168,0.023046299661144576,-0.004320672640236278,0.04662544053619989,0.050506909948049294,0.021235556159212236,0.07354486021153327,0.038672988087510296,0.007197264124505515,0.062274421880291746,0.06259296857023322,0.033664079044703935,0.09865423089219823
zhen,01,Lan-Bridge vs Online-B,0.02,97.6995,256.2002142857142,252.34462177121785,dedup,dedup,0.618659569538667,True,0.015049138523344885,-0.002943781075962825,0.03276580400607532,mtme_UniTE-src-src,0.2371099225089089,0.9607040026515832,0.025334884200598706,-0.0006339485536459128,0.04519489768432875,0.0327457787374259,0.011949977011442667,0.055769859127692674,0.015316761216607189,-0.006012248287346139,0.03707583962347834,0.05610770065944348,0.02723719373821577,0.08575097955689025
zhen,01,Lan-Bridge vs Online-B,0.02,97.6995,256.2002142857142,252.34462177121785,dedup,dedup,0.618659569538667,True,0.015049138523344885,-0.002943781075962825,0.03276580400607532,mtme_YiSi-1-refA,0.17886177284785867,0.9604473082422414,-0.003619879709498397,-0.020215873901458896,0.022715966488011042,0.021817592387913254,0.0024212541511159594,0.04461594908244901,0.0031496259099724755,-0.013787206034004157,0.02615824227270272,0.025756646836946673,0.010586980010759712,0.049892755137225415
zhen,01,Lan-Bridge vs Online-B,0.02,97.6995,256.2002142857142,252.34462177121785,dedup,dedup,0.618659569538667,True,0.015049138523344885,-0.002943781075962825,0.03276580400607532,mtme_chrF-refA,0.09417901776500065,0.9157360845392822,-0.005832609527375077,-0.020194351487149563,0.011953080642758145,0.004185513456616552,-0.008267814721750505,0.023896493854706283,-0.006089808812738573,-0.02028607873586937,0.010299867835195846,0.01578648537607774,0.004781695701377925,0.03263588949016501
zhen,01,Lan-Bridge vs Online-B,0.02,97.6995,256.2002142857142,252.34462177121785,dedup,dedup,0.618659569538667,True,0.015049138523344885,-0.002943781075962825,0.03276580400607532,mtme_f101spBLEU-refA,0.07255391196638378,0.8645720481576694,-0.005832609527375077,-0.020001204707816876,0.01262875509267903,0.014116332536608156,0.0015024402937445114,0.03075133936595532,0.006411763008614568,-0.0058397965090885235,0.02085720754037443,0.010136181291818702,0.0011765666903552241,0.024070143952420107
zhen,01,Lan-Bridge vs Online-B,0.02,97.6995,256.2002142857142,252.34462177121785,dedup,dedup,0.618659569538667,True,0.015049138523344885,-0.002943781075962825,0.03276580400607532,mtme_f200spBLEU-refA,0.07501457448821781,0.8696321738056851,-0.0016956418559455066,-0.01514689214827054,0.01676130711149867,0.017450980767440005,0.006221720506592504,0.03376263884130511,0.0014954619146186898,-0.012328491169399469,0.017888680185666233,0.007795134586831565,-0.0024377586041955997,0.02094014604951175
zhen,01,Lan-Bridge vs Online-B,0.02,97.6995,256.2002142857142,252.34462177121785,dedup,dedup,0.618659569538667,True,0.015049138523344885,-0.002943781075962825,0.03276580400607532,mtme_metricx_xl_DA_2019-refA,0.25453752415732045,0.9937925634685278,0.04171150801041068,0.011563484482129741,0.06334345479255148,0.05223933760243249,0.026572534336604847,0.07286473666306188,0.0365207031421223,0.009940478521944842,0.05863568290308248,0.04386263548551128,0.023219348832667634,0.07479722084155961
zhen,01,Lan-Bridge vs Online-B,0.02,97.6995,256.2002142857142,252.34462177121785,dedup,dedup,0.618659569538667,True,0.015049138523344885,-0.002943781075962825,0.03276580400607532,mtme_metricx_xl_MQM_2020-refA,0.30381220138600534,0.9880707146931909,0.030709451860189696,0.0018616475132625556,0.060817380043891464,0.06149106663784598,0.02938755834786551,0.0866623497810316,0.029312064268696147,0.0011432854714092837,0.05985273001237828,0.04584918596419385,0.018515439772963514,0.07995519094034585
zhen,01,Lan-Bridge vs Online-B,0.02,97.6995,256.2002142857142,252.34462177121785,dedup,dedup,0.618659569538667,True,0.015049138523344885,-0.002943781075962825,0.03276580400607532,mtme_metricx_xxl_DA_2019-refA,0.2559164372678827,0.9945880252964706,0.024185996379587738,0.001143010105396722,0.04673137785630219,0.0405342984735817,0.01509802095754052,0.0674988727071263,0.03170857020716489,0.008061687095295927,0.05383755814143945,0.03966579736694287,0.016473230447790456,0.06877990446559151
zhen,01,Lan-Bridge vs Online-B,0.02,97.6995,256.2002142857142,252.34462177121785,dedup,dedup,0.618659569538667,True,0.015049138523344885,-0.002943781075962825,0.03276580400607532,mtme_metricx_xxl_MQM_2020-refA,0.33007497499379834,0.9848440687329651,0.029657906013748292,0.0019674182647085713,0.05550274993682741,0.06616024251550356,0.03361375574476038,0.09450548638594708,0.044403555759968905,0.015004192008571454,0.06970231607763044,0.05544799237196629,0.02910727125053962,0.08483598395731531
zhen,02,Lan-Bridge vs LanguageX,0.01,96.627,452.2793184357532,424.52145270270194,dedup,dedup,0.7863554753416699,True,0.061373281071206764,0.0265488823246439,0.09538138170298995,mtme_BERTScore-refA,0.16928631335727973,0.9400920205176692,0.01044728026430397,-0.020340789814897182,0.04071829073133503,0.03743008342969578,0.008950684126451117,0.07098224180611493,0.026766652539233826,-0.004038100883765894,0.05267774176110807,0.020069269454833227,-0.0063490810014046216,0.05094763299105134
zhen,02,Lan-Bridge vs LanguageX,0.01,96.627,452.2793184357532,424.52145270270194,dedup,dedup,0.7863554753416699,True,0.061373281071206764,0.0265488823246439,0.09538138170298995,mtme_BLEU-refA,0.08802789765665381,0.8293746844592913,0.0017412133773838656,-0.020546480197226717,0.023802247189834636,0.006229674527973739,-0.011589331197276398,0.028775878064866724,-0.0033287902802927594,-0.02480921202354387,0.0171382497418807,0.00037156894453693745,-0.020698557977284853,0.020986903387313238
zhen,02,Lan-Bridge vs LanguageX,0.01,96.627,452.2793184357532,424.52145270270194,dedup,dedup,0.7863554753416699,True,0.061373281071206764,0.0265488823246439,0.09538138170298995,mtme_BLEURT-20-refA,0.20148346841268316,0.9802219595565596,0.019319176996688836,-0.013400074127856343,0.05054656904790145,0.01734858584035881,-0.01389821324047058,0.048723637620279016,0.008652491090692993,-0.0258615496570337,0.039089929835024094,0.030629716603416512,-0.0012017060330762545,0.06434438293890955
zhen,02,Lan-Bridge vs LanguageX,0.01,96.627,452.2793184357532,424.52145270270194,dedup,dedup,0.7863554753416699,True,0.061373281071206764,0.0265488823246439,0.09538138170298995,mtme_COMET-20-refA,0.18205155433547193,0.9752672183823412,0.017325073104970556,-0.011655181143082076,0.04627153624398906,0.02322371608536833,-0.0043332406000246675,0.052970190831163715,0.018356713579871564,-0.01270387343324043,0.04580171259536661,0.02444325085649124,-0.0010732163182323277,0.0532361184210988
zhen,02,Lan-Bridge vs LanguageX,0.01,96.627,452.2793184357532,424.52145270270194,dedup,dedup,0.7863554753416699,True,0.061373281071206764,0.0265488823246439,0.09538138170298995,mtme_COMET-22-refA,0.24530293104772072,0.9866351677254928,0.022635773905991807,-0.010752635744799672,0.06189250416112361,0.034678230296673385,6.633096629861737e-05,0.07044024624990765,0.028684199322167703,-0.006572060605103384,0.06350148738573323,0.06980111527127131,0.03132125717973996,0.10728955412478096
zhen,02,Lan-Bridge vs LanguageX,0.01,96.627,452.2793184357532,424.52145270270194,dedup,dedup,0.7863554753416699,True,0.061373281071206764,0.0265488823246439,0.09538138170298995,mtme_COMET-QE-src,0.1928829577951714,0.922900899652606,-0.02419765327238199,-0.05188074993814098,0.015240207334091297,0.013586548178273539,-0.016648744792930537,0.04314535756484138,-0.0033426213011094053,-0.02956246796844627,0.029373634926052883,0.01879588037690072,-0.010085725630259189,0.0530336933891301
zhen,02,Lan-Bridge vs LanguageX,0.01,96.627,452.2793184357532,424.52145270270194,dedup,dedup,0.7863554753416699,True,0.061373281071206764,0.0265488823246439,0.09538138170298995,mtme_COMETKiwi-src,0.20363945002518966,0.959377087982424,0.02089456052860761,-0.016030265961824264,0.057883233810124786,0.026293574669992936,-0.006306614967329843,0.068098457367084,0.018705606568468203,-0.01815689503578555,0.052916293830183585,0.056486106506870915,0.020470581167178693,0.09509681637383635
zhen,02,Lan-Bridge vs LanguageX,0.01,96.627,452.2793184357532,424.52145270270194,dedup,dedup,0.7863554753416699,True,0.061373281071206764,0.0265488823246439,0.09538138170298995,mtme_Cross-QE-src,0.14875096053563136,0.966162403744368,0.0069648535095359065,-0.024925035389502723,0.039731685179521,0.02478247533016409,0.001766839922983663,0.05773719474980403,0.019765410035395004,-0.008157725737356208,0.05370454092586676,0.048193334372615415,0.01867677242501052,0.07059678524428875
zhen,02,Lan-Bridge vs LanguageX,0.01,96.627,452.2793184357532,424.52145270270194,dedup,dedup,0.7863554753416699,True,0.061373281071206764,0.0265488823246439,0.09538138170298995,mtme_HWTSC-TLM-src,0.06294713163889057,0.498241633134339,-0.005223640132152152,-0.026845609242321322,0.01817982573468659,-0.0033147543554641334,-0.020213897002266834,0.016869501196252582,-0.005223640132152152,-0.024405477147359446,0.011477944295398682,-0.009756681317849125,-0.027222404364288733,0.008083112771786985
zhen,02,Lan-Bridge vs LanguageX,0.01,96.627,452.2793184357532,424.52145270270194,dedup,dedup,0.7863554753416699,True,0.061373281071206764,0.0265488823246439,0.09538138170298995,mtme_HWTSC-Teacher-Sim-src,0.07279997565234639,0.3949247735620734,-0.03747946247054257,-0.06430461608607915,-0.013491130746632274,-0.011002089588494579,-0.03171647598266087,0.01322291709516468,-0.011121232876254217,-0.03280934008850957,0.010867945204251939,-0.014685763112210592,-0.036913691234395155,0.0028764250096402315
zhen,02,Lan-Bridge vs LanguageX,0.01,96.627,452.2793184357532,424.52145270270194,dedup,dedup,0.7863554753416699,True,0.061373281071206764,0.0265488823246439,0.09538138170298995,mtme_KG-BERTScore-src,0.06468585543906978,0.679795467170797,-0.01471064670226685,-0.03998860224524115,0.0068634624443734416,-0.0017175233994604078,-0.016324179907676723,0.013684369755948125,-0.003470581765806058,-0.02423669676388693,0.016292332246053896,-0.007052042420966131,-0.025322233063199456,0.009164425718463664
zhen,02,Lan-Bridge vs LanguageX,0.01,96.627,452.2793184357532,424.52145270270194,dedup,dedup,0.7863554753416699,True,0.061373281071206764,0.0265488823246439,0.09538138170298995,mtme_MATESE-QE-src,0.16856885015070258,0.9351848265501388,0.002139205006500222,-0.030008449474039956,0.03824662913938121,0.010634795551099252,-0.02206284376117636,0.045800041856293855,-0.01273847095222358,-0.040353256717561875,0.020384218621392627,0.05786744418882117,0.021313953040231093,0.0873895754187776
zhen,02,Lan-Bridge vs LanguageX,0.01,96.627,452.2793184357532,424.52145270270194,dedup,dedup,0.7863554753416699,True,0.061373281071206764,0.0265488823246439,0.09538138170298995,mtme_MATESE-refA,0.18807291071982674,0.9674894649743352,0.008706066886919772,-0.021027893735768598,0.03767506434687297,0.028684199322167703,-0.0016032231637727705,0.05413449409144842,0.011852838050866787,-0.01567228455687311,0.038935935904973226,0.04869253019635855,0.017830162038129344,0.07929021425382539
zhen,02,Lan-Bridge vs LanguageX,0.01,96.627,452.2793184357532,424.52145270270194,dedup,dedup,0.7863554753416699,True,0.061373281071206764,0.0265488823246439,0.09538138170298995,mtme_MEE-refA,0.10231633963715461,0.8976609341086564,-0.0017645853690269053,-0.024384180993799298,0.02051141209852003,0.004181454023061026,-0.014438371106384417,0.024471491982970942,0.009294646056739797,-0.010186680574619416,0.02656304071568815,-0.008368943160350861,-0.027948925791194224,0.013549968568522284
zhen,02,Lan-Bridge vs LanguageX,0.01,96.627,452.2793184357532,424.52145270270194,dedup,dedup,0.7863554753416699,True,0.061373281071206764,0.0265488823246439,0.09538138170298995,mtme_MEE2-refA,0.13265518164663503,0.9352238472927537,-0.00911524894968907,-0.03955096881355608,0.014613195698620492,0.010277086475537045,-0.013519551668551311,0.03328539740975383,0.002468884639574287,-0.023178151267230645,0.026731429679008697,0.006183803470111271,-0.024579252085763316,0.03240953979053111
zhen,02,Lan-Bridge vs LanguageX,0.01,96.627,452.2793184357532,424.52145270270194,dedup,dedup,0.7863554753416699,True,0.061373281071206764,0.0265488823246439,0.09538138170298995,mtme_MEE4-refA,0.14666856571961015,0.9593140488993936,0.0018853137948224852,-0.026880611953283538,0.023417335392851818,0.00886930564104993,-0.017190402098039684,0.03394658868381426,0.011225269220156542,-0.012724218934610664,0.035059917406190313,0.017184464380098574,-0.013868085631683269,0.047651213717138256
zhen,02,Lan-Bridge vs LanguageX,0.01,96.627,452.2793184357532,424.52145270270194,dedup,dedup,0.7863554753416699,True,0.061373281071206764,0.0265488823246439,0.09538138170298995,mtme_MS-COMET-22-refA,0.20014106267409545,0.98746083650136,-0.012851193414524564,-0.045242628399200666,0.018551803406330336,0.029652994735148486,0.00010080946934481772,0.05792220858241609,0.018368574924797376,-0.011703685086425629,0.0479307501917787,0.05799884483861373,0.022638512009387598,0.08346855767337101
zhen,02,Lan-Bridge vs LanguageX,0.01,96.627,452.2793184357532,424.52145270270194,dedup,dedup,0.7863554753416699,True,0.061373281071206764,0.0265488823246439,0.09538138170298995,mtme_MS-COMET-QE-22-src,0.1763435594295727,0.9490970977882788,0.02845300950770613,-0.005207983234054879,0.05775561982083657,0.03137274990611971,0.0009711089415606695,0.062031721778103135,0.03026791876973456,-0.0012921610551087637,0.06167387038940534,0.029135799689714137,-0.006227384574798143,0.06132322445130241
zhen,02,Lan-Bridge vs LanguageX,0.01,96.627,452.2793184357532,424.52145270270194,dedup,dedup,0.7863554753416699,True,0.061373281071206764,0.0265488823246439,0.09538138170298995,mtme_REUSE-src,-0.024758466974780916,-0.0713802384978524,-0.02071105796438011,-0.0377613891600673,-0.000335762780010576,-0.0016691631686647224,-0.015001946899539953,0.010914252984590166,-0.007209982132769577,-0.020923555995464443,0.006121029396908396,0.0,0.0,0.0
zhen,02,Lan-Bridge vs LanguageX,0.01,96.627,452.2793184357532,424.52145270270194,dedup,dedup,0.7863554753416699,True,0.061373281071206764,0.0265488823246439,0.09538138170298995,mtme_SEScore-refA,0.15171911020205334,0.93964771879046,-0.003271370587812239,-0.031659660022235456,0.023736025935139314,0.019229604671401446,-0.00531224446706533,0.042976215868954136,0.016816455513155915,-0.010606219549108406,0.042871237761254934,0.008220962897886652,-0.018482440979864817,0.035412661966610484
zhen,02,Lan-Bridge vs LanguageX,0.01,96.627,452.2793184357532,424.52145270270194,dedup,dedup,0.7863554753416699,True,0.061373281071206764,0.0265488823246439,0.09538138170298995,mtme_UniTE-ref-refA,0.2406540168530502,0.975743491343244,0.02902756984828747,-0.0005705793289809691,0.06175575740498678,0.03282596226222567,-0.0004987455587807109,0.06750820631069819,0.02570030945018764,-0.011395111655659967,0.0588587000091066,0.079138696022097,0.041415886247112225,0.10951362556400972
zhen,02,Lan-Bridge vs LanguageX,0.01,96.627,452.2793184357532,424.52145270270194,dedup,dedup,0.7863554753416699,True,0.061373281071206764,0.0265488823246439,0.09538138170298995,mtme_UniTE-refA,0.24786603818446326,0.9824419355235168,0.03745272341035488,0.007749981570276746,0.07606037772183129,0.03493733335140592,0.00436107824128795,0.06578822753658875,0.037441853220965826,0.006182030983999716,0.06616758673859074,0.08864574479898146,0.05060817010524572,0.11853319576081672
zhen,02,Lan-Bridge vs LanguageX,0.01,96.627,452.2793184357532,424.52145270270194,dedup,dedup,0.7863554753416699,True,0.061373281071206764,0.0265488823246439,0.09538138170298995,mtme_UniTE-src-src,0.21465785134884752,0.9607040026515832,0.009193119579894438,-0.027519618403312705,0.043969263034512436,0.03414712901203054,-0.005821510289635721,0.07277327517494878,0.029366907499100425,-0.0075393256499200305,0.06656098907382796,0.05799884483861373,0.017972429567741425,0.08707964341998875
zhen,02,Lan-Bridge vs LanguageX,0.01,96.627,452.2793184357532,424.52145270270194,dedup,dedup,0.7863554753416699,True,0.061373281071206764,0.0265488823246439,0.09538138170298995,mtme_YiSi-1-refA,0.17277154101056902,0.9604473082422414,0.01539232625607434,-0.01554773610065957,0.041488145470809416,0.03895343069976187,0.00886439923154146,0.06925730673189684,0.019409407942015844,-0.0065365768444560655,0.049789194710795556,0.02727511275528316,-0.0026345107639090693,0.05447823755623457
zhen,02,Lan-Bridge vs LanguageX,0.01,96.627,452.2793184357532,424.52145270270194,dedup,dedup,0.7863554753416699,True,0.061373281071206764,0.0265488823246439,0.09538138170298995,mtme_chrF-refA,0.1301610638763652,0.9157360845392822,-0.008999656608573936,-0.036153099643228895,0.019459794981534707,0.019830485686873178,-0.00040368053436219247,0.04364394176841582,0.007661338860489697,-0.013454685527367904,0.03412374307669619,0.006969077216013475,-0.01802663387066016,0.030460778240673832
zhen,02,Lan-Bridge vs LanguageX,0.01,96.627,452.2793184357532,424.52145270270194,dedup,dedup,0.7863554753416699,True,0.061373281071206764,0.0265488823246439,0.09538138170298995,mtme_f101spBLEU-refA,0.09563453675225689,0.8645720481576694,0.022680136030256537,-0.0023937176697508816,0.045093844145233916,0.007943491685146076,-0.011243912776091318,0.03146597327267883,0.004046128927302495,-0.015979728939894834,0.027139115475370807,0.0018184618391636764,-0.01966255315063231,0.023353913334026727
zhen,02,Lan-Bridge vs LanguageX,0.01,96.627,452.2793184357532,424.52145270270194,dedup,dedup,0.7863554753416699,True,0.061373281071206764,0.0265488823246439,0.09538138170298995,mtme_f200spBLEU-refA,0.09694153655281448,0.8696321738056851,0.01971502888586396,-0.0027944249806493675,0.03974466967133131,0.00784807768647,-0.012787636007114727,0.029285397690672548,0.007391024615888808,-0.011831718712660672,0.03479437590576038,0.0040575878924875575,-0.015455341788956661,0.026986047099287973
zhen,02,Lan-Bridge vs LanguageX,0.01,96.627,452.2793184357532,424.52145270270194,dedup,dedup,0.7863554753416699,True,0.061373281071206764,0.0265488823246439,0.09538138170298995,mtme_metricx_xl_DA_2019-refA,0.2336160647794102,0.9937925634685278,0.010553885164960253,-0.02475686071679556,0.04489112269604579,0.04320312655160141,0.015575013411698814,0.07572057268443809,0.039148472955090385,0.00945771435325025,0.07311424170096206,0.07671298510963287,0.03927805518913318,0.10958367416537176
zhen,02,Lan-Bridge vs LanguageX,0.01,96.627,452.2793184357532,424.52145270270194,dedup,dedup,0.7863554753416699,True,0.061373281071206764,0.0265488823246439,0.09538138170298995,mtme_metricx_xl_MQM_2020-refA,0.25019078902550485,0.9880707146931909,0.025846521977763937,-0.011161632937254905,0.06199092480556164,0.04859968983711027,0.02011828239957859,0.09247777429315948,0.04483311278890145,0.009405670424523695,0.08933313070545149,0.07468065233222243,0.03557878815356719,0.11182422950898606
zhen,02,Lan-Bridge vs LanguageX,0.01,96.627,452.2793184357532,424.52145270270194,dedup,dedup,0.7863554753416699,True,0.061373281071206764,0.0265488823246439,0.09538138170298995,mtme_metricx_xxl_DA_2019-refA,0.23166220215971764,0.9945880252964706,0.01173027959500772,-0.02414923502938739,0.04528121288620729,0.04768157162571374,0.01707820020491352,0.08207003198130701,0.04119429661152563,0.005432381734007982,0.07322948368706424,0.07542542377836736,0.0382769519899615,0.10560898722353391
zhen,02,Lan-Bridge vs LanguageX,0.01,96.627,452.2793184357532,424.52145270270194,dedup,dedup,0.7863554753416699,True,0.061373281071206764,0.0265488823246439,0.09538138170298995,mtme_metricx_xxl_MQM_2020-refA,0.2747839680285055,0.9848440687329651,0.037137934638176384,-0.0005404447020960488,0.07601289005781302,0.06645438870108578,0.032232567194945834,0.10840952048276797,0.04667419192154332,0.011180586239204588,0.08258681256922834,0.09678897366061567,0.05355501118582505,0.1384484997834618
zhen,02,Lan-Bridge vs LanguageX,0.02,96.627,225.2044313725489,215.99762576687084,dedup,dedup,0.5709365068391888,True,0.04088199130703385,0.021774241601012694,0.07199513252875803,mtme_BERTScore-refA,0.16928631335727973,0.9400920205176692,0.0030028765541966207,-0.016544143984814717,0.022992995113136228,0.018637936472372107,0.0024886448469094388,0.041249074861944124,0.004855931474183062,-0.011979959428550185,0.02458074593243939,-0.0004491187895772075,-0.02078016906302783,0.01785389158520844
zhen,02,Lan-Bridge vs LanguageX,0.02,96.627,225.2044313725489,215.99762576687084,dedup,dedup,0.5709365068391888,True,0.04088199130703385,0.021774241601012694,0.07199513252875803,mtme_BLEU-refA,0.08802789765665381,0.8293746844592913,-0.0012233068537115255,-0.0162872181154107,0.01193091411264787,0.006608713989953996,-0.009239648615740031,0.022919830390387478,0.0008281233639321206,-0.014579833872188063,0.016261430533427344,-0.004838692658727162,-0.020605214224541594,0.009711211764111933
zhen,02,Lan-Bridge vs LanguageX,0.02,96.627,225.2044313725489,215.99762576687084,dedup,dedup,0.5709365068391888,True,0.04088199130703385,0.021774241601012694,0.07199513252875803,mtme_BLEURT-20-refA,0.20148346841268316,0.9802219595565596,-0.006061046721394403,-0.02628470953357827,0.014326113607064523,0.029548146410939613,0.011619393251362348,0.05525446100994566,0.005144725630278679,-0.013648856215360649,0.02631224056853113,0.016176654414577385,-0.003791951862550297,0.03650837576968461
zhen,02,Lan-Bridge vs LanguageX,0.02,96.627,225.2044313725489,215.99762576687084,dedup,dedup,0.5709365068391888,True,0.04088199130703385,0.021774241601012694,0.07199513252875803,mtme_COMET-20-refA,0.18205155433547193,0.9752672183823412,0.010629082277876067,-0.01302823373646298,0.037180957465950445,0.024837236155747067,0.002255853084931842,0.051424714202783134,0.009623630422078366,-0.014996892863247879,0.030104814102802382,0.008611317046960831,-0.013585218382030306,0.027781727733566474
zhen,02,Lan-Bridge vs LanguageX,0.02,96.627,225.2044313725489,215.99762576687084,dedup,dedup,0.5709365068391888,True,0.04088199130703385,0.021774241601012694,0.07199513252875803,mtme_COMET-22-refA,0.24530293104772072,0.9866351677254928,0.008746644004035686,-0.015989580559923076,0.03991284932485646,0.036757458318657954,0.012165632683318583,0.07637885357576625,0.01560098521873654,-0.012368502156623612,0.03883954730134252,0.02648352088215844,0.0018412541332607482,0.052802841689721526
zhen,02,Lan-Bridge vs LanguageX,0.02,96.627,225.2044313725489,215.99762576687084,dedup,dedup,0.5709365068391888,True,0.04088199130703385,0.021774241601012694,0.07199513252875803,mtme_COMET-QE-src,0.1928829577951714,0.922900899652606,-0.0162890103720843,-0.04026849615520983,0.01065920782032783,0.015929296772519863,-0.0026528962580254223,0.0465454628166558,-0.002331079171238537,-0.025986626069489382,0.02107334114849542,0.002174190269358278,-0.020301325770309384,0.020224224565998372
zhen,02,Lan-Bridge vs LanguageX,0.02,96.627,225.2044313725489,215.99762576687084,dedup,dedup,0.5709365068391888,True,0.04088199130703385,0.021774241601012694,0.07199513252875803,mtme_COMETKiwi-src,0.20363945002518966,0.959377087982424,-0.00187493762872748,-0.026288737184066463,0.02313800543483585,0.03419625540407367,0.010606021341074523,0.06481222628298416,0.01749664306906229,-0.003766576306425033,0.04329422681193454,0.009103633240992726,-0.008990655176487616,0.025958671332289653
zhen,02,Lan-Bridge vs LanguageX,0.02,96.627,225.2044313725489,215.99762576687084,dedup,dedup,0.5709365068391888,True,0.04088199130703385,0.021774241601012694,0.07199513252875803,mtme_Cross-QE-src,0.14875096053563136,0.966162403744368,-0.011495377434420417,-0.031785416812981096,0.006839295655436618,0.00022161356045502512,-0.019082094210372314,0.017302223481164437,-0.008447908924542613,-0.03230054836518239,0.007889077000219333,0.002884902369012954,-0.015284557563251975,0.021508733536794094
zhen,02,Lan-Bridge vs LanguageX,0.02,96.627,225.2044313725489,215.99762576687084,dedup,dedup,0.5709365068391888,True,0.04088199130703385,0.021774241601012694,0.07199513252875803,mtme_HWTSC-TLM-src,0.06294713163889057,0.498241633134339,-0.025989426818814998,-0.0476746158865727,-0.012393305001879724,0.00570876531731912,-0.00621291982766285,0.018009123215510563,-0.011571359640195178,-0.028210080165391338,-0.0003832775116522398,-0.004135353815355014,-0.020308848718530063,0.0097055927506341
zhen,02,Lan-Bridge vs LanguageX,0.02,96.627,225.2044313725489,215.99762576687084,dedup,dedup,0.5709365068391888,True,0.04088199130703385,0.021774241601012694,0.07199513252875803,mtme_HWTSC-Teacher-Sim-src,0.07279997565234639,0.3949247735620734,-0.017839891616622694,-0.03853530012681884,-0.0025552531955859202,0.009785180551717398,-0.004799263232358492,0.02539758257963618,-0.0012233068537113034,-0.018504934135806055,0.01504809606446698,-0.0006566121614701714,-0.016084282378114392,0.012989107888519312
zhen,02,Lan-Bridge vs LanguageX,0.02,96.627,225.2044313725489,215.99762576687084,dedup,dedup,0.5709365068391888,True,0.04088199130703385,0.021774241601012694,0.07199513252875803,mtme_KG-BERTScore-src,0.06468585543906978,0.679795467170797,-0.013531888159571626,-0.03210848506959982,0.0015469397018590572,0.013079576233351764,-9.042390346393147e-05,0.03153676633897225,0.005983886537430982,-0.008002175122936767,0.019802256859850504,-0.001537306251061299,-0.014597866836639843,0.013680812628715925
zhen,02,Lan-Bridge vs LanguageX,0.02,96.627,225.2044313725489,215.99762576687084,dedup,dedup,0.5709365068391888,True,0.04088199130703385,0.021774241601012694,0.07199513252875803,mtme_MATESE-QE-src,0.16856885015070258,0.9351848265501388,-0.019146814013705882,-0.04706185653957536,0.000528430973733613,0.007930739842024304,-0.011252303903284055,0.02759914624959742,-0.010832898041901018,-0.03970464255459346,0.007392661409192278,-0.007971723115900886,-0.03671273881685939,0.012570835734242438
zhen,02,Lan-Bridge vs LanguageX,0.02,96.627,225.2044313725489,215.99762576687084,dedup,dedup,0.5709365068391888,True,0.04088199130703385,0.021774241601012694,0.07199513252875803,mtme_MATESE-refA,0.18807291071982674,0.9674894649743352,0.0005258073318581413,-0.01978486018066461,0.018120677162348806,0.0340999991202765,0.01458699842583272,0.05658667621129211,0.006833219091942677,-0.013117551741488088,0.03012150061809312,-0.0022549989483799937,-0.02309588271132651,0.014542889034483756
zhen,02,Lan-Bridge vs LanguageX,0.02,96.627,225.2044313725489,215.99762576687084,dedup,dedup,0.5709365068391888,True,0.04088199130703385,0.021774241601012694,0.07199513252875803,mtme_MEE-refA,0.10231633963715461,0.8976609341086564,-0.005082642669613335,-0.02194867773234298,0.010883436567836751,0.006833219091942677,-0.00667352977640393,0.021335248047358365,-0.0034798800931190588,-0.021254609479084287,0.010654361513806493,0.001977699277100897,-0.01504543013949977,0.016826736561127174
zhen,02,Lan-Bridge vs LanguageX,0.02,96.627,225.2044313725489,215.99762576687084,dedup,dedup,0.5709365068391888,True,0.04088199130703385,0.021774241601012694,0.07199513252875803,mtme_MEE2-refA,0.13265518164663503,0.9352238472927537,-0.0036933397238738674,-0.02412484247723805,0.0144804023902194,0.004281573987989451,-0.013042272031401519,0.01965501791324308,-0.011172090087556485,-0.03252443435438039,0.005621810373422901,0.005719809850317725,-0.012657419581547072,0.02459997031613429
zhen,02,Lan-Bridge vs LanguageX,0.02,96.627,225.2044313725489,215.99762576687084,dedup,dedup,0.5709365068391888,True,0.04088199130703385,0.021774241601012694,0.07199513252875803,mtme_MEE4-refA,0.14666856571961015,0.9593140488993936,-0.004388370618075399,-0.02492061796582206,0.01705146303537201,0.005423327051453319,-0.012425224497674475,0.024872363757245424,-0.009477296670582502,-0.02794007373489323,0.005466093018941388,0.0033065112416896802,-0.01707424386720469,0.019487259686273205
zhen,02,Lan-Bridge vs LanguageX,0.02,96.627,225.2044313725489,215.99762576687084,dedup,dedup,0.5709365068391888,True,0.04088199130703385,0.021774241601012694,0.07199513252875803,mtme_MS-COMET-22-refA,0.20014106267409545,0.98746083650136,0.0071901537857375075,-0.01750364350336463,0.03172628044434176,0.034502350386548364,0.010274613217972734,0.06455418588980222,0.023914603428641934,-0.0015899496930168442,0.05585966283778747,0.01677679953002531,-0.006836864130383186,0.03885031541620146
zhen,02,Lan-Bridge vs LanguageX,0.02,96.627,225.2044313725489,215.99762576687084,dedup,dedup,0.5709365068391888,True,0.04088199130703385,0.021774241601012694,0.07199513252875803,mtme_MS-COMET-QE-22-src,0.1763435594295727,0.9490970977882788,-0.010335627530146274,-0.036654304857728054,0.01806369445237864,0.010288836838240334,-0.011250072406920658,0.031400880290113155,0.008201024802865553,-0.014077627796380252,0.04141248440558524,0.009638652545062354,-0.007707312350960626,0.02729509930346818
zhen,02,Lan-Bridge vs LanguageX,0.02,96.627,225.2044313725489,215.99762576687084,dedup,dedup,0.5709365068391888,True,0.04088199130703385,0.021774241601012694,0.07199513252875803,mtme_REUSE-src,-0.024758466974780916,-0.0713802384978524,-0.006351882397819697,-0.021045971828337534,0.00514313892427581,-0.002608022250620845,-0.01397005601773602,0.005814272914139475,-0.0052273031821237215,-0.015558539050491505,0.00636333334421648,0.0,0.0,0.0
zhen,02,Lan-Bridge vs LanguageX,0.02,96.627,225.2044313725489,215.99762576687084,dedup,dedup,0.5709365068391888,True,0.04088199130703385,0.021774241601012694,0.07199513252875803,mtme_SEScore-refA,0.15171911020205334,0.93964771879046,-0.0036550021848691383,-0.02289188072124712,0.012309633276808169,0.01220201328585957,-0.007148958936709554,0.030798458500070965,-0.006726889068178865,-0.025701443049181736,0.009584941327525017,0.007223551814580342,-0.009160244098319118,0.02561275859354343
zhen,02,Lan-Bridge vs LanguageX,0.02,96.627,225.2044313725489,215.99762576687084,dedup,dedup,0.5709365068391888,True,0.04088199130703385,0.021774241601012694,0.07199513252875803,mtme_UniTE-ref-refA,0.2406540168530502,0.975743491343244,0.02623018101544672,-0.00014811998004886622,0.05513103092087448,0.05194976438760557,0.021070036713779352,0.09175315294995723,0.034616385772176184,0.007706727493741092,0.06643972596375118,0.020260946483500297,-0.0025546402379394593,0.04493337456437154
zhen,02,Lan-Bridge vs LanguageX,0.02,96.627,225.2044313725489,215.99762576687084,dedup,dedup,0.5709365068391888,True,0.04088199130703385,0.021774241601012694,0.07199513252875803,mtme_UniTE-refA,0.24786603818446326,0.9824419355235168,0.0245268973484164,-0.00021020915962209868,0.06185860300600844,0.040318155053567506,0.015205005941370038,0.07823126402232744,0.020932139496837365,-0.0009446314539513777,0.05173187285794048,0.024853387428342866,0.0031576726815031268,0.05109797118644221
zhen,02,Lan-Bridge vs LanguageX,0.02,96.627,225.2044313725489,215.99762576687084,dedup,dedup,0.5709365068391888,True,0.04088199130703385,0.021774241601012694,0.07199513252875803,mtme_UniTE-src-src,0.21465785134884752,0.9607040026515832,0.016777993306109407,-0.0015006921589294,0.043501793557095395,0.025161815618305772,0.0017467768784244194,0.05378669075150906,0.015393277909200087,-0.00545548348415179,0.04280190378304544,0.014241411940460469,-0.006058237929534187,0.03860008844706899
zhen,02,Lan-Bridge vs LanguageX,0.02,96.627,225.2044313725489,215.99762576687084,dedup,dedup,0.5709365068391888,True,0.04088199130703385,0.021774241601012694,0.07199513252875803,mtme_YiSi-1-refA,0.17277154101056902,0.9604473082422414,-0.007533402333298023,-0.028378936609977812,0.011129409736079702,0.014620413501622798,-0.001556546791720237,0.039453549094270554,5.48919742049403e-05,-0.01816112228391985,0.019461315461896254,-0.0003953073217015657,-0.0197862547561427,0.016821364557205256
zhen,02,Lan-Bridge vs LanguageX,0.02,96.627,225.2044313725489,215.99762576687084,dedup,dedup,0.5709365068391888,True,0.04088199130703385,0.021774241601012694,0.07199513252875803,mtme_chrF-refA,0.1301610638763652,0.9157360845392822,-0.005432841660315546,-0.024348394552564063,0.010083744227199131,0.008271884439381094,-0.012609016412367845,0.030739521644631305,-0.0021215006246795287,-0.021796248173724376,0.017810971777679572,0.003072132975911246,-0.015497698135778858,0.020188457727864702
zhen,02,Lan-Bridge vs LanguageX,0.02,96.627,225.2044313725489,215.99762576687084,dedup,dedup,0.5709365068391888,True,0.04088199130703385,0.021774241601012694,0.07199513252875803,mtme_f101spBLEU-refA,0.09563453675225689,0.8645720481576694,-0.010383731787111383,-0.02722692526497303,0.004113983277078907,0.012535648682457379,-0.0032512503690199143,0.029979041336734367,-0.0014187960862162008,-0.015872282380021294,0.012230283805801392,-0.005048181337944602,-0.022901859479903225,0.012715459320896965
zhen,02,Lan-Bridge vs LanguageX,0.02,96.627,225.2044313725489,215.99762576687084,dedup,dedup,0.5709365068391888,True,0.04088199130703385,0.021774241601012694,0.07199513252875803,mtme_f200spBLEU-refA,0.09694153655281448,0.8696321738056851,-0.004915881245469489,-0.02062613453960758,0.00962574280127997,0.01123913171847224,-0.002789193659083372,0.029025040763483435,-0.004445917231972851,-0.020650919786011097,0.009075081648957544,-0.00168005611723121,-0.01737884659793565,0.01630963256547064
zhen,02,Lan-Bridge vs LanguageX,0.02,96.627,225.2044313725489,215.99762576687084,dedup,dedup,0.5709365068391888,True,0.04088199130703385,0.021774241601012694,0.07199513252875803,mtme_metricx_xl_DA_2019-refA,0.2336160647794102,0.9937925634685278,0.015830556455592726,-0.007135964480805534,0.04289828585093011,0.030564942257945482,0.010338401180969832,0.06251338584876859,0.02239523501055285,8.044664551663584e-05,0.05027538938462455,0.02281088819964905,0.005747780885841602,0.04944718762354734
zhen,02,Lan-Bridge vs LanguageX,0.02,96.627,225.2044313725489,215.99762576687084,dedup,dedup,0.5709365068391888,True,0.04088199130703385,0.021774241601012694,0.07199513252875803,mtme_metricx_xl_MQM_2020-refA,0.25019078902550485,0.9880707146931909,0.0101880826822639,-0.015435584548485603,0.03541892679520945,0.03200986267211159,0.004841123042251008,0.06306082142224154,0.02044135429286953,-0.004332071879726466,0.055889701348523134,0.030156153564667942,0.007146569064227176,0.05832987624997262
zhen,02,Lan-Bridge vs LanguageX,0.02,96.627,225.2044313725489,215.99762576687084,dedup,dedup,0.5709365068391888,True,0.04088199130703385,0.021774241601012694,0.07199513252875803,mtme_metricx_xxl_DA_2019-refA,0.23166220215971764,0.9945880252964706,0.007511051803716473,-0.016413193214614097,0.029204405721906898,0.03503105990173194,0.012684565656741604,0.07538014290327569,0.021407869939947255,0.0005973613321245619,0.05311679874617301,0.03236941619819533,0.013191610455455773,0.05943985995480754
zhen,02,Lan-Bridge vs LanguageX,0.02,96.627,225.2044313725489,215.99762576687084,dedup,dedup,0.5709365068391888,True,0.04088199130703385,0.021774241601012694,0.07199513252875803,mtme_metricx_xxl_MQM_2020-refA,0.2747839680285055,0.9848440687329651,0.010912401119201331,-0.017693798020897173,0.037777936518274394,0.04161055609068265,0.014609140269995692,0.06922618195255306,0.01698922107851919,-0.009277478873210891,0.04360925647178153,0.024014919793365563,-0.0038880841229219356,0.054534245724583826
zhen,03,Lan-Bridge vs JDExploreAcademy,0.01,96.943,356.77354716981085,336.93842176870703,dedup,dedup,0.7282786216382271,True,0.05559584099900505,0.021640714324310407,0.10048422044655077,mtme_BERTScore-refA,0.15033557430238886,0.9400920205176692,0.010362784462695784,-0.022511044973318788,0.0404532023495378,0.031816364323734025,-2.7101943426970897e-05,0.06469473782197482,0.005492106714911182,-0.024728066252259928,0.03694665052732523,-0.01077110527889169,-0.042143954654885865,0.013442953095033539
zhen,03,Lan-Bridge vs JDExploreAcademy,0.01,96.943,356.77354716981085,336.93842176870703,dedup,dedup,0.7282786216382271,True,0.05559584099900505,0.021640714324310407,0.10048422044655077,mtme_BLEU-refA,0.05574212195394536,0.8293746844592913,0.007662374690964757,-0.01401613676688111,0.03167417323283083,0.019146709397581785,-0.0017325677784584157,0.035766557871813154,0.015422253713257339,-0.006132565791250594,0.031884860761803385,-0.014128696095877524,-0.03583205480950382,0.00036822854922118395
zhen,03,Lan-Bridge vs JDExploreAcademy,0.01,96.943,356.77354716981085,336.93842176870703,dedup,dedup,0.7282786216382271,True,0.05559584099900505,0.021640714324310407,0.10048422044655077,mtme_BLEURT-20-refA,0.18881739590237562,0.9802219595565596,-0.004518724758446169,-0.041150448034772726,0.029231621997635657,0.002129383806959595,-0.03505655650040785,0.03749578267537903,-0.008261052144574954,-0.047316278120358615,0.02545028749360108,0.005192459044114139,-0.03373298421187879,0.032332755950059196
zhen,03,Lan-Bridge vs JDExploreAcademy,0.01,96.943,356.77354716981085,336.93842176870703,dedup,dedup,0.7282786216382271,True,0.05559584099900505,0.021640714324310407,0.10048422044655077,mtme_COMET-20-refA,0.17399594684606443,0.9752672183823412,-0.0111690809770284,-0.04995961284241233,0.02303802581665601,0.02140740520597073,-0.007867840312514744,0.053407644545237665,-0.007148752373681955,-0.0414363794229598,0.024460328485411263,0.008045861149665545,-0.025932392068034608,0.036034992798565854
zhen,03,Lan-Bridge vs JDExploreAcademy,0.01,96.943,356.77354716981085,336.93842176870703,dedup,dedup,0.7282786216382271,True,0.05559584099900505,0.021640714324310407,0.10048422044655077,mtme_COMET-22-refA,0.24733919073320043,0.9866351677254928,0.013473092175237178,-0.02676946311764582,0.05826329677173117,0.019053071109660036,-0.01622289555380093,0.0504056892698221,0.002643629996340713,-0.029232828638612207,0.03925491883155042,0.02366280523794506,-0.012328400573318387,0.06012510441192841
zhen,03,Lan-Bridge vs JDExploreAcademy,0.01,96.943,356.77354716981085,336.93842176870703,dedup,dedup,0.7282786216382271,True,0.05559584099900505,0.021640714324310407,0.10048422044655077,mtme_COMET-QE-src,0.14267615641357634,0.922900899652606,-0.004010147666729136,-0.036267722779995994,0.030413685071356777,0.011619922176709374,-0.01626555066589937,0.04303804069244701,-0.006400459997798924,-0.039447557667442665,0.024111355631856155,0.00844741248811609,-0.01870887759445646,0.03302022944500521
zhen,03,Lan-Bridge vs JDExploreAcademy,0.01,96.943,356.77354716981085,336.93842176870703,dedup,dedup,0.7282786216382271,True,0.05559584099900505,0.021640714324310407,0.10048422044655077,mtme_COMETKiwi-src,0.16616406485253765,0.959377087982424,-0.008773603802842533,-0.03787581165128611,0.023637762448980387,0.002369966819535496,-0.028915079980950588,0.030375686848566827,0.000362382407875117,-0.03523768238751576,0.028075795759271018,0.005171359681588106,-0.02323089208009379,0.03653860089319937
zhen,03,Lan-Bridge vs JDExploreAcademy,0.01,96.943,356.77354716981085,336.93842176870703,dedup,dedup,0.7282786216382271,True,0.05559584099900505,0.021640714324310407,0.10048422044655077,mtme_Cross-QE-src,0.09814515549255387,0.966162403744368,-0.0380488945546642,-0.07561853771083599,-0.008134959987287336,0.008858236636953287,-0.018091549838700583,0.03278910790217346,-0.007125103381897535,-0.034497521980034515,0.022177939311416584,-0.013040573810172651,-0.03614562290188681,0.003163598804104791
zhen,03,Lan-Bridge vs JDExploreAcademy,0.01,96.943,356.77354716981085,336.93842176870703,dedup,dedup,0.7282786216382271,True,0.05559584099900505,0.021640714324310407,0.10048422044655077,mtme_HWTSC-TLM-src,0.0331803043095389,0.498241633134339,-0.02682077203966493,-0.06385737734681378,-0.0048000215556696,-0.00039437354890559106,-0.017375225838607317,0.01874062199618002,-0.010847108238562608,-0.03061830302428481,0.00637567451678013,-0.0020122741833290547,-0.01572550354826021,0.009083732840022014
zhen,03,Lan-Bridge vs JDExploreAcademy,0.01,96.943,356.77354716981085,336.93842176870703,dedup,dedup,0.7282786216382271,True,0.05559584099900505,0.021640714324310407,0.10048422044655077,mtme_HWTSC-Teacher-Sim-src,0.0391395134447977,0.3949247735620734,-0.02830016397971491,-0.06162953629047326,-0.003179154442695991,0.011402623756078478,-0.006502316535490931,0.03272494568028701,-0.007529501141410488,-0.0255804366685129,0.011646262938375817,-0.0056957483816628685,-0.022555203708143467,0.005982434076728926
zhen,03,Lan-Bridge vs JDExploreAcademy,0.01,96.943,356.77354716981085,336.93842176870703,dedup,dedup,0.7282786216382271,True,0.05559584099900505,0.021640714324310407,0.10048422044655077,mtme_KG-BERTScore-src,0.05286414902561414,0.679795467170797,-0.01723504736972492,-0.04369859883164308,0.0063858023328089986,0.002214559159238294,-0.01878155173778683,0.023211807146529238,-0.015930538468069688,-0.04452951293831796,0.0038307489561613265,-0.004418846259752529,-0.022109796289353882,0.01165905389145526
zhen,03,Lan-Bridge vs JDExploreAcademy,0.01,96.943,356.77354716981085,336.93842176870703,dedup,dedup,0.7282786216382271,True,0.05559584099900505,0.021640714324310407,0.10048422044655077,mtme_MATESE-QE-src,0.10372092766115401,0.9351848265501388,-0.03719898739632055,-0.07443036467450076,-0.003499273998992676,-0.001018697213249764,-0.028728290182165588,0.025470646880681444,-0.015721903435122808,-0.04766754027368913,0.019143215898231952,-0.019561888508818903,-0.04361270244510841,0.0017207854431737935
zhen,03,Lan-Bridge vs JDExploreAcademy,0.01,96.943,356.77354716981085,336.93842176870703,dedup,dedup,0.7282786216382271,True,0.05559584099900505,0.021640714324310407,0.10048422044655077,mtme_MATESE-refA,0.16651653540687825,0.9674894649743352,-0.00654301569774951,-0.04459084234705131,0.041063852784776235,0.010487817905072139,-0.025118414228267466,0.040833533186236,-0.01545932643852943,-0.05434649921990397,0.019398066147420286,-0.008512655861347085,-0.04197115001628449,0.021270991016461172
zhen,03,Lan-Bridge vs JDExploreAcademy,0.01,96.943,356.77354716981085,336.93842176870703,dedup,dedup,0.7282786216382271,True,0.05559584099900505,0.021640714324310407,0.10048422044655077,mtme_MEE-refA,0.09485892249735925,0.8976609341086564,-0.0026241009215632882,-0.030716333010305845,0.020027763067845532,0.011727806251741302,-0.01084142399058161,0.03703803321637455,0.009435269657318557,-0.015807064382861,0.034309188221698345,-0.02606647968062359,-0.058829628843921365,-0.009585907964154377
zhen,03,Lan-Bridge vs JDExploreAcademy,0.01,96.943,356.77354716981085,336.93842176870703,dedup,dedup,0.7282786216382271,True,0.05559584099900505,0.021640714324310407,0.10048422044655077,mtme_MEE2-refA,0.12020641392219433,0.9352238472927537,-0.014264815549852594,-0.046601756439909776,0.014781391487116092,0.006177454496822721,-0.016650973583418383,0.03214948444290664,0.0012350426080366406,-0.026210309881831227,0.029585223764022926,-0.021599335663671893,-0.05486483740616936,-0.001521884845463326
zhen,03,Lan-Bridge vs JDExploreAcademy,0.01,96.943,356.77354716981085,336.93842176870703,dedup,dedup,0.7282786216382271,True,0.05559584099900505,0.021640714324310407,0.10048422044655077,mtme_MEE4-refA,0.13849005993057995,0.9593140488993936,0.0033218387388576076,-0.028265790953077383,0.03125394489893519,0.011072795796191803,-0.02022454027409269,0.04014668640470847,0.0009628518083644177,-0.031177801574860258,0.030428714732757677,-0.012039006706284994,-0.041534358483558305,0.006691335500079917
zhen,03,Lan-Bridge vs JDExploreAcademy,0.01,96.943,356.77354716981085,336.93842176870703,dedup,dedup,0.7282786216382271,True,0.05559584099900505,0.021640714324310407,0.10048422044655077,mtme_MS-COMET-22-refA,0.1905711686244545,0.98746083650136,0.00521892613051278,-0.0356935672909347,0.042182237138829036,0.01741448793401068,-0.015704588340787935,0.05452045381459163,0.0012350426080366406,-0.03399528814797711,0.042373357315671684,0.008933500950450979,-0.019268013570352065,0.04002814755221225
zhen,03,Lan-Bridge vs JDExploreAcademy,0.01,96.943,356.77354716981085,336.93842176870703,dedup,dedup,0.7282786216382271,True,0.05559584099900505,0.021640714324310407,0.10048422044655077,mtme_MS-COMET-QE-22-src,0.12981541292090082,0.9490970977882788,-0.03465785084208073,-0.07163610346669111,-0.004655255997257271,-0.007926501380932649,-0.039004515390686126,0.01628014836765345,-0.021868771697479028,-0.05636411433937409,0.004828958934571622,-0.0056957483816628685,-0.04129046915786719,0.019013265013581818
zhen,03,Lan-Bridge vs JDExploreAcademy,0.01,96.943,356.77354716981085,336.93842176870703,dedup,dedup,0.7282786216382271,True,0.05559584099900505,0.021640714324310407,0.10048422044655077,mtme_REUSE-src,-0.000831877326200035,-0.0713802384978524,-0.025402296238322464,-0.05571433234839394,-0.001843944651335224,-0.006209743588404981,-0.022310920698409724,0.011081488330173375,-0.012636014026242703,-0.03918554554874363,0.00885823657412473,0.0,0.0,0.0
zhen,03,Lan-Bridge vs JDExploreAcademy,0.01,96.943,356.77354716981085,336.93842176870703,dedup,dedup,0.7282786216382271,True,0.05559584099900505,0.021640714324310407,0.10048422044655077,mtme_SEScore-refA,0.11139041227815684,0.93964771879046,-0.009699769117464063,-0.041224428858587764,0.015572320553282629,0.021407405205970842,-0.0046148756239623254,0.053474901431918846,0.008641122993890749,-0.02079479900020007,0.03807219585471334,-0.0039046023032378585,-0.02950969141285579,0.021490428403190782
zhen,03,Lan-Bridge vs JDExploreAcademy,0.01,96.943,356.77354716981085,336.93842176870703,dedup,dedup,0.7282786216382271,True,0.05559584099900505,0.021640714324310407,0.10048422044655077,mtme_UniTE-ref-refA,0.24523733080812693,0.975743491343244,0.018735673796056118,-0.013204232866063542,0.057806412659814246,0.03675910697456686,-0.0022281366742075534,0.07189606844301905,0.02540305361149564,-0.009121875769080185,0.06301162532229786,0.037657937759583926,-0.0013720414362986206,0.0831957381514949
zhen,03,Lan-Bridge vs JDExploreAcademy,0.01,96.943,356.77354716981085,336.93842176870703,dedup,dedup,0.7282786216382271,True,0.05559584099900505,0.021640714324310407,0.10048422044655077,mtme_UniTE-refA,0.241998151290303,0.9824419355235168,0.02403803305573271,-0.012025477654491112,0.06242658555064117,0.039492971673084076,0.0011076866333575195,0.07609890171498321,0.034325666968194724,-0.0021291528503451173,0.06987427248500896,0.02683286074721636,-0.008088486066905503,0.063973420022163
zhen,03,Lan-Bridge vs JDExploreAcademy,0.01,96.943,356.77354716981085,336.93842176870703,dedup,dedup,0.7282786216382271,True,0.05559584099900505,0.021640714324310407,0.10048422044655077,mtme_UniTE-src-src,0.18728739063280286,0.9607040026515832,0.019027725407666396,-0.015564603596930252,0.052144841460616286,0.026276596177886025,-0.008945161562730551,0.053734362028567996,0.013369375665031491,-0.019853320145753698,0.043537643121373114,0.008993902475356474,-0.023895168977534867,0.041765671317991346
zhen,03,Lan-Bridge vs JDExploreAcademy,0.01,96.943,356.77354716981085,336.93842176870703,dedup,dedup,0.7282786216382271,True,0.05559584099900505,0.021640714324310407,0.10048422044655077,mtme_YiSi-1-refA,0.15126111375630358,0.9604473082422414,0.004917624015367661,-0.02750029864629733,0.03706869673086887,0.03253698457034848,-0.0007767545588556232,0.06899259795646578,0.009272573511907689,-0.02245039326166226,0.03732579100665615,-0.008829393961191645,-0.03831371636899728,0.01545367314103083
zhen,03,Lan-Bridge vs JDExploreAcademy,0.01,96.943,356.77354716981085,336.93842176870703,dedup,dedup,0.7282786216382271,True,0.05559584099900505,0.021640714324310407,0.10048422044655077,mtme_chrF-refA,0.10380284438652831,0.9157360845392822,-0.008440103089405016,-0.04750138275242669,0.01706987373968275,0.002298127429398167,-0.02782123075836049,0.02699664457770154,0.006513409291877492,-0.018910900967395273,0.036730836027585874,-0.012514469741557344,-0.04135751274663783,0.005493064294632741
zhen,03,Lan-Bridge vs JDExploreAcademy,0.01,96.943,356.77354716981085,336.93842176870703,dedup,dedup,0.7282786216382271,True,0.05559584099900505,0.021640714324310407,0.10048422044655077,mtme_f101spBLEU-refA,0.05760385323653022,0.8645720481576694,0.012430627689447693,-0.011411731921236772,0.03609528146655641,0.013398082913392284,-0.005603910652214517,0.03038505854023015,-0.0011995528779207287,-0.018154978611945566,0.018624596513001135,-0.017231179729506163,-0.03571047305441529,-0.0049967419382524495
zhen,03,Lan-Bridge vs JDExploreAcademy,0.01,96.943,356.77354716981085,336.93842176870703,dedup,dedup,0.7282786216382271,True,0.05559584099900505,0.021640714324310407,0.10048422044655077,mtme_f200spBLEU-refA,0.06275245926076403,0.8696321738056851,0.002942421260526462,-0.022364513504136645,0.027958422828616103,0.015723370030592543,-0.00302184508517162,0.03407381522012357,0.002557659874049989,-0.016399422487957078,0.025781001233484258,-0.026314354705069487,-0.04975313910721826,-0.01355496007296677
zhen,03,Lan-Bridge vs JDExploreAcademy,0.01,96.943,356.77354716981085,336.93842176870703,dedup,dedup,0.7282786216382271,True,0.05559584099900505,0.021640714324310407,0.10048422044655077,mtme_metricx_xl_DA_2019-refA,0.23423283303902034,0.9937925634685278,-0.013448413803375026,-0.05710044940681897,0.020842950555532917,0.020955266044292875,-0.01702540443303516,0.05454058501300715,0.007028818201060716,-0.032097790136359106,0.04733291315079207,0.02976736957587034,-0.0016950481053053517,0.06322606976044305
zhen,03,Lan-Bridge vs JDExploreAcademy,0.01,96.943,356.77354716981085,336.93842176870703,dedup,dedup,0.7282786216382271,True,0.05559584099900505,0.021640714324310407,0.10048422044655077,mtme_metricx_xl_MQM_2020-refA,0.25434725449628615,0.9880707146931909,-0.00011212957768313991,-0.03449303829074439,0.03752753656746802,0.038916998218717413,0.006493390506770944,0.07191206806158046,0.023084212692987993,-0.009347667987371073,0.05850556442290714,0.04067993842553663,0.001664573145834198,0.0805860241807882
zhen,03,Lan-Bridge vs JDExploreAcademy,0.01,96.943,356.77354716981085,336.93842176870703,dedup,dedup,0.7282786216382271,True,0.05559584099900505,0.021640714324310407,0.10048422044655077,mtme_metricx_xxl_DA_2019-refA,0.20966410785037143,0.9945880252964706,0.002214559159238294,-0.03563422950900249,0.03705009167251537,0.025662832609997577,-0.014725384931754858,0.062345497076845474,0.027983974830375735,-0.011567834874779494,0.06666269661732743,0.008922095522842954,-0.03254453229275608,0.0422239008643587
zhen,03,Lan-Bridge vs JDExploreAcademy,0.01,96.943,356.77354716981085,336.93842176870703,dedup,dedup,0.7282786216382271,True,0.05559584099900505,0.021640714324310407,0.10048422044655077,mtme_metricx_xxl_MQM_2020-refA,0.2516411566738841,0.9848440687329651,0.024067047333487745,-0.020855058713702877,0.057637761126741766,0.060456421991397225,0.018084491863796008,0.0890920696067373,0.027194786475447152,-0.0031231997961720043,0.06285549167632569,0.018866090586429074,-0.024783394972106524,0.05526212101361737
zhen,03,Lan-Bridge vs JDExploreAcademy,0.02,96.943,210.9224210526312,202.64917105263117,dedup,dedup,0.5403855146541774,True,0.03922413728569707,0.0005153746293695559,0.07488031266302117,mtme_BERTScore-refA,0.15033557430238886,0.9400920205176692,-0.014016404928931081,-0.03726230045128147,0.01492476658325476,0.0016816155095903396,-0.02187240749717849,0.028031018918797782,-0.006038044461708747,-0.03407285954042302,0.024143282177641914,-0.009691598960854808,-0.04588458315432667,0.02627989601743868
zhen,03,Lan-Bridge vs JDExploreAcademy,0.02,96.943,210.9224210526312,202.64917105263117,dedup,dedup,0.5403855146541774,True,0.03922413728569707,0.0005153746293695559,0.07488031266302117,mtme_BLEU-refA,0.05574212195394536,0.8293746844592913,-0.004068575127230467,-0.01951735148761604,0.015405873866706594,-0.004348637903179409,-0.016116380949109766,0.011658965409929828,-0.010700461661697469,-0.029169513330836255,0.010547266464208258,-0.01184528761882242,-0.03731742090337599,0.005793051590329267
zhen,03,Lan-Bridge vs JDExploreAcademy,0.02,96.943,210.9224210526312,202.64917105263117,dedup,dedup,0.5403855146541774,True,0.03922413728569707,0.0005153746293695559,0.07488031266302117,mtme_BLEURT-20-refA,0.18881739590237562,0.9802219595565596,0.016390578103281928,-0.008579508438670374,0.05067792738141603,0.03830457665082043,0.009795701950308192,0.06009271069931376,0.02585228628743974,-5.164599088792078e-05,0.05066101935725793,0.0006704879784235063,-0.0415456681205096,0.03305451439450951
zhen,03,Lan-Bridge vs JDExploreAcademy,0.02,96.943,210.9224210526312,202.64917105263117,dedup,dedup,0.5403855146541774,True,0.03922413728569707,0.0005153746293695559,0.07488031266302117,mtme_COMET-20-refA,0.17399594684606443,0.9752672183823412,-0.001164185102384474,-0.027605926523051317,0.028003621806496067,0.030748829178721016,0.0028985314613154322,0.05393477055379662,0.008738655028098674,-0.01714169472618988,0.03568673737965229,-0.0026819519136958014,-0.04355380791871167,0.03166982575604853
zhen,03,Lan-Bridge vs JDExploreAcademy,0.02,96.943,210.9224210526312,202.64917105263117,dedup,dedup,0.5403855146541774,True,0.03922413728569707,0.0005153746293695559,0.07488031266302117,mtme_COMET-22-refA,0.24733919073320043,0.9866351677254928,0.027879262889769274,-0.002230051863146763,0.05401999998220084,0.035722744079571433,0.004805245927001312,0.05966266187577147,0.01146766255840903,-0.01996978432451562,0.043692754514124535,0.03132136699208776,-0.006088694793861476,0.07353756530992522
zhen,03,Lan-Bridge vs JDExploreAcademy,0.02,96.943,210.9224210526312,202.64917105263117,dedup,dedup,0.5403855146541774,True,0.03922413728569707,0.0005153746293695559,0.07488031266302117,mtme_COMET-QE-src,0.14267615641357634,0.922900899652606,-0.009139384474201151,-0.043356452205303306,0.020112272305959335,0.019216173550769322,-0.005610536556621854,0.043024570758483184,0.0035399248352572243,-0.02022600554335169,0.032702854394806344,0.02072682402866932,-0.00835299118152808,0.05069144772595661
zhen,03,Lan-Bridge vs JDExploreAcademy,0.02,96.943,210.9224210526312,202.64917105263117,dedup,dedup,0.5403855146541774,True,0.03922413728569707,0.0005153746293695559,0.07488031266302117,mtme_COMETKiwi-src,0.16616406485253765,0.959377087982424,-0.0023526324574734137,-0.027522249330391907,0.02509389815220937,0.015384201642533069,-0.0068635353397401835,0.04111500117799927,0.008317448253318038,-0.016915270010949782,0.03947182396687901,0.009845586630540581,-0.02074932087118748,0.04625986204310514
zhen,03,Lan-Bridge vs JDExploreAcademy,0.02,96.943,210.9224210526312,202.64917105263117,dedup,dedup,0.5403855146541774,True,0.03922413728569707,0.0005153746293695559,0.07488031266302117,mtme_Cross-QE-src,0.09814515549255387,0.966162403744368,-0.020838377383175954,-0.05375350046217405,0.0029731915717168753,-0.003519577897556081,-0.02288858676667031,0.021190767819060305,-0.01820278330381342,-0.038500272587133816,0.005268757317011971,-0.009210387493086447,-0.036177125063272114,0.008653820821579452
zhen,03,Lan-Bridge vs JDExploreAcademy,0.02,96.943,210.9224210526312,202.64917105263117,dedup,dedup,0.5403855146541774,True,0.03922413728569707,0.0005153746293695559,0.07488031266302117,mtme_HWTSC-TLM-src,0.0331803043095389,0.498241633134339,-0.004834599995926947,-0.022019391634106655,0.010268901796674184,0.02365639496824934,0.005774143255967007,0.04297424058790982,0.0119503566858018,-0.00504057387686222,0.030304510268984022,4.6778231052591046e-05,-0.013156323162199795,0.013045752317365749
zhen,03,Lan-Bridge vs JDExploreAcademy,0.02,96.943,210.9224210526312,202.64917105263117,dedup,dedup,0.5403855146541774,True,0.03922413728569707,0.0005153746293695559,0.07488031266302117,mtme_HWTSC-Teacher-Sim-src,0.0391395134447977,0.3949247735620734,0.0015508096462493182,-0.01788545529796954,0.02231013162957616,0.03349035707682768,0.009340771116703662,0.051562674109233,0.025427275064370702,0.0012451372026408476,0.04545710522203096,-0.00280990763476896,-0.018854186347082986,0.01306179565768046
zhen,03,Lan-Bridge vs JDExploreAcademy,0.02,96.943,210.9224210526312,202.64917105263117,dedup,dedup,0.5403855146541774,True,0.03922413728569707,0.0005153746293695559,0.07488031266302117,mtme_KG-BERTScore-src,0.05286414902561414,0.679795467170797,-0.012717853719385053,-0.029710457652593485,0.009023970998178208,0.01721436686348221,2.9788832733874064e-05,0.03716737680263872,0.010528783820917043,-0.008892817805973051,0.028798831474715635,0.0029934384548530035,-0.017215393681821844,0.020556756542354945
zhen,03,Lan-Bridge vs JDExploreAcademy,0.02,96.943,210.9224210526312,202.64917105263117,dedup,dedup,0.5403855146541774,True,0.03922413728569707,0.0005153746293695559,0.07488031266302117,mtme_MATESE-QE-src,0.10372092766115401,0.9351848265501388,0.01359189308862796,-0.015915063813357683,0.03368352996558632,0.01863991910975471,-0.007895563432347362,0.04147060251746297,0.01663708588496049,-0.009550072019769,0.038149514699856835,0.004103386427954159,-0.01903879798855751,0.03477222078418071
zhen,03,Lan-Bridge vs JDExploreAcademy,0.02,96.943,210.9224210526312,202.64917105263117,dedup,dedup,0.5403855146541774,True,0.03922413728569707,0.0005153746293695559,0.07488031266302117,mtme_MATESE-refA,0.16651653540687825,0.9674894649743352,-0.02318338357415395,-0.05068903033406775,0.010732445521346067,0.02321931468974825,0.00079154357258966,0.051231708947910536,-0.01962800122732622,-0.05111777215553567,0.01441640552274082,0.012251643969382164,-0.02153113092629375,0.04058381692411772
zhen,03,Lan-Bridge vs JDExploreAcademy,0.02,96.943,210.9224210526312,202.64917105263117,dedup,dedup,0.5403855146541774,True,0.03922413728569707,0.0005153746293695559,0.07488031266302117,mtme_MEE-refA,0.09485892249735925,0.8976609341086564,-0.020368374174605908,-0.04280551689483798,-0.0009805138285338968,-0.011452332518802955,-0.03366660873436126,0.006623345588701444,-0.018496875891204967,-0.04244563294907463,0.0016854462588077215,-0.008584134822356981,-0.03916188106140054,0.017944451772490932
zhen,03,Lan-Bridge vs JDExploreAcademy,0.02,96.943,210.9224210526312,202.64917105263117,dedup,dedup,0.5403855146541774,True,0.03922413728569707,0.0005153746293695559,0.07488031266302117,mtme_MEE2-refA,0.12020641392219433,0.9352238472927537,-0.020368374174605686,-0.04202392664707778,0.0030557238083038204,0.006924003923050481,-0.017195944419905573,0.030752802172477417,-0.006676976359735853,-0.02927661222671524,0.016196574833419027,-0.005593925250646503,-0.03664876554333889,0.02186155158262863
zhen,03,Lan-Bridge vs JDExploreAcademy,0.02,96.943,210.9224210526312,202.64917105263117,dedup,dedup,0.5403855146541774,True,0.03922413728569707,0.0005153746293695559,0.07488031266302117,mtme_MEE4-refA,0.13849005993057995,0.9593140488993936,-0.008839254795572904,-0.030810474217863936,0.018235307573149527,0.01934876144976505,-0.0043611362913080765,0.041601115387562664,0.007805771009306461,-0.015820039676094577,0.029725945863089607,-0.008086906025480456,-0.04015018194075313,0.026710795741210935
zhen,03,Lan-Bridge vs JDExploreAcademy,0.02,96.943,210.9224210526312,202.64917105263117,dedup,dedup,0.5403855146541774,True,0.03922413728569707,0.0005153746293695559,0.07488031266302117,mtme_MS-COMET-22-refA,0.1905711686244545,0.98746083650136,0.015533837792673588,-0.012731718154643011,0.04577131519272258,0.04416129507969235,0.012798044734388891,0.06679575129359049,0.01110010152075247,-0.01925835977563532,0.04226788102838814,0.027687209461975226,-0.00631229438293055,0.05804425804116925
zhen,03,Lan-Bridge vs JDExploreAcademy,0.02,96.943,210.9224210526312,202.64917105263117,dedup,dedup,0.5403855146541774,True,0.03922413728569707,0.0005153746293695559,0.07488031266302117,mtme_MS-COMET-QE-22-src,0.12981541292090082,0.9490970977882788,0.0020896052262030507,-0.020415537513557156,0.025921151864126354,0.025617012217526547,0.003853778735156058,0.04556075795887069,0.01693621032762438,-0.008083550200993817,0.038450308323322295,0.026149031158532177,-0.0025490598675782794,0.05740357288536312
zhen,03,Lan-Bridge vs JDExploreAcademy,0.02,96.943,210.9224210526312,202.64917105263117,dedup,dedup,0.5403855146541774,True,0.03922413728569707,0.0005153746293695559,0.07488031266302117,mtme_REUSE-src,-0.000831877326200035,-0.0713802384978524,0.0033065400705819536,-0.015638570121657352,0.020647639703422413,0.019384586524460734,0.003914642274604122,0.03599621670365894,0.016053713692276372,-0.0014368269180064389,0.03533888660695617,0.0,0.0,0.0
zhen,03,Lan-Bridge vs JDExploreAcademy,0.02,96.943,210.9224210526312,202.64917105263117,dedup,dedup,0.5403855146541774,True,0.03922413728569707,0.0005153746293695559,0.07488031266302117,mtme_SEScore-refA,0.11139041227815684,0.93964771879046,-0.014788751963224822,-0.03583427008995975,0.010677630330859,0.02375104545614548,0.001408543066810214,0.04317541082533116,0.009740125681423462,-0.011925577372044093,0.030077715666894964,-0.006908941342889996,-0.03261889472667007,0.017852441438542994
zhen,03,Lan-Bridge vs JDExploreAcademy,0.02,96.943,210.9224210526312,202.64917105263117,dedup,dedup,0.5403855146541774,True,0.03922413728569707,0.0005153746293695559,0.07488031266302117,mtme_UniTE-ref-refA,0.24523733080812693,0.975743491343244,0.04200002040135142,0.008776994631646667,0.07185722942596541,0.04700890500297483,0.011412252640847824,0.07879008771298195,0.03571154156853351,-0.0010414204560702464,0.06535170949193835,0.03545205185916378,-0.001507201925127954,0.06974768468541592
zhen,03,Lan-Bridge vs JDExploreAcademy,0.02,96.943,210.9224210526312,202.64917105263117,dedup,dedup,0.5403855146541774,True,0.03922413728569707,0.0005153746293695559,0.07488031266302117,mtme_UniTE-refA,0.241998151290303,0.9824419355235168,0.02600397614830474,-0.006219439398844084,0.05497261503868965,0.03738071571318757,0.0053268832223278915,0.0646720879295311,0.02091153081926167,-0.01305828657559706,0.04918797502727968,0.024137567223260326,-0.009276704057856593,0.06316076051348295
zhen,03,Lan-Bridge vs JDExploreAcademy,0.02,96.943,210.9224210526312,202.64917105263117,dedup,dedup,0.5403855146541774,True,0.03922413728569707,0.0005153746293695559,0.07488031266302117,mtme_UniTE-src-src,0.18728739063280286,0.9607040026515832,-0.007403909875559167,-0.029649631086050215,0.018001507075859773,0.01478579741359387,-0.01038296644958236,0.03869776107301771,-0.011144561206416492,-0.035079729359244624,0.01372525982052811,0.015860304126788405,-0.012636035710767874,0.0519748451937164
zhen,03,Lan-Bridge vs JDExploreAcademy,0.02,96.943,210.9224210526312,202.64917105263117,dedup,dedup,0.5403855146541774,True,0.03922413728569707,0.0005153746293695559,0.07488031266302117,mtme_YiSi-1-refA,0.15126111375630358,0.9604473082422414,-0.026916786954880534,-0.05580120016511403,0.0057102690809902835,0.003760190338012892,-0.021870737651377047,0.027886083529934835,-0.014466718212135632,-0.04019276061004011,0.01565006495801262,-0.0046524700182239975,-0.03851391384936586,0.030543341644260567
zhen,03,Lan-Bridge vs JDExploreAcademy,0.02,96.943,210.9224210526312,202.64917105263117,dedup,dedup,0.5403855146541774,True,0.03922413728569707,0.0005153746293695559,0.07488031266302117,mtme_chrF-refA,0.10380284438652831,0.9157360845392822,-0.018456589235397836,-0.04111821175082275,0.004004968639592031,-0.0006250955804880665,-0.022989696742708603,0.018514106973883872,-0.008427613130845613,-0.0299727056036668,0.015070675026182413,-0.011358855163887682,-0.042980598258955685,0.01589227720993851
zhen,03,Lan-Bridge vs JDExploreAcademy,0.02,96.943,210.9224210526312,202.64917105263117,dedup,dedup,0.5403855146541774,True,0.03922413728569707,0.0005153746293695559,0.07488031266302117,mtme_f101spBLEU-refA,0.05760385323653022,0.8645720481576694,-0.014544421372758132,-0.03341629144564552,0.0053030826654023805,-0.0021453280322352164,-0.016129015439495607,0.016216607359632623,-0.009823954364944987,-0.026436279283519708,0.009397791939836439,-0.008205036340281469,-0.03232436365795467,0.008350037859399872
zhen,03,Lan-Bridge vs JDExploreAcademy,0.02,96.943,210.9224210526312,202.64917105263117,dedup,dedup,0.5403855146541774,True,0.03922413728569707,0.0005153746293695559,0.07488031266302117,mtme_f200spBLEU-refA,0.06275245926076403,0.8696321738056851,-0.012026838968591136,-0.028756558000481915,0.005402353342223853,0.0037701342970117846,-0.012530309764036796,0.02161809751207672,-0.007245462709063899,-0.024621290594736278,0.014013701487223449,-0.013414583222999266,-0.04006388448433004,0.004961819003064055
zhen,03,Lan-Bridge vs JDExploreAcademy,0.02,96.943,210.9224210526312,202.64917105263117,dedup,dedup,0.5403855146541774,True,0.03922413728569707,0.0005153746293695559,0.07488031266302117,mtme_metricx_xl_DA_2019-refA,0.23423283303902034,0.9937925634685278,0.03032249361579109,0.001987488326082807,0.06102626091475832,0.04515012957064113,0.016106906985788583,0.0699788884372995,0.018852882707520724,-0.006176081424979806,0.05198455192509967,0.02233923853940789,-0.0085728692514683,0.06230640493886398
zhen,03,Lan-Bridge vs JDExploreAcademy,0.02,96.943,210.9224210526312,202.64917105263117,dedup,dedup,0.5403855146541774,True,0.03922413728569707,0.0005153746293695559,0.07488031266302117,mtme_metricx_xl_MQM_2020-refA,0.25434725449628615,0.9880707146931909,0.009751491055614347,-0.02112838959741024,0.04339516612831072,0.03427332233697533,0.0035307932629933154,0.064331532882731,0.015628962079700326,-0.013724000721982023,0.04946817862894354,0.04645991089517798,0.007608969260129039,0.0885247236396835
zhen,03,Lan-Bridge vs JDExploreAcademy,0.02,96.943,210.9224210526312,202.64917105263117,dedup,dedup,0.5403855146541774,True,0.03922413728569707,0.0005153746293695559,0.07488031266302117,mtme_metricx_xxl_DA_2019-refA,0.20966410785037143,0.9945880252964706,0.013692162098636329,-0.012890514248763472,0.046911580376346934,0.03841186372744887,0.006450114694846374,0.06419298542127523,0.017350625977331724,-0.011578512078759417,0.04915714659314276,0.030511924764614284,-0.0025483174318232248,0.06883875585323142
zhen,03,Lan-Bridge vs JDExploreAcademy,0.02,96.943,210.9224210526312,202.64917105263117,dedup,dedup,0.5403855146541774,True,0.03922413728569707,0.0005153746293695559,0.07488031266302117,mtme_metricx_xxl_MQM_2020-refA,0.2516411566738841,0.9848440687329651,0.008616043466946999,-0.020258372229361075,0.04138721271670795,0.028397523952864323,-0.0025622676421954036,0.060000046704094506,0.010753889836780162,-0.020194235478858968,0.05163690824837084,0.04373832892828022,0.005969631367342925,0.08083948635435334
zhen,04,Lan-Bridge vs Online-G,0.01,97.8145,274.22218837209294,268.1467374429224,dedup,dedup,0.6433020224195892,True,0.022155212768292576,0.006959826378898979,0.04380764732313843,mtme_BERTScore-refA,0.19341280780621609,0.9400920205176692,0.007884230354493593,-0.01074053233711691,0.02594332661066381,0.03543617954893463,0.014855325152140051,0.059208044764461294,0.015419450161118453,-0.006128747979428628,0.04092591275928117,0.011849841073684142,-0.007967458243798091,0.03139395094198297
zhen,04,Lan-Bridge vs Online-G,0.01,97.8145,274.22218837209294,268.1467374429224,dedup,dedup,0.6433020224195892,True,0.022155212768292576,0.006959826378898979,0.04380764732313843,mtme_BLEU-refA,0.09119430138635574,0.8293746844592913,-0.008619454261697745,-0.022264119900519012,0.0019040206035655025,0.009288060927117314,-0.002379687208886488,0.023090897275858023,-0.0025292607099962616,-0.015427644602118639,0.00954897968897901,0.005013293051211676,-0.0058516164885268505,0.01624342413897712
zhen,04,Lan-Bridge vs Online-G,0.01,97.8145,274.22218837209294,268.1467374429224,dedup,dedup,0.6433020224195892,True,0.022155212768292576,0.006959826378898979,0.04380764732313843,mtme_BLEURT-20-refA,0.2058656984444829,0.9802219595565596,0.016024739550984046,-0.00303789340115323,0.035585292822525684,0.03866319596345025,0.018261834611206347,0.06258684246656651,0.01798714549621583,-0.00032906209696113495,0.03754765285320045,0.021555603196902307,0.0038323829316040735,0.046208664041326696
zhen,04,Lan-Bridge vs Online-G,0.01,97.8145,274.22218837209294,268.1467374429224,dedup,dedup,0.6433020224195892,True,0.022155212768292576,0.006959826378898979,0.04380764732313843,mtme_COMET-20-refA,0.19652335484454886,0.9752672183823412,0.005818277521268067,-0.01488089586831189,0.03242052387828987,0.019787517923034126,0.0003051391995107459,0.04136936924212504,0.00837435129691022,-0.010935342084477296,0.029601679978405196,0.027942448588576974,0.005583442103687936,0.060049158536310876
zhen,04,Lan-Bridge vs Online-G,0.01,97.8145,274.22218837209294,268.1467374429224,dedup,dedup,0.6433020224195892,True,0.022155212768292576,0.006959826378898979,0.04380764732313843,mtme_COMET-22-refA,0.2792198799480159,0.9866351677254928,0.024093616060019363,-0.0010808251413570887,0.04748777519216069,0.05182760548282961,0.026479187596202956,0.08211742615616952,0.03842050697693655,0.012666133891079928,0.0655239188347685,0.0470548510535288,0.021733085247077188,0.08022251392706714
zhen,04,Lan-Bridge vs Online-G,0.01,97.8145,274.22218837209294,268.1467374429224,dedup,dedup,0.6433020224195892,True,0.022155212768292576,0.006959826378898979,0.04380764732313843,mtme_COMET-QE-src,0.1712174485017508,0.922900899652606,0.012261961178933634,-0.005798353069831247,0.03368654272330487,0.02552884642498854,0.008783758254747549,0.04507858480626071,0.02257476116158985,0.006113540729995459,0.04005852170101487,0.016379228356568465,-0.0006353048796224222,0.04269904655330235
zhen,04,Lan-Bridge vs Online-G,0.01,97.8145,274.22218837209294,268.1467374429224,dedup,dedup,0.6433020224195892,True,0.022155212768292576,0.006959826378898979,0.04380764732313843,mtme_COMETKiwi-src,0.21537928917153915,0.959377087982424,0.016042572623837237,-0.0029342623975205317,0.03913361222524472,0.030194627644580807,0.007453706425425641,0.051700005255213365,0.028083628683533313,0.008697228522268766,0.05334977554905384,0.012300355089862713,-0.00598290060986391,0.03371431042577967
zhen,04,Lan-Bridge vs Online-G,0.01,97.8145,274.22218837209294,268.1467374429224,dedup,dedup,0.6433020224195892,True,0.022155212768292576,0.006959826378898979,0.04380764732313843,mtme_Cross-QE-src,0.20616113924771706,0.966162403744368,0.0022278855201330883,-0.019322678384305663,0.028109364846087836,0.019335532532998134,0.0015452490733302102,0.043579928868847914,0.015691400325832272,-0.004856170544208777,0.037336503077761485,0.007018103366433381,-0.010747453851508458,0.028922556647390896
zhen,04,Lan-Bridge vs Online-G,0.01,97.8145,274.22218837209294,268.1467374429224,dedup,dedup,0.6433020224195892,True,0.022155212768292576,0.006959826378898979,0.04380764732313843,mtme_HWTSC-TLM-src,0.04363402987856898,0.498241633134339,-0.010656779814463002,-0.02598922847585647,0.0010641014626754787,0.005806552412205401,-0.00508275320670028,0.016714942552146242,-0.006574632209957132,-0.021204455922418347,0.004907260407604541,-0.004341632109272631,-0.012722136620343681,0.004409331051479304
zhen,04,Lan-Bridge vs Online-G,0.01,97.8145,274.22218837209294,268.1467374429224,dedup,dedup,0.6433020224195892,True,0.022155212768292576,0.006959826378898979,0.04380764732313843,mtme_HWTSC-Teacher-Sim-src,0.05877520239857649,0.3949247735620734,-0.01330182697153015,-0.03005651914371984,0.000822034916473054,0.004736404434833252,-0.006185063545373264,0.015671977245373923,-0.002351242757347549,-0.01529524882038053,0.012176409772962124,-0.00897306799745845,-0.01915583863660241,0.0012797108903904748
zhen,04,Lan-Bridge vs Online-G,0.01,97.8145,274.22218837209294,268.1467374429224,dedup,dedup,0.6433020224195892,True,0.022155212768292576,0.006959826378898979,0.04380764732313843,mtme_KG-BERTScore-src,0.05428254791872534,0.679795467170797,-0.009850804870511931,-0.02508921677383913,0.003204914084619292,0.010930425072552485,-0.0012838828047536054,0.025408453569947587,0.0013510652513374355,-0.012347045691196977,0.015970365096064962,-0.0017030804145263811,-0.011807027058457048,0.009721887377976883
zhen,04,Lan-Bridge vs Online-G,0.01,97.8145,274.22218837209294,268.1467374429224,dedup,dedup,0.6433020224195892,True,0.022155212768292576,0.006959826378898979,0.04380764732313843,mtme_MATESE-QE-src,0.16140201572085472,0.9351848265501388,0.01660930391345916,-0.0026651752905434197,0.03221300641145443,0.03652061068353374,0.019698722995549468,0.06017434112528195,0.020567679307988862,0.003186283211184255,0.03847888921708144,0.017040312909755273,-0.0024300838653748377,0.047423275142893656
zhen,04,Lan-Bridge vs Online-G,0.01,97.8145,274.22218837209294,268.1467374429224,dedup,dedup,0.6433020224195892,True,0.022155212768292576,0.006959826378898979,0.04380764732313843,mtme_MATESE-refA,0.18227785277927916,0.9674894649743352,0.009076638893683375,-0.009527868466483912,0.033936891748174054,0.032860520724767306,0.014226166716330032,0.05958085703664988,0.018488915959616214,-7.573143408501337e-05,0.04502740870043871,0.03353093830629239,0.013503962214129852,0.06292621479935798
zhen,04,Lan-Bridge vs Online-G,0.01,97.8145,274.22218837209294,268.1467374429224,dedup,dedup,0.6433020224195892,True,0.022155212768292576,0.006959826378898979,0.04380764732313843,mtme_MEE-refA,0.11152660772245636,0.8976609341086564,0.003332554400001242,-0.011420798455221903,0.019188971941442166,0.014465545454920292,0.00021731605766324164,0.03396076938086413,0.00954742863355773,-0.0056991054767741465,0.029142443788070124,0.003868954419956938,-0.012545543677975411,0.02149266201333571
zhen,04,Lan-Bridge vs Online-G,0.01,97.8145,274.22218837209294,268.1467374429224,dedup,dedup,0.6433020224195892,True,0.022155212768292576,0.006959826378898979,0.04380764732313843,mtme_MEE2-refA,0.1362456755470995,0.9352238472927537,0.003187025105165664,-0.012837850669042583,0.016441462825456464,0.017491775166277312,0.0002014987138713012,0.032481766739678064,0.011991547442716133,-0.004399221564111704,0.029131276222250986,0.00147930610174829,-0.010914627372673224,0.01883841006990254
zhen,04,Lan-Bridge vs Online-G,0.01,97.8145,274.22218837209294,268.1467374429224,dedup,dedup,0.6433020224195892,True,0.022155212768292576,0.006959826378898979,0.04380764732313843,mtme_MEE4-refA,0.1575605099937754,0.9593140488993936,0.003187025105165664,-0.012796508418365998,0.016892876260975753,0.016974225682248933,-0.0010581533402484356,0.03738618753472873,0.006656989228900678,-0.01050941609441181,0.02183557804154889,0.007737908839913765,-0.007588440077786734,0.029166131915103685
zhen,04,Lan-Bridge vs Online-G,0.01,97.8145,274.22218837209294,268.1467374429224,dedup,dedup,0.6433020224195892,True,0.022155212768292576,0.006959826378898979,0.04380764732313843,mtme_MS-COMET-22-refA,0.18433382889896538,0.98746083650136,0.015084044957971332,-0.00434168508461249,0.036540138217417716,0.027591168392972376,0.012080289444766999,0.051403145219047645,0.017408749986680405,-0.0011632491910357808,0.03664748942922538,0.0264156198328086,0.008123411491909694,0.05061062883686068
zhen,04,Lan-Bridge vs Online-G,0.01,97.8145,274.22218837209294,268.1467374429224,dedup,dedup,0.6433020224195892,True,0.022155212768292576,0.006959826378898979,0.04380764732313843,mtme_MS-COMET-QE-22-src,0.17227314444179617,0.9490970977882788,-0.0009674897640681301,-0.01975616343422046,0.021314694083495494,0.005272261761682495,-0.013682802706438946,0.02211122230655697,0.003187025105165664,-0.017576108864054456,0.027939866510578434,0.0113840438953704,-0.005553731290367336,0.03869844025567139
zhen,04,Lan-Bridge vs Online-G,0.01,97.8145,274.22218837209294,268.1467374429224,dedup,dedup,0.6433020224195892,True,0.022155212768292576,0.006959826378898979,0.04380764732313843,mtme_REUSE-src,-0.019927984493760816,-0.0713802384978524,-0.006968063491933352,-0.018189770011728102,0.0023816070830502967,-0.0023942928504716576,-0.011221730265865459,0.004737259429181551,-0.0003784426183053302,-0.009085158237685326,0.008688691515468238,0.0,0.0,0.0
zhen,04,Lan-Bridge vs Online-G,0.01,97.8145,274.22218837209294,268.1467374429224,dedup,dedup,0.6433020224195892,True,0.022155212768292576,0.006959826378898979,0.04380764732313843,mtme_SEScore-refA,0.15666529382779143,0.93964771879046,0.016121221047703305,-0.0009603190213210821,0.038483942431440925,0.031075853039184698,0.012594199469570992,0.04918057488398006,0.021693500431752444,0.0039134239152436275,0.04200958226172639,0.001785671270749467,-0.01534040728406535,0.020231481216700747
zhen,04,Lan-Bridge vs Online-G,0.01,97.8145,274.22218837209294,268.1467374429224,dedup,dedup,0.6433020224195892,True,0.022155212768292576,0.006959826378898979,0.04380764732313843,mtme_UniTE-ref-refA,0.25117884093978216,0.975743491343244,0.018409519864510338,-0.003996668282343629,0.047315321309563486,0.03670818796086994,0.011659436010322738,0.06822066215933725,0.03013820276524337,0.006166458075661119,0.059075830813155296,0.029924803854831872,0.009741930252170789,0.058776039025586604
zhen,04,Lan-Bridge vs Online-G,0.01,97.8145,274.22218837209294,268.1467374429224,dedup,dedup,0.6433020224195892,True,0.022155212768292576,0.006959826378898979,0.04380764732313843,mtme_UniTE-refA,0.25659355393818734,0.9824419355235168,0.018598646399479613,-0.004558589186361216,0.047886149068195674,0.03649116282897569,0.011536045589649813,0.07411387382025898,0.021041777380384152,-0.00418983452513108,0.04988647835467965,0.0290366983235143,0.009317488785276391,0.059276744790472645
zhen,04,Lan-Bridge vs Online-G,0.01,97.8145,274.22218837209294,268.1467374429224,dedup,dedup,0.6433020224195892,True,0.022155212768292576,0.006959826378898979,0.04380764732313843,mtme_UniTE-src-src,0.21783202067635238,0.9607040026515832,0.014465545454920292,-0.0062929129328624595,0.0354167143688061,0.033935089053333534,0.013585513835699703,0.06060300870503244,0.02426280988353191,0.0021766563313940445,0.04758918056327985,0.007018103366433381,-0.014251801473565367,0.03256908838618269
zhen,04,Lan-Bridge vs Online-G,0.01,97.8145,274.22218837209294,268.1467374429224,dedup,dedup,0.6433020224195892,True,0.022155212768292576,0.006959826378898979,0.04380764732313843,mtme_YiSi-1-refA,0.21271815097898072,0.9604473082422414,0.01606109489757379,-0.0024494764501369944,0.03708835743607866,0.039510293448031586,0.018312209919531666,0.06462379018086865,0.023305562742430785,0.002578120217749483,0.04483494573204675,0.014522331282491807,-0.004306777113626215,0.036642302112183535
zhen,04,Lan-Bridge vs Online-G,0.01,97.8145,274.22218837209294,268.1467374429224,dedup,dedup,0.6433020224195892,True,0.022155212768292576,0.006959826378898979,0.04380764732313843,mtme_chrF-refA,0.13847134290807392,0.9157360845392822,0.0006376637081357828,-0.017757176842317774,0.019123654011286545,0.013787574845806727,-0.0012345054085315722,0.033740308833165415,0.007665010249124471,-0.007901570517865523,0.0250311565517723,0.008519515793440346,-0.003130106275080396,0.02688330747782519
zhen,04,Lan-Bridge vs Online-G,0.01,97.8145,274.22218837209294,268.1467374429224,dedup,dedup,0.6433020224195892,True,0.022155212768292576,0.006959826378898979,0.04380764732313843,mtme_f101spBLEU-refA,0.10026510010849257,0.8645720481576694,-0.007388103652884004,-0.0234704318778159,0.007976214434603805,0.009064719437206437,-0.0029834612726324745,0.021774150022805396,0.0005926594051768319,-0.012660441343308647,0.01430079529452961,0.0057838914560971455,-0.006034085590491233,0.020561845161667452
zhen,04,Lan-Bridge vs Online-G,0.01,97.8145,274.22218837209294,268.1467374429224,dedup,dedup,0.6433020224195892,True,0.022155212768292576,0.006959826378898979,0.04380764732313843,mtme_f200spBLEU-refA,0.10043517990964959,0.8696321738056851,-0.0036427455510747997,-0.019241024795918438,0.010684299356639152,0.00939110064322124,-0.003527118716096694,0.02341813882344022,0.0025995179519406886,-0.009385965795975082,0.01580363843655969,0.010880206845969909,-0.0011222716130511342,0.02508551054141373
zhen,04,Lan-Bridge vs Online-G,0.01,97.8145,274.22218837209294,268.1467374429224,dedup,dedup,0.6433020224195892,True,0.022155212768292576,0.006959826378898979,0.04380764732313843,mtme_metricx_xl_DA_2019-refA,0.2655574064173157,0.9937925634685278,0.024534948579359228,0.002669984460534667,0.05252470257986212,0.0484772377535414,0.02538399580004455,0.07729068060453378,0.030783765220349868,0.006897200522049915,0.05437988117247931,0.039756841970590595,0.019589406969001355,0.06543163573195754
zhen,04,Lan-Bridge vs Online-G,0.01,97.8145,274.22218837209294,268.1467374429224,dedup,dedup,0.6433020224195892,True,0.022155212768292576,0.006959826378898979,0.04380764732313843,mtme_metricx_xl_MQM_2020-refA,0.2906593918944953,0.9880707146931909,0.04091651485643133,0.014578680535366506,0.06834724039144904,0.06477597921014422,0.03881952378554715,0.09331422175602529,0.0352779112211824,0.00669422306103677,0.0640694319932562,0.04442940146110019,0.0213736623031002,0.07573119851461195
zhen,04,Lan-Bridge vs Online-G,0.01,97.8145,274.22218837209294,268.1467374429224,dedup,dedup,0.6433020224195892,True,0.022155212768292576,0.006959826378898979,0.04380764732313843,mtme_metricx_xxl_DA_2019-refA,0.2551317049034666,0.9945880252964706,0.028567334124484534,0.0040221996350960415,0.049853595405779196,0.04863548544208551,0.025681458797438415,0.07962024590045974,0.03269735062593904,0.010996027413579287,0.05909701817607134,0.03505896137894504,0.013639394388826404,0.06320256959274465
zhen,04,Lan-Bridge vs Online-G,0.01,97.8145,274.22218837209294,268.1467374429224,dedup,dedup,0.6433020224195892,True,0.022155212768292576,0.006959826378898979,0.04380764732313843,mtme_metricx_xxl_MQM_2020-refA,0.29364335718428136,0.9848440687329651,0.051175677575405754,0.024154766212441225,0.07974977857866387,0.07088808863755947,0.04395969722019397,0.10362475813768846,0.05738455999016967,0.029043102303727024,0.08761948576240985,0.04604248245043119,0.020162404801914568,0.08168068323672315
zhen,04,Lan-Bridge vs Online-G,0.02,97.8145,181.19224647887305,175.24856896551722,dedup,dedup,0.4601617789897807,True,0.032803155923390226,0.015672222405466212,0.06449084013854578,mtme_BERTScore-refA,0.19341280780621609,0.9400920205176692,0.010099755508090169,-0.0105326127499961,0.03605351238696587,0.032130545525423604,0.01117075346405491,0.0672122535803462,0.010205069375366915,-0.013419548183531502,0.03487023694171605,0.010726662033669121,-0.00574820845723703,0.03126530504752663
zhen,04,Lan-Bridge vs Online-G,0.02,97.8145,181.19224647887305,175.24856896551722,dedup,dedup,0.4601617789897807,True,0.032803155923390226,0.015672222405466212,0.06449084013854578,mtme_BLEU-refA,0.09119430138635574,0.8293746844592913,-0.005856531946368593,-0.022243937381136746,0.007938280515585722,0.014172456773799968,0.0014267699080170921,0.03067251260284904,-0.0025659332636860377,-0.02338827219967946,0.01146542875767825,0.005442283369195278,-0.006530034547320967,0.02069426113625274
zhen,04,Lan-Bridge vs Online-G,0.02,97.8145,181.19224647887305,175.24856896551722,dedup,dedup,0.4601617789897807,True,0.032803155923390226,0.015672222405466212,0.06449084013854578,mtme_BLEURT-20-refA,0.2058656984444829,0.9802219595565596,0.02280181604775411,-0.003334608201609762,0.052148405670594596,0.05481623027673477,0.029704628885611394,0.08348902151542668,0.03444600875927484,0.012168178643378541,0.0651468067294936,0.02899475116600958,0.007942356125201638,0.05461066611788591
zhen,04,Lan-Bridge vs Online-G,0.02,97.8145,181.19224647887305,175.24856896551722,dedup,dedup,0.4601617789897807,True,0.032803155923390226,0.015672222405466212,0.06449084013854578,mtme_COMET-20-refA,0.19652335484454886,0.9752672183823412,0.01930198864710686,-0.003642409398316937,0.046529957185217484,0.04190602324579584,0.016399138169815974,0.07058549888625405,0.026079939444137112,0.003666031758401609,0.056890648488727553,0.014178336480866971,-0.0069410281906153275,0.032630690845692985
zhen,04,Lan-Bridge vs Online-G,0.02,97.8145,181.19224647887305,175.24856896551722,dedup,dedup,0.4601617789897807,True,0.032803155923390226,0.015672222405466212,0.06449084013854578,mtme_COMET-22-refA,0.2792198799480159,0.9866351677254928,0.027070223161480667,-0.003463530734132008,0.06218643962432524,0.06048400677251442,0.024303451931267362,0.09095006450554093,0.02526525531213686,-0.0031521182922678455,0.06144344983266421,0.046111431144735815,0.02159206143087367,0.07741903380233886
zhen,04,Lan-Bridge vs Online-G,0.02,97.8145,181.19224647887305,175.24856896551722,dedup,dedup,0.4601617789897807,True,0.032803155923390226,0.015672222405466212,0.06449084013854578,mtme_COMET-QE-src,0.1712174485017508,0.922900899652606,-0.0028517936782685993,-0.02641635947967887,0.020465921115834073,0.01417245677380019,-0.0036894920332198873,0.038482730568697956,-0.0013957722580260068,-0.026709990532557164,0.026597691546576693,0.013095858695650997,-0.004107338686090239,0.03294997994050067
zhen,04,Lan-Bridge vs Online-G,0.02,97.8145,181.19224647887305,175.24856896551722,dedup,dedup,0.4601617789897807,True,0.032803155923390226,0.015672222405466212,0.06449084013854578,mtme_COMETKiwi-src,0.21537928917153915,0.959377087982424,0.023326575444513886,0.0031079727447293265,0.05511706320411469,0.045597215375078326,0.022933046747669522,0.07396014623402045,0.01631261477939172,-0.006169375616947724,0.045475100176496745,0.0180063165816583,0.00027759592623441415,0.03874591249445478
zhen,04,Lan-Bridge vs Online-G,0.02,97.8145,181.19224647887305,175.24856896551722,dedup,dedup,0.4601617789897807,True,0.032803155923390226,0.015672222405466212,0.06449084013854578,mtme_Cross-QE-src,0.20616113924771706,0.966162403744368,-0.007623063870756175,-0.034641161603415446,0.01104351723827398,0.013255661064147994,-0.006858765890304935,0.03832343636779111,0.0013391868962139286,-0.02143962897822757,0.02457830615743022,0.029129606829687904,0.011289736278477444,0.05534530409238385
zhen,04,Lan-Bridge vs Online-G,0.02,97.8145,181.19224647887305,175.24856896551722,dedup,dedup,0.4601617789897807,True,0.032803155923390226,0.015672222405466212,0.06449084013854578,mtme_HWTSC-TLM-src,0.04363402987856898,0.498241633134339,-0.00602111566603214,-0.02617354601794312,0.008652329803150968,0.012901225544131867,9.25169834201491e-05,0.029057200520939824,-0.004296796417891491,-0.02346136742652654,0.0076853222661867416,0.0016525221090830655,-0.006577269017838588,0.012330107944506005
zhen,04,Lan-Bridge vs Online-G,0.02,97.8145,181.19224647887305,175.24856896551722,dedup,dedup,0.4601617789897807,True,0.032803155923390226,0.015672222405466212,0.06449084013854578,mtme_HWTSC-Teacher-Sim-src,0.05877520239857649,0.3949247735620734,-0.011442342822263196,-0.030106829516106357,-0.0005130517435117974,0.004262358293325885,-0.006632937425981916,0.020070948433944406,-0.009297827902967848,-0.02697864517236057,0.0023990627829108407,0.0037490793579215698,-0.005516396348981828,0.014413823063482567
zhen,04,Lan-Bridge vs Online-G,0.02,97.8145,181.19224647887305,175.24856896551722,dedup,dedup,0.4601617789897807,True,0.032803155923390226,0.015672222405466212,0.06449084013854578,mtme_KG-BERTScore-src,0.05428254791872534,0.679795467170797,-0.011329346403579743,-0.030335290644566353,0.0032951001659039998,0.002808900040730311,-0.010931207967955268,0.01820580070870961,-0.006713315507579587,-0.025427073490652607,0.008824273980123629,0.002010484339643792,-0.007825337030954522,0.013318797070286343
zhen,04,Lan-Bridge vs Online-G,0.02,97.8145,181.19224647887305,175.24856896551722,dedup,dedup,0.4601617789897807,True,0.032803155923390226,0.015672222405466212,0.06449084013854578,mtme_MATESE-QE-src,0.16140201572085472,0.9351848265501388,0.00993579027946212,-0.01364704786908521,0.034587721412363576,0.024616143749316866,1.187630183387228e-05,0.05449184368826273,0.003735110242438222,-0.02266252648629816,0.028983728771367474,0.01007631540004894,-0.007773882206134113,0.026737533662587454
zhen,04,Lan-Bridge vs Online-G,0.02,97.8145,181.19224647887305,175.24856896551722,dedup,dedup,0.4601617789897807,True,0.032803155923390226,0.015672222405466212,0.06449084013854578,mtme_MATESE-refA,0.18227785277927916,0.9674894649743352,-0.012044440915794485,-0.045603496751879594,0.015235661296968295,0.026589972787280258,0.006111896673358404,0.05613260546907044,-0.005654257298537857,-0.03714167979172686,0.020719847681941798,0.011133867709947287,-0.0069550140588807985,0.03298777766873888
zhen,04,Lan-Bridge vs Online-G,0.02,97.8145,181.19224647887305,175.24856896551722,dedup,dedup,0.4601617789897807,True,0.032803155923390226,0.015672222405466212,0.06449084013854578,mtme_MEE-refA,0.11152660772245636,0.8976609341086564,-0.002254946045654238,-0.026502724574761768,0.012845423154647942,0.008578199533049502,-0.007485494036181449,0.028854234302399664,-0.005969771172291027,-0.028497066731609476,0.00824253635222198,0.004436036413924094,-0.009024794335959528,0.02032919028764229
zhen,04,Lan-Bridge vs Online-G,0.02,97.8145,181.19224647887305,175.24856896551722,dedup,dedup,0.4601617789897807,True,0.032803155923390226,0.015672222405466212,0.06449084013854578,mtme_MEE2-refA,0.1362456755470995,0.9352238472927537,-0.0002541021290254353,-0.020494770857677858,0.01719898589013179,0.02334793475390995,0.00331313801119055,0.050407642373442946,0.010670512481093297,-0.010755941674215291,0.03526192758389444,0.011034324569666687,-0.001974639020837515,0.029211892384876186
zhen,04,Lan-Bridge vs Online-G,0.02,97.8145,181.19224647887305,175.24856896551722,dedup,dedup,0.4601617789897807,True,0.032803155923390226,0.015672222405466212,0.06449084013854578,mtme_MEE4-refA,0.1575605099937754,0.9593140488993936,0.013975617096386173,-0.0025984856409464185,0.037426188123492056,0.020010542660734765,-0.0002126157617031772,0.04624244618431523,0.01482542885239757,-0.006301756808624981,0.03963308558500463,0.014550030660127944,-0.000482942304582362,0.03865703177929805
zhen,04,Lan-Bridge vs Online-G,0.02,97.8145,181.19224647887305,175.24856896551722,dedup,dedup,0.4601617789897807,True,0.032803155923390226,0.015672222405466212,0.06449084013854578,mtme_MS-COMET-22-refA,0.18433382889896538,0.98746083650136,0.02868776210299029,0.0074970661635680395,0.05864500423384509,0.04981149088097003,0.023619787642789762,0.07873793979349782,0.03493009548290105,0.012452264137413682,0.06294904631483346,0.02120339639308455,0.004886471460933577,0.03779338769530082
zhen,04,Lan-Bridge vs Online-G,0.02,97.8145,181.19224647887305,175.24856896551722,dedup,dedup,0.4601617789897807,True,0.032803155923390226,0.015672222405466212,0.06449084013854578,mtme_MS-COMET-QE-22-src,0.17227314444179617,0.9490970977882788,0.014377793127936966,-0.008029042408829562,0.03735600742012335,0.02735280526572037,0.003384256801803193,0.0526072087833616,0.01546980919311891,-0.006299750989605168,0.04212091580329664,0.022912812402953953,0.0024111202831844426,0.04887679859371451
zhen,04,Lan-Bridge vs Online-G,0.02,97.8145,181.19224647887305,175.24856896551722,dedup,dedup,0.4601617789897807,True,0.032803155923390226,0.015672222405466212,0.06449084013854578,mtme_REUSE-src,-0.019927984493760816,-0.0713802384978524,-0.0010349192672218788,-0.01381956507765879,0.012282297735453829,0.0016525523076463822,-0.009605941354371077,0.014435090264930867,-0.004594723428948955,-0.015782124479272623,0.008068032006903314,0.0,0.0,0.0
zhen,04,Lan-Bridge vs Online-G,0.02,97.8145,181.19224647887305,175.24856896551722,dedup,dedup,0.4601617789897807,True,0.032803155923390226,0.015672222405466212,0.06449084013854578,mtme_SEScore-refA,0.15666529382779143,0.93964771879046,0.00422911235720258,-0.015525243580289352,0.026531867350716838,0.0232539237090319,0.007049843379846157,0.046825115008947205,0.014210896845483711,-0.002819027741609308,0.04091236293952348,0.008240721647167937,-0.008475456733490361,0.02579072381630478
zhen,04,Lan-Bridge vs Online-G,0.02,97.8145,181.19224647887305,175.24856896551722,dedup,dedup,0.4601617789897807,True,0.032803155923390226,0.015672222405466212,0.06449084013854578,mtme_UniTE-ref-refA,0.25117884093978216,0.975743491343244,0.02034671792267484,-0.0017428568763684978,0.051870472158868385,0.04065634064403256,0.01955609595777382,0.07734647329824973,0.026017848428450008,-0.0002040944744045478,0.06048263061529804,0.02406095774218997,0.004419949131681216,0.050062115111024326
zhen,04,Lan-Bridge vs Online-G,0.02,97.8145,181.19224647887305,175.24856896551722,dedup,dedup,0.4601617789897807,True,0.032803155923390226,0.015672222405466212,0.06449084013854578,mtme_UniTE-refA,0.25659355393818734,0.9824419355235168,0.02100455728416961,-0.002087775831171101,0.057753146553473245,0.043855144041335725,0.022618796351131988,0.07934719253146251,0.02316506395428375,-0.0003031168132626377,0.05705753030653021,0.0318227243798862,0.006418183323081322,0.064841145898429
zhen,04,Lan-Bridge vs Online-G,0.02,97.8145,181.19224647887305,175.24856896551722,dedup,dedup,0.4601617789897807,True,0.032803155923390226,0.015672222405466212,0.06449084013854578,mtme_UniTE-src-src,0.21783202067635238,0.9607040026515832,0.022549062945779963,-0.0003981184244983329,0.056229550678762036,0.03512816455455292,0.011190828186353622,0.06637118390834651,0.02144979300091676,-0.003921398052608848,0.05361445683940732,0.023879529796472565,0.007328496898126979,0.045753040496280685
zhen,04,Lan-Bridge vs Online-G,0.02,97.8145,181.19224647887305,175.24856896551722,dedup,dedup,0.4601617789897807,True,0.032803155923390226,0.015672222405466212,0.06449084013854578,mtme_YiSi-1-refA,0.21271815097898072,0.9604473082422414,0.009044825783158905,-0.014166811162100673,0.03588127635397946,0.0317390920167504,0.011457191658619326,0.06181294377051578,0.012946737310148948,-0.011787306750310849,0.03892986089959525,0.019590725406946508,0.0008389620673417891,0.043887668241339925
zhen,04,Lan-Bridge vs Online-G,0.02,97.8145,181.19224647887305,175.24856896551722,dedup,dedup,0.4601617789897807,True,0.032803155923390226,0.015672222405466212,0.06449084013854578,mtme_chrF-refA,0.13847134290807392,0.9157360845392822,-0.003017462782174407,-0.02458482082364519,0.016360872935177576,0.024028852335336248,0.008797291453778144,0.04881923614650997,0.0005144398931183902,-0.021513638025200694,0.018809345325303598,0.007004268021985283,-0.00902903447606797,0.026675414728849125
zhen,04,Lan-Bridge vs Online-G,0.02,97.8145,181.19224647887305,175.24856896551722,dedup,dedup,0.4601617789897807,True,0.032803155923390226,0.015672222405466212,0.06449084013854578,mtme_f101spBLEU-refA,0.10026510010849257,0.8645720481576694,-0.0018742284694057698,-0.019573069077538485,0.015254509120129505,0.015711981644725093,0.0037301667608935414,0.03305446654323356,-0.004512787810934782,-0.02457461274726239,0.012468081088126278,0.012090700752236394,-0.0017872619538439603,0.03250197225871497
zhen,04,Lan-Bridge vs Online-G,0.02,97.8145,181.19224647887305,175.24856896551722,dedup,dedup,0.4601617789897807,True,0.032803155923390226,0.015672222405466212,0.06449084013854578,mtme_f200spBLEU-refA,0.10043517990964959,0.8696321738056851,-0.0031807819697127204,-0.023078145994896798,0.013965455455696232,0.019697236464232604,0.006986115181305633,0.03989063851187046,-0.004876866948372305,-0.02445896564261682,0.011674569484689366,0.01634329205129892,0.0007535594449505441,0.041015089966954514
zhen,04,Lan-Bridge vs Online-G,0.02,97.8145,181.19224647887305,175.24856896551722,dedup,dedup,0.4601617789897807,True,0.032803155923390226,0.015672222405466212,0.06449084013854578,mtme_metricx_xl_DA_2019-refA,0.2655574064173157,0.9937925634685278,0.0348901769469222,0.008890968522142965,0.07387005547812292,0.05892608674255029,0.029009447456166845,0.09078803008457119,0.03772439300143415,0.011243341860514431,0.07923529689259957,0.03288114710320833,0.010976174971458787,0.06472294612427545
zhen,04,Lan-Bridge vs Online-G,0.02,97.8145,181.19224647887305,175.24856896551722,dedup,dedup,0.4601617789897807,True,0.032803155923390226,0.015672222405466212,0.06449084013854578,mtme_metricx_xl_MQM_2020-refA,0.2906593918944953,0.9880707146931909,0.020010542660734765,-0.0070057310610369345,0.05847632651243018,0.050162319571594116,0.022087624153599363,0.0844874411493473,0.034403046062552955,0.008867090650051068,0.0668577287024736,0.04059881279409916,0.01638120354047143,0.07440288137199892
zhen,04,Lan-Bridge vs Online-G,0.02,97.8145,181.19224647887305,175.24856896551722,dedup,dedup,0.4601617789897807,True,0.032803155923390226,0.015672222405466212,0.06449084013854578,mtme_metricx_xxl_DA_2019-refA,0.2551317049034666,0.9945880252964706,0.0054665392231078025,-0.027740652542550724,0.037068294040793405,0.04790361967608936,0.02293581847229873,0.08137798425290638,0.026501658288937247,0.00011233562371861819,0.058009504093948755,0.026266005082444477,0.0029978459071909247,0.05451493609201992
zhen,04,Lan-Bridge vs Online-G,0.02,97.8145,181.19224647887305,175.24856896551722,dedup,dedup,0.4601617789897807,True,0.032803155923390226,0.015672222405466212,0.06449084013854578,mtme_metricx_xxl_MQM_2020-refA,0.29364335718428136,0.9848440687329651,0.024074308327130645,-0.004131291682667547,0.05426799097992629,0.06323233749204105,0.026760290938817554,0.09365426622232777,0.033721874145825725,0.004996544952432178,0.06757297171721237,0.04037299469298894,0.013462614817323498,0.07104081159478078
zhen,05,Lan-Bridge vs HuaweiTSC,0.01,98.866,209.87741025640992,204.68542857142813,weighted,weighted,0.5289345343111764,True,0.024738163476663244,-0.011874037308249274,0.05886947509651481,mtme_BERTScore-refA,0.1918517558867008,0.9400920205176692,0.007880036125120449,-0.016502032103733952,0.0383057107485216,0.02361644460321355,-0.0015715547616310104,0.04414531870955935,0.014523267823454145,-0.01028875101659164,0.041276949239596766,0.014489652482792104,-0.008082816833879902,0.03585977184414587
zhen,05,Lan-Bridge vs HuaweiTSC,0.01,98.866,209.87741025640992,204.68542857142813,weighted,weighted,0.5289345343111764,True,0.024738163476663244,-0.011874037308249274,0.05886947509651481,mtme_BLEU-refA,0.07838813016143284,0.8293746844592913,-0.005384037949501819,-0.03253673112476128,0.014407762259752844,0.019262310528072146,0.0013306986456402853,0.037627783784446665,-0.002334825518554018,-0.02686037583836169,0.012592379170428455,0.012444123242506877,-0.0038645566411748596,0.028988811644712432
zhen,05,Lan-Bridge vs HuaweiTSC,0.01,98.866,209.87741025640992,204.68542857142813,weighted,weighted,0.5289345343111764,True,0.024738163476663244,-0.011874037308249274,0.05886947509651481,mtme_BLEURT-20-refA,0.24522770015254614,0.9802219595565596,0.025182760950119953,-0.006094380063682824,0.049934770261375626,0.04485391143384798,0.010772945851538866,0.06532935114893958,0.03676090393781162,0.0019151805035210422,0.06022694860412819,0.02536184632067051,-0.0042130256793722455,0.05007600463813339
zhen,05,Lan-Bridge vs HuaweiTSC,0.01,98.866,209.87741025640992,204.68542857142813,weighted,weighted,0.5289345343111764,True,0.024738163476663244,-0.011874037308249274,0.05886947509651481,mtme_COMET-20-refA,0.21749685495315563,0.9752672183823412,0.036624181680576684,0.0005820264309777945,0.05626559270478015,0.04456807251356443,0.012919060429865719,0.06482909108207577,0.04039435154696225,0.004053884586580504,0.05796627263896795,0.043465206372073184,0.013181047277788186,0.06520298374342609
zhen,05,Lan-Bridge vs HuaweiTSC,0.01,98.866,209.87741025640992,204.68542857142813,weighted,weighted,0.5289345343111764,True,0.024738163476663244,-0.011874037308249274,0.05886947509651481,mtme_COMET-22-refA,0.33750807945373495,0.9866351677254928,0.045084389794941115,0.008441307670545725,0.07545270626987545,0.07206204611924016,0.036606325243136915,0.10141895319398214,0.0482066363109267,0.011681247280411712,0.07514918298118368,0.06396680558676848,0.028761400061666744,0.08916098247113541
zhen,05,Lan-Bridge vs HuaweiTSC,0.01,98.866,209.87741025640992,204.68542857142813,weighted,weighted,0.5289345343111764,True,0.024738163476663244,-0.011874037308249274,0.05886947509651481,mtme_COMET-QE-src,0.18310818852102762,0.922900899652606,-0.008024115547942356,-0.03440427274775366,0.017393175689333094,0.027381135626680764,0.002161364794525026,0.052129209399909116,-0.0018365395847161903,-0.027972720433838277,0.022234676111341233,0.02066552520230236,-0.005985110511864926,0.043374814708190455
zhen,05,Lan-Bridge vs HuaweiTSC,0.01,98.866,209.87741025640992,204.68542857142813,weighted,weighted,0.5289345343111764,True,0.024738163476663244,-0.011874037308249274,0.05886947509651481,mtme_COMETKiwi-src,0.28348298505212,0.959377087982424,0.015036555959311415,-0.010385433033174707,0.04803485929966164,0.046275383268084114,0.01407348668611689,0.07097293981384235,0.029095518000444076,-0.003567203675835339,0.0590608369297838,0.05940724790742369,0.026581023174973666,0.08596736431544436
zhen,05,Lan-Bridge vs HuaweiTSC,0.01,98.866,209.87741025640992,204.68542857142813,weighted,weighted,0.5289345343111764,True,0.024738163476663244,-0.011874037308249274,0.05886947509651481,mtme_Cross-QE-src,0.19726396423155737,0.966162403744368,0.003502238277831693,-0.022895871659451988,0.03791371558736447,0.011877155898732283,-0.012984965082903893,0.03931855473766617,0.01168264885378767,-0.016552014948861576,0.04004830498984508,0.03852462105614329,0.005675801513019014,0.05761420049443928
zhen,05,Lan-Bridge vs HuaweiTSC,0.01,98.866,209.87741025640992,204.68542857142813,weighted,weighted,0.5289345343111764,True,0.024738163476663244,-0.011874037308249274,0.05886947509651481,mtme_HWTSC-TLM-src,0.0678898030012166,0.498241633134339,-0.017770616446773246,-0.03570009115224104,0.004938570253519655,-0.014008953111324773,-0.033419444403630635,0.002156852868752695,-0.012825764503949344,-0.03333139668942573,0.005366770844978127,0.0019340718847726812,-0.016988173802095784,0.02028140812744165
zhen,05,Lan-Bridge vs HuaweiTSC,0.01,98.866,209.87741025640992,204.68542857142813,weighted,weighted,0.5289345343111764,True,0.024738163476663244,-0.011874037308249274,0.05886947509651481,mtme_HWTSC-Teacher-Sim-src,0.0454981588272142,0.3949247735620734,-0.009790928908097296,-0.02760082889118041,0.009697517904631534,-0.011169300453623965,-0.027112618608796806,0.0017330636726746484,-0.023998558937353476,-0.04666233586905088,-0.00756138821815129,0.006777712926162693,-0.007823449862016812,0.02139538333337127
zhen,05,Lan-Bridge vs HuaweiTSC,0.01,98.866,209.87741025640992,204.68542857142813,weighted,weighted,0.5289345343111764,True,0.024738163476663244,-0.011874037308249274,0.05886947509651481,mtme_KG-BERTScore-src,0.063419397601371,0.679795467170797,-0.006049320661708268,-0.02972563998337501,0.015851041594207495,0.006314254413316456,-0.011073325383928906,0.02852450239374959,0.00010454442620422277,-0.02242458731494378,0.021122261148093124,0.0015832036050470455,-0.012824476938725515,0.020432638200810642
zhen,05,Lan-Bridge vs HuaweiTSC,0.01,98.866,209.87741025640992,204.68542857142813,weighted,weighted,0.5289345343111764,True,0.024738163476663244,-0.011874037308249274,0.05886947509651481,mtme_MATESE-QE-src,0.16312024406223835,0.9351848265501388,-0.009839621828192424,-0.03394016786304406,0.01951631774054119,0.015760072250240897,-0.008331724354067165,0.03816049456063215,-0.00919043735994629,-0.03199402225830312,0.016280457617055426,0.036785921201901495,0.007511758707405647,0.05448053883283663
zhen,05,Lan-Bridge vs HuaweiTSC,0.01,98.866,209.87741025640992,204.68542857142813,weighted,weighted,0.5289345343111764,True,0.024738163476663244,-0.011874037308249274,0.05886947509651481,mtme_MATESE-refA,0.2366214869159884,0.9674894649743352,0.01184090084409628,-0.017824224925906924,0.04143866163133588,0.044453323435258985,0.008814788147280638,0.07376152688928311,0.024289717088184615,-0.007179903066100041,0.05276434808096374,0.054907845943288236,0.019760649296483294,0.08116575031094861
zhen,05,Lan-Bridge vs HuaweiTSC,0.01,98.866,209.87741025640992,204.68542857142813,weighted,weighted,0.5289345343111764,True,0.024738163476663244,-0.011874037308249274,0.05886947509651481,mtme_MEE-refA,0.10715263005173792,0.8976609341086564,-0.006199908302647161,-0.027181382470068283,0.013125318300560528,-0.005133417749697555,-0.02439181373923932,0.012591858677368152,-0.004334938287944734,-0.02407572372788988,0.01774650384751334,0.0037388759993064458,-0.013812884365903354,0.020690166272064214
zhen,05,Lan-Bridge vs HuaweiTSC,0.01,98.866,209.87741025640992,204.68542857142813,weighted,weighted,0.5289345343111764,True,0.024738163476663244,-0.011874037308249274,0.05886947509651481,mtme_MEE2-refA,0.14872588080008653,0.9352238472927537,-0.003969203381541941,-0.0286346438233118,0.016053503048707986,0.009105819522361114,-0.013279208031341487,0.02970125545941498,-0.0039063426945040725,-0.0254187518684006,0.018127631886037852,0.0032833483854668444,-0.017822072703447763,0.02195688822664105
zhen,05,Lan-Bridge vs HuaweiTSC,0.01,98.866,209.87741025640992,204.68542857142813,weighted,weighted,0.5289345343111764,True,0.024738163476663244,-0.011874037308249274,0.05886947509651481,mtme_MEE4-refA,0.17329828238120248,0.9593140488993936,-0.0068125730883839,-0.04017356858078611,0.018385623314225337,0.014489652482792104,-0.011966459187313266,0.033428197832779886,-0.006759096803712339,-0.03500755239505974,0.01594987763442431,0.007687302886560277,-0.01471459826254449,0.02625349311749467
zhen,05,Lan-Bridge vs HuaweiTSC,0.01,98.866,209.87741025640992,204.68542857142813,weighted,weighted,0.5289345343111764,True,0.024738163476663244,-0.011874037308249274,0.05886947509651481,mtme_MS-COMET-22-refA,0.18617631454629824,0.98746083650136,-0.0035436848846694957,-0.03399822975546504,0.0236125301112456,0.011132813296569677,-0.01567587622475714,0.035510952183822005,-0.011361912552499076,-0.04333621411618889,0.015400468629958195,0.0168018773075701,-0.009454372753940099,0.044060175915344606
zhen,05,Lan-Bridge vs HuaweiTSC,0.01,98.866,209.87741025640992,204.68542857142813,weighted,weighted,0.5289345343111764,True,0.024738163476663244,-0.011874037308249274,0.05886947509651481,mtme_MS-COMET-QE-22-src,0.22257870622444165,0.9490970977882788,0.007880036125120449,-0.02284947736031025,0.04080027086467808,0.027083976015228495,-0.002498220340475992,0.05098151910849145,0.023307999573152882,-0.00829194185909316,0.05347202816268719,0.027007193162604914,-0.00390940096787139,0.05060750061719073
zhen,05,Lan-Bridge vs HuaweiTSC,0.01,98.866,209.87741025640992,204.68542857142813,weighted,weighted,0.5289345343111764,True,0.024738163476663244,-0.011874037308249274,0.05886947509651481,mtme_REUSE-src,-0.0631490763778883,-0.0713802384978524,-0.003804589783831025,-0.016620186481043686,0.008926791193095468,-0.0008436048406454955,-0.00598502284930934,0.004855115372902489,-0.002633069654135678,-0.014059925501810261,0.006264335482425466,0.0,0.0,0.0
zhen,05,Lan-Bridge vs HuaweiTSC,0.01,98.866,209.87741025640992,204.68542857142813,weighted,weighted,0.5289345343111764,True,0.024738163476663244,-0.011874037308249274,0.05886947509651481,mtme_SEScore-refA,0.18598053934367287,0.93964771879046,-0.012257833972409093,-0.042379142821861504,0.01887075263189947,0.012627788720067756,-0.009461661065700322,0.03749033946555866,-0.006199908302647161,-0.03392626042587408,0.02015274394828575,0.014171308528178272,-0.010001352021075143,0.040368081993524284
zhen,05,Lan-Bridge vs HuaweiTSC,0.01,98.866,209.87741025640992,204.68542857142813,weighted,weighted,0.5289345343111764,True,0.024738163476663244,-0.011874037308249274,0.05886947509651481,mtme_UniTE-ref-refA,0.2847034698073478,0.975743491343244,0.04516813152352117,0.012075979128397312,0.07176404211633201,0.05026315458872843,0.015818399957514852,0.07672035170355106,0.03572283043387847,0.005303303333587111,0.06072862587268297,0.05281752561800224,0.020546650685882475,0.07719494561964674
zhen,05,Lan-Bridge vs HuaweiTSC,0.01,98.866,209.87741025640992,204.68542857142813,weighted,weighted,0.5289345343111764,True,0.024738163476663244,-0.011874037308249274,0.05886947509651481,mtme_UniTE-refA,0.3016278406354559,0.9824419355235168,0.05070439024633622,0.016755986404815557,0.07561694030240941,0.06995187674110959,0.032275170929307415,0.0983814392906904,0.05611588820920044,0.01952075248645991,0.08246541742980401,0.058841932177268186,0.025423015970967876,0.0841729615192479
zhen,05,Lan-Bridge vs HuaweiTSC,0.01,98.866,209.87741025640992,204.68542857142813,weighted,weighted,0.5289345343111764,True,0.024738163476663244,-0.011874037308249274,0.05886947509651481,mtme_UniTE-src-src,0.26793223084422874,0.9607040026515832,0.03319512802466151,0.0028050602469260567,0.05988879055338976,0.04878084342001521,0.017461034169588056,0.07396663637430138,0.026492391389974834,-0.003984357800440868,0.05508321350675408,0.044728163942900134,0.01094273920358745,0.06570923468524309
zhen,05,Lan-Bridge vs HuaweiTSC,0.01,98.866,209.87741025640992,204.68542857142813,weighted,weighted,0.5289345343111764,True,0.024738163476663244,-0.011874037308249274,0.05886947509651481,mtme_YiSi-1-refA,0.19189020611948154,0.9604473082422414,0.023778354623170128,-0.0044553590335653925,0.04759752729480728,0.020783019253972412,-0.005119969276771735,0.04371992606051962,0.008505435817590112,-0.019240598303400386,0.03467950405449661,0.02858583675419024,-0.00032224602289266925,0.04880300441793842
zhen,05,Lan-Bridge vs HuaweiTSC,0.01,98.866,209.87741025640992,204.68542857142813,weighted,weighted,0.5289345343111764,True,0.024738163476663244,-0.011874037308249274,0.05886947509651481,mtme_chrF-refA,0.1401087807438138,0.9157360845392822,0.0024721681961165087,-0.023884666241528355,0.02820207998607111,0.026523944439798997,-0.0008662186937840095,0.04755935278922599,0.009893184040297265,-0.01707092293327902,0.03369906499561794,0.026523944439798997,-0.0009396011343824948,0.04402879557419836
zhen,05,Lan-Bridge vs HuaweiTSC,0.01,98.866,209.87741025640992,204.68542857142813,weighted,weighted,0.5289345343111764,True,0.024738163476663244,-0.011874037308249274,0.05886947509651481,mtme_f101spBLEU-refA,0.0862493103302136,0.8645720481576694,-0.002334825518553796,-0.02499198924707401,0.01804039677113778,0.011094503075926965,-0.008333330830506986,0.026986817556522144,-0.011805558168318298,-0.03628918636752444,0.004206375644501385,0.011877155898732283,-0.00580827333859637,0.02540892280975818
zhen,05,Lan-Bridge vs HuaweiTSC,0.01,98.866,209.87741025640992,204.68542857142813,weighted,weighted,0.5289345343111764,True,0.024738163476663244,-0.011874037308249274,0.05886947509651481,mtme_f200spBLEU-refA,0.0916612581997071,0.8696321738056851,0.00021888989236462653,-0.02612126857425573,0.025633328388078094,0.011472849530826501,-0.008593332571385736,0.02762900982569335,-0.008171889314939396,-0.03018301173583695,0.009541238063551014,0.01168264885378767,-0.008330304367139933,0.029550759818629427
zhen,05,Lan-Bridge vs HuaweiTSC,0.01,98.866,209.87741025640992,204.68542857142813,weighted,weighted,0.5289345343111764,True,0.024738163476663244,-0.011874037308249274,0.05886947509651481,mtme_metricx_xl_DA_2019-refA,0.29593783538380547,0.9937925634685278,0.04274414797461301,0.006511516745450358,0.06821351247396204,0.05520946795513071,0.024427364900901204,0.08372913865331945,0.050287274863110465,0.01565044473668222,0.07978547660811709,0.060208301053835234,0.02797146708011731,0.08841100997463022
zhen,05,Lan-Bridge vs HuaweiTSC,0.01,98.866,209.87741025640992,204.68542857142813,weighted,weighted,0.5289345343111764,True,0.024738163476663244,-0.011874037308249274,0.05886947509651481,mtme_metricx_xl_MQM_2020-refA,0.3116971644108456,0.9880707146931909,0.045121346238539695,0.009239909171503904,0.07703661416499287,0.07277084598153016,0.034514788912778954,0.1051861998882944,0.055765142084982844,0.01920260843175341,0.08746618619611063,0.0743234099440524,0.03843606865139787,0.10465812603369264
zhen,05,Lan-Bridge vs HuaweiTSC,0.01,98.866,209.87741025640992,204.68542857142813,weighted,weighted,0.5289345343111764,True,0.024738163476663244,-0.011874037308249274,0.05886947509651481,mtme_metricx_xxl_DA_2019-refA,0.29498611543734726,0.9945880252964706,0.04628226060811247,0.009578586444672748,0.07390054958434791,0.059275079383048435,0.023782609953998515,0.08364923074639091,0.04714488157056307,0.011824729213366926,0.07352845459536228,0.056654975428406806,0.02365144086564686,0.0825298739434979
zhen,05,Lan-Bridge vs HuaweiTSC,0.01,98.866,209.87741025640992,204.68542857142813,weighted,weighted,0.5289345343111764,True,0.024738163476663244,-0.011874037308249274,0.05886947509651481,mtme_metricx_xxl_MQM_2020-refA,0.3305374254873302,0.9848440687329651,0.045121346238539695,0.007645722037753247,0.07400556164724509,0.07706118652039562,0.03885609718431889,0.10722444904231063,0.05242593919164995,0.015094907146557111,0.08583030864291062,0.07387311071275793,0.03212317215497314,0.10933631159316815
zhen,05,Lan-Bridge vs HuaweiTSC,0.02,98.866,157.94939436619737,153.31733333333344,weighted,weighted,0.3740653429111328,True,0.02932623484535013,0.002417592634565364,0.06253080548051271,mtme_BERTScore-refA,0.1918517558867008,0.9400920205176692,0.011610071206773931,-0.005848426850119809,0.03253585576363207,0.032712021540385994,0.014032932742691307,0.06073542430693623,0.014083822557443226,-0.003336207735877244,0.036920517408864886,0.0247896607777639,0.008364566374244532,0.047379310474142115
zhen,05,Lan-Bridge vs HuaweiTSC,0.02,98.866,157.94939436619737,153.31733333333344,weighted,weighted,0.3740653429111328,True,0.02932623484535013,0.002417592634565364,0.06253080548051271,mtme_BLEU-refA,0.07838813016143284,0.8293746844592913,-0.0008631659942193171,-0.013965680486372627,0.012592315415555356,0.014176039066383317,0.0014628781165344801,0.031029559019865833,0.0007652972484085696,-0.013165725398278844,0.01339502998803828,0.006412561719995269,-0.002528267531263423,0.01900819344279109
zhen,05,Lan-Bridge vs HuaweiTSC,0.02,98.866,157.94939436619737,153.31733333333344,weighted,weighted,0.3740653429111328,True,0.02932623484535013,0.002417592634565364,0.06253080548051271,mtme_BLEURT-20-refA,0.24522770015254614,0.9802219595565596,0.01543417767880062,-0.0032666788402982813,0.036595853926348135,0.032189577124044355,0.013668661640934271,0.0544895425605098,0.024765324989332815,0.0049797753497341736,0.04834405862283514,0.03666955352462553,0.015288263911195688,0.06645515316290874
zhen,05,Lan-Bridge vs HuaweiTSC,0.02,98.866,157.94939436619737,153.31733333333344,weighted,weighted,0.3740653429111328,True,0.02932623484535013,0.002417592634565364,0.06253080548051271,mtme_COMET-20-refA,0.21749685495315563,0.9752672183823412,0.016015049061975484,-0.0012150997745891566,0.03709974775134325,0.031056600372528886,0.013448291642194415,0.05585356916094594,0.009796528520162995,-0.00944225401993282,0.03188911620098489,0.029783542630535287,0.01133313919337993,0.05430292968431775
zhen,05,Lan-Bridge vs HuaweiTSC,0.02,98.866,157.94939436619737,153.31733333333344,weighted,weighted,0.3740653429111328,True,0.02932623484535013,0.002417592634565364,0.06253080548051271,mtme_COMET-22-refA,0.33750807945373495,0.9866351677254928,0.03790228278000907,0.01554989825459488,0.07171819927347604,0.05636651305127249,0.0332273784029929,0.09029887623384877,0.03679615376415157,0.016508582899949255,0.06544815536504617,0.05040567951318464,0.026679298716973412,0.08346086873026064
zhen,05,Lan-Bridge vs HuaweiTSC,0.02,98.866,157.94939436619737,153.31733333333344,weighted,weighted,0.3740653429111328,True,0.02932623484535013,0.002417592634565364,0.06253080548051271,mtme_COMET-QE-src,0.18310818852102762,0.922900899652606,-0.002512992910364442,-0.020741773640758014,0.018116939771228597,0.017957081789954588,0.0023177309648914047,0.05432705066943969,0.003065102445472534,-0.013629031392925092,0.029238615609208415,0.02147293431481867,0.00489078254008325,0.0508377543832625
zhen,05,Lan-Bridge vs HuaweiTSC,0.02,98.866,157.94939436619737,153.31733333333344,weighted,weighted,0.3740653429111328,True,0.02932623484535013,0.002417592634565364,0.06253080548051271,mtme_COMETKiwi-src,0.28348298505212,0.959377087982424,0.019331296595010983,0.0004314528785515224,0.04563432191263945,0.04266629509425768,0.023282835862204414,0.07772599476458239,0.025006283570557453,0.006157018163136838,0.055121459394317916,0.04797476595870609,0.02694451051462515,0.07648038137306849
zhen,05,Lan-Bridge vs HuaweiTSC,0.02,98.866,157.94939436619737,153.31733333333344,weighted,weighted,0.3740653429111328,True,0.02932623484535013,0.002417592634565364,0.06253080548051271,mtme_Cross-QE-src,0.19726396423155737,0.966162403744368,-0.0049374173826834955,-0.027175410788219032,0.015890358183883554,0.008564075881368427,-0.007825558385685863,0.030670155255779142,-0.003589322644607096,-0.02483883765857208,0.018818098656324733,0.016817580964970325,-0.0009993523497215493,0.04088487112607379
zhen,05,Lan-Bridge vs HuaweiTSC,0.02,98.866,157.94939436619737,153.31733333333344,weighted,weighted,0.3740653429111328,True,0.02932623484535013,0.002417592634565364,0.06253080548051271,mtme_HWTSC-TLM-src,0.0678898030012166,0.498241633134339,-0.014494428241949908,-0.03964926776384631,-0.0014156133030782097,-0.00811302048909468,-0.02313324907306844,0.003870059873739148,-0.011951971799956107,-0.030529471118562922,0.0018793241523530303,-0.0012029081295439337,-0.011763980949775304,0.00849740896314157
zhen,05,Lan-Bridge vs HuaweiTSC,0.02,98.866,157.94939436619737,153.31733333333344,weighted,weighted,0.3740653429111328,True,0.02932623484535013,0.002417592634565364,0.06253080548051271,mtme_HWTSC-Teacher-Sim-src,0.0454981588272142,0.3949247735620734,-0.011951971799956107,-0.031219113384671586,0.00045020114477107827,-0.005652763766653912,-0.024152168509579502,0.005919629460853313,-0.01148010772311614,-0.03295544133028832,-0.0004258562696674584,0.003855474774179246,-0.005654895987789082,0.014697654393045682
zhen,05,Lan-Bridge vs HuaweiTSC,0.02,98.866,157.94939436619737,153.31733333333344,weighted,weighted,0.3740653429111328,True,0.02932623484535013,0.002417592634565364,0.06253080548051271,mtme_KG-BERTScore-src,0.063419397601371,0.679795467170797,-0.0094371507540707,-0.02901177957590744,0.0020526899179298236,-0.007012144745538684,-0.02570704362612119,0.0037346027272830025,-0.012699621300084063,-0.0338978250662262,0.0012916311403630648,-0.0009100054430233318,-0.013879523333179539,0.010920710874482232
zhen,05,Lan-Bridge vs HuaweiTSC,0.02,98.866,157.94939436619737,153.31733333333344,weighted,weighted,0.3740653429111328,True,0.02932623484535013,0.002417592634565364,0.06253080548051271,mtme_MATESE-QE-src,0.16312024406223835,0.9351848265501388,0.009679270880439739,-0.008522859342822285,0.03513239691887821,0.022885798805177382,0.0049192588727271155,0.05955799982133346,0.0070459685781333325,-0.01169822801254477,0.03654447311627689,0.015162991301662987,-0.0002430391141305665,0.04118541932472035
zhen,05,Lan-Bridge vs HuaweiTSC,0.02,98.866,157.94939436619737,153.31733333333344,weighted,weighted,0.3740653429111328,True,0.02932623484535013,0.002417592634565364,0.06253080548051271,mtme_MATESE-refA,0.2366214869159884,0.9674894649743352,0.0015011742205846001,-0.020404954931309522,0.02214399066634165,0.015869134170522048,-0.0042362417155274714,0.04267309011921083,0.00405556903461135,-0.01831845979011445,0.027872472590283498,0.018180973231989306,-0.003146202497027116,0.04251409730029682
zhen,05,Lan-Bridge vs HuaweiTSC,0.02,98.866,157.94939436619737,153.31733333333344,weighted,weighted,0.3740653429111328,True,0.02932623484535013,0.002417592634565364,0.06253080548051271,mtme_MEE-refA,0.10715263005173792,0.8976609341086564,-0.011406887435330804,-0.029848510193571865,0.002372780882545752,0.007333113020488891,-0.0067582651481089325,0.024654882120441687,-0.003543755537118276,-0.018763779475662417,0.010689813482314799,0.0024184341765305373,-0.009553891075368914,0.019946480532406854
zhen,05,Lan-Bridge vs HuaweiTSC,0.02,98.866,157.94939436619737,153.31733333333344,weighted,weighted,0.3740653429111328,True,0.02932623484535013,0.002417592634565364,0.06253080548051271,mtme_MEE2-refA,0.14872588080008653,0.9352238472927537,0.007183358263471051,-0.006878177762143156,0.02430727034477364,0.016201436697044103,0.0023243091396582794,0.0333369105566467,0.007081484279104933,-0.008663822845207685,0.0220278785599348,0.013621858963294597,-0.0015170156290462476,0.03101520308288551
zhen,05,Lan-Bridge vs HuaweiTSC,0.02,98.866,157.94939436619737,153.31733333333344,weighted,weighted,0.3740653429111328,True,0.02932623484535013,0.002417592634565364,0.06253080548051271,mtme_MEE4-refA,0.17329828238120248,0.9593140488993936,0.011415557918330932,-0.00755452725935743,0.03045542056726298,0.02567918832802285,0.009438092109685672,0.05220208486981295,0.013339942718660569,-0.0023775091102217704,0.030716397660897243,0.01543417767880062,-0.0014512529966573145,0.033448487670935764
zhen,05,Lan-Bridge vs HuaweiTSC,0.02,98.866,157.94939436619737,153.31733333333344,weighted,weighted,0.3740653429111328,True,0.02932623484535013,0.002417592634565364,0.06253080548051271,mtme_MS-COMET-22-refA,0.18617631454629824,0.98746083650136,0.006113681427627138,-0.011822246472892073,0.022324698917800135,0.03311104753825056,0.015764309322391236,0.06772065073254295,0.005970555653817211,-0.01038882192852909,0.024204514785508335,0.02089467043201343,0.0022379559138634383,0.04678824934999079
zhen,05,Lan-Bridge vs HuaweiTSC,0.02,98.866,157.94939436619737,153.31733333333344,weighted,weighted,0.3740653429111328,True,0.02932623484535013,0.002417592634565364,0.06253080548051271,mtme_MS-COMET-QE-22-src,0.22257870622444165,0.9490970977882788,0.016354386018844425,-0.001800281488117072,0.042834798226503226,0.02450899986009325,0.003734718810313767,0.0508027557198814,0.012446478347079015,-0.004846551658428488,0.03764440393633391,0.0246027484027318,0.005608573513765448,0.0523509035076532
zhen,05,Lan-Bridge vs HuaweiTSC,0.02,98.866,157.94939436619737,153.31733333333344,weighted,weighted,0.3740653429111328,True,0.02932623484535013,0.002417592634565364,0.06253080548051271,mtme_REUSE-src,-0.0631490763778883,-0.0713802384978524,0.00334963648380715,-0.006126739798799707,0.014251999017626804,0.004536830229961097,-0.002821485940654583,0.014510909423883892,0.002835639511331922,-0.004287730543485885,0.011669663897477488,0.0,0.0,0.0
zhen,05,Lan-Bridge vs HuaweiTSC,0.02,98.866,157.94939436619737,153.31733333333344,weighted,weighted,0.3740653429111328,True,0.02932623484535013,0.002417592634565364,0.06253080548051271,mtme_SEScore-refA,0.18598053934367287,0.93964771879046,0.005097488433575603,-0.012687004378083322,0.026832912948360686,0.01198183815384024,-0.006153052955652542,0.03334523745217245,-0.0014136740838659456,-0.022841615919374843,0.015167626815952075,0.011415557918330932,-0.005943548237939243,0.0349466875841638
zhen,05,Lan-Bridge vs HuaweiTSC,0.02,98.866,157.94939436619737,153.31733333333344,weighted,weighted,0.3740653429111328,True,0.02932623484535013,0.002417592634565364,0.06253080548051271,mtme_UniTE-ref-refA,0.2847034698073478,0.975743491343244,0.01250483233361177,-0.005989512419434183,0.04090668116382375,0.03567565943639961,0.016889869091719346,0.06788304175975376,0.018152655752059377,-0.0003222588700014956,0.048469396151259836,0.03080239712203392,0.01331538965453055,0.062153461603936
zhen,05,Lan-Bridge vs HuaweiTSC,0.02,98.866,157.94939436619737,153.31733333333344,weighted,weighted,0.3740653429111328,True,0.02932623484535013,0.002417592634565364,0.06253080548051271,mtme_UniTE-refA,0.3016278406354559,0.9824419355235168,0.023235837354797284,0.004200868683359635,0.05156272055208684,0.04203825065395672,0.019279004499976927,0.07253165462038866,0.03230887860762277,0.01182531571158511,0.06272836340100432,0.041750038479298146,0.021277411855635472,0.0734846122229864
zhen,05,Lan-Bridge vs HuaweiTSC,0.02,98.866,157.94939436619737,153.31733333333344,weighted,weighted,0.3740653429111328,True,0.02932623484535013,0.002417592634565364,0.06253080548051271,mtme_UniTE-src-src,0.26793223084422874,0.9607040026515832,0.019324190350297532,2.8139147058320947e-05,0.04403854611837158,0.03632482449402463,0.01680829288762615,0.06435840603961902,0.026171869937664294,0.007741760479687576,0.04981205443766986,0.03765070538095128,0.015168573277796174,0.06467238352790879
zhen,05,Lan-Bridge vs HuaweiTSC,0.02,98.866,157.94939436619737,153.31733333333344,weighted,weighted,0.3740653429111328,True,0.02932623484535013,0.002417592634565364,0.06253080548051271,mtme_YiSi-1-refA,0.19189020611948154,0.9604473082422414,0.014767712086646845,-0.0036869762563010162,0.0385118364818104,0.0291473892927957,0.0115360614608625,0.056582312718894946,0.011455208704051922,-0.007466472978673316,0.03182734793371212,0.0231638994486264,0.0030423508107231797,0.04793763763195056
zhen,05,Lan-Bridge vs HuaweiTSC,0.02,98.866,157.94939436619737,153.31733333333344,weighted,weighted,0.3740653429111328,True,0.02932623484535013,0.002417592634565364,0.06253080548051271,mtme_chrF-refA,0.1401087807438138,0.9157360845392822,0.0035393258426964502,-0.013962383765889024,0.020389411910037528,0.01860909157670565,0.0041107520092854575,0.03857232946315365,0.009970764324757186,-0.0065405366932718865,0.027333699533816046,0.011159605260158911,-0.001164403877663244,0.027213021997943947
zhen,05,Lan-Bridge vs HuaweiTSC,0.02,98.866,157.94939436619737,153.31733333333344,weighted,weighted,0.3740653429111328,True,0.02932623484535013,0.002417592634565364,0.06253080548051271,mtme_f101spBLEU-refA,0.0862493103302136,0.8645720481576694,-0.00018829062850644895,-0.014894581388247891,0.012608214620543356,0.011943005579550747,0.0003956559314220791,0.024298248648142638,-0.0018926876164153672,-0.018748770554982384,0.011088958466704083,0.007902181097158012,-0.002310206525833852,0.02360417563880452
zhen,05,Lan-Bridge vs HuaweiTSC,0.02,98.866,157.94939436619737,153.31733333333344,weighted,weighted,0.3740653429111328,True,0.02932623484535013,0.002417592634565364,0.06253080548051271,mtme_f200spBLEU-refA,0.0916612581997071,0.8696321738056851,0.0019247942765748816,-0.010494006443570347,0.014644664921454099,0.017069512144745502,0.004917735307234367,0.034088026905772124,0.005044004591783335,-0.008620660612911469,0.01823950690683244,0.00950099140779892,-0.0014765061389372556,0.023301611604588712
zhen,05,Lan-Bridge vs HuaweiTSC,0.02,98.866,157.94939436619737,153.31733333333344,weighted,weighted,0.3740653429111328,True,0.02932623484535013,0.002417592634565364,0.06253080548051271,mtme_metricx_xl_DA_2019-refA,0.29593783538380547,0.9937925634685278,0.0231638994486264,0.0015587336177656952,0.048195858649403005,0.04462204751800203,0.022549694062011932,0.07113155784504152,0.022689879202936303,0.002810673709029301,0.048151453371899494,0.04147719762062119,0.020266536471047262,0.07041425374414577
zhen,05,Lan-Bridge vs HuaweiTSC,0.02,98.866,157.94939436619737,153.31733333333344,weighted,weighted,0.3740653429111328,True,0.02932623484535013,0.002417592634565364,0.06253080548051271,mtme_metricx_xl_MQM_2020-refA,0.3116971644108456,0.9880707146931909,0.01697863796780097,-0.003727529908152216,0.04585894599048555,0.03693595899554847,0.014829668120062986,0.07120058045280024,0.014671096114377002,-0.007951815800310262,0.04315648530164748,0.04191494229498194,0.017933087541119403,0.07627751188367897
zhen,05,Lan-Bridge vs HuaweiTSC,0.02,98.866,157.94939436619737,153.31733333333344,weighted,weighted,0.3740653429111328,True,0.02932623484535013,0.002417592634565364,0.06253080548051271,mtme_metricx_xxl_DA_2019-refA,0.29498611543734726,0.9945880252964706,0.022689879202936303,0.007163404016126646,0.051840025072745606,0.04559168263538549,0.025494948612350132,0.08235227296938086,0.030440725830679582,0.010109357616544577,0.06455967556023283,0.03785231192677163,0.013281395723519778,0.068604433221521
zhen,05,Lan-Bridge vs HuaweiTSC,0.02,98.866,157.94939436619737,153.31733333333344,weighted,weighted,0.3740653429111328,True,0.02932623484535013,0.002417592634565364,0.06253080548051271,mtme_metricx_xxl_MQM_2020-refA,0.3305374254873302,0.9848440687329651,0.013121908972810292,-0.008375665805585047,0.03998626462237964,0.03366683374956181,0.014212739040933424,0.06675770780150768,0.009753775734677617,-0.010087178284395914,0.03532558311990463,0.033889623265036306,0.012769763986223846,0.06753195097641271
zhen,12,Online-B vs LanguageX,0.01,96.0435,731.371154135338,689.4459944237918,dedup,dedup,0.8686802187139206,True,0.057324054243172995,0.038325095361005326,0.08829688915125647,mtme_BERTScore-refA,0.1711124569324678,0.9400920205176692,0.015441435389109581,-0.002736719784456897,0.03355974860176886,0.027840227209545376,0.007809554549944603,0.04621980060695,0.018850123746062653,0.0003703969791319236,0.037623664859505,0.006303704425020262,-0.010152254225200085,0.026869587175252542
zhen,12,Online-B vs LanguageX,0.01,96.0435,731.371154135338,689.4459944237918,dedup,dedup,0.8686802187139206,True,0.057324054243172995,0.038325095361005326,0.08829688915125647,mtme_BLEU-refA,0.07892105619563652,0.8293746844592913,-0.002396179481497507,-0.021594215768163155,0.013591678399381182,0.0070234571858508454,-0.00534110264746021,0.018439520822701595,0.004673569147301215,-0.009068338619025867,0.018136065649138736,0.004969343634322554,-0.005820813132392915,0.017308527930595348
zhen,12,Online-B vs LanguageX,0.01,96.0435,731.371154135338,689.4459944237918,dedup,dedup,0.8686802187139206,True,0.057324054243172995,0.038325095361005326,0.08829688915125647,mtme_BLEURT-20-refA,0.19618064942383456,0.9802219595565596,0.027171740618844975,0.005441676340314608,0.05184304541905105,0.03155058182189174,0.012875243337541803,0.049479243152193854,0.023846581308521686,0.006143816799716379,0.04254106996546499,0.019638463785639715,0.0026886379458293704,0.03513511309346204
zhen,12,Online-B vs LanguageX,0.01,96.0435,731.371154135338,689.4459944237918,dedup,dedup,0.8686802187139206,True,0.057324054243172995,0.038325095361005326,0.08829688915125647,mtme_COMET-20-refA,0.19409672410551693,0.9752672183823412,0.02086999023750069,0.0009277662872903108,0.043098949498118655,0.032423433232427135,0.014758972413748192,0.0546045397363307,0.02632675203125423,0.006840642292594542,0.0454691495459806,0.0187765146040636,0.0027088289449464396,0.03717023264609535
zhen,12,Online-B vs LanguageX,0.01,96.0435,731.371154135338,689.4459944237918,dedup,dedup,0.8686802187139206,True,0.057324054243172995,0.038325095361005326,0.08829688915125647,mtme_COMET-22-refA,0.2498448026014451,0.9866351677254928,0.024894628088137694,-0.0034219839457884315,0.04658779729414446,0.038475384893452924,0.0194061605533504,0.06167137300968665,0.035258759075947554,0.014589309106289878,0.06171355459556721,0.034280569293660745,0.015838561005975867,0.05762820658311432
zhen,12,Online-B vs LanguageX,0.01,96.0435,731.371154135338,689.4459944237918,dedup,dedup,0.8686802187139206,True,0.057324054243172995,0.038325095361005326,0.08829688915125647,mtme_COMET-QE-src,0.19141693076374922,0.922900899652606,0.022914067932589988,-4.2370748333158504e-05,0.04554752109606294,0.02533218262837722,0.005493936529025673,0.045769964239074465,0.014688502268014103,-0.002737458793024527,0.034868608601591765,0.004180351355539735,-0.013601510001115268,0.022084641854557465
zhen,12,Online-B vs LanguageX,0.01,96.0435,731.371154135338,689.4459944237918,dedup,dedup,0.8686802187139206,True,0.057324054243172995,0.038325095361005326,0.08829688915125647,mtme_COMETKiwi-src,0.21115817396699121,0.959377087982424,0.020702671766146152,-0.0008821830091739075,0.04187484581842774,0.038648917557568385,0.020073611999582186,0.060529186558276445,0.025539031665999357,0.00596125266776569,0.04393140749739338,0.02261398860164565,0.002961925162746305,0.04248535439091036
zhen,12,Online-B vs LanguageX,0.01,96.0435,731.371154135338,689.4459944237918,dedup,dedup,0.8686802187139206,True,0.057324054243172995,0.038325095361005326,0.08829688915125647,mtme_Cross-QE-src,0.2152109060564269,0.966162403744368,0.016554026594289284,-0.003933221191191581,0.037740613663704174,0.03188279906734892,0.015494860566856228,0.04976087321030347,0.026043356343507074,0.00428036208835706,0.04693427938523982,0.02096666906582778,0.006209987853630439,0.039737721044901
zhen,12,Online-B vs LanguageX,0.01,96.0435,731.371154135338,689.4459944237918,dedup,dedup,0.8686802187139206,True,0.057324054243172995,0.038325095361005326,0.08829688915125647,mtme_HWTSC-TLM-src,0.05407859490924165,0.498241633134339,-0.005571942700774768,-0.021848724271948276,0.01020654677773604,0.0014148185594908824,-0.008812794827571158,0.012249393668338835,0.007294675960325958,-0.0054086005046710016,0.018464426969764365,-0.0047608397056095875,-0.013630006342631862,0.003935416540424083
zhen,12,Online-B vs LanguageX,0.01,96.0435,731.371154135338,689.4459944237918,dedup,dedup,0.8686802187139206,True,0.057324054243172995,0.038325095361005326,0.08829688915125647,mtme_HWTSC-Teacher-Sim-src,0.10230253632728706,0.3949247735620734,-0.009866925803877269,-0.026460012844308104,0.0028220567517942973,0.007789600731266111,-0.005944455798487941,0.02021912737753769,-0.003901920658806013,-0.018518463073166735,0.00867521669484103,-0.00430108352465286,-0.01916579646037166,0.011333231519033595
zhen,12,Online-B vs LanguageX,0.01,96.0435,731.371154135338,689.4459944237918,dedup,dedup,0.8686802187139206,True,0.057324054243172995,0.038325095361005326,0.08829688915125647,mtme_KG-BERTScore-src,0.076548611753261,0.679795467170797,-0.009104481537213882,-0.02693901823480015,0.004687254280220739,0.0022883444465178204,-0.00813531312027499,0.014378737265982272,-0.005032064969471506,-0.019245018964592468,0.009572672064796952,-0.0030945458086462097,-0.016119055546369866,0.007947724343909255
zhen,12,Online-B vs LanguageX,0.01,96.0435,731.371154135338,689.4459944237918,dedup,dedup,0.8686802187139206,True,0.057324054243172995,0.038325095361005326,0.08829688915125647,mtme_MATESE-QE-src,0.23994520897123062,0.9351848265501388,0.024923896301210502,0.0026559345453897264,0.0492066487809454,0.05014423990554129,0.02929355563592979,0.07273983641825017,0.03803777111099771,0.019709242793364192,0.05883099344387592,0.015581691923817309,-0.0032740953743749467,0.04052330164946546
zhen,12,Online-B vs LanguageX,0.01,96.0435,731.371154135338,689.4459944237918,dedup,dedup,0.8686802187139206,True,0.057324054243172995,0.038325095361005326,0.08829688915125647,mtme_MATESE-refA,0.20686387968980102,0.9674894649743352,0.006084202906460279,-0.01626297051842444,0.025186829168798636,0.022982540862862,0.0013183052267911862,0.04356548962067486,0.011499936756480866,-0.009944594946772157,0.031108532505029877,0.01035000118432361,-0.0031253719345119167,0.03125619067460189
zhen,12,Online-B vs LanguageX,0.01,96.0435,731.371154135338,689.4459944237918,dedup,dedup,0.8686802187139206,True,0.057324054243172995,0.038325095361005326,0.08829688915125647,mtme_MEE-refA,0.07568862057806422,0.8976609341086564,0.0048786466474725065,-0.009807626784852575,0.018631142433874016,0.007521495931862132,-0.0037090122739753648,0.0204082339785642,0.008052493124300675,-0.004734812500378283,0.021124051579304647,-0.001830107736296105,-0.011813777695931126,0.009499054840339171
zhen,12,Online-B vs LanguageX,0.01,96.0435,731.371154135338,689.4459944237918,dedup,dedup,0.8686802187139206,True,0.057324054243172995,0.038325095361005326,0.08829688915125647,mtme_MEE2-refA,0.10514224602673358,0.9352238472927537,0.005450997774287036,-0.008921409602790947,0.019726633401628463,0.012309296466808783,-0.002062624387469458,0.025304004486989214,0.016943205925849747,0.0026241502722899363,0.03642762215759943,0.002484671817161166,-0.010392696223285702,0.014046709500249346
zhen,12,Online-B vs LanguageX,0.01,96.0435,731.371154135338,689.4459944237918,dedup,dedup,0.8686802187139206,True,0.057324054243172995,0.038325095361005326,0.08829688915125647,mtme_MEE4-refA,0.12268494469733113,0.9593140488993936,0.0025175270917294768,-0.012249114073776896,0.01940341823467177,0.013567829628941763,-0.0017599704376605016,0.027193250845501126,0.015770262662674228,0.0015889037478321072,0.03397412358437858,0.004364103063475566,-0.008311067269274813,0.0188856440197786
zhen,12,Online-B vs LanguageX,0.01,96.0435,731.371154135338,689.4459944237918,dedup,dedup,0.8686802187139206,True,0.057324054243172995,0.038325095361005326,0.08829688915125647,mtme_MS-COMET-22-refA,0.19674308523844963,0.98746083650136,0.014773069855870125,-0.005028331303866094,0.03186582682287939,0.02086999023750069,0.0024158003712709433,0.040860280684073706,0.019088016464227864,-0.0009980713241072466,0.042082061616928575,0.019186184013606833,0.0022444131498475105,0.03956229477594612
zhen,12,Online-B vs LanguageX,0.01,96.0435,731.371154135338,689.4459944237918,dedup,dedup,0.8686802187139206,True,0.057324054243172995,0.038325095361005326,0.08829688915125647,mtme_MS-COMET-QE-22-src,0.19846697622060228,0.9490970977882788,-0.010140085636595186,-0.03169722230750417,0.010823785083220084,0.010283915141369171,-0.004164417189477709,0.030067056469922426,0.012791959722537216,-0.0036829681086601447,0.03342163706241419,0.013971643389783628,-0.003397956422197046,0.03281986501632726
zhen,12,Online-B vs LanguageX,0.01,96.0435,731.371154135338,689.4459944237918,dedup,dedup,0.8686802187139206,True,0.057324054243172995,0.038325095361005326,0.08829688915125647,mtme_REUSE-src,-0.007704194729919033,-0.0713802384978524,-0.006179268062184606,-0.019240799888241705,0.006375507107222426,0.003135988085040342,-0.005421785972836295,0.013131274490101394,-0.005032064969471506,-0.014815519992681474,0.004467441404560787,-0.0011985916864474255,-0.004011570000378528,0.0011883734326389385
zhen,12,Online-B vs LanguageX,0.01,96.0435,731.371154135338,689.4459944237918,dedup,dedup,0.8686802187139206,True,0.057324054243172995,0.038325095361005326,0.08829688915125647,mtme_SEScore-refA,0.18215685292435127,0.93964771879046,0.01319767281654971,-0.0050631383113983455,0.0343356316317264,0.03291143823080822,0.012960968705565876,0.0568173746109754,0.02615316125027045,0.005179631714512478,0.047555605469253,0.00569442444341961,-0.00798732373535982,0.021521658672515324
zhen,12,Online-B vs LanguageX,0.01,96.0435,731.371154135338,689.4459944237918,dedup,dedup,0.8686802187139206,True,0.057324054243172995,0.038325095361005326,0.08829688915125647,mtme_UniTE-ref-refA,0.2523526642485687,0.975743491343244,0.03251600549005007,0.010301970322674542,0.055148725181244834,0.04091351882427485,0.02156674868403817,0.061896394628380015,0.03446926377037096,0.015104289659452683,0.055680924165131956,0.032030261967722184,0.008679358392191472,0.05230578245622942
zhen,12,Online-B vs LanguageX,0.01,96.0435,731.371154135338,689.4459944237918,dedup,dedup,0.8686802187139206,True,0.057324054243172995,0.038325095361005326,0.08829688915125647,mtme_UniTE-refA,0.24690554376806956,0.9824419355235168,0.027893028148096133,0.008175725460591494,0.048757278750496603,0.038941624539873265,0.02111117274593924,0.060353349488348695,0.034383706843457595,0.014067466824087655,0.050733957609049855,0.03133646567961268,0.01017491242455002,0.05357382155631408
zhen,12,Online-B vs LanguageX,0.01,96.0435,731.371154135338,689.4459944237918,dedup,dedup,0.8686802187139206,True,0.057324054243172995,0.038325095361005326,0.08829688915125647,mtme_UniTE-src-src,0.24099549153915184,0.9607040026515832,0.03826204817450607,0.010496247216004137,0.06423320074181728,0.04543600151763494,0.0247478202669101,0.06937677530497523,0.039503062505932385,0.020921327584619086,0.06230562489633782,0.042092477934811745,0.02129456153586961,0.061620179028604866
zhen,12,Online-B vs LanguageX,0.01,96.0435,731.371154135338,689.4459944237918,dedup,dedup,0.8686802187139206,True,0.057324054243172995,0.038325095361005326,0.08829688915125647,mtme_YiSi-1-refA,0.15630661386962194,0.9604473082422414,0.01046916843429646,-0.008119045694707488,0.03179149491306153,0.01860196227747324,0.003304710289873894,0.03690308274240918,0.011182777272731759,-0.0049966046105085204,0.030818311952402533,0.005157576347743942,-0.011205000457481212,0.025960428125533598
zhen,12,Online-B vs LanguageX,0.01,96.0435,731.371154135338,689.4459944237918,dedup,dedup,0.8686802187139206,True,0.057324054243172995,0.038325095361005326,0.08829688915125647,mtme_chrF-refA,0.09704323296005346,0.9157360845392822,-0.001657582836259719,-0.01801511950868338,0.015439495767574836,0.011050763304675915,-0.002870851456024131,0.023146276595867113,0.00856135704990768,-0.004090698714915613,0.022226230218341116,0.0024489211435331226,-0.008081457902227163,0.015428846368270464
zhen,12,Online-B vs LanguageX,0.01,96.0435,731.371154135338,689.4459944237918,dedup,dedup,0.8686802187139206,True,0.057324054243172995,0.038325095361005326,0.08829688915125647,mtme_f101spBLEU-refA,0.08775142770829861,0.8645720481576694,7.942841035746273e-05,-0.017344817825317695,0.015353694959000267,0.004995212437601926,-0.007400963920007775,0.01618080964593243,0.005202560878408091,-0.007879841516234542,0.019884738183794024,0.001817082058457764,-0.008552900769882143,0.012471712742782881
zhen,12,Online-B vs LanguageX,0.01,96.0435,731.371154135338,689.4459944237918,dedup,dedup,0.8686802187139206,True,0.057324054243172995,0.038325095361005326,0.08829688915125647,mtme_f200spBLEU-refA,0.08756769495413635,0.8696321738056851,-0.0010505171004477898,-0.018084554847736006,0.016662390725362793,0.004716607389765537,-0.008594825982865322,0.017762935538314633,0.004957790947781815,-0.008270719650721629,0.02037501143738939,0.002431428849650641,-0.008586947511580605,0.013240654060954836
zhen,12,Online-B vs LanguageX,0.01,96.0435,731.371154135338,689.4459944237918,dedup,dedup,0.8686802187139206,True,0.057324054243172995,0.038325095361005326,0.08829688915125647,mtme_metricx_xl_DA_2019-refA,0.21192675914360654,0.9937925634685278,0.023636094926004714,0.00381194196351303,0.04181666838644293,0.03559433735928108,0.016586771906130372,0.056052828476365134,0.03277793997871992,0.01545695884717826,0.05176812943252143,0.019987902643035405,0.005450125654823656,0.03679312245495707
zhen,12,Online-B vs LanguageX,0.01,96.0435,731.371154135338,689.4459944237918,dedup,dedup,0.8686802187139206,True,0.057324054243172995,0.038325095361005326,0.08829688915125647,mtme_metricx_xl_MQM_2020-refA,0.2515449474568473,0.9880707146931909,0.015612378087280443,-0.008303991295960648,0.038973783709150285,0.04406875097004426,0.02383338144486563,0.0625072906167419,0.03446926377037096,0.012001342353131553,0.052896843150560056,0.026997244468534465,0.01076908804359419,0.04961426550614864
zhen,12,Online-B vs LanguageX,0.01,96.0435,731.371154135338,689.4459944237918,dedup,dedup,0.8686802187139206,True,0.057324054243172995,0.038325095361005326,0.08829688915125647,mtme_metricx_xxl_DA_2019-refA,0.21915379477116548,0.9945880252964706,0.025120296103416595,0.0040309799687136645,0.04558516842186405,0.03395520188424872,0.014034709455116378,0.053697045770516184,0.033992774072723164,0.014082599321657691,0.052979184859597565,0.02706360733710056,0.012170344186835625,0.04636043272677757
zhen,12,Online-B vs LanguageX,0.01,96.0435,731.371154135338,689.4459944237918,dedup,dedup,0.8686802187139206,True,0.057324054243172995,0.038325095361005326,0.08829688915125647,mtme_metricx_xxl_MQM_2020-refA,0.26463451411215444,0.9848440687329651,0.02274235398477986,0.0004370770311207699,0.042750768805452984,0.03597839945395598,0.015669103692270356,0.05595054128645673,0.028410994830176506,0.008222264125951834,0.04821571955683772,0.03356886197268505,0.016902675587385774,0.05289705363131561
zhen,12,Online-B vs LanguageX,0.02,96.0435,266.8814112426035,249.18917597765363,dedup,dedup,0.640126678164582,True,0.06629249741514254,0.03016712694103947,0.10217109783919238,mtme_BERTScore-refA,0.1711124569324678,0.9400920205176692,-0.00721504143263485,-0.03266748365077589,0.026941671995450434,0.034335540745709214,0.009466257388837393,0.05889198194516143,-0.010372445572978117,-0.033725785861709066,0.022206984237600712,0.0010884328923378428,-0.01920749006906895,0.026595136524608234
zhen,12,Online-B vs LanguageX,0.02,96.0435,266.8814112426035,249.18917597765363,dedup,dedup,0.640126678164582,True,0.06629249741514254,0.03016712694103947,0.10217109783919238,mtme_BLEU-refA,0.07892105619563652,0.8293746844592913,0.01565279523551466,-0.008671720716180048,0.03785864022671191,0.029989900269437486,0.009269756772040713,0.04745714379315026,0.019413668184718347,-0.0029166829462653754,0.04054865548819562,-0.004199811766393946,-0.02368115979798261,0.01070677242730216
zhen,12,Online-B vs LanguageX,0.02,96.0435,266.8814112426035,249.18917597765363,dedup,dedup,0.640126678164582,True,0.06629249741514254,0.03016712694103947,0.10217109783919238,mtme_BLEURT-20-refA,0.19618064942383456,0.9802219595565596,0.017710213966549926,-0.011692095877003882,0.048408892940326284,0.01623139107385352,-0.0107232679161268,0.05098551224494903,0.010946205696744649,-0.015028497614724233,0.04268310681911659,0.01759866668150578,-0.0057919279125724305,0.03970483020709877
zhen,12,Online-B vs LanguageX,0.02,96.0435,266.8814112426035,249.18917597765363,dedup,dedup,0.640126678164582,True,0.06629249741514254,0.03016712694103947,0.10217109783919238,mtme_COMET-20-refA,0.19409672410551693,0.9752672183823412,-0.004453410146769032,-0.024797404608325597,0.024348284329005265,0.02226047869891523,-0.007553757220947559,0.0490119458574287,-0.006044548702201613,-0.036444713440494006,0.025371663040317214,0.0065367688807354,-0.011443827865824045,0.030466816004053546
zhen,12,Online-B vs LanguageX,0.02,96.0435,266.8814112426035,249.18917597765363,dedup,dedup,0.640126678164582,True,0.06629249741514254,0.03016712694103947,0.10217109783919238,mtme_COMET-22-refA,0.2498448026014451,0.9866351677254928,-0.00021936348231310632,-0.029157105114655107,0.03390080778618643,0.023938822211016397,-0.006557381938848909,0.05734191099062204,0.013083892947806763,-0.026000594354918038,0.043516760982095205,0.009933692707557062,-0.01618887100266212,0.03744792040095859
zhen,12,Online-B vs LanguageX,0.02,96.0435,266.8814112426035,249.18917597765363,dedup,dedup,0.640126678164582,True,0.06629249741514254,0.03016712694103947,0.10217109783919238,mtme_COMET-QE-src,0.19141693076374922,0.922900899652606,0.003991863724372879,-0.02480583507889157,0.03353978714603462,0.014613880056176476,-0.013221481220571962,0.04726686313047126,-0.0037533091823787057,-0.036159461165997685,0.028098360916962033,0.0077035633593220965,-0.020728470968668512,0.028950808461866862
zhen,12,Online-B vs LanguageX,0.02,96.0435,266.8814112426035,249.18917597765363,dedup,dedup,0.640126678164582,True,0.06629249741514254,0.03016712694103947,0.10217109783919238,mtme_COMETKiwi-src,0.21115817396699121,0.959377087982424,-0.006471222728239523,-0.036853417566147274,0.030926209422763903,0.0370486084840711,0.006488566766974277,0.0630098339839841,0.007763607727126698,-0.023478953215833626,0.0430826018799648,-0.0032713762210820896,-0.029228647326045305,0.022213847576371685
zhen,12,Online-B vs LanguageX,0.02,96.0435,266.8814112426035,249.18917597765363,dedup,dedup,0.640126678164582,True,0.06629249741514254,0.03016712694103947,0.10217109783919238,mtme_Cross-QE-src,0.2152109060564269,0.966162403744368,-0.0023472209606762995,-0.03590525106583266,0.03253738251678899,0.04577760903358341,0.014598856469599292,0.07784693063085338,0.020798076037512936,-0.01320861617963936,0.04658093742424367,0.024165972729928376,0.003042809357431205,0.05121768533039807
zhen,12,Online-B vs LanguageX,0.02,96.0435,266.8814112426035,249.18917597765363,dedup,dedup,0.640126678164582,True,0.06629249741514254,0.03016712694103947,0.10217109783919238,mtme_HWTSC-TLM-src,0.05407859490924165,0.498241633134339,-0.022184495595981346,-0.04276085749778503,-0.00016866178178503825,0.004520611305870448,-0.008231511406377012,0.019278394915550792,-0.0015203475084417661,-0.020416568676174845,0.015639865896485226,0.002223429758679285,-0.012541372785646987,0.014257254902033856
zhen,12,Online-B vs LanguageX,0.02,96.0435,266.8814112426035,249.18917597765363,dedup,dedup,0.640126678164582,True,0.06629249741514254,0.03016712694103947,0.10217109783919238,mtme_HWTSC-Teacher-Sim-src,0.10230253632728706,0.3949247735620734,-0.007368964609613782,-0.03318619561022998,0.018089974274171895,0.02589198698305073,0.0027739004540863563,0.04400694216498581,-0.005009350123968526,-0.023349184542412176,0.01777129980857435,0.005738649046424404,-0.010208552333316679,0.023896504187997363
zhen,12,Online-B vs LanguageX,0.02,96.0435,266.8814112426035,249.18917597765363,dedup,dedup,0.640126678164582,True,0.06629249741514254,0.03016712694103947,0.10217109783919238,mtme_KG-BERTScore-src,0.076548611753261,0.679795467170797,-0.01795242434285771,-0.046980016508571934,0.008435237977631814,-0.0003309147986030325,-0.019849068892947287,0.020003593932637894,-0.015738537357842475,-0.035850889858801575,0.009117496801113678,0.011087503063280102,-0.0033958488013695826,0.028721409196212546
zhen,12,Online-B vs LanguageX,0.02,96.0435,266.8814112426035,249.18917597765363,dedup,dedup,0.640126678164582,True,0.06629249741514254,0.03016712694103947,0.10217109783919238,mtme_MATESE-QE-src,0.23994520897123062,0.9351848265501388,0.0083967631867784,-0.023847143044250133,0.038478244709060264,0.05956149591575255,0.028453747490555157,0.0895187948438956,0.027288611555158493,-0.0026331639641925574,0.05643380545897802,0.043063069933275355,0.018580964595326387,0.07112242624200453
zhen,12,Online-B vs LanguageX,0.02,96.0435,266.8814112426035,249.18917597765363,dedup,dedup,0.640126678164582,True,0.06629249741514254,0.03016712694103947,0.10217109783919238,mtme_MATESE-refA,0.20686387968980102,0.9674894649743352,-0.018232670036814946,-0.04643450830226748,0.011256228089618571,-0.004484306041049546,-0.034122098037310034,0.024154987425680594,-0.02235371889538529,-0.05649550817106304,0.008176306011547433,0.028188567110034146,0.006663539069478541,0.06442715962167413
zhen,12,Online-B vs LanguageX,0.02,96.0435,266.8814112426035,249.18917597765363,dedup,dedup,0.640126678164582,True,0.06629249741514254,0.03016712694103947,0.10217109783919238,mtme_MEE-refA,0.07568862057806422,0.8976609341086564,0.0015379140434398364,-0.01954749220871945,0.026260496352637767,0.02788591264912421,0.00740072288363366,0.04701012715540167,0.020582012384186443,-0.00232659517117823,0.0392531785453688,0.007006260568302114,-0.008787103707110323,0.02074175669697635
zhen,12,Online-B vs LanguageX,0.02,96.0435,266.8814112426035,249.18917597765363,dedup,dedup,0.640126678164582,True,0.06629249741514254,0.03016712694103947,0.10217109783919238,mtme_MEE2-refA,0.10514224602673358,0.9352238472927537,0.01042027634966558,-0.011317956251076062,0.033048629531223235,0.03057386400417661,0.008298501278941278,0.04729678860333939,0.028760421780462342,0.005840054806845175,0.04781983810489841,0.008247836857535162,-0.010460171882169017,0.029205589176847856
zhen,12,Online-B vs LanguageX,0.02,96.0435,266.8814112426035,249.18917597765363,dedup,dedup,0.640126678164582,True,0.06629249741514254,0.03016712694103947,0.10217109783919238,mtme_MEE4-refA,0.12268494469733113,0.9593140488993936,-0.0016472203308244282,-0.028979820228551216,0.024029868650183916,0.025730029013092404,0.002400845470661714,0.045687418144908766,0.015701011555376287,-0.009896707437015095,0.03590359931359289,0.009322932665966732,-0.007199252639484843,0.03307900382979532
zhen,12,Online-B vs LanguageX,0.02,96.0435,266.8814112426035,249.18917597765363,dedup,dedup,0.640126678164582,True,0.06629249741514254,0.03016712694103947,0.10217109783919238,mtme_MS-COMET-22-refA,0.19674308523844963,0.98746083650136,-0.019197960760444,-0.05010157743529181,0.010247047979488461,0.00863116542077702,-0.018415863561542123,0.036575997531489275,-0.01659717746361955,-0.04563618231314818,0.014688123188281164,0.008156476535785995,-0.014648857838592226,0.03232586726213476
zhen,12,Online-B vs LanguageX,0.02,96.0435,266.8814112426035,249.18917597765363,dedup,dedup,0.640126678164582,True,0.06629249741514254,0.03016712694103947,0.10217109783919238,mtme_MS-COMET-QE-22-src,0.19846697622060228,0.9490970977882788,-0.030141363616559502,-0.05890378859833414,0.004405317428130334,0.01072605167205698,-0.012510604513939243,0.03682465864040332,-0.029816158720363584,-0.058558561520664736,-0.0004938569515662383,0.012993167652281201,-0.01225508639342736,0.03413446368991311
zhen,12,Online-B vs LanguageX,0.02,96.0435,266.8814112426035,249.18917597765363,dedup,dedup,0.640126678164582,True,0.06629249741514254,0.03016712694103947,0.10217109783919238,mtme_REUSE-src,-0.007704194729919033,-0.0713802384978524,-0.009716406907045672,-0.02670458463629187,0.009808444673550338,-9.220654146435692e-05,-0.012012067745058363,0.013008698883414346,-0.008915516095699516,-0.023714134831231908,0.00787594735303924,-0.0010224131923106672,-0.004276727653228146,0.0010938562860902698
zhen,12,Online-B vs LanguageX,0.02,96.0435,266.8814112426035,249.18917597765363,dedup,dedup,0.640126678164582,True,0.06629249741514254,0.03016712694103947,0.10217109783919238,mtme_SEScore-refA,0.18215685292435127,0.93964771879046,0.006398512360506592,-0.020855617566190105,0.037337931638034276,0.029273353380229072,-0.0007909373626655057,0.060204126937534914,0.0081310493371064,-0.020976722576630528,0.041660192204533486,0.014519349249533575,-0.006277059539359498,0.04149816475492097
zhen,12,Online-B vs LanguageX,0.02,96.0435,266.8814112426035,249.18917597765363,dedup,dedup,0.640126678164582,True,0.06629249741514254,0.03016712694103947,0.10217109783919238,mtme_UniTE-ref-refA,0.2523526642485687,0.975743491343244,0.024629759707504584,-0.006563649236480412,0.056301023776160586,0.04849619286212348,0.0187543479938224,0.08052006015561913,0.04088929500118965,0.013802248127433171,0.06812547654530152,0.03337192533849109,0.0068972306795208,0.07127232307489209
zhen,12,Online-B vs LanguageX,0.02,96.0435,266.8814112426035,249.18917597765363,dedup,dedup,0.640126678164582,True,0.06629249741514254,0.03016712694103947,0.10217109783919238,mtme_UniTE-refA,0.24690554376806956,0.9824419355235168,0.020770202053899567,-0.0074971969815042444,0.04892507251668129,0.04636347438578026,0.017072453445665648,0.07832243957406324,0.022321920652459082,-0.008944492049999963,0.05221198772977485,0.033632576373235024,0.009479076862167765,0.07179572645732148
zhen,12,Online-B vs LanguageX,0.02,96.0435,266.8814112426035,249.18917597765363,dedup,dedup,0.640126678164582,True,0.06629249741514254,0.03016712694103947,0.10217109783919238,mtme_UniTE-src-src,0.24099549153915184,0.9607040026515832,-7.777911932982384e-05,-0.03244495619845944,0.031728367155548894,0.03778853604907895,0.004841537299808566,0.06680429345444405,0.010769273644756772,-0.0192338506288567,0.040817258499169125,0.0376236941583451,0.014655229082326767,0.0680604122118583
zhen,12,Online-B vs LanguageX,0.02,96.0435,266.8814112426035,249.18917597765363,dedup,dedup,0.640126678164582,True,0.06629249741514254,0.03016712694103947,0.10217109783919238,mtme_YiSi-1-refA,0.15630661386962194,0.9604473082422414,-0.011324639774418888,-0.036478540903257216,0.014286615370933843,0.017768286269442046,-0.0050283269972407445,0.042456047657702486,0.005113064871695605,-0.015204800818770164,0.03499403296985954,0.004387642543886128,-0.01492606192250222,0.02620784320296793
zhen,12,Online-B vs LanguageX,0.02,96.0435,266.8814112426035,249.18917597765363,dedup,dedup,0.640126678164582,True,0.06629249741514254,0.03016712694103947,0.10217109783919238,mtme_chrF-refA,0.09704323296005346,0.9157360845392822,0.017592364932588644,-0.004351779699565772,0.03709888264358784,0.025769754552893542,0.0045632738106582025,0.0478516393163738,0.022980554299564915,-0.0021259540464694357,0.04720180709511622,-0.0055437515316401065,-0.0233558012183176,0.008383994550352917
zhen,12,Online-B vs LanguageX,0.02,96.0435,266.8814112426035,249.18917597765363,dedup,dedup,0.640126678164582,True,0.06629249741514254,0.03016712694103947,0.10217109783919238,mtme_f101spBLEU-refA,0.08775142770829861,0.8645720481576694,0.01243566295366516,-0.00750754055434839,0.03596017701388692,0.030241715319073714,0.006735059330750965,0.051147360963962114,0.017569163617274897,-0.005901997072749026,0.036943341364597024,0.009190956486666457,-0.009490564018387132,0.024643187314135468
zhen,12,Online-B vs LanguageX,0.02,96.0435,266.8814112426035,249.18917597765363,dedup,dedup,0.640126678164582,True,0.06629249741514254,0.03016712694103947,0.10217109783919238,mtme_f200spBLEU-refA,0.08756769495413635,0.8696321738056851,0.009252713199149665,-0.015768412149466077,0.034428158654058794,0.028040892730790135,0.007633876503746876,0.04817291906399922,0.020582012384186443,-0.0002012216767017068,0.04295534127071574,0.008404091417645865,-0.010344440091920747,0.022067321731551886
zhen,12,Online-B vs LanguageX,0.02,96.0435,266.8814112426035,249.18917597765363,dedup,dedup,0.640126678164582,True,0.06629249741514254,0.03016712694103947,0.10217109783919238,mtme_metricx_xl_DA_2019-refA,0.21192675914360654,0.9937925634685278,0.0006296324816665866,-0.027272091015195652,0.03161267519448766,0.02531508560100948,-0.0017220963949296617,0.054555440556766144,0.01941366818471857,-0.009859968602781271,0.0529742290015184,0.01745822305544109,-0.00995489536447559,0.04818245856256509
zhen,12,Online-B vs LanguageX,0.02,96.0435,266.8814112426035,249.18917597765363,dedup,dedup,0.640126678164582,True,0.06629249741514254,0.03016712694103947,0.10217109783919238,mtme_metricx_xl_MQM_2020-refA,0.2515449474568473,0.9880707146931909,0.02351076710042055,-0.008639544276318654,0.057702390263849386,0.04156419382942689,0.008052304060954347,0.07174147456559743,0.03173827467910639,-0.005822005979030092,0.06196301041476238,0.012311972454977171,-0.01195476132145679,0.039916667336795386
zhen,12,Online-B vs LanguageX,0.02,96.0435,266.8814112426035,249.18917597765363,dedup,dedup,0.640126678164582,True,0.06629249741514254,0.03016712694103947,0.10217109783919238,mtme_metricx_xxl_DA_2019-refA,0.21915379477116548,0.9945880252964706,-0.0013854137056312776,-0.03225998727251828,0.030234849185814105,0.026899725462791402,-0.004309971700562343,0.055007223067188124,-0.00170206639466719,-0.03162519601817116,0.03024958485987498,0.01117804171894754,-0.015629434008784138,0.038866299497345366
zhen,12,Online-B vs LanguageX,0.02,96.0435,266.8814112426035,249.18917597765363,dedup,dedup,0.640126678164582,True,0.06629249741514254,0.03016712694103947,0.10217109783919238,mtme_metricx_xxl_MQM_2020-refA,0.26463451411215444,0.9848440687329651,0.0162829955675432,-0.020629918574528092,0.04882824553593322,0.057143396866205065,0.022417355131930692,0.0884325396953341,0.03288857128524936,-0.004522065487761484,0.06733338305997348,0.04349886561850713,0.00841244527809022,0.07966700262807791
zhen,13,Online-B vs JDExploreAcademy,0.01,97.1015,681.1343754716981,630.0780756457556,dedup,dedup,0.8574414924621072,True,0.074957749402363,0.0484470073815286,0.10303619957247469,mtme_BERTScore-refA,0.18001853884069974,0.9400920205176692,-0.012121029889430313,-0.03716120536731098,0.01380909660773231,0.0007118091727379428,-0.02261325833609221,0.023345759576277384,-0.0071484419189487,-0.028510543880178284,0.015300783639423806,-0.004268795467943898,-0.026361890994183734,0.013141704954067196
zhen,13,Online-B vs JDExploreAcademy,0.01,97.1015,681.1343754716981,630.0780756457556,dedup,dedup,0.8574414924621072,True,0.074957749402363,0.0484470073815286,0.10303619957247469,mtme_BLEU-refA,0.08390185741027867,0.8293746844592913,-0.0007277451989931016,-0.01762401153652134,0.015016783406958606,0.007632890914131885,-0.005194229210580087,0.023304158649553968,0.009067366252363263,-0.007194895062576378,0.02540684094940136,-0.004664230762407406,-0.01842423141172948,0.0078239518445739
zhen,13,Online-B vs JDExploreAcademy,0.01,97.1015,681.1343754716981,630.0780756457556,dedup,dedup,0.8574414924621072,True,0.074957749402363,0.0484470073815286,0.10303619957247469,mtme_BLEURT-20-refA,0.2324146301520878,0.9802219595565596,-0.010290756871363271,-0.04097259614708771,0.01417004366260327,0.0036765977215006407,-0.024227892816159412,0.027556061672446473,0.0028266045410169083,-0.028863681350740522,0.027107049113143742,0.020452986646561366,0.0001666925905230658,0.04281467288781452
zhen,13,Online-B vs JDExploreAcademy,0.01,97.1015,681.1343754716981,630.0780756457556,dedup,dedup,0.8574414924621072,True,0.074957749402363,0.0484470073815286,0.10303619957247469,mtme_COMET-20-refA,0.18921981974301277,0.9752672183823412,0.007147852490413276,-0.022522425621372095,0.03172298775476709,0.01572818372363649,-0.00717375177502462,0.041824650418715754,0.008687652192243323,-0.014022210581631354,0.031771519337064735,0.013594176330079422,-0.006417913140560716,0.02958849917646583
zhen,13,Online-B vs JDExploreAcademy,0.01,97.1015,681.1343754716981,630.0780756457556,dedup,dedup,0.8574414924621072,True,0.074957749402363,0.0484470073815286,0.10303619957247469,mtme_COMET-22-refA,0.2960571169310655,0.9866351677254928,0.005982473051865611,-0.02025654542956894,0.0319853051789476,0.04396767832757653,0.017688801024437786,0.07348421331865211,0.022455802742523345,-0.0015383261394020231,0.048382740253326256,0.04637777919414543,0.022947805810630554,0.0745285804596265
zhen,13,Online-B vs JDExploreAcademy,0.01,97.1015,681.1343754716981,630.0780756457556,dedup,dedup,0.8574414924621072,True,0.074957749402363,0.0484470073815286,0.10303619957247469,mtme_COMET-QE-src,0.18102502783365987,0.922900899652606,-0.011025836095657882,-0.031213641209070563,0.008063711576228054,-0.008590463622877076,-0.025637853170116687,0.015487655555961407,-0.010490856638792234,-0.026454772794929683,0.010820278847830486,0.01891507522424718,-0.0008481428066394067,0.03885403722910368
zhen,13,Online-B vs JDExploreAcademy,0.01,97.1015,681.1343754716981,630.0780756457556,dedup,dedup,0.8574414924621072,True,0.074957749402363,0.0484470073815286,0.10303619957247469,mtme_COMETKiwi-src,0.2165907237228501,0.959377087982424,0.009276114529195634,-0.016308415649843512,0.03383432105081529,0.029416652091364015,0.00827912158079799,0.051979020310661234,0.02979306165646589,0.0054549443321338376,0.05500957635239708,0.03445375535583195,0.011526778591437586,0.06064674145107726
zhen,13,Online-B vs JDExploreAcademy,0.01,97.1015,681.1343754716981,630.0780756457556,dedup,dedup,0.8574414924621072,True,0.074957749402363,0.0484470073815286,0.10303619957247469,mtme_Cross-QE-src,0.19321903490649245,0.966162403744368,-0.002661896381671802,-0.02573555762214007,0.022067581187885113,0.014926646287754863,-0.006590221812978602,0.045958847470251384,-0.004239906811525307,-0.025140330527309913,0.021764996162228562,0.015711093094425754,-0.00510259358763847,0.034788768970440434
zhen,13,Online-B vs JDExploreAcademy,0.01,97.1015,681.1343754716981,630.0780756457556,dedup,dedup,0.8574414924621072,True,0.074957749402363,0.0484470073815286,0.10303619957247469,mtme_HWTSC-TLM-src,0.06384819624760069,0.498241633134339,-0.008209623483100614,-0.025321557043002995,0.006761104975871825,0.013176652747597717,0.0003207477416968532,0.026978709216497917,-0.00048335988433745314,-0.016388628379251986,0.01504207504706476,-0.0004965508826006992,-0.01204882296773524,0.00939606771706526
zhen,13,Online-B vs JDExploreAcademy,0.01,97.1015,681.1343754716981,630.0780756457556,dedup,dedup,0.8574414924621072,True,0.074957749402363,0.0484470073815286,0.10303619957247469,mtme_HWTSC-Teacher-Sim-src,0.09835911365005304,0.3949247735620734,-0.006018098031874253,-0.02534131652160912,0.010573222489791964,0.011361410470313249,-0.003299648265766064,0.02995572064208952,0.0014186354866235762,-0.012756780374897969,0.01950731908522321,0.0016214503677929315,-0.012664260745598782,0.013882568146612434
zhen,13,Online-B vs JDExploreAcademy,0.01,97.1015,681.1343754716981,630.0780756457556,dedup,dedup,0.8574414924621072,True,0.074957749402363,0.0484470073815286,0.10303619957247469,mtme_KG-BERTScore-src,0.07282808255432258,0.679795467170797,-0.0036950841805278856,-0.021544595452392627,0.015426448092702333,0.016022903648206577,0.003446282265033405,0.03329967201168085,0.005263137655373562,-0.009593127742542328,0.02491025377802853,0.004080033438243702,-0.008505622698592324,0.014131468979059158
zhen,13,Online-B vs JDExploreAcademy,0.01,97.1015,681.1343754716981,630.0780756457556,dedup,dedup,0.8574414924621072,True,0.074957749402363,0.0484470073815286,0.10303619957247469,mtme_MATESE-QE-src,0.2148136272458777,0.9351848265501388,-2.666608057544373e-05,-0.022714786217955862,0.020583394157198974,0.02261283632813549,0.0003248936683342919,0.04673958586844726,0.021488618612958255,-0.002271730654093068,0.04407930038023563,0.01999593666563293,-0.002300907112489691,0.041782958957024614
zhen,13,Online-B vs JDExploreAcademy,0.01,97.1015,681.1343754716981,630.0780756457556,dedup,dedup,0.8574414924621072,True,0.074957749402363,0.0484470073815286,0.10303619957247469,mtme_MATESE-refA,0.23806270515358685,0.9674894649743352,-0.009259010692342473,-0.040806186230864815,0.016252004262739626,0.03191271423160491,0.008543846072126472,0.061502060746209,0.006561355119308554,-0.01778940428223828,0.03746177471945756,0.05604670214786278,0.0317371922250379,0.08806322606924442
zhen,13,Online-B vs JDExploreAcademy,0.01,97.1015,681.1343754716981,630.0780756457556,dedup,dedup,0.8574414924621072,True,0.074957749402363,0.0484470073815286,0.10303619957247469,mtme_MEE-refA,0.08794046106302486,0.8976609341086564,-0.003985304564264602,-0.021486676171430606,0.011505507502361232,0.010084842945760175,-0.00640306705238301,0.02876722005895951,0.004309238621021949,-0.01319496390990351,0.02198894033560147,-0.0014827957396543745,-0.01669214390846809,0.012504315083280966
zhen,13,Online-B vs JDExploreAcademy,0.01,97.1015,681.1343754716981,630.0780756457556,dedup,dedup,0.8574414924621072,True,0.074957749402363,0.0484470073815286,0.10303619957247469,mtme_MEE2-refA,0.11342295869321828,0.9352238472927537,0.0038476213904338197,-0.016460844532927763,0.02170132950746474,0.002596288615452691,-0.013357961373712802,0.022158657044054203,-0.004373043981935609,-0.02260320014694501,0.01291450273168186,0.004179250798375778,-0.009193399365199188,0.019274553626605365
zhen,13,Online-B vs JDExploreAcademy,0.01,97.1015,681.1343754716981,630.0780756457556,dedup,dedup,0.8574414924621072,True,0.074957749402363,0.0484470073815286,0.10303619957247469,mtme_MEE4-refA,0.1381338179920408,0.9593140488993936,-0.007941412758095234,-0.030036447460314367,0.012942956251947801,-0.000447117445578904,-0.017730451758778114,0.019419413347633575,-0.00741084317844809,-0.02869515526126377,0.010098722861576231,0.011203589717870832,-0.0048658158240949545,0.027307289691437624
zhen,13,Online-B vs JDExploreAcademy,0.01,97.1015,681.1343754716981,630.0780756457556,dedup,dedup,0.8574414924621072,True,0.074957749402363,0.0484470073815286,0.10303619957247469,mtme_MS-COMET-22-refA,0.1914787463524385,0.98746083650136,-0.006618785824098694,-0.02792007965737328,0.021027856087095037,0.008321646220936119,-0.013094294405147033,0.030331559740990523,0.0009404502097435374,-0.021822355701564062,0.027813772547280947,0.010899208493550083,-0.010192087069223954,0.02943411132592836
zhen,13,Online-B vs JDExploreAcademy,0.01,97.1015,681.1343754716981,630.0780756457556,dedup,dedup,0.8574414924621072,True,0.074957749402363,0.0484470073815286,0.10303619957247469,mtme_MS-COMET-QE-22-src,0.17563027998577363,0.9490970977882788,-0.02822899254165412,-0.05208895699210195,-0.00021762792139506644,0.004537444131632595,-0.01360532213501261,0.028786123764925925,0.0011777518920904617,-0.020652593579441936,0.02627066526132775,0.011623253825343238,-0.005171067068181733,0.0327978260338346
zhen,13,Online-B vs JDExploreAcademy,0.01,97.1015,681.1343754716981,630.0780756457556,dedup,dedup,0.8574414924621072,True,0.074957749402363,0.0484470073815286,0.10303619957247469,mtme_REUSE-src,0.023220546389948603,-0.0713802384978524,-0.027244753988415082,-0.04181446901234963,-0.011257745825314771,-0.006444236472243681,-0.0167232476375468,0.0025284108371207473,-0.017949449052883537,-0.03106181613963623,-0.005837739780221184,0.0019948720758513616,-0.006598337774104507,0.011879941770346573
zhen,13,Online-B vs JDExploreAcademy,0.01,97.1015,681.1343754716981,630.0780756457556,dedup,dedup,0.8574414924621072,True,0.074957749402363,0.0484470073815286,0.10303619957247469,mtme_SEScore-refA,0.16331240537395406,0.93964771879046,-0.018770420780190644,-0.044101810051883454,-0.00017536782491776236,0.0018792260959509255,-0.017330309887914647,0.0226284876825461,-0.005760742950442044,-0.025442066056736344,0.0152125922288623,0.001556186968647344,-0.020707454433464438,0.01989800854603596
zhen,13,Online-B vs JDExploreAcademy,0.01,97.1015,681.1343754716981,630.0780756457556,dedup,dedup,0.8574414924621072,True,0.074957749402363,0.0484470073815286,0.10303619957247469,mtme_UniTE-ref-refA,0.2773102480201999,0.975743491343244,0.010095758498521845,-0.01790450237094369,0.037638132322104396,0.025390706308100475,-0.0046917711576888845,0.055474508077871416,0.02087379152687785,-0.005185725278662965,0.05237878130722392,0.03591802584500414,0.011945265278719924,0.06683677982609536
zhen,13,Online-B vs JDExploreAcademy,0.01,97.1015,681.1343754716981,630.0780756457556,dedup,dedup,0.8574414924621072,True,0.074957749402363,0.0484470073815286,0.10303619957247469,mtme_UniTE-refA,0.2728771358005925,0.9824419355235168,0.0014082000962466479,-0.02380314758383632,0.024990969180801632,0.033334806184850185,0.004530719665076383,0.06800556807293263,0.02119953405762698,-0.009424370361152028,0.05406587876149474,0.039791021288865136,0.016702073404862804,0.06761443682379728
zhen,13,Online-B vs JDExploreAcademy,0.01,97.1015,681.1343754716981,630.0780756457556,dedup,dedup,0.8574414924621072,True,0.074957749402363,0.0484470073815286,0.10303619957247469,mtme_UniTE-src-src,0.226877247845684,0.9607040026515832,0.012911971111079223,-0.012589142048567491,0.03789115290135804,0.017136290029915235,-0.008155865643421245,0.04211864269818125,0.010095758498521845,-0.013164231049409274,0.03831991522060929,0.03507539943282889,0.013176154478838395,0.06061886007192114
zhen,13,Online-B vs JDExploreAcademy,0.01,97.1015,681.1343754716981,630.0780756457556,dedup,dedup,0.8574414924621072,True,0.074957749402363,0.0484470073815286,0.10303619957247469,mtme_YiSi-1-refA,0.1787950897721664,0.9604473082422414,-0.01022120392064152,-0.03408499988278445,0.01054895100166692,0.0014082000962466479,-0.02186789422050971,0.022490291497335467,-0.0046253528853004156,-0.03061001017420119,0.018491706900307627,0.005183723239298166,-0.01465743289125908,0.021185753077882234
zhen,13,Online-B vs JDExploreAcademy,0.01,97.1015,681.1343754716981,630.0780756457556,dedup,dedup,0.8574414924621072,True,0.074957749402363,0.0484470073815286,0.10303619957247469,mtme_chrF-refA,0.09743499031287078,0.9157360845392822,-0.005393410870543347,-0.026701171073646012,0.01581306461257263,0.0038476213904338197,-0.010657275614876421,0.02315333789858025,-0.002661896381671802,-0.02014512436374677,0.016700972276679868,0.005304265642219419,-0.008933683568714101,0.01853365984065154
zhen,13,Online-B vs JDExploreAcademy,0.01,97.1015,681.1343754716981,630.0780756457556,dedup,dedup,0.8574414924621072,True,0.074957749402363,0.0484470073815286,0.10303619957247469,mtme_f101spBLEU-refA,0.08833880788423384,0.8645720481576694,-0.0028266045410167973,-0.02104906169906324,0.014156318452144802,0.006198415575900396,-0.0069119360999105265,0.020351712823791435,0.0018949895612061507,-0.013332376977575,0.017790267110494154,-0.006630520756983005,-0.021463989248186776,0.004600634817260718
zhen,13,Online-B vs JDExploreAcademy,0.01,97.1015,681.1343754716981,630.0780756457556,dedup,dedup,0.8574414924621072,True,0.074957749402363,0.0484470073815286,0.10303619957247469,mtme_f200spBLEU-refA,0.08897232649117927,0.8696321738056851,-0.0017238004966051435,-0.01814340139423281,0.015704490897879914,0.004014825338814809,-0.009868759989950964,0.01866372553149834,0.0026285280864380978,-0.01187931804940191,0.019299712477828506,-0.004789574518191175,-0.01914745246594554,0.005918941426168501
zhen,13,Online-B vs JDExploreAcademy,0.01,97.1015,681.1343754716981,630.0780756457556,dedup,dedup,0.8574414924621072,True,0.074957749402363,0.0484470073815286,0.10303619957247469,mtme_metricx_xl_DA_2019-refA,0.2766062587742183,0.9937925634685278,0.013847125680897854,-0.013888401696808949,0.041458587058954506,0.018587066224262982,-0.013477330384990976,0.04812702254760702,0.014133022705084763,-0.014793056334689952,0.04293656776649403,0.028596673399142514,0.0052556317491767035,0.050355448818561216
zhen,13,Online-B vs JDExploreAcademy,0.01,97.1015,681.1343754716981,630.0780756457556,dedup,dedup,0.8574414924621072,True,0.074957749402363,0.0484470073815286,0.10303619957247469,mtme_metricx_xl_MQM_2020-refA,0.3187222767903424,0.9880707146931909,0.017316952725815016,-0.008778451861584555,0.04990623747163315,0.04214593935038691,0.017217254990953147,0.06969250008971428,0.028401140480144416,0.0020204013920374886,0.058631208859998604,0.04053327955867425,0.014144524313629787,0.06418471605657391
zhen,13,Online-B vs JDExploreAcademy,0.01,97.1015,681.1343754716981,630.0780756457556,dedup,dedup,0.8574414924621072,True,0.074957749402363,0.0484470073815286,0.10303619957247469,mtme_metricx_xxl_DA_2019-refA,0.27691479013902637,0.9945880252964706,0.005252272267705194,-0.027345295203748062,0.03461807813748077,0.01678165584907465,-0.01530693321433666,0.0481069173964761,0.0046851229113925585,-0.027059804482447648,0.030542072321677126,0.029271858787802807,0.006425426589157696,0.05210604634797969
zhen,13,Online-B vs JDExploreAcademy,0.01,97.1015,681.1343754716981,630.0780756457556,dedup,dedup,0.8574414924621072,True,0.074957749402363,0.0484470073815286,0.10303619957247469,mtme_metricx_xxl_MQM_2020-refA,0.29363051085389524,0.9848440687329651,0.0027239078362394364,-0.024305487805424974,0.028954660016576223,0.032505952221694834,0.004239941603617645,0.060893855746694946,0.018834006853088114,-0.012296725892233773,0.04248230074861438,0.032646427209196305,0.012750426280719965,0.05378217716007486
zhen,13,Online-B vs JDExploreAcademy,0.02,97.1015,254.94478025477707,242.0179871794869,dedup,dedup,0.6191273266981094,True,0.05070428609039135,0.01565396027215145,0.08735282114156616,mtme_BERTScore-refA,0.18001853884069974,0.9400920205176692,0.0252309150733675,-0.007160450684694686,0.057533632256151344,0.04031301471923865,0.011938897296159531,0.07448906263503925,0.028398821596381518,-0.004080424769563489,0.055485284450628655,0.021660351024806346,-0.010392866775431364,0.05305232790707936
zhen,13,Online-B vs JDExploreAcademy,0.02,97.1015,254.94478025477707,242.0179871794869,dedup,dedup,0.6191273266981094,True,0.05070428609039135,0.01565396027215145,0.08735282114156616,mtme_BLEU-refA,0.08390185741027867,0.8293746844592913,0.00825100897732689,-0.016139625842221995,0.02941657980329409,0.020920639255055162,-0.0032464658190236805,0.04321080106280326,0.004259823239457061,-0.020037229192341386,0.026835581300585866,-0.0005472617806354663,-0.02435571762377805,0.021924785665546405
zhen,13,Online-B vs JDExploreAcademy,0.02,97.1015,254.94478025477707,242.0179871794869,dedup,dedup,0.6191273266981094,True,0.05070428609039135,0.01565396027215145,0.08735282114156616,mtme_BLEURT-20-refA,0.2324146301520878,0.9802219595565596,0.027039303541235737,-0.0019682815801884686,0.05896171514379752,0.05700049191845202,0.028660864870634604,0.09000334929141213,0.03587617089968442,0.009513200924891706,0.0692933114842655,0.02324958863469695,-0.008421795793240022,0.06849096838670525
zhen,13,Online-B vs JDExploreAcademy,0.02,97.1015,254.94478025477707,242.0179871794869,dedup,dedup,0.6191273266981094,True,0.05070428609039135,0.01565396027215145,0.08735282114156616,mtme_COMET-20-refA,0.18921981974301277,0.9752672183823412,0.026289003482499518,-0.0023013530647218545,0.05547900564225823,0.04722304048905379,0.01921061289226057,0.07710399422965002,0.02394339422858205,-0.003462144659844113,0.0486533554129249,0.011274171794078525,-0.014908179044914672,0.046148356749513175
zhen,13,Online-B vs JDExploreAcademy,0.02,97.1015,254.94478025477707,242.0179871794869,dedup,dedup,0.6191273266981094,True,0.05070428609039135,0.01565396027215145,0.08735282114156616,mtme_COMET-22-refA,0.2960571169310655,0.9866351677254928,0.06441714845143587,0.029425988449348982,0.10776248171273635,0.09556710588996709,0.05993327536688296,0.14352251482205625,0.07371774401615538,0.03950460734798667,0.11530484924633938,0.08216449034805084,0.03690816628579498,0.13428210727367165
zhen,13,Online-B vs JDExploreAcademy,0.02,97.1015,254.94478025477707,242.0179871794869,dedup,dedup,0.6191273266981094,True,0.05070428609039135,0.01565396027215145,0.08735282114156616,mtme_COMET-QE-src,0.18102502783365987,0.922900899652606,0.04573115608578404,0.0194771964086051,0.07497514974467345,0.07360583835740064,0.04543530377779236,0.11047635520462872,0.05411189937402672,0.027542568877517187,0.08541379411627024,0.04453306243200483,0.009309883307167206,0.07664147992562666
zhen,13,Online-B vs JDExploreAcademy,0.02,97.1015,254.94478025477707,242.0179871794869,dedup,dedup,0.6191273266981094,True,0.05070428609039135,0.01565396027215145,0.08735282114156616,mtme_COMETKiwi-src,0.2165907237228501,0.959377087982424,0.026768787193528154,-0.005782547362120016,0.05978865558636223,0.05926080629040886,0.026239747814916777,0.09813344393398636,0.041926638640604086,0.012015695003424573,0.08040701593578047,0.05011980103018532,0.01526299879759398,0.08492402457111246
zhen,13,Online-B vs JDExploreAcademy,0.02,97.1015,254.94478025477707,242.0179871794869,dedup,dedup,0.6191273266981094,True,0.05070428609039135,0.01565396027215145,0.08735282114156616,mtme_Cross-QE-src,0.19321903490649245,0.966162403744368,0.025010325837722336,-0.006956759180532356,0.05765609259799778,0.058764453472242684,0.027615216619918732,0.09388258255440642,0.04437315874434633,0.013745012462032281,0.0805592083736155,0.04212316803344007,0.005621712257907501,0.07765741816930707
zhen,13,Online-B vs JDExploreAcademy,0.02,97.1015,254.94478025477707,242.0179871794869,dedup,dedup,0.6191273266981094,True,0.05070428609039135,0.01565396027215145,0.08735282114156616,mtme_HWTSC-TLM-src,0.06384819624760069,0.498241633134339,-0.010618955920199014,-0.04092549913223809,0.012044295014448052,0.021444819106596236,0.0008216805556134218,0.04102968487353876,0.016151829782942162,-0.006265369922471791,0.03981282356487735,0.005622583202271492,-0.011577355492828451,0.022346969525005655
zhen,13,Online-B vs JDExploreAcademy,0.02,97.1015,254.94478025477707,242.0179871794869,dedup,dedup,0.6191273266981094,True,0.05070428609039135,0.01565396027215145,0.08735282114156616,mtme_HWTSC-Teacher-Sim-src,0.09835911365005304,0.3949247735620734,0.00526931260089103,-0.021925109195432956,0.03184590644717478,0.020411653022399556,-0.0019564103994832486,0.04369495674866698,0.015256813729970897,-0.008094685599363004,0.03759786639358487,0.010596812279031087,-0.013304279023740739,0.03297434223180727
zhen,13,Online-B vs JDExploreAcademy,0.02,97.1015,254.94478025477707,242.0179871794869,dedup,dedup,0.6191273266981094,True,0.05070428609039135,0.01565396027215145,0.08735282114156616,mtme_KG-BERTScore-src,0.07282808255432258,0.679795467170797,-0.0035106999124203675,-0.03237597882776438,0.01923242388898971,0.023421310745929014,-0.0005735216881294912,0.04893332894606317,-0.0016135694088854624,-0.028277135047985236,0.01874968846936117,0.01328794332530081,-0.006145938366943243,0.029310470516804132
zhen,13,Online-B vs JDExploreAcademy,0.02,97.1015,254.94478025477707,242.0179871794869,dedup,dedup,0.6191273266981094,True,0.05070428609039135,0.01565396027215145,0.08735282114156616,mtme_MATESE-QE-src,0.2148136272458777,0.9351848265501388,0.025482063645797748,-0.004843011634214305,0.056553407935243244,0.060247028363078825,0.028436886213370975,0.09345668754646339,0.030400080836395116,0.000640719109550384,0.05648602044182104,0.04489145698358632,0.008543832540407253,0.08511749460496258
zhen,13,Online-B vs JDExploreAcademy,0.02,97.1015,254.94478025477707,242.0179871794869,dedup,dedup,0.6191273266981094,True,0.05070428609039135,0.01565396027215145,0.08735282114156616,mtme_MATESE-refA,0.23806270515358685,0.9674894649743352,0.04318208974647186,0.011480744618550582,0.07932379710582861,0.06975082910707087,0.03473064944545741,0.1106805942724315,0.03908341113613867,0.004848422937698292,0.07401292810102435,0.047349019623001753,0.009727467314091572,0.0841393597568288
zhen,13,Online-B vs JDExploreAcademy,0.02,97.1015,254.94478025477707,242.0179871794869,dedup,dedup,0.6191273266981094,True,0.05070428609039135,0.01565396027215145,0.08735282114156616,mtme_MEE-refA,0.08794046106302486,0.8976609341086564,-0.0027419551886165294,-0.028919257640003776,0.020267761424710654,0.0223615721108833,0.0005708124842888158,0.041123235989807626,-0.0038897322133342183,-0.02871711809309709,0.013568427291907837,-0.00971222705363517,-0.03464879491533815,0.010974400789542477
zhen,13,Online-B vs JDExploreAcademy,0.02,97.1015,254.94478025477707,242.0179871794869,dedup,dedup,0.6191273266981094,True,0.05070428609039135,0.01565396027215145,0.08735282114156616,mtme_MEE2-refA,0.11342295869321828,0.9352238472927537,0.0021172335743729898,-0.027153251006064794,0.02620735975932301,0.018668649808412763,-0.007505682334960772,0.040516214995213504,0.0009587193422133655,-0.025106704193375077,0.02145030137413978,0.004378895293595142,-0.020414534807075092,0.029993747867336884
zhen,13,Online-B vs JDExploreAcademy,0.02,97.1015,254.94478025477707,242.0179871794869,dedup,dedup,0.6191273266981094,True,0.05070428609039135,0.01565396027215145,0.08735282114156616,mtme_MEE4-refA,0.1381338179920408,0.9593140488993936,0.0006339022677761541,-0.03117805155517369,0.026765672555983253,0.021916481884164063,-0.007030892550519906,0.04516075686831482,0.007993943102034828,-0.01854950493260473,0.03239089241788839,-0.0026578818676934457,-0.0340522914272474,0.020233203961239232
zhen,13,Online-B vs JDExploreAcademy,0.02,97.1015,254.94478025477707,242.0179871794869,dedup,dedup,0.6191273266981094,True,0.05070428609039135,0.01565396027215145,0.08735282114156616,mtme_MS-COMET-22-refA,0.1914787463524385,0.98746083650136,0.007283318469761602,-0.02045399275227729,0.03561961962062941,0.041655685298485734,0.016788396110695082,0.0702456158760831,0.015266765157176398,-0.013655550225252043,0.046401972342687635,0.041272259544665624,0.008189714605709176,0.07192270558643062
zhen,13,Online-B vs JDExploreAcademy,0.02,97.1015,254.94478025477707,242.0179871794869,dedup,dedup,0.6191273266981094,True,0.05070428609039135,0.01565396027215145,0.08735282114156616,mtme_MS-COMET-QE-22-src,0.17563027998577363,0.9490970977882788,0.018868484571799682,-0.01532050661474592,0.05045657655826594,0.049484946631695115,0.022277024615299616,0.08144486239308611,0.026787375305139527,-0.012253386860029036,0.05727317728672064,0.028835381072739863,-0.005621542091951508,0.06281812420477058
zhen,13,Online-B vs JDExploreAcademy,0.02,97.1015,254.94478025477707,242.0179871794869,dedup,dedup,0.6191273266981094,True,0.05070428609039135,0.01565396027215145,0.08735282114156616,mtme_REUSE-src,0.023220546389948603,-0.0713802384978524,-0.023690730391683124,-0.046943354160337604,-0.003446868636112409,-0.0044038266980235274,-0.022071628056299863,0.01206736109360334,-0.017726362694471032,-0.04198170235100122,0.005341991316889797,-0.002765643608723778,-0.013548835179481838,0.008902977152266062
zhen,13,Online-B vs JDExploreAcademy,0.02,97.1015,254.94478025477707,242.0179871794869,dedup,dedup,0.6191273266981094,True,0.05070428609039135,0.01565396027215145,0.08735282114156616,mtme_SEScore-refA,0.16331240537395406,0.93964771879046,0.020944130927331495,-0.008867809035053752,0.05260992337199737,0.04147925708710665,0.0167991323590412,0.07574376021407969,0.026218878495652742,-0.00029621898143463604,0.055385644893826295,0.02680850020280645,-0.0026122619992606675,0.05911616051919371
zhen,13,Online-B vs JDExploreAcademy,0.02,97.1015,254.94478025477707,242.0179871794869,dedup,dedup,0.6191273266981094,True,0.05070428609039135,0.01565396027215145,0.08735282114156616,mtme_UniTE-ref-refA,0.2773102480201999,0.975743491343244,0.059016301129980686,0.026167367281048334,0.09697311960450496,0.08154288262759779,0.04656373216361611,0.1197826536744284,0.06516353808978681,0.03057547519950648,0.09973242200137061,0.05404965562205455,0.007636618467889706,0.09197076340283931
zhen,13,Online-B vs JDExploreAcademy,0.02,97.1015,254.94478025477707,242.0179871794869,dedup,dedup,0.6191273266981094,True,0.05070428609039135,0.01565396027215145,0.08735282114156616,mtme_UniTE-refA,0.2728771358005925,0.9824419355235168,0.06384082227498711,0.03195737494189166,0.0991772795118422,0.07824562418067615,0.04167959658376565,0.1207651236707777,0.0628159365112021,0.0265150352319619,0.09988206532078442,0.07002427851069926,0.024236801729410548,0.10749728638167388
zhen,13,Online-B vs JDExploreAcademy,0.02,97.1015,254.94478025477707,242.0179871794869,dedup,dedup,0.6191273266981094,True,0.05070428609039135,0.01565396027215145,0.08735282114156616,mtme_UniTE-src-src,0.226877247845684,0.9607040026515832,0.009631157734018791,-0.020583312245687116,0.04182392439302545,0.04993285451643237,0.019838291651544302,0.09006946690138745,0.036233853626097656,0.008434213473958046,0.07027645480983835,0.03327192836389492,-0.006772510486332437,0.07543369946849643
zhen,13,Online-B vs JDExploreAcademy,0.02,97.1015,254.94478025477707,242.0179871794869,dedup,dedup,0.6191273266981094,True,0.05070428609039135,0.01565396027215145,0.08735282114156616,mtme_YiSi-1-refA,0.1787950897721664,0.9604473082422414,0.025994082670881546,-0.00607211188024902,0.05782709680685697,0.05077596054598443,0.020062651007284216,0.08473705553338885,0.034952395810931125,0.0025771471810725837,0.06684654790840383,0.038201425354066676,0.004181986219378395,0.06924159311678439
zhen,13,Online-B vs JDExploreAcademy,0.02,97.1015,254.94478025477707,242.0179871794869,dedup,dedup,0.6191273266981094,True,0.05070428609039135,0.01565396027215145,0.08735282114156616,mtme_chrF-refA,0.09743499031287078,0.9157360845392822,0.005363364404751381,-0.018713604804562894,0.02795569990061606,0.022620869862011617,0.0011751085614245997,0.044034806192129634,0.01646273970058687,-0.007855788282977614,0.03807580241264083,-0.0005796197192522445,-0.024661300206793777,0.02603481047340585
zhen,13,Online-B vs JDExploreAcademy,0.02,97.1015,254.94478025477707,242.0179871794869,dedup,dedup,0.6191273266981094,True,0.05070428609039135,0.01565396027215145,0.08735282114156616,mtme_f101spBLEU-refA,0.08833880788423384,0.8645720481576694,0.009336112599810487,-0.018270972536757663,0.03298006442599558,0.016116849482618045,-0.009462970891225586,0.03471073406690862,0.009877850990045678,-0.0150472405007104,0.03226823538090659,0.0029374393011865063,-0.018851259228262463,0.02605797608978378
zhen,13,Online-B vs JDExploreAcademy,0.02,97.1015,254.94478025477707,242.0179871794869,dedup,dedup,0.6191273266981094,True,0.05070428609039135,0.01565396027215145,0.08735282114156616,mtme_f200spBLEU-refA,0.08897232649117927,0.8696321738056851,0.012770249321749416,-0.013306749871554991,0.036231992368589795,0.017174647053567194,-0.007542223856900497,0.03536842369611729,0.015670411403140516,-0.011838398522569448,0.03915734016264178,-0.002359306343182599,-0.026135234930260837,0.0196085728145744
zhen,13,Online-B vs JDExploreAcademy,0.02,97.1015,254.94478025477707,242.0179871794869,dedup,dedup,0.6191273266981094,True,0.05070428609039135,0.01565396027215145,0.08735282114156616,mtme_metricx_xl_DA_2019-refA,0.2766062587742183,0.9937925634685278,0.05861867152564837,0.028611502961345153,0.09514426395537012,0.08578810690573657,0.05033895122812578,0.13245881290246084,0.07317242104159194,0.04147955893582779,0.11087359570327396,0.044670906490305695,0.00478962364810549,0.09038993007167685
zhen,13,Online-B vs JDExploreAcademy,0.02,97.1015,254.94478025477707,242.0179871794869,dedup,dedup,0.6191273266981094,True,0.05070428609039135,0.01565396027215145,0.08735282114156616,mtme_metricx_xl_MQM_2020-refA,0.3187222767903424,0.9880707146931909,0.08390065966262339,0.04966660255908899,0.12846260454509134,0.10466226890146801,0.06802732295204253,0.1548621740789896,0.08494453975885485,0.0486870304690948,0.13133542399153714,0.08830839694658887,0.04624610626846196,0.1467691638312797
zhen,13,Online-B vs JDExploreAcademy,0.02,97.1015,254.94478025477707,242.0179871794869,dedup,dedup,0.6191273266981094,True,0.05070428609039135,0.01565396027215145,0.08735282114156616,mtme_metricx_xxl_DA_2019-refA,0.27691479013902637,0.9945880252964706,0.03806100344746843,0.008213169813829246,0.07137839105797186,0.06214852410017013,0.028229991999260625,0.10653760256509655,0.040294604578908766,0.006837435596228686,0.07528041849395294,0.045301050756822114,0.000533185149192039,0.08634148452099681
zhen,13,Online-B vs JDExploreAcademy,0.02,97.1015,254.94478025477707,242.0179871794869,dedup,dedup,0.6191273266981094,True,0.05070428609039135,0.01565396027215145,0.08735282114156616,mtme_metricx_xxl_MQM_2020-refA,0.29363051085389524,0.9848440687329651,0.05996715453164547,0.027374454304441076,0.10117621195917055,0.08881619647884187,0.05218870713963741,0.14034785356997026,0.05553929988508832,0.01429358876518232,0.09565166213317798,0.06305011426370999,0.026269665169598656,0.10442057371823088
zhen,14,Online-B vs Online-G,0.01,96.468,504.58528155339775,478.621994818652,dedup,dedup,0.8088172534422384,True,0.05145470485150916,0.024887386618882616,0.0868460348729832,mtme_BERTScore-refA,0.12589665691473384,0.9400920205176692,-0.004086046753356554,-0.027361376837800766,0.017853550353647444,0.01989563783370618,-9.557662629168771e-05,0.043155350586040794,0.005489895673617018,-0.01561808723098373,0.028166688980811247,-0.002136395145215797,-0.018832443761315047,0.016660289954944448
zhen,14,Online-B vs Online-G,0.01,96.468,504.58528155339775,478.621994818652,dedup,dedup,0.8088172534422384,True,0.05145470485150916,0.024887386618882616,0.0868460348729832,mtme_BLEU-refA,0.05361684793709069,0.8293746844592913,-0.0052719219765111625,-0.020686815485448866,0.009451375064997106,0.01200797413231347,-0.0006034166821733465,0.028835885072499724,0.001278626875200195,-0.013920662065307187,0.01554783560003074,-0.003803285938622558,-0.015718705166815772,0.007012015105709529
zhen,14,Online-B vs Online-G,0.01,96.468,504.58528155339775,478.621994818652,dedup,dedup,0.8088172534422384,True,0.05145470485150916,0.024887386618882616,0.0868460348729832,mtme_BLEURT-20-refA,0.17011552948896164,0.9802219595565596,-0.0004519130049795983,-0.027511631530032183,0.026326047942617906,0.014598718957811396,-0.008103156997785785,0.038109828262664645,0.0021727391466260793,-0.022322941116189016,0.021834010983710624,0.0022090616467536073,-0.020160929325658026,0.025811052489550276
zhen,14,Online-B vs Online-G,0.01,96.468,504.58528155339775,478.621994818652,dedup,dedup,0.8088172534422384,True,0.05145470485150916,0.024887386618882616,0.0868460348729832,mtme_COMET-20-refA,0.16577833487189422,0.9752672183823412,-0.00835744566140173,-0.03994577461707425,0.014922498103677573,0.005570365778045372,-0.019070472064486428,0.029427737133504685,0.0059163120213822085,-0.020447988952735224,0.029721964031031865,-5.6298901191409456e-05,-0.02036005564162974,0.017666901288053125
zhen,14,Online-B vs Online-G,0.01,96.468,504.58528155339775,478.621994818652,dedup,dedup,0.8088172534422384,True,0.05145470485150916,0.024887386618882616,0.0868460348729832,mtme_COMET-22-refA,0.2252278717447717,0.9866351677254928,-0.005608454134433671,-0.043771493204754784,0.02109689008240323,0.022513793321570108,-0.011397999603304057,0.04768053710670654,0.010499159674281722,-0.02380754859589245,0.03716272295208112,0.006891311876285777,-0.018606294070504466,0.03012771053392809
zhen,14,Online-B vs Online-G,0.01,96.468,504.58528155339775,478.621994818652,dedup,dedup,0.8088172534422384,True,0.05145470485150916,0.024887386618882616,0.0868460348729832,mtme_COMET-QE-src,0.16361643981272112,0.922900899652606,-0.018374397003073417,-0.04771877868557064,0.0018629595004065827,0.0038476255142270155,-0.01678042917102257,0.023739413288420684,-0.004649337484355032,-0.025743804237821598,0.016894846914683504,-0.0036619842018030813,-0.02795019536537297,0.016131280882158913
zhen,14,Online-B vs Online-G,0.01,96.468,504.58528155339775,478.621994818652,dedup,dedup,0.8088172534422384,True,0.05145470485150916,0.024887386618882616,0.0868460348729832,mtme_COMETKiwi-src,0.19593633576265865,0.959377087982424,-0.010523655107624652,-0.04056654960690356,0.014391985786411736,0.01781970389658305,-0.007271678828039201,0.04350881883026015,0.006204841601422761,-0.022621774579882042,0.03400287695868245,0.007126493394664091,-0.015579711871973028,0.02850749515117868
zhen,14,Online-B vs Online-G,0.01,96.468,504.58528155339775,478.621994818652,dedup,dedup,0.8088172534422384,True,0.05145470485150916,0.024887386618882616,0.0868460348729832,mtme_Cross-QE-src,0.1992268341800197,0.966162403744368,0.011301407361722915,-0.020404968042570342,0.04260107364859077,0.019552046422470992,-0.004477545828129925,0.05067740322569773,0.009255049507132851,-0.018533785935504112,0.03779292817089165,0.008643474698028841,-0.012262953752868311,0.02943504964254303
zhen,14,Online-B vs Online-G,0.01,96.468,504.58528155339775,478.621994818652,dedup,dedup,0.8088172534422384,True,0.05145470485150916,0.024887386618882616,0.0868460348729832,mtme_HWTSC-TLM-src,0.036517589801772964,0.498241633134339,-0.012752057999486421,-0.031169089116108627,0.003487217291577402,0.006643300503756722,-0.004960526248950136,0.021578383249217705,0.0032735306365729855,-0.008432975231989331,0.018221121094422667,-0.0012011772704221269,-0.009173334841427877,0.006824990977312687
zhen,14,Online-B vs Online-G,0.01,96.468,504.58528155339775,478.621994818652,dedup,dedup,0.8088172534422384,True,0.05145470485150916,0.024887386618882616,0.0868460348729832,mtme_HWTSC-Teacher-Sim-src,0.09366202902825983,0.3949247735620734,-0.014788570642327192,-0.03922314075902055,0.004609351376786984,0.004077587029229557,-0.017382881071131822,0.021942490871775376,-0.004617453103355151,-0.026462497182820288,0.0116238119613799,-0.008716188888821419,-0.024977121676963143,0.006209535606213702
zhen,14,Online-B vs Online-G,0.01,96.468,504.58528155339775,478.621994818652,dedup,dedup,0.8088172534422384,True,0.05145470485150916,0.024887386618882616,0.0868460348729832,mtme_KG-BERTScore-src,0.061000845919944126,0.679795467170797,-0.02103945710379551,-0.04924863130253256,-0.003990172639678342,0.009996221521604731,-0.0036806433894098767,0.022889590140943297,0.006670258662694106,-0.009048669616324728,0.02080113513922736,-0.004858791031331133,-0.017723246354146564,0.006463729630068157
zhen,14,Online-B vs Online-G,0.01,96.468,504.58528155339775,478.621994818652,dedup,dedup,0.8088172534422384,True,0.05145470485150916,0.024887386618882616,0.0868460348729832,mtme_MATESE-QE-src,0.17886557639710104,0.9351848265501388,-0.012133057196191732,-0.04122688194412635,0.012840174962343995,0.01971497004939482,-0.005152289226049692,0.04179726574363758,-0.003559606817844063,-0.031557348835542245,0.017616209742433563,-0.004097212311039877,-0.02882010927170923,0.020143449769808607
zhen,14,Online-B vs Online-G,0.01,96.468,504.58528155339775,478.621994818652,dedup,dedup,0.8088172534422384,True,0.05145470485150916,0.024887386618882616,0.0868460348729832,mtme_MATESE-refA,0.1562827009756348,0.9674894649743352,-0.014918560811019166,-0.04501956202797959,0.008544684089057807,0.009537729066140699,-0.018364304255535164,0.03636179094767741,-0.0013908757916416548,-0.02739593317472607,0.02124853147997553,0.002384170191923163,-0.0194670999294778,0.02459499841848998
zhen,14,Online-B vs Online-G,0.01,96.468,504.58528155339775,478.621994818652,dedup,dedup,0.8088172534422384,True,0.05145470485150916,0.024887386618882616,0.0868460348729832,mtme_MEE-refA,0.059788315212141466,0.8976609341086564,-0.0005095976676521285,-0.01787864842929857,0.017252340598498152,0.008633421365963234,-0.00430670490707421,0.025776470783710315,-0.0017511628942956659,-0.016692510315057807,0.014504093922354062,0.0018536433124988205,-0.008634990257431585,0.011463668352488295
zhen,14,Online-B vs Online-G,0.01,96.468,504.58528155339775,478.621994818652,dedup,dedup,0.8088172534422384,True,0.05145470485150916,0.024887386618882616,0.0868460348729832,mtme_MEE2-refA,0.0950178588723283,0.9352238472927537,-0.006445379658062134,-0.023033692754676746,0.013242523509833173,0.01200797413231336,-0.004797060855731483,0.030722151470311557,0.0064756544528644655,-0.012559927098803424,0.029542064733030424,-0.0004359990092275279,-0.013673452285679604,0.014303700325659618
zhen,14,Online-B vs Online-G,0.01,96.468,504.58528155339775,478.621994818652,dedup,dedup,0.8088172534422384,True,0.05145470485150916,0.024887386618882616,0.0868460348729832,mtme_MEE4-refA,0.11973386314984359,0.9593140488993936,-0.00571877350987382,-0.026751046806118426,0.013520047837166996,0.006851637343700645,-0.010872141913854393,0.025832884615805116,-0.003038063998010765,-0.020986181203698433,0.016361739858178334,0.0008507872558445317,-0.01516417854140391,0.01890052463635627
zhen,14,Online-B vs Online-G,0.01,96.468,504.58528155339775,478.621994818652,dedup,dedup,0.8088172534422384,True,0.05145470485150916,0.024887386618882616,0.0868460348729832,mtme_MS-COMET-22-refA,0.1480494654435432,0.98746083650136,-0.01816831502831806,-0.04827210683040987,0.0018311977603266488,0.010608494055298512,-0.006638142947054346,0.03491581169689691,-0.0009995221999405945,-0.027243447349196884,0.020444625374856872,-0.003069945964973675,-0.021987655120983267,0.01417471842683222
zhen,14,Online-B vs Online-G,0.01,96.468,504.58528155339775,478.621994818652,dedup,dedup,0.8088172534422384,True,0.05145470485150916,0.024887386618882616,0.0868460348729832,mtme_MS-COMET-QE-22-src,0.12813838910229386,0.9490970977882788,-0.021932881794891612,-0.052107090171841244,-0.002622101423297962,-0.0029922783436509004,-0.022378039968814604,0.01434132900218304,-0.010131118012852047,-0.037783830381736334,0.009880975193528074,-0.002641918320779535,-0.018366477769904438,0.01454690092481993
zhen,14,Online-B vs Online-G,0.01,96.468,504.58528155339775,478.621994818652,dedup,dedup,0.8088172534422384,True,0.05145470485150916,0.024887386618882616,0.0868460348729832,mtme_REUSE-src,-0.010289002994807735,-0.0713802384978524,-0.014764544023469384,-0.036307774683949245,0.0010975069908938024,0.009270331404338639,-0.0038623895611172355,0.02180473815275637,-0.008029081870345678,-0.027241286831593835,0.007590943226431168,0.0003296243818455835,-0.0037477974712760097,0.004540520033366043
zhen,14,Online-B vs Online-G,0.01,96.468,504.58528155339775,478.621994818652,dedup,dedup,0.8088172534422384,True,0.05145470485150916,0.024887386618882616,0.0868460348729832,mtme_SEScore-refA,0.1543186106189598,0.93964771879046,-0.005629309030064755,-0.034666340296986294,0.016833463613278685,0.017270947786868884,-0.004791103166859905,0.03649791384788077,0.001034778073901843,-0.02031149150123702,0.018883799647243613,-0.0010543248768597469,-0.020704161722748325,0.017631282389793414
zhen,14,Online-B vs Online-G,0.01,96.468,504.58528155339775,478.621994818652,dedup,dedup,0.8088172534422384,True,0.05145470485150916,0.024887386618882616,0.0868460348729832,mtme_UniTE-ref-refA,0.22198502001744472,0.975743491343244,0.01367287284462404,-0.016561045206089208,0.04344743234041374,0.04275602456125138,0.012287011721986913,0.0778833395856611,0.029251567938388345,-0.0009551958822166859,0.05774265067959348,0.0191018860042812,-0.005110782167613564,0.039523245694017876
zhen,14,Online-B vs Online-G,0.01,96.468,504.58528155339775,478.621994818652,dedup,dedup,0.8088172534422384,True,0.05145470485150916,0.024887386618882616,0.0868460348729832,mtme_UniTE-refA,0.21271548638663762,0.9824419355235168,0.0029550873841238667,-0.02640908518263132,0.029317288202582635,0.029251567938388345,0.002514126757507732,0.05568888180754811,0.028656961255420277,0.000529878727136951,0.05957628934247908,0.024439847000505055,0.0023169807460098283,0.049937788268948555
zhen,14,Online-B vs Online-G,0.01,96.468,504.58528155339775,478.621994818652,dedup,dedup,0.8088172534422384,True,0.05145470485150916,0.024887386618882616,0.0868460348729832,mtme_UniTE-src-src,0.20218254402344726,0.9607040026515832,-0.009718954063341334,-0.04513534775177412,0.0165830763718159,0.03095117574893924,0.0026494621337431598,0.061494581835050154,0.01781970389658305,-0.010187092199864745,0.049584718803643686,0.017816562411860803,-0.0032475118407481957,0.03931658127154633
zhen,14,Online-B vs Online-G,0.01,96.468,504.58528155339775,478.621994818652,dedup,dedup,0.8088172534422384,True,0.05145470485150916,0.024887386618882616,0.0868460348729832,mtme_YiSi-1-refA,0.1270453778644082,0.9604473082422414,-0.012133057196191732,-0.03513114612755796,0.007633849594819316,0.027527208557780902,0.007304148802371918,0.053072667697923195,0.008607828874777401,-0.012617116509540175,0.027505097199778977,0.007818007234214108,-0.008643461551588249,0.026411693143906463
zhen,14,Online-B vs Online-G,0.01,96.468,504.58528155339775,478.621994818652,dedup,dedup,0.8088172534422384,True,0.05145470485150916,0.024887386618882616,0.0868460348729832,mtme_chrF-refA,0.08196296187972738,0.9157360845392822,-0.005874271296208766,-0.023966526754617995,0.012125816452225399,0.009779571240451479,-0.006713433783971418,0.025879329645755216,0.0033861772292758108,-0.012962072412153474,0.020351776430830946,-0.003684517000368759,-0.01744820424789184,0.008733318216641597
zhen,14,Online-B vs Online-G,0.01,96.468,504.58528155339775,478.621994818652,dedup,dedup,0.8088172534422384,True,0.05145470485150916,0.024887386618882616,0.0868460348729832,mtme_f101spBLEU-refA,0.060093311226670186,0.8645720481576694,-0.0023257632189863653,-0.02247636090776619,0.013819363695059202,0.018327615841346123,0.00420533748597976,0.03615285913913562,0.009779571240451479,-0.006649339585095548,0.026665361614004346,-0.006329605033962515,-0.0180577022177963,0.004973555250907295
zhen,14,Online-B vs Online-G,0.01,96.468,504.58528155339775,478.621994818652,dedup,dedup,0.8088172534422384,True,0.05145470485150916,0.024887386618882616,0.0868460348729832,mtme_f200spBLEU-refA,0.06179086759603586,0.8696321738056851,-0.006521898563079498,-0.028628674517722046,0.011855623049351302,0.017372647760870108,0.0015973544459641665,0.03488640305300692,0.0017511628942957769,-0.013977350427270385,0.02119328404251798,-0.005880459876569377,-0.017498441927958165,0.006992049530622061
zhen,14,Online-B vs Online-G,0.01,96.468,504.58528155339775,478.621994818652,dedup,dedup,0.8088172534422384,True,0.05145470485150916,0.024887386618882616,0.0868460348729832,mtme_metricx_xl_DA_2019-refA,0.2237886120184377,0.9937925634685278,0.011346576013724019,-0.014271241493938812,0.03904134719690634,0.034018914461244276,0.007799395263871901,0.06148597409510939,0.025768361989561117,-0.0012500986865752127,0.05577628206882659,0.0075840512150578965,-0.011773834504032781,0.03349268869390592
zhen,14,Online-B vs Online-G,0.01,96.468,504.58528155339775,478.621994818652,dedup,dedup,0.8088172534422384,True,0.05145470485150916,0.024887386618882616,0.0868460348729832,mtme_metricx_xl_MQM_2020-refA,0.2556439370626785,0.9880707146931909,0.003800023480621695,-0.03306544845501215,0.03546992223136054,0.025215175128176948,-0.0069845051417570525,0.055584377978184746,0.011164619326077152,-0.023971637880849654,0.04091898925460807,0.0294909729841607,0.010340299512960564,0.05731265351573903
zhen,14,Online-B vs Online-G,0.01,96.468,504.58528155339775,478.621994818652,dedup,dedup,0.8088172534422384,True,0.05145470485150916,0.024887386618882616,0.0868460348729832,mtme_metricx_xxl_DA_2019-refA,0.21949655092490059,0.9945880252964706,0.02786178575103304,0.003947380148084904,0.057821351432223146,0.03883134227509666,0.011500105500394125,0.07146315709641889,0.02535226280636138,-0.0003516651799115972,0.05567807266283223,0.002392210890425961,-0.019181051485215466,0.0253775375019209
zhen,14,Online-B vs Online-G,0.01,96.468,504.58528155339775,478.621994818652,dedup,dedup,0.8088172534422384,True,0.05145470485150916,0.024887386618882616,0.0868460348729832,mtme_metricx_xxl_MQM_2020-refA,0.2527506457455263,0.9848440687329651,0.0008121335161951349,-0.028813291234888072,0.03611238688300966,0.022542242348388086,-0.01406994290069321,0.05519205974908881,0.010357305323526522,-0.02465952924335897,0.04197216927621544,0.01996875462262815,-0.0019562804145121728,0.04403593338644025
zhen,14,Online-B vs Online-G,0.02,96.468,237.89240540540553,228.4447038834951,dedup,dedup,0.5944889462292687,True,0.039714178793602395,0.017391332294795777,0.07181375736309199,mtme_BERTScore-refA,0.12589665691473384,0.9400920205176692,0.0013773272247755708,-0.014494690121577374,0.01762449807659891,0.009280099567824052,-0.006690502109591973,0.02176864760326816,0.0044341880239416875,-0.010692479381918607,0.01834716618823773,0.0009525199311380961,-0.02199895697288114,0.022100409658281417
zhen,14,Online-B vs Online-G,0.02,96.468,237.89240540540553,228.4447038834951,dedup,dedup,0.5944889462292687,True,0.039714178793602395,0.017391332294795777,0.07181375736309199,mtme_BLEU-refA,0.05361684793709069,0.8293746844592913,0.0006700639925623086,-0.011828356378775677,0.010173413663249739,0.006558737663969971,-0.002143015197734027,0.014479952037892964,0.0006700639925623086,-0.010080510646901653,0.009019705511432514,-0.006041829321661529,-0.019948972603863763,0.006679550107760667
zhen,14,Online-B vs Online-G,0.02,96.468,237.89240540540553,228.4447038834951,dedup,dedup,0.5944889462292687,True,0.039714178793602395,0.017391332294795777,0.07181375736309199,mtme_BLEURT-20-refA,0.17011552948896164,0.9802219595565596,-0.004755915270970412,-0.02469163257858859,0.010557549163190169,0.017345691987339595,0.001098635903656073,0.03134796615631738,0.0013903509978495654,-0.01730405457557523,0.015130603341507978,0.024573942470972776,0.0014305809442977527,0.0500099105235506
zhen,14,Online-B vs Online-G,0.02,96.468,237.89240540540553,228.4447038834951,dedup,dedup,0.5944889462292687,True,0.039714178793602395,0.017391332294795777,0.07181375736309199,mtme_COMET-20-refA,0.16577833487189422,0.9752672183823412,0.0021505811916117112,-0.014638355023402211,0.01946057689615634,0.010114802034712822,-0.005063996360819517,0.024395122014038963,0.000370364154697822,-0.012673587430618905,0.01524403551417182,0.011006896982037828,-0.015698682100915618,0.03772468020947085
zhen,14,Online-B vs Online-G,0.02,96.468,237.89240540540553,228.4447038834951,dedup,dedup,0.5944889462292687,True,0.039714178793602395,0.017391332294795777,0.07181375736309199,mtme_COMET-22-refA,0.2252278717447717,0.9866351677254928,-0.005892659535937428,-0.028139710603266376,0.01142540718964457,0.02651546585194864,0.00877635460946032,0.0431278493698276,0.004736773493862367,-0.01605056191068131,0.02262273747911157,0.03323596189048883,0.00632986548873061,0.0643066391785688
zhen,14,Online-B vs Online-G,0.02,96.468,237.89240540540553,228.4447038834951,dedup,dedup,0.5944889462292687,True,0.039714178793602395,0.017391332294795777,0.07181375736309199,mtme_COMET-QE-src,0.16361643981272112,0.922900899652606,0.0010699408913491526,-0.014348524483736386,0.018005624650688976,0.016477089726776306,0.0018738696456621668,0.030680677494313198,0.0010485420735222295,-0.014849913954297737,0.015740764777807063,0.023993260114876902,0.0038013741633316197,0.05567023583635902
zhen,14,Online-B vs Online-G,0.02,96.468,237.89240540540553,228.4447038834951,dedup,dedup,0.5944889462292687,True,0.039714178793602395,0.017391332294795777,0.07181375736309199,mtme_COMETKiwi-src,0.19593633576265865,0.959377087982424,0.003346410872943184,-0.014301148728955115,0.019471930674093238,0.031245532730616254,0.016535782331099057,0.046591488150823,0.007937729021160966,-0.007458957115981401,0.02307760603859024,0.030702457506402325,0.008897262375217064,0.06521234291343649
zhen,14,Online-B vs Online-G,0.02,96.468,237.89240540540553,228.4447038834951,dedup,dedup,0.5944889462292687,True,0.039714178793602395,0.017391332294795777,0.07181375736309199,mtme_Cross-QE-src,0.1992268341800197,0.966162403744368,0.0021297880007044023,-0.018731474550069228,0.017308780101038212,0.026861689108774178,0.012156666177343765,0.045321004651739334,0.006353094000785986,-0.010053993528199256,0.02017113031063812,0.027878284288724298,0.0034537903481407953,0.05852448828123474
zhen,14,Online-B vs Online-G,0.02,96.468,237.89240540540553,228.4447038834951,dedup,dedup,0.5944889462292687,True,0.039714178793602395,0.017391332294795777,0.07181375736309199,mtme_HWTSC-TLM-src,0.036517589801772964,0.498241633134339,-0.008712375829556862,-0.017595750607540418,0.0007755849578919452,-0.005563692635015105,-0.015353079540188618,0.0030280121924126245,-0.011992254157204396,-0.026030187131924294,-0.0025726547882453576,-0.0012847454258833046,-0.01220159002819901,0.009816882287370191
zhen,14,Online-B vs Online-G,0.02,96.468,237.89240540540553,228.4447038834951,dedup,dedup,0.5944889462292687,True,0.039714178793602395,0.017391332294795777,0.07181375736309199,mtme_HWTSC-Teacher-Sim-src,0.09366202902825983,0.3949247735620734,-0.012085964966565665,-0.03009749312836074,0.000756958228363967,0.0006529382875414269,-0.010347740295486506,0.01140764362623324,-0.014626146296462528,-0.031713317443786256,-0.0029892335827866627,0.0125649924985346,-0.004341012236454105,0.0311923008906812
zhen,14,Online-B vs Online-G,0.02,96.468,237.89240540540553,228.4447038834951,dedup,dedup,0.5944889462292687,True,0.039714178793602395,0.017391332294795777,0.07181375736309199,mtme_KG-BERTScore-src,0.061000845919944126,0.679795467170797,-0.0024479799451284645,-0.016851984727925116,0.009778229685315498,0.00400957647162159,-0.0055671611659493855,0.012607594554024652,-0.00011030318467519784,-0.01390376268103764,0.010223370382015378,-0.0018796989564391353,-0.013925202547755576,0.01067572099176102
zhen,14,Online-B vs Online-G,0.02,96.468,237.89240540540553,228.4447038834951,dedup,dedup,0.5944889462292687,True,0.039714178793602395,0.017391332294795777,0.07181375736309199,mtme_MATESE-QE-src,0.17886557639710104,0.9351848265501388,-0.005987553834280401,-0.023576702727516264,0.010672015074843045,0.040637178084893866,0.023369322021115472,0.05549743681944808,0.006800648689892386,-0.01112413106225778,0.023567808519622865,0.03563721486742011,0.013845765571739305,0.06773499830635893
zhen,14,Online-B vs Online-G,0.02,96.468,237.89240540540553,228.4447038834951,dedup,dedup,0.5944889462292687,True,0.039714178793602395,0.017391332294795777,0.07181375736309199,mtme_MATESE-refA,0.1562827009756348,0.9674894649743352,0.00030646548144186436,-0.017619128844137043,0.013953304389426605,0.02429801250031538,0.006315177022363506,0.0399725764443431,0.0017832348189154024,-0.01648932692502226,0.016431579847552003,0.02236487602298476,8.354992881972953e-05,0.04943068774063367
zhen,14,Online-B vs Online-G,0.02,96.468,237.89240540540553,228.4447038834951,dedup,dedup,0.5944889462292687,True,0.039714178793602395,0.017391332294795777,0.07181375736309199,mtme_MEE-refA,0.059788315212141466,0.8976609341086564,-0.0028814810248500855,-0.015303049237202453,0.007770118550379821,0.005970602797839453,-0.0030268687994002615,0.015886249949712546,0.0077502824972344175,-0.002059663131093292,0.015995741312938686,-0.003010944645448488,-0.017082237269163508,0.01060162716578956
zhen,14,Online-B vs Online-G,0.02,96.468,237.89240540540553,228.4447038834951,dedup,dedup,0.5944889462292687,True,0.039714178793602395,0.017391332294795777,0.07181375736309199,mtme_MEE2-refA,0.0950178588723283,0.9352238472927537,-0.0064633164048841785,-0.02159041302828526,0.005674673512197469,0.008978679232558462,-0.0026048846730104326,0.020859965743535023,-0.002023463343742815,-0.017434601043281494,0.01007837690736992,-0.013538063177333637,-0.032134217829334705,0.006001695905708225
zhen,14,Online-B vs Online-G,0.02,96.468,237.89240540540553,228.4447038834951,dedup,dedup,0.5944889462292687,True,0.039714178793602395,0.017391332294795777,0.07181375736309199,mtme_MEE4-refA,0.11973386314984359,0.9593140488993936,-0.006591501138932809,-0.02053311920801712,0.00935668891607651,0.0036574510061423426,-0.010497605911271218,0.017820114633158742,-0.003089727267875153,-0.01790935746594986,0.011656121484851682,-0.005628526865814276,-0.02728385672988685,0.013487480630096787
zhen,14,Online-B vs Online-G,0.02,96.468,237.89240540540553,228.4447038834951,dedup,dedup,0.5944889462292687,True,0.039714178793602395,0.017391332294795777,0.07181375736309199,mtme_MS-COMET-22-refA,0.1480494654435432,0.98746083650136,-0.009696339327851078,-0.02615976502090244,0.0056417852675515225,0.012225568255973873,0.0006247876308892011,0.025258140434566242,-0.008875520036528028,-0.027771905945449323,0.004972804556994643,0.014529494331785409,-0.0039661841896307375,0.03700897826315237
zhen,14,Online-B vs Online-G,0.02,96.468,237.89240540540553,228.4447038834951,dedup,dedup,0.5944889462292687,True,0.039714178793602395,0.017391332294795777,0.07181375736309199,mtme_MS-COMET-QE-22-src,0.12813838910229386,0.9490970977882788,-0.02412435146599745,-0.04451183277830933,-0.00860885481858553,0.003189345336413907,-0.007648876891901135,0.014304035199135146,-0.009151726972981278,-0.025735880607698082,0.005847942213636896,-0.011917082694013148,-0.031938785196525,0.007999505543667105
zhen,14,Online-B vs Online-G,0.02,96.468,237.89240540540553,228.4447038834951,dedup,dedup,0.5944889462292687,True,0.039714178793602395,0.017391332294795777,0.07181375736309199,mtme_REUSE-src,-0.010289002994807735,-0.0713802384978524,-0.010594740782815526,-0.023954386343986382,-0.00031200490513927446,0.003252620309701415,-0.006108331903106922,0.010392314163742856,-0.006591501138932809,-0.018078267518488227,0.0005762767098337891,-0.0025866207907783156,-0.006671254909094137,0.0027971820912362235
zhen,14,Online-B vs Online-G,0.02,96.468,237.89240540540553,228.4447038834951,dedup,dedup,0.5944889462292687,True,0.039714178793602395,0.017391332294795777,0.07181375736309199,mtme_SEScore-refA,0.1543186106189598,0.93964771879046,0.002896405645268274,-0.01416814211341646,0.017089461078341247,0.01806766164979212,0.002232681012851204,0.03208917902363962,0.003274996738494962,-0.01392956914694995,0.015352298786271167,0.02443084904458981,0.007955744055595128,0.045405966684513244
zhen,14,Online-B vs Online-G,0.02,96.468,237.89240540540553,228.4447038834951,dedup,dedup,0.5944889462292687,True,0.039714178793602395,0.017391332294795777,0.07181375736309199,mtme_UniTE-ref-refA,0.22198502001744472,0.975743491343244,-0.004605397749719797,-0.025412487783998593,0.010100628645973582,0.018109740272094332,0.00020885232244486647,0.03636645267260836,0.0044341880239416875,-0.01374274867831351,0.021002195786237257,0.026691725181440917,-0.0016592166245895485,0.06027063099740929
zhen,14,Online-B vs Online-G,0.02,96.468,237.89240540540553,228.4447038834951,dedup,dedup,0.5944889462292687,True,0.039714178793602395,0.017391332294795777,0.07181375736309199,mtme_UniTE-refA,0.21271548638663762,0.9824419355235168,0.005298511112661886,-0.012096133296468125,0.021100509661035362,0.026272992998683575,0.011990147004463917,0.04342740829326235,0.006523188014999515,-0.009687983811532696,0.024388064344784858,0.02552988605555906,-0.0019436831701964408,0.05760532135278937
zhen,14,Online-B vs Online-G,0.02,96.468,237.89240540540553,228.4447038834951,dedup,dedup,0.5944889462292687,True,0.039714178793602395,0.017391332294795777,0.07181375736309199,mtme_UniTE-src-src,0.20218254402344726,0.9607040026515832,0.009516842665157954,-0.00852242165379069,0.02551677629751364,0.02185289030282289,0.00771217714232817,0.036900973508442896,0.008059504503177495,-0.008711994044805748,0.023054662327358106,0.04891189846392874,0.02794481779427843,0.09214460859095727
zhen,14,Online-B vs Online-G,0.02,96.468,237.89240540540553,228.4447038834951,dedup,dedup,0.5944889462292687,True,0.039714178793602395,0.017391332294795777,0.07181375736309199,mtme_YiSi-1-refA,0.1270453778644082,0.9604473082422414,-0.003407529143100607,-0.01867958300878896,0.01297299341629905,0.014513059615329449,0.0015509002458599457,0.02622945919958467,0.001013923043634568,-0.015311661176851782,0.014462323800487812,0.003050824706977928,-0.016631313667660397,0.024318498509812526
zhen,14,Online-B vs Online-G,0.02,96.468,237.89240540540553,228.4447038834951,dedup,dedup,0.5944889462292687,True,0.039714178793602395,0.017391332294795777,0.07181375736309199,mtme_chrF-refA,0.08196296187972738,0.9157360845392822,0.0014025650026495695,-0.010414402386565958,0.012733219212379118,0.008978679232558462,-0.001078381979307724,0.021864891336838253,-0.001607654775206413,-0.013755406136750909,0.009197114874985009,-0.00040694513489891726,-0.016046203849355272,0.015803676768186583
zhen,14,Online-B vs Online-G,0.02,96.468,237.89240540540553,228.4447038834951,dedup,dedup,0.5944889462292687,True,0.039714178793602395,0.017391332294795777,0.07181375736309199,mtme_f101spBLEU-refA,0.060093311226670186,0.8645720481576694,-0.001411081465402253,-0.01405268897078395,0.008195373630444312,0.008265817866501046,0.0005566784310442526,0.01690856844705204,0.00251065337871037,-0.008491435271862857,0.011411190877470832,-0.004897299443930914,-0.020877351659540567,0.011136545964721007
zhen,14,Online-B vs Online-G,0.02,96.468,237.89240540540553,228.4447038834951,dedup,dedup,0.5944889462292687,True,0.039714178793602395,0.017391332294795777,0.07181375736309199,mtme_f200spBLEU-refA,0.06179086759603586,0.8696321738056851,0.0014300171528610628,-0.012483902991998313,0.009914326813820444,0.008362572837360638,-2.5274169922584442e-05,0.018498630619581524,0.004736773493862367,-0.006875138744750918,0.013400890220948775,-0.004752091161571048,-0.021013218648159398,0.01112958914930782
zhen,14,Online-B vs Online-G,0.02,96.468,237.89240540540553,228.4447038834951,dedup,dedup,0.5944889462292687,True,0.039714178793602395,0.017391332294795777,0.07181375736309199,mtme_metricx_xl_DA_2019-refA,0.2237886120184377,0.9937925634685278,-0.0021456033917426343,-0.025921615908076383,0.016138416327551086,0.015375050608686713,-0.003247027760873694,0.032093711743791414,0.001408391581469992,-0.017486848751011374,0.018561846529201682,0.029679311505136696,0.0027077629898234687,0.05849034382010115
zhen,14,Online-B vs Online-G,0.02,96.468,237.89240540540553,228.4447038834951,dedup,dedup,0.5944889462292687,True,0.039714178793602395,0.017391332294795777,0.07181375736309199,mtme_metricx_xl_MQM_2020-refA,0.2556439370626785,0.9880707146931909,0.0055596928559822345,-0.011108706944539052,0.02466357869551493,0.03316816763182229,0.013541483619627507,0.04844534165454136,0.008362572837360638,-0.012375129136536956,0.0265343588004621,0.04519177895509585,0.007866644220903093,0.08328151199887952
zhen,14,Online-B vs Online-G,0.02,96.468,237.89240540540553,228.4447038834951,dedup,dedup,0.5944889462292687,True,0.039714178793602395,0.017391332294795777,0.07181375736309199,mtme_metricx_xxl_DA_2019-refA,0.21949655092490059,0.9945880252964706,0.013707567335765947,-0.005253656359875225,0.028489404977692378,0.028499334651389985,0.010122820985186399,0.04619451279304883,0.01820094979976583,-0.0018343845368717136,0.03380760783678054,0.024473668668394066,-0.003978366789611901,0.05728995838444607
zhen,14,Online-B vs Online-G,0.02,96.468,237.89240540540553,228.4447038834951,dedup,dedup,0.5944889462292687,True,0.039714178793602395,0.017391332294795777,0.07181375736309199,mtme_metricx_xxl_MQM_2020-refA,0.2527506457455263,0.9848440687329651,0.007107095292777976,-0.01008776783602175,0.026254999464384005,0.03602457091641942,0.018431530698444398,0.05563638394363739,0.01669004414573072,0.0017442089374170588,0.03535358836342466,0.03087434603461514,0.001790991243220136,0.06260769594202549
zhen,15,Online-B vs HuaweiTSC,0.01,97.438,306.84106315789427,299.6903575418991,dedup,dedup,0.6824479781252082,True,0.023304265545174285,0.0009349493901737395,0.051810542387406344,mtme_BERTScore-refA,0.18930683514845548,0.9400920205176692,0.005528768196279454,-0.019648618064677346,0.02711874779930802,0.02889899780413019,0.010006641133081483,0.051979177658057846,0.019701526570049643,-0.0017183927256251555,0.043236412933074446,0.023535898017704504,0.0014526906087821048,0.04729605316477718
zhen,15,Online-B vs HuaweiTSC,0.01,97.438,306.84106315789427,299.6903575418991,dedup,dedup,0.6824479781252082,True,0.023304265545174285,0.0009349493901737395,0.051810542387406344,mtme_BLEU-refA,0.10852883803816282,0.8293746844592913,-0.0024086505837992433,-0.020376718659075147,0.01716558529925202,0.008452489070723157,-0.006586281345871125,0.021866355054002806,0.00037137904363315766,-0.015803337146619394,0.014391453585351283,0.0,-0.02024330504313456,0.016469044920688593
zhen,15,Online-B vs HuaweiTSC,0.01,97.438,306.84106315789427,299.6903575418991,dedup,dedup,0.6824479781252082,True,0.023304265545174285,0.0009349493901737395,0.051810542387406344,mtme_BLEURT-20-refA,0.2441806519288125,0.9802219595565596,0.00032475043796775793,-0.023124918747672345,0.025798498664319793,0.020134766527794,0.0010971905983666458,0.04394710848604985,0.01332600673733475,-0.010308867206816346,0.04343499988809763,0.03182950982886967,0.008387067959205283,0.05787324771230694
zhen,15,Online-B vs HuaweiTSC,0.01,97.438,306.84106315789427,299.6903575418991,dedup,dedup,0.6824479781252082,True,0.023304265545174285,0.0009349493901737395,0.051810542387406344,mtme_COMET-20-refA,0.24022019617607904,0.9752672183823412,0.005503634240542565,-0.01806514226110378,0.025719742297328606,0.026062589441692707,0.004778401915316172,0.04537725375207933,0.022685812449192988,0.0014750018466145626,0.047876860584808806,0.03964920096511115,0.014406760672470917,0.06668949018474439
zhen,15,Online-B vs HuaweiTSC,0.01,97.438,306.84106315789427,299.6903575418991,dedup,dedup,0.6824479781252082,True,0.023304265545174285,0.0009349493901737395,0.051810542387406344,mtme_COMET-22-refA,0.32062085871410984,0.9866351677254928,0.032138501219089566,0.003624242290442476,0.06378177832819582,0.05707455775636594,0.032976185830249236,0.08672345039599104,0.040385240681714785,0.015490129840387735,0.06949403122153329,0.07446544483361439,0.05017229659882717,0.11706668362210264
zhen,15,Online-B vs HuaweiTSC,0.01,97.438,306.84106315789427,299.6903575418991,dedup,dedup,0.6824479781252082,True,0.023304265545174285,0.0009349493901737395,0.051810542387406344,mtme_COMET-QE-src,0.22988291036673617,0.922900899652606,0.032902602929553715,0.009347474042546332,0.060340154332671224,0.05042546024008543,0.026091012917447066,0.07565801505968092,0.03681207096860417,0.01405664060039811,0.06144787635874743,0.044065197057305494,0.024732194758495248,0.07181504460859116
zhen,15,Online-B vs HuaweiTSC,0.01,97.438,306.84106315789427,299.6903575418991,dedup,dedup,0.6824479781252082,True,0.023304265545174285,0.0009349493901737395,0.051810542387406344,mtme_COMETKiwi-src,0.2781205062838807,0.959377087982424,0.019701526570049865,-0.005081112960443234,0.04703008211031261,0.045556169209631125,0.022260425607698434,0.07232611919061753,0.02370899617918465,-0.0014321710864624243,0.0510997073919995,0.06996124545202476,0.045615213493699694,0.10200507542846543
zhen,15,Online-B vs HuaweiTSC,0.01,97.438,306.84106315789427,299.6903575418991,dedup,dedup,0.6824479781252082,True,0.023304265545174285,0.0009349493901737395,0.051810542387406344,mtme_Cross-QE-src,0.2695533392376793,0.966162403744368,0.014267669472917355,-0.009137205419642767,0.040458739677845024,0.04850521438570832,0.028244913554935205,0.07285311226679003,0.03527557907948464,0.01266286265505511,0.06053663887841691,0.045614221767756646,0.024762978338198256,0.07273220948268447
zhen,15,Online-B vs HuaweiTSC,0.01,97.438,306.84106315789427,299.6903575418991,dedup,dedup,0.6824479781252082,True,0.023304265545174285,0.0009349493901737395,0.051810542387406344,mtme_HWTSC-TLM-src,0.052736181923655825,0.498241633134339,-0.01458919276584858,-0.03359850251914269,-0.0006961335070147438,-0.0025860049459958123,-0.012871218265668321,0.009674240334961318,-0.006469703530424642,-0.01972321725943459,0.006891428185642648,0.005398155860706688,-0.0030856073008367346,0.01375442227908759
zhen,15,Online-B vs HuaweiTSC,0.01,97.438,306.84106315789427,299.6903575418991,dedup,dedup,0.6824479781252082,True,0.023304265545174285,0.0009349493901737395,0.051810542387406344,mtme_HWTSC-Teacher-Sim-src,0.09500879408997423,0.3949247735620734,-2.755458261538557e-05,-0.018425118439498626,0.01629461635082478,-0.0024086505837992433,-0.01593651495161001,0.00922930756334761,-0.004653261109776929,-0.01891171665730562,0.010345947876279144,0.005398155860706688,-0.008008276706738654,0.019592637971512474
zhen,15,Online-B vs HuaweiTSC,0.01,97.438,306.84106315789427,299.6903575418991,dedup,dedup,0.6824479781252082,True,0.023304265545174285,0.0009349493901737395,0.051810542387406344,mtme_KG-BERTScore-src,0.07693999953629241,0.679795467170797,-0.005157643197847506,-0.020865325359776248,0.008284016886582047,0.002620508563899948,-0.009705344639240365,0.01427458028720697,-0.007014937490851247,-0.022096523584180534,0.0042484367595372165,0.011927176066678924,0.00227824420340996,0.02732235651947057
zhen,15,Online-B vs HuaweiTSC,0.01,97.438,306.84106315789427,299.6903575418991,dedup,dedup,0.6824479781252082,True,0.023304265545174285,0.0009349493901737395,0.051810542387406344,mtme_MATESE-QE-src,0.22500999712961117,0.9351848265501388,0.018806002635047392,-0.0012488636576659937,0.04022528900835886,0.03071105846327804,0.00789618196711062,0.058038618752512844,0.016937754425818574,-0.0057617427145545685,0.04015831925048534,0.021513958458667215,-0.0047990100122223866,0.04681534459643499
zhen,15,Online-B vs HuaweiTSC,0.01,97.438,306.84106315789427,299.6903575418991,dedup,dedup,0.6824479781252082,True,0.023304265545174285,0.0009349493901737395,0.051810542387406344,mtme_MATESE-refA,0.23375786253939448,0.9674894649743352,0.013764534556516272,-0.014532720127572962,0.043013054453023905,0.030609432015032856,0.0058216335847855825,0.061726846859779014,0.016439632702148876,-0.00889164403937233,0.04434266227086339,0.02915743724042752,0.008066127039360983,0.05397766478345356
zhen,15,Online-B vs HuaweiTSC,0.01,97.438,306.84106315789427,299.6903575418991,dedup,dedup,0.6824479781252082,True,0.023304265545174285,0.0009349493901737395,0.051810542387406344,mtme_MEE-refA,0.10783336640661506,0.8976609341086564,-0.00253888068483632,-0.018443370687557338,0.01259354373415067,7.67591944272894e-06,-0.014251466391382561,0.014922382787754176,-0.00425617218021479,-0.0195849870224374,0.008466992263939765,-0.0008403587996321793,-0.024737740618455756,0.015303268239733736
zhen,15,Online-B vs HuaweiTSC,0.01,97.438,306.84106315789427,299.6903575418991,dedup,dedup,0.6824479781252082,True,0.023304265545174285,0.0009349493901737395,0.051810542387406344,mtme_MEE2-refA,0.14421638181681018,0.9352238472927537,-0.0025860049459958123,-0.025501415221189445,0.01550124768242015,0.014129643691038196,0.0003807173508329883,0.030318371335315085,0.008986367187335476,-0.006646108873429506,0.027597224208582447,0.007923156256533948,-0.016400282127458313,0.023510652447215234
zhen,15,Online-B vs HuaweiTSC,0.01,97.438,306.84106315789427,299.6903575418991,dedup,dedup,0.6824479781252082,True,0.023304265545174285,0.0009349493901737395,0.051810542387406344,mtme_MEE4-refA,0.16252148964470756,0.9593140488993936,0.008617036161803537,-0.010738840605116018,0.0298734221757413,0.021406832786702967,0.0024381597507176587,0.04054185189270364,0.016748654226476534,-0.00019579445940455162,0.03742419047236626,0.0066245305375257635,-0.022028616820486784,0.02166502803001005
zhen,15,Online-B vs HuaweiTSC,0.01,97.438,306.84106315789427,299.6903575418991,dedup,dedup,0.6824479781252082,True,0.023304265545174285,0.0009349493901737395,0.051810542387406344,mtme_MS-COMET-22-refA,0.20929694092077136,0.98746083650136,0.0046458396407024205,-0.016003051673763452,0.02916025031515377,0.035995633772027746,0.019441654754832432,0.058391915657002184,0.017569893799233238,-0.004898527725668849,0.04375484813981609,0.024614913840075192,0.005562674206878404,0.048718482551426696
zhen,15,Online-B vs HuaweiTSC,0.01,97.438,306.84106315789427,299.6903575418991,dedup,dedup,0.6824479781252082,True,0.023304265545174285,0.0009349493901737395,0.051810542387406344,mtme_MS-COMET-QE-22-src,0.22278014101541102,0.9490970977882788,0.0002593472782058681,-0.02046388417141217,0.024011020949735073,0.01382670201215519,-0.0063049773759718646,0.03407632355504352,0.015226179798426664,-0.003215759283007785,0.040543671448636964,0.03208809749871877,0.01420096017498908,0.05714815127411616
zhen,15,Online-B vs HuaweiTSC,0.01,97.438,306.84106315789427,299.6903575418991,dedup,dedup,0.6824479781252082,True,0.023304265545174285,0.0009349493901737395,0.051810542387406344,mtme_REUSE-src,-0.028171599045381586,-0.0713802384978524,-0.013997649688586522,-0.030440833703315396,-0.0005980371438475065,0.0024600875540033984,-0.004924824234265623,0.010047197253647364,-0.006414567511954461,-0.017842862824156397,0.003726153056474543,0.0,0.0,0.0
zhen,15,Online-B vs HuaweiTSC,0.01,97.438,306.84106315789427,299.6903575418991,dedup,dedup,0.6824479781252082,True,0.023304265545174285,0.0009349493901737395,0.051810542387406344,mtme_SEScore-refA,0.2081894376741369,0.93964771879046,-0.002234096553637377,-0.024646889959649438,0.017911238217121046,0.02621112187422836,0.010259908788948035,0.048865886857898104,0.018522859037951034,0.0027044894462677138,0.044667211023739994,0.02665454416269375,0.006805128037869116,0.04852219793667283
zhen,15,Online-B vs HuaweiTSC,0.01,97.438,306.84106315789427,299.6903575418991,dedup,dedup,0.6824479781252082,True,0.023304265545174285,0.0009349493901737395,0.051810542387406344,mtme_UniTE-ref-refA,0.291813527035355,0.975743491343244,0.033265269862506885,0.010092114848894235,0.06160937223247904,0.04601923743601177,0.024232584508789783,0.07758314544636508,0.03813588677207114,0.014020386095139998,0.06686884255556683,0.0628600302107799,0.03773597684714974,0.0954251397108804
zhen,15,Online-B vs HuaweiTSC,0.01,97.438,306.84106315789427,299.6903575418991,dedup,dedup,0.6824479781252082,True,0.023304265545174285,0.0009349493901737395,0.051810542387406344,mtme_UniTE-refA,0.2946491813630193,0.9824419355235168,0.040263412522680064,0.015534090732193036,0.07007135012012908,0.05277905350259349,0.028315770307591116,0.0826322297971122,0.04540160341124244,0.021375089261224913,0.07763787323421133,0.06957390643886596,0.046386083903970345,0.10009418201931973
zhen,15,Online-B vs HuaweiTSC,0.01,97.438,306.84106315789427,299.6903575418991,dedup,dedup,0.6824479781252082,True,0.023304265545174285,0.0009349493901737395,0.051810542387406344,mtme_UniTE-src-src,0.2828716738651259,0.9607040026515832,0.017535326781327853,-0.005555690642314914,0.04189016110975037,0.04148125270665359,0.018628243042524164,0.07085060338259548,0.027674502755763553,0.004528381879635427,0.055953090043760575,0.04584832776472081,0.025674579303812454,0.07678113618052301
zhen,15,Online-B vs HuaweiTSC,0.01,97.438,306.84106315789427,299.6903575418991,dedup,dedup,0.6824479781252082,True,0.023304265545174285,0.0009349493901737395,0.051810542387406344,mtme_YiSi-1-refA,0.17834474162292213,0.9604473082422414,0.0014218406336440337,-0.02642900084422547,0.01988472364415084,0.013847919275807197,-0.006988512328058381,0.03273097336697492,0.019701526570049643,0.0006392169171253712,0.04087120798301043,0.02006133134440924,-0.0010517067406613225,0.043769809760749435
zhen,15,Online-B vs HuaweiTSC,0.01,97.438,306.84106315789427,299.6903575418991,dedup,dedup,0.6824479781252082,True,0.023304265545174285,0.0009349493901737395,0.051810542387406344,mtme_chrF-refA,0.11788682630915079,0.9157360845392822,-0.0006538746192081835,-0.020682763540936358,0.01800090621601788,0.009403001317523696,-0.00856835597196649,0.024868731828876934,0.006414728935483893,-0.012279420107257065,0.025648863194841498,0.005098190036184835,-0.01323348136938688,0.02230631849189021
zhen,15,Online-B vs HuaweiTSC,0.01,97.438,306.84106315789427,299.6903575418991,dedup,dedup,0.6824479781252082,True,0.023304265545174285,0.0009349493901737395,0.051810542387406344,mtme_f101spBLEU-refA,0.10918490958199148,0.8645720481576694,0.006116883827218866,-0.009067809000658943,0.0270935218509202,0.009267877883544218,-0.00562161585395327,0.02348849757317013,-0.0007001368946379927,-0.021323042454773122,0.016151625498390023,-0.001239643578131222,-0.018231091625411467,0.01473377684657141
zhen,15,Online-B vs HuaweiTSC,0.01,97.438,306.84106315789427,299.6903575418991,dedup,dedup,0.6824479781252082,True,0.023304265545174285,0.0009349493901737395,0.051810542387406344,mtme_f200spBLEU-refA,0.11037847485965893,0.8696321738056851,-0.0024574230334031277,-0.01947173639400188,0.016960938773783924,0.0048590465362159385,-0.01456692900636894,0.018517527985386466,-0.0010600629712524956,-0.0214828890550679,0.015379882157291094,0.004032788059793013,-0.01224507791050498,0.022062376887525503
zhen,15,Online-B vs HuaweiTSC,0.01,97.438,306.84106315789427,299.6903575418991,dedup,dedup,0.6824479781252082,True,0.023304265545174285,0.0009349493901737395,0.051810542387406344,mtme_metricx_xl_DA_2019-refA,0.27365149701735536,0.9937925634685278,0.02972020059288749,0.0065117849187854545,0.060401689262017895,0.045243640562339316,0.02230609909502388,0.07845345730114174,0.032238861660081386,0.009394237739541246,0.060709593139406395,0.044020071407477546,0.011492708856223013,0.07779734313406204
zhen,15,Online-B vs HuaweiTSC,0.01,97.438,306.84106315789427,299.6903575418991,dedup,dedup,0.6824479781252082,True,0.023304265545174285,0.0009349493901737395,0.051810542387406344,mtme_metricx_xl_MQM_2020-refA,0.3337218949622912,0.9880707146931909,0.04684890134161013,0.021933209692767366,0.0786554896465515,0.07526521562922384,0.04494104906896419,0.12000386421071046,0.05473688961997347,0.02714345298958513,0.09317635974059511,0.06887870161371434,0.04328914075015158,0.10487875375291324
zhen,15,Online-B vs HuaweiTSC,0.01,97.438,306.84106315789427,299.6903575418991,dedup,dedup,0.6824479781252082,True,0.023304265545174285,0.0009349493901737395,0.051810542387406344,mtme_metricx_xxl_DA_2019-refA,0.25842589234741153,0.9945880252964706,0.012843824565112683,-0.01172317175595468,0.03968238223190645,0.04392249673515203,0.023849741963947593,0.07374859549516828,0.031723935397455216,0.011430297668761736,0.06301859413293998,0.0432515994036583,0.018605099327319442,0.07084379554918051
zhen,15,Online-B vs HuaweiTSC,0.01,97.438,306.84106315789427,299.6903575418991,dedup,dedup,0.6824479781252082,True,0.023304265545174285,0.0009349493901737395,0.051810542387406344,mtme_metricx_xxl_MQM_2020-refA,0.29708652391468743,0.9848440687329651,0.046564784389526936,0.01813678073447154,0.07580968133260493,0.06302552234448322,0.037948393723434254,0.09357897073593498,0.050727097737547466,0.023736194770338878,0.08261516823966711,0.0630406873499898,0.03391321264536974,0.10377764590428434
zhen,15,Online-B vs HuaweiTSC,0.02,97.438,187.07541379310328,182.39406578947353,dedup,dedup,0.47915122557065726,True,0.025023854865327766,0.006416203887632216,0.04421678719115359,mtme_BERTScore-refA,0.18930683514845548,0.9400920205176692,-0.0006931381029544603,-0.0176448976935523,0.0167751298218223,0.013047526458325742,-0.004339256847835049,0.030535060575113283,0.003974576716941902,-0.012531501012329421,0.019621616509264594,0.018863045692125713,0.004012127782952158,0.03697859966145064
zhen,15,Online-B vs HuaweiTSC,0.02,97.438,187.07541379310328,182.39406578947353,dedup,dedup,0.47915122557065726,True,0.025023854865327766,0.006416203887632216,0.04421678719115359,mtme_BLEU-refA,0.10852883803816282,0.8293746844592913,-0.0053977584847690885,-0.02125801250367133,0.009947649224129523,0.01735888302716382,0.003410751526115366,0.03552279390938064,-0.0009508246653386898,-0.018318661696537942,0.013853498343103463,0.008574794674841235,-0.0030506688300630746,0.02013746486181015
zhen,15,Online-B vs HuaweiTSC,0.02,97.438,187.07541379310328,182.39406578947353,dedup,dedup,0.47915122557065726,True,0.025023854865327766,0.006416203887632216,0.04421678719115359,mtme_BLEURT-20-refA,0.2441806519288125,0.9802219595565596,0.00956188291656035,-0.006971530158890388,0.029542675938600448,0.02643998752417065,0.010022480228800198,0.05285058206917534,0.01872255796399247,0.0017250861036147373,0.04171321437697369,0.03687822309417832,0.01744238978775583,0.06644152724931394
zhen,15,Online-B vs HuaweiTSC,0.02,97.438,187.07541379310328,182.39406578947353,dedup,dedup,0.47915122557065726,True,0.025023854865327766,0.006416203887632216,0.04421678719115359,mtme_COMET-20-refA,0.24022019617607904,0.9752672183823412,-0.003951165555556857,-0.021255476613769947,0.011349712242639953,0.017698949922299367,-0.0003741726347907198,0.03834869256792343,0.005167037879656333,-0.013255453538433031,0.022115853600528167,0.0370044111922192,0.020368099443397163,0.05809365079669648
zhen,15,Online-B vs HuaweiTSC,0.02,97.438,187.07541379310328,182.39406578947353,dedup,dedup,0.47915122557065726,True,0.025023854865327766,0.006416203887632216,0.04421678719115359,mtme_COMET-22-refA,0.32062085871410984,0.9866351677254928,0.027445188263208742,0.0061761990541431035,0.0493864516848481,0.04446799399311474,0.021175600918597333,0.07116211948576487,0.033387394141957016,0.012205088158841675,0.057875407425629986,0.03341008249232047,0.015557556448288669,0.05583510254098195
zhen,15,Online-B vs HuaweiTSC,0.02,97.438,187.07541379310328,182.39406578947353,dedup,dedup,0.47915122557065726,True,0.025023854865327766,0.006416203887632216,0.04421678719115359,mtme_COMET-QE-src,0.22988291036673617,0.922900899652606,0.0032244924577343737,-0.013012800775571947,0.024739697668637213,0.024137293632614854,0.007025743128698184,0.04667844271329856,0.0036549282190712074,-0.017432260030976636,0.02562170237947372,0.031163595254169785,0.016217835715794514,0.050251891372711945
zhen,15,Online-B vs HuaweiTSC,0.02,97.438,187.07541379310328,182.39406578947353,dedup,dedup,0.47915122557065726,True,0.025023854865327766,0.006416203887632216,0.04421678719115359,mtme_COMETKiwi-src,0.2781205062838807,0.959377087982424,0.02566245943558243,0.005321690830571194,0.048640269557649385,0.04351250415893981,0.02166815526721522,0.07009824299642736,0.027685277389622898,0.006214823151362506,0.04843900628844906,0.022101789630690427,0.005859125055598028,0.04512650189480661
zhen,15,Online-B vs HuaweiTSC,0.02,97.438,187.07541379310328,182.39406578947353,dedup,dedup,0.47915122557065726,True,0.025023854865327766,0.006416203887632216,0.04421678719115359,mtme_Cross-QE-src,0.2695533392376793,0.966162403744368,0.014125365600535345,-0.00656042691297205,0.037097649286104505,0.03417449614764756,0.01605151064247189,0.05872487877496898,0.013634851978931106,-0.004734645819164318,0.035060220911260744,0.03444877013294423,0.01925708566104883,0.05795706218658555
zhen,15,Online-B vs HuaweiTSC,0.02,97.438,187.07541379310328,182.39406578947353,dedup,dedup,0.47915122557065726,True,0.025023854865327766,0.006416203887632216,0.04421678719115359,mtme_HWTSC-TLM-src,0.052736181923655825,0.498241633134339,-0.01744397559102273,-0.03279934970683388,-0.003939713105477009,-0.0034887951182045462,-0.013243205623336479,0.008539444607280611,-0.010233799013399825,-0.024479506828825093,0.0017377014982124525,0.001687590076192902,-0.0031167363524616243,0.007947081624177971
zhen,15,Online-B vs HuaweiTSC,0.02,97.438,187.07541379310328,182.39406578947353,dedup,dedup,0.47915122557065726,True,0.025023854865327766,0.006416203887632216,0.04421678719115359,mtme_HWTSC-Teacher-Sim-src,0.09500879408997423,0.3949247735620734,-0.016940863292652653,-0.03572935879329105,0.002020128910688397,0.002325863412136475,-0.009469658212604575,0.015900955919127255,-0.005666365225540204,-0.02168526796901788,0.00659592835006947,0.0021280619334929085,-0.006524519450709259,0.013152476946594825
zhen,15,Online-B vs HuaweiTSC,0.02,97.438,187.07541379310328,182.39406578947353,dedup,dedup,0.47915122557065726,True,0.025023854865327766,0.006416203887632216,0.04421678719115359,mtme_KG-BERTScore-src,0.07693999953629241,0.679795467170797,-0.019192328700145422,-0.03869186918803232,-0.005237950668368622,0.006197099158510966,-0.007876066168513206,0.02092296173043638,-0.004379872659217687,-0.019682518922506175,0.006971932005273083,-0.0006904220011374473,-0.009695263071227506,0.008128486269184254
zhen,15,Online-B vs HuaweiTSC,0.02,97.438,187.07541379310328,182.39406578947353,dedup,dedup,0.47915122557065726,True,0.025023854865327766,0.006416203887632216,0.04421678719115359,mtme_MATESE-QE-src,0.22500999712961117,0.9351848265501388,0.0014590820163089546,-0.01875192809851524,0.020078416498810345,0.021302794433885053,0.0033004738579624276,0.04372308630547501,0.006685195978883396,-0.011934524964665327,0.02874511588829153,0.01674552376687366,0.001104228248482145,0.0388495223715273
zhen,15,Online-B vs HuaweiTSC,0.02,97.438,187.07541379310328,182.39406578947353,dedup,dedup,0.47915122557065726,True,0.025023854865327766,0.006416203887632216,0.04421678719115359,mtme_MATESE-refA,0.23375786253939448,0.9674894649743352,0.000814052194247683,-0.017218080622697862,0.02108778784115892,0.031519459343778644,0.013373250539763815,0.05100354634235889,0.0033469741784400986,-0.013478392762782083,0.022101105090085716,0.025579192338989976,0.008485109340642557,0.045346879731268275
zhen,15,Online-B vs HuaweiTSC,0.02,97.438,187.07541379310328,182.39406578947353,dedup,dedup,0.47915122557065726,True,0.025023854865327766,0.006416203887632216,0.04421678719115359,mtme_MEE-refA,0.10783336640661506,0.8976609341086564,-0.00647620650684666,-0.01911391061821388,0.0069935420812054045,0.011460163357980835,0.00040256754949665244,0.026184896911980483,0.0027253982313990566,-0.00955810447468729,0.01708346114158698,0.01372213727260696,0.003147732109722596,0.02606736042917874
zhen,15,Online-B vs HuaweiTSC,0.02,97.438,187.07541379310328,182.39406578947353,dedup,dedup,0.47915122557065726,True,0.025023854865327766,0.006416203887632216,0.04421678719115359,mtme_MEE2-refA,0.14421638181681018,0.9352238472927537,-0.001395518047281774,-0.015137584089707995,0.013745524336652519,0.011020162357503027,-0.0016892145877768546,0.0291365197220077,0.0071749362228933355,-0.006138095059762327,0.022298435363814685,0.015572489186836735,0.0020933176908682766,0.027962870532259872
zhen,15,Online-B vs HuaweiTSC,0.02,97.438,187.07541379310328,182.39406578947353,dedup,dedup,0.47915122557065726,True,0.025023854865327766,0.006416203887632216,0.04421678719115359,mtme_MEE4-refA,0.16252148964470756,0.9593140488993936,0.0008654375487017196,-0.015056789983150914,0.017557184733366853,0.011082055081355402,-0.0023916324218376302,0.02859038188332149,0.0042526141677522444,-0.010379440285828117,0.018411073497504822,0.014971743714580321,0.0019438637003902526,0.02725825351233743
zhen,15,Online-B vs HuaweiTSC,0.02,97.438,187.07541379310328,182.39406578947353,dedup,dedup,0.47915122557065726,True,0.025023854865327766,0.006416203887632216,0.04421678719115359,mtme_MS-COMET-22-refA,0.20929694092077136,0.98746083650136,0.01404350439986135,-0.0025106550800618297,0.036250273256299655,0.027994428297882012,0.011662866397824401,0.05348919271798556,0.01573208233426393,0.0011272647841535591,0.036616510960226833,0.020364660339247775,0.007226833876672248,0.03990448032854366
zhen,15,Online-B vs HuaweiTSC,0.02,97.438,187.07541379310328,182.39406578947353,dedup,dedup,0.47915122557065726,True,0.025023854865327766,0.006416203887632216,0.04421678719115359,mtme_MS-COMET-QE-22-src,0.22278014101541102,0.9490970977882788,-0.00019710706882514195,-0.02303394533906697,0.018771994359724875,0.02255960413410918,0.005251311557366714,0.0434096937101616,0.004108561117246667,-0.015809182921791946,0.021747790480064488,0.00914256216138265,-0.0028992288091907177,0.023919999093793436
zhen,15,Online-B vs HuaweiTSC,0.02,97.438,187.07541379310328,182.39406578947353,dedup,dedup,0.47915122557065726,True,0.025023854865327766,0.006416203887632216,0.04421678719115359,mtme_REUSE-src,-0.028171599045381586,-0.0713802384978524,-0.011266844840608359,-0.02756718427703227,-0.0006129430322953415,0.006460731700378641,-0.002670651110481048,0.018390975560897412,-0.001395518047281774,-0.011786937785671064,0.006862597617441458,0.0,0.0,0.0
zhen,15,Online-B vs HuaweiTSC,0.02,97.438,187.07541379310328,182.39406578947353,dedup,dedup,0.47915122557065726,True,0.025023854865327766,0.006416203887632216,0.04421678719115359,mtme_SEScore-refA,0.2081894376741369,0.93964771879046,0.005305400855134534,-0.01404103621458443,0.02264502010033463,0.02775933085393889,0.010880010118412612,0.05020165207900918,0.01404350439986135,-0.0023387972668239775,0.03279427420560277,0.027105228026798267,0.01251696445944087,0.047309267777184145
zhen,15,Online-B vs HuaweiTSC,0.02,97.438,187.07541379310328,182.39406578947353,dedup,dedup,0.47915122557065726,True,0.025023854865327766,0.006416203887632216,0.04421678719115359,mtme_UniTE-ref-refA,0.291813527035355,0.975743491343244,0.022846624031213514,0.003424753423643762,0.04786545723746672,0.04750610837603031,0.02630795685717559,0.07750527279182758,0.028613528953956413,0.011331555620349099,0.05451694076738067,0.03519707198156563,0.01789267505720057,0.05470201173324412
zhen,15,Online-B vs HuaweiTSC,0.02,97.438,187.07541379310328,182.39406578947353,dedup,dedup,0.47915122557065726,True,0.025023854865327766,0.006416203887632216,0.04421678719115359,mtme_UniTE-refA,0.2946491813630193,0.9824419355235168,0.026423333518204695,0.00834100540713716,0.04988431770548206,0.04448832356405463,0.023256277029503496,0.07094876719849155,0.027269176977966048,0.00722012080678102,0.05228910448647367,0.032312171433590886,0.015030106880167815,0.050226666936815705
zhen,15,Online-B vs HuaweiTSC,0.02,97.438,187.07541379310328,182.39406578947353,dedup,dedup,0.47915122557065726,True,0.025023854865327766,0.006416203887632216,0.04421678719115359,mtme_UniTE-src-src,0.2828716738651259,0.9607040026515832,0.025208600416386617,0.0059266863576154715,0.048490632521463656,0.03488795118204491,0.015866831917829418,0.060380056689154006,0.02780923644945632,0.009628483879796451,0.05141397668106113,0.02758857605122267,0.009834785088674245,0.05171782455453703
zhen,15,Online-B vs HuaweiTSC,0.02,97.438,187.07541379310328,182.39406578947353,dedup,dedup,0.47915122557065726,True,0.025023854865327766,0.006416203887632216,0.04421678719115359,mtme_YiSi-1-refA,0.17834474162292213,0.9604473082422414,-0.006226379693358819,-0.02492701912226751,0.009481519056064076,0.008436415808518283,-0.006764073790172558,0.025033711794102662,0.0019188373150124116,-0.013807978128449017,0.01628440323422959,0.016374755543848374,0.0017377421016862966,0.03485035004417738
zhen,15,Online-B vs HuaweiTSC,0.02,97.438,187.07541379310328,182.39406578947353,dedup,dedup,0.47915122557065726,True,0.025023854865327766,0.006416203887632216,0.04421678719115359,mtme_chrF-refA,0.11788682630915079,0.9157360845392822,0.0027253982313990566,-0.012180909373826607,0.016410570465588525,0.016830005435645057,0.0038957407629252737,0.03325088774594884,0.009232108145105666,-0.005140658117781255,0.02614429628203663,0.010633731713947325,0.0008620906135537067,0.02217748456552667
zhen,15,Online-B vs HuaweiTSC,0.02,97.438,187.07541379310328,182.39406578947353,dedup,dedup,0.47915122557065726,True,0.025023854865327766,0.006416203887632216,0.04421678719115359,mtme_f101spBLEU-refA,0.10918490958199148,0.8645720481576694,-0.008331890451070745,-0.024191272065570566,0.0031694736380988697,0.016810282266158993,0.004434567340818483,0.03514181222442223,0.0031872943055202274,-0.01153688628149228,0.014471378907086744,0.011050279669836072,0.0003820478738914004,0.02244245997773939
zhen,15,Online-B vs HuaweiTSC,0.02,97.438,187.07541379310328,182.39406578947353,dedup,dedup,0.47915122557065726,True,0.025023854865327766,0.006416203887632216,0.04421678719115359,mtme_f200spBLEU-refA,0.11037847485965893,0.8696321738056851,-0.007213120708524201,-0.022114120611035643,0.005459672627574776,0.01735888302716382,0.002353115973589929,0.03609615068629365,0.003961015871577489,-0.011560774937470892,0.016230939819949136,0.01004461389061928,0.0003720348582528013,0.020283472500690177
zhen,15,Online-B vs HuaweiTSC,0.02,97.438,187.07541379310328,182.39406578947353,dedup,dedup,0.47915122557065726,True,0.025023854865327766,0.006416203887632216,0.04421678719115359,mtme_metricx_xl_DA_2019-refA,0.27365149701735536,0.9937925634685278,0.00984256106195458,-0.009137283436985076,0.028725099106979905,0.025278096365433878,0.006224329830911701,0.04639904742771197,0.01628104388495455,-0.0034742375372763977,0.0380283141739223,0.029203507811874863,0.009572205095219869,0.0510132409332246
zhen,15,Online-B vs HuaweiTSC,0.02,97.438,187.07541379310328,182.39406578947353,dedup,dedup,0.47915122557065726,True,0.025023854865327766,0.006416203887632216,0.04421678719115359,mtme_metricx_xl_MQM_2020-refA,0.3337218949622912,0.9880707146931909,0.021360515704562544,0.00426651936952743,0.052467449607414604,0.040481098911230196,0.01860896434302647,0.07538788137180714,0.02064562707809925,0.0032913806615995113,0.05153793513417514,0.04547071890877186,0.023366252802858707,0.06991498889365012
zhen,15,Online-B vs HuaweiTSC,0.02,97.438,187.07541379310328,182.39406578947353,dedup,dedup,0.47915122557065726,True,0.025023854865327766,0.006416203887632216,0.04421678719115359,mtme_metricx_xxl_DA_2019-refA,0.25842589234741153,0.9945880252964706,0.0032244924577343737,-0.01420273264757697,0.023896260418936804,0.025261115454806804,0.005272539210949762,0.047400656953144354,0.01316165060279506,-0.0038931178220732664,0.03338927564046075,0.030604264287077187,0.013336914571168779,0.051932843835291335
zhen,15,Online-B vs HuaweiTSC,0.02,97.438,187.07541379310328,182.39406578947353,dedup,dedup,0.47915122557065726,True,0.025023854865327766,0.006416203887632216,0.04421678719115359,mtme_metricx_xxl_MQM_2020-refA,0.29708652391468743,0.9848440687329651,0.021605309527194305,0.004507743267388604,0.046313586774373035,0.045741980438681495,0.025143992844355628,0.07634819626627289,0.02451546714531294,0.00609780554310779,0.04847430553670247,0.03970342013072259,0.020976567088222674,0.06492548498137707
zhen,23,LanguageX vs JDExploreAcademy,0.01,92.173,690.3922799999993,597.6489716312058,dedup,dedup,0.8664918443178419,True,0.1343342199145009,0.1011198803421587,0.17288736286181433,mtme_BERTScore-refA,0.1292638100865318,0.9400920205176692,-0.013696838689202018,-0.034564239863832405,0.012177261134546763,-0.00041449936577442337,-0.01729037236910373,0.01898188989452607,-0.014089256699066244,-0.03343118341614319,0.00805095742925345,0.009552695056828764,-0.007115276818732852,0.030366305460316396
zhen,23,LanguageX vs JDExploreAcademy,0.01,92.173,690.3922799999993,597.6489716312058,dedup,dedup,0.8664918443178419,True,0.1343342199145009,0.1011198803421587,0.17288736286181433,mtme_BLEU-refA,0.06331824079775333,0.8293746844592913,-0.027627678039381154,-0.04851168792458921,-0.009719535343486468,-0.005538674799919763,-0.017545315427946778,0.007651482774242381,-0.00033040668868911105,-0.018072086076535245,0.016392568185464834,0.003934091597942002,-0.007544307857300164,0.018607312945222835
zhen,23,LanguageX vs JDExploreAcademy,0.01,92.173,690.3922799999993,597.6489716312058,dedup,dedup,0.8664918443178419,True,0.1343342199145009,0.1011198803421587,0.17288736286181433,mtme_BLEURT-20-refA,0.16690043163327947,0.9802219595565596,-0.032760092536815666,-0.05797821890718209,-0.008146102209630808,-0.0013489903829058125,-0.021412468377751997,0.021602678114577927,-0.010046428377956884,-0.03236737970305063,0.015299829525796232,0.024337086283843568,0.006153581819204493,0.054463965684925675
zhen,23,LanguageX vs JDExploreAcademy,0.01,92.173,690.3922799999993,597.6489716312058,dedup,dedup,0.8664918443178419,True,0.1343342199145009,0.1011198803421587,0.17288736286181433,mtme_COMET-20-refA,0.12758126486353805,0.9752672183823412,-0.01652234910939243,-0.03802286184067126,0.0056459192856804855,0.0027989032796749136,-0.014501830994817083,0.02302188437736907,-0.00752990620109073,-0.024824920467699258,0.014801178022910002,0.014898046115279229,-0.001344685447689218,0.03766938227955494
zhen,23,LanguageX vs JDExploreAcademy,0.01,92.173,690.3922799999993,597.6489716312058,dedup,dedup,0.8664918443178419,True,0.1343342199145009,0.1011198803421587,0.17288736286181433,mtme_COMET-22-refA,0.19572089029683493,0.9866351677254928,-0.011977242464984439,-0.03511735452193262,0.014621288413808345,0.0026543558848060034,-0.020448694822405127,0.026707910241235124,-0.001522031345516428,-0.02298510269024943,0.026850104063242865,0.016351100328420243,-0.0052777267850417755,0.039378376184980954
zhen,23,LanguageX vs JDExploreAcademy,0.01,92.173,690.3922799999993,597.6489716312058,dedup,dedup,0.8664918443178419,True,0.1343342199145009,0.1011198803421587,0.17288736286181433,mtme_COMET-QE-src,0.12263260074587531,0.922900899652606,0.008245899655673572,-0.008236833648463721,0.02885170284022075,0.021496860721777256,0.0026125037998132295,0.04011661562604417,0.009620598603695019,-0.006042887219875786,0.028962643946214253,-0.003694684071847254,-0.023805696095614358,0.015221782585697457
zhen,23,LanguageX vs JDExploreAcademy,0.01,92.173,690.3922799999993,597.6489716312058,dedup,dedup,0.8664918443178419,True,0.1343342199145009,0.1011198803421587,0.17288736286181433,mtme_COMETKiwi-src,0.15365751371470251,0.959377087982424,-0.01395445022768338,-0.03941541598758513,0.01156327956172464,-0.008591763930010599,-0.0348690858291828,0.013695523390999331,-0.022006462161238804,-0.04747239296982334,0.005484851146663514,0.003891702635143268,-0.015682260517370098,0.024566425172205968
zhen,23,LanguageX vs JDExploreAcademy,0.01,92.173,690.3922799999993,597.6489716312058,dedup,dedup,0.8664918443178419,True,0.1343342199145009,0.1011198803421587,0.17288736286181433,mtme_Cross-QE-src,0.13002726365514136,0.966162403744368,-0.017659945794496368,-0.03990991152955364,0.00915661226445063,0.0052379709999776924,-0.018239409406927524,0.028270859830620228,-0.0071280022904673945,-0.02884297306620769,0.016421776682043494,0.0069516558871640655,-0.010773080333352841,0.029917748986755782
zhen,23,LanguageX vs JDExploreAcademy,0.01,92.173,690.3922799999993,597.6489716312058,dedup,dedup,0.8664918443178419,True,0.1343342199145009,0.1011198803421587,0.17288736286181433,mtme_HWTSC-TLM-src,0.045126328257853905,0.498241633134339,-0.01895494497024708,-0.038494618153006276,0.003436393709646168,0.0025813022553846654,-0.010234776591995919,0.015241627947314158,-0.0043056121619813315,-0.0226469631568676,0.009836112586178182,0.0003893544231636792,-0.011096100949891895,0.010977715038693502
zhen,23,LanguageX vs JDExploreAcademy,0.01,92.173,690.3922799999993,597.6489716312058,dedup,dedup,0.8664918443178419,True,0.1343342199145009,0.1011198803421587,0.17288736286181433,mtme_HWTSC-Teacher-Sim-src,0.06982674314523572,0.3949247735620734,-0.02609461916352407,-0.047509047576710914,-0.005266146188082321,-0.00033040668868911105,-0.015589785141890288,0.014811705910952346,-0.00041449936577442337,-0.01661042916842435,0.018025564026526334,-0.008601347883450572,-0.021550826386776696,0.0054741445701985665
zhen,23,LanguageX vs JDExploreAcademy,0.01,92.173,690.3922799999993,597.6489716312058,dedup,dedup,0.8664918443178419,True,0.1343342199145009,0.1011198803421587,0.17288736286181433,mtme_KG-BERTScore-src,0.06678998138365852,0.679795467170797,0.0021317001390204204,-0.014328406656723818,0.02219358023456651,0.002726887702588332,-0.010812512629577076,0.017723510594010478,-0.011119054565678521,-0.02668241682774632,0.004208103264998404,0.011669664964681692,-0.0031212192065609152,0.02599825433036183
zhen,23,LanguageX vs JDExploreAcademy,0.01,92.173,690.3922799999993,597.6489716312058,dedup,dedup,0.8664918443178419,True,0.1343342199145009,0.1011198803421587,0.17288736286181433,mtme_MATESE-QE-src,0.14150886135236293,0.9351848265501388,-0.03920076955320417,-0.06567685569616338,-0.011066068016069222,-0.009698957922779305,-0.03469679844555993,0.013252805142391227,-0.011481632431950661,-0.03515068567715181,0.012191823614143671,-0.006775754896000574,-0.026402486805360947,0.009915803864945968
zhen,23,LanguageX vs JDExploreAcademy,0.01,92.173,690.3922799999993,597.6489716312058,dedup,dedup,0.8664918443178419,True,0.1343342199145009,0.1011198803421587,0.17288736286181433,mtme_MATESE-refA,0.15043670735902986,0.9674894649743352,-0.010886675115022282,-0.03303999437537834,0.012475983615991818,5.415864354718636e-05,-0.02841593022204002,0.021863788521620905,-0.010282211901112781,-0.0306481843833763,0.01531781938593508,0.013318639361865059,-0.006525573251156818,0.0408249010268177
zhen,23,LanguageX vs JDExploreAcademy,0.01,92.173,690.3922799999993,597.6489716312058,dedup,dedup,0.8664918443178419,True,0.1343342199145009,0.1011198803421587,0.17288736286181433,mtme_MEE-refA,0.07225729866720056,0.8976609341086564,-0.022163151105577095,-0.03858828699261607,-0.0001620118897644036,-0.00584296597070777,-0.023381035841084603,0.008430201778529902,-0.012169334374489305,-0.030390589466372225,0.0033863277518854902,0.010864277855632709,-0.0036718495752628365,0.028282426101111247
zhen,23,LanguageX vs JDExploreAcademy,0.01,92.173,690.3922799999993,597.6489716312058,dedup,dedup,0.8664918443178419,True,0.1343342199145009,0.1011198803421587,0.17288736286181433,mtme_MEE2-refA,0.10295719026163683,0.9352238472927537,-0.01963963442307337,-0.04143188933705931,-0.0007201243371094817,-0.004598825893442626,-0.02124895254924674,0.011713143361227592,-0.015713769983659365,-0.03577952704424478,0.00032684071530339053,0.023691034258832455,0.008463547983660223,0.04155421191210061
zhen,23,LanguageX vs JDExploreAcademy,0.01,92.173,690.3922799999993,597.6489716312058,dedup,dedup,0.8664918443178419,True,0.1343342199145009,0.1011198803421587,0.17288736286181433,mtme_MEE4-refA,0.12476898752029697,0.9593140488993936,-0.018245357719136157,-0.038549939399178154,0.003831676994526683,-0.004697970104799776,-0.02403056978029703,0.013156523498745132,-0.011481632431950661,-0.03249797861022083,0.009682368220065391,0.032085767066736826,0.015173351643315824,0.0523720149647021
zhen,23,LanguageX vs JDExploreAcademy,0.01,92.173,690.3922799999993,597.6489716312058,dedup,dedup,0.8664918443178419,True,0.1343342199145009,0.1011198803421587,0.17288736286181433,mtme_MS-COMET-22-refA,0.17571346765572388,0.98746083650136,-0.012113122215707817,-0.0356275960785946,0.009608673586479578,0.0038207459275241273,-0.01402332862048014,0.029224819230530923,-0.005653834152097081,-0.02450597825989025,0.01707493299602329,0.020932993905624198,0.0018813403327426594,0.04828070011641968
zhen,23,LanguageX vs JDExploreAcademy,0.01,92.173,690.3922799999993,597.6489716312058,dedup,dedup,0.8664918443178419,True,0.1343342199145009,0.1011198803421587,0.17288736286181433,mtme_MS-COMET-QE-22-src,0.11059521521646701,0.9490970977882788,-0.013830148156667832,-0.0321748333885464,0.006158646138846803,0.00881195216368258,-0.00717609191268172,0.026000020052987894,-0.0070695210292133215,-0.024350214805778328,0.013452298081199049,0.023481066750796753,0.007440618183463551,0.04178560557343416
zhen,23,LanguageX vs JDExploreAcademy,0.01,92.173,690.3922799999993,597.6489716312058,dedup,dedup,0.8664918443178419,True,0.1343342199145009,0.1011198803421587,0.17288736286181433,mtme_REUSE-src,0.01859694127561467,-0.0713802384978524,-0.024817070100309868,-0.041313083201873546,-0.006745565144097397,-0.008388868766302071,-0.021521504369506773,0.0017539763600028435,-0.012169334374489305,-0.02639079075319291,8.859616685617837e-05,-0.000687755919971611,-0.008334995798834937,0.006411540922185297
zhen,23,LanguageX vs JDExploreAcademy,0.01,92.173,690.3922799999993,597.6489716312058,dedup,dedup,0.8664918443178419,True,0.1343342199145009,0.1011198803421587,0.17288736286181433,mtme_SEScore-refA,0.12907413886653857,0.93964771879046,-0.023059265135071394,-0.041467302797332524,-0.005270819724205024,-0.008169623076580201,-0.026755060291960557,0.01228049035987218,-0.008499653690790199,-0.027601112871857715,0.009540868160408526,0.008634881403464356,-0.011468003971103351,0.03238301770595877
zhen,23,LanguageX vs JDExploreAcademy,0.01,92.173,690.3922799999993,597.6489716312058,dedup,dedup,0.8664918443178419,True,0.1343342199145009,0.1011198803421587,0.17288736286181433,mtme_UniTE-ref-refA,0.18926948348189515,0.975743491343244,-0.006049462249092086,-0.03282602843336364,0.01771249236495192,0.001586810116035453,-0.02134308407131332,0.025865082590164463,0.0013585917379443924,-0.025242654768656975,0.026079386811913678,0.008510879753918066,-0.01182507779547349,0.0348657195932156
zhen,23,LanguageX vs JDExploreAcademy,0.01,92.173,690.3922799999993,597.6489716312058,dedup,dedup,0.8664918443178419,True,0.1343342199145009,0.1011198803421587,0.17288736286181433,mtme_UniTE-refA,0.20342827166850969,0.9824419355235168,-0.0028704081079875543,-0.028526267992261194,0.02663020316935965,0.004882652967195589,-0.020186191268587703,0.030249201454211658,0.009907537663054411,-0.015929937790900732,0.03865086365930155,0.013073534434117073,-0.009425384930298463,0.04283626003406109
zhen,23,LanguageX vs JDExploreAcademy,0.01,92.173,690.3922799999993,597.6489716312058,dedup,dedup,0.8664918443178419,True,0.1343342199145009,0.1011198803421587,0.17288736286181433,mtme_UniTE-src-src,0.1750753526611653,0.9607040026515832,-0.020152040428243367,-0.04316252953822692,0.006535501804739154,0.006948865671495552,-0.015185278621971793,0.030486806779225734,-0.006446002982989585,-0.027183261148966402,0.01678174854487664,0.002785763883716874,-0.01775231384207409,0.02552739780746375
zhen,23,LanguageX vs JDExploreAcademy,0.01,92.173,690.3922799999993,597.6489716312058,dedup,dedup,0.8664918443178419,True,0.1343342199145009,0.1011198803421587,0.17288736286181433,mtme_YiSi-1-refA,0.13767875303082444,0.9604473082422414,-0.008836756389590583,-0.030595477621219936,0.0175344407928139,-0.0038305446179764946,-0.021485559223304175,0.01799092230853352,-0.01833546403673747,-0.03739201447615762,0.0015821763557315365,0.011805116433021734,-0.005613093119501289,0.03352212363166092
zhen,23,LanguageX vs JDExploreAcademy,0.01,92.173,690.3922799999993,597.6489716312058,dedup,dedup,0.8664918443178419,True,0.1343342199145009,0.1011198803421587,0.17288736286181433,mtme_chrF-refA,0.07344570941914542,0.9157360845392822,-0.022006462161238804,-0.0414040777627033,-5.59849683550437e-05,-0.01041632633001699,-0.024230545935240065,0.005267689309033602,-0.014718265022681587,-0.03272011276453907,0.0027174249315931056,0.009745292328678934,-0.001752082092459789,0.024799845165520265
zhen,23,LanguageX vs JDExploreAcademy,0.01,92.173,690.3922799999993,597.6489716312058,dedup,dedup,0.8664918443178419,True,0.1343342199145009,0.1011198803421587,0.17288736286181433,mtme_f101spBLEU-refA,0.0749047815694951,0.8645720481576694,-0.017790550252631876,-0.039613464957674246,0.0008768920283896612,-0.00024691682649335966,-0.017211305340897848,0.0151782986212725,0.0006437312301004194,-0.016735597470299263,0.01951181327949345,0.0010940310904389294,-0.011303743548424094,0.015209768940034183
zhen,23,LanguageX vs JDExploreAcademy,0.01,92.173,690.3922799999993,597.6489716312058,dedup,dedup,0.8664918443178419,True,0.1343342199145009,0.1011198803421587,0.17288736286181433,mtme_f200spBLEU-refA,0.07674192494443126,0.8696321738056851,-0.02262038334929528,-0.043909816379124424,-0.003944137654642061,0.0001617131328444099,-0.015847733803183068,0.0166899350010458,-0.0019656055522090377,-0.018685097349123957,0.01458998780079084,0.003891702635143268,-0.009734102635432701,0.019187866367259075
zhen,23,LanguageX vs JDExploreAcademy,0.01,92.173,690.3922799999993,597.6489716312058,dedup,dedup,0.8664918443178419,True,0.1343342199145009,0.1011198803421587,0.17288736286181433,mtme_metricx_xl_DA_2019-refA,0.1783788365914154,0.9937925634685278,-0.013564491744966878,-0.04055676370373528,0.014015451324757287,-0.0054386679940818805,-0.026771769875184436,0.017367098126891932,0.0025077211629351837,-0.01672240473829683,0.02435588157582774,0.011034242866699628,-0.010130206026754256,0.03594738086002139
zhen,23,LanguageX vs JDExploreAcademy,0.01,92.173,690.3922799999993,597.6489716312058,dedup,dedup,0.8664918443178419,True,0.1343342199145009,0.1011198803421587,0.17288736286181433,mtme_metricx_xl_MQM_2020-refA,0.19543210403404365,0.9880707146931909,-0.01497994231356059,-0.042295461316346684,0.014404409925364972,0.007451059374393165,-0.015086121672434248,0.029118055105862784,-0.01041632633001699,-0.035214231749117426,0.013931962585065738,0.018423758790938383,-0.005362409288546854,0.04686353587551506
zhen,23,LanguageX vs JDExploreAcademy,0.01,92.173,690.3922799999993,597.6489716312058,dedup,dedup,0.8664918443178419,True,0.1343342199145009,0.1011198803421587,0.17288736286181433,mtme_metricx_xxl_DA_2019-refA,0.15966311109753528,0.9945880252964706,-0.022168223769242656,-0.045865273308477325,0.0021203672917077207,-0.0020562559900856314,-0.024480054853986993,0.019725426414161504,-0.009065533520910662,-0.03180549591600945,0.013812470542599996,0.005354121851693483,-0.012141311599462712,0.027982424458741387
zhen,23,LanguageX vs JDExploreAcademy,0.01,92.173,690.3922799999993,597.6489716312058,dedup,dedup,0.8664918443178419,True,0.1343342199145009,0.1011198803421587,0.17288736286181433,mtme_metricx_xxl_MQM_2020-refA,0.19244760341731115,0.9848440687329651,-0.014848650939244257,-0.03716931391438656,0.012966512346595526,0.01711882380648233,-0.006650553851077917,0.03869420147221976,0.012623510109946001,-0.009727787747964777,0.03501649620132935,0.02234697459082391,0.0041272274012360294,0.04292647157180979
zhen,23,LanguageX vs JDExploreAcademy,0.02,92.173,254.44995121951214,233.46323121387275,dedup,dedup,0.6377558747477101,True,0.0824787739398476,0.039025472263167965,0.111518814120228,mtme_BERTScore-refA,0.1292638100865318,0.9400920205176692,-0.0032854340334378396,-0.01896424251005783,0.01703865509300879,0.02100472604776249,0.0017782775606918664,0.036142525561876,0.0126813397866401,-0.0032781378133879546,0.02780952182769226,0.013674358485373572,-0.0068138351664710104,0.03190416722098219
zhen,23,LanguageX vs JDExploreAcademy,0.02,92.173,254.44995121951214,233.46323121387275,dedup,dedup,0.6377558747477101,True,0.0824787739398476,0.039025472263167965,0.111518814120228,mtme_BLEU-refA,0.06331824079775333,0.8293746844592913,-0.0063535508463268275,-0.02138639246595611,0.006545054144975305,0.006442499008255886,-0.006829643332994977,0.020077862461219727,0.0012585346899848249,-0.012703080476509592,0.013987865885753844,0.007068808982203523,-0.005042358889573722,0.0189832940604074
zhen,23,LanguageX vs JDExploreAcademy,0.02,92.173,254.44995121951214,233.46323121387275,dedup,dedup,0.6377558747477101,True,0.0824787739398476,0.039025472263167965,0.111518814120228,mtme_BLEURT-20-refA,0.16690043163327947,0.9802219595565596,0.009954634833884368,-0.011318433448037091,0.03431192399817352,0.01466533896137534,-0.007247538257922825,0.03650717966785063,0.005422702748923758,-0.016310000043481803,0.026721523906547678,0.017479998182740042,-0.006841314170497392,0.03723653903828477
zhen,23,LanguageX vs JDExploreAcademy,0.02,92.173,254.44995121951214,233.46323121387275,dedup,dedup,0.6377558747477101,True,0.0824787739398476,0.039025472263167965,0.111518814120228,mtme_COMET-20-refA,0.12758126486353805,0.9752672183823412,-0.006333281907264565,-0.022946253638465423,0.014262099363257731,-0.0020859584185770608,-0.02163539951714971,0.01430820892137787,-0.008581955716500334,-0.029151879761048986,0.007661464108495259,0.007221974186473079,-0.010385364464320267,0.023994433007813825
zhen,23,LanguageX vs JDExploreAcademy,0.02,92.173,254.44995121951214,233.46323121387275,dedup,dedup,0.6377558747477101,True,0.0824787739398476,0.039025472263167965,0.111518814120228,mtme_COMET-22-refA,0.19572089029683493,0.9866351677254928,0.000326053303466467,-0.02441296905366893,0.02675368459074566,0.02294849582532743,0.0035818597928594376,0.0501943482554056,0.011378129706489881,-0.00994668550365033,0.03978009928062284,0.03460486681825026,0.014106343140939549,0.05518737612279247
zhen,23,LanguageX vs JDExploreAcademy,0.02,92.173,254.44995121951214,233.46323121387275,dedup,dedup,0.6377558747477101,True,0.0824787739398476,0.039025472263167965,0.111518814120228,mtme_COMET-QE-src,0.12263260074587531,0.922900899652606,-0.006657099448692527,-0.02442542386508187,0.014407211200337491,0.005782121388093975,-0.011911272897419056,0.025094089229153942,-0.004080638140809167,-0.022725391743934974,0.0134220834570096,0.021866012745733743,0.0020449973106595,0.04180300569586015
zhen,23,LanguageX vs JDExploreAcademy,0.02,92.173,254.44995121951214,233.46323121387275,dedup,dedup,0.6377558747477101,True,0.0824787739398476,0.039025472263167965,0.111518814120228,mtme_COMETKiwi-src,0.15365751371470251,0.959377087982424,-0.0023558404319208304,-0.01881116780714166,0.02086588881312597,0.01686967295129227,0.0002474992015224546,0.03894238564418913,-0.0016728737042754904,-0.022723032304507066,0.019923875850855224,0.023368818482667142,0.0014402403963058978,0.043828644190557015
zhen,23,LanguageX vs JDExploreAcademy,0.02,92.173,254.44995121951214,233.46323121387275,dedup,dedup,0.6377558747477101,True,0.0824787739398476,0.039025472263167965,0.111518814120228,mtme_Cross-QE-src,0.13002726365514136,0.966162403744368,-0.024030804754553436,-0.04500626601968228,-0.0035102730308334074,0.0044118378262582025,-0.01689137350747386,0.02620380948707834,-0.013081522450167249,-0.03470199909588013,0.0058047334052212084,0.026476058798927782,0.005940736701920843,0.044669216590541266
zhen,23,LanguageX vs JDExploreAcademy,0.02,92.173,254.44995121951214,233.46323121387275,dedup,dedup,0.6377558747477101,True,0.0824787739398476,0.039025472263167965,0.111518814120228,mtme_HWTSC-TLM-src,0.045126328257853905,0.498241633134339,-0.02242681952280523,-0.04138079296883214,-0.0012844854259135886,0.0046825111224231275,-0.010458345491379766,0.015887260731370787,-0.005514561547279806,-0.017669364586815228,0.010217193580837478,0.00706880898220319,-0.0049871721759183855,0.019660161487111073
zhen,23,LanguageX vs JDExploreAcademy,0.02,92.173,254.44995121951214,233.46323121387275,dedup,dedup,0.6377558747477101,True,0.0824787739398476,0.039025472263167965,0.111518814120228,mtme_HWTSC-Teacher-Sim-src,0.06982674314523572,0.3949247735620734,-0.0008383497533608342,-0.019271813763432278,0.0178907634219969,0.011916155450195087,-0.0023800099914230433,0.02958468922879425,-0.002507715629643137,-0.023263898328511147,0.014109720736714362,0.009915129028218561,-0.005875920433074599,0.0249984417812323
zhen,23,LanguageX vs JDExploreAcademy,0.02,92.173,254.44995121951214,233.46323121387275,dedup,dedup,0.6377558747477101,True,0.0824787739398476,0.039025472263167965,0.111518814120228,mtme_KG-BERTScore-src,0.06678998138365852,0.679795467170797,-0.006217760670758743,-0.025580348756177346,0.009553012871781005,0.016604247245775694,0.002814020712217358,0.032022611591032056,-0.005672833331074267,-0.021958055819173667,0.010231655037761777,0.013227314982360294,-0.0007759222780045757,0.02597122460412345
zhen,23,LanguageX vs JDExploreAcademy,0.02,92.173,254.44995121951214,233.46323121387275,dedup,dedup,0.6377558747477101,True,0.0824787739398476,0.039025472263167965,0.111518814120228,mtme_MATESE-QE-src,0.14150886135236293,0.9351848265501388,-0.013585084070180553,-0.03753066811088195,0.008249094192795582,0.01582576403127156,-0.0038382860211046738,0.03510354688005148,-0.0078428572097069,-0.03272228501686603,0.01764405141549618,0.029788244753069737,0.008509963485714247,0.04947231911753947
zhen,23,LanguageX vs JDExploreAcademy,0.02,92.173,254.44995121951214,233.46323121387275,dedup,dedup,0.6377558747477101,True,0.0824787739398476,0.039025472263167965,0.111518814120228,mtme_MATESE-refA,0.15043670735902986,0.9674894649743352,-0.004298027063661891,-0.027325474161168116,0.0171304661050978,0.020600084318844414,-0.0001671962473682616,0.045688127518101466,-0.01676274667319344,-0.03926582603676526,0.006494782977459353,0.031361533081287085,0.008033869291347483,0.050516619788830555
zhen,23,LanguageX vs JDExploreAcademy,0.02,92.173,254.44995121951214,233.46323121387275,dedup,dedup,0.6377558747477101,True,0.0824787739398476,0.039025472263167965,0.111518814120228,mtme_MEE-refA,0.07225729866720056,0.8976609341086564,-0.00959729647062968,-0.025336866452562088,0.004881545315442865,0.005790528035712561,-0.009969066720870827,0.02273466430879616,-0.011367439753902309,-0.02436336529078075,0.0032469812935450398,0.0071346960203054755,-0.006969372519165322,0.018277319776968077
zhen,23,LanguageX vs JDExploreAcademy,0.02,92.173,254.44995121951214,233.46323121387275,dedup,dedup,0.6377558747477101,True,0.0824787739398476,0.039025472263167965,0.111518814120228,mtme_MEE2-refA,0.10295719026163683,0.9352238472927537,-0.0010003994822227469,-0.017596663430847807,0.01696779404206025,0.018229501676056303,0.001152519622728615,0.034050036688882956,3.454311483763739e-05,-0.01601079636695397,0.01736915298023334,0.013416582751168304,-0.0026865967230468237,0.02836292211436299
zhen,23,LanguageX vs JDExploreAcademy,0.02,92.173,254.44995121951214,233.46323121387275,dedup,dedup,0.6377558747477101,True,0.0824787739398476,0.039025472263167965,0.111518814120228,mtme_MEE4-refA,0.12476898752029697,0.9593140488993936,0.005812403897747731,-0.013066110870342273,0.02597442741751776,0.018653282012275563,-0.0016611489066148397,0.035223094261501546,0.0015788920354959934,-0.016542328044789646,0.018269725078297824,0.015717727527425507,-0.004123296648001367,0.03321812709246868
zhen,23,LanguageX vs JDExploreAcademy,0.02,92.173,254.44995121951214,233.46323121387275,dedup,dedup,0.6377558747477101,True,0.0824787739398476,0.039025472263167965,0.111518814120228,mtme_MS-COMET-22-refA,0.17571346765572388,0.98746083650136,-0.005800804955190086,-0.028666503774932288,0.01727910163335984,0.025189160670840538,0.005436615506984961,0.04876246753669009,0.012476293542636796,-0.009565092737870096,0.03415356302769157,0.013584317061250184,-0.00872189244954204,0.03577960430527455
zhen,23,LanguageX vs JDExploreAcademy,0.02,92.173,254.44995121951214,233.46323121387275,dedup,dedup,0.6377558747477101,True,0.0824787739398476,0.039025472263167965,0.111518814120228,mtme_MS-COMET-QE-22-src,0.11059521521646701,0.9490970977882788,-0.007967164520497505,-0.02852603675131856,0.010420231834704499,0.02337223511081965,0.006378755030339145,0.04348077138212826,0.0017234010554817436,-0.01737980299697938,0.019544010086282284,0.02179021432892103,0.0020830375852168796,0.039685477220823794
zhen,23,LanguageX vs JDExploreAcademy,0.02,92.173,254.44995121951214,233.46323121387275,dedup,dedup,0.6377558747477101,True,0.0824787739398476,0.039025472263167965,0.111518814120228,mtme_REUSE-src,0.01859694127561467,-0.0713802384978524,0.007167139181777471,-0.009263157260605353,0.022669932173677812,0.014783718190579997,0.0032630355167824563,0.029095530280441626,0.00485386478168881,-0.010009493926602558,0.020375949640990414,0.0014164470040313182,-0.004682027346552753,0.007858663385755544
zhen,23,LanguageX vs JDExploreAcademy,0.02,92.173,254.44995121951214,233.46323121387275,dedup,dedup,0.6377558747477101,True,0.0824787739398476,0.039025472263167965,0.111518814120228,mtme_SEScore-refA,0.12907413886653857,0.93964771879046,-0.005514561547280028,-0.028265984571468127,0.01282459926984506,0.006010501981733141,-0.011816617479460344,0.0208419941825171,0.001072284474957108,-0.01646358536378704,0.017765849899294237,0.013498488101412853,-0.006744716224720742,0.03399971744790534
zhen,23,LanguageX vs JDExploreAcademy,0.02,92.173,254.44995121951214,233.46323121387275,dedup,dedup,0.6377558747477101,True,0.0824787739398476,0.039025472263167965,0.111518814120228,mtme_UniTE-ref-refA,0.18926948348189515,0.975743491343244,0.01318165262200821,-0.007626870644490513,0.03351852182572175,0.030392414158668002,0.010617327181393457,0.05339007706496779,0.014159536800227412,-0.0073380667732006796,0.0356585696858972,0.03343499494500357,0.0064616382646491945,0.05950374159903153
zhen,23,LanguageX vs JDExploreAcademy,0.02,92.173,254.44995121951214,233.46323121387275,dedup,dedup,0.6377558747477101,True,0.0824787739398476,0.039025472263167965,0.111518814120228,mtme_UniTE-refA,0.20342827166850969,0.9824419355235168,0.010890279044642237,-0.012045308946709691,0.0371178654097396,0.034043181757353436,0.011586808143052733,0.0598272769441953,0.020847365375405436,-0.002038397752832499,0.04872711521936841,0.03423077988203782,0.005430498719241997,0.057496611272103135
zhen,23,LanguageX vs JDExploreAcademy,0.02,92.173,254.44995121951214,233.46323121387275,dedup,dedup,0.6377558747477101,True,0.0824787739398476,0.039025472263167965,0.111518814120228,mtme_UniTE-src-src,0.1750753526611653,0.9607040026515832,0.006233208523356626,-0.011443128238794936,0.02616432206274012,0.02457112716832699,0.00591460740850966,0.04721633918599685,0.0046825111224231275,-0.017399927105835794,0.02978999839523848,0.02007127932959285,-0.004127522003276301,0.03781778093777284
zhen,23,LanguageX vs JDExploreAcademy,0.02,92.173,254.44995121951214,233.46323121387275,dedup,dedup,0.6377558747477101,True,0.0824787739398476,0.039025472263167965,0.111518814120228,mtme_YiSi-1-refA,0.13767875303082444,0.9604473082422414,0.003648745782840357,-0.01757224993384206,0.02227501857148872,0.01558688327154134,-0.0038051625505359115,0.035305918559482466,0.01487372187420788,-0.003652444486698047,0.033491339124685555,0.015922525121515263,-0.007142457758788494,0.03468424860544822
zhen,23,LanguageX vs JDExploreAcademy,0.02,92.173,254.44995121951214,233.46323121387275,dedup,dedup,0.6377558747477101,True,0.0824787739398476,0.039025472263167965,0.111518814120228,mtme_chrF-refA,0.07344570941914542,0.9157360845392822,-0.013585084070180553,-0.03195985089639252,0.002632798493339192,0.010791269075249743,-0.0013499617990849753,0.021981610106583463,0.0014033381625622177,-0.011280372049119861,0.01667068361584002,0.005725081146526367,-0.007500845686231416,0.018464567932018613
zhen,23,LanguageX vs JDExploreAcademy,0.02,92.173,254.44995121951214,233.46323121387275,dedup,dedup,0.6377558747477101,True,0.0824787739398476,0.039025472263167965,0.111518814120228,mtme_f101spBLEU-refA,0.0749047815694951,0.8645720481576694,-0.01017580946345853,-0.02519816937426925,0.00506659306524062,0.007513437744665286,-0.00649008645884303,0.019360190586493756,0.0014243009908598836,-0.01278276899572343,0.015846482922291325,0.0057827423559073665,-0.008240916253178571,0.01826215771370163
zhen,23,LanguageX vs JDExploreAcademy,0.02,92.173,254.44995121951214,233.46323121387275,dedup,dedup,0.6377558747477101,True,0.0824787739398476,0.039025472263167965,0.111518814120228,mtme_f200spBLEU-refA,0.07674192494443126,0.8696321738056851,-0.01832018769062782,-0.034936381468067206,6.209386962506582e-06,0.006010501981733252,-0.005575223130581564,0.01929463011349821,0.002787512929924185,-0.009355137364234068,0.015902898998271582,0.0071346960203055865,-0.007286630691289975,0.019979728531686884
zhen,23,LanguageX vs JDExploreAcademy,0.02,92.173,254.44995121951214,233.46323121387275,dedup,dedup,0.6377558747477101,True,0.0824787739398476,0.039025472263167965,0.111518814120228,mtme_metricx_xl_DA_2019-refA,0.1783788365914154,0.9937925634685278,0.010125096611399154,-0.008340416453418759,0.03075590286104344,0.02333406813520622,0.0036945245056620502,0.04588022621275806,0.013181652622007989,-0.008857300940392516,0.03457656518185939,0.03675960757083474,0.011682288721615197,0.05686360836698955
zhen,23,LanguageX vs JDExploreAcademy,0.02,92.173,254.44995121951214,233.46323121387275,dedup,dedup,0.6377558747477101,True,0.0824787739398476,0.039025472263167965,0.111518814120228,mtme_metricx_xl_MQM_2020-refA,0.19543210403404365,0.9880707146931909,-0.002297538394194776,-0.022915663304839993,0.020231619754676116,0.0435535847455254,0.021222662429672266,0.07216386616053547,0.02702939178943542,0.004284517211886433,0.0547973989173829,0.05407760841677667,0.029614587736256387,0.08191787645149892
zhen,23,LanguageX vs JDExploreAcademy,0.02,92.173,254.44995121951214,233.46323121387275,dedup,dedup,0.6377558747477101,True,0.0824787739398476,0.039025472263167965,0.111518814120228,mtme_metricx_xxl_DA_2019-refA,0.15966311109753528,0.9945880252964706,0.004815310208354129,-0.017681074016598502,0.025750700024434275,0.024260436245905903,0.004150448760441243,0.04452311964432996,0.012922454406094741,-0.011812480025173966,0.03417894130877321,0.03319767969032106,0.010094019981367988,0.05114490146325688
zhen,23,LanguageX vs JDExploreAcademy,0.02,92.173,254.44995121951214,233.46323121387275,dedup,dedup,0.6377558747477101,True,0.0824787739398476,0.039025472263167965,0.111518814120228,mtme_metricx_xxl_MQM_2020-refA,0.19244760341731115,0.9848440687329651,0.014344541915025655,-0.0091827783963128,0.03996222154512192,0.034954302758746336,0.014875116883906648,0.06251941435243309,0.013436249686159973,-0.007757252784188917,0.03751292914533236,0.04714846939812911,0.023231849457827074,0.07113339354253752
zhen,24,LanguageX vs Online-G,0.01,95.4265,570.8394792746107,524.8425165745851,dedup,dedup,0.8328312888918222,True,0.08057775323892413,0.05296832739009449,0.12184344117168328,mtme_BERTScore-refA,0.12067789469681622,0.9400920205176692,0.004091544619138188,-0.021859244594203332,0.028178506562410808,0.0098323940459909,-0.011306264434210095,0.026530529317619678,0.006183549071296479,-0.015833123012088505,0.02927499603594964,0.0018313284656439333,-0.021639976304093388,0.024534798898193808
zhen,24,LanguageX vs Online-G,0.01,95.4265,570.8394792746107,524.8425165745851,dedup,dedup,0.8328312888918222,True,0.08057775323892413,0.05296832739009449,0.12184344117168328,mtme_BLEU-refA,0.035054960486865405,0.8293746844592913,-0.011777803439375845,-0.030297413082610695,0.0031001404612391397,-0.007129206533346588,-0.02078736493764612,0.005386875783884577,-0.012457496186761174,-0.029947814534286514,0.0012212673334471406,-0.014155195869715032,-0.032014232228388964,0.001569714526183594
zhen,24,LanguageX vs Online-G,0.01,95.4265,570.8394792746107,524.8425165745851,dedup,dedup,0.8328312888918222,True,0.08057775323892413,0.05296832739009449,0.12184344117168328,mtme_BLEURT-20-refA,0.15932555749435265,0.9802219595565596,0.014540498073303931,-0.008692865062998639,0.042632284515859674,0.025204273761313623,0.0055810345030034274,0.05127666737748954,0.023814617521186077,0.004317639899070326,0.04679091255960166,0.007408425796072926,-0.019619802352397724,0.036944510106217826
zhen,24,LanguageX vs Online-G,0.01,95.4265,570.8394792746107,524.8425165745851,dedup,dedup,0.8328312888918222,True,0.08057775323892413,0.05296832739009449,0.12184344117168328,mtme_COMET-20-refA,0.17037768971933653,0.9752672183823412,0.01266295174950871,-0.012780029050797448,0.043044124078242776,0.030992576228300317,0.010208806548707245,0.05636983190008951,0.010507370154346107,-0.012750367254016053,0.033464270114422615,0.018637674561790885,-0.01076913665592129,0.0579926123941116
zhen,24,LanguageX vs Online-G,0.01,95.4265,570.8394792746107,524.8425165745851,dedup,dedup,0.8328312888918222,True,0.08057775323892413,0.05296832739009449,0.12184344117168328,mtme_COMET-22-refA,0.2293355956977,0.9866351677254928,0.012003612739479919,-0.018413888478337213,0.04204596082928792,0.03823127684903871,0.010401781299935617,0.06129992177632727,0.022390502167231152,-0.007761479361541324,0.049983717529226784,0.02869209238277115,-0.005951912196949147,0.06607398864003274
zhen,24,LanguageX vs Online-G,0.01,95.4265,570.8394792746107,524.8425165745851,dedup,dedup,0.8328312888918222,True,0.08057775323892413,0.05296832739009449,0.12184344117168328,mtme_COMET-QE-src,0.13957741847131536,0.922900899652606,0.002121944682797805,-0.018613547879737652,0.025207909861700205,0.012064183595903555,-0.005453907604941998,0.030807191173384936,0.004375941537749228,-0.012650772702112345,0.025714839500811344,0.004332621388863478,-0.02808678831539566,0.02957424563356327
zhen,24,LanguageX vs Online-G,0.01,95.4265,570.8394792746107,524.8425165745851,dedup,dedup,0.8328312888918222,True,0.08057775323892413,0.05296832739009449,0.12184344117168328,mtme_COMETKiwi-src,0.18396660126931696,0.959377087982424,-0.0022926758641721445,-0.02996606906262844,0.025895745086474884,0.01745233593988038,-0.005552227854434615,0.04282663844364977,0.0057156007069978365,-0.015970545787136612,0.026718965147219168,0.01880163891394826,-0.010584812155111816,0.05572691967788586
zhen,24,LanguageX vs Online-G,0.01,95.4265,570.8394792746107,524.8425165745851,dedup,dedup,0.8328312888918222,True,0.08057775323892413,0.05296832739009449,0.12184344117168328,mtme_Cross-QE-src,0.24982263029638613,0.966162403744368,0.012907849096090662,-0.01573040317223993,0.045747908131159296,0.038162887962360226,0.015126988520928326,0.07121979128529173,0.03183173496833669,0.007778661003128987,0.06263743307942864,0.0530380386418996,0.01373826373567092,0.09132422627460257
zhen,24,LanguageX vs Online-G,0.01,95.4265,570.8394792746107,524.8425165745851,dedup,dedup,0.8328312888918222,True,0.08057775323892413,0.05296832739009449,0.12184344117168328,mtme_HWTSC-TLM-src,0.026990064396909038,0.498241633134339,-0.014181354604042351,-0.03258930399001962,0.002741375997892652,0.0034279518090449823,-0.006105009691085022,0.014970394530484087,-0.000537015231261817,-0.012267011294822758,0.013073680815959941,0.007892153625753018,-0.003525793608566846,0.019406221416760194
zhen,24,LanguageX vs Online-G,0.01,95.4265,570.8394792746107,524.8425165745851,dedup,dedup,0.8328312888918222,True,0.08057775323892413,0.05296832739009449,0.12184344117168328,mtme_HWTSC-Teacher-Sim-src,0.08414839481675726,0.3949247735620734,-0.0020798685147285223,-0.025469791551716588,0.020500572237781,0.005370593973307414,-0.00925593965076059,0.023932940914048507,-4.393840871075305e-05,-0.017968371079083417,0.019620607273780656,0.006822596244557166,-0.015410063816888114,0.030288763000256638
zhen,24,LanguageX vs Online-G,0.01,95.4265,570.8394792746107,524.8425165745851,dedup,dedup,0.8328312888918222,True,0.08057775323892413,0.05296832739009449,0.12184344117168328,mtme_KG-BERTScore-src,0.06416528672202185,0.679795467170797,-0.007863548886257732,-0.02886853436280243,0.00931115309822094,0.011626409491882539,-0.0003894899832653342,0.027808007692692295,0.0027714562482575866,-0.011350273228331102,0.022799260057358908,-0.008006532663807464,-0.028018367431150375,0.010994469026989835
zhen,24,LanguageX vs Online-G,0.01,95.4265,570.8394792746107,524.8425165745851,dedup,dedup,0.8328312888918222,True,0.08057775323892413,0.05296832739009449,0.12184344117168328,mtme_MATESE-QE-src,0.12642561874843639,0.9351848265501388,0.0016105745150710726,-0.023746892872731327,0.019838712731439303,0.007627250060415869,-0.010155468251340043,0.026937194587618587,-0.0052997362367457335,-0.026304488596094692,0.014298629373848622,-0.0009058183808567932,-0.03442901522560354,0.03078753572044398
zhen,24,LanguageX vs Online-G,0.01,95.4265,570.8394792746107,524.8425165745851,dedup,dedup,0.8328312888918222,True,0.08057775323892413,0.05296832739009449,0.12184344117168328,mtme_MATESE-refA,0.16348311798346843,0.9674894649743352,0.003445323348576279,-0.0193971008447755,0.02368662410324693,0.01383588114629608,-0.007257439389469772,0.031454449454004385,0.011523089230600636,-0.008892399756655572,0.03171664236540732,0.007134550480738744,-0.029189666616810373,0.04464865112640417
zhen,24,LanguageX vs Online-G,0.01,95.4265,570.8394792746107,524.8425165745851,dedup,dedup,0.8328312888918222,True,0.08057775323892413,0.05296832739009449,0.12184344117168328,mtme_MEE-refA,0.04994294672179221,0.8976609341086564,0.0031119552328099376,-0.01224552732512888,0.022166270272272928,0.0017689697838121354,-0.010123292212217421,0.014184087754767701,-0.0021788751425446673,-0.01731707230578076,0.00983951660491048,0.004332621388863478,-0.0130376360428135,0.020083734694677585
zhen,24,LanguageX vs Online-G,0.01,95.4265,570.8394792746107,524.8425165745851,dedup,dedup,0.8328312888918222,True,0.08057775323892413,0.05296832739009449,0.12184344117168328,mtme_MEE2-refA,0.09080957563185195,0.9352238472927537,0.010679008076636243,-0.0065600102844045605,0.035048010084292446,0.00829198287779076,-0.007848478493224457,0.02800759247923264,0.004781087986050592,-0.012600368034096232,0.022655574381896512,0.011009531688236707,-0.010607537931738159,0.03436363511183841
zhen,24,LanguageX vs Online-G,0.01,95.4265,570.8394792746107,524.8425165745851,dedup,dedup,0.8328312888918222,True,0.08057775323892413,0.05296832739009449,0.12184344117168328,mtme_MEE4-refA,0.11704673384363029,0.9593140488993936,0.013638482063793811,-0.007165245763947053,0.04003454914039258,0.006183549071296479,-0.013821407565630855,0.0217497633111529,0.0030275078719199655,-0.01772672299975661,0.02497373800021794,0.003919397983891848,-0.023393334401100113,0.03045721805199635
zhen,24,LanguageX vs Online-G,0.01,95.4265,570.8394792746107,524.8425165745851,dedup,dedup,0.8328312888918222,True,0.08057775323892413,0.05296832739009449,0.12184344117168328,mtme_MS-COMET-22-refA,0.179673815763542,0.98746083650136,0.005086933834277829,-0.015347045370223838,0.031022453082143936,0.02167675408660774,0.0015025338874070152,0.04982939237942813,0.007821519590156423,-0.01198142537165327,0.03585815557379027,0.0301151792128177,0.0021809300600563195,0.06029897496209006
zhen,24,LanguageX vs Online-G,0.01,95.4265,570.8394792746107,524.8425165745851,dedup,dedup,0.8328312888918222,True,0.08057775323892413,0.05296832739009449,0.12184344117168328,mtme_MS-COMET-QE-22-src,0.1064194061167261,0.9490970977882788,0.00021421699576640307,-0.016290044715506373,0.026583272848125304,0.010063879909976925,-0.005270674355389743,0.030388339512581155,0.005338294747191941,-0.012409772247716971,0.0267021058763777,0.0007837784379711721,-0.02479788915759189,0.027598841243742428
zhen,24,LanguageX vs Online-G,0.01,95.4265,570.8394792746107,524.8425165745851,dedup,dedup,0.8328312888918222,True,0.08057775323892413,0.05296832739009449,0.12184344117168328,mtme_REUSE-src,0.009524813269632386,-0.0713802384978524,-0.021407108448933343,-0.0476025802708412,-0.0024186273250784047,0.0071266658325152,-0.0050815331169033915,0.021416154726805175,-0.009622706789454316,-0.030631421888228417,0.004878795730595434,0.010609075249249478,-0.009869216433700128,0.02993303652388091
zhen,24,LanguageX vs Online-G,0.01,95.4265,570.8394792746107,524.8425165745851,dedup,dedup,0.8328312888918222,True,0.08057775323892413,0.05296832739009449,0.12184344117168328,mtme_SEScore-refA,0.1414233503865385,0.93964771879046,0.01708399332201538,-0.005599828694088286,0.03880490931529704,0.02442915608301688,0.005228132246335288,0.051656934658851204,0.018571955324300116,-0.002197442104399959,0.043966402396687455,0.023136047210268185,0.00041757325500182176,0.04535148176610796
zhen,24,LanguageX vs Online-G,0.01,95.4265,570.8394792746107,524.8425165745851,dedup,dedup,0.8328312888918222,True,0.08057775323892413,0.05296832739009449,0.12184344117168328,mtme_UniTE-ref-refA,0.20646726437866825,0.975743491343244,0.013167152168942153,-0.008263304159026453,0.04006556537015658,0.03405678758126529,0.009722433054336127,0.061711223511722334,0.018612516698824466,-0.004587194072464906,0.045966975499293315,0.024458409063382813,-0.0032480959031939427,0.060343037199098976
zhen,24,LanguageX vs Online-G,0.01,95.4265,570.8394792746107,524.8425165745851,dedup,dedup,0.8328312888918222,True,0.08057775323892413,0.05296832739009449,0.12184344117168328,mtme_UniTE-refA,0.21874242173315656,0.9824419355235168,0.025360256549412985,0.0040795344984452895,0.0553334763774321,0.03586154122543417,0.010047564739880993,0.06560304970212683,0.02597853305901421,-0.0007382801036886155,0.05405179570679516,0.021003603133191495,-0.009945506169145562,0.05978606195555278
zhen,24,LanguageX vs Online-G,0.01,95.4265,570.8394792746107,524.8425165745851,dedup,dedup,0.8328312888918222,True,0.08057775323892413,0.05296832739009449,0.12184344117168328,mtme_UniTE-src-src,0.209858074971606,0.9607040026515832,0.015557558091895851,-0.007479164619520544,0.037869563809317754,0.03255039274940397,0.012851499213210023,0.05801682054573547,0.01605652926643053,-0.005803726862128915,0.03978534845420892,0.015973253839231205,-0.014521155860147,0.055643596418851846
zhen,24,LanguageX vs Online-G,0.01,95.4265,570.8394792746107,524.8425165745851,dedup,dedup,0.8328312888918222,True,0.08057775323892413,0.05296832739009449,0.12184344117168328,mtme_YiSi-1-refA,0.13093665483350553,0.9604473082422414,0.007908913567921672,-0.015980347872816995,0.028153985110773206,0.018752912837716407,0.00018522510819156746,0.040232085923874235,0.020457723095690494,0.0012449900563790677,0.04054642082507552,0.010104835827062009,-0.014369372728792627,0.03240834326908695
zhen,24,LanguageX vs Online-G,0.01,95.4265,570.8394792746107,524.8425165745851,dedup,dedup,0.8328312888918222,True,0.08057775323892413,0.05296832739009449,0.12184344117168328,mtme_chrF-refA,0.08147992770566609,0.9157360845392822,0.0010397469155775108,-0.015589474194481083,0.022370636147124007,0.0005650228283572423,-0.0187963911631306,0.01974868273328935,0.0019511701218434263,-0.015710475079497115,0.022061889775033074,-0.008399000528014344,-0.029237219479541242,0.011256431725201058
zhen,24,LanguageX vs Online-G,0.01,95.4265,570.8394792746107,524.8425165745851,dedup,dedup,0.8328312888918222,True,0.08057775323892413,0.05296832739009449,0.12184344117168328,mtme_f101spBLEU-refA,0.06349525869479411,0.8645720481576694,-0.007763147276424798,-0.029421316629287847,0.0070615781883053156,-0.0021143456830741147,-0.018166863410430632,0.013101928307750916,-0.009009779352198821,-0.025411102766892346,0.005151770757485613,-0.006673605675114436,-0.027390317663703673,0.0114393125142111
zhen,24,LanguageX vs Online-G,0.01,95.4265,570.8394792746107,524.8425165745851,dedup,dedup,0.8328312888918222,True,0.08057775323892413,0.05296832739009449,0.12184344117168328,mtme_f200spBLEU-refA,0.0606993030606158,0.8696321738056851,-0.01293304333635592,-0.03431058829765868,0.003587654221838811,-0.0006556962530670507,-0.014961227439239765,0.014377823258052431,-0.008524051289870771,-0.024937643920726303,0.0071465524582690915,-0.008651497335755876,-0.02830907411698234,0.010042649814759504
zhen,24,LanguageX vs Online-G,0.01,95.4265,570.8394792746107,524.8425165745851,dedup,dedup,0.8328312888918222,True,0.08057775323892413,0.05296832739009449,0.12184344117168328,mtme_metricx_xl_DA_2019-refA,0.21794847345559587,0.9937925634685278,-0.0026234644902503046,-0.031823296062285976,0.02008354991855346,0.023988450351276502,-0.0026796053056293567,0.05276302934199165,0.023335736111840477,-0.004537597939705351,0.05204997012534079,0.01903898591322517,-0.007211835815182376,0.05474566531143301
zhen,24,LanguageX vs Online-G,0.01,95.4265,570.8394792746107,524.8425165745851,dedup,dedup,0.8328312888918222,True,0.08057775323892413,0.05296832739009449,0.12184344117168328,mtme_metricx_xl_MQM_2020-refA,0.23191969437524074,0.9880707146931909,0.01689394420535073,-0.014105251604344426,0.04646526195180399,0.03841569631873343,0.011857813171549112,0.07817758753321605,0.03022559003296099,0.005841465092351725,0.06140191371408294,0.025539850415481125,-0.014098368234420426,0.055749624706706497
zhen,24,LanguageX vs Online-G,0.01,95.4265,570.8394792746107,524.8425165745851,dedup,dedup,0.8328312888918222,True,0.08057775323892413,0.05296832739009449,0.12184344117168328,mtme_metricx_xxl_DA_2019-refA,0.2039731930260501,0.9945880252964706,0.010763342601696757,-0.01632561892121519,0.03736918605519148,0.026081637394984813,0.0023659866202527164,0.05759407619810551,0.02430824281628763,-0.0033445967889017317,0.060091046605292374,0.01616697884434848,-0.017531012565117996,0.05353923772873928
zhen,24,LanguageX vs Online-G,0.01,95.4265,570.8394792746107,524.8425165745851,dedup,dedup,0.8328312888918222,True,0.08057775323892413,0.05296832739009449,0.12184344117168328,mtme_metricx_xxl_MQM_2020-refA,0.23478732716574047,0.9848440687329651,0.018145257696260075,-0.006061084309951692,0.05024935978531953,0.043333682481225044,0.018382267924714993,0.07541655519431126,0.035764934777077984,0.011744588573826764,0.06372590752659474,0.05267491730877771,0.021159171247063898,0.09245519502045293
zhen,24,LanguageX vs Online-G,0.02,95.4265,249.2882415730337,240.08307534246566,dedup,dedup,0.6172041673612472,True,0.03692579390220141,0.0038930779729930707,0.06892857103429217,mtme_BERTScore-refA,0.12067789469681622,0.9400920205176692,-0.0054724690229468465,-0.026527851772742028,0.017459228808064386,0.025339065401396965,0.003670205651384892,0.04807803730077941,0.007363484773829976,-0.01419511548558749,0.028411325879239963,-0.0007480976467810763,-0.02061631159267908,0.018801096987020132
zhen,24,LanguageX vs Online-G,0.02,95.4265,249.2882415730337,240.08307534246566,dedup,dedup,0.6172041673612472,True,0.03692579390220141,0.0038930779729930707,0.06892857103429217,mtme_BLEU-refA,0.035054960486865405,0.8293746844592913,0.00033209000053779913,-0.011526229290166385,0.01447890334690961,0.008634340013983555,-0.0036821990543921927,0.024880321410423258,-0.004075650006600373,-0.014961413109008503,0.010812871348307624,0.007771903330446528,-0.0021857257695362215,0.02130964288954267
zhen,24,LanguageX vs Online-G,0.02,95.4265,249.2882415730337,240.08307534246566,dedup,dedup,0.6172041673612472,True,0.03692579390220141,0.0038930779729930707,0.06892857103429217,mtme_BLEURT-20-refA,0.15932555749435265,0.9802219595565596,-0.003908926980325633,-0.03139908492239211,0.021524591402489437,0.02619083137574918,0.0013064652893447991,0.0531613141882554,0.0047398300076763045,-0.021831366748014235,0.029667177413931173,0.024418674470568114,0.002045687675943106,0.04296352688248483
zhen,24,LanguageX vs Online-G,0.02,95.4265,249.2882415730337,240.08307534246566,dedup,dedup,0.6172041673612472,True,0.03692579390220141,0.0038930779729930707,0.06892857103429217,mtme_COMET-20-refA,0.17037768971933653,0.9752672183823412,0.02519626439977951,0.0002044008492937538,0.049330606596194586,0.043812312393534225,0.020651377732582948,0.06938418645592392,0.031978079632626444,0.010956165658562734,0.0565446131652197,0.025417592558164226,0.0018833550190668071,0.049224594016403694
zhen,24,LanguageX vs Online-G,0.02,95.4265,249.2882415730337,240.08307534246566,dedup,dedup,0.6172041673612472,True,0.03692579390220141,0.0038930779729930707,0.06892857103429217,mtme_COMET-22-refA,0.2293355956977,0.9866351677254928,0.007066137233666003,-0.022093341460088,0.03665083614974425,0.04459194554062573,0.017397703828566792,0.07714246950048717,0.012184013130843052,-0.015951970277570032,0.04455008528890208,0.0507066650828204,0.01907821543360378,0.07525533064815616
zhen,24,LanguageX vs Online-G,0.02,95.4265,249.2882415730337,240.08307534246566,dedup,dedup,0.6172041673612472,True,0.03692579390220141,0.0038930779729930707,0.06892857103429217,mtme_COMET-QE-src,0.13957741847131536,0.922900899652606,0.010124186918356926,-0.010828628335198787,0.032548205581812234,0.032088439057814666,0.010438687860827129,0.05498774581039118,0.022483144193273907,0.0020653571975365556,0.04307648908149991,0.028718745111246835,0.005763763825312457,0.050063088182294144
zhen,24,LanguageX vs Online-G,0.02,95.4265,249.2882415730337,240.08307534246566,dedup,dedup,0.6172041673612472,True,0.03692579390220141,0.0038930779729930707,0.06892857103429217,mtme_COMETKiwi-src,0.18396660126931696,0.959377087982424,0.0047939127071502385,-0.018368475185769,0.026056197751023254,0.03211317734507191,0.0025506461079487816,0.05864643756354318,0.021550535760872402,-0.0038879600483286087,0.047273698895371724,0.040232462119617396,0.012189627616292852,0.06327082636033686
zhen,24,LanguageX vs Online-G,0.02,95.4265,249.2882415730337,240.08307534246566,dedup,dedup,0.6172041673612472,True,0.03692579390220141,0.0038930779729930707,0.06892857103429217,mtme_Cross-QE-src,0.24982263029638613,0.966162403744368,0.013740326269165992,-0.012071232716375651,0.04405600880500656,0.05174713133136699,0.026041758817728404,0.08020393662182103,0.032655516719551914,0.008108448134101387,0.06187970871695546,0.0717531036037592,0.042348768455206305,0.09622840100472137
zhen,24,LanguageX vs Online-G,0.02,95.4265,249.2882415730337,240.08307534246566,dedup,dedup,0.6172041673612472,True,0.03692579390220141,0.0038930779729930707,0.06892857103429217,mtme_HWTSC-TLM-src,0.026990064396909038,0.498241633134339,-0.006024850587534658,-0.022632063862252888,0.0079601282602018,0.009147570014814699,-0.002975143800757052,0.02376110379370433,-0.005756226675988518,-0.02427255879064984,0.010587521467649831,0.002254188411861091,-0.006770793229315352,0.012084810565371092
zhen,24,LanguageX vs Online-G,0.02,95.4265,249.2882415730337,240.08307534246566,dedup,dedup,0.6172041673612472,True,0.03692579390220141,0.0038930779729930707,0.06892857103429217,mtme_HWTSC-Teacher-Sim-src,0.08414839481675726,0.3949247735620734,-0.007748766679215535,-0.027034004430601,0.010095318714909554,0.01438116109082832,-0.005693934781502341,0.03460318194525337,0.011405856561681693,-0.007917189948213737,0.031051310645902934,0.015948681519491803,-0.0007716595104068132,0.030567225920699277
zhen,24,LanguageX vs Online-G,0.02,95.4265,249.2882415730337,240.08307534246566,dedup,dedup,0.6172041673612472,True,0.03692579390220141,0.0038930779729930707,0.06892857103429217,mtme_KG-BERTScore-src,0.06416528672202185,0.679795467170797,0.0006241691576375219,-0.019835054968265275,0.02069875985611126,0.022014885563603315,0.007222280216387351,0.040664541313255004,0.009034551040272398,-0.006686716783258378,0.025439529047800804,0.010665488567995318,-0.004660974267763034,0.02246416034273446
zhen,24,LanguageX vs Online-G,0.02,95.4265,249.2882415730337,240.08307534246566,dedup,dedup,0.6172041673612472,True,0.03692579390220141,0.0038930779729930707,0.06892857103429217,mtme_MATESE-QE-src,0.12642561874843639,0.9351848265501388,-0.0007324539932020979,-0.028862166802922085,0.019409795227044363,0.027995390781534568,0.0059554473902287755,0.05004687778046065,0.008660825719547405,-0.014479388990577196,0.029451063456739635,0.018946376973946077,-0.001993028848271422,0.037610902030319394
zhen,24,LanguageX vs Online-G,0.02,95.4265,249.2882415730337,240.08307534246566,dedup,dedup,0.6172041673612472,True,0.03692579390220141,0.0038930779729930707,0.06892857103429217,mtme_MATESE-refA,0.16348311798346843,0.9674894649743352,0.008074228136828454,-0.021130626266776108,0.03630409974072444,0.04158963155803708,0.016470852402816233,0.07300082011014936,0.01980175638684467,-0.004630991778137976,0.04721459567260394,0.041327122731397936,0.015309576523033807,0.06281668485495943
zhen,24,LanguageX vs Online-G,0.02,95.4265,249.2882415730337,240.08307534246566,dedup,dedup,0.6172041673612472,True,0.03692579390220141,0.0038930779729930707,0.06892857103429217,mtme_MEE-refA,0.04994294672179221,0.8976609341086564,0.010433160850229606,-0.007122724299595527,0.028083285791748847,0.0062864054487773435,-0.008345999747630173,0.019156123041851582,0.010092085730629696,-0.003769241537254153,0.026107639580605378,0.009583398865324333,-0.0019074121403892137,0.02446865834262661
zhen,24,LanguageX vs Online-G,0.02,95.4265,249.2882415730337,240.08307534246566,dedup,dedup,0.6172041673612472,True,0.03692579390220141,0.0038930779729930707,0.06892857103429217,mtme_MEE2-refA,0.09080957563185195,0.9352238472927537,0.011998492359387325,-0.005708931951305385,0.029824249902786423,0.02212433575626027,0.005656580507809903,0.039992732608858834,0.015883927384214402,-0.0018615335206103312,0.03517673992653774,0.01771190447054516,0.001106358503376037,0.03746722242677328
zhen,24,LanguageX vs Online-G,0.02,95.4265,249.2882415730337,240.08307534246566,dedup,dedup,0.6172041673612472,True,0.03692579390220141,0.0038930779729930707,0.06892857103429217,mtme_MEE4-refA,0.11704673384363029,0.9593140488993936,0.01456252943658165,-0.003077941834843933,0.033994421801795606,0.022370790036229327,0.004445064068393065,0.04438306146938971,0.0196093143691064,-0.0017350804760267013,0.04222976115139511,0.0169092956828355,-9.538529545666239e-05,0.03357287653779646
zhen,24,LanguageX vs Online-G,0.02,95.4265,249.2882415730337,240.08307534246566,dedup,dedup,0.6172041673612472,True,0.03692579390220141,0.0038930779729930707,0.06892857103429217,mtme_MS-COMET-22-refA,0.179673815763542,0.98746083650136,0.00918255207836316,-0.0164153740672903,0.03275582855717327,0.03434405393621698,0.011244327241197864,0.06127162011663504,0.01355531002195276,-0.009899974862023065,0.039057330294717106,0.04019748787632105,0.01919421905626804,0.06326474843310445
zhen,24,LanguageX vs Online-G,0.02,95.4265,249.2882415730337,240.08307534246566,dedup,dedup,0.6172041673612472,True,0.03692579390220141,0.0038930779729930707,0.06892857103429217,mtme_MS-COMET-QE-22-src,0.1064194061167261,0.9490970977882788,0.004502854738475115,-0.01599056455195385,0.024619363079002237,0.02619083137574929,0.004369207670190173,0.050759269565190064,0.007363484773829976,-0.013544707287164047,0.028072527870459375,0.023320905113886625,0.002436908042169861,0.04556539635052766
zhen,24,LanguageX vs Online-G,0.02,95.4265,249.2882415730337,240.08307534246566,dedup,dedup,0.6172041673612472,True,0.03692579390220141,0.0038930779729930707,0.06892857103429217,mtme_REUSE-src,0.009524813269632386,-0.0713802384978524,-0.005324509675289635,-0.02160112181026002,0.012282942558967455,0.01762615270370471,0.0022771704580122737,0.03243904460601628,-0.0037083383393388125,-0.01976087975396778,0.014134212206231156,0.013930142378753452,0.0004245129607883373,0.0274548232017729
zhen,24,LanguageX vs Online-G,0.02,95.4265,249.2882415730337,240.08307534246566,dedup,dedup,0.6172041673612472,True,0.03692579390220141,0.0038930779729930707,0.06892857103429217,mtme_SEScore-refA,0.1414233503865385,0.93964771879046,0.010783331306352673,-0.015974359512874892,0.03431160299731755,0.04134106335493337,0.016682259811950883,0.0659465958335583,0.020832518355885732,-0.0029595571198524407,0.04212139148069297,0.026231905447772874,0.005123333400408997,0.04348531317562099
zhen,24,LanguageX vs Online-G,0.02,95.4265,249.2882415730337,240.08307534246566,dedup,dedup,0.6172041673612472,True,0.03692579390220141,0.0038930779729930707,0.06892857103429217,mtme_UniTE-ref-refA,0.20646726437866825,0.975743491343244,0.01608464605980431,-0.01028285676608598,0.042373247295794066,0.042374384888444805,0.012853404773538645,0.0718203610314847,0.01614246176527334,-0.013806797184506165,0.047051614166452586,0.04630741070560451,0.02046051141046267,0.06804372290300496
zhen,24,LanguageX vs Online-G,0.02,95.4265,249.2882415730337,240.08307534246566,dedup,dedup,0.6172041673612472,True,0.03692579390220141,0.0038930779729930707,0.06892857103429217,mtme_UniTE-refA,0.21874242173315656,0.9824419355235168,0.02388483081103887,-0.00215976365689498,0.052834125972043074,0.04637170766281784,0.017516581342394553,0.07794555261496068,0.03275652742804891,0.0036053512407672656,0.06350567403624222,0.040113975660757695,0.015636759905245108,0.06077429485098166
zhen,24,LanguageX vs Online-G,0.02,95.4265,249.2882415730337,240.08307534246566,dedup,dedup,0.6172041673612472,True,0.03692579390220141,0.0038930779729930707,0.06892857103429217,mtme_UniTE-src-src,0.209858074971606,0.9607040026515832,0.01534684305711198,-0.010264248141792887,0.041026429101212424,0.03636969929285472,0.012316025427980349,0.05963493152951326,0.02412847776913707,-0.004973661563250469,0.044945455265022555,0.056068499981017816,0.025322339756120686,0.07823764052539875
zhen,24,LanguageX vs Online-G,0.02,95.4265,249.2882415730337,240.08307534246566,dedup,dedup,0.6172041673612472,True,0.03692579390220141,0.0038930779729930707,0.06892857103429217,mtme_YiSi-1-refA,0.13093665483350553,0.9604473082422414,-0.003649781406876773,-0.030369550549926672,0.020203784742320523,0.03133619318000047,0.006631223721944285,0.05708557976105512,0.010073396682980573,-0.00823792193881272,0.032449797032377894,-0.0010865089005493989,-0.021454307152370226,0.017038590740526015
zhen,24,LanguageX vs Online-G,0.02,95.4265,249.2882415730337,240.08307534246566,dedup,dedup,0.6172041673612472,True,0.03692579390220141,0.0038930779729930707,0.06892857103429217,mtme_chrF-refA,0.08147992770566609,0.9157360845392822,0.0042999357953869,-0.011242575903381884,0.021571726507789695,0.015296639407488821,0.0012436466535185003,0.03392390602269479,0.012934378393962831,-0.0029038314090002013,0.03244972476927658,0.024142795260512218,0.007556586007519495,0.04349256935998649
zhen,24,LanguageX vs Online-G,0.02,95.4265,249.2882415730337,240.08307534246566,dedup,dedup,0.6172041673612472,True,0.03692579390220141,0.0038930779729930707,0.06892857103429217,mtme_f101spBLEU-refA,0.06349525869479411,0.8645720481576694,0.011238767727812626,-0.008461604596365252,0.027527936978468455,0.019413338676601,0.0051863323247827555,0.03813066690332191,-0.00021391382917501645,-0.014575499279606169,0.019527324713708206,0.012031903819060275,-0.0024065398464754137,0.027753031080975654
zhen,24,LanguageX vs Online-G,0.02,95.4265,249.2882415730337,240.08307534246566,dedup,dedup,0.6172041673612472,True,0.03692579390220141,0.0038930779729930707,0.06892857103429217,mtme_f200spBLEU-refA,0.0606993030606158,0.8696321738056851,0.008074228136828454,-0.008696712825589514,0.02610094705295613,0.018526723279479684,0.0037559641854985866,0.03539908491423744,0.003270583338630173,-0.009202385043345718,0.020001127389261287,0.010611903656189026,-0.0038600490430532428,0.02751037393237697
zhen,24,LanguageX vs Online-G,0.02,95.4265,249.2882415730337,240.08307534246566,dedup,dedup,0.6172041673612472,True,0.03692579390220141,0.0038930779729930707,0.06892857103429217,mtme_metricx_xl_DA_2019-refA,0.21794847345559587,0.9937925634685278,0.026190831375748846,0.0016424229070413057,0.05622196838762404,0.046669154252795164,0.01883688703895618,0.0761425993005094,0.021781277483834405,-0.004703900483415335,0.050061745522545956,0.038852941205750335,0.012728797005310322,0.06108818916463846
zhen,24,LanguageX vs Online-G,0.02,95.4265,249.2882415730337,240.08307534246566,dedup,dedup,0.6172041673612472,True,0.03692579390220141,0.0038930779729930707,0.06892857103429217,mtme_metricx_xl_MQM_2020-refA,0.23191969437524074,0.9880707146931909,0.02348776118813556,-0.00043898775093744114,0.05276391010460346,0.06244377271550616,0.033730932379170464,0.09674985289916663,0.03285261078491164,0.005114003088785747,0.06735587423062499,0.037591906750742754,0.008594157720669033,0.06553214493742174
zhen,24,LanguageX vs Online-G,0.02,95.4265,249.2882415730337,240.08307534246566,dedup,dedup,0.6172041673612472,True,0.03692579390220141,0.0038930779729930707,0.06892857103429217,mtme_metricx_xxl_DA_2019-refA,0.2039731930260501,0.9945880252964706,0.004768638765892619,-0.019225517804993077,0.03500220702950472,0.03008676757631923,0.006825370861292993,0.06127681760424266,0.018526723279479684,-0.006765317461701492,0.04631811327873881,0.030923214397071908,0.005851258737252641,0.05295491916863621
zhen,24,LanguageX vs Online-G,0.02,95.4265,249.2882415730337,240.08307534246566,dedup,dedup,0.6172041673612472,True,0.03692579390220141,0.0038930779729930707,0.06892857103429217,mtme_metricx_xxl_MQM_2020-refA,0.23478732716574047,0.9848440687329651,0.0151921888612927,-0.006499932492216664,0.04471600063255515,0.06295872926862767,0.03743284939582969,0.10532820768759146,0.0418745222274397,0.011009026130941752,0.08057261370423854,0.05144552470716279,0.02115916233871897,0.07942642997426871
zhen,25,LanguageX vs HuaweiTSC,0.01,97.263,377.6416363636358,363.3196618357483,dedup,dedup,0.7424463019052692,True,0.03792477616026613,0.01984383223327682,0.0650197296680699,mtme_BERTScore-refA,0.12434647269605664,0.9400920205176692,0.0007911283317237894,-0.017205402418455466,0.020441744981621237,0.011866261166216918,-0.00525149396240045,0.03073508461153579,0.013154184634257549,-0.0033471732484756708,0.03182928216084402,0.0106112088792365,-0.01144029553424819,0.0305516365753216
zhen,25,LanguageX vs HuaweiTSC,0.01,97.263,377.6416363636358,363.3196618357483,dedup,dedup,0.7424463019052692,True,0.03792477616026613,0.01984383223327682,0.0650197296680699,mtme_BLEU-refA,0.03986150794004582,0.8293746844592913,-0.0012262979713240085,-0.01684886488345806,0.010392155434705981,0.006465494144260009,-0.0029393499235136063,0.019183456535351816,0.008629908958823318,-0.0027507217554347927,0.021256711146979544,0.0012921696125897109,-0.010243543967283853,0.01238724452372347
zhen,25,LanguageX vs HuaweiTSC,0.01,97.263,377.6416363636358,363.3196618357483,dedup,dedup,0.7424463019052692,True,0.03792477616026613,0.01984383223327682,0.0650197296680699,mtme_BLEURT-20-refA,0.1667653993755429,0.9802219595565596,0.014903958803133666,-0.006796119466655242,0.03581509798266225,0.026308369268515097,0.008240568175835758,0.04774702245023103,0.03329225492545573,0.014480174516242192,0.05830565352231688,0.017926442610479154,-0.0014593501658070715,0.03725830049959868
zhen,25,LanguageX vs HuaweiTSC,0.01,97.263,377.6416363636358,363.3196618357483,dedup,dedup,0.7424463019052692,True,0.03792477616026613,0.01984383223327682,0.0650197296680699,mtme_COMET-20-refA,0.16510385380398634,0.9752672183823412,0.004961124408225381,-0.0147768084741992,0.027218862841785135,0.02064476199543208,0.0030704736147323364,0.03965042216487898,0.015421676481907287,-0.002653930269020948,0.03506586504852876,0.021758868902829298,0.004416574786590236,0.04431258323564421
zhen,25,LanguageX vs HuaweiTSC,0.01,97.263,377.6416363636358,363.3196618357483,dedup,dedup,0.7424463019052692,True,0.03792477616026613,0.01984383223327682,0.0650197296680699,mtme_COMET-22-refA,0.23138306738038691,0.9866351677254928,0.015266162056091104,-0.014930820195887621,0.039890598574826915,0.04122831585593323,0.01859654564303864,0.06875204742227252,0.023833237933091,-0.00032903009766816426,0.051128529753803026,0.04760055397015717,0.018760114922518445,0.08315642060656508
zhen,25,LanguageX vs HuaweiTSC,0.01,97.263,377.6416363636358,363.3196618357483,dedup,dedup,0.7424463019052692,True,0.03792477616026613,0.01984383223327682,0.0650197296680699,mtme_COMET-QE-src,0.13037054203356674,0.922900899652606,-0.011032088608859292,-0.028642344943511738,0.00550453899604185,0.01753891284567699,0.0024831953595671227,0.0360049622660169,0.00031601644766976467,-0.011845928121783995,0.016324403665033908,-0.0009537311926031133,-0.017239541774524757,0.015974640168308435
zhen,25,LanguageX vs HuaweiTSC,0.01,97.263,377.6416363636358,363.3196618357483,dedup,dedup,0.7424463019052692,True,0.03792477616026613,0.01984383223327682,0.0650197296680699,mtme_COMETKiwi-src,0.18091204004380934,0.959377087982424,0.015678725119620207,-0.00325583252715087,0.04278138151560257,0.027406406113337778,0.009286223117425912,0.05405217328861622,0.008533024999673677,-0.014059302242440135,0.02980707602904141,0.01612005408894135,-0.008566187076211517,0.04205999297932801
zhen,25,LanguageX vs HuaweiTSC,0.01,97.263,377.6416363636358,363.3196618357483,dedup,dedup,0.7424463019052692,True,0.03792477616026613,0.01984383223327682,0.0650197296680699,mtme_Cross-QE-src,0.17750866615842797,0.966162403744368,-0.003139940936088159,-0.021827893337882636,0.01137486977331583,0.017873209500093745,-0.0008341404734394199,0.04275639580742842,0.00554559724346948,-0.011529957616790558,0.024288064196353074,0.019069089422641516,-0.0010959649285275136,0.042922858697440835
zhen,25,LanguageX vs HuaweiTSC,0.01,97.263,377.6416363636358,363.3196618357483,dedup,dedup,0.7424463019052692,True,0.03792477616026613,0.01984383223327682,0.0650197296680699,mtme_HWTSC-TLM-src,0.05768460495769327,0.498241633134339,-0.007987683175841198,-0.02453713529683863,0.005127334804519451,-0.0001297660997148231,-0.011024390149964597,0.011170574072972372,0.00523731425252838,-0.007925257108701978,0.01973761099099071,0.0014993024728763293,-0.00944473874107386,0.012078752478257631
zhen,25,LanguageX vs HuaweiTSC,0.01,97.263,377.6416363636358,363.3196618357483,dedup,dedup,0.7424463019052692,True,0.03792477616026613,0.01984383223327682,0.0650197296680699,mtme_HWTSC-Teacher-Sim-src,0.06954369663305743,0.3949247735620734,-0.013504139468033083,-0.031245835172529008,0.001667115732048008,-0.0021990076333029407,-0.017275858615695916,0.010872837108818256,-0.0002513117225249051,-0.016260275454021644,0.012537640665002394,-0.005312934121024959,-0.01800870747712664,0.006581547795739417
zhen,25,LanguageX vs HuaweiTSC,0.01,97.263,377.6416363636358,363.3196618357483,dedup,dedup,0.7424463019052692,True,0.03792477616026613,0.01984383223327682,0.0650197296680699,mtme_KG-BERTScore-src,0.06548120442672259,0.679795467170797,-0.0015435336071352168,-0.018340855609657987,0.013458743204145912,0.006684459279651667,-0.005856700997144892,0.02231338283480563,0.004136782270892314,-0.010380593076623517,0.018554077026241778,-0.0017309559377352013,-0.01372315032696632,0.008591436148446886
zhen,25,LanguageX vs HuaweiTSC,0.01,97.263,377.6416363636358,363.3196618357483,dedup,dedup,0.7424463019052692,True,0.03792477616026613,0.01984383223327682,0.0650197296680699,mtme_MATESE-QE-src,0.08469435561878191,0.9351848265501388,-0.01017013349037521,-0.027221383178111035,0.005657785053402423,0.0015374125646956394,-0.01332685350048975,0.016091184230874214,-0.0023047930342077194,-0.01881266539336498,0.011743175447926578,-0.004268641551358865,-0.01994371998579462,0.01224050022844651
zhen,25,LanguageX vs HuaweiTSC,0.01,97.263,377.6416363636358,363.3196618357483,dedup,dedup,0.7424463019052692,True,0.03792477616026613,0.01984383223327682,0.0650197296680699,mtme_MATESE-refA,0.12687343088096595,0.9674894649743352,0.0016515809596345798,-0.017121377705472358,0.019646742885625443,0.022312905035664188,0.0035259227855865883,0.04147841025137483,0.015149798115095758,-0.0034007897550570763,0.03671859679615929,0.02044420140408587,0.0030341763762550215,0.045333713448156905
zhen,25,LanguageX vs HuaweiTSC,0.01,97.263,377.6416363636358,363.3196618357483,dedup,dedup,0.7424463019052692,True,0.03792477616026613,0.01984383223327682,0.0650197296680699,mtme_MEE-refA,0.06816369588410398,0.8976609341086564,0.0028341221265011374,-0.013027008749605726,0.017801962986399477,0.015120264119919513,0.0034765860617045267,0.03207307240835523,0.012056220171560827,-0.0007584793643881419,0.02888469501304744,-0.005117582009089183,-0.019743422225977754,0.009927719183410934
zhen,25,LanguageX vs HuaweiTSC,0.01,97.263,377.6416363636358,363.3196618357483,dedup,dedup,0.7424463019052692,True,0.03792477616026613,0.01984383223327682,0.0650197296680699,mtme_MEE2-refA,0.10219746121584036,0.9352238472927537,0.0023271696656076424,-0.014752480431743237,0.018387064386623634,0.009331601065327932,-0.0069910737063449855,0.025871151572303092,0.004967953278002257,-0.014272797808520222,0.02244751785132706,-0.004821126611151527,-0.023993059621558305,0.009067448625631728
zhen,25,LanguageX vs HuaweiTSC,0.01,97.263,377.6416363636358,363.3196618357483,dedup,dedup,0.7424463019052692,True,0.03792477616026613,0.01984383223327682,0.0650197296680699,mtme_MEE4-refA,0.12430551726372221,0.9593140488993936,0.0022687150944655787,-0.013808397842984392,0.024152651450164975,0.00678433071518092,-0.010901893741425922,0.024905901831019088,0.0017956506008667272,-0.01381167542678286,0.016096918072041177,-0.0024994478205624393,-0.022221288485015294,0.0127256009494666
zhen,25,LanguageX vs HuaweiTSC,0.01,97.263,377.6416363636358,363.3196618357483,dedup,dedup,0.7424463019052692,True,0.03792477616026613,0.01984383223327682,0.0650197296680699,mtme_MS-COMET-22-refA,0.1549268980347292,0.98746083650136,0.005846304281892367,-0.014893723641394569,0.027684380750056307,0.026351998404947174,0.006654826262217537,0.04919918473236253,0.01224069959021179,-0.007003583444545291,0.03201719060969085,0.02409860858765056,0.005374231254667659,0.047432677630912204
zhen,25,LanguageX vs HuaweiTSC,0.01,97.263,377.6416363636358,363.3196618357483,dedup,dedup,0.7424463019052692,True,0.03792477616026613,0.01984383223327682,0.0650197296680699,mtme_MS-COMET-QE-22-src,0.1361522754337142,0.9490970977882788,0.004961124408225381,-0.010592374296852523,0.022591820717247156,0.013532055520770192,-0.0004677103627759636,0.0277540431895676,0.009104549473141987,-0.006442647081898583,0.02658621770059116,0.005829874026088144,-0.01314958167527796,0.022773458867916246
zhen,25,LanguageX vs HuaweiTSC,0.01,97.263,377.6416363636358,363.3196618357483,dedup,dedup,0.7424463019052692,True,0.03792477616026613,0.01984383223327682,0.0650197296680699,mtme_REUSE-src,0.0168183153066609,-0.0713802384978524,0.005589243163969915,-0.007107437051026638,0.018278094672657345,0.005612753466507359,-0.005427505005491079,0.01725323143902696,0.009331601065327932,-0.0059607769223294915,0.027253718945681685,0.0032133171397313864,-0.0022539531258789656,0.010697713018147424
zhen,25,LanguageX vs HuaweiTSC,0.01,97.263,377.6416363636358,363.3196618357483,dedup,dedup,0.7424463019052692,True,0.03792477616026613,0.01984383223327682,0.0650197296680699,mtme_SEScore-refA,0.13342514826191437,0.93964771879046,-0.006668440821533395,-0.025315901897805342,0.007751931303216957,0.018191799618273996,0.0033017231227567456,0.03996605883419454,0.010936620941126018,-0.005824229575536948,0.028414560233776257,0.015620820601176866,-0.0016836263578036072,0.03795710495019628
zhen,25,LanguageX vs HuaweiTSC,0.01,97.263,377.6416363636358,363.3196618357483,dedup,dedup,0.7424463019052692,True,0.03792477616026613,0.01984383223327682,0.0650197296680699,mtme_UniTE-ref-refA,0.18079171783223666,0.975743491343244,0.019165173543808756,-0.002788196616296995,0.03927194479964625,0.033135731460725015,0.01045820192302733,0.054295573182098475,0.02859930478362871,0.007304017423049239,0.04943767185964816,0.029640941471444804,0.005119688580354851,0.05470360937920749
zhen,25,LanguageX vs HuaweiTSC,0.01,97.263,377.6416363636358,363.3196618357483,dedup,dedup,0.7424463019052692,True,0.03792477616026613,0.01984383223327682,0.0650197296680699,mtme_UniTE-refA,0.19151879654684492,0.9824419355235168,0.013281569704619911,-0.006270628073883033,0.03425007872809718,0.032820880317413814,0.015007622539487212,0.057792644659265986,0.029935491535148073,0.010254397014585026,0.05105143660855994,0.04286258393403075,0.015499342047574628,0.0799257969022282
zhen,25,LanguageX vs HuaweiTSC,0.01,97.263,377.6416363636358,363.3196618357483,dedup,dedup,0.7424463019052692,True,0.03792477616026613,0.01984383223327682,0.0650197296680699,mtme_UniTE-src-src,0.16218892818117625,0.9607040026515832,0.010512960872387622,-0.008361533990072218,0.03512642308990141,0.030072116973308693,0.01065047429250411,0.055913087273522365,0.019662979004168024,0.0007565337940051273,0.039640412438405555,0.012141986103801128,-0.007471982541166455,0.03009900159615671
zhen,25,LanguageX vs HuaweiTSC,0.01,97.263,377.6416363636358,363.3196618357483,dedup,dedup,0.7424463019052692,True,0.03792477616026613,0.01984383223327682,0.0650197296680699,mtme_YiSi-1-refA,0.1201789568503967,0.9604473082422414,-0.006297673362479772,-0.02308587789641141,0.013369847360368312,0.007702505891393097,-0.008614055465171938,0.024631228090742537,0.010936620941126018,-0.004246930095822532,0.03098945271899976,0.005712921862228493,-0.011499084310060336,0.024596952959963128
zhen,25,LanguageX vs HuaweiTSC,0.01,97.263,377.6416363636358,363.3196618357483,dedup,dedup,0.7424463019052692,True,0.03792477616026613,0.01984383223327682,0.0650197296680699,mtme_chrF-refA,0.0746280507194296,0.9157360845392822,-0.02631549890788354,-0.04877920584533343,-0.010756930241835482,-0.0027830010109008985,-0.01910334652152525,0.00804165966642309,-0.0027439022455109097,-0.020714869169673116,0.011842828909534624,-0.0014529646803675966,-0.015304262127955692,0.013007833572237565
zhen,25,LanguageX vs HuaweiTSC,0.01,97.263,377.6416363636358,363.3196618357483,dedup,dedup,0.7424463019052692,True,0.03792477616026613,0.01984383223327682,0.0650197296680699,mtme_f101spBLEU-refA,0.052952822125061645,0.8645720481576694,0.0034546343483908837,-0.013799955628221412,0.01841066921701557,0.007702505891393097,-0.0016893006017097087,0.02146879725410698,0.008201854065373104,-0.005219730469559791,0.02289814566763785,0.002124399854813497,-0.010449173994177108,0.016680184256093102
zhen,25,LanguageX vs HuaweiTSC,0.01,97.263,377.6416363636358,363.3196618357483,dedup,dedup,0.7424463019052692,True,0.03792477616026613,0.01984383223327682,0.0650197296680699,mtme_f200spBLEU-refA,0.05993070353102217,0.8696321738056851,0.0037739203013706923,-0.011923301412668202,0.017737044267856904,0.0073730000782774585,-0.0035748098610319406,0.020157243298996777,0.004083815491027654,-0.008342010726084502,0.017138720882644037,-0.0010489872373948828,-0.014309993807440946,0.012304646471030866
zhen,25,LanguageX vs HuaweiTSC,0.01,97.263,377.6416363636358,363.3196618357483,dedup,dedup,0.7424463019052692,True,0.03792477616026613,0.01984383223327682,0.0650197296680699,mtme_metricx_xl_DA_2019-refA,0.215699361479103,0.9937925634685278,0.018155407017582448,-0.006192783993743667,0.043832706387958144,0.03226214237911884,0.011695324520757753,0.05950246564320868,0.017939344645806377,-0.0028490470576925274,0.03895029446745133,0.02044420140408587,-2.594539255626416e-05,0.043432083687924755
zhen,25,LanguageX vs HuaweiTSC,0.01,97.263,377.6416363636358,363.3196618357483,dedup,dedup,0.7424463019052692,True,0.03792477616026613,0.01984383223327682,0.0650197296680699,mtme_metricx_xl_MQM_2020-refA,0.21803764125755992,0.9880707146931909,0.009331601065327932,-0.013214163792249512,0.03603211797831852,0.04771970531121883,0.026253364657764438,0.07763347172077625,0.024846793198042172,0.0005955789842233385,0.05028060625300814,0.01983549234302362,-0.01012053909311128,0.04617133534386439
zhen,25,LanguageX vs HuaweiTSC,0.01,97.263,377.6416363636358,363.3196618357483,dedup,dedup,0.7424463019052692,True,0.03792477616026613,0.01984383223327682,0.0650197296680699,mtme_metricx_xxl_DA_2019-refA,0.1969112102619699,0.9945880252964706,0.023862902965235966,0.0010929773559185869,0.04857198844917213,0.02288856506478687,0.002323148570125508,0.04281634554345803,0.02733075252963435,0.0043522201969632066,0.04732631491989055,0.016449548190865748,-0.002395418110640284,0.03802521400331755
zhen,25,LanguageX vs HuaweiTSC,0.01,97.263,377.6416363636358,363.3196618357483,dedup,dedup,0.7424463019052692,True,0.03792477616026613,0.01984383223327682,0.0650197296680699,mtme_metricx_xxl_MQM_2020-refA,0.19734545610608367,0.9848440687329651,0.016669867614584666,-0.005841742475988903,0.036130605972809884,0.027687603025158714,0.007879745203117784,0.04665599049769741,0.01224069959021179,-0.009103165836864872,0.030669949549778693,0.00811352361222939,-0.012085085348889468,0.03131357620241366
zhen,25,LanguageX vs HuaweiTSC,0.02,97.263,194.5115087719295,188.26072192513354,dedup,dedup,0.49996274968982035,True,0.032135820066694354,0.016238699209282278,0.06579223074124109,mtme_BERTScore-refA,0.12434647269605664,0.9400920205176692,-0.011193811308028767,-0.034358566384001046,0.00037080912945618264,0.01007280553117229,-0.002278491607741795,0.02317207868970268,-0.005434102580744948,-0.020141258525208594,0.005125708831840946,0.0032782240202673396,-0.01604630114117541,0.021260912196288333
zhen,25,LanguageX vs HuaweiTSC,0.02,97.263,194.5115087719295,188.26072192513354,dedup,dedup,0.49996274968982035,True,0.032135820066694354,0.016238699209282278,0.06579223074124109,mtme_BLEU-refA,0.03986150794004582,0.8293746844592913,-0.0059970816292769236,-0.016316984127495333,0.002941093136319353,-0.0007807785807363299,-0.010556374983934075,0.009718101866188588,-0.0034788097562754583,-0.014311483707996241,0.005772100088310574,0.009822394068216833,0.001299505889871075,0.023651137325998592
zhen,25,LanguageX vs HuaweiTSC,0.02,97.263,194.5115087719295,188.26072192513354,dedup,dedup,0.49996274968982035,True,0.032135820066694354,0.016238699209282278,0.06579223074124109,mtme_BLEURT-20-refA,0.1667653993755429,0.9802219595565596,-0.014137548865185368,-0.041778145964079645,-9.360212281050558e-06,0.00016887937844922707,-0.016952646459434367,0.015275597474377768,-0.010752524765475613,-0.03721790849975955,0.0034220159259084645,0.01669806991596845,-2.6181285128700766e-05,0.03785441135280583
zhen,25,LanguageX vs HuaweiTSC,0.02,97.263,194.5115087719295,188.26072192513354,dedup,dedup,0.49996274968982035,True,0.032135820066694354,0.016238699209282278,0.06579223074124109,mtme_COMET-20-refA,0.16510385380398634,0.9752672183823412,-0.0053190853557765205,-0.023172839904071364,0.009343364359919252,0.005777998229165138,-0.011509821581052081,0.02005014596314426,-0.007672926238858846,-0.026899070355382925,0.006474546854710281,0.016284810653342086,0.0006751722456847332,0.034144636478083544
zhen,25,LanguageX vs HuaweiTSC,0.02,97.263,194.5115087719295,188.26072192513354,dedup,dedup,0.49996274968982035,True,0.032135820066694354,0.016238699209282278,0.06579223074124109,mtme_COMET-22-refA,0.23138306738038691,0.9866351677254928,-0.0034949525246923407,-0.029298605193922588,0.015617443538904536,0.014654637614414878,-0.0055575957953758965,0.03408923949311128,-0.003529228265850559,-0.03472106619831296,0.014485708089351214,0.013893705232724152,-0.005208194927871717,0.03793518527820112
zhen,25,LanguageX vs HuaweiTSC,0.02,97.263,194.5115087719295,188.26072192513354,dedup,dedup,0.49996274968982035,True,0.032135820066694354,0.016238699209282278,0.06579223074124109,mtme_COMET-QE-src,0.13037054203356674,0.922900899652606,-0.010602123734118507,-0.028694478090284622,0.003671522143005792,0.007034717411286584,-0.00441239388700369,0.01945873284080485,-0.013374524866474502,-0.03207118403911296,-0.001127454209100863,0.021679426907706856,0.006153214968670264,0.04165470536600304
zhen,25,LanguageX vs HuaweiTSC,0.02,97.263,194.5115087719295,188.26072192513354,dedup,dedup,0.49996274968982035,True,0.032135820066694354,0.016238699209282278,0.06579223074124109,mtme_COMETKiwi-src,0.18091204004380934,0.959377087982424,-0.009347493527854356,-0.027232740396084025,0.008051619671766343,0.011806302870166263,-0.004363897965020102,0.027376210362297666,-0.004272757229203172,-0.022519032507446368,0.012787010741162907,0.013221962924294228,-0.005295765702812332,0.03594387647328174
zhen,25,LanguageX vs HuaweiTSC,0.02,97.263,194.5115087719295,188.26072192513354,dedup,dedup,0.49996274968982035,True,0.032135820066694354,0.016238699209282278,0.06579223074124109,mtme_Cross-QE-src,0.17750866615842797,0.966162403744368,-0.000915217276757252,-0.01624242787346611,0.01498006200851078,0.020525486879317767,0.006227313183007841,0.0377041704378742,-0.0032947821963256185,-0.021879902825862947,0.009968287312150133,0.00891031461902514,-0.013826201023071865,0.030903298984890994
zhen,25,LanguageX vs HuaweiTSC,0.02,97.263,194.5115087719295,188.26072192513354,dedup,dedup,0.49996274968982035,True,0.032135820066694354,0.016238699209282278,0.06579223074124109,mtme_HWTSC-TLM-src,0.05768460495769327,0.498241633134339,-0.016868401187125848,-0.045747377721004234,-0.006294562598101326,-0.0008498446141316229,-0.008832936426688342,0.008642184280327371,-0.005196400315809591,-0.019197357763153625,0.0053092014790784865,-0.005732617467259837,-0.016314982025302467,0.005406078715592673
zhen,25,LanguageX vs HuaweiTSC,0.02,97.263,194.5115087719295,188.26072192513354,dedup,dedup,0.49996274968982035,True,0.032135820066694354,0.016238699209282278,0.06579223074124109,mtme_HWTSC-Teacher-Sim-src,0.06954369663305743,0.3949247735620734,-0.012939453100670573,-0.032268522455180054,-0.003043341965719316,0.001243886464542765,-0.008402527675476779,0.01205922700077795,-0.005927791900226742,-0.019373578582307927,0.005369546007788271,-0.011040488663784931,-0.022309550430822066,0.0027348735654136877
zhen,25,LanguageX vs HuaweiTSC,0.02,97.263,194.5115087719295,188.26072192513354,dedup,dedup,0.49996274968982035,True,0.032135820066694354,0.016238699209282278,0.06579223074124109,mtme_KG-BERTScore-src,0.06548120442672259,0.679795467170797,-0.005615400918407953,-0.019533399789474444,0.0028746327922912337,0.00621330840109513,-0.0023189909548315788,0.01668021928834191,-0.0013026108330564945,-0.011347625344387973,0.009323702936954312,-0.0043472795904380135,-0.015645269187292227,0.00936119783376662
zhen,25,LanguageX vs HuaweiTSC,0.02,97.263,194.5115087719295,188.26072192513354,dedup,dedup,0.49996274968982035,True,0.032135820066694354,0.016238699209282278,0.06579223074124109,mtme_MATESE-QE-src,0.08469435561878191,0.9351848265501388,-0.00842915111893272,-0.02085537749128208,0.004332538667296657,0.00886135606280658,-0.002012468981218085,0.023482194213719814,-0.00200311705856282,-0.01335436646437541,0.01214896868632542,0.002273359130253949,-0.008350287010349261,0.0171308690301479
zhen,25,LanguageX vs HuaweiTSC,0.02,97.263,194.5115087719295,188.26072192513354,dedup,dedup,0.49996274968982035,True,0.032135820066694354,0.016238699209282278,0.06579223074124109,mtme_MATESE-refA,0.12687343088096595,0.9674894649743352,-0.016130704502843596,-0.038718240701521564,-0.0020426166848554663,-0.0015444291545274602,-0.014902068788549232,0.010979073608664671,-0.014885597400800199,-0.03522499799993002,-0.000728727502489135,0.00020515126851350374,-0.016261645588354228,0.016699747224338306
zhen,25,LanguageX vs HuaweiTSC,0.02,97.263,194.5115087719295,188.26072192513354,dedup,dedup,0.49996274968982035,True,0.032135820066694354,0.016238699209282278,0.06579223074124109,mtme_MEE-refA,0.06816369588410398,0.8976609341086564,-0.013074532525100935,-0.03160628688656529,-0.0034284467121059583,-0.000920507550033145,-0.01233350944147254,0.009061966155533598,-0.01141694772361368,-0.029297603300883594,-0.0016715835178346167,0.004270606116616005,-0.009304529112013198,0.018839293080675425
zhen,25,LanguageX vs HuaweiTSC,0.02,97.263,194.5115087719295,188.26072192513354,dedup,dedup,0.49996274968982035,True,0.032135820066694354,0.016238699209282278,0.06579223074124109,mtme_MEE2-refA,0.10219746121584036,0.9352238472927537,-0.009323776006962659,-0.026497788101839632,0.001999725574157896,0.001187603371029855,-0.015162532898114627,0.013778985630704918,-0.010658024449677006,-0.026296806472450245,0.0009965430485253787,0.006275418432471813,-0.008161295484097985,0.02653323422940318
zhen,25,LanguageX vs HuaweiTSC,0.02,97.263,194.5115087719295,188.26072192513354,dedup,dedup,0.49996274968982035,True,0.032135820066694354,0.016238699209282278,0.06579223074124109,mtme_MEE4-refA,0.12430551726372221,0.9593140488993936,-0.00622870729495828,-0.0222748248966796,0.006191641985333463,0.006431526873822757,-0.006082511828754228,0.017865863646705588,-0.0027146275158049793,-0.01736744725803066,0.008347463685009202,0.012769112288681717,-0.0008081507284575503,0.032364796926250564
zhen,25,LanguageX vs HuaweiTSC,0.02,97.263,194.5115087719295,188.26072192513354,dedup,dedup,0.49996274968982035,True,0.032135820066694354,0.016238699209282278,0.06579223074124109,mtme_MS-COMET-22-refA,0.1549268980347292,0.98746083650136,-0.00027978144729878807,-0.015820060320446437,0.018760351213014972,0.0113748432968378,-0.0007546343872688931,0.02743935794449211,-0.007884162238879444,-0.024216588138819543,0.004566625398142249,0.008981314815668773,-0.006570091442238573,0.025741657965642633
zhen,25,LanguageX vs HuaweiTSC,0.02,97.263,194.5115087719295,188.26072192513354,dedup,dedup,0.49996274968982035,True,0.032135820066694354,0.016238699209282278,0.06579223074124109,mtme_MS-COMET-QE-22-src,0.1361522754337142,0.9490970977882788,-0.008392737154942598,-0.023750873414682325,0.0030599684324391454,0.010067390044327551,0.00035042928357190974,0.024752810576883492,-0.004791137437886839,-0.019154775693631287,0.007643636983568507,0.010158423338971545,-0.005496898257314985,0.02857913128808323
zhen,25,LanguageX vs HuaweiTSC,0.02,97.263,194.5115087719295,188.26072192513354,dedup,dedup,0.49996274968982035,True,0.032135820066694354,0.016238699209282278,0.06579223074124109,mtme_REUSE-src,0.0168183153066609,-0.0713802384978524,-0.0011099443569182466,-0.011688637068859548,0.009724774400420386,0.0059716663196137665,-0.0024295254077759563,0.01682341361168287,-0.00031833644408951756,-0.013288160372152951,0.010222628834311891,7.143559322353443e-05,-0.003221146500034294,0.0036133707736395308
zhen,25,LanguageX vs HuaweiTSC,0.02,97.263,194.5115087719295,188.26072192513354,dedup,dedup,0.49996274968982035,True,0.032135820066694354,0.016238699209282278,0.06579223074124109,mtme_SEScore-refA,0.13342514826191437,0.93964771879046,0.0035161153540715917,-0.009774071536920692,0.016688447147621646,0.009688679447048876,-0.0036417308991654684,0.024099883584137588,-0.0010502493339836771,-0.015891179865224973,0.01179382312182146,0.014838831038770262,0.0002952518640981478,0.035511989697733684
zhen,25,LanguageX vs HuaweiTSC,0.02,97.263,194.5115087719295,188.26072192513354,dedup,dedup,0.49996274968982035,True,0.032135820066694354,0.016238699209282278,0.06579223074124109,mtme_UniTE-ref-refA,0.18079171783223666,0.975743491343244,-0.008328477218489283,-0.031325835003119695,0.009623480778748115,0.011645002145698968,-0.0032009202545791645,0.027743466363830727,0.005036116231890597,-0.01187447682243491,0.021972606946978175,0.013934481076436245,-0.0034652037099081696,0.03479588412739048
zhen,25,LanguageX vs HuaweiTSC,0.02,97.263,194.5115087719295,188.26072192513354,dedup,dedup,0.49996274968982035,True,0.032135820066694354,0.016238699209282278,0.06579223074124109,mtme_UniTE-refA,0.19151879654684492,0.9824419355235168,-0.006856194165764107,-0.025111145174413756,0.006265131915107857,0.013623061763222921,-0.000151808484370269,0.029827513547911372,-0.006779184259571913,-0.025527685328628424,0.005221783792034005,0.011137999576747548,-0.007347017345937811,0.03351894465246789
zhen,25,LanguageX vs HuaweiTSC,0.02,97.263,194.5115087719295,188.26072192513354,dedup,dedup,0.49996274968982035,True,0.032135820066694354,0.016238699209282278,0.06579223074124109,mtme_UniTE-src-src,0.16218892818117625,0.9607040026515832,-0.007498359092027229,-0.02337680434844639,0.005314079619667047,0.007349641179811184,-0.007387161801844622,0.019955406280653707,-0.006497507450193618,-0.02538584954951305,0.005946199090552123,0.010211696272140025,-0.008619687802085718,0.030823454933616753
zhen,25,LanguageX vs HuaweiTSC,0.02,97.263,194.5115087719295,188.26072192513354,dedup,dedup,0.49996274968982035,True,0.032135820066694354,0.016238699209282278,0.06579223074124109,mtme_YiSi-1-refA,0.1201789568503967,0.9604473082422414,-0.011434635366312396,-0.03494447660792191,-0.0002454128115936925,0.008318671319095583,-0.002545982558103715,0.021666868429519277,-0.00784547526838586,-0.026412440759275013,0.003047016851150758,0.00540540554068536,-0.014145992938401759,0.02179694060934377
zhen,25,LanguageX vs HuaweiTSC,0.02,97.263,194.5115087719295,188.26072192513354,dedup,dedup,0.49996274968982035,True,0.032135820066694354,0.016238699209282278,0.06579223074124109,mtme_chrF-refA,0.0746280507194296,0.9157360845392822,-0.012096557492223381,-0.02778573724841106,5.847068396979527e-06,0.00016887937844922707,-0.012745814018051993,0.011677018372074873,-0.00849921073386084,-0.02487024416912679,0.002380501079315287,0.00919951054193957,-0.0018870711649823012,0.02656276146998602
zhen,25,LanguageX vs HuaweiTSC,0.02,97.263,194.5115087719295,188.26072192513354,dedup,dedup,0.49996274968982035,True,0.032135820066694354,0.016238699209282278,0.06579223074124109,mtme_f101spBLEU-refA,0.052952822125061645,0.8645720481576694,-0.010402469593741692,-0.024342474867196845,-0.0002359491662332,-0.0017477030482706546,-0.013073353980010843,0.008043388451056949,-0.012934018870951913,-0.03223080473581543,-0.004143113706621725,0.011281721186923277,0.0013454016626072518,0.028906247543947505
zhen,25,LanguageX vs HuaweiTSC,0.02,97.263,194.5115087719295,188.26072192513354,dedup,dedup,0.49996274968982035,True,0.032135820066694354,0.016238699209282278,0.06579223074124109,mtme_f200spBLEU-refA,0.05993070353102217,0.8696321738056851,-0.013074532525100935,-0.03334632244228444,-0.0015112097701257313,-0.0020795469483712026,-0.01656949953375008,0.008003317749868573,-0.00948309878854503,-0.02843857110830888,0.00015250299597136546,0.011363493827195592,-0.0009354931349257071,0.02789945091146963
zhen,25,LanguageX vs HuaweiTSC,0.02,97.263,194.5115087719295,188.26072192513354,dedup,dedup,0.49996274968982035,True,0.032135820066694354,0.016238699209282278,0.06579223074124109,mtme_metricx_xl_DA_2019-refA,0.215699361479103,0.9937925634685278,-0.0054913036605426235,-0.023769892592052106,0.012892339012843378,0.019524635237484156,0.005339976929098819,0.038003755935078626,0.0014592631023848668,-0.017909553482313323,0.017177817974083145,0.015162204661665513,-0.004409711110157981,0.04077897364754345
zhen,25,LanguageX vs HuaweiTSC,0.02,97.263,194.5115087719295,188.26072192513354,dedup,dedup,0.49996274968982035,True,0.032135820066694354,0.016238699209282278,0.06579223074124109,mtme_metricx_xl_MQM_2020-refA,0.21803764125755992,0.9880707146931909,-0.004219893713912404,-0.020646082155271698,0.015034749171422905,0.019828084937401624,0.005312813673389547,0.04214029939947555,-0.0026977625541619865,-0.020806104717735165,0.012831671609138829,0.022518954582530837,0.005043767729892796,0.04584892419315193
zhen,25,LanguageX vs HuaweiTSC,0.02,97.263,194.5115087719295,188.26072192513354,dedup,dedup,0.49996274968982035,True,0.032135820066694354,0.016238699209282278,0.06579223074124109,mtme_metricx_xxl_DA_2019-refA,0.1969112102619699,0.9945880252964706,-0.013541718050360974,-0.04169499939453204,0.002072113008083504,0.003036616860454089,-0.013007292088521543,0.018814556225070018,-0.005633418144511015,-0.030954218287238378,0.011357861207716017,0.004904560281359438,-0.01238004162933106,0.027283571913921317
zhen,25,LanguageX vs HuaweiTSC,0.02,97.263,194.5115087719295,188.26072192513354,dedup,dedup,0.49996274968982035,True,0.032135820066694354,0.016238699209282278,0.06579223074124109,mtme_metricx_xxl_MQM_2020-refA,0.19734545610608367,0.9848440687329651,-0.01111858245934605,-0.03103950730311103,0.007430320507988726,0.017816595010402447,0.0001017741370270831,0.041992174176896345,-0.008184657360713166,-0.031400876660968836,0.0072322415784528225,0.00919951054193957,-0.00928452415424445,0.030423837335743352
zhen,34,JDExploreAcademy vs Online-G,0.01,96.1505,726.3883542713559,673.6211367924521,dedup,dedup,0.8676321014308537,True,0.07264325917206482,0.038123021256866535,0.12180507460889473,mtme_BERTScore-refA,0.12744982815161854,0.9400920205176692,0.006727315318564742,-0.01873856437742532,0.03534374778752756,0.02368707775484158,0.005594242620833795,0.052698005934877355,0.03237917300650017,0.007229175985864123,0.061084306152620824,-0.0013833491825172572,-0.024916668967161118,0.0200422378471901
zhen,34,JDExploreAcademy vs Online-G,0.01,96.1505,726.3883542713559,673.6211367924521,dedup,dedup,0.8676321014308537,True,0.07264325917206482,0.038123021256866535,0.12180507460889473,mtme_BLEU-refA,0.055831121939226236,0.8293746844592913,-0.005588584186503098,-0.021182205661854074,0.008814850827786177,0.006776628081261338,-0.005028513594901429,0.022144532468655366,0.010689236952493242,-0.004598889599119465,0.024526623166961213,-0.0073256175921465605,-0.025583823880454326,0.011283914108760848
zhen,34,JDExploreAcademy vs Online-G,0.01,96.1505,726.3883542713559,673.6211367924521,dedup,dedup,0.8676321014308537,True,0.07264325917206482,0.038123021256866535,0.12180507460889473,mtme_BLEURT-20-refA,0.14659183684870553,0.9802219595565596,0.0023476114316599572,-0.025856552905941486,0.025862366901166074,0.02192935618206271,-0.003410481096541828,0.04264731613950083,0.017366507504010142,-0.00658218471116943,0.037585011138399134,0.013197169201852321,-0.013191400891229626,0.036439326814331395
zhen,34,JDExploreAcademy vs Online-G,0.01,96.1505,726.3883542713559,673.6211367924521,dedup,dedup,0.8676321014308537,True,0.07264325917206482,0.038123021256866535,0.12180507460889473,mtme_COMET-20-refA,0.14467654713567135,0.9752672183823412,0.017366507504010142,-0.006978773939095256,0.03630517566110802,0.01561267005016076,-0.008259949190818315,0.037278725953802036,0.016172434306990446,-0.006667528449783227,0.03479437120574715,0.030127343378384408,0.00852789950578996,0.05899424766437759
zhen,34,JDExploreAcademy vs Online-G,0.01,96.1505,726.3883542713559,673.6211367924521,dedup,dedup,0.8676321014308537,True,0.07264325917206482,0.038123021256866535,0.12180507460889473,mtme_COMET-22-refA,0.20561628545608873,0.9866351677254928,0.0051022877664467226,-0.021512293555481714,0.035801519724842426,0.029042087601843902,0.0005916711065952736,0.057892204481243895,0.032751271402634674,0.0038358635028793667,0.06381146984614776,0.021282552204649363,-0.008092296894176537,0.055483457570092966
zhen,34,JDExploreAcademy vs Online-G,0.01,96.1505,726.3883542713559,673.6211367924521,dedup,dedup,0.8676321014308537,True,0.07264325917206482,0.038123021256866535,0.12180507460889473,mtme_COMET-QE-src,0.1271268575625351,0.922900899652606,0.00354117532514997,-0.025208056571616354,0.03125804169046934,0.025387184539601204,0.000861742587783479,0.054718962392476575,0.010642505156858384,-0.014488914112837231,0.03570002146256967,0.024189275982967495,0.0015548903939905047,0.05331960400932106
zhen,34,JDExploreAcademy vs Online-G,0.01,96.1505,726.3883542713559,673.6211367924521,dedup,dedup,0.8676321014308537,True,0.07264325917206482,0.038123021256866535,0.12180507460889473,mtme_COMETKiwi-src,0.15644589644309248,0.959377087982424,0.0007219789930533738,-0.028099154484828835,0.027723153172520894,0.02732754497539125,0.0004801266171029884,0.05728028221971451,0.008484222129331087,-0.0216970188309482,0.03426020499404057,0.012021431198049326,-0.015539348171904981,0.03988968369717459
zhen,34,JDExploreAcademy vs Online-G,0.01,96.1505,726.3883542713559,673.6211367924521,dedup,dedup,0.8676321014308537,True,0.07264325917206482,0.038123021256866535,0.12180507460889473,mtme_Cross-QE-src,0.18633149487560402,0.966162403744368,-0.0045018354661772175,-0.039274819145099595,0.02216774715989321,0.03186834279887285,0.008002904228152126,0.06737967087147605,0.027232292607255126,0.002281777307431813,0.05777620617267624,0.02782296526960837,0.004573240842697193,0.0604569168104686
zhen,34,JDExploreAcademy vs Online-G,0.01,96.1505,726.3883542713559,673.6211367924521,dedup,dedup,0.8676321014308537,True,0.07264325917206482,0.038123021256866535,0.12180507460889473,mtme_HWTSC-TLM-src,0.0023940938641438952,0.498241633134339,-0.0033805604615904095,-0.01956809470993018,0.010423787039133216,-0.0004897073565854893,-0.00782652407744644,0.006414412707841078,0.0012696575005511912,-0.00913199764192108,0.010321343712612438,0.0,0.0,0.0
zhen,34,JDExploreAcademy vs Online-G,0.01,96.1505,726.3883542713559,673.6211367924521,dedup,dedup,0.8676321014308537,True,0.07264325917206482,0.038123021256866535,0.12180507460889473,mtme_HWTSC-Teacher-Sim-src,0.06700041201730653,0.3949247735620734,-0.018012582257463494,-0.04189466305834723,0.00764038080708182,0.0118319616155661,-0.0020329126838102784,0.03467217721868855,0.008960800675585134,-0.011318418013760495,0.029053729794875707,0.0024442120493076702,-0.014515775208320713,0.02076797241619802
zhen,34,JDExploreAcademy vs Online-G,0.01,96.1505,726.3883542713559,673.6211367924521,dedup,dedup,0.8676321014308537,True,0.07264325917206482,0.038123021256866535,0.12180507460889473,mtme_KG-BERTScore-src,0.05390443747479581,0.679795467170797,-0.024834117237067188,-0.049856311340610804,-0.005174972537817485,0.0073245476667789244,-0.0035998696081952935,0.02096140168724137,-0.004288303548498851,-0.019535118390179178,0.00971402099810638,-0.000802632884009169,-0.018641284205017372,0.012159775458224251
zhen,34,JDExploreAcademy vs Online-G,0.01,96.1505,726.3883542713559,673.6211367924521,dedup,dedup,0.8676321014308537,True,0.07264325917206482,0.038123021256866535,0.12180507460889473,mtme_MATESE-QE-src,0.13563280065352962,0.9351848265501388,-0.017560133508816245,-0.0467244629971019,0.006140169160214521,0.013112702583393032,-0.0067785285408650696,0.0362089019087551,-0.002972561785191674,-0.022882468978138757,0.02097767613221615,0.016409383406408518,-0.006254308940305652,0.04280801955937441
zhen,34,JDExploreAcademy vs Online-G,0.01,96.1505,726.3883542713559,673.6211367924521,dedup,dedup,0.8676321014308537,True,0.07264325917206482,0.038123021256866535,0.12180507460889473,mtme_MATESE-refA,0.16024601694320134,0.9674894649743352,-0.010348654474255925,-0.045530664100188606,0.020301671760519488,0.03955613471326436,0.013906044693082596,0.08371267599621238,0.018903542172974408,-0.004455582950459119,0.05759059848475643,0.017325315970759925,-0.005212863443931625,0.04156332305684192
zhen,34,JDExploreAcademy vs Online-G,0.01,96.1505,726.3883542713559,673.6211367924521,dedup,dedup,0.8676321014308537,True,0.07264325917206482,0.038123021256866535,0.12180507460889473,mtme_MEE-refA,0.07237680300153868,0.8976609341086564,-0.010805720046869194,-0.030425595516572576,0.004848389437617108,0.017782994317535827,0.003863356384419403,0.03383894563743508,0.003039472522640363,-0.013731177817152527,0.0198313727508143,0.016859640877925908,-0.002317717217720405,0.039174772977378015
zhen,34,JDExploreAcademy vs Online-G,0.01,96.1505,726.3883542713559,673.6211367924521,dedup,dedup,0.8676321014308537,True,0.07264325917206482,0.038123021256866535,0.12180507460889473,mtme_MEE2-refA,0.0868474201722822,0.9352238472927537,-0.01033275654129584,-0.029608218804150793,0.0052231954048664615,0.013869559702003986,-0.0023178343472146034,0.030502445758992365,-0.003245936372411995,-0.022601513319376498,0.012185722068007592,0.005121934732848277,-0.012041681277513438,0.024541638502891983
zhen,34,JDExploreAcademy vs Online-G,0.01,96.1505,726.3883542713559,673.6211367924521,dedup,dedup,0.8676321014308537,True,0.07264325917206482,0.038123021256866535,0.12180507460889473,mtme_MEE4-refA,0.10561710297785643,0.9593140488993936,-0.004251762166449513,-0.02607032694508548,0.012155710840456028,0.015856438355554614,-0.0015200525268677647,0.037388834663816574,0.002981039679765929,-0.015346232451360735,0.021330834105227254,0.01827618123775543,0.0012708061296488166,0.042634063709123426
zhen,34,JDExploreAcademy vs Online-G,0.01,96.1505,726.3883542713559,673.6211367924521,dedup,dedup,0.8676321014308537,True,0.07264325917206482,0.038123021256866535,0.12180507460889473,mtme_MS-COMET-22-refA,0.1489813746036815,0.98746083650136,0.025573313862215397,0.005210081850397294,0.04995726468983981,0.04050412256757263,0.01822036351240436,0.06783765396236631,0.033076768186110606,0.00958198800614928,0.06778748344164397,0.0244362277461041,-0.0008955862795587409,0.05474950420313943
zhen,34,JDExploreAcademy vs Online-G,0.01,96.1505,726.3883542713559,673.6211367924521,dedup,dedup,0.8676321014308537,True,0.07264325917206482,0.038123021256866535,0.12180507460889473,mtme_MS-COMET-QE-22-src,0.07103569352702233,0.9490970977882788,0.016512737639306496,-0.004163647585478319,0.0372585164143663,0.013435762392692507,-0.0032550515571110827,0.029905356271684065,0.013237739233257106,-0.002711360740098839,0.032450438583676695,0.01346639616504175,-0.004479781089571421,0.03374135373734728
zhen,34,JDExploreAcademy vs Online-G,0.01,96.1505,726.3883542713559,673.6211367924521,dedup,dedup,0.8676321014308537,True,0.07264325917206482,0.038123021256866535,0.12180507460889473,mtme_REUSE-src,0.031186617669027347,-0.0713802384978524,-0.013371622815894435,-0.03519546481014128,0.0037701284758845286,0.006176023920213103,-0.007801015957398322,0.0225779467559266,-0.010392392806563455,-0.02892177566418597,0.004384895452207754,0.007165785935590807,-0.006489925194793172,0.021979039104655103
zhen,34,JDExploreAcademy vs Online-G,0.01,96.1505,726.3883542713559,673.6211367924521,dedup,dedup,0.8676321014308537,True,0.07264325917206482,0.038123021256866535,0.12180507460889473,mtme_SEScore-refA,0.10543508833141113,0.93964771879046,-0.00860164828560217,-0.029807023323157433,0.008000098400769356,0.016639180620579674,-0.0006137213066165595,0.03589499979042703,0.013435762392692507,-0.009134855470649706,0.03464937694625159,0.01011835582951015,-0.006871975671714242,0.03511144883884899
zhen,34,JDExploreAcademy vs Online-G,0.01,96.1505,726.3883542713559,673.6211367924521,dedup,dedup,0.8676321014308537,True,0.07264325917206482,0.038123021256866535,0.12180507460889473,mtme_UniTE-ref-refA,0.21126389795791323,0.975743491343244,0.010552830630099375,-0.01511906284774508,0.038516904674079824,0.029789250673004197,0.0010394756619449663,0.055881482345846445,0.03594766481621936,0.008495307850064492,0.06573255593594907,0.03582955280332034,0.005131022098990645,0.06757703244719225
zhen,34,JDExploreAcademy vs Online-G,0.01,96.1505,726.3883542713559,673.6211367924521,dedup,dedup,0.8676321014308537,True,0.07264325917206482,0.038123021256866535,0.12180507460889473,mtme_UniTE-refA,0.21475410465465755,0.9824419355235168,0.016769152243190866,-0.01149133666538849,0.0448329099681884,0.03035682656652261,0.005809413106639638,0.05945427686667677,0.030670903096973845,0.004108797372020037,0.06054385977921998,0.03100890834887482,0.006738139720063444,0.06364477468343369
zhen,34,JDExploreAcademy vs Online-G,0.01,96.1505,726.3883542713559,673.6211367924521,dedup,dedup,0.8676321014308537,True,0.07264325917206482,0.038123021256866535,0.12180507460889473,mtme_UniTE-src-src,0.16426177982657342,0.9607040026515832,0.013960462646937621,-0.010268286821802718,0.03869604457555511,0.03718616507749317,0.013599345401286182,0.06908617185820157,0.02935836245526713,0.003131125163844148,0.06245449747901831,0.03291644171404562,0.008820421573671923,0.06495653762049322
zhen,34,JDExploreAcademy vs Online-G,0.01,96.1505,726.3883542713559,673.6211367924521,dedup,dedup,0.8676321014308537,True,0.07264325917206482,0.038123021256866535,0.12180507460889473,mtme_YiSi-1-refA,0.12845114278806155,0.9604473082422414,0.0004001146440046899,-0.024697370265855504,0.024044920924746558,0.02676932179468572,0.004562092978738326,0.057243778102086196,0.021681094498853137,-0.006472802518800996,0.05395041622802333,0.0013258963111530964,-0.02486716510790143,0.02651336992198452
zhen,34,JDExploreAcademy vs Online-G,0.01,96.1505,726.3883542713559,673.6211367924521,dedup,dedup,0.8676321014308537,True,0.07264325917206482,0.038123021256866535,0.12180507460889473,mtme_chrF-refA,0.08295595285050779,0.9157360845392822,-0.012211089891632332,-0.034994669996074215,0.004526635722626112,0.029042087601843902,0.009464683654720195,0.05160353363762465,0.008376939469799671,-0.011682256635177241,0.024632980556601743,0.00043049308319287327,-0.017333407575132888,0.0197503631870467
zhen,34,JDExploreAcademy vs Online-G,0.01,96.1505,726.3883542713559,673.6211367924521,dedup,dedup,0.8676321014308537,True,0.07264325917206482,0.038123021256866535,0.12180507460889473,mtme_f101spBLEU-refA,0.06922823973398237,0.8645720481576694,-0.018501716039784677,-0.03948611945800295,-0.0009422544275368256,0.011231675178461131,-0.00201900006344195,0.027740406958415557,0.007898809540061724,-0.008539970798101754,0.023001452494445428,-0.010923688372289408,-0.03276691681516205,0.008300224548469067
zhen,34,JDExploreAcademy vs Online-G,0.01,96.1505,726.3883542713559,673.6211367924521,dedup,dedup,0.8676321014308537,True,0.07264325917206482,0.038123021256866535,0.12180507460889473,mtme_f200spBLEU-refA,0.06819318421961439,0.8696321738056851,-0.019101662431198374,-0.03685545948089764,0.00024326192304751206,0.011231675178461131,-0.002689888578279015,0.024383597981237983,0.009030925804534129,-0.008665383822457634,0.024504035255080034,-0.006625052783334473,-0.025540322069520865,0.012972640477793762
zhen,34,JDExploreAcademy vs Online-G,0.01,96.1505,726.3883542713559,673.6211367924521,dedup,dedup,0.8676321014308537,True,0.07264325917206482,0.038123021256866535,0.12180507460889473,mtme_metricx_xl_DA_2019-refA,0.2061563509881545,0.9937925634685278,-0.009150827456373856,-0.03844111733864981,0.017329817546431155,0.02484336321439795,-0.00297253184336233,0.05124248959276992,0.011534114878862023,-0.01365498723860305,0.03643562241090387,0.023583062263310528,-0.001565485514217124,0.05673288609098015
zhen,34,JDExploreAcademy vs Online-G,0.01,96.1505,726.3883542713559,673.6211367924521,dedup,dedup,0.8676321014308537,True,0.07264325917206482,0.038123021256866535,0.12180507460889473,mtme_metricx_xl_MQM_2020-refA,0.2230238013049584,0.9880707146931909,-0.013307115271532721,-0.04454215044682947,0.016895178973767806,0.03549588484669797,0.0071019950221935055,0.06848727813176597,0.02919502802392171,0.0011368944846445695,0.06634837033803223,0.044088694461319466,0.013936363048020012,0.08024070053184124
zhen,34,JDExploreAcademy vs Online-G,0.01,96.1505,726.3883542713559,673.6211367924521,dedup,dedup,0.8676321014308537,True,0.07264325917206482,0.038123021256866535,0.12180507460889473,mtme_metricx_xxl_DA_2019-refA,0.20459489721934,0.9945880252964706,0.005005198741674932,-0.025645366258791998,0.034465408772546224,0.026094707182084953,0.0034430095341232677,0.05405857421899077,0.017009396556740275,-0.006737620608882149,0.044066861142685695,0.030746979083741466,0.004617335527899241,0.07138550092164148
zhen,34,JDExploreAcademy vs Online-G,0.01,96.1505,726.3883542713559,673.6211367924521,dedup,dedup,0.8676321014308537,True,0.07264325917206482,0.038123021256866535,0.12180507460889473,mtme_metricx_xxl_MQM_2020-refA,0.21273304891556116,0.9848440687329651,-0.006275792936120794,-0.03891026849462359,0.02591419762439192,0.04119742711773844,0.013666900222779646,0.08405779892087131,0.03329117150218264,0.004028324710928086,0.07045538627847976,0.025419509504560622,-0.0034945795339136206,0.060872830335452585
zhen,34,JDExploreAcademy vs Online-G,0.02,96.1505,287.05242173913024,267.9165129870126,dedup,dedup,0.665042017700236,True,0.0666634638933934,0.032365733099602036,0.11923025010897804,mtme_BERTScore-refA,0.12744982815161854,0.9400920205176692,0.006309682431929975,-0.023668233315519167,0.035288756615243416,0.020141584133243073,-0.0028353926931731386,0.05279317210859601,0.007525551210513237,-0.016978601473014474,0.03402383123027939,0.018425286335884028,-0.00435473490026621,0.059530827092694985
zhen,34,JDExploreAcademy vs Online-G,0.02,96.1505,287.05242173913024,267.9165129870126,dedup,dedup,0.665042017700236,True,0.0666634638933934,0.032365733099602036,0.11923025010897804,mtme_BLEU-refA,0.055831121939226236,0.8293746844592913,-0.004568979387503225,-0.022534503072687312,0.013975705859738409,0.009206905085583528,-0.006521527077765026,0.03179833277423228,0.002396710240111233,-0.013470632483691503,0.02276657329580569,0.005715376854557919,-0.008239743388044313,0.02446089008187222
zhen,34,JDExploreAcademy vs Online-G,0.02,96.1505,287.05242173913024,267.9165129870126,dedup,dedup,0.665042017700236,True,0.0666634638933934,0.032365733099602036,0.11923025010897804,mtme_BLEURT-20-refA,0.14659183684870553,0.9802219595565596,0.006112415377465097,-0.022280390266178896,0.03408934767458564,0.023186833459418854,-0.004988577387387243,0.05974350969400451,0.012343496694492528,-0.016865843169483773,0.048568303016040204,0.02667175865460303,0.00139154170820123,0.0692109966243402
zhen,34,JDExploreAcademy vs Online-G,0.02,96.1505,287.05242173913024,267.9165129870126,dedup,dedup,0.665042017700236,True,0.0666634638933934,0.032365733099602036,0.11923025010897804,mtme_COMET-20-refA,0.14467654713567135,0.9752672183823412,0.005201887909444536,-0.025045335506139195,0.02625528704327461,0.025198873192785354,-0.0022897239041899994,0.05086423741147551,0.014628396898521356,-0.015460246491551043,0.0419600517418017,0.02644908163429538,-0.00022564960887325715,0.06674962394886867
zhen,34,JDExploreAcademy vs Online-G,0.02,96.1505,287.05242173913024,267.9165129870126,dedup,dedup,0.665042017700236,True,0.0666634638933934,0.032365733099602036,0.11923025010897804,mtme_COMET-22-refA,0.20561628545608873,0.9866351677254928,0.025870974788933854,-0.0061913236649711705,0.0608852411076678,0.0572060425828701,0.02354851922901242,0.09725850001047728,0.03262871761359465,0.004614749599270382,0.0669067155491896,0.038525873612204053,0.0073113387810330365,0.07974447890115344
zhen,34,JDExploreAcademy vs Online-G,0.02,96.1505,287.05242173913024,267.9165129870126,dedup,dedup,0.665042017700236,True,0.0666634638933934,0.032365733099602036,0.11923025010897804,mtme_COMET-QE-src,0.1271268575625351,0.922900899652606,0.010508652591257106,-0.012563103353717364,0.04419696058974557,0.029160953156630698,0.005550745503441137,0.057635412365897046,0.014486121098915672,-0.010813588488939862,0.045751832856381465,0.0050295316320106975,-0.022428535537134052,0.034719190576618
zhen,34,JDExploreAcademy vs Online-G,0.02,96.1505,287.05242173913024,267.9165129870126,dedup,dedup,0.665042017700236,True,0.0666634638933934,0.032365733099602036,0.11923025010897804,mtme_COMETKiwi-src,0.15644589644309248,0.959377087982424,0.00280230735766851,-0.030710888131289808,0.043608544267278615,0.021017305182514212,-0.004869677679193357,0.05635148461000337,0.0036188737400354443,-0.022343596563400847,0.03502429284849521,0.028304723470190862,-0.004258167138146745,0.06515872947265282
zhen,34,JDExploreAcademy vs Online-G,0.02,96.1505,287.05242173913024,267.9165129870126,dedup,dedup,0.665042017700236,True,0.0666634638933934,0.032365733099602036,0.11923025010897804,mtme_Cross-QE-src,0.18633149487560402,0.966162403744368,-0.016167157832703394,-0.049265545677891195,0.011199597672628988,0.013719629771918984,-0.01955251975352107,0.044197888089979306,-0.011636017620204608,-0.05066118873982868,0.013248699089155205,0.03657841186916966,0.009228976162867912,0.08059039856021936
zhen,34,JDExploreAcademy vs Online-G,0.02,96.1505,287.05242173913024,267.9165129870126,dedup,dedup,0.665042017700236,True,0.0666634638933934,0.032365733099602036,0.11923025010897804,mtme_HWTSC-TLM-src,0.0023940938641438952,0.498241633134339,0.008903164000926278,-0.008062995240190734,0.028918865095568014,0.0064791910312108625,-0.004566791330890813,0.019567657985900024,-0.0029267519278282084,-0.01828854797866656,0.01111015561335984,0.0,0.0,0.0
zhen,34,JDExploreAcademy vs Online-G,0.02,96.1505,287.05242173913024,267.9165129870126,dedup,dedup,0.665042017700236,True,0.0666634638933934,0.032365733099602036,0.11923025010897804,mtme_HWTSC-Teacher-Sim-src,0.06700041201730653,0.3949247735620734,0.0011227192939375907,-0.023625276246214966,0.020162081737145256,0.006655479974462697,-0.013563451041441759,0.03033991242711642,-0.0028936869454188052,-0.028781973522383587,0.016902823839099215,0.006441791658614471,-0.018215328744767917,0.026981741999396746
zhen,34,JDExploreAcademy vs Online-G,0.02,96.1505,287.05242173913024,267.9165129870126,dedup,dedup,0.665042017700236,True,0.0666634638933934,0.032365733099602036,0.11923025010897804,mtme_KG-BERTScore-src,0.05390443747479581,0.679795467170797,0.0,-0.023283871736122296,0.023196734432657972,0.004857332753292143,-0.01351342098808691,0.021103893274309303,-0.006736315763626433,-0.03171817579826957,0.012467824595198174,0.0054190239806176654,-0.01483369391643015,0.026779801856402552
zhen,34,JDExploreAcademy vs Online-G,0.02,96.1505,287.05242173913024,267.9165129870126,dedup,dedup,0.665042017700236,True,0.0666634638933934,0.032365733099602036,0.11923025010897804,mtme_MATESE-QE-src,0.13563280065352962,0.9351848265501388,-0.008292972828040535,-0.0485543758974189,0.021032720588552992,0.013043634575990226,-0.018095047932994712,0.044445445186570245,-0.01214333188323069,-0.056130122877083466,0.015259913524815445,0.018485864062913526,-0.005376056995465838,0.053511210236043744
zhen,34,JDExploreAcademy vs Online-G,0.02,96.1505,287.05242173913024,267.9165129870126,dedup,dedup,0.665042017700236,True,0.0666634638933934,0.032365733099602036,0.11923025010897804,mtme_MATESE-refA,0.16024601694320134,0.9674894649743352,0.006466863133081424,-0.029030699082116272,0.0426018192187494,0.03619647003655224,0.010787907447712044,0.07123042299478215,0.0,-0.03370311405579324,0.026284341328599768,0.024059014949662227,-0.006458850807362081,0.0648503493385451
zhen,34,JDExploreAcademy vs Online-G,0.02,96.1505,287.05242173913024,267.9165129870126,dedup,dedup,0.665042017700236,True,0.0666634638933934,0.032365733099602036,0.11923025010897804,mtme_MEE-refA,0.07237680300153868,0.8976609341086564,-0.009017559993849122,-0.037790836486360425,0.011124189761114282,0.027186563917680373,0.008345821418381309,0.06279017826554521,0.0026945263054506396,-0.017513090818090847,0.025571551666694916,0.007646600083951682,-0.013547225646234656,0.03222740189951073
zhen,34,JDExploreAcademy vs Online-G,0.02,96.1505,287.05242173913024,267.9165129870126,dedup,dedup,0.665042017700236,True,0.0666634638933934,0.032365733099602036,0.11923025010897804,mtme_MEE2-refA,0.0868474201722822,0.9352238472927537,0.0072293567471768405,-0.01564639307780747,0.03498902347386707,0.008673808488021906,-0.00881068888082187,0.03668198622863026,-0.009017559993849122,-0.03194803148368615,0.009906572303766147,0.008741164601088203,-0.017081624619414416,0.03483283326991631
zhen,34,JDExploreAcademy vs Online-G,0.02,96.1505,287.05242173913024,267.9165129870126,dedup,dedup,0.665042017700236,True,0.0666634638933934,0.032365733099602036,0.11923025010897804,mtme_MEE4-refA,0.10561710297785643,0.9593140488993936,0.005405112701463488,-0.0210698329625972,0.031126488615364104,0.014486121098915672,-0.00682425722736693,0.0419334461139421,-0.005198547884847082,-0.0257851116654368,0.013115403272070345,0.015680649318914774,-0.011757605587145547,0.04355179549041003
zhen,34,JDExploreAcademy vs Online-G,0.02,96.1505,287.05242173913024,267.9165129870126,dedup,dedup,0.665042017700236,True,0.0666634638933934,0.032365733099602036,0.11923025010897804,mtme_MS-COMET-22-refA,0.1489813746036815,0.98746083650136,0.010508652591257328,-0.01818958338640208,0.04463208407900149,0.030691937726846308,0.005187200971870269,0.06676278312179675,-0.008873973299283966,-0.041169369373494205,0.016795988107385747,0.02083974145607459,-0.009484358084420497,0.05336587950545856
zhen,34,JDExploreAcademy vs Online-G,0.02,96.1505,287.05242173913024,267.9165129870126,dedup,dedup,0.665042017700236,True,0.0666634638933934,0.032365733099602036,0.11923025010897804,mtme_MS-COMET-QE-22-src,0.07103569352702233,0.9490970977882788,0.006309682431929975,-0.019408868895019,0.028960918452611145,0.03182954107085223,0.01105142609170021,0.06130755504944081,0.010508652591257106,-0.011217836845479418,0.04014436678434154,0.023127338899838645,0.0025583162314140734,0.0571690245258159
zhen,34,JDExploreAcademy vs Online-G,0.02,96.1505,287.05242173913024,267.9165129870126,dedup,dedup,0.665042017700236,True,0.0666634638933934,0.032365733099602036,0.11923025010897804,mtme_REUSE-src,0.031186617669027347,-0.0713802384978524,-0.018741708879298047,-0.04268314671744745,0.004378381971417609,0.006466863133081424,-0.009777610712138724,0.026453157746233094,-0.0004621861093376811,-0.018650158478276474,0.022411774672820257,0.003402010032474867,-0.011574797988024847,0.017679511260589184
zhen,34,JDExploreAcademy vs Online-G,0.02,96.1505,287.05242173913024,267.9165129870126,dedup,dedup,0.665042017700236,True,0.0666634638933934,0.032365733099602036,0.11923025010897804,mtme_SEScore-refA,0.10543508833141113,0.93964771879046,-0.0050931506423887996,-0.026787665708140552,0.02133311343933223,0.011981202635891974,-0.012447927731392482,0.037091966365118065,0.009265693682613763,-0.015132584853848774,0.03605740524994677,0.008096783877290181,-0.014357411963985772,0.02875142342622753
zhen,34,JDExploreAcademy vs Online-G,0.02,96.1505,287.05242173913024,267.9165129870126,dedup,dedup,0.665042017700236,True,0.0666634638933934,0.032365733099602036,0.11923025010897804,mtme_UniTE-ref-refA,0.21126389795791323,0.975743491343244,0.01273591999980872,-0.014223191417710312,0.03785597483019011,0.047113792450802605,0.015206495380582667,0.08255739185703637,0.03265862691534416,0.004888856081852733,0.06505835531350837,0.04463437162607009,0.003519011904330774,0.08470702116094586
zhen,34,JDExploreAcademy vs Online-G,0.02,96.1505,287.05242173913024,267.9165129870126,dedup,dedup,0.665042017700236,True,0.0666634638933934,0.032365733099602036,0.11923025010897804,mtme_UniTE-refA,0.21475410465465755,0.9824419355235168,0.020571077896261225,-0.012794651441775606,0.05363856658973551,0.055205454946070764,0.021183922891285886,0.09813191505654115,0.0376919936549428,0.006956856305536898,0.07830391471666559,0.04562468577229761,0.010269604253037846,0.09669502983534824
zhen,34,JDExploreAcademy vs Online-G,0.02,96.1505,287.05242173913024,267.9165129870126,dedup,dedup,0.665042017700236,True,0.0666634638933934,0.032365733099602036,0.11923025010897804,mtme_UniTE-src-src,0.16426177982657342,0.9607040026515832,0.011005836154714288,-0.01964675731501255,0.044128637524909704,0.02410808535641351,-0.0013753479816685228,0.06026130622881007,-0.0007297675410595783,-0.025788946468709828,0.026837080277561907,0.030411449682893665,0.0021454389794103496,0.061499020856931125
zhen,34,JDExploreAcademy vs Online-G,0.02,96.1505,287.05242173913024,267.9165129870126,dedup,dedup,0.665042017700236,True,0.0666634638933934,0.032365733099602036,0.11923025010897804,mtme_YiSi-1-refA,0.12845114278806155,0.9604473082422414,-0.0012183945033343857,-0.03250623660928335,0.02247734896250012,0.016122546470030308,-0.005809962230940168,0.04259434978495048,0.006655479974462919,-0.01998495535174393,0.03697266281361921,0.01843841857041484,-0.006269387503691809,0.055295134049742366
zhen,34,JDExploreAcademy vs Online-G,0.02,96.1505,287.05242173913024,267.9165129870126,dedup,dedup,0.665042017700236,True,0.0666634638933934,0.032365733099602036,0.11923025010897804,mtme_chrF-refA,0.08295595285050779,0.9157360845392822,-0.0029915142413068363,-0.029705935762526708,0.02666510298638562,0.0007437630829428832,-0.020230370177062296,0.021529160336100292,-0.006559091885818047,-0.025568990059063684,0.01631491496946533,0.004743373988136401,-0.014626170992034315,0.02774781241715475
zhen,34,JDExploreAcademy vs Online-G,0.02,96.1505,287.05242173913024,267.9165129870126,dedup,dedup,0.665042017700236,True,0.0666634638933934,0.032365733099602036,0.11923025010897804,mtme_f101spBLEU-refA,0.06922823973398237,0.8645720481576694,-0.006747887348987458,-0.024847605827097646,0.009380048180060437,0.008757210492714385,-0.010572859192524974,0.03086889450703896,0.009206905085583528,-0.007936903870412215,0.031407365759045056,0.010411109012058328,-0.006692747546069633,0.03516583842020396
zhen,34,JDExploreAcademy vs Online-G,0.02,96.1505,287.05242173913024,267.9165129870126,dedup,dedup,0.665042017700236,True,0.0666634638933934,0.032365733099602036,0.11923025010897804,mtme_f200spBLEU-refA,0.06819318421961439,0.8696321738056851,-0.008135731038392713,-0.02893996687374124,0.010098939111062789,0.00897759062431902,-0.00986395457553238,0.02836219879529461,0.005785408738412601,-0.012893242135482435,0.025690953561290007,0.008559648904243877,-0.010752877349982764,0.03253440858735907
zhen,34,JDExploreAcademy vs Online-G,0.02,96.1505,287.05242173913024,267.9165129870126,dedup,dedup,0.665042017700236,True,0.0666634638933934,0.032365733099602036,0.11923025010897804,mtme_metricx_xl_DA_2019-refA,0.2061563509881545,0.9937925634685278,0.007158067707088156,-0.02736451887195847,0.04402043123437189,0.04112989193001981,0.009868187113129206,0.07848475909310797,0.02155621044360445,-0.013216393580249352,0.06004729435760678,0.02946949557641454,0.002196224333521496,0.07056822585992378
zhen,34,JDExploreAcademy vs Online-G,0.02,96.1505,287.05242173913024,267.9165129870126,dedup,dedup,0.665042017700236,True,0.0666634638933934,0.032365733099602036,0.11923025010897804,mtme_metricx_xl_MQM_2020-refA,0.2230238013049584,0.9880707146931909,0.014838060025857303,-0.02032943240591989,0.04839720976052812,0.056025662450464364,0.019000817927394626,0.08855234312542677,0.027633864221453974,-0.00038248325884498443,0.06356580671098627,0.04528951319879093,0.014165164563481724,0.08610825073094039
zhen,34,JDExploreAcademy vs Online-G,0.02,96.1505,287.05242173913024,267.9165129870126,dedup,dedup,0.665042017700236,True,0.0666634638933934,0.032365733099602036,0.11923025010897804,mtme_metricx_xxl_DA_2019-refA,0.20459489721934,0.9945880252964706,0.028001583489586812,-0.004304135725411078,0.06706405884070656,0.04580868559672735,0.013218218728127845,0.08571497588500594,0.02054058129770364,-0.009020773470354687,0.05734790351083005,0.03285689251090518,0.002468882710856591,0.08184621509389955
zhen,34,JDExploreAcademy vs Online-G,0.02,96.1505,287.05242173913024,267.9165129870126,dedup,dedup,0.665042017700236,True,0.0666634638933934,0.032365733099602036,0.11923025010897804,mtme_metricx_xxl_MQM_2020-refA,0.21273304891556116,0.9848440687329651,0.007955345435549988,-0.027403494958297844,0.03940727303953519,0.025328547271235013,-0.008698063992021292,0.058223591490894955,-0.007358013732426061,-0.04044722564368741,0.023214362880747914,0.049533266072833926,0.014932789429448505,0.09318603909939839
zhen,35,JDExploreAcademy vs HuaweiTSC,0.01,97.863,493.2898478260862,477.31961878452955,dedup,dedup,0.8016115668480117,True,0.03237493962613858,0.006240730348441459,0.061475554178738116,mtme_BERTScore-refA,0.11882805418046405,0.9400920205176692,0.0007436400392781817,-0.021086406576684095,0.023060269678358013,0.0016622033925723922,-0.024154752645251847,0.023006588653094302,-0.005764792576839373,-0.0296650236971011,0.013189770752364856,0.009818472195408656,-0.007909800216160421,0.03045030972170487
zhen,35,JDExploreAcademy vs HuaweiTSC,0.01,97.863,493.2898478260862,477.31961878452955,dedup,dedup,0.8016115668480117,True,0.03237493962613858,0.006240730348441459,0.061475554178738116,mtme_BLEU-refA,0.023760580441129595,0.8293746844592913,-0.0007273856121901012,-0.01916165995774788,0.016785354075049486,-0.004343311694196661,-0.01380675953558858,0.005486518836048038,-0.008174578287290402,-0.02193194641154562,0.0028340058258237324,0.0030137243342166498,-0.005029920382714703,0.00968810140857706
zhen,35,JDExploreAcademy vs HuaweiTSC,0.01,97.863,493.2898478260862,477.31961878452955,dedup,dedup,0.8016115668480117,True,0.03237493962613858,0.006240730348441459,0.061475554178738116,mtme_BLEURT-20-refA,0.17044383826147658,0.9802219595565596,0.007349718425012197,-0.019143454548852988,0.038258359403671255,0.030671062129578264,0.005430730435845108,0.06076300065983259,0.027500621510720635,0.0015413682318748568,0.05427049863013301,0.01826965051745133,-0.007794870631680156,0.04132401484284956
zhen,35,JDExploreAcademy vs HuaweiTSC,0.01,97.863,493.2898478260862,477.31961878452955,dedup,dedup,0.8016115668480117,True,0.03237493962613858,0.006240730348441459,0.061475554178738116,mtme_COMET-20-refA,0.14964146826107733,0.9752672183823412,0.00841484848900731,-0.015215586218925319,0.03607885104534736,0.02837883257539031,0.005469823231679708,0.056370536603253904,0.03208978491144743,0.009427008054871903,0.06418042007769549,0.022306419709939074,-0.0017446905807014966,0.051535720733039046
zhen,35,JDExploreAcademy vs HuaweiTSC,0.01,97.863,493.2898478260862,477.31961878452955,dedup,dedup,0.8016115668480117,True,0.03237493962613858,0.006240730348441459,0.061475554178738116,mtme_COMET-22-refA,0.23463662835053584,0.9866351677254928,0.023045427177031952,-0.003859648868640336,0.05350448214282088,0.06117360193976307,0.030663653875076094,0.09513020614490027,0.04426937648137308,0.018558066077773865,0.0744294210530012,0.057295934808563875,0.02123279640841637,0.10225676907288667
zhen,35,JDExploreAcademy vs HuaweiTSC,0.01,97.863,493.2898478260862,477.31961878452955,dedup,dedup,0.8016115668480117,True,0.03237493962613858,0.006240730348441459,0.061475554178738116,mtme_COMET-QE-src,0.15066095152037845,0.922900899652606,-0.0039501361309124405,-0.026551434058843963,0.025776092324999278,0.025656378274914626,0.0017460586105340486,0.05108558529138461,0.01560039936809865,-0.011308368502550403,0.045758078840885494,0.018239251192971095,-0.004775401905955112,0.04235019910857996
zhen,35,JDExploreAcademy vs HuaweiTSC,0.01,97.863,493.2898478260862,477.31961878452955,dedup,dedup,0.8016115668480117,True,0.03237493962613858,0.006240730348441459,0.061475554178738116,mtme_COMETKiwi-src,0.2183609843587309,0.959377087982424,0.03039871802413019,0.00015563065679386764,0.06485476794541259,0.05291625758286411,0.023474574217070564,0.08899978686007015,0.03756013006966252,0.008903727967566378,0.0670520836574879,0.055883879606514975,0.024239646345233234,0.10756458975910439
zhen,35,JDExploreAcademy vs HuaweiTSC,0.01,97.863,493.2898478260862,477.31961878452955,dedup,dedup,0.8016115668480117,True,0.03237493962613858,0.006240730348441459,0.061475554178738116,mtme_Cross-QE-src,0.17491053122400535,0.966162403744368,-0.011884217369492411,-0.04282789531786267,0.014560218955085864,0.01967014613246232,-0.009319406607245322,0.0484850962526585,0.008245135683111582,-0.0238508527168849,0.034363652295931725,0.027003197621077835,0.0035375871407150403,0.05874485278782879
zhen,35,JDExploreAcademy vs HuaweiTSC,0.01,97.863,493.2898478260862,477.31961878452955,dedup,dedup,0.8016115668480117,True,0.03237493962613858,0.006240730348441459,0.061475554178738116,mtme_HWTSC-TLM-src,0.08381004470968226,0.498241633134339,-0.042057921495374906,-0.06948879375542476,-0.022922940933044547,-0.019270596289146624,-0.04155215881754135,-0.004503305961494648,-0.01962567904679058,-0.043915214295071295,-0.0027791552979755272,0.0036857034087381946,-0.008286320565221928,0.01683982497868809
zhen,35,JDExploreAcademy vs HuaweiTSC,0.01,97.863,493.2898478260862,477.31961878452955,dedup,dedup,0.8016115668480117,True,0.03237493962613858,0.006240730348441459,0.061475554178738116,mtme_HWTSC-Teacher-Sim-src,0.09157386054448682,0.3949247735620734,-0.027953528272801176,-0.055158381484396266,-0.009834588220466017,-0.005107592674800987,-0.024660061441206558,0.011259634044648319,-0.017947513148953043,-0.040776097587590265,-0.0002834510949119112,0.0058971254539810225,-0.009575827487564992,0.022762292856604093
zhen,35,JDExploreAcademy vs HuaweiTSC,0.01,97.863,493.2898478260862,477.31961878452955,dedup,dedup,0.8016115668480117,True,0.03237493962613858,0.006240730348441459,0.061475554178738116,mtme_KG-BERTScore-src,0.08686161493247528,0.679795467170797,-0.0058316483406364306,-0.03194021816345544,0.01442401663770545,0.0022295047390002987,-0.01536461809568176,0.021659332922300746,-0.004343311694196661,-0.023793746206026183,0.015276205352445085,0.0028451043856926317,-0.013749240970852733,0.02175356226175352
zhen,35,JDExploreAcademy vs HuaweiTSC,0.01,97.863,493.2898478260862,477.31961878452955,dedup,dedup,0.8016115668480117,True,0.03237493962613858,0.006240730348441459,0.061475554178738116,mtme_MATESE-QE-src,0.13381055378682175,0.9351848265501388,0.012864393277621788,-0.013912975085147094,0.033526540304770716,0.00616009263925088,-0.018681777945823142,0.02474120874612627,0.009442406493453293,-0.016543468185578697,0.033391087607653705,0.028274916557150087,0.0038821129960424474,0.05175940860724757
zhen,35,JDExploreAcademy vs HuaweiTSC,0.01,97.863,493.2898478260862,477.31961878452955,dedup,dedup,0.8016115668480117,True,0.03237493962613858,0.006240730348441459,0.061475554178738116,mtme_MATESE-refA,0.16251701731420248,0.9674894649743352,0.021016024326757643,-0.006524285242905364,0.04742717249834838,0.0518188985968141,0.02416628450831359,0.08395183998952681,0.03961223059732977,0.014073104231722533,0.07281923938782235,0.030045609832005216,0.003417222626135578,0.05433071842255566
zhen,35,JDExploreAcademy vs HuaweiTSC,0.01,97.863,493.2898478260862,477.31961878452955,dedup,dedup,0.8016115668480117,True,0.03237493962613858,0.006240730348441459,0.061475554178738116,mtme_MEE-refA,0.06775289390649125,0.8976609341086564,-0.0062285381130204875,-0.031456433123442776,0.00969148268006197,0.004221002608460811,-0.012977746615615402,0.02000250719483576,0.00841484848900731,-0.012285256153447093,0.032173304570633575,0.00016200894104345664,-0.012043419768107577,0.01521651008157208
zhen,35,JDExploreAcademy vs HuaweiTSC,0.01,97.863,493.2898478260862,477.31961878452955,dedup,dedup,0.8016115668480117,True,0.03237493962613858,0.006240730348441459,0.061475554178738116,mtme_MEE2-refA,0.07552940036553264,0.9352238472927537,-0.005474447545490868,-0.026530436884522873,0.013641714536837938,-0.005107592674800987,-0.02640208360790586,0.007631593990713396,0.0013123675622752629,-0.022045581276964814,0.016670216691982313,0.002370803814269351,-0.014107973029146131,0.01652590679836236
zhen,35,JDExploreAcademy vs HuaweiTSC,0.01,97.863,493.2898478260862,477.31961878452955,dedup,dedup,0.8016115668480117,True,0.03237493962613858,0.006240730348441459,0.061475554178738116,mtme_MEE4-refA,0.09300386551110801,0.9593140488993936,-0.001152118370712385,-0.02414839812496477,0.020687066065046215,-0.006408083486241889,-0.02915195563148255,0.008177354354171312,0.007499243213001328,-0.013132205261699103,0.02288080777321047,0.0058971254539808005,-0.013196476252659855,0.024242540875124757
zhen,35,JDExploreAcademy vs HuaweiTSC,0.01,97.863,493.2898478260862,477.31961878452955,dedup,dedup,0.8016115668480117,True,0.03237493962613858,0.006240730348441459,0.061475554178738116,mtme_MS-COMET-22-refA,0.1703493822456655,0.98746083650136,0.022319176229170568,-0.008568732792067163,0.05312130946968248,0.045565577183089734,0.016897352674072923,0.07385127010752457,0.0225930590018808,-0.0013661440598746854,0.04982235856590673,0.049517098162956685,0.02329582421344904,0.08352186232345696
zhen,35,JDExploreAcademy vs HuaweiTSC,0.01,97.863,493.2898478260862,477.31961878452955,dedup,dedup,0.8016115668480117,True,0.03237493962613858,0.006240730348441459,0.061475554178738116,mtme_MS-COMET-QE-22-src,0.13673660807642626,0.9490970977882788,0.011753621574223216,-0.012695561040205788,0.03603685271693983,0.022940679444167222,-0.0021028655411685967,0.04593298617162805,0.01734715050919522,-0.008691032485569678,0.04330197075976794,0.012503398905592489,-0.011074073614744129,0.03468640581157663
zhen,35,JDExploreAcademy vs HuaweiTSC,0.01,97.863,493.2898478260862,477.31961878452955,dedup,dedup,0.8016115668480117,True,0.03237493962613858,0.006240730348441459,0.061475554178738116,mtme_REUSE-src,0.01952311810525305,-0.0713802384978524,-0.015561954153755497,-0.038971204982850116,2.1074156130151107e-05,-0.0035353575147005767,-0.012936663258979797,0.0048779511533810676,0.009845497668530934,-0.004775414046908488,0.025797408947987144,0.002598627965149647,-0.0045156673233158525,0.011065381011111102
zhen,35,JDExploreAcademy vs HuaweiTSC,0.01,97.863,493.2898478260862,477.31961878452955,dedup,dedup,0.8016115668480117,True,0.03237493962613858,0.006240730348441459,0.061475554178738116,mtme_SEScore-refA,0.1598626870479601,0.93964771879046,-0.0021980540451900232,-0.0245010266990328,0.023204409026346254,0.005123146098721554,-0.019441718348323922,0.02874061305556458,0.011977362731621977,-0.014222667073181665,0.03913153370348675,0.01195003837162989,-0.008210526167432786,0.03529627882845493
zhen,35,JDExploreAcademy vs HuaweiTSC,0.01,97.863,493.2898478260862,477.31961878452955,dedup,dedup,0.8016115668480117,True,0.03237493962613858,0.006240730348441459,0.061475554178738116,mtme_UniTE-ref-refA,0.2364035862257735,0.975743491343244,0.04265733316131037,0.008363426057995069,0.08007848427708025,0.05411887013874428,0.020763616898136168,0.08668199511918706,0.0543695132942591,0.02121795672752143,0.0919953922357851,0.018105209727134253,-0.008227831712552213,0.053662331143045146
zhen,35,JDExploreAcademy vs HuaweiTSC,0.01,97.863,493.2898478260862,477.31961878452955,dedup,dedup,0.8016115668480117,True,0.03237493962613858,0.006240730348441459,0.061475554178738116,mtme_UniTE-refA,0.24581984356878656,0.9824419355235168,0.026489262316891526,-0.004701891710081407,0.06356379109136352,0.05186000091699161,0.02126493272938483,0.08388897878919752,0.05063921963418372,0.021133235151469778,0.08664123909196354,0.025128827575760182,-0.0033243763455916777,0.06014049049176726
zhen,35,JDExploreAcademy vs HuaweiTSC,0.01,97.863,493.2898478260862,477.31961878452955,dedup,dedup,0.8016115668480117,True,0.03237493962613858,0.006240730348441459,0.061475554178738116,mtme_UniTE-src-src,0.20905072103945466,0.9607040026515832,0.026427417819827936,-0.0028167568978246346,0.06117837152872503,0.048251118756705846,0.01429877037365787,0.0806248785847918,0.04722317564422274,0.01886404802498102,0.08234363255821295,0.010475157056413553,-0.017596548768232533,0.03546019006650991
zhen,35,JDExploreAcademy vs HuaweiTSC,0.01,97.863,493.2898478260862,477.31961878452955,dedup,dedup,0.8016115668480117,True,0.03237493962613858,0.006240730348441459,0.061475554178738116,mtme_YiSi-1-refA,0.11441999791613525,0.9604473082422414,0.0009267530675157731,-0.01895814865534015,0.023444359595204377,0.009566602152801584,-0.010298810603976272,0.030179960375772568,0.0033084896527946217,-0.015096413973677836,0.0215010268765349,0.0077610383206855316,-0.013020959802160198,0.029624334263437184
zhen,35,JDExploreAcademy vs HuaweiTSC,0.01,97.863,493.2898478260862,477.31961878452955,dedup,dedup,0.8016115668480117,True,0.03237493962613858,0.006240730348441459,0.061475554178738116,mtme_chrF-refA,0.06633152328644588,0.9157360845392822,0.014680336713935982,-0.009277558456880336,0.03468510583524794,0.0028548255413129997,-0.015604268777090839,0.019476159489648336,0.013168851786686031,-0.005309336779484091,0.03423303992701217,0.0030912351170060415,-0.011244386856803734,0.020256555177069535
zhen,35,JDExploreAcademy vs HuaweiTSC,0.01,97.863,493.2898478260862,477.31961878452955,dedup,dedup,0.8016115668480117,True,0.03237493962613858,0.006240730348441459,0.061475554178738116,mtme_f101spBLEU-refA,0.03332295697801226,0.8645720481576694,0.0013123675622752629,-0.015971513516364326,0.01607572864936644,-0.009374054016251465,-0.021953124190773724,0.0009068155492912249,-0.006290348815277014,-0.017462250001578392,0.004625808005474516,0.0012115986343641527,-0.007977240708422245,0.008785850855964006
zhen,35,JDExploreAcademy vs HuaweiTSC,0.01,97.863,493.2898478260862,477.31961878452955,dedup,dedup,0.8016115668480117,True,0.03237493962613858,0.006240730348441459,0.061475554178738116,mtme_f200spBLEU-refA,0.03949729721617641,0.8696321738056851,-0.0024580852753726123,-0.020300501213476617,0.013629353341754424,-0.008776141381701574,-0.02317804385332297,0.0023136267476546128,-0.005026965230693126,-0.019869422636336297,0.006592919426281792,0.0007661293602433394,-0.008792503523434053,0.010470959901148175
zhen,35,JDExploreAcademy vs HuaweiTSC,0.01,97.863,493.2898478260862,477.31961878452955,dedup,dedup,0.8016115668480117,True,0.03237493962613858,0.006240730348441459,0.061475554178738116,mtme_metricx_xl_DA_2019-refA,0.21556377990134423,0.9937925634685278,0.028143962174374093,-0.00490410874211698,0.058298236970974464,0.03601331486469539,0.004396346087536684,0.06830696146128278,0.02624735124550448,-0.002240970678797069,0.05349036551406155,0.041233806885256685,0.009019127282710912,0.07435519666773033
zhen,35,JDExploreAcademy vs HuaweiTSC,0.01,97.863,493.2898478260862,477.31961878452955,dedup,dedup,0.8016115668480117,True,0.03237493962613858,0.006240730348441459,0.061475554178738116,mtme_metricx_xl_MQM_2020-refA,0.2557834201511577,0.9880707146931909,0.03157789439420522,-0.001199500754688446,0.05943253250860953,0.054637343409009054,0.02219615240504346,0.08382258188395095,0.04386462101572952,0.014026702556771662,0.07331754952819793,0.05313767569632333,0.008581085760774097,0.09971783177354779
zhen,35,JDExploreAcademy vs HuaweiTSC,0.01,97.863,493.2898478260862,477.31961878452955,dedup,dedup,0.8016115668480117,True,0.03237493962613858,0.006240730348441459,0.061475554178738116,mtme_metricx_xxl_DA_2019-refA,0.2084194044237845,0.9945880252964706,0.024198139437300648,-0.009641089023259691,0.0494952543557363,0.01827940533169048,-0.0100769281996602,0.04434540490831445,0.030671062129578264,0.005227896455380328,0.05703099608320365,0.039723692294176494,0.010277207614520676,0.07791476926758355
zhen,35,JDExploreAcademy vs HuaweiTSC,0.01,97.863,493.2898478260862,477.31961878452955,dedup,dedup,0.8016115668480117,True,0.03237493962613858,0.006240730348441459,0.061475554178738116,mtme_metricx_xxl_MQM_2020-refA,0.23279719509115304,0.9848440687329651,0.02067587959290751,-0.0062190527360120205,0.055597042289842497,0.04912856491244588,0.01902370106494711,0.08260064641510122,0.04158577589407442,0.010836287128716846,0.06835532958090783,0.04442633102076188,0.004763049373561624,0.09316737656355586
zhen,35,JDExploreAcademy vs HuaweiTSC,0.02,97.863,230.82947826086928,224.68464473684176,dedup,dedup,0.576037684886151,True,0.026620662015633068,0.008141646663137686,0.05096788166468211,mtme_BERTScore-refA,0.11882805418046405,0.9400920205176692,-0.007696903163269431,-0.030338739164569323,0.0112898507384562,0.014721276305802222,-0.003154199395834506,0.03529478500524648,-0.006159545369817554,-0.028581054674152832,0.01299062947308892,0.009837964550680645,-0.0054752174032543,0.027285135724136777
zhen,35,JDExploreAcademy vs HuaweiTSC,0.02,97.863,230.82947826086928,224.68464473684176,dedup,dedup,0.576037684886151,True,0.026620662015633068,0.008141646663137686,0.05096788166468211,mtme_BLEU-refA,0.023760580441129595,0.8293746844592913,-0.015020837496050099,-0.03465396959162268,-0.0023780696765556535,-0.000896230146402166,-0.01678476891509657,0.011549452244970582,-0.013438463902080144,-0.03460236188668965,-0.0015832712201414377,0.003837166134065151,-0.0023516719129976988,0.011159000497240088
zhen,35,JDExploreAcademy vs HuaweiTSC,0.02,97.863,230.82947826086928,224.68464473684176,dedup,dedup,0.576037684886151,True,0.026620662015633068,0.008141646663137686,0.05096788166468211,mtme_BLEURT-20-refA,0.17044383826147658,0.9802219595565596,-0.01108445318488771,-0.03264242907933943,0.012263641160397744,0.006499931768854772,-0.01236978027442066,0.028289146416071158,0.0004048780917932371,-0.021068000386470498,0.021803795641081477,0.009462618690475932,-0.008002084997776531,0.027231114081956737
zhen,35,JDExploreAcademy vs HuaweiTSC,0.02,97.863,230.82947826086928,224.68464473684176,dedup,dedup,0.576037684886151,True,0.026620662015633068,0.008141646663137686,0.05096788166468211,mtme_COMET-20-refA,0.14964146826107733,0.9752672183823412,-0.004993966912037129,-0.028726642877172425,0.01596383240544334,0.007455737124287043,-0.013125290525680173,0.028827169552385123,0.0011804006806267475,-0.02076539479828718,0.0187542467967357,0.007043835136987364,-0.010052866355007434,0.027954672516975795
zhen,35,JDExploreAcademy vs HuaweiTSC,0.02,97.863,230.82947826086928,224.68464473684176,dedup,dedup,0.576037684886151,True,0.026620662015633068,0.008141646663137686,0.05096788166468211,mtme_COMET-22-refA,0.23463662835053584,0.9866351677254928,0.03014058045261936,0.006642895928347589,0.057789311238739934,0.047977411213884213,0.025031885995946107,0.08112342048915099,0.01924550688175186,-0.0002750244436510385,0.047467260281158816,0.017229979960834196,-0.0038481748183877393,0.03645188684561524
zhen,35,JDExploreAcademy vs HuaweiTSC,0.02,97.863,230.82947826086928,224.68464473684176,dedup,dedup,0.576037684886151,True,0.026620662015633068,0.008141646663137686,0.05096788166468211,mtme_COMET-QE-src,0.15066095152037845,0.922900899652606,0.006355086492668582,-0.014208959744210969,0.027817429943768547,0.021316256124783384,0.0021557872766551946,0.049035784291635034,0.002039696195259455,-0.021915451044154183,0.02670790475369519,0.0029503493327062147,-0.01509336021331117,0.017362129979203823
zhen,35,JDExploreAcademy vs HuaweiTSC,0.02,97.863,230.82947826086928,224.68464473684176,dedup,dedup,0.576037684886151,True,0.026620662015633068,0.008141646663137686,0.05096788166468211,mtme_COMETKiwi-src,0.2183609843587309,0.959377087982424,0.01741327412977922,-0.006186775675575861,0.04419397134098907,0.04526332582365844,0.02069223274897216,0.07351978908321938,0.018021268737359097,-0.004828618433148195,0.0445380789963255,0.026111447595223325,0.007665146784761198,0.0487772137091733
zhen,35,JDExploreAcademy vs HuaweiTSC,0.02,97.863,230.82947826086928,224.68464473684176,dedup,dedup,0.576037684886151,True,0.026620662015633068,0.008141646663137686,0.05096788166468211,mtme_Cross-QE-src,0.17491053122400535,0.966162403744368,0.000595511601410581,-0.024074227067393792,0.021696718831714066,0.024913716697833044,0.004237721592140454,0.05090621691963113,0.003341829845451061,-0.021049262263631,0.027897821224303572,0.005985369749676117,-0.012898323228588221,0.02166674136173543
zhen,35,JDExploreAcademy vs HuaweiTSC,0.02,97.863,230.82947826086928,224.68464473684176,dedup,dedup,0.576037684886151,True,0.026620662015633068,0.008141646663137686,0.05096788166468211,mtme_HWTSC-TLM-src,0.08381004470968226,0.498241633134339,-0.020055662567773247,-0.04666626897089527,-0.0009470086996458304,-0.014788585887902883,-0.03694807178020679,0.0011414463941171978,-0.014394691257034964,-0.03554013132766472,0.0021177141016981487,-0.002322615432130304,-0.01737652728210231,0.008342126815921034
zhen,35,JDExploreAcademy vs HuaweiTSC,0.02,97.863,230.82947826086928,224.68464473684176,dedup,dedup,0.576037684886151,True,0.026620662015633068,0.008141646663137686,0.05096788166468211,mtme_HWTSC-Teacher-Sim-src,0.09157386054448682,0.3949247735620734,-0.012764489963907666,-0.034110129354075425,0.006859553473331776,-0.006441718635704419,-0.028641986683758437,0.009934510011322454,-0.01689258033521379,-0.041004415453821164,-0.0010039462861919485,-0.003183663146619775,-0.017514066855485327,0.009979588516582379
zhen,35,JDExploreAcademy vs HuaweiTSC,0.02,97.863,230.82947826086928,224.68464473684176,dedup,dedup,0.576037684886151,True,0.026620662015633068,0.008141646663137686,0.05096788166468211,mtme_KG-BERTScore-src,0.08686161493247528,0.679795467170797,-0.02320613031485852,-0.05228249499637874,-0.0057511832335485225,0.005617195463040847,-0.008845365148869792,0.02008996437395506,-0.008402734099886011,-0.029026015183637677,0.009525916854386073,-0.00935063503733402,-0.024912511776589968,0.0036017361432450494
zhen,35,JDExploreAcademy vs HuaweiTSC,0.02,97.863,230.82947826086928,224.68464473684176,dedup,dedup,0.576037684886151,True,0.026620662015633068,0.008141646663137686,0.05096788166468211,mtme_MATESE-QE-src,0.13381055378682175,0.9351848265501388,0.004274861781484063,-0.02151317152339563,0.029010475857559035,0.02678103817905153,0.006945566808821719,0.050581852868723826,0.014721276305802222,-0.008066358552732762,0.03924669100011418,0.011812282889794301,-0.0021468485154694907,0.02779844378945838
zhen,35,JDExploreAcademy vs HuaweiTSC,0.02,97.863,230.82947826086928,224.68464473684176,dedup,dedup,0.576037684886151,True,0.026620662015633068,0.008141646663137686,0.05096788166468211,mtme_MATESE-refA,0.16251701731420248,0.9674894649743352,0.003907668567948663,-0.021735062441819573,0.029206344052417243,0.03042168622821917,0.007557247059413142,0.055756547201921004,0.012198315340226529,-0.010917490448697036,0.038785663221556355,0.0007263227831202368,-0.017178200351397548,0.01864318061356616
zhen,35,JDExploreAcademy vs HuaweiTSC,0.02,97.863,230.82947826086928,224.68464473684176,dedup,dedup,0.576037684886151,True,0.026620662015633068,0.008141646663137686,0.05096788166468211,mtme_MEE-refA,0.06775289390649125,0.8976609341086564,0.0,-0.018646362881194527,0.014678152096785708,0.0055557943116706365,-0.01475594781583025,0.026348684633224848,-3.358530736008447e-05,-0.023564535717049074,0.022295515543600847,-0.002188423215061075,-0.013608383202133778,0.007322203618967605
zhen,35,JDExploreAcademy vs HuaweiTSC,0.02,97.863,230.82947826086928,224.68464473684176,dedup,dedup,0.576037684886151,True,0.026620662015633068,0.008141646663137686,0.05096788166468211,mtme_MEE2-refA,0.07552940036553264,0.9352238472927537,-0.00923426095672153,-0.02810935680919514,0.00799006317124967,-0.0031426251886823575,-0.029095688943359087,0.01791118523892118,-0.013536650752784984,-0.04199573397765284,0.004316839649680899,0.002108580861211351,-0.0082641851271251,0.014257950441101147
zhen,35,JDExploreAcademy vs HuaweiTSC,0.02,97.863,230.82947826086928,224.68464473684176,dedup,dedup,0.576037684886151,True,0.026620662015633068,0.008141646663137686,0.05096788166468211,mtme_MEE4-refA,0.09300386551110801,0.9593140488993936,-0.008861568158309074,-0.027162933063062715,0.009886121915788837,0.007311690546905503,-0.01007611574009372,0.026851248546588272,-0.011147895133186259,-0.034559804698208796,0.008778957190115335,0.009623433623609845,-0.004879828758695304,0.022839572237585037
zhen,35,JDExploreAcademy vs HuaweiTSC,0.02,97.863,230.82947826086928,224.68464473684176,dedup,dedup,0.576037684886151,True,0.026620662015633068,0.008141646663137686,0.05096788166468211,mtme_MS-COMET-22-refA,0.1703493822456655,0.98746083650136,0.014756112511467356,-0.010385201424340046,0.04419498482049826,0.03185064058751752,0.011038478564283577,0.06435792777100455,0.013078486744132922,-0.011202377901809507,0.04430185139299233,0.012663279827443641,-0.008278186469990133,0.03337701613708258
zhen,35,JDExploreAcademy vs HuaweiTSC,0.02,97.863,230.82947826086928,224.68464473684176,dedup,dedup,0.576037684886151,True,0.026620662015633068,0.008141646663137686,0.05096788166468211,mtme_MS-COMET-QE-22-src,0.13673660807642626,0.9490970977882788,0.004507642755300134,-0.015355293804359581,0.0227126856736935,0.020804053294977698,0.0030467286441154965,0.040924288955483765,0.014703188275937862,-0.005977307835674227,0.0360528920010121,0.0,-0.015440101533486805,0.016198347744837114
zhen,35,JDExploreAcademy vs HuaweiTSC,0.02,97.863,230.82947826086928,224.68464473684176,dedup,dedup,0.576037684886151,True,0.026620662015633068,0.008141646663137686,0.05096788166468211,mtme_REUSE-src,0.01952311810525305,-0.0713802384978524,-0.01865424947456118,-0.044026445147823126,-0.0009415621911838505,0.0043996752641551895,-0.007932293026657822,0.017734828351562447,-0.009263451294571956,-0.026927071566471283,0.006647828468463287,0.001756177900669731,-0.004969522094549872,0.008734091276066364
zhen,35,JDExploreAcademy vs HuaweiTSC,0.02,97.863,230.82947826086928,224.68464473684176,dedup,dedup,0.576037684886151,True,0.026620662015633068,0.008141646663137686,0.05096788166468211,mtme_SEScore-refA,0.1598626870479601,0.93964771879046,0.0107513903581542,-0.01351276631752748,0.0334809561001553,0.015373921954792147,-0.00609622723487928,0.038132822084898675,0.01026590894969559,-0.011550174045918554,0.03161393992347577,0.012309043006942577,-0.0038931588759411437,0.029361056133829406
zhen,35,JDExploreAcademy vs HuaweiTSC,0.02,97.863,230.82947826086928,224.68464473684176,dedup,dedup,0.576037684886151,True,0.026620662015633068,0.008141646663137686,0.05096788166468211,mtme_UniTE-ref-refA,0.2364035862257735,0.975743491343244,0.015509469785932817,-0.009698018041025547,0.04362491509907168,0.028247190464069427,0.0011412758239043315,0.0584229507426962,0.013119752364282755,-0.01283991517483719,0.040198515865981665,0.020761252538376462,0.0001664609012416,0.043693842696288836
zhen,35,JDExploreAcademy vs HuaweiTSC,0.02,97.863,230.82947826086928,224.68464473684176,dedup,dedup,0.576037684886151,True,0.026620662015633068,0.008141646663137686,0.05096788166468211,mtme_UniTE-refA,0.24581984356878656,0.9824419355235168,0.022551215097424193,-0.007532638411413039,0.05352281865268709,0.04203869896543355,0.015068607063243014,0.07524979374826027,0.019579310883440115,-0.009589980165499334,0.04912948479192571,0.016612121677964664,-0.0032124761918211446,0.04163439133723117
zhen,35,JDExploreAcademy vs HuaweiTSC,0.02,97.863,230.82947826086928,224.68464473684176,dedup,dedup,0.576037684886151,True,0.026620662015633068,0.008141646663137686,0.05096788166468211,mtme_UniTE-src-src,0.20905072103945466,0.9607040026515832,0.02199837632077639,0.001618036893313815,0.04958040778845946,0.04155248860591143,0.019093738055159216,0.07407923614509175,0.024226889676177255,0.001186651241909399,0.050418222131503064,0.011573493940170043,-0.00990009338401685,0.030178454954361198
zhen,35,JDExploreAcademy vs HuaweiTSC,0.02,97.863,230.82947826086928,224.68464473684176,dedup,dedup,0.576037684886151,True,0.026620662015633068,0.008141646663137686,0.05096788166468211,mtme_YiSi-1-refA,0.11441999791613525,0.9604473082422414,-0.006713376127707171,-0.029071927068695536,0.013093460025578782,0.0029786621353595777,-0.016827117605425778,0.02431842339405284,-0.004993966912037129,-0.02556381798970905,0.014824275539032799,0.007919104591879167,-0.005882878094450916,0.027027731801538547
zhen,35,JDExploreAcademy vs HuaweiTSC,0.02,97.863,230.82947826086928,224.68464473684176,dedup,dedup,0.576037684886151,True,0.026620662015633068,0.008141646663137686,0.05096788166468211,mtme_chrF-refA,0.06633152328644588,0.9157360845392822,-0.002897347125175642,-0.022158486006704857,0.009634747372945144,0.007215467433214662,-0.0128138523690978,0.023290125171351702,-0.0029331168427704224,-0.022617420439118744,0.01526082535825642,0.0008832847429404156,-0.009408296960898548,0.009394443697940968
zhen,35,JDExploreAcademy vs HuaweiTSC,0.02,97.863,230.82947826086928,224.68464473684176,dedup,dedup,0.576037684886151,True,0.026620662015633068,0.008141646663137686,0.05096788166468211,mtme_f101spBLEU-refA,0.03332295697801226,0.8645720481576694,-0.015412698881349218,-0.03456319685525688,-0.0033334076307194554,-0.004339815736752017,-0.019331660187053328,0.007703176573748066,-0.011912239048541107,-0.03062076613782788,0.0011700028667662888,0.005147417984721514,-0.0008115595661068619,0.012933259892149543
zhen,35,JDExploreAcademy vs HuaweiTSC,0.02,97.863,230.82947826086928,224.68464473684176,dedup,dedup,0.576037684886151,True,0.026620662015633068,0.008141646663137686,0.05096788166468211,mtme_f200spBLEU-refA,0.03949729721617641,0.8696321738056851,-0.015516550211445157,-0.03710325036096386,-0.0007736291406225995,-0.0019421989904830905,-0.017005516827213744,0.010239509729340983,-0.011370589319050994,-0.03177944585184401,0.002254244019885535,0.005571322995228001,-0.0011443725230560805,0.012884048994927162
zhen,35,JDExploreAcademy vs HuaweiTSC,0.02,97.863,230.82947826086928,224.68464473684176,dedup,dedup,0.576037684886151,True,0.026620662015633068,0.008141646663137686,0.05096788166468211,mtme_metricx_xl_DA_2019-refA,0.21556377990134423,0.9937925634685278,-0.01040558118030388,-0.0389789317083396,0.01854202214591826,0.025048817837257653,0.00394698900007914,0.05483190344002994,-0.006159545369817554,-0.02862968700224367,0.021377508167127288,0.030042203147192525,0.01258598016038186,0.05627505483730664
zhen,35,JDExploreAcademy vs HuaweiTSC,0.02,97.863,230.82947826086928,224.68464473684176,dedup,dedup,0.576037684886151,True,0.026620662015633068,0.008141646663137686,0.05096788166468211,mtme_metricx_xl_MQM_2020-refA,0.2557834201511577,0.9880707146931909,0.024093459779897963,-0.00206363045655985,0.054898647224547806,0.05732330525327001,0.02644425151856803,0.09050288564726355,0.02309829513681516,-0.002614482730600303,0.053551224721044795,0.03854286149535324,0.015297444929255614,0.0642415273657316
zhen,35,JDExploreAcademy vs HuaweiTSC,0.02,97.863,230.82947826086928,224.68464473684176,dedup,dedup,0.576037684886151,True,0.026620662015633068,0.008141646663137686,0.05096788166468211,mtme_metricx_xxl_DA_2019-refA,0.2084194044237845,0.9945880252964706,0.0017081092202012593,-0.019463387338667596,0.03056947182312717,0.029285623135112515,0.00875493674632731,0.0652573774151811,0.008421181375626308,-0.011638537241211016,0.03491705039949065,0.02034160360227255,0.00140091510417945,0.039691919046752316
zhen,35,JDExploreAcademy vs HuaweiTSC,0.02,97.863,230.82947826086928,224.68464473684176,dedup,dedup,0.576037684886151,True,0.026620662015633068,0.008141646663137686,0.05096788166468211,mtme_metricx_xxl_MQM_2020-refA,0.23279719509115304,0.9848440687329651,0.02049085258035832,-0.003358984859277508,0.05030732186771707,0.0386892078784451,0.017197801810035548,0.07192001276508593,0.023653877851665173,0.0013163584809984627,0.05269177429278467,0.027023944419787727,0.007551385084150348,0.057205658444114134
zhen,45,Online-G vs HuaweiTSC,0.01,97.9475,695.2074004739331,666.6959256410253,dedup,dedup,0.8591103893122718,True,0.04101146623794738,0.01402989467451629,0.07919596529718115,mtme_BERTScore-refA,0.1402205406974165,0.9400920205176692,-0.01020179841260882,-0.04200381454102916,0.017217719002258068,-0.0032789925100416006,-0.02982506833719935,0.01994224224218694,-0.016832533999393995,-0.04422520064803346,0.006618085879724525,0.0032230219375751767,-0.019341652054604995,0.027765384713798726
zhen,45,Online-G vs HuaweiTSC,0.01,97.9475,695.2074004739331,666.6959256410253,dedup,dedup,0.8591103893122718,True,0.04101146623794738,0.01402989467451629,0.07919596529718115,mtme_BLEU-refA,0.04645729013728035,0.8293746844592913,-0.004281992757323216,-0.023369107799014847,0.013273884846471832,0.0,-0.013069339180744344,0.016178513590596067,-0.013063981960296234,-0.0314011379574804,-0.0007138837954992834,-0.004647342469365157,-0.01663619160809792,0.006219557915518527
zhen,45,Online-G vs HuaweiTSC,0.01,97.9475,695.2074004739331,666.6959256410253,dedup,dedup,0.8591103893122718,True,0.04101146623794738,0.01402989467451629,0.07919596529718115,mtme_BLEURT-20-refA,0.2178366557347788,0.9802219595565596,0.032876941919949054,0.0006951617985296092,0.0725501126233888,0.06277800889975871,0.031432157575751296,0.09775223072134412,0.043031147849844964,0.011177095028819653,0.07771533263695772,0.03819452470092277,0.00767621946837116,0.06817283995268822
zhen,45,Online-G vs HuaweiTSC,0.01,97.9475,695.2074004739331,666.6959256410253,dedup,dedup,0.8591103893122718,True,0.04101146623794738,0.01402989467451629,0.07919596529718115,mtme_COMET-20-refA,0.17269565217899846,0.9752672183823412,0.011147599705586986,-0.015687377571034812,0.037298985168026995,0.04161365992811217,0.011151365733432967,0.07158922343301474,0.031102577540971788,0.0006458649083826099,0.059623131519828294,0.03139212158311522,0.0052134219637155425,0.06123194216296524
zhen,45,Online-G vs HuaweiTSC,0.01,97.9475,695.2074004739331,666.6959256410253,dedup,dedup,0.8591103893122718,True,0.04101146623794738,0.01402989467451629,0.07919596529718115,mtme_COMET-22-refA,0.26127541860401826,0.9866351677254928,0.0175492076320527,-0.012572968050270165,0.057074390681344546,0.06385257849434545,0.02908693992922637,0.10167970122696948,0.04808756797216107,0.016062225674850543,0.0867749641973294,0.05632540858085644,0.02536509188421231,0.10161497347408152
zhen,45,Online-G vs HuaweiTSC,0.01,97.9475,695.2074004739331,666.6959256410253,dedup,dedup,0.8591103893122718,True,0.04101146623794738,0.01402989467451629,0.07919596529718115,mtme_COMET-QE-src,0.17903447465770223,0.922900899652606,-0.0013865630605796042,-0.03719217137309767,0.02911662411342206,0.023303467820863344,-0.0060028440292795165,0.052045514216905724,0.011900653543340689,-0.018531391312259164,0.03991898612746562,0.025123036597183068,-0.0007747610663853578,0.05028131042812015
zhen,45,Online-G vs HuaweiTSC,0.01,97.9475,695.2074004739331,666.6959256410253,dedup,dedup,0.8591103893122718,True,0.04101146623794738,0.01402989467451629,0.07919596529718115,mtme_COMETKiwi-src,0.21348602477375322,0.959377087982424,0.015486712741796027,-0.013833810785046663,0.04771666875058732,0.05598786018785851,0.019498867006103343,0.08493143349999034,0.026460914632704502,-0.004172639761326224,0.0645310137604863,0.04250059525145655,0.01690266194553816,0.07187485330628543
zhen,45,Online-G vs HuaweiTSC,0.01,97.9475,695.2074004739331,666.6959256410253,dedup,dedup,0.8591103893122718,True,0.04101146623794738,0.01402989467451629,0.07919596529718115,mtme_Cross-QE-src,0.2524429558918884,0.966162403744368,0.03314364173282991,-0.0016066150433120534,0.07187005399337439,0.08018603633206645,0.043219924398722395,0.11761511270985256,0.061756895051501504,0.030644430410506334,0.1043601869217348,0.060426995426312025,0.03130732675801505,0.10722806840535005
zhen,45,Online-G vs HuaweiTSC,0.01,97.9475,695.2074004739331,666.6959256410253,dedup,dedup,0.8591103893122718,True,0.04101146623794738,0.01402989467451629,0.07919596529718115,mtme_HWTSC-TLM-src,0.055669401080041425,0.498241633134339,-0.0031040722442816637,-0.027317959160513428,0.01944202004229787,0.01270306579200886,-0.0034518133612854328,0.028464038066097708,0.01700452023812382,-0.004266925922909187,0.036622189748741214,-0.008861134158579809,-0.02005035313422555,0.0019753710909506186
zhen,45,Online-G vs HuaweiTSC,0.01,97.9475,695.2074004739331,666.6959256410253,dedup,dedup,0.8591103893122718,True,0.04101146623794738,0.01402989467451629,0.07919596529718115,mtme_HWTSC-Teacher-Sim-src,0.09261979987533044,0.3949247735620734,0.02256761467031676,-0.0009885556254514076,0.053286482841847026,0.011399542675761265,-0.009780521171018729,0.03403504371756682,0.011926925887939421,-0.009632768445223821,0.036035978952968145,0.008145275370772476,-0.00846563249361169,0.024609012312058323
zhen,45,Online-G vs HuaweiTSC,0.01,97.9475,695.2074004739331,666.6959256410253,dedup,dedup,0.8591103893122718,True,0.04101146623794738,0.01402989467451629,0.07919596529718115,mtme_KG-BERTScore-src,0.07022294369520637,0.679795467170797,-0.00736412042809742,-0.032566168063800305,0.012784438208120402,0.015157785709643323,-0.002933867445105309,0.037420585395205846,0.0055646173159685786,-0.015435238960051544,0.025423100218784096,0.004763318930276261,-0.011856610432184073,0.021786771679503245
zhen,45,Online-G vs HuaweiTSC,0.01,97.9475,695.2074004739331,666.6959256410253,dedup,dedup,0.8591103893122718,True,0.04101146623794738,0.01402989467451629,0.07919596529718115,mtme_MATESE-QE-src,0.15010270469954412,0.9351848265501388,-0.019028919789462417,-0.04380519743990622,0.006303375163302898,0.04114709174128883,0.014660285582239483,0.06964885876015878,0.029238143904178227,0.003460188814847342,0.05635722551651781,0.012493505079981926,-0.008662973333115203,0.037451984716476344
zhen,45,Online-G vs HuaweiTSC,0.01,97.9475,695.2074004739331,666.6959256410253,dedup,dedup,0.8591103893122718,True,0.04101146623794738,0.01402989467451629,0.07919596529718115,mtme_MATESE-refA,0.21037065478821532,0.9674894649743352,0.024071892039096543,-0.006815418911155835,0.05738676069300811,0.04114709174128883,0.01476457087382215,0.07154593426724139,0.021891167790872856,-0.0074590638468605515,0.04741107676768492,0.043177239254402866,0.016945745089020282,0.07933457331114611
zhen,45,Online-G vs HuaweiTSC,0.01,97.9475,695.2074004739331,666.6959256410253,dedup,dedup,0.8591103893122718,True,0.04101146623794738,0.01402989467451629,0.07919596529718115,mtme_MEE-refA,0.05210807245959975,0.8976609341086564,-0.011172371200277809,-0.0316009877554461,0.0026386091809934386,0.005073621670441786,-0.007906331436125319,0.019547434856481482,0.002081076394589987,-0.015307017390894795,0.016626211429525223,-0.0020005939507159454,-0.017219236248045947,0.014029576341611281
zhen,45,Online-G vs HuaweiTSC,0.01,97.9475,695.2074004739331,666.6959256410253,dedup,dedup,0.8591103893122718,True,0.04101146623794738,0.01402989467451629,0.07919596529718115,mtme_MEE2-refA,0.10670878721435373,0.9352238472927537,0.003432898244676963,-0.016721192316800432,0.02336689242589958,0.009652540069123305,-0.017031071612721983,0.028518352914001722,0.002808070775187743,-0.021895674479759236,0.02195067220807861,0.0024980462201324993,-0.015716185303011766,0.021504432062830058
zhen,45,Online-G vs HuaweiTSC,0.01,97.9475,695.2074004739331,666.6959256410253,dedup,dedup,0.8591103893122718,True,0.04101146623794738,0.01402989467451629,0.07919596529718115,mtme_MEE4-refA,0.13684756957200578,0.9593140488993936,0.008214435085477256,-0.014989717422025966,0.03259776262476958,0.02320002887740502,0.002816938702967864,0.047476312661239806,0.012380195113821157,-0.012524307713754661,0.033000159732218794,0.015931640198891706,-0.007207960614590185,0.03576793704456648
zhen,45,Online-G vs HuaweiTSC,0.01,97.9475,695.2074004739331,666.6959256410253,dedup,dedup,0.8591103893122718,True,0.04101146623794738,0.01402989467451629,0.07919596529718115,mtme_MS-COMET-22-refA,0.15846132932409568,0.98746083650136,-0.012229108741290906,-0.0443507876019512,0.013033060510933036,0.0077643655346761875,-0.014567051070107378,0.03426868708684379,0.011399542675761265,-0.012845744278020108,0.041934470673990455,0.028184629204757394,0.004305132084797492,0.058012099812890704
zhen,45,Online-G vs HuaweiTSC,0.01,97.9475,695.2074004739331,666.6959256410253,dedup,dedup,0.8591103893122718,True,0.04101146623794738,0.01402989467451629,0.07919596529718115,mtme_MS-COMET-QE-22-src,0.09821001536277518,0.9490970977882788,-0.012891875844361467,-0.04070133494079593,0.013966180882404587,0.0050005066258616004,-0.01577069681713214,0.02572050418501691,8.694714556189975e-05,-0.023257315188089787,0.022951017935714593,0.005634957188136225,-0.012286323369312773,0.02887825958691378
zhen,45,Online-G vs HuaweiTSC,0.01,97.9475,695.2074004739331,666.6959256410253,dedup,dedup,0.8591103893122718,True,0.04101146623794738,0.01402989467451629,0.07919596529718115,mtme_REUSE-src,-0.014965179421777244,-0.0713802384978524,-0.001191731514991634,-0.01883489606597428,0.020990185971138123,0.005395992548817952,-0.00786798546990654,0.01983252664302432,-0.0031040722442816637,-0.020182165751074344,0.012298805738706849,-0.0028914507691881752,-0.009943072689938182,0.003723143290704562
zhen,45,Online-G vs HuaweiTSC,0.01,97.9475,695.2074004739331,666.6959256410253,dedup,dedup,0.8591103893122718,True,0.04101146623794738,0.01402989467451629,0.07919596529718115,mtme_SEScore-refA,0.16155586942319505,0.93964771879046,-0.00043411908138768496,-0.0245438020231166,0.02643413250513688,0.02283811690095383,0.0007342155420488883,0.054715595934824494,0.013938820825783682,-0.008771150991393983,0.043264054554984936,0.026087970377740022,0.006068745122453016,0.047753614638231315
zhen,45,Online-G vs HuaweiTSC,0.01,97.9475,695.2074004739331,666.6959256410253,dedup,dedup,0.8591103893122718,True,0.04101146623794738,0.01402989467451629,0.07919596529718115,mtme_UniTE-ref-refA,0.2783555128964172,0.975743491343244,0.040480959804440775,0.004034722718419487,0.08919506135067808,0.06552424383535849,0.03192377425008539,0.10477240385512449,0.05797729662988771,0.029073942234556102,0.09332237602308029,0.058678566532389564,0.02919930627988175,0.09230457873866921
zhen,45,Online-G vs HuaweiTSC,0.01,97.9475,695.2074004739331,666.6959256410253,dedup,dedup,0.8591103893122718,True,0.04101146623794738,0.01402989467451629,0.07919596529718115,mtme_UniTE-refA,0.2797881247803067,0.9824419355235168,0.0374949214385496,-6.837135827015835e-05,0.08178133143062175,0.05848644658137714,0.02541437267526222,0.09471976288732757,0.05417070644711741,0.02190482500652048,0.08528183933260569,0.0641426695105266,0.0337235554660046,0.09888594553383036
zhen,45,Online-G vs HuaweiTSC,0.01,97.9475,695.2074004739331,666.6959256410253,dedup,dedup,0.8591103893122718,True,0.04101146623794738,0.01402989467451629,0.07919596529718115,mtme_UniTE-src-src,0.22341466557138429,0.9607040026515832,0.010903030676003289,-0.0179488240863717,0.04911938636973448,0.03481385581798535,0.008044174408147706,0.07272886698376116,0.03521529879860441,0.006677392457662941,0.07506011355899454,0.039597470267387136,0.0110898928178513,0.0749432330623018
zhen,45,Online-G vs HuaweiTSC,0.01,97.9475,695.2074004739331,666.6959256410253,dedup,dedup,0.8591103893122718,True,0.04101146623794738,0.01402989467451629,0.07919596529718115,mtme_YiSi-1-refA,0.1387559599759422,0.9604473082422414,-0.011503864040729672,-0.04340286417197478,0.01420741567111542,0.004532102116125425,-0.02267886792473802,0.030106113198243432,-0.006660678302447209,-0.03572337577530044,0.016153294575478816,0.007590028790989578,-0.013564310404615991,0.03192362394540534
zhen,45,Online-G vs HuaweiTSC,0.01,97.9475,695.2074004739331,666.6959256410253,dedup,dedup,0.8591103893122718,True,0.04101146623794738,0.01402989467451629,0.07919596529718115,mtme_chrF-refA,0.07585937758595523,0.9157360845392822,-0.010485707459341853,-0.03378409228919059,0.00792005945320827,0.003432898244676963,-0.012823709902482494,0.020640537380720355,0.002875052279917023,-0.016487098904855647,0.0202547412553984,-0.0021957068222830944,-0.016369868477454697,0.012857119399084595
zhen,45,Online-G vs HuaweiTSC,0.01,97.9475,695.2074004739331,666.6959256410253,dedup,dedup,0.8591103893122718,True,0.04101146623794738,0.01402989467451629,0.07919596529718115,mtme_f101spBLEU-refA,0.06372531148708147,0.8645720481576694,-0.0005927942845189715,-0.019926919928445898,0.01674478345665333,0.006846661501510254,-0.010243149101501259,0.02464775762936307,-0.002550449603152316,-0.019454696998157193,0.01220874320539029,0.002297656106663326,-0.011043121752211487,0.017889775608675853
zhen,45,Online-G vs HuaweiTSC,0.01,97.9475,695.2074004739331,666.6959256410253,dedup,dedup,0.8591103893122718,True,0.04101146623794738,0.01402989467451629,0.07919596529718115,mtme_f200spBLEU-refA,0.06614795864384114,0.8696321738056851,-0.006814013259104801,-0.02767533178456274,0.01100961595398212,0.0064920535352964714,-0.01048797435126657,0.02545839186257102,-0.004967752422341709,-0.022548435751890604,0.011208361872248083,0.004763318930276261,-0.010587935911354922,0.022906130282141463
zhen,45,Online-G vs HuaweiTSC,0.01,97.9475,695.2074004739331,666.6959256410253,dedup,dedup,0.8591103893122718,True,0.04101146623794738,0.01402989467451629,0.07919596529718115,mtme_metricx_xl_DA_2019-refA,0.2661533938309913,0.9937925634685278,0.028194061067573717,-0.00908020593119963,0.07161588002499067,0.05837227356195229,0.026326045254573563,0.09953743366204289,0.054718736940356894,0.019776548038796075,0.0990010048576431,0.06799565601470514,0.02867356554946974,0.11245320910637834
zhen,45,Online-G vs HuaweiTSC,0.01,97.9475,695.2074004739331,666.6959256410253,dedup,dedup,0.8591103893122718,True,0.04101146623794738,0.01402989467451629,0.07919596529718115,mtme_metricx_xl_MQM_2020-refA,0.2935701889111759,0.9880707146931909,0.07502470890038238,0.037773226208107184,0.11424780239814819,0.1161165973285937,0.07389757310238314,0.14674964866476126,0.08038963899209339,0.04414630702855848,0.12341621198003318,0.08742949130570388,0.04720769618591211,0.13462981862559809
zhen,45,Online-G vs HuaweiTSC,0.01,97.9475,695.2074004739331,666.6959256410253,dedup,dedup,0.8591103893122718,True,0.04101146623794738,0.01402989467451629,0.07919596529718115,mtme_metricx_xxl_DA_2019-refA,0.24605936056178002,0.9945880252964706,0.018669896957931087,-0.015048973280460875,0.05885397571873578,0.04337830396144415,0.011206883868851584,0.08819225369990401,0.04191242852320998,0.01159895417735706,0.08654214527838276,0.045855586123207726,0.015348415992428404,0.07572467109321288
zhen,45,Online-G vs HuaweiTSC,0.01,97.9475,695.2074004739331,666.6959256410253,dedup,dedup,0.8591103893122718,True,0.04101146623794738,0.01402989467451629,0.07919596529718115,mtme_metricx_xxl_MQM_2020-refA,0.27692507348859496,0.9848440687329651,0.03712407373635762,0.004287610499189924,0.07973539366055242,0.07900350050333149,0.03899510905788801,0.11498873928375666,0.07089231978961485,0.03186239991595727,0.11630558555783187,0.05622389936269123,0.028368537290277183,0.08575604154573811
zhen,45,Online-G vs HuaweiTSC,0.02,97.9475,277.27513999999985,269.5610316455695,weighted,weighted,0.646749795167356,True,0.027821132303567975,-0.008216199390519291,0.07649771987772952,mtme_BERTScore-refA,0.1402205406974165,0.9400920205176692,0.0030789642191658695,-0.02028974735461716,0.030214015707279617,0.015937526336606278,-0.009337916422965975,0.039062487788307836,0.011612117981608772,-0.01684887080052082,0.031459165127858554,0.01771712291694827,-0.008813641472652478,0.041044269385383705
zhen,45,Online-G vs HuaweiTSC,0.02,97.9475,277.27513999999985,269.5610316455695,weighted,weighted,0.646749795167356,True,0.027821132303567975,-0.008216199390519291,0.07649771987772952,mtme_BLEU-refA,0.04645729013728035,0.8293746844592913,-0.013032216737512758,-0.03555162403187415,0.0036185783993810477,-0.004425498861458044,-0.021327529646347182,0.006947191871992263,-0.006060264725953335,-0.027172914121727735,0.010456983250573454,-0.009767757601665483,-0.026155397348001118,0.0010170195880509032
zhen,45,Online-G vs HuaweiTSC,0.02,97.9475,277.27513999999985,269.5610316455695,weighted,weighted,0.646749795167356,True,0.027821132303567975,-0.008216199390519291,0.07649771987772952,mtme_BLEURT-20-refA,0.2178366557347788,0.9802219595565596,0.007091275893627791,-0.020642064994483393,0.03550968443627376,0.03410424142759638,0.0025275507993165985,0.06484600552804563,0.003357619475568674,-0.028427570178008912,0.028264597281578485,0.022783455041991196,-0.008362081033180351,0.05153560438081386
zhen,45,Online-G vs HuaweiTSC,0.02,97.9475,277.27513999999985,269.5610316455695,weighted,weighted,0.646749795167356,True,0.027821132303567975,-0.008216199390519291,0.07649771987772952,mtme_COMET-20-refA,0.17269565217899846,0.9752672183823412,0.004695164706302712,-0.01950148865151588,0.031404332264382974,0.02292765344497616,-0.004861726957636153,0.04383723915305763,0.0032524546669373544,-0.0261912327229315,0.02533638245548756,0.015044357598366531,-0.011680853673948971,0.036966554907023046
zhen,45,Online-G vs HuaweiTSC,0.02,97.9475,277.27513999999985,269.5610316455695,weighted,weighted,0.646749795167356,True,0.027821132303567975,-0.008216199390519291,0.07649771987772952,mtme_COMET-22-refA,0.26127541860401826,0.9866351677254928,0.023292390581938438,-0.009017337722753654,0.055765028231107454,0.04921331632670711,0.011080013953459734,0.0771639130977886,0.022026538165423104,-0.012728257396158998,0.0596918964821857,0.03373349214002519,0.0016728828736897164,0.058814267059311635
zhen,45,Online-G vs HuaweiTSC,0.02,97.9475,277.27513999999985,269.5610316455695,weighted,weighted,0.646749795167356,True,0.027821132303567975,-0.008216199390519291,0.07649771987772952,mtme_COMET-QE-src,0.17903447465770223,0.922900899652606,-0.005124787620604865,-0.03346832017976321,0.02420905664497416,0.01678238531919296,-0.0087487993264914,0.04510662745363854,0.001972636504756431,-0.02611635627158778,0.03714185937743401,0.0014627637320289155,-0.02735745438317164,0.029444939763864628
zhen,45,Online-G vs HuaweiTSC,0.02,97.9475,277.27513999999985,269.5610316455695,weighted,weighted,0.646749795167356,True,0.027821132303567975,-0.008216199390519291,0.07649771987772952,mtme_COMETKiwi-src,0.21348602477375322,0.959377087982424,0.007649220041124893,-0.02195111899065892,0.0378765851643171,0.025512529676489204,-0.00014537930772528515,0.05310051490094775,0.00443358312456954,-0.022769774133557887,0.035498962455279955,0.028938172013355468,0.0023636322144310693,0.060890276315710895
zhen,45,Online-G vs HuaweiTSC,0.02,97.9475,277.27513999999985,269.5610316455695,weighted,weighted,0.646749795167356,True,0.027821132303567975,-0.008216199390519291,0.07649771987772952,mtme_Cross-QE-src,0.2524429558918884,0.966162403744368,0.0041895377382596966,-0.026308871914602443,0.03352949522414803,0.03498055792549204,0.0046324155815661685,0.07108519128227184,0.01771712291694827,-0.01382014291295443,0.048253801420144495,0.01609363129979391,-0.01517816293684276,0.049538796903568806
zhen,45,Online-G vs HuaweiTSC,0.02,97.9475,277.27513999999985,269.5610316455695,weighted,weighted,0.646749795167356,True,0.027821132303567975,-0.008216199390519291,0.07649771987772952,mtme_HWTSC-TLM-src,0.055669401080041425,0.498241633134339,-0.02278024357502395,-0.04564194484583331,-0.00681095472318783,-0.0075822881170353185,-0.02592928308595444,0.006594674038568857,-0.016213851881570873,-0.04292752073729375,0.0021665272872044335,-0.00813936857390174,-0.024286449978325624,0.00305239002789478
zhen,45,Online-G vs HuaweiTSC,0.02,97.9475,277.27513999999985,269.5610316455695,weighted,weighted,0.646749795167356,True,0.027821132303567975,-0.008216199390519291,0.07649771987772952,mtme_HWTSC-Teacher-Sim-src,0.09261979987533044,0.3949247735620734,-0.024459647433165976,-0.054006181719804855,-0.005072140273256836,-0.006118685825812875,-0.026310113375797733,0.011021231336469955,-0.016446992828917928,-0.04113827373743895,0.004813912685795476,0.0031873679103763264,-0.013607058579745946,0.018483415782473332
zhen,45,Online-G vs HuaweiTSC,0.02,97.9475,277.27513999999985,269.5610316455695,weighted,weighted,0.646749795167356,True,0.027821132303567975,-0.008216199390519291,0.07649771987772952,mtme_KG-BERTScore-src,0.07022294369520637,0.679795467170797,-0.010880005464379394,-0.03261146022960891,0.010163913354357132,0.0059733363333847045,-0.008938116165035702,0.030045691532180244,-0.007182935259401946,-0.029299657944885316,0.010219084623239227,-0.0017294831928749144,-0.01889768300959529,0.013864237093633918
zhen,45,Online-G vs HuaweiTSC,0.02,97.9475,277.27513999999985,269.5610316455695,weighted,weighted,0.646749795167356,True,0.027821132303567975,-0.008216199390519291,0.07649771987772952,mtme_MATESE-QE-src,0.15010270469954412,0.9351848265501388,-0.016427254238793987,-0.044317041159655464,0.011072914879298304,0.013655992259244742,-0.013339583381885964,0.042638975263085965,-0.018428240028655507,-0.05789746791548246,0.004569908816752195,-0.0038753155912003567,-0.029819606833495854,0.01703840697696684
zhen,45,Online-G vs HuaweiTSC,0.02,97.9475,277.27513999999985,269.5610316455695,weighted,weighted,0.646749795167356,True,0.027821132303567975,-0.008216199390519291,0.07649771987772952,mtme_MATESE-refA,0.21037065478821532,0.9674894649743352,0.01024957524120973,-0.018370416460059557,0.04755742196190523,0.032516234363490715,-0.0011120156487826548,0.06674342134200417,0.015451572468151209,-0.01849128787024489,0.0433590131049458,0.02665076258074106,-0.0030080410049557567,0.059058221907545505
zhen,45,Online-G vs HuaweiTSC,0.02,97.9475,277.27513999999985,269.5610316455695,weighted,weighted,0.646749795167356,True,0.027821132303567975,-0.008216199390519291,0.07649771987772952,mtme_MEE-refA,0.05210807245959975,0.8976609341086564,-0.01514093568240793,-0.04014372740447595,0.0010595886799963541,-0.0038753155912003567,-0.023963800254548133,0.00970830587715558,-0.00972704787597145,-0.03061490779215589,0.004996376666269406,-0.005606873981643501,-0.022468807977575316,0.00639167147624798
zhen,45,Online-G vs HuaweiTSC,0.02,97.9475,277.27513999999985,269.5610316455695,weighted,weighted,0.646749795167356,True,0.027821132303567975,-0.008216199390519291,0.07649771987772952,mtme_MEE2-refA,0.10670878721435373,0.9352238472927537,-0.022340277886859106,-0.06557292492212419,-0.00493151338833468,0.004908800402878222,-0.021235895160855483,0.025500188159821954,-0.006307430917667611,-0.03910022984345829,0.013739114385876366,-5.3051631683231903e-05,-0.02320402587908448,0.017599158757154953
zhen,45,Online-G vs HuaweiTSC,0.02,97.9475,277.27513999999985,269.5610316455695,weighted,weighted,0.646749795167356,True,0.027821132303567975,-0.008216199390519291,0.07649771987772952,mtme_MEE4-refA,0.13684756957200578,0.9593140488993936,-0.010603008870217145,-0.04109464536300713,0.007841007289507701,0.004527362469933127,-0.021286237481717468,0.02200215747347287,-0.0008588502273942922,-0.0368454501492964,0.01741433058423173,0.008864770696785929,-0.014342772441830203,0.02792305448559605
zhen,45,Online-G vs HuaweiTSC,0.02,97.9475,277.27513999999985,269.5610316455695,weighted,weighted,0.646749795167356,True,0.027821132303567975,-0.008216199390519291,0.07649771987772952,mtme_MS-COMET-22-refA,0.15846132932409568,0.98746083650136,-3.558880292109379e-05,-0.03733028311846645,0.024190851772716786,0.035636528945593104,0.007844742839484976,0.06098382096212133,0.010443695984414414,-0.019894428772069032,0.036610469410610816,0.02077590810066432,-0.0051435932971327075,0.041426554448345615
zhen,45,Online-G vs HuaweiTSC,0.02,97.9475,277.27513999999985,269.5610316455695,weighted,weighted,0.646749795167356,True,0.027821132303567975,-0.008216199390519291,0.07649771987772952,mtme_MS-COMET-QE-22-src,0.09821001536277518,0.9490970977882788,0.0001123856934343026,-0.024703259034158157,0.02345862373482417,0.0253357974335926,0.0061040960362570874,0.047154365205280144,0.006149745144725882,-0.014136440003875806,0.028383665460976107,0.011798929638136668,-0.005896464290372932,0.03155817437252419
zhen,45,Online-G vs HuaweiTSC,0.02,97.9475,277.27513999999985,269.5610316455695,weighted,weighted,0.646749795167356,True,0.027821132303567975,-0.008216199390519291,0.07649771987772952,mtme_REUSE-src,-0.014965179421777244,-0.0713802384978524,-0.017082625402015994,-0.04024945284611207,-0.0019488158127370673,0.01000553773546664,-0.003323218078181666,0.024108543782842044,-0.005082346315258057,-0.02180846429146862,0.012176239177724575,-0.004453684479811315,-0.015217849636855707,0.001692482951276969
zhen,45,Online-G vs HuaweiTSC,0.02,97.9475,277.27513999999985,269.5610316455695,weighted,weighted,0.646749795167356,True,0.027821132303567975,-0.008216199390519291,0.07649771987772952,mtme_SEScore-refA,0.16155586942319505,0.93964771879046,-0.012469403034092164,-0.04963371870031229,0.011992856077151132,0.010212838412388181,-0.019868091446771357,0.03073443938174917,-0.005291900260407045,-0.04443025005329021,0.01737875826018711,0.007310628935486396,-0.020079053034607327,0.028714478266819565
zhen,45,Online-G vs HuaweiTSC,0.02,97.9475,277.27513999999985,269.5610316455695,weighted,weighted,0.646749795167356,True,0.027821132303567975,-0.008216199390519291,0.07649771987772952,mtme_UniTE-ref-refA,0.2783555128964172,0.975743491343244,0.04137469779573044,0.011587537675159406,0.07545462439933694,0.05894444369486873,0.021886769974259365,0.09073731981377878,0.03958121953944416,0.009287155637736242,0.07539615568821713,0.046048816301086704,0.013115661659451446,0.07783695823618049
zhen,45,Online-G vs HuaweiTSC,0.02,97.9475,277.27513999999985,269.5610316455695,weighted,weighted,0.646749795167356,True,0.027821132303567975,-0.008216199390519291,0.07649771987772952,mtme_UniTE-refA,0.2797881247803067,0.9824419355235168,0.024600910819061683,-0.0074652770823390386,0.06419167642829932,0.05244079697434556,0.01923533913834909,0.08364098295343755,0.03127887616713998,0.0012307063436885694,0.06386425717769142,0.04618067046882102,0.014046405684078533,0.07925967968486523
zhen,45,Online-G vs HuaweiTSC,0.02,97.9475,277.27513999999985,269.5610316455695,weighted,weighted,0.646749795167356,True,0.027821132303567975,-0.008216199390519291,0.07649771987772952,mtme_UniTE-src-src,0.22341466557138429,0.9607040026515832,0.024961339299552132,-0.0021553066253223556,0.05931341879761835,0.049017086300608526,0.01640789272400007,0.08115938854629552,0.025201896769562637,-0.004658800005226921,0.05945679648604009,0.02343582653467613,-0.006902382193009771,0.055399747457370314
zhen,45,Online-G vs HuaweiTSC,0.02,97.9475,277.27513999999985,269.5610316455695,weighted,weighted,0.646749795167356,True,0.027821132303567975,-0.008216199390519291,0.07649771987772952,mtme_YiSi-1-refA,0.1387559599759422,0.9604473082422414,0.0038362695902812716,-0.029807829887674064,0.027959081802378057,0.02678957607163246,-0.0006240758700928272,0.05174065761781593,0.013510803727049048,-0.013337244809074927,0.03556865067538046,0.013368147552972998,-0.011751734020130083,0.033674926634379966
zhen,45,Online-G vs HuaweiTSC,0.02,97.9475,277.27513999999985,269.5610316455695,weighted,weighted,0.646749795167356,True,0.027821132303567975,-0.008216199390519291,0.07649771987772952,mtme_chrF-refA,0.07585937758595523,0.9157360845392822,-0.005556998624752341,-0.026645606214594615,0.013394793932754771,0.009114024997722847,-0.008398598664526902,0.025862174543552812,-0.004453684479811315,-0.023308053094424047,0.016199994502337164,-0.005082346315258057,-0.022630535120451437,0.007612639447512682
zhen,45,Online-G vs HuaweiTSC,0.02,97.9475,277.27513999999985,269.5610316455695,weighted,weighted,0.646749795167356,True,0.027821132303567975,-0.008216199390519291,0.07649771987772952,mtme_f101spBLEU-refA,0.06372531148708147,0.8645720481576694,-0.020170230365982977,-0.04296244930084365,-0.004598361436382797,0.0036960589506180863,-0.013635124801894726,0.016108591214443524,-0.005556998624752341,-0.025862646495121242,0.009326978033115609,-0.006242141734950302,-0.024542657038319107,0.005630579741302886
zhen,45,Online-G vs HuaweiTSC,0.02,97.9475,277.27513999999985,269.5610316455695,weighted,weighted,0.646749795167356,True,0.027821132303567975,-0.008216199390519291,0.07649771987772952,mtme_f200spBLEU-refA,0.06614795864384114,0.8696321738056851,-0.010111640998833105,-0.0323595007026996,0.005104528183800278,-0.0028471042336692953,-0.019991514966295736,0.00984005681712791,-0.007105967844744043,-0.027549610556159124,0.007411253225309742,-0.008332988000983477,-0.02933815189105916,0.002896852641663973
zhen,45,Online-G vs HuaweiTSC,0.02,97.9475,277.27513999999985,269.5610316455695,weighted,weighted,0.646749795167356,True,0.027821132303567975,-0.008216199390519291,0.07649771987772952,mtme_metricx_xl_DA_2019-refA,0.2661533938309913,0.9937925634685278,0.003975151219141937,-0.03353141811168772,0.029143134146759272,0.05086542936868965,0.011110644049463126,0.07821550118128634,0.026392656246114643,-0.007655070797456247,0.056078703152828306,0.038047665668126784,0.005604436056551913,0.06362442424455762
zhen,45,Online-G vs HuaweiTSC,0.02,97.9475,277.27513999999985,269.5610316455695,weighted,weighted,0.646749795167356,True,0.027821132303567975,-0.008216199390519291,0.07649771987772952,mtme_metricx_xl_MQM_2020-refA,0.2935701889111759,0.9880707146931909,0.024097774615331247,-0.005315887230271813,0.05635210804339014,0.05420608694639728,0.01264417787426061,0.08523621020973998,0.04171672913595126,0.0021832824779696317,0.07435099440474366,0.04275336521847006,0.00326543918286383,0.07566473640729698
zhen,45,Online-G vs HuaweiTSC,0.02,97.9475,277.27513999999985,269.5610316455695,weighted,weighted,0.646749795167356,True,0.027821132303567975,-0.008216199390519291,0.07649771987772952,mtme_metricx_xxl_DA_2019-refA,0.24605936056178002,0.9945880252964706,-0.0019195939884739666,-0.03544377908656727,0.023645872200053975,0.0419016230410707,0.008016313223613574,0.07338942362282401,0.014246909585281298,-0.021786490166360976,0.040128119115441056,0.03428275034383432,0.0026136652523248015,0.06445939441011792
zhen,45,Online-G vs HuaweiTSC,0.02,97.9475,277.27513999999985,269.5610316455695,weighted,weighted,0.646749795167356,True,0.027821132303567975,-0.008216199390519291,0.07649771987772952,mtme_metricx_xxl_MQM_2020-refA,0.27692507348859496,0.9848440687329651,0.030055659207318564,-0.0026782653442263813,0.0674991091789299,0.06284417694191424,0.018732694652740623,0.0996379351382501,0.03256602629831162,-0.0018376551637218127,0.06704194985593262,0.04955722461986922,0.012628596485404507,0.08671049790384136
