lp,pair,menu,eps,pilot_cost,J_uniform,J_best,best_fixed,base,post_share,informative,save,save_lo,save_hi,judge,rho,sys_r,pilot,pilot_lo,pilot_hi,refit,refit_lo,refit_hi,xfit,xfit_lo,xfit_hi,oracle,oracle_lo,oracle_hi
ende,01,Online-W vs Online-B,0.01,92.80666666666667,112.46000000000006,112.1266666666667,dedup,dedup,0.1747584326278978,False,0.002964016835615979,-0.000478186178697204,0.00657367785433225,mtme_BERTScore-refA,0.1470533762987999,0.906706577010188,0.0,-0.006511372213621924,0.0,0.0,0.0,0.0,0.0,-0.008198925815551804,0.0,0.0,-0.002959945479479763,0.0
ende,01,Online-W vs Online-B,0.01,92.80666666666667,112.46000000000006,112.1266666666667,dedup,dedup,0.1747584326278978,False,0.002964016835615979,-0.000478186178697204,0.00657367785433225,mtme_BLEU-refA,0.10599163678960473,0.8634063310084908,0.0,0.0,0.0,0.0,0.0,0.0,0.0,0.0,0.0,0.0,-0.018514201195263775,0.0
ende,01,Online-W vs Online-B,0.01,92.80666666666667,112.46000000000006,112.1266666666667,dedup,dedup,0.1747584326278978,False,0.002964016835615979,-0.000478186178697204,0.00657367785433225,mtme_BLEURT-20-refA,0.34732768824607907,0.977419310947295,0.0,0.0,0.0,0.0,0.0,0.0,0.0,0.0,0.0,0.0,0.0,0.0
ende,01,Online-W vs Online-B,0.01,92.80666666666667,112.46000000000006,112.1266666666667,dedup,dedup,0.1747584326278978,False,0.002964016835615979,-0.000478186178697204,0.00657367785433225,mtme_COMET-20-refA,0.2719361953327548,0.9858264490713564,0.0,0.0,0.0,0.0,0.0,0.0,0.0,0.0,0.0,0.0,-0.007544155189877762,0.0
ende,01,Online-W vs Online-B,0.01,92.80666666666667,112.46000000000006,112.1266666666667,dedup,dedup,0.1747584326278978,False,0.002964016835615979,-0.000478186178697204,0.00657367785433225,mtme_COMET-22-refA,0.36067712854335826,0.9524733537563392,0.0,-2.886579864025393e-16,0.0,0.0,0.0,0.0,0.0,-1.1102230246251329e-17,0.0,0.0,0.0,0.0
ende,01,Online-W vs Online-B,0.01,92.80666666666667,112.46000000000006,112.1266666666667,dedup,dedup,0.1747584326278978,False,0.002964016835615979,-0.000478186178697204,0.00657367785433225,mtme_COMET-QE-src,0.24010900713847172,0.8324986400919704,0.0,0.0,0.0,0.0,0.0,0.0,0.0,0.0,0.0,0.0,0.0,0.0
ende,01,Online-W vs Online-B,0.01,92.80666666666667,112.46000000000006,112.1266666666667,dedup,dedup,0.1747584326278978,False,0.002964016835615979,-0.000478186178697204,0.00657367785433225,mtme_COMETKiwi-src,0.21829218956679303,0.9226539774777828,0.0,0.0,0.0,0.0,0.0,0.0,0.0,0.0,0.0,0.0,-0.03828369508096583,0.0
ende,01,Online-W vs Online-B,0.01,92.80666666666667,112.46000000000006,112.1266666666667,dedup,dedup,0.1747584326278978,False,0.002964016835615979,-0.000478186178697204,0.00657367785433225,mtme_Cross-QE-src,0.25626535558566943,0.9403569774408737,0.0,-0.0071047131707163485,0.0,0.0,0.0,0.0,0.0,-0.015233329314644444,0.0,0.0,-0.1250609576400101,0.0
ende,01,Online-W vs Online-B,0.01,92.80666666666667,112.46000000000006,112.1266666666667,dedup,dedup,0.1747584326278978,False,0.002964016835615979,-0.000478186178697204,0.00657367785433225,mtme_HWTSC-TLM-src,0.10205218374350847,0.7686262691697412,0.0,0.0,0.0,0.0,0.0,0.0,0.0,0.0,0.0,0.0,0.0,0.0
ende,01,Online-W vs Online-B,0.01,92.80666666666667,112.46000000000006,112.1266666666667,dedup,dedup,0.1747584326278978,False,0.002964016835615979,-0.000478186178697204,0.00657367785433225,mtme_HWTSC-Teacher-Sim-src,0.0957156294395384,0.6922672434936012,0.0,0.0,0.0,0.0,0.0,0.0,0.0,0.0,0.0,0.0,0.0,0.0
ende,01,Online-W vs Online-B,0.01,92.80666666666667,112.46000000000006,112.1266666666667,dedup,dedup,0.1747584326278978,False,0.002964016835615979,-0.000478186178697204,0.00657367785433225,mtme_KG-BERTScore-src,0.05945862269663332,0.6378374846052578,0.0,0.0,0.0,0.0,0.0,0.0,0.0,0.0,0.0,0.0,0.0,0.0
ende,01,Online-W vs Online-B,0.01,92.80666666666667,112.46000000000006,112.1266666666667,dedup,dedup,0.1747584326278978,False,0.002964016835615979,-0.000478186178697204,0.00657367785433225,mtme_MATESE-QE-src,0.10649140481050731,0.7648995070123706,0.0,0.0,0.0,0.0,0.0,0.0,0.0,0.0,0.0,0.0,0.0,0.0
ende,01,Online-W vs Online-B,0.01,92.80666666666667,112.46000000000006,112.1266666666667,dedup,dedup,0.1747584326278978,False,0.002964016835615979,-0.000478186178697204,0.00657367785433225,mtme_MATESE-refA,0.24775125215560406,0.9246232659550914,0.0,0.0,0.0,0.0,0.0,0.0,0.0,0.0,0.0,0.0,-4.829470157119423e-16,0.0
ende,01,Online-W vs Online-B,0.01,92.80666666666667,112.46000000000006,112.1266666666667,dedup,dedup,0.1747584326278978,False,0.002964016835615979,-0.000478186178697204,0.00657367785433225,mtme_MEE-refA,0.137770642377544,0.8768362437607912,0.0,-0.012878077503253866,0.0,0.0,0.0,0.0,0.0,0.0,0.0,0.0,0.0,0.0
ende,01,Online-W vs Online-B,0.01,92.80666666666667,112.46000000000006,112.1266666666667,dedup,dedup,0.1747584326278978,False,0.002964016835615979,-0.000478186178697204,0.00657367785433225,mtme_MEE2-refA,0.15453907534497435,0.8910462707906135,0.0,-0.009738260939121317,0.0,0.0,0.0,0.0,0.0,-6.907749422341144e-05,0.0,0.0,0.0,0.0
ende,01,Online-W vs Online-B,0.01,92.80666666666667,112.46000000000006,112.1266666666667,dedup,dedup,0.1747584326278978,False,0.002964016835615979,-0.000478186178697204,0.00657367785433225,mtme_MEE4-refA,0.16727901738801967,0.89207408156182,0.0,-0.016192095267455346,0.0,0.0,0.0,0.0,0.0,-0.0031195581832162028,0.0,0.0,0.0,0.0
ende,01,Online-W vs Online-B,0.01,92.80666666666667,112.46000000000006,112.1266666666667,dedup,dedup,0.1747584326278978,False,0.002964016835615979,-0.000478186178697204,0.00657367785433225,mtme_MS-COMET-22-refA,0.16836612632109407,0.9163007970087684,0.0,-9.265410844494862e-05,0.0,0.0,0.0,0.0,0.0,-0.010105576382957086,0.0,0.0,0.0,0.0
ende,01,Online-W vs Online-B,0.01,92.80666666666667,112.46000000000006,112.1266666666667,dedup,dedup,0.1747584326278978,False,0.002964016835615979,-0.000478186178697204,0.00657367785433225,mtme_MS-COMET-QE-22-src,0.09062067330565862,0.7522191383266835,0.0,0.0,0.0,0.0,0.0,0.0,0.0,0.0,0.0,0.0,0.0,0.0
ende,01,Online-W vs Online-B,0.01,92.80666666666667,112.46000000000006,112.1266666666667,dedup,dedup,0.1747584326278978,False,0.002964016835615979,-0.000478186178697204,0.00657367785433225,mtme_REUSE-src,-0.12354444228398474,-0.7189752875124902,0.0,0.0,0.0,0.0,0.0,0.0,0.0,0.0,0.0,0.0,0.0,0.0
ende,01,Online-W vs Online-B,0.01,92.80666666666667,112.46000000000006,112.1266666666667,dedup,dedup,0.1747584326278978,False,0.002964016835615979,-0.000478186178697204,0.00657367785433225,mtme_SEScore-refA,0.2025710263445314,0.8627443368691673,0.0,0.0,0.0,0.0,0.0,0.0,0.0,-4.440892098500626e-16,0.0,0.0,0.0,0.0
ende,01,Online-W vs Online-B,0.01,92.80666666666667,112.46000000000006,112.1266666666667,dedup,dedup,0.1747584326278978,False,0.002964016835615979,-0.000478186178697204,0.00657367785433225,mtme_UniTE-ref-refA,0.3489975632469371,0.935537336231014,0.0,0.0,0.0,0.0,0.0,0.0,0.0,0.0,0.0,0.0,-0.02373378712230828,0.0
ende,01,Online-W vs Online-B,0.01,92.80666666666667,112.46000000000006,112.1266666666667,dedup,dedup,0.1747584326278978,False,0.002964016835615979,-0.000478186178697204,0.00657367785433225,mtme_UniTE-refA,0.330847749291863,0.934069874660218,0.0,-0.008119533483719516,0.0,0.0,0.0,0.0,0.0,-1.6653345369376993e-17,0.0,0.0,-0.0054569955254179835,0.0
ende,01,Online-W vs Online-B,0.01,92.80666666666667,112.46000000000006,112.1266666666667,dedup,dedup,0.1747584326278978,False,0.002964016835615979,-0.000478186178697204,0.00657367785433225,mtme_UniTE-src-src,0.23283934224668634,0.8781288793774996,0.0,-0.014653151562395128,0.0,0.0,0.0,0.0,0.0,-5.551115123125664e-18,0.0,0.0,0.0,0.0
ende,01,Online-W vs Online-B,0.01,92.80666666666667,112.46000000000006,112.1266666666667,dedup,dedup,0.1747584326278978,False,0.002964016835615979,-0.000478186178697204,0.00657367785433225,mtme_YiSi-1-refA,0.18817630286155987,0.9374352886959156,0.0,-0.026891011692697305,0.0,0.0,-0.005602969630921676,0.0,0.0,-0.02563830961883466,0.0,0.0,-0.015210907878073743,0.0
ende,01,Online-W vs Online-B,0.01,92.80666666666667,112.46000000000006,112.1266666666667,dedup,dedup,0.1747584326278978,False,0.002964016835615979,-0.000478186178697204,0.00657367785433225,mtme_chrF-refA,0.1647588361582765,0.913148721285636,0.0,-0.011829072393719506,0.0,0.0,0.0,0.0,0.0,-0.011162892327589479,0.0,0.0,0.0,0.0
ende,01,Online-W vs Online-B,0.01,92.80666666666667,112.46000000000006,112.1266666666667,dedup,dedup,0.1747584326278978,False,0.002964016835615979,-0.000478186178697204,0.00657367785433225,mtme_f101spBLEU-refA,0.12792359826637867,0.8322237271443311,0.0,0.0,0.0,0.0,0.0,0.0,0.0,0.0,0.0,0.0,-0.012697648082680299,0.0
ende,01,Online-W vs Online-B,0.01,92.80666666666667,112.46000000000006,112.1266666666667,dedup,dedup,0.1747584326278978,False,0.002964016835615979,-0.000478186178697204,0.00657367785433225,mtme_f200spBLEU-refA,0.14141450871448108,0.8109386629133486,0.0,-0.020233665213019544,0.0,0.0,0.0,0.0,0.0,-0.003981235269125203,0.0,0.0,-0.015817403549530526,0.0
ende,01,Online-W vs Online-B,0.01,92.80666666666667,112.46000000000006,112.1266666666667,dedup,dedup,0.1747584326278978,False,0.002964016835615979,-0.000478186178697204,0.00657367785433225,mtme_metricx_xl_DA_2019-refA,0.42482551498005805,0.9809205978427264,0.0,-0.007326193958520686,0.0,0.0,0.0,0.0,0.0,-0.00943830108850238,0.0,0.0,-2.2759572004815697e-16,0.0
ende,01,Online-W vs Online-B,0.01,92.80666666666667,112.46000000000006,112.1266666666667,dedup,dedup,0.1747584326278978,False,0.002964016835615979,-0.000478186178697204,0.00657367785433225,mtme_metricx_xl_MQM_2020-refA,0.4362155919334515,0.9616341585507984,0.0,0.0,0.0,0.0,0.0,0.0,0.0,0.0,0.0,0.0,-0.012241943592254211,0.0
ende,01,Online-W vs Online-B,0.01,92.80666666666667,112.46000000000006,112.1266666666667,dedup,dedup,0.1747584326278978,False,0.002964016835615979,-0.000478186178697204,0.00657367785433225,mtme_metricx_xxl_DA_2019-refA,0.41992750461772377,0.9781893317652096,0.0,0.0,0.0,0.0,0.0,0.0,0.0,0.0,0.0,0.0,-0.016809761145646883,0.0
ende,01,Online-W vs Online-B,0.01,92.80666666666667,112.46000000000006,112.1266666666667,dedup,dedup,0.1747584326278978,False,0.002964016835615979,-0.000478186178697204,0.00657367785433225,mtme_metricx_xxl_MQM_2020-refA,0.4549402789585786,0.9670998023955928,0.0,0.0,0.0,0.0,0.0,0.0,0.0,0.0,0.0,0.0,-0.01424431185569785,0.0
ende,01,Online-W vs Online-B,0.01,92.80666666666667,112.46000000000006,112.1266666666667,dedup,dedup,0.1747584326278978,False,0.002964016835615979,-0.000478186178697204,0.00657367785433225,comet22,0.30298341549238034,,0.0,0.0,0.0,0.0,0.0,0.0,0.0,0.0,0.0,0.0,-0.003981421140119051,0.0
ende,01,Online-W vs Online-B,0.01,92.80666666666667,112.46000000000006,112.1266666666667,dedup,dedup,0.1747584326278978,False,0.002964016835615979,-0.000478186178697204,0.00657367785433225,qwen3_8b,0.13241135930345954,,0.0,0.0,0.0,0.0,0.0,0.0,0.0,0.0,0.0,0.0,0.0,0.0
ende,01,Online-W vs Online-B,0.01,92.80666666666667,112.46000000000006,112.1266666666667,dedup,dedup,0.1747584326278978,False,0.002964016835615979,-0.000478186178697204,0.00657367785433225,mistral_7b,0.04250553035574536,,0.0,0.0,0.0,0.0,0.0,0.0,0.0,0.0,0.0,0.0,0.0,0.0
ende,01,Online-W vs Online-B,0.02,92.80666666666667,112.46000000000006,112.1266666666667,dedup,dedup,0.1747584326278978,False,0.002964016835615979,-0.000478186178697204,0.00657367785433225,mtme_BERTScore-refA,0.1470533762987999,0.906706577010188,0.0,0.0,0.0,0.0,0.0,0.0,0.0,0.0,0.0,0.0,0.0,0.0
ende,01,Online-W vs Online-B,0.02,92.80666666666667,112.46000000000006,112.1266666666667,dedup,dedup,0.1747584326278978,False,0.002964016835615979,-0.000478186178697204,0.00657367785433225,mtme_BLEU-refA,0.10599163678960473,0.8634063310084908,0.0,0.0,0.0,0.0,0.0,0.0,0.0,0.0,0.0,0.0,0.0,0.0
ende,01,Online-W vs Online-B,0.02,92.80666666666667,112.46000000000006,112.1266666666667,dedup,dedup,0.1747584326278978,False,0.002964016835615979,-0.000478186178697204,0.00657367785433225,mtme_BLEURT-20-refA,0.34732768824607907,0.977419310947295,0.0,0.0,0.0,0.0,0.0,0.0,0.0,0.0,0.0,0.0,0.0,0.0
ende,01,Online-W vs Online-B,0.02,92.80666666666667,112.46000000000006,112.1266666666667,dedup,dedup,0.1747584326278978,False,0.002964016835615979,-0.000478186178697204,0.00657367785433225,mtme_COMET-20-refA,0.2719361953327548,0.9858264490713564,0.0,0.0,0.0,0.0,0.0,0.0,0.0,0.0,0.0,0.0,0.0,0.0
ende,01,Online-W vs Online-B,0.02,92.80666666666667,112.46000000000006,112.1266666666667,dedup,dedup,0.1747584326278978,False,0.002964016835615979,-0.000478186178697204,0.00657367785433225,mtme_COMET-22-refA,0.36067712854335826,0.9524733537563392,0.0,0.0,0.0,0.0,0.0,0.0,0.0,0.0,0.0,0.0,0.0,0.0
ende,01,Online-W vs Online-B,0.02,92.80666666666667,112.46000000000006,112.1266666666667,dedup,dedup,0.1747584326278978,False,0.002964016835615979,-0.000478186178697204,0.00657367785433225,mtme_COMET-QE-src,0.24010900713847172,0.8324986400919704,0.0,0.0,0.0,0.0,0.0,0.0,0.0,0.0,0.0,0.0,0.0,0.0
ende,01,Online-W vs Online-B,0.02,92.80666666666667,112.46000000000006,112.1266666666667,dedup,dedup,0.1747584326278978,False,0.002964016835615979,-0.000478186178697204,0.00657367785433225,mtme_COMETKiwi-src,0.21829218956679303,0.9226539774777828,0.0,0.0,0.0,0.0,0.0,0.0,0.0,0.0,0.0,0.0,0.0,0.0
ende,01,Online-W vs Online-B,0.02,92.80666666666667,112.46000000000006,112.1266666666667,dedup,dedup,0.1747584326278978,False,0.002964016835615979,-0.000478186178697204,0.00657367785433225,mtme_Cross-QE-src,0.25626535558566943,0.9403569774408737,0.0,0.0,0.0,0.0,0.0,0.0,0.0,0.0,0.0,0.0,0.0,0.0
ende,01,Online-W vs Online-B,0.02,92.80666666666667,112.46000000000006,112.1266666666667,dedup,dedup,0.1747584326278978,False,0.002964016835615979,-0.000478186178697204,0.00657367785433225,mtme_HWTSC-TLM-src,0.10205218374350847,0.7686262691697412,0.0,0.0,0.0,0.0,0.0,0.0,0.0,0.0,0.0,0.0,0.0,0.0
ende,01,Online-W vs Online-B,0.02,92.80666666666667,112.46000000000006,112.1266666666667,dedup,dedup,0.1747584326278978,False,0.002964016835615979,-0.000478186178697204,0.00657367785433225,mtme_HWTSC-Teacher-Sim-src,0.0957156294395384,0.6922672434936012,0.0,0.0,0.0,0.0,0.0,0.0,0.0,0.0,0.0,0.0,0.0,0.0
ende,01,Online-W vs Online-B,0.02,92.80666666666667,112.46000000000006,112.1266666666667,dedup,dedup,0.1747584326278978,False,0.002964016835615979,-0.000478186178697204,0.00657367785433225,mtme_KG-BERTScore-src,0.05945862269663332,0.6378374846052578,0.0,0.0,0.0,0.0,0.0,0.0,0.0,0.0,0.0,0.0,0.0,0.0
ende,01,Online-W vs Online-B,0.02,92.80666666666667,112.46000000000006,112.1266666666667,dedup,dedup,0.1747584326278978,False,0.002964016835615979,-0.000478186178697204,0.00657367785433225,mtme_MATESE-QE-src,0.10649140481050731,0.7648995070123706,0.0,0.0,0.0,0.0,0.0,0.0,0.0,0.0,0.0,0.0,0.0,0.0
ende,01,Online-W vs Online-B,0.02,92.80666666666667,112.46000000000006,112.1266666666667,dedup,dedup,0.1747584326278978,False,0.002964016835615979,-0.000478186178697204,0.00657367785433225,mtme_MATESE-refA,0.24775125215560406,0.9246232659550914,0.0,0.0,0.0,0.0,0.0,0.0,0.0,0.0,0.0,0.0,0.0,0.0
ende,01,Online-W vs Online-B,0.02,92.80666666666667,112.46000000000006,112.1266666666667,dedup,dedup,0.1747584326278978,False,0.002964016835615979,-0.000478186178697204,0.00657367785433225,mtme_MEE-refA,0.137770642377544,0.8768362437607912,0.0,0.0,0.0,0.0,0.0,0.0,0.0,0.0,0.0,0.0,0.0,0.0
ende,01,Online-W vs Online-B,0.02,92.80666666666667,112.46000000000006,112.1266666666667,dedup,dedup,0.1747584326278978,False,0.002964016835615979,-0.000478186178697204,0.00657367785433225,mtme_MEE2-refA,0.15453907534497435,0.8910462707906135,0.0,0.0,0.0,0.0,0.0,0.0,0.0,0.0,0.0,0.0,0.0,0.0
ende,01,Online-W vs Online-B,0.02,92.80666666666667,112.46000000000006,112.1266666666667,dedup,dedup,0.1747584326278978,False,0.002964016835615979,-0.000478186178697204,0.00657367785433225,mtme_MEE4-refA,0.16727901738801967,0.89207408156182,0.0,0.0,0.0,0.0,0.0,0.0,0.0,0.0,0.0,0.0,0.0,0.0
ende,01,Online-W vs Online-B,0.02,92.80666666666667,112.46000000000006,112.1266666666667,dedup,dedup,0.1747584326278978,False,0.002964016835615979,-0.000478186178697204,0.00657367785433225,mtme_MS-COMET-22-refA,0.16836612632109407,0.9163007970087684,0.0,0.0,0.0,0.0,0.0,0.0,0.0,0.0,0.0,0.0,0.0,0.0
ende,01,Online-W vs Online-B,0.02,92.80666666666667,112.46000000000006,112.1266666666667,dedup,dedup,0.1747584326278978,False,0.002964016835615979,-0.000478186178697204,0.00657367785433225,mtme_MS-COMET-QE-22-src,0.09062067330565862,0.7522191383266835,0.0,0.0,0.0,0.0,0.0,0.0,0.0,0.0,0.0,0.0,0.0,0.0
ende,01,Online-W vs Online-B,0.02,92.80666666666667,112.46000000000006,112.1266666666667,dedup,dedup,0.1747584326278978,False,0.002964016835615979,-0.000478186178697204,0.00657367785433225,mtme_REUSE-src,-0.12354444228398474,-0.7189752875124902,0.0,0.0,0.0,0.0,0.0,0.0,0.0,0.0,0.0,0.0,0.0,0.0
ende,01,Online-W vs Online-B,0.02,92.80666666666667,112.46000000000006,112.1266666666667,dedup,dedup,0.1747584326278978,False,0.002964016835615979,-0.000478186178697204,0.00657367785433225,mtme_SEScore-refA,0.2025710263445314,0.8627443368691673,0.0,0.0,0.0,0.0,0.0,0.0,0.0,0.0,0.0,0.0,0.0,0.0
ende,01,Online-W vs Online-B,0.02,92.80666666666667,112.46000000000006,112.1266666666667,dedup,dedup,0.1747584326278978,False,0.002964016835615979,-0.000478186178697204,0.00657367785433225,mtme_UniTE-ref-refA,0.3489975632469371,0.935537336231014,0.0,0.0,0.0,0.0,0.0,0.0,0.0,0.0,0.0,0.0,0.0,0.0
ende,01,Online-W vs Online-B,0.02,92.80666666666667,112.46000000000006,112.1266666666667,dedup,dedup,0.1747584326278978,False,0.002964016835615979,-0.000478186178697204,0.00657367785433225,mtme_UniTE-refA,0.330847749291863,0.934069874660218,0.0,0.0,0.0,0.0,0.0,0.0,0.0,0.0,0.0,0.0,0.0,0.0
ende,01,Online-W vs Online-B,0.02,92.80666666666667,112.46000000000006,112.1266666666667,dedup,dedup,0.1747584326278978,False,0.002964016835615979,-0.000478186178697204,0.00657367785433225,mtme_UniTE-src-src,0.23283934224668634,0.8781288793774996,0.0,0.0,0.0,0.0,0.0,0.0,0.0,0.0,0.0,0.0,0.0,0.0
ende,01,Online-W vs Online-B,0.02,92.80666666666667,112.46000000000006,112.1266666666667,dedup,dedup,0.1747584326278978,False,0.002964016835615979,-0.000478186178697204,0.00657367785433225,mtme_YiSi-1-refA,0.18817630286155987,0.9374352886959156,0.0,0.0,0.0,0.0,0.0,0.0,0.0,0.0,0.0,0.0,0.0,0.0
ende,01,Online-W vs Online-B,0.02,92.80666666666667,112.46000000000006,112.1266666666667,dedup,dedup,0.1747584326278978,False,0.002964016835615979,-0.000478186178697204,0.00657367785433225,mtme_chrF-refA,0.1647588361582765,0.913148721285636,0.0,0.0,0.0,0.0,0.0,0.0,0.0,0.0,0.0,0.0,0.0,0.0
ende,01,Online-W vs Online-B,0.02,92.80666666666667,112.46000000000006,112.1266666666667,dedup,dedup,0.1747584326278978,False,0.002964016835615979,-0.000478186178697204,0.00657367785433225,mtme_f101spBLEU-refA,0.12792359826637867,0.8322237271443311,0.0,0.0,0.0,0.0,0.0,0.0,0.0,0.0,0.0,0.0,0.0,0.0
ende,01,Online-W vs Online-B,0.02,92.80666666666667,112.46000000000006,112.1266666666667,dedup,dedup,0.1747584326278978,False,0.002964016835615979,-0.000478186178697204,0.00657367785433225,mtme_f200spBLEU-refA,0.14141450871448108,0.8109386629133486,0.0,0.0,0.0,0.0,0.0,0.0,0.0,0.0,0.0,0.0,0.0,0.0
ende,01,Online-W vs Online-B,0.02,92.80666666666667,112.46000000000006,112.1266666666667,dedup,dedup,0.1747584326278978,False,0.002964016835615979,-0.000478186178697204,0.00657367785433225,mtme_metricx_xl_DA_2019-refA,0.42482551498005805,0.9809205978427264,0.0,0.0,0.0,0.0,0.0,0.0,0.0,0.0,0.0,0.0,0.0,0.0
ende,01,Online-W vs Online-B,0.02,92.80666666666667,112.46000000000006,112.1266666666667,dedup,dedup,0.1747584326278978,False,0.002964016835615979,-0.000478186178697204,0.00657367785433225,mtme_metricx_xl_MQM_2020-refA,0.4362155919334515,0.9616341585507984,0.0,0.0,0.0,0.0,0.0,0.0,0.0,0.0,0.0,0.0,0.0,0.0
ende,01,Online-W vs Online-B,0.02,92.80666666666667,112.46000000000006,112.1266666666667,dedup,dedup,0.1747584326278978,False,0.002964016835615979,-0.000478186178697204,0.00657367785433225,mtme_metricx_xxl_DA_2019-refA,0.41992750461772377,0.9781893317652096,0.0,0.0,0.0,0.0,0.0,0.0,0.0,0.0,0.0,0.0,0.0,0.0
ende,01,Online-W vs Online-B,0.02,92.80666666666667,112.46000000000006,112.1266666666667,dedup,dedup,0.1747584326278978,False,0.002964016835615979,-0.000478186178697204,0.00657367785433225,mtme_metricx_xxl_MQM_2020-refA,0.4549402789585786,0.9670998023955928,0.0,0.0,0.0,0.0,0.0,0.0,0.0,0.0,0.0,0.0,0.0,0.0
ende,01,Online-W vs Online-B,0.02,92.80666666666667,112.46000000000006,112.1266666666667,dedup,dedup,0.1747584326278978,False,0.002964016835615979,-0.000478186178697204,0.00657367785433225,comet22,0.30298341549238034,,0.0,0.0,0.0,0.0,0.0,0.0,0.0,0.0,0.0,0.0,0.0,0.0
ende,01,Online-W vs Online-B,0.02,92.80666666666667,112.46000000000006,112.1266666666667,dedup,dedup,0.1747584326278978,False,0.002964016835615979,-0.000478186178697204,0.00657367785433225,qwen3_8b,0.13241135930345954,,0.0,0.0,0.0,0.0,0.0,0.0,0.0,0.0,0.0,0.0,0.0,0.0
ende,01,Online-W vs Online-B,0.02,92.80666666666667,112.46000000000006,112.1266666666667,dedup,dedup,0.1747584326278978,False,0.002964016835615979,-0.000478186178697204,0.00657367785433225,mistral_7b,0.04250553035574536,,0.0,0.0,0.0,0.0,0.0,0.0,0.0,0.0,0.0,0.0,0.0,0.0
ende,02,Online-W vs JDExploreAcademy,0.01,92.78666666666666,112.44000000000004,112.12000000000005,dedup,dedup,0.17478951737222848,False,0.0028459622909995375,-0.001124312695135876,0.006509608310638978,mtme_BERTScore-refA,0.15858521220126642,0.906706577010188,0.0,-0.012990719502466561,0.0,0.0,-0.0031183413244061857,0.0,0.0,-0.014398784267149311,0.0,0.0,-0.01757350575466039,0.0
ende,02,Online-W vs JDExploreAcademy,0.01,92.78666666666666,112.44000000000004,112.12000000000005,dedup,dedup,0.17478951737222848,False,0.0028459622909995375,-0.001124312695135876,0.006509608310638978,mtme_BLEU-refA,0.11025493696126727,0.8634063310084908,0.0,-0.010072411599818306,0.0,0.0,0.0,0.0,0.0,-0.011603173656585159,0.0,0.0,-0.008428277678370937,2.2498132508285815e-05
ende,02,Online-W vs JDExploreAcademy,0.01,92.78666666666666,112.44000000000004,112.12000000000005,dedup,dedup,0.17478951737222848,False,0.0028459622909995375,-0.001124312695135876,0.006509608310638978,mtme_BLEURT-20-refA,0.37779650449598534,0.977419310947295,-6.661338147750939e-16,-0.0384006297350414,0.0,0.0,-0.014907230774159922,0.0,0.0,-0.042648412109054866,0.0,0.0,-0.027306069192195644,0.0
ende,02,Online-W vs JDExploreAcademy,0.01,92.78666666666666,112.44000000000004,112.12000000000005,dedup,dedup,0.17478951737222848,False,0.0028459622909995375,-0.001124312695135876,0.006509608310638978,mtme_COMET-20-refA,0.26252033449216144,0.9858264490713564,0.0,-0.04538595558093575,0.0,0.0,-0.00612423688556477,0.0,0.0,-0.00021658610082239774,0.0,0.0,-0.01837947786721356,0.0
ende,02,Online-W vs JDExploreAcademy,0.01,92.78666666666666,112.44000000000004,112.12000000000005,dedup,dedup,0.17478951737222848,False,0.0028459622909995375,-0.001124312695135876,0.006509608310638978,mtme_COMET-22-refA,0.41344434928446105,0.9524733537563392,0.0,-0.01955779189522253,0.0,0.0,0.0,0.0,0.0,-0.040020764047195165,0.0,0.0,-0.0246304684346009,0.0
ende,02,Online-W vs JDExploreAcademy,0.01,92.78666666666666,112.44000000000004,112.12000000000005,dedup,dedup,0.17478951737222848,False,0.0028459622909995375,-0.001124312695135876,0.006509608310638978,mtme_COMET-QE-src,0.22839943155835796,0.8324986400919704,0.0,-0.024995914920723544,0.0,0.0,-0.01712542544513878,0.0,0.0,-0.024997414877611233,0.0,0.0,-0.003296191510691576,0.0024418792195813883
ende,02,Online-W vs JDExploreAcademy,0.01,92.78666666666666,112.44000000000004,112.12000000000005,dedup,dedup,0.17478951737222848,False,0.0028459622909995375,-0.001124312695135876,0.006509608310638978,mtme_COMETKiwi-src,0.2931955124868648,0.9226539774777828,0.0,-0.10815019856508527,0.0,0.0,-2.4424906541753397e-16,0.0,0.0,-0.09324472645693842,0.0,0.0,-0.03579064099139948,0.0
ende,02,Online-W vs JDExploreAcademy,0.01,92.78666666666666,112.44000000000004,112.12000000000005,dedup,dedup,0.17478951737222848,False,0.0028459622909995375,-0.001124312695135876,0.006509608310638978,mtme_Cross-QE-src,0.26022266936186433,0.9403569774408737,0.0,-0.037974739329241836,0.0,0.0,-0.0036399756494674084,0.0,0.0,-0.039100176045678045,0.0,0.0,-0.01688111186374036,0.003796622938526231
ende,02,Online-W vs JDExploreAcademy,0.01,92.78666666666666,112.44000000000004,112.12000000000005,dedup,dedup,0.17478951737222848,False,0.0028459622909995375,-0.001124312695135876,0.006509608310638978,mtme_HWTSC-TLM-src,0.11742126852145376,0.7686262691697412,0.0,-0.019802001370360648,0.0,0.0,-7.450274151779409e-05,0.0,0.0,-0.013700471383224382,0.0,0.0,-0.0033280266805900513,0.006539473986457803
ende,02,Online-W vs JDExploreAcademy,0.01,92.78666666666666,112.44000000000004,112.12000000000005,dedup,dedup,0.17478951737222848,False,0.0028459622909995375,-0.001124312695135876,0.006509608310638978,mtme_HWTSC-Teacher-Sim-src,0.15151718536976533,0.6922672434936012,0.0,0.0,0.0,0.0,0.0,0.0,0.0,0.0,0.0,0.0,0.0,0.010256691768201457
ende,02,Online-W vs JDExploreAcademy,0.01,92.78666666666666,112.44000000000004,112.12000000000005,dedup,dedup,0.17478951737222848,False,0.0028459622909995375,-0.001124312695135876,0.006509608310638978,mtme_KG-BERTScore-src,0.11830919726630786,0.6378374846052578,0.0,0.0,0.0,0.0,0.0,0.0,0.0,0.0,0.0,0.0,0.0,0.005895571934990926
ende,02,Online-W vs JDExploreAcademy,0.01,92.78666666666666,112.44000000000004,112.12000000000005,dedup,dedup,0.17478951737222848,False,0.0028459622909995375,-0.001124312695135876,0.006509608310638978,mtme_MATESE-QE-src,0.1477487881384793,0.7648995070123706,0.0,-0.006736894293938287,0.0,0.0,0.0,0.0,0.0,-0.00426129447448456,0.0,0.0,0.0,0.008524521644895323
ende,02,Online-W vs JDExploreAcademy,0.01,92.78666666666666,112.44000000000004,112.12000000000005,dedup,dedup,0.17478951737222848,False,0.0028459622909995375,-0.001124312695135876,0.006509608310638978,mtme_MATESE-refA,0.25253146929091286,0.9246232659550914,0.0,0.0,0.0,0.0,0.0,0.0,0.0,0.0,0.0,0.0,-0.019454943425350594,4.316190950142e-05
ende,02,Online-W vs JDExploreAcademy,0.01,92.78666666666666,112.44000000000004,112.12000000000005,dedup,dedup,0.17478951737222848,False,0.0028459622909995375,-0.001124312695135876,0.006509608310638978,mtme_MEE-refA,0.15225148037152497,0.8768362437607912,0.0,-0.019604480342487667,0.0,0.0,-0.0049509916763880385,0.0,0.0,-0.0160051343592149,0.0,0.0,-0.01174045163248113,8.326672684690567e-18
ende,02,Online-W vs JDExploreAcademy,0.01,92.78666666666666,112.44000000000004,112.12000000000005,dedup,dedup,0.17478951737222848,False,0.0028459622909995375,-0.001124312695135876,0.006509608310638978,mtme_MEE2-refA,0.1559623413406388,0.8910462707906135,0.0,-0.021750675904861842,0.0,0.0,-0.010597161112382968,0.0,0.0,-0.019857937249011692,0.0,0.0,-0.01678405824917779,0.0
ende,02,Online-W vs JDExploreAcademy,0.01,92.78666666666666,112.44000000000004,112.12000000000005,dedup,dedup,0.17478951737222848,False,0.0028459622909995375,-0.001124312695135876,0.006509608310638978,mtme_MEE4-refA,0.1730144032262542,0.89207408156182,0.0,-0.02181282223180482,0.0,0.0,-0.008690973826606696,0.0,0.0,-0.03330032489381358,0.0,0.0,-0.014815321960555764,0.0
ende,02,Online-W vs JDExploreAcademy,0.01,92.78666666666666,112.44000000000004,112.12000000000005,dedup,dedup,0.17478951737222848,False,0.0028459622909995375,-0.001124312695135876,0.006509608310638978,mtme_MS-COMET-22-refA,0.19297297211427245,0.9163007970087684,-1.3322676295501878e-15,-0.09182343199453337,0.0,0.0,-0.030974519364735505,0.0,0.0,-0.06392612787437972,0.0,0.0,-0.021588388818674614,0.0
ende,02,Online-W vs JDExploreAcademy,0.01,92.78666666666666,112.44000000000004,112.12000000000005,dedup,dedup,0.17478951737222848,False,0.0028459622909995375,-0.001124312695135876,0.006509608310638978,mtme_MS-COMET-QE-22-src,0.1652215783117916,0.7522191383266835,0.0,-0.0765596992328741,0.0,0.0,-6.250582440658214e-05,0.0,0.0,-0.07614511541541938,0.0,0.0,-0.004591989168542587,0.0024622848705760634
ende,02,Online-W vs JDExploreAcademy,0.01,92.78666666666666,112.44000000000004,112.12000000000005,dedup,dedup,0.17478951737222848,False,0.0028459622909995375,-0.001124312695135876,0.006509608310638978,mtme_REUSE-src,-0.13215555257605302,-0.7189752875124902,0.0,-0.0019560881166516384,0.0,0.0,0.0,0.0,0.0,0.0,0.0,0.0,0.0,0.0
ende,02,Online-W vs JDExploreAcademy,0.01,92.78666666666666,112.44000000000004,112.12000000000005,dedup,dedup,0.17478951737222848,False,0.0028459622909995375,-0.001124312695135876,0.006509608310638978,mtme_SEScore-refA,0.24961509404086807,0.8627443368691673,0.0,0.0,0.0,0.0,0.0,0.0,0.0,0.0,0.0,0.0,-0.012464210280070753,4.316190950109526e-05
ende,02,Online-W vs JDExploreAcademy,0.01,92.78666666666666,112.44000000000004,112.12000000000005,dedup,dedup,0.17478951737222848,False,0.0028459622909995375,-0.001124312695135876,0.006509608310638978,mtme_UniTE-ref-refA,0.38330601963807664,0.935537336231014,-0.0036893577742673767,-0.04999525088906645,0.0,0.0,-0.033750531324098956,0.0,0.0,-0.044239296988044116,0.0,0.0,-0.03957960487333292,0.0
ende,02,Online-W vs JDExploreAcademy,0.01,92.78666666666666,112.44000000000004,112.12000000000005,dedup,dedup,0.17478951737222848,False,0.0028459622909995375,-0.001124312695135876,0.006509608310638978,mtme_UniTE-refA,0.360087006568075,0.934069874660218,-0.0030990605303846674,-0.03776856995323966,0.0,0.0,-0.0328738781509085,0.0,0.0,-0.038893726997541574,0.0,-4.440892098500626e-16,-0.03459182449193067,0.0
ende,02,Online-W vs JDExploreAcademy,0.01,92.78666666666666,112.44000000000004,112.12000000000005,dedup,dedup,0.17478951737222848,False,0.0028459622909995375,-0.001124312695135876,0.006509608310638978,mtme_UniTE-src-src,0.29073838910893246,0.8781288793774996,0.0,-0.030492750909727657,0.0,0.0,0.0,0.0,0.0,-0.016438098373811518,0.0,0.0,0.0,0.006883549531615647
ende,02,Online-W vs JDExploreAcademy,0.01,92.78666666666666,112.44000000000004,112.12000000000005,dedup,dedup,0.17478951737222848,False,0.0028459622909995375,-0.001124312695135876,0.006509608310638978,mtme_YiSi-1-refA,0.20071161264861284,0.9374352886959156,0.0,-0.03673622829109291,0.0,0.0,-0.007353884643246577,0.0,0.0,-0.02497003632899747,0.0,0.0,-0.01632572354259033,0.0
ende,02,Online-W vs JDExploreAcademy,0.01,92.78666666666666,112.44000000000004,112.12000000000005,dedup,dedup,0.17478951737222848,False,0.0028459622909995375,-0.001124312695135876,0.006509608310638978,mtme_chrF-refA,0.15951601147302902,0.913148721285636,-0.003368544054765943,-0.03815732914599461,0.0,0.0,-0.011089432747582369,0.0,0.0,-0.03394084646311752,0.0,0.0,-0.02008300017216915,0.0
ende,02,Online-W vs JDExploreAcademy,0.01,92.78666666666666,112.44000000000004,112.12000000000005,dedup,dedup,0.17478951737222848,False,0.0028459622909995375,-0.001124312695135876,0.006509608310638978,mtme_f101spBLEU-refA,0.1391016350542807,0.8322237271443311,0.0,-0.023348537379678628,0.0,0.0,-0.00016364670918257647,0.0,0.0,-0.022156159888484423,0.0,0.0,-0.014596432027336969,0.0
ende,02,Online-W vs JDExploreAcademy,0.01,92.78666666666666,112.44000000000004,112.12000000000005,dedup,dedup,0.17478951737222848,False,0.0028459622909995375,-0.001124312695135876,0.006509608310638978,mtme_f200spBLEU-refA,0.15293500377136143,0.8109386629133486,0.0,-0.02201335758089266,0.0,0.0,-0.008012818061994442,0.0,0.0,-0.02187679173495914,0.0,0.0,-0.01309348481595589,0.0
ende,02,Online-W vs JDExploreAcademy,0.01,92.78666666666666,112.44000000000004,112.12000000000005,dedup,dedup,0.17478951737222848,False,0.0028459622909995375,-0.001124312695135876,0.006509608310638978,mtme_metricx_xl_DA_2019-refA,0.4299391726853724,0.9809205978427264,-0.007747651325960669,-0.031802464056988146,0.0,-4.440892098500626e-16,-0.025487906879455985,0.0,-4.440892098500626e-16,-0.02874549119809746,0.0,-0.005359032021228227,-0.02650267565070162,0.0
ende,02,Online-W vs JDExploreAcademy,0.01,92.78666666666666,112.44000000000004,112.12000000000005,dedup,dedup,0.17478951737222848,False,0.0028459622909995375,-0.001124312695135876,0.006509608310638978,mtme_metricx_xl_MQM_2020-refA,0.45034948196314506,0.9616341585507984,0.0,-0.02229499555948994,0.0,0.0,-0.0018465867234036758,0.0,0.0,-0.028858948263057113,0.0,-0.005782113496588304,-0.026954771710567486,0.0
ende,02,Online-W vs JDExploreAcademy,0.01,92.78666666666666,112.44000000000004,112.12000000000005,dedup,dedup,0.17478951737222848,False,0.0028459622909995375,-0.001124312695135876,0.006509608310638978,mtme_metricx_xxl_DA_2019-refA,0.4093058670307016,0.9781893317652096,0.0,-0.03315568915369707,0.0,0.0,-0.010970528213186151,0.0,-4.440892098500626e-16,-0.03675888334435856,0.0,0.0,-0.026124938570141625,8.326672684690567e-18
ende,02,Online-W vs JDExploreAcademy,0.01,92.78666666666666,112.44000000000004,112.12000000000005,dedup,dedup,0.17478951737222848,False,0.0028459622909995375,-0.001124312695135876,0.006509608310638978,mtme_metricx_xxl_MQM_2020-refA,0.41125357957067926,0.9670998023955928,0.0,-0.04028201413346875,0.0,0.0,-0.0059708820193610165,0.0,0.0,-0.06689109395996547,0.0,0.0,-0.017452872436675853,0.0017308688183684262
ende,02,Online-W vs JDExploreAcademy,0.01,92.78666666666666,112.44000000000004,112.12000000000005,dedup,dedup,0.17478951737222848,False,0.0028459622909995375,-0.001124312695135876,0.006509608310638978,comet22,0.34088455599011125,,0.0,-0.12467673998366775,0.0,0.0,-0.014028654960344205,0.0,0.0,-0.08361008243722443,0.0,0.0,-0.020553380711607106,1.7217480918339553e-05
ende,02,Online-W vs JDExploreAcademy,0.01,92.78666666666666,112.44000000000004,112.12000000000005,dedup,dedup,0.17478951737222848,False,0.0028459622909995375,-0.001124312695135876,0.006509608310638978,qwen3_8b,0.13974375901854927,,0.0,-0.014643122226545471,0.0,0.0,-0.008933590753700139,0.0,0.0,-2.220446049250313e-16,0.0,0.0,-0.00928928726579781,0.0
ende,02,Online-W vs JDExploreAcademy,0.01,92.78666666666666,112.44000000000004,112.12000000000005,dedup,dedup,0.17478951737222848,False,0.0028459622909995375,-0.001124312695135876,0.006509608310638978,mistral_7b,0.021185126852516358,,0.0,-0.004412992547806459,0.0,0.0,-0.0016966637856897831,0.0,0.0,-0.003984664887437344,0.0,0.0,0.0,0.004977405721646693
ende,02,Online-W vs JDExploreAcademy,0.02,92.78666666666666,112.44000000000004,112.12000000000005,dedup,dedup,0.17478951737222848,False,0.0028459622909995375,-0.0006526154414130236,0.006466299244038318,mtme_BERTScore-refA,0.15858521220126642,0.906706577010188,0.0,0.0,0.0,0.0,0.0,0.0,0.0,0.0,0.0,0.0,0.0,0.0
ende,02,Online-W vs JDExploreAcademy,0.02,92.78666666666666,112.44000000000004,112.12000000000005,dedup,dedup,0.17478951737222848,False,0.0028459622909995375,-0.0006526154414130236,0.006466299244038318,mtme_BLEU-refA,0.11025493696126727,0.8634063310084908,0.0,0.0,0.0,0.0,0.0,0.0,0.0,0.0,0.0,0.0,0.0,0.0
ende,02,Online-W vs JDExploreAcademy,0.02,92.78666666666666,112.44000000000004,112.12000000000005,dedup,dedup,0.17478951737222848,False,0.0028459622909995375,-0.0006526154414130236,0.006466299244038318,mtme_BLEURT-20-refA,0.37779650449598534,0.977419310947295,0.0,0.0,0.0,0.0,0.0,0.0,0.0,0.0,0.0,0.0,0.0,0.0
ende,02,Online-W vs JDExploreAcademy,0.02,92.78666666666666,112.44000000000004,112.12000000000005,dedup,dedup,0.17478951737222848,False,0.0028459622909995375,-0.0006526154414130236,0.006466299244038318,mtme_COMET-20-refA,0.26252033449216144,0.9858264490713564,0.0,0.0,0.0,0.0,0.0,0.0,0.0,0.0,0.0,0.0,0.0,0.0
ende,02,Online-W vs JDExploreAcademy,0.02,92.78666666666666,112.44000000000004,112.12000000000005,dedup,dedup,0.17478951737222848,False,0.0028459622909995375,-0.0006526154414130236,0.006466299244038318,mtme_COMET-22-refA,0.41344434928446105,0.9524733537563392,0.0,0.0,0.0,0.0,0.0,0.0,0.0,0.0,0.0,0.0,0.0,0.0
ende,02,Online-W vs JDExploreAcademy,0.02,92.78666666666666,112.44000000000004,112.12000000000005,dedup,dedup,0.17478951737222848,False,0.0028459622909995375,-0.0006526154414130236,0.006466299244038318,mtme_COMET-QE-src,0.22839943155835796,0.8324986400919704,0.0,0.0,0.0,0.0,0.0,0.0,0.0,0.0,0.0,0.0,0.0,0.0
ende,02,Online-W vs JDExploreAcademy,0.02,92.78666666666666,112.44000000000004,112.12000000000005,dedup,dedup,0.17478951737222848,False,0.0028459622909995375,-0.0006526154414130236,0.006466299244038318,mtme_COMETKiwi-src,0.2931955124868648,0.9226539774777828,0.0,0.0,0.0,0.0,0.0,0.0,0.0,0.0,0.0,0.0,0.0,0.0
ende,02,Online-W vs JDExploreAcademy,0.02,92.78666666666666,112.44000000000004,112.12000000000005,dedup,dedup,0.17478951737222848,False,0.0028459622909995375,-0.0006526154414130236,0.006466299244038318,mtme_Cross-QE-src,0.26022266936186433,0.9403569774408737,0.0,0.0,0.0,0.0,0.0,0.0,0.0,0.0,0.0,0.0,0.0,0.0
ende,02,Online-W vs JDExploreAcademy,0.02,92.78666666666666,112.44000000000004,112.12000000000005,dedup,dedup,0.17478951737222848,False,0.0028459622909995375,-0.0006526154414130236,0.006466299244038318,mtme_HWTSC-TLM-src,0.11742126852145376,0.7686262691697412,0.0,0.0,0.0,0.0,0.0,0.0,0.0,0.0,0.0,0.0,0.0,0.0
ende,02,Online-W vs JDExploreAcademy,0.02,92.78666666666666,112.44000000000004,112.12000000000005,dedup,dedup,0.17478951737222848,False,0.0028459622909995375,-0.0006526154414130236,0.006466299244038318,mtme_HWTSC-Teacher-Sim-src,0.15151718536976533,0.6922672434936012,0.0,0.0,0.0,0.0,0.0,0.0,0.0,0.0,0.0,0.0,0.0,0.0
ende,02,Online-W vs JDExploreAcademy,0.02,92.78666666666666,112.44000000000004,112.12000000000005,dedup,dedup,0.17478951737222848,False,0.0028459622909995375,-0.0006526154414130236,0.006466299244038318,mtme_KG-BERTScore-src,0.11830919726630786,0.6378374846052578,0.0,0.0,0.0,0.0,0.0,0.0,0.0,0.0,0.0,0.0,0.0,0.0
ende,02,Online-W vs JDExploreAcademy,0.02,92.78666666666666,112.44000000000004,112.12000000000005,dedup,dedup,0.17478951737222848,False,0.0028459622909995375,-0.0006526154414130236,0.006466299244038318,mtme_MATESE-QE-src,0.1477487881384793,0.7648995070123706,0.0,0.0,0.0,0.0,0.0,0.0,0.0,0.0,0.0,0.0,0.0,0.0
ende,02,Online-W vs JDExploreAcademy,0.02,92.78666666666666,112.44000000000004,112.12000000000005,dedup,dedup,0.17478951737222848,False,0.0028459622909995375,-0.0006526154414130236,0.006466299244038318,mtme_MATESE-refA,0.25253146929091286,0.9246232659550914,0.0,0.0,0.0,0.0,0.0,0.0,0.0,0.0,0.0,0.0,0.0,0.0
ende,02,Online-W vs JDExploreAcademy,0.02,92.78666666666666,112.44000000000004,112.12000000000005,dedup,dedup,0.17478951737222848,False,0.0028459622909995375,-0.0006526154414130236,0.006466299244038318,mtme_MEE-refA,0.15225148037152497,0.8768362437607912,0.0,0.0,0.0,0.0,0.0,0.0,0.0,0.0,0.0,0.0,0.0,0.0
ende,02,Online-W vs JDExploreAcademy,0.02,92.78666666666666,112.44000000000004,112.12000000000005,dedup,dedup,0.17478951737222848,False,0.0028459622909995375,-0.0006526154414130236,0.006466299244038318,mtme_MEE2-refA,0.1559623413406388,0.8910462707906135,0.0,0.0,0.0,0.0,0.0,0.0,0.0,0.0,0.0,0.0,0.0,0.0
ende,02,Online-W vs JDExploreAcademy,0.02,92.78666666666666,112.44000000000004,112.12000000000005,dedup,dedup,0.17478951737222848,False,0.0028459622909995375,-0.0006526154414130236,0.006466299244038318,mtme_MEE4-refA,0.1730144032262542,0.89207408156182,0.0,0.0,0.0,0.0,0.0,0.0,0.0,0.0,0.0,0.0,0.0,0.0
ende,02,Online-W vs JDExploreAcademy,0.02,92.78666666666666,112.44000000000004,112.12000000000005,dedup,dedup,0.17478951737222848,False,0.0028459622909995375,-0.0006526154414130236,0.006466299244038318,mtme_MS-COMET-22-refA,0.19297297211427245,0.9163007970087684,0.0,0.0,0.0,0.0,0.0,0.0,0.0,0.0,0.0,0.0,0.0,0.0
ende,02,Online-W vs JDExploreAcademy,0.02,92.78666666666666,112.44000000000004,112.12000000000005,dedup,dedup,0.17478951737222848,False,0.0028459622909995375,-0.0006526154414130236,0.006466299244038318,mtme_MS-COMET-QE-22-src,0.1652215783117916,0.7522191383266835,0.0,0.0,0.0,0.0,0.0,0.0,0.0,0.0,0.0,0.0,0.0,0.0
ende,02,Online-W vs JDExploreAcademy,0.02,92.78666666666666,112.44000000000004,112.12000000000005,dedup,dedup,0.17478951737222848,False,0.0028459622909995375,-0.0006526154414130236,0.006466299244038318,mtme_REUSE-src,-0.13215555257605302,-0.7189752875124902,0.0,0.0,0.0,0.0,0.0,0.0,0.0,0.0,0.0,0.0,0.0,0.0
ende,02,Online-W vs JDExploreAcademy,0.02,92.78666666666666,112.44000000000004,112.12000000000005,dedup,dedup,0.17478951737222848,False,0.0028459622909995375,-0.0006526154414130236,0.006466299244038318,mtme_SEScore-refA,0.24961509404086807,0.8627443368691673,0.0,0.0,0.0,0.0,0.0,0.0,0.0,0.0,0.0,0.0,0.0,0.0
ende,02,Online-W vs JDExploreAcademy,0.02,92.78666666666666,112.44000000000004,112.12000000000005,dedup,dedup,0.17478951737222848,False,0.0028459622909995375,-0.0006526154414130236,0.006466299244038318,mtme_UniTE-ref-refA,0.38330601963807664,0.935537336231014,0.0,0.0,0.0,0.0,0.0,0.0,0.0,0.0,0.0,0.0,0.0,0.0
ende,02,Online-W vs JDExploreAcademy,0.02,92.78666666666666,112.44000000000004,112.12000000000005,dedup,dedup,0.17478951737222848,False,0.0028459622909995375,-0.0006526154414130236,0.006466299244038318,mtme_UniTE-refA,0.360087006568075,0.934069874660218,0.0,0.0,0.0,0.0,0.0,0.0,0.0,0.0,0.0,0.0,0.0,0.0
ende,02,Online-W vs JDExploreAcademy,0.02,92.78666666666666,112.44000000000004,112.12000000000005,dedup,dedup,0.17478951737222848,False,0.0028459622909995375,-0.0006526154414130236,0.006466299244038318,mtme_UniTE-src-src,0.29073838910893246,0.8781288793774996,0.0,0.0,0.0,0.0,0.0,0.0,0.0,0.0,0.0,0.0,0.0,0.0
ende,02,Online-W vs JDExploreAcademy,0.02,92.78666666666666,112.44000000000004,112.12000000000005,dedup,dedup,0.17478951737222848,False,0.0028459622909995375,-0.0006526154414130236,0.006466299244038318,mtme_YiSi-1-refA,0.20071161264861284,0.9374352886959156,0.0,0.0,0.0,0.0,0.0,0.0,0.0,0.0,0.0,0.0,0.0,0.0
ende,02,Online-W vs JDExploreAcademy,0.02,92.78666666666666,112.44000000000004,112.12000000000005,dedup,dedup,0.17478951737222848,False,0.0028459622909995375,-0.0006526154414130236,0.006466299244038318,mtme_chrF-refA,0.15951601147302902,0.913148721285636,0.0,0.0,0.0,0.0,0.0,0.0,0.0,0.0,0.0,0.0,0.0,0.0
ende,02,Online-W vs JDExploreAcademy,0.02,92.78666666666666,112.44000000000004,112.12000000000005,dedup,dedup,0.17478951737222848,False,0.0028459622909995375,-0.0006526154414130236,0.006466299244038318,mtme_f101spBLEU-refA,0.1391016350542807,0.8322237271443311,0.0,0.0,0.0,0.0,0.0,0.0,0.0,0.0,0.0,0.0,0.0,0.0
ende,02,Online-W vs JDExploreAcademy,0.02,92.78666666666666,112.44000000000004,112.12000000000005,dedup,dedup,0.17478951737222848,False,0.0028459622909995375,-0.0006526154414130236,0.006466299244038318,mtme_f200spBLEU-refA,0.15293500377136143,0.8109386629133486,0.0,0.0,0.0,0.0,0.0,0.0,0.0,0.0,0.0,0.0,0.0,0.0
ende,02,Online-W vs JDExploreAcademy,0.02,92.78666666666666,112.44000000000004,112.12000000000005,dedup,dedup,0.17478951737222848,False,0.0028459622909995375,-0.0006526154414130236,0.006466299244038318,mtme_metricx_xl_DA_2019-refA,0.4299391726853724,0.9809205978427264,0.0,0.0,0.0,0.0,0.0,0.0,0.0,0.0,0.0,0.0,0.0,0.0
ende,02,Online-W vs JDExploreAcademy,0.02,92.78666666666666,112.44000000000004,112.12000000000005,dedup,dedup,0.17478951737222848,False,0.0028459622909995375,-0.0006526154414130236,0.006466299244038318,mtme_metricx_xl_MQM_2020-refA,0.45034948196314506,0.9616341585507984,0.0,0.0,0.0,0.0,0.0,0.0,0.0,0.0,0.0,0.0,0.0,0.0
ende,02,Online-W vs JDExploreAcademy,0.02,92.78666666666666,112.44000000000004,112.12000000000005,dedup,dedup,0.17478951737222848,False,0.0028459622909995375,-0.0006526154414130236,0.006466299244038318,mtme_metricx_xxl_DA_2019-refA,0.4093058670307016,0.9781893317652096,0.0,0.0,0.0,0.0,0.0,0.0,0.0,0.0,0.0,0.0,0.0,0.0
ende,02,Online-W vs JDExploreAcademy,0.02,92.78666666666666,112.44000000000004,112.12000000000005,dedup,dedup,0.17478951737222848,False,0.0028459622909995375,-0.0006526154414130236,0.006466299244038318,mtme_metricx_xxl_MQM_2020-refA,0.41125357957067926,0.9670998023955928,0.0,0.0,0.0,0.0,0.0,0.0,0.0,0.0,0.0,0.0,0.0,0.0
ende,02,Online-W vs JDExploreAcademy,0.02,92.78666666666666,112.44000000000004,112.12000000000005,dedup,dedup,0.17478951737222848,False,0.0028459622909995375,-0.0006526154414130236,0.006466299244038318,comet22,0.34088455599011125,,0.0,0.0,0.0,0.0,0.0,0.0,0.0,0.0,0.0,0.0,0.0,0.0
ende,02,Online-W vs JDExploreAcademy,0.02,92.78666666666666,112.44000000000004,112.12000000000005,dedup,dedup,0.17478951737222848,False,0.0028459622909995375,-0.0006526154414130236,0.006466299244038318,qwen3_8b,0.13974375901854927,,0.0,0.0,0.0,0.0,0.0,0.0,0.0,0.0,0.0,0.0,0.0,0.0
ende,02,Online-W vs JDExploreAcademy,0.02,92.78666666666666,112.44000000000004,112.12000000000005,dedup,dedup,0.17478951737222848,False,0.0028459622909995375,-0.0006526154414130236,0.006466299244038318,mistral_7b,0.021185126852516358,,0.0,0.0,0.0,0.0,0.0,0.0,0.0,0.0,0.0,0.0,0.0,0.0
ende,03,Online-W vs Online-A,0.01,93.17,112.82333333333341,112.55000000000003,dedup,dedup,0.17419564510887287,False,0.0024226667060600615,-0.0010054484812321684,0.005809113281175149,mtme_BERTScore-refA,0.17954364319009947,0.906706577010188,0.0,0.0,0.0,0.0,0.0,0.0,0.0,0.0,0.0,0.0,0.0,0.0
ende,03,Online-W vs Online-A,0.01,93.17,112.82333333333341,112.55000000000003,dedup,dedup,0.17419564510887287,False,0.0024226667060600615,-0.0010054484812321684,0.005809113281175149,mtme_BLEU-refA,0.1112182542993726,0.8634063310084908,0.0,0.0,0.0,0.0,0.0,0.0,0.0,0.0,0.0,0.0,0.0,0.0
ende,03,Online-W vs Online-A,0.01,93.17,112.82333333333341,112.55000000000003,dedup,dedup,0.17419564510887287,False,0.0024226667060600615,-0.0010054484812321684,0.005809113281175149,mtme_BLEURT-20-refA,0.3463799780362894,0.977419310947295,0.0,0.0,0.0,0.0,0.0,0.0,0.0,0.0,0.0,0.0,0.0,0.0
ende,03,Online-W vs Online-A,0.01,93.17,112.82333333333341,112.55000000000003,dedup,dedup,0.17419564510887287,False,0.0024226667060600615,-0.0010054484812321684,0.005809113281175149,mtme_COMET-20-refA,0.2855732612580404,0.9858264490713564,0.0,0.0,0.0,0.0,0.0,0.0,0.0,0.0,0.0,0.0,0.0,0.0
ende,03,Online-W vs Online-A,0.01,93.17,112.82333333333341,112.55000000000003,dedup,dedup,0.17419564510887287,False,0.0024226667060600615,-0.0010054484812321684,0.005809113281175149,mtme_COMET-22-refA,0.31804814050546404,0.9524733537563392,0.0,0.0,0.0,0.0,0.0,0.0,0.0,0.0,0.0,0.0,0.0,0.0
ende,03,Online-W vs Online-A,0.01,93.17,112.82333333333341,112.55000000000003,dedup,dedup,0.17419564510887287,False,0.0024226667060600615,-0.0010054484812321684,0.005809113281175149,mtme_COMET-QE-src,0.18108616507125552,0.8324986400919704,0.0,0.0,0.0,0.0,0.0,0.0,0.0,0.0,0.0,0.0,0.0,0.0
ende,03,Online-W vs Online-A,0.01,93.17,112.82333333333341,112.55000000000003,dedup,dedup,0.17419564510887287,False,0.0024226667060600615,-0.0010054484812321684,0.005809113281175149,mtme_COMETKiwi-src,0.22376647201455513,0.9226539774777828,0.0,0.0,0.0,0.0,0.0,0.0,0.0,0.0,0.0,0.0,0.0,0.0
ende,03,Online-W vs Online-A,0.01,93.17,112.82333333333341,112.55000000000003,dedup,dedup,0.17419564510887287,False,0.0024226667060600615,-0.0010054484812321684,0.005809113281175149,mtme_Cross-QE-src,0.19491923443241205,0.9403569774408737,0.0,0.0,0.0,0.0,0.0,0.0,0.0,0.0,0.0,0.0,0.0,0.0
ende,03,Online-W vs Online-A,0.01,93.17,112.82333333333341,112.55000000000003,dedup,dedup,0.17419564510887287,False,0.0024226667060600615,-0.0010054484812321684,0.005809113281175149,mtme_HWTSC-TLM-src,0.07644823664700637,0.7686262691697412,0.0,0.0,0.0,0.0,0.0,0.0,0.0,0.0,0.0,0.0,0.0,0.0
ende,03,Online-W vs Online-A,0.01,93.17,112.82333333333341,112.55000000000003,dedup,dedup,0.17419564510887287,False,0.0024226667060600615,-0.0010054484812321684,0.005809113281175149,mtme_HWTSC-Teacher-Sim-src,0.12762847395407165,0.6922672434936012,0.0,0.0,0.0,0.0,0.0,0.0,0.0,0.0,0.0,0.0,0.0,0.0
ende,03,Online-W vs Online-A,0.01,93.17,112.82333333333341,112.55000000000003,dedup,dedup,0.17419564510887287,False,0.0024226667060600615,-0.0010054484812321684,0.005809113281175149,mtme_KG-BERTScore-src,0.115947621378479,0.6378374846052578,0.0,0.0,0.0,0.0,0.0,0.0,0.0,0.0,0.0,0.0,0.0,0.0
ende,03,Online-W vs Online-A,0.01,93.17,112.82333333333341,112.55000000000003,dedup,dedup,0.17419564510887287,False,0.0024226667060600615,-0.0010054484812321684,0.005809113281175149,mtme_MATESE-QE-src,0.11118992020482393,0.7648995070123706,0.0,0.0,0.0,0.0,0.0,0.0,0.0,0.0,0.0,0.0,0.0,0.0
ende,03,Online-W vs Online-A,0.01,93.17,112.82333333333341,112.55000000000003,dedup,dedup,0.17419564510887287,False,0.0024226667060600615,-0.0010054484812321684,0.005809113281175149,mtme_MATESE-refA,0.16945317356903494,0.9246232659550914,0.0,0.0,0.0,0.0,0.0,0.0,0.0,0.0,0.0,0.0,0.0,0.0
ende,03,Online-W vs Online-A,0.01,93.17,112.82333333333341,112.55000000000003,dedup,dedup,0.17419564510887287,False,0.0024226667060600615,-0.0010054484812321684,0.005809113281175149,mtme_MEE-refA,0.14212438390630827,0.8768362437607912,0.0,0.0,0.0,0.0,0.0,0.0,0.0,0.0,0.0,0.0,0.0,0.0
ende,03,Online-W vs Online-A,0.01,93.17,112.82333333333341,112.55000000000003,dedup,dedup,0.17419564510887287,False,0.0024226667060600615,-0.0010054484812321684,0.005809113281175149,mtme_MEE2-refA,0.1721529345526715,0.8910462707906135,0.0,0.0,0.0,0.0,0.0,0.0,0.0,0.0,0.0,0.0,0.0,0.0
ende,03,Online-W vs Online-A,0.01,93.17,112.82333333333341,112.55000000000003,dedup,dedup,0.17419564510887287,False,0.0024226667060600615,-0.0010054484812321684,0.005809113281175149,mtme_MEE4-refA,0.19522382438781993,0.89207408156182,0.0,0.0,0.0,0.0,0.0,0.0,0.0,0.0,0.0,0.0,0.0,0.0
ende,03,Online-W vs Online-A,0.01,93.17,112.82333333333341,112.55000000000003,dedup,dedup,0.17419564510887287,False,0.0024226667060600615,-0.0010054484812321684,0.005809113281175149,mtme_MS-COMET-22-refA,0.17328946212892565,0.9163007970087684,0.0,0.0,0.0,0.0,0.0,0.0,0.0,0.0,0.0,0.0,0.0,0.0
ende,03,Online-W vs Online-A,0.01,93.17,112.82333333333341,112.55000000000003,dedup,dedup,0.17419564510887287,False,0.0024226667060600615,-0.0010054484812321684,0.005809113281175149,mtme_MS-COMET-QE-22-src,0.09706751148642892,0.7522191383266835,0.0,0.0,0.0,0.0,0.0,0.0,0.0,0.0,0.0,0.0,0.0,0.0
ende,03,Online-W vs Online-A,0.01,93.17,112.82333333333341,112.55000000000003,dedup,dedup,0.17419564510887287,False,0.0024226667060600615,-0.0010054484812321684,0.005809113281175149,mtme_REUSE-src,-0.12418085373940381,-0.7189752875124902,0.0,0.0,0.0,0.0,0.0,0.0,0.0,0.0,0.0,0.0,0.0,0.0
ende,03,Online-W vs Online-A,0.01,93.17,112.82333333333341,112.55000000000003,dedup,dedup,0.17419564510887287,False,0.0024226667060600615,-0.0010054484812321684,0.005809113281175149,mtme_SEScore-refA,0.17332046546848714,0.8627443368691673,0.0,0.0,0.0,0.0,0.0,0.0,0.0,0.0,0.0,0.0,0.0,0.0
ende,03,Online-W vs Online-A,0.01,93.17,112.82333333333341,112.55000000000003,dedup,dedup,0.17419564510887287,False,0.0024226667060600615,-0.0010054484812321684,0.005809113281175149,mtme_UniTE-ref-refA,0.3183518290417651,0.935537336231014,0.0,0.0,0.0,0.0,0.0,0.0,0.0,0.0,0.0,0.0,0.0,0.0
ende,03,Online-W vs Online-A,0.01,93.17,112.82333333333341,112.55000000000003,dedup,dedup,0.17419564510887287,False,0.0024226667060600615,-0.0010054484812321684,0.005809113281175149,mtme_UniTE-refA,0.3497620797415457,0.934069874660218,0.0,0.0,0.0,0.0,0.0,0.0,0.0,0.0,0.0,0.0,0.0,0.0
ende,03,Online-W vs Online-A,0.01,93.17,112.82333333333341,112.55000000000003,dedup,dedup,0.17419564510887287,False,0.0024226667060600615,-0.0010054484812321684,0.005809113281175149,mtme_UniTE-src-src,0.21600328123125884,0.8781288793774996,0.0,0.0,0.0,0.0,0.0,0.0,0.0,0.0,0.0,0.0,0.0,0.0
ende,03,Online-W vs Online-A,0.01,93.17,112.82333333333341,112.55000000000003,dedup,dedup,0.17419564510887287,False,0.0024226667060600615,-0.0010054484812321684,0.005809113281175149,mtme_YiSi-1-refA,0.19315033684966895,0.9374352886959156,0.0,0.0,0.0,0.0,0.0,0.0,0.0,0.0,0.0,0.0,0.0,0.0
ende,03,Online-W vs Online-A,0.01,93.17,112.82333333333341,112.55000000000003,dedup,dedup,0.17419564510887287,False,0.0024226667060600615,-0.0010054484812321684,0.005809113281175149,mtme_chrF-refA,0.15649288258079835,0.913148721285636,0.0,0.0,0.0,0.0,0.0,0.0,0.0,0.0,0.0,0.0,0.0,0.0
ende,03,Online-W vs Online-A,0.01,93.17,112.82333333333341,112.55000000000003,dedup,dedup,0.17419564510887287,False,0.0024226667060600615,-0.0010054484812321684,0.005809113281175149,mtme_f101spBLEU-refA,0.13448481725653672,0.8322237271443311,0.0,0.0,0.0,0.0,0.0,0.0,0.0,0.0,0.0,0.0,0.0,0.0
ende,03,Online-W vs Online-A,0.01,93.17,112.82333333333341,112.55000000000003,dedup,dedup,0.17419564510887287,False,0.0024226667060600615,-0.0010054484812321684,0.005809113281175149,mtme_f200spBLEU-refA,0.14553158746927675,0.8109386629133486,0.0,0.0,0.0,0.0,0.0,0.0,0.0,0.0,0.0,0.0,0.0,0.0
ende,03,Online-W vs Online-A,0.01,93.17,112.82333333333341,112.55000000000003,dedup,dedup,0.17419564510887287,False,0.0024226667060600615,-0.0010054484812321684,0.005809113281175149,mtme_metricx_xl_DA_2019-refA,0.4007879827737128,0.9809205978427264,0.0,0.0,0.0,0.0,0.0,0.0,0.0,0.0,0.0,0.0,0.0,0.0
ende,03,Online-W vs Online-A,0.01,93.17,112.82333333333341,112.55000000000003,dedup,dedup,0.17419564510887287,False,0.0024226667060600615,-0.0010054484812321684,0.005809113281175149,mtme_metricx_xl_MQM_2020-refA,0.3870779457047628,0.9616341585507984,0.0,0.0,0.0,0.0,0.0,0.0,0.0,0.0,0.0,0.0,0.0,0.0
ende,03,Online-W vs Online-A,0.01,93.17,112.82333333333341,112.55000000000003,dedup,dedup,0.17419564510887287,False,0.0024226667060600615,-0.0010054484812321684,0.005809113281175149,mtme_metricx_xxl_DA_2019-refA,0.3653065387058646,0.9781893317652096,0.0,0.0,0.0,0.0,0.0,0.0,0.0,0.0,0.0,0.0,0.0,0.0
ende,03,Online-W vs Online-A,0.01,93.17,112.82333333333341,112.55000000000003,dedup,dedup,0.17419564510887287,False,0.0024226667060600615,-0.0010054484812321684,0.005809113281175149,mtme_metricx_xxl_MQM_2020-refA,0.37038959772728264,0.9670998023955928,0.0,0.0,0.0,0.0,0.0,0.0,0.0,0.0,0.0,0.0,0.0,0.0
ende,03,Online-W vs Online-A,0.01,93.17,112.82333333333341,112.55000000000003,dedup,dedup,0.17419564510887287,False,0.0024226667060600615,-0.0010054484812321684,0.005809113281175149,comet22,0.30163190731630574,,0.0,0.0,0.0,0.0,0.0,0.0,0.0,0.0,0.0,0.0,0.0,0.0
ende,03,Online-W vs Online-A,0.01,93.17,112.82333333333341,112.55000000000003,dedup,dedup,0.17419564510887287,False,0.0024226667060600615,-0.0010054484812321684,0.005809113281175149,qwen3_8b,0.1358006454841565,,0.0,0.0,0.0,0.0,0.0,0.0,0.0,0.0,0.0,0.0,0.0,0.0
ende,03,Online-W vs Online-A,0.01,93.17,112.82333333333341,112.55000000000003,dedup,dedup,0.17419564510887287,False,0.0024226667060600615,-0.0010054484812321684,0.005809113281175149,mistral_7b,0.050250467602976676,,0.0,0.0,0.0,0.0,0.0,0.0,0.0,0.0,0.0,0.0,0.0,0.0
ende,03,Online-W vs Online-A,0.02,93.17,112.82333333333341,112.55000000000003,dedup,dedup,0.17419564510887287,False,0.0024226667060600615,-0.0010054484812321684,0.005809113281175149,mtme_BERTScore-refA,0.17954364319009947,0.906706577010188,0.0,0.0,0.0,0.0,0.0,0.0,0.0,0.0,0.0,0.0,0.0,0.0
ende,03,Online-W vs Online-A,0.02,93.17,112.82333333333341,112.55000000000003,dedup,dedup,0.17419564510887287,False,0.0024226667060600615,-0.0010054484812321684,0.005809113281175149,mtme_BLEU-refA,0.1112182542993726,0.8634063310084908,0.0,0.0,0.0,0.0,0.0,0.0,0.0,0.0,0.0,0.0,0.0,0.0
ende,03,Online-W vs Online-A,0.02,93.17,112.82333333333341,112.55000000000003,dedup,dedup,0.17419564510887287,False,0.0024226667060600615,-0.0010054484812321684,0.005809113281175149,mtme_BLEURT-20-refA,0.3463799780362894,0.977419310947295,0.0,0.0,0.0,0.0,0.0,0.0,0.0,0.0,0.0,0.0,0.0,0.0
ende,03,Online-W vs Online-A,0.02,93.17,112.82333333333341,112.55000000000003,dedup,dedup,0.17419564510887287,False,0.0024226667060600615,-0.0010054484812321684,0.005809113281175149,mtme_COMET-20-refA,0.2855732612580404,0.9858264490713564,0.0,0.0,0.0,0.0,0.0,0.0,0.0,0.0,0.0,0.0,0.0,0.0
ende,03,Online-W vs Online-A,0.02,93.17,112.82333333333341,112.55000000000003,dedup,dedup,0.17419564510887287,False,0.0024226667060600615,-0.0010054484812321684,0.005809113281175149,mtme_COMET-22-refA,0.31804814050546404,0.9524733537563392,0.0,0.0,0.0,0.0,0.0,0.0,0.0,0.0,0.0,0.0,0.0,0.0
ende,03,Online-W vs Online-A,0.02,93.17,112.82333333333341,112.55000000000003,dedup,dedup,0.17419564510887287,False,0.0024226667060600615,-0.0010054484812321684,0.005809113281175149,mtme_COMET-QE-src,0.18108616507125552,0.8324986400919704,0.0,0.0,0.0,0.0,0.0,0.0,0.0,0.0,0.0,0.0,0.0,0.0
ende,03,Online-W vs Online-A,0.02,93.17,112.82333333333341,112.55000000000003,dedup,dedup,0.17419564510887287,False,0.0024226667060600615,-0.0010054484812321684,0.005809113281175149,mtme_COMETKiwi-src,0.22376647201455513,0.9226539774777828,0.0,0.0,0.0,0.0,0.0,0.0,0.0,0.0,0.0,0.0,0.0,0.0
ende,03,Online-W vs Online-A,0.02,93.17,112.82333333333341,112.55000000000003,dedup,dedup,0.17419564510887287,False,0.0024226667060600615,-0.0010054484812321684,0.005809113281175149,mtme_Cross-QE-src,0.19491923443241205,0.9403569774408737,0.0,0.0,0.0,0.0,0.0,0.0,0.0,0.0,0.0,0.0,0.0,0.0
ende,03,Online-W vs Online-A,0.02,93.17,112.82333333333341,112.55000000000003,dedup,dedup,0.17419564510887287,False,0.0024226667060600615,-0.0010054484812321684,0.005809113281175149,mtme_HWTSC-TLM-src,0.07644823664700637,0.7686262691697412,0.0,0.0,0.0,0.0,0.0,0.0,0.0,0.0,0.0,0.0,0.0,0.0
ende,03,Online-W vs Online-A,0.02,93.17,112.82333333333341,112.55000000000003,dedup,dedup,0.17419564510887287,False,0.0024226667060600615,-0.0010054484812321684,0.005809113281175149,mtme_HWTSC-Teacher-Sim-src,0.12762847395407165,0.6922672434936012,0.0,0.0,0.0,0.0,0.0,0.0,0.0,0.0,0.0,0.0,0.0,0.0
ende,03,Online-W vs Online-A,0.02,93.17,112.82333333333341,112.55000000000003,dedup,dedup,0.17419564510887287,False,0.0024226667060600615,-0.0010054484812321684,0.005809113281175149,mtme_KG-BERTScore-src,0.115947621378479,0.6378374846052578,0.0,0.0,0.0,0.0,0.0,0.0,0.0,0.0,0.0,0.0,0.0,0.0
ende,03,Online-W vs Online-A,0.02,93.17,112.82333333333341,112.55000000000003,dedup,dedup,0.17419564510887287,False,0.0024226667060600615,-0.0010054484812321684,0.005809113281175149,mtme_MATESE-QE-src,0.11118992020482393,0.7648995070123706,0.0,0.0,0.0,0.0,0.0,0.0,0.0,0.0,0.0,0.0,0.0,0.0
ende,03,Online-W vs Online-A,0.02,93.17,112.82333333333341,112.55000000000003,dedup,dedup,0.17419564510887287,False,0.0024226667060600615,-0.0010054484812321684,0.005809113281175149,mtme_MATESE-refA,0.16945317356903494,0.9246232659550914,0.0,0.0,0.0,0.0,0.0,0.0,0.0,0.0,0.0,0.0,0.0,0.0
ende,03,Online-W vs Online-A,0.02,93.17,112.82333333333341,112.55000000000003,dedup,dedup,0.17419564510887287,False,0.0024226667060600615,-0.0010054484812321684,0.005809113281175149,mtme_MEE-refA,0.14212438390630827,0.8768362437607912,0.0,0.0,0.0,0.0,0.0,0.0,0.0,0.0,0.0,0.0,0.0,0.0
ende,03,Online-W vs Online-A,0.02,93.17,112.82333333333341,112.55000000000003,dedup,dedup,0.17419564510887287,False,0.0024226667060600615,-0.0010054484812321684,0.005809113281175149,mtme_MEE2-refA,0.1721529345526715,0.8910462707906135,0.0,0.0,0.0,0.0,0.0,0.0,0.0,0.0,0.0,0.0,0.0,0.0
ende,03,Online-W vs Online-A,0.02,93.17,112.82333333333341,112.55000000000003,dedup,dedup,0.17419564510887287,False,0.0024226667060600615,-0.0010054484812321684,0.005809113281175149,mtme_MEE4-refA,0.19522382438781993,0.89207408156182,0.0,0.0,0.0,0.0,0.0,0.0,0.0,0.0,0.0,0.0,0.0,0.0
ende,03,Online-W vs Online-A,0.02,93.17,112.82333333333341,112.55000000000003,dedup,dedup,0.17419564510887287,False,0.0024226667060600615,-0.0010054484812321684,0.005809113281175149,mtme_MS-COMET-22-refA,0.17328946212892565,0.9163007970087684,0.0,0.0,0.0,0.0,0.0,0.0,0.0,0.0,0.0,0.0,0.0,0.0
ende,03,Online-W vs Online-A,0.02,93.17,112.82333333333341,112.55000000000003,dedup,dedup,0.17419564510887287,False,0.0024226667060600615,-0.0010054484812321684,0.005809113281175149,mtme_MS-COMET-QE-22-src,0.09706751148642892,0.7522191383266835,0.0,0.0,0.0,0.0,0.0,0.0,0.0,0.0,0.0,0.0,0.0,0.0
ende,03,Online-W vs Online-A,0.02,93.17,112.82333333333341,112.55000000000003,dedup,dedup,0.17419564510887287,False,0.0024226667060600615,-0.0010054484812321684,0.005809113281175149,mtme_REUSE-src,-0.12418085373940381,-0.7189752875124902,0.0,0.0,0.0,0.0,0.0,0.0,0.0,0.0,0.0,0.0,0.0,0.0
ende,03,Online-W vs Online-A,0.02,93.17,112.82333333333341,112.55000000000003,dedup,dedup,0.17419564510887287,False,0.0024226667060600615,-0.0010054484812321684,0.005809113281175149,mtme_SEScore-refA,0.17332046546848714,0.8627443368691673,0.0,0.0,0.0,0.0,0.0,0.0,0.0,0.0,0.0,0.0,0.0,0.0
ende,03,Online-W vs Online-A,0.02,93.17,112.82333333333341,112.55000000000003,dedup,dedup,0.17419564510887287,False,0.0024226667060600615,-0.0010054484812321684,0.005809113281175149,mtme_UniTE-ref-refA,0.3183518290417651,0.935537336231014,0.0,0.0,0.0,0.0,0.0,0.0,0.0,0.0,0.0,0.0,0.0,0.0
ende,03,Online-W vs Online-A,0.02,93.17,112.82333333333341,112.55000000000003,dedup,dedup,0.17419564510887287,False,0.0024226667060600615,-0.0010054484812321684,0.005809113281175149,mtme_UniTE-refA,0.3497620797415457,0.934069874660218,0.0,0.0,0.0,0.0,0.0,0.0,0.0,0.0,0.0,0.0,0.0,0.0
ende,03,Online-W vs Online-A,0.02,93.17,112.82333333333341,112.55000000000003,dedup,dedup,0.17419564510887287,False,0.0024226667060600615,-0.0010054484812321684,0.005809113281175149,mtme_UniTE-src-src,0.21600328123125884,0.8781288793774996,0.0,0.0,0.0,0.0,0.0,0.0,0.0,0.0,0.0,0.0,0.0,0.0
ende,03,Online-W vs Online-A,0.02,93.17,112.82333333333341,112.55000000000003,dedup,dedup,0.17419564510887287,False,0.0024226667060600615,-0.0010054484812321684,0.005809113281175149,mtme_YiSi-1-refA,0.19315033684966895,0.9374352886959156,0.0,0.0,0.0,0.0,0.0,0.0,0.0,0.0,0.0,0.0,0.0,0.0
ende,03,Online-W vs Online-A,0.02,93.17,112.82333333333341,112.55000000000003,dedup,dedup,0.17419564510887287,False,0.0024226667060600615,-0.0010054484812321684,0.005809113281175149,mtme_chrF-refA,0.15649288258079835,0.913148721285636,0.0,0.0,0.0,0.0,0.0,0.0,0.0,0.0,0.0,0.0,0.0,0.0
ende,03,Online-W vs Online-A,0.02,93.17,112.82333333333341,112.55000000000003,dedup,dedup,0.17419564510887287,False,0.0024226667060600615,-0.0010054484812321684,0.005809113281175149,mtme_f101spBLEU-refA,0.13448481725653672,0.8322237271443311,0.0,0.0,0.0,0.0,0.0,0.0,0.0,0.0,0.0,0.0,0.0,0.0
ende,03,Online-W vs Online-A,0.02,93.17,112.82333333333341,112.55000000000003,dedup,dedup,0.17419564510887287,False,0.0024226667060600615,-0.0010054484812321684,0.005809113281175149,mtme_f200spBLEU-refA,0.14553158746927675,0.8109386629133486,0.0,0.0,0.0,0.0,0.0,0.0,0.0,0.0,0.0,0.0,0.0,0.0
ende,03,Online-W vs Online-A,0.02,93.17,112.82333333333341,112.55000000000003,dedup,dedup,0.17419564510887287,False,0.0024226667060600615,-0.0010054484812321684,0.005809113281175149,mtme_metricx_xl_DA_2019-refA,0.4007879827737128,0.9809205978427264,0.0,0.0,0.0,0.0,0.0,0.0,0.0,0.0,0.0,0.0,0.0,0.0
ende,03,Online-W vs Online-A,0.02,93.17,112.82333333333341,112.55000000000003,dedup,dedup,0.17419564510887287,False,0.0024226667060600615,-0.0010054484812321684,0.005809113281175149,mtme_metricx_xl_MQM_2020-refA,0.3870779457047628,0.9616341585507984,0.0,0.0,0.0,0.0,0.0,0.0,0.0,0.0,0.0,0.0,0.0,0.0
ende,03,Online-W vs Online-A,0.02,93.17,112.82333333333341,112.55000000000003,dedup,dedup,0.17419564510887287,False,0.0024226667060600615,-0.0010054484812321684,0.005809113281175149,mtme_metricx_xxl_DA_2019-refA,0.3653065387058646,0.9781893317652096,0.0,0.0,0.0,0.0,0.0,0.0,0.0,0.0,0.0,0.0,0.0,0.0
ende,03,Online-W vs Online-A,0.02,93.17,112.82333333333341,112.55000000000003,dedup,dedup,0.17419564510887287,False,0.0024226667060600615,-0.0010054484812321684,0.005809113281175149,mtme_metricx_xxl_MQM_2020-refA,0.37038959772728264,0.9670998023955928,0.0,0.0,0.0,0.0,0.0,0.0,0.0,0.0,0.0,0.0,0.0,0.0
ende,03,Online-W vs Online-A,0.02,93.17,112.82333333333341,112.55000000000003,dedup,dedup,0.17419564510887287,False,0.0024226667060600615,-0.0010054484812321684,0.005809113281175149,comet22,0.30163190731630574,,0.0,0.0,0.0,0.0,0.0,0.0,0.0,0.0,0.0,0.0,0.0,0.0
ende,03,Online-W vs Online-A,0.02,93.17,112.82333333333341,112.55000000000003,dedup,dedup,0.17419564510887287,False,0.0024226667060600615,-0.0010054484812321684,0.005809113281175149,qwen3_8b,0.1358006454841565,,0.0,0.0,0.0,0.0,0.0,0.0,0.0,0.0,0.0,0.0,0.0,0.0
ende,03,Online-W vs Online-A,0.02,93.17,112.82333333333341,112.55000000000003,dedup,dedup,0.17419564510887287,False,0.0024226667060600615,-0.0010054484812321684,0.005809113281175149,mistral_7b,0.050250467602976676,,0.0,0.0,0.0,0.0,0.0,0.0,0.0,0.0,0.0,0.0,0.0,0.0
ende,04,Online-W vs Online-G,0.01,93.56666666666666,113.22000000000003,112.7866666666667,dedup,dedup,0.17358535005593856,False,0.0038273567685331855,0.0012991450591050696,0.006692449550741748,mtme_BERTScore-refA,0.1382896765165757,0.906706577010188,0.0,0.0,0.0,0.0,0.0,0.0,0.0,0.0,0.0,0.0,0.0,0.0
ende,04,Online-W vs Online-G,0.01,93.56666666666666,113.22000000000003,112.7866666666667,dedup,dedup,0.17358535005593856,False,0.0038273567685331855,0.0012991450591050696,0.006692449550741748,mtme_BLEU-refA,0.08522642119647741,0.8634063310084908,0.0,0.0,0.0,0.0,0.0,0.0,0.0,0.0,0.0,0.0,0.0,0.0
ende,04,Online-W vs Online-G,0.01,93.56666666666666,113.22000000000003,112.7866666666667,dedup,dedup,0.17358535005593856,False,0.0038273567685331855,0.0012991450591050696,0.006692449550741748,mtme_BLEURT-20-refA,0.3975348899811282,0.977419310947295,0.0,0.0,0.0,0.0,0.0,0.0,0.0,0.0,0.0,0.0,0.0,0.0
ende,04,Online-W vs Online-G,0.01,93.56666666666666,113.22000000000003,112.7866666666667,dedup,dedup,0.17358535005593856,False,0.0038273567685331855,0.0012991450591050696,0.006692449550741748,mtme_COMET-20-refA,0.3424192956155222,0.9858264490713564,0.0,0.0,0.0,0.0,0.0,0.0,0.0,0.0,0.0,0.0,0.0,0.0
ende,04,Online-W vs Online-G,0.01,93.56666666666666,113.22000000000003,112.7866666666667,dedup,dedup,0.17358535005593856,False,0.0038273567685331855,0.0012991450591050696,0.006692449550741748,mtme_COMET-22-refA,0.4305052423720708,0.9524733537563392,0.0,0.0,0.0,0.0,0.0,0.0,0.0,0.0,0.0,0.0,0.0,0.0
ende,04,Online-W vs Online-G,0.01,93.56666666666666,113.22000000000003,112.7866666666667,dedup,dedup,0.17358535005593856,False,0.0038273567685331855,0.0012991450591050696,0.006692449550741748,mtme_COMET-QE-src,0.2917850204604465,0.8324986400919704,0.0,0.0,0.0,0.0,0.0,0.0,0.0,0.0,0.0,0.0,0.0,0.0
ende,04,Online-W vs Online-G,0.01,93.56666666666666,113.22000000000003,112.7866666666667,dedup,dedup,0.17358535005593856,False,0.0038273567685331855,0.0012991450591050696,0.006692449550741748,mtme_COMETKiwi-src,0.3462476244915253,0.9226539774777828,0.0,0.0,0.0,0.0,0.0,0.0,0.0,0.0,0.0,0.0,0.0,0.0
ende,04,Online-W vs Online-G,0.01,93.56666666666666,113.22000000000003,112.7866666666667,dedup,dedup,0.17358535005593856,False,0.0038273567685331855,0.0012991450591050696,0.006692449550741748,mtme_Cross-QE-src,0.3200559146667979,0.9403569774408737,0.0,0.0,0.0,0.0,0.0,0.0,0.0,0.0,0.0,0.0,0.0,0.0
ende,04,Online-W vs Online-G,0.01,93.56666666666666,113.22000000000003,112.7866666666667,dedup,dedup,0.17358535005593856,False,0.0038273567685331855,0.0012991450591050696,0.006692449550741748,mtme_HWTSC-TLM-src,0.12250775844828941,0.7686262691697412,0.0,0.0,0.0,0.0,0.0,0.0,0.0,0.0,0.0,0.0,0.0,0.0
ende,04,Online-W vs Online-G,0.01,93.56666666666666,113.22000000000003,112.7866666666667,dedup,dedup,0.17358535005593856,False,0.0038273567685331855,0.0012991450591050696,0.006692449550741748,mtme_HWTSC-Teacher-Sim-src,0.09212490218185089,0.6922672434936012,0.0,0.0,0.0,0.0,0.0,0.0,0.0,0.0,0.0,0.0,0.0,0.0
ende,04,Online-W vs Online-G,0.01,93.56666666666666,113.22000000000003,112.7866666666667,dedup,dedup,0.17358535005593856,False,0.0038273567685331855,0.0012991450591050696,0.006692449550741748,mtme_KG-BERTScore-src,0.07191259419657231,0.6378374846052578,0.0,0.0,0.0,0.0,0.0,0.0,0.0,0.0,0.0,0.0,0.0,0.0
ende,04,Online-W vs Online-G,0.01,93.56666666666666,113.22000000000003,112.7866666666667,dedup,dedup,0.17358535005593856,False,0.0038273567685331855,0.0012991450591050696,0.006692449550741748,mtme_MATESE-QE-src,0.18582963501836186,0.7648995070123706,0.0,0.0,0.0,0.0,0.0,0.0,0.0,0.0,0.0,0.0,0.0,0.0
ende,04,Online-W vs Online-G,0.01,93.56666666666666,113.22000000000003,112.7866666666667,dedup,dedup,0.17358535005593856,False,0.0038273567685331855,0.0012991450591050696,0.006692449550741748,mtme_MATESE-refA,0.26614447405617353,0.9246232659550914,0.0,0.0,0.0,0.0,0.0,0.0,0.0,0.0,0.0,0.0,0.0,0.0
ende,04,Online-W vs Online-G,0.01,93.56666666666666,113.22000000000003,112.7866666666667,dedup,dedup,0.17358535005593856,False,0.0038273567685331855,0.0012991450591050696,0.006692449550741748,mtme_MEE-refA,0.13074141787522287,0.8768362437607912,0.0,0.0,0.0,0.0,0.0,0.0,0.0,0.0,0.0,0.0,0.0,0.0
ende,04,Online-W vs Online-G,0.01,93.56666666666666,113.22000000000003,112.7866666666667,dedup,dedup,0.17358535005593856,False,0.0038273567685331855,0.0012991450591050696,0.006692449550741748,mtme_MEE2-refA,0.1438462635336204,0.8910462707906135,0.0,0.0,0.0,0.0,0.0,0.0,0.0,0.0,0.0,0.0,0.0,0.0
ende,04,Online-W vs Online-G,0.01,93.56666666666666,113.22000000000003,112.7866666666667,dedup,dedup,0.17358535005593856,False,0.0038273567685331855,0.0012991450591050696,0.006692449550741748,mtme_MEE4-refA,0.16860064893556398,0.89207408156182,0.0,0.0,0.0,0.0,0.0,0.0,0.0,0.0,0.0,0.0,0.0,0.0
ende,04,Online-W vs Online-G,0.01,93.56666666666666,113.22000000000003,112.7866666666667,dedup,dedup,0.17358535005593856,False,0.0038273567685331855,0.0012991450591050696,0.006692449550741748,mtme_MS-COMET-22-refA,0.2344397339577312,0.9163007970087684,0.0,0.0,0.0,0.0,0.0,0.0,0.0,0.0,0.0,0.0,0.0,0.0
ende,04,Online-W vs Online-G,0.01,93.56666666666666,113.22000000000003,112.7866666666667,dedup,dedup,0.17358535005593856,False,0.0038273567685331855,0.0012991450591050696,0.006692449550741748,mtme_MS-COMET-QE-22-src,0.14031461945162949,0.7522191383266835,0.0,0.0,0.0,0.0,0.0,0.0,0.0,0.0,0.0,0.0,0.0,0.0
ende,04,Online-W vs Online-G,0.01,93.56666666666666,113.22000000000003,112.7866666666667,dedup,dedup,0.17358535005593856,False,0.0038273567685331855,0.0012991450591050696,0.006692449550741748,mtme_REUSE-src,-0.12018404301148734,-0.7189752875124902,0.0,0.0,0.0,0.0,0.0,0.0,0.0,0.0,0.0,0.0,0.0,0.0
ende,04,Online-W vs Online-G,0.01,93.56666666666666,113.22000000000003,112.7866666666667,dedup,dedup,0.17358535005593856,False,0.0038273567685331855,0.0012991450591050696,0.006692449550741748,mtme_SEScore-refA,0.18305265961176603,0.8627443368691673,0.0,0.0,0.0,0.0,0.0,0.0,0.0,0.0,0.0,0.0,0.0,0.0
ende,04,Online-W vs Online-G,0.01,93.56666666666666,113.22000000000003,112.7866666666667,dedup,dedup,0.17358535005593856,False,0.0038273567685331855,0.0012991450591050696,0.006692449550741748,mtme_UniTE-ref-refA,0.3816030073223331,0.935537336231014,0.0,0.0,0.0,0.0,0.0,0.0,0.0,0.0,0.0,0.0,0.0,0.0
ende,04,Online-W vs Online-G,0.01,93.56666666666666,113.22000000000003,112.7866666666667,dedup,dedup,0.17358535005593856,False,0.0038273567685331855,0.0012991450591050696,0.006692449550741748,mtme_UniTE-refA,0.39765745187693424,0.934069874660218,0.0,0.0,0.0,0.0,0.0,0.0,0.0,0.0,0.0,0.0,0.0,0.0
ende,04,Online-W vs Online-G,0.01,93.56666666666666,113.22000000000003,112.7866666666667,dedup,dedup,0.17358535005593856,False,0.0038273567685331855,0.0012991450591050696,0.006692449550741748,mtme_UniTE-src-src,0.3181544613008476,0.8781288793774996,0.0,0.0,0.0,0.0,0.0,0.0,0.0,0.0,0.0,0.0,0.0,0.0
ende,04,Online-W vs Online-G,0.01,93.56666666666666,113.22000000000003,112.7866666666667,dedup,dedup,0.17358535005593856,False,0.0038273567685331855,0.0012991450591050696,0.006692449550741748,mtme_YiSi-1-refA,0.14993497490165314,0.9374352886959156,0.0,0.0,0.0,0.0,0.0,0.0,0.0,0.0,0.0,0.0,0.0,0.0
ende,04,Online-W vs Online-G,0.01,93.56666666666666,113.22000000000003,112.7866666666667,dedup,dedup,0.17358535005593856,False,0.0038273567685331855,0.0012991450591050696,0.006692449550741748,mtme_chrF-refA,0.13423535907906284,0.913148721285636,0.0,0.0,0.0,0.0,0.0,0.0,0.0,0.0,0.0,0.0,0.0,0.0
ende,04,Online-W vs Online-G,0.01,93.56666666666666,113.22000000000003,112.7866666666667,dedup,dedup,0.17358535005593856,False,0.0038273567685331855,0.0012991450591050696,0.006692449550741748,mtme_f101spBLEU-refA,0.10074453805358835,0.8322237271443311,0.0,0.0,0.0,0.0,0.0,0.0,0.0,0.0,0.0,0.0,0.0,0.0
ende,04,Online-W vs Online-G,0.01,93.56666666666666,113.22000000000003,112.7866666666667,dedup,dedup,0.17358535005593856,False,0.0038273567685331855,0.0012991450591050696,0.006692449550741748,mtme_f200spBLEU-refA,0.10427575098306907,0.8109386629133486,0.0,0.0,0.0,0.0,0.0,0.0,0.0,0.0,0.0,0.0,0.0,0.0
ende,04,Online-W vs Online-G,0.01,93.56666666666666,113.22000000000003,112.7866666666667,dedup,dedup,0.17358535005593856,False,0.0038273567685331855,0.0012991450591050696,0.006692449550741748,mtme_metricx_xl_DA_2019-refA,0.3792014948567244,0.9809205978427264,0.0,0.0,0.0,0.0,0.0,0.0,0.0,0.0,0.0,0.0,0.0,0.0
ende,04,Online-W vs Online-G,0.01,93.56666666666666,113.22000000000003,112.7866666666667,dedup,dedup,0.17358535005593856,False,0.0038273567685331855,0.0012991450591050696,0.006692449550741748,mtme_metricx_xl_MQM_2020-refA,0.4619770910065718,0.9616341585507984,0.0,0.0,0.0,0.0,0.0,0.0,0.0,0.0,0.0,0.0,0.0,0.0
ende,04,Online-W vs Online-G,0.01,93.56666666666666,113.22000000000003,112.7866666666667,dedup,dedup,0.17358535005593856,False,0.0038273567685331855,0.0012991450591050696,0.006692449550741748,mtme_metricx_xxl_DA_2019-refA,0.38758543111654653,0.9781893317652096,0.0,0.0,0.0,0.0,0.0,0.0,0.0,0.0,0.0,0.0,0.0,0.0
ende,04,Online-W vs Online-G,0.01,93.56666666666666,113.22000000000003,112.7866666666667,dedup,dedup,0.17358535005593856,False,0.0038273567685331855,0.0012991450591050696,0.006692449550741748,mtme_metricx_xxl_MQM_2020-refA,0.4325300242738815,0.9670998023955928,0.0,0.0,0.0,0.0,0.0,0.0,0.0,0.0,0.0,0.0,0.0,0.0
ende,04,Online-W vs Online-G,0.01,93.56666666666666,113.22000000000003,112.7866666666667,dedup,dedup,0.17358535005593856,False,0.0038273567685331855,0.0012991450591050696,0.006692449550741748,comet22,0.3481153085816264,,0.0,0.0,0.0,0.0,0.0,0.0,0.0,0.0,0.0,0.0,0.0,0.0
ende,04,Online-W vs Online-G,0.01,93.56666666666666,113.22000000000003,112.7866666666667,dedup,dedup,0.17358535005593856,False,0.0038273567685331855,0.0012991450591050696,0.006692449550741748,qwen3_8b,0.18271412567890516,,0.0,0.0,0.0,0.0,0.0,0.0,0.0,0.0,0.0,0.0,0.0,0.0
ende,04,Online-W vs Online-G,0.01,93.56666666666666,113.22000000000003,112.7866666666667,dedup,dedup,0.17358535005593856,False,0.0038273567685331855,0.0012991450591050696,0.006692449550741748,mistral_7b,-0.007969794722000299,,0.0,0.0,0.0,0.0,0.0,0.0,0.0,0.0,0.0,0.0,0.0,0.0
ende,04,Online-W vs Online-G,0.02,93.56666666666666,113.22000000000003,112.7866666666667,dedup,dedup,0.17358535005593856,False,0.0038273567685331855,0.0012991450591050696,0.006692449550741748,mtme_BERTScore-refA,0.1382896765165757,0.906706577010188,0.0,0.0,0.0,0.0,0.0,0.0,0.0,0.0,0.0,0.0,0.0,0.0
ende,04,Online-W vs Online-G,0.02,93.56666666666666,113.22000000000003,112.7866666666667,dedup,dedup,0.17358535005593856,False,0.0038273567685331855,0.0012991450591050696,0.006692449550741748,mtme_BLEU-refA,0.08522642119647741,0.8634063310084908,0.0,0.0,0.0,0.0,0.0,0.0,0.0,0.0,0.0,0.0,0.0,0.0
ende,04,Online-W vs Online-G,0.02,93.56666666666666,113.22000000000003,112.7866666666667,dedup,dedup,0.17358535005593856,False,0.0038273567685331855,0.0012991450591050696,0.006692449550741748,mtme_BLEURT-20-refA,0.3975348899811282,0.977419310947295,0.0,0.0,0.0,0.0,0.0,0.0,0.0,0.0,0.0,0.0,0.0,0.0
ende,04,Online-W vs Online-G,0.02,93.56666666666666,113.22000000000003,112.7866666666667,dedup,dedup,0.17358535005593856,False,0.0038273567685331855,0.0012991450591050696,0.006692449550741748,mtme_COMET-20-refA,0.3424192956155222,0.9858264490713564,0.0,0.0,0.0,0.0,0.0,0.0,0.0,0.0,0.0,0.0,0.0,0.0
ende,04,Online-W vs Online-G,0.02,93.56666666666666,113.22000000000003,112.7866666666667,dedup,dedup,0.17358535005593856,False,0.0038273567685331855,0.0012991450591050696,0.006692449550741748,mtme_COMET-22-refA,0.4305052423720708,0.9524733537563392,0.0,0.0,0.0,0.0,0.0,0.0,0.0,0.0,0.0,0.0,0.0,0.0
ende,04,Online-W vs Online-G,0.02,93.56666666666666,113.22000000000003,112.7866666666667,dedup,dedup,0.17358535005593856,False,0.0038273567685331855,0.0012991450591050696,0.006692449550741748,mtme_COMET-QE-src,0.2917850204604465,0.8324986400919704,0.0,0.0,0.0,0.0,0.0,0.0,0.0,0.0,0.0,0.0,0.0,0.0
ende,04,Online-W vs Online-G,0.02,93.56666666666666,113.22000000000003,112.7866666666667,dedup,dedup,0.17358535005593856,False,0.0038273567685331855,0.0012991450591050696,0.006692449550741748,mtme_COMETKiwi-src,0.3462476244915253,0.9226539774777828,0.0,0.0,0.0,0.0,0.0,0.0,0.0,0.0,0.0,0.0,0.0,0.0
ende,04,Online-W vs Online-G,0.02,93.56666666666666,113.22000000000003,112.7866666666667,dedup,dedup,0.17358535005593856,False,0.0038273567685331855,0.0012991450591050696,0.006692449550741748,mtme_Cross-QE-src,0.3200559146667979,0.9403569774408737,0.0,0.0,0.0,0.0,0.0,0.0,0.0,0.0,0.0,0.0,0.0,0.0
ende,04,Online-W vs Online-G,0.02,93.56666666666666,113.22000000000003,112.7866666666667,dedup,dedup,0.17358535005593856,False,0.0038273567685331855,0.0012991450591050696,0.006692449550741748,mtme_HWTSC-TLM-src,0.12250775844828941,0.7686262691697412,0.0,0.0,0.0,0.0,0.0,0.0,0.0,0.0,0.0,0.0,0.0,0.0
ende,04,Online-W vs Online-G,0.02,93.56666666666666,113.22000000000003,112.7866666666667,dedup,dedup,0.17358535005593856,False,0.0038273567685331855,0.0012991450591050696,0.006692449550741748,mtme_HWTSC-Teacher-Sim-src,0.09212490218185089,0.6922672434936012,0.0,0.0,0.0,0.0,0.0,0.0,0.0,0.0,0.0,0.0,0.0,0.0
ende,04,Online-W vs Online-G,0.02,93.56666666666666,113.22000000000003,112.7866666666667,dedup,dedup,0.17358535005593856,False,0.0038273567685331855,0.0012991450591050696,0.006692449550741748,mtme_KG-BERTScore-src,0.07191259419657231,0.6378374846052578,0.0,0.0,0.0,0.0,0.0,0.0,0.0,0.0,0.0,0.0,0.0,0.0
ende,04,Online-W vs Online-G,0.02,93.56666666666666,113.22000000000003,112.7866666666667,dedup,dedup,0.17358535005593856,False,0.0038273567685331855,0.0012991450591050696,0.006692449550741748,mtme_MATESE-QE-src,0.18582963501836186,0.7648995070123706,0.0,0.0,0.0,0.0,0.0,0.0,0.0,0.0,0.0,0.0,0.0,0.0
ende,04,Online-W vs Online-G,0.02,93.56666666666666,113.22000000000003,112.7866666666667,dedup,dedup,0.17358535005593856,False,0.0038273567685331855,0.0012991450591050696,0.006692449550741748,mtme_MATESE-refA,0.26614447405617353,0.9246232659550914,0.0,0.0,0.0,0.0,0.0,0.0,0.0,0.0,0.0,0.0,0.0,0.0
ende,04,Online-W vs Online-G,0.02,93.56666666666666,113.22000000000003,112.7866666666667,dedup,dedup,0.17358535005593856,False,0.0038273567685331855,0.0012991450591050696,0.006692449550741748,mtme_MEE-refA,0.13074141787522287,0.8768362437607912,0.0,0.0,0.0,0.0,0.0,0.0,0.0,0.0,0.0,0.0,0.0,0.0
ende,04,Online-W vs Online-G,0.02,93.56666666666666,113.22000000000003,112.7866666666667,dedup,dedup,0.17358535005593856,False,0.0038273567685331855,0.0012991450591050696,0.006692449550741748,mtme_MEE2-refA,0.1438462635336204,0.8910462707906135,0.0,0.0,0.0,0.0,0.0,0.0,0.0,0.0,0.0,0.0,0.0,0.0
ende,04,Online-W vs Online-G,0.02,93.56666666666666,113.22000000000003,112.7866666666667,dedup,dedup,0.17358535005593856,False,0.0038273567685331855,0.0012991450591050696,0.006692449550741748,mtme_MEE4-refA,0.16860064893556398,0.89207408156182,0.0,0.0,0.0,0.0,0.0,0.0,0.0,0.0,0.0,0.0,0.0,0.0
ende,04,Online-W vs Online-G,0.02,93.56666666666666,113.22000000000003,112.7866666666667,dedup,dedup,0.17358535005593856,False,0.0038273567685331855,0.0012991450591050696,0.006692449550741748,mtme_MS-COMET-22-refA,0.2344397339577312,0.9163007970087684,0.0,0.0,0.0,0.0,0.0,0.0,0.0,0.0,0.0,0.0,0.0,0.0
ende,04,Online-W vs Online-G,0.02,93.56666666666666,113.22000000000003,112.7866666666667,dedup,dedup,0.17358535005593856,False,0.0038273567685331855,0.0012991450591050696,0.006692449550741748,mtme_MS-COMET-QE-22-src,0.14031461945162949,0.7522191383266835,0.0,0.0,0.0,0.0,0.0,0.0,0.0,0.0,0.0,0.0,0.0,0.0
ende,04,Online-W vs Online-G,0.02,93.56666666666666,113.22000000000003,112.7866666666667,dedup,dedup,0.17358535005593856,False,0.0038273567685331855,0.0012991450591050696,0.006692449550741748,mtme_REUSE-src,-0.12018404301148734,-0.7189752875124902,0.0,0.0,0.0,0.0,0.0,0.0,0.0,0.0,0.0,0.0,0.0,0.0
ende,04,Online-W vs Online-G,0.02,93.56666666666666,113.22000000000003,112.7866666666667,dedup,dedup,0.17358535005593856,False,0.0038273567685331855,0.0012991450591050696,0.006692449550741748,mtme_SEScore-refA,0.18305265961176603,0.8627443368691673,0.0,0.0,0.0,0.0,0.0,0.0,0.0,0.0,0.0,0.0,0.0,0.0
ende,04,Online-W vs Online-G,0.02,93.56666666666666,113.22000000000003,112.7866666666667,dedup,dedup,0.17358535005593856,False,0.0038273567685331855,0.0012991450591050696,0.006692449550741748,mtme_UniTE-ref-refA,0.3816030073223331,0.935537336231014,0.0,0.0,0.0,0.0,0.0,0.0,0.0,0.0,0.0,0.0,0.0,0.0
ende,04,Online-W vs Online-G,0.02,93.56666666666666,113.22000000000003,112.7866666666667,dedup,dedup,0.17358535005593856,False,0.0038273567685331855,0.0012991450591050696,0.006692449550741748,mtme_UniTE-refA,0.39765745187693424,0.934069874660218,0.0,0.0,0.0,0.0,0.0,0.0,0.0,0.0,0.0,0.0,0.0,0.0
ende,04,Online-W vs Online-G,0.02,93.56666666666666,113.22000000000003,112.7866666666667,dedup,dedup,0.17358535005593856,False,0.0038273567685331855,0.0012991450591050696,0.006692449550741748,mtme_UniTE-src-src,0.3181544613008476,0.8781288793774996,0.0,0.0,0.0,0.0,0.0,0.0,0.0,0.0,0.0,0.0,0.0,0.0
ende,04,Online-W vs Online-G,0.02,93.56666666666666,113.22000000000003,112.7866666666667,dedup,dedup,0.17358535005593856,False,0.0038273567685331855,0.0012991450591050696,0.006692449550741748,mtme_YiSi-1-refA,0.14993497490165314,0.9374352886959156,0.0,0.0,0.0,0.0,0.0,0.0,0.0,0.0,0.0,0.0,0.0,0.0
ende,04,Online-W vs Online-G,0.02,93.56666666666666,113.22000000000003,112.7866666666667,dedup,dedup,0.17358535005593856,False,0.0038273567685331855,0.0012991450591050696,0.006692449550741748,mtme_chrF-refA,0.13423535907906284,0.913148721285636,0.0,0.0,0.0,0.0,0.0,0.0,0.0,0.0,0.0,0.0,0.0,0.0
ende,04,Online-W vs Online-G,0.02,93.56666666666666,113.22000000000003,112.7866666666667,dedup,dedup,0.17358535005593856,False,0.0038273567685331855,0.0012991450591050696,0.006692449550741748,mtme_f101spBLEU-refA,0.10074453805358835,0.8322237271443311,0.0,0.0,0.0,0.0,0.0,0.0,0.0,0.0,0.0,0.0,0.0,0.0
ende,04,Online-W vs Online-G,0.02,93.56666666666666,113.22000000000003,112.7866666666667,dedup,dedup,0.17358535005593856,False,0.0038273567685331855,0.0012991450591050696,0.006692449550741748,mtme_f200spBLEU-refA,0.10427575098306907,0.8109386629133486,0.0,0.0,0.0,0.0,0.0,0.0,0.0,0.0,0.0,0.0,0.0,0.0
ende,04,Online-W vs Online-G,0.02,93.56666666666666,113.22000000000003,112.7866666666667,dedup,dedup,0.17358535005593856,False,0.0038273567685331855,0.0012991450591050696,0.006692449550741748,mtme_metricx_xl_DA_2019-refA,0.3792014948567244,0.9809205978427264,0.0,0.0,0.0,0.0,0.0,0.0,0.0,0.0,0.0,0.0,0.0,0.0
ende,04,Online-W vs Online-G,0.02,93.56666666666666,113.22000000000003,112.7866666666667,dedup,dedup,0.17358535005593856,False,0.0038273567685331855,0.0012991450591050696,0.006692449550741748,mtme_metricx_xl_MQM_2020-refA,0.4619770910065718,0.9616341585507984,0.0,0.0,0.0,0.0,0.0,0.0,0.0,0.0,0.0,0.0,0.0,0.0
ende,04,Online-W vs Online-G,0.02,93.56666666666666,113.22000000000003,112.7866666666667,dedup,dedup,0.17358535005593856,False,0.0038273567685331855,0.0012991450591050696,0.006692449550741748,mtme_metricx_xxl_DA_2019-refA,0.38758543111654653,0.9781893317652096,0.0,0.0,0.0,0.0,0.0,0.0,0.0,0.0,0.0,0.0,0.0,0.0
ende,04,Online-W vs Online-G,0.02,93.56666666666666,113.22000000000003,112.7866666666667,dedup,dedup,0.17358535005593856,False,0.0038273567685331855,0.0012991450591050696,0.006692449550741748,mtme_metricx_xxl_MQM_2020-refA,0.4325300242738815,0.9670998023955928,0.0,0.0,0.0,0.0,0.0,0.0,0.0,0.0,0.0,0.0,0.0,0.0
ende,04,Online-W vs Online-G,0.02,93.56666666666666,113.22000000000003,112.7866666666667,dedup,dedup,0.17358535005593856,False,0.0038273567685331855,0.0012991450591050696,0.006692449550741748,comet22,0.3481153085816264,,0.0,0.0,0.0,0.0,0.0,0.0,0.0,0.0,0.0,0.0,0.0,0.0
ende,04,Online-W vs Online-G,0.02,93.56666666666666,113.22000000000003,112.7866666666667,dedup,dedup,0.17358535005593856,False,0.0038273567685331855,0.0012991450591050696,0.006692449550741748,qwen3_8b,0.18271412567890516,,0.0,0.0,0.0,0.0,0.0,0.0,0.0,0.0,0.0,0.0,0.0,0.0
ende,04,Online-W vs Online-G,0.02,93.56666666666666,113.22000000000003,112.7866666666667,dedup,dedup,0.17358535005593856,False,0.0038273567685331855,0.0012991450591050696,0.006692449550741748,mistral_7b,-0.007969794722000299,,0.0,0.0,0.0,0.0,0.0,0.0,0.0,0.0,0.0,0.0,0.0,0.0
ende,05,Online-W vs Online-Y,0.01,96.28666666666666,115.94,115.66666666666666,weighted,weighted,0.16951296647691338,False,0.0023575412569720733,-0.0013818409499387395,0.00581904376366071,mtme_BERTScore-refA,0.16532627459155705,0.906706577010188,0.0,0.0,0.0,0.0,0.0,0.0,0.0,0.0,0.0,0.0,0.0,0.0
ende,05,Online-W vs Online-Y,0.01,96.28666666666666,115.94,115.66666666666666,weighted,weighted,0.16951296647691338,False,0.0023575412569720733,-0.0013818409499387395,0.00581904376366071,mtme_BLEU-refA,0.12370040155272247,0.8634063310084908,0.0,0.0,0.0,0.0,0.0,0.0,0.0,0.0,0.0,0.0,0.0,0.0
ende,05,Online-W vs Online-Y,0.01,96.28666666666666,115.94,115.66666666666666,weighted,weighted,0.16951296647691338,False,0.0023575412569720733,-0.0013818409499387395,0.00581904376366071,mtme_BLEURT-20-refA,0.37215788513285564,0.977419310947295,0.0,0.0,0.0,0.0,0.0,0.0,0.0,0.0,0.0,0.0,0.0,0.0
ende,05,Online-W vs Online-Y,0.01,96.28666666666666,115.94,115.66666666666666,weighted,weighted,0.16951296647691338,False,0.0023575412569720733,-0.0013818409499387395,0.00581904376366071,mtme_COMET-20-refA,0.27830313786573757,0.9858264490713564,0.0,0.0,0.0,0.0,0.0,0.0,0.0,0.0,0.0,0.0,0.0,0.0
ende,05,Online-W vs Online-Y,0.01,96.28666666666666,115.94,115.66666666666666,weighted,weighted,0.16951296647691338,False,0.0023575412569720733,-0.0013818409499387395,0.00581904376366071,mtme_COMET-22-refA,0.4030708700536356,0.9524733537563392,0.0,0.0,0.0,0.0,0.0,0.0,0.0,0.0,0.0,0.0,0.0,0.0
ende,05,Online-W vs Online-Y,0.01,96.28666666666666,115.94,115.66666666666666,weighted,weighted,0.16951296647691338,False,0.0023575412569720733,-0.0013818409499387395,0.00581904376366071,mtme_COMET-QE-src,0.2833878562257289,0.8324986400919704,0.0,0.0,0.0,0.0,0.0,0.0,0.0,0.0,0.0,0.0,0.0,0.0
ende,05,Online-W vs Online-Y,0.01,96.28666666666666,115.94,115.66666666666666,weighted,weighted,0.16951296647691338,False,0.0023575412569720733,-0.0013818409499387395,0.00581904376366071,mtme_COMETKiwi-src,0.30400186457893796,0.9226539774777828,0.0,0.0,0.0,0.0,0.0,0.0,0.0,0.0,0.0,0.0,0.0,0.0
ende,05,Online-W vs Online-Y,0.01,96.28666666666666,115.94,115.66666666666666,weighted,weighted,0.16951296647691338,False,0.0023575412569720733,-0.0013818409499387395,0.00581904376366071,mtme_Cross-QE-src,0.21162729738830963,0.9403569774408737,0.0,0.0,0.0,0.0,0.0,0.0,0.0,0.0,0.0,0.0,0.0,0.0
ende,05,Online-W vs Online-Y,0.01,96.28666666666666,115.94,115.66666666666666,weighted,weighted,0.16951296647691338,False,0.0023575412569720733,-0.0013818409499387395,0.00581904376366071,mtme_HWTSC-TLM-src,0.10758437016699819,0.7686262691697412,0.0,0.0,0.0,0.0,0.0,0.0,0.0,0.0,0.0,0.0,0.0,0.0
ende,05,Online-W vs Online-Y,0.01,96.28666666666666,115.94,115.66666666666666,weighted,weighted,0.16951296647691338,False,0.0023575412569720733,-0.0013818409499387395,0.00581904376366071,mtme_HWTSC-Teacher-Sim-src,0.19403133707483858,0.6922672434936012,0.0,0.0,0.0,0.0,0.0,0.0,0.0,0.0,0.0,0.0,0.0,0.0
ende,05,Online-W vs Online-Y,0.01,96.28666666666666,115.94,115.66666666666666,weighted,weighted,0.16951296647691338,False,0.0023575412569720733,-0.0013818409499387395,0.00581904376366071,mtme_KG-BERTScore-src,0.18020148010708864,0.6378374846052578,0.0,0.0,0.0,0.0,0.0,0.0,0.0,0.0,0.0,0.0,0.0,0.0
ende,05,Online-W vs Online-Y,0.01,96.28666666666666,115.94,115.66666666666666,weighted,weighted,0.16951296647691338,False,0.0023575412569720733,-0.0013818409499387395,0.00581904376366071,mtme_MATESE-QE-src,0.1538693038274761,0.7648995070123706,0.0,0.0,0.0,0.0,0.0,0.0,0.0,0.0,0.0,0.0,0.0,0.0
ende,05,Online-W vs Online-Y,0.01,96.28666666666666,115.94,115.66666666666666,weighted,weighted,0.16951296647691338,False,0.0023575412569720733,-0.0013818409499387395,0.00581904376366071,mtme_MATESE-refA,0.2581394752642969,0.9246232659550914,0.0,0.0,0.0,0.0,0.0,0.0,0.0,0.0,0.0,0.0,0.0,0.0
ende,05,Online-W vs Online-Y,0.01,96.28666666666666,115.94,115.66666666666666,weighted,weighted,0.16951296647691338,False,0.0023575412569720733,-0.0013818409499387395,0.00581904376366071,mtme_MEE-refA,0.15117381051094392,0.8768362437607912,0.0,0.0,0.0,0.0,0.0,0.0,0.0,0.0,0.0,0.0,0.0,0.0
ende,05,Online-W vs Online-Y,0.01,96.28666666666666,115.94,115.66666666666666,weighted,weighted,0.16951296647691338,False,0.0023575412569720733,-0.0013818409499387395,0.00581904376366071,mtme_MEE2-refA,0.16830028293333255,0.8910462707906135,0.0,0.0,0.0,0.0,0.0,0.0,0.0,0.0,0.0,0.0,0.0,0.0
ende,05,Online-W vs Online-Y,0.01,96.28666666666666,115.94,115.66666666666666,weighted,weighted,0.16951296647691338,False,0.0023575412569720733,-0.0013818409499387395,0.00581904376366071,mtme_MEE4-refA,0.1838082926823955,0.89207408156182,0.0,0.0,0.0,0.0,0.0,0.0,0.0,0.0,0.0,0.0,0.0,0.0
ende,05,Online-W vs Online-Y,0.01,96.28666666666666,115.94,115.66666666666666,weighted,weighted,0.16951296647691338,False,0.0023575412569720733,-0.0013818409499387395,0.00581904376366071,mtme_MS-COMET-22-refA,0.27624113251067134,0.9163007970087684,0.0,0.0,0.0,0.0,0.0,0.0,0.0,0.0,0.0,0.0,0.0,0.0
ende,05,Online-W vs Online-Y,0.01,96.28666666666666,115.94,115.66666666666666,weighted,weighted,0.16951296647691338,False,0.0023575412569720733,-0.0013818409499387395,0.00581904376366071,mtme_MS-COMET-QE-22-src,0.19031992239222056,0.7522191383266835,0.0,0.0,0.0,0.0,0.0,0.0,0.0,0.0,0.0,0.0,0.0,0.0
ende,05,Online-W vs Online-Y,0.01,96.28666666666666,115.94,115.66666666666666,weighted,weighted,0.16951296647691338,False,0.0023575412569720733,-0.0013818409499387395,0.00581904376366071,mtme_REUSE-src,-0.12393913190242598,-0.7189752875124902,0.0,0.0,0.0,0.0,0.0,0.0,0.0,0.0,0.0,0.0,0.0,0.0
ende,05,Online-W vs Online-Y,0.01,96.28666666666666,115.94,115.66666666666666,weighted,weighted,0.16951296647691338,False,0.0023575412569720733,-0.0013818409499387395,0.00581904376366071,mtme_SEScore-refA,0.18228222509907585,0.8627443368691673,0.0,0.0,0.0,0.0,0.0,0.0,0.0,0.0,0.0,0.0,0.0,0.0
ende,05,Online-W vs Online-Y,0.01,96.28666666666666,115.94,115.66666666666666,weighted,weighted,0.16951296647691338,False,0.0023575412569720733,-0.0013818409499387395,0.00581904376366071,mtme_UniTE-ref-refA,0.3771610800850451,0.935537336231014,0.0,0.0,0.0,0.0,0.0,0.0,0.0,0.0,0.0,0.0,0.0,0.0
ende,05,Online-W vs Online-Y,0.01,96.28666666666666,115.94,115.66666666666666,weighted,weighted,0.16951296647691338,False,0.0023575412569720733,-0.0013818409499387395,0.00581904376366071,mtme_UniTE-refA,0.3696786627496619,0.934069874660218,0.0,0.0,0.0,0.0,0.0,0.0,0.0,0.0,0.0,0.0,0.0,0.0
ende,05,Online-W vs Online-Y,0.01,96.28666666666666,115.94,115.66666666666666,weighted,weighted,0.16951296647691338,False,0.0023575412569720733,-0.0013818409499387395,0.00581904376366071,mtme_UniTE-src-src,0.28753692150267773,0.8781288793774996,0.0,0.0,0.0,0.0,0.0,0.0,0.0,0.0,0.0,0.0,0.0,0.0
ende,05,Online-W vs Online-Y,0.01,96.28666666666666,115.94,115.66666666666666,weighted,weighted,0.16951296647691338,False,0.0023575412569720733,-0.0013818409499387395,0.00581904376366071,mtme_YiSi-1-refA,0.1827462242999327,0.9374352886959156,0.0,0.0,0.0,0.0,0.0,0.0,0.0,0.0,0.0,0.0,0.0,0.0
ende,05,Online-W vs Online-Y,0.01,96.28666666666666,115.94,115.66666666666666,weighted,weighted,0.16951296647691338,False,0.0023575412569720733,-0.0013818409499387395,0.00581904376366071,mtme_chrF-refA,0.1478825622255239,0.913148721285636,0.0,0.0,0.0,0.0,0.0,0.0,0.0,0.0,0.0,0.0,0.0,0.0
ende,05,Online-W vs Online-Y,0.01,96.28666666666666,115.94,115.66666666666666,weighted,weighted,0.16951296647691338,False,0.0023575412569720733,-0.0013818409499387395,0.00581904376366071,mtme_f101spBLEU-refA,0.13521786738801506,0.8322237271443311,0.0,0.0,0.0,0.0,0.0,0.0,0.0,0.0,0.0,0.0,0.0,0.0
ende,05,Online-W vs Online-Y,0.01,96.28666666666666,115.94,115.66666666666666,weighted,weighted,0.16951296647691338,False,0.0023575412569720733,-0.0013818409499387395,0.00581904376366071,mtme_f200spBLEU-refA,0.1429111257378584,0.8109386629133486,0.0,0.0,0.0,0.0,0.0,0.0,0.0,0.0,0.0,0.0,0.0,0.0
ende,05,Online-W vs Online-Y,0.01,96.28666666666666,115.94,115.66666666666666,weighted,weighted,0.16951296647691338,False,0.0023575412569720733,-0.0013818409499387395,0.00581904376366071,mtme_metricx_xl_DA_2019-refA,0.4113036341897497,0.9809205978427264,0.0,0.0,0.0,0.0,0.0,0.0,0.0,0.0,0.0,0.0,0.0,0.0
ende,05,Online-W vs Online-Y,0.01,96.28666666666666,115.94,115.66666666666666,weighted,weighted,0.16951296647691338,False,0.0023575412569720733,-0.0013818409499387395,0.00581904376366071,mtme_metricx_xl_MQM_2020-refA,0.47923696275236816,0.9616341585507984,0.0,0.0,0.0,0.0,0.0,0.0,0.0,0.0,0.0,0.0,0.0,0.0
ende,05,Online-W vs Online-Y,0.01,96.28666666666666,115.94,115.66666666666666,weighted,weighted,0.16951296647691338,False,0.0023575412569720733,-0.0013818409499387395,0.00581904376366071,mtme_metricx_xxl_DA_2019-refA,0.42377665749252774,0.9781893317652096,0.0,0.0,0.0,0.0,0.0,0.0,0.0,0.0,0.0,0.0,0.0,0.0
ende,05,Online-W vs Online-Y,0.01,96.28666666666666,115.94,115.66666666666666,weighted,weighted,0.16951296647691338,False,0.0023575412569720733,-0.0013818409499387395,0.00581904376366071,mtme_metricx_xxl_MQM_2020-refA,0.47330240105337396,0.9670998023955928,0.0,0.0,0.0,0.0,0.0,0.0,0.0,0.0,0.0,0.0,0.0,0.0
ende,05,Online-W vs Online-Y,0.01,96.28666666666666,115.94,115.66666666666666,weighted,weighted,0.16951296647691338,False,0.0023575412569720733,-0.0013818409499387395,0.00581904376366071,comet22,0.33809370426627716,,0.0,0.0,0.0,0.0,0.0,0.0,0.0,0.0,0.0,0.0,0.0,0.0
ende,05,Online-W vs Online-Y,0.01,96.28666666666666,115.94,115.66666666666666,weighted,weighted,0.16951296647691338,False,0.0023575412569720733,-0.0013818409499387395,0.00581904376366071,qwen3_8b,0.1931525208880842,,0.0,0.0,0.0,0.0,0.0,0.0,0.0,0.0,0.0,0.0,0.0,0.0
ende,05,Online-W vs Online-Y,0.01,96.28666666666666,115.94,115.66666666666666,weighted,weighted,0.16951296647691338,False,0.0023575412569720733,-0.0013818409499387395,0.00581904376366071,mistral_7b,0.040067654546590226,,0.0,0.0,0.0,0.0,0.0,0.0,0.0,0.0,0.0,0.0,0.0,0.0
ende,05,Online-W vs Online-Y,0.02,96.28666666666666,115.94,115.66666666666666,weighted,weighted,0.16951296647691338,False,0.0023575412569720733,-0.0013818409499387395,0.00581904376366071,mtme_BERTScore-refA,0.16532627459155705,0.906706577010188,0.0,0.0,0.0,0.0,0.0,0.0,0.0,0.0,0.0,0.0,0.0,0.0
ende,05,Online-W vs Online-Y,0.02,96.28666666666666,115.94,115.66666666666666,weighted,weighted,0.16951296647691338,False,0.0023575412569720733,-0.0013818409499387395,0.00581904376366071,mtme_BLEU-refA,0.12370040155272247,0.8634063310084908,0.0,0.0,0.0,0.0,0.0,0.0,0.0,0.0,0.0,0.0,0.0,0.0
ende,05,Online-W vs Online-Y,0.02,96.28666666666666,115.94,115.66666666666666,weighted,weighted,0.16951296647691338,False,0.0023575412569720733,-0.0013818409499387395,0.00581904376366071,mtme_BLEURT-20-refA,0.37215788513285564,0.977419310947295,0.0,0.0,0.0,0.0,0.0,0.0,0.0,0.0,0.0,0.0,0.0,0.0
ende,05,Online-W vs Online-Y,0.02,96.28666666666666,115.94,115.66666666666666,weighted,weighted,0.16951296647691338,False,0.0023575412569720733,-0.0013818409499387395,0.00581904376366071,mtme_COMET-20-refA,0.27830313786573757,0.9858264490713564,0.0,0.0,0.0,0.0,0.0,0.0,0.0,0.0,0.0,0.0,0.0,0.0
ende,05,Online-W vs Online-Y,0.02,96.28666666666666,115.94,115.66666666666666,weighted,weighted,0.16951296647691338,False,0.0023575412569720733,-0.0013818409499387395,0.00581904376366071,mtme_COMET-22-refA,0.4030708700536356,0.9524733537563392,0.0,0.0,0.0,0.0,0.0,0.0,0.0,0.0,0.0,0.0,0.0,0.0
ende,05,Online-W vs Online-Y,0.02,96.28666666666666,115.94,115.66666666666666,weighted,weighted,0.16951296647691338,False,0.0023575412569720733,-0.0013818409499387395,0.00581904376366071,mtme_COMET-QE-src,0.2833878562257289,0.8324986400919704,0.0,0.0,0.0,0.0,0.0,0.0,0.0,0.0,0.0,0.0,0.0,0.0
ende,05,Online-W vs Online-Y,0.02,96.28666666666666,115.94,115.66666666666666,weighted,weighted,0.16951296647691338,False,0.0023575412569720733,-0.0013818409499387395,0.00581904376366071,mtme_COMETKiwi-src,0.30400186457893796,0.9226539774777828,0.0,0.0,0.0,0.0,0.0,0.0,0.0,0.0,0.0,0.0,0.0,0.0
ende,05,Online-W vs Online-Y,0.02,96.28666666666666,115.94,115.66666666666666,weighted,weighted,0.16951296647691338,False,0.0023575412569720733,-0.0013818409499387395,0.00581904376366071,mtme_Cross-QE-src,0.21162729738830963,0.9403569774408737,0.0,0.0,0.0,0.0,0.0,0.0,0.0,0.0,0.0,0.0,0.0,0.0
ende,05,Online-W vs Online-Y,0.02,96.28666666666666,115.94,115.66666666666666,weighted,weighted,0.16951296647691338,False,0.0023575412569720733,-0.0013818409499387395,0.00581904376366071,mtme_HWTSC-TLM-src,0.10758437016699819,0.7686262691697412,0.0,0.0,0.0,0.0,0.0,0.0,0.0,0.0,0.0,0.0,0.0,0.0
ende,05,Online-W vs Online-Y,0.02,96.28666666666666,115.94,115.66666666666666,weighted,weighted,0.16951296647691338,False,0.0023575412569720733,-0.0013818409499387395,0.00581904376366071,mtme_HWTSC-Teacher-Sim-src,0.19403133707483858,0.6922672434936012,0.0,0.0,0.0,0.0,0.0,0.0,0.0,0.0,0.0,0.0,0.0,0.0
ende,05,Online-W vs Online-Y,0.02,96.28666666666666,115.94,115.66666666666666,weighted,weighted,0.16951296647691338,False,0.0023575412569720733,-0.0013818409499387395,0.00581904376366071,mtme_KG-BERTScore-src,0.18020148010708864,0.6378374846052578,0.0,0.0,0.0,0.0,0.0,0.0,0.0,0.0,0.0,0.0,0.0,0.0
ende,05,Online-W vs Online-Y,0.02,96.28666666666666,115.94,115.66666666666666,weighted,weighted,0.16951296647691338,False,0.0023575412569720733,-0.0013818409499387395,0.00581904376366071,mtme_MATESE-QE-src,0.1538693038274761,0.7648995070123706,0.0,0.0,0.0,0.0,0.0,0.0,0.0,0.0,0.0,0.0,0.0,0.0
ende,05,Online-W vs Online-Y,0.02,96.28666666666666,115.94,115.66666666666666,weighted,weighted,0.16951296647691338,False,0.0023575412569720733,-0.0013818409499387395,0.00581904376366071,mtme_MATESE-refA,0.2581394752642969,0.9246232659550914,0.0,0.0,0.0,0.0,0.0,0.0,0.0,0.0,0.0,0.0,0.0,0.0
ende,05,Online-W vs Online-Y,0.02,96.28666666666666,115.94,115.66666666666666,weighted,weighted,0.16951296647691338,False,0.0023575412569720733,-0.0013818409499387395,0.00581904376366071,mtme_MEE-refA,0.15117381051094392,0.8768362437607912,0.0,0.0,0.0,0.0,0.0,0.0,0.0,0.0,0.0,0.0,0.0,0.0
ende,05,Online-W vs Online-Y,0.02,96.28666666666666,115.94,115.66666666666666,weighted,weighted,0.16951296647691338,False,0.0023575412569720733,-0.0013818409499387395,0.00581904376366071,mtme_MEE2-refA,0.16830028293333255,0.8910462707906135,0.0,0.0,0.0,0.0,0.0,0.0,0.0,0.0,0.0,0.0,0.0,0.0
ende,05,Online-W vs Online-Y,0.02,96.28666666666666,115.94,115.66666666666666,weighted,weighted,0.16951296647691338,False,0.0023575412569720733,-0.0013818409499387395,0.00581904376366071,mtme_MEE4-refA,0.1838082926823955,0.89207408156182,0.0,0.0,0.0,0.0,0.0,0.0,0.0,0.0,0.0,0.0,0.0,0.0
ende,05,Online-W vs Online-Y,0.02,96.28666666666666,115.94,115.66666666666666,weighted,weighted,0.16951296647691338,False,0.0023575412569720733,-0.0013818409499387395,0.00581904376366071,mtme_MS-COMET-22-refA,0.27624113251067134,0.9163007970087684,0.0,0.0,0.0,0.0,0.0,0.0,0.0,0.0,0.0,0.0,0.0,0.0
ende,05,Online-W vs Online-Y,0.02,96.28666666666666,115.94,115.66666666666666,weighted,weighted,0.16951296647691338,False,0.0023575412569720733,-0.0013818409499387395,0.00581904376366071,mtme_MS-COMET-QE-22-src,0.19031992239222056,0.7522191383266835,0.0,0.0,0.0,0.0,0.0,0.0,0.0,0.0,0.0,0.0,0.0,0.0
ende,05,Online-W vs Online-Y,0.02,96.28666666666666,115.94,115.66666666666666,weighted,weighted,0.16951296647691338,False,0.0023575412569720733,-0.0013818409499387395,0.00581904376366071,mtme_REUSE-src,-0.12393913190242598,-0.7189752875124902,0.0,0.0,0.0,0.0,0.0,0.0,0.0,0.0,0.0,0.0,0.0,0.0
ende,05,Online-W vs Online-Y,0.02,96.28666666666666,115.94,115.66666666666666,weighted,weighted,0.16951296647691338,False,0.0023575412569720733,-0.0013818409499387395,0.00581904376366071,mtme_SEScore-refA,0.18228222509907585,0.8627443368691673,0.0,0.0,0.0,0.0,0.0,0.0,0.0,0.0,0.0,0.0,0.0,0.0
ende,05,Online-W vs Online-Y,0.02,96.28666666666666,115.94,115.66666666666666,weighted,weighted,0.16951296647691338,False,0.0023575412569720733,-0.0013818409499387395,0.00581904376366071,mtme_UniTE-ref-refA,0.3771610800850451,0.935537336231014,0.0,0.0,0.0,0.0,0.0,0.0,0.0,0.0,0.0,0.0,0.0,0.0
ende,05,Online-W vs Online-Y,0.02,96.28666666666666,115.94,115.66666666666666,weighted,weighted,0.16951296647691338,False,0.0023575412569720733,-0.0013818409499387395,0.00581904376366071,mtme_UniTE-refA,0.3696786627496619,0.934069874660218,0.0,0.0,0.0,0.0,0.0,0.0,0.0,0.0,0.0,0.0,0.0,0.0
ende,05,Online-W vs Online-Y,0.02,96.28666666666666,115.94,115.66666666666666,weighted,weighted,0.16951296647691338,False,0.0023575412569720733,-0.0013818409499387395,0.00581904376366071,mtme_UniTE-src-src,0.28753692150267773,0.8781288793774996,0.0,0.0,0.0,0.0,0.0,0.0,0.0,0.0,0.0,0.0,0.0,0.0
ende,05,Online-W vs Online-Y,0.02,96.28666666666666,115.94,115.66666666666666,weighted,weighted,0.16951296647691338,False,0.0023575412569720733,-0.0013818409499387395,0.00581904376366071,mtme_YiSi-1-refA,0.1827462242999327,0.9374352886959156,0.0,0.0,0.0,0.0,0.0,0.0,0.0,0.0,0.0,0.0,0.0,0.0
ende,05,Online-W vs Online-Y,0.02,96.28666666666666,115.94,115.66666666666666,weighted,weighted,0.16951296647691338,False,0.0023575412569720733,-0.0013818409499387395,0.00581904376366071,mtme_chrF-refA,0.1478825622255239,0.913148721285636,0.0,0.0,0.0,0.0,0.0,0.0,0.0,0.0,0.0,0.0,0.0,0.0
ende,05,Online-W vs Online-Y,0.02,96.28666666666666,115.94,115.66666666666666,weighted,weighted,0.16951296647691338,False,0.0023575412569720733,-0.0013818409499387395,0.00581904376366071,mtme_f101spBLEU-refA,0.13521786738801506,0.8322237271443311,0.0,0.0,0.0,0.0,0.0,0.0,0.0,0.0,0.0,0.0,0.0,0.0
ende,05,Online-W vs Online-Y,0.02,96.28666666666666,115.94,115.66666666666666,weighted,weighted,0.16951296647691338,False,0.0023575412569720733,-0.0013818409499387395,0.00581904376366071,mtme_f200spBLEU-refA,0.1429111257378584,0.8109386629133486,0.0,0.0,0.0,0.0,0.0,0.0,0.0,0.0,0.0,0.0,0.0,0.0
ende,05,Online-W vs Online-Y,0.02,96.28666666666666,115.94,115.66666666666666,weighted,weighted,0.16951296647691338,False,0.0023575412569720733,-0.0013818409499387395,0.00581904376366071,mtme_metricx_xl_DA_2019-refA,0.4113036341897497,0.9809205978427264,0.0,0.0,0.0,0.0,0.0,0.0,0.0,0.0,0.0,0.0,0.0,0.0
ende,05,Online-W vs Online-Y,0.02,96.28666666666666,115.94,115.66666666666666,weighted,weighted,0.16951296647691338,False,0.0023575412569720733,-0.0013818409499387395,0.00581904376366071,mtme_metricx_xl_MQM_2020-refA,0.47923696275236816,0.9616341585507984,0.0,0.0,0.0,0.0,0.0,0.0,0.0,0.0,0.0,0.0,0.0,0.0
ende,05,Online-W vs Online-Y,0.02,96.28666666666666,115.94,115.66666666666666,weighted,weighted,0.16951296647691338,False,0.0023575412569720733,-0.0013818409499387395,0.00581904376366071,mtme_metricx_xxl_DA_2019-refA,0.42377665749252774,0.9781893317652096,0.0,0.0,0.0,0.0,0.0,0.0,0.0,0.0,0.0,0.0,0.0,0.0
ende,05,Online-W vs Online-Y,0.02,96.28666666666666,115.94,115.66666666666666,weighted,weighted,0.16951296647691338,False,0.0023575412569720733,-0.0013818409499387395,0.00581904376366071,mtme_metricx_xxl_MQM_2020-refA,0.47330240105337396,0.9670998023955928,0.0,0.0,0.0,0.0,0.0,0.0,0.0,0.0,0.0,0.0,0.0,0.0
ende,05,Online-W vs Online-Y,0.02,96.28666666666666,115.94,115.66666666666666,weighted,weighted,0.16951296647691338,False,0.0023575412569720733,-0.0013818409499387395,0.00581904376366071,comet22,0.33809370426627716,,0.0,0.0,0.0,0.0,0.0,0.0,0.0,0.0,0.0,0.0,0.0,0.0
ende,05,Online-W vs Online-Y,0.02,96.28666666666666,115.94,115.66666666666666,weighted,weighted,0.16951296647691338,False,0.0023575412569720733,-0.0013818409499387395,0.00581904376366071,qwen3_8b,0.1931525208880842,,0.0,0.0,0.0,0.0,0.0,0.0,0.0,0.0,0.0,0.0,0.0,0.0
ende,05,Online-W vs Online-Y,0.02,96.28666666666666,115.94,115.66666666666666,weighted,weighted,0.16951296647691338,False,0.0023575412569720733,-0.0013818409499387395,0.00581904376366071,mistral_7b,0.040067654546590226,,0.0,0.0,0.0,0.0,0.0,0.0,0.0,0.0,0.0,0.0,0.0,0.0
ende,12,Online-B vs JDExploreAcademy,0.01,88.29,201.97944444444462,162.77000000000066,weighted,weighted,0.5628763102956025,True,0.1941259149033292,-0.555095850720471,0.36094542009875025,mtme_BERTScore-refA,0.10639612626808637,0.906706577010188,-0.01978251520550267,-0.24802200108030972,0.3347136334578915,0.057149488371456725,-0.04207713944092458,0.3456792681945973,-0.012246318936738998,-0.2738698913208108,0.21016388902548575,-0.04286211627859671,-0.232407140536067,0.24098544387813478
ende,12,Online-B vs JDExploreAcademy,0.01,88.29,201.97944444444462,162.77000000000066,weighted,weighted,0.5628763102956025,True,0.1941259149033292,-0.555095850720471,0.36094542009875025,mtme_BLEU-refA,0.08806344645293614,0.8634063310084908,-0.061231594683705204,-0.2940532038455953,0.01964724414554792,0.034289693022875545,-0.07578392620058176,0.1998882871756057,0.023379336151961083,-0.16709379921002596,0.1998630884108023,-0.09350873420572703,-0.3035444474260799,0.028609988933239537
ende,12,Online-B vs JDExploreAcademy,0.01,88.29,201.97944444444462,162.77000000000066,weighted,weighted,0.5628763102956025,True,0.1941259149033292,-0.555095850720471,0.36094542009875025,mtme_BLEURT-20-refA,0.26783315664833296,0.977419310947295,0.09775282957655518,-0.06932835554656921,0.23932431183258915,0.08572423255718764,-0.042493419226637026,0.23965644887428514,0.0984210849665198,-0.1021800567808767,0.23543907876159373,0.08572423255718553,-0.21135677188047897,0.22878755748007795
ende,12,Online-B vs JDExploreAcademy,0.01,88.29,201.97944444444462,162.77000000000066,weighted,weighted,0.5628763102956025,True,0.1941259149033292,-0.555095850720471,0.36094542009875025,mtme_COMET-20-refA,0.22118819322815858,0.9858264490713564,-0.09568839466731949,-0.3104214698546516,0.218161232024778,0.09207265876185478,-0.08299691276870799,0.3384965104482831,-0.1240479329807802,-0.3162838215860227,0.16802789816447214,0.09069256610866694,-0.23432003667883128,0.22391109802216322
ende,12,Online-B vs JDExploreAcademy,0.01,88.29,201.97944444444462,162.77000000000066,weighted,weighted,0.5628763102956025,True,0.1941259149033292,-0.555095850720471,0.36094542009875025,mtme_COMET-22-refA,0.29391736012516173,0.9524733537563392,0.023379336151961083,-0.2657259913025057,0.18745827230732437,0.0685793860457502,-0.18314747146497293,0.2718057979972446,-0.03673895681022343,-0.2709380609556825,0.18613088414750892,-1.176836406102666e-14,-0.2580070554490176,0.20385390545111365
ende,12,Online-B vs JDExploreAcademy,0.01,88.29,201.97944444444462,162.77000000000066,weighted,weighted,0.5628763102956025,True,0.1941259149033292,-0.555095850720471,0.36094542009875025,mtme_COMET-QE-src,0.21270236142384238,0.8324986400919704,-0.09883497217578263,-0.30746080337417575,0.050310103858852415,0.08572423255718498,-0.07469821861929984,0.24248099453050584,-0.12825419278336936,-0.3004773577839871,0.17106744343733582,-0.10082144787557024,-0.32250859375529395,0.1716004312818537
ende,12,Online-B vs JDExploreAcademy,0.01,88.29,201.97944444444462,162.77000000000066,weighted,weighted,0.5628763102956025,True,0.1941259149033292,-0.555095850720471,0.36094542009875025,mtme_COMETKiwi-src,0.15875922056930025,0.9226539774777828,-0.10082144787557024,-0.3495536257818854,0.11867697159926874,-0.02337933615195875,-0.22890941029705061,0.20656248143755673,-0.12032201766181894,-0.3303984042014399,0.0695601285008822,-0.0571494883714565,-0.28734065570628925,0.08591469423799089
ende,12,Online-B vs JDExploreAcademy,0.01,88.29,201.97944444444462,162.77000000000066,weighted,weighted,0.5628763102956025,True,0.1941259149033292,-0.555095850720471,0.36094542009875025,mtme_Cross-QE-src,0.1970918942581933,0.9403569774408737,-0.09431402747971451,-0.3527739142188884,0.017407663853434997,0.0065941717351700735,-0.23634362926653538,0.15953749372939574,-0.1035173791824251,-0.31338545449990823,0.047875460666604565,-0.05934754561651223,-0.29787626090588276,0.04797106697939404
ende,12,Online-B vs JDExploreAcademy,0.01,88.29,201.97944444444462,162.77000000000066,weighted,weighted,0.5628763102956025,True,0.1941259149033292,-0.555095850720471,0.36094542009875025,mtme_HWTSC-TLM-src,0.10770870633887962,0.7686262691697412,-0.11063463783252114,-0.33015694467259304,0.010220407084753785,-0.01224631893674144,-0.2439504850165477,0.2567181478420326,-0.10837005553476309,-0.3412964974497188,0.012427133219022751,-0.03896556025326592,-0.28280026602397074,0.058799152272654115
ende,12,Online-B vs JDExploreAcademy,0.01,88.29,201.97944444444462,162.77000000000066,weighted,weighted,0.5628763102956025,True,0.1941259149033292,-0.555095850720471,0.36094542009875025,mtme_HWTSC-Teacher-Sim-src,0.09438359288986578,0.6922672434936012,-0.04286211627859182,-0.31334034784835524,0.03961047196331349,0.061231594683704316,-0.03740784443947516,0.2245946592604725,-3.774758283725532e-15,-0.10773957198179498,0.16841027432659658,-6.661338147750939e-16,-0.13290560043520336,0.2086941802943361
ende,12,Online-B vs JDExploreAcademy,0.01,88.29,201.97944444444462,162.77000000000066,weighted,weighted,0.5628763102956025,True,0.1941259149033292,-0.555095850720471,0.36094542009875025,mtme_KG-BERTScore-src,0.09633943128491612,0.6378374846052578,-0.06857938604574843,-0.331374853313227,0.019886141751951563,0.023379336151961083,-0.17878819277323305,0.1814380363995727,-0.08572423255718453,-0.31933707475996165,0.009352820861154063,-0.061231594683705204,-0.254919113480937,0.19065468820698028
ende,12,Online-B vs JDExploreAcademy,0.01,88.29,201.97944444444462,162.77000000000066,weighted,weighted,0.5628763102956025,True,0.1941259149033292,-0.555095850720471,0.36094542009875025,mtme_MATESE-QE-src,0.08913556285638172,0.7648995070123706,-0.12131052580766633,-0.41210714689037486,-0.007623394507902245,0.0857242325571822,-0.05762427229491026,0.19296837002964187,-0.034289693022873546,-0.3573354609325366,0.0457543497198365,0.0,-0.30310769915537084,0.12374308382487514
ende,12,Online-B vs JDExploreAcademy,0.01,88.29,201.97944444444462,162.77000000000066,weighted,weighted,0.5628763102956025,True,0.1941259149033292,-0.555095850720471,0.36094542009875025,mtme_MATESE-refA,0.16462642629381133,0.9246232659550914,-0.014287372092862682,-0.3133146243273009,0.07722522219373838,0.08572423255718764,-0.053523863270684556,0.20951157097677411,0.02857474418572814,-0.1403093045289435,0.18367550128617255,-1.021405182655144e-14,-0.12203099510068986,0.22461539187792307
ende,12,Online-B vs JDExploreAcademy,0.01,88.29,201.97944444444462,162.77000000000066,weighted,weighted,0.5628763102956025,True,0.1941259149033292,-0.555095850720471,0.36094542009875025,mtme_MEE-refA,0.13396416727714977,0.8768362437607912,-0.10565255677745444,-0.32800494144962034,0.10459217508304469,-1.176836406102666e-14,-0.22044077476402396,0.1861539733557262,-0.08572423255718564,-0.3245195485638303,0.1012227839674792,-0.10417638461298973,-0.298943424927685,0.07739308765337218
ende,12,Online-B vs JDExploreAcademy,0.01,88.29,201.97944444444462,162.77000000000066,weighted,weighted,0.5628763102956025,True,0.1941259149033292,-0.555095850720471,0.36094542009875025,mtme_MEE2-refA,0.11307117744268326,0.8910462707906135,-0.06429317441788984,-0.3017267738336951,0.046370593659499915,0.06123159468370465,-0.07443285174300258,0.2307479535115529,-0.02857474418573025,-0.248290832606987,0.1691927622748773,-0.08572423255718453,-0.2778022858343038,0.043535176291889556
ende,12,Online-B vs JDExploreAcademy,0.01,88.29,201.97944444444462,162.77000000000066,weighted,weighted,0.5628763102956025,True,0.1941259149033292,-0.555095850720471,0.36094542009875025,mtme_MEE4-refA,0.10389368316047848,0.89207408156182,-0.09610356808857512,-0.32425466251275675,0.029167019121856267,0.0428621162785936,-0.055250800721860845,0.2074605898403232,-0.03673895681022343,-0.2564105768859716,0.1186885646391356,-0.042862116278593376,-0.25265192170230044,0.16496892836761962
ende,12,Online-B vs JDExploreAcademy,0.01,88.29,201.97944444444462,162.77000000000066,weighted,weighted,0.5628763102956025,True,0.1941259149033292,-0.555095850720471,0.36094542009875025,mtme_MS-COMET-22-refA,0.17887107252639234,0.9163007970087684,-0.09568839466731927,-0.3333830538105537,0.05469084041000899,0.02857474418572936,-0.22090343100895724,0.21626655961879074,-0.06667440310003347,-0.3370798801538327,0.037741529711613965,-0.04762457364288064,-0.2776654552050692,0.05991215538907968
ende,12,Online-B vs JDExploreAcademy,0.01,88.29,201.97944444444462,162.77000000000066,weighted,weighted,0.5628763102956025,True,0.1941259149033292,-0.555095850720471,0.36094542009875025,mtme_MS-COMET-QE-22-src,0.10899021931190353,0.7522191383266835,-0.09462080586980481,-0.29975729370352056,0.03205085318718497,-0.08572423255718409,-0.26595637487247414,0.20099201099039965,-0.1385644861715356,-0.34993483250111634,-0.01263895677343481,-0.10082144787557024,-0.31013262642186107,0.19765186431279164
ende,12,Online-B vs JDExploreAcademy,0.01,88.29,201.97944444444462,162.77000000000066,weighted,weighted,0.5628763102956025,True,0.1941259149033292,-0.555095850720471,0.36094542009875025,mtme_REUSE-src,-0.10397491826470176,-0.7189752875124902,-0.00952491472857564,-0.10822319396367672,0.012603342142798277,1.2212453270876722e-15,-0.0375082722586157,0.02850280578289684,0.009524914728577083,-0.03240978014611711,0.034134712623749154,0.0,0.0,0.0
ende,12,Online-B vs JDExploreAcademy,0.01,88.29,201.97944444444462,162.77000000000066,weighted,weighted,0.5628763102956025,True,0.1941259149033292,-0.555095850720471,0.36094542009875025,mtme_SEScore-refA,0.1430679194535585,0.8627443368691673,-0.051434539534314094,-0.28608723584605866,0.08235698007704974,0.09091839945191582,-0.14336554525673587,0.23321172035752225,-0.03673895681022343,-0.2692087260730307,0.09100783018560171,-0.08572423255718409,-0.21801378227121934,0.2095993003353396
ende,12,Online-B vs JDExploreAcademy,0.01,88.29,201.97944444444462,162.77000000000066,weighted,weighted,0.5628763102956025,True,0.1941259149033292,-0.555095850720471,0.36094542009875025,mtme_UniTE-ref-refA,0.2907029897766017,0.935537336231014,-0.047624573642881085,-0.28241532647968143,0.12004570424225768,0.03297085867584282,-0.09137786314716513,0.27695186109126735,-0.05934754561651223,-0.3022657750908252,0.10696566918063516,0.0057149488371477375,-0.23531587331665496,0.26641732983192434
ende,12,Online-B vs JDExploreAcademy,0.01,88.29,201.97944444444462,162.77000000000066,weighted,weighted,0.5628763102956025,True,0.1941259149033292,-0.555095850720471,0.36094542009875025,mtme_UniTE-refA,0.28618141639747113,0.934069874660218,-0.06857938604574843,-0.3254443563422413,0.06622105163423131,0.09715139972558584,-0.09760259831926647,0.27694428802932586,-0.08572423255718409,-0.299066999159173,0.1116400459639001,0.0,-0.17875846289749583,0.20428752554328627
ende,12,Online-B vs JDExploreAcademy,0.01,88.29,201.97944444444462,162.77000000000066,weighted,weighted,0.5628763102956025,True,0.1941259149033292,-0.555095850720471,0.36094542009875025,mtme_UniTE-src-src,0.1845173454583082,0.8781288793774996,-0.05934754561651223,-0.3544948708260416,0.026017060615474614,0.009524914728576972,-0.1316842866379037,0.15331726888097955,-0.08572423255718409,-0.29261356765450364,0.06483658162324057,-0.03896556025326525,-0.30575282119227254,0.11554883386841175
ende,12,Online-B vs JDExploreAcademy,0.01,88.29,201.97944444444462,162.77000000000066,weighted,weighted,0.5628763102956025,True,0.1941259149033292,-0.555095850720471,0.36094542009875025,mtme_YiSi-1-refA,0.11113335868264887,0.9374352886959156,-0.061231594683705204,-0.2594366013549969,0.19544135436627805,0.0,-0.22847261493149038,0.1991547158366024,-0.11063463783252137,-0.21277177649193313,0.1849290284622409,-0.08572423255718409,-0.12741718210043687,0.2350172011933911
ende,12,Online-B vs JDExploreAcademy,0.01,88.29,201.97944444444462,162.77000000000066,weighted,weighted,0.5628763102956025,True,0.1941259149033292,-0.555095850720471,0.36094542009875025,mtme_chrF-refA,0.12973207042998203,0.913148721285636,-0.04538341723615558,-0.29166292190337956,0.03693100289373281,0.021431058139297243,-0.08282119509304323,0.22282272214926507,-0.03896556025326525,-0.2677712511334666,0.060970544325675266,-0.00952491472857564,-0.1284286556372567,0.21170227754674886
ende,12,Online-B vs JDExploreAcademy,0.01,88.29,201.97944444444462,162.77000000000066,weighted,weighted,0.5628763102956025,True,0.1941259149033292,-0.555095850720471,0.36094542009875025,mtme_f101spBLEU-refA,0.10156713496396383,0.8322237271443311,-0.03428969302287421,-0.261729391005611,0.027750671636899014,0.028574744185729695,-0.12428062081322955,0.13463299329026726,-0.028574744185727363,-0.29019702036311473,0.049981329065922966,-0.09402770098229674,-0.3078087262399937,0.08483304230551653
ende,12,Online-B vs JDExploreAcademy,0.01,88.29,201.97944444444462,162.77000000000066,weighted,weighted,0.5628763102956025,True,0.1941259149033292,-0.555095850720471,0.36094542009875025,mtme_f200spBLEU-refA,0.10334193538499836,0.8109386629133486,-0.028574744185728695,-0.24082142695711312,0.06435651678711422,0.021431058139297243,-0.0898129886599661,0.19957721114393204,-0.028574744185727363,-0.2843251689338886,0.07519460337568425,-0.0937598471621317,-0.30950447197499775,0.09385465249844521
ende,12,Online-B vs JDExploreAcademy,0.01,88.29,201.97944444444462,162.77000000000066,weighted,weighted,0.5628763102956025,True,0.1941259149033292,-0.555095850720471,0.36094542009875025,mtme_metricx_xl_DA_2019-refA,0.3669926269870809,0.9809205978427264,-0.09883497217578241,-0.3195753637483023,0.19715389876526704,0.1174663635805151,-0.039092012713336906,0.2538745135032337,-0.10351737918242465,-0.2899128967839673,0.2057909851091783,0.10000819151768581,-0.16675620932620755,0.2547361610397161
ende,12,Online-B vs JDExploreAcademy,0.01,88.29,201.97944444444462,162.77000000000066,weighted,weighted,0.5628763102956025,True,0.1941259149033292,-0.555095850720471,0.36094542009875025,mtme_metricx_xl_MQM_2020-refA,0.42447587221824035,0.9616341585507984,-0.10440703651368666,-0.37306288396343135,0.07624631323469597,0.11837328160975091,-0.07073540714731213,0.3054844523267705,-0.10692457747236417,-0.27305652583227363,0.20332314714821587,-0.09704714404597325,-0.27707223506586226,0.2543204355427931
ende,12,Online-B vs JDExploreAcademy,0.01,88.29,201.97944444444462,162.77000000000066,weighted,weighted,0.5628763102956025,True,0.1941259149033292,-0.555095850720471,0.36094542009875025,mtme_metricx_xxl_DA_2019-refA,0.3544646023683504,0.9781893317652096,-0.1134024606408921,-0.3536224817541937,0.21615457447923134,0.10650090013609259,-0.0670462391554129,0.33756354974427794,-0.11419326715756939,-0.3132138675753742,0.2222644942481698,-0.028574744185728695,-0.2912177395165631,0.23177378298009152
ende,12,Online-B vs JDExploreAcademy,0.01,88.29,201.97944444444462,162.77000000000066,weighted,weighted,0.5628763102956025,True,0.1941259149033292,-0.555095850720471,0.36094542009875025,mtme_metricx_xxl_MQM_2020-refA,0.3975333064303676,0.9670998023955928,-0.09731046756896844,-0.3536136969815726,0.07821275387130013,0.0666744031000347,-0.2118775837924894,0.22042699361990858,-0.08572423255718409,-0.3156313028008067,0.08346757752304952,1.2212453270876722e-15,-0.2572371314400521,0.14287212089464105
ende,12,Online-B vs JDExploreAcademy,0.01,88.29,201.97944444444462,162.77000000000066,weighted,weighted,0.5628763102956025,True,0.1941259149033292,-0.555095850720471,0.36094542009875025,comet22,0.2491070227761578,,-0.014287372092862904,-0.3106136802385187,0.10304369277931986,0.028574744185730472,-0.10964916127527054,0.2086077446348651,-0.06857938604574843,-0.3214430657185806,0.048854597167335034,-0.00952491472857564,-0.25325638983278936,0.15332700380276007
ende,12,Online-B vs JDExploreAcademy,0.01,88.29,201.97944444444462,162.77000000000066,weighted,weighted,0.5628763102956025,True,0.1941259149033292,-0.555095850720471,0.36094542009875025,qwen3_8b,0.16233970728201558,,0.017144846511435552,-0.11084396199723322,0.15201216494894237,-0.08572423255718409,-0.149373771133933,0.24102370465885803,-0.10837005553476331,-0.33448678811780125,0.0338944609942551,-0.08572423255718409,-0.26998356929081513,0.18405696983497483
ende,12,Online-B vs JDExploreAcademy,0.01,88.29,201.97944444444462,162.77000000000066,weighted,weighted,0.5628763102956025,True,0.1941259149033292,-0.555095850720471,0.36094542009875025,mistral_7b,0.03237453923000147,,-0.11969296702355381,-0.25788544109873,0.008420338362200797,-0.08572423255718431,-0.07853481469773001,0.21232013313330556,-0.13362885808667913,-0.31617192523671955,0.019031588663390702,-0.01224631893674144,-0.05710678549398658,0.027722444048906475
ende,12,Online-B vs JDExploreAcademy,0.02,88.29,107.94333333333336,107.48333333333336,weighted,weighted,0.1820708396380818,False,0.004261495228978118,-0.0011816334321265386,0.008837748526184245,mtme_BERTScore-refA,0.10639612626808637,0.906706577010188,0.0,0.0,0.0,0.0,0.0,0.0,0.0,0.0,0.0,0.0,0.0,0.0
ende,12,Online-B vs JDExploreAcademy,0.02,88.29,107.94333333333336,107.48333333333336,weighted,weighted,0.1820708396380818,False,0.004261495228978118,-0.0011816334321265386,0.008837748526184245,mtme_BLEU-refA,0.08806344645293614,0.8634063310084908,0.0,0.0,0.0,0.0,0.0,0.0,0.0,0.0,0.0,0.0,0.0,0.0
ende,12,Online-B vs JDExploreAcademy,0.02,88.29,107.94333333333336,107.48333333333336,weighted,weighted,0.1820708396380818,False,0.004261495228978118,-0.0011816334321265386,0.008837748526184245,mtme_BLEURT-20-refA,0.26783315664833296,0.977419310947295,0.0,0.0,0.0,0.0,0.0,0.0,0.0,0.0,0.0,0.0,0.0,0.0
ende,12,Online-B vs JDExploreAcademy,0.02,88.29,107.94333333333336,107.48333333333336,weighted,weighted,0.1820708396380818,False,0.004261495228978118,-0.0011816334321265386,0.008837748526184245,mtme_COMET-20-refA,0.22118819322815858,0.9858264490713564,0.0,0.0,0.0,0.0,0.0,0.0,0.0,0.0,0.0,0.0,0.0,0.0
ende,12,Online-B vs JDExploreAcademy,0.02,88.29,107.94333333333336,107.48333333333336,weighted,weighted,0.1820708396380818,False,0.004261495228978118,-0.0011816334321265386,0.008837748526184245,mtme_COMET-22-refA,0.29391736012516173,0.9524733537563392,0.0,0.0,0.0,0.0,0.0,0.0,0.0,0.0,0.0,0.0,0.0,0.0
ende,12,Online-B vs JDExploreAcademy,0.02,88.29,107.94333333333336,107.48333333333336,weighted,weighted,0.1820708396380818,False,0.004261495228978118,-0.0011816334321265386,0.008837748526184245,mtme_COMET-QE-src,0.21270236142384238,0.8324986400919704,0.0,0.0,0.0,0.0,0.0,0.0,0.0,0.0,0.0,0.0,0.0,0.0
ende,12,Online-B vs JDExploreAcademy,0.02,88.29,107.94333333333336,107.48333333333336,weighted,weighted,0.1820708396380818,False,0.004261495228978118,-0.0011816334321265386,0.008837748526184245,mtme_COMETKiwi-src,0.15875922056930025,0.9226539774777828,0.0,0.0,0.0,0.0,0.0,0.0,0.0,0.0,0.0,0.0,0.0,0.0
ende,12,Online-B vs JDExploreAcademy,0.02,88.29,107.94333333333336,107.48333333333336,weighted,weighted,0.1820708396380818,False,0.004261495228978118,-0.0011816334321265386,0.008837748526184245,mtme_Cross-QE-src,0.1970918942581933,0.9403569774408737,0.0,0.0,0.0,0.0,0.0,0.0,0.0,0.0,0.0,0.0,0.0,0.0
ende,12,Online-B vs JDExploreAcademy,0.02,88.29,107.94333333333336,107.48333333333336,weighted,weighted,0.1820708396380818,False,0.004261495228978118,-0.0011816334321265386,0.008837748526184245,mtme_HWTSC-TLM-src,0.10770870633887962,0.7686262691697412,0.0,0.0,0.0,0.0,0.0,0.0,0.0,0.0,0.0,0.0,0.0,0.0
ende,12,Online-B vs JDExploreAcademy,0.02,88.29,107.94333333333336,107.48333333333336,weighted,weighted,0.1820708396380818,False,0.004261495228978118,-0.0011816334321265386,0.008837748526184245,mtme_HWTSC-Teacher-Sim-src,0.09438359288986578,0.6922672434936012,0.0,0.0,0.0,0.0,0.0,0.0,0.0,0.0,0.0,0.0,0.0,0.0
ende,12,Online-B vs JDExploreAcademy,0.02,88.29,107.94333333333336,107.48333333333336,weighted,weighted,0.1820708396380818,False,0.004261495228978118,-0.0011816334321265386,0.008837748526184245,mtme_KG-BERTScore-src,0.09633943128491612,0.6378374846052578,0.0,0.0,0.0,0.0,0.0,0.0,0.0,0.0,0.0,0.0,0.0,0.0
ende,12,Online-B vs JDExploreAcademy,0.02,88.29,107.94333333333336,107.48333333333336,weighted,weighted,0.1820708396380818,False,0.004261495228978118,-0.0011816334321265386,0.008837748526184245,mtme_MATESE-QE-src,0.08913556285638172,0.7648995070123706,0.0,0.0,0.0,0.0,0.0,0.0,0.0,0.0,0.0,0.0,0.0,0.0
ende,12,Online-B vs JDExploreAcademy,0.02,88.29,107.94333333333336,107.48333333333336,weighted,weighted,0.1820708396380818,False,0.004261495228978118,-0.0011816334321265386,0.008837748526184245,mtme_MATESE-refA,0.16462642629381133,0.9246232659550914,0.0,0.0,0.0,0.0,0.0,0.0,0.0,0.0,0.0,0.0,0.0,0.0
ende,12,Online-B vs JDExploreAcademy,0.02,88.29,107.94333333333336,107.48333333333336,weighted,weighted,0.1820708396380818,False,0.004261495228978118,-0.0011816334321265386,0.008837748526184245,mtme_MEE-refA,0.13396416727714977,0.8768362437607912,0.0,0.0,0.0,0.0,0.0,0.0,0.0,0.0,0.0,0.0,0.0,0.0
ende,12,Online-B vs JDExploreAcademy,0.02,88.29,107.94333333333336,107.48333333333336,weighted,weighted,0.1820708396380818,False,0.004261495228978118,-0.0011816334321265386,0.008837748526184245,mtme_MEE2-refA,0.11307117744268326,0.8910462707906135,0.0,0.0,0.0,0.0,0.0,0.0,0.0,0.0,0.0,0.0,0.0,0.0
ende,12,Online-B vs JDExploreAcademy,0.02,88.29,107.94333333333336,107.48333333333336,weighted,weighted,0.1820708396380818,False,0.004261495228978118,-0.0011816334321265386,0.008837748526184245,mtme_MEE4-refA,0.10389368316047848,0.89207408156182,0.0,0.0,0.0,0.0,0.0,0.0,0.0,0.0,0.0,0.0,0.0,0.0
ende,12,Online-B vs JDExploreAcademy,0.02,88.29,107.94333333333336,107.48333333333336,weighted,weighted,0.1820708396380818,False,0.004261495228978118,-0.0011816334321265386,0.008837748526184245,mtme_MS-COMET-22-refA,0.17887107252639234,0.9163007970087684,0.0,0.0,0.0,0.0,0.0,0.0,0.0,0.0,0.0,0.0,0.0,0.0
ende,12,Online-B vs JDExploreAcademy,0.02,88.29,107.94333333333336,107.48333333333336,weighted,weighted,0.1820708396380818,False,0.004261495228978118,-0.0011816334321265386,0.008837748526184245,mtme_MS-COMET-QE-22-src,0.10899021931190353,0.7522191383266835,0.0,0.0,0.0,0.0,0.0,0.0,0.0,0.0,0.0,0.0,0.0,0.0
ende,12,Online-B vs JDExploreAcademy,0.02,88.29,107.94333333333336,107.48333333333336,weighted,weighted,0.1820708396380818,False,0.004261495228978118,-0.0011816334321265386,0.008837748526184245,mtme_REUSE-src,-0.10397491826470176,-0.7189752875124902,0.0,0.0,0.0,0.0,0.0,0.0,0.0,0.0,0.0,0.0,0.0,0.0
ende,12,Online-B vs JDExploreAcademy,0.02,88.29,107.94333333333336,107.48333333333336,weighted,weighted,0.1820708396380818,False,0.004261495228978118,-0.0011816334321265386,0.008837748526184245,mtme_SEScore-refA,0.1430679194535585,0.8627443368691673,0.0,0.0,0.0,0.0,0.0,0.0,0.0,0.0,0.0,0.0,0.0,0.0
ende,12,Online-B vs JDExploreAcademy,0.02,88.29,107.94333333333336,107.48333333333336,weighted,weighted,0.1820708396380818,False,0.004261495228978118,-0.0011816334321265386,0.008837748526184245,mtme_UniTE-ref-refA,0.2907029897766017,0.935537336231014,0.0,0.0,0.0,0.0,0.0,0.0,0.0,0.0,0.0,0.0,0.0,0.0
ende,12,Online-B vs JDExploreAcademy,0.02,88.29,107.94333333333336,107.48333333333336,weighted,weighted,0.1820708396380818,False,0.004261495228978118,-0.0011816334321265386,0.008837748526184245,mtme_UniTE-refA,0.28618141639747113,0.934069874660218,0.0,0.0,0.0,0.0,0.0,0.0,0.0,0.0,0.0,0.0,0.0,0.0
ende,12,Online-B vs JDExploreAcademy,0.02,88.29,107.94333333333336,107.48333333333336,weighted,weighted,0.1820708396380818,False,0.004261495228978118,-0.0011816334321265386,0.008837748526184245,mtme_UniTE-src-src,0.1845173454583082,0.8781288793774996,0.0,0.0,0.0,0.0,0.0,0.0,0.0,0.0,0.0,0.0,0.0,0.0
ende,12,Online-B vs JDExploreAcademy,0.02,88.29,107.94333333333336,107.48333333333336,weighted,weighted,0.1820708396380818,False,0.004261495228978118,-0.0011816334321265386,0.008837748526184245,mtme_YiSi-1-refA,0.11113335868264887,0.9374352886959156,0.0,0.0,0.0,0.0,0.0,0.0,0.0,0.0,0.0,0.0,0.0,0.0
ende,12,Online-B vs JDExploreAcademy,0.02,88.29,107.94333333333336,107.48333333333336,weighted,weighted,0.1820708396380818,False,0.004261495228978118,-0.0011816334321265386,0.008837748526184245,mtme_chrF-refA,0.12973207042998203,0.913148721285636,0.0,0.0,0.0,0.0,0.0,0.0,0.0,0.0,0.0,0.0,0.0,0.0
ende,12,Online-B vs JDExploreAcademy,0.02,88.29,107.94333333333336,107.48333333333336,weighted,weighted,0.1820708396380818,False,0.004261495228978118,-0.0011816334321265386,0.008837748526184245,mtme_f101spBLEU-refA,0.10156713496396383,0.8322237271443311,0.0,0.0,0.0,0.0,0.0,0.0,0.0,0.0,0.0,0.0,0.0,0.0
ende,12,Online-B vs JDExploreAcademy,0.02,88.29,107.94333333333336,107.48333333333336,weighted,weighted,0.1820708396380818,False,0.004261495228978118,-0.0011816334321265386,0.008837748526184245,mtme_f200spBLEU-refA,0.10334193538499836,0.8109386629133486,0.0,0.0,0.0,0.0,0.0,0.0,0.0,0.0,0.0,0.0,0.0,0.0
ende,12,Online-B vs JDExploreAcademy,0.02,88.29,107.94333333333336,107.48333333333336,weighted,weighted,0.1820708396380818,False,0.004261495228978118,-0.0011816334321265386,0.008837748526184245,mtme_metricx_xl_DA_2019-refA,0.3669926269870809,0.9809205978427264,0.0,0.0,0.0,0.0,0.0,0.0,0.0,0.0,0.0,0.0,0.0,0.0
ende,12,Online-B vs JDExploreAcademy,0.02,88.29,107.94333333333336,107.48333333333336,weighted,weighted,0.1820708396380818,False,0.004261495228978118,-0.0011816334321265386,0.008837748526184245,mtme_metricx_xl_MQM_2020-refA,0.42447587221824035,0.9616341585507984,0.0,0.0,0.0,0.0,0.0,0.0,0.0,0.0,0.0,0.0,0.0,0.0
ende,12,Online-B vs JDExploreAcademy,0.02,88.29,107.94333333333336,107.48333333333336,weighted,weighted,0.1820708396380818,False,0.004261495228978118,-0.0011816334321265386,0.008837748526184245,mtme_metricx_xxl_DA_2019-refA,0.3544646023683504,0.9781893317652096,0.0,0.0,0.0,0.0,0.0,0.0,0.0,0.0,0.0,0.0,0.0,0.0
ende,12,Online-B vs JDExploreAcademy,0.02,88.29,107.94333333333336,107.48333333333336,weighted,weighted,0.1820708396380818,False,0.004261495228978118,-0.0011816334321265386,0.008837748526184245,mtme_metricx_xxl_MQM_2020-refA,0.3975333064303676,0.9670998023955928,0.0,0.0,0.0,0.0,0.0,0.0,0.0,0.0,0.0,0.0,0.0,0.0
ende,12,Online-B vs JDExploreAcademy,0.02,88.29,107.94333333333336,107.48333333333336,weighted,weighted,0.1820708396380818,False,0.004261495228978118,-0.0011816334321265386,0.008837748526184245,comet22,0.2491070227761578,,0.0,0.0,0.0,0.0,0.0,0.0,0.0,0.0,0.0,0.0,0.0,0.0
ende,12,Online-B vs JDExploreAcademy,0.02,88.29,107.94333333333336,107.48333333333336,weighted,weighted,0.1820708396380818,False,0.004261495228978118,-0.0011816334321265386,0.008837748526184245,qwen3_8b,0.16233970728201558,,0.0,0.0,0.0,0.0,0.0,0.0,0.0,0.0,0.0,0.0,0.0,0.0
ende,12,Online-B vs JDExploreAcademy,0.02,88.29,107.94333333333336,107.48333333333336,weighted,weighted,0.1820708396380818,False,0.004261495228978118,-0.0011816334321265386,0.008837748526184245,mistral_7b,0.03237453923000147,,0.0,0.0,0.0,0.0,0.0,0.0,0.0,0.0,0.0,0.0,0.0,0.0
ende,13,Online-B vs Online-A,0.01,88.23,107.88333333333338,107.88333333333338,uniform,weighted,0.1821720994901903,False,0.0,0.0,0.0,mtme_BERTScore-refA,0.13483768455995848,0.906706577010188,-0.023708915188253465,-0.3428316264744561,0.09530678130707572,-0.017087921388716953,-0.16983728370306989,0.14317556355331607,-0.022595820578476422,-0.25523287363638386,0.09530678130707572,-0.019716293218400738,-0.22545469964043172,0.09786357323188835
ende,13,Online-B vs Online-A,0.01,88.23,107.88333333333338,107.88333333333338,uniform,weighted,0.1821720994901903,False,0.0,0.0,0.0,mtme_BLEU-refA,0.10219027540621684,0.8634063310084908,-0.021621862794921398,-0.2492325311049857,0.03996469504503133,-0.004229759517153431,-0.053037836821726116,0.1515181441683913,-0.0167520738771465,-0.20387920844900775,0.09716272285075542,-0.004471736606235455,-0.07823307846488126,0.14720951614006958
ende,13,Online-B vs Online-A,0.01,88.23,107.88333333333338,107.88333333333338,uniform,weighted,0.1821720994901903,False,0.0,0.0,0.0,mtme_BLEURT-20-refA,0.2946074810539947,0.977419310947295,-0.026491651712696296,-0.26207436088890956,0.036928165177717354,-0.0022743230405173342,-0.13875532968608925,0.16473491944495663,-0.012021421785593178,-0.16409313247951157,0.09402500741239901,-0.0022743230405173342,-0.14711540782789037,0.14312627441591316
ende,13,Online-B vs Online-A,0.01,88.23,107.88333333333338,107.88333333333338,uniform,weighted,0.1821720994901903,False,0.0,0.0,0.0,mtme_COMET-20-refA,0.2654509172224402,0.9858264490713564,-0.039477755493430466,-0.2895365597735143,0.03535172240562226,0.003612497960822192,-0.1497621225315249,0.1173668840644682,-0.030387482846916836,-0.2586554185849184,0.044687151585720654,-0.018699989444256992,-0.2393794836973405,0.09776743139303554
ende,13,Online-B vs Online-A,0.01,88.23,107.88333333333338,107.88333333333338,uniform,weighted,0.1821720994901903,False,0.0,0.0,0.0,mtme_COMET-22-refA,0.28136541699773726,0.9524733537563392,-0.039477755493430244,-0.35522282494082635,0.0,-0.016437893946967153,-0.17133404475630082,0.09013900718835069,-0.040405334334911114,-0.3399962676794009,6.810304479274881e-05,-0.015360705614924752,-0.21388746710108916,0.03722265348732208
ende,13,Online-B vs Online-A,0.01,88.23,107.88333333333338,107.88333333333338,uniform,weighted,0.1821720994901903,False,0.0,0.0,0.0,mtme_COMET-QE-src,0.18593396308279075,0.8324986400919704,-0.03623122954824676,-0.4578451140467302,-0.0077330342161764905,-0.020498065352357875,-0.2666230035782315,0.012440861671831635,-0.03272498152744885,-0.3408965030055772,-0.0033590259455133923,-0.004848145411473936,-0.16567631240708203,0.03201073275665094
ende,13,Online-B vs Online-A,0.01,88.23,107.88333333333338,107.88333333333338,uniform,weighted,0.1821720994901903,False,0.0,0.0,0.0,mtme_COMETKiwi-src,0.2180251842542557,0.9226539774777828,-0.04875354390824027,-0.4596506146111961,6.0621637786928327e-05,-0.021621862794921398,-0.24772121703211647,0.03205016851452412,-0.05020540644273175,-0.4061724805567288,0.00029713123734572783,-0.02239077683457058,-0.29356342069202335,0.058827554434112486
ende,13,Online-B vs Online-A,0.01,88.23,107.88333333333338,107.88333333333338,uniform,weighted,0.1821720994901903,False,0.0,0.0,0.0,mtme_Cross-QE-src,0.2728502621760066,0.9403569774408737,-0.042974014203627675,-0.343060790572132,0.07790448786472394,-0.004674997361064026,-0.1530553643831234,0.151517575267792,-0.027883019974917822,-0.28982548698612887,0.07790448786472394,-0.016002875582104004,-0.23146071130948218,0.03472706682750258
ende,13,Online-B vs Online-A,0.01,88.23,107.88333333333338,107.88333333333338,uniform,weighted,0.1821720994901903,False,0.0,0.0,0.0,mtme_HWTSC-TLM-src,0.1197866885939431,0.7686262691697412,-0.007012496041596039,-0.2826919631484485,0.013902031097633438,0.0019778834989117033,-0.16780042522825195,0.028802950105435408,-0.007012496041596039,-0.20906352992019664,0.013901600314753702,-0.004674997361064026,-0.18467034025169654,0.03783804134734644
ende,13,Online-B vs Online-A,0.01,88.23,107.88333333333338,107.88333333333338,uniform,weighted,0.1821720994901903,False,0.0,0.0,0.0,mtme_HWTSC-Teacher-Sim-src,0.08261031174663856,0.6922672434936012,-0.010449994101202398,-0.29320998098550194,0.04453733050988829,0.017336448547279226,-0.12041031460177046,0.11985924655049897,-0.017637490044014603,-0.28742058897649775,0.007603237119784226,0.004674997361064026,-0.012070329391057311,0.14010896359393835
ende,13,Online-B vs Online-A,0.01,88.23,107.88333333333338,107.88333333333338,uniform,weighted,0.1821720994901903,False,0.0,0.0,0.0,mtme_KG-BERTScore-src,0.07634913443881299,0.6378374846052578,-0.01150768581185102,-0.35132968301978496,0.06334295946368662,0.006901186580618224,-0.11429374942170774,0.14010896359393835,-0.02370891518825413,-0.3291948586477124,0.07777152960235909,0.0,-0.016172653608665526,0.1268680469344882
ende,13,Online-B vs Online-A,0.01,88.23,107.88333333333338,107.88333333333338,uniform,weighted,0.1821720994901903,False,0.0,0.0,0.0,mtme_MATESE-QE-src,0.1363187199761195,0.7648995070123706,-0.028262484046433167,-0.3350400379156952,0.004867019106343246,-0.009176846671718364,-0.18007904907725214,0.03774577491138685,-0.026491651712696296,-0.3192772362674866,0.01192186420256906,-0.004471736606235455,-0.18407875808620494,0.024057397063294975
ende,13,Online-B vs Online-A,0.01,88.23,107.88333333333338,107.88333333333338,uniform,weighted,0.1821720994901903,False,0.0,0.0,0.0,mtme_MATESE-refA,0.194581899039627,0.9246232659550914,-0.02527420448325257,-0.37619824070814645,-0.001117574369502402,-0.005241663707859612,-0.16168897637962595,0.06698452537115114,-0.01940832237775081,-0.28960022073270875,0.00384478615044295,0.019549988964449594,-0.14603820717135405,0.08142185109991115
ende,13,Online-B vs Online-A,0.01,88.23,107.88333333333338,107.88333333333338,uniform,weighted,0.1821720994901903,False,0.0,0.0,0.0,mtme_MEE-refA,0.08994784298492661,0.8768362437607912,-0.024993255122611746,-0.34856356475893724,0.08955682403633018,-0.009176846671718364,-0.05104110810172555,0.14317556355331607,-0.016002875582104004,-0.24136562740070797,0.12291833645046146,-0.01188228495937138,-0.1967834494162813,0.04321441027684723
ende,13,Online-B vs Online-A,0.01,88.23,107.88333333333338,107.88333333333338,uniform,weighted,0.1821720994901903,False,0.0,0.0,0.0,mtme_MEE2-refA,0.14047459059205064,0.8910462707906135,-0.037399978888512875,-0.36636514174691037,0.11849324401771172,-0.00902758111102031,-0.04933053443627095,0.1495948806955722,-0.03136144063047164,-0.3777547428872689,0.13582101029577573,-0.0167520738771465,-0.16877446351682143,0.10252112153890981
ende,13,Online-B vs Online-A,0.01,88.23,107.88333333333338,107.88333333333338,uniform,weighted,0.1821720994901903,False,0.0,0.0,0.0,mtme_MEE4-refA,0.16969406024536526,0.89207408156182,-0.03272498152744885,-0.373779811680331,0.12975942725725567,-0.009349994722128274,-0.0713072806466655,0.1511417029614422,-0.04419997505006079,-0.3771110451715361,0.1470323091041444,-0.028262484046433167,-0.2855590112404777,0.1294090952537026
ende,13,Online-B vs Online-A,0.01,88.23,107.88333333333338,107.88333333333338,uniform,weighted,0.1821720994901903,False,0.0,0.0,0.0,mtme_MS-COMET-22-refA,0.17036867897190827,0.9163007970087684,-0.04875354390824027,-0.468607563936165,-0.0006389643841131294,-0.007012496041596039,-0.17758042821407705,0.030307139939078416,-0.020498065352357875,-0.35541850788364454,0.006382002321764809,-0.009553255476957068,-0.2591708755419516,0.025121522733389218
ende,13,Online-B vs Online-A,0.01,88.23,107.88333333333338,107.88333333333338,uniform,weighted,0.1821720994901903,False,0.0,0.0,0.0,mtme_MS-COMET-QE-22-src,0.1059853794713175,0.7522191383266835,-0.030387482846916836,-0.4367986105288109,-0.004256663835183193,0.006901186580618224,-0.1582900164174957,0.06250602970484619,-0.01869998944425677,-0.4006190150733075,0.009018352680723452,-0.007012496041596261,-0.19458644920444843,0.007560667172148098
ende,13,Online-B vs Online-A,0.01,88.23,107.88333333333338,107.88333333333338,uniform,weighted,0.1821720994901903,False,0.0,0.0,0.0,mtme_REUSE-src,-0.061745882861608814,-0.7189752875124902,-0.014634774347679125,-0.2898800052452464,0.0,-0.002517306271342168,-0.12904211859817874,0.0,-0.009349994722128274,-0.2191776669598229,0.0,0.0,0.0,0.0
ende,13,Online-B vs Online-A,0.01,88.23,107.88333333333338,107.88333333333338,uniform,weighted,0.1821720994901903,False,0.0,0.0,0.0,mtme_SEScore-refA,0.19154765438652682,0.8627443368691673,-0.030387482846916836,-0.40933185696894464,0.008985509867882947,0.001335713531732452,-0.18160815325304885,0.058273173131332026,-0.022949987045223885,-0.3079472335871045,0.03274498024366052,-0.01869998944425655,-0.2558086362485637,0.03564181767184677
ende,13,Online-B vs Online-A,0.01,88.23,107.88333333333338,107.88333333333338,uniform,weighted,0.1821720994901903,False,0.0,0.0,0.0,mtme_UniTE-ref-refA,0.24298959087596872,0.935537336231014,-0.03151853059556098,-0.3872144714891208,-0.0015561420056146127,-0.008783328375332244,-0.16019781869467575,0.03263635435313188,-0.017324990220413783,-0.17426346061693532,0.01821463112149392,-0.004848145411473936,-0.15681260113473813,0.04509731471735219
ende,13,Online-B vs Online-A,0.01,88.23,107.88333333333338,107.88333333333338,uniform,weighted,0.1821720994901903,False,0.0,0.0,0.0,mtme_UniTE-refA,0.23728014302581668,0.934069874660218,-0.025466432993164645,-0.21830017515458225,0.012900854830485229,-0.008783328375332244,-0.15753822975410756,0.14720951614006958,-0.01536070561492453,-0.167330820360119,0.03249244327756451,-0.007012496041596039,-0.1569380941700418,0.03950016498996233
ende,13,Online-B vs Online-A,0.01,88.23,107.88333333333338,107.88333333333338,uniform,weighted,0.1821720994901903,False,0.0,0.0,0.0,mtme_UniTE-src-src,0.1972254788870019,0.8781288793774996,-0.030387482846916836,-0.41612266248096524,0.023003877517504698,0.004674997361064026,-0.15555209801701356,0.09872466230348304,-0.022949987045223885,-0.3929639287831477,0.012563480082804045,-0.004229759517153431,-0.2079640653171629,0.0677193237000277
ende,13,Online-B vs Online-A,0.01,88.23,107.88333333333338,107.88333333333338,uniform,weighted,0.1821720994901903,False,0.0,0.0,0.0,mtme_YiSi-1-refA,0.18148677875980784,0.9374352886959156,-0.03272498152744885,-0.32263289461018835,0.030410666133928416,-0.0021427071238211415,-0.13785697529748617,0.12959767354235752,-0.023374986805320352,-0.2342876029525086,0.10049815820889078,-0.012324993042805543,-0.22444661048281966,0.08454400505352828
ende,13,Online-B vs Online-A,0.01,88.23,107.88333333333338,107.88333333333338,uniform,weighted,0.1821720994901903,False,0.0,0.0,0.0,mtme_chrF-refA,0.1474660778345433,0.913148721285636,-0.029178431805261917,-0.37470168942462134,0.029393955052314825,-0.010449994101201954,-0.05618750951160177,0.14962897824627722,-0.018699989444256104,-0.2682156875593258,0.07790448786472394,-0.009176846671718364,-0.053767839632179404,0.13705511207954155
ende,13,Online-B vs Online-A,0.01,88.23,107.88333333333338,107.88333333333338,uniform,weighted,0.1821720994901903,False,0.0,0.0,0.0,mtme_f101spBLEU-refA,0.1195881356578095,0.8322237271443311,-0.026491651712696296,-0.293953215933123,0.07780172801989932,-0.016002875582104004,-0.1786327598179901,0.1470323091041444,-0.022595820578476422,-0.21899064996774498,0.09887109891257401,-0.007012496041596039,-0.059062832882910726,0.12943789472863945
ende,13,Online-B vs Online-A,0.01,88.23,107.88333333333338,107.88333333333338,uniform,weighted,0.1821720994901903,False,0.0,0.0,0.0,mtme_f200spBLEU-refA,0.11973720666385822,0.8109386629133486,-0.022949987045223885,-0.3051726585456383,0.09530678130707572,-0.01783424919220744,-0.1251683794319722,0.12395927981262797,-0.021118091527565275,-0.17228676975194665,0.10063545460640268,-0.011186600828260396,-0.11469708131968394,0.1267868988889593
ende,13,Online-B vs Online-A,0.01,88.23,107.88333333333338,107.88333333333338,uniform,weighted,0.1821720994901903,False,0.0,0.0,0.0,mtme_metricx_xl_DA_2019-refA,0.3565461646186987,0.9809205978427264,-0.035149054233185595,-0.34416260407415816,0.007020378301016002,-0.0005194441512292869,-0.16944325802279647,0.10060170245328973,-0.02216295045245187,-0.2429016943935648,0.04032493039159571,-0.011186600828260396,-0.1890787322566553,0.051430311464411925
ende,13,Online-B vs Online-A,0.01,88.23,107.88333333333338,107.88333333333338,uniform,weighted,0.1821720994901903,False,0.0,0.0,0.0,mtme_metricx_xl_MQM_2020-refA,0.3606412579743006,0.9616341585507984,-0.018699989444256104,-0.2940947629176284,0.07463457894025005,0.005509818318397142,-0.14370961188848294,0.15863711051925478,-0.007012496041596039,-0.16785513606264532,0.04607151158087375,-0.007012496041596483,-0.24919881335832536,0.14958522835693247
ende,13,Online-B vs Online-A,0.01,88.23,107.88333333333338,107.88333333333338,uniform,weighted,0.1821720994901903,False,0.0,0.0,0.0,mtme_metricx_xxl_DA_2019-refA,0.3515414791494601,0.9781893317652096,-0.018699989444256104,-0.27492432644515963,0.13867151964361232,0.004674997361064359,-0.12788980699284255,0.19311581850803047,-0.010908327175816135,-0.2021385550281457,0.11297335260114147,-0.012667734784818752,-0.18359194175201743,0.1260380483141521
ende,13,Online-B vs Online-A,0.01,88.23,107.88333333333338,107.88333333333338,uniform,weighted,0.1821720994901903,False,0.0,0.0,0.0,mtme_metricx_xxl_MQM_2020-refA,0.3745432245383146,0.9670998023955928,-0.018068233044112425,-0.17847435398363143,0.13819296005332107,-0.005241663707859612,-0.1657906709263063,0.13834053267049518,-0.02527420448325257,-0.2486850806875042,0.059547134221070004,0.012466659629504329,-0.14271300242182355,0.18552305064710833
ende,13,Online-B vs Online-A,0.01,88.23,107.88333333333338,107.88333333333338,uniform,weighted,0.1821720994901903,False,0.0,0.0,0.0,comet22,0.2501407739209752,,-0.023374986805320352,-0.23439615066723815,0.026889418340990342,0.0,-0.14344949664367676,0.17313241655244718,-0.015360705614924752,-0.1768254648715188,0.09780245798758343,0.0006097822644866024,-0.1463686163475071,0.12942136517214534
ende,13,Online-B vs Online-A,0.01,88.23,107.88333333333338,107.88333333333338,uniform,weighted,0.1821720994901903,False,0.0,0.0,0.0,qwen3_8b,0.1759649932050124,,-0.015360705614924752,-0.2748420872337076,0.011889770705801179,0.010772820005930162,-0.13623050688510682,0.12320350786426525,-0.0167520738771465,-0.38674188812412125,0.01585629699830265,-0.008783328375332244,-0.1725382164669795,0.024213348089395716
ende,13,Online-B vs Online-A,0.01,88.23,107.88333333333338,107.88333333333338,uniform,weighted,0.1821720994901903,False,0.0,0.0,0.0,mistral_7b,0.12183615642965526,,-0.018699989444256104,-0.2571092010955461,0.013687390461579092,0.006473073269165575,-0.035200166013674594,0.23185425414265326,-0.02527420448325257,-0.2702135210413424,0.016238247708797234,-0.013505547931963013,-0.17077540920233977,0.0356253135343703
ende,13,Online-B vs Online-A,0.02,88.23,107.88333333333338,107.53000000000003,dedup,dedup,0.1821720994901903,False,0.0032751429012823907,-0.0003704024102033354,0.0073034138491820085,mtme_BERTScore-refA,0.13483768455995848,0.906706577010188,0.0,0.0,0.0,0.0,0.0,0.0,0.0,0.0,0.0,0.0,0.0,0.0
ende,13,Online-B vs Online-A,0.02,88.23,107.88333333333338,107.53000000000003,dedup,dedup,0.1821720994901903,False,0.0032751429012823907,-0.0003704024102033354,0.0073034138491820085,mtme_BLEU-refA,0.10219027540621684,0.8634063310084908,0.0,0.0,0.0,0.0,0.0,0.0,0.0,0.0,0.0,0.0,0.0,0.0
ende,13,Online-B vs Online-A,0.02,88.23,107.88333333333338,107.53000000000003,dedup,dedup,0.1821720994901903,False,0.0032751429012823907,-0.0003704024102033354,0.0073034138491820085,mtme_BLEURT-20-refA,0.2946074810539947,0.977419310947295,0.0,0.0,0.0,0.0,0.0,0.0,0.0,0.0,0.0,0.0,0.0,0.0
ende,13,Online-B vs Online-A,0.02,88.23,107.88333333333338,107.53000000000003,dedup,dedup,0.1821720994901903,False,0.0032751429012823907,-0.0003704024102033354,0.0073034138491820085,mtme_COMET-20-refA,0.2654509172224402,0.9858264490713564,0.0,0.0,0.0,0.0,0.0,0.0,0.0,0.0,0.0,0.0,0.0,0.0
ende,13,Online-B vs Online-A,0.02,88.23,107.88333333333338,107.53000000000003,dedup,dedup,0.1821720994901903,False,0.0032751429012823907,-0.0003704024102033354,0.0073034138491820085,mtme_COMET-22-refA,0.28136541699773726,0.9524733537563392,0.0,0.0,0.0,0.0,0.0,0.0,0.0,0.0,0.0,0.0,0.0,0.0
ende,13,Online-B vs Online-A,0.02,88.23,107.88333333333338,107.53000000000003,dedup,dedup,0.1821720994901903,False,0.0032751429012823907,-0.0003704024102033354,0.0073034138491820085,mtme_COMET-QE-src,0.18593396308279075,0.8324986400919704,0.0,0.0,0.0,0.0,0.0,0.0,0.0,0.0,0.0,0.0,0.0,0.0
ende,13,Online-B vs Online-A,0.02,88.23,107.88333333333338,107.53000000000003,dedup,dedup,0.1821720994901903,False,0.0032751429012823907,-0.0003704024102033354,0.0073034138491820085,mtme_COMETKiwi-src,0.2180251842542557,0.9226539774777828,0.0,0.0,0.0,0.0,0.0,0.0,0.0,0.0,0.0,0.0,0.0,0.0
ende,13,Online-B vs Online-A,0.02,88.23,107.88333333333338,107.53000000000003,dedup,dedup,0.1821720994901903,False,0.0032751429012823907,-0.0003704024102033354,0.0073034138491820085,mtme_Cross-QE-src,0.2728502621760066,0.9403569774408737,0.0,0.0,0.0,0.0,0.0,0.0,0.0,0.0,0.0,0.0,0.0,0.0
ende,13,Online-B vs Online-A,0.02,88.23,107.88333333333338,107.53000000000003,dedup,dedup,0.1821720994901903,False,0.0032751429012823907,-0.0003704024102033354,0.0073034138491820085,mtme_HWTSC-TLM-src,0.1197866885939431,0.7686262691697412,0.0,0.0,0.0,0.0,0.0,0.0,0.0,0.0,0.0,0.0,0.0,0.0
ende,13,Online-B vs Online-A,0.02,88.23,107.88333333333338,107.53000000000003,dedup,dedup,0.1821720994901903,False,0.0032751429012823907,-0.0003704024102033354,0.0073034138491820085,mtme_HWTSC-Teacher-Sim-src,0.08261031174663856,0.6922672434936012,0.0,0.0,0.0,0.0,0.0,0.0,0.0,0.0,0.0,0.0,0.0,0.0
ende,13,Online-B vs Online-A,0.02,88.23,107.88333333333338,107.53000000000003,dedup,dedup,0.1821720994901903,False,0.0032751429012823907,-0.0003704024102033354,0.0073034138491820085,mtme_KG-BERTScore-src,0.07634913443881299,0.6378374846052578,0.0,0.0,0.0,0.0,0.0,0.0,0.0,0.0,0.0,0.0,0.0,0.0
ende,13,Online-B vs Online-A,0.02,88.23,107.88333333333338,107.53000000000003,dedup,dedup,0.1821720994901903,False,0.0032751429012823907,-0.0003704024102033354,0.0073034138491820085,mtme_MATESE-QE-src,0.1363187199761195,0.7648995070123706,0.0,0.0,0.0,0.0,0.0,0.0,0.0,0.0,0.0,0.0,0.0,0.0
ende,13,Online-B vs Online-A,0.02,88.23,107.88333333333338,107.53000000000003,dedup,dedup,0.1821720994901903,False,0.0032751429012823907,-0.0003704024102033354,0.0073034138491820085,mtme_MATESE-refA,0.194581899039627,0.9246232659550914,0.0,0.0,0.0,0.0,0.0,0.0,0.0,0.0,0.0,0.0,0.0,0.0
ende,13,Online-B vs Online-A,0.02,88.23,107.88333333333338,107.53000000000003,dedup,dedup,0.1821720994901903,False,0.0032751429012823907,-0.0003704024102033354,0.0073034138491820085,mtme_MEE-refA,0.08994784298492661,0.8768362437607912,0.0,0.0,0.0,0.0,0.0,0.0,0.0,0.0,0.0,0.0,0.0,0.0
ende,13,Online-B vs Online-A,0.02,88.23,107.88333333333338,107.53000000000003,dedup,dedup,0.1821720994901903,False,0.0032751429012823907,-0.0003704024102033354,0.0073034138491820085,mtme_MEE2-refA,0.14047459059205064,0.8910462707906135,0.0,0.0,0.0,0.0,0.0,0.0,0.0,0.0,0.0,0.0,0.0,0.0
ende,13,Online-B vs Online-A,0.02,88.23,107.88333333333338,107.53000000000003,dedup,dedup,0.1821720994901903,False,0.0032751429012823907,-0.0003704024102033354,0.0073034138491820085,mtme_MEE4-refA,0.16969406024536526,0.89207408156182,0.0,0.0,0.0,0.0,0.0,0.0,0.0,0.0,0.0,0.0,0.0,0.0
ende,13,Online-B vs Online-A,0.02,88.23,107.88333333333338,107.53000000000003,dedup,dedup,0.1821720994901903,False,0.0032751429012823907,-0.0003704024102033354,0.0073034138491820085,mtme_MS-COMET-22-refA,0.17036867897190827,0.9163007970087684,0.0,0.0,0.0,0.0,0.0,0.0,0.0,0.0,0.0,0.0,0.0,0.0
ende,13,Online-B vs Online-A,0.02,88.23,107.88333333333338,107.53000000000003,dedup,dedup,0.1821720994901903,False,0.0032751429012823907,-0.0003704024102033354,0.0073034138491820085,mtme_MS-COMET-QE-22-src,0.1059853794713175,0.7522191383266835,0.0,0.0,0.0,0.0,0.0,0.0,0.0,0.0,0.0,0.0,0.0,0.0
ende,13,Online-B vs Online-A,0.02,88.23,107.88333333333338,107.53000000000003,dedup,dedup,0.1821720994901903,False,0.0032751429012823907,-0.0003704024102033354,0.0073034138491820085,mtme_REUSE-src,-0.061745882861608814,-0.7189752875124902,0.0,0.0,0.0,0.0,0.0,0.0,0.0,0.0,0.0,0.0,0.0,0.0
ende,13,Online-B vs Online-A,0.02,88.23,107.88333333333338,107.53000000000003,dedup,dedup,0.1821720994901903,False,0.0032751429012823907,-0.0003704024102033354,0.0073034138491820085,mtme_SEScore-refA,0.19154765438652682,0.8627443368691673,0.0,0.0,0.0,0.0,0.0,0.0,0.0,0.0,0.0,0.0,0.0,0.0
ende,13,Online-B vs Online-A,0.02,88.23,107.88333333333338,107.53000000000003,dedup,dedup,0.1821720994901903,False,0.0032751429012823907,-0.0003704024102033354,0.0073034138491820085,mtme_UniTE-ref-refA,0.24298959087596872,0.935537336231014,0.0,0.0,0.0,0.0,0.0,0.0,0.0,0.0,0.0,0.0,0.0,0.0
ende,13,Online-B vs Online-A,0.02,88.23,107.88333333333338,107.53000000000003,dedup,dedup,0.1821720994901903,False,0.0032751429012823907,-0.0003704024102033354,0.0073034138491820085,mtme_UniTE-refA,0.23728014302581668,0.934069874660218,0.0,0.0,0.0,0.0,0.0,0.0,0.0,0.0,0.0,0.0,0.0,0.0
ende,13,Online-B vs Online-A,0.02,88.23,107.88333333333338,107.53000000000003,dedup,dedup,0.1821720994901903,False,0.0032751429012823907,-0.0003704024102033354,0.0073034138491820085,mtme_UniTE-src-src,0.1972254788870019,0.8781288793774996,0.0,0.0,0.0,0.0,0.0,0.0,0.0,0.0,0.0,0.0,0.0,0.0
ende,13,Online-B vs Online-A,0.02,88.23,107.88333333333338,107.53000000000003,dedup,dedup,0.1821720994901903,False,0.0032751429012823907,-0.0003704024102033354,0.0073034138491820085,mtme_YiSi-1-refA,0.18148677875980784,0.9374352886959156,0.0,0.0,0.0,0.0,0.0,0.0,0.0,0.0,0.0,0.0,0.0,0.0
ende,13,Online-B vs Online-A,0.02,88.23,107.88333333333338,107.53000000000003,dedup,dedup,0.1821720994901903,False,0.0032751429012823907,-0.0003704024102033354,0.0073034138491820085,mtme_chrF-refA,0.1474660778345433,0.913148721285636,0.0,0.0,0.0,0.0,0.0,0.0,0.0,0.0,0.0,0.0,0.0,0.0
ende,13,Online-B vs Online-A,0.02,88.23,107.88333333333338,107.53000000000003,dedup,dedup,0.1821720994901903,False,0.0032751429012823907,-0.0003704024102033354,0.0073034138491820085,mtme_f101spBLEU-refA,0.1195881356578095,0.8322237271443311,0.0,0.0,0.0,0.0,0.0,0.0,0.0,0.0,0.0,0.0,0.0,0.0
ende,13,Online-B vs Online-A,0.02,88.23,107.88333333333338,107.53000000000003,dedup,dedup,0.1821720994901903,False,0.0032751429012823907,-0.0003704024102033354,0.0073034138491820085,mtme_f200spBLEU-refA,0.11973720666385822,0.8109386629133486,0.0,0.0,0.0,0.0,0.0,0.0,0.0,0.0,0.0,0.0,0.0,0.0
ende,13,Online-B vs Online-A,0.02,88.23,107.88333333333338,107.53000000000003,dedup,dedup,0.1821720994901903,False,0.0032751429012823907,-0.0003704024102033354,0.0073034138491820085,mtme_metricx_xl_DA_2019-refA,0.3565461646186987,0.9809205978427264,0.0,0.0,0.0,0.0,0.0,0.0,0.0,0.0,0.0,0.0,0.0,0.0
ende,13,Online-B vs Online-A,0.02,88.23,107.88333333333338,107.53000000000003,dedup,dedup,0.1821720994901903,False,0.0032751429012823907,-0.0003704024102033354,0.0073034138491820085,mtme_metricx_xl_MQM_2020-refA,0.3606412579743006,0.9616341585507984,0.0,0.0,0.0,0.0,0.0,0.0,0.0,0.0,0.0,0.0,0.0,0.0
ende,13,Online-B vs Online-A,0.02,88.23,107.88333333333338,107.53000000000003,dedup,dedup,0.1821720994901903,False,0.0032751429012823907,-0.0003704024102033354,0.0073034138491820085,mtme_metricx_xxl_DA_2019-refA,0.3515414791494601,0.9781893317652096,0.0,0.0,0.0,0.0,0.0,0.0,0.0,0.0,0.0,0.0,0.0,0.0
ende,13,Online-B vs Online-A,0.02,88.23,107.88333333333338,107.53000000000003,dedup,dedup,0.1821720994901903,False,0.0032751429012823907,-0.0003704024102033354,0.0073034138491820085,mtme_metricx_xxl_MQM_2020-refA,0.3745432245383146,0.9670998023955928,0.0,0.0,0.0,0.0,0.0,0.0,0.0,0.0,0.0,0.0,0.0,0.0
ende,13,Online-B vs Online-A,0.02,88.23,107.88333333333338,107.53000000000003,dedup,dedup,0.1821720994901903,False,0.0032751429012823907,-0.0003704024102033354,0.0073034138491820085,comet22,0.2501407739209752,,0.0,0.0,0.0,0.0,0.0,0.0,0.0,0.0,0.0,0.0,0.0,0.0
ende,13,Online-B vs Online-A,0.02,88.23,107.88333333333338,107.53000000000003,dedup,dedup,0.1821720994901903,False,0.0032751429012823907,-0.0003704024102033354,0.0073034138491820085,qwen3_8b,0.1759649932050124,,0.0,0.0,0.0,0.0,0.0,0.0,0.0,0.0,0.0,0.0,0.0,0.0
ende,13,Online-B vs Online-A,0.02,88.23,107.88333333333338,107.53000000000003,dedup,dedup,0.1821720994901903,False,0.0032751429012823907,-0.0003704024102033354,0.0073034138491820085,mistral_7b,0.12183615642965526,,0.0,0.0,0.0,0.0,0.0,0.0,0.0,0.0,0.0,0.0,0.0,0.0
ende,14,Online-B vs Online-G,0.01,88.25333333333333,107.90666666666667,107.90666666666667,uniform,dedup,0.18213270727789455,False,0.0,0.0,0.0,mtme_BERTScore-refA,0.08242627910627023,0.906706577010188,-0.010831347193052787,-0.20828191400218593,0.0035854536479684386,-0.003185690350897774,-0.15682413058382264,0.12336067849757812,-0.01830124180895143,-0.22666239855684836,0.0,0.012011994500651602,-0.021841412205026875,0.14898841118003828
ende,14,Online-B vs Online-G,0.01,88.25333333333333,107.90666666666667,107.90666666666667,uniform,dedup,0.18213270727789455,False,0.0,0.0,0.0,mtme_BLEU-refA,0.060359589704077954,0.8634063310084908,-0.004195927291002377,-0.15243317360589623,0.03417829335107752,-0.001073376748861099,-0.15871147758474313,0.09852599968946414,-0.011243969943264265,-0.1985044559275569,0.002466718210421255,0.004922948565840968,-0.010747962536133847,0.15412337352789354
ende,14,Online-B vs Online-G,0.01,88.25333333333333,107.90666666666667,107.90666666666667,uniform,dedup,0.18213270727789455,False,0.0,0.0,0.0,mtme_BLEURT-20-refA,0.30030051810650527,0.977419310947295,0.12874571448798067,-0.13180099359760558,0.1676706560337886,0.12874571448798067,-0.03612277214791152,0.18427336029566901,0.12874571448798067,-0.15886130144667687,0.16650357823837494,0.127406806004428,-0.030643811928319845,0.1682917287838006
ende,14,Online-B vs Online-G,0.01,88.25333333333333,107.90666666666667,107.90666666666667,uniform,dedup,0.18213270727789455,False,0.0,0.0,0.0,mtme_COMET-20-refA,0.24790775528290865,0.9858264490713564,-0.04082584711227666,-0.2548165505595865,0.0,-0.018607699023962754,-0.2334107704309716,0.015067164112655988,-0.028482431507657724,-0.25539194611538907,0.003895423027843973,0.007736062032035362,-0.16102462670635115,0.16124384527048305
ende,14,Online-B vs Online-G,0.01,88.25333333333333,107.90666666666667,107.90666666666667,uniform,dedup,0.18213270727789455,False,0.0,0.0,0.0,mtme_COMET-22-refA,0.26259737448354803,0.9524733537563392,-0.03638221749461379,-0.2375672302038919,0.0,-0.003185690350897774,-0.1846837686775632,0.10691256027490414,-0.02357410859664455,-0.22637674169267644,2.7755575615635224e-18,0.0069600307310163645,-0.17861647482043164,0.13686111507813647
ende,14,Online-B vs Online-G,0.01,88.25333333333333,107.90666666666667,107.90666666666667,uniform,dedup,0.18213270727789455,False,0.0,0.0,0.0,mtme_COMET-QE-src,0.14989775901856148,0.8324986400919704,-0.007942987941572,-0.1963538222778383,0.01047291040907232,-0.007220898128701858,-0.16008032515540166,0.04746592732507775,-0.007220898128701858,-0.19685360860892512,0.016203062347123338,0.004922948565840968,-0.04529873647570814,0.17987418998236893
ende,14,Online-B vs Online-G,0.01,88.25333333333333,107.90666666666667,107.90666666666667,uniform,dedup,0.18213270727789455,False,0.0,0.0,0.0,mtme_COMETKiwi-src,0.21891139639603613,0.9226539774777828,-0.03490100762205928,-0.23625610698886548,0.0,-0.01289446094411062,-0.20063379725635877,0.029991021506326397,-0.03704053299352683,-0.2614249048296145,0.0,0.007736062032035362,-0.1624365240279972,0.14898814845378214
ende,14,Online-B vs Online-G,0.01,88.25333333333333,107.90666666666667,107.90666666666667,uniform,dedup,0.18213270727789455,False,0.0,0.0,0.0,mtme_Cross-QE-src,0.22383402076326192,0.9403569774408737,-0.016777969181395624,-0.20495555384971204,0.11079423300147348,0.005260940065197173,-0.14220813987088066,0.12819129930125023,-0.006758020043528656,-0.1928302729757828,0.05634928365404119,0.029248106185289058,-0.12794029665599083,0.17337726919585753
ende,14,Online-B vs Online-G,0.01,88.25333333333333,107.90666666666667,107.90666666666667,uniform,dedup,0.18213270727789455,False,0.0,0.0,0.0,mtme_HWTSC-TLM-src,0.08753879295570102,0.7686262691697412,-0.004195927291002377,-0.17226500686330115,0.0166423696102258,0.012731583542711422,-0.1623953563687496,0.04493920003408188,-0.011243969943264265,-0.18984901488679526,0.007379489506805266,0.018988515896814495,-0.1347183496748018,0.15413438314655695
ende,14,Online-B vs Online-G,0.01,88.25333333333333,107.90666666666667,107.90666666666667,uniform,dedup,0.18213270727789455,False,0.0,0.0,0.0,mtme_HWTSC-Teacher-Sim-src,0.1015515788922415,0.6922672434936012,-0.020176038889019976,-0.20997151978109768,0.0029636984555392915,-0.0099818297661467,-0.19054226577195252,0.016009450178640795,-0.02061449949645544,-0.21450145912689303,0.001698899740738063,-0.00044754077871278497,-0.19951859806903766,0.032405323190375646
ende,14,Online-B vs Online-G,0.01,88.25333333333333,107.90666666666667,107.90666666666667,uniform,dedup,0.18213270727789455,False,0.0,0.0,0.0,mtme_KG-BERTScore-src,0.10416846783089531,0.6378374846052578,-0.015645279278854174,-0.21143922488395955,0.007632017095839235,-0.01214423776190765,-0.18989892450073606,0.01681559831143949,-0.01214423776190765,-0.20238559293786082,0.008010624266015957,-0.002166097368969888,-0.19616322561220584,0.07675772221337049
ende,14,Online-B vs Online-G,0.01,88.25333333333333,107.90666666666667,107.90666666666667,uniform,dedup,0.18213270727789455,False,0.0,0.0,0.0,mtme_MATESE-QE-src,0.10080168330271269,0.7648995070123706,-0.033768317719517826,-0.25179675641005805,0.0,-0.006758020043528656,-0.17665009707715856,0.02900851221093243,-0.02605378108599199,-0.23843644338278855,7.0565162288665445e-06,0.127406806004428,-0.027097431304138764,0.1647241542091225
ende,14,Online-B vs Online-G,0.01,88.25333333333333,107.90666666666667,107.90666666666667,uniform,dedup,0.18213270727789455,False,0.0,0.0,0.0,mtme_MATESE-refA,0.14540513732734753,0.9246232659550914,-0.01316066917005343,-0.1951707431235743,0.01644476089386419,0.0017469914827504818,-0.16855133788036283,0.12816634528494655,-0.022285185604097313,-0.2249151255526397,2.7755575615635224e-18,0.0009845897131682824,-0.02723012147345713,0.16390673776500883
ende,14,Online-B vs Online-G,0.01,88.25333333333333,107.90666666666667,107.90666666666667,uniform,dedup,0.18213270727789455,False,0.0,0.0,0.0,mtme_MEE-refA,0.05700770228427574,0.8768362437607912,-0.007318477833143877,-0.19077843896071356,0.008284620657975611,-0.001073376748861099,-0.16915530756778227,0.020081301934158777,-0.002166269438610424,-0.18182741813944409,0.010407813902801677,0.0071109257062145215,-0.11372672010544081,0.13153970531084125
ende,14,Online-B vs Online-G,0.01,88.25333333333333,107.90666666666667,107.90666666666667,uniform,dedup,0.18213270727789455,False,0.0,0.0,0.0,mtme_MEE2-refA,0.07534727684979906,0.8910462707906135,-0.014441796257403938,-0.2213977464484005,0.0006993436283009208,-0.0024703072545557703,-0.15495311911758217,0.12953813867534192,-0.011243969943264265,-0.18535214726422958,4.271049296461354e-05,0.014250640585328322,-0.020537071713647815,0.1532793390803021
ende,14,Online-B vs Online-G,0.01,88.25333333333333,107.90666666666667,107.90666666666667,uniform,dedup,0.18213270727789455,False,0.0,0.0,0.0,mtme_MEE4-refA,0.0931794574972819,0.89207408156182,-0.01316066917005343,-0.20107432118766264,0.004635154481511301,-0.006583760058522348,-0.16754331130179795,0.12336067849757812,-0.018052245321754867,-0.20213906611736077,0.0030785416126537443,0.026687563277978832,-0.012642943621382068,0.15412337352789354
ende,14,Online-B vs Online-G,0.01,88.25333333333333,107.90666666666667,107.90666666666667,uniform,dedup,0.18213270727789455,False,0.0,0.0,0.0,mtme_MS-COMET-22-refA,0.11730105823722765,0.9163007970087684,-0.04865509929577749,-0.30727897525832154,0.0,-0.00689267548648842,-0.19993237869603314,0.1359491609967834,-0.039714939707860886,-0.27581661450623457,0.0,0.0009845897131675052,-0.15510244258329017,0.14112802788152565
ende,14,Online-B vs Online-G,0.01,88.25333333333333,107.90666666666667,107.90666666666667,uniform,dedup,0.18213270727789455,False,0.0,0.0,0.0,mtme_MS-COMET-QE-22-src,0.10123549779738913,0.7522191383266835,-0.023347570616136126,-0.23450798133691192,-0.0037335384554269993,-0.01289446094411062,-0.21309907520020632,0.002690673052949181,-0.03638221749461379,-0.26855251719992757,-0.009377897322145416,-0.0009845897131683934,-0.1828344315300973,0.030906285325109365
ende,14,Online-B vs Online-G,0.01,88.25333333333333,107.90666666666667,107.90666666666667,uniform,dedup,0.18213270727789455,False,0.0,0.0,0.0,mtme_REUSE-src,-0.025279593159209496,-0.7189752875124902,-0.01830124180895143,-0.14919886996055767,0.12953813867534192,-0.004091842272931023,-0.1533558342169339,0.12336067849757812,-0.017020688446226062,-0.17067256261897992,2.7912644693254514e-05,0.0,0.0,0.0
ende,14,Online-B vs Online-G,0.01,88.25333333333333,107.90666666666667,107.90666666666667,uniform,dedup,0.18213270727789455,False,0.0,0.0,0.0,mtme_SEScore-refA,0.09922913762223426,0.8627443368691673,-0.012738754245917194,-0.18142469705224526,0.04236147422457788,-0.0031066654739762,-0.17520410579929194,0.03429643616704575,-0.011942254597468338,-0.1831359311448416,0.03229997129977539,0.004922948565841079,-0.1589719753123961,0.15412337352789354
ende,14,Online-B vs Online-G,0.01,88.25333333333333,107.90666666666667,107.90666666666667,uniform,dedup,0.18213270727789455,False,0.0,0.0,0.0,mtme_UniTE-ref-refA,0.2728619116142099,0.935537336231014,-0.010831347193052787,-0.19153910476207722,0.029128057885400998,-0.007942987941572,-0.17291947722491569,0.1359030896779849,-0.012894460944110397,-0.1965115731868355,0.021244544817881558,0.008032179239003234,-0.1649062606178971,0.14805903198620304
ende,14,Online-B vs Online-G,0.01,88.25333333333333,107.90666666666667,107.90666666666667,uniform,dedup,0.18213270727789455,False,0.0,0.0,0.0,mtme_UniTE-refA,0.2677718488171375,0.934069874660218,-0.01980868000170921,-0.1986032937113937,0.1359353368213146,-0.007942987941572,-0.1709223278390573,0.13970665507956723,-0.025273143450456503,-0.2273811107026465,6.852661315586044e-05,0.0,-0.1515213481629611,0.15412337352789354
ende,14,Online-B vs Online-G,0.01,88.25333333333333,107.90666666666667,107.90666666666667,uniform,dedup,0.18213270727789455,False,0.0,0.0,0.0,mtme_UniTE-src-src,0.20052670898838992,0.8781288793774996,-0.014544951944956752,-0.21387041170353357,0.011490945502950392,0.00021237935672657748,-0.18401690026994696,0.026220046644860304,-0.01949642494749515,-0.22140456382578888,0.0010270108617209158,-0.013254092292648068,-0.16233651392351361,0.16124384527048305
ende,14,Online-B vs Online-G,0.01,88.25333333333333,107.90666666666667,107.90666666666667,uniform,dedup,0.18213270727789455,False,0.0,0.0,0.0,mtme_YiSi-1-refA,0.1044510184528196,0.9374352886959156,-0.015645279278854174,-0.20167685435472388,5.235479782701527e-06,-0.007220898128701858,-0.18399031997872772,0.021767781908317768,-0.01316066917005343,-0.2070627157509719,0.01001340175697543,0.008032179239003234,-0.14219801611251498,0.14905718342982585
ende,14,Online-B vs Online-G,0.01,88.25333333333333,107.90666666666667,107.90666666666667,uniform,dedup,0.18213270727789455,False,0.0,0.0,0.0,mtme_chrF-refA,0.08403768232877595,0.913148721285636,-0.014317298013805546,-0.21444865886912387,2.7755575615635224e-18,-0.007942987941572,-0.17557079629310032,0.11055434578142685,-0.01316066917005343,-0.18624378103153988,0.0,0.007736062032035362,-0.020474150409974905,0.1532793390803021
ende,14,Online-B vs Online-G,0.01,88.25333333333333,107.90666666666667,107.90666666666667,uniform,dedup,0.18213270727789455,False,0.0,0.0,0.0,mtme_f101spBLEU-refA,0.06586842392074904,0.8322237271443311,-0.007318477833143877,-0.17168266182561298,0.005612899791072619,-0.0060174151072514,-0.13576590401961203,0.1417098497789587,-0.01337989947377105,-0.17282450453193413,0.0,0.127406806004428,-0.012189562380661805,0.1682629920306573
ende,14,Online-B vs Online-G,0.01,88.25333333333333,107.90666666666667,107.90666666666667,uniform,dedup,0.18213270727789455,False,0.0,0.0,0.0,mtme_f200spBLEU-refA,0.05735243892268743,0.8109386629133486,-0.007318477833143877,-0.151159525980015,0.013670821966910144,-0.004195927291002377,-0.15443523368379025,0.12336067849757812,-0.0099818297661467,-0.16706230253178037,0.0030385263238939877,0.007285963877444512,-0.009706329851049232,0.16390673776500883
ende,14,Online-B vs Online-G,0.01,88.25333333333333,107.90666666666667,107.90666666666667,uniform,dedup,0.18213270727789455,False,0.0,0.0,0.0,mtme_metricx_xl_DA_2019-refA,0.38198556292260843,0.9809205978427264,0.003610449064351151,-0.18231235262523263,0.07415473082717838,0.013804658187224317,-0.16359429761852096,0.1360674371536914,0.005473906645951376,-0.18857990326937493,0.051088509195720486,0.05777987000960472,-0.13903318873779305,0.14288542686222205
ende,14,Online-B vs Online-G,0.01,88.25333333333333,107.90666666666667,107.90666666666667,uniform,dedup,0.18213270727789455,False,0.0,0.0,0.0,mtme_metricx_xl_MQM_2020-refA,0.3869934834685219,0.9616341585507984,-0.011243969943264265,-0.20519881797554704,0.03768777165424925,0.013978918172230737,-0.1631310405510478,0.09314736986367936,-0.008551063573462692,-0.19775012160014815,0.029557990737915464,0.04289998035946985,-0.13252916295176895,0.14087245394820272
ende,14,Online-B vs Online-G,0.01,88.25333333333333,107.90666666666667,107.90666666666667,uniform,dedup,0.18213270727789455,False,0.0,0.0,0.0,mtme_metricx_xxl_DA_2019-refA,0.3616515202548344,0.9781893317652096,-0.01885456733605495,-0.21289261586157301,0.015058049936384038,0.008862011339770604,-0.18076821784745645,0.047413168802041404,-0.019146320795800476,-0.2328552190496471,0.014339314038011024,0.020469101931653633,-0.11134875018619128,0.15405537653107657
ende,14,Online-B vs Online-G,0.01,88.25333333333333,107.90666666666667,107.90666666666667,uniform,dedup,0.18213270727789455,False,0.0,0.0,0.0,mtme_metricx_xxl_MQM_2020-refA,0.39638157240199684,0.9670998023955928,-0.014770018899617376,-0.21337788814331826,0.02213661567320904,0.013978918172230737,-0.18147715588904215,0.05770577257550509,-0.014770018899617376,-0.20829675882348134,0.017001390238140787,0.009142618765133115,-0.16250305279287733,0.14059454875622607
ende,14,Online-B vs Online-G,0.01,88.25333333333333,107.90666666666667,107.90666666666667,uniform,dedup,0.18213270727789455,False,0.0,0.0,0.0,comet22,0.23613706740585014,,-0.022647362312747,-0.2136072781854068,0.0,-0.015645279278854174,-0.22783579202929768,0.006130995628206077,-0.021146915948341283,-0.22086804461419732,0.001124715879458361,-0.014768845697522348,-0.19243572266779635,0.13235195635183808
ende,14,Online-B vs Online-G,0.01,88.25333333333333,107.90666666666667,107.90666666666667,uniform,dedup,0.18213270727789455,False,0.0,0.0,0.0,qwen3_8b,0.1681353792986066,,-0.01992433002178884,-0.20682851460801135,0.006147475817525572,0.009200821809152382,-0.17285686592852187,0.041527426403524303,-0.016887584333254546,-0.20045927286828447,0.009776894931894625,0.01336228896442515,-0.175642712171202,0.05618976911601239
ende,14,Online-B vs Online-G,0.01,88.25333333333333,107.90666666666667,107.90666666666667,uniform,dedup,0.18213270727789455,False,0.0,0.0,0.0,mistral_7b,0.014112757976796932,,-0.01992433002178884,-0.17969177292797173,0.0,0.12874571448798067,-0.004503110980093261,0.14838094708280297,-0.01949642494749515,-0.17529984790909603,4.906361431974987e-05,0.0,0.0,0.0
ende,14,Online-B vs Online-G,0.02,88.25333333333333,107.90666666666667,107.6866666666667,dedup,dedup,0.18213270727789455,False,0.002038798962065713,-0.0022816351813615076,0.006122071059337714,mtme_BERTScore-refA,0.08242627910627023,0.906706577010188,0.0,0.0,0.0,0.0,0.0,0.0,0.0,0.0,0.0,0.0,0.0,0.0
ende,14,Online-B vs Online-G,0.02,88.25333333333333,107.90666666666667,107.6866666666667,dedup,dedup,0.18213270727789455,False,0.002038798962065713,-0.0022816351813615076,0.006122071059337714,mtme_BLEU-refA,0.060359589704077954,0.8634063310084908,0.0,0.0,0.0,0.0,0.0,0.0,0.0,0.0,0.0,0.0,0.0,0.0
ende,14,Online-B vs Online-G,0.02,88.25333333333333,107.90666666666667,107.6866666666667,dedup,dedup,0.18213270727789455,False,0.002038798962065713,-0.0022816351813615076,0.006122071059337714,mtme_BLEURT-20-refA,0.30030051810650527,0.977419310947295,0.0,0.0,0.0,0.0,0.0,0.0,0.0,0.0,0.0,0.0,0.0,0.0
ende,14,Online-B vs Online-G,0.02,88.25333333333333,107.90666666666667,107.6866666666667,dedup,dedup,0.18213270727789455,False,0.002038798962065713,-0.0022816351813615076,0.006122071059337714,mtme_COMET-20-refA,0.24790775528290865,0.9858264490713564,0.0,0.0,0.0,0.0,0.0,0.0,0.0,0.0,0.0,0.0,0.0,0.0
ende,14,Online-B vs Online-G,0.02,88.25333333333333,107.90666666666667,107.6866666666667,dedup,dedup,0.18213270727789455,False,0.002038798962065713,-0.0022816351813615076,0.006122071059337714,mtme_COMET-22-refA,0.26259737448354803,0.9524733537563392,0.0,0.0,0.0,0.0,0.0,0.0,0.0,0.0,0.0,0.0,0.0,0.0
ende,14,Online-B vs Online-G,0.02,88.25333333333333,107.90666666666667,107.6866666666667,dedup,dedup,0.18213270727789455,False,0.002038798962065713,-0.0022816351813615076,0.006122071059337714,mtme_COMET-QE-src,0.14989775901856148,0.8324986400919704,0.0,0.0,0.0,0.0,0.0,0.0,0.0,0.0,0.0,0.0,0.0,0.0
ende,14,Online-B vs Online-G,0.02,88.25333333333333,107.90666666666667,107.6866666666667,dedup,dedup,0.18213270727789455,False,0.002038798962065713,-0.0022816351813615076,0.006122071059337714,mtme_COMETKiwi-src,0.21891139639603613,0.9226539774777828,0.0,0.0,0.0,0.0,0.0,0.0,0.0,0.0,0.0,0.0,0.0,0.0
ende,14,Online-B vs Online-G,0.02,88.25333333333333,107.90666666666667,107.6866666666667,dedup,dedup,0.18213270727789455,False,0.002038798962065713,-0.0022816351813615076,0.006122071059337714,mtme_Cross-QE-src,0.22383402076326192,0.9403569774408737,0.0,0.0,0.0,0.0,0.0,0.0,0.0,0.0,0.0,0.0,0.0,0.0
ende,14,Online-B vs Online-G,0.02,88.25333333333333,107.90666666666667,107.6866666666667,dedup,dedup,0.18213270727789455,False,0.002038798962065713,-0.0022816351813615076,0.006122071059337714,mtme_HWTSC-TLM-src,0.08753879295570102,0.7686262691697412,0.0,0.0,0.0,0.0,0.0,0.0,0.0,0.0,0.0,0.0,0.0,0.0
ende,14,Online-B vs Online-G,0.02,88.25333333333333,107.90666666666667,107.6866666666667,dedup,dedup,0.18213270727789455,False,0.002038798962065713,-0.0022816351813615076,0.006122071059337714,mtme_HWTSC-Teacher-Sim-src,0.1015515788922415,0.6922672434936012,0.0,0.0,0.0,0.0,0.0,0.0,0.0,0.0,0.0,0.0,0.0,0.0
ende,14,Online-B vs Online-G,0.02,88.25333333333333,107.90666666666667,107.6866666666667,dedup,dedup,0.18213270727789455,False,0.002038798962065713,-0.0022816351813615076,0.006122071059337714,mtme_KG-BERTScore-src,0.10416846783089531,0.6378374846052578,0.0,0.0,0.0,0.0,0.0,0.0,0.0,0.0,0.0,0.0,0.0,0.0
ende,14,Online-B vs Online-G,0.02,88.25333333333333,107.90666666666667,107.6866666666667,dedup,dedup,0.18213270727789455,False,0.002038798962065713,-0.0022816351813615076,0.006122071059337714,mtme_MATESE-QE-src,0.10080168330271269,0.7648995070123706,0.0,0.0,0.0,0.0,0.0,0.0,0.0,0.0,0.0,0.0,0.0,0.0
ende,14,Online-B vs Online-G,0.02,88.25333333333333,107.90666666666667,107.6866666666667,dedup,dedup,0.18213270727789455,False,0.002038798962065713,-0.0022816351813615076,0.006122071059337714,mtme_MATESE-refA,0.14540513732734753,0.9246232659550914,0.0,0.0,0.0,0.0,0.0,0.0,0.0,0.0,0.0,0.0,0.0,0.0
ende,14,Online-B vs Online-G,0.02,88.25333333333333,107.90666666666667,107.6866666666667,dedup,dedup,0.18213270727789455,False,0.002038798962065713,-0.0022816351813615076,0.006122071059337714,mtme_MEE-refA,0.05700770228427574,0.8768362437607912,0.0,0.0,0.0,0.0,0.0,0.0,0.0,0.0,0.0,0.0,0.0,0.0
ende,14,Online-B vs Online-G,0.02,88.25333333333333,107.90666666666667,107.6866666666667,dedup,dedup,0.18213270727789455,False,0.002038798962065713,-0.0022816351813615076,0.006122071059337714,mtme_MEE2-refA,0.07534727684979906,0.8910462707906135,0.0,0.0,0.0,0.0,0.0,0.0,0.0,0.0,0.0,0.0,0.0,0.0
ende,14,Online-B vs Online-G,0.02,88.25333333333333,107.90666666666667,107.6866666666667,dedup,dedup,0.18213270727789455,False,0.002038798962065713,-0.0022816351813615076,0.006122071059337714,mtme_MEE4-refA,0.0931794574972819,0.89207408156182,0.0,0.0,0.0,0.0,0.0,0.0,0.0,0.0,0.0,0.0,0.0,0.0
ende,14,Online-B vs Online-G,0.02,88.25333333333333,107.90666666666667,107.6866666666667,dedup,dedup,0.18213270727789455,False,0.002038798962065713,-0.0022816351813615076,0.006122071059337714,mtme_MS-COMET-22-refA,0.11730105823722765,0.9163007970087684,0.0,0.0,0.0,0.0,0.0,0.0,0.0,0.0,0.0,0.0,0.0,0.0
ende,14,Online-B vs Online-G,0.02,88.25333333333333,107.90666666666667,107.6866666666667,dedup,dedup,0.18213270727789455,False,0.002038798962065713,-0.0022816351813615076,0.006122071059337714,mtme_MS-COMET-QE-22-src,0.10123549779738913,0.7522191383266835,0.0,0.0,0.0,0.0,0.0,0.0,0.0,0.0,0.0,0.0,0.0,0.0
ende,14,Online-B vs Online-G,0.02,88.25333333333333,107.90666666666667,107.6866666666667,dedup,dedup,0.18213270727789455,False,0.002038798962065713,-0.0022816351813615076,0.006122071059337714,mtme_REUSE-src,-0.025279593159209496,-0.7189752875124902,0.0,0.0,0.0,0.0,0.0,0.0,0.0,0.0,0.0,0.0,0.0,0.0
ende,14,Online-B vs Online-G,0.02,88.25333333333333,107.90666666666667,107.6866666666667,dedup,dedup,0.18213270727789455,False,0.002038798962065713,-0.0022816351813615076,0.006122071059337714,mtme_SEScore-refA,0.09922913762223426,0.8627443368691673,0.0,0.0,0.0,0.0,0.0,0.0,0.0,0.0,0.0,0.0,0.0,0.0
ende,14,Online-B vs Online-G,0.02,88.25333333333333,107.90666666666667,107.6866666666667,dedup,dedup,0.18213270727789455,False,0.002038798962065713,-0.0022816351813615076,0.006122071059337714,mtme_UniTE-ref-refA,0.2728619116142099,0.935537336231014,0.0,0.0,0.0,0.0,0.0,0.0,0.0,0.0,0.0,0.0,0.0,0.0
ende,14,Online-B vs Online-G,0.02,88.25333333333333,107.90666666666667,107.6866666666667,dedup,dedup,0.18213270727789455,False,0.002038798962065713,-0.0022816351813615076,0.006122071059337714,mtme_UniTE-refA,0.2677718488171375,0.934069874660218,0.0,0.0,0.0,0.0,0.0,0.0,0.0,0.0,0.0,0.0,0.0,0.0
ende,14,Online-B vs Online-G,0.02,88.25333333333333,107.90666666666667,107.6866666666667,dedup,dedup,0.18213270727789455,False,0.002038798962065713,-0.0022816351813615076,0.006122071059337714,mtme_UniTE-src-src,0.20052670898838992,0.8781288793774996,0.0,0.0,0.0,0.0,0.0,0.0,0.0,0.0,0.0,0.0,0.0,0.0
ende,14,Online-B vs Online-G,0.02,88.25333333333333,107.90666666666667,107.6866666666667,dedup,dedup,0.18213270727789455,False,0.002038798962065713,-0.0022816351813615076,0.006122071059337714,mtme_YiSi-1-refA,0.1044510184528196,0.9374352886959156,0.0,0.0,0.0,0.0,0.0,0.0,0.0,0.0,0.0,0.0,0.0,0.0
ende,14,Online-B vs Online-G,0.02,88.25333333333333,107.90666666666667,107.6866666666667,dedup,dedup,0.18213270727789455,False,0.002038798962065713,-0.0022816351813615076,0.006122071059337714,mtme_chrF-refA,0.08403768232877595,0.913148721285636,0.0,0.0,0.0,0.0,0.0,0.0,0.0,0.0,0.0,0.0,0.0,0.0
ende,14,Online-B vs Online-G,0.02,88.25333333333333,107.90666666666667,107.6866666666667,dedup,dedup,0.18213270727789455,False,0.002038798962065713,-0.0022816351813615076,0.006122071059337714,mtme_f101spBLEU-refA,0.06586842392074904,0.8322237271443311,0.0,0.0,0.0,0.0,0.0,0.0,0.0,0.0,0.0,0.0,0.0,0.0
ende,14,Online-B vs Online-G,0.02,88.25333333333333,107.90666666666667,107.6866666666667,dedup,dedup,0.18213270727789455,False,0.002038798962065713,-0.0022816351813615076,0.006122071059337714,mtme_f200spBLEU-refA,0.05735243892268743,0.8109386629133486,0.0,0.0,0.0,0.0,0.0,0.0,0.0,0.0,0.0,0.0,0.0,0.0
ende,14,Online-B vs Online-G,0.02,88.25333333333333,107.90666666666667,107.6866666666667,dedup,dedup,0.18213270727789455,False,0.002038798962065713,-0.0022816351813615076,0.006122071059337714,mtme_metricx_xl_DA_2019-refA,0.38198556292260843,0.9809205978427264,0.0,0.0,0.0,0.0,0.0,0.0,0.0,0.0,0.0,0.0,0.0,0.0
ende,14,Online-B vs Online-G,0.02,88.25333333333333,107.90666666666667,107.6866666666667,dedup,dedup,0.18213270727789455,False,0.002038798962065713,-0.0022816351813615076,0.006122071059337714,mtme_metricx_xl_MQM_2020-refA,0.3869934834685219,0.9616341585507984,0.0,0.0,0.0,0.0,0.0,0.0,0.0,0.0,0.0,0.0,0.0,0.0
ende,14,Online-B vs Online-G,0.02,88.25333333333333,107.90666666666667,107.6866666666667,dedup,dedup,0.18213270727789455,False,0.002038798962065713,-0.0022816351813615076,0.006122071059337714,mtme_metricx_xxl_DA_2019-refA,0.3616515202548344,0.9781893317652096,0.0,0.0,0.0,0.0,0.0,0.0,0.0,0.0,0.0,0.0,0.0,0.0
ende,14,Online-B vs Online-G,0.02,88.25333333333333,107.90666666666667,107.6866666666667,dedup,dedup,0.18213270727789455,False,0.002038798962065713,-0.0022816351813615076,0.006122071059337714,mtme_metricx_xxl_MQM_2020-refA,0.39638157240199684,0.9670998023955928,0.0,0.0,0.0,0.0,0.0,0.0,0.0,0.0,0.0,0.0,0.0,0.0
ende,14,Online-B vs Online-G,0.02,88.25333333333333,107.90666666666667,107.6866666666667,dedup,dedup,0.18213270727789455,False,0.002038798962065713,-0.0022816351813615076,0.006122071059337714,comet22,0.23613706740585014,,0.0,0.0,0.0,0.0,0.0,0.0,0.0,0.0,0.0,0.0,0.0,0.0
ende,14,Online-B vs Online-G,0.02,88.25333333333333,107.90666666666667,107.6866666666667,dedup,dedup,0.18213270727789455,False,0.002038798962065713,-0.0022816351813615076,0.006122071059337714,qwen3_8b,0.1681353792986066,,0.0,0.0,0.0,0.0,0.0,0.0,0.0,0.0,0.0,0.0,0.0,0.0
ende,14,Online-B vs Online-G,0.02,88.25333333333333,107.90666666666667,107.6866666666667,dedup,dedup,0.18213270727789455,False,0.002038798962065713,-0.0022816351813615076,0.006122071059337714,mistral_7b,0.014112757976796932,,0.0,0.0,0.0,0.0,0.0,0.0,0.0,0.0,0.0,0.0,0.0,0.0
ende,15,Online-B vs Online-Y,0.01,89.93333333333334,109.58666666666673,109.12666666666668,dedup,dedup,0.17934055237863533,False,0.004197590947804364,-0.00018990015151300593,0.007887083718336059,mtme_BERTScore-refA,0.15866741963214948,0.906706577010188,0.0,0.0,0.0,0.0,0.0,0.0,0.0,0.0,0.0,0.0,0.0,0.0
ende,15,Online-B vs Online-Y,0.01,89.93333333333334,109.58666666666673,109.12666666666668,dedup,dedup,0.17934055237863533,False,0.004197590947804364,-0.00018990015151300593,0.007887083718336059,mtme_BLEU-refA,0.12112613591153489,0.8634063310084908,0.0,0.0,0.0,0.0,0.0,0.0,0.0,0.0,0.0,0.0,0.0,0.0
ende,15,Online-B vs Online-Y,0.01,89.93333333333334,109.58666666666673,109.12666666666668,dedup,dedup,0.17934055237863533,False,0.004197590947804364,-0.00018990015151300593,0.007887083718336059,mtme_BLEURT-20-refA,0.3044963424848067,0.977419310947295,0.0,0.0,0.0,0.0,0.0,0.0,0.0,0.0,0.0,0.0,0.0,0.0
ende,15,Online-B vs Online-Y,0.01,89.93333333333334,109.58666666666673,109.12666666666668,dedup,dedup,0.17934055237863533,False,0.004197590947804364,-0.00018990015151300593,0.007887083718336059,mtme_COMET-20-refA,0.26046765208850464,0.9858264490713564,0.0,0.0,0.0,0.0,0.0,0.0,0.0,0.0,0.0,0.0,0.0,0.0
ende,15,Online-B vs Online-Y,0.01,89.93333333333334,109.58666666666673,109.12666666666668,dedup,dedup,0.17934055237863533,False,0.004197590947804364,-0.00018990015151300593,0.007887083718336059,mtme_COMET-22-refA,0.2820458905737213,0.9524733537563392,0.0,-1.6653345369376993e-17,0.0,0.0,0.0,0.0,0.0,-1.6653345369376993e-17,0.0,0.0,0.0,0.0
ende,15,Online-B vs Online-Y,0.01,89.93333333333334,109.58666666666673,109.12666666666668,dedup,dedup,0.17934055237863533,False,0.004197590947804364,-0.00018990015151300593,0.007887083718336059,mtme_COMET-QE-src,0.22178320428647263,0.8324986400919704,0.0,-4.996003610813098e-17,0.0,0.0,0.0,0.0,0.0,-0.007347527503741649,0.0,0.0,0.0,0.0
ende,15,Online-B vs Online-Y,0.01,89.93333333333334,109.58666666666673,109.12666666666668,dedup,dedup,0.17934055237863533,False,0.004197590947804364,-0.00018990015151300593,0.007887083718336059,mtme_COMETKiwi-src,0.19914144052770505,0.9226539774777828,0.0,0.0,0.0,0.0,0.0,0.0,0.0,0.0,0.0,0.0,0.0,0.0
ende,15,Online-B vs Online-Y,0.01,89.93333333333334,109.58666666666673,109.12666666666668,dedup,dedup,0.17934055237863533,False,0.004197590947804364,-0.00018990015151300593,0.007887083718336059,mtme_Cross-QE-src,0.217719333858237,0.9403569774408737,0.0,0.0,0.0,0.0,0.0,0.0,0.0,0.0,0.0,0.0,0.0,0.0
ende,15,Online-B vs Online-Y,0.01,89.93333333333334,109.58666666666673,109.12666666666668,dedup,dedup,0.17934055237863533,False,0.004197590947804364,-0.00018990015151300593,0.007887083718336059,mtme_HWTSC-TLM-src,0.12333176118003841,0.7686262691697412,0.0,0.0,0.0,0.0,0.0,0.0,0.0,0.0,0.0,0.0,0.0,0.0
ende,15,Online-B vs Online-Y,0.01,89.93333333333334,109.58666666666673,109.12666666666668,dedup,dedup,0.17934055237863533,False,0.004197590947804364,-0.00018990015151300593,0.007887083718336059,mtme_HWTSC-Teacher-Sim-src,0.13109349441164797,0.6922672434936012,0.0,-0.013174051609197029,0.0,0.0,0.0,0.0,0.0,-0.00798258830124025,0.0,0.0,0.0,0.0
ende,15,Online-B vs Online-Y,0.01,89.93333333333334,109.58666666666673,109.12666666666668,dedup,dedup,0.17934055237863533,False,0.004197590947804364,-0.00018990015151300593,0.007887083718336059,mtme_KG-BERTScore-src,0.12236929819964928,0.6378374846052578,0.0,-0.00011885598582638569,0.0,0.0,0.0,0.0,0.0,-0.005514600508771543,0.0,0.0,0.0,0.0
ende,15,Online-B vs Online-Y,0.01,89.93333333333334,109.58666666666673,109.12666666666668,dedup,dedup,0.17934055237863533,False,0.004197590947804364,-0.00018990015151300593,0.007887083718336059,mtme_MATESE-QE-src,0.17671417320044056,0.7648995070123706,0.0,-0.00014505026816930247,0.0,0.0,0.0,0.0,0.0,-0.00035155810552368964,0.0,0.0,0.0,0.0
ende,15,Online-B vs Online-Y,0.01,89.93333333333334,109.58666666666673,109.12666666666668,dedup,dedup,0.17934055237863533,False,0.004197590947804364,-0.00018990015151300593,0.007887083718336059,mtme_MATESE-refA,0.2518810167113241,0.9246232659550914,0.0,-0.09279009110501563,0.0,0.0,0.0,0.0,0.0,-0.09379532308430166,0.0,0.0,0.0,0.0
ende,15,Online-B vs Online-Y,0.01,89.93333333333334,109.58666666666673,109.12666666666668,dedup,dedup,0.17934055237863533,False,0.004197590947804364,-0.00018990015151300593,0.007887083718336059,mtme_MEE-refA,0.12959107313215523,0.8768362437607912,0.0,-0.006741186329391837,0.0,0.0,0.0,0.0,0.0,0.0,0.0,0.0,0.0,0.0
ende,15,Online-B vs Online-Y,0.01,89.93333333333334,109.58666666666673,109.12666666666668,dedup,dedup,0.17934055237863533,False,0.004197590947804364,-0.00018990015151300593,0.007887083718336059,mtme_MEE2-refA,0.1460322315925059,0.8910462707906135,0.0,0.0,0.0,0.0,0.0,0.0,0.0,0.0,0.0,0.0,0.0,0.0
ende,15,Online-B vs Online-Y,0.01,89.93333333333334,109.58666666666673,109.12666666666668,dedup,dedup,0.17934055237863533,False,0.004197590947804364,-0.00018990015151300593,0.007887083718336059,mtme_MEE4-refA,0.16824811299274972,0.89207408156182,0.0,0.0,0.0,0.0,0.0,0.0,0.0,0.0,0.0,0.0,0.0,0.0
ende,15,Online-B vs Online-Y,0.01,89.93333333333334,109.58666666666673,109.12666666666668,dedup,dedup,0.17934055237863533,False,0.004197590947804364,-0.00018990015151300593,0.007887083718336059,mtme_MS-COMET-22-refA,0.2388830333398479,0.9163007970087684,0.0,-0.03326366032787212,0.0,0.0,-0.006317931772020574,0.0,0.0,-0.05090455299446448,0.0,0.0,0.0,0.0
ende,15,Online-B vs Online-Y,0.01,89.93333333333334,109.58666666666673,109.12666666666668,dedup,dedup,0.17934055237863533,False,0.004197590947804364,-0.00018990015151300593,0.007887083718336059,mtme_MS-COMET-QE-22-src,0.15786756610065433,0.7522191383266835,0.0,0.0,0.0,0.0,0.0,0.0,0.0,0.0,0.0,0.0,0.0,0.0
ende,15,Online-B vs Online-Y,0.01,89.93333333333334,109.58666666666673,109.12666666666668,dedup,dedup,0.17934055237863533,False,0.004197590947804364,-0.00018990015151300593,0.007887083718336059,mtme_REUSE-src,-0.058098942523213896,-0.7189752875124902,0.0,0.0,0.0,0.0,0.0,0.0,0.0,-0.00013794766670729137,0.0,0.0,0.0,0.0
ende,15,Online-B vs Online-Y,0.01,89.93333333333334,109.58666666666673,109.12666666666668,dedup,dedup,0.17934055237863533,False,0.004197590947804364,-0.00018990015151300593,0.007887083718336059,mtme_SEScore-refA,0.1615844180882194,0.8627443368691673,0.0,-0.0012510868027993548,0.0,0.0,0.0,0.0,0.0,-0.016392930714043047,0.0,0.0,0.0,0.0
ende,15,Online-B vs Online-Y,0.01,89.93333333333334,109.58666666666673,109.12666666666668,dedup,dedup,0.17934055237863533,False,0.004197590947804364,-0.00018990015151300593,0.007887083718336059,mtme_UniTE-ref-refA,0.31089701576127476,0.935537336231014,0.0,0.0,0.0,0.0,0.0,0.0,0.0,0.0,0.0,0.0,0.0,0.0
ende,15,Online-B vs Online-Y,0.01,89.93333333333334,109.58666666666673,109.12666666666668,dedup,dedup,0.17934055237863533,False,0.004197590947804364,-0.00018990015151300593,0.007887083718336059,mtme_UniTE-refA,0.30568175401024833,0.934069874660218,0.0,0.0,0.0,0.0,0.0,0.0,0.0,0.0,0.0,0.0,0.0,0.0
ende,15,Online-B vs Online-Y,0.01,89.93333333333334,109.58666666666673,109.12666666666668,dedup,dedup,0.17934055237863533,False,0.004197590947804364,-0.00018990015151300593,0.007887083718336059,mtme_UniTE-src-src,0.21966033875080537,0.8781288793774996,0.0,0.0,0.0,0.0,0.0,0.0,0.0,0.0,0.0,0.0,0.0,0.0
ende,15,Online-B vs Online-Y,0.01,89.93333333333334,109.58666666666673,109.12666666666668,dedup,dedup,0.17934055237863533,False,0.004197590947804364,-0.00018990015151300593,0.007887083718336059,mtme_YiSi-1-refA,0.17460411793018904,0.9374352886959156,0.0,-0.013981680663534904,0.0,0.0,0.0,0.0,0.0,-0.021501304827799727,0.0,0.0,0.0,0.0
ende,15,Online-B vs Online-Y,0.01,89.93333333333334,109.58666666666673,109.12666666666668,dedup,dedup,0.17934055237863533,False,0.004197590947804364,-0.00018990015151300593,0.007887083718336059,mtme_chrF-refA,0.1511550483171052,0.913148721285636,0.0,-0.00019951108821240755,0.0,0.0,0.0,0.0,0.0,-0.013454848226408174,0.0,0.0,0.0,0.0
ende,15,Online-B vs Online-Y,0.01,89.93333333333334,109.58666666666673,109.12666666666668,dedup,dedup,0.17934055237863533,False,0.004197590947804364,-0.00018990015151300593,0.007887083718336059,mtme_f101spBLEU-refA,0.1203557899355055,0.8322237271443311,0.0,-0.00024343938512482214,0.0,0.0,0.0,0.0,0.0,-0.0036233142098809003,0.0,0.0,0.0,0.0
ende,15,Online-B vs Online-Y,0.01,89.93333333333334,109.58666666666673,109.12666666666668,dedup,dedup,0.17934055237863533,False,0.004197590947804364,-0.00018990015151300593,0.007887083718336059,mtme_f200spBLEU-refA,0.11908382759182362,0.8109386629133486,0.0,0.0,0.0,0.0,0.0,0.0,0.0,0.0,0.0,0.0,0.0,0.0
ende,15,Online-B vs Online-Y,0.01,89.93333333333334,109.58666666666673,109.12666666666668,dedup,dedup,0.17934055237863533,False,0.004197590947804364,-0.00018990015151300593,0.007887083718336059,mtme_metricx_xl_DA_2019-refA,0.36168391528910065,0.9809205978427264,0.0,0.0,0.0,0.0,0.0,0.0,0.0,-0.00013767229542005195,0.0,0.0,-0.0023307511417369527,0.0
ende,15,Online-B vs Online-Y,0.01,89.93333333333334,109.58666666666673,109.12666666666668,dedup,dedup,0.17934055237863533,False,0.004197590947804364,-0.00018990015151300593,0.007887083718336059,mtme_metricx_xl_MQM_2020-refA,0.3792282083907348,0.9616341585507984,0.0,0.0,0.0,0.0,0.0,0.0,0.0,0.0,0.0,0.0,0.0,0.0
ende,15,Online-B vs Online-Y,0.01,89.93333333333334,109.58666666666673,109.12666666666668,dedup,dedup,0.17934055237863533,False,0.004197590947804364,-0.00018990015151300593,0.007887083718336059,mtme_metricx_xxl_DA_2019-refA,0.3425246958806032,0.9781893317652096,0.0,-0.03409577106985909,0.0,0.0,0.0,0.0,0.0,0.0,0.0,0.0,0.0,0.0
ende,15,Online-B vs Online-Y,0.01,89.93333333333334,109.58666666666673,109.12666666666668,dedup,dedup,0.17934055237863533,False,0.004197590947804364,-0.00018990015151300593,0.007887083718336059,mtme_metricx_xxl_MQM_2020-refA,0.3770747533046095,0.9670998023955928,0.0,0.0,0.0,0.0,0.0,0.0,0.0,0.0,0.0,0.0,0.0,0.0
ende,15,Online-B vs Online-Y,0.01,89.93333333333334,109.58666666666673,109.12666666666668,dedup,dedup,0.17934055237863533,False,0.004197590947804364,-0.00018990015151300593,0.007887083718336059,comet22,0.30792707574027267,,0.0,0.0,0.0,0.0,0.0,0.0,0.0,0.0,0.0,0.0,0.0,0.0
ende,15,Online-B vs Online-Y,0.01,89.93333333333334,109.58666666666673,109.12666666666668,dedup,dedup,0.17934055237863533,False,0.004197590947804364,-0.00018990015151300593,0.007887083718336059,qwen3_8b,0.1545117208287014,,0.0,0.0,0.0,0.0,0.0,0.0,0.0,0.0,0.0,0.0,0.0,0.0
ende,15,Online-B vs Online-Y,0.01,89.93333333333334,109.58666666666673,109.12666666666668,dedup,dedup,0.17934055237863533,False,0.004197590947804364,-0.00018990015151300593,0.007887083718336059,mistral_7b,0.03926427767323425,,0.0,-0.024431176537116375,0.0,0.0,-0.01162885797988336,0.0,0.0,-0.027184445372250822,0.0,0.0,0.0,0.0
ende,15,Online-B vs Online-Y,0.02,89.93333333333334,109.58666666666673,109.12666666666668,dedup,dedup,0.17934055237863533,False,0.004197590947804364,0.0003038466676449691,0.007887083718336059,mtme_BERTScore-refA,0.15866741963214948,0.906706577010188,0.0,0.0,0.0,0.0,0.0,0.0,0.0,0.0,0.0,0.0,0.0,0.0
ende,15,Online-B vs Online-Y,0.02,89.93333333333334,109.58666666666673,109.12666666666668,dedup,dedup,0.17934055237863533,False,0.004197590947804364,0.0003038466676449691,0.007887083718336059,mtme_BLEU-refA,0.12112613591153489,0.8634063310084908,0.0,0.0,0.0,0.0,0.0,0.0,0.0,0.0,0.0,0.0,0.0,0.0
ende,15,Online-B vs Online-Y,0.02,89.93333333333334,109.58666666666673,109.12666666666668,dedup,dedup,0.17934055237863533,False,0.004197590947804364,0.0003038466676449691,0.007887083718336059,mtme_BLEURT-20-refA,0.3044963424848067,0.977419310947295,0.0,0.0,0.0,0.0,0.0,0.0,0.0,0.0,0.0,0.0,0.0,0.0
ende,15,Online-B vs Online-Y,0.02,89.93333333333334,109.58666666666673,109.12666666666668,dedup,dedup,0.17934055237863533,False,0.004197590947804364,0.0003038466676449691,0.007887083718336059,mtme_COMET-20-refA,0.26046765208850464,0.9858264490713564,0.0,0.0,0.0,0.0,0.0,0.0,0.0,0.0,0.0,0.0,0.0,0.0
ende,15,Online-B vs Online-Y,0.02,89.93333333333334,109.58666666666673,109.12666666666668,dedup,dedup,0.17934055237863533,False,0.004197590947804364,0.0003038466676449691,0.007887083718336059,mtme_COMET-22-refA,0.2820458905737213,0.9524733537563392,0.0,0.0,0.0,0.0,0.0,0.0,0.0,0.0,0.0,0.0,0.0,0.0
ende,15,Online-B vs Online-Y,0.02,89.93333333333334,109.58666666666673,109.12666666666668,dedup,dedup,0.17934055237863533,False,0.004197590947804364,0.0003038466676449691,0.007887083718336059,mtme_COMET-QE-src,0.22178320428647263,0.8324986400919704,0.0,0.0,0.0,0.0,0.0,0.0,0.0,0.0,0.0,0.0,0.0,0.0
ende,15,Online-B vs Online-Y,0.02,89.93333333333334,109.58666666666673,109.12666666666668,dedup,dedup,0.17934055237863533,False,0.004197590947804364,0.0003038466676449691,0.007887083718336059,mtme_COMETKiwi-src,0.19914144052770505,0.9226539774777828,0.0,0.0,0.0,0.0,0.0,0.0,0.0,0.0,0.0,0.0,0.0,0.0
ende,15,Online-B vs Online-Y,0.02,89.93333333333334,109.58666666666673,109.12666666666668,dedup,dedup,0.17934055237863533,False,0.004197590947804364,0.0003038466676449691,0.007887083718336059,mtme_Cross-QE-src,0.217719333858237,0.9403569774408737,0.0,0.0,0.0,0.0,0.0,0.0,0.0,0.0,0.0,0.0,0.0,0.0
ende,15,Online-B vs Online-Y,0.02,89.93333333333334,109.58666666666673,109.12666666666668,dedup,dedup,0.17934055237863533,False,0.004197590947804364,0.0003038466676449691,0.007887083718336059,mtme_HWTSC-TLM-src,0.12333176118003841,0.7686262691697412,0.0,0.0,0.0,0.0,0.0,0.0,0.0,0.0,0.0,0.0,0.0,0.0
ende,15,Online-B vs Online-Y,0.02,89.93333333333334,109.58666666666673,109.12666666666668,dedup,dedup,0.17934055237863533,False,0.004197590947804364,0.0003038466676449691,0.007887083718336059,mtme_HWTSC-Teacher-Sim-src,0.13109349441164797,0.6922672434936012,0.0,0.0,0.0,0.0,0.0,0.0,0.0,0.0,0.0,0.0,0.0,0.0
ende,15,Online-B vs Online-Y,0.02,89.93333333333334,109.58666666666673,109.12666666666668,dedup,dedup,0.17934055237863533,False,0.004197590947804364,0.0003038466676449691,0.007887083718336059,mtme_KG-BERTScore-src,0.12236929819964928,0.6378374846052578,0.0,0.0,0.0,0.0,0.0,0.0,0.0,0.0,0.0,0.0,0.0,0.0
ende,15,Online-B vs Online-Y,0.02,89.93333333333334,109.58666666666673,109.12666666666668,dedup,dedup,0.17934055237863533,False,0.004197590947804364,0.0003038466676449691,0.007887083718336059,mtme_MATESE-QE-src,0.17671417320044056,0.7648995070123706,0.0,0.0,0.0,0.0,0.0,0.0,0.0,0.0,0.0,0.0,0.0,0.0
ende,15,Online-B vs Online-Y,0.02,89.93333333333334,109.58666666666673,109.12666666666668,dedup,dedup,0.17934055237863533,False,0.004197590947804364,0.0003038466676449691,0.007887083718336059,mtme_MATESE-refA,0.2518810167113241,0.9246232659550914,0.0,0.0,0.0,0.0,0.0,0.0,0.0,0.0,0.0,0.0,0.0,0.0
ende,15,Online-B vs Online-Y,0.02,89.93333333333334,109.58666666666673,109.12666666666668,dedup,dedup,0.17934055237863533,False,0.004197590947804364,0.0003038466676449691,0.007887083718336059,mtme_MEE-refA,0.12959107313215523,0.8768362437607912,0.0,0.0,0.0,0.0,0.0,0.0,0.0,0.0,0.0,0.0,0.0,0.0
ende,15,Online-B vs Online-Y,0.02,89.93333333333334,109.58666666666673,109.12666666666668,dedup,dedup,0.17934055237863533,False,0.004197590947804364,0.0003038466676449691,0.007887083718336059,mtme_MEE2-refA,0.1460322315925059,0.8910462707906135,0.0,0.0,0.0,0.0,0.0,0.0,0.0,0.0,0.0,0.0,0.0,0.0
ende,15,Online-B vs Online-Y,0.02,89.93333333333334,109.58666666666673,109.12666666666668,dedup,dedup,0.17934055237863533,False,0.004197590947804364,0.0003038466676449691,0.007887083718336059,mtme_MEE4-refA,0.16824811299274972,0.89207408156182,0.0,0.0,0.0,0.0,0.0,0.0,0.0,0.0,0.0,0.0,0.0,0.0
ende,15,Online-B vs Online-Y,0.02,89.93333333333334,109.58666666666673,109.12666666666668,dedup,dedup,0.17934055237863533,False,0.004197590947804364,0.0003038466676449691,0.007887083718336059,mtme_MS-COMET-22-refA,0.2388830333398479,0.9163007970087684,0.0,0.0,0.0,0.0,0.0,0.0,0.0,0.0,0.0,0.0,0.0,0.0
ende,15,Online-B vs Online-Y,0.02,89.93333333333334,109.58666666666673,109.12666666666668,dedup,dedup,0.17934055237863533,False,0.004197590947804364,0.0003038466676449691,0.007887083718336059,mtme_MS-COMET-QE-22-src,0.15786756610065433,0.7522191383266835,0.0,0.0,0.0,0.0,0.0,0.0,0.0,0.0,0.0,0.0,0.0,0.0
ende,15,Online-B vs Online-Y,0.02,89.93333333333334,109.58666666666673,109.12666666666668,dedup,dedup,0.17934055237863533,False,0.004197590947804364,0.0003038466676449691,0.007887083718336059,mtme_REUSE-src,-0.058098942523213896,-0.7189752875124902,0.0,0.0,0.0,0.0,0.0,0.0,0.0,0.0,0.0,0.0,0.0,0.0
ende,15,Online-B vs Online-Y,0.02,89.93333333333334,109.58666666666673,109.12666666666668,dedup,dedup,0.17934055237863533,False,0.004197590947804364,0.0003038466676449691,0.007887083718336059,mtme_SEScore-refA,0.1615844180882194,0.8627443368691673,0.0,0.0,0.0,0.0,0.0,0.0,0.0,0.0,0.0,0.0,0.0,0.0
ende,15,Online-B vs Online-Y,0.02,89.93333333333334,109.58666666666673,109.12666666666668,dedup,dedup,0.17934055237863533,False,0.004197590947804364,0.0003038466676449691,0.007887083718336059,mtme_UniTE-ref-refA,0.31089701576127476,0.935537336231014,0.0,0.0,0.0,0.0,0.0,0.0,0.0,0.0,0.0,0.0,0.0,0.0
ende,15,Online-B vs Online-Y,0.02,89.93333333333334,109.58666666666673,109.12666666666668,dedup,dedup,0.17934055237863533,False,0.004197590947804364,0.0003038466676449691,0.007887083718336059,mtme_UniTE-refA,0.30568175401024833,0.934069874660218,0.0,0.0,0.0,0.0,0.0,0.0,0.0,0.0,0.0,0.0,0.0,0.0
ende,15,Online-B vs Online-Y,0.02,89.93333333333334,109.58666666666673,109.12666666666668,dedup,dedup,0.17934055237863533,False,0.004197590947804364,0.0003038466676449691,0.007887083718336059,mtme_UniTE-src-src,0.21966033875080537,0.8781288793774996,0.0,0.0,0.0,0.0,0.0,0.0,0.0,0.0,0.0,0.0,0.0,0.0
ende,15,Online-B vs Online-Y,0.02,89.93333333333334,109.58666666666673,109.12666666666668,dedup,dedup,0.17934055237863533,False,0.004197590947804364,0.0003038466676449691,0.007887083718336059,mtme_YiSi-1-refA,0.17460411793018904,0.9374352886959156,0.0,0.0,0.0,0.0,0.0,0.0,0.0,0.0,0.0,0.0,0.0,0.0
ende,15,Online-B vs Online-Y,0.02,89.93333333333334,109.58666666666673,109.12666666666668,dedup,dedup,0.17934055237863533,False,0.004197590947804364,0.0003038466676449691,0.007887083718336059,mtme_chrF-refA,0.1511550483171052,0.913148721285636,0.0,0.0,0.0,0.0,0.0,0.0,0.0,0.0,0.0,0.0,0.0,0.0
ende,15,Online-B vs Online-Y,0.02,89.93333333333334,109.58666666666673,109.12666666666668,dedup,dedup,0.17934055237863533,False,0.004197590947804364,0.0003038466676449691,0.007887083718336059,mtme_f101spBLEU-refA,0.1203557899355055,0.8322237271443311,0.0,0.0,0.0,0.0,0.0,0.0,0.0,0.0,0.0,0.0,0.0,0.0
ende,15,Online-B vs Online-Y,0.02,89.93333333333334,109.58666666666673,109.12666666666668,dedup,dedup,0.17934055237863533,False,0.004197590947804364,0.0003038466676449691,0.007887083718336059,mtme_f200spBLEU-refA,0.11908382759182362,0.8109386629133486,0.0,0.0,0.0,0.0,0.0,0.0,0.0,0.0,0.0,0.0,0.0,0.0
ende,15,Online-B vs Online-Y,0.02,89.93333333333334,109.58666666666673,109.12666666666668,dedup,dedup,0.17934055237863533,False,0.004197590947804364,0.0003038466676449691,0.007887083718336059,mtme_metricx_xl_DA_2019-refA,0.36168391528910065,0.9809205978427264,0.0,0.0,0.0,0.0,0.0,0.0,0.0,0.0,0.0,0.0,0.0,0.0
ende,15,Online-B vs Online-Y,0.02,89.93333333333334,109.58666666666673,109.12666666666668,dedup,dedup,0.17934055237863533,False,0.004197590947804364,0.0003038466676449691,0.007887083718336059,mtme_metricx_xl_MQM_2020-refA,0.3792282083907348,0.9616341585507984,0.0,0.0,0.0,0.0,0.0,0.0,0.0,0.0,0.0,0.0,0.0,0.0
ende,15,Online-B vs Online-Y,0.02,89.93333333333334,109.58666666666673,109.12666666666668,dedup,dedup,0.17934055237863533,False,0.004197590947804364,0.0003038466676449691,0.007887083718336059,mtme_metricx_xxl_DA_2019-refA,0.3425246958806032,0.9781893317652096,0.0,0.0,0.0,0.0,0.0,0.0,0.0,0.0,0.0,0.0,0.0,0.0
ende,15,Online-B vs Online-Y,0.02,89.93333333333334,109.58666666666673,109.12666666666668,dedup,dedup,0.17934055237863533,False,0.004197590947804364,0.0003038466676449691,0.007887083718336059,mtme_metricx_xxl_MQM_2020-refA,0.3770747533046095,0.9670998023955928,0.0,0.0,0.0,0.0,0.0,0.0,0.0,0.0,0.0,0.0,0.0,0.0
ende,15,Online-B vs Online-Y,0.02,89.93333333333334,109.58666666666673,109.12666666666668,dedup,dedup,0.17934055237863533,False,0.004197590947804364,0.0003038466676449691,0.007887083718336059,comet22,0.30792707574027267,,0.0,0.0,0.0,0.0,0.0,0.0,0.0,0.0,0.0,0.0,0.0,0.0
ende,15,Online-B vs Online-Y,0.02,89.93333333333334,109.58666666666673,109.12666666666668,dedup,dedup,0.17934055237863533,False,0.004197590947804364,0.0003038466676449691,0.007887083718336059,qwen3_8b,0.1545117208287014,,0.0,0.0,0.0,0.0,0.0,0.0,0.0,0.0,0.0,0.0,0.0,0.0
ende,15,Online-B vs Online-Y,0.02,89.93333333333334,109.58666666666673,109.12666666666668,dedup,dedup,0.17934055237863533,False,0.004197590947804364,0.0003038466676449691,0.007887083718336059,mistral_7b,0.03926427767323425,,0.0,0.0,0.0,0.0,0.0,0.0,0.0,0.0,0.0,0.0,0.0,0.0
ende,23,JDExploreAcademy vs Online-A,0.01,89.73666666666666,109.39000000000001,109.07666666666674,weighted,weighted,0.17966297955328048,False,0.002864369077002271,-0.002201201285367854,0.22900239459023386,mtme_BERTScore-refA,0.1439487594796799,0.906706577010188,0.0,-0.2516067061269236,0.0,0.0,-0.0047921617422580255,0.0,0.0,-0.2607874194113426,0.0,0.0,-0.28442066413471473,0.0
ende,23,JDExploreAcademy vs Online-A,0.01,89.73666666666666,109.39000000000001,109.07666666666674,weighted,weighted,0.17966297955328048,False,0.002864369077002271,-0.002201201285367854,0.22900239459023386,mtme_BLEU-refA,0.08208133156221346,0.8634063310084908,0.0,-0.015504182900309773,0.0,0.0,0.0,0.0,0.0,-0.19225874268314655,0.0,0.0,0.0,0.0
ende,23,JDExploreAcademy vs Online-A,0.01,89.73666666666666,109.39000000000001,109.07666666666674,weighted,weighted,0.17966297955328048,False,0.002864369077002271,-0.002201201285367854,0.22900239459023386,mtme_BLEURT-20-refA,0.29185379259978117,0.977419310947295,0.0,-0.27706076490031956,0.0,0.0,-0.1955478923396338,0.0,0.0,-0.2719836819864551,0.0,0.0,-0.18516706291555993,0.0
ende,23,JDExploreAcademy vs Online-A,0.01,89.73666666666666,109.39000000000001,109.07666666666674,weighted,weighted,0.17966297955328048,False,0.002864369077002271,-0.002201201285367854,0.22900239459023386,mtme_COMET-20-refA,0.21604705120090142,0.9858264490713564,0.0,-0.2986817892924126,0.0,0.0,-0.18777485250980303,0.0,0.0,-0.30517598881068647,0.0,0.0,-0.2093229872096853,0.0
ende,23,JDExploreAcademy vs Online-A,0.01,89.73666666666666,109.39000000000001,109.07666666666674,weighted,weighted,0.17966297955328048,False,0.002864369077002271,-0.002201201285367854,0.22900239459023386,mtme_COMET-22-refA,0.290940667720719,0.9524733537563392,0.0,-0.3066414469499041,0.0,0.0,-0.22020359003193296,0.0,0.0,-0.28862679478057046,0.0,0.0,-0.2667572162691688,0.0
ende,23,JDExploreAcademy vs Online-A,0.01,89.73666666666666,109.39000000000001,109.07666666666674,weighted,weighted,0.17966297955328048,False,0.002864369077002271,-0.002201201285367854,0.22900239459023386,mtme_COMET-QE-src,0.20883019882210216,0.8324986400919704,0.0,-0.2111152275173305,0.0,0.0,-0.0031513910536556163,0.0,0.0,-0.21863204555749197,0.0,0.0,-0.3021279433527522,0.0
ende,23,JDExploreAcademy vs Online-A,0.01,89.73666666666666,109.39000000000001,109.07666666666674,weighted,weighted,0.17966297955328048,False,0.002864369077002271,-0.002201201285367854,0.22900239459023386,mtme_COMETKiwi-src,0.20446495079956895,0.9226539774777828,0.0,-0.33047186023573377,0.0,0.0,-0.17087958021131106,0.0,0.0,-0.26464089092023707,0.0,0.0,-0.20985889064220092,0.0
ende,23,JDExploreAcademy vs Online-A,0.01,89.73666666666666,109.39000000000001,109.07666666666674,weighted,weighted,0.17966297955328048,False,0.002864369077002271,-0.002201201285367854,0.22900239459023386,mtme_Cross-QE-src,0.18251126197582013,0.9403569774408737,0.0,-0.19513164457837454,0.0,0.0,0.0,0.0,0.0,-0.18666246798534822,0.0,0.0,-0.23130150367530156,0.0
ende,23,JDExploreAcademy vs Online-A,0.01,89.73666666666666,109.39000000000001,109.07666666666674,weighted,weighted,0.17966297955328048,False,0.002864369077002271,-0.002201201285367854,0.22900239459023386,mtme_HWTSC-TLM-src,0.05881750639144863,0.7686262691697412,0.0,-0.2722841454089336,0.0,0.0,-0.17468601343756238,0.0,0.0,-0.21906603886504997,0.0,0.0,-0.17597416234355714,0.0
ende,23,JDExploreAcademy vs Online-A,0.01,89.73666666666666,109.39000000000001,109.07666666666674,weighted,weighted,0.17966297955328048,False,0.002864369077002271,-0.002201201285367854,0.22900239459023386,mtme_HWTSC-Teacher-Sim-src,0.08136441328260491,0.6922672434936012,0.0,-0.22215547872419095,0.0,0.0,-0.18862878263277436,0.0,0.0,-0.22228849404388618,0.0,0.0,0.0,0.0
ende,23,JDExploreAcademy vs Online-A,0.01,89.73666666666666,109.39000000000001,109.07666666666674,weighted,weighted,0.17966297955328048,False,0.002864369077002271,-0.002201201285367854,0.22900239459023386,mtme_KG-BERTScore-src,0.07186507520425024,0.6378374846052578,0.0,-0.18881957205451566,0.0,0.0,0.0,0.0,0.0,-0.19131180357308444,0.0,0.0,0.0,0.0
ende,23,JDExploreAcademy vs Online-A,0.01,89.73666666666666,109.39000000000001,109.07666666666674,weighted,weighted,0.17966297955328048,False,0.002864369077002271,-0.002201201285367854,0.22900239459023386,mtme_MATESE-QE-src,0.12981180060090028,0.7648995070123706,0.0,-0.22241531505398,0.0,0.0,-0.012709624487653903,0.0,0.0,-0.3303864785073124,0.0,0.0,0.0,0.0
ende,23,JDExploreAcademy vs Online-A,0.01,89.73666666666666,109.39000000000001,109.07666666666674,weighted,weighted,0.17966297955328048,False,0.002864369077002271,-0.002201201285367854,0.22900239459023386,mtme_MATESE-refA,0.10156019261322169,0.9246232659550914,0.0,-0.3077360742006281,0.0,0.0,-0.18657458194942989,0.0,0.0,-0.3142173396736686,0.0,0.0,-0.20435273891715539,0.0
ende,23,JDExploreAcademy vs Online-A,0.01,89.73666666666666,109.39000000000001,109.07666666666674,weighted,weighted,0.17966297955328048,False,0.002864369077002271,-0.002201201285367854,0.22900239459023386,mtme_MEE-refA,0.09700809303753757,0.8768362437607912,0.0,-0.21876658558484607,0.0,0.0,-0.20646550784245155,0.0,0.0,-0.23887975579210421,0.0,0.0,-0.26611637645408925,0.0
ende,23,JDExploreAcademy vs Online-A,0.01,89.73666666666666,109.39000000000001,109.07666666666674,weighted,weighted,0.17966297955328048,False,0.002864369077002271,-0.002201201285367854,0.22900239459023386,mtme_MEE2-refA,0.1128283535996892,0.8910462707906135,0.0,-0.22350260167714714,0.0,0.0,-0.18706537757575217,0.0,0.0,-0.2994405203794216,0.0,0.0,-6.984155396658049e-05,0.0
ende,23,JDExploreAcademy vs Online-A,0.01,89.73666666666666,109.39000000000001,109.07666666666674,weighted,weighted,0.17966297955328048,False,0.002864369077002271,-0.002201201285367854,0.22900239459023386,mtme_MEE4-refA,0.12990175036494683,0.89207408156182,0.0,-0.26405663701681864,0.0,0.0,0.0,0.0,0.0,-0.25679063232353727,0.0,0.0,-0.28287086369662107,0.0
ende,23,JDExploreAcademy vs Online-A,0.01,89.73666666666666,109.39000000000001,109.07666666666674,weighted,weighted,0.17966297955328048,False,0.002864369077002271,-0.002201201285367854,0.22900239459023386,mtme_MS-COMET-22-refA,0.15120065064383287,0.9163007970087684,0.0,-0.0019523969568273874,0.0,0.0,-0.13269131619646557,0.0,0.0,-0.32559984751780224,0.0,0.0,0.0,0.0
ende,23,JDExploreAcademy vs Online-A,0.01,89.73666666666666,109.39000000000001,109.07666666666674,weighted,weighted,0.17966297955328048,False,0.002864369077002271,-0.002201201285367854,0.22900239459023386,mtme_MS-COMET-QE-22-src,0.12282243193176678,0.7522191383266835,0.0,-0.19672867714795175,0.0,0.0,0.0,0.0,0.0,-0.1936109397092896,0.0,0.0,-0.18358528339455665,0.0
ende,23,JDExploreAcademy vs Online-A,0.01,89.73666666666666,109.39000000000001,109.07666666666674,weighted,weighted,0.17966297955328048,False,0.002864369077002271,-0.002201201285367854,0.22900239459023386,mtme_REUSE-src,-0.09333861958747117,-0.7189752875124902,0.0,0.0,0.0,0.0,0.0,0.0,0.0,0.0,0.0,0.0,0.0,0.0
ende,23,JDExploreAcademy vs Online-A,0.01,89.73666666666666,109.39000000000001,109.07666666666674,weighted,weighted,0.17966297955328048,False,0.002864369077002271,-0.002201201285367854,0.22900239459023386,mtme_SEScore-refA,0.14911305137596698,0.8627443368691673,0.0,-0.28206269990608707,0.0,0.0,-0.24916141324890523,0.0,0.0,-0.29653974734833927,0.0,0.0,-0.19740117850678793,0.0
ende,23,JDExploreAcademy vs Online-A,0.01,89.73666666666666,109.39000000000001,109.07666666666674,weighted,weighted,0.17966297955328048,False,0.002864369077002271,-0.002201201285367854,0.22900239459023386,mtme_UniTE-ref-refA,0.23423798177241817,0.935537336231014,0.0,-0.37180542256642096,0.0,0.0,-0.2152083426974114,0.0,0.0,-0.3115887270688596,0.0,0.0,-0.27514694706706216,0.0
ende,23,JDExploreAcademy vs Online-A,0.01,89.73666666666666,109.39000000000001,109.07666666666674,weighted,weighted,0.17966297955328048,False,0.002864369077002271,-0.002201201285367854,0.22900239459023386,mtme_UniTE-refA,0.2221880474675256,0.934069874660218,0.0,-0.3258345815587983,0.0,0.0,-0.0075942425365878065,0.0,0.0,-0.2760084334821075,0.0,0.0,-0.2984803893632499,0.0
ende,23,JDExploreAcademy vs Online-A,0.01,89.73666666666666,109.39000000000001,109.07666666666674,weighted,weighted,0.17966297955328048,False,0.002864369077002271,-0.002201201285367854,0.22900239459023386,mtme_UniTE-src-src,0.15739830815964934,0.8781288793774996,0.0,-0.2892900737877194,0.0,0.0,0.0,0.0,0.0,-0.004694336505216689,0.0,0.0,-0.2550387567418129,0.0
ende,23,JDExploreAcademy vs Online-A,0.01,89.73666666666666,109.39000000000001,109.07666666666674,weighted,weighted,0.17966297955328048,False,0.002864369077002271,-0.002201201285367854,0.22900239459023386,mtme_YiSi-1-refA,0.15268260009406115,0.9374352886959156,0.0,-0.25444738042325377,0.0,0.0,-0.18536768835050724,0.0,0.0,-0.23646499140202595,0.0,0.0,-0.24562678487014006,0.0
ende,23,JDExploreAcademy vs Online-A,0.01,89.73666666666666,109.39000000000001,109.07666666666674,weighted,weighted,0.17966297955328048,False,0.002864369077002271,-0.002201201285367854,0.22900239459023386,mtme_chrF-refA,0.11969508875295892,0.913148721285636,0.0,-0.19735229388987108,0.0,0.0,0.0,0.0,0.0,-0.28438117234554333,0.0,0.0,-0.20727146296262558,0.0
ende,23,JDExploreAcademy vs Online-A,0.01,89.73666666666666,109.39000000000001,109.07666666666674,weighted,weighted,0.17966297955328048,False,0.002864369077002271,-0.002201201285367854,0.22900239459023386,mtme_f101spBLEU-refA,0.11834980901459113,0.8322237271443311,0.0,-0.21012905482956618,0.0,0.0,0.0,0.0,0.0,-0.23170028793824946,0.0,0.0,0.0,0.0
ende,23,JDExploreAcademy vs Online-A,0.01,89.73666666666666,109.39000000000001,109.07666666666674,weighted,weighted,0.17966297955328048,False,0.002864369077002271,-0.002201201285367854,0.22900239459023386,mtme_f200spBLEU-refA,0.12218606038368296,0.8109386629133486,0.0,-0.2267591293750095,0.0,0.0,0.0,0.0,0.0,-0.2010278022602881,0.0,0.0,0.0,0.0
ende,23,JDExploreAcademy vs Online-A,0.01,89.73666666666666,109.39000000000001,109.07666666666674,weighted,weighted,0.17966297955328048,False,0.002864369077002271,-0.002201201285367854,0.22900239459023386,mtme_metricx_xl_DA_2019-refA,0.3278401288900176,0.9809205978427264,0.0,-0.2858206545647098,0.0,0.0,-0.18232703237459125,0.0,0.0,-0.24029618913254483,0.0,0.0,-0.20483686782923335,0.0
ende,23,JDExploreAcademy vs Online-A,0.01,89.73666666666666,109.39000000000001,109.07666666666674,weighted,weighted,0.17966297955328048,False,0.002864369077002271,-0.002201201285367854,0.22900239459023386,mtme_metricx_xl_MQM_2020-refA,0.3259303796662408,0.9616341585507984,0.0,-0.18120629205836492,0.0,0.0,-0.08503459789303539,0.0,0.0,-0.21215340551124615,0.0,0.0,-0.19703511618155448,0.0
ende,23,JDExploreAcademy vs Online-A,0.01,89.73666666666666,109.39000000000001,109.07666666666674,weighted,weighted,0.17966297955328048,False,0.002864369077002271,-0.002201201285367854,0.22900239459023386,mtme_metricx_xxl_DA_2019-refA,0.32058156709781715,0.9781893317652096,0.0,-0.2712386446908693,0.0,0.0,-0.25929243805988267,0.0,-0.17444855300553086,-0.2818385711542527,0.0,0.0,-0.24878809384162426,0.0
ende,23,JDExploreAcademy vs Online-A,0.01,89.73666666666666,109.39000000000001,109.07666666666674,weighted,weighted,0.17966297955328048,False,0.002864369077002271,-0.002201201285367854,0.22900239459023386,mtme_metricx_xxl_MQM_2020-refA,0.30937429086710355,0.9670998023955928,0.0,-0.3372368521553684,0.0,0.0,-0.22511918688097732,0.0,0.0,-0.3066042932703447,0.0,0.0,-0.27504907365162257,0.0
ende,23,JDExploreAcademy vs Online-A,0.01,89.73666666666666,109.39000000000001,109.07666666666674,weighted,weighted,0.17966297955328048,False,0.002864369077002271,-0.002201201285367854,0.22900239459023386,comet22,0.2480341763607543,,0.0,-0.31353314144084915,0.0,0.0,-0.1729064037796455,0.0,0.0,-0.38050278103717206,0.0,0.0,-0.27387623478674705,0.0
ende,23,JDExploreAcademy vs Online-A,0.01,89.73666666666666,109.39000000000001,109.07666666666674,weighted,weighted,0.17966297955328048,False,0.002864369077002271,-0.002201201285367854,0.22900239459023386,qwen3_8b,0.17537480140879536,,0.0,-0.20370564772501798,0.0,0.0,0.0,0.0,0.0,-0.20308324580945822,0.0,0.0,-0.1930313046199973,0.0
ende,23,JDExploreAcademy vs Online-A,0.01,89.73666666666666,109.39000000000001,109.07666666666674,weighted,weighted,0.17966297955328048,False,0.002864369077002271,-0.002201201285367854,0.22900239459023386,mistral_7b,0.0748382680176112,,0.0,-0.29907253840328085,0.0,0.0,0.0,0.0,0.0,-0.18445003856027786,0.0,0.0,-0.1862171356328368,0.0
ende,23,JDExploreAcademy vs Online-A,0.02,89.73666666666666,109.39000000000001,109.07666666666674,weighted,weighted,0.17966297955328048,False,0.002864369077002271,-0.002201201285367854,0.00707603852400072,mtme_BERTScore-refA,0.1439487594796799,0.906706577010188,0.0,0.0,0.0,0.0,0.0,0.0,0.0,0.0,0.0,0.0,0.0,0.0
ende,23,JDExploreAcademy vs Online-A,0.02,89.73666666666666,109.39000000000001,109.07666666666674,weighted,weighted,0.17966297955328048,False,0.002864369077002271,-0.002201201285367854,0.00707603852400072,mtme_BLEU-refA,0.08208133156221346,0.8634063310084908,0.0,0.0,0.0,0.0,0.0,0.0,0.0,0.0,0.0,0.0,0.0,0.0
ende,23,JDExploreAcademy vs Online-A,0.02,89.73666666666666,109.39000000000001,109.07666666666674,weighted,weighted,0.17966297955328048,False,0.002864369077002271,-0.002201201285367854,0.00707603852400072,mtme_BLEURT-20-refA,0.29185379259978117,0.977419310947295,0.0,0.0,0.0,0.0,0.0,0.0,0.0,0.0,0.0,0.0,0.0,0.0
ende,23,JDExploreAcademy vs Online-A,0.02,89.73666666666666,109.39000000000001,109.07666666666674,weighted,weighted,0.17966297955328048,False,0.002864369077002271,-0.002201201285367854,0.00707603852400072,mtme_COMET-20-refA,0.21604705120090142,0.9858264490713564,0.0,0.0,0.0,0.0,0.0,0.0,0.0,0.0,0.0,0.0,0.0,0.0
ende,23,JDExploreAcademy vs Online-A,0.02,89.73666666666666,109.39000000000001,109.07666666666674,weighted,weighted,0.17966297955328048,False,0.002864369077002271,-0.002201201285367854,0.00707603852400072,mtme_COMET-22-refA,0.290940667720719,0.9524733537563392,0.0,0.0,0.0,0.0,0.0,0.0,0.0,0.0,0.0,0.0,0.0,0.0
ende,23,JDExploreAcademy vs Online-A,0.02,89.73666666666666,109.39000000000001,109.07666666666674,weighted,weighted,0.17966297955328048,False,0.002864369077002271,-0.002201201285367854,0.00707603852400072,mtme_COMET-QE-src,0.20883019882210216,0.8324986400919704,0.0,0.0,0.0,0.0,0.0,0.0,0.0,0.0,0.0,0.0,0.0,0.0
ende,23,JDExploreAcademy vs Online-A,0.02,89.73666666666666,109.39000000000001,109.07666666666674,weighted,weighted,0.17966297955328048,False,0.002864369077002271,-0.002201201285367854,0.00707603852400072,mtme_COMETKiwi-src,0.20446495079956895,0.9226539774777828,0.0,0.0,0.0,0.0,0.0,0.0,0.0,0.0,0.0,0.0,0.0,0.0
ende,23,JDExploreAcademy vs Online-A,0.02,89.73666666666666,109.39000000000001,109.07666666666674,weighted,weighted,0.17966297955328048,False,0.002864369077002271,-0.002201201285367854,0.00707603852400072,mtme_Cross-QE-src,0.18251126197582013,0.9403569774408737,0.0,0.0,0.0,0.0,0.0,0.0,0.0,0.0,0.0,0.0,0.0,0.0
ende,23,JDExploreAcademy vs Online-A,0.02,89.73666666666666,109.39000000000001,109.07666666666674,weighted,weighted,0.17966297955328048,False,0.002864369077002271,-0.002201201285367854,0.00707603852400072,mtme_HWTSC-TLM-src,0.05881750639144863,0.7686262691697412,0.0,0.0,0.0,0.0,0.0,0.0,0.0,0.0,0.0,0.0,0.0,0.0
ende,23,JDExploreAcademy vs Online-A,0.02,89.73666666666666,109.39000000000001,109.07666666666674,weighted,weighted,0.17966297955328048,False,0.002864369077002271,-0.002201201285367854,0.00707603852400072,mtme_HWTSC-Teacher-Sim-src,0.08136441328260491,0.6922672434936012,0.0,0.0,0.0,0.0,0.0,0.0,0.0,0.0,0.0,0.0,0.0,0.0
ende,23,JDExploreAcademy vs Online-A,0.02,89.73666666666666,109.39000000000001,109.07666666666674,weighted,weighted,0.17966297955328048,False,0.002864369077002271,-0.002201201285367854,0.00707603852400072,mtme_KG-BERTScore-src,0.07186507520425024,0.6378374846052578,0.0,0.0,0.0,0.0,0.0,0.0,0.0,0.0,0.0,0.0,0.0,0.0
ende,23,JDExploreAcademy vs Online-A,0.02,89.73666666666666,109.39000000000001,109.07666666666674,weighted,weighted,0.17966297955328048,False,0.002864369077002271,-0.002201201285367854,0.00707603852400072,mtme_MATESE-QE-src,0.12981180060090028,0.7648995070123706,0.0,0.0,0.0,0.0,0.0,0.0,0.0,0.0,0.0,0.0,0.0,0.0
ende,23,JDExploreAcademy vs Online-A,0.02,89.73666666666666,109.39000000000001,109.07666666666674,weighted,weighted,0.17966297955328048,False,0.002864369077002271,-0.002201201285367854,0.00707603852400072,mtme_MATESE-refA,0.10156019261322169,0.9246232659550914,0.0,0.0,0.0,0.0,0.0,0.0,0.0,0.0,0.0,0.0,0.0,0.0
ende,23,JDExploreAcademy vs Online-A,0.02,89.73666666666666,109.39000000000001,109.07666666666674,weighted,weighted,0.17966297955328048,False,0.002864369077002271,-0.002201201285367854,0.00707603852400072,mtme_MEE-refA,0.09700809303753757,0.8768362437607912,0.0,0.0,0.0,0.0,0.0,0.0,0.0,0.0,0.0,0.0,0.0,0.0
ende,23,JDExploreAcademy vs Online-A,0.02,89.73666666666666,109.39000000000001,109.07666666666674,weighted,weighted,0.17966297955328048,False,0.002864369077002271,-0.002201201285367854,0.00707603852400072,mtme_MEE2-refA,0.1128283535996892,0.8910462707906135,0.0,0.0,0.0,0.0,0.0,0.0,0.0,0.0,0.0,0.0,0.0,0.0
ende,23,JDExploreAcademy vs Online-A,0.02,89.73666666666666,109.39000000000001,109.07666666666674,weighted,weighted,0.17966297955328048,False,0.002864369077002271,-0.002201201285367854,0.00707603852400072,mtme_MEE4-refA,0.12990175036494683,0.89207408156182,0.0,0.0,0.0,0.0,0.0,0.0,0.0,0.0,0.0,0.0,0.0,0.0
ende,23,JDExploreAcademy vs Online-A,0.02,89.73666666666666,109.39000000000001,109.07666666666674,weighted,weighted,0.17966297955328048,False,0.002864369077002271,-0.002201201285367854,0.00707603852400072,mtme_MS-COMET-22-refA,0.15120065064383287,0.9163007970087684,0.0,0.0,0.0,0.0,0.0,0.0,0.0,0.0,0.0,0.0,0.0,0.0
ende,23,JDExploreAcademy vs Online-A,0.02,89.73666666666666,109.39000000000001,109.07666666666674,weighted,weighted,0.17966297955328048,False,0.002864369077002271,-0.002201201285367854,0.00707603852400072,mtme_MS-COMET-QE-22-src,0.12282243193176678,0.7522191383266835,0.0,0.0,0.0,0.0,0.0,0.0,0.0,0.0,0.0,0.0,0.0,0.0
ende,23,JDExploreAcademy vs Online-A,0.02,89.73666666666666,109.39000000000001,109.07666666666674,weighted,weighted,0.17966297955328048,False,0.002864369077002271,-0.002201201285367854,0.00707603852400072,mtme_REUSE-src,-0.09333861958747117,-0.7189752875124902,0.0,0.0,0.0,0.0,0.0,0.0,0.0,0.0,0.0,0.0,0.0,0.0
ende,23,JDExploreAcademy vs Online-A,0.02,89.73666666666666,109.39000000000001,109.07666666666674,weighted,weighted,0.17966297955328048,False,0.002864369077002271,-0.002201201285367854,0.00707603852400072,mtme_SEScore-refA,0.14911305137596698,0.8627443368691673,0.0,0.0,0.0,0.0,0.0,0.0,0.0,0.0,0.0,0.0,0.0,0.0
ende,23,JDExploreAcademy vs Online-A,0.02,89.73666666666666,109.39000000000001,109.07666666666674,weighted,weighted,0.17966297955328048,False,0.002864369077002271,-0.002201201285367854,0.00707603852400072,mtme_UniTE-ref-refA,0.23423798177241817,0.935537336231014,0.0,0.0,0.0,0.0,0.0,0.0,0.0,0.0,0.0,0.0,0.0,0.0
ende,23,JDExploreAcademy vs Online-A,0.02,89.73666666666666,109.39000000000001,109.07666666666674,weighted,weighted,0.17966297955328048,False,0.002864369077002271,-0.002201201285367854,0.00707603852400072,mtme_UniTE-refA,0.2221880474675256,0.934069874660218,0.0,0.0,0.0,0.0,0.0,0.0,0.0,0.0,0.0,0.0,0.0,0.0
ende,23,JDExploreAcademy vs Online-A,0.02,89.73666666666666,109.39000000000001,109.07666666666674,weighted,weighted,0.17966297955328048,False,0.002864369077002271,-0.002201201285367854,0.00707603852400072,mtme_UniTE-src-src,0.15739830815964934,0.8781288793774996,0.0,0.0,0.0,0.0,0.0,0.0,0.0,0.0,0.0,0.0,0.0,0.0
ende,23,JDExploreAcademy vs Online-A,0.02,89.73666666666666,109.39000000000001,109.07666666666674,weighted,weighted,0.17966297955328048,False,0.002864369077002271,-0.002201201285367854,0.00707603852400072,mtme_YiSi-1-refA,0.15268260009406115,0.9374352886959156,0.0,0.0,0.0,0.0,0.0,0.0,0.0,0.0,0.0,0.0,0.0,0.0
ende,23,JDExploreAcademy vs Online-A,0.02,89.73666666666666,109.39000000000001,109.07666666666674,weighted,weighted,0.17966297955328048,False,0.002864369077002271,-0.002201201285367854,0.00707603852400072,mtme_chrF-refA,0.11969508875295892,0.913148721285636,0.0,0.0,0.0,0.0,0.0,0.0,0.0,0.0,0.0,0.0,0.0,0.0
ende,23,JDExploreAcademy vs Online-A,0.02,89.73666666666666,109.39000000000001,109.07666666666674,weighted,weighted,0.17966297955328048,False,0.002864369077002271,-0.002201201285367854,0.00707603852400072,mtme_f101spBLEU-refA,0.11834980901459113,0.8322237271443311,0.0,0.0,0.0,0.0,0.0,0.0,0.0,0.0,0.0,0.0,0.0,0.0
ende,23,JDExploreAcademy vs Online-A,0.02,89.73666666666666,109.39000000000001,109.07666666666674,weighted,weighted,0.17966297955328048,False,0.002864369077002271,-0.002201201285367854,0.00707603852400072,mtme_f200spBLEU-refA,0.12218606038368296,0.8109386629133486,0.0,0.0,0.0,0.0,0.0,0.0,0.0,0.0,0.0,0.0,0.0,0.0
ende,23,JDExploreAcademy vs Online-A,0.02,89.73666666666666,109.39000000000001,109.07666666666674,weighted,weighted,0.17966297955328048,False,0.002864369077002271,-0.002201201285367854,0.00707603852400072,mtme_metricx_xl_DA_2019-refA,0.3278401288900176,0.9809205978427264,0.0,0.0,0.0,0.0,0.0,0.0,0.0,0.0,0.0,0.0,0.0,0.0
ende,23,JDExploreAcademy vs Online-A,0.02,89.73666666666666,109.39000000000001,109.07666666666674,weighted,weighted,0.17966297955328048,False,0.002864369077002271,-0.002201201285367854,0.00707603852400072,mtme_metricx_xl_MQM_2020-refA,0.3259303796662408,0.9616341585507984,0.0,0.0,0.0,0.0,0.0,0.0,0.0,0.0,0.0,0.0,0.0,0.0
ende,23,JDExploreAcademy vs Online-A,0.02,89.73666666666666,109.39000000000001,109.07666666666674,weighted,weighted,0.17966297955328048,False,0.002864369077002271,-0.002201201285367854,0.00707603852400072,mtme_metricx_xxl_DA_2019-refA,0.32058156709781715,0.9781893317652096,0.0,0.0,0.0,0.0,0.0,0.0,0.0,0.0,0.0,0.0,0.0,0.0
ende,23,JDExploreAcademy vs Online-A,0.02,89.73666666666666,109.39000000000001,109.07666666666674,weighted,weighted,0.17966297955328048,False,0.002864369077002271,-0.002201201285367854,0.00707603852400072,mtme_metricx_xxl_MQM_2020-refA,0.30937429086710355,0.9670998023955928,0.0,0.0,0.0,0.0,0.0,0.0,0.0,0.0,0.0,0.0,0.0,0.0
ende,23,JDExploreAcademy vs Online-A,0.02,89.73666666666666,109.39000000000001,109.07666666666674,weighted,weighted,0.17966297955328048,False,0.002864369077002271,-0.002201201285367854,0.00707603852400072,comet22,0.2480341763607543,,0.0,0.0,0.0,0.0,0.0,0.0,0.0,0.0,0.0,0.0,0.0,0.0
ende,23,JDExploreAcademy vs Online-A,0.02,89.73666666666666,109.39000000000001,109.07666666666674,weighted,weighted,0.17966297955328048,False,0.002864369077002271,-0.002201201285367854,0.00707603852400072,qwen3_8b,0.17537480140879536,,0.0,0.0,0.0,0.0,0.0,0.0,0.0,0.0,0.0,0.0,0.0,0.0
ende,23,JDExploreAcademy vs Online-A,0.02,89.73666666666666,109.39000000000001,109.07666666666674,weighted,weighted,0.17966297955328048,False,0.002864369077002271,-0.002201201285367854,0.00707603852400072,mistral_7b,0.0748382680176112,,0.0,0.0,0.0,0.0,0.0,0.0,0.0,0.0,0.0,0.0,0.0,0.0
ende,24,JDExploreAcademy vs Online-G,0.01,90.11666666666666,109.77,109.54333333333335,dedup,dedup,0.17904102517384834,False,0.0020649236281921057,-0.1626934013682317,0.1361399518106542,mtme_BERTScore-refA,0.16332382928702283,0.906706577010188,-0.17156712796506124,-0.30986605163480013,0.0,0.0,-0.1759631901949028,0.005171139298109955,-0.14383522937215587,-0.2561812322517639,0.0009615982572486433,-0.13375924661982164,-0.2862184914145364,0.0
ende,24,JDExploreAcademy vs Online-G,0.01,90.11666666666666,109.77,109.54333333333335,dedup,dedup,0.17904102517384834,False,0.0020649236281921057,-0.1626934013682317,0.1361399518106542,mtme_BLEU-refA,0.09182395154802787,0.8634063310084908,0.0,-0.1710121716590124,0.009341192470637173,0.0,-0.0010333111870063521,0.06185556670964747,0.0,-0.18357673395665763,0.00782380358694809,0.0,-0.14595885293270122,0.03485342016537686
ende,24,JDExploreAcademy vs Online-G,0.01,90.11666666666666,109.77,109.54333333333335,dedup,dedup,0.17904102517384834,False,0.0020649236281921057,-0.1626934013682317,0.1361399518106542,mtme_BLEURT-20-refA,0.348970912620464,0.977419310947295,0.0,-0.1728558678438761,0.016671053303789332,0.0,-0.13425304964843832,0.04895505895186232,0.0,-0.18262225836184018,0.01339053965125619,-0.010794943832423742,-0.1004705095978634,0.0948228404178541
ende,24,JDExploreAcademy vs Online-G,0.01,90.11666666666666,109.77,109.54333333333335,dedup,dedup,0.17904102517384834,False,0.0020649236281921057,-0.1626934013682317,0.1361399518106542,mtme_COMET-20-refA,0.24831512995968763,0.9858264490713564,-0.1678559474180692,-0.2710781689955261,0.0,0.0,-0.09710932725223825,0.13956821863439067,0.0,-0.2519072791728741,0.0026902756215757303,0.0,-0.2027915505195401,0.0005347067279960853
ende,24,JDExploreAcademy vs Online-G,0.01,90.11666666666666,109.77,109.54333333333335,dedup,dedup,0.17904102517384834,False,0.0020649236281921057,-0.1626934013682317,0.1361399518106542,mtme_COMET-22-refA,0.34031989727230383,0.9524733537563392,-0.19212135868686153,-0.28544086159759446,0.0,0.0,-0.17698177723625566,0.03323261735116377,-0.18412804673949457,-0.27411549163822574,0.0,-0.12677588984467714,-0.22260484228736027,0.032076890876937554
ende,24,JDExploreAcademy vs Online-G,0.01,90.11666666666666,109.77,109.54333333333335,dedup,dedup,0.17904102517384834,False,0.0020649236281921057,-0.1626934013682317,0.1361399518106542,mtme_COMET-QE-src,0.19701242023491833,0.8324986400919704,-0.18955207984663658,-0.40450287093109,0.0,0.0,-0.22552855707850256,0.03487410876925322,-0.2058241791680624,-0.38578448714928315,0.0,0.0,-0.25431939342459386,0.011993350686854037
ende,24,JDExploreAcademy vs Online-G,0.01,90.11666666666666,109.77,109.54333333333335,dedup,dedup,0.17904102517384834,False,0.0020649236281921057,-0.1626934013682317,0.1361399518106542,mtme_COMETKiwi-src,0.26654072589033384,0.9226539774777828,-0.18955207984663636,-0.27994841147081695,0.0,0.0,-0.18499474231134813,0.07585271223067086,-0.17519434515126142,-0.2748521674628975,0.0,-0.1433442461151162,-0.23542136387672763,0.010404272397248863
ende,24,JDExploreAcademy vs Online-G,0.01,90.11666666666666,109.77,109.54333333333335,dedup,dedup,0.17904102517384834,False,0.0020649236281921057,-0.1626934013682317,0.1361399518106542,mtme_Cross-QE-src,0.2506825174560805,0.9403569774408737,-0.17978882025378118,-0.26922538611378033,0.0,0.0,-0.13346287853606417,0.09105193530590162,-0.15375346133950085,-0.2538140336507245,0.007108966914010938,0.0,-0.1854794560019087,0.04095727342681374
ende,24,JDExploreAcademy vs Online-G,0.01,90.11666666666666,109.77,109.54333333333335,dedup,dedup,0.17904102517384834,False,0.0020649236281921057,-0.1626934013682317,0.1361399518106542,mtme_HWTSC-TLM-src,0.07042984670503583,0.7686262691697412,0.0,-0.22607004644183015,0.0,0.0,-0.0882418535156026,0.12247105070070424,0.0,-0.20765517184708243,0.0,0.0,-0.15309324581919276,0.010943433192347274
ende,24,JDExploreAcademy vs Online-G,0.01,90.11666666666666,109.77,109.54333333333335,dedup,dedup,0.17904102517384834,False,0.0020649236281921057,-0.1626934013682317,0.1361399518106542,mtme_HWTSC-Teacher-Sim-src,0.06079249650182138,0.6922672434936012,0.0,-0.2885415850378331,0.0,0.0,-0.1781767739613076,0.022761159350110687,0.0,-0.2398181226983419,0.0015983079464881654,0.0,-0.16142369767590806,0.019215273696957042
ende,24,JDExploreAcademy vs Online-G,0.01,90.11666666666666,109.77,109.54333333333335,dedup,dedup,0.17904102517384834,False,0.0020649236281921057,-0.1626934013682317,0.1361399518106542,mtme_KG-BERTScore-src,0.08587699219475717,0.6378374846052578,0.0,-0.27267138998051393,0.002523311945242938,0.0,-0.18727976755349557,0.011425055910692023,0.0,-0.22750607256947442,0.0,0.0,-0.1995992959905025,0.02422070272508392
ende,24,JDExploreAcademy vs Online-G,0.01,90.11666666666666,109.77,109.54333333333335,dedup,dedup,0.17904102517384834,False,0.0020649236281921057,-0.1626934013682317,0.1361399518106542,mtme_MATESE-QE-src,0.14056580076992936,0.7648995070123706,-0.1407357818823607,-0.3632990161965844,0.011471279959305296,0.0,-0.2359658159020763,0.03244712816060498,-0.16243191431092785,-0.3050335942525385,8.257089659924268e-05,0.0,-0.25554654414491285,0.00793899380771474
ende,24,JDExploreAcademy vs Online-G,0.01,90.11666666666666,109.77,109.54333333333335,dedup,dedup,0.17904102517384834,False,0.0020649236281921057,-0.1626934013682317,0.1361399518106542,mtme_MATESE-refA,0.11785446687465476,0.9246232659550914,-0.17519434515126142,-0.31629928597066703,0.0,0.0,-0.18976997302302842,0.05040973026381197,-0.1593324668211329,-0.2855589757847793,0.0010964776798871637,0.0,-0.23240961140374367,0.007743449573336102
ende,24,JDExploreAcademy vs Online-G,0.01,90.11666666666666,109.77,109.54333333333335,dedup,dedup,0.17904102517384834,False,0.0020649236281921057,-0.1626934013682317,0.1361399518106542,mtme_MEE-refA,0.1288290779221681,0.8768362437607912,0.0,-0.29642380608305974,0.0,0.0,-0.14426096914287395,0.1268083324629622,0.0,-0.213278442437852,0.0,0.0,-0.15821400481198908,0.026710769726038804
ende,24,JDExploreAcademy vs Online-G,0.01,90.11666666666666,109.77,109.54333333333335,dedup,dedup,0.17904102517384834,False,0.0020649236281921057,-0.1626934013682317,0.1361399518106542,mtme_MEE2-refA,0.1327551408116509,0.8910462707906135,0.0,-0.22972232257010292,0.0,0.0,-0.149188545080174,0.012173098244174934,-0.16054529409974783,-0.29152693259414153,0.0,0.0,-0.17357802407880588,0.020611047469279428
ende,24,JDExploreAcademy vs Online-G,0.01,90.11666666666666,109.77,109.54333333333335,dedup,dedup,0.17904102517384834,False,0.0020649236281921057,-0.1626934013682317,0.1361399518106542,mtme_MEE4-refA,0.14335847068420796,0.89207408156182,0.0,-0.26608732822308945,0.005275971798982773,0.0,-0.06710401335442881,0.1268083324629622,0.0,-0.22676333656279854,0.01719824871163339,0.0,-0.24820354786647753,4.444290411954777e-05
ende,24,JDExploreAcademy vs Online-G,0.01,90.11666666666666,109.77,109.54333333333335,dedup,dedup,0.17904102517384834,False,0.0020649236281921057,-0.1626934013682317,0.1361399518106542,mtme_MS-COMET-22-refA,0.20584579897750044,0.9163007970087684,0.0,-0.32721067480538946,0.0,0.0,-0.11498723024995662,0.12245698609445678,-0.2173003942775431,-0.366085639751486,0.0,0.0,-0.23681612311532274,0.0
ende,24,JDExploreAcademy vs Online-G,0.01,90.11666666666666,109.77,109.54333333333335,dedup,dedup,0.17904102517384834,False,0.0020649236281921057,-0.1626934013682317,0.1361399518106542,mtme_MS-COMET-QE-22-src,0.19437349590784994,0.7522191383266835,-0.16076298104719133,-0.27631739317148785,0.004003465567600224,0.0,-0.15594091146652517,0.043183729791926743,-0.1609356293158537,-0.2774275907535603,1.7172030724736406e-05,-0.13122904488969578,-0.22081742599994,0.0023025981757568777
ende,24,JDExploreAcademy vs Online-G,0.01,90.11666666666666,109.77,109.54333333333335,dedup,dedup,0.17904102517384834,False,0.0020649236281921057,-0.1626934013682317,0.1361399518106542,mtme_REUSE-src,-0.05714291083330643,-0.7189752875124902,0.0,-0.16138741578159221,0.0033635068206443047,0.0,-0.14640415970940407,0.01173574745566935,0.0,-0.14700113707904883,0.0068826306505120035,0.0,0.0,0.0
ende,24,JDExploreAcademy vs Online-G,0.01,90.11666666666666,109.77,109.54333333333335,dedup,dedup,0.17904102517384834,False,0.0020649236281921057,-0.1626934013682317,0.1361399518106542,mtme_SEScore-refA,0.19817114719426965,0.8627443368691673,-0.15575618125598378,-0.26065299998814273,0.002089898390820507,-0.13813224599093243,-0.2225974853441014,0.013094626160461118,-0.19816672066386176,-0.3369713500169088,0.0,-0.14178609348780147,-0.2096109497377674,5.551115123127045e-18
ende,24,JDExploreAcademy vs Online-G,0.01,90.11666666666666,109.77,109.54333333333335,dedup,dedup,0.17904102517384834,False,0.0020649236281921057,-0.1626934013682317,0.1361399518106542,mtme_UniTE-ref-refA,0.3111213380624811,0.935537336231014,-0.1678559474180692,-0.27797704845159416,0.0,0.0,-0.18113762203306016,0.02787055254814835,-0.154683295586439,-0.24420584388253264,0.0038446216186191454,-0.11397306909024807,-0.2393017921086628,0.03921445629972009
ende,24,JDExploreAcademy vs Online-G,0.01,90.11666666666666,109.77,109.54333333333335,dedup,dedup,0.17904102517384834,False,0.0020649236281921057,-0.1626934013682317,0.1361399518106542,mtme_UniTE-refA,0.30779387710859807,0.934069874660218,-0.18318473663390455,-0.27829781292085065,0.0,0.0,-0.19907409214757965,0.03233187231514629,-0.1644042899862519,-0.25643662097338105,0.0,-0.10401531961458033,-0.2360552160778777,0.04604633529281027
ende,24,JDExploreAcademy vs Online-G,0.01,90.11666666666666,109.77,109.54333333333335,dedup,dedup,0.17904102517384834,False,0.0020649236281921057,-0.1626934013682317,0.1361399518106542,mtme_UniTE-src-src,0.2538111396283628,0.8781288793774996,-0.16863080929051866,-0.3647276896274058,0.0023684935060618853,-0.10168274351094087,-0.19064764760500488,0.061095923643565524,-0.14073578188236113,-0.2719968953467469,0.014936170561041944,-0.12890969330374946,-0.25770651392325256,0.018233813520008312
ende,24,JDExploreAcademy vs Online-G,0.01,90.11666666666666,109.77,109.54333333333335,dedup,dedup,0.17904102517384834,False,0.0020649236281921057,-0.1626934013682317,0.1361399518106542,mtme_YiSi-1-refA,0.1617176658270516,0.9374352886959156,0.0,-0.25029715278023107,0.0,0.0,-0.03641274831910216,0.1268083324629622,0.0,-0.2504438322024121,0.0,-0.12128896666420719,-0.254938160174266,0.027484303065989195
ende,24,JDExploreAcademy vs Online-G,0.01,90.11666666666666,109.77,109.54333333333335,dedup,dedup,0.17904102517384834,False,0.0020649236281921057,-0.1626934013682317,0.1361399518106542,mtme_chrF-refA,0.13271513515631903,0.913148721285636,0.0,-0.24355459290723147,0.0,0.0,-0.17044541894965423,0.012761818511272614,-0.13045866652146065,-0.2531519150248772,0.012611313855631537,0.0,-0.18211873897506442,0.015270411898719338
ende,24,JDExploreAcademy vs Online-G,0.01,90.11666666666666,109.77,109.54333333333335,dedup,dedup,0.17904102517384834,False,0.0020649236281921057,-0.1626934013682317,0.1361399518106542,mtme_f101spBLEU-refA,0.10402244353753315,0.8322237271443311,0.0,-0.22764027943493778,0.0,0.0,-0.13054457287191654,0.03371216391733177,0.0,-0.19534324532912278,0.0019291040124824416,0.0,-0.1736796036807475,0.007391326695580287
ende,24,JDExploreAcademy vs Online-G,0.01,90.11666666666666,109.77,109.54333333333335,dedup,dedup,0.17904102517384834,False,0.0020649236281921057,-0.1626934013682317,0.1361399518106542,mtme_f200spBLEU-refA,0.10574244431343606,0.8109386629133486,0.0,-0.20255168772640592,0.0,0.0,-0.00902511135546133,0.1279990085853625,0.0,-0.1842538607275719,0.00230362665174905,0.0,-0.18358269936556806,0.0001312763178678643
ende,24,JDExploreAcademy vs Online-G,0.01,90.11666666666666,109.77,109.54333333333335,dedup,dedup,0.17904102517384834,False,0.0020649236281921057,-0.1626934013682317,0.1361399518106542,mtme_metricx_xl_DA_2019-refA,0.3616251833719717,0.9809205978427264,0.0,-0.165194656235167,0.0712272365982641,0.0,-0.0915059652890857,0.1429571026079657,0.0,-0.15659924582247947,0.09218984924766174,0.0,-0.1050948481607947,0.10736951170649571
ende,24,JDExploreAcademy vs Online-G,0.01,90.11666666666666,109.77,109.54333333333335,dedup,dedup,0.17904102517384834,False,0.0020649236281921057,-0.1626934013682317,0.1361399518106542,mtme_metricx_xl_MQM_2020-refA,0.38085034510280835,0.9616341585507984,-0.1537534613395013,-0.25668332291260987,0.011903445663613723,0.0,-0.14133018274802303,0.10176526899348487,-0.1314374394129756,-0.2510532645199939,0.02379012251016658,-2.4424906541753444e-15,-0.13577456005148086,0.09307981001743945
ende,24,JDExploreAcademy vs Online-G,0.01,90.11666666666666,109.77,109.54333333333335,dedup,dedup,0.17904102517384834,False,0.0020649236281921057,-0.1626934013682317,0.1361399518106542,mtme_metricx_xxl_DA_2019-refA,0.36422542248348033,0.9781893317652096,-0.14073578188236047,-0.23665575773006825,0.015649921467731205,0.0,-0.14097987510117,0.06858285834075106,-0.12213909694358871,-0.17637173394637023,0.0360983053567008,-0.10757165871303154,-0.17730883725899688,0.0410544057687722
ende,24,JDExploreAcademy vs Online-G,0.01,90.11666666666666,109.77,109.54333333333335,dedup,dedup,0.17904102517384834,False,0.0020649236281921057,-0.1626934013682317,0.1361399518106542,mtme_metricx_xxl_MQM_2020-refA,0.3752956164322837,0.9670998023955928,-0.13639655539664775,-0.24048317008700776,0.020073273897921837,0.0,-0.11546141784336665,0.14001606586222326,0.0,-0.20368263078740145,0.06697238348976298,0.0,-0.14817119806119824,0.0836384990362603
ende,24,JDExploreAcademy vs Online-G,0.01,90.11666666666666,109.77,109.54333333333335,dedup,dedup,0.17904102517384834,False,0.0020649236281921057,-0.1626934013682317,0.1361399518106542,comet22,0.317551900382229,,-0.16416760490521276,-0.2951658293394133,0.0,-0.1589605331223567,-0.24579683723053614,0.0,-0.1678559474180692,-0.2953498998342448,0.0,0.0,-0.1952342373075883,0.03196270150605351
ende,24,JDExploreAcademy vs Online-G,0.01,90.11666666666666,109.77,109.54333333333335,dedup,dedup,0.17904102517384834,False,0.0020649236281921057,-0.1626934013682317,0.1361399518106542,qwen3_8b,0.2024437266885309,,0.0,-0.3104654845989859,0.0,0.0,-0.21922313048298292,0.03911636458674059,0.0,-0.2832384305416453,0.0,-0.07556460682695754,-0.21832318692570551,0.04945950484310293
ende,24,JDExploreAcademy vs Online-G,0.01,90.11666666666666,109.77,109.54333333333335,dedup,dedup,0.17904102517384834,False,0.0020649236281921057,-0.1626934013682317,0.1361399518106542,mistral_7b,0.03217888805076852,,0.0,-0.26466225681519434,0.0,0.0,-0.0009380480135454083,0.08986639351965346,0.0,-0.2556846352308957,0.0,0.0,0.0,0.0
ende,24,JDExploreAcademy vs Online-G,0.02,90.11666666666666,109.77,109.54333333333335,dedup,dedup,0.17904102517384834,False,0.0020649236281921057,-0.0013346124635138068,0.0054529188482894736,mtme_BERTScore-refA,0.16332382928702283,0.906706577010188,0.0,0.0,0.0,0.0,0.0,0.0,0.0,0.0,0.0,0.0,0.0,0.0
ende,24,JDExploreAcademy vs Online-G,0.02,90.11666666666666,109.77,109.54333333333335,dedup,dedup,0.17904102517384834,False,0.0020649236281921057,-0.0013346124635138068,0.0054529188482894736,mtme_BLEU-refA,0.09182395154802787,0.8634063310084908,0.0,0.0,0.0,0.0,0.0,0.0,0.0,0.0,0.0,0.0,0.0,0.0
ende,24,JDExploreAcademy vs Online-G,0.02,90.11666666666666,109.77,109.54333333333335,dedup,dedup,0.17904102517384834,False,0.0020649236281921057,-0.0013346124635138068,0.0054529188482894736,mtme_BLEURT-20-refA,0.348970912620464,0.977419310947295,0.0,0.0,0.0,0.0,0.0,0.0,0.0,0.0,0.0,0.0,0.0,0.0
ende,24,JDExploreAcademy vs Online-G,0.02,90.11666666666666,109.77,109.54333333333335,dedup,dedup,0.17904102517384834,False,0.0020649236281921057,-0.0013346124635138068,0.0054529188482894736,mtme_COMET-20-refA,0.24831512995968763,0.9858264490713564,0.0,0.0,0.0,0.0,0.0,0.0,0.0,0.0,0.0,0.0,0.0,0.0
ende,24,JDExploreAcademy vs Online-G,0.02,90.11666666666666,109.77,109.54333333333335,dedup,dedup,0.17904102517384834,False,0.0020649236281921057,-0.0013346124635138068,0.0054529188482894736,mtme_COMET-22-refA,0.34031989727230383,0.9524733537563392,0.0,0.0,0.0,0.0,0.0,0.0,0.0,0.0,0.0,0.0,0.0,0.0
ende,24,JDExploreAcademy vs Online-G,0.02,90.11666666666666,109.77,109.54333333333335,dedup,dedup,0.17904102517384834,False,0.0020649236281921057,-0.0013346124635138068,0.0054529188482894736,mtme_COMET-QE-src,0.19701242023491833,0.8324986400919704,0.0,0.0,0.0,0.0,0.0,0.0,0.0,0.0,0.0,0.0,0.0,0.0
ende,24,JDExploreAcademy vs Online-G,0.02,90.11666666666666,109.77,109.54333333333335,dedup,dedup,0.17904102517384834,False,0.0020649236281921057,-0.0013346124635138068,0.0054529188482894736,mtme_COMETKiwi-src,0.26654072589033384,0.9226539774777828,0.0,0.0,0.0,0.0,0.0,0.0,0.0,0.0,0.0,0.0,0.0,0.0
ende,24,JDExploreAcademy vs Online-G,0.02,90.11666666666666,109.77,109.54333333333335,dedup,dedup,0.17904102517384834,False,0.0020649236281921057,-0.0013346124635138068,0.0054529188482894736,mtme_Cross-QE-src,0.2506825174560805,0.9403569774408737,0.0,0.0,0.0,0.0,0.0,0.0,0.0,0.0,0.0,0.0,0.0,0.0
ende,24,JDExploreAcademy vs Online-G,0.02,90.11666666666666,109.77,109.54333333333335,dedup,dedup,0.17904102517384834,False,0.0020649236281921057,-0.0013346124635138068,0.0054529188482894736,mtme_HWTSC-TLM-src,0.07042984670503583,0.7686262691697412,0.0,0.0,0.0,0.0,0.0,0.0,0.0,0.0,0.0,0.0,0.0,0.0
ende,24,JDExploreAcademy vs Online-G,0.02,90.11666666666666,109.77,109.54333333333335,dedup,dedup,0.17904102517384834,False,0.0020649236281921057,-0.0013346124635138068,0.0054529188482894736,mtme_HWTSC-Teacher-Sim-src,0.06079249650182138,0.6922672434936012,0.0,0.0,0.0,0.0,0.0,0.0,0.0,0.0,0.0,0.0,0.0,0.0
ende,24,JDExploreAcademy vs Online-G,0.02,90.11666666666666,109.77,109.54333333333335,dedup,dedup,0.17904102517384834,False,0.0020649236281921057,-0.0013346124635138068,0.0054529188482894736,mtme_KG-BERTScore-src,0.08587699219475717,0.6378374846052578,0.0,0.0,0.0,0.0,0.0,0.0,0.0,0.0,0.0,0.0,0.0,0.0
ende,24,JDExploreAcademy vs Online-G,0.02,90.11666666666666,109.77,109.54333333333335,dedup,dedup,0.17904102517384834,False,0.0020649236281921057,-0.0013346124635138068,0.0054529188482894736,mtme_MATESE-QE-src,0.14056580076992936,0.7648995070123706,0.0,0.0,0.0,0.0,0.0,0.0,0.0,0.0,0.0,0.0,0.0,0.0
ende,24,JDExploreAcademy vs Online-G,0.02,90.11666666666666,109.77,109.54333333333335,dedup,dedup,0.17904102517384834,False,0.0020649236281921057,-0.0013346124635138068,0.0054529188482894736,mtme_MATESE-refA,0.11785446687465476,0.9246232659550914,0.0,0.0,0.0,0.0,0.0,0.0,0.0,0.0,0.0,0.0,0.0,0.0
ende,24,JDExploreAcademy vs Online-G,0.02,90.11666666666666,109.77,109.54333333333335,dedup,dedup,0.17904102517384834,False,0.0020649236281921057,-0.0013346124635138068,0.0054529188482894736,mtme_MEE-refA,0.1288290779221681,0.8768362437607912,0.0,0.0,0.0,0.0,0.0,0.0,0.0,0.0,0.0,0.0,0.0,0.0
ende,24,JDExploreAcademy vs Online-G,0.02,90.11666666666666,109.77,109.54333333333335,dedup,dedup,0.17904102517384834,False,0.0020649236281921057,-0.0013346124635138068,0.0054529188482894736,mtme_MEE2-refA,0.1327551408116509,0.8910462707906135,0.0,0.0,0.0,0.0,0.0,0.0,0.0,0.0,0.0,0.0,0.0,0.0
ende,24,JDExploreAcademy vs Online-G,0.02,90.11666666666666,109.77,109.54333333333335,dedup,dedup,0.17904102517384834,False,0.0020649236281921057,-0.0013346124635138068,0.0054529188482894736,mtme_MEE4-refA,0.14335847068420796,0.89207408156182,0.0,0.0,0.0,0.0,0.0,0.0,0.0,0.0,0.0,0.0,0.0,0.0
ende,24,JDExploreAcademy vs Online-G,0.02,90.11666666666666,109.77,109.54333333333335,dedup,dedup,0.17904102517384834,False,0.0020649236281921057,-0.0013346124635138068,0.0054529188482894736,mtme_MS-COMET-22-refA,0.20584579897750044,0.9163007970087684,0.0,0.0,0.0,0.0,0.0,0.0,0.0,0.0,0.0,0.0,0.0,0.0
ende,24,JDExploreAcademy vs Online-G,0.02,90.11666666666666,109.77,109.54333333333335,dedup,dedup,0.17904102517384834,False,0.0020649236281921057,-0.0013346124635138068,0.0054529188482894736,mtme_MS-COMET-QE-22-src,0.19437349590784994,0.7522191383266835,0.0,0.0,0.0,0.0,0.0,0.0,0.0,0.0,0.0,0.0,0.0,0.0
ende,24,JDExploreAcademy vs Online-G,0.02,90.11666666666666,109.77,109.54333333333335,dedup,dedup,0.17904102517384834,False,0.0020649236281921057,-0.0013346124635138068,0.0054529188482894736,mtme_REUSE-src,-0.05714291083330643,-0.7189752875124902,0.0,0.0,0.0,0.0,0.0,0.0,0.0,0.0,0.0,0.0,0.0,0.0
ende,24,JDExploreAcademy vs Online-G,0.02,90.11666666666666,109.77,109.54333333333335,dedup,dedup,0.17904102517384834,False,0.0020649236281921057,-0.0013346124635138068,0.0054529188482894736,mtme_SEScore-refA,0.19817114719426965,0.8627443368691673,0.0,0.0,0.0,0.0,0.0,0.0,0.0,0.0,0.0,0.0,0.0,0.0
ende,24,JDExploreAcademy vs Online-G,0.02,90.11666666666666,109.77,109.54333333333335,dedup,dedup,0.17904102517384834,False,0.0020649236281921057,-0.0013346124635138068,0.0054529188482894736,mtme_UniTE-ref-refA,0.3111213380624811,0.935537336231014,0.0,0.0,0.0,0.0,0.0,0.0,0.0,0.0,0.0,0.0,0.0,0.0
ende,24,JDExploreAcademy vs Online-G,0.02,90.11666666666666,109.77,109.54333333333335,dedup,dedup,0.17904102517384834,False,0.0020649236281921057,-0.0013346124635138068,0.0054529188482894736,mtme_UniTE-refA,0.30779387710859807,0.934069874660218,0.0,0.0,0.0,0.0,0.0,0.0,0.0,0.0,0.0,0.0,0.0,0.0
ende,24,JDExploreAcademy vs Online-G,0.02,90.11666666666666,109.77,109.54333333333335,dedup,dedup,0.17904102517384834,False,0.0020649236281921057,-0.0013346124635138068,0.0054529188482894736,mtme_UniTE-src-src,0.2538111396283628,0.8781288793774996,0.0,0.0,0.0,0.0,0.0,0.0,0.0,0.0,0.0,0.0,0.0,0.0
ende,24,JDExploreAcademy vs Online-G,0.02,90.11666666666666,109.77,109.54333333333335,dedup,dedup,0.17904102517384834,False,0.0020649236281921057,-0.0013346124635138068,0.0054529188482894736,mtme_YiSi-1-refA,0.1617176658270516,0.9374352886959156,0.0,0.0,0.0,0.0,0.0,0.0,0.0,0.0,0.0,0.0,0.0,0.0
ende,24,JDExploreAcademy vs Online-G,0.02,90.11666666666666,109.77,109.54333333333335,dedup,dedup,0.17904102517384834,False,0.0020649236281921057,-0.0013346124635138068,0.0054529188482894736,mtme_chrF-refA,0.13271513515631903,0.913148721285636,0.0,0.0,0.0,0.0,0.0,0.0,0.0,0.0,0.0,0.0,0.0,0.0
ende,24,JDExploreAcademy vs Online-G,0.02,90.11666666666666,109.77,109.54333333333335,dedup,dedup,0.17904102517384834,False,0.0020649236281921057,-0.0013346124635138068,0.0054529188482894736,mtme_f101spBLEU-refA,0.10402244353753315,0.8322237271443311,0.0,0.0,0.0,0.0,0.0,0.0,0.0,0.0,0.0,0.0,0.0,0.0
ende,24,JDExploreAcademy vs Online-G,0.02,90.11666666666666,109.77,109.54333333333335,dedup,dedup,0.17904102517384834,False,0.0020649236281921057,-0.0013346124635138068,0.0054529188482894736,mtme_f200spBLEU-refA,0.10574244431343606,0.8109386629133486,0.0,0.0,0.0,0.0,0.0,0.0,0.0,0.0,0.0,0.0,0.0,0.0
ende,24,JDExploreAcademy vs Online-G,0.02,90.11666666666666,109.77,109.54333333333335,dedup,dedup,0.17904102517384834,False,0.0020649236281921057,-0.0013346124635138068,0.0054529188482894736,mtme_metricx_xl_DA_2019-refA,0.3616251833719717,0.9809205978427264,0.0,0.0,0.0,0.0,0.0,0.0,0.0,0.0,0.0,0.0,0.0,0.0
ende,24,JDExploreAcademy vs Online-G,0.02,90.11666666666666,109.77,109.54333333333335,dedup,dedup,0.17904102517384834,False,0.0020649236281921057,-0.0013346124635138068,0.0054529188482894736,mtme_metricx_xl_MQM_2020-refA,0.38085034510280835,0.9616341585507984,0.0,0.0,0.0,0.0,0.0,0.0,0.0,0.0,0.0,0.0,0.0,0.0
ende,24,JDExploreAcademy vs Online-G,0.02,90.11666666666666,109.77,109.54333333333335,dedup,dedup,0.17904102517384834,False,0.0020649236281921057,-0.0013346124635138068,0.0054529188482894736,mtme_metricx_xxl_DA_2019-refA,0.36422542248348033,0.9781893317652096,0.0,0.0,0.0,0.0,0.0,0.0,0.0,0.0,0.0,0.0,0.0,0.0
ende,24,JDExploreAcademy vs Online-G,0.02,90.11666666666666,109.77,109.54333333333335,dedup,dedup,0.17904102517384834,False,0.0020649236281921057,-0.0013346124635138068,0.0054529188482894736,mtme_metricx_xxl_MQM_2020-refA,0.3752956164322837,0.9670998023955928,0.0,0.0,0.0,0.0,0.0,0.0,0.0,0.0,0.0,0.0,0.0,0.0
ende,24,JDExploreAcademy vs Online-G,0.02,90.11666666666666,109.77,109.54333333333335,dedup,dedup,0.17904102517384834,False,0.0020649236281921057,-0.0013346124635138068,0.0054529188482894736,comet22,0.317551900382229,,0.0,0.0,0.0,0.0,0.0,0.0,0.0,0.0,0.0,0.0,0.0,0.0
ende,24,JDExploreAcademy vs Online-G,0.02,90.11666666666666,109.77,109.54333333333335,dedup,dedup,0.17904102517384834,False,0.0020649236281921057,-0.0013346124635138068,0.0054529188482894736,qwen3_8b,0.2024437266885309,,0.0,0.0,0.0,0.0,0.0,0.0,0.0,0.0,0.0,0.0,0.0,0.0
ende,24,JDExploreAcademy vs Online-G,0.02,90.11666666666666,109.77,109.54333333333335,dedup,dedup,0.17904102517384834,False,0.0020649236281921057,-0.0013346124635138068,0.0054529188482894736,mistral_7b,0.03217888805076852,,0.0,0.0,0.0,0.0,0.0,0.0,0.0,0.0,0.0,0.0,0.0,0.0
ende,25,JDExploreAcademy vs Online-Y,0.01,93.08,112.73333333333333,112.48000000000005,weighted,weighted,0.17433471318746308,False,0.0022471910112356053,-0.0009535414362388582,0.1497526166236713,mtme_BERTScore-refA,0.18382423729145447,0.906706577010188,0.0,0.0,0.0,0.0,0.0,0.0,0.0,0.0,0.0,0.0,0.0,0.0
ende,25,JDExploreAcademy vs Online-Y,0.01,93.08,112.73333333333333,112.48000000000005,weighted,weighted,0.17433471318746308,False,0.0022471910112356053,-0.0009535414362388582,0.1497526166236713,mtme_BLEU-refA,0.12309350429310939,0.8634063310084908,0.0,-0.0023327715690912073,0.0,0.0,0.0,0.0,0.0,0.0,0.0,0.0,-0.015113793926556594,0.0
ende,25,JDExploreAcademy vs Online-Y,0.01,93.08,112.73333333333333,112.48000000000005,weighted,weighted,0.17433471318746308,False,0.0022471910112356053,-0.0009535414362388582,0.1497526166236713,mtme_BLEURT-20-refA,0.2904494434599688,0.977419310947295,0.0,-0.01612721675927139,0.0,0.0,0.0,0.0,0.0,-0.00022235437935837568,0.0,0.0,0.0,0.0
ende,25,JDExploreAcademy vs Online-Y,0.01,93.08,112.73333333333333,112.48000000000005,weighted,weighted,0.17433471318746308,False,0.0022471910112356053,-0.0009535414362388582,0.1497526166236713,mtme_COMET-20-refA,0.28341370309838204,0.9858264490713564,0.0,0.0,0.0,0.0,0.0,0.0,0.0,0.0,0.0,0.0,-0.08804357445367846,0.0
ende,25,JDExploreAcademy vs Online-Y,0.01,93.08,112.73333333333333,112.48000000000005,weighted,weighted,0.17433471318746308,False,0.0022471910112356053,-0.0009535414362388582,0.1497526166236713,mtme_COMET-22-refA,0.33957498988660473,0.9524733537563392,0.0,-0.07681078899265245,0.0,0.0,0.0,0.0,0.0,0.0,0.0,0.0,0.0,0.0
ende,25,JDExploreAcademy vs Online-Y,0.01,93.08,112.73333333333333,112.48000000000005,weighted,weighted,0.17433471318746308,False,0.0022471910112356053,-0.0009535414362388582,0.1497526166236713,mtme_COMET-QE-src,0.23944067441113762,0.8324986400919704,0.0,-0.242235290261686,0.0,0.0,-0.14938316011116348,0.0,0.0,-0.23938788727570728,0.0,0.0,-0.11359385501571088,0.0
ende,25,JDExploreAcademy vs Online-Y,0.01,93.08,112.73333333333333,112.48000000000005,weighted,weighted,0.17433471318746308,False,0.0022471910112356053,-0.0009535414362388582,0.1497526166236713,mtme_COMETKiwi-src,0.2643101725344025,0.9226539774777828,0.0,-0.1638496328937811,0.0,0.0,0.0,0.0,0.0,-0.06737353793935572,0.0,0.0,-0.008450857385975043,0.0
ende,25,JDExploreAcademy vs Online-Y,0.01,93.08,112.73333333333333,112.48000000000005,weighted,weighted,0.17433471318746308,False,0.0022471910112356053,-0.0009535414362388582,0.1497526166236713,mtme_Cross-QE-src,0.17129968502426798,0.9403569774408737,0.0,0.0,0.0,0.0,0.0,0.0,0.0,0.0,0.0,0.0,0.0,0.0
ende,25,JDExploreAcademy vs Online-Y,0.01,93.08,112.73333333333333,112.48000000000005,weighted,weighted,0.17433471318746308,False,0.0022471910112356053,-0.0009535414362388582,0.1497526166236713,mtme_HWTSC-TLM-src,0.12112338913465767,0.7686262691697412,0.0,-0.019745881093991873,0.0,0.0,0.0,0.0,0.0,-0.015118950368608056,0.0,0.0,0.0,0.0
ende,25,JDExploreAcademy vs Online-Y,0.01,93.08,112.73333333333333,112.48000000000005,weighted,weighted,0.17433471318746308,False,0.0022471910112356053,-0.0009535414362388582,0.1497526166236713,mtme_HWTSC-Teacher-Sim-src,0.15147674989453022,0.6922672434936012,0.0,-0.016687605201755475,0.0,0.0,0.0,0.0,0.0,-0.00010330146399870401,0.0,0.0,-1.1102230246251329e-17,0.0
ende,25,JDExploreAcademy vs Online-Y,0.01,93.08,112.73333333333333,112.48000000000005,weighted,weighted,0.17433471318746308,False,0.0022471910112356053,-0.0009535414362388582,0.1497526166236713,mtme_KG-BERTScore-src,0.12041049559603324,0.6378374846052578,0.0,-1.6653345369376993e-17,0.0,0.0,0.0,0.0,0.0,0.0,0.0,0.0,0.0,0.0
ende,25,JDExploreAcademy vs Online-Y,0.01,93.08,112.73333333333333,112.48000000000005,weighted,weighted,0.17433471318746308,False,0.0022471910112356053,-0.0009535414362388582,0.1497526166236713,mtme_MATESE-QE-src,0.1345748383006904,0.7648995070123706,0.0,-0.26135484931341196,0.0,0.0,0.0,0.0,0.0,-0.24959466672984607,0.0,0.0,-0.005049206863327714,0.0
ende,25,JDExploreAcademy vs Online-Y,0.01,93.08,112.73333333333333,112.48000000000005,weighted,weighted,0.17433471318746308,False,0.0022471910112356053,-0.0009535414362388582,0.1497526166236713,mtme_MATESE-refA,0.14876003844377902,0.9246232659550914,0.0,-0.23148430022728395,0.0,0.0,-0.10112431860426407,0.0,0.0,-0.25201472679926934,0.0,0.0,0.0,0.0
ende,25,JDExploreAcademy vs Online-Y,0.01,93.08,112.73333333333333,112.48000000000005,weighted,weighted,0.17433471318746308,False,0.0022471910112356053,-0.0009535414362388582,0.1497526166236713,mtme_MEE-refA,0.14593548391965716,0.8768362437607912,0.0,-0.00992626785320545,0.0,0.0,0.0,0.0,0.0,0.0,0.0,0.0,-5.834545282660684e-05,0.0
ende,25,JDExploreAcademy vs Online-Y,0.01,93.08,112.73333333333333,112.48000000000005,weighted,weighted,0.17433471318746308,False,0.0022471910112356053,-0.0009535414362388582,0.1497526166236713,mtme_MEE2-refA,0.159376331117777,0.8910462707906135,0.0,-0.023332623132806908,0.0,0.0,0.0,0.0,0.0,-5.831018655319973e-05,0.0,0.0,0.0,0.0
ende,25,JDExploreAcademy vs Online-Y,0.01,93.08,112.73333333333333,112.48000000000005,weighted,weighted,0.17433471318746308,False,0.0022471910112356053,-0.0009535414362388582,0.1497526166236713,mtme_MEE4-refA,0.1762537424304314,0.89207408156182,0.0,-0.011107299700720991,0.0,0.0,0.0,0.0,0.0,0.0,0.0,0.0,0.0,0.0
ende,25,JDExploreAcademy vs Online-Y,0.01,93.08,112.73333333333333,112.48000000000005,weighted,weighted,0.17433471318746308,False,0.0022471910112356053,-0.0009535414362388582,0.1497526166236713,mtme_MS-COMET-22-refA,0.23727742739053737,0.9163007970087684,0.0,0.0,0.0,0.0,0.0,0.0,0.0,0.0,0.0,0.0,0.0,0.0
ende,25,JDExploreAcademy vs Online-Y,0.01,93.08,112.73333333333333,112.48000000000005,weighted,weighted,0.17433471318746308,False,0.0022471910112356053,-0.0009535414362388582,0.1497526166236713,mtme_MS-COMET-QE-22-src,0.20778249425899842,0.7522191383266835,0.0,-0.03830230030313052,0.0,0.0,0.0,0.0,0.0,-0.21988537335362027,0.0,0.0,-0.005052624462071014,0.0
ende,25,JDExploreAcademy vs Online-Y,0.01,93.08,112.73333333333333,112.48000000000005,weighted,weighted,0.17433471318746308,False,0.0022471910112356053,-0.0009535414362388582,0.1497526166236713,mtme_REUSE-src,-0.09782978331512449,-0.7189752875124902,0.0,0.0,0.0,0.0,0.0,0.0,0.0,0.0,0.0,0.0,0.0,0.0
ende,25,JDExploreAcademy vs Online-Y,0.01,93.08,112.73333333333333,112.48000000000005,weighted,weighted,0.17433471318746308,False,0.0022471910112356053,-0.0009535414362388582,0.1497526166236713,mtme_SEScore-refA,0.17449755495180452,0.8627443368691673,0.0,0.0,0.0,0.0,0.0,0.0,0.0,0.0,0.0,0.0,0.0,0.0
ende,25,JDExploreAcademy vs Online-Y,0.01,93.08,112.73333333333333,112.48000000000005,weighted,weighted,0.17433471318746308,False,0.0022471910112356053,-0.0009535414362388582,0.1497526166236713,mtme_UniTE-ref-refA,0.33565998821233917,0.935537336231014,0.0,-0.026735450577861416,0.0,0.0,0.0,0.0,0.0,-0.026735450577861412,0.0,0.0,-0.074159199059738,0.0
ende,25,JDExploreAcademy vs Online-Y,0.01,93.08,112.73333333333333,112.48000000000005,weighted,weighted,0.17433471318746308,False,0.0022471910112356053,-0.0009535414362388582,0.1497526166236713,mtme_UniTE-refA,0.3548300231777709,0.934069874660218,0.0,-0.23161010389868042,0.0,0.0,-0.05207130749291213,0.0,0.0,-0.18171958228240914,0.0,0.0,-0.027318690735346256,0.0
ende,25,JDExploreAcademy vs Online-Y,0.01,93.08,112.73333333333333,112.48000000000005,weighted,weighted,0.17433471318746308,False,0.0022471910112356053,-0.0009535414362388582,0.1497526166236713,mtme_UniTE-src-src,0.2662292565742452,0.8781288793774996,0.0,-0.17728323886507522,0.0,0.0,-0.00033913294455549634,0.0,0.0,-0.23487467831599365,0.0,0.0,-0.14958933085135345,0.0
ende,25,JDExploreAcademy vs Online-Y,0.01,93.08,112.73333333333333,112.48000000000005,weighted,weighted,0.17433471318746308,False,0.0022471910112356053,-0.0009535414362388582,0.1497526166236713,mtme_YiSi-1-refA,0.2015471210180771,0.9374352886959156,0.0,-0.04959492189094584,0.0,0.0,0.0,0.0,0.0,-0.03888293942968522,0.0,0.0,0.0,0.0
ende,25,JDExploreAcademy vs Online-Y,0.01,93.08,112.73333333333333,112.48000000000005,weighted,weighted,0.17433471318746308,False,0.0022471910112356053,-0.0009535414362388582,0.1497526166236713,mtme_chrF-refA,0.1698442211060054,0.913148721285636,0.0,-0.027297611163895695,0.0,0.0,0.0,0.0,0.0,-2.2759572004815697e-16,0.0,0.0,-9.159339953157536e-16,0.0
ende,25,JDExploreAcademy vs Online-Y,0.01,93.08,112.73333333333333,112.48000000000005,weighted,weighted,0.17433471318746308,False,0.0022471910112356053,-0.0009535414362388582,0.1497526166236713,mtme_f101spBLEU-refA,0.1455863713959221,0.8322237271443311,0.0,-0.015588114716974803,0.0,0.0,-0.00011477940444202006,0.0,0.0,-0.00017216910666573347,0.0,0.0,-0.007744027623132171,0.0
ende,25,JDExploreAcademy vs Online-Y,0.01,93.08,112.73333333333333,112.48000000000005,weighted,weighted,0.17433471318746308,False,0.0022471910112356053,-0.0009535414362388582,0.1497526166236713,mtme_f200spBLEU-refA,0.15036778854143656,0.8109386629133486,0.0,-0.019818561614987358,0.0,0.0,0.0,0.0,0.0,-0.020062537929903094,0.0,0.0,-1.1102230246251329e-17,0.0
ende,25,JDExploreAcademy vs Online-Y,0.01,93.08,112.73333333333333,112.48000000000005,weighted,weighted,0.17433471318746308,False,0.0022471910112356053,-0.0009535414362388582,0.1497526166236713,mtme_metricx_xl_DA_2019-refA,0.3365086666434134,0.9809205978427264,0.0,0.0,0.0,0.0,0.0,0.0,0.0,0.0,0.0,0.0,-0.00014757351999659902,0.0
ende,25,JDExploreAcademy vs Online-Y,0.01,93.08,112.73333333333333,112.48000000000005,weighted,weighted,0.17433471318746308,False,0.0022471910112356053,-0.0009535414362388582,0.1497526166236713,mtme_metricx_xl_MQM_2020-refA,0.4029973476903227,0.9616341585507984,0.0,-0.045258339262241515,0.0,0.0,0.0,0.0,0.0,-0.016569667218426006,0.0,0.0,-0.08526568983004902,0.0
ende,25,JDExploreAcademy vs Online-Y,0.01,93.08,112.73333333333333,112.48000000000005,weighted,weighted,0.17433471318746308,False,0.0022471910112356053,-0.0009535414362388582,0.1497526166236713,mtme_metricx_xxl_DA_2019-refA,0.3622602501482315,0.9781893317652096,0.0,-0.1435159449951764,0.0,0.0,0.0,0.0,0.0,-0.1291907485242418,0.0,0.0,-0.0055655324936119705,0.0
ende,25,JDExploreAcademy vs Online-Y,0.01,93.08,112.73333333333333,112.48000000000005,weighted,weighted,0.17433471318746308,False,0.0022471910112356053,-0.0009535414362388582,0.1497526166236713,mtme_metricx_xxl_MQM_2020-refA,0.3988570971638804,0.9670998023955928,0.0,-1.1102230246251329e-17,0.0,0.0,0.0,0.0,0.0,0.0,0.0,0.0,0.0,0.0
ende,25,JDExploreAcademy vs Online-Y,0.01,93.08,112.73333333333333,112.48000000000005,weighted,weighted,0.17433471318746308,False,0.0022471910112356053,-0.0009535414362388582,0.1497526166236713,comet22,0.30164461504949003,,0.0,0.0,0.0,0.0,0.0,0.0,0.0,-0.00015880785191202612,0.0,0.0,-0.0044641230943186115,0.0
ende,25,JDExploreAcademy vs Online-Y,0.01,93.08,112.73333333333333,112.48000000000005,weighted,weighted,0.17433471318746308,False,0.0022471910112356053,-0.0009535414362388582,0.1497526166236713,qwen3_8b,0.17718055336515126,,0.0,0.0,0.0,0.0,0.0,0.0,0.0,0.0,0.0,0.0,0.0,0.0
ende,25,JDExploreAcademy vs Online-Y,0.01,93.08,112.73333333333333,112.48000000000005,weighted,weighted,0.17433471318746308,False,0.0022471910112356053,-0.0009535414362388582,0.1497526166236713,mistral_7b,0.0215852458202863,,0.0,-0.01862940721863194,0.0,0.0,-5.551115123125664e-18,0.0,0.0,0.0,0.0,0.0,0.0,0.0
ende,25,JDExploreAcademy vs Online-Y,0.02,93.08,112.73333333333333,112.48000000000005,weighted,weighted,0.17433471318746308,False,0.0022471910112356053,-0.0018334506432087837,0.006092106467485102,mtme_BERTScore-refA,0.18382423729145447,0.906706577010188,0.0,0.0,0.0,0.0,0.0,0.0,0.0,0.0,0.0,0.0,0.0,0.0
ende,25,JDExploreAcademy vs Online-Y,0.02,93.08,112.73333333333333,112.48000000000005,weighted,weighted,0.17433471318746308,False,0.0022471910112356053,-0.0018334506432087837,0.006092106467485102,mtme_BLEU-refA,0.12309350429310939,0.8634063310084908,0.0,0.0,0.0,0.0,0.0,0.0,0.0,0.0,0.0,0.0,0.0,0.0
ende,25,JDExploreAcademy vs Online-Y,0.02,93.08,112.73333333333333,112.48000000000005,weighted,weighted,0.17433471318746308,False,0.0022471910112356053,-0.0018334506432087837,0.006092106467485102,mtme_BLEURT-20-refA,0.2904494434599688,0.977419310947295,0.0,0.0,0.0,0.0,0.0,0.0,0.0,0.0,0.0,0.0,0.0,0.0
ende,25,JDExploreAcademy vs Online-Y,0.02,93.08,112.73333333333333,112.48000000000005,weighted,weighted,0.17433471318746308,False,0.0022471910112356053,-0.0018334506432087837,0.006092106467485102,mtme_COMET-20-refA,0.28341370309838204,0.9858264490713564,0.0,0.0,0.0,0.0,0.0,0.0,0.0,0.0,0.0,0.0,0.0,0.0
ende,25,JDExploreAcademy vs Online-Y,0.02,93.08,112.73333333333333,112.48000000000005,weighted,weighted,0.17433471318746308,False,0.0022471910112356053,-0.0018334506432087837,0.006092106467485102,mtme_COMET-22-refA,0.33957498988660473,0.9524733537563392,0.0,0.0,0.0,0.0,0.0,0.0,0.0,0.0,0.0,0.0,0.0,0.0
ende,25,JDExploreAcademy vs Online-Y,0.02,93.08,112.73333333333333,112.48000000000005,weighted,weighted,0.17433471318746308,False,0.0022471910112356053,-0.0018334506432087837,0.006092106467485102,mtme_COMET-QE-src,0.23944067441113762,0.8324986400919704,0.0,0.0,0.0,0.0,0.0,0.0,0.0,0.0,0.0,0.0,0.0,0.0
ende,25,JDExploreAcademy vs Online-Y,0.02,93.08,112.73333333333333,112.48000000000005,weighted,weighted,0.17433471318746308,False,0.0022471910112356053,-0.0018334506432087837,0.006092106467485102,mtme_COMETKiwi-src,0.2643101725344025,0.9226539774777828,0.0,0.0,0.0,0.0,0.0,0.0,0.0,0.0,0.0,0.0,0.0,0.0
ende,25,JDExploreAcademy vs Online-Y,0.02,93.08,112.73333333333333,112.48000000000005,weighted,weighted,0.17433471318746308,False,0.0022471910112356053,-0.0018334506432087837,0.006092106467485102,mtme_Cross-QE-src,0.17129968502426798,0.9403569774408737,0.0,0.0,0.0,0.0,0.0,0.0,0.0,0.0,0.0,0.0,0.0,0.0
ende,25,JDExploreAcademy vs Online-Y,0.02,93.08,112.73333333333333,112.48000000000005,weighted,weighted,0.17433471318746308,False,0.0022471910112356053,-0.0018334506432087837,0.006092106467485102,mtme_HWTSC-TLM-src,0.12112338913465767,0.7686262691697412,0.0,0.0,0.0,0.0,0.0,0.0,0.0,0.0,0.0,0.0,0.0,0.0
ende,25,JDExploreAcademy vs Online-Y,0.02,93.08,112.73333333333333,112.48000000000005,weighted,weighted,0.17433471318746308,False,0.0022471910112356053,-0.0018334506432087837,0.006092106467485102,mtme_HWTSC-Teacher-Sim-src,0.15147674989453022,0.6922672434936012,0.0,0.0,0.0,0.0,0.0,0.0,0.0,0.0,0.0,0.0,0.0,0.0
ende,25,JDExploreAcademy vs Online-Y,0.02,93.08,112.73333333333333,112.48000000000005,weighted,weighted,0.17433471318746308,False,0.0022471910112356053,-0.0018334506432087837,0.006092106467485102,mtme_KG-BERTScore-src,0.12041049559603324,0.6378374846052578,0.0,0.0,0.0,0.0,0.0,0.0,0.0,0.0,0.0,0.0,0.0,0.0
ende,25,JDExploreAcademy vs Online-Y,0.02,93.08,112.73333333333333,112.48000000000005,weighted,weighted,0.17433471318746308,False,0.0022471910112356053,-0.0018334506432087837,0.006092106467485102,mtme_MATESE-QE-src,0.1345748383006904,0.7648995070123706,0.0,0.0,0.0,0.0,0.0,0.0,0.0,0.0,0.0,0.0,0.0,0.0
ende,25,JDExploreAcademy vs Online-Y,0.02,93.08,112.73333333333333,112.48000000000005,weighted,weighted,0.17433471318746308,False,0.0022471910112356053,-0.0018334506432087837,0.006092106467485102,mtme_MATESE-refA,0.14876003844377902,0.9246232659550914,0.0,0.0,0.0,0.0,0.0,0.0,0.0,0.0,0.0,0.0,0.0,0.0
ende,25,JDExploreAcademy vs Online-Y,0.02,93.08,112.73333333333333,112.48000000000005,weighted,weighted,0.17433471318746308,False,0.0022471910112356053,-0.0018334506432087837,0.006092106467485102,mtme_MEE-refA,0.14593548391965716,0.8768362437607912,0.0,0.0,0.0,0.0,0.0,0.0,0.0,0.0,0.0,0.0,0.0,0.0
ende,25,JDExploreAcademy vs Online-Y,0.02,93.08,112.73333333333333,112.48000000000005,weighted,weighted,0.17433471318746308,False,0.0022471910112356053,-0.0018334506432087837,0.006092106467485102,mtme_MEE2-refA,0.159376331117777,0.8910462707906135,0.0,0.0,0.0,0.0,0.0,0.0,0.0,0.0,0.0,0.0,0.0,0.0
ende,25,JDExploreAcademy vs Online-Y,0.02,93.08,112.73333333333333,112.48000000000005,weighted,weighted,0.17433471318746308,False,0.0022471910112356053,-0.0018334506432087837,0.006092106467485102,mtme_MEE4-refA,0.1762537424304314,0.89207408156182,0.0,0.0,0.0,0.0,0.0,0.0,0.0,0.0,0.0,0.0,0.0,0.0
ende,25,JDExploreAcademy vs Online-Y,0.02,93.08,112.73333333333333,112.48000000000005,weighted,weighted,0.17433471318746308,False,0.0022471910112356053,-0.0018334506432087837,0.006092106467485102,mtme_MS-COMET-22-refA,0.23727742739053737,0.9163007970087684,0.0,0.0,0.0,0.0,0.0,0.0,0.0,0.0,0.0,0.0,0.0,0.0
ende,25,JDExploreAcademy vs Online-Y,0.02,93.08,112.73333333333333,112.48000000000005,weighted,weighted,0.17433471318746308,False,0.0022471910112356053,-0.0018334506432087837,0.006092106467485102,mtme_MS-COMET-QE-22-src,0.20778249425899842,0.7522191383266835,0.0,0.0,0.0,0.0,0.0,0.0,0.0,0.0,0.0,0.0,0.0,0.0
ende,25,JDExploreAcademy vs Online-Y,0.02,93.08,112.73333333333333,112.48000000000005,weighted,weighted,0.17433471318746308,False,0.0022471910112356053,-0.0018334506432087837,0.006092106467485102,mtme_REUSE-src,-0.09782978331512449,-0.7189752875124902,0.0,0.0,0.0,0.0,0.0,0.0,0.0,0.0,0.0,0.0,0.0,0.0
ende,25,JDExploreAcademy vs Online-Y,0.02,93.08,112.73333333333333,112.48000000000005,weighted,weighted,0.17433471318746308,False,0.0022471910112356053,-0.0018334506432087837,0.006092106467485102,mtme_SEScore-refA,0.17449755495180452,0.8627443368691673,0.0,0.0,0.0,0.0,0.0,0.0,0.0,0.0,0.0,0.0,0.0,0.0
ende,25,JDExploreAcademy vs Online-Y,0.02,93.08,112.73333333333333,112.48000000000005,weighted,weighted,0.17433471318746308,False,0.0022471910112356053,-0.0018334506432087837,0.006092106467485102,mtme_UniTE-ref-refA,0.33565998821233917,0.935537336231014,0.0,0.0,0.0,0.0,0.0,0.0,0.0,0.0,0.0,0.0,0.0,0.0
ende,25,JDExploreAcademy vs Online-Y,0.02,93.08,112.73333333333333,112.48000000000005,weighted,weighted,0.17433471318746308,False,0.0022471910112356053,-0.0018334506432087837,0.006092106467485102,mtme_UniTE-refA,0.3548300231777709,0.934069874660218,0.0,0.0,0.0,0.0,0.0,0.0,0.0,0.0,0.0,0.0,0.0,0.0
ende,25,JDExploreAcademy vs Online-Y,0.02,93.08,112.73333333333333,112.48000000000005,weighted,weighted,0.17433471318746308,False,0.0022471910112356053,-0.0018334506432087837,0.006092106467485102,mtme_UniTE-src-src,0.2662292565742452,0.8781288793774996,0.0,0.0,0.0,0.0,0.0,0.0,0.0,0.0,0.0,0.0,0.0,0.0
ende,25,JDExploreAcademy vs Online-Y,0.02,93.08,112.73333333333333,112.48000000000005,weighted,weighted,0.17433471318746308,False,0.0022471910112356053,-0.0018334506432087837,0.006092106467485102,mtme_YiSi-1-refA,0.2015471210180771,0.9374352886959156,0.0,0.0,0.0,0.0,0.0,0.0,0.0,0.0,0.0,0.0,0.0,0.0
ende,25,JDExploreAcademy vs Online-Y,0.02,93.08,112.73333333333333,112.48000000000005,weighted,weighted,0.17433471318746308,False,0.0022471910112356053,-0.0018334506432087837,0.006092106467485102,mtme_chrF-refA,0.1698442211060054,0.913148721285636,0.0,0.0,0.0,0.0,0.0,0.0,0.0,0.0,0.0,0.0,0.0,0.0
ende,25,JDExploreAcademy vs Online-Y,0.02,93.08,112.73333333333333,112.48000000000005,weighted,weighted,0.17433471318746308,False,0.0022471910112356053,-0.0018334506432087837,0.006092106467485102,mtme_f101spBLEU-refA,0.1455863713959221,0.8322237271443311,0.0,0.0,0.0,0.0,0.0,0.0,0.0,0.0,0.0,0.0,0.0,0.0
ende,25,JDExploreAcademy vs Online-Y,0.02,93.08,112.73333333333333,112.48000000000005,weighted,weighted,0.17433471318746308,False,0.0022471910112356053,-0.0018334506432087837,0.006092106467485102,mtme_f200spBLEU-refA,0.15036778854143656,0.8109386629133486,0.0,0.0,0.0,0.0,0.0,0.0,0.0,0.0,0.0,0.0,0.0,0.0
ende,25,JDExploreAcademy vs Online-Y,0.02,93.08,112.73333333333333,112.48000000000005,weighted,weighted,0.17433471318746308,False,0.0022471910112356053,-0.0018334506432087837,0.006092106467485102,mtme_metricx_xl_DA_2019-refA,0.3365086666434134,0.9809205978427264,0.0,0.0,0.0,0.0,0.0,0.0,0.0,0.0,0.0,0.0,0.0,0.0
ende,25,JDExploreAcademy vs Online-Y,0.02,93.08,112.73333333333333,112.48000000000005,weighted,weighted,0.17433471318746308,False,0.0022471910112356053,-0.0018334506432087837,0.006092106467485102,mtme_metricx_xl_MQM_2020-refA,0.4029973476903227,0.9616341585507984,0.0,0.0,0.0,0.0,0.0,0.0,0.0,0.0,0.0,0.0,0.0,0.0
ende,25,JDExploreAcademy vs Online-Y,0.02,93.08,112.73333333333333,112.48000000000005,weighted,weighted,0.17433471318746308,False,0.0022471910112356053,-0.0018334506432087837,0.006092106467485102,mtme_metricx_xxl_DA_2019-refA,0.3622602501482315,0.9781893317652096,0.0,0.0,0.0,0.0,0.0,0.0,0.0,0.0,0.0,0.0,0.0,0.0
ende,25,JDExploreAcademy vs Online-Y,0.02,93.08,112.73333333333333,112.48000000000005,weighted,weighted,0.17433471318746308,False,0.0022471910112356053,-0.0018334506432087837,0.006092106467485102,mtme_metricx_xxl_MQM_2020-refA,0.3988570971638804,0.9670998023955928,0.0,0.0,0.0,0.0,0.0,0.0,0.0,0.0,0.0,0.0,0.0,0.0
ende,25,JDExploreAcademy vs Online-Y,0.02,93.08,112.73333333333333,112.48000000000005,weighted,weighted,0.17433471318746308,False,0.0022471910112356053,-0.0018334506432087837,0.006092106467485102,comet22,0.30164461504949003,,0.0,0.0,0.0,0.0,0.0,0.0,0.0,0.0,0.0,0.0,0.0,0.0
ende,25,JDExploreAcademy vs Online-Y,0.02,93.08,112.73333333333333,112.48000000000005,weighted,weighted,0.17433471318746308,False,0.0022471910112356053,-0.0018334506432087837,0.006092106467485102,qwen3_8b,0.17718055336515126,,0.0,0.0,0.0,0.0,0.0,0.0,0.0,0.0,0.0,0.0,0.0,0.0
ende,25,JDExploreAcademy vs Online-Y,0.02,93.08,112.73333333333333,112.48000000000005,weighted,weighted,0.17433471318746308,False,0.0022471910112356053,-0.0018334506432087837,0.006092106467485102,mistral_7b,0.0215852458202863,,0.0,0.0,0.0,0.0,0.0,0.0,0.0,0.0,0.0,0.0,0.0,0.0
ende,34,Online-A vs Online-G,0.01,86.82,243.11826086956552,192.65904761904787,dedup,dedup,0.6428898442697422,True,0.20755007488964117,-0.8930856354550617,0.44187379872076693,mtme_BERTScore-refA,0.12248449001283393,0.906706577010188,-0.004058319247628894,-0.7033946356832917,0.04178079949499434,-0.005349602644601603,-0.719196425603921,0.0367749359161659,-0.018033337947125805,-0.756792732914407,0.021430747691512046,0.019184895701162552,-0.07531234519982564,0.09374011869870849
ende,34,Online-A vs Online-G,0.01,86.82,243.11826086956552,192.65904761904787,dedup,dedup,0.6428898442697422,True,0.20755007488964117,-0.8930856354550617,0.44187379872076693,mtme_BLEU-refA,0.08453299837160606,0.8634063310084908,-0.011389476598184567,-0.737508139798339,0.021536952153737958,0.005884562909062585,-0.3724395728264686,0.07394839424805062,-0.005349602644601603,-0.7317005469676998,0.040729979134334085,0.018303956612843675,-0.021230297731748535,0.08430554130699587
ende,34,Online-A vs Online-G,0.01,86.82,243.11826086956552,192.65904761904787,dedup,dedup,0.6428898442697422,True,0.20755007488964117,-0.8930856354550617,0.44187379872076693,mtme_BLEURT-20-refA,0.29124948520517996,0.977419310947295,-0.0007952112039268933,-0.752864294533525,0.08745029758374015,0.014334191701562138,-0.7070942247569147,0.3299381650729403,0.004771267223564135,-0.6659177543881669,0.08086157597680321,0.10370762973006231,-0.35213657932142534,0.2619848725309208
ende,34,Online-A vs Online-G,0.01,86.82,243.11826086956552,192.65904761904787,dedup,dedup,0.6428898442697422,True,0.20755007488964117,-0.8930856354550617,0.44187379872076693,mtme_COMET-20-refA,0.22903347999100301,0.9858264490713564,-0.025551391578821914,-0.7700818461747356,0.25276765738719664,0.0034615075935663375,-0.7184895468062874,0.32347250680522216,-0.017494646486400534,-0.38439297068747164,0.2653864798564223,0.07071983236780466,-0.3447810041579208,0.17168268527129749
ende,34,Online-A vs Online-G,0.01,86.82,243.11826086956552,192.65904761904787,dedup,dedup,0.6428898442697422,True,0.20755007488964117,-0.8930856354550617,0.44187379872076693,mtme_COMET-22-refA,0.2788087824843083,0.9524733537563392,0.05658233566405868,-0.5011902331046706,0.2688819387662126,0.08064030653159193,-0.42980572684645346,0.3363218812511971,0.0264805330907798,-0.6049770509382921,0.1456639860086697,0.08642044031283891,-0.47488707701390764,0.2648895751686406
ende,34,Online-A vs Online-G,0.01,86.82,243.11826086956552,192.65904761904787,dedup,dedup,0.6428898442697422,True,0.20755007488964117,-0.8930856354550617,0.44187379872076693,mtme_COMET-QE-src,0.12764715096327084,0.8324986400919704,-0.041811368038073615,-0.6388330990170697,0.10197450428925596,-0.01883060130899894,-0.4154459455162442,0.28857756756419617,-0.05377273003108507,-0.8456341853542996,0.006421610398066494,0.03203192407247624,-0.03508461432003764,0.18760270701675438
ende,34,Online-A vs Online-G,0.01,86.82,243.11826086956552,192.65904761904787,dedup,dedup,0.6428898442697422,True,0.20755007488964117,-0.8930856354550617,0.44187379872076693,mtme_COMETKiwi-src,0.2401087187371475,0.9226539774777828,0.016974700699217693,-0.6024079778517955,0.25067202040795616,0.05884562909062119,-0.5321693210185825,0.2697275647528734,-0.0078460838787493,-0.594322134291392,0.2760123684362037,0.06697584124244982,-0.5007303621249546,0.14470009684358281
ende,34,Online-A vs Online-G,0.01,86.82,243.11826086956552,192.65904761904787,dedup,dedup,0.6428898442697422,True,0.20755007488964117,-0.8930856354550617,0.44187379872076693,mtme_Cross-QE-src,0.22609329830543473,0.9403569774408737,0.007132803526136211,-0.6974512677546172,0.17359076468649545,0.05658233566405868,-0.299425420288011,0.28927265114892403,-0.014711407272655297,-0.7499033671836242,0.23500386016346114,0.06802415875754897,-0.007007505537360937,0.4544016889389833
ende,34,Online-A vs Online-G,0.01,86.82,243.11826086956552,192.65904761904787,dedup,dedup,0.6428898442697422,True,0.20755007488964117,-0.8930856354550617,0.44187379872076693,mtme_HWTSC-TLM-src,0.036390509924023644,0.7686262691697412,-0.014711407272655297,-0.8019428538164629,0.027425840759576135,0.0030437394357218928,-0.37848009844865743,0.25368564851025616,-0.0073557036363276485,-0.7489843936558318,0.027642583829943335,0.007765314926660882,-0.01268706482136761,0.041047780815636314
ende,34,Online-A vs Online-G,0.01,86.82,243.11826086956552,192.65904761904787,dedup,dedup,0.6428898442697422,True,0.20755007488964117,-0.8930856354550617,0.44187379872076693,mtme_HWTSC-Teacher-Sim-src,0.012630470831009391,0.6922672434936012,-0.03847598825156018,-0.5262621674713465,1.0901659542563982e-05,0.0043589354881941045,-0.41680794771456087,0.052215250950005385,-0.032466553981032265,-0.7583908478963222,-0.0036915209301588256,0.0033279921114262034,-0.01511569528509599,0.02729269547101213
ende,34,Online-A vs Online-G,0.01,86.82,243.11826086956552,192.65904761904787,dedup,dedup,0.6428898442697422,True,0.20755007488964117,-0.8930856354550617,0.44187379872076693,mtme_KG-BERTScore-src,0.03911396013849023,0.6378374846052578,-0.027068989381686004,-0.40413049714586824,0.02098115296946543,-0.0025961306951742813,-0.3783048016500941,0.03168510006085235,-0.028442054060466848,-0.42685276269535805,0.003101214761896531,0.012543970266144622,-0.00292736573508362,0.07306824232239
ende,34,Online-A vs Online-G,0.01,86.82,243.11826086956552,192.65904761904787,dedup,dedup,0.6428898442697422,True,0.20755007488964117,-0.8930856354550617,0.44187379872076693,mtme_MATESE-QE-src,0.1317710490144767,0.7648995070123706,-0.0463975152445284,-0.4926090412371299,0.01057991118853347,0.047076503272496906,-0.30191647661782633,0.3138148042398605,0.041459420495664645,-0.39644243746113306,0.14124674819851243,0.04731988783434016,-0.03346237893010333,0.14919775030168514
ende,34,Online-A vs Online-G,0.01,86.82,243.11826086956552,192.65904761904787,dedup,dedup,0.6428898442697422,True,0.20755007488964117,-0.8930856354550617,0.44187379872076693,mtme_MATESE-refA,0.176743993474185,0.9246232659550914,0.008542107448638814,-0.4251950989987694,0.260068723011207,0.01014579811907268,-0.34981741275546885,0.3067641360729878,-0.0078460838787493,-0.3937966680370164,0.28750235501446164,0.020886019457915572,-0.05019181013357429,0.16015070220193767
ende,34,Online-A vs Online-G,0.01,86.82,243.11826086956552,192.65904761904787,dedup,dedup,0.6428898442697422,True,0.20755007488964117,-0.8930856354550617,0.44187379872076693,mtme_MEE-refA,0.10057810123154544,0.8768362437607912,-0.04689261068158879,-0.8608071604357982,-0.003910324866446039,-0.01159080572997051,-0.43707197157519717,0.05588871753238954,-0.011928168058909394,-0.7964977408738383,0.029877477713176323,0.016942505294533228,-0.025051242237661666,0.1718429309568615
ende,34,Online-A vs Online-G,0.01,86.82,243.11826086956552,192.65904761904787,dedup,dedup,0.6428898442697422,True,0.20755007488964117,-0.8930856354550617,0.44187379872076693,mtme_MEE2-refA,0.09560786439198399,0.8910462707906135,-0.0490380242421844,-0.4787593677596671,-0.0032587713746068227,-0.008653768983914567,-0.37685411546932646,0.09957028814393244,-0.030314414986077454,-0.43791217429902846,0.01161402105914054,0.02766393442622972,-0.011346964603781134,0.1900458200605593
ende,34,Online-A vs Online-G,0.01,86.82,243.11826086956552,192.65904761904787,dedup,dedup,0.6428898442697422,True,0.20755007488964117,-0.8930856354550617,0.44187379872076693,mtme_MEE4-refA,0.10445666569017456,0.89207408156182,-0.06152043041292199,-0.523864386091007,-0.0068827820908665795,-0.023061124913891673,-0.4149719026353334,0.024725786807824644,-0.043316921413929066,-0.45556210533660846,0.00043553953737751584,0.03421591889559972,-0.004480664056855181,0.1457127232767389
ende,34,Online-A vs Online-G,0.01,86.82,243.11826086956552,192.65904761904787,dedup,dedup,0.6428898442697422,True,0.20755007488964117,-0.8930856354550617,0.44187379872076693,mtme_MS-COMET-22-refA,0.12453154939713328,0.9163007970087684,-0.029422814545310372,-0.7535448969233022,0.01479968736704944,-0.0009807604848435236,-0.6105915025983147,0.2568352887497727,-0.02157673066656085,-0.7195664383890179,0.031979880483113704,0.026091458153580604,-0.03628676023905714,0.2278253638368861
ende,34,Online-A vs Online-G,0.01,86.82,243.11826086956552,192.65904761904787,dedup,dedup,0.6428898442697422,True,0.20755007488964117,-0.8930856354550617,0.44187379872076693,mtme_MS-COMET-QE-22-src,0.13150784643079882,0.7522191383266835,-0.019615209696873137,-0.4377966036931962,0.050594719112294316,-0.008275166590868466,-0.36676741141001745,0.05643913624055409,-0.01765368872718609,-0.42980435963053903,0.04092186663534859,0.013656243491714126,-0.03571368489713544,0.453253983922694
ende,34,Online-A vs Online-G,0.01,86.82,243.11826086956552,192.65904761904787,dedup,dedup,0.6428898442697422,True,0.20755007488964117,-0.8930856354550617,0.44187379872076693,mtme_REUSE-src,-0.04268369314780734,-0.7189752875124902,-0.0009807604848435236,-0.37688550058536036,0.030952520998655694,0.0073557036363277595,0.0,0.055615974682560174,-0.0009807604848435236,-0.3409285851901076,0.02922828208260116,0.0,0.0,0.0
ende,34,Online-A vs Online-G,0.01,86.82,243.11826086956552,192.65904761904787,dedup,dedup,0.6428898442697422,True,0.20755007488964117,-0.8930856354550617,0.44187379872076693,mtme_SEScore-refA,0.12819565548911618,0.8627443368691673,-0.014711407272655075,-0.7793235040036202,0.035902850188193836,-0.006129753030273077,-0.6228515334523086,0.09642357981341933,-0.03187471575741996,-0.800945031791845,0.018759209633702006,0.037273511647972546,-0.5981120374745843,0.14455147180841393
ende,34,Online-A vs Online-G,0.01,86.82,243.11826086956552,192.65904761904787,dedup,dedup,0.6428898442697422,True,0.20755007488964117,-0.8930856354550617,0.44187379872076693,mtme_UniTE-ref-refA,0.2934696955338443,0.935537336231014,-0.028442054060466848,-0.6942427017916886,0.2582685628867471,-0.014711407272655297,-0.654128399199503,0.36160722716903804,-0.029422814545310372,-0.7480981353517054,0.27534283326822984,0.03927030691482836,-0.3638966519513154,0.11932127476227077
ende,34,Online-A vs Online-G,0.01,86.82,243.11826086956552,192.65904761904787,dedup,dedup,0.6428898442697422,True,0.20755007488964117,-0.8930856354550617,0.44187379872076693,mtme_UniTE-refA,0.32190710601771666,0.934069874660218,-0.020769045561395583,-0.7175770257017787,0.3440316257642924,0.005884562909062474,-0.6509595774104846,0.3696641741321555,-0.024073211900708547,-0.7161419251723423,0.04217414241479748,0.04352663366786291,-0.6248966394337889,0.16039659124839506
ende,34,Online-A vs Online-G,0.01,86.82,243.11826086956552,192.65904761904787,dedup,dedup,0.6428898442697422,True,0.20755007488964117,-0.8930856354550617,0.44187379872076693,mtme_UniTE-src-src,0.23476734439280927,0.8781288793774996,0.01663028648213183,-0.4580924523552181,0.09619243807237142,0.033345856484685465,-0.4198493895247251,0.3338304855279897,0.01103355545449114,-0.4868572491654567,0.09207839796051241,0.08479723899913671,-0.03638554624262961,0.17451747045629842
ende,34,Online-A vs Online-G,0.01,86.82,243.11826086956552,192.65904761904787,dedup,dedup,0.6428898442697422,True,0.20755007488964117,-0.8930856354550617,0.44187379872076693,mtme_YiSi-1-refA,0.13682823318512588,0.9374352886959156,-0.0073557036363276485,-0.6824234301863121,0.06106562293189775,-0.006789880279686633,-0.7374402251356746,0.07570548615737799,-0.025551391578821914,-0.8216926764389084,0.02599581653876081,0.03421591889559972,-0.031905688777387885,0.12037747489520505
ende,34,Online-A vs Online-G,0.01,86.82,243.11826086956552,192.65904761904787,dedup,dedup,0.6428898442697422,True,0.20755007488964117,-0.8930856354550617,0.44187379872076693,mtme_chrF-refA,0.10582039055497766,0.913148721285636,-0.03055446125859218,-0.7765459397967253,0.00861760941053794,0.0008916004407673039,-0.7495065299923499,0.046187479711886956,-0.028442054060466848,-0.7877444738989925,0.026016567087319493,0.023295944779982758,-0.01238271023509026,0.20842370622951029
ende,34,Online-A vs Online-G,0.01,86.82,243.11826086956552,192.65904761904787,dedup,dedup,0.6428898442697422,True,0.20755007488964117,-0.8930856354550617,0.44187379872076693,mtme_f101spBLEU-refA,0.0940506444259052,0.8322237271443311,-0.01159080572997051,-0.7493822527361773,0.02168498426822343,0.004597314772704975,-0.3698469371023463,0.0652142927690125,-0.011769125818123838,-0.42136317573828697,0.029820852367803047,0.032313729856105256,-0.06105646056318039,0.10565139439245505
ende,34,Online-A vs Online-G,0.01,86.82,243.11826086956552,192.65904761904787,dedup,dedup,0.6428898442697422,True,0.20755007488964117,-0.8930856354550617,0.44187379872076693,mtme_f200spBLEU-refA,0.09061343991115375,0.8109386629133486,-0.02353825163624812,-0.7784956259373748,0.008044132611844858,-0.0025961306951742813,-0.37199001084446115,0.07285800944941981,-0.014711407272655075,-0.7812311837929303,0.024935431660945456,0.030284728213977763,-0.05569223241622681,0.1039694292847769
ende,34,Online-A vs Online-G,0.01,86.82,243.11826086956552,192.65904761904787,dedup,dedup,0.6428898442697422,True,0.20755007488964117,-0.8930856354550617,0.44187379872076693,mtme_metricx_xl_DA_2019-refA,0.30347292983128427,0.9809205978427264,0.0030437394357218928,-0.40586266164666285,0.28272598579875563,0.06450386265702712,-0.29896790706040394,0.3200816674165799,0.0018982460996976869,-0.40980523737302915,0.2602208009053989,0.13001725625539262,-0.341936748963373,0.2423560483781206
ende,34,Online-A vs Online-G,0.01,86.82,243.11826086956552,192.65904761904787,dedup,dedup,0.6428898442697422,True,0.20755007488964117,-0.8930856354550617,0.44187379872076693,mtme_metricx_xl_MQM_2020-refA,0.3220220507784852,0.9616341585507984,0.014711407272655408,-0.5227571502320101,0.274586458139997,0.041761414193344226,-0.0719127791854018,0.32430325304584273,0.005884562909062363,-0.3820387511711368,0.27304015775730617,0.10791716997411538,-0.038724588481587136,0.20211522374957402
ende,34,Online-A vs Online-G,0.01,86.82,243.11826086956552,192.65904761904787,dedup,dedup,0.6428898442697422,True,0.20755007488964117,-0.8930856354550617,0.44187379872076693,mtme_metricx_xxl_DA_2019-refA,0.3294395217849802,0.9781893317652096,0.004771267223564135,-0.6882669278497106,0.3407475206729391,0.045864975614749004,-0.07118130416679787,0.3667510931332871,0.02322853779892986,-0.6952489927011143,0.30273766205456976,0.08007981018119059,-0.4990285712593412,0.1953836978166009
ende,34,Online-A vs Online-G,0.01,86.82,243.11826086956552,192.65904761904787,dedup,dedup,0.6428898442697422,True,0.20755007488964117,-0.8930856354550617,0.44187379872076693,mtme_metricx_xxl_MQM_2020-refA,0.3391502836727038,0.9670998023955928,0.0034615075935663375,-0.6289283688691887,0.3515273838557395,0.057755895218572495,-0.26453808453167293,0.3709045803567248,0.021829830146521068,-0.6197613225577648,0.3639683346096003,0.08719339331936382,-0.00026755036601611143,0.2556664437892334
ende,34,Online-A vs Online-G,0.01,86.82,243.11826086956552,192.65904761904787,dedup,dedup,0.6428898442697422,True,0.20755007488964117,-0.8930856354550617,0.44187379872076693,comet22,0.2505538596062143,,-0.024073211900708547,-0.7092551847041882,0.2623439403673811,0.0008916004407671929,-0.654845244024358,0.29374868300532236,-0.01722311095335205,-0.7479266766518183,0.25525408397941707,0.045840407470288835,-0.36735368410889424,0.135675632660247
ende,34,Online-A vs Online-G,0.01,86.82,243.11826086956552,192.65904761904787,dedup,dedup,0.6428898442697422,True,0.20755007488964117,-0.8930856354550617,0.44187379872076693,qwen3_8b,0.16836619472754455,,-0.031874715757419514,-0.814256127709104,0.011354449734334695,0.0015485691865957385,-0.3547863591631223,0.3018383735955629,-0.024073211900708547,-0.765540805335022,0.016831468098456318,0.025791938863552355,-0.03475936857207182,0.10407400322217658
ende,34,Online-A vs Online-G,0.01,86.82,243.11826086956552,192.65904761904787,dedup,dedup,0.6428898442697422,True,0.20755007488964117,-0.8930856354550617,0.44187379872076693,mistral_7b,0.05389580925101764,,-0.12984398789868168,-0.9536640536965345,-0.04421004944474264,0.008542107448638814,-0.6747356924143431,0.059019893136626075,-0.0735570363632767,-0.8825864209597576,-0.02392762276559439,0.0,0.0,0.0
ende,34,Online-A vs Online-G,0.02,86.82,106.4733333333334,106.44000000000001,dedup,dedup,0.1845845595141199,False,0.00031306743472592213,-0.00388061642196435,0.004891377901832172,mtme_BERTScore-refA,0.12248449001283393,0.906706577010188,0.0,0.0,0.0,0.0,0.0,0.0,0.0,0.0,0.0,0.0,0.0,0.0
ende,34,Online-A vs Online-G,0.02,86.82,106.4733333333334,106.44000000000001,dedup,dedup,0.1845845595141199,False,0.00031306743472592213,-0.00388061642196435,0.004891377901832172,mtme_BLEU-refA,0.08453299837160606,0.8634063310084908,0.0,0.0,0.0,0.0,0.0,0.0,0.0,-5.551115123125664e-18,0.0,0.0,0.0,0.0
ende,34,Online-A vs Online-G,0.02,86.82,106.4733333333334,106.44000000000001,dedup,dedup,0.1845845595141199,False,0.00031306743472592213,-0.00388061642196435,0.004891377901832172,mtme_BLEURT-20-refA,0.29124948520517996,0.977419310947295,0.0,0.0,0.0,0.0,0.0,0.0,0.0,0.0,0.0,0.0,0.0,0.0
ende,34,Online-A vs Online-G,0.02,86.82,106.4733333333334,106.44000000000001,dedup,dedup,0.1845845595141199,False,0.00031306743472592213,-0.00388061642196435,0.004891377901832172,mtme_COMET-20-refA,0.22903347999100301,0.9858264490713564,0.0,-0.0020001615907861087,0.0,0.0,0.0,0.0,0.0,0.0,0.0,0.0,0.0,0.0
ende,34,Online-A vs Online-G,0.02,86.82,106.4733333333334,106.44000000000001,dedup,dedup,0.1845845595141199,False,0.00031306743472592213,-0.00388061642196435,0.004891377901832172,mtme_COMET-22-refA,0.2788087824843083,0.9524733537563392,0.0,-0.004134733829898296,0.0,0.0,0.0,0.0,0.0,-2.220446049250313e-16,0.0,0.0,0.0,0.0
ende,34,Online-A vs Online-G,0.02,86.82,106.4733333333334,106.44000000000001,dedup,dedup,0.1845845595141199,False,0.00031306743472592213,-0.00388061642196435,0.004891377901832172,mtme_COMET-QE-src,0.12764715096327084,0.8324986400919704,0.0,-8.363034571333515e-05,0.0,0.0,0.0,0.0,0.0,0.0,0.0,0.0,0.0,0.0
ende,34,Online-A vs Online-G,0.02,86.82,106.4733333333334,106.44000000000001,dedup,dedup,0.1845845595141199,False,0.00031306743472592213,-0.00388061642196435,0.004891377901832172,mtme_COMETKiwi-src,0.2401087187371475,0.9226539774777828,0.0,-0.003461586743316535,0.0,0.0,0.0,0.0,0.0,-5.551115123125664e-18,0.0,0.0,0.0,0.0
ende,34,Online-A vs Online-G,0.02,86.82,106.4733333333334,106.44000000000001,dedup,dedup,0.1845845595141199,False,0.00031306743472592213,-0.00388061642196435,0.004891377901832172,mtme_Cross-QE-src,0.22609329830543473,0.9403569774408737,0.0,0.0,0.0,0.0,0.0,0.0,0.0,0.0,0.0,0.0,0.0,0.0
ende,34,Online-A vs Online-G,0.02,86.82,106.4733333333334,106.44000000000001,dedup,dedup,0.1845845595141199,False,0.00031306743472592213,-0.00388061642196435,0.004891377901832172,mtme_HWTSC-TLM-src,0.036390509924023644,0.7686262691697412,0.0,-7.693991805673263e-05,0.0,0.0,0.0,0.0,0.0,0.0,0.0,0.0,0.0,0.0
ende,34,Online-A vs Online-G,0.02,86.82,106.4733333333334,106.44000000000001,dedup,dedup,0.1845845595141199,False,0.00031306743472592213,-0.00388061642196435,0.004891377901832172,mtme_HWTSC-Teacher-Sim-src,0.012630470831009391,0.6922672434936012,0.0,0.0,0.0,0.0,0.0,0.0,0.0,0.0,0.0,0.0,0.0,0.0
ende,34,Online-A vs Online-G,0.02,86.82,106.4733333333334,106.44000000000001,dedup,dedup,0.1845845595141199,False,0.00031306743472592213,-0.00388061642196435,0.004891377901832172,mtme_KG-BERTScore-src,0.03911396013849023,0.6378374846052578,0.0,-3.3306690738753986e-17,0.0,0.0,0.0,0.0,0.0,-0.0026156174895443636,0.0,0.0,0.0,0.0
ende,34,Online-A vs Online-G,0.02,86.82,106.4733333333334,106.44000000000001,dedup,dedup,0.1845845595141199,False,0.00031306743472592213,-0.00388061642196435,0.004891377901832172,mtme_MATESE-QE-src,0.1317710490144767,0.7648995070123706,0.0,0.0,0.0,0.0,0.0,0.0,0.0,0.0,0.0,0.0,0.0,0.0
ende,34,Online-A vs Online-G,0.02,86.82,106.4733333333334,106.44000000000001,dedup,dedup,0.1845845595141199,False,0.00031306743472592213,-0.00388061642196435,0.004891377901832172,mtme_MATESE-refA,0.176743993474185,0.9246232659550914,0.0,0.0,0.0,0.0,0.0,0.0,0.0,0.0,0.0,0.0,0.0,0.0
ende,34,Online-A vs Online-G,0.02,86.82,106.4733333333334,106.44000000000001,dedup,dedup,0.1845845595141199,False,0.00031306743472592213,-0.00388061642196435,0.004891377901832172,mtme_MEE-refA,0.10057810123154544,0.8768362437607912,0.0,0.0,0.0,0.0,0.0,0.0,0.0,0.0,0.0,0.0,0.0,0.0
ende,34,Online-A vs Online-G,0.02,86.82,106.4733333333334,106.44000000000001,dedup,dedup,0.1845845595141199,False,0.00031306743472592213,-0.00388061642196435,0.004891377901832172,mtme_MEE2-refA,0.09560786439198399,0.8910462707906135,0.0,0.0,0.0,0.0,0.0,0.0,0.0,0.0,0.0,0.0,0.0,0.0
ende,34,Online-A vs Online-G,0.02,86.82,106.4733333333334,106.44000000000001,dedup,dedup,0.1845845595141199,False,0.00031306743472592213,-0.00388061642196435,0.004891377901832172,mtme_MEE4-refA,0.10445666569017456,0.89207408156182,0.0,0.0,0.0,0.0,0.0,0.0,0.0,0.0,0.0,0.0,0.0,0.0
ende,34,Online-A vs Online-G,0.02,86.82,106.4733333333334,106.44000000000001,dedup,dedup,0.1845845595141199,False,0.00031306743472592213,-0.00388061642196435,0.004891377901832172,mtme_MS-COMET-22-refA,0.12453154939713328,0.9163007970087684,0.0,0.0,0.0,0.0,0.0,0.0,0.0,-2.220446049250313e-16,0.0,0.0,0.0,0.0
ende,34,Online-A vs Online-G,0.02,86.82,106.4733333333334,106.44000000000001,dedup,dedup,0.1845845595141199,False,0.00031306743472592213,-0.00388061642196435,0.004891377901832172,mtme_MS-COMET-QE-22-src,0.13150784643079882,0.7522191383266835,0.0,-0.010722972829738988,0.0,0.0,0.0,0.0,0.0,-0.010713081240224867,0.0,0.0,0.0,0.0
ende,34,Online-A vs Online-G,0.02,86.82,106.4733333333334,106.44000000000001,dedup,dedup,0.1845845595141199,False,0.00031306743472592213,-0.00388061642196435,0.004891377901832172,mtme_REUSE-src,-0.04268369314780734,-0.7189752875124902,0.0,0.0,0.0,0.0,0.0,0.0,0.0,0.0,0.0,0.0,0.0,0.0
ende,34,Online-A vs Online-G,0.02,86.82,106.4733333333334,106.44000000000001,dedup,dedup,0.1845845595141199,False,0.00031306743472592213,-0.00388061642196435,0.004891377901832172,mtme_SEScore-refA,0.12819565548911618,0.8627443368691673,0.0,-2.4424906541753397e-16,0.0,0.0,0.0,0.0,0.0,-2.4424906541753397e-16,0.0,0.0,0.0,0.0
ende,34,Online-A vs Online-G,0.02,86.82,106.4733333333334,106.44000000000001,dedup,dedup,0.1845845595141199,False,0.00031306743472592213,-0.00388061642196435,0.004891377901832172,mtme_UniTE-ref-refA,0.2934696955338443,0.935537336231014,0.0,0.0,0.0,0.0,0.0,0.0,0.0,0.0,0.0,0.0,0.0,0.0
ende,34,Online-A vs Online-G,0.02,86.82,106.4733333333334,106.44000000000001,dedup,dedup,0.1845845595141199,False,0.00031306743472592213,-0.00388061642196435,0.004891377901832172,mtme_UniTE-refA,0.32190710601771666,0.934069874660218,0.0,0.0,0.0,0.0,0.0,0.0,0.0,0.0,0.0,0.0,0.0,0.0
ende,34,Online-A vs Online-G,0.02,86.82,106.4733333333334,106.44000000000001,dedup,dedup,0.1845845595141199,False,0.00031306743472592213,-0.00388061642196435,0.004891377901832172,mtme_UniTE-src-src,0.23476734439280927,0.8781288793774996,0.0,0.0,0.0,0.0,0.0,0.0,0.0,0.0,0.0,0.0,0.0,0.0
ende,34,Online-A vs Online-G,0.02,86.82,106.4733333333334,106.44000000000001,dedup,dedup,0.1845845595141199,False,0.00031306743472592213,-0.00388061642196435,0.004891377901832172,mtme_YiSi-1-refA,0.13682823318512588,0.9374352886959156,0.0,-6.409020671384465e-05,0.0,0.0,0.0,0.0,0.0,0.0,0.0,0.0,0.0,0.0
ende,34,Online-A vs Online-G,0.02,86.82,106.4733333333334,106.44000000000001,dedup,dedup,0.1845845595141199,False,0.00031306743472592213,-0.00388061642196435,0.004891377901832172,mtme_chrF-refA,0.10582039055497766,0.913148721285636,0.0,0.0,0.0,0.0,0.0,0.0,0.0,0.0,0.0,0.0,0.0,0.0
ende,34,Online-A vs Online-G,0.02,86.82,106.4733333333334,106.44000000000001,dedup,dedup,0.1845845595141199,False,0.00031306743472592213,-0.00388061642196435,0.004891377901832172,mtme_f101spBLEU-refA,0.0940506444259052,0.8322237271443311,0.0,0.0,0.0,0.0,0.0,0.0,0.0,-6.85134330246847e-05,0.0,0.0,0.0,0.0
ende,34,Online-A vs Online-G,0.02,86.82,106.4733333333334,106.44000000000001,dedup,dedup,0.1845845595141199,False,0.00031306743472592213,-0.00388061642196435,0.004891377901832172,mtme_f200spBLEU-refA,0.09061343991115375,0.8109386629133486,0.0,0.0,0.0,0.0,0.0,0.0,0.0,0.0,0.0,0.0,0.0,0.0
ende,34,Online-A vs Online-G,0.02,86.82,106.4733333333334,106.44000000000001,dedup,dedup,0.1845845595141199,False,0.00031306743472592213,-0.00388061642196435,0.004891377901832172,mtme_metricx_xl_DA_2019-refA,0.30347292983128427,0.9809205978427264,0.0,0.0,0.0,0.0,0.0,0.0,0.0,0.0,0.0,0.0,0.0,0.0
ende,34,Online-A vs Online-G,0.02,86.82,106.4733333333334,106.44000000000001,dedup,dedup,0.1845845595141199,False,0.00031306743472592213,-0.00388061642196435,0.004891377901832172,mtme_metricx_xl_MQM_2020-refA,0.3220220507784852,0.9616341585507984,0.0,0.0,0.0,0.0,0.0,0.0,0.0,0.0,0.0,0.0,0.0,0.0
ende,34,Online-A vs Online-G,0.02,86.82,106.4733333333334,106.44000000000001,dedup,dedup,0.1845845595141199,False,0.00031306743472592213,-0.00388061642196435,0.004891377901832172,mtme_metricx_xxl_DA_2019-refA,0.3294395217849802,0.9781893317652096,0.0,0.0,0.0,0.0,0.0,0.0,0.0,0.0,0.0,0.0,0.0,0.0
ende,34,Online-A vs Online-G,0.02,86.82,106.4733333333334,106.44000000000001,dedup,dedup,0.1845845595141199,False,0.00031306743472592213,-0.00388061642196435,0.004891377901832172,mtme_metricx_xxl_MQM_2020-refA,0.3391502836727038,0.9670998023955928,0.0,0.0,0.0,0.0,0.0,0.0,0.0,0.0,0.0,0.0,0.0,0.0
ende,34,Online-A vs Online-G,0.02,86.82,106.4733333333334,106.44000000000001,dedup,dedup,0.1845845595141199,False,0.00031306743472592213,-0.00388061642196435,0.004891377901832172,comet22,0.2505538596062143,,0.0,0.0,0.0,0.0,0.0,0.0,0.0,0.0,0.0,0.0,0.0,0.0
ende,34,Online-A vs Online-G,0.02,86.82,106.4733333333334,106.44000000000001,dedup,dedup,0.1845845595141199,False,0.00031306743472592213,-0.00388061642196435,0.004891377901832172,qwen3_8b,0.16836619472754455,,0.0,0.0,0.0,0.0,0.0,0.0,0.0,0.0,0.0,0.0,0.0,0.0
ende,34,Online-A vs Online-G,0.02,86.82,106.4733333333334,106.44000000000001,dedup,dedup,0.1845845595141199,False,0.00031306743472592213,-0.00388061642196435,0.004891377901832172,mistral_7b,0.05389580925101764,,0.0,-0.013158113294214874,0.0,0.0,0.0,0.0,0.0,-0.013028897020428303,0.0,0.0,0.0,0.0
ende,35,Online-A vs Online-Y,0.01,90.08,221.98444444444485,179.9796825396829,dedup,dedup,0.5942058002062214,True,0.1892238981424409,-0.7883812575096658,0.31615309364985794,mtme_BERTScore-refA,0.14759179226514765,0.906706577010188,0.055888142576940414,-0.04907857041448369,0.32445347194531027,0.08113496643948093,-0.0057945516116988385,0.3848968669261607,0.0606717513087901,-0.022957428961831457,0.32445347194531027,0.02659779577269017,-0.20809941603538737,0.2669792981430765
ende,35,Online-A vs Online-Y,0.01,90.08,221.98444444444485,179.9796825396829,dedup,dedup,0.5942058002062214,True,0.1892238981424409,-0.7883812575096658,0.31615309364985794,mtme_BLEU-refA,0.11442159258311482,0.8634063310084908,0.026349358657766442,-0.03482118020984655,0.21528210799237363,0.10322593731920304,0.0,0.26103834250686925,0.010443859624367002,-0.049091225785396896,0.2368674543627284,0.026597795772689947,-0.49275052463720204,0.08245466352536208
ende,35,Online-A vs Online-Y,0.01,90.08,221.98444444444485,179.9796825396829,dedup,dedup,0.5942058002062214,True,0.1892238981424409,-0.7883812575096658,0.31615309364985794,mtme_BLEURT-20-refA,0.2890465148506649,0.977419310947295,0.07008948099961754,-0.10153951009911678,0.27444394764821606,0.1376878518915704,0.0,0.2895233065662505,0.1376878518915705,0.0,0.2767835937936776,0.098087218530575,-0.06474697804783935,0.3352858343253228
ende,35,Online-A vs Online-Y,0.01,90.08,221.98444444444485,179.9796825396829,dedup,dedup,0.5942058002062214,True,0.1892238981424409,-0.7883812575096658,0.31615309364985794,mtme_COMET-20-refA,0.19964766635765896,0.9858264490713564,0.010443859624366558,-0.06407967895217263,0.34546029616734336,0.10587685382476941,0.0,0.2710900849652229,0.05588814257693975,-0.01301846573214816,0.34546029616734336,0.025711202580266823,-0.06432528393376172,0.20511679412991768
ende,35,Online-A vs Online-Y,0.01,90.08,221.98444444444485,179.9796825396829,dedup,dedup,0.5942058002062214,True,0.1892238981424409,-0.7883812575096658,0.31615309364985794,mtme_COMET-22-refA,0.2836827680796556,0.9524733537563392,0.0634621897357005,-0.0756649389240699,0.23026423795043777,0.19080989741346555,0.0,0.3898193554228324,0.11648051984703456,-0.027339288976204443,0.25176097745556314,0.05815254459912578,-0.5070404534574585,0.3084491369662635
ende,35,Online-A vs Online-Y,0.01,90.08,221.98444444444485,179.9796825396829,dedup,dedup,0.5942058002062214,True,0.1892238981424409,-0.7883812575096658,0.31615309364985794,mtme_COMET-QE-src,0.16094543740844935,0.8324986400919704,0.09880774314325769,-0.022120517821279384,0.2698120970758106,0.1496169761666205,-0.006964247027919808,0.28824086751517414,0.10587685382476675,-0.05471520113868368,0.2841070929923057,0.03989669365903492,-0.5627291531565143,0.26802153082496
ende,35,Online-A vs Online-Y,0.01,90.08,221.98444444444485,179.9796825396829,dedup,dedup,0.5942058002062214,True,0.1892238981424409,-0.7883812575096658,0.31615309364985794,mtme_COMETKiwi-src,0.2212019357780735,0.9226539774777828,0.06346218973570228,-0.04708577555551976,0.16135974536542633,0.14057976080673484,0.0,0.2894792865088611,0.024903404200184776,-0.08767006750664906,0.15825948780179158,0.056230876079116365,-0.5157115089098663,0.1219621413889388
ende,35,Online-A vs Online-Y,0.01,90.08,221.98444444444485,179.9796825396829,dedup,dedup,0.5942058002062214,True,0.1892238981424409,-0.7883812575096658,0.31615309364985794,mtme_Cross-QE-src,0.18104921588548933,0.9403569774408737,0.0502076072078691,-0.07189355339537773,0.12307333968120994,0.11648051984703744,0.0,0.26624329283545317,0.05020760720786832,-0.02527760906336919,0.13679869646977524,0.05929353528288128,-0.4023973769040095,0.15234806807806783
ende,35,Online-A vs Online-Y,0.01,90.08,221.98444444444485,179.9796825396829,dedup,dedup,0.5942058002062214,True,0.1892238981424409,-0.7883812575096658,0.31615309364985794,mtme_HWTSC-TLM-src,0.08699134396363961,0.7686262691697412,0.018396609141067555,-0.10507134337068591,0.058029911047813756,0.040266670311992825,-0.02276893944823719,0.38176705423531143,0.03032573341611755,-0.05740556117830473,0.10363362004688033,0.0034197165993459233,-0.5219969949260428,0.019007807781156762
ende,35,Online-A vs Online-Y,0.01,90.08,221.98444444444485,179.9796825396829,dedup,dedup,0.5942058002062214,True,0.1892238981424409,-0.7883812575096658,0.31615309364985794,mtme_HWTSC-Teacher-Sim-src,0.0812335986442376,0.6922672434936012,0.0,-0.07222777568884585,0.21093169565377984,0.10587685382476941,-6.208060701395214e-05,0.27714431542962786,0.05382249335182232,-0.010724361797190692,0.23641481717362514,0.026597795772689947,-0.5680287893897896,0.056879489704081625
ende,35,Online-A vs Online-Y,0.01,90.08,221.98444444444485,179.9796825396829,dedup,dedup,0.5942058002062214,True,0.1892238981424409,-0.7883812575096658,0.31615309364985794,mtme_KG-BERTScore-src,0.06393954665521465,0.6378374846052578,0.01044385962436667,-0.0703652018882126,0.20997466521683592,0.059383856650214395,-0.004864600806407737,0.2377728267221395,0.023698442152200072,-0.024797504530830686,0.10440384499290223,0.01709858299672906,-0.5255671670575653,0.044086322021598144
ende,35,Online-A vs Online-Y,0.01,90.08,221.98444444444485,179.9796825396829,dedup,dedup,0.5942058002062214,True,0.1892238981424409,-0.7883812575096658,0.31615309364985794,mtme_MATESE-QE-src,0.13715463365776817,0.7648995070123706,-0.044386403403558816,-0.30829196633459627,0.055183420242809346,0.0016710175398989557,-0.07775914658580184,0.26373288990434507,-0.023297840700509997,-0.13678560356850766,0.18878960813681006,0.0681102814755391,-0.38037515865959953,0.1658433009244311
ende,35,Online-A vs Online-Y,0.01,90.08,221.98444444444485,179.9796825396829,dedup,dedup,0.5942058002062214,True,0.1892238981424409,-0.7883812575096658,0.31615309364985794,mtme_MATESE-refA,0.15421782395766054,0.9246232659550914,-0.02088771924873356,-0.11878529294113777,0.20220826811237722,0.026349358657766442,-0.045870221074725534,0.24486127555321047,0.03491385813729042,-0.08197448015010877,0.21363210225001172,0.06575914915749659,-0.11231263034658938,0.16238295517444154
ende,35,Online-A vs Online-Y,0.01,90.08,221.98444444444485,179.9796825396829,dedup,dedup,0.5942058002062214,True,0.1892238981424409,-0.7883812575096658,0.31615309364985794,mtme_MEE-refA,0.12774309466663225,0.8768362437607912,0.047148857393752186,-0.01805949541281748,0.20999916828248252,0.09720112707927842,0.0,0.3432496001832575,0.010443859624366891,-0.04694114949310707,0.17439237149172085,0.019948346829517405,-0.5796104500024878,0.2961951221670598
ende,35,Online-A vs Online-Y,0.01,90.08,221.98444444444485,179.9796825396829,dedup,dedup,0.5942058002062214,True,0.1892238981424409,-0.7883812575096658,0.31615309364985794,mtme_MEE2-refA,0.13406487071357004,0.8910462707906135,0.04452707183879645,-0.03246727909899256,0.16603282140896783,0.11648051984703589,0.0,0.2609174787380349,0.03936294877600344,-0.017438703178738555,0.21332189154167444,0.019948346829517405,-0.4733064113242084,0.29779719841947644
ende,35,Online-A vs Online-Y,0.01,90.08,221.98444444444485,179.9796825396829,dedup,dedup,0.5942058002062214,True,0.1892238981424409,-0.7883812575096658,0.31615309364985794,mtme_MEE4-refA,0.1494994276070568,0.89207408156182,0.034913858137290754,-0.04791052633286456,0.14006633019673423,0.1297351023748694,0.0,0.3556023741815462,0.03936294877600344,-0.05626843815051638,0.2141654946813766,0.008605169220576192,-0.582997056822724,0.2750034404836898
ende,35,Online-A vs Online-Y,0.01,90.08,221.98444444444485,179.9796825396829,dedup,dedup,0.5942058002062214,True,0.1892238981424409,-0.7883812575096658,0.31615309364985794,mtme_MS-COMET-22-refA,0.19971561752530329,0.9163007970087684,0.010443859624366891,-0.0679092058413861,0.37716781215639966,0.12405456700579753,0.0,0.4191899531722912,-0.016971271889595574,-0.10162625367557827,0.37716781215639966,-0.0012869901180334598,-0.5804090112416187,0.03866968394029171
ende,35,Online-A vs Online-Y,0.01,90.08,221.98444444444485,179.9796825396829,dedup,dedup,0.5942058002062214,True,0.1892238981424409,-0.7883812575096658,0.31615309364985794,mtme_MS-COMET-QE-22-src,0.1250580774044648,0.7522191383266835,-0.053229994214513576,-0.14125330443666403,0.3123477358064586,0.04225485769116799,0.0,0.3148564400747902,-0.007832894718274641,-0.10056949979692002,0.10855149782402336,-0.006649448943172542,-0.13801291445709132,0.22787258479548989
ende,35,Online-A vs Online-Y,0.01,90.08,221.98444444444485,179.9796825396829,dedup,dedup,0.5942058002062214,True,0.1892238981424409,-0.7883812575096658,0.31615309364985794,mtme_REUSE-src,-0.06203373377183945,-0.7189752875124902,-0.026109649060916507,-0.08273122441670115,0.05786636770724581,-0.01587466662903725,-0.05553515154171687,0.022875824215477753,-0.022048148095884956,-0.07727529088039162,0.02291705823540682,0.0,0.0,0.0
ende,35,Online-A vs Online-Y,0.01,90.08,221.98444444444485,179.9796825396829,dedup,dedup,0.5942058002062214,True,0.1892238981424409,-0.7883812575096658,0.31615309364985794,mtme_SEScore-refA,0.1248380595291294,0.8627443368691673,3.3306690738754696e-16,-0.11165583096333832,0.11468550071238853,0.05382249335182199,-0.013249936303544466,0.23788374590871303,0.0013054824530460696,-0.2609967008852016,0.06658273416100179,0.033032746362857024,-0.2036357549373229,0.08453536810912533
ende,35,Online-A vs Online-Y,0.01,90.08,221.98444444444485,179.9796825396829,dedup,dedup,0.5942058002062214,True,0.1892238981424409,-0.7883812575096658,0.31615309364985794,mtme_UniTE-ref-refA,0.25343249387005395,0.935537336231014,0.03695302468003381,-0.19002035142689236,0.21542170872956695,0.08466952178023612,-1.1102230246251329e-17,0.3279862129796779,0.06346218973570228,-0.030491195946815514,0.28620411541400403,0.06105688452141289,-0.5403029821135883,0.33024944163540904
ende,35,Online-A vs Online-Y,0.01,90.08,221.98444444444485,179.9796825396829,dedup,dedup,0.5942058002062214,True,0.1892238981424409,-0.7883812575096658,0.31615309364985794,mtme_UniTE-refA,0.24525491362572577,0.934069874660218,0.03316600110065304,-0.46614621076856455,0.15186623667308316,0.07861028405322634,-0.0070069491484463006,0.2792447756427395,0.0740658557579692,-0.45717488892778796,0.23333357525154985,0.07570624742613674,-0.5269410572559884,0.32107239031032686
ende,35,Online-A vs Online-Y,0.01,90.08,221.98444444444485,179.9796825396829,dedup,dedup,0.5942058002062214,True,0.1892238981424409,-0.7883812575096658,0.31615309364985794,mtme_UniTE-src-src,0.20855591678318486,0.8781288793774996,0.03316600110065304,-0.32084035651257026,0.15242171983097744,0.08997135479136986,0.0,0.30533780113106745,0.050207607207867544,-0.02485637901008904,0.28391252395300787,0.07570624742613674,-0.5302469375055486,0.3216494272822898
ende,35,Online-A vs Online-Y,0.01,90.08,221.98444444444485,179.9796825396829,dedup,dedup,0.5942058002062214,True,0.1892238981424409,-0.7883812575096658,0.31615309364985794,mtme_YiSi-1-refA,0.1469236362875865,0.9374352886959156,0.045789413031923853,-0.05457901706838265,0.15779951343399234,0.050207607207867544,-0.025313878519477605,0.3556023741815462,0.020384796520242165,-0.06310983449425261,0.13416930069406416,0.03280394811965093,-0.4160591123862215,0.07982088013594282
ende,35,Online-A vs Online-Y,0.01,90.08,221.98444444444485,179.9796825396829,dedup,dedup,0.5942058002062214,True,0.1892238981424409,-0.7883812575096658,0.31615309364985794,mtme_chrF-refA,0.13684403871943332,0.913148721285636,0.04026667031199316,-0.09037257089851314,0.13974959549272106,0.11269349626765635,0.0,0.25296921562349123,0.03936294877600344,-0.07969453889853657,0.22133313880601194,0.055414166958111966,-0.43508620999218783,0.09748448832617419
ende,35,Online-A vs Online-Y,0.01,90.08,221.98444444444485,179.9796825396829,dedup,dedup,0.5942058002062214,True,0.1892238981424409,-0.7883812575096658,0.31615309364985794,mtme_f101spBLEU-refA,0.11193928457572558,0.8322237271443311,0.05020760720786799,-0.011732571812571244,0.20682419936352636,0.09720112707927842,0.0,0.2526992337470826,0.010443859624367002,-0.042555517295812015,0.24752573293566701,0.014863474108267938,-0.5747281204927307,0.054993127053464354
ende,35,Online-A vs Online-Y,0.01,90.08,221.98444444444485,179.9796825396829,dedup,dedup,0.5942058002062214,True,0.1892238981424409,-0.7883812575096658,0.31615309364985794,mtme_f200spBLEU-refA,0.11487151143567212,0.8109386629133486,0.047148857393752186,-0.014823649597195575,0.1673090177064816,0.11166067165509697,0.0,0.2601019674610572,0.07406585575796498,-0.026259963753367747,0.25964343143072194,0.014863474108267938,-0.07520454408480678,0.05605652623512716
ende,35,Online-A vs Online-Y,0.01,90.08,221.98444444444485,179.9796825396829,dedup,dedup,0.5942058002062214,True,0.1892238981424409,-0.7883812575096658,0.31615309364985794,mtme_metricx_xl_DA_2019-refA,0.31854213407795967,0.9809205978427264,0.10587685382477097,-0.012131219191094363,0.24999453687937379,0.13601358883542436,0.0,0.30979517769525217,0.12708418586930437,0.0,0.2731027234037598,0.10196658685534432,-0.28193508651492877,0.3316436872017327
ende,35,Online-A vs Online-Y,0.01,90.08,221.98444444444485,179.9796825396829,dedup,dedup,0.5942058002062214,True,0.1892238981424409,-0.7883812575096658,0.31615309364985794,mtme_metricx_xl_MQM_2020-refA,0.35067461685200646,0.9616341585507984,0.1192709582739504,-0.029208372712361638,0.23711916529206753,0.17385792784691523,0.0,0.2726630037121036,0.14961697616662206,-0.013516441252798644,0.25867520096525487,0.09162160465595948,-0.45263083661045417,0.339139591017958
ende,35,Online-A vs Online-Y,0.01,90.08,221.98444444444485,179.9796825396829,dedup,dedup,0.5942058002062214,True,0.1892238981424409,-0.7883812575096658,0.31615309364985794,mtme_metricx_xxl_DA_2019-refA,0.36139848407168573,0.9781893317652096,0.08466952178023612,-0.051114488546458586,0.2408687952189964,0.17454620330300064,0.0,0.2836524751074019,0.11336179454637085,-0.015925406560325213,0.26009478072998327,0.11101844627980606,-0.34771625031406983,0.3213718831138533
ende,35,Online-A vs Online-Y,0.01,90.08,221.98444444444485,179.9796825396829,dedup,dedup,0.5942058002062214,True,0.1892238981424409,-0.7883812575096658,0.31615309364985794,mtme_metricx_xxl_MQM_2020-refA,0.38496844238777583,0.9670998023955928,0.10322593731920304,-0.04002912570115702,0.2538570413566417,0.14298968490270525,-7.182714603760478e-05,0.3140021374453284,0.14298968490270525,-0.31511030160867215,0.25065725926882854,0.09466424647930749,-0.3057206281764474,0.3426406209307657
ende,35,Online-A vs Online-Y,0.01,90.08,221.98444444444485,179.9796825396829,dedup,dedup,0.5942058002062214,True,0.1892238981424409,-0.7883812575096658,0.31615309364985794,comet22,0.2174971912091249,,0.1376878518915674,-0.034710911033266595,0.27591619640423215,0.16949884995837183,0.0,0.28233422282838005,0.12055885293252455,0.0,0.26510564474284065,0.0892704723379174,-0.4292855792573248,0.14664779145933599
ende,35,Online-A vs Online-Y,0.01,90.08,221.98444444444485,179.9796825396829,dedup,dedup,0.5942058002062214,True,0.1892238981424409,-0.7883812575096658,0.31615309364985794,qwen3_8b,0.14164509435108041,,-0.022048148095884734,-0.26438182764825985,0.11774153549441475,0.05816035672456732,-0.02139629872475811,0.22330716145496773,0.04225485769116777,-0.08455858896093058,0.1321530310477084,0.006649448943172431,-0.3894992131700445,0.037558533881281934
ende,35,Online-A vs Online-Y,0.01,90.08,221.98444444444485,179.9796825396829,dedup,dedup,0.5942058002062214,True,0.1892238981424409,-0.7883812575096658,0.31615309364985794,mistral_7b,0.036124999720968054,,-0.10652736816854169,-0.403386540183895,0.02091904998397454,0.010443859624366891,-0.029480651718975973,0.22902947328113682,0.019800035526367332,-0.2763302870380237,0.0579419756433746,-0.0039114405548072995,-0.09436157173251346,0.0059450966362073155
ende,35,Online-A vs Online-Y,0.02,90.08,109.73333333333332,109.25333333333336,weighted,weighted,0.17910085054678004,False,0.00437424058323177,0.0005366181329510198,0.007874595777869274,mtme_BERTScore-refA,0.14759179226514765,0.906706577010188,0.0,0.0,0.0,0.0,0.0,0.0,0.0,0.0,0.0,0.0,0.0,0.0
ende,35,Online-A vs Online-Y,0.02,90.08,109.73333333333332,109.25333333333336,weighted,weighted,0.17910085054678004,False,0.00437424058323177,0.0005366181329510198,0.007874595777869274,mtme_BLEU-refA,0.11442159258311482,0.8634063310084908,0.0,0.0,0.0,0.0,0.0,0.0,0.0,0.0,0.0,0.0,0.0,0.0
ende,35,Online-A vs Online-Y,0.02,90.08,109.73333333333332,109.25333333333336,weighted,weighted,0.17910085054678004,False,0.00437424058323177,0.0005366181329510198,0.007874595777869274,mtme_BLEURT-20-refA,0.2890465148506649,0.977419310947295,0.0,0.0,0.0,0.0,0.0,0.0,0.0,0.0,0.0,0.0,0.0,0.0
ende,35,Online-A vs Online-Y,0.02,90.08,109.73333333333332,109.25333333333336,weighted,weighted,0.17910085054678004,False,0.00437424058323177,0.0005366181329510198,0.007874595777869274,mtme_COMET-20-refA,0.19964766635765896,0.9858264490713564,0.0,0.0,0.0,0.0,0.0,0.0,0.0,0.0,0.0,0.0,0.0,0.0
ende,35,Online-A vs Online-Y,0.02,90.08,109.73333333333332,109.25333333333336,weighted,weighted,0.17910085054678004,False,0.00437424058323177,0.0005366181329510198,0.007874595777869274,mtme_COMET-22-refA,0.2836827680796556,0.9524733537563392,0.0,0.0,0.0,0.0,0.0,0.0,0.0,0.0,0.0,0.0,0.0,0.0
ende,35,Online-A vs Online-Y,0.02,90.08,109.73333333333332,109.25333333333336,weighted,weighted,0.17910085054678004,False,0.00437424058323177,0.0005366181329510198,0.007874595777869274,mtme_COMET-QE-src,0.16094543740844935,0.8324986400919704,0.0,0.0,0.0,0.0,0.0,0.0,0.0,0.0,0.0,0.0,0.0,0.0
ende,35,Online-A vs Online-Y,0.02,90.08,109.73333333333332,109.25333333333336,weighted,weighted,0.17910085054678004,False,0.00437424058323177,0.0005366181329510198,0.007874595777869274,mtme_COMETKiwi-src,0.2212019357780735,0.9226539774777828,0.0,0.0,0.0,0.0,0.0,0.0,0.0,0.0,0.0,0.0,0.0,0.0
ende,35,Online-A vs Online-Y,0.02,90.08,109.73333333333332,109.25333333333336,weighted,weighted,0.17910085054678004,False,0.00437424058323177,0.0005366181329510198,0.007874595777869274,mtme_Cross-QE-src,0.18104921588548933,0.9403569774408737,0.0,0.0,0.0,0.0,0.0,0.0,0.0,0.0,0.0,0.0,0.0,0.0
ende,35,Online-A vs Online-Y,0.02,90.08,109.73333333333332,109.25333333333336,weighted,weighted,0.17910085054678004,False,0.00437424058323177,0.0005366181329510198,0.007874595777869274,mtme_HWTSC-TLM-src,0.08699134396363961,0.7686262691697412,0.0,0.0,0.0,0.0,0.0,0.0,0.0,0.0,0.0,0.0,0.0,0.0
ende,35,Online-A vs Online-Y,0.02,90.08,109.73333333333332,109.25333333333336,weighted,weighted,0.17910085054678004,False,0.00437424058323177,0.0005366181329510198,0.007874595777869274,mtme_HWTSC-Teacher-Sim-src,0.0812335986442376,0.6922672434936012,0.0,0.0,0.0,0.0,0.0,0.0,0.0,0.0,0.0,0.0,0.0,0.0
ende,35,Online-A vs Online-Y,0.02,90.08,109.73333333333332,109.25333333333336,weighted,weighted,0.17910085054678004,False,0.00437424058323177,0.0005366181329510198,0.007874595777869274,mtme_KG-BERTScore-src,0.06393954665521465,0.6378374846052578,0.0,0.0,0.0,0.0,0.0,0.0,0.0,0.0,0.0,0.0,0.0,0.0
ende,35,Online-A vs Online-Y,0.02,90.08,109.73333333333332,109.25333333333336,weighted,weighted,0.17910085054678004,False,0.00437424058323177,0.0005366181329510198,0.007874595777869274,mtme_MATESE-QE-src,0.13715463365776817,0.7648995070123706,0.0,0.0,0.0,0.0,0.0,0.0,0.0,0.0,0.0,0.0,0.0,0.0
ende,35,Online-A vs Online-Y,0.02,90.08,109.73333333333332,109.25333333333336,weighted,weighted,0.17910085054678004,False,0.00437424058323177,0.0005366181329510198,0.007874595777869274,mtme_MATESE-refA,0.15421782395766054,0.9246232659550914,0.0,0.0,0.0,0.0,0.0,0.0,0.0,0.0,0.0,0.0,0.0,0.0
ende,35,Online-A vs Online-Y,0.02,90.08,109.73333333333332,109.25333333333336,weighted,weighted,0.17910085054678004,False,0.00437424058323177,0.0005366181329510198,0.007874595777869274,mtme_MEE-refA,0.12774309466663225,0.8768362437607912,0.0,0.0,0.0,0.0,0.0,0.0,0.0,0.0,0.0,0.0,0.0,0.0
ende,35,Online-A vs Online-Y,0.02,90.08,109.73333333333332,109.25333333333336,weighted,weighted,0.17910085054678004,False,0.00437424058323177,0.0005366181329510198,0.007874595777869274,mtme_MEE2-refA,0.13406487071357004,0.8910462707906135,0.0,0.0,0.0,0.0,0.0,0.0,0.0,0.0,0.0,0.0,0.0,0.0
ende,35,Online-A vs Online-Y,0.02,90.08,109.73333333333332,109.25333333333336,weighted,weighted,0.17910085054678004,False,0.00437424058323177,0.0005366181329510198,0.007874595777869274,mtme_MEE4-refA,0.1494994276070568,0.89207408156182,0.0,0.0,0.0,0.0,0.0,0.0,0.0,0.0,0.0,0.0,0.0,0.0
ende,35,Online-A vs Online-Y,0.02,90.08,109.73333333333332,109.25333333333336,weighted,weighted,0.17910085054678004,False,0.00437424058323177,0.0005366181329510198,0.007874595777869274,mtme_MS-COMET-22-refA,0.19971561752530329,0.9163007970087684,0.0,0.0,0.0,0.0,0.0,0.0,0.0,0.0,0.0,0.0,0.0,0.0
ende,35,Online-A vs Online-Y,0.02,90.08,109.73333333333332,109.25333333333336,weighted,weighted,0.17910085054678004,False,0.00437424058323177,0.0005366181329510198,0.007874595777869274,mtme_MS-COMET-QE-22-src,0.1250580774044648,0.7522191383266835,0.0,0.0,0.0,0.0,0.0,0.0,0.0,0.0,0.0,0.0,0.0,0.0
ende,35,Online-A vs Online-Y,0.02,90.08,109.73333333333332,109.25333333333336,weighted,weighted,0.17910085054678004,False,0.00437424058323177,0.0005366181329510198,0.007874595777869274,mtme_REUSE-src,-0.06203373377183945,-0.7189752875124902,0.0,0.0,0.0,0.0,0.0,0.0,0.0,0.0,0.0,0.0,0.0,0.0
ende,35,Online-A vs Online-Y,0.02,90.08,109.73333333333332,109.25333333333336,weighted,weighted,0.17910085054678004,False,0.00437424058323177,0.0005366181329510198,0.007874595777869274,mtme_SEScore-refA,0.1248380595291294,0.8627443368691673,0.0,0.0,0.0,0.0,0.0,0.0,0.0,0.0,0.0,0.0,0.0,0.0
ende,35,Online-A vs Online-Y,0.02,90.08,109.73333333333332,109.25333333333336,weighted,weighted,0.17910085054678004,False,0.00437424058323177,0.0005366181329510198,0.007874595777869274,mtme_UniTE-ref-refA,0.25343249387005395,0.935537336231014,0.0,0.0,0.0,0.0,0.0,0.0,0.0,0.0,0.0,0.0,0.0,0.0
ende,35,Online-A vs Online-Y,0.02,90.08,109.73333333333332,109.25333333333336,weighted,weighted,0.17910085054678004,False,0.00437424058323177,0.0005366181329510198,0.007874595777869274,mtme_UniTE-refA,0.24525491362572577,0.934069874660218,0.0,0.0,0.0,0.0,0.0,0.0,0.0,0.0,0.0,0.0,0.0,0.0
ende,35,Online-A vs Online-Y,0.02,90.08,109.73333333333332,109.25333333333336,weighted,weighted,0.17910085054678004,False,0.00437424058323177,0.0005366181329510198,0.007874595777869274,mtme_UniTE-src-src,0.20855591678318486,0.8781288793774996,0.0,0.0,0.0,0.0,0.0,0.0,0.0,0.0,0.0,0.0,0.0,0.0
ende,35,Online-A vs Online-Y,0.02,90.08,109.73333333333332,109.25333333333336,weighted,weighted,0.17910085054678004,False,0.00437424058323177,0.0005366181329510198,0.007874595777869274,mtme_YiSi-1-refA,0.1469236362875865,0.9374352886959156,0.0,0.0,0.0,0.0,0.0,0.0,0.0,0.0,0.0,0.0,0.0,0.0
ende,35,Online-A vs Online-Y,0.02,90.08,109.73333333333332,109.25333333333336,weighted,weighted,0.17910085054678004,False,0.00437424058323177,0.0005366181329510198,0.007874595777869274,mtme_chrF-refA,0.13684403871943332,0.913148721285636,0.0,0.0,0.0,0.0,0.0,0.0,0.0,0.0,0.0,0.0,0.0,0.0
ende,35,Online-A vs Online-Y,0.02,90.08,109.73333333333332,109.25333333333336,weighted,weighted,0.17910085054678004,False,0.00437424058323177,0.0005366181329510198,0.007874595777869274,mtme_f101spBLEU-refA,0.11193928457572558,0.8322237271443311,0.0,0.0,0.0,0.0,0.0,0.0,0.0,0.0,0.0,0.0,0.0,0.0
ende,35,Online-A vs Online-Y,0.02,90.08,109.73333333333332,109.25333333333336,weighted,weighted,0.17910085054678004,False,0.00437424058323177,0.0005366181329510198,0.007874595777869274,mtme_f200spBLEU-refA,0.11487151143567212,0.8109386629133486,0.0,0.0,0.0,0.0,0.0,0.0,0.0,0.0,0.0,0.0,0.0,0.0
ende,35,Online-A vs Online-Y,0.02,90.08,109.73333333333332,109.25333333333336,weighted,weighted,0.17910085054678004,False,0.00437424058323177,0.0005366181329510198,0.007874595777869274,mtme_metricx_xl_DA_2019-refA,0.31854213407795967,0.9809205978427264,0.0,0.0,0.0,0.0,0.0,0.0,0.0,0.0,0.0,0.0,0.0,0.0
ende,35,Online-A vs Online-Y,0.02,90.08,109.73333333333332,109.25333333333336,weighted,weighted,0.17910085054678004,False,0.00437424058323177,0.0005366181329510198,0.007874595777869274,mtme_metricx_xl_MQM_2020-refA,0.35067461685200646,0.9616341585507984,0.0,0.0,0.0,0.0,0.0,0.0,0.0,0.0,0.0,0.0,0.0,0.0
ende,35,Online-A vs Online-Y,0.02,90.08,109.73333333333332,109.25333333333336,weighted,weighted,0.17910085054678004,False,0.00437424058323177,0.0005366181329510198,0.007874595777869274,mtme_metricx_xxl_DA_2019-refA,0.36139848407168573,0.9781893317652096,0.0,0.0,0.0,0.0,0.0,0.0,0.0,0.0,0.0,0.0,0.0,0.0
ende,35,Online-A vs Online-Y,0.02,90.08,109.73333333333332,109.25333333333336,weighted,weighted,0.17910085054678004,False,0.00437424058323177,0.0005366181329510198,0.007874595777869274,mtme_metricx_xxl_MQM_2020-refA,0.38496844238777583,0.9670998023955928,0.0,0.0,0.0,0.0,0.0,0.0,0.0,0.0,0.0,0.0,0.0,0.0
ende,35,Online-A vs Online-Y,0.02,90.08,109.73333333333332,109.25333333333336,weighted,weighted,0.17910085054678004,False,0.00437424058323177,0.0005366181329510198,0.007874595777869274,comet22,0.2174971912091249,,0.0,0.0,0.0,0.0,0.0,0.0,0.0,0.0,0.0,0.0,0.0,0.0
ende,35,Online-A vs Online-Y,0.02,90.08,109.73333333333332,109.25333333333336,weighted,weighted,0.17910085054678004,False,0.00437424058323177,0.0005366181329510198,0.007874595777869274,qwen3_8b,0.14164509435108041,,0.0,0.0,0.0,0.0,0.0,0.0,0.0,0.0,0.0,0.0,0.0,0.0
ende,35,Online-A vs Online-Y,0.02,90.08,109.73333333333332,109.25333333333336,weighted,weighted,0.17910085054678004,False,0.00437424058323177,0.0005366181329510198,0.007874595777869274,mistral_7b,0.036124999720968054,,0.0,0.0,0.0,0.0,0.0,0.0,0.0,0.0,0.0,0.0,0.0,0.0
ende,45,Online-G vs Online-Y,0.01,89.89333333333333,225.7488888888892,190.92234234234252,weighted,weighted,0.6017994428420965,True,0.15427117589795925,0.015735096817636702,0.33796910220123016,mtme_BERTScore-refA,0.18097030114875978,0.906706577010188,-0.005405291902089271,-0.04768871312035149,0.03196848971459107,-0.0018965936498556157,-0.05654471582293533,0.02982327446796013,-0.01306063354332565,-0.06465465713808767,0.018742781029422156,-0.003491456491780065,-0.05915806771439401,0.024536213272175814
ende,45,Online-G vs Online-Y,0.01,89.89333333333333,225.7488888888892,190.92234234234252,weighted,weighted,0.6017994428420965,True,0.15427117589795925,0.015735096817636702,0.33796910220123016,mtme_BLEU-refA,0.12311488734502371,0.8634063310084908,-0.01593138665878957,-0.09212520007251988,0.010790349514407235,0.007336822803389986,-0.03386322671876993,0.04398488851483036,-0.005405291902089271,-0.05277791919673934,0.023207133850559832,-0.005689780949567735,-0.06624854541905602,0.028135546674914313
ende,45,Online-G vs Online-Y,0.01,89.89333333333333,225.7488888888892,190.92234234234252,weighted,weighted,0.6017994428420965,True,0.15427117589795925,0.015735096817636702,0.33796910220123016,mtme_BLEURT-20-refA,0.3524770649331097,0.977419310947295,0.016930567703591803,-0.24327832854522238,0.10038865521670462,0.05719727165091748,-0.07050568775228547,0.11994601839888396,0.021494728031700494,-0.23269709418043852,0.07850147631848976,0.04020778537694536,-0.12735052003875408,0.09695628934818958
ende,45,Online-G vs Online-Y,0.01,89.89333333333333,225.7488888888892,190.92234234234252,weighted,weighted,0.6017994428420965,True,0.15427117589795925,0.015735096817636702,0.33796910220123016,mtme_COMET-20-refA,0.29350806594333445,0.9858264490713564,0.00036708264190732365,-0.24691671467138335,0.0638238532337277,0.007336822803389986,-0.13114220020107617,0.05881916108234938,-0.003743276940505025,-0.239098870680323,0.04636664954306514,0.012138199359077895,-0.2480731562031833,0.04805689702254549
ende,45,Online-G vs Online-Y,0.01,89.89333333333333,225.7488888888892,190.92234234234252,weighted,weighted,0.6017994428420965,True,0.15427117589795925,0.015735096817636702,0.33796910220123016,mtme_COMET-22-refA,0.3372724445091759,0.9524733537563392,0.06048026416762675,-0.026476233792894998,0.1689252624461451,0.06827737139481227,-0.012263795681359484,0.21846911862165194,0.034593868173370956,-0.054098300025801585,0.1717545824777039,0.03503707216312746,-0.021717256698988868,0.16459836193753086
ende,45,Online-G vs Online-Y,0.01,89.89333333333333,225.7488888888892,190.92234234234252,weighted,weighted,0.6017994428420965,True,0.15427117589795925,0.015735096817636702,0.33796910220123016,mtme_COMET-QE-src,0.21697545385537598,0.8324986400919704,0.0063591669436343645,-0.1532039437411061,0.05587879421493056,0.03820281494709743,-0.010123893410322254,0.11014791082511405,0.017069342848703095,-0.10947972325622726,0.06098948255930135,0.006661206965347666,-0.1190233108273837,0.038114521980010564
ende,45,Online-G vs Online-Y,0.01,89.89333333333333,225.7488888888892,190.92234234234252,weighted,weighted,0.6017994428420965,True,0.15427117589795925,0.015735096817636702,0.33796910220123016,mtme_COMETKiwi-src,0.26066197930007695,0.9226539774777828,0.012876872675337436,-0.08542955888883329,0.09405477916809295,0.028448904747838455,-0.029143738926380006,0.13262124639154452,0.024934628278987736,-0.057228646542126095,0.07863581298697181,0.014297398283529161,-0.04275408622374727,0.13250114695877152
ende,45,Online-G vs Online-Y,0.01,89.89333333333333,225.7488888888892,190.92234234234252,weighted,weighted,0.6017994428420965,True,0.15427117589795925,0.015735096817636702,0.33796910220123016,mtme_Cross-QE-src,0.24939604245171715,0.9403569774408737,0.043510089614341,-0.0406331708785027,0.12905058178220394,0.04790428476894082,-0.0004273710567051571,0.22207422086733541,0.0063591669436343645,-0.24862585023067207,0.06558102877278318,0.028177962797859224,-0.017342714557560795,0.21198104351947444
ende,45,Online-G vs Online-Y,0.01,89.89333333333333,225.7488888888892,190.92234234234252,weighted,weighted,0.6017994428420965,True,0.15427117589795925,0.015735096817636702,0.33796910220123016,mtme_HWTSC-TLM-src,0.11570626507743971,0.7686262691697412,-0.023825957726314906,-0.2803546294230999,0.005214794599095495,-0.0039015640797037676,-0.04518179989600868,0.032945602251227585,-0.01137956189913547,-0.22313487490059922,0.011218397819298334,-0.01840811483683691,-0.07173598528515636,0.01315098118086738
ende,45,Online-G vs Online-Y,0.01,89.89333333333333,225.7488888888892,190.92234234234252,weighted,weighted,0.6017994428420965,True,0.15427117589795925,0.015735096817636702,0.33796910220123016,mtme_HWTSC-Teacher-Sim-src,0.14002884016394634,0.6922672434936012,-0.012216294391718785,-0.1371173085087614,0.02883220858465661,-0.013592254490633948,-0.07915077707360177,0.007834308008300187,-0.019440084911023003,-0.22972176254798063,0.0031147161724436527,-0.018090585583240948,-0.0722063465248007,0.0015967328183625112
ende,45,Online-G vs Online-Y,0.01,89.89333333333333,225.7488888888892,190.92234234234252,weighted,weighted,0.6017994428420965,True,0.15427117589795925,0.015735096817636702,0.33796910220123016,mtme_KG-BERTScore-src,0.13116790273943058,0.6378374846052578,-0.02679703285925439,-0.1994422460119958,0.00511757777888363,-0.007744424070245115,-0.05264001443538023,0.013241288772158416,-0.027961209237875595,-0.26557277920822636,0.0002223205764200776,-0.019440084911023003,-0.08414902140986871,0.0068197534945438724
ende,45,Online-G vs Online-Y,0.01,89.89333333333333,225.7488888888892,190.92234234234252,weighted,weighted,0.6017994428420965,True,0.15427117589795925,0.015735096817636702,0.33796910220123016,mtme_MATESE-QE-src,0.12620263536151288,0.7648995070123706,-0.013877514511140498,-0.30525358656338525,0.017962173509964142,-0.003608153772896472,-0.056819781132949596,0.020889338717998647,-0.016933871873713313,-0.08189010486042174,0.013217760830621874,-0.008742834142018596,-0.05761458613723022,0.014336082254468484
ende,45,Online-G vs Online-Y,0.01,89.89333333333333,225.7488888888892,190.92234234234252,weighted,weighted,0.6017994428420965,True,0.15427117589795925,0.015735096817636702,0.33796910220123016,mtme_MATESE-refA,0.16779391634629906,0.9246232659550914,0.0035014036612724952,-0.05482005906207138,0.05292921529109229,0.007336822803389986,-0.034358353928575426,0.046444392504888896,0.022225706834248626,-0.018244480878565682,0.08458606743621162,0.012876872675337436,-0.03369432324178686,0.054175800901963105
ende,45,Online-G vs Online-Y,0.01,89.89333333333333,225.7488888888892,190.92234234234252,weighted,weighted,0.6017994428420965,True,0.15427117589795925,0.015735096817636702,0.33796910220123016,mtme_MEE-refA,0.1596279540168464,0.8768362437607912,-0.0018965936498558378,-0.10427586138958263,0.0296114004313816,-0.00014224452373912122,-0.0540408159469202,0.03231977326544474,-0.0018965936498558378,-0.10990329152832408,0.03128993380649215,-0.009283326812452586,-0.2233975709916863,0.027663246787917727
ende,45,Online-G vs Online-Y,0.01,89.89333333333333,225.7488888888892,190.92234234234252,weighted,weighted,0.6017994428420965,True,0.15427117589795925,0.015735096817636702,0.33796910220123016,mtme_MEE2-refA,0.15430412919282163,0.8910462707906135,-0.010056357027142804,-0.08617337377731234,0.02282255352135175,0.008899400972400717,-0.038156431119317005,0.0439656893302402,-0.003608153772896472,-0.08755968727909225,0.025019507106368206,-0.005689780949567735,-0.05431274024567012,0.028131471684108966
ende,45,Online-G vs Online-Y,0.01,89.89333333333333,225.7488888888892,190.92234234234252,weighted,weighted,0.6017994428420965,True,0.15427117589795925,0.015735096817636702,0.33796910220123016,mtme_MEE4-refA,0.17051100333096256,0.89207408156182,-0.014952215053515072,-0.10316516404666927,0.018937442902744146,0.014297398283529161,-0.033929488367515845,0.053735694275215046,-0.003608153772896472,-0.23307032303075845,0.027120617778365653,-0.00014224452373912122,-0.06716520698621037,0.03248861999593645
ende,45,Online-G vs Online-Y,0.01,89.89333333333333,225.7488888888892,190.92234234234252,weighted,weighted,0.6017994428420965,True,0.15427117589795925,0.015735096817636702,0.33796910220123016,mtme_MS-COMET-22-refA,0.22233162602429837,0.9163007970087684,0.02753119814306937,-0.13046898959726283,0.07357213033233519,0.04488604971325627,-0.031007959350507187,0.0889865576560154,0.02316553672323962,-0.16954141858290137,0.07028626963278427,0.01179588733446979,-0.06879629623770693,0.043356445615413276
ende,45,Online-G vs Online-Y,0.01,89.89333333333333,225.7488888888892,190.92234234234252,weighted,weighted,0.6017994428420965,True,0.15427117589795925,0.015735096817636702,0.33796910220123016,mtme_MS-COMET-QE-22-src,0.14020693010078744,0.7522191383266835,-0.00014224452373912122,-0.05764052739483763,0.04080966944755286,0.026172992368011294,-0.012111007404549434,0.06745043374288512,-0.005689780949567735,-0.24417041667240458,0.029963132112197095,-0.0018965936498556157,-0.039762025505911416,0.023086057406246783
ende,45,Online-G vs Online-Y,0.01,89.89333333333333,225.7488888888892,190.92234234234252,weighted,weighted,0.6017994428420965,True,0.15427117589795925,0.015735096817636702,0.33796910220123016,mtme_REUSE-src,-0.03560845041185806,-0.7189752875124902,-0.013877514511140498,-0.06051018324980771,0.0030615887376522,-0.003491456491780065,-0.036178233213621465,0.19410431116625101,-0.010056357027142804,-0.07694794173371354,0.004169260808099738,-0.003743276940505025,-0.013189027205318143,0.0029605889551030783
ende,45,Online-G vs Online-Y,0.01,89.89333333333333,225.7488888888892,190.92234234234252,weighted,weighted,0.6017994428420965,True,0.15427117589795925,0.015735096817636702,0.33796910220123016,mtme_SEScore-refA,0.1257441939445936,0.8627443368691673,-0.0018965936498560598,-0.1414709340240719,0.03429986511892693,0.015646897611311106,-0.01514013273310717,0.1671413503547056,0.020740169267778774,-0.028603474293996557,0.08495919911411191,0.017069342848703095,-0.035648116289932245,0.07789889686124979
ende,45,Online-G vs Online-Y,0.01,89.89333333333333,225.7488888888892,190.92234234234252,weighted,weighted,0.6017994428420965,True,0.15427117589795925,0.015735096817636702,0.33796910220123016,mtme_UniTE-ref-refA,0.31029783612371753,0.935537336231014,0.048540943725999375,-0.0842618988871023,0.11508427627850887,0.0612599748903454,-0.019334373318495666,0.16505265606293204,0.04790428476894082,-0.1038841900097634,0.12303658758957667,0.06189792002711536,-0.043663373851734216,0.1294937205631693
ende,45,Online-G vs Online-Y,0.01,89.89333333333333,225.7488888888892,190.92234234234252,weighted,weighted,0.6017994428420965,True,0.15427117589795925,0.015735096817636702,0.33796910220123016,mtme_UniTE-refA,0.30257291977020606,0.934069874660218,0.06827737139481227,-0.10287163442396138,0.12774145040331192,0.06048026416762653,-0.03168410661619058,0.13609086504565526,0.04488604971325594,-0.06766572977609721,0.10811629563967495,0.039038219292867216,-0.01651133955426875,0.11900510343595323
ende,45,Online-G vs Online-Y,0.01,89.89333333333333,225.7488888888892,190.92234234234252,weighted,weighted,0.6017994428420965,True,0.15427117589795925,0.015735096817636702,0.33796910220123016,mtme_UniTE-src-src,0.2222923152092362,0.8781288793774996,0.041113255893650336,-0.03297145438965354,0.11488650316549767,0.05551846865941801,-0.013822039302222243,0.11489583048736347,0.019155595863544428,-0.05747370590252399,0.08276938523279663,0.02395697241923256,-0.02491024414173148,0.07698273233170685
ende,45,Online-G vs Online-Y,0.01,89.89333333333333,225.7488888888892,190.92234234234252,weighted,weighted,0.6017994428420965,True,0.15427117589795925,0.015735096817636702,0.33796910220123016,mtme_YiSi-1-refA,0.17102662229585736,0.9374352886959156,-0.02528791533141206,-0.1119440086246026,0.01773179340936864,0.012876872675337436,-0.04082303827948533,0.06937181591197845,-0.009283326812452586,-0.23536488862087535,0.032934427358797244,-0.01984807307988712,-0.17999462753317455,0.010654372351527415
ende,45,Online-G vs Online-Y,0.01,89.89333333333333,225.7488888888892,190.92234234234252,weighted,weighted,0.6017994428420965,True,0.15427117589795925,0.015735096817636702,0.33796910220123016,mtme_chrF-refA,0.14911174068531619,0.913148721285636,-0.017069342848703206,-0.07009368513459771,0.01647155955477711,0.007336822803389986,-0.04323861909399648,0.04736965219726176,0.005689780949567624,-0.05183985548759325,0.037321880758707744,-0.005405291902089271,-0.0765957514946943,0.02264243198920226
ende,45,Online-G vs Online-Y,0.01,89.89333333333333,225.7488888888892,190.92234234234252,weighted,weighted,0.6017994428420965,True,0.15427117589795925,0.015735096817636702,0.33796910220123016,mtme_f101spBLEU-refA,0.13528647487020953,0.8322237271443311,-0.003608153772896472,-0.06105627992032157,0.02505884066897105,0.0051208028546110285,-0.03687741291092743,0.03441896507024987,-0.00014224452373912122,-0.061133844513296814,0.02683972879719546,-0.013877514511140498,-0.08044654649958355,0.008809126843241984
ende,45,Online-G vs Online-Y,0.01,89.89333333333333,225.7488888888892,190.92234234234252,weighted,weighted,0.6017994428420965,True,0.15427117589795925,0.015735096817636702,0.33796910220123016,mtme_f200spBLEU-refA,0.1311112321927253,0.8109386629133486,-0.005160499000770535,-0.09026552159520765,0.02215869344793556,0.0031158324247634317,-0.04029804685581742,0.03104034627143579,-0.0018965936498558378,-0.11109544576074638,0.026079334439475632,-0.01066833928043942,-0.10865422497299868,0.012372214156493765
ende,45,Online-G vs Online-Y,0.01,89.89333333333333,225.7488888888892,190.92234234234252,weighted,weighted,0.6017994428420965,True,0.15427117589795925,0.015735096817636702,0.33796910220123016,mtme_metricx_xl_DA_2019-refA,0.399374244435881,0.9809205978427264,0.07743685466191064,-0.02753785481824659,0.21103686575375194,0.08293254462216904,-0.004900004954918801,0.2333961763038526,0.055119752948936784,-0.01848622022080997,0.2137630361803889,0.041962134503061854,-0.018066367176937107,0.22058535814283245
ende,45,Online-G vs Online-Y,0.01,89.89333333333333,225.7488888888892,190.92234234234252,weighted,weighted,0.6017994428420965,True,0.15427117589795925,0.015735096817636702,0.33796910220123016,mtme_metricx_xl_MQM_2020-refA,0.4318262393523642,0.9616341585507984,0.12227011486402606,-0.014459549636376546,0.2310019095754801,0.190403814956129,0.008988937678973413,0.25781043174498863,0.08659633792900778,-0.006352643236804948,0.24444294698848423,0.13591663244415664,-0.0027031897763130732,0.23983781778029856
ende,45,Online-G vs Online-Y,0.01,89.89333333333333,225.7488888888892,190.92234234234252,weighted,weighted,0.6017994428420965,True,0.15427117589795925,0.015735096817636702,0.33796910220123016,mtme_metricx_xxl_DA_2019-refA,0.42280175944237175,0.9781893317652096,0.026172992368011294,-0.06844153891270222,0.11010342941729788,0.06827737139481205,-0.019710404852958593,0.17541897695499528,0.036380114556326726,-0.05166515037576347,0.12340963809246781,0.06827737139481227,-0.1279774186799766,0.1344463341561782
ende,45,Online-G vs Online-Y,0.01,89.89333333333333,225.7488888888892,190.92234234234252,weighted,weighted,0.6017994428420965,True,0.15427117589795925,0.015735096817636702,0.33796910220123016,mtme_metricx_xxl_MQM_2020-refA,0.4348665838864689,0.9670998023955928,0.07874535227149593,-0.016557594818160666,0.21052496573772375,0.15620841075895986,0.004919498086482342,0.2605413394813839,0.1049153044632064,-0.010762927485109541,0.24481106458486676,0.11224289107688479,0.003698023859618741,0.2467144733149923
ende,45,Online-G vs Online-Y,0.01,89.89333333333333,225.7488888888892,190.92234234234252,weighted,weighted,0.6017994428420965,True,0.15427117589795925,0.015735096817636702,0.33796910220123016,comet22,0.2630695649129109,,0.0015265265962255414,-0.27418545434152053,0.0449232838501949,0.05469531364423119,-0.01642640359250043,0.13449806603313558,0.014297398283529161,-0.22669421782096083,0.06369347895533403,0.020909944989661478,-0.08455446331432806,0.07669927820407256
ende,45,Online-G vs Online-Y,0.01,89.89333333333333,225.7488888888892,190.92234234234252,weighted,weighted,0.6017994428420965,True,0.15427117589795925,0.015735096817636702,0.33796910220123016,qwen3_8b,0.21587478154741174,,-0.0040895300575019,-0.20912838875506515,0.05708327502876079,0.031126448724105527,-0.017518360913445708,0.1346751221341248,0.01213819935907745,-0.04341994648044079,0.1019533099938536,-0.003491456491780065,-0.11005292985115193,0.026453807902692698
ende,45,Online-G vs Online-Y,0.01,89.89333333333333,225.7488888888892,190.92234234234252,weighted,weighted,0.6017994428420965,True,0.15427117589795925,0.015735096817636702,0.33796910220123016,mistral_7b,0.04442709016336898,,-0.04450221528411924,-0.30234545417330827,0.010486305639718254,-0.0060244739466011055,-0.04576519629708688,0.01218801852626328,-0.015931386658789792,-0.22288612831795426,0.032867865217950876,-0.0018965936498558378,-0.015679256455545496,0.007020428404189528
ende,45,Online-G vs Online-Y,0.02,89.89333333333333,109.54666666666672,109.1266666666667,dedup,dedup,0.17940603700097413,False,0.0038339824732233074,-0.0007743999287535044,0.007508431511103781,mtme_BERTScore-refA,0.18097030114875978,0.906706577010188,0.0,0.0,6.661338147750939e-16,0.0,0.0,8.049116928532448e-16,0.0,0.0,6.689093723366574e-16,0.0,0.0,0.0
ende,45,Online-G vs Online-Y,0.02,89.89333333333333,109.54666666666672,109.1266666666667,dedup,dedup,0.17940603700097413,False,0.0038339824732233074,-0.0007743999287535044,0.007508431511103781,mtme_BLEU-refA,0.12311488734502371,0.8634063310084908,0.0,0.0,8.049116928532448e-16,0.0,0.0,8.049116928532448e-16,0.0,0.0,8.049116928532448e-16,0.0,0.0,0.0
ende,45,Online-G vs Online-Y,0.02,89.89333333333333,109.54666666666672,109.1266666666667,dedup,dedup,0.17940603700097413,False,0.0038339824732233074,-0.0007743999287535044,0.007508431511103781,mtme_BLEURT-20-refA,0.3524770649331097,0.977419310947295,0.0,0.0,7.938094626069907e-16,0.0,0.0,8.049116928532448e-16,0.0,0.0,7.938094626069907e-16,0.0,0.0,0.0
ende,45,Online-G vs Online-Y,0.02,89.89333333333333,109.54666666666672,109.1266666666667,dedup,dedup,0.17940603700097413,False,0.0038339824732233074,-0.0007743999287535044,0.007508431511103781,mtme_COMET-20-refA,0.29350806594333445,0.9858264490713564,0.0,-0.008544276967934632,0.0,0.0,0.0,6.689093723366574e-16,0.0,-0.004248134794894858,0.0,0.0,0.0,0.0
ende,45,Online-G vs Online-Y,0.02,89.89333333333333,109.54666666666672,109.1266666666667,dedup,dedup,0.17940603700097413,False,0.0038339824732233074,-0.0007743999287535044,0.007508431511103781,mtme_COMET-22-refA,0.3372724445091759,0.9524733537563392,0.0,0.0,8.049116928532448e-16,0.0,0.0,8.049116928532448e-16,0.0,0.0,8.049116928532448e-16,0.0,0.0,0.0
ende,45,Online-G vs Online-Y,0.02,89.89333333333333,109.54666666666672,109.1266666666667,dedup,dedup,0.17940603700097413,False,0.0038339824732233074,-0.0007743999287535044,0.007508431511103781,mtme_COMET-QE-src,0.21697545385537598,0.8324986400919704,0.0,0.0,6.689093723366574e-16,0.0,0.0,8.049116928532448e-16,0.0,0.0,6.689093723366574e-16,0.0,0.0,0.0
ende,45,Online-G vs Online-Y,0.02,89.89333333333333,109.54666666666672,109.1266666666667,dedup,dedup,0.17940603700097413,False,0.0038339824732233074,-0.0007743999287535044,0.007508431511103781,mtme_COMETKiwi-src,0.26066197930007695,0.9226539774777828,0.0,0.0,6.966649479522927e-16,0.0,0.0,8.049116928532448e-16,0.0,0.0,6.966649479522927e-16,0.0,0.0,0.0
ende,45,Online-G vs Online-Y,0.02,89.89333333333333,109.54666666666672,109.1266666666667,dedup,dedup,0.17940603700097413,False,0.0038339824732233074,-0.0007743999287535044,0.007508431511103781,mtme_Cross-QE-src,0.24939604245171715,0.9403569774408737,0.0,0.0,8.049116928532448e-16,0.0,0.0,8.049116928532448e-16,0.0,0.0,8.049116928532448e-16,0.0,0.0,0.0
ende,45,Online-G vs Online-Y,0.02,89.89333333333333,109.54666666666672,109.1266666666667,dedup,dedup,0.17940603700097413,False,0.0038339824732233074,-0.0007743999287535044,0.007508431511103781,mtme_HWTSC-TLM-src,0.11570626507743971,0.7686262691697412,0.0,0.0,6.689093723366574e-16,0.0,0.0,7.910339050454272e-16,0.0,0.0,7.910339050454272e-16,0.0,0.0,0.0
ende,45,Online-G vs Online-Y,0.02,89.89333333333333,109.54666666666672,109.1266666666667,dedup,dedup,0.17940603700097413,False,0.0038339824732233074,-0.0007743999287535044,0.007508431511103781,mtme_HWTSC-Teacher-Sim-src,0.14002884016394634,0.6922672434936012,0.0,0.0,8.049116928532448e-16,0.0,0.0,8.049116928532448e-16,0.0,0.0,8.049116928532448e-16,0.0,0.0,0.0
ende,45,Online-G vs Online-Y,0.02,89.89333333333333,109.54666666666672,109.1266666666667,dedup,dedup,0.17940603700097413,False,0.0038339824732233074,-0.0007743999287535044,0.007508431511103781,mtme_KG-BERTScore-src,0.13116790273943058,0.6378374846052578,0.0,-2.220446049250313e-16,0.0,0.0,0.0,8.049116928532448e-16,0.0,0.0,2.7755575615635224e-18,0.0,0.0,0.0
ende,45,Online-G vs Online-Y,0.02,89.89333333333333,109.54666666666672,109.1266666666667,dedup,dedup,0.17940603700097413,False,0.0038339824732233074,-0.0007743999287535044,0.007508431511103781,mtme_MATESE-QE-src,0.12620263536151288,0.7648995070123706,0.0,0.0,8.049116928532448e-16,0.0,0.0,8.049116928532448e-16,0.0,0.0,8.049116928532448e-16,0.0,0.0,0.0
ende,45,Online-G vs Online-Y,0.02,89.89333333333333,109.54666666666672,109.1266666666667,dedup,dedup,0.17940603700097413,False,0.0038339824732233074,-0.0007743999287535044,0.007508431511103781,mtme_MATESE-refA,0.16779391634629906,0.9246232659550914,0.0,0.0,8.049116928532448e-16,0.0,0.0,8.049116928532448e-16,0.0,-5.551115123125664e-18,6.689093723366574e-16,0.0,-1.1102230246251329e-17,0.0
ende,45,Online-G vs Online-Y,0.02,89.89333333333333,109.54666666666672,109.1266666666667,dedup,dedup,0.17940603700097413,False,0.0038339824732233074,-0.0007743999287535044,0.007508431511103781,mtme_MEE-refA,0.1596279540168464,0.8768362437607912,0.0,0.0,8.049116928532448e-16,0.0,0.0,8.049116928532448e-16,0.0,0.0,8.049116928532448e-16,0.0,0.0,0.0
ende,45,Online-G vs Online-Y,0.02,89.89333333333333,109.54666666666672,109.1266666666667,dedup,dedup,0.17940603700097413,False,0.0038339824732233074,-0.0007743999287535044,0.007508431511103781,mtme_MEE2-refA,0.15430412919282163,0.8910462707906135,0.0,0.0,8.049116928532448e-16,0.0,0.0,8.049116928532448e-16,0.0,0.0,8.049116928532448e-16,0.0,0.0,0.0
ende,45,Online-G vs Online-Y,0.02,89.89333333333333,109.54666666666672,109.1266666666667,dedup,dedup,0.17940603700097413,False,0.0038339824732233074,-0.0007743999287535044,0.007508431511103781,mtme_MEE4-refA,0.17051100333096256,0.89207408156182,0.0,0.0,6.689093723366574e-16,0.0,0.0,8.049116928532448e-16,0.0,0.0,8.049116928532448e-16,0.0,0.0,0.0
ende,45,Online-G vs Online-Y,0.02,89.89333333333333,109.54666666666672,109.1266666666667,dedup,dedup,0.17940603700097413,False,0.0038339824732233074,-0.0007743999287535044,0.007508431511103781,mtme_MS-COMET-22-refA,0.22233162602429837,0.9163007970087684,0.0,-0.0151635854354416,0.0,0.0,0.0,6.689093723366574e-16,0.0,-0.013809529291175815,0.0,0.0,-0.0033430823065545563,0.0
ende,45,Online-G vs Online-Y,0.02,89.89333333333333,109.54666666666672,109.1266666666667,dedup,dedup,0.17940603700097413,False,0.0038339824732233074,-0.0007743999287535044,0.007508431511103781,mtme_MS-COMET-QE-22-src,0.14020693010078744,0.7522191383266835,0.0,0.0,6.689093723366574e-16,0.0,0.0,8.049116928532448e-16,0.0,0.0,8.049116928532448e-16,0.0,0.0,0.0
ende,45,Online-G vs Online-Y,0.02,89.89333333333333,109.54666666666672,109.1266666666667,dedup,dedup,0.17940603700097413,False,0.0038339824732233074,-0.0007743999287535044,0.007508431511103781,mtme_REUSE-src,-0.03560845041185806,-0.7189752875124902,0.0,-0.002394936974341377,0.0,0.0,0.0,1.6653345369381135e-17,0.0,-0.0066697780132631826,0.0,0.0,0.0,0.0
ende,45,Online-G vs Online-Y,0.02,89.89333333333333,109.54666666666672,109.1266666666667,dedup,dedup,0.17940603700097413,False,0.0038339824732233074,-0.0007743999287535044,0.007508431511103781,mtme_SEScore-refA,0.1257441939445936,0.8627443368691673,0.0,0.0,8.049116928532448e-16,0.0,0.0,8.049116928532448e-16,0.0,0.0,8.049116928532448e-16,0.0,0.0,0.0
ende,45,Online-G vs Online-Y,0.02,89.89333333333333,109.54666666666672,109.1266666666667,dedup,dedup,0.17940603700097413,False,0.0038339824732233074,-0.0007743999287535044,0.007508431511103781,mtme_UniTE-ref-refA,0.31029783612371753,0.935537336231014,0.0,0.0,8.049116928532448e-16,0.0,0.0,8.049116928532448e-16,0.0,0.0,8.049116928532448e-16,0.0,0.0,0.0
ende,45,Online-G vs Online-Y,0.02,89.89333333333333,109.54666666666672,109.1266666666667,dedup,dedup,0.17940603700097413,False,0.0038339824732233074,-0.0007743999287535044,0.007508431511103781,mtme_UniTE-refA,0.30257291977020606,0.934069874660218,0.0,0.0,8.049116928532448e-16,0.0,0.0,8.049116928532448e-16,0.0,0.0,8.049116928532448e-16,0.0,0.0,0.0
ende,45,Online-G vs Online-Y,0.02,89.89333333333333,109.54666666666672,109.1266666666667,dedup,dedup,0.17940603700097413,False,0.0038339824732233074,-0.0007743999287535044,0.007508431511103781,mtme_UniTE-src-src,0.2222923152092362,0.8781288793774996,0.0,0.0,8.049116928532448e-16,0.0,0.0,8.049116928532448e-16,0.0,0.0,8.049116928532448e-16,0.0,0.0,0.0
ende,45,Online-G vs Online-Y,0.02,89.89333333333333,109.54666666666672,109.1266666666667,dedup,dedup,0.17940603700097413,False,0.0038339824732233074,-0.0007743999287535044,0.007508431511103781,mtme_YiSi-1-refA,0.17102662229585736,0.9374352886959156,0.0,0.0,6.689093723366574e-16,0.0,0.0,8.049116928532448e-16,0.0,0.0,6.689093723366574e-16,0.0,0.0,0.0
ende,45,Online-G vs Online-Y,0.02,89.89333333333333,109.54666666666672,109.1266666666667,dedup,dedup,0.17940603700097413,False,0.0038339824732233074,-0.0007743999287535044,0.007508431511103781,mtme_chrF-refA,0.14911174068531619,0.913148721285636,0.0,-5.551115123125664e-18,1.6653345369381135e-17,0.0,0.0,8.049116928532448e-16,0.0,0.0,1.6653345369381135e-17,0.0,0.0,0.0
ende,45,Online-G vs Online-Y,0.02,89.89333333333333,109.54666666666672,109.1266666666667,dedup,dedup,0.17940603700097413,False,0.0038339824732233074,-0.0007743999287535044,0.007508431511103781,mtme_f101spBLEU-refA,0.13528647487020953,0.8322237271443311,0.0,0.0,8.049116928532448e-16,0.0,0.0,8.049116928532448e-16,0.0,0.0,8.049116928532448e-16,0.0,0.0,0.0
ende,45,Online-G vs Online-Y,0.02,89.89333333333333,109.54666666666672,109.1266666666667,dedup,dedup,0.17940603700097413,False,0.0038339824732233074,-0.0007743999287535044,0.007508431511103781,mtme_f200spBLEU-refA,0.1311112321927253,0.8109386629133486,0.0,0.0,8.049116928532448e-16,0.0,0.0,8.049116928532448e-16,0.0,0.0,8.049116928532448e-16,0.0,0.0,0.0
ende,45,Online-G vs Online-Y,0.02,89.89333333333333,109.54666666666672,109.1266666666667,dedup,dedup,0.17940603700097413,False,0.0038339824732233074,-0.0007743999287535044,0.007508431511103781,mtme_metricx_xl_DA_2019-refA,0.399374244435881,0.9809205978427264,0.0,0.0,8.049116928532448e-16,0.0,0.0,8.049116928532448e-16,0.0,0.0,8.049116928532448e-16,0.0,0.0,0.0
ende,45,Online-G vs Online-Y,0.02,89.89333333333333,109.54666666666672,109.1266666666667,dedup,dedup,0.17940603700097413,False,0.0038339824732233074,-0.0007743999287535044,0.007508431511103781,mtme_metricx_xl_MQM_2020-refA,0.4318262393523642,0.9616341585507984,0.0,0.0,8.049116928532448e-16,0.0,0.0,8.049116928532448e-16,0.0,0.0,8.049116928532448e-16,0.0,0.0,0.0
ende,45,Online-G vs Online-Y,0.02,89.89333333333333,109.54666666666672,109.1266666666667,dedup,dedup,0.17940603700097413,False,0.0038339824732233074,-0.0007743999287535044,0.007508431511103781,mtme_metricx_xxl_DA_2019-refA,0.42280175944237175,0.9781893317652096,0.0,-2.220446049250313e-16,6.689093723366574e-16,0.0,0.0,8.049116928532448e-16,0.0,0.0,6.689093723366574e-16,0.0,0.0,0.0
ende,45,Online-G vs Online-Y,0.02,89.89333333333333,109.54666666666672,109.1266666666667,dedup,dedup,0.17940603700097413,False,0.0038339824732233074,-0.0007743999287535044,0.007508431511103781,mtme_metricx_xxl_MQM_2020-refA,0.4348665838864689,0.9670998023955928,0.0,0.0,8.049116928532448e-16,0.0,0.0,8.049116928532448e-16,0.0,0.0,8.049116928532448e-16,0.0,0.0,0.0
ende,45,Online-G vs Online-Y,0.02,89.89333333333333,109.54666666666672,109.1266666666667,dedup,dedup,0.17940603700097413,False,0.0038339824732233074,-0.0007743999287535044,0.007508431511103781,comet22,0.2630695649129109,,0.0,-0.002839031067183378,7.910339050454272e-16,0.0,0.0,8.049116928532448e-16,0.0,-0.0016586891362906633,1.6653345369381135e-17,0.0,0.0,0.0
ende,45,Online-G vs Online-Y,0.02,89.89333333333333,109.54666666666672,109.1266666666667,dedup,dedup,0.17940603700097413,False,0.0038339824732233074,-0.0007743999287535044,0.007508431511103781,qwen3_8b,0.21587478154741174,,0.0,-0.01654225061516945,0.0,0.0,-0.0017103937328268922,6.689093723366574e-16,0.0,-0.011218209088749936,0.0,0.0,0.0,0.0
ende,45,Online-G vs Online-Y,0.02,89.89333333333333,109.54666666666672,109.1266666666667,dedup,dedup,0.17940603700097413,False,0.0038339824732233074,-0.0007743999287535044,0.007508431511103781,mistral_7b,0.04442709016336898,,0.0,0.0,6.689093723366574e-16,0.0,0.0,8.049116928532448e-16,0.0,0.0,8.049116928532448e-16,0.0,0.0,0.0
zhen,01,Lan-Bridge vs Online-B,0.01,97.63,553.6351851851857,542.0621568627457,dedup,dedup,0.8236564390911252,True,0.020903708131499887,-0.05506689643167811,0.10520617236326522,mtme_BERTScore-refA,0.1857615083579669,0.9400920205176692,-0.024605185840946175,-0.11012285353633555,0.038100274287366814,0.020860918430367192,-0.03731700966009388,0.08154514009466783,-0.0038612757671594444,-0.08112768280445926,0.054285925629602855,0.033308018812036266,-0.04494862435724754,0.11746275900754803
zhen,01,Lan-Bridge vs Online-B,0.01,97.63,553.6351851851857,542.0621568627457,dedup,dedup,0.8236564390911252,True,0.020903708131499887,-0.05506689643167811,0.10520617236326522,mtme_BLEU-refA,0.05878584951157399,0.8293746844592913,-0.01966886594863193,-0.08841446147867532,0.013444983603631732,-0.011095257714612838,-0.04339905016258002,0.0,-0.015266202260892259,-0.05600724399972501,0.001335275663921313,0.04099707750759929,-0.004412878236568822,0.1052562364510414
zhen,01,Lan-Bridge vs Online-B,0.01,97.63,553.6351851851857,542.0621568627457,dedup,dedup,0.8236564390911252,True,0.020903708131499887,-0.05506689643167811,0.10520617236326522,mtme_BLEURT-20-refA,0.2369913430138668,0.9802219595565596,-0.038245017122340075,-0.17455220690088252,0.0459611217887941,0.01717447754350432,-0.03650775863149045,0.1173772121196763,0.014399945718128193,-0.03758225999354968,0.10931995848037512,0.05662081760705606,-0.03352775502858382,0.16734736603375033
zhen,01,Lan-Bridge vs Online-B,0.01,97.63,553.6351851851857,542.0621568627457,dedup,dedup,0.8236564390911252,True,0.020903708131499887,-0.05506689643167811,0.10520617236326522,mtme_COMET-20-refA,0.1683157407658185,0.9752672183823412,0.00462302404775583,-0.07004975375754201,0.09065533095871135,0.01717447754350432,-0.027589713584824323,0.07791018585276431,-0.0004305255210765857,-0.071292603828082,0.07695435838119714,0.02752921063615199,-0.05704416719411136,0.10663844605597901
zhen,01,Lan-Bridge vs Online-B,0.01,97.63,553.6351851851857,542.0621568627457,dedup,dedup,0.8236564390911252,True,0.020903708131499887,-0.05506689643167811,0.10520617236326522,mtme_COMET-22-refA,0.30030662984012124,0.9866351677254928,0.011767697576104963,-0.058726961914538384,0.11483832129691005,0.045818907583556556,-0.00876987040548331,0.13667054516641616,0.028098379926617456,-0.04006196221842564,0.12350037813829193,0.10707827845981654,0.020224813806940613,0.2582719147170823
zhen,01,Lan-Bridge vs Online-B,0.01,97.63,553.6351851851857,542.0621568627457,dedup,dedup,0.8236564390911252,True,0.020903708131499887,-0.05506689643167811,0.10520617236326522,mtme_COMET-QE-src,0.23061460973726725,0.922900899652606,0.019461961375865533,-0.04020100214166891,0.09446417292152721,0.04510950737506769,-0.0035614623025949908,0.13634485702498056,0.028438602475586272,-0.03157398343406611,0.10997595484366211,0.09857455821025674,0.01749388757977755,0.2199326624997431
zhen,01,Lan-Bridge vs Online-B,0.01,97.63,553.6351851851857,542.0621568627457,dedup,dedup,0.8236564390911252,True,0.020903708131499887,-0.05506689643167811,0.10520617236326522,mtme_COMETKiwi-src,0.2430857785085416,0.959377087982424,-0.0036208300234168433,-0.08944885131022065,0.061175628474542394,0.04348307762877701,-0.0073638060924457235,0.12224607045567953,0.038441145415275435,-0.01970506043544591,0.12268725126141033,0.08343335859406431,0.0025608280897919528,0.22222558752298552
zhen,01,Lan-Bridge vs Online-B,0.01,97.63,553.6351851851857,542.0621568627457,dedup,dedup,0.8236564390911252,True,0.020903708131499887,-0.05506689643167811,0.10520617236326522,mtme_Cross-QE-src,0.2364956292102518,0.966162403744368,-0.013238659773117556,-0.08720119918272895,0.05106455721326663,0.0034322451263638643,-0.05081913909262436,0.08677297462924352,0.0,-0.05767273961423241,0.07465294786776329,0.07752010631152384,0.005996570424032419,0.2003920234842966
zhen,01,Lan-Bridge vs Online-B,0.01,97.63,553.6351851851857,542.0621568627457,dedup,dedup,0.8236564390911252,True,0.020903708131499887,-0.05506689643167811,0.10520617236326522,mtme_HWTSC-TLM-src,0.07526708922691994,0.498241633134339,-0.028242474182651023,-0.1174451009186791,0.025205254564089875,0.0026744767218418453,-0.049151122674540956,0.048166125031283605,0.0,-0.054260168486522736,0.04375508262286416,0.034527283833761135,-0.00037050360121612615,0.08497833409499173
zhen,01,Lan-Bridge vs Online-B,0.01,97.63,553.6351851851857,542.0621568627457,dedup,dedup,0.8236564390911252,True,0.020903708131499887,-0.05506689643167811,0.10520617236326522,mtme_HWTSC-Teacher-Sim-src,0.12424376509718381,0.3949247735620734,-0.011095257714612838,-0.08771564657818416,0.04318086128886163,-0.006418744132420828,-0.06609641298235829,0.04310137443632328,-0.026477319546235556,-0.09816838718311119,0.01831306042383095,0.054645156692223806,-0.0017272561315240013,0.1291389269803118
zhen,01,Lan-Bridge vs Online-B,0.01,97.63,553.6351851851857,542.0621568627457,dedup,dedup,0.8236564390911252,True,0.020903708131499887,-0.05506689643167811,0.10520617236326522,mtme_KG-BERTScore-src,0.09451901735438976,0.679795467170797,-0.035744381387417645,-0.12589730454398346,0.011193458733085079,-0.008825773182078445,-0.06502937204789429,0.034684369933829486,-0.03369840669520885,-0.10462613850891442,0.003779577216066664,0.03935354121142276,-0.021613951117559708,0.09944432883733041
zhen,01,Lan-Bridge vs Online-B,0.01,97.63,553.6351851851857,542.0621568627457,dedup,dedup,0.8236564390911252,True,0.020903708131499887,-0.05506689643167811,0.10520617236326522,mtme_MATESE-QE-src,0.23270945034800186,0.9351848265501388,-0.0013935431340124094,-0.06698041393102211,0.07914326233291961,0.018436059535897775,-0.048247581566111045,0.10907725391703613,0.007221087148973626,-0.06475532097688402,0.09114109411122404,0.06822333534325242,-0.004297368868991608,0.18138856572006656
zhen,01,Lan-Bridge vs Online-B,0.01,97.63,553.6351851851857,542.0621568627457,dedup,dedup,0.8236564390911252,True,0.020903708131499887,-0.05506689643167811,0.10520617236326522,mtme_MATESE-refA,0.21624238588833955,0.9674894649743352,0.0034322451263638643,-0.07015379074654252,0.08118911330435878,0.04150498739680153,-0.008841168756637542,0.12781578943936245,0.045986923422408954,-5.035675326064863e-06,0.1398653770942907,0.08665086351250517,0.006051463289397194,0.22416721177824173
zhen,01,Lan-Bridge vs Online-B,0.01,97.63,553.6351851851857,542.0621568627457,dedup,dedup,0.8236564390911252,True,0.020903708131499887,-0.05506689643167811,0.10520617236326522,mtme_MEE-refA,0.06607577522106037,0.8976609341086564,-0.0038612757671594444,-0.04782589742171926,0.040600103413454124,0.006051958753425124,-0.013879967584811958,0.03215208380059429,0.0,-0.024164800477804223,0.025768205664108756,0.019083260225242427,-0.030095090822007512,0.06400675239677975
zhen,01,Lan-Bridge vs Online-B,0.01,97.63,553.6351851851857,542.0621568627457,dedup,dedup,0.8236564390911252,True,0.020903708131499887,-0.05506689643167811,0.10520617236326522,mtme_MEE2-refA,0.08918441374395247,0.9352238472927537,-0.018239931242962415,-0.0937353178050676,0.030583256385682787,0.006051958753425124,-0.02837302904457312,0.04403838153734375,0.006503201292057947,-0.03566042208797508,0.04383220070162422,0.0270323900237458,-0.03293810168449204,0.10301691158695377
zhen,01,Lan-Bridge vs Online-B,0.01,97.63,553.6351851851857,542.0621568627457,dedup,dedup,0.8236564390911252,True,0.020903708131499887,-0.05506689643167811,0.10520617236326522,mtme_MEE4-refA,0.10484401151331932,0.9593140488993936,-0.011095257714612838,-0.06775265530031636,0.04909798280184794,0.006051958753425124,-0.030331066166599117,0.050812538397962334,-0.021574112222858544,-0.09297061751814953,0.019024828167687132,0.04160579465433156,-0.027671394370233724,0.13158044565897567
zhen,01,Lan-Bridge vs Online-B,0.01,97.63,553.6351851851857,542.0621568627457,dedup,dedup,0.8236564390911252,True,0.020903708131499887,-0.05506689643167811,0.10520617236326522,mtme_MS-COMET-22-refA,0.15270146971416487,0.98746083650136,0.014625566987444327,-0.028173916608212314,0.06710654914999677,0.025564308527399437,-0.032106481579761356,0.11248980942540905,0.008541070821366015,-0.055928923306768276,0.06262190538487111,0.003053321636039663,-0.09198382516771707,0.09803656598444192
zhen,01,Lan-Bridge vs Online-B,0.01,97.63,553.6351851851857,542.0621568627457,dedup,dedup,0.8236564390911252,True,0.020903708131499887,-0.05506689643167811,0.10520617236326522,mtme_MS-COMET-QE-22-src,0.16584366073091977,0.9490970977882788,-0.06889797129235431,-0.23819890405415056,-0.008974240122698892,0.018220951085581083,-0.04757493626412779,0.10634906819698879,-0.026477319546235334,-0.12047638648864963,0.020583776867608747,0.06291089478995404,-0.025519244415702313,0.17192427582069492
zhen,01,Lan-Bridge vs Online-B,0.01,97.63,553.6351851851857,542.0621568627457,dedup,dedup,0.8236564390911252,True,0.020903708131499887,-0.05506689643167811,0.10520617236326522,mtme_REUSE-src,-0.015319314594619259,-0.0713802384978524,-0.02990956467259931,-0.09870631802044347,0.01593495304098153,-0.0071560323097932255,-0.05445333901586206,0.028022503834483087,-0.01966886594863193,-0.06534593419267978,0.011379330508638867,0.0,0.0,0.0
zhen,01,Lan-Bridge vs Online-B,0.01,97.63,553.6351851851857,542.0621568627457,dedup,dedup,0.8236564390911252,True,0.020903708131499887,-0.05506689643167811,0.10520617236326522,mtme_SEScore-refA,0.17602232221378508,0.93964771879046,-0.006418744132420384,-0.09383712446615108,0.06951599851736892,0.014207342195541206,-0.049460739115851485,0.09475213977655138,0.009441524799433165,-0.059063375591207994,0.09129499298271025,0.032596780882696685,-0.056884378335734204,0.12174284186214294
zhen,01,Lan-Bridge vs Online-B,0.01,97.63,553.6351851851857,542.0621568627457,dedup,dedup,0.8236564390911252,True,0.020903708131499887,-0.05506689643167811,0.10520617236326522,mtme_UniTE-ref-refA,0.2896830643621226,0.975743491343244,0.008541070821366015,-0.062283609619042224,0.09821903819138117,0.05344495982480846,0.004743820321566396,0.1630864123758101,0.03530309272831378,-0.02079319130494275,0.12337493536815053,0.10707827845981654,0.018858709757766635,0.2474617213347683
zhen,01,Lan-Bridge vs Online-B,0.01,97.63,553.6351851851857,542.0621568627457,dedup,dedup,0.8236564390911252,True,0.020903708131499887,-0.05506689643167811,0.10520617236326522,mtme_UniTE-refA,0.2878340537101886,0.9824419355235168,-0.0038612757671594444,-0.08160469663948292,0.07053372750218365,0.02528464749460313,-0.04471141919701157,0.11449022582920894,0.008825773182078445,-0.06202133022711709,0.08781087003156306,0.08267629861325443,-0.017009708368894885,0.2162810322741374
zhen,01,Lan-Bridge vs Online-B,0.01,97.63,553.6351851851857,542.0621568627457,dedup,dedup,0.8236564390911252,True,0.020903708131499887,-0.05506689643167811,0.10520617236326522,mtme_UniTE-src-src,0.24076293001717886,0.9607040026515832,0.014399945718128193,-0.059169766418590876,0.0965452046195818,0.05344495982480846,-0.003274313582472536,0.15194717931903717,0.04412886591039222,-0.006183770304481782,0.14175945443673998,0.08309467386580738,-0.008749196918564777,0.20489362979862819
zhen,01,Lan-Bridge vs Online-B,0.01,97.63,553.6351851851857,542.0621568627457,dedup,dedup,0.8236564390911252,True,0.020903708131499887,-0.05506689643167811,0.10520617236326522,mtme_YiSi-1-refA,0.18052790463478363,0.9604473082422414,-0.024605185840946175,-0.12578839670975944,0.034633178807269634,0.011767697576104408,-0.046792772327756194,0.07450512111571189,0.005516108238798889,-0.052062724240427245,0.06714220202975409,0.054645156692223806,-0.01768546717739374,0.15951055394842675
zhen,01,Lan-Bridge vs Online-B,0.01,97.63,553.6351851851857,542.0621568627457,dedup,dedup,0.8236564390911252,True,0.020903708131499887,-0.05506689643167811,0.10520617236326522,mtme_chrF-refA,0.0902231182813043,0.9157360845392822,-0.008825773182078445,-0.05476362018276098,0.03345491824536443,-0.0038612757671594444,-0.03993012103256934,0.03184010973106973,-0.00490320732337679,-0.04948024628208726,0.023772751128915377,0.03987329200594014,-0.014136454562144546,0.1030429535040016
zhen,01,Lan-Bridge vs Online-B,0.01,97.63,553.6351851851857,542.0621568627457,dedup,dedup,0.8236564390911252,True,0.020903708131499887,-0.05506689643167811,0.10520617236326522,mtme_f101spBLEU-refA,0.08009328319806752,0.8645720481576694,-0.013238659773117556,-0.0659390966259106,0.02936129281682809,-0.002521649480593746,-0.02763405571139505,0.0185167226931387,-0.011095257714612838,-0.0493191656984298,0.0058328269741308785,0.034098283177969146,-0.015635887369558576,0.08133615102420287
zhen,01,Lan-Bridge vs Online-B,0.01,97.63,553.6351851851857,542.0621568627457,dedup,dedup,0.8236564390911252,True,0.020903708131499887,-0.05506689643167811,0.10520617236326522,mtme_f200spBLEU-refA,0.07596404518479566,0.8696321738056851,-0.017187031986152457,-0.0851129978478627,0.02799813524006504,0.0034322451263638643,-0.025754456227935946,0.042743868931230895,-0.002521649480593746,-0.03603542381824184,0.028858352702783606,0.040420398105432076,-0.009660386481422584,0.09934601649934048
zhen,01,Lan-Bridge vs Online-B,0.01,97.63,553.6351851851857,542.0621568627457,dedup,dedup,0.8236564390911252,True,0.020903708131499887,-0.05506689643167811,0.10520617236326522,mtme_metricx_xl_DA_2019-refA,0.26260443387564536,0.9937925634685278,-0.022616043779076334,-0.12984319452905785,0.06740349644239044,0.03530309272831378,-0.03662314382707875,0.13961562699174723,0.014625566987444327,-0.06671582438354817,0.09859465334881194,0.08085935465931127,-0.01186478032711232,0.21861415378263366
zhen,01,Lan-Bridge vs Online-B,0.01,97.63,553.6351851851857,542.0621568627457,dedup,dedup,0.8236564390911252,True,0.020903708131499887,-0.05506689643167811,0.10520617236326522,mtme_metricx_xl_MQM_2020-refA,0.32096698090966636,0.9880707146931909,-0.03298052083829317,-0.13477415195843104,0.06785297614629295,0.028845209912158998,-0.024379654012329152,0.1233685050612546,0.025104421495690254,-0.03546641399272538,0.11893246669879724,0.08343335859406431,-0.007995510833987706,0.21295503572280847
zhen,01,Lan-Bridge vs Online-B,0.01,97.63,553.6351851851857,542.0621568627457,dedup,dedup,0.8236564390911252,True,0.020903708131499887,-0.05506689643167811,0.10520617236326522,mtme_metricx_xxl_DA_2019-refA,0.262774771829169,0.9945880252964706,-0.02990956467259931,-0.18786792431008972,0.042318793403506146,0.027156225175626214,-0.05121999849946514,0.1208737342832732,0.011767697576104852,-0.059721018013455716,0.08862740391664216,0.08085935465931127,-0.012158505211595512,0.20825438687557193
zhen,01,Lan-Bridge vs Online-B,0.01,97.63,553.6351851851857,542.0621568627457,dedup,dedup,0.8236564390911252,True,0.020903708131499887,-0.05506689643167811,0.10520617236326522,mtme_metricx_xxl_MQM_2020-refA,0.3374430177733143,0.9848440687329651,0.018912371104453984,-0.05106875247133647,0.11135131899482499,0.058291153109541805,0.006793314772628814,0.15448963192530232,0.05131263477952608,-0.010745108111942977,0.14981746289451273,0.131695932370679,0.04591009281434652,0.28848157001830366
zhen,01,Lan-Bridge vs Online-B,0.01,97.63,553.6351851851857,542.0621568627457,dedup,dedup,0.8236564390911252,True,0.020903708131499887,-0.05506689643167811,0.10520617236326522,comet22,0.18967293432489044,,0.011767697576104852,-0.06425947237376771,0.1082250058100805,0.05080201148708585,0.00926984223128091,0.14093646136916027,0.021526276053850046,-0.03187471133639774,0.09813728328810947,0.04830168326838424,-0.04198084891834778,0.13941305453793715
zhen,01,Lan-Bridge vs Online-B,0.01,97.63,553.6351851851857,542.0621568627457,dedup,dedup,0.8236564390911252,True,0.020903708131499887,-0.05506689643167811,0.10520617236326522,qwen3_8b,0.2216788010258835,,0.02528464749460313,-0.04400343385504944,0.11777135230804613,0.05344495982480846,0.01223609581136344,0.13710322623993862,0.05023901657490826,0.0017837961453117585,0.14667231948505394,0.08500287318842559,-0.000853213064167657,0.2199772234349482
zhen,01,Lan-Bridge vs Online-B,0.01,97.63,553.6351851851857,542.0621568627457,dedup,dedup,0.8236564390911252,True,0.020903708131499887,-0.05506689643167811,0.10520617236326522,mistral_7b,0.08018293968528108,,0.006503201292057947,-0.04253774998161437,0.061169958151503896,0.006051958753425124,-0.018327822925351588,0.057747946978734976,-0.020498569971279412,-0.10155984229118106,0.029674540604290006,0.07056333892030031,0.01423775048654605,0.1926433568533159
zhen,01,Lan-Bridge vs Online-B,0.02,97.63,271.3786111111113,263.32463414634174,dedup,dedup,0.640244308126306,True,0.029678009375145642,-0.01267058768210562,0.09296933657907698,mtme_BERTScore-refA,0.1857615083579669,0.9400920205176692,0.0,-0.0507428284795555,0.05744777556239366,0.0035610457504607895,-0.046516019057992554,0.05377062298254497,0.009644498907497412,-0.038681708037583265,0.062473831544159884,0.03770454969553161,0.0050289538593198185,0.08527229840560167
zhen,01,Lan-Bridge vs Online-B,0.02,97.63,271.3786111111113,263.32463414634174,dedup,dedup,0.640244308126306,True,0.029678009375145642,-0.01267058768210562,0.09296933657907698,mtme_BLEU-refA,0.05878584951157399,0.8293746844592913,0.011904067222967774,-0.012166288253746486,0.06538433370532154,0.01868277216937997,0.00097623656631741,0.07697259221174875,0.013226741358853156,-0.011940879171301893,0.05757995078252955,0.002592975930148622,-0.01616934166580203,0.02078967831829721
zhen,01,Lan-Bridge vs Online-B,0.02,97.63,271.3786111111113,263.32463414634174,dedup,dedup,0.640244308126306,True,0.029678009375145642,-0.01267058768210562,0.09296933657907698,mtme_BLEURT-20-refA,0.2369913430138668,0.9802219595565596,0.006613370679426578,-0.048741760107670645,0.060953486893359526,0.0012939203503228303,-0.05886365624333322,0.06536772021828399,0.006613370679426578,-0.046924678582596024,0.07262936663484452,0.030374860896024036,-0.006083334967629355,0.07571268060157156
zhen,01,Lan-Bridge vs Online-B,0.02,97.63,271.3786111111113,263.32463414634174,dedup,dedup,0.640244308126306,True,0.029678009375145642,-0.01267058768210562,0.09296933657907698,mtme_COMET-20-refA,0.1683157407658185,0.9752672183823412,-0.017793116351790372,-0.06649998998605172,0.01472002671880419,0.016834034456722158,-0.02589020769218397,0.0641824835258897,-0.00014696379287593153,-0.04130877919575586,0.03620221205451707,0.026828237283359258,-0.014633396446662745,0.0677128579054985
zhen,01,Lan-Bridge vs Online-B,0.02,97.63,271.3786111111113,263.32463414634174,dedup,dedup,0.640244308126306,True,0.029678009375145642,-0.01267058768210562,0.09296933657907698,mtme_COMET-22-refA,0.30030662984012124,0.9866351677254928,-0.02014071979643539,-0.09886783746376297,0.020740926731607053,0.002334130828033132,-0.05400256974105185,0.04772963805505906,-0.019492039897256674,-0.09944095710505364,0.016393700075217683,0.04200448716080918,-0.006286445659032102,0.1138656137281657
zhen,01,Lan-Bridge vs Online-B,0.02,97.63,271.3786111111113,263.32463414634174,dedup,dedup,0.640244308126306,True,0.029678009375145642,-0.01267058768210562,0.09296933657907698,mtme_COMET-QE-src,0.23061460973726725,0.922900899652606,-0.00014696379287593153,-0.061975883647898994,0.03786056110833301,0.025461477115792275,-0.009321257615160068,0.07472750466074081,0.005878551715046143,-0.04537963948467572,0.043751469131565385,0.03894755682835105,-0.010524221902552172,0.10635586486616264
zhen,01,Lan-Bridge vs Online-B,0.02,97.63,271.3786111111113,263.32463414634174,dedup,dedup,0.640244308126306,True,0.029678009375145642,-0.01267058768210562,0.09296933657907698,mtme_COMETKiwi-src,0.2430857785085416,0.959377087982424,-0.03246563788082102,-0.1185032830832589,0.012393401398776874,-0.00014696379287593153,-0.05705917952667801,0.05610244794850672,0.0012939203503228303,-0.05513981489830898,0.04219279843894683,0.027525436796959846,-0.022717580291699468,0.08447382169959472
zhen,01,Lan-Bridge vs Online-B,0.02,97.63,271.3786111111113,263.32463414634174,dedup,dedup,0.640244308126306,True,0.029678009375145642,-0.01267058768210562,0.09296933657907698,mtme_Cross-QE-src,0.2364956292102518,0.966162403744368,0.00017873974809268223,-0.0670331606615386,0.053592611570727394,0.037591791230424554,-0.020641793022434476,0.10024160083099024,0.022163728763483492,-0.03950684939562599,0.08044885950739554,0.050703069407640244,0.010214906494328485,0.10680844233250071
zhen,01,Lan-Bridge vs Online-B,0.02,97.63,271.3786111111113,263.32463414634174,dedup,dedup,0.640244308126306,True,0.029678009375145642,-0.01267058768210562,0.09296933657907698,mtme_HWTSC-TLM-src,0.07526708922691994,0.498241633134339,-0.024249025824563564,-0.08649219739753883,0.0027640466571515025,-0.00014696379287593153,-0.034950776958494204,0.022296276921923756,-0.006172479300798006,-0.049269805989255,0.017480723816310634,-0.002963401063026838,-0.027868040070681586,0.012051805071496965
zhen,01,Lan-Bridge vs Online-B,0.02,97.63,271.3786111111113,263.32463414634174,dedup,dedup,0.640244308126306,True,0.029678009375145642,-0.01267058768210562,0.09296933657907698,mtme_HWTSC-Teacher-Sim-src,0.12424376509718381,0.3949247735620734,-0.015210752562680785,-0.07826015367698172,0.02673081251783289,0.006613370679426578,-0.04381464798968293,0.05999927606038865,0.0035610457504605675,-0.04071133974730467,0.05306950721971348,0.0030981011113461188,-0.02260100197618821,0.02990817394724317
zhen,01,Lan-Bridge vs Online-B,0.02,97.63,271.3786111111113,263.32463414634174,dedup,dedup,0.640244308126306,True,0.029678009375145642,-0.01267058768210562,0.09296933657907698,mtme_KG-BERTScore-src,0.09451901735438976,0.679795467170797,0.009049875666583662,-0.029213487084931027,0.036842796938722014,0.0030759863625241524,-0.033143518626629426,0.04346075410624329,0.009381758405698326,-0.026329301481067744,0.07346129318771734,0.0021299445140505746,-0.029898225604304378,0.0221654392283543
zhen,01,Lan-Bridge vs Online-B,0.02,97.63,271.3786111111113,263.32463414634174,dedup,dedup,0.640244308126306,True,0.029678009375145642,-0.01267058768210562,0.09296933657907698,mtme_MATESE-QE-src,0.23270945034800186,0.9351848265501388,-0.005221082115336673,-0.07327538206898523,0.03380321439199366,0.024872024511756408,-0.025535141515687736,0.07113026123715005,0.0,-0.06671984866465196,0.04573208514409153,0.02633385944644162,-0.015172194711923197,0.0956291235676154
zhen,01,Lan-Bridge vs Online-B,0.02,97.63,271.3786111111113,263.32463414634174,dedup,dedup,0.640244308126306,True,0.029678009375145642,-0.01267058768210562,0.09296933657907698,mtme_MATESE-refA,0.21624238588833955,0.9674894649743352,-0.012197994808719859,-0.08193818868274381,0.026432196340834095,-0.00037434173657091563,-0.07439710743904894,0.03682843763386858,0.002673490274661905,-0.0673873575543362,0.0458489183922714,0.019262106909673782,-0.026339363737754574,0.0719744764024771
zhen,01,Lan-Bridge vs Online-B,0.02,97.63,271.3786111111113,263.32463414634174,dedup,dedup,0.640244308126306,True,0.029678009375145642,-0.01267058768210562,0.09296933657907698,mtme_MEE-refA,0.06607577522106037,0.8976609341086564,-0.00460060569003562,-0.03485130245611837,0.02782538270440634,0.011904067222967774,-0.012468157994871842,0.07049904208455174,0.006613370679426578,-0.020950280437874086,0.05539797828446181,0.01228433115080274,-0.0032027748528014703,0.042641698026739686
zhen,01,Lan-Bridge vs Online-B,0.02,97.63,271.3786111111113,263.32463414634174,dedup,dedup,0.640244308126306,True,0.029678009375145642,-0.01267058768210562,0.09296933657907698,mtme_MEE2-refA,0.08918441374395247,0.9352238472927537,-0.005221082115336673,-0.041292440492364274,0.04256237660246664,0.001574612066530201,-0.036616405636308524,0.04512700661235097,-0.00781580171204932,-0.040898153296896056,0.035218730416480666,0.013705729916498655,-0.008135924531893922,0.03936318287654475
zhen,01,Lan-Bridge vs Online-B,0.02,97.63,271.3786111111113,263.32463414634174,dedup,dedup,0.640244308126306,True,0.029678009375145642,-0.01267058768210562,0.09296933657907698,mtme_MEE4-refA,0.10484401151331932,0.9593140488993936,-0.028768162455505397,-0.09820323055461178,0.011906170151421402,0.011904067222967774,-0.031231326265058968,0.07690133006460456,-0.010495131730393847,-0.06280174444997778,0.024954092239682323,0.015951924871186463,-0.0060449402920981325,0.047681177337137066
zhen,01,Lan-Bridge vs Online-B,0.02,97.63,271.3786111111113,263.32463414634174,dedup,dedup,0.640244308126306,True,0.029678009375145642,-0.01267058768210562,0.09296933657907698,mtme_MS-COMET-22-refA,0.15270146971416487,0.98746083650136,0.001574612066530201,-0.056510950373904134,0.05377702406518542,0.03600612925465585,-0.010301927228794167,0.08665790887271374,0.014211711460044518,-0.033137809076141465,0.05381588896422908,0.012392404445384697,-0.023934375756619775,0.04271163610274548
zhen,01,Lan-Bridge vs Online-B,0.02,97.63,271.3786111111113,263.32463414634174,dedup,dedup,0.640244308126306,True,0.029678009375145642,-0.01267058768210562,0.09296933657907698,mtme_MS-COMET-QE-22-src,0.16584366073091977,0.9490970977882788,-0.011337206879016959,-0.0637382729196002,0.04194662074363241,0.033854159430397934,-0.009025833141365368,0.08617573683678309,-0.0071495899237046245,-0.07049880978726153,0.03981172041784851,0.03407911222480753,0.0025009875469079756,0.07709483926074641
zhen,01,Lan-Bridge vs Online-B,0.02,97.63,271.3786111111113,263.32463414634174,dedup,dedup,0.640244308126306,True,0.029678009375145642,-0.01267058768210562,0.09296933657907698,mtme_REUSE-src,-0.015319314594619259,-0.0713802384978524,-0.0084320476162687,-0.036661277025925,0.01791783018788248,-0.011337206879016737,-0.05290082473881865,0.022075022192598766,0.0,-0.03367292733337683,0.026625098131640525,0.0,0.0,0.0
zhen,01,Lan-Bridge vs Online-B,0.02,97.63,271.3786111111113,263.32463414634174,dedup,dedup,0.640244308126306,True,0.029678009375145642,-0.01267058768210562,0.09296933657907698,mtme_SEScore-refA,0.17602232221378508,0.93964771879046,-0.003391472143295715,-0.0668391047983227,0.06543427971046058,-0.00014696379287593153,-0.05031321697136877,0.042878683688955345,-0.004881297406243323,-0.06332398270096126,0.05329620509929455,0.030374860896024036,-0.004563240040143578,0.07768235684753137
zhen,01,Lan-Bridge vs Online-B,0.02,97.63,271.3786111111113,263.32463414634174,dedup,dedup,0.640244308126306,True,0.029678009375145642,-0.01267058768210562,0.09296933657907698,mtme_UniTE-ref-refA,0.2896830643621226,0.975743491343244,-0.0084320476162687,-0.08202133944326692,0.04542918552193829,0.01792958273088996,-0.033652720736625785,0.0797610091931257,0.005878551715046143,-0.06525905286698344,0.05771635852092566,0.05679852037467914,0.010786025494593243,0.12395815491985746
zhen,01,Lan-Bridge vs Online-B,0.02,97.63,271.3786111111113,263.32463414634174,dedup,dedup,0.640244308126306,True,0.029678009375145642,-0.01267058768210562,0.09296933657907698,mtme_UniTE-refA,0.2878340537101886,0.9824419355235168,0.00017873974809268223,-0.06124445135107501,0.051878292275478334,0.01568753044887239,-0.03890599842058419,0.22951795675678102,-0.0032297856806500214,-0.07723892180245112,0.04641001631156713,0.07766867437281677,0.029685628060108056,0.15097255250660938
zhen,01,Lan-Bridge vs Online-B,0.02,97.63,271.3786111111113,263.32463414634174,dedup,dedup,0.640244308126306,True,0.029678009375145642,-0.01267058768210562,0.09296933657907698,mtme_UniTE-src-src,0.24076293001717886,0.9607040026515832,0.005878551715045699,-0.0668832448092035,0.053991410879032906,0.009381758405698326,-0.05684388516769268,0.059695063142232795,-0.0032297856806500214,-0.07149796697028737,0.046465317494605154,0.03200111757695323,-0.01889205219608069,0.0875718982845374
zhen,01,Lan-Bridge vs Online-B,0.02,97.63,271.3786111111113,263.32463414634174,dedup,dedup,0.640244308126306,True,0.029678009375145642,-0.01267058768210562,0.09296933657907698,mtme_YiSi-1-refA,0.18052790463478363,0.9604473082422414,0.02441859943172875,-0.02216104015259764,0.0841938978485931,0.011904067222967996,-0.035327786123704054,0.07352548412792312,0.003995578118820453,-0.04553115457138465,0.05054343286127212,0.028399260187339626,-0.0013672526100374056,0.0653163433903509
zhen,01,Lan-Bridge vs Online-B,0.02,97.63,271.3786111111113,263.32463414634174,dedup,dedup,0.640244308126306,True,0.029678009375145642,-0.01267058768210562,0.09296933657907698,mtme_chrF-refA,0.0902231182813043,0.9157360845392822,-0.010343990037051887,-0.03959270630020978,0.03163414045907323,-0.004881297406243323,-0.03789210418495544,0.02704145524386873,-0.02014071979643539,-0.06279365694766427,0.008627109145082459,0.012779667084302782,-0.011552154583876123,0.03795196402879918
zhen,01,Lan-Bridge vs Online-B,0.02,97.63,271.3786111111113,263.32463414634174,dedup,dedup,0.640244308126306,True,0.029678009375145642,-0.01267058768210562,0.09296933657907698,mtme_f101spBLEU-refA,0.08009328319806752,0.8645720481576694,0.022163728763483492,-0.006556699052733616,0.08299429259821842,0.023320833448504108,-1.0618171906778603e-05,0.08244506688504571,0.01868277216937997,-0.012223030523238464,0.07318450553676259,0.010513768665100343,-0.009130351285721688,0.030862472966721864
zhen,01,Lan-Bridge vs Online-B,0.02,97.63,271.3786111111113,263.32463414634174,dedup,dedup,0.640244308126306,True,0.029678009375145642,-0.01267058768210562,0.09296933657907698,mtme_f200spBLEU-refA,0.07596404518479566,0.8696321738056851,0.014835399091686519,-0.024343436502445186,0.07238512157847285,0.029492058435280577,0.0024468576067153535,0.08937735322368102,0.011904067222967774,-0.02373810756919205,0.06774255417955037,0.008149352923323527,-0.014689624590935795,0.033640590768033274
zhen,01,Lan-Bridge vs Online-B,0.02,97.63,271.3786111111113,263.32463414634174,dedup,dedup,0.640244308126306,True,0.029678009375145642,-0.01267058768210562,0.09296933657907698,mtme_metricx_xl_DA_2019-refA,0.26260443387564536,0.9937925634685278,-0.014633841503411515,-0.07504972091690323,0.03249577501491665,0.002334130828033132,-0.049321566239125765,0.05640678822820001,-0.0043648246484211395,-0.06399118729631917,0.038571945759256904,0.03407911222480753,-0.006548445487026244,0.08866248721294016
zhen,01,Lan-Bridge vs Online-B,0.02,97.63,271.3786111111113,263.32463414634174,dedup,dedup,0.640244308126306,True,0.029678009375145642,-0.01267058768210562,0.09296933657907698,mtme_metricx_xl_MQM_2020-refA,0.32096698090966636,0.9880707146931909,-0.016870843569965377,-0.09106348686119876,0.03034305431017663,0.01998082205273577,-0.03682896631033914,0.10344670222937354,-0.00037434173657091563,-0.06221660403766288,0.04689395510699247,0.06980721375081489,0.008377262595006381,0.16855969411823635
zhen,01,Lan-Bridge vs Online-B,0.02,97.63,271.3786111111113,263.32463414634174,dedup,dedup,0.640244308126306,True,0.029678009375145642,-0.01267058768210562,0.09296933657907698,mtme_metricx_xxl_DA_2019-refA,0.262774771829169,0.9945880252964706,-0.026303178838628094,-0.09459246575599363,0.018562302066295524,0.008442600867353378,-0.04634071368339184,0.08183777422313313,-0.008299131833005458,-0.07482650722293102,0.038485606878747844,0.020169270500396408,-0.019356575042200074,0.07220873953220039
zhen,01,Lan-Bridge vs Online-B,0.02,97.63,271.3786111111113,263.32463414634174,dedup,dedup,0.640244308126306,True,0.029678009375145642,-0.01267058768210562,0.09296933657907698,mtme_metricx_xxl_MQM_2020-refA,0.3374430177733143,0.9848440687329651,-0.009535557723824084,-0.0839139491488612,0.048012071561810435,0.011904067222967996,-0.0553495677826175,0.08697240330873933,-0.0043648246484211395,-0.07346955143986776,0.05009086233663593,0.034079112224807084,-0.026010989814873146,0.13026272456478552
zhen,01,Lan-Bridge vs Online-B,0.02,97.63,271.3786111111113,263.32463414634174,dedup,dedup,0.640244308126306,True,0.029678009375145642,-0.01267058768210562,0.09296933657907698,comet22,0.18967293432489044,,0.006613370679426578,-0.04631677349881204,0.05418021753376981,0.016834034456722158,-0.0294675948776821,0.08024950861964916,0.019840112038279623,-0.024164933004566142,0.06962242729068932,0.026828237283359258,-0.013124874321117619,0.06987794338318487
zhen,01,Lan-Bridge vs Online-B,0.02,97.63,271.3786111111113,263.32463414634174,dedup,dedup,0.640244308126306,True,0.029678009375145642,-0.01267058768210562,0.09296933657907698,qwen3_8b,0.2216788010258835,,0.011904067222967551,-0.05302791251133697,0.08934845872376629,0.03832363521924098,-0.016681144654037985,0.14353127094569473,0.0,-0.06437602511306063,0.04184249066548162,0.02981922319670638,-0.002432397579189099,0.08823076284257719
zhen,01,Lan-Bridge vs Online-B,0.02,97.63,271.3786111111113,263.32463414634174,dedup,dedup,0.640244308126306,True,0.029678009375145642,-0.01267058768210562,0.09296933657907698,mistral_7b,0.08018293968528108,,-0.03815406161207635,-0.10772868624586986,-0.007011599406759171,-0.010495131730393847,-0.0626674036174335,0.02082223661860065,-0.00460060569003562,-0.050267896450439366,0.0246359797379227,0.007454805799176789,-0.018337958340376558,0.03011124610033518
zhen,02,Lan-Bridge vs LanguageX,0.01,96.44,498.3629629629633,476.0214689265539,dedup,dedup,0.8064864222119831,True,0.044829764041012354,-0.012767644291166051,0.09069285694943717,mtme_BERTScore-refA,0.16527031485424304,0.9400920205176692,-0.021018841828495116,-0.06893096796638291,0.010557218716208872,0.015858885720012816,-0.012017604591519732,0.050910014176499485,0.018801257598883292,-0.008894682879975718,0.05818350794401872,0.04925542659914839,0.011078153898903662,0.10503468597161227
zhen,02,Lan-Bridge vs LanguageX,0.01,96.44,498.3629629629633,476.0214689265539,dedup,dedup,0.8064864222119831,True,0.044829764041012354,-0.012767644291166051,0.09069285694943717,mtme_BLEU-refA,0.07065542115575524,0.8293746844592913,-0.013371890650403673,-0.044217010021985685,0.006118194538637426,-0.007680089310949878,-0.03944761073566442,0.017039795308490778,-0.011570004676235923,-0.043644424530295385,0.0124140016916778,0.03518244757082045,0.00584580766641141,0.08430513697624524
zhen,02,Lan-Bridge vs LanguageX,0.01,96.44,498.3629629629633,476.0214689265539,dedup,dedup,0.8064864222119831,True,0.044829764041012354,-0.012767644291166051,0.09069285694943717,mtme_BLEURT-20-refA,0.2051095720287492,0.9802219595565596,0.0010915098751165253,-0.04310338688223137,0.04199136128615109,-0.0013673641890097343,-0.04166910045047276,0.04541035598549294,0.0010915098751165253,-0.03634892391828461,0.04242891630961812,0.03518244757082045,-0.0024879374158224255,0.08488872895179093
zhen,02,Lan-Bridge vs LanguageX,0.01,96.44,498.3629629629633,476.0214689265539,dedup,dedup,0.8064864222119831,True,0.044829764041012354,-0.012767644291166051,0.09069285694943717,mtme_COMET-20-refA,0.1705770229610727,0.9752672183823412,0.011570004676235812,-0.019421870690323206,0.052454627754229086,0.01880125759888318,-0.008251465076693673,0.054449204711520524,0.021743629477753545,-0.008545533688130791,0.06294026198722104,0.020229907353221832,-0.03182048023584232,0.07612010527878511
zhen,02,Lan-Bridge vs LanguageX,0.01,96.44,498.3629629629633,476.0214689265539,dedup,dedup,0.8064864222119831,True,0.044829764041012354,-0.012767644291166051,0.09069285694943717,mtme_COMET-22-refA,0.24624261879842302,0.9866351677254928,0.022864533050656055,-0.026051772278548168,0.08169836316119812,0.04951962001428922,0.005534389579150894,0.12242562687809123,0.04840512160466004,-0.011015505073119668,0.11385899648893882,0.06935968235390244,0.013015742267275244,0.17340204230384587
zhen,02,Lan-Bridge vs LanguageX,0.01,96.44,498.3629629629633,476.0214689265539,dedup,dedup,0.8064864222119831,True,0.044829764041012354,-0.012767644291166051,0.09069285694943717,mtme_COMET-QE-src,0.19179619265612874,0.922900899652606,-0.0036536856872324552,-0.043021620073000214,0.028943150011599875,0.017355007014353663,-0.00391451645829396,0.05025566638989103,0.009320281544745401,-0.023816893086661267,0.054221445041844965,0.015267854606205389,-0.03777401771508519,0.062079029608808185
zhen,02,Lan-Bridge vs LanguageX,0.01,96.44,498.3629629629633,476.0214689265539,dedup,dedup,0.8064864222119831,True,0.044829764041012354,-0.012767644291166051,0.09069285694943717,mtme_COMETKiwi-src,0.20352047328829026,0.959377087982424,0.005673752293153922,-0.03322513752920693,0.059154728859311514,0.01880125759888318,-0.01261053399992377,0.07427041439824765,0.0204112346646802,-0.018860927643708836,0.07249772269331438,0.05664374058902044,0.015714068896095033,0.1419456759938534
zhen,02,Lan-Bridge vs LanguageX,0.01,96.44,498.3629629629633,476.0214689265539,dedup,dedup,0.8064864222119831,True,0.044829764041012354,-0.012767644291166051,0.09069285694943717,mtme_Cross-QE-src,0.16785838332669117,0.966162403744368,-0.007453753012575337,-0.03717956190855807,0.039246598044292036,0.004089398204531691,-0.018913152964767217,0.03663887445270875,0.009974141962272198,-0.02043328556417053,0.04703096617459878,0.032367851765154665,-0.0030827371882781117,0.0798088255242336
zhen,02,Lan-Bridge vs LanguageX,0.01,96.44,498.3629629629633,476.0214689265539,dedup,dedup,0.8064864222119831,True,0.044829764041012354,-0.012767644291166051,0.09069285694943717,mtme_HWTSC-TLM-src,0.0786756100783756,0.498241633134339,-0.01533025619601247,-0.04760498208767145,0.00992125669219558,-0.007776560520093012,-0.034569441932182185,0.009730365831122667,-0.011570004676235923,-0.03780415676064264,0.008942085568329676,0.0147126598932521,-0.006959175948213508,0.040364868796710106
zhen,02,Lan-Bridge vs LanguageX,0.01,96.44,498.3629629629633,476.0214689265539,dedup,dedup,0.8064864222119831,True,0.044829764041012354,-0.012767644291166051,0.09069285694943717,mtme_HWTSC-Teacher-Sim-src,0.1004040426426932,0.3949247735620734,-0.005785002338118073,-0.03441602591916115,0.022675896671871316,-0.009641670563529825,-0.04237064641253001,0.015237599860360714,-0.017355007014353774,-0.051893252309506546,0.0039048132101081575,0.0077066313726558144,-0.016431977511937267,0.03512059753720712
zhen,02,Lan-Bridge vs LanguageX,0.01,96.44,498.3629629629633,476.0214689265539,dedup,dedup,0.8064864222119831,True,0.044829764041012354,-0.012767644291166051,0.09069285694943717,mtme_KG-BERTScore-src,0.08826809565545543,0.679795467170797,-0.019449576826431114,-0.043878642026221555,-0.005785908774295326,-0.009641670563529825,-0.028507020184686805,0.004000447058946649,-0.013371890650403673,-0.042553657990267724,0.0064647500502601095,0.0037637036936226664,-0.027997993972911132,0.02965725116585503
zhen,02,Lan-Bridge vs LanguageX,0.01,96.44,498.3629629629633,476.0214689265539,dedup,dedup,0.8064864222119831,True,0.044829764041012354,-0.012767644291166051,0.09069285694943717,mtme_MATESE-QE-src,0.18092705289665179,0.9351848265501388,-0.019449576826431114,-0.06522418186853696,0.01246876520003693,-0.01533025619601247,-0.054015034350640645,0.013896233126691875,-0.026707427460977762,-0.07424695756753323,0.0004733956685714424,0.00735632994662605,-0.032704856389376084,0.04977315541425491
zhen,02,Lan-Bridge vs LanguageX,0.01,96.44,498.3629629629633,476.0214689265539,dedup,dedup,0.8064864222119831,True,0.044829764041012354,-0.012767644291166051,0.09069285694943717,mtme_MATESE-refA,0.2183218337400586,0.9674894649743352,0.007531418138304269,-0.032547311761374084,0.057673511917789626,0.01880125759888318,-0.013633915361919047,0.06553158231504562,0.015388106219393571,-0.03174388739842313,0.0716030574627783,0.00735632994662605,-0.048396446161590334,0.057731873511724305
zhen,02,Lan-Bridge vs LanguageX,0.01,96.44,498.3629629629633,476.0214689265539,dedup,dedup,0.8064864222119831,True,0.044829764041012354,-0.012767644291166051,0.09069285694943717,mtme_MEE-refA,0.09051007435503255,0.8976609341086564,-0.009641670563529825,-0.025929132200060302,0.0024730588649002423,-0.011570004676235923,-0.034317147440606016,0.005752409036042551,-0.009641670563529825,-0.03162436036609361,0.006998746250804519,0.006743302451074018,-0.04766490256376311,0.035843957366521115
zhen,02,Lan-Bridge vs LanguageX,0.01,96.44,498.3629629629633,476.0214689265539,dedup,dedup,0.8064864222119831,True,0.044829764041012354,-0.012767644291166051,0.09069285694943717,mtme_MEE2-refA,0.1195150679887762,0.9352238472927537,-0.001795345553209149,-0.026733542693396062,0.030312874699436537,0.011044095372770402,-0.012421352009534852,0.04778006706011876,0.0005165180659033597,-0.025901467138904254,0.0279216166126365,0.012947140706062066,-0.04193506237651495,0.06549559046308617
zhen,02,Lan-Bridge vs LanguageX,0.01,96.44,498.3629629629633,476.0214689265539,dedup,dedup,0.8064864222119831,True,0.044829764041012354,-0.012767644291166051,0.09069285694943717,mtme_MEE4-refA,0.12912563325966225,0.9593140488993936,0.014310268941660098,-0.006801428203813602,0.04665055841313805,0.020298253817957468,-0.0023190578801681127,0.05899112001288758,0.015858885720012816,-0.006031075069885138,0.0462390510975798,0.021109468542492293,-0.02801233327163001,0.0905151540776434
zhen,02,Lan-Bridge vs LanguageX,0.01,96.44,498.3629629629633,476.0214689265539,dedup,dedup,0.8064864222119831,True,0.044829764041012354,-0.012767644291166051,0.09069285694943717,mtme_MS-COMET-22-refA,0.18178908349638917,0.98746083650136,-0.013197036583831423,-0.0456423431348365,0.018590252325200073,0.014310268941660098,-0.014836867243966684,0.05135567005812894,0.014604760001150296,-0.016698190728423296,0.05314626719870801,0.032367851765154776,-0.012797401948371315,0.07569945055185938
zhen,02,Lan-Bridge vs LanguageX,0.01,96.44,498.3629629629633,476.0214689265539,dedup,dedup,0.8064864222119831,True,0.044829764041012354,-0.012767644291166051,0.09069285694943717,mtme_MS-COMET-QE-22-src,0.18244800316697618,0.9490970977882788,0.007424086333918001,-0.02603021987170944,0.045209672901876566,0.008135159537978387,-0.02564867962101134,0.046927042045769175,0.006611431243563448,-0.026082344167518604,0.03862069394288537,0.021109468542492293,-0.02159190925255605,0.07695759719123967
zhen,02,Lan-Bridge vs LanguageX,0.01,96.44,498.3629629629633,476.0214689265539,dedup,dedup,0.8064864222119831,True,0.044829764041012354,-0.012767644291166051,0.09069285694943717,mtme_REUSE-src,-0.008697971657942696,-0.0713802384978524,-0.019449576826431114,-0.053109514966816575,0.004511577878016946,0.0023342991890651366,-0.005193589353951233,0.01868324486849876,-0.009641670563529825,-0.036685621928468574,0.005692252744828927,0.0,0.0,0.0
zhen,02,Lan-Bridge vs LanguageX,0.01,96.44,498.3629629629633,476.0214689265539,dedup,dedup,0.8064864222119831,True,0.044829764041012354,-0.012767644291166051,0.09069285694943717,mtme_SEScore-refA,0.14710716304047564,0.93964771879046,0.0017355007014353552,-0.04149652028172281,0.044914242228444666,0.014310268941660098,-0.02422726601926516,0.052099012331498405,0.012706344421223204,-0.024773967977673082,0.05384918112565716,0.04720311715751724,0.005856316053959002,0.10409539717742958
zhen,02,Lan-Bridge vs LanguageX,0.01,96.44,498.3629629629633,476.0214689265539,dedup,dedup,0.8064864222119831,True,0.044829764041012354,-0.012767644291166051,0.09069285694943717,mtme_UniTE-ref-refA,0.23634891121999851,0.975743491343244,0.021743629477753657,-0.018730351232858086,0.07701253466354531,0.024489843231365938,-0.012573382826201284,0.07076480853428786,0.02966128471544105,-0.008633908311995888,0.09009374927516114,0.028145958056656206,-0.018683754389715704,0.07918630574513492
zhen,02,Lan-Bridge vs LanguageX,0.01,96.44,498.3629629629633,476.0214689265539,dedup,dedup,0.8064864222119831,True,0.044829764041012354,-0.012767644291166051,0.09069285694943717,mtme_UniTE-refA,0.25136290015783136,0.9824419355235168,0.02345555493455076,-0.009510489896181926,0.0835950707577506,0.027628373235494275,-0.007593527873790977,0.07816959265769194,0.04617086771743173,0.006522213395495122,0.09872343757763184,0.028145958056656206,-0.0204845931443112,0.08367097374304473
zhen,02,Lan-Bridge vs LanguageX,0.01,96.44,498.3629629629633,476.0214689265539,dedup,dedup,0.8064864222119831,True,0.044829764041012354,-0.012767644291166051,0.09069285694943717,mtme_UniTE-src-src,0.23091659243662582,0.9607040026515832,0.023140009352471735,-0.010174624483921556,0.07459547247360268,0.009009429870839414,-0.02221628633269135,0.03826596319347817,0.02155379903395549,-0.006993754114128558,0.056660779382280535,0.042218937084984365,0.007031029648394639,0.09327149748499226
zhen,02,Lan-Bridge vs LanguageX,0.01,96.44,498.3629629629633,476.0214689265539,dedup,dedup,0.8064864222119831,True,0.044829764041012354,-0.012767644291166051,0.09069285694943717,mtme_YiSi-1-refA,0.15878303915343095,0.9604473082422414,-0.01533025619601247,-0.05686511314950608,0.016364417042434493,0.015640932247503847,-0.020163512851021904,0.0664661288761498,0.01880125759888318,-0.015664469636214724,0.07114649749035368,0.046753563660778985,0.006155408055447064,0.10370516066746181
zhen,02,Lan-Bridge vs LanguageX,0.01,96.44,498.3629629629633,476.0214689265539,dedup,dedup,0.8064864222119831,True,0.044829764041012354,-0.012767644291166051,0.09069285694943717,mtme_chrF-refA,0.11833720332240982,0.9157360845392822,-0.011392004604293682,-0.0516879421103487,0.01959278070138605,-0.003953084931047179,-0.04664761541092264,0.028417189408020436,-0.004223969961165475,-0.05139704331545577,0.03635095000272636,0.02942531978650431,-0.010017924587846387,0.08493957813771129
zhen,02,Lan-Bridge vs LanguageX,0.01,96.44,498.3629629629633,476.0214689265539,dedup,dedup,0.8064864222119831,True,0.044829764041012354,-0.012767644291166051,0.09069285694943717,mtme_f101spBLEU-refA,0.0905111711105761,0.8645720481576694,-0.009641670563529825,-0.04225930421655053,0.014894032410021497,0.004089398204531691,-0.02340225086247716,0.03197470763986514,0.0017355007014353552,-0.022790288291725795,0.027653615093230836,0.013486604902147925,-0.022942795867271333,0.059070980478643724
zhen,02,Lan-Bridge vs LanguageX,0.01,96.44,498.3629629629633,476.0214689265539,dedup,dedup,0.8064864222119831,True,0.044829764041012354,-0.012767644291166051,0.09069285694943717,mtme_f200spBLEU-refA,0.0909059848032716,0.8696321738056851,-0.005971615316766821,-0.04542492966042899,0.024748903463043283,0.0023342991890651366,-0.02488271335380846,0.031794405306453055,-0.001795345553209149,-0.024629257430085677,0.024732392187999695,0.020229907353221832,-0.012379041176380473,0.06503033211725281
zhen,02,Lan-Bridge vs LanguageX,0.01,96.44,498.3629629629633,476.0214689265539,dedup,dedup,0.8064864222119831,True,0.044829764041012354,-0.012767644291166051,0.09069285694943717,mtme_metricx_xl_DA_2019-refA,0.2339648777539775,0.9937925634685278,0.0010915098751165253,-0.042055438181717336,0.05406977312172816,0.02345555493455076,-0.01599350182582432,0.07750952592228488,0.010435690492290872,-0.02975541310094965,0.06079512088301382,0.06710408292775949,0.018190056701440152,0.1461003642921124
zhen,02,Lan-Bridge vs LanguageX,0.01,96.44,498.3629629629633,476.0214689265539,dedup,dedup,0.8064864222119831,True,0.044829764041012354,-0.012767644291166051,0.09069285694943717,mtme_metricx_xl_MQM_2020-refA,0.2752109587301921,0.9880707146931909,-0.0033210198607716013,-0.043207028235464455,0.030743926724175894,0.039730959454243764,0.004041523003317219,0.09833198765338495,0.03877182418100289,-0.008218229029709301,0.0905567104328837,0.05664374058902044,0.005964155688111467,0.14620917180005308
zhen,02,Lan-Bridge vs LanguageX,0.01,96.44,498.3629629629633,476.0214689265539,dedup,dedup,0.8064864222119831,True,0.044829764041012354,-0.012767644291166051,0.09069285694943717,mtme_metricx_xxl_DA_2019-refA,0.2320614988444713,0.9945880252964706,0.020542661363928794,-0.02109242503458969,0.0709659949456912,0.03227422357055265,-0.0010232883226623684,0.08022352247884806,0.042693317255310226,0.005928145439838917,0.10354174856144191,0.06542438122744032,0.019369928614165612,0.13905280438503087
zhen,02,Lan-Bridge vs LanguageX,0.01,96.44,498.3629629629633,476.0214689265539,dedup,dedup,0.8064864222119831,True,0.044829764041012354,-0.012767644291166051,0.09069285694943717,mtme_metricx_xxl_MQM_2020-refA,0.27496903323669064,0.9848440687329651,0.020298253817957468,-0.027697066943627485,0.068894793993332,0.050590412603933044,0.00389336853832086,0.13837601624848428,0.07379091871288168,0.026694363332903117,0.14051905695809938,0.05394641960859092,-0.001996164790970517,0.12798652994404763
zhen,02,Lan-Bridge vs LanguageX,0.01,96.44,498.3629629629633,476.0214689265539,dedup,dedup,0.8064864222119831,True,0.044829764041012354,-0.012767644291166051,0.09069285694943717,comet22,0.18851058499875428,,0.01880125759888318,-0.017661403858608957,0.07094666560558459,0.030178428863848583,0.0014864980614077501,0.08091288191323488,0.015858885720012816,-0.017333031812746286,0.06380321832276781,0.032367851765154665,-0.013803905506209338,0.09245246351015791
zhen,02,Lan-Bridge vs LanguageX,0.01,96.44,498.3629629629633,476.0214689265539,dedup,dedup,0.8064864222119831,True,0.044829764041012354,-0.012767644291166051,0.09069285694943717,qwen3_8b,0.16608215506429969,,0.013971326401492234,-0.019039601222634334,0.06035908466765243,0.035867014496330896,-0.0021004580706006242,0.09255526286619971,0.02489617077654316,-0.009328620842982409,0.06944619020019681,0.046753563660778985,0.002914958643929975,0.11074298877983203
zhen,02,Lan-Bridge vs LanguageX,0.01,96.44,498.3629629629633,476.0214689265539,dedup,dedup,0.8064864222119831,True,0.044829764041012354,-0.012767644291166051,0.09069285694943717,mistral_7b,0.09610086092764664,,0.008322284065362617,-0.016591152005227698,0.04637519301851883,0.004089398204531691,-0.013116430572976706,0.02846811750319926,-0.001795345553209149,-0.019016578345245116,0.018668130715279018,0.0034433884856549524,-0.025415091673452878,0.027343724228906005
zhen,02,Lan-Bridge vs LanguageX,0.02,96.44,233.35703703703751,214.10133333333388,dedup,dedup,0.5867276975037465,True,0.08251606186038196,0.000587259748044808,0.24126935311698008,mtme_BERTScore-refA,0.16527031485424304,0.9400920205176692,-0.023860975488242175,-0.2762364430152953,0.04044336328505315,0.03579146323236315,-0.04743608306242054,0.1924683066039451,0.0252645622816684,-0.05915793973590984,0.13707416398993405,0.016106302628075442,-0.05092692597878724,0.06385688644176037
zhen,02,Lan-Bridge vs LanguageX,0.02,96.44,233.35703703703751,214.10133333333388,dedup,dedup,0.5867276975037465,True,0.08251606186038196,0.000587259748044808,0.24126935311698008,mtme_BLEU-refA,0.07065542115575524,0.8293746844592913,-0.003976829248041325,-0.10750065500947963,0.10429564724058328,0.04038011236471717,-0.023861432348861546,0.22907843118678156,0.005965243872058101,-0.12428756161362285,0.12187546408210417,-0.003542441926996265,-0.040740573600765495,0.031123041361127708
zhen,02,Lan-Bridge vs LanguageX,0.02,96.44,233.35703703703751,214.10133333333388,dedup,dedup,0.5867276975037465,True,0.08251606186038196,0.000587259748044808,0.24126935311698008,mtme_BLEURT-20-refA,0.2051095720287492,0.9802219595565596,-0.003976829248041325,-0.30137723985468184,0.09424149619958343,0.020878353552211792,-0.10851966227960462,0.12042988648855656,-0.02386097548824173,-0.2831089180688491,0.07347483072275303,0.026146595175446707,-0.019432120308662475,0.08964972686267288
zhen,02,Lan-Bridge vs LanguageX,0.02,96.44,233.35703703703751,214.10133333333388,dedup,dedup,0.5867276975037465,True,0.08251606186038196,0.000587259748044808,0.24126935311698008,mtme_COMET-20-refA,0.1705770229610727,0.9752672183823412,-0.08351341420885583,-0.19087878836030445,0.234239738796305,0.0036709193058827028,-0.22126192322450658,0.08411218023510449,-0.02386097548824284,-0.2728357444319072,0.06324521318199937,-0.01109965137125446,-0.10458741893583226,0.025459733785276398
zhen,02,Lan-Bridge vs LanguageX,0.02,96.44,233.35703703703751,214.10133333333388,dedup,dedup,0.5867276975037465,True,0.08251606186038196,0.000587259748044808,0.24126935311698008,mtme_COMET-22-refA,0.24624261879842302,0.9866351677254928,0.015907316992161635,-0.10040681086205731,0.16882619692219666,0.0252645622816684,-0.0877501734604568,0.15663077140833503,-0.005023363260682201,-0.1825581701842918,0.09775413386616076,0.01042694522754184,-0.07825138678235595,0.061933349756842594
zhen,02,Lan-Bridge vs LanguageX,0.02,96.44,233.35703703703751,214.10133333333388,dedup,dedup,0.5867276975037465,True,0.08251606186038196,0.000587259748044808,0.24126935311698008,mtme_COMET-QE-src,0.19179619265612874,0.922900899652606,-0.06860030452869648,-0.3321124775073119,0.017203509418444608,-0.03579146323236282,-0.30262816310157264,0.07378055280919654,-0.0636292679686461,-0.3153475059714359,0.03451737500820913,-0.07760309448072711,-0.23746708456125815,-0.02036847510623223
zhen,02,Lan-Bridge vs LanguageX,0.02,96.44,233.35703703703751,214.10133333333388,dedup,dedup,0.5867276975037465,True,0.08251606186038196,0.000587259748044808,0.24126935311698008,mtme_COMETKiwi-src,0.20352047328829026,0.959377087982424,-0.02386097548824151,-0.22091421450157156,0.07417765139672991,-0.010604877994774053,-0.2107088634738378,0.08550078556787016,-0.016843041521111823,-0.15534716918758398,0.08291800236518877,-0.004828775449422507,-0.07483060206326703,0.05080452242551947
zhen,02,Lan-Bridge vs LanguageX,0.02,96.44,233.35703703703751,214.10133333333388,dedup,dedup,0.5867276975037465,True,0.08251606186038196,0.000587259748044808,0.24126935311698008,mtme_Cross-QE-src,0.16785838332669117,0.966162403744368,-0.011930487744120644,-0.2642334349500079,0.09554684255784804,-0.015907316992161746,-0.2371616978383604,0.05992816370135852,-0.02386097548824173,-0.2699182070311864,0.05998846602252442,-0.014211443495360632,-0.10388642778192222,0.028388925267451695
zhen,02,Lan-Bridge vs LanguageX,0.02,96.44,233.35703703703751,214.10133333333388,dedup,dedup,0.5867276975037465,True,0.08251606186038196,0.000587259748044808,0.24126935311698008,mtme_HWTSC-TLM-src,0.0786756100783756,0.498241633134339,0.005965243872060655,-0.06378288582330359,0.08674631950448353,-0.014683677223534142,-0.1318082729061091,0.0491909255807205,-0.02386097548824284,-0.23517797984397168,0.04526624012812931,-0.007321046649124918,-0.06379770070571786,0.028494605374937743
zhen,02,Lan-Bridge vs LanguageX,0.02,96.44,233.35703703703751,214.10133333333388,dedup,dedup,0.5867276975037465,True,0.08251606186038196,0.000587259748044808,0.24126935311698008,mtme_HWTSC-Teacher-Sim-src,0.1004040426426932,0.3949247735620734,-0.05639866933584625,-0.23349168797941283,0.025857843130403936,-0.04772195097648568,-0.2423854497129631,0.0350869162196444,-0.0513928702823685,-0.2404862661912185,0.015035616796239848,-0.010486904659557483,-0.04996402624822666,0.021603679238627764
zhen,02,Lan-Bridge vs LanguageX,0.02,96.44,233.35703703703751,214.10133333333388,dedup,dedup,0.5867276975037465,True,0.08251606186038196,0.000587259748044808,0.24126935311698008,mtme_KG-BERTScore-src,0.08826809565545543,0.679795467170797,-0.03711707298171185,-0.2441083710082528,0.09923759594201338,0.005965243872058101,-0.12182651244315665,0.2328548529185534,-0.02386097548824284,-0.27703228871319385,0.038057032251404554,-0.00732104664912514,-0.052394618966941725,0.01940081581744466
zhen,02,Lan-Bridge vs LanguageX,0.02,96.44,233.35703703703751,214.10133333333388,dedup,dedup,0.5867276975037465,True,0.08251606186038196,0.000587259748044808,0.24126935311698008,mtme_MATESE-QE-src,0.18092705289665179,0.9351848265501388,-0.0589506453238926,-0.2842070948385813,0.019980820493287966,-0.02386097548824173,-0.1868952035989784,0.06637395004521444,-0.01758177141238848,-0.21205719404483386,0.06442275029816433,-0.015892028092003185,-0.08811503913311315,0.030468480703199498
zhen,02,Lan-Bridge vs LanguageX,0.02,96.44,233.35703703703751,214.10133333333388,dedup,dedup,0.5867276975037465,True,0.08251606186038196,0.000587259748044808,0.24126935311698008,mtme_MATESE-refA,0.2183218337400586,0.9674894649743352,-0.00829946973503981,-0.2041826396170376,0.10096969391534548,0.05206031015616541,-0.04929652751265688,0.1998637871952471,0.0159073169921623,-0.10211477253579436,0.13872420919291015,-0.019651230479230675,-0.10768592656226571,0.020052448087119562
zhen,02,Lan-Bridge vs LanguageX,0.02,96.44,233.35703703703751,214.10133333333388,dedup,dedup,0.5867276975037465,True,0.08251606186038196,0.000587259748044808,0.24126935311698008,mtme_MEE-refA,0.09051007435503255,0.8976609341086564,-0.016843041521111823,-0.14170049830977147,0.04456461172374752,0.011228694347408363,-0.10266030526757242,0.10260873417485004,0.010226132352103456,-0.10641674731172829,0.1119303975280157,0.011571976961520347,-0.01924567648670453,0.05950583836153546
zhen,02,Lan-Bridge vs LanguageX,0.02,96.44,233.35703703703751,214.10133333333388,dedup,dedup,0.5867276975037465,True,0.08251606186038196,0.000587259748044808,0.24126935311698008,mtme_MEE2-refA,0.1195150679887762,0.9352238472927537,-0.02386097548824173,-0.2723684571067618,0.04127277212819551,0.04772195097648435,-0.03002659969501573,0.18966918558474427,0.03036851425776177,-0.08756253849113566,0.15095470855789878,0.004014767517262152,-0.0374386171345889,0.051739060370819816
zhen,02,Lan-Bridge vs LanguageX,0.02,96.44,233.35703703703751,214.10133333333388,dedup,dedup,0.5867276975037465,True,0.08251606186038196,0.000587259748044808,0.24126935311698008,mtme_MEE4-refA,0.12912563325966225,0.9593140488993936,0.005965243872058101,-0.14043082832879317,0.21483024987788657,0.031814633984322604,-0.05145796445843268,0.14415404454192707,0.052060310156163636,-0.0786846107676009,0.16146797176767697,-0.003542441926996265,-0.07182082137009403,0.03489021833949056
zhen,02,Lan-Bridge vs LanguageX,0.02,96.44,233.35703703703751,214.10133333333388,dedup,dedup,0.5867276975037465,True,0.08251606186038196,0.000587259748044808,0.24126935311698008,mtme_MS-COMET-22-refA,0.18178908349638917,0.98746083650136,0.005965243872060877,-0.12098548432531925,0.0893688426360968,0.035791463232363596,-0.048760423498899856,0.22315471881324353,0.03579146323236271,-0.09909484574432766,0.2365948875882543,-0.040788688473697876,-0.19559649025225806,0.00989297359448754
zhen,02,Lan-Bridge vs LanguageX,0.02,96.44,233.35703703703751,214.10133333333388,dedup,dedup,0.5867276975037465,True,0.08251606186038196,0.000587259748044808,0.24126935311698008,mtme_MS-COMET-QE-22-src,0.18244800316697618,0.9490970977882788,-0.1431658529294524,-0.2981423356646771,0.05133906947274817,-0.11333963356915344,-0.26928799932464154,0.033729445871256515,-0.1431658529294524,-0.2352019343503288,0.2234924340143884,0.016106302628074443,-0.08236204482004995,0.10756219816595959
zhen,02,Lan-Bridge vs LanguageX,0.02,96.44,233.35703703703751,214.10133333333388,dedup,dedup,0.5867276975037465,True,0.08251606186038196,0.000587259748044808,0.24126935311698008,mtme_REUSE-src,-0.008697971657942696,-0.0713802384978524,0.0,-0.10074803222483641,0.043921094529569514,0.003670919305883036,-0.04710617547304513,0.026886695109406115,-0.006817421568069415,-0.08572687200036885,0.029440195065561094,0.0,0.0,0.0
zhen,02,Lan-Bridge vs LanguageX,0.02,96.44,233.35703703703751,214.10133333333388,dedup,dedup,0.5867276975037465,True,0.08251606186038196,0.000587259748044808,0.24126935311698008,mtme_SEScore-refA,0.14710716304047564,0.93964771879046,-0.03181463398432327,-0.2700967577722388,0.03899465862333103,-0.03303827375295132,-0.2285413816973312,0.038676843490239046,-0.03303827375295154,-0.22350190766106948,0.05575430587964601,0.01287494410708201,-0.035419009694114226,0.06722099182266571
zhen,02,Lan-Bridge vs LanguageX,0.02,96.44,233.35703703703751,214.10133333333388,dedup,dedup,0.5867276975037465,True,0.08251606186038196,0.000587259748044808,0.24126935311698008,mtme_UniTE-ref-refA,0.23634891121999851,0.975743491343244,0.002074867433761063,-0.1158739381448394,0.13714705493821225,0.030368514257763435,-0.07431358772061021,0.17283298627837254,0.011930487744121643,-0.1045519163779089,0.14064034434218434,0.022799830992989878,-0.030936761874469504,0.08828556327461896
zhen,02,Lan-Bridge vs LanguageX,0.02,96.44,233.35703703703751,214.10133333333388,dedup,dedup,0.5867276975037465,True,0.08251606186038196,0.000587259748044808,0.24126935311698008,mtme_UniTE-refA,0.25136290015783136,0.9824419355235168,-0.013918902368140307,-0.16530649109355483,0.1334955568694335,0.027269686272277327,-0.08794889060124106,0.22436039410807093,0.002074867433761063,-0.12518408362773728,0.15810563735872957,0.024625338728875623,-0.03249569763281376,0.0909132796535722
zhen,02,Lan-Bridge vs LanguageX,0.02,96.44,233.35703703703751,214.10133333333388,dedup,dedup,0.5867276975037465,True,0.08251606186038196,0.000587259748044808,0.24126935311698008,mtme_UniTE-src-src,0.23091659243662582,0.9607040026515832,-0.0028071735868520076,-0.10515204658518372,0.09864311493330523,0.002074867433761063,-0.10688314509953747,0.11477601357597107,-0.02386097548824151,-0.2890716483900593,0.09084229423403387,0.006299505256224247,-0.06884999824822496,0.07077973871195953
zhen,02,Lan-Bridge vs LanguageX,0.02,96.44,233.35703703703751,214.10133333333388,dedup,dedup,0.5867276975037465,True,0.08251606186038196,0.000587259748044808,0.24126935311698008,mtme_YiSi-1-refA,0.15878303915343095,0.9604473082422414,-0.011930487744120644,-0.218773377361118,0.07060184552720775,0.07032708564955648,-0.008528528331280321,0.2342733757125958,0.01590731699216208,-0.05783120225869281,0.12465212529492288,0.017526141978208676,-0.050679900817300394,0.07123157588767261
zhen,02,Lan-Bridge vs LanguageX,0.02,96.44,233.35703703703751,214.10133333333388,dedup,dedup,0.5867276975037465,True,0.08251606186038196,0.000587259748044808,0.24126935311698008,mtme_chrF-refA,0.11833720332240982,0.9157360845392822,-1.3322676295501878e-15,-0.1134427814554183,0.10900638324283829,0.052060310156163636,-0.049124162296388815,0.2247725352583199,0.02386097548824062,-0.10406233850105487,0.1679204281524697,0.011571976961520347,-0.04166885653389726,0.06485085124560282
zhen,02,Lan-Bridge vs LanguageX,0.02,96.44,233.35703703703751,214.10133333333388,dedup,dedup,0.5867276975037465,True,0.08251606186038196,0.000587259748044808,0.24126935311698008,mtme_f101spBLEU-refA,0.0905111711105761,0.8645720481576694,-1.7763568394002505e-15,-0.13417666120631133,0.1260174120383515,0.047721950976482796,-0.053021772079709144,0.23222472288831755,-0.0068174215680720796,-0.12665029905844766,0.14104733968686597,-0.007321046649125362,-0.0493089651171233,0.019733861771673123
zhen,02,Lan-Bridge vs LanguageX,0.02,96.44,233.35703703703751,214.10133333333388,dedup,dedup,0.5867276975037465,True,0.08251606186038196,0.000587259748044808,0.24126935311698008,mtme_f200spBLEU-refA,0.0909059848032716,0.8696321738056851,0.052060310156163636,-0.051433190750369735,0.22796006298697266,0.03036851425776177,-0.07360407563521791,0.1432427204768612,0.015907316992159526,-0.10910538824826618,0.1386364861535851,-0.0032818484978840434,-0.04187362481438155,0.03835951645333899
zhen,02,Lan-Bridge vs LanguageX,0.02,96.44,233.35703703703751,214.10133333333388,dedup,dedup,0.5867276975037465,True,0.08251606186038196,0.000587259748044808,0.24126935311698008,mtme_metricx_xl_DA_2019-refA,0.2339648777539775,0.9937925634685278,0.012449204602561936,-0.11652855425270753,0.18898449087290645,0.03579146323236426,-0.049627463466166234,0.17516514609394285,0.027269686272277327,-0.07767311408429681,0.21890137843066937,0.017526141978208676,-0.039442560059480776,0.08167581359651384
zhen,02,Lan-Bridge vs LanguageX,0.02,96.44,233.35703703703751,214.10133333333388,dedup,dedup,0.5867276975037465,True,0.08251606186038196,0.000587259748044808,0.24126935311698008,mtme_metricx_xl_MQM_2020-refA,0.2752109587301921,0.9880707146931909,0.030368514257763435,-0.06425644724644193,0.2288650443860257,0.04241951197909832,-0.04952386181894897,0.2204283812190807,0.04357221610896489,-0.0540893543515702,0.23196109018942154,0.01971051020918324,-0.04569412667835041,0.08789911060479323
zhen,02,Lan-Bridge vs LanguageX,0.02,96.44,233.35703703703751,214.10133333333388,dedup,dedup,0.5867276975037465,True,0.08251606186038196,0.000587259748044808,0.24126935311698008,mtme_metricx_xxl_DA_2019-refA,0.2320614988444713,0.9945880252964706,-0.013918902368140307,-0.20080146557268824,0.07718235355166994,0.008676718359361457,-0.12529702374485888,0.12548902988380745,0.0026512194986937354,-0.26300408565060207,0.09955138304448269,0.02304773945094929,-0.043421838103978865,0.07246365872075543
zhen,02,Lan-Bridge vs LanguageX,0.02,96.44,233.35703703703751,214.10133333333388,dedup,dedup,0.5867276975037465,True,0.08251606186038196,0.000587259748044808,0.24126935311698008,mtme_metricx_xxl_MQM_2020-refA,0.27496903323669064,0.9848440687329651,0.008676718359361457,-0.15023206740068942,0.1870367721804196,0.03358211365011965,-0.07516022147161135,0.20902471275012577,0.018747909312191502,-0.09782672116698568,0.19961670305732285,0.023915419053808562,-0.042761041878510125,0.09218490104693437
zhen,02,Lan-Bridge vs LanguageX,0.02,96.44,233.35703703703751,214.10133333333388,dedup,dedup,0.5867276975037465,True,0.08251606186038196,0.000587259748044808,0.24126935311698008,comet22,0.18851058499875428,,-0.003976829248041325,-0.22862726229439526,0.07027864419630604,0.015907316992161635,-0.13353911485083544,0.11061583913576685,-0.011930487744120644,-0.24460903765173875,0.059831908448148674,-0.003542441926996265,-0.08680126645214356,0.036130106228988705
zhen,02,Lan-Bridge vs LanguageX,0.02,96.44,233.35703703703751,214.10133333333388,dedup,dedup,0.5867276975037465,True,0.08251606186038196,0.000587259748044808,0.24126935311698008,qwen3_8b,0.16608215506429969,,5.551115123125783e-16,-0.1517599146443108,0.0810729003363533,0.0252645622816684,-0.05715815168499158,0.1320190158402993,-0.023860975488242175,-0.2005963465998589,0.0512099093139338,-0.011659444663421947,-0.12234856008996205,0.043909681367062255
zhen,02,Lan-Bridge vs LanguageX,0.02,96.44,233.35703703703751,214.10133333333388,dedup,dedup,0.5867276975037465,True,0.08251606186038196,0.000587259748044808,0.24126935311698008,mistral_7b,0.09610086092764664,,-0.030140179564094982,-0.26883834722787386,0.02196470144511709,0.027269686272276217,-0.039435429330525226,0.10661021019642644,0.010226132352103456,-0.07219048591963009,0.07312106637306709,-0.007321046649125362,-0.06823928654519484,0.022569572552721146
zhen,03,Lan-Bridge vs JDExploreAcademy,0.01,96.72333333333333,367.53564102564246,308.40503875969017,dedup,dedup,0.7368327788199864,True,0.1608839950894091,-0.00042169604437279314,0.28907558815461676,mtme_BERTScore-refA,0.14476508049349568,0.9400920205176692,-0.04490943023935556,-0.10526105529845582,0.08022225939098282,-0.06276041398292254,-0.13559373111889259,0.055027520987811655,-0.06463946490329797,-0.14899321863063114,0.05673905112295093,0.08404441468349577,-0.004562425265333546,0.21344746518637372
zhen,03,Lan-Bridge vs JDExploreAcademy,0.01,96.72333333333333,367.53564102564246,308.40503875969017,dedup,dedup,0.7368327788199864,True,0.1608839950894091,-0.00042169604437279314,0.28907558815461676,mtme_BLEU-refA,0.05805525184957115,0.8293746844592913,-0.027058446495790145,-0.13771979675037105,0.029648881273643186,-0.009158243429343349,-0.03899898645263814,0.08478624168257018,-0.02705844649578948,-0.11616152028698953,0.03686496449006738,0.006737553285402154,-0.08522878287654607,0.06253830129671284
zhen,03,Lan-Bridge vs JDExploreAcademy,0.01,96.72333333333333,367.53564102564246,308.40503875969017,dedup,dedup,0.7368327788199864,True,0.1608839950894091,-0.00042169604437279314,0.28907558815461676,mtme_BLEURT-20-refA,0.17918300170608137,0.9802219595565596,-0.04328661353539487,-0.11165884310964985,0.08906265223656777,-0.058103635615035065,-0.13058079477626938,0.1035502702172215,-0.07168590585470525,-0.1478672533629837,0.09414578696741013,0.08337149269487931,-0.005594243647232585,0.21485058527691023
zhen,03,Lan-Bridge vs JDExploreAcademy,0.01,96.72333333333333,367.53564102564246,308.40503875969017,dedup,dedup,0.7368327788199864,True,0.1608839950894091,-0.00042169604437279314,0.28907558815461676,mtme_COMET-20-refA,0.15822368717716662,0.9752672183823412,-0.10467141929390511,-0.17854295204742426,0.05812615397909334,-0.061060320293058856,-0.1280163010531754,0.07106672272151798,-0.014130522058910966,-0.08649005235686902,0.10310211620864228,0.0537629251957632,-0.02686369593837403,0.2050283386937478
zhen,03,Lan-Bridge vs JDExploreAcademy,0.01,96.72333333333333,367.53564102564246,308.40503875969017,dedup,dedup,0.7368327788199864,True,0.1608839950894091,-0.00042169604437279314,0.28907558815461676,mtme_COMET-22-refA,0.23704788859485626,0.9866351677254928,-0.02093469281516147,-0.1362823108490452,0.07127751653462142,-0.0716859058547068,-0.20806809176209473,0.04977756332730868,-0.015124977784824578,-0.15044299893281557,0.07647011575646934,0.10846368087619707,0.0030994445980927522,0.2907673149164665
zhen,03,Lan-Bridge vs JDExploreAcademy,0.01,96.72333333333333,367.53564102564246,308.40503875969017,dedup,dedup,0.7368327788199864,True,0.1608839950894091,-0.00042169604437279314,0.28907558815461676,mtme_COMET-QE-src,0.1585506253536182,0.922900899652606,-0.021382772352768198,-0.22938240187199252,0.026911813281975335,0.0013199242193064897,-0.13918372890514868,0.05870579337361363,-0.021091712140305807,-0.1727272643568496,0.033568420252297934,0.1294867899323986,0.028626941827781128,0.30705353670523816
zhen,03,Lan-Bridge vs JDExploreAcademy,0.01,96.72333333333333,367.53564102564246,308.40503875969017,dedup,dedup,0.7368327788199864,True,0.1608839950894091,-0.00042169604437279314,0.28907558815461676,mtme_COMETKiwi-src,0.16779852024480585,0.959377087982424,-0.016481053774706433,-0.10568191246340754,0.07840072956817742,-0.016235067897471867,-0.1558217086073835,0.04445901574737264,-0.006823434333720124,-0.14515430090778256,0.09710480410399731,0.11323124634457271,0.006854682278410244,0.2659612898427305
zhen,03,Lan-Bridge vs JDExploreAcademy,0.01,96.72333333333333,367.53564102564246,308.40503875969017,dedup,dedup,0.7368327788199864,True,0.1608839950894091,-0.00042169604437279314,0.28907558815461676,mtme_Cross-QE-src,0.11461838371584701,0.966162403744368,-0.005903661053626275,-0.06555730800366263,0.07701974487703907,-0.027058446495792365,-0.1780371545909991,0.01154345668972908,-0.05085975815387922,-0.14750574808076988,0.035818294937540435,0.02502519791720903,-0.03291566458607736,0.07801173107335364
zhen,03,Lan-Bridge vs JDExploreAcademy,0.01,96.72333333333333,367.53564102564246,308.40503875969017,dedup,dedup,0.7368327788199864,True,0.1608839950894091,-0.00042169604437279314,0.28907558815461676,mtme_HWTSC-TLM-src,0.0314752321749092,0.498241633134339,-0.010031424066730965,-0.0617437017347326,0.03895498835103716,-0.004355749923712127,-0.06345620197905653,0.037180991524052145,-0.004355749923712127,-0.04501628504125106,0.029342970365001074,0.016362629407406293,-0.000586221359483835,0.057731163648246826
zhen,03,Lan-Bridge vs JDExploreAcademy,0.01,96.72333333333333,367.53564102564246,308.40503875969017,dedup,dedup,0.7368327788199864,True,0.1608839950894091,-0.00042169604437279314,0.28907558815461676,mtme_HWTSC-Teacher-Sim-src,0.04958676593294828,0.3949247735620734,-0.004896290318285423,-0.09457221183871063,0.05337453603634337,0.005411689299157363,-0.0215999042233305,0.07762718794449182,0.006184787770465494,-0.023335574796271272,0.09179367489890276,0.02502519791720903,-0.0295882841283555,0.10164868192305765
zhen,03,Lan-Bridge vs JDExploreAcademy,0.01,96.72333333333333,367.53564102564246,308.40503875969017,dedup,dedup,0.7368327788199864,True,0.1608839950894091,-0.00042169604437279314,0.28907558815461676,mtme_KG-BERTScore-src,0.062148936301704163,0.679795467170797,-0.00319150907386212,-0.09919496112454475,0.0392494278150685,0.0020293834871839556,-0.04486318467681879,0.07145709800015877,-0.005411689299157585,-0.09798821593554247,0.06067598895311973,0.015271787446911489,-0.058550978782567674,0.07545125218357833
zhen,03,Lan-Bridge vs JDExploreAcademy,0.01,96.72333333333333,367.53564102564246,308.40503875969017,dedup,dedup,0.7368327788199864,True,0.1608839950894091,-0.00042169604437279314,0.28907558815461676,mtme_MATESE-QE-src,0.0950192912155696,0.9351848265501388,-0.021769750135246735,-0.12799402003517205,0.027790235152726925,-0.027058446495791255,-0.13502400355739452,0.022975837625959453,-0.011882187374236741,-0.07647968007858318,0.05411429926482598,0.02908911894649968,-0.0392700068791389,0.10312071653506635
zhen,03,Lan-Bridge vs JDExploreAcademy,0.01,96.72333333333333,367.53564102564246,308.40503875969017,dedup,dedup,0.7368327788199864,True,0.1608839950894091,-0.00042169604437279314,0.28907558815461676,mtme_MATESE-refA,0.18607951349786458,0.9674894649743352,-0.010823378598314726,-0.10561413524721866,0.08142608935009002,-0.04490943023935601,-0.14837985861689149,0.11991776564471877,-0.06906076118653504,-0.19443632455524715,0.05967837416831036,0.1040545789768722,0.005144302148217643,0.22624268707194853
zhen,03,Lan-Bridge vs JDExploreAcademy,0.01,96.72333333333333,367.53564102564246,308.40503875969017,dedup,dedup,0.7368327788199864,True,0.1608839950894091,-0.00042169604437279314,0.28907558815461676,mtme_MEE-refA,0.093392873513807,0.8976609341086564,-0.027058446495789257,-0.10950630981985424,0.05455927335461221,-0.01570709820974936,-0.09977126341452147,0.0533008453932146,-0.021382772352768198,-0.07506807929097313,0.0888769446680167,-0.01063570911481393,-0.09707765804052249,0.06366706180589336
zhen,03,Lan-Bridge vs JDExploreAcademy,0.01,96.72333333333333,367.53564102564246,308.40503875969017,dedup,dedup,0.7368327788199864,True,0.1608839950894091,-0.00042169604437279314,0.28907558815461676,mtme_MEE2-refA,0.11087574541024967,0.9352238472927537,-0.09846238147005737,-0.1739633563520518,0.01284258671422978,-0.04937217617524814,-0.14964811609260617,0.042748585745958995,-0.04805960384116226,-0.14137107870306953,0.05652608332315061,0.011126587997036808,-0.06432659566950624,0.12189193374492695
zhen,03,Lan-Bridge vs JDExploreAcademy,0.01,96.72333333333333,367.53564102564246,308.40503875969017,dedup,dedup,0.7368327788199864,True,0.1608839950894091,-0.00042169604437279314,0.28907558815461676,mtme_MEE4-refA,0.11969040084963714,0.9593140488993936,-0.009605748506004375,-0.061342826353076134,0.06310985914833313,-0.04689287287753019,-0.1326358487182466,0.07035828778255442,-0.020769185958928515,-0.10672086778558264,0.07050930169676974,0.03340703504012155,-0.030987186601616964,0.16266078134717937
zhen,03,Lan-Bridge vs JDExploreAcademy,0.01,96.72333333333333,367.53564102564246,308.40503875969017,dedup,dedup,0.7368327788199864,True,0.1608839950894091,-0.00042169604437279314,0.28907558815461676,mtme_MS-COMET-22-refA,0.19418967967738884,0.98746083650136,-0.007112505936035962,-0.11485090921846597,0.07030784947227783,-0.019301691833661705,-0.12006961351993081,0.09067976694606342,-0.008190664885211474,-0.11459063334971073,0.08173957006741,0.11777178488588302,0.013258253346634906,0.30436241410317694
zhen,03,Lan-Bridge vs JDExploreAcademy,0.01,96.72333333333333,367.53564102564246,308.40503875969017,dedup,dedup,0.7368327788199864,True,0.1608839950894091,-0.00042169604437279314,0.28907558815461676,mtme_MS-COMET-QE-22-src,0.14292291628980341,0.9490970977882788,-0.027058446495789035,-0.12292348433775303,0.07029554762460487,-0.015423314502598595,-0.09725274057719327,0.04274583664243403,-0.02705844649578859,-0.10902142175547173,0.10871100962276804,-0.005454209802468135,-0.08651342716998223,0.1007342679493795
zhen,03,Lan-Bridge vs JDExploreAcademy,0.01,96.72333333333333,367.53564102564246,308.40503875969017,dedup,dedup,0.7368327788199864,True,0.1608839950894091,-0.00042169604437279314,0.28907558815461676,mtme_REUSE-src,-0.00737684379544417,-0.0713802384978524,-0.020594484277349112,-0.19278105749767185,0.003859214917143381,-0.004896290318285423,-0.06501439235503209,0.04249736800785899,-0.02093469281516147,-0.13094016566898203,0.020199367804819013,0.0,0.0,0.0
zhen,03,Lan-Bridge vs JDExploreAcademy,0.01,96.72333333333333,367.53564102564246,308.40503875969017,dedup,dedup,0.7368327788199864,True,0.1608839950894091,-0.00042169604437279314,0.28907558815461676,mtme_SEScore-refA,0.1000629455267952,0.93964771879046,-0.021091712140305807,-0.11778612669751823,0.05328592733571412,-0.009605748506004375,-0.0715217479088873,0.060916335817942216,-0.02705844649578948,-0.10634176527387698,0.0369870547620799,0.027518967639729164,-0.03389138505358317,0.11723163052224697
zhen,03,Lan-Bridge vs JDExploreAcademy,0.01,96.72333333333333,367.53564102564246,308.40503875969017,dedup,dedup,0.7368327788199864,True,0.1608839950894091,-0.00042169604437279314,0.28907558815461676,mtme_UniTE-ref-refA,0.2514999664964048,0.975743491343244,-0.02000685134840019,-0.11205855149021433,0.11638555064468396,0.002775225281618998,-0.0530624359663365,0.12438116551984124,-0.02040979964253653,-0.1175875941982212,0.08457144417570116,0.11485886471215478,-0.003860024911596337,0.28877878263288154
zhen,03,Lan-Bridge vs JDExploreAcademy,0.01,96.72333333333333,367.53564102564246,308.40503875969017,dedup,dedup,0.7368327788199864,True,0.1608839950894091,-0.00042169604437279314,0.28907558815461676,mtme_UniTE-refA,0.23902045597754246,0.9824419355235168,-0.02000685134840019,-0.12014824385227921,0.09215032328624165,-0.013370055915565393,-0.10135521982689447,0.10844699634983117,-0.005903661053626497,-0.09674471941460035,0.12973839144713645,0.1087274732975243,-0.011724852873307103,0.2598434434935
zhen,03,Lan-Bridge vs JDExploreAcademy,0.01,96.72333333333333,367.53564102564246,308.40503875969017,dedup,dedup,0.7368327788199864,True,0.1608839950894091,-0.00042169604437279314,0.28907558815461676,mtme_UniTE-src-src,0.18246763652483183,0.9607040026515832,-0.02093469281516147,-0.11411235355338953,0.08200448011728341,-0.009158243429343349,-0.08343432897838464,0.07331250237680426,-0.02093469281516147,-0.11195736400713345,0.08713295479092709,0.10422748493370848,-0.021796957415125648,0.26109545073012413
zhen,03,Lan-Bridge vs JDExploreAcademy,0.01,96.72333333333333,367.53564102564246,308.40503875969017,dedup,dedup,0.7368327788199864,True,0.1608839950894091,-0.00042169604437279314,0.28907558815461676,mtme_YiSi-1-refA,0.14466927993089668,0.9604473082422414,-0.04689287287753019,-0.11067673962189117,0.061861004359606474,-0.04689287287753041,-0.12787286033381534,0.06984966802544604,-0.08342997410705255,-0.18243798631037866,0.03928645823497637,0.06991305292255423,-0.021011675163792126,0.21894699897482117
zhen,03,Lan-Bridge vs JDExploreAcademy,0.01,96.72333333333333,367.53564102564246,308.40503875969017,dedup,dedup,0.7368327788199864,True,0.1608839950894091,-0.00042169604437279314,0.28907558815461676,mtme_chrF-refA,0.10371172200605705,0.9157360845392822,-0.07806125719169366,-0.13239353101289633,0.06186066973815361,-0.06672729925927112,-0.1504989789166665,0.05635535359383898,-0.04937217617524814,-0.16141671603462854,0.032231251461765774,0.006737553285402154,-0.08057779302919194,0.08504653468360228
zhen,03,Lan-Bridge vs JDExploreAcademy,0.01,96.72333333333333,367.53564102564246,308.40503875969017,dedup,dedup,0.7368327788199864,True,0.1608839950894091,-0.00042169604437279314,0.28907558815461676,mtme_f101spBLEU-refA,0.0697400537390265,0.8645720481576694,-0.020769185958928515,-0.08906648092589979,0.06545038134931712,-0.02093469281516147,-0.10522845156843876,0.03659885805883269,-0.027058446495789923,-0.1256507692133302,0.023778116356722813,0.0,-0.08905089815242798,0.07073383322215497
zhen,03,Lan-Bridge vs JDExploreAcademy,0.01,96.72333333333333,367.53564102564246,308.40503875969017,dedup,dedup,0.7368327788199864,True,0.1608839950894091,-0.00042169604437279314,0.28907558815461676,mtme_f200spBLEU-refA,0.06521581439477411,0.8696321738056851,-0.02040979964253653,-0.0987106086658081,0.06149275522175928,-0.015124977784824356,-0.07172640570433052,0.0516015952721291,-0.02705844649578948,-0.09752587388672435,0.040926407846782656,-0.01063570911481393,-0.09723339333378095,0.060006080703327254
zhen,03,Lan-Bridge vs JDExploreAcademy,0.01,96.72333333333333,367.53564102564246,308.40503875969017,dedup,dedup,0.7368327788199864,True,0.1608839950894091,-0.00042169604437279314,0.28907558815461676,mtme_metricx_xl_DA_2019-refA,0.2261210419038956,0.9937925634685278,-0.027058446495789257,-0.12667542525969294,0.08047969171113725,-0.002126020796098249,-0.09929009530001479,0.09183281122544065,-0.027058446495790145,-0.1767835265914515,0.07172327036943685,0.10422748493370848,0.0041712848516919435,0.2552949035664488
zhen,03,Lan-Bridge vs JDExploreAcademy,0.01,96.72333333333333,367.53564102564246,308.40503875969017,dedup,dedup,0.7368327788199864,True,0.1608839950894091,-0.00042169604437279314,0.28907558815461676,mtme_metricx_xl_MQM_2020-refA,0.2645613905153511,0.9880707146931909,-0.02000685134840019,-0.17512233525673776,0.05094720811683293,0.0003183346646560281,-0.1065691861545338,0.0937510970334801,-0.02000685134840019,-0.13915118612156557,0.06535101419501309,0.13330520621141795,0.03096461729887319,0.3048999760219005
zhen,03,Lan-Bridge vs JDExploreAcademy,0.01,96.72333333333333,367.53564102564246,308.40503875969017,dedup,dedup,0.7368327788199864,True,0.1608839950894091,-0.00042169604437279314,0.28907558815461676,mtme_metricx_xxl_DA_2019-refA,0.2054309935150961,0.9945880252964706,-0.07806125719169543,-0.21407557960707044,0.04806384208497289,-0.06672729925927112,-0.14842347043588303,0.06043113995872148,-0.0716859058547068,-0.20226890428839475,0.03521492657280439,0.057624912260865524,-0.033885630498184605,0.20092166000174033
zhen,03,Lan-Bridge vs JDExploreAcademy,0.01,96.72333333333333,367.53564102564246,308.40503875969017,dedup,dedup,0.7368327788199864,True,0.1608839950894091,-0.00042169604437279314,0.28907558815461676,mtme_metricx_xxl_MQM_2020-refA,0.252520649485162,0.9848440687329651,0.013664515480372175,-0.10685137535723013,0.12647501092071553,0.020675428348062574,-0.020987155800327607,0.20561705974077987,0.00968407558796569,-0.06412421253318887,0.1438838819506646,0.10960678136861457,0.001964351158623808,0.2548457177227037
zhen,03,Lan-Bridge vs JDExploreAcademy,0.01,96.72333333333333,367.53564102564246,308.40503875969017,dedup,dedup,0.7368327788199864,True,0.1608839950894091,-0.00042169604437279314,0.28907558815461676,comet22,0.1756806553750534,,-0.019551909725988192,-0.10097482371197253,0.10200964562889771,-0.019551909725988192,-0.10023150601376328,0.09759173264430997,-0.059514780575000925,-0.13986300965692833,0.08211271864530308,0.10389127890652683,-0.0018784934497989955,0.26535301712313386
zhen,03,Lan-Bridge vs JDExploreAcademy,0.01,96.72333333333333,367.53564102564246,308.40503875969017,dedup,dedup,0.7368327788199864,True,0.1608839950894091,-0.00042169604437279314,0.28907558815461676,qwen3_8b,0.1909119044030766,,-0.0919711146542137,-0.18416158387454007,0.08896997518788695,-0.06672729925927068,-0.20480559864868245,0.06996877175200632,-0.04805960384116181,-0.1693896706070718,0.07841794757233828,0.0537629251957632,-0.02218434611252559,0.16930561713177447
zhen,03,Lan-Bridge vs JDExploreAcademy,0.01,96.72333333333333,367.53564102564246,308.40503875969017,dedup,dedup,0.7368327788199864,True,0.1608839950894091,-0.00042169604437279314,0.28907558815461676,mistral_7b,0.06388054867164529,,-0.0270584464957917,-0.2277264446485852,0.008672048267014457,-0.005411689299157585,-0.05393934391154972,0.06055680057675549,-0.027058446495790367,-0.15792585586746435,0.01553523783847783,-0.01063570911481393,-0.06919999486312126,0.03446991124180817
zhen,03,Lan-Bridge vs JDExploreAcademy,0.02,96.72333333333333,214.36866666666714,200.97000000000048,weighted,weighted,0.5487991093225699,True,0.06250291553802934,-0.15411396206098948,0.16489608353250393,mtme_BERTScore-refA,0.14476508049349568,0.9400920205176692,-0.02773216566319925,-0.0920876370644362,0.055859790606796515,-0.03065134099616773,-0.10126811850222885,0.06053623127588106,-0.02773216566319947,-0.10199858671797471,0.06129925010345367,-0.011994002998499953,-0.07397616091967635,0.09230227396839842
zhen,03,Lan-Bridge vs JDExploreAcademy,0.02,96.72333333333333,214.36866666666714,200.97000000000048,weighted,weighted,0.5487991093225699,True,0.06250291553802934,-0.15411396206098948,0.16489608353250393,mtme_BLEU-refA,0.05805525184957115,0.8293746844592913,-0.03622431208638033,-0.10699430692518219,0.0396087225841643,-0.03622431208638033,-0.09761793017335568,0.03923058722035158,-0.03331667499583446,-0.09108868387859542,0.04066051394638159,-0.02097197015527308,-0.06788546549215678,0.044570562433596625
zhen,03,Lan-Bridge vs JDExploreAcademy,0.02,96.72333333333333,214.36866666666714,200.97000000000048,weighted,weighted,0.5487991093225699,True,0.06250291553802934,-0.15411396206098948,0.16489608353250393,mtme_BLEURT-20-refA,0.17918300170608137,0.9802219595565596,-0.0102171136653888,-0.07161753562077874,0.06871884890907401,-0.025078369905955356,-0.09298845229910722,0.04419170985751072,-0.0027864855451056325,-0.06402194455176437,0.06591645237099382,-0.018390804597700816,-0.09208763706443404,0.0660596394810816
zhen,03,Lan-Bridge vs JDExploreAcademy,0.02,96.72333333333333,214.36866666666714,200.97000000000048,weighted,weighted,0.5487991093225699,True,0.06250291553802934,-0.15411396206098948,0.16489608353250393,mtme_COMET-20-refA,0.15822368717716662,0.9752672183823412,-0.07833120476798627,-0.2922568288233987,0.012309281125654822,-0.008066142367412654,-0.07810616718628875,0.07000493338166976,-0.027732165663199915,-0.13056756550630075,0.0682630685172285,-0.027732165663199915,-0.09857178209060426,0.059151206743794066
zhen,03,Lan-Bridge vs JDExploreAcademy,0.02,96.72333333333333,214.36866666666714,200.97000000000048,weighted,weighted,0.5487991093225699,True,0.06250291553802934,-0.15411396206098948,0.16489608353250393,mtme_COMET-22-refA,0.23704788859485626,0.9866351677254928,-0.016055464331325542,-0.10911014134341158,0.10327999240571926,-0.0027864855451056325,-0.06737938545269165,0.11914834297697308,-0.004378762999452057,-0.10070581046088278,0.10186070111733703,0.0061302681992341235,-0.08398850707248422,0.10026006468515455
zhen,03,Lan-Bridge vs JDExploreAcademy,0.02,96.72333333333333,214.36866666666714,200.97000000000048,weighted,weighted,0.5487991093225699,True,0.06250291553802934,-0.15411396206098948,0.16489608353250393,mtme_COMET-QE-src,0.1585506253536182,0.922900899652606,-0.03622431208638188,-0.19728903502338763,0.06153566592164566,-0.004378762999452945,-0.10067534644841966,0.06918513729565197,-0.03065134099616862,-0.1108210861493218,0.05005618436490721,0.0456656185243518,-0.04050417041511082,0.13679596094112373
zhen,03,Lan-Bridge vs JDExploreAcademy,0.02,96.72333333333333,214.36866666666714,200.97000000000048,weighted,weighted,0.5487991093225699,True,0.06250291553802934,-0.15411396206098948,0.16489608353250393,mtme_COMETKiwi-src,0.16779852024480585,0.959377087982424,-0.04597701149425304,-0.15558590678585776,0.04338054687047179,-0.039408866995074066,-0.1416259731607175,0.04276364564535991,-0.05692391899288474,-0.19980698572626612,0.03905861213716243,-0.05108556832694777,-0.2736464196990739,0.034798976204383957
zhen,03,Lan-Bridge vs JDExploreAcademy,0.02,96.72333333333333,214.36866666666714,200.97000000000048,weighted,weighted,0.5487991093225699,True,0.06250291553802934,-0.15411396206098948,0.16489608353250393,mtme_Cross-QE-src,0.11461838371584701,0.966162403744368,-0.02593575007368143,-0.1727854441947654,0.06300436755717506,0.03065134099616762,-0.09303389788922535,0.12849264051750162,0.03711582159858129,-0.07895952512993727,0.18623353676025176,-0.007073386383731783,-0.09916753467286549,0.07435368240001065
zhen,03,Lan-Bridge vs JDExploreAcademy,0.02,96.72333333333333,214.36866666666714,200.97000000000048,weighted,weighted,0.5487991093225699,True,0.06250291553802934,-0.15411396206098948,0.16489608353250393,mtme_HWTSC-TLM-src,0.0314752321749092,0.498241633134339,-0.061302681992337016,-0.18129855795059685,0.0023994808053233647,-0.012621140410186804,-0.057699133344335005,0.029904394559488186,-0.023839931885908827,-0.07656844639962283,0.01729233955148158,-0.004378762999452945,-0.04322782032755948,0.004149522222372973
zhen,03,Lan-Bridge vs JDExploreAcademy,0.02,96.72333333333333,214.36866666666714,200.97000000000048,weighted,weighted,0.5487991093225699,True,0.06250291553802934,-0.15411396206098948,0.16489608353250393,mtme_HWTSC-Teacher-Sim-src,0.04958676593294828,0.3949247735620734,-0.030651340996168397,-0.07344155389654648,0.030478501963288426,0.014303959131545141,-0.028313841408888835,0.06507482096485215,-0.027045300878971945,-0.06565956742510844,0.029166291156930365,0.011788977306218529,-0.04847291907147874,0.05200938741032236
zhen,03,Lan-Bridge vs JDExploreAcademy,0.02,96.72333333333333,214.36866666666714,200.97000000000048,weighted,weighted,0.5487991093225699,True,0.06250291553802934,-0.15411396206098948,0.16489608353250393,mtme_KG-BERTScore-src,0.062148936301704163,0.679795467170797,-0.021893814997263616,-0.10782395758374466,0.03983098677718468,0.030651340996168397,-0.0220286850489582,0.07822431986828549,-0.021893814997263616,-0.09191892394999658,0.03973155951295427,0.030651340996167953,-0.043696525105437194,0.06292451705001398
zhen,03,Lan-Bridge vs JDExploreAcademy,0.02,96.72333333333333,214.36866666666714,200.97000000000048,weighted,weighted,0.5487991093225699,True,0.06250291553802934,-0.15411396206098948,0.16489608353250393,mtme_MATESE-QE-src,0.0950192912155696,0.9351848265501388,-0.01393242772553216,-0.1972355480735774,0.06173211057660611,0.03065134099616762,-0.11622630709778223,0.06842292177787465,0.030651340996166954,-0.16405259405139824,0.08142208307896397,0.030651340996168175,-0.050766582779580766,0.1262984633841608
zhen,03,Lan-Bridge vs JDExploreAcademy,0.02,96.72333333333333,214.36866666666714,200.97000000000048,weighted,weighted,0.5487991093225699,True,0.06250291553802934,-0.15411396206098948,0.16489608353250393,mtme_MATESE-refA,0.18607951349786458,0.9674894649743352,-0.03473818646232485,-0.11781879258297238,0.057819127486254215,0.030651340996168064,-0.03838605496590999,0.13949504207450822,-0.03746275010642819,-0.12756353059732592,0.06269483482835402,-0.002043422733078115,-0.09203511569383109,0.1564194722654682
zhen,03,Lan-Bridge vs JDExploreAcademy,0.02,96.72333333333333,214.36866666666714,200.97000000000048,weighted,weighted,0.5487991093225699,True,0.06250291553802934,-0.15411396206098948,0.16489608353250393,mtme_MEE-refA,0.093392873513807,0.8976609341086564,-0.04479811376363152,-0.19051469575165997,0.03426337162801059,-0.002043422733078115,-0.07342780226108239,0.07226103521679635,-0.030651340996168397,-0.16390472945517529,0.038874015591191545,-0.04678362573099348,-0.2036356117525909,0.023815090748708703
zhen,03,Lan-Bridge vs JDExploreAcademy,0.02,96.72333333333333,214.36866666666714,200.97000000000048,weighted,weighted,0.5487991093225699,True,0.06250291553802934,-0.15411396206098948,0.16489608353250393,mtme_MEE2-refA,0.11087574541024967,0.9352238472927537,-0.05692391899288474,-0.22019623053647705,0.025687973013136266,-0.02097197015527308,-0.09405008972061948,0.04775274647764097,-0.046783625730993705,-0.14436064211860142,0.018950894850392003,-0.018390804597700816,-0.07710793535311183,0.049615053658482546
zhen,03,Lan-Bridge vs JDExploreAcademy,0.02,96.72333333333333,214.36866666666714,200.97000000000048,weighted,weighted,0.5487991093225699,True,0.06250291553802934,-0.15411396206098948,0.16489608353250393,mtme_MEE4-refA,0.11969040084963714,0.9593140488993936,-0.03746275010642797,-0.09994936460440013,0.036427991935071284,-0.020971970155272857,-0.09158232771733417,0.05488429226898159,-0.027045300878971945,-0.10753139889794722,0.045423841597150794,-0.025078369905955578,-0.08893822376977242,0.053573180364108554
zhen,03,Lan-Bridge vs JDExploreAcademy,0.02,96.72333333333333,214.36866666666714,200.97000000000048,weighted,weighted,0.5487991093225699,True,0.06250291553802934,-0.15411396206098948,0.16489608353250393,mtme_MS-COMET-22-refA,0.19418967967738884,0.98746083650136,-0.06470838654746713,-0.22827137770296516,0.12314396855157937,0.003405704555129674,-0.07128276858098244,0.1302093704977414,-0.06470838654746713,-0.21896356287940896,0.03511902298351226,-2.220446049250313e-16,-0.0816211698706323,0.0936768955166304
zhen,03,Lan-Bridge vs JDExploreAcademy,0.02,96.72333333333333,214.36866666666714,200.97000000000048,weighted,weighted,0.5487991093225699,True,0.06250291553802934,-0.15411396206098948,0.16489608353250393,mtme_MS-COMET-QE-22-src,0.14292291628980341,0.9490970977882788,0.0170285227756497,-0.03836221278166722,0.10582198274108978,0.03711582159858162,-0.02718610337171472,0.10067674045471336,0.030651340996168508,-0.02885139309223496,0.1192554405343232,0.04306314375280018,-0.012755233849089019,0.11991316800979161
zhen,03,Lan-Bridge vs JDExploreAcademy,0.02,96.72333333333333,214.36866666666714,200.97000000000048,weighted,weighted,0.5487991093225699,True,0.06250291553802934,-0.15411396206098948,0.16489608353250393,mtme_REUSE-src,-0.00737684379544417,-0.0713802384978524,0.015325670498084087,-0.04377075972024034,0.0697779899957148,0.041733307743161197,-0.010250438815802631,0.1250532108425422,0.030651340996167953,-0.06051579906650644,0.12504558235470736,0.0,0.0,0.0
zhen,03,Lan-Bridge vs JDExploreAcademy,0.02,96.72333333333333,214.36866666666714,200.97000000000048,weighted,weighted,0.5487991093225699,True,0.06250291553802934,-0.15411396206098948,0.16489608353250393,mtme_SEScore-refA,0.1000629455267952,0.93964771879046,-0.04678362573099348,-0.12655760957452852,0.012964257366023317,-0.018390804597700594,-0.058413414149065326,0.05778287208406615,-0.03746275010642797,-0.10580708290462269,0.021308951943403633,-0.030651340996168175,-0.0853937981324845,0.05208766249201575
zhen,03,Lan-Bridge vs JDExploreAcademy,0.02,96.72333333333333,214.36866666666714,200.97000000000048,weighted,weighted,0.5487991093225699,True,0.06250291553802934,-0.15411396206098948,0.16489608353250393,mtme_UniTE-ref-refA,0.2514999664964048,0.975743491343244,0.004839685420447992,-0.08870054004400428,0.10822071086590726,0.037703501653345906,-0.05036213029929218,0.16739638301471643,0.008359456635319118,-0.08190984110357576,0.13454971511397548,0.0061302681992341235,-0.0769375369962072,0.1229798080553621
zhen,03,Lan-Bridge vs JDExploreAcademy,0.02,96.72333333333333,214.36866666666714,200.97000000000048,weighted,weighted,0.5487991093225699,True,0.06250291553802934,-0.15411396206098948,0.16489608353250393,mtme_UniTE-refA,0.23902045597754246,0.9824419355235168,0.0043787629994536115,-0.07279933400207374,0.1406925824511271,0.019990004997501587,-0.06104136717916074,0.14251664168634262,-0.00133266699983281,-0.09340430643232674,0.12239990322095955,-0.006130268199233457,-0.08770364742908102,0.0951764017406783
zhen,03,Lan-Bridge vs JDExploreAcademy,0.02,96.72333333333333,214.36866666666714,200.97000000000048,weighted,weighted,0.5487991093225699,True,0.06250291553802934,-0.15411396206098948,0.16489608353250393,mtme_UniTE-src-src,0.18246763652483183,0.9607040026515832,0.03739688597259938,-0.06782406114748536,0.17421523173112316,0.014303959131545141,-0.07808792324788862,0.13641748582972973,0.03065134099616862,-0.0548192106894262,0.1533181810887272,0.03711582159858129,-0.080916231551075,0.16757363314628743
zhen,03,Lan-Bridge vs JDExploreAcademy,0.02,96.72333333333333,214.36866666666714,200.97000000000048,weighted,weighted,0.5487991093225699,True,0.06250291553802934,-0.15411396206098948,0.16489608353250393,mtme_YiSi-1-refA,0.14466927993089668,0.9604473082422414,-0.06470838654746669,-0.1973262766720421,0.01042192198147117,0.001803020058598448,-0.06776775380169163,0.10349153673378053,-0.030651340996168397,-0.1401860366438083,0.05091750628770851,-0.025078369905955356,-0.08933061656175453,0.07196742372264316
zhen,03,Lan-Bridge vs JDExploreAcademy,0.02,96.72333333333333,214.36866666666714,200.97000000000048,weighted,weighted,0.5487991093225699,True,0.06250291553802934,-0.15411396206098948,0.16489608353250393,mtme_chrF-refA,0.10371172200605705,0.9157360845392822,-0.06470838654746669,-0.1994503192376831,0.006844511973859722,-0.030651340996168175,-0.09525814259430507,0.05213965437170215,-0.04678362573099348,-0.15356732913471488,0.021017985265145835,-0.006130268199233235,-0.06808495279506609,0.07039509311016653
zhen,03,Lan-Bridge vs JDExploreAcademy,0.02,96.72333333333333,214.36866666666714,200.97000000000048,weighted,weighted,0.5487991093225699,True,0.06250291553802934,-0.15411396206098948,0.16489608353250393,mtme_f101spBLEU-refA,0.0697400537390265,0.8645720481576694,-0.05851619644723027,-0.1441668780375596,0.01469276834358707,-0.03940886699507318,-0.09933521766464491,0.016359819833153613,-0.0473702542668053,-0.10841932896299636,0.01787606444168069,-0.023839931885908827,-0.07749940738121376,0.04339066739640603
zhen,03,Lan-Bridge vs JDExploreAcademy,0.02,96.72333333333333,214.36866666666714,200.97000000000048,weighted,weighted,0.5487991093225699,True,0.06250291553802934,-0.15411396206098948,0.16489608353250393,mtme_f200spBLEU-refA,0.06521581439477411,0.8696321738056851,-0.03746275010642797,-0.11641202219047199,0.048465355079366064,-0.03940886699507318,-0.09925059584083407,0.020661284863449328,-0.051085568326946884,-0.15120132194626656,0.012588079300411274,-0.03387779794313328,-0.08323912294853048,0.03605688865453451
zhen,03,Lan-Bridge vs JDExploreAcademy,0.02,96.72333333333333,214.36866666666714,200.97000000000048,weighted,weighted,0.5487991093225699,True,0.06250291553802934,-0.15411396206098948,0.16489608353250393,mtme_metricx_xl_DA_2019-refA,0.2261210419038956,0.9937925634685278,0.03065134099616773,-0.07468770886239397,0.1289409877067858,0.019990004997501587,-0.06119851203227185,0.13368645477491795,0.018974639664295023,-0.06174655716842716,0.10652035933381986,0.030651340996168952,-0.03605625705780201,0.1500375345001615
zhen,03,Lan-Bridge vs JDExploreAcademy,0.02,96.72333333333333,214.36866666666714,200.97000000000048,weighted,weighted,0.5487991093225699,True,0.06250291553802934,-0.15411396206098948,0.16489608353250393,mtme_metricx_xl_MQM_2020-refA,0.2645613905153511,0.9880707146931909,-0.004378762999452279,-0.0812518032226253,0.1020949682006148,0.03927064846605144,-0.04436994306062891,0.1860318751681647,-0.018390804597700594,-0.10417924641879528,0.10793054286251826,0.0388170007044788,-0.055020251835604064,0.20542953981217052
zhen,03,Lan-Bridge vs JDExploreAcademy,0.02,96.72333333333333,214.36866666666714,200.97000000000048,weighted,weighted,0.5487991093225699,True,0.06250291553802934,-0.15411396206098948,0.16489608353250393,mtme_metricx_xxl_DA_2019-refA,0.2054309935150961,0.9945880252964706,-0.004378762999452279,-0.08448258488901347,0.11011755798407474,0.030651340996168952,-0.049674064395800056,0.16082317077892097,0.018974639664295023,-0.06297892672652107,0.13024971148162182,0.03065134099616873,-0.04881494302196055,0.14373929803579388
zhen,03,Lan-Bridge vs JDExploreAcademy,0.02,96.72333333333333,214.36866666666714,200.97000000000048,weighted,weighted,0.5487991093225699,True,0.06250291553802934,-0.15411396206098948,0.16489608353250393,mtme_metricx_xxl_MQM_2020-refA,0.252520649485162,0.9848440687329651,-0.05108556832694755,-0.1901342234866387,0.06380221698650757,0.006130268199233679,-0.09416722480289177,0.16267072396168614,-0.0473702542668053,-0.1557999889767707,0.07650533581770931,-0.004378762999452279,-0.08914187186149675,0.16060540025549136
zhen,03,Lan-Bridge vs JDExploreAcademy,0.02,96.72333333333333,214.36866666666714,200.97000000000048,weighted,weighted,0.5487991093225699,True,0.06250291553802934,-0.15411396206098948,0.16489608353250393,comet22,0.1756806553750534,,-0.02097197015527308,-0.1107473601802204,0.061894402175129676,-0.0102171136653888,-0.09106445672315353,0.08910078695475453,-0.04397801099450205,-0.16167433657694946,0.058148682268755636,0.01839080459770137,-0.05604941505032323,0.11232491226947601
zhen,03,Lan-Bridge vs JDExploreAcademy,0.02,96.72333333333333,214.36866666666714,200.97000000000048,weighted,weighted,0.5487991093225699,True,0.06250291553802934,-0.15411396206098948,0.16489608353250393,qwen3_8b,0.1909119044030766,,-0.02593575007368143,-0.1279067957275387,0.058371174566064506,-0.03387779794313328,-0.0995116117272573,0.06536722848429634,-0.023839931885908827,-0.10616581423446123,0.06853994590808551,-0.02593575007368143,-0.12853556061637184,0.06960905792618849
zhen,03,Lan-Bridge vs JDExploreAcademy,0.02,96.72333333333333,214.36866666666714,200.97000000000048,weighted,weighted,0.5487991093225699,True,0.06250291553802934,-0.15411396206098948,0.16489608353250393,mistral_7b,0.06388054867164529,,-0.008066142367412432,-0.06850726853437981,0.0829320702575422,0.030651340996168397,-0.02475974782337392,0.07005877722065047,0.017745513208308306,-0.02379734005483095,0.0884275870322189,0.001803020058598226,-0.036208970348053204,0.06471656203104918
zhen,04,Lan-Bridge vs Online-G,0.01,97.65333333333334,272.0836363636366,268.5533333333337,dedup,dedup,0.6410907519523856,True,0.012975065599258206,-0.04682414105380425,0.07057174729717997,mtme_BERTScore-refA,0.18170937676650797,0.9400920205176692,0.013224816774263237,-0.046539064165091966,0.07525843159753448,0.04279530017434363,-0.002409818880969465,0.10252280928309482,0.026158845089907956,-0.01379428268632392,0.08351365680331457,0.0,-0.05665777822701181,0.05313595402194645
zhen,04,Lan-Bridge vs Online-G,0.01,97.65333333333334,272.0836363636366,268.5533333333337,dedup,dedup,0.6410907519523856,True,0.012975065599258206,-0.04682414105380425,0.07057174729717997,mtme_BLEU-refA,0.0930085188055057,0.8293746844592913,0.017147431919171674,-0.027219906996017368,0.06688343825042418,0.045726485117791094,-0.00022159383493503546,0.09217966334504142,0.007621080852965312,-0.0414819154565662,0.05327804188572152,0.0059100091539011634,-0.036585816567794846,0.03935658707687621
zhen,04,Lan-Bridge vs Online-G,0.01,97.65333333333334,272.0836363636366,268.5533333333337,dedup,dedup,0.6410907519523856,True,0.012975065599258206,-0.04682414105380425,0.07057174729717997,mtme_BLEURT-20-refA,0.2074168255153288,0.9802219595565596,0.008598142500781503,-0.040781033238233885,0.05310423606379345,0.017147431919172118,-0.027536468882220576,0.060444451573265,0.017147431919172118,-0.031437038388793005,0.06424390072638868,0.008660849778262314,-0.05672118938568196,0.08318787049846295
zhen,04,Lan-Bridge vs Online-G,0.01,97.65333333333334,272.0836363636366,268.5533333333337,dedup,dedup,0.6410907519523856,True,0.012975065599258206,-0.04682414105380425,0.07057174729717997,mtme_COMET-20-refA,0.18653248134502576,0.9752672183823412,-0.00040110951857696975,-0.06587542500266097,0.046524531441550325,0.00319021989193935,-0.053523953459202446,0.04998959879726376,-0.013163685109666812,-0.07675539212847318,0.036747249989520454,-0.019217861934014868,-0.07934079411771092,0.03231774847529127
zhen,04,Lan-Bridge vs Online-G,0.01,97.65333333333334,272.0836363636366,268.5533333333337,dedup,dedup,0.6410907519523856,True,0.012975065599258206,-0.04682414105380425,0.07057174729717997,mtme_COMET-22-refA,0.2806330169654535,0.9866351677254928,0.05882521783382544,-0.01725527951147352,0.1350151855281985,0.09041034679641535,0.006582396539428867,0.16336398917173633,0.07522744325830188,-0.001755110023290423,0.1478419473155607,0.018456072812306323,-0.04909510733700139,0.0768904694485871
zhen,04,Lan-Bridge vs Online-G,0.01,97.65333333333334,272.0836363636366,268.5533333333337,dedup,dedup,0.6410907519523856,True,0.012975065599258206,-0.04682414105380425,0.07057174729717997,mtme_COMET-QE-src,0.1785275001800712,0.922900899652606,0.035334102136475365,-0.019644098921254998,0.10132779953383145,0.03533410213647514,-0.017153692520242847,0.08959796038118216,0.04215410346796389,-0.011688082212684513,0.0971299963778685,-0.010777075515937762,-0.06810086618751643,0.030240675155402987
zhen,04,Lan-Bridge vs Online-G,0.01,97.65333333333334,272.0836363636366,268.5533333333337,dedup,dedup,0.6410907519523856,True,0.012975065599258206,-0.04682414105380425,0.07057174729717997,mtme_COMETKiwi-src,0.22037524594773872,0.959377087982424,0.02767655678182135,-0.03591997152831746,0.08300629194565426,0.043417066677499117,-0.01506789867737212,0.09186231723266439,0.030484323411861025,-0.03639652795137313,0.08632536027215541,-0.016655480342812723,-0.09441224859646473,0.02842182533727138
zhen,04,Lan-Bridge vs Online-G,0.01,97.65333333333334,272.0836363636366,268.5533333333337,dedup,dedup,0.6410907519523856,True,0.012975065599258206,-0.04682414105380425,0.07057174729717997,mtme_Cross-QE-src,0.21828892990248105,0.966162403744368,0.045726485117791205,-0.030209915765280742,0.10162773049252648,0.07357274208054898,0.002619886736417557,0.11460039396612469,0.058018551009670793,-0.013670590375090157,0.10329791528103568,-0.027759133904688316,-0.1014665450087312,0.015482553785280117
zhen,04,Lan-Bridge vs Online-G,0.01,97.65333333333334,272.0836363636366,268.5533333333337,dedup,dedup,0.6410907519523856,True,0.012975065599258206,-0.04682414105380425,0.07057174729717997,mtme_HWTSC-TLM-src,0.05268396453521073,0.498241633134339,-0.00762108085296509,-0.06053560325398661,0.028855517276026248,0.012701801421608705,-0.01186603340705072,0.06313951541017943,0.017147431919171674,-0.019745878501084557,0.06605346209017689,-0.015703738608938034,-0.056628810996116004,0.002542302331676614
zhen,04,Lan-Bridge vs Online-G,0.01,97.65333333333334,272.0836363636366,268.5533333333337,dedup,dedup,0.6410907519523856,True,0.012975065599258206,-0.04682414105380425,0.07057174729717997,mtme_HWTSC-Teacher-Sim-src,0.06973875428975751,0.3949247735620734,-0.02953168830523989,-0.08669737856818102,0.0071571262262098805,-0.0022125718605383593,-0.03781607485780649,0.03354221411585203,-0.018156104385005367,-0.06090988409871893,0.01979319869982347,-0.02498322051421975,-0.07475407273818267,-0.0025636109353836963
zhen,04,Lan-Bridge vs Online-G,0.01,97.65333333333334,272.0836363636366,268.5533333333337,dedup,dedup,0.6410907519523856,True,0.012975065599258206,-0.04682414105380425,0.07057174729717997,mtme_KG-BERTScore-src,0.04996875000041396,0.679795467170797,-0.019899488893853512,-0.06941688296388226,0.015037475090218915,0.0017587109660691658,-0.041557235645481735,0.02725553729936339,-0.005080720568643171,-0.055954970297383236,0.028853029816351662,-0.027759133904688316,-0.08427169890620774,-0.002437786431937587
zhen,04,Lan-Bridge vs Online-G,0.01,97.65333333333334,272.0836363636366,268.5533333333337,dedup,dedup,0.6410907519523856,True,0.012975065599258206,-0.04682414105380425,0.07057174729717997,mtme_MATESE-QE-src,0.16265497578038518,0.9351848265501388,0.01543757403549395,-0.02964603908839813,0.06674396686895726,0.05882521783382555,0.00690548816482409,0.10958006197879298,0.06543617697890824,0.006906938241615077,0.1253472393025722,0.01059894203633549,-0.027320726431202827,0.06209164374203509
zhen,04,Lan-Bridge vs Online-G,0.01,97.65333333333334,272.0836363636366,268.5533333333337,dedup,dedup,0.6410907519523856,True,0.012975065599258206,-0.04682414105380425,0.07057174729717997,mtme_MATESE-refA,0.19045399018618284,0.9674894649743352,-0.007249320811356874,-0.06599316325895177,0.051509055018680076,0.05958299575954662,0.007055089422095235,0.1018204501503678,0.050489660650894774,-0.0009799356872546002,0.09440284604996083,0.054725149697813835,-0.011742748561231087,0.11479076737285608
zhen,04,Lan-Bridge vs Online-G,0.01,97.65333333333334,272.0836363636366,268.5533333333337,dedup,dedup,0.6410907519523856,True,0.012975065599258206,-0.04682414105380425,0.07057174729717997,mtme_MEE-refA,0.10168905276545763,0.8976609341086564,0.017147431919171896,-0.020670299484286565,0.061096128407543096,0.01916817305442786,-0.02795171755830903,0.07346236119005044,0.017147431919171896,-0.03181274627597555,0.06514004473904932,-0.01128274474835722,-0.061762825200511656,0.01517416660766126
zhen,04,Lan-Bridge vs Online-G,0.01,97.65333333333334,272.0836363636366,268.5533333333337,dedup,dedup,0.6410907519523856,True,0.012975065599258206,-0.04682414105380425,0.07057174729717997,mtme_MEE2-refA,0.1278369886943253,0.9352238472927537,0.024556816081776955,-0.0146768593441576,0.06333263969755294,0.030484323411861025,-0.010351163030417953,0.06937222193535766,0.018949714553319286,-0.029187289920025176,0.06605692444545508,-0.026452821720938324,-0.09050177301561556,0.014060515032169674
zhen,04,Lan-Bridge vs Online-G,0.01,97.65333333333334,272.0836363636366,268.5533333333337,dedup,dedup,0.6410907519523856,True,0.012975065599258206,-0.04682414105380425,0.07057174729717997,mtme_MEE4-refA,0.1430089788338237,0.9593140488993936,0.024556816081776955,-0.016931207060116957,0.07346710173857257,0.020657140206721825,-0.016344894464945737,0.06711273635864513,0.011740584016730504,-0.02969595645995236,0.05733291718604017,-0.012954262488854562,-0.06408616265325141,0.03070686870938532
zhen,04,Lan-Bridge vs Online-G,0.01,97.65333333333334,272.0836363636366,268.5533333333337,dedup,dedup,0.6410907519523856,True,0.012975065599258206,-0.04682414105380425,0.07057174729717997,mtme_MS-COMET-22-refA,0.18167497944449035,0.98746083650136,-0.01619479681255087,-0.09415803112632642,0.03974525875949413,0.005762280644925455,-0.05223095703708517,0.058537387097169595,-0.04064576454914737,-0.11545358439072058,0.002838491753887406,-0.03371719191349909,-0.1103573729904197,0.019555732126479604
zhen,04,Lan-Bridge vs Online-G,0.01,97.65333333333334,272.0836363636366,268.5533333333337,dedup,dedup,0.6410907519523856,True,0.012975065599258206,-0.04682414105380425,0.07057174729717997,mtme_MS-COMET-QE-22-src,0.18107179071071,0.9490970977882788,0.011740584016730504,-0.03833846090250636,0.05601393742287601,0.009738047756566837,-0.032785021768545794,0.05897590238108991,0.0023286635939618883,-0.0507250039905484,0.052475060240317915,-0.030931606350938168,-0.10374544563929532,0.009230400455178258
zhen,04,Lan-Bridge vs Online-G,0.01,97.65333333333334,272.0836363636366,268.5533333333337,dedup,dedup,0.6410907519523856,True,0.012975065599258206,-0.04682414105380425,0.07057174729717997,mtme_REUSE-src,-0.016244324570680747,-0.0713802384978524,-0.021246649650690896,-0.06072889311944096,0.017610586143343248,-0.005080720568643393,-0.024406345355933567,0.0,-0.012490104731248453,-0.05710122224853463,0.01730779864709621,0.0,0.0,0.0
zhen,04,Lan-Bridge vs Online-G,0.01,97.65333333333334,272.0836363636366,268.5533333333337,dedup,dedup,0.6410907519523856,True,0.012975065599258206,-0.04682414105380425,0.07057174729717997,mtme_SEScore-refA,0.15238771248700728,0.93964771879046,0.015242161705930624,-0.04888571319460561,0.06032716400625287,0.022863242558895713,-0.03371303236727636,0.07332826852479145,-0.005080720568643171,-0.0708473695369543,0.035121464531045164,-0.01861494861843771,-0.09458984805944048,0.019664374002522245
zhen,04,Lan-Bridge vs Online-G,0.01,97.65333333333334,272.0836363636366,268.5533333333337,dedup,dedup,0.6410907519523856,True,0.012975065599258206,-0.04682414105380425,0.07057174729717997,mtme_UniTE-ref-refA,0.2505778383814709,0.975743491343244,-0.005080720568643171,-0.07464752552713089,0.04813490317590574,0.023815877665516738,-0.03621968011020338,0.07575601840385908,0.026158845089907956,-0.040515129891307206,0.08744581577190132,0.016655480342812945,-0.048781401076271914,0.08124229958721219
zhen,04,Lan-Bridge vs Online-G,0.01,97.65333333333334,272.0836363636366,268.5533333333337,dedup,dedup,0.6410907519523856,True,0.012975065599258206,-0.04682414105380425,0.07057174729717997,mtme_UniTE-refA,0.2468463861347429,0.9824419355235168,-0.011431621279447635,-0.07791309619183508,0.03827665669525751,0.02032288227457424,-0.04021622814965066,0.0751361553415349,0.037152769158205756,-0.022699218412652666,0.09528068280169284,-0.0008766042285690556,-0.06075851831829541,0.05862621241500912
zhen,04,Lan-Bridge vs Online-G,0.01,97.65333333333334,272.0836363636366,268.5533333333337,dedup,dedup,0.6410907519523856,True,0.012975065599258206,-0.04682414105380425,0.07057174729717997,mtme_UniTE-src-src,0.22261048799546798,0.9607040026515832,0.017147431919171896,-0.045130559737419355,0.07894076834019101,0.0408096587610397,-0.011426328758615972,0.09488548029235644,0.032205212636724045,-0.022238363716862556,0.09746044728520457,-0.005551826780937574,-0.06625631433391617,0.04647532832827914
zhen,04,Lan-Bridge vs Online-G,0.01,97.65333333333334,272.0836363636366,268.5533333333337,dedup,dedup,0.6410907519523856,True,0.012975065599258206,-0.04682414105380425,0.07057174729717997,mtme_YiSi-1-refA,0.2040899178214293,0.9604473082422414,0.03533410213647514,-0.02239267926319927,0.09414959137990567,0.043821214904550376,-0.002286124887280055,0.10388482457927557,0.05334756597075663,0.002574160784831348,0.11936432500314925,0.00832774017140625,-0.04700726227741284,0.06697788936596571
zhen,04,Lan-Bridge vs Online-G,0.01,97.65333333333334,272.0836363636366,268.5533333333337,dedup,dedup,0.6410907519523856,True,0.012975065599258206,-0.04682414105380425,0.07057174729717997,mtme_chrF-refA,0.14022771325424987,0.9157360845392822,0.015242161705930624,-0.03776090893157689,0.056021199453834554,0.018949714553319286,-0.02694311356462652,0.06161366242439519,0.036760507643714746,-0.010045725988500325,0.0823792032833341,-0.008089804737937856,-0.08266142071158186,0.03472236400263526
zhen,04,Lan-Bridge vs Online-G,0.01,97.65333333333334,272.0836363636366,268.5533333333337,dedup,dedup,0.6410907519523856,True,0.012975065599258206,-0.04682414105380425,0.07057174729717997,mtme_f101spBLEU-refA,0.11197570377733787,0.8645720481576694,0.019446895969635225,-0.035946123935062295,0.07693122533688292,0.06407353161567042,0.013614554260259685,0.11952021580023911,0.033818546285033224,-0.0047915674490117246,0.0826642274282755,0.014506386105030522,-0.02348712639628333,0.053617701321749305
zhen,04,Lan-Bridge vs Online-G,0.01,97.65333333333334,272.0836363636366,268.5533333333337,dedup,dedup,0.6410907519523856,True,0.012975065599258206,-0.04682414105380425,0.07057174729717997,mtme_f200spBLEU-refA,0.11071864565478537,0.8696321738056851,0.03937558440698696,-0.007170170513155116,0.09824875796490935,0.06331359477848009,0.006838267081586374,0.11472899263489891,0.04215410346796389,0.0043091180920820215,0.09961641193324543,0.0059100091539011634,-0.03563938388703505,0.03956416450328162
zhen,04,Lan-Bridge vs Online-G,0.01,97.65333333333334,272.0836363636366,268.5533333333337,dedup,dedup,0.6410907519523856,True,0.012975065599258206,-0.04682414105380425,0.07057174729717997,mtme_metricx_xl_DA_2019-refA,0.2613302928461364,0.9937925634685278,0.00319021989193935,-0.0688813192462272,0.058614176959712196,0.044797085013771554,-0.009246185880862196,0.09999706977968335,0.03595586863963107,-0.021570277886311134,0.0997733322650872,-0.005551826780937352,-0.06932214699906625,0.05912074624128941
zhen,04,Lan-Bridge vs Online-G,0.01,97.65333333333334,272.0836363636366,268.5533333333337,dedup,dedup,0.6410907519523856,True,0.012975065599258206,-0.04682414105380425,0.07057174729717997,mtme_metricx_xl_MQM_2020-refA,0.2932834536718364,0.9880707146931909,0.020657140206721825,-0.042534930028616004,0.08638665795869134,0.04778623669967419,-0.007921109293827321,0.1021678636429568,0.026158845089907956,-0.032665408035533125,0.09621006823329128,0.050975864079518374,-0.013561236881726425,0.1388117614014931
zhen,04,Lan-Bridge vs Online-G,0.01,97.65333333333334,272.0836363636366,268.5533333333337,dedup,dedup,0.6410907519523856,True,0.012975065599258206,-0.04682414105380425,0.07057174729717997,mtme_metricx_xxl_DA_2019-refA,0.24508635448206395,0.9945880252964706,0.03469597335692076,-0.015735764484337743,0.08933976902319149,0.044797085013771554,-0.01228735079505393,0.10223602279516293,0.033024683696183166,-0.023346102108198815,0.09195752942675539,0.01273654379156286,-0.04592920273876505,0.0853762120948649
zhen,04,Lan-Bridge vs Online-G,0.01,97.65333333333334,272.0836363636366,268.5533333333337,dedup,dedup,0.6410907519523856,True,0.012975065599258206,-0.04682414105380425,0.07057174729717997,mtme_metricx_xxl_MQM_2020-refA,0.3015539886036912,0.9848440687329651,0.08383188938261743,0.01173008779720976,0.13559329387623478,0.09064529170405089,0.01669660440574457,0.15629743162933085,0.07621080852965245,0.011798381316430235,0.13300409574208552,0.04889189390954751,-0.01952954307360408,0.12303083491475335
zhen,04,Lan-Bridge vs Online-G,0.01,97.65333333333334,272.0836363636366,268.5533333333337,dedup,dedup,0.6410907519523856,True,0.012975065599258206,-0.04682414105380425,0.07057174729717997,comet22,0.20752852753020676,,0.008598142500781503,-0.039315613890124314,0.05450184665961275,0.010478986172827387,-0.03961762065520073,0.05895322645987511,0.017147431919171896,-0.028870724023128003,0.06862076630432029,-0.008089804737937856,-0.06350196818707092,0.04209218066939535
zhen,04,Lan-Bridge vs Online-G,0.01,97.65333333333334,272.0836363636366,268.5533333333337,dedup,dedup,0.6410907519523856,True,0.012975065599258206,-0.04682414105380425,0.07057174729717997,qwen3_8b,0.17980368237397237,,-0.029673570129630233,-0.09722437802081577,0.0042477774345290415,-0.005080720568643171,-0.0618859937134,0.034956218730797545,-0.01100822789872713,-0.06770190389868555,0.024582537203398282,-0.010353406699586287,-0.07425168386662273,0.032732184387147194
zhen,04,Lan-Bridge vs Online-G,0.01,97.65333333333334,272.0836363636366,268.5533333333337,dedup,dedup,0.6410907519523856,True,0.012975065599258206,-0.04682414105380425,0.07057174729717997,mistral_7b,0.12830819546875155,,0.003810540426482545,-0.04050271608748934,0.06186869752283529,-0.011920152103355619,-0.055043617223319796,0.01830178675369912,-0.005080720568643393,-0.04359193527031617,0.034012117867786636,-0.026452821720938324,-0.08613681086346645,0.01117774657634454
zhen,04,Lan-Bridge vs Online-G,0.02,97.65333333333334,169.5377777777787,159.00825396825408,dedup,dedup,0.4240025166465715,True,0.06210724209990637,-0.01673139649515161,0.22801984989799898,mtme_BERTScore-refA,0.18170937676650797,0.9400920205176692,-0.005398541754846331,-0.07211988605224662,0.140996005996835,0.037114974564562364,0.005816581432473867,0.21309924944529862,0.010544026864932166,-0.0419633066506578,0.18124828581488944,0.021318400390129777,-0.2609931756490419,0.26248070076254953
zhen,04,Lan-Bridge vs Online-G,0.02,97.65333333333334,169.5377777777787,159.00825396825408,dedup,dedup,0.4240025166465715,True,0.06210724209990637,-0.01673139649515161,0.22801984989799898,mtme_BLEU-refA,0.0930085188055057,0.8293746844592913,-0.0029339900841551803,-0.05222855282869587,0.05368920542031179,0.0087726303516239,-0.025638256018698173,0.13384714008486634,-0.007975118501476253,-0.0674335467678486,0.040711269552938245,0.010253758224455067,-0.2712382502493127,0.24413027489594702
zhen,04,Lan-Bridge vs Online-G,0.02,97.65333333333334,169.5377777777787,159.00825396825408,dedup,dedup,0.4240025166465715,True,0.06210724209990637,-0.01673139649515161,0.22801984989799898,mtme_BLEURT-20-refA,0.2074168255153288,0.9802219595565596,-0.0015336766348992281,-0.09670426649228325,0.10293443108782518,0.015858216404858405,-0.02203181648404227,0.17265578662114636,-0.0015336766348992281,-0.10074845570553359,0.11007774313596794,0.0,-0.3295278853698184,0.2146683781524105
zhen,04,Lan-Bridge vs Online-G,0.02,97.65333333333334,169.5377777777787,159.00825396825408,dedup,dedup,0.4240025166465715,True,0.06210724209990637,-0.01673139649515161,0.22801984989799898,mtme_COMET-20-refA,0.18653248134502576,0.9752672183823412,0.022943802458093465,-0.01584763562468801,0.19085705081739235,0.007591699342751501,-0.04319773373054514,0.17037424769336088,0.011809310088724878,-0.037380719100829275,0.20284031358480775,0.07785294108617857,-0.29881253886408965,0.3017161420513116
zhen,04,Lan-Bridge vs Online-G,0.02,97.65333333333334,169.5377777777787,159.00825396825408,dedup,dedup,0.4240025166465715,True,0.06210724209990637,-0.01673139649515161,0.22801984989799898,mtme_COMET-22-refA,0.2806330169654535,0.9866351677254928,-0.045703053250705894,-0.12532031249431597,0.10311379968691646,0.006748177193556137,-0.07987807154786383,0.13420639562403375,-0.02429343789680538,-0.18905348561994462,0.09837651700085549,0.006389914928505269,-0.2921292303005826,0.3143063987935667
zhen,04,Lan-Bridge vs Online-G,0.02,97.65333333333334,169.5377777777787,159.00825396825408,dedup,dedup,0.4240025166465715,True,0.06210724209990637,-0.01673139649515161,0.22801984989799898,mtme_COMET-QE-src,0.1785275001800712,0.922900899652606,0.015125224744179433,-0.03875853420344246,0.2070638008616027,0.021115264121775112,-0.027480181012954952,0.2167983162381151,0.01349635438711394,-0.029755047211710257,0.201328075190087,-0.006209574080027203,-0.28668088034620637,0.330332670635192
zhen,04,Lan-Bridge vs Online-G,0.02,97.65333333333334,169.5377777777787,159.00825396825408,dedup,dedup,0.4240025166465715,True,0.06210724209990637,-0.01673139649515161,0.22801984989799898,mtme_COMETKiwi-src,0.22037524594773872,0.959377087982424,-0.06318622081805136,-0.22275976654954158,0.06379115431457812,-0.007975118501476253,-0.1017535773849492,0.14513957882760334,-0.04650053106956742,-0.19693924079391845,0.06856614988137692,0.006389914928505269,-0.34274917224883145,0.1316211127081005
zhen,04,Lan-Bridge vs Online-G,0.02,97.65333333333334,169.5377777777787,159.00825396825408,dedup,dedup,0.4240025166465715,True,0.06210724209990637,-0.01673139649515161,0.22801984989799898,mtme_Cross-QE-src,0.21828892990248105,0.966162403744368,-0.01799513918281881,-0.19807438591446258,0.10541089745015898,0.001687044298388618,-0.10509948963240733,0.16780231729666528,-0.005398541754846331,-0.10913025189486883,0.17265536006962706,0.012570713207865625,-0.22163033908203625,0.3049578705071005
zhen,04,Lan-Bridge vs Online-G,0.02,97.65333333333334,169.5377777777787,159.00825396825408,dedup,dedup,0.4240025166465715,True,0.06210724209990637,-0.01673139649515161,0.22801984989799898,mtme_HWTSC-TLM-src,0.05268396453521073,0.498241633134339,0.004907765231677574,-0.016019687539773335,0.128825541589447,0.013496354387113607,0.0005684720272908201,0.1831348178134862,-0.0015336766348992281,-0.04893154637934345,0.12815844818331765,0.010253758224455067,-0.00997498491251606,0.09628962144696526
zhen,04,Lan-Bridge vs Online-G,0.02,97.65333333333334,169.5377777777787,159.00825396825408,dedup,dedup,0.4240025166465715,True,0.06210724209990637,-0.01673139649515161,0.22801984989799898,mtme_HWTSC-Teacher-Sim-src,0.06973875428975751,0.3949247735620734,0.0087726303516239,-0.007133498004118236,0.10085719065797795,0.00793903199241952,0.0,0.11949637860883822,0.016275015584460206,-0.008693606187538158,0.14752658776388522,-0.0005970744307717268,-0.280641548459436,0.28021246637539826
zhen,04,Lan-Bridge vs Online-G,0.02,97.65333333333334,169.5377777777787,159.00825396825408,dedup,dedup,0.4240025166465715,True,0.06210724209990637,-0.01673139649515161,0.22801984989799898,mtme_KG-BERTScore-src,0.04996875000041396,0.679795467170797,-0.0071699382681547075,-0.09477423190223416,0.12339516400181112,0.00793903199241952,-0.05835796068723519,0.15299446352276502,0.0,-0.06201840312986756,0.08729605681807662,0.016240424516994256,-0.20505467365614444,0.28758106607064227
zhen,04,Lan-Bridge vs Online-G,0.02,97.65333333333334,169.5377777777787,159.00825396825408,dedup,dedup,0.4240025166465715,True,0.06210724209990637,-0.01673139649515161,0.22801984989799898,mtme_MATESE-QE-src,0.16265497578038518,0.9351848265501388,0.013496354387113274,-0.11850014006119775,0.21988766843413537,0.009862720513659218,-0.07919220173892552,0.22454457013530477,0.013496354387113274,-0.09640718332497926,0.21016510669786578,-0.010185094664916239,-0.3210968874581284,0.3376260607117499
zhen,04,Lan-Bridge vs Online-G,0.02,97.65333333333334,169.5377777777787,159.00825396825408,dedup,dedup,0.4240025166465715,True,0.06210724209990637,-0.01673139649515161,0.22801984989799898,mtme_MATESE-refA,0.19045399018618284,0.9674894649743352,-0.07201982127313555,-0.2794330980729394,0.022094847227650358,0.013496354387113607,-0.02929002985649542,0.1840297043513521,0.0067481771935568036,-0.22052500880739165,0.17857847832548654,-0.006209574080027203,-0.30728607028085286,0.32790474097937033
zhen,04,Lan-Bridge vs Online-G,0.02,97.65333333333334,169.5377777777787,159.00825396825408,dedup,dedup,0.4240025166465715,True,0.06210724209990637,-0.01673139649515161,0.22801984989799898,mtme_MEE-refA,0.10168905276545763,0.8976609341086564,-0.005398541754845665,-0.062135408978884456,0.19788308787796688,0.0067481771935568036,-0.02004404210482444,0.20024461104331465,-0.006748177193556915,-0.06114938062800565,0.1993261533939746,0.003994970736800774,-0.31561737545554513,0.057453026523424024
zhen,04,Lan-Bridge vs Online-G,0.02,97.65333333333334,169.5377777777787,159.00825396825408,dedup,dedup,0.4240025166465715,True,0.06210724209990637,-0.01673139649515161,0.22801984989799898,mtme_MEE2-refA,0.1278369886943253,0.9352238472927537,-0.008732935191662516,-0.12247673713762892,0.15991180111419723,0.004048906316133416,-0.10254338916928384,0.19381622813037996,-0.0071699382681547075,-0.1167797834526214,0.19678902433474219,0.010627924867738892,-0.30601396990289215,0.2865915085809864
zhen,04,Lan-Bridge vs Online-G,0.02,97.65333333333334,169.5377777777787,159.00825396825408,dedup,dedup,0.4240025166465715,True,0.06210724209990637,-0.01673139649515161,0.22801984989799898,mtme_MEE4-refA,0.1430089788338237,0.9593140488993936,-0.008732935191662516,-0.22645690487673822,0.06667266144127411,-0.0033740885967794565,-0.08636887495176974,0.13159658762909734,-0.002249392397852601,-0.09334348741653352,0.15809378204912616,0.01573019727615288,-0.3022238338227106,0.08962520592285335
zhen,04,Lan-Bridge vs Online-G,0.02,97.65333333333334,169.5377777777787,159.00825396825408,dedup,dedup,0.4240025166465715,True,0.06210724209990637,-0.01673139649515161,0.22801984989799898,mtme_MS-COMET-22-refA,0.18167497944449035,0.98746083650136,-0.0015336766348992281,-0.06702981474288625,0.07823603294612522,0.01134920709825471,-0.03131450570364716,0.1914073032217383,-0.0015336766348992281,-0.0649332278518167,0.09370261154196494,-0.01900607328032944,-0.3109555127359754,0.3310705410230072
zhen,04,Lan-Bridge vs Online-G,0.02,97.65333333333334,169.5377777777787,159.00825396825408,dedup,dedup,0.4240025166465715,True,0.06210724209990637,-0.01673139649515161,0.22801984989799898,mtme_MS-COMET-QE-22-src,0.18107179071071,0.9490970977882788,0.015313171323840802,-0.025027766782965487,0.19355856568466426,0.017790648964831735,-0.0283231127804946,0.17420863390609884,0.011606864772918057,-0.04360200840913015,0.1754176170927575,0.20504518862106558,-0.07295286766517214,0.22188806831492894
zhen,04,Lan-Bridge vs Online-G,0.02,97.65333333333334,169.5377777777787,159.00825396825408,dedup,dedup,0.4240025166465715,True,0.06210724209990637,-0.01673139649515161,0.22801984989799898,mtme_REUSE-src,-0.016244324570680747,-0.0713802384978524,-0.010122265790335927,-0.11212562871478528,0.011912512548234756,-0.013496354387114495,-0.20950749239546704,0.07519558459831595,-0.014845989825825745,-0.24362191051856236,0.024211844540864436,0.0,0.0,0.0
zhen,04,Lan-Bridge vs Online-G,0.02,97.65333333333334,169.5377777777787,159.00825396825408,dedup,dedup,0.4240025166465715,True,0.06210724209990637,-0.01673139649515161,0.22801984989799898,mtme_SEScore-refA,0.15238771248700728,0.93964771879046,-0.016026920834698144,-0.12100842012569522,0.08678486457472742,0.013496354387113496,-0.027396699661535552,0.15323310268725823,-0.003906839427848974,-0.06625663122315736,0.0993951215377541,-0.006209574080027203,-0.30928733570094424,0.27910553754594525
zhen,04,Lan-Bridge vs Online-G,0.02,97.65333333333334,169.5377777777787,159.00825396825408,dedup,dedup,0.4240025166465715,True,0.06210724209990637,-0.01673139649515161,0.22801984989799898,mtme_UniTE-ref-refA,0.2505778383814709,0.975743491343244,0.01687044298389162,-0.08073136418449536,0.16759284190866708,0.017790648964830513,-0.15273396816559298,0.18534023976759026,0.013496354387113274,-0.10079516351087635,0.1927033091566805,-0.0041478395149945335,-0.24144687823684663,0.32422457130755256
zhen,04,Lan-Bridge vs Online-G,0.02,97.65333333333334,169.5377777777787,159.00825396825408,dedup,dedup,0.4240025166465715,True,0.06210724209990637,-0.01673139649515161,0.22801984989799898,mtme_UniTE-refA,0.2468463861347429,0.9824419355235168,0.004048906316133416,-0.11246420282666474,0.17459783414815133,0.004907765231676131,-0.11198602675974267,0.1920466300263492,-0.0003969515996213868,-0.11959364077582922,0.1546217153586715,-0.0115043850698906,-0.2981457820292276,0.3175472134392807
zhen,04,Lan-Bridge vs Online-G,0.02,97.65333333333334,169.5377777777787,159.00825396825408,dedup,dedup,0.4240025166465715,True,0.06210724209990637,-0.01673139649515161,0.22801984989799898,mtme_UniTE-src-src,0.22261048799546798,0.9607040026515832,0.0016870442983891731,-0.06090672783700267,0.13036234649774328,0.018468695477102726,-0.03989903931776216,0.16638697769512859,0.005938395930330076,-0.042191313505169276,0.15214117088773296,0.01062792486773878,-0.28629805873460995,0.2483807429380205
zhen,04,Lan-Bridge vs Online-G,0.02,97.65333333333334,169.5377777777787,159.00825396825408,dedup,dedup,0.4240025166465715,True,0.06210724209990637,-0.01673139649515161,0.22801984989799898,mtme_YiSi-1-refA,0.2040899178214293,0.9604473082422414,-0.005398541754846331,-0.0884281381641211,0.19466904418293896,0.037114974564562364,-0.0038737083108737968,0.22522124474975458,0.013496354387113496,-0.04342330503101559,0.19171002546407576,0.015457285031051482,-0.2733741428702269,0.28072272834610756
zhen,04,Lan-Bridge vs Online-G,0.02,97.65333333333334,169.5377777777787,159.00825396825408,dedup,dedup,0.4240025166465715,True,0.06210724209990637,-0.01673139649515161,0.22801984989799898,mtme_chrF-refA,0.14022771325424987,0.9157360845392822,0.009862720513659218,-0.0634204115651884,0.20469934434383968,0.019401009431475602,-0.014485997615755414,0.20851044058478857,-0.016026920834698144,-0.24173510347785424,0.19643911421421353,0.010986169526202016,-0.2708317813386886,0.24618739822174854
zhen,04,Lan-Bridge vs Online-G,0.02,97.65333333333334,169.5377777777787,159.00825396825408,dedup,dedup,0.4240025166465715,True,0.06210724209990637,-0.01673139649515161,0.22801984989799898,mtme_f101spBLEU-refA,0.11197570377733787,0.8645720481576694,-0.0015336766348992281,-0.05592390722159246,0.15833082371553878,0.005623480994630614,-0.023689156430193502,0.13380880449126673,-0.005398541754845665,-0.056440084065448634,0.0493358023806139,0.016240424516994256,-0.2688401829294822,0.2952054638561878
zhen,04,Lan-Bridge vs Online-G,0.02,97.65333333333334,169.5377777777787,159.00825396825408,dedup,dedup,0.4240025166465715,True,0.06210724209990637,-0.01673139649515161,0.22801984989799898,mtme_f200spBLEU-refA,0.11071864565478537,0.8696321738056851,0.0032273890925706983,-0.04972639351946193,0.16345919363128839,0.001687044298388618,-0.03982802418400804,0.09521638377771799,-0.002249392397852601,-0.07269291589027023,0.06519975658924215,0.01062792486773878,-0.26550783958751006,0.29498931760781316
zhen,04,Lan-Bridge vs Online-G,0.02,97.65333333333334,169.5377777777787,159.00825396825408,dedup,dedup,0.4240025166465715,True,0.06210724209990637,-0.01673139649515161,0.22801984989799898,mtme_metricx_xl_DA_2019-refA,0.2613302928461364,0.9937925634685278,0.009862720513659218,-0.14226465885328676,0.18345611099931572,0.030673532697984784,-0.03542278609304457,0.1929933842613215,0.004048906316133416,-0.10643972283754229,0.15728612941992223,0.194666997802177,-0.22891500891013414,0.30926465318916824
zhen,04,Lan-Bridge vs Online-G,0.02,97.65333333333334,169.5377777777787,159.00825396825408,dedup,dedup,0.4240025166465715,True,0.06210724209990637,-0.01673139649515161,0.22801984989799898,mtme_metricx_xl_MQM_2020-refA,0.2932834536718364,0.9880707146931909,0.015125224744179433,-0.025946999001734687,0.19599775093848817,0.03338571874707075,-0.012223759179059882,0.20316408588583876,0.007591699342751501,-0.05312243253672407,0.17215014824962563,0.21605236070170197,-0.04497336902033725,0.3231309785929507
zhen,04,Lan-Bridge vs Online-G,0.02,97.65333333333334,169.5377777777787,159.00825396825408,dedup,dedup,0.4240025166465715,True,0.06210724209990637,-0.01673139649515161,0.22801984989799898,mtme_metricx_xxl_DA_2019-refA,0.24508635448206395,0.9945880252964706,-0.06563999872224047,-0.21622330025862105,0.13017678727362636,-0.023618620177449756,-0.21305683501397824,0.07213468827144824,-0.023618620177449756,-0.22602304588358033,0.10296886772870995,0.003994970736800663,-0.30325201162489446,0.3072847157858997
zhen,04,Lan-Bridge vs Online-G,0.02,97.65333333333334,169.5377777777787,159.00825396825408,dedup,dedup,0.4240025166465715,True,0.06210724209990637,-0.01673139649515161,0.22801984989799898,mtme_metricx_xxl_MQM_2020-refA,0.3015539886036912,0.9848440687329651,0.017275333615505706,-0.034721651891145275,0.19754422865406648,0.020244531580670633,-0.0319993648438496,0.19874679121065328,-0.018823862697816773,-0.11703499360641637,0.13487999716956553,0.20669626443315758,-0.10688813521443513,0.3268718429584358
zhen,04,Lan-Bridge vs Online-G,0.02,97.65333333333334,169.5377777777787,159.00825396825408,dedup,dedup,0.4240025166465715,True,0.06210724209990637,-0.01673139649515161,0.22801984989799898,comet22,0.20752852753020676,,0.02193157587906014,-0.02520186741178933,0.20447321159805615,0.030673532697985895,0.0004146265402808882,0.20424745335451977,0.0087726303516239,-0.05105664495494801,0.1584702651254129,0.0,-0.28834214732420466,0.29339616588141965
zhen,04,Lan-Bridge vs Online-G,0.02,97.65333333333334,169.5377777777787,159.00825396825408,dedup,dedup,0.4240025166465715,True,0.06210724209990637,-0.01673139649515161,0.22801984989799898,qwen3_8b,0.17980368237397237,,0.007591699342751501,-0.07613080754156411,0.18131482066760896,0.03403428497619998,-0.0028395435209325687,0.21351953352062342,0.013496354387113607,-0.02982658332968304,0.19968729684690895,0.027465423815504653,-0.21110631238090083,0.27646614894507643
zhen,04,Lan-Bridge vs Online-G,0.02,97.65333333333334,169.5377777777787,159.00825396825408,dedup,dedup,0.4240025166465715,True,0.06210724209990637,-0.01673139649515161,0.22801984989799898,mistral_7b,0.12830819546875155,,-0.003906839427848974,-0.22384814007223497,0.1338404479890586,0.005938395930330076,-0.04676202101665289,0.17666967758717286,0.0,-0.10971659672223226,0.08765108704540754,0.015730197276152658,-0.22816431469114457,0.10725536984267907
zhen,05,Lan-Bridge vs HuaweiTSC,0.01,98.76666666666667,192.42705882352973,191.7047619047622,dedup,dedup,0.48673192184866676,True,0.00375361408724717,-0.045396944120986805,0.09437891533067529,mtme_BERTScore-refA,0.18492177688316558,0.9400920205176692,-0.053233643002632336,-0.23372625599507327,0.004945636686385613,-0.013883506935819412,-0.14432113280101308,0.04425500653332663,-0.03161872588471004,-0.16305758404695211,0.01796306032578785,0.002160908343440515,-0.1810657458577884,0.040745738339740094
zhen,05,Lan-Bridge vs HuaweiTSC,0.01,98.76666666666667,192.42705882352973,191.7047619047622,dedup,dedup,0.48673192184866676,True,0.00375361408724717,-0.045396944120986805,0.09437891533067529,mtme_BLEU-refA,0.07464306629774972,0.8293746844592913,-0.04560484872571857,-0.1743626640299483,0.01250611348506528,-0.030571636474153063,-0.06158329132615532,0.027614981498373752,-0.031062459635351702,-0.08659342488292841,0.05672384668368239,-0.011884995888921335,-0.09071415372421104,0.022939150848826247
zhen,05,Lan-Bridge vs HuaweiTSC,0.01,98.76666666666667,192.42705882352973,191.7047619047622,dedup,dedup,0.48673192184866676,True,0.00375361408724717,-0.045396944120986805,0.09437891533067529,mtme_BLEURT-20-refA,0.23269327502858828,0.9802219595565596,-0.007572821964991983,-0.20801228376702555,0.06067701089892683,0.019131339701033978,-0.07356726255228802,0.07567368950135905,0.0011359232947490971,-0.11960460437804708,0.05955417172938648,-0.0027964696209226148,-0.2066050102850891,0.048012209856940935
zhen,05,Lan-Bridge vs HuaweiTSC,0.01,98.76666666666667,192.42705882352973,191.7047619047622,dedup,dedup,0.48673192184866676,True,0.00375361408724717,-0.045396944120986805,0.09437891533067529,mtme_COMET-20-refA,0.19096726959231697,0.9752672183823412,-0.053233643002632336,-0.24418547707571167,0.02374259513078931,-0.02271846589497728,-0.19481840292419186,0.04167194456748494,-0.0541311482116813,-0.22381966600400915,0.011254557049364084,0.012510521988338463,-0.10835397825691685,0.061531521185594726
zhen,05,Lan-Bridge vs HuaweiTSC,0.01,98.76666666666667,192.42705882352973,191.7047619047622,dedup,dedup,0.48673192184866676,True,0.00375361408724717,-0.045396944120986805,0.09437891533067529,mtme_COMET-22-refA,0.3202198366948278,0.9866351677254928,-4.440892098500626e-16,-0.11228233056535014,0.079368965561855,0.05300975375494765,-0.03011327086370237,0.14624984100408378,0.036917507079338274,-0.061463563370534165,0.13986354104569115,0.024469109183073434,-0.08894081865613765,0.09905065092846346
zhen,05,Lan-Bridge vs HuaweiTSC,0.01,98.76666666666667,192.42705882352973,191.7047619047622,dedup,dedup,0.48673192184866676,True,0.00375361408724717,-0.045396944120986805,0.09437891533067529,mtme_COMET-QE-src,0.17281754546161096,0.922900899652606,-0.022718465894977724,-0.24084356642438925,0.03395422505482592,-0.02271846589497728,-0.11282937210296459,0.033809780310091755,-0.005978543656572466,-0.2072655322983536,0.06326574356280279,0.022449436679073842,-0.08034419344681039,0.07378473847601316
zhen,05,Lan-Bridge vs HuaweiTSC,0.01,98.76666666666667,192.42705882352973,191.7047619047622,dedup,dedup,0.48673192184866676,True,0.00375361408724717,-0.045396944120986805,0.09437891533067529,mtme_COMETKiwi-src,0.26500433978598925,0.959377087982424,0.009087386357991556,-0.19196932521057353,0.07358833653248319,0.04089323861095995,-0.0548018192244546,0.11779977590223491,0.020653150813616405,-0.09294634540421652,0.08737359176095189,-0.028044629516660313,-0.23286965449140448,0.04581338442181722
zhen,05,Lan-Bridge vs HuaweiTSC,0.01,98.76666666666667,192.42705882352973,191.7047619047622,dedup,dedup,0.48673192184866676,True,0.00375361408724717,-0.045396944120986805,0.09437891533067529,mtme_Cross-QE-src,0.20221181467460803,0.966162403744368,0.0,-0.0763441526830242,0.06781605872319556,0.04276417109642805,-0.029427809637523124,0.11338066999481682,0.0269781782502857,-0.0348332161354924,0.09667645688969582,-6.661338147750939e-16,-0.08223654573779049,0.07650427257462222
zhen,05,Lan-Bridge vs HuaweiTSC,0.01,98.76666666666667,192.42705882352973,191.7047619047622,dedup,dedup,0.48673192184866676,True,0.00375361408724717,-0.045396944120986805,0.09437891533067529,mtme_HWTSC-TLM-src,0.06655339992281534,0.498241633134339,-0.05831950585390833,-0.11694874011968913,0.00722117906456322,-0.05717108521007197,-0.09871391696750334,0.021364888210930428,-0.05609444085647519,-0.11709095776457677,0.064406879019763,-0.02347777653490879,-0.1301588406050187,0.007249896103763891
zhen,05,Lan-Bridge vs HuaweiTSC,0.01,98.76666666666667,192.42705882352973,191.7047619047622,dedup,dedup,0.48673192184866676,True,0.00375361408724717,-0.045396944120986805,0.09437891533067529,mtme_HWTSC-Teacher-Sim-src,0.03861982410207717,0.3949247735620734,-0.03298799665236141,-0.07342783419141183,0.02807587092054221,-0.02271846589497728,-0.06278161852122363,0.037022453497129786,-0.0405189858744428,-0.07650659099565614,0.019641762581248483,0.00742812243057589,-0.04656518806352023,0.019765473874435915
zhen,05,Lan-Bridge vs HuaweiTSC,0.01,98.76666666666667,192.42705882352973,191.7047619047622,dedup,dedup,0.48673192184866676,True,0.00375361408724717,-0.045396944120986805,0.09437891533067529,mtme_KG-BERTScore-src,0.04817970362201217,0.679795467170797,-0.05831950585390855,-0.180187568428324,0.005321685693575419,-0.05609444085647519,-0.10282537727757109,0.021710220020486212,-0.051326444433404284,-0.1113327919002181,0.010713753491886554,-0.032395300108744474,-0.05950104361285213,0.03708589736382144
zhen,05,Lan-Bridge vs HuaweiTSC,0.01,98.76666666666667,192.42705882352973,191.7047619047622,dedup,dedup,0.48673192184866676,True,0.00375361408724717,-0.045396944120986805,0.09437891533067529,mtme_MATESE-QE-src,0.16314048928083114,0.9351848265501388,0.01135923294748864,-0.06118387324768546,0.10174254654781,0.04089323861095917,-0.034005514223682705,0.14605823111312027,0.019131339701033978,-0.12431687099518507,0.0915300815487338,0.04264616171907043,-0.012522159809986621,0.18406083846325982
zhen,05,Lan-Bridge vs HuaweiTSC,0.01,98.76666666666667,192.42705882352973,191.7047619047622,dedup,dedup,0.48673192184866676,True,0.00375361408724717,-0.045396944120986805,0.09437891533067529,mtme_MATESE-refA,0.24218116769878245,0.9674894649743352,-0.005048547976661322,-0.1695531550707341,0.05689206205992233,0.04233895916791297,-0.05245730239260455,0.10674771712211081,-0.00283980823687191,-0.11823063238660837,0.06992036046700237,0.023229764691983124,-0.1454762416376941,0.07386466147632853
zhen,05,Lan-Bridge vs HuaweiTSC,0.01,98.76666666666667,192.42705882352973,191.7047619047622,dedup,dedup,0.48673192184866676,True,0.00375361408724717,-0.045396944120986805,0.09437891533067529,mtme_MEE-refA,0.10845001160838635,0.8976609341086564,-0.05880060098848827,-0.18297216079160067,0.007523839322053673,-0.03890075678540028,-0.08279847248998747,0.02838329467591598,-0.031062459635351702,-0.08938492874298355,0.03655435675996709,0.0,-0.09640419646570747,0.05359271608528159
zhen,05,Lan-Bridge vs HuaweiTSC,0.01,98.76666666666667,192.42705882352973,191.7047619047622,dedup,dedup,0.48673192184866676,True,0.00375361408724717,-0.045396944120986805,0.09437891533067529,mtme_MEE2-refA,0.1419757229759891,0.9352238472927537,-0.06086243727954588,-0.24182101250691132,0.014259738524696395,-0.03755223254453166,-0.09996277664767447,0.043623808577101734,-0.0746366491684185,-0.25800661591194507,0.01921359418582643,-0.011884995888921113,-0.15665748686593936,0.040717817831455526
zhen,05,Lan-Bridge vs HuaweiTSC,0.01,98.76666666666667,192.42705882352973,191.7047619047622,dedup,dedup,0.48673192184866676,True,0.00375361408724717,-0.045396944120986805,0.09437891533067529,mtme_MEE4-refA,0.1541302613184427,0.9593140488993936,-0.07323345502589307,-0.25400662464743107,-0.002406840851481183,-0.03080961134018878,-0.12004500196668694,0.05952643833113779,-0.052385999194086486,-0.2023142453313768,0.024971635237522348,-0.001584666118523037,-0.09721507386821142,0.046413593339844024
zhen,05,Lan-Bridge vs HuaweiTSC,0.01,98.76666666666667,192.42705882352973,191.7047619047622,dedup,dedup,0.48673192184866676,True,0.00375361408724717,-0.045396944120986805,0.09437891533067529,mtme_MS-COMET-22-refA,0.1792961679889985,0.98746083650136,0.0,-0.0804884239557856,0.06223944032895764,0.07269909086392623,-0.01779495585527168,0.19277827293291275,0.03029128785996915,-0.06157463195862517,0.137306467024388,-0.03541152131754188,-0.12667611264993658,0.032321814137578564
zhen,05,Lan-Bridge vs HuaweiTSC,0.01,98.76666666666667,192.42705882352973,191.7047619047622,dedup,dedup,0.48673192184866676,True,0.00375361408724717,-0.045396944120986805,0.09437891533067529,mtme_MS-COMET-QE-22-src,0.22800009663572332,0.9490970977882788,0.05679616473744409,-0.019608955268969025,0.14266417839076925,0.08099626971252849,-4.7639102058831915e-05,0.17704991307244233,0.06058257571994019,-0.008862122149458163,0.1469638683518784,0.03961665296307082,-0.01970912612026759,0.10183563752444712
zhen,05,Lan-Bridge vs HuaweiTSC,0.01,98.76666666666667,192.42705882352973,191.7047619047622,dedup,dedup,0.48673192184866676,True,0.00375361408724717,-0.045396944120986805,0.09437891533067529,mtme_REUSE-src,-0.04951850409415903,-0.0713802384978524,-0.03080961134018878,-0.09415537069325028,0.00618565816647451,-0.012116515143987927,-0.07319735372503965,1.3658763527610637e-05,-0.02271846589497728,-0.0999973548281378,0.0032535587893661017,0.0,0.0,0.0
zhen,05,Lan-Bridge vs HuaweiTSC,0.01,98.76666666666667,192.42705882352973,191.7047619047622,dedup,dedup,0.48673192184866676,True,0.00375361408724717,-0.045396944120986805,0.09437891533067529,mtme_SEScore-refA,0.17948345964763873,0.93964771879046,-0.04775044711610077,-0.18926571796745054,0.004213905918603862,-0.011359232947488973,-0.1014192878565917,0.04071939414210134,-0.022718465894976836,-0.1507651705254006,0.0399963250453626,-0.0296605928794349,-0.12567613772527816,0.0329538033853035
zhen,05,Lan-Bridge vs HuaweiTSC,0.01,98.76666666666667,192.42705882352973,191.7047619047622,dedup,dedup,0.48673192184866676,True,0.00375361408724717,-0.045396944120986805,0.09437891533067529,mtme_UniTE-ref-refA,0.2823058947402787,0.975743491343244,0.002391417462629608,-0.13586028397475847,0.07086175207610705,0.009087386357991223,-0.09485084180928517,0.08063291783215573,-0.022718465894977058,-0.1950615971782148,0.06339100461954254,0.021703035971074258,-0.11858408980320378,0.07556213370464814
zhen,05,Lan-Bridge vs HuaweiTSC,0.01,98.76666666666667,192.42705882352973,191.7047619047622,dedup,dedup,0.48673192184866676,True,0.00375361408724717,-0.045396944120986805,0.09437891533067529,mtme_UniTE-refA,0.29503868173117165,0.9824419355235168,0.03691750707933883,-0.06409384371745115,0.10493833137076165,0.046424691176693345,-0.04800477630414719,0.1230158899239271,0.019131339701033978,-0.07721551456858888,0.09379427055461288,0.03317894685657252,-0.10949226693572413,0.09312732879557087
zhen,05,Lan-Bridge vs HuaweiTSC,0.01,98.76666666666667,192.42705882352973,191.7047619047622,dedup,dedup,0.48673192184866676,True,0.00375361408724717,-0.045396944120986805,0.09437891533067529,mtme_UniTE-src-src,0.2705351785666113,0.9607040026515832,-0.022718465894976836,-0.1482267027294638,0.05367479722005697,0.0269781782502857,-0.040711331211042416,0.10138205793663049,-0.011359232947488973,-0.12239608978913638,0.06438102043900812,-0.0008489282777799367,-0.10876518845046027,0.07144908805045219
zhen,05,Lan-Bridge vs HuaweiTSC,0.01,98.76666666666667,192.42705882352973,191.7047619047622,dedup,dedup,0.48673192184866676,True,0.00375361408724717,-0.045396944120986805,0.09437891533067529,mtme_YiSi-1-refA,0.18208486466940144,0.9604473082422414,-0.04560484872571857,-0.21390900978064345,0.00910311259396374,-0.022718465894976836,-0.14824849471903184,0.03243167714249286,-0.04560484872571857,-0.21462057653100317,0.010424189250566264,0.016206812575802254,-0.12784992519306165,0.06216183479293557
zhen,05,Lan-Bridge vs HuaweiTSC,0.01,98.76666666666667,192.42705882352973,191.7047619047622,dedup,dedup,0.48673192184866676,True,0.00375361408724717,-0.045396944120986805,0.09437891533067529,mtme_chrF-refA,0.1299397735107155,0.9157360845392822,-0.061984318790857085,-0.22331490580762653,0.007776985832154475,-0.04496911586930907,-0.20504718902848026,0.018257817233606925,-0.05082455007308062,-0.21356479664659722,0.0078089728044576185,0.00437868269591879,-0.12374498035785718,0.04093110174469032
zhen,05,Lan-Bridge vs HuaweiTSC,0.01,98.76666666666667,192.42705882352973,191.7047619047622,dedup,dedup,0.48673192184866676,True,0.00375361408724717,-0.045396944120986805,0.09437891533067529,mtme_f101spBLEU-refA,0.0894412371358173,0.8645720481576694,-0.051584173969785985,-0.20247995459574736,0.010012220885852349,-0.039944775552524625,-0.09827155679787374,0.017175264728475578,-0.04775044711610077,-0.13514019479680517,0.010016028481043484,-0.0022284367291727225,-0.0977794113152658,0.03820493733623879
zhen,05,Lan-Bridge vs HuaweiTSC,0.01,98.76666666666667,192.42705882352973,191.7047619047622,dedup,dedup,0.48673192184866676,True,0.00375361408724717,-0.045396944120986805,0.09437891533067529,mtme_f200spBLEU-refA,0.09329452833539978,0.8696321738056851,-0.039406453375726125,-0.1826285963364904,0.014635671766681192,-0.03940645337572635,-0.08452653325053362,0.018379866378559123,-0.053233643002632336,-0.20571580199362674,0.011487282300413966,-4.440892098500626e-16,-0.07192163700194348,0.05144389337822736
zhen,05,Lan-Bridge vs HuaweiTSC,0.01,98.76666666666667,192.42705882352973,191.7047619047622,dedup,dedup,0.48673192184866676,True,0.00375361408724717,-0.045396944120986805,0.09437891533067529,mtme_metricx_xl_DA_2019-refA,0.28303386224341265,0.9937925634685278,-0.012779137065924706,-0.19195906886895173,0.06215611893783731,0.022718465894977835,-0.08709880272403286,0.08358000603638054,0.012621369941654303,-0.1028187153374605,0.07036454764413133,0.039616652963071486,-0.07676610344346216,0.09484910325767412
zhen,05,Lan-Bridge vs HuaweiTSC,0.01,98.76666666666667,192.42705882352973,191.7047619047622,dedup,dedup,0.48673192184866676,True,0.00375361408724717,-0.045396944120986805,0.09437891533067529,mtme_metricx_xl_MQM_2020-refA,0.31578087752523454,0.9880707146931909,0.009087386357991556,-0.15970712231143033,0.09231579998661034,0.05261118417784272,-0.023567959516242992,0.16949602331676047,0.030291287859969818,-0.05527291725764676,0.17294954954466527,0.05249206517606819,-0.03631762380404403,0.19246176509022073
zhen,05,Lan-Bridge vs HuaweiTSC,0.01,98.76666666666667,192.42705882352973,191.7047619047622,dedup,dedup,0.48673192184866676,True,0.00375361408724717,-0.045396944120986805,0.09437891533067529,mtme_metricx_xxl_DA_2019-refA,0.2779111336086253,0.9945880252964706,-0.012116515143987927,-0.10499539978863376,0.05895765088955979,0.019131339701033978,-0.08827820735070284,0.07940394502705757,0.0037864109824962133,-0.10236887969206668,0.07273800608106537,0.02064236128075836,-0.10322077467445986,0.08156368575377744
zhen,05,Lan-Bridge vs HuaweiTSC,0.01,98.76666666666667,192.42705882352973,191.7047619047622,dedup,dedup,0.48673192184866676,True,0.00375361408724717,-0.045396944120986805,0.09437891533067529,mtme_metricx_xxl_MQM_2020-refA,0.3345717636115728,0.9848440687329651,-0.012116515143987927,-0.14427960512745544,0.0486744709648493,0.07514569488338618,-0.006948073649191832,0.18641687222609057,0.006195945244083845,-0.1000946981976212,0.1025786249129452,0.07463777418242612,-0.04179534385887366,0.1558585614655852
zhen,05,Lan-Bridge vs HuaweiTSC,0.01,98.76666666666667,192.42705882352973,191.7047619047622,dedup,dedup,0.48673192184866676,True,0.00375361408724717,-0.045396944120986805,0.09437891533067529,comet22,0.22736641305182592,,0.005345521387053465,-0.1334191374648517,0.0740180615486076,0.012621369941654303,-0.09324015757702918,0.08065938887546921,-0.022718465894976836,-0.15369938851170697,0.056707319944390495,-0.029087186524902053,-0.17130282151918827,0.029336188267795747
zhen,05,Lan-Bridge vs HuaweiTSC,0.01,98.76666666666667,192.42705882352973,191.7047619047622,dedup,dedup,0.48673192184866676,True,0.00375361408724717,-0.045396944120986805,0.09437891533067529,qwen3_8b,0.24927431599275696,,0.012621369941654859,-0.14724800701793295,0.07841595375925584,0.039510375469526515,-0.07966649350839441,0.107671023844112,0.006195945244085177,-0.17933853051928414,0.07197184957418283,0.04429862104052518,-0.055621416155910555,0.12033883351419962
zhen,05,Lan-Bridge vs HuaweiTSC,0.01,98.76666666666667,192.42705882352973,191.7047619047622,dedup,dedup,0.48673192184866676,True,0.00375361408724717,-0.045396944120986805,0.09437891533067529,mistral_7b,0.11843106077951437,,-0.04560484872571835,-0.23557689317136923,0.017358957061007433,-0.004009141040289821,-0.09088754127533459,0.05189319601707454,-0.06721976584364109,-0.23852026974959442,-0.0055461426618831165,-0.02756934617466822,-0.09775724068281247,0.05868387588122596
zhen,05,Lan-Bridge vs HuaweiTSC,0.02,98.76666666666667,125.87458333333335,125.87458333333335,uniform,dedup,0.21535655530140796,False,0.0,0.0,0.0,mtme_BERTScore-refA,0.18492177688316558,0.9400920205176692,-0.24688280640134042,-0.32701406240655545,0.003001832471056838,-0.002505582846804355,-0.2656495619563552,0.20313750779226777,-0.23965509997697154,-0.2790596284359882,0.008078151176196363,-0.024055371142029713,-0.19716620952665692,0.16584743082444062
zhen,05,Lan-Bridge vs HuaweiTSC,0.02,98.76666666666667,125.87458333333335,125.87458333333335,uniform,dedup,0.21535655530140796,False,0.0,0.0,0.0,mtme_BLEU-refA,0.07464306629774972,0.8293746844592913,-0.23443508978159433,-0.30104044661019225,0.015406973535040959,-0.2194589307234618,-0.255919453626202,0.025621025882922994,-0.2311156986829952,-0.3087723151969957,0.020234330904165668,-0.0034364815917182767,-0.13827698616383824,0.038993043756918304
zhen,05,Lan-Bridge vs HuaweiTSC,0.02,98.76666666666667,125.87458333333335,125.87458333333335,uniform,dedup,0.21535655530140796,False,0.0,0.0,0.0,mtme_BLEURT-20-refA,0.23269327502858828,0.9802219595565596,0.003204815269168604,-0.21136245580518606,0.20442173264822275,0.004827087461206525,-0.009630384841721655,0.21101815046837796,-0.0023663048439757084,-0.2522723981104508,0.19703671656384855,-0.0034364815917182767,-0.07725650339916243,0.18524043664230305
zhen,05,Lan-Bridge vs HuaweiTSC,0.02,98.76666666666667,125.87458333333335,125.87458333333335,uniform,dedup,0.21535655530140796,False,0.0,0.0,0.0,mtme_COMET-20-refA,0.19096726959231697,0.9752672183823412,-0.25036816705486986,-0.3236604009934908,0.030825352995420868,-0.0007210834355628748,-0.2368593408779455,0.19563851902751006,-0.2406589480914676,-0.2989356044132114,0.012656928513289426,0.01320687043091806,-0.01288496440383413,0.22283823447032797
zhen,05,Lan-Bridge vs HuaweiTSC,0.02,98.76666666666667,125.87458333333335,125.87458333333335,uniform,dedup,0.21535655530140796,False,0.0,0.0,0.0,mtme_COMET-22-refA,0.3202198366948278,0.9866351677254928,-0.1932477921427278,-0.2519107017114857,0.056729099760911006,-0.002043712410953802,-0.2504733062942295,0.19099750501284093,-0.2010337168519416,-0.26606534693983963,0.05841620174529663,0.02485721684676423,-0.014280570858358549,0.20739566979125665
zhen,05,Lan-Bridge vs HuaweiTSC,0.02,98.76666666666667,125.87458333333335,125.87458333333335,uniform,dedup,0.21535655530140796,False,0.0,0.0,0.0,mtme_COMET-QE-src,0.17281754546161096,0.922900899652606,-0.1819381979504906,-0.2547618634719859,0.06807820840944671,-0.17997632957020415,-0.22722034112797815,0.08832401462949555,-0.19733131908811985,-0.26548747175165816,0.07210694254361767,0.008018457047343275,-0.2038518373382826,0.06673073762806567
zhen,05,Lan-Bridge vs HuaweiTSC,0.02,98.76666666666667,125.87458333333335,125.87458333333335,uniform,dedup,0.21535655530140796,False,0.0,0.0,0.0,mtme_COMETKiwi-src,0.26500433978598925,0.959377087982424,-0.2190829059505739,-0.2821834468406687,0.1705708418617883,0.0002114614180535046,-0.21998982778177803,0.19511204635690832,-3.972911490723874e-05,-0.23876721918291482,0.1949086784455718,0.12672552204722332,-0.002967707558007781,0.2157063339414372
zhen,05,Lan-Bridge vs HuaweiTSC,0.02,98.76666666666667,125.87458333333335,125.87458333333335,uniform,dedup,0.21535655530140796,False,0.0,0.0,0.0,mtme_Cross-QE-src,0.20221181467460803,0.966162403744368,-0.001311060791932439,-0.189230149941737,0.1354416657555629,-0.0008740405279550334,-0.22110271129725692,0.19116488877816687,-0.2150719750397665,-0.24923101080371854,0.048446084641847464,-0.020847988323092315,-0.08129320195911884,0.18081510687172248
zhen,05,Lan-Bridge vs HuaweiTSC,0.02,98.76666666666667,125.87458333333335,125.87458333333335,uniform,dedup,0.21535655530140796,False,0.0,0.0,0.0,mtme_HWTSC-TLM-src,0.06655339992281534,0.498241633134339,-0.24705101878809388,-0.2612178275836654,0.0007276457070460968,8.194129949579132e-05,-0.1758203332972461,0.1626302868168344,-0.23740556761130605,-0.23950930081904592,0.010550524998286884,0.01320687043091806,-0.01503320625270468,0.08254370779317267
zhen,05,Lan-Bridge vs HuaweiTSC,0.02,98.76666666666667,125.87458333333335,125.87458333333335,uniform,dedup,0.21535655530140796,False,0.0,0.0,0.0,mtme_HWTSC-Teacher-Sim-src,0.03861982410207717,0.3949247735620734,-0.002505582846804577,-0.2366387457876253,0.02012275237886938,-0.0010130924301297028,-0.2041760011241869,0.056724129641024044,-0.22753838192470743,-0.2796753299533905,0.01891986382470186,0.013206870430918283,-0.007795517946717027,0.15346086939249484
zhen,05,Lan-Bridge vs HuaweiTSC,0.02,98.76666666666667,125.87458333333335,125.87458333333335,uniform,dedup,0.21535655530140796,False,0.0,0.0,0.0,mtme_KG-BERTScore-src,0.04817970362201217,0.679795467170797,0.001105404197119686,-0.022873563708092622,0.18539013725437858,-0.0013635032236098965,-0.21336105563623706,0.029674840496020326,0.0012061759285780793,-0.03448731565005717,0.193474601027216,0.014700504586795837,-0.010997197074144293,0.1750850715730879
zhen,05,Lan-Bridge vs HuaweiTSC,0.02,98.76666666666667,125.87458333333335,125.87458333333335,uniform,dedup,0.21535655530140796,False,0.0,0.0,0.0,mtme_MATESE-QE-src,0.16314048928083114,0.9351848265501388,-0.23571647237480353,-0.27203023761007844,0.019205563341280017,-0.23729470035640055,-0.2914471687806291,0.006374341171317414,-0.23571647237480353,-0.3086298527598005,0.009070027125338978,0.0035281211008314495,-0.17946426410938715,0.054487995676784425
zhen,05,Lan-Bridge vs HuaweiTSC,0.02,98.76666666666667,125.87458333333335,125.87458333333335,uniform,dedup,0.21535655530140796,False,0.0,0.0,0.0,mtme_MATESE-refA,0.24218116769878245,0.9674894649743352,-0.2105435046565971,-0.27779294721340514,0.04706282339128547,-0.1915793797050389,-0.2156820448224262,0.07019159358705238,-0.20705011321815214,-0.24939990218088232,0.04608465155609853,-0.018159446842511917,-0.09595437226017901,0.20483739596154052
zhen,05,Lan-Bridge vs HuaweiTSC,0.02,98.76666666666667,125.87458333333335,125.87458333333335,uniform,dedup,0.21535655530140796,False,0.0,0.0,0.0,mtme_MEE-refA,0.10845001160838635,0.8976609341086564,-0.2280104618488219,-0.2781766273287343,0.016985146394388112,-0.20595622296975025,-0.23486680780329885,0.03745328444367137,-0.2105435046565971,-0.26246745467219423,0.03340763382672657,0.011526532005555867,-0.1377421509492616,0.06459789785702974
zhen,05,Lan-Bridge vs HuaweiTSC,0.02,98.76666666666667,125.87458333333335,125.87458333333335,uniform,dedup,0.21535655530140796,False,0.0,0.0,0.0,mtme_MEE2-refA,0.1419757229759891,0.9352238472927537,-0.23073967391010708,-0.27904590720643113,0.015720636016786877,-0.22783402793778929,-0.2816983544525443,0.015753181214263914,-0.233303479179799,-0.28700407638744485,0.007816779848463943,-0.001457901281334717,-0.040718822320380293,0.16326283439994382
zhen,05,Lan-Bridge vs HuaweiTSC,0.02,98.76666666666667,125.87458333333335,125.87458333333335,uniform,dedup,0.21535655530140796,False,0.0,0.0,0.0,mtme_MEE4-refA,0.1541302613184427,0.9593140488993936,-0.22509930231678466,-0.2895641082059842,0.019887884847502126,-0.22252084673126538,-0.26060734064250274,0.01768361780121494,-0.21979071728777488,-0.2795273675562739,0.019979737306847347,-0.017039221225604084,-0.07815305380421256,0.22125754854412316
zhen,05,Lan-Bridge vs HuaweiTSC,0.02,98.76666666666667,125.87458333333335,125.87458333333335,uniform,dedup,0.21535655530140796,False,0.0,0.0,0.0,mtme_MS-COMET-22-refA,0.1792961679889985,0.98746083650136,0.0004469525427043264,-0.21881042522779412,0.19403983080973194,0.0021851013198876945,-0.18878862218228704,0.1991395572919416,0.0004469525427043264,-0.2261151483731807,0.1945283604856044,0.019317191977690662,-0.022408684285068262,0.19758325626597953
zhen,05,Lan-Bridge vs HuaweiTSC,0.02,98.76666666666667,125.87458333333335,125.87458333333335,uniform,dedup,0.21535655530140796,False,0.0,0.0,0.0,mtme_MS-COMET-QE-22-src,0.22800009663572332,0.9490970977882788,-0.20595622296975025,-0.267217250716857,0.03825123005955533,-0.21290390427716788,-0.2534421333358834,0.0343737164090796,-0.21448213225876556,-0.2774560622252572,0.027563501585122465,0.02790423052475488,-0.022708059634343875,0.1923448489723625
zhen,05,Lan-Bridge vs HuaweiTSC,0.02,98.76666666666667,125.87458333333335,125.87458333333335,uniform,dedup,0.21535655530140796,False,0.0,0.0,0.0,mtme_REUSE-src,-0.04951850409415903,-0.0713802384978524,0.0012061759285780793,-0.0034372118768994206,0.19603296172586793,0.0013110607919326611,-0.0031411759316999966,0.1908311820053762,0.0024910155046720117,-7.223814214687974e-05,0.19722388779558092,0.0,0.0,0.0
zhen,05,Lan-Bridge vs HuaweiTSC,0.02,98.76666666666667,125.87458333333335,125.87458333333335,uniform,dedup,0.21535655530140796,False,0.0,0.0,0.0,mtme_SEScore-refA,0.17948345964763873,0.93964771879046,-0.21381855913013914,-0.28217026874931295,0.025141182037178578,-0.2181573065096183,-0.26292353466309676,0.03668332352062478,-0.21865316335298735,-0.2627694594225331,0.020171391605891653,-0.013230454128116076,-0.10432272735482781,0.17997205276569794
zhen,05,Lan-Bridge vs HuaweiTSC,0.02,98.76666666666667,125.87458333333335,125.87458333333335,uniform,dedup,0.21535655530140796,False,0.0,0.0,0.0,mtme_UniTE-ref-refA,0.2823058947402787,0.975743491343244,-0.2095396565421015,-0.27583128690492714,0.03512819229441254,-0.19709193992235519,-0.24282643464689263,0.07350955462198218,-0.20548061851392374,-0.32704165891981346,0.049851252055993216,-0.0009252065823852629,-0.18830274396188978,0.07779353569535141
zhen,05,Lan-Bridge vs HuaweiTSC,0.02,98.76666666666667,125.87458333333335,125.87458333333335,uniform,dedup,0.21535655530140796,False,0.0,0.0,0.0,mtme_UniTE-refA,0.29503868173117165,0.9824419355235168,-0.21607470776746895,-0.33183665205673796,0.05049387548796254,-0.18900092411952074,-0.2550315997828005,0.09745609147881171,-0.21607470776746895,-0.33177510767842194,0.06825177282711488,0.018327901822498993,-0.17885825910237502,0.12966146117349078
zhen,05,Lan-Bridge vs HuaweiTSC,0.02,98.76666666666667,125.87458333333335,125.87458333333335,uniform,dedup,0.21535655530140796,False,0.0,0.0,0.0,mtme_UniTE-src-src,0.2705351785666113,0.9607040026515832,-0.23687051259850134,-0.3527075950003023,0.035063876699787624,-0.2133280920350682,-0.322504353526137,0.055128175300175115,-0.22117556555621265,-0.340092807754388,0.05275565267023989,0.014700504586796392,-0.19306698117989043,0.13336682030538036
zhen,05,Lan-Bridge vs HuaweiTSC,0.02,98.76666666666667,125.87458333333335,125.87458333333335,uniform,dedup,0.21535655530140796,False,0.0,0.0,0.0,mtme_YiSi-1-refA,0.18208486466940144,0.9604473082422414,-0.25088385817197323,-0.30855741173791085,0.0025843457776322494,-0.001199481150065962,-0.25939938284770747,0.18399089868468602,-0.2476607886900748,-0.27789369820013543,0.007179256860357384,-0.005612919933140281,-0.1384726185570504,0.1776165340606019
zhen,05,Lan-Bridge vs HuaweiTSC,0.02,98.76666666666667,125.87458333333335,125.87458333333335,uniform,dedup,0.21535655530140796,False,0.0,0.0,0.0,mtme_chrF-refA,0.1299397735107155,0.9157360845392822,-0.22175685989111193,-0.2658175402852847,0.043586072175122344,-0.21865316335298735,-0.2539756305489293,0.0695386390896252,-0.22509930231678466,-0.27404529891365065,0.034630934187388114,0.00034862856727613245,-0.047734174630754876,0.14847618863777656
zhen,05,Lan-Bridge vs HuaweiTSC,0.02,98.76666666666667,125.87458333333335,125.87458333333335,uniform,dedup,0.21535655530140796,False,0.0,0.0,0.0,mtme_f101spBLEU-refA,0.0894412371358173,0.8645720481576694,-0.22844174474245738,-0.277694533529908,0.028813546019515673,-0.2190829059505739,-0.27024545233524344,0.02957694334968366,-0.22198737316184802,-0.29889000419811923,0.027831372234425417,0.006236577703489066,-0.14572652802780928,0.04622560225178347
zhen,05,Lan-Bridge vs HuaweiTSC,0.02,98.76666666666667,125.87458333333335,125.87458333333335,uniform,dedup,0.21535655530140796,False,0.0,0.0,0.0,mtme_f200spBLEU-refA,0.09329452833539978,0.8696321738056851,-0.22509930231678466,-0.26602465168094314,0.01759667757841352,-0.2083870901884215,-0.25692859460764034,0.04736497635978113,-0.22175685989111193,-0.308298545475992,0.027939902893167196,0.006236577703489066,-0.15371896422123663,0.06567778969827429
zhen,05,Lan-Bridge vs HuaweiTSC,0.02,98.76666666666667,125.87458333333335,125.87458333333335,uniform,dedup,0.21535655530140796,False,0.0,0.0,0.0,mtme_metricx_xl_DA_2019-refA,0.28303386224341265,0.9937925634685278,0.003049641407321446,-0.23487008420015754,0.20514031869660437,0.010032465190440765,-0.01351572113308082,0.2253212564529797,0.0016530766506976935,-0.24297084124436297,0.2021159875663056,-0.0025659062551495193,-0.06302924340942277,0.20588661355082177
zhen,05,Lan-Bridge vs HuaweiTSC,0.02,98.76666666666667,125.87458333333335,125.87458333333335,uniform,dedup,0.21535655530140796,False,0.0,0.0,0.0,mtme_metricx_xl_MQM_2020-refA,0.31578087752523454,0.9880707146931909,-0.20705011321815237,-0.26494275825360153,0.1819715060283113,-0.18642246853400124,-0.21726444102899284,0.1950720867966914,-0.19931474646159586,-0.28264097911204517,0.10429257678512278,0.03283749076531073,-0.03496269214288374,0.20999855592262284
zhen,05,Lan-Bridge vs HuaweiTSC,0.02,98.76666666666667,125.87458333333335,125.87458333333335,uniform,dedup,0.21535655530140796,False,0.0,0.0,0.0,mtme_metricx_xxl_DA_2019-refA,0.2779111336086253,0.9945880252964706,-0.0018608604788721284,-0.2744009916766716,0.19566281135981684,0.0064284271088307365,-0.21678899263453522,0.2191215680756402,-0.0019256205381510405,-0.28413977672641644,0.15979697395735265,0.024055371142029935,-0.0283591157215476,0.1983185430769487
zhen,05,Lan-Bridge vs HuaweiTSC,0.02,98.76666666666667,125.87458333333335,125.87458333333335,uniform,dedup,0.21535655530140796,False,0.0,0.0,0.0,mtme_metricx_xxl_MQM_2020-refA,0.3345717636115728,0.9848440687329651,-0.22509930231678466,-0.31331526207809973,0.061974128562220315,-0.001986455745352389,-0.2568227855812299,0.18024619678205522,-0.22509930231678443,-0.2982313230310108,0.05514884733657532,0.005467129805007076,-0.1836324845973763,0.19021137868457494
zhen,05,Lan-Bridge vs HuaweiTSC,0.02,98.76666666666667,125.87458333333335,125.87458333333335,uniform,dedup,0.21535655530140796,False,0.0,0.0,0.0,comet22,0.22736641305182592,,-0.22509930231678466,-0.3048666808989632,0.019144888160934244,-0.002439182868711809,-0.2629144942318612,0.19117626373216978,-0.24443771920817614,-0.28474365689132763,0.014054073941658196,0.059781657239104335,-0.06823983819338422,0.1555537909066715
zhen,05,Lan-Bridge vs HuaweiTSC,0.02,98.76666666666667,125.87458333333335,125.87458333333335,uniform,dedup,0.21535655530140796,False,0.0,0.0,0.0,qwen3_8b,0.24927431599275696,,-0.2406589480914676,-0.3259283398878774,0.023702043231099458,-0.2142697888576055,-0.28142271355102455,0.08827421973462872,-0.2280104618488219,-0.30164610125156016,0.025982939326435653,0.05814087623890585,-0.14349200680565033,0.1665696168649419
zhen,05,Lan-Bridge vs HuaweiTSC,0.02,98.76666666666667,125.87458333333335,125.87458333333335,uniform,dedup,0.21535655530140796,False,0.0,0.0,0.0,mistral_7b,0.11843106077951437,,-0.24314849141541628,-0.3116763253356026,0.007039948235681356,-0.002439182868711809,-0.22811414662300447,0.1838760189465611,-0.23934866213149397,-0.30631672326523074,0.011459761726032029,0.0035281211008314495,-0.18414525229456355,0.10209360647219641
zhen,12,Online-B vs LanguageX,0.01,95.98,719.6476666666683,588.3533333333356,dedup,dedup,0.8666291791862966,True,0.18244251932542788,0.002701299844348929,0.29239558978808794,mtme_BERTScore-refA,0.1927940290766037,0.9400920205176692,-4.440892098500626e-16,-0.1298759084542148,0.09691338438725403,0.017813887712125887,-0.07863028778659696,0.12501772698718172,0.01725720372112216,-0.07528852196573119,0.11841639543413852,0.07323568575232942,-0.02459352621799894,0.3132297285590117
zhen,12,Online-B vs LanguageX,0.01,95.98,719.6476666666683,588.3533333333356,dedup,dedup,0.8666291791862966,True,0.18244251932542788,0.002701299844348929,0.29239558978808794,mtme_BLEU-refA,0.08828035877431883,0.8293746844592913,0.02672083156818783,-0.08397374442867152,0.10413713915140987,0.03681536793839146,-0.01468682122590456,0.17417394600917022,0.01972251853842477,-0.03279516269309073,0.12064333607166498,0.05153622330719465,-0.03096929626569711,0.2987864548269633
zhen,12,Online-B vs LanguageX,0.01,95.98,719.6476666666683,588.3533333333356,dedup,dedup,0.8666291791862966,True,0.18244251932542788,0.002701299844348929,0.29239558978808794,mtme_BLEURT-20-refA,0.21205544553145003,0.9802219595565596,0.016734258153815573,-0.10058743196055267,0.10566264374255344,0.008628601860562357,-0.0886403461575044,0.10859181607104854,-0.01506401419152148,-0.09266302407961996,0.09019154043897418,0.16726668968124714,0.014006839255108768,0.3367436970147455
zhen,12,Online-B vs LanguageX,0.01,95.98,719.6476666666683,588.3533333333356,dedup,dedup,0.8666291791862966,True,0.18244251932542788,0.002701299844348929,0.29239558978808794,mtme_COMET-20-refA,0.19529875131466035,0.9752672183823412,0.01725720372112216,-0.08052081156898491,0.14398001114615055,0.0487262222714,-0.006044340848208085,0.199921559705035,0.04453471928031194,-0.013855898263315384,0.17698393432152312,0.15203899673729304,0.004824730198279695,0.32757838751108276
zhen,12,Online-B vs LanguageX,0.01,95.98,719.6476666666683,588.3533333333356,dedup,dedup,0.8666291791862966,True,0.18244251932542788,0.002701299844348929,0.29239558978808794,mtme_COMET-22-refA,0.24084787665382779,0.9866351677254928,0.03451440744224221,-0.052362019841886126,0.18314966276587705,0.03681536793839146,-0.023137603498541486,0.1944628271885716,0.01725720372112216,-0.05281798081813223,0.1687978823760519,0.13490784217534468,0.002414818316574224,0.33103330199662856
zhen,12,Online-B vs LanguageX,0.01,95.98,719.6476666666683,588.3533333333356,dedup,dedup,0.8666291791862966,True,0.18244251932542788,0.002701299844348929,0.29239558978808794,mtme_COMET-QE-src,0.18711661559320675,0.922900899652606,3.3306690738754696e-16,-0.13036300262473227,0.09720291050846193,0.025885805581681964,-0.05723717378663423,0.16002599860755318,-0.02140675700900574,-0.11311858085049421,0.07999260323989164,0.040686492084625825,-0.06197654783515308,0.315058874611556
zhen,12,Online-B vs LanguageX,0.01,95.98,719.6476666666683,588.3533333333356,dedup,dedup,0.8666291791862966,True,0.18244251932542788,0.002701299844348929,0.29239558978808794,mtme_COMETKiwi-src,0.22134194454327713,0.959377087982424,0.023667022246109615,-0.17613548208584126,0.1273594090272172,0.06135894656398466,-0.003284200940385301,0.22391899088355147,0.025885805581681964,-0.06637222779980154,0.16686281432952862,0.12205947625388347,-0.002417547977649746,0.31453389014520483
zhen,12,Online-B vs LanguageX,0.01,95.98,719.6476666666683,588.3533333333356,dedup,dedup,0.8666291791862966,True,0.18244251932542788,0.002701299844348929,0.29239558978808794,mtme_Cross-QE-src,0.20516625081760798,0.966162403744368,0.03067947328199283,-0.048726770732190755,0.16913695317725058,0.02045298218799596,-0.056291426516949364,0.16740630351843172,0.027611525953793903,-0.0550307843427283,0.16580105348239846,0.20920474410531176,0.001238864235771889,0.35282781928957074
zhen,12,Online-B vs LanguageX,0.01,95.98,719.6476666666683,588.3533333333356,dedup,dedup,0.8666291791862966,True,0.18244251932542788,0.002701299844348929,0.29239558978808794,mtme_HWTSC-TLM-src,0.050285594593493285,0.498241633134339,0.009203841984599559,-0.13889086592430874,0.040883944698246286,0.009203841984599559,-0.038916338487156046,0.05701655347263232,0.01725720372112216,-0.05128521002840801,0.06799251517801037,0.004520721342736844,-0.05570718014121315,0.04042977370939974
zhen,12,Online-B vs LanguageX,0.01,95.98,719.6476666666683,588.3533333333356,dedup,dedup,0.8666291791862966,True,0.18244251932542788,0.002701299844348929,0.29239558978808794,mtme_HWTSC-Teacher-Sim-src,0.09797144028453708,0.3949247735620734,0.008628601860562357,-0.07722321279374203,0.07896862984609757,0.035627775424249886,-0.01852705990918913,0.1501587744835543,0.009861259269213551,-0.05761852691432676,0.07485984663120958,0.09493514819746329,0.0003027728950640137,0.32837936474213214
zhen,12,Online-B vs LanguageX,0.01,95.98,719.6476666666683,588.3533333333356,dedup,dedup,0.8666291791862966,True,0.18244251932542788,0.002701299844348929,0.29239558978808794,mtme_KG-BERTScore-src,0.09207806001564932,0.679795467170797,-0.02711522554474155,-0.19291987037033384,0.06555067941535776,-4.440892098500626e-16,-0.12264040693809024,0.0589424992848044,-0.022596021287283996,-0.10470458494767886,0.04642412028934917,0.07824325400889853,0.0016983832719203067,0.3178512184597041
zhen,12,Online-B vs LanguageX,0.01,95.98,719.6476666666683,588.3533333333356,dedup,dedup,0.8666291791862966,True,0.18244251932542788,0.002701299844348929,0.29239558978808794,mtme_MATESE-QE-src,0.22724171364262208,0.9351848265501388,0.0230096049614954,-0.10638152303673434,0.1453399772195858,0.013148345692283403,-0.07796654339032992,0.17544383503190256,0.01022649109399909,-0.09623394015404464,0.1433449640181213,0.20878238188466536,0.014777293865913293,0.3489785707224193
zhen,12,Online-B vs LanguageX,0.01,95.98,719.6476666666683,588.3533333333356,dedup,dedup,0.8666291791862966,True,0.18244251932542788,0.002701299844348929,0.29239558978808794,mtme_MATESE-refA,0.18578415743980708,0.9674894649743352,-8.881784197001252e-16,-0.13107549510202132,0.13772113943555653,0.009861259269213551,-0.0955409905857018,0.14555594911670713,-0.02033641915855533,-0.12935704883295485,0.11040440904356841,0.09493514819746174,-0.09051244495065779,0.3225316671910037
zhen,12,Online-B vs LanguageX,0.01,95.98,719.6476666666683,588.3533333333356,dedup,dedup,0.8666291791862966,True,0.18244251932542788,0.002701299844348929,0.29239558978808794,mtme_MEE-refA,0.09175708348225425,0.8976609341086564,0.009861259269213551,-0.0908545197114521,0.09393560390889195,0.03681536793839146,-0.007642238175393572,0.18777945401359705,0.03451440744224221,-0.010485144638683008,0.1822832463646799,0.02983676086206022,-0.014876048459567979,0.15482972380802892
zhen,12,Online-B vs LanguageX,0.01,95.98,719.6476666666683,588.3533333333356,dedup,dedup,0.8666291791862966,True,0.18244251932542788,0.002701299844348929,0.29239558978808794,mtme_MEE2-refA,0.12237739519226445,0.9352238472927537,0.012005011284259015,-0.09040760131731287,0.10896010944367908,0.029583777807636102,-0.030088693830517974,0.18989347898094247,0.038084863384542755,0.0007366032104143114,0.14287676682133155,0.05320541272605084,-0.016832630394126333,0.3200208153897354
zhen,12,Online-B vs LanguageX,0.01,95.98,719.6476666666683,588.3533333333356,dedup,dedup,0.8666291791862966,True,0.18244251932542788,0.002701299844348929,0.29239558978808794,mtme_MEE4-refA,0.13488259177585082,0.9593140488993936,-4.440892098500626e-16,-0.13072766249346104,0.09798570855468981,0.010619817674537346,-0.05529137085636333,0.1348486184234867,0.018407683969196675,-0.044831653801200015,0.12993262771953432,0.06393591613298588,-0.029135352098408937,0.3205363182949249
zhen,12,Online-B vs LanguageX,0.01,95.98,719.6476666666683,588.3533333333356,dedup,dedup,0.8666291791862966,True,0.18244251932542788,0.002701299844348929,0.29239558978808794,mtme_MS-COMET-22-refA,0.18239961297779056,0.98746083650136,0.03248414818093415,-0.08279921166447249,0.16889541201418282,0.0487262222714,-0.037160062999661445,0.21830859299289476,0.0487262222714,-0.031049758422300837,0.20642300554476992,0.20343246042313456,-0.00022412268318726847,0.3472623895596956
zhen,12,Online-B vs LanguageX,0.01,95.98,719.6476666666683,588.3533333333356,dedup,dedup,0.8666291791862966,True,0.18244251932542788,0.002701299844348929,0.29239558978808794,mtme_MS-COMET-QE-22-src,0.20415785186101434,0.9490970977882788,-4.440892098500626e-16,-0.14540994642651997,0.0912918322090405,-0.018487653780504543,-0.09252105345984636,0.06958676110751973,-0.06507654130737617,-0.16215126904623522,0.04353432292108764,0.12205947625388347,0.01709064248065608,0.3164776134330885
zhen,12,Online-B vs LanguageX,0.01,95.98,719.6476666666683,588.3533333333356,dedup,dedup,0.8666291791862966,True,0.18244251932542788,0.002701299844348929,0.29239558978808794,mtme_REUSE-src,0.0020858335073475373,-0.0713802384978524,-0.019368018246243013,-0.08046874685015915,0.04128724861693971,2.220446049250313e-16,-0.0347758094894326,0.03801352581639841,0.00952121584613741,-0.011364650636788886,0.0557661509948734,0.008137298416925343,0.0,0.06899535470677906
zhen,12,Online-B vs LanguageX,0.01,95.98,719.6476666666683,588.3533333333356,dedup,dedup,0.8666291791862966,True,0.18244251932542788,0.002701299844348929,0.29239558978808794,mtme_SEScore-refA,0.17995862781544075,0.93964771879046,-0.0312867987054688,-0.14742230710487458,0.09294947446603229,1.5543122344752192e-15,-0.06793941498642479,0.11848983711893453,0.029583777807636102,-0.034412605098129614,0.13499107674194477,0.20343246042313745,0.027496808384266352,0.33927901000333965
zhen,12,Online-B vs LanguageX,0.01,95.98,719.6476666666683,588.3533333333356,dedup,dedup,0.8666291791862966,True,0.18244251932542788,0.002701299844348929,0.29239558978808794,mtme_UniTE-ref-refA,0.2601511135525332,0.975743491343244,0.07231590130755294,0.005960473558168981,0.230591368714209,0.05177161116336226,-0.009658934710397148,0.2174782243529268,0.05020277446144217,-0.023067644079768145,0.2044494580715345,0.17630813236671827,-0.0004064550998559455,0.3414209892233361
zhen,12,Online-B vs LanguageX,0.01,95.98,719.6476666666683,588.3533333333356,dedup,dedup,0.8666291791862966,True,0.18244251932542788,0.002701299844348929,0.29239558978808794,mtme_UniTE-refA,0.24832478229264351,0.9824419355235168,0.07787866294659518,0.010983727340332487,0.24097658258460064,0.05856990353834879,-0.0044731867668630545,0.21431886528160593,0.05856990353834879,-0.004177811525758133,0.22549863308482748,0.10328109529174634,-0.061559573249857044,0.3236067158604207
zhen,12,Online-B vs LanguageX,0.01,95.98,719.6476666666683,588.3533333333356,dedup,dedup,0.8666291791862966,True,0.18244251932542788,0.002701299844348929,0.29239558978808794,mtme_UniTE-src-src,0.2451769193023512,0.9607040026515832,0.04733404449221723,-0.03185547448251453,0.18956467773823263,0.09446048352613301,0.018905867476304496,0.2566825362993442,0.0820883204031676,0.013193902883663497,0.246500967449885,0.17630813236671827,0.013340754897393314,0.3372450336531766
zhen,12,Online-B vs LanguageX,0.01,95.98,719.6476666666683,588.3533333333356,dedup,dedup,0.8666291791862966,True,0.18244251932542788,0.002701299844348929,0.29239558978808794,mtme_YiSi-1-refA,0.17463953431947607,0.9604473082422414,0.0,-0.11764652729036915,0.10766493714117414,-4.440892098500626e-16,-0.09085810474197042,0.11467875756183134,3.3306690738754696e-16,-0.09293510567591717,0.1259129353124421,0.0871853401813445,-0.008876940719401509,0.31749323988263883
zhen,12,Online-B vs LanguageX,0.01,95.98,719.6476666666683,588.3533333333356,dedup,dedup,0.8666291791862966,True,0.18244251932542788,0.002701299844348929,0.29239558978808794,mtme_chrF-refA,0.11142009566467054,0.9157360845392822,-0.019368018246243013,-0.10853470607397772,0.0730731324800272,0.02045298218799596,-0.04341932600671831,0.1273149529928575,0.009861259269213551,-0.05701734158022464,0.09763275195720561,0.022603606713682445,-0.06064103335707389,0.1535925349288552
zhen,12,Online-B vs LanguageX,0.01,95.98,719.6476666666683,588.3533333333356,dedup,dedup,0.8666291791862966,True,0.18244251932542788,0.002701299844348929,0.29239558978808794,mtme_f101spBLEU-refA,0.11098156508950369,0.8645720481576694,0.008906943856064164,-0.09040407004489347,0.09390593608251063,0.01972251853842477,-0.04594880297904449,0.1299883968165668,0.04314300930280224,-0.004297464406410911,0.20582935559019963,0.049252069365602225,-0.040934326230211544,0.29136459540600124
zhen,12,Online-B vs LanguageX,0.01,95.98,719.6476666666683,588.3533333333356,dedup,dedup,0.8666291791862966,True,0.18244251932542788,0.002701299844348929,0.29239558978808794,mtme_f200spBLEU-refA,0.10298877731226101,0.8696321738056851,0.03248414818093415,-0.053140482133563156,0.13004592199246773,0.03681536793839146,-0.01923711086901431,0.2000334542444505,0.027611525953793903,-0.028480270745556504,0.14028692224699543,0.040686492084628156,-0.04387994824582492,0.19145822651912422
zhen,12,Online-B vs LanguageX,0.01,95.98,719.6476666666683,588.3533333333356,dedup,dedup,0.8666291791862966,True,0.18244251932542788,0.002701299844348929,0.29239558978808794,mtme_metricx_xl_DA_2019-refA,0.21826154635121253,0.9937925634685278,0.04314300930280224,-0.04405746769809558,0.16625878112738868,0.01972251853842477,-0.05575195300285226,0.13439185349911886,0.018407683969196675,-0.05989585000648667,0.14317748289087606,0.21387754518135516,0.04073121031780337,0.3585243714977344
zhen,12,Online-B vs LanguageX,0.01,95.98,719.6476666666683,588.3533333333356,dedup,dedup,0.8666291791862966,True,0.18244251932542788,0.002701299844348929,0.29239558978808794,mtme_metricx_xl_MQM_2020-refA,0.2604140765081273,0.9880707146931909,-6.661338147750939e-16,-0.16025505405002888,0.1300325993867563,3.3306690738754696e-16,-0.09742306373368331,0.12876008107215192,-0.01694701596546211,-0.1246744785100647,0.14126233627425178,0.21948222480771395,0.03677581402876405,0.35206277909800127
zhen,12,Online-B vs LanguageX,0.01,95.98,719.6476666666683,588.3533333333356,dedup,dedup,0.8666291791862966,True,0.18244251932542788,0.002701299844348929,0.29239558978808794,mtme_metricx_xxl_DA_2019-refA,0.22513177627134578,0.9945880252964706,3.3306690738754696e-16,-0.08716113626905368,0.12695981511503135,0.03067947328199283,-0.05319704623923493,0.18214695329198202,0.021239635349072583,-0.0608065526530279,0.15297525248955957,0.16917015129924173,7.602252161120764e-15,0.3405833239218608
zhen,12,Online-B vs LanguageX,0.01,95.98,719.6476666666683,588.3533333333356,dedup,dedup,0.8666291791862966,True,0.18244251932542788,0.002701299844348929,0.29239558978808794,mtme_metricx_xxl_MQM_2020-refA,0.2668512311853248,0.9848440687329651,0.011044610381518716,-0.0718031135973303,0.13625087319973828,0.021239635349072583,-0.06348507064573139,0.18623624248183154,-0.0312867987054688,-0.10453098238385429,0.13976712378697065,0.2034324604231369,0.005885286270461448,0.35496425836982487
zhen,12,Online-B vs LanguageX,0.01,95.98,719.6476666666683,588.3533333333356,dedup,dedup,0.8666291791862966,True,0.18244251932542788,0.002701299844348929,0.29239558978808794,comet22,0.20047059575877285,,-0.018487653780504543,-0.15352927210273598,0.10274664471534355,0.01725720372112216,-0.0607181312206066,0.13076938686469777,0.01725720372112216,-0.050907854793905555,0.13381030910783082,0.14599270689189903,0.008717584700263943,0.3290423435762547
zhen,12,Online-B vs LanguageX,0.01,95.98,719.6476666666683,588.3533333333356,dedup,dedup,0.8666291791862966,True,0.18244251932542788,0.002701299844348929,0.29239558978808794,qwen3_8b,0.20659202857294762,,3.3306690738754696e-16,-0.10469688066925442,0.13165974532648828,-0.0312867987054688,-0.09394986303980758,0.08616010912727082,-0.046930198058203754,-0.11326737753684096,0.07793842094157108,0.2143997994192658,0.03440071914192719,0.3479586962060336
zhen,12,Online-B vs LanguageX,0.01,95.98,719.6476666666683,588.3533333333356,dedup,dedup,0.8666291791862966,True,0.18244251932542788,0.002701299844348929,0.29239558978808794,mistral_7b,0.10173010250050282,,-0.064220271027017,-0.22053504217610403,0.04106926443033869,0.028563647538407344,-0.05090834832433439,0.12432714133925965,0.029583777807636102,-0.04672430175114957,0.12377249665566485,0.05153622330719465,-0.009316664782851829,0.3053535424455966
zhen,12,Online-B vs LanguageX,0.02,95.98,292.2244444444449,257.65125000000074,dedup,dedup,0.6715538284879967,True,0.11831041208811977,0.003294450705090267,0.317979574056848,mtme_BERTScore-refA,0.1927940290766037,0.9400920205176692,-0.05674695509159444,-0.32111864999017553,0.06055249900399847,-0.0008286856933998887,-0.10595246138412506,0.13019712976369976,-0.014087656787817648,-0.11315294503776668,0.11619411269135818,0.006253771559285859,-0.11639920756787236,0.10508260859757769
zhen,12,Online-B vs LanguageX,0.02,95.98,292.2244444444449,257.65125000000074,dedup,dedup,0.6715538284879967,True,0.11831041208811977,0.003294450705090267,0.317979574056848,mtme_BLEU-refA,0.08828035877431883,0.8293746844592913,-2.220446049250313e-16,-0.16864242433725274,0.10760271132434662,-0.017402399561421866,-0.07054983261995793,0.10745842043578484,-2.220446049250313e-16,-0.07829319779517849,0.11228268807682425,0.02012083023422251,-0.022499515593562964,0.10524491152543104
zhen,12,Online-B vs LanguageX,0.02,95.98,292.2244444444449,257.65125000000074,dedup,dedup,0.6715538284879967,True,0.11831041208811977,0.003294450705090267,0.317979574056848,mtme_BLEURT-20-refA,0.21205544553145003,0.9802219595565596,0.019449740686295902,-0.18549337750672495,0.1330127454914172,-0.00966799975634558,-0.1053336998327667,0.0898338697042681,-0.011074254266358885,-0.10037450140448984,0.11219777185960136,0.0562839440335684,-0.009755750284821972,0.183747832083842
zhen,12,Online-B vs LanguageX,0.02,95.98,292.2244444444449,257.65125000000074,dedup,dedup,0.6715538284879967,True,0.11831041208811977,0.003294450705090267,0.317979574056848,mtme_COMET-20-refA,0.19529875131466035,0.9752672183823412,0.05220719868426826,-0.04704846244670483,0.16110535195317569,0.025689256495434076,-0.06380989346819227,0.13887715968838554,0.03673839907411447,-0.06387390045471977,0.13871100399965805,-0.0027190311127325284,-0.12341752773341268,0.06102281659353621
zhen,12,Online-B vs LanguageX,0.02,95.98,292.2244444444449,257.65125000000074,dedup,dedup,0.6715538284879967,True,0.11831041208811977,0.003294450705090267,0.317979574056848,mtme_COMET-22-refA,0.24084787665382779,0.9866351677254928,-0.04723508452386005,-0.41778288690801096,0.07283193478228708,-0.014618015631593817,-0.11587496540084735,0.12970741319946139,-0.0074581712406083245,-0.10343129869853895,0.14993738588977695,0.05438062225465534,-0.034883048581787826,0.19292579486695238
zhen,12,Online-B vs LanguageX,0.02,95.98,292.2244444444449,257.65125000000074,dedup,dedup,0.6715538284879967,True,0.11831041208811977,0.003294450705090267,0.317979574056848,mtme_COMET-QE-src,0.18711661559320675,0.922900899652606,-0.040605598976652946,-0.1604510029869855,0.06500796116006033,-0.02513679936649882,-0.14034716203999165,0.10179191232775733,-0.04060559897665228,-0.1750014021270822,0.06570086625089773,0.02012083023422251,-0.035525219045747146,0.11315026115889253
zhen,12,Online-B vs LanguageX,0.02,95.98,292.2244444444449,257.65125000000074,dedup,dedup,0.6715538284879967,True,0.11831041208811977,0.003294450705090267,0.317979574056848,mtme_COMETKiwi-src,0.22134194454327713,0.959377087982424,-0.06712354116548647,-0.4185587725643719,0.03614584810430907,-0.025755551350904238,-0.13148410599524246,0.07781960294876757,-0.020428903832973466,-0.1429285654360575,0.08853539123521793,0.04533984380481915,-0.027006237039150383,0.1634424289819829
zhen,12,Online-B vs LanguageX,0.02,95.98,292.2244444444449,257.65125000000074,dedup,dedup,0.6715538284879967,True,0.11831041208811977,0.003294450705090267,0.317979574056848,mtme_Cross-QE-src,0.20516625081760798,0.966162403744368,0.01243028540101565,-0.09736603992330559,0.13697526837451024,0.03955090809414308,-0.06366642120207963,0.27546277305892797,0.017402399561423754,-0.08734137614948037,0.14585090656621474,0.08755280182999503,0.012564125341790489,0.22501365176399515
zhen,12,Online-B vs LanguageX,0.02,95.98,292.2244444444449,257.65125000000074,dedup,dedup,0.6715538284879967,True,0.11831041208811977,0.003294450705090267,0.317979574056848,mtme_HWTSC-TLM-src,0.050285594593493285,0.498241633134339,-0.04060559897665206,-0.16944595751396607,0.02895453832698863,0.0030710116873100546,-0.07159655585703513,0.12276168905008407,0.0030710116873098325,-0.11423033308605211,0.0686446249679335,0.004548197497661999,-0.027608418768364784,0.03546319975829972
zhen,12,Online-B vs LanguageX,0.02,95.98,292.2244444444449,257.65125000000074,dedup,dedup,0.6715538284879967,True,0.11831041208811977,0.003294450705090267,0.317979574056848,mtme_HWTSC-Teacher-Sim-src,0.09797144028453708,0.3949247735620734,-0.013307717311676015,-0.1192266485806862,0.06513772459773648,-0.006411410364734138,-0.09807261638598369,0.09834436737814173,-0.02513679936649882,-0.1725557414719249,0.04445013529964349,0.004548197497661999,-0.07693553750920187,0.0658827544240529
zhen,12,Online-B vs LanguageX,0.02,95.98,292.2244444444449,257.65125000000074,dedup,dedup,0.6715538284879967,True,0.11831041208811977,0.003294450705090267,0.317979574056848,mtme_KG-BERTScore-src,0.09207806001564932,0.679795467170797,-0.029686446310661863,-0.19269008602454307,0.036701708296355016,-0.017402399561421866,-0.09784413661649041,0.05467056595809647,-0.03572071488923534,-0.13315175066869078,0.05073413249001123,-0.0093806573389279,-0.12418268238231442,0.030961428925270117
zhen,12,Online-B vs LanguageX,0.02,95.98,292.2244444444449,257.65125000000074,dedup,dedup,0.6715538284879967,True,0.11831041208811977,0.003294450705090267,0.317979574056848,mtme_MATESE-QE-src,0.22724171364262208,0.9351848265501388,0.05220719868426349,-0.1658884545020697,0.1678671780995614,0.10187381845291643,-0.03645599473876009,0.24959941006041658,0.06015385784725291,-0.11896529589587629,0.15353546290859102,0.10938784961477466,0.01743768344141024,0.2608407993459543
zhen,12,Online-B vs LanguageX,0.02,95.98,292.2244444444449,257.65125000000074,dedup,dedup,0.6715538284879967,True,0.11831041208811977,0.003294450705090267,0.317979574056848,mtme_MATESE-refA,0.18578415743980708,0.9674894649743352,-0.07706776948629868,-0.4460436839985959,0.011413024539054377,-0.009667999756344692,-0.1315193778671123,0.1076616092235928,-0.034804799122845065,-0.19263827963151295,0.07455684172524632,0.04476383852962118,-0.039532948868242525,0.14141236168444765
zhen,12,Online-B vs LanguageX,0.02,95.98,292.2244444444449,257.65125000000074,dedup,dedup,0.6715538284879967,True,0.11831041208811977,0.003294450705090267,0.317979574056848,mtme_MEE-refA,0.09175708348225425,0.8976609341086564,-0.05037536715148616,-0.20217598072814735,0.015615040495381878,-0.027346627882234742,-0.11910677494646368,0.06947242749811729,-0.034804799122845065,-0.1935688507098229,0.03552226202226271,0.025015086237141326,-0.011025388877226348,0.10337564842947486
zhen,12,Online-B vs LanguageX,0.02,95.98,292.2244444444449,257.65125000000074,dedup,dedup,0.6715538284879967,True,0.11831041208811977,0.003294450705090267,0.317979574056848,mtme_MEE2-refA,0.12237739519226445,0.9352238472927537,-0.013307717311675793,-0.09896652709979235,0.040945079961695774,0.019449740686295902,-0.04096865269770551,0.0869126443749735,0.01508207961989938,-0.04972140282589467,0.08693387111196704,0.025015086237141326,-0.011394322680085089,0.09375059259540765
zhen,12,Online-B vs LanguageX,0.02,95.98,292.2244444444449,257.65125000000074,dedup,dedup,0.6715538284879967,True,0.11831041208811977,0.003294450705090267,0.317979574056848,mtme_MEE4-refA,0.13488259177585082,0.9593140488993936,0.030788860762515857,-0.08407177800699601,0.13292155264683336,0.03078886076251619,-0.09463494248828841,0.08851537839344428,0.009370522840765338,-0.14278835451003505,0.06948340193982447,0.016487215929025023,-0.061037825077234494,0.07903195199577785
zhen,12,Online-B vs LanguageX,0.02,95.98,292.2244444444449,257.65125000000074,dedup,dedup,0.6715538284879967,True,0.11831041208811977,0.003294450705090267,0.317979574056848,mtme_MS-COMET-22-refA,0.18239961297779056,0.98746083650136,0.05220719868426882,-0.04645654777260916,0.15031873483295763,0.036738399074114914,-0.05667751965933536,0.15641062681700607,0.021269599463961786,-0.07293794840931318,0.1363720370274712,0.02934462039357011,-0.047903312484709734,0.13904272350083333
zhen,12,Online-B vs LanguageX,0.02,95.98,292.2244444444449,257.65125000000074,dedup,dedup,0.6715538284879967,True,0.11831041208811977,0.003294450705090267,0.317979574056848,mtme_MS-COMET-QE-22-src,0.20415785186101434,0.9490970977882788,-0.05607439858680596,-0.27795383475841706,0.0589728031986882,-0.023730544856484626,-0.09547391170376153,0.0974724037104537,-0.036386835446610144,-0.12097157732292102,0.101600816899322,-0.0031268857796422633,-0.08463472757452876,0.08272293939569693
zhen,12,Online-B vs LanguageX,0.02,95.98,292.2244444444449,257.65125000000074,dedup,dedup,0.6715538284879967,True,0.11831041208811977,0.003294450705090267,0.317979574056848,mtme_REUSE-src,0.0020858335073475373,-0.0713802384978524,-0.03572071488923534,-0.1506728843947738,0.03332543617196168,-0.013307717311676015,-0.050439126896559,0.009207672168405474,-0.022043039444468837,-0.1341491377537387,0.0,0.0,0.0,0.0
zhen,12,Online-B vs LanguageX,0.02,95.98,292.2244444444449,257.65125000000074,dedup,dedup,0.6715538284879967,True,0.11831041208811977,0.003294450705090267,0.317979574056848,mtme_SEScore-refA,0.17995862781544075,0.93964771879046,-0.005800799853806549,-0.11157068350862054,0.09274182006071102,0.052207198684268596,-0.03421855766585429,0.19436966607508424,0.05220719868426804,-0.06498758494571384,0.1597017914879899,0.03752262935571227,-0.02893345911437611,0.14006408955757893
zhen,12,Online-B vs LanguageX,0.02,95.98,292.2244444444449,257.65125000000074,dedup,dedup,0.6715538284879967,True,0.11831041208811977,0.003294450705090267,0.317979574056848,mtme_UniTE-ref-refA,0.2601511135525332,0.975743491343244,0.05984821711021504,-0.0827660417634985,0.16293022467703389,0.052207198684268485,-0.07536520877230593,0.17948172814705535,0.03894822758985128,-0.06155064218841284,0.1473491832275947,0.03439574357606956,-0.04504728557292537,0.14406155199901918
zhen,12,Online-B vs LanguageX,0.02,95.98,292.2244444444449,257.65125000000074,dedup,dedup,0.6715538284879967,True,0.11831041208811977,0.003294450705090267,0.317979574056848,mtme_UniTE-refA,0.24832478229264351,0.9824419355235168,-0.0008286856934001108,-0.12937427794707046,0.11468454247194852,-0.019980532829780184,-0.1747260519264265,0.1009017122783704,-0.019980532829780184,-0.20410513864489954,0.09376022873926698,0.050030172474282764,-0.0399154401149986,0.15545467171352734
zhen,12,Online-B vs LanguageX,0.02,95.98,292.2244444444449,257.65125000000074,dedup,dedup,0.6715538284879967,True,0.11831041208811977,0.003294450705090267,0.317979574056848,mtme_UniTE-src-src,0.2451769193023512,0.9607040026515832,0.0030710116873098325,-0.12741448977377465,0.14323335040345336,0.0646238536264303,-0.05623421234270409,0.17209792777371044,-0.0034804799122840624,-0.13089585885948116,0.10118420620035319,0.053157058253926026,-0.012016676176125401,0.17802034989808327
zhen,12,Online-B vs LanguageX,0.02,95.98,292.2244444444449,257.65125000000074,dedup,dedup,0.6715538284879967,True,0.11831041208811977,0.003294450705090267,0.317979574056848,mtme_YiSi-1-refA,0.17463953431947607,0.9604473082422414,-0.06885297217780129,-0.3369839837739201,0.016616652667957206,-0.0034804799122836183,-0.09213924682961788,0.1394761229996688,-0.01740239956142231,-0.1351687398200707,0.0791434694375409,0.012507543118571385,-0.0935784667618172,0.10265916475291022
zhen,12,Online-B vs LanguageX,0.02,95.98,292.2244444444449,257.65125000000074,dedup,dedup,0.6715538284879967,True,0.11831041208811977,0.003294450705090267,0.317979574056848,mtme_chrF-refA,0.11142009566467054,0.9157360845392822,-0.014087656787817648,-0.1031003469767703,0.0865858776554564,0.02126959946396134,-0.05203337459040345,0.12249291840344562,0.06266332916187878,-0.010967533989113286,0.14812826499624807,0.023451643347320306,-0.029595854390317138,0.10198297250525741
zhen,12,Online-B vs LanguageX,0.02,95.98,292.2244444444449,257.65125000000074,dedup,dedup,0.6715538284879967,True,0.11831041208811977,0.003294450705090267,0.317979574056848,mtme_f101spBLEU-refA,0.11098156508950369,0.8645720481576694,-0.034804799122845065,-0.18618216692667852,0.11117278583042844,-0.013307717311676015,-0.09046479195227582,0.11155788274639197,-0.034804799122845065,-0.18092431157430622,0.150097527008247,0.03752262935571227,-0.007257565860094361,0.11544944534279243
zhen,12,Online-B vs LanguageX,0.02,95.98,292.2244444444449,257.65125000000074,dedup,dedup,0.6715538284879967,True,0.11831041208811977,0.003294450705090267,0.317979574056848,mtme_f200spBLEU-refA,0.10298877731226101,0.8696321738056851,-0.03480479912284484,-0.1813442370385304,0.1323219777844419,2.220446049250313e-16,-0.08483014691679848,0.11228171464954553,-0.034804799122845065,-0.18092431157430622,0.2555681438911624,0.028426234360388047,-0.015518526597176086,0.11590044574554582
zhen,12,Online-B vs LanguageX,0.02,95.98,292.2244444444449,257.65125000000074,dedup,dedup,0.6715538284879967,True,0.11831041208811977,0.003294450705090267,0.317979574056848,mtme_metricx_xl_DA_2019-refA,0.21826154635121253,0.9937925634685278,-0.04060559897665117,-0.2988888554579416,0.06875158550880488,-0.024603392483389053,-0.19630542403414147,0.094040162026283,-0.024603392483389053,-0.21158954367203064,0.11961785248935453,0.0015634428898214647,-0.12154927436877759,0.0922949944783211
zhen,12,Online-B vs LanguageX,0.02,95.98,292.2244444444449,257.65125000000074,dedup,dedup,0.6715538284879967,True,0.11831041208811977,0.003294450705090267,0.317979574056848,mtme_metricx_xl_MQM_2020-refA,0.2604140765081273,0.9880707146931909,-0.07968467167598714,-0.4625250589747069,0.023075201909417586,0.005800799853807659,-0.1497003278443585,0.12935745657512757,-0.06885297217780129,-0.4155275526980431,0.05527030010161666,0.11969719687742575,2.1649348980190564e-16,0.244117782213277
zhen,12,Online-B vs LanguageX,0.02,95.98,292.2244444444449,257.65125000000074,dedup,dedup,0.6715538284879967,True,0.11831041208811977,0.003294450705090267,0.317979574056848,mtme_metricx_xxl_DA_2019-refA,0.22513177627134578,0.9945880252964706,-0.020428903832973244,-0.2330615601251252,0.09444480820897608,0.02126959946396223,-0.07674948378858493,0.13688701964791225,-0.020428903832973244,-0.17115102260175985,0.09171284531176163,0.02760285377891547,-0.05167066668320075,0.11707556549808636
zhen,12,Online-B vs LanguageX,0.02,95.98,292.2244444444449,257.65125000000074,dedup,dedup,0.6715538284879967,True,0.11831041208811977,0.003294450705090267,0.317979574056848,mtme_metricx_xxl_MQM_2020-refA,0.2668512311853248,0.9848440687329651,-0.0726100119631754,-0.44802256690791425,0.03831766319344464,-0.024603392483389053,-0.20877427451901398,0.09604421893675918,-0.04723508452386005,-0.2512085583485957,0.1202486634237361,0.05965135948856837,-0.029348970713008297,0.17375936312025358
zhen,12,Online-B vs LanguageX,0.02,95.98,292.2244444444449,257.65125000000074,dedup,dedup,0.6715538284879967,True,0.11831041208811977,0.003294450705090267,0.317979574056848,comet22,0.20047059575877285,,-0.03253492091918053,-0.3104619334339787,0.10768297592740243,-0.0034804799122840624,-0.10867128504640579,0.08319871414916441,0.02436335938599221,-0.08617722610485362,0.10425440373879198,0.012507543118571163,-0.09860284162779001,0.08340553697195394
zhen,12,Online-B vs LanguageX,0.02,95.98,292.2244444444449,257.65125000000074,dedup,dedup,0.6715538284879967,True,0.11831041208811977,0.003294450705090267,0.317979574056848,qwen3_8b,0.20659202857294762,,-0.017402399561421644,-0.1827789436818692,0.12699834627924672,-0.0013386461201081445,-0.0834001335607572,0.28968078232663225,-0.014618015631593817,-0.12072623222850201,0.10776662738023235,0.01563442889821398,-0.12171559955542284,0.12855711054926203
zhen,12,Online-B vs LanguageX,0.02,95.98,292.2244444444449,257.65125000000074,dedup,dedup,0.6715538284879967,True,0.11831041208811977,0.003294450705090267,0.317979574056848,mistral_7b,0.10173010250050282,,-0.03572071488923534,-0.21788594002186465,0.06660814043764389,-0.040605598976651835,-0.21244879328002522,0.057065729900392756,-0.05386457007106915,-0.23032907717013695,0.024085233930042003,-0.014138961786210436,-0.15765742070102645,0.03410284599793194
zhen,13,Online-B vs JDExploreAcademy,0.01,97.13666666666667,578.3802222222232,578.3802222222232,uniform,dedup,0.8320539621955725,True,0.0,0.0,0.0,mtme_BERTScore-refA,0.18771925920994575,0.9400920205176692,0.038747818342796836,0.0011716621217955914,0.09947285631007426,0.04398849634387292,0.01066090136694727,0.11718927438694385,0.04537573463827527,0.010787091602789603,0.11596539500410637,-0.00357356605506709,-0.05068337250384618,0.06503029288455452
zhen,13,Online-B vs JDExploreAcademy,0.01,97.13666666666667,578.3802222222232,578.3802222222232,uniform,dedup,0.8320539621955725,True,0.0,0.0,0.0,mtme_BLEU-refA,0.08984633555723211,0.8293746844592913,0.008295229958166117,-0.015894593844441373,0.053255670926455834,0.009584986642691584,-0.01624108033913423,0.04336593535248506,0.0025955476401871014,-0.028388352036503143,0.04972872097852862,0.0026398435974505086,-0.03181581795163295,0.032966534534499055
zhen,13,Online-B vs JDExploreAcademy,0.01,97.13666666666667,578.3802222222232,578.3802222222232,uniform,dedup,0.8320539621955725,True,0.0,0.0,0.0,mtme_BLEURT-20-refA,0.23275549355434025,0.9802219595565596,0.04282653606309117,-0.01846015388213154,0.12051132487233807,0.05730598397013631,0.011281793767321385,0.13941346700484483,0.05730598397013631,0.00420858704506524,0.1381554289768721,0.025310392329608855,-0.030433556923592453,0.29933315114109665
zhen,13,Online-B vs JDExploreAcademy,0.01,97.13666666666667,578.3802222222232,578.3802222222232,uniform,dedup,0.8320539621955725,True,0.0,0.0,0.0,mtme_COMET-20-refA,0.18266786416238934,0.9752672183823412,0.023342391277630714,-0.025827597256770238,0.08131862183878587,0.04996429207360642,0.017085585705738135,0.1198895422645061,0.04835829697124061,0.009079848497493794,0.1293786423754835,0.0013513485082186083,-0.042101969403985307,0.1761740145916224
zhen,13,Online-B vs JDExploreAcademy,0.01,97.13666666666667,578.3802222222232,578.3802222222232,uniform,dedup,0.8320539621955725,True,0.0,0.0,0.0,mtme_COMET-22-refA,0.2959636960741435,0.9866351677254928,0.05531760908149297,-0.009130843145355496,0.1481994370994316,0.10502698129758103,0.04788165247596162,0.19946918468599428,0.07635738987993002,0.01351091516320132,0.1582651435939909,0.09064283247990002,0.009407758322871395,0.19857387732793919
zhen,13,Online-B vs JDExploreAcademy,0.01,97.13666666666667,578.3802222222232,578.3802222222232,uniform,dedup,0.8320539621955725,True,0.0,0.0,0.0,mtme_COMET-QE-src,0.1894362641598772,0.922900899652606,0.012236153160883223,-0.03293847402169453,0.06789322371100091,0.02052104853023129,-0.0142725913908417,0.07270296213266038,0.012882779140929945,-0.029015908890249787,0.06970683802497339,0.0675813941243294,0.004690464751136593,0.140563162000453
zhen,13,Online-B vs JDExploreAcademy,0.01,97.13666666666667,578.3802222222232,578.3802222222232,uniform,dedup,0.8320539621955725,True,0.0,0.0,0.0,mtme_COMETKiwi-src,0.22279226652780912,0.959377087982424,0.03700362984398642,-0.020745402694117742,0.09437756770865531,0.04282653606309117,-0.012202838471005267,0.11022046796823347,0.021643518225432867,-0.0432906737948618,0.09110822163800526,0.04627455567332561,-0.006360728966425465,0.16814734588291344
zhen,13,Online-B vs JDExploreAcademy,0.01,97.13666666666667,578.3802222222232,578.3802222222232,uniform,dedup,0.8320539621955725,True,0.0,0.0,0.0,mtme_Cross-QE-src,0.19059451959967494,0.966162403744368,0.04835829697124061,-0.0022788823071506086,0.12295652980062705,0.047585040070101114,0.0015106126815850388,0.1345143088139807,0.011031077470795791,-0.03712394367214223,0.07207299114671946,0.05675663734518377,-0.0028469821379548004,0.12143447930390192
zhen,13,Online-B vs JDExploreAcademy,0.01,97.13666666666667,578.3802222222232,578.3802222222232,uniform,dedup,0.8320539621955725,True,0.0,0.0,0.0,mtme_HWTSC-TLM-src,0.06163786587996404,0.498241633134339,0.005145824100603935,-0.03778292754484956,0.041327379322371655,-0.006751931361298258,-0.027162396647909464,0.005593486339339578,-0.014275512021031167,-0.041155629128485374,-0.00039895536423472977,0.03521013613080848,0.000563413812067504,0.08467116990270475
zhen,13,Online-B vs JDExploreAcademy,0.01,97.13666666666667,578.3802222222232,578.3802222222232,uniform,dedup,0.8320539621955725,True,0.0,0.0,0.0,mtme_HWTSC-Teacher-Sim-src,0.08548735478271668,0.3949247735620734,0.023684372216709715,-0.018443031521742214,0.07683014183061407,-0.024913808326567644,-0.06837278109110227,0.015515517925442776,-0.02464785091892918,-0.06489486783595404,0.014573953780442957,0.04567557957779056,0.00881710413398733,0.1075571228381181
zhen,13,Online-B vs JDExploreAcademy,0.01,97.13666666666667,578.3802222222232,578.3802222222232,uniform,dedup,0.8320539621955725,True,0.0,0.0,0.0,mtme_KG-BERTScore-src,0.05667585174245644,0.679795467170797,-0.014275512021031167,-0.04750887601870869,0.012685807361647582,-0.014275512021030945,-0.053032635000943885,0.01723510267906536,-0.03502018981682742,-0.06709288809171067,-0.006476197240736122,0.008277009612839281,-4.546528358253435e-05,0.03182788975217246
zhen,13,Online-B vs JDExploreAcademy,0.01,97.13666666666667,578.3802222222232,578.3802222222232,uniform,dedup,0.8320539621955725,True,0.0,0.0,0.0,mtme_MATESE-QE-src,0.2201212136128874,0.9351848265501388,0.034439672750735784,-0.031552197675917215,0.10066334319124043,0.06988361117271868,0.025887096626493942,0.1484820182048297,0.06096029457629182,0.010250585523722041,0.13838384266207912,0.06856546292243348,0.0011477422159606667,0.16560955975424102
zhen,13,Online-B vs JDExploreAcademy,0.01,97.13666666666667,578.3802222222232,578.3802222222232,uniform,dedup,0.8320539621955725,True,0.0,0.0,0.0,mtme_MATESE-refA,0.22667869724455514,0.9674894649743352,0.046830643093380364,-0.0210216252381836,0.11614421423482865,0.08641240787198201,0.028291847261685876,0.15495287118796489,0.07851531611566742,0.0233323465562984,0.15513265524636494,0.1241106795265341,0.03393290468258412,0.21913053557511422
zhen,13,Online-B vs JDExploreAcademy,0.01,97.13666666666667,578.3802222222232,578.3802222222232,uniform,dedup,0.8320539621955725,True,0.0,0.0,0.0,mtme_MEE-refA,0.1003597939198505,0.8976609341086564,0.012236153160883223,-0.014763462953739337,0.05306323223672677,0.007701263063977004,-0.025631531780975658,0.05367694892562157,-0.0063220124664564725,-0.052838580439173784,0.05169933373978856,0.009459439557530702,-0.023901704500351964,0.059008728727876235
zhen,13,Online-B vs JDExploreAcademy,0.01,97.13666666666667,578.3802222222232,578.3802222222232,uniform,dedup,0.8320539621955725,True,0.0,0.0,0.0,mtme_MEE2-refA,0.1173443523733366,0.9352238472927537,0.026461924721910113,-0.00469467461064732,0.07672404963990774,0.02141326803154575,-0.004370587728362685,0.0733627349644821,0.008922195013143952,-0.02113570481317937,0.066369249624758,-0.015399087651794208,-0.06524189507245144,0.03142954735366025
zhen,13,Online-B vs JDExploreAcademy,0.01,97.13666666666667,578.3802222222232,578.3802222222232,uniform,dedup,0.8320539621955725,True,0.0,0.0,0.0,mtme_MEE4-refA,0.1343374774829914,0.9593140488993936,0.02052104853023129,-0.019269398852451183,0.06986136248076574,0.009584986642691584,-0.018461484340330517,0.0495793402942648,0.026661618039277357,-0.005667292467664374,0.09467922129796623,-0.007882866297942215,-0.05445727413533485,0.06395883485381401
zhen,13,Online-B vs JDExploreAcademy,0.01,97.13666666666667,578.3802222222232,578.3802222222232,uniform,dedup,0.8320539621955725,True,0.0,0.0,0.0,mtme_MS-COMET-22-refA,0.17843098237156518,0.98746083650136,0.027902137132013838,-0.019995059661612573,0.10351296504203746,0.06096029457629182,0.011090716007773827,0.14440603476731612,0.05531760908149275,-0.005830510891757533,0.14838164038010748,0.008277009612839281,-0.03850791627779106,0.1337505028069541
zhen,13,Online-B vs JDExploreAcademy,0.01,97.13666666666667,578.3802222222232,578.3802222222232,uniform,dedup,0.8320539621955725,True,0.0,0.0,0.0,mtme_MS-COMET-QE-22-src,0.17450011025578552,0.9490970977882788,0.0011896260017523197,-0.05899001493903443,0.06292715268534382,0.0011896260017523197,-0.03267152479902048,0.04427283728761861,0.017357724843753086,-0.0107858780669616,0.06061661646612764,0.03394269488290391,-0.01754971192109549,0.10398057331546921
zhen,13,Online-B vs JDExploreAcademy,0.01,97.13666666666667,578.3802222222232,578.3802222222232,uniform,dedup,0.8320539621955725,True,0.0,0.0,0.0,mtme_REUSE-src,0.017752359021654007,-0.0713802384978524,-0.0063220124664564725,-0.04925552626581101,0.036607088494942604,0.015818810617898582,-0.01373787199480978,0.056374818746294075,-0.0065429430096388685,-0.03687202601214619,0.01766619730040542,0.008277009612839281,0.0,0.03566868156410175
zhen,13,Online-B vs JDExploreAcademy,0.01,97.13666666666667,578.3802222222232,578.3802222222232,uniform,dedup,0.8320539621955725,True,0.0,0.0,0.0,mtme_SEScore-refA,0.16009953933147103,0.93964771879046,0.040188669711379355,-0.003101305987244196,0.10028774028635717,0.027480360640483426,-0.012730026858929515,0.08718670190354208,0.04266431433557971,0.002279646906953332,0.10963878409135397,0.05675663734518377,0.0013979835834104682,0.15491875113504583
zhen,13,Online-B vs JDExploreAcademy,0.01,97.13666666666667,578.3802222222232,578.3802222222232,uniform,dedup,0.8320539621955725,True,0.0,0.0,0.0,mtme_UniTE-ref-refA,0.2746172542187435,0.975743491343244,0.05531760908149275,-0.0034563869026901324,0.12900462015521047,0.08828277170900356,0.04362841713911379,0.18433971357836995,0.07398893425534059,0.025201757804729014,0.1692463047640781,0.0753133632522891,0.0034864075477734993,0.28615996518162296
zhen,13,Online-B vs JDExploreAcademy,0.01,97.13666666666667,578.3802222222232,578.3802222222232,uniform,dedup,0.8320539621955725,True,0.0,0.0,0.0,mtme_UniTE-refA,0.26504405359584404,0.9824419355235168,0.05122389607546185,-2.7875812359656154e-05,0.12056366922731204,0.07321298307928403,0.019723795857406537,0.16746766135467636,0.07600745589575642,0.02958031962096547,0.16132038598999762,0.0711896463840439,-0.0026347593182023603,0.21497514221860411
zhen,13,Online-B vs JDExploreAcademy,0.01,97.13666666666667,578.3802222222232,578.3802222222232,uniform,dedup,0.8320539621955725,True,0.0,0.0,0.0,mtme_UniTE-src-src,0.22070698808571193,0.9607040026515832,0.023342391277630714,-0.04377629317583824,0.0926016909940807,0.03211990204731818,-0.02864373175078104,0.11577646332796608,0.010286766015153881,-0.060100075597701634,0.07197148188349066,0.07043001432936724,-0.004372851224451446,0.18281229092398085
zhen,13,Online-B vs JDExploreAcademy,0.01,97.13666666666667,578.3802222222232,578.3802222222232,uniform,dedup,0.8320539621955725,True,0.0,0.0,0.0,mtme_YiSi-1-refA,0.18227900715373602,0.9604473082422414,0.03633766696262297,-0.007730435121998846,0.09937473714882429,0.04398849634387292,0.01077100706027284,0.11354849786990968,0.03838955259709509,0.004989306439598776,0.11705936411235271,-0.022573662580470666,-0.0802909848278482,0.028853635533659574
zhen,13,Online-B vs JDExploreAcademy,0.01,97.13666666666667,578.3802222222232,578.3802222222232,uniform,dedup,0.8320539621955725,True,0.0,0.0,0.0,mtme_chrF-refA,0.09665169409458575,0.9157360845392822,0.018864069456361654,-0.01858221520500574,0.06976010663512175,0.015818810617898582,-0.018132898762350025,0.058772978532744616,0.0016314870881175558,-0.03722542204890855,0.04441328704765687,-0.009459439557530702,-0.04345030823992511,0.0342789450869411
zhen,13,Online-B vs JDExploreAcademy,0.01,97.13666666666667,578.3802222222232,578.3802222222232,uniform,dedup,0.8320539621955725,True,0.0,0.0,0.0,mtme_f101spBLEU-refA,0.09701654675953005,0.8645720481576694,0.012882779140929945,-0.021523497275817493,0.05722499191719934,0.011031077470795791,-0.0142772245963021,0.05535323446028148,0.0020993400030924203,-0.033542921122057895,0.04873019501739557,0.010585563314379653,-0.02361937629057908,0.045267137918731735
zhen,13,Online-B vs JDExploreAcademy,0.01,97.13666666666667,578.3802222222232,578.3802222222232,uniform,dedup,0.8320539621955725,True,0.0,0.0,0.0,mtme_f200spBLEU-refA,0.09976453671668326,0.8696321738056851,0.012236153160883223,-0.021523497275817493,0.05557033666821159,0.010286766015153881,-0.01624756645555254,0.051246772164191344,0.0025955476401871014,-0.030961010713410068,0.04841742709099997,0.0026398435974505086,-0.027725003839416593,0.03413151916378241
zhen,13,Online-B vs JDExploreAcademy,0.01,97.13666666666667,578.3802222222232,578.3802222222232,uniform,dedup,0.8320539621955725,True,0.0,0.0,0.0,mtme_metricx_xl_DA_2019-refA,0.270933781426285,0.9937925634685278,0.04835829697124061,-0.012836110786632049,0.11731444621510942,0.06759874809958488,0.024440578112156656,0.17036745869535508,0.04661846894367694,-0.006880908032575643,0.13857807650423118,0.04627455567332561,-0.01385789057781061,0.12648317180290436
zhen,13,Online-B vs JDExploreAcademy,0.01,97.13666666666667,578.3802222222232,578.3802222222232,uniform,dedup,0.8320539621955725,True,0.0,0.0,0.0,mtme_metricx_xl_MQM_2020-refA,0.3190896981220086,0.9880707146931909,0.03700362984398642,-0.053425219183687485,0.11976402998648958,0.05122389607546185,-0.00940037580198073,0.15087408503228655,0.053436713916559686,-0.007078937030550597,0.15772817208198245,0.09387008915939743,0.01609855028339373,0.187338668311788
zhen,13,Online-B vs JDExploreAcademy,0.01,97.13666666666667,578.3802222222232,578.3802222222232,uniform,dedup,0.8320539621955725,True,0.0,0.0,0.0,mtme_metricx_xxl_DA_2019-refA,0.26015518465333903,0.9945880252964706,0.029678038148984398,-0.020821732672238073,0.08729670270854244,0.06251689747140854,0.007660697972092124,0.192835382599187,0.06923623330199702,0.013359097900108148,0.18966001623186352,0.019819778120540366,-0.04796420852497945,0.1110016569244748
zhen,13,Online-B vs JDExploreAcademy,0.01,97.13666666666667,578.3802222222232,578.3802222222232,uniform,dedup,0.8320539621955725,True,0.0,0.0,0.0,mtme_metricx_xxl_MQM_2020-refA,0.2949034440715297,0.9848440687329651,0.037919328805861685,-0.040936240888812765,0.13776800158033256,0.06096029457629182,0.01032935258067366,0.14868462498126064,0.05122389607546185,-0.0020448750408480413,0.13924055682269565,0.03912768180614956,-0.031228442526836472,0.1742932492299019
zhen,13,Online-B vs JDExploreAcademy,0.01,97.13666666666667,578.3802222222232,578.3802222222232,uniform,dedup,0.8320539621955725,True,0.0,0.0,0.0,comet22,0.19467278451826792,,0.011821908392415481,-0.046474767837701644,0.08387153074870692,0.03568878005257581,-0.005601951216165196,0.10291037265953251,0.05531760908149275,0.012433191597009091,0.13909867324654962,-0.012855135808952145,-0.06035723073116547,0.10541000248138585
zhen,13,Online-B vs JDExploreAcademy,0.01,97.13666666666667,578.3802222222232,578.3802222222232,uniform,dedup,0.8320539621955725,True,0.0,0.0,0.0,qwen3_8b,0.201061226169927,,0.029390760043298103,-0.027068104830084302,0.11528479591311452,0.04591313325682744,0.0014912283033009705,0.1248425640260571,0.05165481323399168,0.008806473262486627,0.12879616810568595,0.05675663734518355,-0.011701686811869094,0.21319116220857837
zhen,13,Online-B vs JDExploreAcademy,0.01,97.13666666666667,578.3802222222232,578.3802222222232,uniform,dedup,0.8320539621955725,True,0.0,0.0,0.0,mistral_7b,0.08259189185074418,,-0.014275512021031167,-0.06992418596824519,0.023226014454131996,0.0016314870881175558,-0.0267488009264698,0.04088257442393803,-0.006088086008968929,-0.05102493183554355,0.0361524428164731,0.004346228985892209,-0.03084438775811193,0.04826087882465961
zhen,13,Online-B vs JDExploreAcademy,0.02,97.13666666666667,237.08550387596918,235.83494623655935,dedup,dedup,0.5902884610039949,True,0.005274711523755027,-0.06640746398963207,0.08476796750697974,mtme_BERTScore-refA,0.18771925920994575,0.9400920205176692,0.0037152013334604828,-0.04084529710753274,0.05625162659589843,0.01843152661544456,-0.020140463910286552,0.08705996107174702,0.008536323063857765,-0.04026660851211287,0.06468895719871916,0.05482689060515822,0.009708142574659056,0.15186997696434734
zhen,13,Online-B vs JDExploreAcademy,0.02,97.13666666666667,237.08550387596918,235.83494623655935,dedup,dedup,0.5902884610039949,True,0.005274711523755027,-0.06640746398963207,0.08476796750697974,mtme_BLEU-refA,0.08984633555723211,0.8293746844592913,0.020990887534050207,-0.016719238163001936,0.07647014544661344,0.028443144326461445,-0.005883435794817188,0.07319628532552164,0.019366677720319636,-0.017379179483028792,0.0759425423316468,0.014397817911018462,-0.03376737858224246,0.08513214027399674
zhen,13,Online-B vs JDExploreAcademy,0.02,97.13666666666667,237.08550387596918,235.83494623655935,dedup,dedup,0.5902884610039949,True,0.005274711523755027,-0.06640746398963207,0.08476796750697974,mtme_BLEURT-20-refA,0.23275549355434025,0.9802219595565596,0.026749449600913744,-0.023193688039936884,0.10815432169342352,0.01843152661544445,-0.02428679094230262,0.09563547617455617,0.004960295834403938,-0.04843995635233816,0.08264305953741145,0.04238717593003849,-0.008830331512453403,0.15477852259028632
zhen,13,Online-B vs JDExploreAcademy,0.02,97.13666666666667,237.08550387596918,235.83494623655935,dedup,dedup,0.5902884610039949,True,0.005274711523755027,-0.06640746398963207,0.08476796750697974,mtme_COMET-20-refA,0.18266786416238934,0.9752672183823412,0.028617091352328816,-0.014602192473292515,0.09924319008118357,0.022007104369379138,-0.021060115812125503,0.08661275043858019,0.024510008797133387,-0.016760746510213084,0.09722823921036981,0.053271926270768155,0.009357073175681435,0.17518499048447533
zhen,13,Online-B vs JDExploreAcademy,0.02,97.13666666666667,237.08550387596918,235.83494623655935,dedup,dedup,0.5902884610039949,True,0.005274711523755027,-0.06640746398963207,0.08476796750697974,mtme_COMET-22-refA,0.2959636960741435,0.9866351677254928,0.03970621425135612,-0.01360033106686656,0.12414790093064093,0.06425393075433095,0.012479549740005452,0.14067733575009012,0.04882393752388947,-0.0037000007481111426,0.11497018130724898,0.05845514071873459,-0.0077129297586909715,0.19490302161638617
zhen,13,Online-B vs JDExploreAcademy,0.02,97.13666666666667,237.08550387596918,235.83494623655935,dedup,dedup,0.5902884610039949,True,0.005274711523755027,-0.06640746398963207,0.08476796750697974,mtme_COMET-QE-src,0.1894362641598772,0.922900899652606,0.008144864461816947,-0.034399217861934936,0.06205092812888817,0.04415905584957036,0.002156551662412799,0.12630695019288365,0.027272955243356045,-0.015383389041041034,0.09521827861158336,0.04837666818102182,0.004589918544323982,0.15460074664192958
zhen,13,Online-B vs JDExploreAcademy,0.02,97.13666666666667,237.08550387596918,235.83494623655935,dedup,dedup,0.5902884610039949,True,0.005274711523755027,-0.06640746398963207,0.08476796750697974,mtme_COMETKiwi-src,0.22279226652780912,0.959377087982424,0.006274562252065907,-0.053440092640952834,0.07666496349787573,0.04235329520144626,-0.01784380718965448,0.12093207352063584,0.030588490978822325,-0.013643848099735057,0.10299457507525772,0.043942140264427554,-0.015881978474669853,0.17965148510012544
zhen,13,Online-B vs JDExploreAcademy,0.02,97.13666666666667,237.08550387596918,235.83494623655935,dedup,dedup,0.5902884610039949,True,0.005274711523755027,-0.06640746398963207,0.08476796750697974,mtme_Cross-QE-src,0.19059451959967494,0.966162403744368,0.02876494632431592,-0.026812152120903203,0.09747032266256017,0.052788165033686996,0.0017977936675957244,0.1445151899257707,0.036199397608074,-0.021830475763409095,0.11724658418335075,0.05482689060515844,0.0009028069819249725,0.16837303383971203
zhen,13,Online-B vs JDExploreAcademy,0.02,97.13666666666667,237.08550387596918,235.83494623655935,dedup,dedup,0.5902884610039949,True,0.005274711523755027,-0.06640746398963207,0.08476796750697974,mtme_HWTSC-TLM-src,0.06163786587996404,0.498241633134339,-0.053997684169141635,-0.1181153870965132,-0.0016107000193209449,-0.021838417838245583,-0.059823272558656354,0.0021703031946088557,-0.0025668663758451338,-0.049490576847898635,0.04248738162846105,0.03225111212068121,0.007649843450447655,0.10410074104990806
zhen,13,Online-B vs JDExploreAcademy,0.02,97.13666666666667,237.08550387596918,235.83494623655935,dedup,dedup,0.5902884610039949,True,0.005274711523755027,-0.06640746398963207,0.08476796750697974,mtme_HWTSC-Teacher-Sim-src,0.08548735478271668,0.3949247735620734,-0.03529441266787181,-0.10957686337359555,0.011725665274796408,-0.021176647600723353,-0.08094823539247419,0.020457605145030613,-0.042353295201446706,-0.11002364772529424,0.005008044396572795,0.02712025337420898,-0.016760065048352778,0.1231341488929909
zhen,13,Online-B vs JDExploreAcademy,0.02,97.13666666666667,237.08550387596918,235.83494623655935,dedup,dedup,0.5902884610039949,True,0.005274711523755027,-0.06640746398963207,0.08476796750697974,mtme_KG-BERTScore-src,0.05667585174245644,0.679795467170797,-0.03453810382498901,-0.10050865451448639,0.009897073932001626,-0.0032773383191595507,-0.058750060965826204,0.03535885826310211,-0.04235329520144715,-0.134070069523181,-0.0008751430529463981,0.017986197144226,-0.008000970396973532,0.07367764241170266
zhen,13,Online-B vs JDExploreAcademy,0.02,97.13666666666667,237.08550387596918,235.83494623655935,dedup,dedup,0.5902884610039949,True,0.005274711523755027,-0.06640746398963207,0.08476796750697974,mtme_MATESE-QE-src,0.2201212136128874,0.9351848265501388,0.008536323063857765,-0.04355402573976263,0.07882813516323134,0.027272955243356045,-0.020068542995695757,0.09822123460159751,0.008536323063857765,-0.036110365014387066,0.07799453751997612,0.02870348978740611,-0.021328722528303604,0.1402961633093118
zhen,13,Online-B vs JDExploreAcademy,0.02,97.13666666666667,237.08550387596918,235.83494623655935,dedup,dedup,0.5902884610039949,True,0.005274711523755027,-0.06640746398963207,0.08476796750697974,mtme_MATESE-refA,0.22667869724455514,0.9674894649743352,-0.0048403765944506905,-0.08993689222027632,0.06116804694462383,0.026749449600913744,-0.025763374975722914,0.09274694546796612,0.0026989844981314404,-0.05544287129644486,0.060230741612170284,0.0,-0.06481560596602379,0.08129898459161154
zhen,13,Online-B vs JDExploreAcademy,0.02,97.13666666666667,237.08550387596918,235.83494623655935,dedup,dedup,0.5902884610039949,True,0.005274711523755027,-0.06640746398963207,0.08476796750697974,mtme_MEE-refA,0.1003597939198505,0.8976609341086564,-0.012782300804039748,-0.05520442552835454,0.024143580078517086,-0.022460080788645476,-0.06652375131398736,0.014529305693875302,-0.012782300804039748,-0.04632102866825106,0.0202660434402159,0.033057389923698555,-9.187879889351684e-05,0.12151140848051574
zhen,13,Online-B vs JDExploreAcademy,0.02,97.13666666666667,237.08550387596918,235.83494623655935,dedup,dedup,0.5902884610039949,True,0.005274711523755027,-0.06640746398963207,0.08476796750697974,mtme_MEE2-refA,0.1173443523733366,0.9352238472927537,-0.030196330838067942,-0.1004009232779158,0.005470149118856699,-0.017344682796782696,-0.06990740819679644,0.0180189399838478,-0.024117848656378893,-0.07328867238987156,0.007128329868568626,0.019995689514822224,-0.030003138753826996,0.11069601347856299
zhen,13,Online-B vs JDExploreAcademy,0.02,97.13666666666667,237.08550387596918,235.83494623655935,dedup,dedup,0.5902884610039949,True,0.005274711523755027,-0.06640746398963207,0.08476796750697974,mtme_MEE4-refA,0.1343374774829914,0.9593140488993936,-0.018039366474689844,-0.07375001328558885,0.02015105602807159,-0.011092529695616582,-0.07272330244514146,0.033789249403939285,-0.01869649968352083,-0.06401186671312706,0.01775428597139263,0.024538889657039875,-0.057043646935070746,0.12592935956443826
zhen,13,Online-B vs JDExploreAcademy,0.02,97.13666666666667,237.08550387596918,235.83494623655935,dedup,dedup,0.5902884610039949,True,0.005274711523755027,-0.06640746398963207,0.08476796750697974,mtme_MS-COMET-22-refA,0.17843098237156518,0.98746083650136,0.020168235810212876,-0.03213840389295452,0.09177206380489518,0.020990887534050207,-0.033233600600049394,0.08327171613907833,0.027030355067590106,-0.02083783137483106,0.0881338729293409,0.04691070853917301,0.006548001652068548,0.14732663485723674
zhen,13,Online-B vs JDExploreAcademy,0.02,97.13666666666667,237.08550387596918,235.83494623655935,dedup,dedup,0.5902884610039949,True,0.005274711523755027,-0.06640746398963207,0.08476796750697974,mtme_MS-COMET-QE-22-src,0.17450011025578552,0.9490970977882788,0.013916082709046873,-0.04132848233047067,0.08460866782839478,0.030588490978822547,-0.008830827653355626,0.10447772837880984,0.01411776506714868,-0.03937450879664968,0.08675296678794739,0.04310485177667989,0.0036489020760834745,0.14850703602073687
zhen,13,Online-B vs JDExploreAcademy,0.02,97.13666666666667,237.08550387596918,235.83494623655935,dedup,dedup,0.5902884610039949,True,0.005274711523755027,-0.06640746398963207,0.08476796750697974,mtme_REUSE-src,0.017752359021654007,-0.0713802384978524,-0.033936935257569356,-0.09113879628837204,0.004462684624042879,-0.004624785108203966,-0.03489142665357941,0.03334637986705742,-0.034248652292527826,-0.09372698936319693,0.013367199242920546,0.0012404273892568929,0.0,0.008678945707613031
zhen,13,Online-B vs JDExploreAcademy,0.02,97.13666666666667,237.08550387596918,235.83494623655935,dedup,dedup,0.5902884610039949,True,0.005274711523755027,-0.06640746398963207,0.08476796750697974,mtme_SEScore-refA,0.16009953933147103,0.93964771879046,-0.021838417838245583,-0.08826476450354588,0.03363850805389196,0.004960295834403938,-0.035673266336058926,0.06286005713120872,-0.005882402111311746,-0.06360373307778165,0.04358751152525949,0.04611909033257411,0.0015293471846337615,0.16422645746582432
zhen,13,Online-B vs JDExploreAcademy,0.02,97.13666666666667,237.08550387596918,235.83494623655935,dedup,dedup,0.5902884610039949,True,0.005274711523755027,-0.06640746398963207,0.08476796750697974,mtme_UniTE-ref-refA,0.2746172542187435,0.975743491343244,0.05611811614191653,0.00817919822292234,0.1352876131406056,0.07001648350869716,0.01999918755101285,0.15888640299220816,0.0474212108665768,-6.285765537444731e-05,0.1199627956961791,0.0728430291001595,0.007526213371668255,0.1972515925888556
zhen,13,Online-B vs JDExploreAcademy,0.02,97.13666666666667,237.08550387596918,235.83494623655935,dedup,dedup,0.5902884610039949,True,0.005274711523755027,-0.06640746398963207,0.08476796750697974,mtme_UniTE-refA,0.26504405359584404,0.9824419355235168,0.06705938406895673,0.01518587903873143,0.15915084805312357,0.08669755727133654,0.03512023682086727,0.20784660882215036,0.06410228462921608,0.00874420072296189,0.15367759934423258,0.06104674794271814,-0.006903244666651868,0.18724385522852607
zhen,13,Online-B vs JDExploreAcademy,0.02,97.13666666666667,237.08550387596918,235.83494623655935,dedup,dedup,0.5902884610039949,True,0.005274711523755027,-0.06640746398963207,0.08476796750697974,mtme_UniTE-src-src,0.22070698808571193,0.9607040026515832,0.05490241970557863,0.013079190542250436,0.1498512759263632,0.05142900131604222,0.002351631378395498,0.1469892251188095,0.022702892472847513,-0.02666958896763734,0.09532150754179612,0.07224249115032588,0.01260639161733042,0.2236068137712723
zhen,13,Online-B vs JDExploreAcademy,0.02,97.13666666666667,237.08550387596918,235.83494623655935,dedup,dedup,0.5902884610039949,True,0.005274711523755027,-0.06640746398963207,0.08476796750697974,mtme_YiSi-1-refA,0.18227900715373602,0.9604473082422414,0.010874494713885241,-0.035686102019163696,0.0645496152233082,0.005514751979355026,-0.03912074009524744,0.055517632909212994,0.008144864461816947,-0.029022555459012087,0.0595186260795259,0.03797308362596363,-0.016547962895861284,0.13522285757304942
zhen,13,Online-B vs JDExploreAcademy,0.02,97.13666666666667,237.08550387596918,235.83494623655935,dedup,dedup,0.5902884610039949,True,0.005274711523755027,-0.06640746398963207,0.08476796750697974,mtme_chrF-refA,0.09665169409458575,0.9157360845392822,-0.003076948796685963,-0.03652889867878674,0.04579234531104601,0.004960295834403938,-0.029079507045868612,0.04512898523810906,0.002533957832565381,-0.03338705800977466,0.0507253645251013,0.014397817911018462,-0.03453424855494435,0.08820028671577872
zhen,13,Online-B vs JDExploreAcademy,0.02,97.13666666666667,237.08550387596918,235.83494623655935,dedup,dedup,0.5902884610039949,True,0.005274711523755027,-0.06640746398963207,0.08476796750697974,mtme_f101spBLEU-refA,0.09701654675953005,0.8645720481576694,0.01843152661544445,-0.025043702231664383,0.0769453734624186,0.012353044433755511,-0.02064838841490609,0.06004441296438488,0.019366677720319636,-0.021281021184913373,0.07750397070904076,0.011287889242238447,-0.03981049871542791,0.07394976816880569
zhen,13,Online-B vs JDExploreAcademy,0.02,97.13666666666667,237.08550387596918,235.83494623655935,dedup,dedup,0.5902884610039949,True,0.005274711523755027,-0.06640746398963207,0.08476796750697974,mtme_f200spBLEU-refA,0.09976453671668326,0.8696321738056851,0.006882410470235301,-0.03684393478925712,0.05541054592394903,0.026749449600913744,-0.00936207443119736,0.07891554705856635,0.02329431236079571,-0.015769312458513252,0.08141687089963975,0.026359082021710445,-0.02715757678949656,0.11346847609548773
zhen,13,Online-B vs JDExploreAcademy,0.02,97.13666666666667,237.08550387596918,235.83494623655935,dedup,dedup,0.5902884610039949,True,0.005274711523755027,-0.06640746398963207,0.08476796750697974,mtme_metricx_xl_DA_2019-refA,0.270933781426285,0.9937925634685278,0.0418103042373249,-0.03928560037425146,0.14902776081395672,0.07111170552341561,0.013604095979255344,0.18216968457931276,0.0436138099395843,-0.02452706480420208,0.1525275968632516,0.0856670165705593,0.018240373373946423,0.2275106638019722
zhen,13,Online-B vs JDExploreAcademy,0.02,97.13666666666667,237.08550387596918,235.83494623655935,dedup,dedup,0.5902884610039949,True,0.005274711523755027,-0.06640746398963207,0.08476796750697974,mtme_metricx_xl_MQM_2020-refA,0.3190896981220086,0.9880707146931909,0.05064748217839643,-0.013905559091639725,0.1289492454059229,0.04837917053498564,-0.0008090784134457239,0.12810568389864924,0.03770476280128776,-0.01425486111593402,0.11901889962479711,0.09675333636204353,0.04224416778570102,0.25708166121251297
zhen,13,Online-B vs JDExploreAcademy,0.02,97.13666666666667,237.08550387596918,235.83494623655935,dedup,dedup,0.5902884610039949,True,0.005274711523755027,-0.06640746398963207,0.08476796750697974,mtme_metricx_xxl_DA_2019-refA,0.26015518465333903,0.9945880252964706,0.03310372498503822,-0.034183515181804215,0.13139526288949446,0.03892469511371033,-0.022342777996635782,0.12615616370646188,0.026029629342555594,-0.03510608945725024,0.10747703679307676,0.04031389015085096,-0.05078516809828539,0.19132054278590008
zhen,13,Online-B vs JDExploreAcademy,0.02,97.13666666666667,237.08550387596918,235.83494623655935,dedup,dedup,0.5902884610039949,True,0.005274711523755027,-0.06640746398963207,0.08476796750697974,mtme_metricx_xxl_MQM_2020-refA,0.2949034440715297,0.9848440687329651,0.04080034104406027,-0.015687354457505586,0.12707031715106254,0.036796302568632866,-0.009986453513293728,0.12300354240377888,0.030588490978822658,-0.023019277566752483,0.10966266905360096,0.053271926270768155,-0.017088545330630454,0.1958070417600247
zhen,13,Online-B vs JDExploreAcademy,0.02,97.13666666666667,237.08550387596918,235.83494623655935,dedup,dedup,0.5902884610039949,True,0.005274711523755027,-0.06640746398963207,0.08476796750697974,comet22,0.19467278451826792,,0.017823678397275722,-0.02751823318187951,0.08525866141255466,0.012353044433755511,-0.030675103134584582,0.07301368225075344,0.019366677720319636,-0.031595818316951185,0.087240551092398,0.033717071762530804,-0.017563878097519407,0.12587471700720543
zhen,13,Online-B vs JDExploreAcademy,0.02,97.13666666666667,237.08550387596918,235.83494623655935,dedup,dedup,0.5902884610039949,True,0.005274711523755027,-0.06640746398963207,0.08476796750697974,qwen3_8b,0.201061226169927,,-0.003076948796685963,-0.08419136682226515,0.05925616809256755,0.028617091352328816,-0.029452965021442,0.1004221156411202,0.001411776506715201,-0.055742862726215425,0.05732425166748597,0.027802682862656414,-0.02127632895625452,0.12539785543878673
zhen,13,Online-B vs JDExploreAcademy,0.02,97.13666666666667,237.08550387596918,235.83494623655935,dedup,dedup,0.5902884610039949,True,0.005274711523755027,-0.06640746398963207,0.08476796750697974,mistral_7b,0.08259189185074418,,0.011018743467043235,-0.022645221742407996,0.07009335676001802,0.01843152661544445,-0.016380765483083187,0.07321954336779049,0.009473763400323909,-0.030434774485209086,0.06545177120677027,0.027802682862656414,-0.013473736197528056,0.1082458555313553
zhen,14,Online-B vs Online-G,0.01,96.32333333333334,518.2226126126131,484.55142857142954,dedup,dedup,0.8141274985131961,True,0.06497436279638735,-0.002399803032596646,0.1673732879730746,mtme_BERTScore-refA,0.1288362724825777,0.9400920205176692,0.025299110714082307,-0.022357809459022025,0.08653840487867277,0.028140187318337673,-0.016209995595661074,0.10035584111655027,0.025299110714082307,-0.02674335788316861,0.08807080189464599,0.021531567433046517,-0.00892168354255069,0.0693068987714512
zhen,14,Online-B vs Online-G,0.01,96.32333333333334,518.2226126126131,484.55142857142954,dedup,dedup,0.8141274985131961,True,0.06497436279638735,-0.002399803032596646,0.1673732879730746,mtme_BLEU-refA,0.05675719108942774,0.8293746844592913,-0.007389598261313912,-0.07236599263842362,0.0385992139459567,0.014881829831813187,-0.01534027835780925,0.06615248571652964,0.011521416643984539,-0.014404672836873205,0.05264765994690362,-0.0027920934885274917,-0.026620655080012677,0.014678601019353527
zhen,14,Online-B vs Online-G,0.01,96.32333333333334,518.2226126126131,484.55142857142954,dedup,dedup,0.8141274985131961,True,0.06497436279638735,-0.002399803032596646,0.1673732879730746,mtme_BLEURT-20-refA,0.1853583262304791,0.9802219595565596,-0.035426014428900476,-0.14935748275480595,0.026025103691381293,-0.008403856846199709,-0.06474563538174286,0.05151027012943084,-0.001322829318382901,-0.07239111523452257,0.05152151793655271,0.013607950617685383,-0.019155817534019272,0.06550812645601142
zhen,14,Online-B vs Online-G,0.01,96.32333333333334,518.2226126126131,484.55142857142954,dedup,dedup,0.8141274985131961,True,0.06497436279638735,-0.002399803032596646,0.1673732879730746,mtme_COMET-20-refA,0.17717225909056933,0.9752672183823412,-0.02801285615400051,-0.09905896526351754,0.013774063287932485,-0.008403856846199709,-0.06529307067659702,0.04798340241460829,-0.010582634547066316,-0.07834695198044121,0.042331437961608584,0.013607950617685383,-0.019809797968324883,0.0630651902733312
zhen,14,Online-B vs Online-G,0.01,96.32333333333334,518.2226126126131,484.55142857142954,dedup,dedup,0.8141274985131961,True,0.06497436279638735,-0.002399803032596646,0.1673732879730746,mtme_COMET-22-refA,0.2428555265263237,0.9866351677254928,-0.033335298823260695,-0.1186722323563049,0.014937431029301985,-0.003759620168036326,-0.08143771953796448,0.0663223375293516,-0.016088464683040593,-0.0882120082734155,0.04858421383450358,0.02455008812461268,-0.015321958970148418,0.07657131829350733
zhen,14,Online-B vs Online-G,0.01,96.32333333333334,518.2226126126131,484.55142857142954,dedup,dedup,0.8141274985131961,True,0.06497436279638735,-0.002399803032596646,0.1673732879730746,mtme_COMET-QE-src,0.1751934563299598,0.922900899652606,0.011521416643984539,-0.05162875144991117,0.08184333615005247,0.007936975910300625,-0.0580299754289809,0.07516011979481255,-0.003759620168036326,-0.08598356876014235,0.0703871526709264,-0.010668662603846801,-0.04949124741090928,0.019653153367676948
zhen,14,Online-B vs Online-G,0.01,96.32333333333334,518.2226126126131,484.55142857142954,dedup,dedup,0.8141274985131961,True,0.06497436279638735,-0.002399803032596646,0.1673732879730746,mtme_COMETKiwi-src,0.1978772003546237,0.959377087982424,-0.03246944690577336,-0.11874154990559853,0.026320425695058384,-0.026253074164838575,-0.122638236115029,0.042019223179844196,-0.019842439775749954,-0.11653694352989064,0.044660248427639826,0.012947649216405344,-0.03354081453067756,0.05863011887368314
zhen,14,Online-B vs Online-G,0.01,96.32333333333334,518.2226126126131,484.55142857142954,dedup,dedup,0.8141274985131961,True,0.06497436279638735,-0.002399803032596646,0.1673732879730746,mtme_Cross-QE-src,0.19452451140063096,0.966162403744368,-0.01637001281499395,-0.0804861004495537,0.03497361816529363,-0.005952731932724387,-0.09572478815258866,0.05439704173481484,-0.022620381344355067,-0.10163231931957924,0.03473848723371921,0.01697970245400937,-0.020371449847929435,0.06641465083695798
zhen,14,Online-B vs Online-G,0.01,96.32333333333334,518.2226126126131,484.55142857142954,dedup,dedup,0.8141274985131961,True,0.06497436279638735,-0.002399803032596646,0.1673732879730746,mtme_HWTSC-TLM-src,0.039839047741942885,0.498241633134339,-0.01637001281499395,-0.07243850207607654,0.02408292649593121,0.004464548949544289,-0.04155212162510396,0.05972962098846839,-0.019842439775749954,-0.0863024051201751,0.03395826371005508,-0.004179760600472315,-0.019556992656793448,0.009856438900818628
zhen,14,Online-B vs Online-G,0.01,96.32333333333334,518.2226126126131,484.55142857142954,dedup,dedup,0.8141274985131961,True,0.06497436279638735,-0.002399803032596646,0.1673732879730746,mtme_HWTSC-Teacher-Sim-src,0.09545809437494818,0.3949247735620734,-0.014286556638539949,-0.07586063079965208,0.04254151895194187,-0.001322829318382901,-0.08046614149045128,0.053588840143387106,-0.004762185546179687,-0.07118782480932784,0.05384773266599242,-0.007627342447482421,-0.032888554807653354,0.014334665436137168
zhen,14,Online-B vs Online-G,0.01,96.32333333333334,518.2226126126131,484.55142857142954,dedup,dedup,0.8141274985131961,True,0.06497436279638735,-0.002399803032596646,0.1673732879730746,mtme_KG-BERTScore-src,0.06532315973309315,0.679795467170797,-0.02073854995917146,-0.07643809593842985,0.025228417981053443,-0.005952731932724831,-0.05100937124534235,0.029792754766238005,-0.008403856846199709,-0.07190347558544044,0.04528695617002195,-0.003756571339382564,-0.0285216991856441,0.01655230675403395
zhen,14,Online-B vs Online-G,0.01,96.32333333333334,518.2226126126131,484.55142857142954,dedup,dedup,0.8141274985131961,True,0.06497436279638735,-0.002399803032596646,0.1673732879730746,mtme_MATESE-QE-src,0.1969264807987245,0.9351848265501388,0.011905463865450439,-0.05450722328386362,0.07190580278685016,0.05238404100798166,0.0,0.1316563685613169,0.015600262996107617,-0.0556294716235687,0.09078757127971304,0.040020006668889274,-0.0020834379904926086,0.1077365627078923
zhen,14,Online-B vs Online-G,0.01,96.32333333333334,518.2226126126131,484.55142857142954,dedup,dedup,0.8141274985131961,True,0.06497436279638735,-0.002399803032596646,0.1673732879730746,mtme_MATESE-refA,0.17098909179985583,0.9674894649743352,-0.0031747903641199393,-0.07315133643187019,0.0785221749848036,0.019048742184720968,-0.043818937319258545,0.10370149073804184,0.004762185546180575,-0.06992201737584496,0.07913952444557439,0.03755888326411805,0.0065842665212063585,0.0810631157213104
zhen,14,Online-B vs Online-G,0.01,96.32333333333334,518.2226126126131,484.55142857142954,dedup,dedup,0.8141274985131961,True,0.06497436279638735,-0.002399803032596646,0.1673732879730746,mtme_MEE-refA,0.05215110456983861,0.8976609341086564,0.004105332367396741,-0.03489796724443533,0.0617389730648737,0.007936975910300625,-0.03286575285328845,0.07236014742982214,-0.005952731932724831,-0.05164300644461632,0.031378383410863964,-0.00706235411803946,-0.03131583481496228,0.015547814296261668
zhen,14,Online-B vs Online-G,0.01,96.32333333333334,518.2226126126131,484.55142857142954,dedup,dedup,0.8141274985131961,True,0.06497436279638735,-0.002399803032596646,0.1673732879730746,mtme_MEE2-refA,0.09643020352523378,0.9352238472927537,-0.02073854995917146,-0.0893588598546828,0.026905663399642392,0.007936975910300625,-0.03806206516483927,0.07011011285430652,0.007936975910300625,-0.0329899349664297,0.06434119317378115,0.004762983009840349,-0.02348649500082532,0.04140251044334627
zhen,14,Online-B vs Online-G,0.01,96.32333333333334,518.2226126126131,484.55142857142954,dedup,dedup,0.8141274985131961,True,0.06497436279638735,-0.002399803032596646,0.1673732879730746,mtme_MEE4-refA,0.12111540386250466,0.9593140488993936,-0.02801285615400051,-0.09725634339775178,0.012626567433486268,-0.010582634547066316,-0.07555145673418447,0.04141967986766455,0.0014006428077004696,-0.05071808834947819,0.054487908896580964,0.010240413471156673,-0.023869257845234568,0.057657831350402144
zhen,14,Online-B vs Online-G,0.01,96.32333333333334,518.2226126126131,484.55142857142954,dedup,dedup,0.8141274985131961,True,0.06497436279638735,-0.002399803032596646,0.1673732879730746,mtme_MS-COMET-22-refA,0.13822709566040026,0.98746083650136,-0.01226623549773631,-0.07060190877123082,0.035611540070148585,0.011521416643984539,-0.03479427089322943,0.0725483374797383,-0.002164629793717898,-0.04594679399151405,0.05475813263602047,-0.003756571339382564,-0.03755363975281619,0.02179683966944195
zhen,14,Online-B vs Online-G,0.01,96.32333333333334,518.2226126126131,484.55142857142954,dedup,dedup,0.8141274985131961,True,0.06497436279638735,-0.002399803032596646,0.1673732879730746,mtme_MS-COMET-QE-22-src,0.13039997906235062,0.9490970977882788,-0.0348005866836234,-0.12846375632860857,0.023234918900230606,-0.005952731932724831,-0.0676951039648691,0.04196087484586911,-0.019842439775749954,-0.10687778792869211,0.03996737342641766,-0.0016297740272397387,-0.02940643799482362,0.025955990641224853
zhen,14,Online-B vs Online-G,0.01,96.32333333333334,518.2226126126131,484.55142857142954,dedup,dedup,0.8141274985131961,True,0.06497436279638735,-0.002399803032596646,0.1673732879730746,mtme_REUSE-src,-0.01578857224320706,-0.0713802384978524,-0.02073854995917146,-0.08629328188942641,0.01271096263644661,0.03262978985345644,-0.0017297196618769604,0.07761550965427856,0.004105332367396741,-0.03797840876242174,0.0382465195122241,0.0,0.0,0.0
zhen,14,Online-B vs Online-G,0.01,96.32333333333334,518.2226126126131,484.55142857142954,dedup,dedup,0.8141274985131961,True,0.06497436279638735,-0.002399803032596646,0.1673732879730746,mtme_SEScore-refA,0.16752735697775284,0.93964771879046,0.0019306157619656261,-0.06103596081312524,0.053557500651120235,0.03333529882326158,-0.02632140193606876,0.09632062539661805,0.007936975910300959,-0.06313390148601461,0.07705590235377738,0.020071953809163934,-0.030899653494789514,0.09256717355422146
zhen,14,Online-B vs Online-G,0.01,96.32333333333334,518.2226126126131,484.55142857142954,dedup,dedup,0.8141274985131961,True,0.06497436279638735,-0.002399803032596646,0.1673732879730746,mtme_UniTE-ref-refA,0.23682691194608407,0.975743491343244,-0.033335298823260695,-0.13331425457183688,0.02013722355455446,0.0014006428077004696,-0.0743799658342797,0.06910133314198544,-0.002164629793717898,-0.07368796741689151,0.06105228576565468,0.04571945034309621,0.006295575494793801,0.1329315609260979
zhen,14,Online-B vs Online-G,0.01,96.32333333333334,518.2226126126131,484.55142857142954,dedup,dedup,0.8141274985131961,True,0.06497436279638735,-0.002399803032596646,0.1673732879730746,mtme_UniTE-refA,0.23195154825861175,0.9824419355235168,-0.04762185546180109,-0.19166593502109522,0.010351750587767074,-0.0070789244605375945,-0.08130079437472089,0.05244355806847148,-0.014286556638539949,-0.08442321205080677,0.03288772924835229,0.025581416027564585,-0.005766512504115679,0.07027518236088949
zhen,14,Online-B vs Online-G,0.01,96.32333333333334,518.2226126126131,484.55142857142954,dedup,dedup,0.8141274985131961,True,0.06497436279638735,-0.002399803032596646,0.1673732879730746,mtme_UniTE-src-src,0.21756583619667136,0.9607040026515832,-0.014286556638540171,-0.08453505692919454,0.05922571067871838,-0.01226623549773631,-0.0743131578757527,0.06301009043130766,-0.019842439775749954,-0.09053575422657917,0.034994314960569636,-0.004569758546966618,-0.057382301876605854,0.03283397792624969
zhen,14,Online-B vs Online-G,0.01,96.32333333333334,518.2226126126131,484.55142857142954,dedup,dedup,0.8141274985131961,True,0.06497436279638735,-0.002399803032596646,0.1673732879730746,mtme_YiSi-1-refA,0.13801218496412834,0.9604473082422414,0.011521416643984539,-0.037981759479171984,0.07013140915483368,0.03016050845914109,-0.006691634778992056,0.09620175491884905,0.014881829831813187,-0.028589540969157806,0.06791804441597492,0.03717028483178564,0.001996825299713695,0.11466237271000132
zhen,14,Online-B vs Online-G,0.01,96.32333333333334,518.2226126126131,484.55142857142954,dedup,dedup,0.8141274985131961,True,0.06497436279638735,-0.002399803032596646,0.1673732879730746,mtme_chrF-refA,0.09363060451533015,0.9157360845392822,0.035716391596351094,-0.005908366187556529,0.10780860178917116,0.03859012425352881,-0.0035490672199226746,0.10483668043918655,0.02709519362481816,-0.010422424827170654,0.09706450388804551,0.0,-0.021578709789595023,0.023003544685136622
zhen,14,Online-B vs Online-G,0.01,96.32333333333334,518.2226126126131,484.55142857142954,dedup,dedup,0.8141274985131961,True,0.06497436279638735,-0.002399803032596646,0.1673732879730746,mtme_f101spBLEU-refA,0.06402508085184863,0.8645720481576694,-0.0031747903641199393,-0.054389175383076006,0.03432714006306906,0.019048742184720968,-0.0232272150940099,0.07918468169476021,0.011521416643984539,-0.013970606970938137,0.05264765994690362,0.0006420321925488803,-0.015273575265236667,0.018880340225069448
zhen,14,Online-B vs Online-G,0.01,96.32333333333334,518.2226126126131,484.55142857142954,dedup,dedup,0.8141274985131961,True,0.06497436279638735,-0.002399803032596646,0.1673732879730746,mtme_f200spBLEU-refA,0.0675376541701304,0.8696321738056851,0.004464548949544289,-0.05143553979008655,0.04490724002984306,0.019048742184720968,-0.022106904389805858,0.07918468169476021,0.004464548949544289,-0.024130061913723983,0.04729414702607815,0.0,-0.013781085401995673,0.014507090606451112
zhen,14,Online-B vs Online-G,0.01,96.32333333333334,518.2226126126131,484.55142857142954,dedup,dedup,0.8141274985131961,True,0.06497436279638735,-0.002399803032596646,0.1673732879730746,mtme_metricx_xl_DA_2019-refA,0.23551665701259955,0.9937925634685278,-0.02509800490554337,-0.14025642530424393,0.024273606825760657,-0.011034332363099475,-0.09473964124078005,0.05025093808236267,-0.01916489305169966,-0.12301843131376869,0.037224458960324475,0.019873136006575587,-0.022664948207546803,0.062370035260096726
zhen,14,Online-B vs Online-G,0.01,96.32333333333334,518.2226126126131,484.55142857142954,dedup,dedup,0.8141274985131961,True,0.06497436279638735,-0.002399803032596646,0.1673732879730746,mtme_metricx_xl_MQM_2020-refA,0.26910692590580987,0.9880707146931909,-0.002164629793717898,-0.0695515812562153,0.062322569526294266,0.017196781138984374,-0.047452482535708225,0.09347631453485704,0.01378527394946949,-0.05459548299347716,0.07113645440541033,0.053226034694491275,-0.004169862479552721,0.14564726530404276
zhen,14,Online-B vs Online-G,0.01,96.32333333333334,518.2226126126131,484.55142857142954,dedup,dedup,0.8141274985131961,True,0.06497436279638735,-0.002399803032596646,0.1673732879730746,mtme_metricx_xxl_DA_2019-refA,0.24101945915935677,0.9945880252964706,-0.0070789244605375945,-0.12437746571702425,0.057489806005453295,0.014286556638540948,-0.05665886306786255,0.08179546904790928,0.017196781138984374,-0.043350734559748465,0.08588924105950041,0.011522788297853248,-0.03305358919154283,0.08447521929084797
zhen,14,Online-B vs Online-G,0.01,96.32333333333334,518.2226126126131,484.55142857142954,dedup,dedup,0.8141274985131961,True,0.06497436279638735,-0.002399803032596646,0.1673732879730746,mtme_metricx_xxl_MQM_2020-refA,0.2677150822980452,0.9848440687329651,-0.035993262849035146,-0.15552948018411403,0.030320641607607748,0.01378527394946949,-0.08128958182894513,0.07889068633671263,6.661338147750939e-16,-0.09997661305068635,0.07220976919400844,0.040020006668889274,-0.011903467418301561,0.10370964292074121
zhen,14,Online-B vs Online-G,0.01,96.32333333333334,518.2226126126131,484.55142857142954,dedup,dedup,0.8141274985131961,True,0.06497436279638735,-0.002399803032596646,0.1673732879730746,comet22,0.1766720950856993,,-0.022367841201754946,-0.07596576491770951,0.020735554477768772,-0.008403856846199709,-0.07437078263431242,0.04694771201237732,-0.008403856846199709,-0.07014415178121619,0.04740214427315869,0.019873136006575587,-0.011279237948447296,0.06556601456480976
zhen,14,Online-B vs Online-G,0.01,96.32333333333334,518.2226126126131,484.55142857142954,dedup,dedup,0.8141274985131961,True,0.06497436279638735,-0.002399803032596646,0.1673732879730746,qwen3_8b,0.1532563337856136,,-0.04762185546180153,-0.13216656355713713,0.006984990162639388,-0.014286556638540171,-0.05725179152709238,0.027755920145505666,-0.022367841201754946,-0.08644000510628527,0.02034589029476514,0.00461769307717963,-0.02657349300385742,0.037555914493698286
zhen,14,Online-B vs Online-G,0.01,96.32333333333334,518.2226126126131,484.55142857142954,dedup,dedup,0.8141274985131961,True,0.06497436279638735,-0.002399803032596646,0.1673732879730746,mistral_7b,0.08400827769442462,,-0.04311708535054959,-0.13249127417081613,0.0015828519649692596,-0.005952731932724831,-0.053273306097152986,0.04645451286295781,-0.02509800490554337,-0.09056406414856905,0.026181147533330108,0.00461769307717963,-0.02366014548457815,0.03295021778763778
zhen,14,Online-B vs Online-G,0.02,96.32333333333334,258.9740000000004,246.5247368421055,dedup,dedup,0.6280579002782782,True,0.048071478827584446,-0.03624429428201497,0.14162587491234047,mtme_BERTScore-refA,0.1288362724825777,0.9400920205176692,0.0294451074622587,-0.0403377992119038,0.07832591090009776,0.05120442701383565,-0.005333529411672982,0.10460772110141207,0.05262351307154778,-0.01220164780475956,0.08895820652555128,-0.008169538465273352,-0.07070330920065573,0.0565220064472549
zhen,14,Online-B vs Online-G,0.02,96.32333333333334,258.9740000000004,246.5247368421055,dedup,dedup,0.6280579002782782,True,0.048071478827584446,-0.03624429428201497,0.14162587491234047,mtme_BLEU-refA,0.05675719108942774,0.8293746844592913,-0.0208078648313601,-0.04818145391529455,0.060349355376903745,0.04902849505867768,0.007866067374947489,0.23556789247875115,0.037216293016393065,-0.002716970630242753,0.1996753085200663,0.001999134118561119,-0.02507128521161691,0.031523995750225624
zhen,14,Online-B vs Online-G,0.02,96.32333333333334,258.9740000000004,246.5247368421055,dedup,dedup,0.6280579002782782,True,0.048071478827584446,-0.03624429428201497,0.14162587491234047,mtme_BLEURT-20-refA,0.1853583262304791,0.9802219595565596,0.026477927523407607,-0.06086452522925999,0.0778067876665471,0.00768578791068264,-0.05008090958402516,0.06724607687566739,-0.014218707634762628,-0.11736719452461332,0.028059239161066517,0.041822323980311715,-0.011105315727607737,0.13990515537725426
zhen,14,Online-B vs Online-G,0.02,96.32333333333334,258.9740000000004,246.5247368421055,dedup,dedup,0.6280579002782782,True,0.048071478827584446,-0.03624429428201497,0.14162587491234047,mtme_COMET-20-refA,0.17717225909056933,0.9752672183823412,0.047059794718297465,-0.013862334805307013,0.10967398048311922,0.047059794718297465,-0.009899499868907589,0.10566083915336671,0.027372791314489997,-0.02732391763684648,0.07505834322974468,-0.02889373530732664,-0.08618571758543933,0.039484549718049045
zhen,14,Online-B vs Online-G,0.02,96.32333333333334,258.9740000000004,246.5247368421055,dedup,dedup,0.6280579002782782,True,0.048071478827584446,-0.03624429428201497,0.14162587491234047,mtme_COMET-22-refA,0.2428555265263237,0.9866351677254928,0.061611058103720806,-0.041149824727699194,0.14091037996041603,0.04644457586192807,-0.02526472018266857,0.1662263914900252,0.04363596803937486,-0.04611001252902781,0.1086846872348267,0.03306908728119684,-0.032978699630431214,0.10857554822699544
zhen,14,Online-B vs Online-G,0.02,96.32333333333334,258.9740000000004,246.5247368421055,dedup,dedup,0.6280579002782782,True,0.048071478827584446,-0.03624429428201497,0.14162587491234047,mtme_COMET-QE-src,0.1751934563299598,0.922900899652606,0.007685787910682196,-0.05760267907222358,0.08149442400447736,0.03721629301639251,-0.03802977718236007,0.22528101239632822,0.05362212918623299,-0.01962835452898849,0.14234599564171296,0.03306908728119651,-0.029244470337212662,0.08469306953904931
zhen,14,Online-B vs Online-G,0.02,96.32333333333334,258.9740000000004,246.5247368421055,dedup,dedup,0.6280579002782782,True,0.048071478827584446,-0.03624429428201497,0.14162587491234047,mtme_COMETKiwi-src,0.1978772003546237,0.959377087982424,0.05632426690832415,-0.027690645140405704,0.1573790870630785,0.10309203517528742,0.012237149530441305,0.2685027988716463,0.03721629301639251,-0.03272249053321396,0.225449724179907,0.024989176482013375,-0.02159574706801643,0.10018587209461474
zhen,14,Online-B vs Online-G,0.02,96.32333333333334,258.9740000000004,246.5247368421055,dedup,dedup,0.6280579002782782,True,0.048071478827584446,-0.03624429428201497,0.14162587491234047,mtme_Cross-QE-src,0.19452451140063096,0.966162403744368,-0.0208078648313601,-0.08934172219233295,0.02796115706511901,-0.006917209119614132,-0.06375721283296205,0.04277555735525682,-0.028821704665059622,-0.09418783574348168,0.022221453237982088,0.04743337314641127,-0.024241144201524078,0.1519950130060128
zhen,14,Online-B vs Online-G,0.02,96.32333333333334,258.9740000000004,246.5247368421055,dedup,dedup,0.6280579002782782,True,0.048071478827584446,-0.03624429428201497,0.14162587491234047,mtme_HWTSC-TLM-src,0.039839047741942885,0.498241633134339,-0.01537157582136528,-0.09577230872437663,0.012481662302503723,-0.006917209119614354,-0.040298390016272244,0.016659421992946236,-0.00020772399758617333,-0.04042651734144287,0.03159607250364864,0.0010412156867506406,-0.024235756020105973,0.02888399285914266
zhen,14,Online-B vs Online-G,0.02,96.32333333333334,258.9740000000004,246.5247368421055,dedup,dedup,0.6280579002782782,True,0.048071478827584446,-0.03624429428201497,0.14162587491234047,mtme_HWTSC-Teacher-Sim-src,0.09545809437494818,0.3949247735620734,0.02491191588901398,-0.04543157267120766,0.05965519059513217,0.0003842893955340321,-0.03770000049265724,0.03853314833035154,-0.00949420859554917,-0.07195519988032494,0.0383942474864871,0.02498917648201271,-0.005025074078818314,0.07556711653438035
zhen,14,Online-B vs Online-G,0.02,96.32333333333334,258.9740000000004,246.5247368421055,dedup,dedup,0.6280579002782782,True,0.048071478827584446,-0.03624429428201497,0.14162587491234047,mtme_KG-BERTScore-src,0.06532315973309315,0.679795467170797,-0.007291644940903952,-0.05500422556400581,0.03279135402182447,0.00019707148488945503,-0.04731833080298965,0.0536169232767137,-0.01537157582136528,-0.0659786683490006,0.01684948998284308,0.03247057537014597,0.0,0.0731534842744973
zhen,14,Online-B vs Online-G,0.02,96.32333333333334,258.9740000000004,246.5247368421055,dedup,dedup,0.6280579002782782,True,0.048071478827584446,-0.03624429428201497,0.14162587491234047,mtme_MATESE-QE-src,0.1969264807987245,0.9351848265501388,0.04416464715891377,-0.037854723046378005,0.13119361483608788,0.053622129186233436,-0.015870523237842587,0.12083093343423804,0.042138043867345654,-0.043604918383747346,0.09311411440869496,0.06124518647834842,0.004868609255684154,0.172317789417151
zhen,14,Online-B vs Online-G,0.02,96.32333333333334,258.9740000000004,246.5247368421055,dedup,dedup,0.6280579002782782,True,0.048071478827584446,-0.03624429428201497,0.14162587491234047,mtme_MATESE-refA,0.17098909179985583,0.9674894649743352,0.04332605269343803,-0.10618862201334772,0.08152860708215047,0.062084086789624404,-0.023237681828426518,0.19889997143424462,0.05262351307154778,-0.0391724157993162,0.1266447008413155,0.031954616826137094,-0.02858917304497122,0.08766951145725646
zhen,14,Online-B vs Online-G,0.02,96.32333333333334,258.9740000000004,246.5247368421055,dedup,dedup,0.6280579002782782,True,0.048071478827584446,-0.03624429428201497,0.14162587491234047,mtme_MEE-refA,0.05215110456983861,0.8976609341086564,0.007685787910682418,-0.0022474082872606543,0.22054499627404622,0.02146669029334669,0.00011720191875860826,0.08792405674565336,0.03200502740950317,0.0003306808054517968,0.071777533042879,-0.008169538465273352,-0.0368111439015158,0.027155689470433668
zhen,14,Online-B vs Online-G,0.02,96.32333333333334,258.9740000000004,246.5247368421055,dedup,dedup,0.6280579002782782,True,0.048071478827584446,-0.03624429428201497,0.14162587491234047,mtme_MEE2-refA,0.09643020352523378,0.9352238472927537,-0.008101235905854764,-0.045623576469164796,0.15894018503440624,0.000197071484889344,-0.020331830135920662,0.12374672941168227,0.00019707148488945503,-0.020303191881338584,0.20474400029698095,0.01301519608438162,-0.020834153952849863,0.05047253231795187
zhen,14,Online-B vs Online-G,0.02,96.32333333333334,258.9740000000004,246.5247368421055,dedup,dedup,0.6280579002782782,True,0.048071478827584446,-0.03624429428201497,0.14162587491234047,mtme_MEE4-refA,0.12111540386250466,0.9593140488993936,0.007685787910682418,-0.030327412661741656,0.175111677815433,0.02146669029334669,-0.011688540155830367,0.12370325144503004,0.022451040463537075,-0.009521405062724371,0.20492409316748816,0.01301519608438162,-0.05138053420729364,0.09853073266424558
zhen,14,Online-B vs Online-G,0.02,96.32333333333334,258.9740000000004,246.5247368421055,dedup,dedup,0.6280579002782782,True,0.048071478827584446,-0.03624429428201497,0.14162587491234047,mtme_MS-COMET-22-refA,0.13822709566040026,0.98746083650136,-0.043424701695356616,-0.11193983150828488,-0.0038826602541173457,-0.00768578791068264,-0.03813162812997313,0.18280788381824345,-0.04099086885697378,-0.12705763627035385,-0.0006586280041351208,0.01301519608438173,-0.05459896568648892,0.06358483797150344
zhen,14,Online-B vs Online-G,0.02,96.32333333333334,258.9740000000004,246.5247368421055,dedup,dedup,0.6280579002782782,True,0.048071478827584446,-0.03624429428201497,0.14162587491234047,mtme_MS-COMET-QE-22-src,0.13039997906235062,0.9490970977882788,-0.0011645133198008306,-0.08859525776236725,0.05072066562345418,-0.00020772399758617333,-0.0580026642684739,0.04847005976354077,-0.02305736373204792,-0.10588879525904686,0.026864213061608792,-0.017584976042897438,-0.06377871409901699,0.024477730657318064
zhen,14,Online-B vs Online-G,0.02,96.32333333333334,258.9740000000004,246.5247368421055,dedup,dedup,0.6280579002782782,True,0.048071478827584446,-0.03624429428201497,0.14162587491234047,mtme_REUSE-src,-0.01578857224320706,-0.0713802384978524,-0.030743151642730338,-0.08031319722298219,0.005918157371609096,0.03065395854845765,1.2073675392798581e-15,0.0661091623901989,-0.014780361366697248,-0.04700755303367219,0.02991937405635688,0.0,0.0,0.0
zhen,14,Online-B vs Online-G,0.02,96.32333333333334,258.9740000000004,246.5247368421055,dedup,dedup,0.6280579002782782,True,0.048071478827584446,-0.03624429428201497,0.14162587491234047,mtme_SEScore-refA,0.16752735697775284,0.93964771879046,0.07296374656541282,-0.0035511807479349,0.20485056193770043,0.06674679812210516,-0.0030212071156861904,0.15995555629937144,0.062084086789624404,-0.01090556185294823,0.16289879959795084,-0.026327882364977073,-0.0802407859431023,0.1617703465709897
zhen,14,Online-B vs Online-G,0.02,96.32333333333334,258.9740000000004,246.5247368421055,dedup,dedup,0.6280579002782782,True,0.048071478827584446,-0.03624429428201497,0.14162587491234047,mtme_UniTE-ref-refA,0.23682691194608407,0.975743491343244,0.00768578791068264,-0.07046865805378524,0.05201919121182871,0.07958614816806697,0.0066627897130343595,0.16929428719878017,0.025660877975028695,-0.04216232143399926,0.07110847189721864,0.05192221247929074,-0.018297787512399702,0.14964413015080208
zhen,14,Online-B vs Online-G,0.02,96.32333333333334,258.9740000000004,246.5247368421055,dedup,dedup,0.6280579002782782,True,0.048071478827584446,-0.03624429428201497,0.14162587491234047,mtme_UniTE-refA,0.23195154825861175,0.9824419355235168,0.044598919292822004,-0.049332429403094076,0.08940825220277368,0.06556557791787698,-0.0048980613597402675,0.11202826550819421,0.05075110785651182,-0.027380044798228427,0.11181944371763246,0.04182232398031149,-0.03564299188135812,0.16015391007371246
zhen,14,Online-B vs Online-G,0.02,96.32333333333334,258.9740000000004,246.5247368421055,dedup,dedup,0.6280579002782782,True,0.048071478827584446,-0.03624429428201497,0.14162587491234047,mtme_UniTE-src-src,0.21756583619667136,0.9607040026515832,0.03587399732977048,-0.041114111792011944,0.09218414102050983,0.05198154556924861,-0.008369865831973713,0.23887151725606315,0.03065395854845765,-0.03473370419400732,0.1008328751471634,0.04875362000902295,-0.013906153166691065,0.12241105597101483
zhen,14,Online-B vs Online-G,0.02,96.32333333333334,258.9740000000004,246.5247368421055,dedup,dedup,0.6280579002782782,True,0.048071478827584446,-0.03624429428201497,0.14162587491234047,mtme_YiSi-1-refA,0.13801218496412834,0.9604473082422414,0.029445107462259035,-0.028895620043978935,0.0844658037310276,0.01984540766009235,-0.0335943328405039,0.07828224282592218,0.047059794718297465,-0.018971958204470923,0.10564314044695278,0.001999134118561119,-0.0547063864980313,0.08584342633982474
zhen,14,Online-B vs Online-G,0.02,96.32333333333334,258.9740000000004,246.5247368421055,dedup,dedup,0.6280579002782782,True,0.048071478827584446,-0.03624429428201497,0.14162587491234047,mtme_chrF-refA,0.09363060451533015,0.9157360845392822,0.007685787910682418,-0.024530566604872427,0.20778316497149135,0.00768578791068264,-0.01753557514485508,0.24780380302737495,0.00768578791068264,-0.020820340626694776,0.21128882770037194,-0.017584976042897438,-0.07014798497761496,0.028191341330478913
zhen,14,Online-B vs Online-G,0.02,96.32333333333334,258.9740000000004,246.5247368421055,dedup,dedup,0.6280579002782782,True,0.048071478827584446,-0.03624429428201497,0.14162587491234047,mtme_f101spBLEU-refA,0.06402508085184863,0.8645720481576694,0.00768578791068264,-0.027438700175590636,0.1193069325357638,0.03524759267601252,-0.002716970630242753,0.20493301077384055,0.01984540766009235,-0.012816469905087845,0.05999968949580357,0.01301519608438162,-0.017521294911982763,0.04960980172754965
zhen,14,Online-B vs Online-G,0.02,96.32333333333334,258.9740000000004,246.5247368421055,dedup,dedup,0.6280579002782782,True,0.048071478827584446,-0.03624429428201497,0.14162587491234047,mtme_f200spBLEU-refA,0.0675376541701304,0.8696321738056851,0.03524759267601252,-0.005746474460953354,0.17762162416635435,0.04902849505867768,0.0013670934484427439,0.2069117815589267,0.037216293016393065,-0.003975791504195119,0.21716688074046886,0.01301519608438162,-0.017521294911982763,0.04960980172754965
zhen,14,Online-B vs Online-G,0.02,96.32333333333334,258.9740000000004,246.5247368421055,dedup,dedup,0.6280579002782782,True,0.048071478827584446,-0.03624429428201497,0.14162587491234047,mtme_metricx_xl_DA_2019-refA,0.23551665701259955,0.9937925634685278,0.03869281827167914,-0.038578207140558,0.13774526091275108,0.042138043867345765,-0.04717164821783851,0.09722585747516552,0.03587399732977048,-0.04773721474648496,0.1228810078615557,-0.019913250009103045,-0.08889351718597747,0.07986139638100287
zhen,14,Online-B vs Online-G,0.02,96.32333333333334,258.9740000000004,246.5247368421055,dedup,dedup,0.6280579002782782,True,0.048071478827584446,-0.03624429428201497,0.14162587491234047,mtme_metricx_xl_MQM_2020-refA,0.26910692590580987,0.9880707146931909,0.06333943214836957,-0.028582440438141694,0.14176230499262493,0.08348075101534225,-0.010000765204729985,0.19961352622872403,0.04902849505867879,-0.04761270223031837,0.12266893856463365,0.00757247772182279,-0.05978527663627793,0.12123546239620775
zhen,14,Online-B vs Online-G,0.02,96.32333333333334,258.9740000000004,246.5247368421055,dedup,dedup,0.6280579002782782,True,0.048071478827584446,-0.03624429428201497,0.14162587491234047,mtme_metricx_xxl_DA_2019-refA,0.24101945915935677,0.9945880252964706,0.0294451074622587,-0.05241401946130541,0.1253566358884686,0.04902849505867812,-0.037770630521425576,0.1295910577265576,0.027372791314489664,-0.055036260853617326,0.09154833360045979,0.004462352943216952,-0.06394170490713422,0.12527872619334848
zhen,14,Online-B vs Online-G,0.02,96.32333333333334,258.9740000000004,246.5247368421055,dedup,dedup,0.6280579002782782,True,0.048071478827584446,-0.03624429428201497,0.14162587491234047,mtme_metricx_xxl_MQM_2020-refA,0.2677150822980452,0.9848440687329651,0.04075995362907958,-0.06087433582308203,0.11168480868967566,0.09037120220667472,-5.770879076650736e-05,0.23012271133190065,0.04075995362907958,-0.06480157163259435,0.08462366463395987,0.03275832148122804,-0.02686860864887406,0.1313509757706633
zhen,14,Online-B vs Online-G,0.02,96.32333333333334,258.9740000000004,246.5247368421055,dedup,dedup,0.6280579002782782,True,0.048071478827584446,-0.03624429428201497,0.14162587491234047,comet22,0.1766720950856993,,0.007685787910682418,-0.04732643457318773,0.14970974026831516,0.03524759267601252,-0.011015468628921308,0.20484383471031667,0.007685787910682418,-0.05728758387373716,0.08250635624972946,0.003702100219557747,-0.04849022409453419,0.06221856951714972
zhen,14,Online-B vs Online-G,0.02,96.32333333333334,258.9740000000004,246.5247368421055,dedup,dedup,0.6280579002782782,True,0.048071478827584446,-0.03624429428201497,0.14162587491234047,qwen3_8b,0.1532563337856136,,0.02299790166919946,-0.07785397322784843,0.06539259257545345,-0.011784874796380018,-0.08442103869320719,0.04081945359705982,-0.012690487015313057,-0.10022432243864092,0.025959310883088355,0.045885497514383755,0.0009373230602056975,0.10017170308476998
zhen,14,Online-B vs Online-G,0.02,96.32333333333334,258.9740000000004,246.5247368421055,dedup,dedup,0.6280579002782782,True,0.048071478827584446,-0.03624429428201497,0.14162587491234047,mistral_7b,0.08400827769442462,,-0.04473522706987065,-0.16369291056839155,0.0023643210211736626,0.026477927523407607,-0.04211698614689713,0.056253421709587796,-0.02305736373204792,-0.10833221259600125,0.009639899089773812,0.001999134118561119,-0.049297876088518024,0.05751157777733994
zhen,15,Online-B vs HuaweiTSC,0.01,97.41666666666667,311.6577777777782,281.986666666667,weighted,weighted,0.6874242402635373,True,0.09520414129458254,0.0030126117525954266,0.21758375402709434,mtme_BERTScore-refA,0.18918568302850253,0.9400920205176692,-0.04762228914385758,-0.18117124957321404,-0.010339528623025469,0.007846854461203923,-0.04139018441723892,0.05099743524068522,0.0,-0.058336399449688874,0.07909562189260964,0.015065960565511016,-0.08774733845058172,0.11662454191085911
zhen,15,Online-B vs HuaweiTSC,0.01,97.41666666666667,311.6577777777782,281.986666666667,weighted,weighted,0.6874242402635373,True,0.09520414129458254,0.0030126117525954266,0.21758375402709434,mtme_BLEU-refA,0.10989490928462067,0.8293746844592913,-0.019315334058348288,-0.14328532936154903,0.020895116388764002,0.008967833669947023,-0.04455690907254282,0.059587270116847786,-2.220446049250313e-16,-0.05208274311694788,0.04108967402866069,-0.013949963486584727,-0.09436567076180938,0.020920479688738766
zhen,15,Online-B vs HuaweiTSC,0.01,97.41666666666667,311.6577777777782,281.986666666667,weighted,weighted,0.6874242402635373,True,0.09520414129458254,0.0030126117525954266,0.21758375402709434,mtme_BLEURT-20-refA,0.2451495957877715,0.9802219595565596,-0.04663273508372545,-0.13362521864811847,-0.001435693414992667,-0.017935667339894268,-0.07627257844154328,0.02596402678605581,-0.0237526405312114,-0.10377541965362276,0.025840493001159915,-0.0046499878288615015,-0.11277465094676607,0.06792839932016882
zhen,15,Online-B vs HuaweiTSC,0.01,97.41666666666667,311.6577777777782,281.986666666667,weighted,weighted,0.6874242402635373,True,0.09520414129458254,0.0030126117525954266,0.21758375402709434,mtme_COMET-20-refA,0.22610553675193693,0.9752672183823412,-0.011413606489023564,-0.07924796586794901,0.053378231981492344,-0.022155824361046017,-0.08959310038108856,0.026154113832513443,-0.03644990459397923,-0.13746608500368052,0.012290583798053305,0.019315334058347622,-0.07635135175401189,0.10916939337149645
zhen,15,Online-B vs HuaweiTSC,0.01,97.41666666666667,311.6577777777782,281.986666666667,weighted,weighted,0.6874242402635373,True,0.09520414129458254,0.0030126117525954266,0.21758375402709434,mtme_COMET-22-refA,0.3049994315296717,0.9866351677254928,0.023249939144307508,-0.05750527599118231,0.13414603274293138,0.07323730830456865,0.004997888724650235,0.18843989491279434,0.038630668116695466,-0.03445543121215345,0.13974572541782126,0.13517560865139833,0.008864887033273351,0.23233392440666786
zhen,15,Online-B vs HuaweiTSC,0.01,97.41666666666667,311.6577777777782,281.986666666667,weighted,weighted,0.6874242402635373,True,0.09520414129458254,0.0030126117525954266,0.21758375402709434,mtme_COMET-QE-src,0.23035210564441916,0.922900899652606,-2.220446049250313e-16,-0.09058143494360316,0.05505804543169406,0.041849890459753514,-0.01654250174188086,0.14559849309712067,0.026903501009841624,-0.04236470686191739,0.12290998121344525,0.04912813227884094,-0.034388418296100856,0.1630661024243828
zhen,15,Online-B vs HuaweiTSC,0.01,97.41666666666667,311.6577777777782,281.986666666667,weighted,weighted,0.6874242402635373,True,0.09520414129458254,0.0030126117525954266,0.21758375402709434,mtme_COMETKiwi-src,0.27711893413936617,0.959377087982424,0.005021986855170302,-0.08093728430154455,0.07147010030271055,0.028973001087521655,-0.024961095451788262,0.13538549690901558,0.013949963486584394,-0.07671405383922031,0.09259459002403556,0.0482883351458695,-0.01714869609878368,0.18519398659742534
zhen,15,Online-B vs HuaweiTSC,0.01,97.41666666666667,311.6577777777782,281.986666666667,weighted,weighted,0.6874242402635373,True,0.09520414129458254,0.0030126117525954266,0.21758375402709434,mtme_Cross-QE-src,0.2713122241810435,0.966162403744368,-0.009657667029174144,-0.09366552986477535,0.06122722549157076,0.04912813227884094,-0.01757033440428779,0.17516714455629925,0.011413606489023231,-0.06859054559822916,0.13114932015737354,0.07268665185115031,-0.021521723147356328,0.19340992233300372
zhen,15,Online-B vs HuaweiTSC,0.01,97.41666666666667,311.6577777777782,281.986666666667,weighted,weighted,0.6874242402635373,True,0.09520414129458254,0.0030126117525954266,0.21758375402709434,mtme_HWTSC-TLM-src,0.05516858953423382,0.498241633134339,-0.01793566733989449,-0.0840517781011047,0.022038710532647915,-0.00784685446120359,-0.04938738439959874,0.02001720678200069,-0.008369978091950614,-0.04172741729680369,0.023791595215576885,0.0,-0.025124978882930776,0.02113455173702232
zhen,15,Online-B vs HuaweiTSC,0.01,97.41666666666667,311.6577777777782,281.986666666667,weighted,weighted,0.6874242402635373,True,0.09520414129458254,0.0030126117525954266,0.21758375402709434,mtme_HWTSC-Teacher-Sim-src,0.08902385400563514,0.3949247735620734,0.0,-0.07437165547120932,0.047176886616992875,0.008369978091950725,-0.021630164812026016,0.04897775287526798,0.012987897039233864,-0.043024021240910794,0.07117492968324898,0.01673995618390156,-0.008062849237245158,0.07326804015335184
zhen,15,Online-B vs HuaweiTSC,0.01,97.41666666666667,311.6577777777782,281.986666666667,weighted,weighted,0.6874242402635373,True,0.09520414129458254,0.0030126117525954266,0.21758375402709434,mtme_KG-BERTScore-src,0.07422771803029055,0.679795467170797,-2.220446049250313e-16,-0.07581307550667235,0.04813027512080365,0.008369978091950725,-0.01900341701274085,0.041514830920612214,-0.005021986855170635,-0.11821586359788766,0.04148851450734638,0.0,-0.03201321356873517,0.03237119935531447
zhen,15,Online-B vs HuaweiTSC,0.01,97.41666666666667,311.6577777777782,281.986666666667,weighted,weighted,0.6874242402635373,True,0.09520414129458254,0.0030126117525954266,0.21758375402709434,mtme_MATESE-QE-src,0.21677623170548366,0.9351848265501388,-0.005458681364316265,-0.13126907656972908,0.06830964150188726,0.017935667339893824,-0.10357730760631924,0.13538513875343203,0.005458681364315154,-0.12510304657942345,0.08749570994557702,0.019823632323040408,-0.111828703892533,0.13683411669096138
zhen,15,Online-B vs HuaweiTSC,0.01,97.41666666666667,311.6577777777782,281.986666666667,weighted,weighted,0.6874242402635373,True,0.09520414129458254,0.0030126117525954266,0.21758375402709434,mtme_MATESE-refA,0.23294997185777375,0.9674894649743352,-0.029892778899824668,-0.19102560922617418,0.05644394707172321,0.013949963486584394,-0.04279190390802247,0.11881471671222914,-0.012987897039233864,-0.08931403077491153,0.045213774660567016,0.01793566733989438,-0.0392377027877087,0.1261294460387978
zhen,15,Online-B vs HuaweiTSC,0.01,97.41666666666667,311.6577777777782,281.986666666667,weighted,weighted,0.6874242402635373,True,0.09520414129458254,0.0030126117525954266,0.21758375402709434,mtme_MEE-refA,0.10012984635996813,0.8976609341086564,-0.010462472614938934,-0.1567860469844463,0.04436548072027141,0.009657667029173811,-0.04229329796687058,0.06317795728932853,-2.220446049250313e-16,-0.09266559616238886,0.04024782152568447,-0.016376044092947684,-0.16910186869182423,0.03492702266566146
zhen,15,Online-B vs HuaweiTSC,0.01,97.41666666666667,311.6577777777782,281.986666666667,weighted,weighted,0.6874242402635373,True,0.09520414129458254,0.0030126117525954266,0.21758375402709434,mtme_MEE2-refA,0.13695547486860926,0.9352238472927537,0.005458681364315376,-0.1234069946104596,0.0759829569323867,-4.440892098500626e-16,-0.13122588912548322,0.04860562216915711,0.005021986855170302,-0.11882894181514729,0.055422377046967286,-0.017935667339894934,-0.1695792739110785,0.04990551486463313
zhen,15,Online-B vs HuaweiTSC,0.01,97.41666666666667,311.6577777777782,281.986666666667,weighted,weighted,0.6874242402635373,True,0.09520414129458254,0.0030126117525954266,0.21758375402709434,mtme_MEE4-refA,0.15634903784843068,0.9593140488993936,-0.016376044092947684,-0.15771502585798602,0.05992111360493829,-0.020924945229877423,-0.144933925104391,0.045118799988237535,0.005458681364315376,-0.08953937737365984,0.07644661296305029,-0.020924945229877423,-0.1567446549012552,0.018007725400272744
zhen,15,Online-B vs HuaweiTSC,0.01,97.41666666666667,311.6577777777782,281.986666666667,weighted,weighted,0.6874242402635373,True,0.09520414129458254,0.0030126117525954266,0.21758375402709434,mtme_MS-COMET-22-refA,0.19559690330503848,0.98746083650136,-0.025109934275852286,-0.1269650958002651,0.019133577884714894,-0.011413606489023564,-0.07293586453733672,0.02446008332822818,-0.019022677481706163,-0.10813565841918987,0.01466131313223287,-0.00784685446120359,-0.06182547813349194,0.03170333598630906
zhen,15,Online-B vs HuaweiTSC,0.01,97.41666666666667,311.6577777777782,281.986666666667,weighted,weighted,0.6874242402635373,True,0.09520414129458254,0.0030126117525954266,0.21758375402709434,mtme_MS-COMET-QE-22-src,0.2278359325199173,0.9490970977882788,-0.028973001087521988,-0.12895884124667836,0.020572320751749702,0.020249946996655166,-0.01736933399213614,0.10391818466602207,0.02215582436104635,-0.020952904199922993,0.100224815248118,0.004049989399330989,-0.041235810180207826,0.0622010273376212
zhen,15,Online-B vs HuaweiTSC,0.01,97.41666666666667,311.6577777777782,281.986666666667,weighted,weighted,0.6874242402635373,True,0.09520414129458254,0.0030126117525954266,0.21758375402709434,mtme_REUSE-src,-0.026447496001844338,-0.0713802384978524,-0.012987897039233864,-0.08921737187050062,0.016624401005954293,0.01793566733989438,0.0,0.057191405963765915,-0.012149968197992855,-0.05575339589584434,0.011277930907432907,0.0,0.0,0.0
zhen,15,Online-B vs HuaweiTSC,0.01,97.41666666666667,311.6577777777782,281.986666666667,weighted,weighted,0.6874242402635373,True,0.09520414129458254,0.0030126117525954266,0.21758375402709434,mtme_SEScore-refA,0.1962299918391835,0.93964771879046,-0.02729340682157888,-0.17933098958521584,0.036586102748922614,-0.008967833669947245,-0.07766798288126213,0.045416426342834014,-2.220446049250313e-16,-0.06899197372805295,0.049835672672106174,0.00597855577996409,-0.10908808009770524,0.1269247109363386
zhen,15,Online-B vs HuaweiTSC,0.01,97.41666666666667,311.6577777777782,281.986666666667,weighted,weighted,0.6874242402635373,True,0.09520414129458254,0.0030126117525954266,0.21758375402709434,mtme_UniTE-ref-refA,0.30365746884943545,0.975743491343244,0.026903501009841624,-0.03050879343579969,0.15698226043143584,0.045197881696533715,-0.025764998595287383,0.16568683557433403,0.04184989045975329,-0.048365592071202765,0.16127290106062017,0.09130885191218918,0.015039796687789889,0.21562005329366765
zhen,15,Online-B vs HuaweiTSC,0.01,97.41666666666667,311.6577777777782,281.986666666667,weighted,weighted,0.6874242402635373,True,0.09520414129458254,0.0030126117525954266,0.21758375402709434,mtme_UniTE-refA,0.30109715152568967,0.9824419355235168,0.041849890459753625,-0.0006722672014050129,0.16831334413148488,0.06044984177519941,0.0030351635091257134,0.19603581933160977,0.05628088717001356,-0.0012419319988203814,0.15928918042273654,0.08691900326256485,0.016402324383251295,0.2016801403916014
zhen,15,Online-B vs HuaweiTSC,0.01,97.41666666666667,311.6577777777782,281.986666666667,weighted,weighted,0.6874242402635373,True,0.09520414129458254,0.0030126117525954266,0.21758375402709434,mtme_UniTE-src-src,0.2996533083773143,0.9607040026515832,0.015065960565511016,-0.09196199841924153,0.13395319607429307,0.028349925795317032,-0.028754116538595935,0.132931460678332,0.03030509309154572,-0.033587974132962016,0.15459911093465528,0.06004549500747225,-0.02899955910585441,0.19690342072742698
zhen,15,Online-B vs HuaweiTSC,0.01,97.41666666666667,311.6577777777782,281.986666666667,weighted,weighted,0.6874242402635373,True,0.09520414129458254,0.0030126117525954266,0.21758375402709434,mtme_YiSi-1-refA,0.1786501915860062,0.9604473082422414,-0.03644990459397923,-0.16587206483647185,0.01099162958630974,0.011413606489023898,-0.045001800129076994,0.07605516438639456,-0.004329299013078103,-0.08560850855337121,0.042538863638322384,0.0046499878288613905,-0.1081633361450474,0.07460040504322037
zhen,15,Online-B vs HuaweiTSC,0.01,97.41666666666667,311.6577777777782,281.986666666667,weighted,weighted,0.6874242402635373,True,0.09520414129458254,0.0030126117525954266,0.21758375402709434,mtme_chrF-refA,0.11315900646184471,0.9157360845392822,-0.01673995618390145,-0.09394884550405008,0.01874691545651207,-2.220446049250313e-16,-0.09612717222080526,0.04793336199208199,-0.0046499878288615015,-0.09947033717202543,0.03224952334331539,-0.0046499878288615015,-0.09309471962225893,0.03195249222795022
zhen,15,Online-B vs HuaweiTSC,0.01,97.41666666666667,311.6577777777782,281.986666666667,weighted,weighted,0.6874242402635373,True,0.09520414129458254,0.0030126117525954266,0.21758375402709434,mtme_f101spBLEU-refA,0.1216713396636159,0.8645720481576694,-0.008369978091950614,-0.08100725073624733,0.03210598949558883,0.0,-0.05034417873790618,0.04283251164723134,-0.008967833669947245,-0.08411547824749502,0.02692175401830286,-0.004329299013077881,-0.06730270085958055,0.0301479254638592
zhen,15,Online-B vs HuaweiTSC,0.01,97.41666666666667,311.6577777777782,281.986666666667,weighted,weighted,0.6874242402635373,True,0.09520414129458254,0.0030126117525954266,0.21758375402709434,mtme_f200spBLEU-refA,0.113430199919102,0.8696321738056851,-0.020249946996654833,-0.11133436774314698,0.024763306546553312,0.008369978091950725,-0.05492238024017564,0.06077239708586769,-0.0046499878288615015,-0.08411547824749502,0.04224848293727788,-0.008369978091950614,-0.07229378110212663,0.019490832267138446
zhen,15,Online-B vs HuaweiTSC,0.01,97.41666666666667,311.6577777777782,281.986666666667,weighted,weighted,0.6874242402635373,True,0.09520414129458254,0.0030126117525954266,0.21758375402709434,mtme_metricx_xl_DA_2019-refA,0.2723649785753264,0.9937925634685278,-0.003804535496341188,-0.0842521785563535,0.07424983991704029,0.007846854461203923,-0.05038505949411052,0.08650228425058165,-2.220446049250313e-16,-0.12227420375280817,0.07687888234088953,0.008369978091950725,-0.06682358113744385,0.06898409235678933
zhen,15,Online-B vs HuaweiTSC,0.01,97.41666666666667,311.6577777777782,281.986666666667,weighted,weighted,0.6874242402635373,True,0.09520414129458254,0.0030126117525954266,0.21758375402709434,mtme_metricx_xl_MQM_2020-refA,0.3497615818191543,0.9880707146931909,0.026903501009841624,-0.0474949108067325,0.15209742654377678,0.05231236307469189,-0.018910485889214134,0.17524353635110118,0.04565442595609437,-0.05799185003456867,0.18360546545231796,0.04184989045975285,-0.09233850162355008,0.17999412789328922
zhen,15,Online-B vs HuaweiTSC,0.01,97.41666666666667,311.6577777777782,281.986666666667,weighted,weighted,0.6874242402635373,True,0.09520414129458254,0.0030126117525954266,0.21758375402709434,mtme_metricx_xxl_DA_2019-refA,0.266887664510969,0.9945880252964706,-0.011413606489023564,-0.08719586282877174,0.055853366041959285,0.012987897039233864,-0.06252823450649272,0.11428432252379302,-0.00784685446120359,-0.09243037427029163,0.048155993986865285,0.03644990459397923,-0.007106085307193475,0.16104781202988028
zhen,15,Online-B vs HuaweiTSC,0.01,97.41666666666667,311.6577777777782,281.986666666667,weighted,weighted,0.6874242402635373,True,0.09520414129458254,0.0030126117525954266,0.21758375402709434,mtme_metricx_xxl_MQM_2020-refA,0.3155661962280395,0.9848440687329651,0.016376044092946795,-0.10969650441523658,0.15471926714548803,0.023249939144307286,-0.06356339689379457,0.14436077206501724,0.00432929901307777,-0.09741737592605106,0.1027182678347652,0.04828833514586939,-0.040301579191663946,0.1798346436479678
zhen,15,Online-B vs HuaweiTSC,0.01,97.41666666666667,311.6577777777782,281.986666666667,weighted,weighted,0.6874242402635373,True,0.09520414129458254,0.0030126117525954266,0.21758375402709434,comet22,0.2324612111846967,,-0.031387417844815246,-0.10452175185003557,0.02563458986308831,-0.008369978091950614,-0.0952120072859863,0.046619206713420715,-0.020249946996654833,-0.12378310167582525,0.02798362472388819,0.004049989399330989,-0.06646630692152589,0.056909120428608184
zhen,15,Online-B vs HuaweiTSC,0.01,97.41666666666667,311.6577777777782,281.986666666667,weighted,weighted,0.6874242402635373,True,0.09520414129458254,0.0030126117525954266,0.21758375402709434,qwen3_8b,0.20986363674527167,,-0.015065960565511682,-0.13199727521054033,0.04454906913627931,0.028973001087521655,-0.026441809466558334,0.13629913610160108,-2.220446049250313e-16,-0.08691449155671521,0.0660223669237579,0.04912813227884094,-0.0217515845933239,0.1935344087560441
zhen,15,Online-B vs HuaweiTSC,0.01,97.41666666666667,311.6577777777782,281.986666666667,weighted,weighted,0.6874242402635373,True,0.09520414129458254,0.0030126117525954266,0.21758375402709434,mistral_7b,0.12067190943786466,,-0.03347991236780312,-0.13784544158263043,0.011344532049942247,-0.021646495065389848,-0.097661226251601,0.021614015408048318,-0.03347991236780312,-0.115127826153879,0.008779936707143521,-0.013949963486584727,-0.11691476080870485,0.026084800091030216
zhen,15,Online-B vs HuaweiTSC,0.02,97.41666666666667,186.13720000000018,180.73200000000026,dedup,dedup,0.476640528241176,True,0.02903879503935758,-0.021188724681698533,0.13698146897369323,mtme_BERTScore-refA,0.18918568302850253,0.9400920205176692,-0.00992918652552044,-0.09737007559333409,0.07386365996352268,0.014096993215246156,-0.04019684016756732,0.10620427400492216,0.0028193986430495865,-0.07634096036842196,0.07680467843429611,0.0023403655892574315,-0.04284689862616646,0.05678405348538095
zhen,15,Online-B vs HuaweiTSC,0.02,97.41666666666667,186.13720000000018,180.73200000000026,dedup,dedup,0.476640528241176,True,0.02903879503935758,-0.021188724681698533,0.13698146897369323,mtme_BLEU-refA,0.10989490928462067,0.8293746844592913,-0.015224752672464703,-0.10327287047737124,0.02707986349168374,-0.0009397995476825294,-0.07175629620509573,0.0493706427196461,-0.011958139072242524,-0.102591600620267,0.04545812721463404,-0.006510471548298868,-0.04476834543580467,0.018397456100787336
zhen,15,Online-B vs HuaweiTSC,0.02,97.41666666666667,186.13720000000018,180.73200000000026,dedup,dedup,0.476640528241176,True,0.02903879503935758,-0.021188724681698533,0.13698146897369323,mtme_BLEURT-20-refA,0.2451495957877715,0.9802219595565596,-0.014609611150345314,-0.13434937827105622,0.06334316294707733,0.01614746495564512,-0.03447099225702783,0.10097152934713396,0.0014096993215249043,-0.057734248514918006,0.08961025673184929,0.010313749045073428,-0.02990901437293512,0.061893473905657415
zhen,15,Online-B vs HuaweiTSC,0.02,97.41666666666667,186.13720000000018,180.73200000000026,dedup,dedup,0.476640528241176,True,0.02903879503935758,-0.021188724681698533,0.13698146897369323,mtme_COMET-20-refA,0.22610553675193693,0.9752672183823412,-0.033832783716589265,-0.2048476858436477,0.02452406622424393,-0.004554413192617401,-0.07339555330610488,0.0670396778981044,-0.03552442290241875,-0.12950363953815053,0.03129543607664589,-0.005265822575830192,-0.05484440721529602,0.0366357355867606
zhen,15,Online-B vs HuaweiTSC,0.02,97.41666666666667,186.13720000000018,180.73200000000026,dedup,dedup,0.476640528241176,True,0.02903879503935758,-0.021188724681698533,0.13698146897369323,mtme_COMET-22-refA,0.3049994315296717,0.9866351677254928,-0.015224752672464925,-0.13280687045474118,0.05932450936427889,0.061321920486317794,-0.019448726586063374,0.18837927246957875,0.012485908276360425,-0.07179306577552454,0.11983891433718426,0.04547192671363687,0.013148627207152645,0.10371605077284762
zhen,15,Online-B vs HuaweiTSC,0.02,97.41666666666667,186.13720000000018,180.73200000000026,dedup,dedup,0.476640528241176,True,0.02903879503935758,-0.021188724681698533,0.13698146897369323,mtme_COMET-QE-src,0.23035210564441916,0.922900899652606,-0.04627130714180594,-0.16904527489825624,0.023902745014511232,0.02054133297078664,-0.048344582601002,0.10923908326614191,-0.016916391858294633,-0.11952743678244268,0.04575090093495429,0.026680167717537784,-0.013707708796158019,0.09979560887453648
zhen,15,Online-B vs HuaweiTSC,0.02,97.41666666666667,186.13720000000018,180.73200000000026,dedup,dedup,0.476640528241176,True,0.02903879503935758,-0.021188724681698533,0.13698146897369323,mtme_COMETKiwi-src,0.27711893413936617,0.959377087982424,-0.04390206458462198,-0.20504703065112775,0.027534121345209345,0.028874530930537934,-0.03262375968350491,0.12618753937687985,-0.006124900500416697,-0.09589149601346694,0.07773840413932516,0.033318295570705314,0.0032925003146750515,0.09740046285914987
zhen,15,Online-B vs HuaweiTSC,0.02,97.41666666666667,186.13720000000018,180.73200000000026,dedup,dedup,0.476640528241176,True,0.02903879503935758,-0.021188724681698533,0.13698146897369323,mtme_Cross-QE-src,0.2713122241810435,0.966162403744368,-0.046271307141806606,-0.21354827271605056,0.022575325858148244,0.01903094084058099,-0.0677122584733766,0.1403330788290689,-0.0385317814550048,-0.17778284061550745,0.03475090647950586,0.024072331775222167,-0.01868953916165703,0.09104151207967787
zhen,15,Online-B vs HuaweiTSC,0.02,97.41666666666667,186.13720000000018,180.73200000000026,dedup,dedup,0.476640528241176,True,0.02903879503935758,-0.021188724681698533,0.13698146897369323,mtme_HWTSC-TLM-src,0.05516858953423382,0.498241633134339,-0.0562221258819795,-0.20621330220927425,-0.004698361387199367,-0.03160694268260311,-0.10433577521523066,-0.00043098527156235105,-0.02779121519576977,-0.10328619529830546,0.001765324553047828,0.008425316121327797,-0.003622971200106072,0.029613380991063937
zhen,15,Online-B vs HuaweiTSC,0.02,97.41666666666667,186.13720000000018,180.73200000000026,dedup,dedup,0.476640528241176,True,0.02903879503935758,-0.021188724681698533,0.13698146897369323,mtme_HWTSC-Teacher-Sim-src,0.08902385400563514,0.3949247735620734,-0.0479297769318352,-0.21827707918919084,-0.003290718917327735,0.0014096993215249043,-0.030892056690066283,0.048723722299160374,-0.009929186525520661,-0.07568037040329503,0.033156198701614285,0.009866488615765445,-0.008958219802759237,0.03496447495755286
zhen,15,Online-B vs HuaweiTSC,0.02,97.41666666666667,186.13720000000018,180.73200000000026,dedup,dedup,0.476640528241176,True,0.02903879503935758,-0.021188724681698533,0.13698146897369323,mtme_KG-BERTScore-src,0.07422771803029055,0.679795467170797,-0.0562221258819795,-0.20664093222739796,-0.006604589363697026,-0.005638797286097841,-0.09520476117263552,0.04310770730789277,-0.01728413950738772,-0.11106402357729635,0.025181896252258598,-0.0031040638341734983,-0.024093696013313876,0.021511474197245785
zhen,15,Online-B vs HuaweiTSC,0.02,97.41666666666667,186.13720000000018,180.73200000000026,dedup,dedup,0.476640528241176,True,0.02903879503935758,-0.021188724681698533,0.13698146897369323,mtme_MATESE-QE-src,0.21677623170548366,0.9351848265501388,-0.03552442290241853,-0.14297110259186674,0.0336901220898952,0.001951891368265124,-0.07601932482041143,0.06849256911390689,-0.015708078154130334,-0.13311277466148583,0.06394337351819988,0.014684122382885523,-0.013199141504005446,0.05374010768198843
zhen,15,Online-B vs HuaweiTSC,0.02,97.41666666666667,186.13720000000018,180.73200000000026,dedup,dedup,0.476640528241176,True,0.02903879503935758,-0.021188724681698533,0.13698146897369323,mtme_MATESE-refA,0.23294997185777375,0.9674894649743352,-0.033832783716589265,-0.16999503123471438,0.03365378190375947,0.016916391858294966,-0.04504841408340196,0.11262947838673891,-0.036320488401633044,-0.1338868363828315,0.040237715712534816,0.021063290303319437,7.192711211860703e-05,0.06533859201269032
zhen,15,Online-B vs HuaweiTSC,0.02,97.41666666666667,186.13720000000018,180.73200000000026,dedup,dedup,0.476640528241176,True,0.02903879503935758,-0.021188724681698533,0.13698146897369323,mtme_MEE-refA,0.10012984635996813,0.8976609341086564,0.0053255307702043675,-0.0541571908581363,0.07583575413090314,0.01949062540194857,-0.028748308392257435,0.10374588093919108,0.0007689269026500689,-0.05727110493508187,0.06776149456247348,0.0006018082943805014,-0.02974396226733714,0.025911417754322322
zhen,15,Online-B vs HuaweiTSC,0.02,97.41666666666667,186.13720000000018,180.73200000000026,dedup,dedup,0.476640528241176,True,0.02903879503935758,-0.021188724681698533,0.13698146897369323,mtme_MEE2-refA,0.13695547486860926,0.9352238472927537,0.018608031044124562,-0.037992715813489744,0.09893261345866627,0.034483414172678084,-0.023418711127395242,0.12747319522043554,0.020541332970786863,-0.04006050290583793,0.09751903785536048,-0.0028497392763315865,-0.03003808509003166,0.026622410113812865
zhen,15,Online-B vs HuaweiTSC,0.02,97.41666666666667,186.13720000000018,180.73200000000026,dedup,dedup,0.476640528241176,True,0.02903879503935758,-0.021188724681698533,0.13698146897369323,mtme_MEE4-refA,0.15634903784843068,0.9593140488993936,0.018608031044124562,-0.029570417157475756,0.10462395947199025,0.032141144530760335,-0.0193057078423177,0.1263995452688895,0.01785619140597816,-0.04447079256178433,0.1062463757350956,-0.005265822575830192,-0.05069646103910048,0.02891671002409123
zhen,15,Online-B vs HuaweiTSC,0.02,97.41666666666667,186.13720000000018,180.73200000000026,dedup,dedup,0.476640528241176,True,0.02903879503935758,-0.021188724681698533,0.13698146897369323,mtme_MS-COMET-22-refA,0.19559690330503848,0.98746083650136,-0.008458195929147205,-0.1034608685686827,0.06385445074707076,0.00443048358193443,-0.06546710023863624,0.0808499084439455,-0.019735790501343775,-0.1101568263338053,0.05092119312449074,0.003446720231452094,-0.031334173744732914,0.03691252645280699
zhen,15,Online-B vs HuaweiTSC,0.02,97.41666666666667,186.13720000000018,180.73200000000026,dedup,dedup,0.476640528241176,True,0.02903879503935758,-0.021188724681698533,0.13698146897369323,mtme_MS-COMET-QE-22-src,0.2278359325199173,0.9490970977882788,-0.04051030681854795,-0.1509195271323408,0.03263289450057895,0.03383278371658949,-0.030589668286981644,0.14551718880271342,-0.013800214410713885,-0.09420236051532258,0.05979797381762522,0.018204700905011806,-0.02287752121651781,0.0737268046830073
zhen,15,Online-B vs HuaweiTSC,0.02,97.41666666666667,186.13720000000018,180.73200000000026,dedup,dedup,0.476640528241176,True,0.02903879503935758,-0.021188724681698533,0.13698146897369323,mtme_REUSE-src,-0.026447496001844338,-0.0713802384978524,-0.033832783716589265,-0.14309647202269052,-0.0005135479239691235,0.0040065138611751205,-0.02582451332610403,0.04686948650131041,-0.01168036580691778,-0.07485225940192408,0.01940337713550726,0.0,0.0,0.0
zhen,15,Online-B vs HuaweiTSC,0.02,97.41666666666667,186.13720000000018,180.73200000000026,dedup,dedup,0.476640528241176,True,0.02903879503935758,-0.021188724681698533,0.13698146897369323,mtme_SEScore-refA,0.1962299918391835,0.93964771879046,-0.01779137764406813,-0.09555381601597543,0.057189506279569334,0.00845819592914776,-0.04451018291029095,0.10815773385096007,0.0047807194382140095,-0.051591051922922966,0.0820853382015374,-0.0021063290303324766,-0.054237696210677526,0.04367813631604627
zhen,15,Online-B vs HuaweiTSC,0.02,97.41666666666667,186.13720000000018,180.73200000000026,dedup,dedup,0.476640528241176,True,0.02903879503935758,-0.021188724681698533,0.13698146897369323,mtme_UniTE-ref-refA,0.30365746884943545,0.975743491343244,0.00845819592914776,-0.07429625213974139,0.0965964586525034,0.03665218235963896,-0.024145962690321376,0.15126336721029174,0.02147080505091281,-0.04023503325601916,0.12347439874617736,0.03845749132799625,0.006373898055471586,0.0975145518494668
zhen,15,Online-B vs HuaweiTSC,0.02,97.41666666666667,186.13720000000018,180.73200000000026,dedup,dedup,0.476640528241176,True,0.02903879503935758,-0.021188724681698533,0.13698146897369323,mtme_UniTE-refA,0.30109715152568967,0.9824419355235168,0.00845819592914776,-0.08339758201415398,0.09555393214118929,0.060818456442916946,-0.001909074000523739,0.17149832699105672,0.02383673398214281,-0.037780197341247615,0.12965202669349518,0.038296891460580906,0.004809149656928346,0.09474744263637867
zhen,15,Online-B vs HuaweiTSC,0.02,97.41666666666667,186.13720000000018,180.73200000000026,dedup,dedup,0.476640528241176,True,0.02903879503935758,-0.021188724681698533,0.13698146897369323,mtme_UniTE-src-src,0.2996533083773143,0.9607040026515832,0.00845819592914765,-0.07646986571413926,0.07645568662878686,0.03921527203513797,-0.01854684820191621,0.13446600552280485,0.01614746495564512,-0.05783757855914099,0.08364648629507092,0.03315769570328997,-0.011012177614928557,0.09314303468217067
zhen,15,Online-B vs HuaweiTSC,0.02,97.41666666666667,186.13720000000018,180.73200000000026,dedup,dedup,0.476640528241176,True,0.02903879503935758,-0.021188724681698533,0.13698146897369323,mtme_YiSi-1-refA,0.1786501915860062,0.9604473082422414,-0.03383278371658904,-0.1550265657066742,0.031086700409215122,0.0028193986430495865,-0.060338037061437366,0.08568024094717393,-0.009666509633310838,-0.08873417436382759,0.0629197755645437,0.013403912011203278,-0.009876004767541613,0.05066803622597668
zhen,15,Online-B vs HuaweiTSC,0.02,97.41666666666667,186.13720000000018,180.73200000000026,dedup,dedup,0.476640528241176,True,0.02903879503935758,-0.021188724681698533,0.13698146897369323,mtme_chrF-refA,0.11315900646184471,0.9157360845392822,-0.009666509633310838,-0.10743994565271463,0.044556950776793884,-0.006124900500416475,-0.1150436985184881,0.046908724853920336,-0.008458195929146761,-0.1070659569414626,0.05188400423578018,0.008425316121327686,-0.019127129916886837,0.034147297431599166
zhen,15,Online-B vs HuaweiTSC,0.02,97.41666666666667,186.13720000000018,180.73200000000026,dedup,dedup,0.476640528241176,True,0.02903879503935758,-0.021188724681698533,0.13698146897369323,mtme_f101spBLEU-refA,0.1216713396636159,0.8645720481576694,-0.016097856768376717,-0.11826144757401891,0.046075721645199186,0.011374815215060785,-0.05796005628745892,0.08179705875974613,-0.016097856768376717,-0.11963611253726347,0.04913921258429271,0.003861603222275245,-0.020908720677426985,0.02811299495705318
zhen,15,Online-B vs HuaweiTSC,0.02,97.41666666666667,186.13720000000018,180.73200000000026,dedup,dedup,0.476640528241176,True,0.02903879503935758,-0.021188724681698533,0.13698146897369323,mtme_f200spBLEU-refA,0.113430199919102,0.8696321738056851,-0.02407332687526509,-0.1385709693244548,0.0321001252342582,0.0024166274083282646,-0.07066486664380739,0.0673561949783192,-0.009666509633310838,-0.10133641358495368,0.055357420276353465,0.002504823711745985,-0.027774474647041057,0.025862765313671456
zhen,15,Online-B vs HuaweiTSC,0.02,97.41666666666667,186.13720000000018,180.73200000000026,dedup,dedup,0.476640528241176,True,0.02903879503935758,-0.021188724681698533,0.13698146897369323,mtme_metricx_xl_DA_2019-refA,0.2723649785753264,0.9937925634685278,-0.0025742335436533814,-0.08275177635355345,0.07003691601904063,0.043700678967261486,-0.007923307335535918,0.15558752375606263,0.015506692536770506,-0.0569309608368966,0.11938248576510707,0.029939962645432527,-0.01704755745519004,0.10078688082106191
zhen,15,Online-B vs HuaweiTSC,0.02,97.41666666666667,186.13720000000018,180.73200000000026,dedup,dedup,0.476640528241176,True,0.02903879503935758,-0.021188724681698533,0.13698146897369323,mtme_metricx_xl_MQM_2020-refA,0.3497615818191543,0.9880707146931909,0.008458195929147316,-0.07036456763396877,0.09356558474894572,0.05920737150403155,-0.005871923577409548,0.18179271237780525,0.008458195929147316,-0.07027621319849839,0.12188947685204231,0.050551896727967116,0.01947335392293876,0.11182891893256222
zhen,15,Online-B vs HuaweiTSC,0.02,97.41666666666667,186.13720000000018,180.73200000000026,dedup,dedup,0.476640528241176,True,0.02903879503935758,-0.021188724681698533,0.13698146897369323,mtme_metricx_xxl_DA_2019-refA,0.266887664510969,0.9945880252964706,-0.02463909248925522,-0.1352176757564582,0.04160024981796255,0.00845819592914776,-0.05198610446976105,0.09580054884968922,-0.005638797286098063,-0.07212116220950358,0.08116674579874025,0.02730964535878644,-0.007255769924350685,0.09443369819622936
zhen,15,Online-B vs HuaweiTSC,0.02,97.41666666666667,186.13720000000018,180.73200000000026,dedup,dedup,0.476640528241176,True,0.02903879503935758,-0.021188724681698533,0.13698146897369323,mtme_metricx_xxl_MQM_2020-refA,0.3155661962280395,0.9848440687329651,0.019030940840581212,-0.07179451404051382,0.14513362652614592,0.09304015522061937,-0.02755861528429208,0.20444109005580546,0.03152600300863917,-0.07420415166527287,0.18666790361463245,0.047542855256064165,0.0178486888295125,0.108151048833678
zhen,15,Online-B vs HuaweiTSC,0.02,97.41666666666667,186.13720000000018,180.73200000000026,dedup,dedup,0.476640528241176,True,0.02903879503935758,-0.021188724681698533,0.13698146897369323,comet22,0.2324612111846967,,-0.04229097964573736,-0.13603837432216379,0.03309026194823494,-0.006468032181112804,-0.07747074943322686,0.09383736507953995,-0.016916391858294855,-0.10693567526969307,0.06516854143099297,0.002948860642464357,-0.04651273766024292,0.041377419157608994
zhen,15,Online-B vs HuaweiTSC,0.02,97.41666666666667,186.13720000000018,180.73200000000026,dedup,dedup,0.476640528241176,True,0.02903879503935758,-0.021188724681698533,0.13698146897369323,qwen3_8b,0.20986363674527167,,-0.005638797286097841,-0.0741262294548486,0.05882485736517551,0.014964500490030397,-0.03328667895548316,0.09420717492951107,0.00845819592914776,-0.05448015062783156,0.0897697960601071,0.004648450273835647,-0.044613696825777066,0.04582209824307137
zhen,15,Online-B vs HuaweiTSC,0.02,97.41666666666667,186.13720000000018,180.73200000000026,dedup,dedup,0.476640528241176,True,0.02903879503935758,-0.021188724681698533,0.13698146897369323,mistral_7b,0.12067190943786466,,-0.019735790501343775,-0.10563756692630749,0.03484420393595129,-0.013800214410714107,-0.07758733603850416,0.03935129211705559,-0.004896850274769493,-0.07305391995229131,0.05514657200638318,0.009761036969830994,-0.009855120393348238,0.03627290315253414
zhen,23,LanguageX vs JDExploreAcademy,0.01,91.96,614.6977777777785,534.4810256410266,dedup,dedup,0.850398027576334,True,0.13049787234752508,0.0313147671037802,0.2699985448969528,mtme_BERTScore-refA,0.1418756027206547,0.9400920205176692,-0.02054187239382954,-0.13393967156596392,0.040026763753867156,-0.010610471277805011,-0.109397758497586,0.0490473013111581,-0.02334303681116978,-0.13582444738573038,0.021625157562986018,0.007054927355203855,-0.07679513756542371,0.07324832972055093
zhen,23,LanguageX vs JDExploreAcademy,0.01,91.96,614.6977777777785,534.4810256410266,dedup,dedup,0.850398027576334,True,0.13049787234752508,0.0313147671037802,0.2699985448969528,mtme_BLEU-refA,0.06453643169889903,0.8293746844592913,-0.06578492192238783,-0.166936258299051,-0.010224448813414808,-0.0066694390889063815,-0.04523112575160517,0.07731098789937413,-0.021119890448201506,-0.07495831878615367,0.043643692945430794,0.0361565026954177,-0.018823606108607137,0.07672782635366852
zhen,23,LanguageX vs JDExploreAcademy,0.01,91.96,614.6977777777785,534.4810256410266,dedup,dedup,0.850398027576334,True,0.13049787234752508,0.0313147671037802,0.2699985448969528,mtme_BLEURT-20-refA,0.1558363601193813,0.9802219595565596,0.007781012270390186,-0.08815212506478692,0.07581324424612533,0.04456397936677836,-0.04241763270209569,0.1456813124690899,-0.006669439088905937,-0.09488362241318436,0.08600021182005604,0.06484645745090523,-0.012163404921976798,0.12691522679894046
zhen,23,LanguageX vs JDExploreAcademy,0.01,91.96,614.6977777777785,534.4810256410266,dedup,dedup,0.850398027576334,True,0.13049787234752508,0.0313147671037802,0.2699985448969528,mtme_COMET-20-refA,0.1033632060943703,0.9752672183823412,0.030770366705632823,-0.03368832198165659,0.11341439366727805,-0.02593670756796751,-0.10430029690870005,0.07917192185402878,-0.013514389732783183,-0.10687281036250101,0.08555153558349432,0.0361565026954177,-0.031891583070099164,0.10171096675271676
zhen,23,LanguageX vs JDExploreAcademy,0.01,91.96,614.6977777777785,534.4810256410266,dedup,dedup,0.850398027576334,True,0.13049787234752508,0.0313147671037802,0.2699985448969528,mtme_COMET-22-refA,0.1872229729151837,0.9866351677254928,-0.00907784764878894,-0.11900924865284855,0.12268178603129397,-0.036473495017453894,-0.131525436413601,0.09284457125546104,-0.021969916998749284,-0.11382482689786137,0.10019169551267813,0.004757434565186847,-0.07510105139166477,0.07810483587150108
zhen,23,LanguageX vs JDExploreAcademy,0.01,91.96,614.6977777777785,534.4810256410266,dedup,dedup,0.850398027576334,True,0.13049787234752508,0.0313147671037802,0.2699985448969528,mtme_COMET-QE-src,0.13540813331193086,0.922900899652606,0.019020252216508826,-0.056603495597809375,0.07845617208073669,0.012178975727566654,-0.03894422366862354,0.09938105620172345,0.0031831413833407485,-0.07205912019813886,0.08169698658196178,0.05528313919907624,-0.018140598150099135,0.1174261174981917
zhen,23,LanguageX vs JDExploreAcademy,0.01,91.96,614.6977777777785,534.4810256410266,dedup,dedup,0.850398027576334,True,0.13049787234752508,0.0313147671037802,0.2699985448969528,mtme_COMETKiwi-src,0.1489828338738184,0.959377087982424,-0.03557034180749752,-0.10787497625040143,0.03403753761049633,-0.02440408393895055,-0.10527205721338288,0.06867636801302823,-0.027402695387025666,-0.09641256664273667,0.05261510101210084,-0.008034778376759366,-0.08813720346998731,0.06731865321988034
zhen,23,LanguageX vs JDExploreAcademy,0.01,91.96,614.6977777777785,534.4810256410266,dedup,dedup,0.850398027576334,True,0.13049787234752508,0.0313147671037802,0.2699985448969528,mtme_Cross-QE-src,0.13530695216054506,0.966162403744368,-0.020123307595836026,-0.12659541063197338,0.0316972737764145,-0.0066694390889063815,-0.08997900887025882,0.09199795334509837,-0.03918295464732058,-0.14114422900607088,0.012542741947647712,-0.014833437003248129,-0.07490632301240031,0.03770187209726218
zhen,23,LanguageX vs JDExploreAcademy,0.01,91.96,614.6977777777785,534.4810256410266,dedup,dedup,0.850398027576334,True,0.13049787234752508,0.0313147671037802,0.2699985448969528,mtme_HWTSC-TLM-src,0.04340223732280531,0.498241633134339,-0.0048631326689938525,-0.06372844855105382,0.04323398553376269,0.011671518405585002,-0.02393582654612538,0.05215040775086212,0.019020252216508826,-0.016808887346816098,0.07541365767065963,-0.04983734155314301,-0.0935365436811728,0.005968216859639154
zhen,23,LanguageX vs JDExploreAcademy,0.01,91.96,614.6977777777785,534.4810256410266,dedup,dedup,0.850398027576334,True,0.13049787234752508,0.0313147671037802,0.2699985448969528,mtme_HWTSC-Teacher-Sim-src,0.05366558547097963,0.3949247735620734,-0.032680251535637694,-0.10414396210625207,0.0113776319779382,0.007781012270390186,-0.034363328370218015,0.04654012068314028,-0.032680251535637694,-0.09779285273762124,0.013943039485657855,-0.06327387971698073,-0.1281327445417805,-0.0023370818192894865
zhen,23,LanguageX vs JDExploreAcademy,0.01,91.96,614.6977777777785,534.4810256410266,dedup,dedup,0.850398027576334,True,0.13049787234752508,0.0313147671037802,0.2699985448969528,mtme_KG-BERTScore-src,0.059835563213433064,0.679795467170797,0.007781012270390186,-0.02744127199617206,0.047155818653617815,0.004168399430566461,-0.039932115704499026,0.040632447844251,0.007781012270390186,-0.03470458806929523,0.05267100022239833,-0.055625388762180705,-0.10929954036742724,0.011946379778197895
zhen,23,LanguageX vs JDExploreAcademy,0.01,91.96,614.6977777777785,534.4810256410266,dedup,dedup,0.850398027576334,True,0.13049787234752508,0.0313147671037802,0.2699985448969528,mtme_MATESE-QE-src,0.1350667978239546,0.9351848265501388,-0.07819917331741966,-0.2134513846358073,0.007341451953919517,0.007781012270389187,-0.08615615247019938,0.10485135325067554,0.020425157209773337,-0.04259782269152333,0.13725902696199935,-0.05114822332522473,-0.13198351748700554,0.02924046761211976
zhen,23,LanguageX vs JDExploreAcademy,0.01,91.96,614.6977777777785,534.4810256410266,dedup,dedup,0.850398027576334,True,0.13049787234752508,0.0313147671037802,0.2699985448969528,mtme_MATESE-refA,0.14666702074993596,0.9674894649743352,-0.004863132668994075,-0.10471001488728547,0.05887015514684356,0.028011644173403183,-0.06288417692782237,0.1676720832765089,-0.03819769660009653,-0.13928874716831405,0.026337906563280902,0.05343217437614178,-0.03884778780855253,0.12598229204243575
zhen,23,LanguageX vs JDExploreAcademy,0.01,91.96,614.6977777777785,534.4810256410266,dedup,dedup,0.850398027576334,True,0.13049787234752508,0.0313147671037802,0.2699985448969528,mtme_MEE-refA,0.06816958280160548,0.8976609341086564,-0.004863132668994075,-0.06372007876000564,0.060275382157585405,-0.0010149146439644152,-0.03759582493477605,0.06683919442095203,-0.01420880501549493,-0.06927693906986337,0.031175168599902416,0.002066085868309697,-0.058889560500089644,0.07206746452477858
zhen,23,LanguageX vs JDExploreAcademy,0.01,91.96,614.6977777777785,534.4810256410266,dedup,dedup,0.850398027576334,True,0.13049787234752508,0.0313147671037802,0.2699985448969528,mtme_MEE2-refA,0.10272342849094607,0.9352238472927537,-0.10435430716424077,-0.23565588235350315,-0.0038887965127050264,-0.0023343036811176443,-0.06543836012469652,0.0909802007078454,-0.010610471277805011,-0.09206940175272109,0.04716865808547348,0.04571982094724725,-0.021452895071454398,0.11679363336330024
zhen,23,LanguageX vs JDExploreAcademy,0.01,91.96,614.6977777777785,534.4810256410266,dedup,dedup,0.850398027576334,True,0.13049787234752508,0.0313147671037802,0.2699985448969528,mtme_MEE4-refA,0.1209231753073538,0.9593140488993936,-0.008403493252021388,-0.09429231226637971,0.06775430192901151,-0.013514389732783183,-0.09769860436991155,0.08714694292392182,-0.02440408393895055,-0.10531321560383634,0.04678256905076608,0.015223790608597354,-0.04495946112511694,0.08141837780753412
zhen,23,LanguageX vs JDExploreAcademy,0.01,91.96,614.6977777777785,534.4810256410266,dedup,dedup,0.850398027576334,True,0.13049787234752508,0.0313147671037802,0.2699985448969528,mtme_MS-COMET-22-refA,0.17572193991327495,0.98746083650136,0.007781012270389187,-0.08845946262918977,0.13610004925285102,0.0031831413833409705,-0.07730822833770898,0.0927382188952256,-0.0034582276757288977,-0.10608211719127002,0.04985470268252841,0.014060862159329224,-0.0593763820789173,0.10903106861366577
zhen,23,LanguageX vs JDExploreAcademy,0.01,91.96,614.6977777777785,534.4810256410266,dedup,dedup,0.850398027576334,True,0.13049787234752508,0.0313147671037802,0.2699985448969528,mtme_MS-COMET-QE-22-src,0.13035312253540055,0.9490970977882788,-0.002334303681116534,-0.07880991330668222,0.06726403770569717,0.015873265031595474,-0.047318782976867035,0.1095605175362542,0.007781012270390186,-0.06503714154565657,0.06465333004232116,-0.010090186798720646,-0.05604073046888204,0.04594886613353455
zhen,23,LanguageX vs JDExploreAcademy,0.01,91.96,614.6977777777785,534.4810256410266,dedup,dedup,0.850398027576334,True,0.13049787234752508,0.0313147671037802,0.2699985448969528,mtme_REUSE-src,0.005618033137023644,-0.0713802384978524,-0.011671518405585113,-0.0764015080487953,0.050455598228963665,-0.009659187646001044,-0.056205086666741136,0.0010966820280327286,-0.01750727760837756,-0.05933687319014188,0.026910784713575213,0.011298907092317734,0.0,0.02819143212491849
zhen,23,LanguageX vs JDExploreAcademy,0.01,91.96,614.6977777777785,534.4810256410266,dedup,dedup,0.850398027576334,True,0.13049787234752508,0.0313147671037802,0.2699985448969528,mtme_SEScore-refA,0.11657971293764727,0.93964771879046,-0.0259367075679664,-0.12386818719129819,0.030885428095081012,0.011671518405585002,-0.028956070844334828,0.05457688472134824,-0.006669439088905493,-0.07615153857500173,0.031141130106663136,0.024793030419715145,-0.047013924281795905,0.08492451541327317
zhen,23,LanguageX vs JDExploreAcademy,0.01,91.96,614.6977777777785,534.4810256410266,dedup,dedup,0.850398027576334,True,0.13049787234752508,0.0313147671037802,0.2699985448969528,mtme_UniTE-ref-refA,0.17782449702954856,0.975743491343244,0.01500623795003786,-0.0799406368465502,0.0881220414461787,-0.035570341807497075,-0.14933534707423884,0.0465182031966961,-0.0010149146439639711,-0.08187184031637457,0.10194085468652811,-0.0451956283692716,-0.12746785007492492,0.05076550121907623
zhen,23,LanguageX vs JDExploreAcademy,0.01,91.96,614.6977777777785,534.4810256410266,dedup,dedup,0.850398027576334,True,0.13049787234752508,0.0313147671037802,0.2699985448969528,mtme_UniTE-refA,0.19235828753154194,0.9824419355235168,0.01500623795003786,-0.07977876864520247,0.08386825982681563,-0.021119890448201506,-0.11393513079696732,0.07761610892617472,-0.010610471277804567,-0.11476758907238133,0.09189363604773258,-0.01758964995993284,-0.10296581930881457,0.06196479885536704
zhen,23,LanguageX vs JDExploreAcademy,0.01,91.96,614.6977777777785,534.4810256410266,dedup,dedup,0.850398027576334,True,0.13049787234752508,0.0313147671037802,0.2699985448969528,mtme_UniTE-src-src,0.17275729214657815,0.9607040026515832,0.015873265031595474,-0.052308652910845084,0.11905351011195628,0.03388505343556969,-0.030993562105929354,0.11072912924168389,0.02584407646950959,-0.05529992610713592,0.10170402018723147,-0.03710798960845496,-0.12072938291673062,0.040059070868284447
zhen,23,LanguageX vs JDExploreAcademy,0.01,91.96,614.6977777777785,534.4810256410266,dedup,dedup,0.850398027576334,True,0.13049787234752508,0.0313147671037802,0.2699985448969528,mtme_YiSi-1-refA,0.14077189729601614,0.9604473082422414,-0.0034582276757288977,-0.09088017338029682,0.0480907393917178,0.015873265031595474,-0.043429495831649526,0.07417372694375025,-0.008403493252021388,-0.09693007475048544,0.04695146220826696,0.015760526815951525,-0.05184246960358567,0.07617334298417294
zhen,23,LanguageX vs JDExploreAcademy,0.01,91.96,614.6977777777785,534.4810256410266,dedup,dedup,0.850398027576334,True,0.13049787234752508,0.0313147671037802,0.2699985448969528,mtme_chrF-refA,0.07089520075161819,0.9157360845392822,-0.035570341807497075,-0.14203964086834195,0.03441088784932188,-0.02440408393895055,-0.09471313321754066,0.029251831922145113,-0.032680251535637694,-0.1452250990246857,0.016665212301155766,0.03615650269541759,-0.02264680568249387,0.08634957632350386
zhen,23,LanguageX vs JDExploreAcademy,0.01,91.96,614.6977777777785,534.4810256410266,dedup,dedup,0.850398027576334,True,0.13049787234752508,0.0313147671037802,0.2699985448969528,mtme_f101spBLEU-refA,0.09042145330033308,0.8645720481576694,-0.06302619939015885,-0.15249434275914495,0.016165595426165504,-0.05767103212171465,-0.13506927057539725,0.06671766399432583,-0.05002079316679309,-0.14694182919130766,0.01082667277898551,0.05343217437614178,-0.018858348848093107,0.10772752355997449
zhen,23,LanguageX vs JDExploreAcademy,0.01,91.96,614.6977777777785,534.4810256410266,dedup,dedup,0.850398027576334,True,0.13049787234752508,0.0313147671037802,0.2699985448969528,mtme_f200spBLEU-refA,0.08852850479684057,0.8696321738056851,-0.05002079316679264,-0.14636169792229572,0.026466185319830544,-0.05767103212171465,-0.13503093794076187,0.06639870684252157,-0.03557034180749752,-0.11895236774615647,0.02881708400058788,0.05343217437614178,-0.018858348848093107,0.10772752355997449
zhen,23,LanguageX vs JDExploreAcademy,0.01,91.96,614.6977777777785,534.4810256410266,dedup,dedup,0.850398027576334,True,0.13049787234752508,0.0313147671037802,0.2699985448969528,mtme_metricx_xl_DA_2019-refA,0.16993070516717113,0.9937925634685278,-0.009659187646001044,-0.11044826165198435,0.050398575919614115,-0.006669439088905493,-0.10948788036346553,0.0548817107552964,-0.014697467621847426,-0.1291509193927376,0.04434772413888538,0.08078532120395376,0.011870338596572463,0.13997167458409948
zhen,23,LanguageX vs JDExploreAcademy,0.01,91.96,614.6977777777785,534.4810256410266,dedup,dedup,0.850398027576334,True,0.13049787234752508,0.0313147671037802,0.2699985448969528,mtme_metricx_xl_MQM_2020-refA,0.19614827211724598,0.9880707146931909,-0.002334303681116534,-0.10720945363130484,0.06592349955728573,-0.010610471277805011,-0.10344592129832138,0.06119585286802141,-0.02334303681116978,-0.12643095983528108,0.0463600538780245,0.006327387971698517,-0.07278145582036695,0.08057486085103215
zhen,23,LanguageX vs JDExploreAcademy,0.01,91.96,614.6977777777785,534.4810256410266,dedup,dedup,0.850398027576334,True,0.13049787234752508,0.0313147671037802,0.2699985448969528,mtme_metricx_xxl_DA_2019-refA,0.15666624040833071,0.9945880252964706,0.010671102542249677,-0.10936334454023934,0.0762314112981528,-0.006669439088905493,-0.09405242764673503,0.0660157821951039,-0.006669439088905493,-0.10034317972154966,0.05484556647382807,0.05400803009883237,-0.022535624344654396,0.11264150465511885
zhen,23,LanguageX vs JDExploreAcademy,0.01,91.96,614.6977777777785,534.4810256410266,dedup,dedup,0.850398027576334,True,0.13049787234752508,0.0313147671037802,0.2699985448969528,mtme_metricx_xxl_MQM_2020-refA,0.1987878426564561,0.9848440687329651,0.024639872189568868,-0.10253022525989322,0.11326689989722177,0.007781012270389853,-0.09379548865628862,0.096057069825448,-0.0034582276757288977,-0.10658038230118787,0.08402415237484373,0.025958514755684448,-0.057776680920032984,0.11208595966200884
zhen,23,LanguageX vs JDExploreAcademy,0.01,91.96,614.6977777777785,534.4810256410266,dedup,dedup,0.850398027576334,True,0.13049787234752508,0.0313147671037802,0.2699985448969528,comet22,0.12191345900870762,,-0.05379047613008714,-0.13482667863436287,0.00789771502757783,-0.03557034180749752,-0.11849523732194897,0.019868987573670505,-0.02440408393895055,-0.10193466552363445,0.03297367840193066,0.03615650269541815,-0.035024804455342215,0.10409366344430458
zhen,23,LanguageX vs JDExploreAcademy,0.01,91.96,614.6977777777785,534.4810256410266,dedup,dedup,0.850398027576334,True,0.13049787234752508,0.0313147671037802,0.2699985448969528,qwen3_8b,0.09423098540446434,,-0.042795567487144304,-0.14826415606955023,0.016564844400013178,-0.002334303681116534,-0.08382327849225915,0.04709265003468087,-0.015339709904482302,-0.12873210622683254,0.047538233583771274,-0.030130418912847734,-0.08954728536688121,0.019574895417903533
zhen,23,LanguageX vs JDExploreAcademy,0.01,91.96,614.6977777777785,534.4810256410266,dedup,dedup,0.850398027576334,True,0.13049787234752508,0.0313147671037802,0.2699985448969528,mistral_7b,0.06998649039258147,,-0.041051547495505325,-0.153020072685279,0.0026293526845126147,-0.027402695387025666,-0.09948680077770551,0.014798224696139973,-0.030151422547761042,-0.12744409104044185,0.014658649517729515,0.024793030419714923,-0.023989785108349253,0.07122865945285015
zhen,23,LanguageX vs JDExploreAcademy,0.02,91.96,265.03632183908087,251.21333333333365,dedup,dedup,0.6530286891928936,True,0.05215507221738447,-0.024065750055710388,0.13816563684314376,mtme_BERTScore-refA,0.1418756027206547,0.9400920205176692,-0.020974567070846106,-0.07304706132712425,0.018118956577025495,0.00408806622864788,-0.03682360973400974,0.0439631894428608,-0.003662225996496904,-0.04557158775079373,0.03201761119305944,-0.0026147543650421046,-0.03712438687004999,0.017840927744247385
zhen,23,LanguageX vs JDExploreAcademy,0.02,91.96,265.03632183908087,251.21333333333365,dedup,dedup,0.6530286891928936,True,0.05215507221738447,-0.024065750055710388,0.13816563684314376,mtme_BLEU-refA,0.06453643169889903,0.8293746844592913,-0.015841256636009993,-0.052877274494940056,0.016170081678315882,0.010731173850200615,-0.025556854418826238,0.042847504652376245,-0.014482439167965211,-0.06246901193429273,0.01991638145811971,-0.010708041685411063,-0.04122415848573819,0.004609192327655813
zhen,23,LanguageX vs JDExploreAcademy,0.02,91.96,265.03632183908087,251.21333333333365,dedup,dedup,0.6530286891928936,True,0.05215507221738447,-0.024065750055710388,0.13816563684314376,mtme_BLEURT-20-refA,0.1558363601193813,0.9802219595565596,0.021395109769008713,-0.026565511983032693,0.058869035266816166,0.02850597532408461,-0.009885953557949854,0.07810664336389946,0.00408806622864788,-0.04463089575074736,0.038321708027168645,0.00443820148803209,-0.05510405653520625,0.04138380415703763
zhen,23,LanguageX vs JDExploreAcademy,0.02,91.96,265.03632183908087,251.21333333333365,dedup,dedup,0.6530286891928936,True,0.05215507221738447,-0.024065750055710388,0.13816563684314376,mtme_COMET-20-refA,0.1033632060943703,0.9752672183823412,-0.001156492419946531,-0.04154315225393802,0.03705454443545665,0.016741604555414846,-0.019641812640869956,0.05811926999473822,-0.0014981833622031981,-0.041402534233531255,0.02629589363114734,-0.017109588345167737,-0.07803294819710234,0.009838637886290039
zhen,23,LanguageX vs JDExploreAcademy,0.02,91.96,265.03632183908087,251.21333333333365,dedup,dedup,0.6530286891928936,True,0.05215507221738447,-0.024065750055710388,0.13816563684314376,mtme_COMET-22-refA,0.1872229729151837,0.9866351677254928,0.0014025546369564879,-0.051528044559233085,0.05320815214689937,0.02062804847006494,-0.01883857312793447,0.11071281819744287,3.3306690738754696e-16,-0.0497151172152975,0.052757977307789014,-0.017109588345167737,-0.07763271354452694,0.1036804699565247
zhen,23,LanguageX vs JDExploreAcademy,0.02,91.96,265.03632183908087,251.21333333333365,dedup,dedup,0.6530286891928936,True,0.05215507221738447,-0.024065750055710388,0.13816563684314376,mtme_COMET-QE-src,0.13540813331193086,0.922900899652606,-0.013184013587389298,-0.06800231936708401,0.037168411611034124,-0.00732445199299403,-0.05887912855890967,0.04667341685735336,0.01130058307490478,-0.036933474758637154,0.05857782416065051,-0.02605188190536012,-0.0695792145696408,0.12119919118562243
zhen,23,LanguageX vs JDExploreAcademy,0.02,91.96,265.03632183908087,251.21333333333365,dedup,dedup,0.6530286891928936,True,0.05215507221738447,-0.024065750055710388,0.13816563684314376,mtme_COMETKiwi-src,0.1489828338738184,0.959377087982424,-0.00482341960514221,-0.045231660547657794,0.054965239898592345,0.03578517973719886,-0.013478407162791695,0.08255311707690415,0.027623647516434313,-0.028886020798497936,0.08884968823041059,0.0,-0.038383599869611054,0.14961785222621743
zhen,23,LanguageX vs JDExploreAcademy,0.02,91.96,265.03632183908087,251.21333333333365,dedup,dedup,0.6530286891928936,True,0.05215507221738447,-0.024065750055710388,0.13816563684314376,mtme_Cross-QE-src,0.13530695216054506,0.966162403744368,-0.0023754979436738655,-0.043361539429675265,0.05623211035515783,0.008240008492118256,-0.04894907764368633,0.07767677442180951,-0.00732445199299403,-0.05231372035872717,0.046959934339327596,0.0,-0.05150664605778018,0.039961930686991214
zhen,23,LanguageX vs JDExploreAcademy,0.02,91.96,265.03632183908087,251.21333333333365,dedup,dedup,0.6530286891928936,True,0.05215507221738447,-0.024065750055710388,0.13816563684314376,mtme_HWTSC-TLM-src,0.04340223732280531,0.498241633134339,-0.015841256636009993,-0.06335665567884001,0.021263877783389142,0.028505975324084498,-0.0014687928105765688,0.0927282586036199,0.008240008492118256,-0.014335552183116084,0.05865436428015999,-0.007027152356051003,-0.031318002559593924,0.02105616792274864
zhen,23,LanguageX vs JDExploreAcademy,0.02,91.96,265.03632183908087,251.21333333333365,dedup,dedup,0.6530286891928936,True,0.05215507221738447,-0.024065750055710388,0.13816563684314376,mtme_HWTSC-Teacher-Sim-src,0.05366558547097963,0.3949247735620734,0.004272596995912981,-0.02382743072660599,0.053348762988937225,0.020785607007144824,-0.006753550807372593,0.0816673244832607,0.016741604555414846,-0.014013813591124918,0.0630677311393528,-0.007665984388419256,-0.05418131058647854,0.03909298122342809
zhen,23,LanguageX vs JDExploreAcademy,0.02,91.96,265.03632183908087,251.21333333333365,dedup,dedup,0.6530286891928936,True,0.05215507221738447,-0.024065750055710388,0.13816563684314376,mtme_KG-BERTScore-src,0.059835563213433064,0.679795467170797,-0.008673693149598094,-0.046541318544604124,0.02662486731387274,0.005344870373265809,-0.03689822800374328,0.04105271771099367,-0.001156492419946531,-0.04570991639888633,0.04470427337545147,-0.024093093792175058,-0.0810637095036548,0.0021814432359857565
zhen,23,LanguageX vs JDExploreAcademy,0.02,91.96,265.03632183908087,251.21333333333365,dedup,dedup,0.6530286891928936,True,0.05215507221738447,-0.024065750055710388,0.13816563684314376,mtme_MATESE-QE-src,0.1350667978239546,0.9351848265501388,0.03554513467188225,-0.012785409596964897,0.08814208183054716,0.05092342635009117,0.0012457981580940058,0.09864463638377696,0.0296640305716257,-0.018453259136319816,0.08034274547182146,-0.010355803472075209,-0.07144032501804469,0.03599316687611119
zhen,23,LanguageX vs JDExploreAcademy,0.02,91.96,265.03632183908087,251.21333333333365,dedup,dedup,0.6530286891928936,True,0.05215507221738447,-0.024065750055710388,0.13816563684314376,mtme_MATESE-refA,0.14666702074993596,0.9674894649743352,0.01130058307490478,-0.047891555018896644,0.07820299972310311,0.016078065350474624,-0.02642532764396235,0.12500578227188722,0.0010986677989491822,-0.0452112415763274,0.07247360690754298,-0.0012776640647362836,-0.064534446936708,0.03943355931209376
zhen,23,LanguageX vs JDExploreAcademy,0.02,91.96,265.03632183908087,251.21333333333365,dedup,dedup,0.6530286891928936,True,0.05215507221738447,-0.024065750055710388,0.13816563684314376,mtme_MEE-refA,0.06816958280160548,0.8976609341086564,-0.0014981833622031981,-0.03658658878257578,0.02644636957975666,0.00732445199299403,-0.025850586757845084,0.044823671223993375,-0.00482341960514221,-0.03757257637314968,0.025131863332396864,-0.005484606716917861,-0.06659779798067855,0.013994954397417094
zhen,23,LanguageX vs JDExploreAcademy,0.02,91.96,265.03632183908087,251.21333333333365,dedup,dedup,0.6530286891928936,True,0.05215507221738447,-0.024065750055710388,0.13816563684314376,mtme_MEE2-refA,0.10272342849094607,0.9352238472927537,-0.021515577729419588,-0.06414858100049657,0.010265243162883178,0.016078065350474624,-0.02269297337746002,0.06918562902791263,0.0010986677989491822,-0.03968775231188895,0.048618716219624,-0.010708041685411063,-0.0677567381164912,0.01676169244675778
zhen,23,LanguageX vs JDExploreAcademy,0.02,91.96,265.03632183908087,251.21333333333365,dedup,dedup,0.6530286891928936,True,0.05215507221738447,-0.024065750055710388,0.13816563684314376,mtme_MEE4-refA,0.1209231753073538,0.9593140488993936,-0.020974567070846106,-0.06278019206171792,0.008243517473108145,-0.0025550413929047444,-0.043855335257655,0.03452273594791248,-0.011942041292924754,-0.05046634550125378,0.014396772741399305,0.0,-0.06851473754030826,0.023863688431740752
zhen,23,LanguageX vs JDExploreAcademy,0.02,91.96,265.03632183908087,251.21333333333365,dedup,dedup,0.6530286891928936,True,0.05215507221738447,-0.024065750055710388,0.13816563684314376,mtme_MS-COMET-22-refA,0.17572193991327495,0.98746083650136,-0.0006866673743435303,-0.06703509032247108,0.06396226127881005,0.04394671195796385,0.0006270338121741149,0.13304715650688176,0.028912310498660387,-0.014418268817144718,0.06751964006186714,-0.010355803472075209,-0.056751439585538535,0.048299043790002674
zhen,23,LanguageX vs JDExploreAcademy,0.02,91.96,265.03632183908087,251.21333333333365,dedup,dedup,0.6530286891928936,True,0.05215507221738447,-0.024065750055710388,0.13816563684314376,mtme_MS-COMET-QE-22-src,0.13035312253540055,0.9490970977882788,-0.01953187198131734,-0.06431677017445812,0.027009880772013585,0.01538134918528733,-0.011932036616429149,0.06383609127035579,0.012207419988323087,-0.027951190860675258,0.0725895161244688,-0.012340365113065355,-0.05123577035134419,0.022668694777508516
zhen,23,LanguageX vs JDExploreAcademy,0.02,91.96,265.03632183908087,251.21333333333365,dedup,dedup,0.6530286891928936,True,0.05215507221738447,-0.024065750055710388,0.13816563684314376,mtme_REUSE-src,0.005618033137023644,-0.0713802384978524,-0.022484364257562506,-0.05839745609141787,0.005024628994692711,-0.01179058125701471,-0.03715718469361566,0.011519741261065294,-0.0060426728942200025,-0.04615351767415214,0.031051172735320584,-0.005484606716917861,-0.02627052856160922,0.0
zhen,23,LanguageX vs JDExploreAcademy,0.02,91.96,265.03632183908087,251.21333333333365,dedup,dedup,0.6530286891928936,True,0.05215507221738447,-0.024065750055710388,0.13816563684314376,mtme_SEScore-refA,0.11657971293764727,0.93964771879046,0.012207419988323531,-0.027747371994321025,0.046392830791339074,0.0014025546369564879,-0.03460030205819151,0.03012272850834033,-0.0004882967995327725,-0.04432566893184834,0.027943687669505977,-0.02108145706815323,-0.0721298529003407,0.01433721067587632
zhen,23,LanguageX vs JDExploreAcademy,0.02,91.96,265.03632183908087,251.21333333333365,dedup,dedup,0.6530286891928936,True,0.05215507221738447,-0.024065750055710388,0.13816563684314376,mtme_UniTE-ref-refA,0.17782449702954856,0.975743491343244,0.0014025546369565989,-0.0635025337297884,0.04983582491515142,0.016741604555414846,-0.041065601186769364,0.0736459603898078,-0.0014981833622031981,-0.057862314716231426,0.04128216619166396,0.010459017460169084,-0.024873911178277336,0.10274959570226956
zhen,23,LanguageX vs JDExploreAcademy,0.02,91.96,265.03632183908087,251.21333333333365,dedup,dedup,0.6530286891928936,True,0.05215507221738447,-0.024065750055710388,0.13816563684314376,mtme_UniTE-refA,0.19235828753154194,0.9824419355235168,-0.003662225996496682,-0.061551293127799014,0.047045262009671504,0.010731173850200615,-0.04684339388479936,0.07480183919504522,-0.009613343240804317,-0.06532226834424013,0.03744156282975883,0.019553815251620588,-0.04550922454314614,0.15392650296238963
zhen,23,LanguageX vs JDExploreAcademy,0.02,91.96,265.03632183908087,251.21333333333365,dedup,dedup,0.6530286891928936,True,0.05215507221738447,-0.024065750055710388,0.13816563684314376,mtme_UniTE-src-src,0.17275729214657815,0.9607040026515832,-0.01179058125701471,-0.07022939908871009,0.03863256315358278,-0.004675182123187405,-0.05916385979001884,0.037943913229953004,0.01538134918528733,-0.03599899984094553,0.06869564148049942,-0.010999021079036497,-0.07053555989189732,0.045369800539111334
zhen,23,LanguageX vs JDExploreAcademy,0.02,91.96,265.03632183908087,251.21333333333365,dedup,dedup,0.6530286891928936,True,0.05215507221738447,-0.024065750055710388,0.13816563684314376,mtme_YiSi-1-refA,0.14077189729601614,0.9604473082422414,-0.00482341960514221,-0.06272783702605449,0.032775690348042015,0.01538134918528733,-0.020791189011474677,0.05651533154878876,-0.0004882967995327725,-0.04518747006107932,0.026465612551074814,-0.004015515632028954,-0.05831957452931,0.02010280141819457
zhen,23,LanguageX vs JDExploreAcademy,0.02,91.96,265.03632183908087,251.21333333333365,dedup,dedup,0.6530286891928936,True,0.05215507221738447,-0.024065750055710388,0.13816563684314376,mtme_chrF-refA,0.07089520075161819,0.9157360845392822,-0.00919814901445748,-0.05031345314673793,0.02213579225954215,0.003139050854140457,-0.0253091126009913,0.02852665495407911,0.0021437420467300683,-0.036835795288771005,0.03584795060656921,-0.007027152356051003,-0.03429727252244837,0.0053192145156395945
zhen,23,LanguageX vs JDExploreAcademy,0.02,91.96,265.03632183908087,251.21333333333365,dedup,dedup,0.6530286891928936,True,0.05215507221738447,-0.024065750055710388,0.13816563684314376,mtme_f101spBLEU-refA,0.09042145330033308,0.8645720481576694,-0.024066056548408765,-0.06963851302380353,0.0194319097269033,-0.0060426728942200025,-0.045928460810757556,0.02908420255413853,0.005344870373265809,-0.03709916105535079,0.042059527213751675,-0.009151640277647699,-0.0380987767807585,0.007047328417221381
zhen,23,LanguageX vs JDExploreAcademy,0.02,91.96,265.03632183908087,251.21333333333365,dedup,dedup,0.6530286891928936,True,0.05215507221738447,-0.024065750055710388,0.13816563684314376,mtme_f200spBLEU-refA,0.08852850479684057,0.8696321738056851,-0.017264779697771404,-0.062340841879347644,0.02420536807055856,1.1102230246251565e-16,-0.04089270102673448,0.040608178053556536,0.013065238690205483,-0.027804045270115825,0.06010444027056345,-0.010708041685411063,-0.048652370784737324,0.0045844682396894995
zhen,23,LanguageX vs JDExploreAcademy,0.02,91.96,265.03632183908087,251.21333333333365,dedup,dedup,0.6530286891928936,True,0.05215507221738447,-0.024065750055710388,0.13816563684314376,mtme_metricx_xl_DA_2019-refA,0.16993070516717113,0.9937925634685278,0.0,-0.05218547195079186,0.0497109630448884,0.029297807971975787,-0.01880713774471806,0.08074423316275015,0.003139050854140457,-0.04572079580996864,0.05232931599971141,-0.01740056773879317,-0.06309291365242593,0.24671290592772543
zhen,23,LanguageX vs JDExploreAcademy,0.02,91.96,265.03632183908087,251.21333333333365,dedup,dedup,0.6530286891928936,True,0.05215507221738447,-0.024065750055710388,0.13816563684314376,mtme_metricx_xl_MQM_2020-refA,0.19614827211724598,0.9880707146931909,0.004993944540677808,-0.034710855272696156,0.050734471584698376,0.016741604555414846,-0.020115246460199437,0.10254038896445383,0.0004776816517171323,-0.037845688415171476,0.047279349833642716,0.002677010421352932,-0.03174605407394174,0.2630032819785243
zhen,23,LanguageX vs JDExploreAcademy,0.02,91.96,265.03632183908087,251.21333333333365,dedup,dedup,0.6530286891928936,True,0.05215507221738447,-0.024065750055710388,0.13816563684314376,mtme_metricx_xxl_DA_2019-refA,0.15666624040833071,0.9945880252964706,0.003139050854140568,-0.05061409409090715,0.049118129067766095,0.016078065350474624,-0.026521009116380296,0.05740937949202979,-0.002690615017834075,-0.05130505464473768,0.032656401398124014,-0.014054304712102228,-0.06737266143993814,0.08806508859842876
zhen,23,LanguageX vs JDExploreAcademy,0.02,91.96,265.03632183908087,251.21333333333365,dedup,dedup,0.6530286891928936,True,0.05215507221738447,-0.024065750055710388,0.13816563684314376,mtme_metricx_xxl_MQM_2020-refA,0.1987878426564561,0.9848440687329651,0.016741604555414846,-0.034555083109253135,0.06534070008308339,0.03714543510732671,-0.004890222304012423,0.0976296304306544,0.011486072443558926,-0.04024745504821747,0.05536420998443273,0.0,-0.05647643968024919,0.15715396941404053
zhen,23,LanguageX vs JDExploreAcademy,0.02,91.96,265.03632183908087,251.21333333333365,dedup,dedup,0.6530286891928936,True,0.05215507221738447,-0.024065750055710388,0.13816563684314376,comet22,0.12191345900870762,,0.00732445199299403,-0.033784168014834255,0.05153863143688679,0.017374281471753128,-0.024590385591183987,0.05208390825545754,-0.0014981833622031981,-0.04621460146470532,0.029202049728508924,-0.0026147543650421046,-0.06317191682632337,0.029507562822824046
zhen,23,LanguageX vs JDExploreAcademy,0.02,91.96,265.03632183908087,251.21333333333365,dedup,dedup,0.6530286891928936,True,0.05215507221738447,-0.024065750055710388,0.13816563684314376,qwen3_8b,0.09423098540446434,,-0.013184013587388854,-0.06379491306150613,0.02706563913758846,0.03642951122831195,-0.015212351825415481,0.07809087661883671,0.0014025546369564879,-0.049788222932124905,0.04719869597915679,-0.017752805952129025,-0.06145695872359973,0.26704793436107577
zhen,23,LanguageX vs JDExploreAcademy,0.02,91.96,265.03632183908087,251.21333333333365,dedup,dedup,0.6530286891928936,True,0.05215507221738447,-0.024065750055710388,0.13816563684314376,mistral_7b,0.06998649039258147,,0.013877909039356928,-0.02086292516938698,0.060673813038229316,0.029297807971975787,-0.01782133002043021,0.09688998617025726,0.013877909039356928,-0.03530034428751708,0.0614886927162968,-0.023063474399347195,-0.07315641060456225,0.011918549587480561
zhen,24,LanguageX vs Online-G,0.01,95.34666666666666,465.7216666666706,446.4511111111131,dedup,dedup,0.7952711383408563,True,0.041377837740475876,-0.12217002538470709,0.28080781284000333,mtme_BERTScore-refA,0.12514702252643256,0.9400920205176692,-0.052715323647065215,-0.23697506923406347,0.06594200996545661,0.06090277397550359,-0.029150209740562337,0.2436345855605877,0.0486602987511382,-0.033926848338764574,0.1596205316719639,0.0029265067447287185,-0.06395684404374673,0.06105441156494366
zhen,24,LanguageX vs Online-G,0.01,95.34666666666666,465.7216666666706,446.4511111111131,dedup,dedup,0.7952711383408563,True,0.041377837740475876,-0.12217002538470709,0.28080781284000333,mtme_BLEU-refA,0.03669287620155802,0.8293746844592913,0.018247612031675686,-0.08805191806679144,0.08932969019963112,-0.03244019916742458,-0.10317520948940359,0.04354221484131601,-0.05867859555284238,-0.2076947967462441,0.025354159903170387,-0.016957016223744237,-0.08375788178272302,0.024860778427715977
zhen,24,LanguageX vs Online-G,0.01,95.34666666666666,465.7216666666706,446.4511111111131,dedup,dedup,0.7952711383408563,True,0.041377837740475876,-0.12217002538470709,0.28080781284000333,mtme_BLEURT-20-refA,0.17539863580809759,0.9802219595565596,-0.03892823900090869,-0.13735946431198162,0.17253201327784007,0.0010578325815480127,-0.0621900847223759,0.20307548450343116,0.003041268671947872,-0.07998196527746496,0.19634270825851266,0.012846224411927731,-0.04858354028039154,0.0878969203840686
zhen,24,LanguageX vs Online-G,0.01,95.34666666666666,465.7216666666706,446.4511111111131,dedup,dedup,0.7952711383408563,True,0.041377837740475876,-0.12217002538470709,0.28080781284000333,mtme_COMET-20-refA,0.15731762147569806,0.9752672183823412,-0.04595694882051715,-0.11905243310885734,0.1244029868664454,0.006550424831885837,-0.03935276916683051,0.1951434278650212,0.0010578325815480127,-0.05224090121460525,0.16615634549660344,-0.0253630584543183,-0.1097857393087788,0.0374413225386654
zhen,24,LanguageX vs Online-G,0.01,95.34666666666666,465.7216666666706,446.4511111111131,dedup,dedup,0.7952711383408563,True,0.041377837740475876,-0.12217002538470709,0.28080781284000333,mtme_COMET-22-refA,0.22505271669938276,0.9866351677254928,0.048660298751138975,-0.06949562735574084,0.1925688567424703,0.06702401158768467,-0.006442431912156554,0.18677175546359645,0.05493849117389138,-0.028611108515189793,0.14425995319152574,-0.009197592626291495,-0.11635238174817003,0.07248314737813322
zhen,24,LanguageX vs Online-G,0.01,95.34666666666666,465.7216666666706,446.4511111111131,dedup,dedup,0.7952711383408563,True,0.041377837740475876,-0.12217002538470709,0.28080781284000333,mtme_COMET-QE-src,0.13523922244042066,0.922900899652606,0.05435447327410092,-0.006791405473563188,0.1963962624759939,0.054781536363322725,0.0034431776432418543,0.1463365166231043,0.048660298751137976,-0.0056191078855576115,0.126533979489165,-0.004347952877883143,-0.057478872614258616,0.049190803686623694
zhen,24,LanguageX vs Online-G,0.01,95.34666666666666,465.7216666666706,446.4511111111131,dedup,dedup,0.7952711383408563,True,0.041377837740475876,-0.12217002538470709,0.28080781284000333,mtme_COMETKiwi-src,0.1730413393036585,0.959377087982424,0.06031979896481976,-0.0026154005853887205,0.23874994163621732,0.06702401158768467,0.007534850146783892,0.25430423134967156,0.03041268671946251,-0.02519704842096867,0.17105343575376714,0.009662117506406998,-0.06207410835259784,0.09499036839172831
zhen,24,LanguageX vs Online-G,0.01,95.34666666666666,465.7216666666706,446.4511111111131,dedup,dedup,0.7952711383408563,True,0.041377837740475876,-0.12217002538470709,0.28080781284000333,mtme_Cross-QE-src,0.23825930869220452,0.966162403744368,-0.00896373924362992,-0.11904477233556647,0.14887993616517275,0.04866029875113953,-0.01973215970976313,0.23510892106742934,0.01390294250032642,-0.07799814616927558,0.17177995624871664,0.000905823516225368,-0.13714126885634503,0.10742118675685329
zhen,24,LanguageX vs Online-G,0.01,95.34666666666666,465.7216666666706,446.4511111111131,dedup,dedup,0.7952711383408563,True,0.041377837740475876,-0.12217002538470709,0.28080781284000333,mtme_HWTSC-TLM-src,0.008851848793782306,0.498241633134339,-0.052715323647065215,-0.11689761165669119,0.021746846289983347,0.02433014937556921,-0.012329593088771832,0.07157968832248349,0.0205870494716347,-0.06691698738449271,0.04429282843436285,-0.0065995713325013305,-0.03480088620900453,0.014418256707662395
zhen,24,LanguageX vs Online-G,0.01,95.34666666666666,465.7216666666706,446.4511111111131,dedup,dedup,0.7952711383408563,True,0.041377837740475876,-0.12217002538470709,0.28080781284000333,mtme_HWTSC-Teacher-Sim-src,0.07277953172432025,0.3949247735620734,0.005724741029546121,-0.033360447713401256,0.09495895491622243,0.04866029875113764,-0.005974765917032834,0.10358624248463834,-0.02433014937556921,-0.1422883014606408,0.039944370386184334,0.0029265067447287185,-0.06715996486764303,0.0718381924941645
zhen,24,LanguageX vs Online-G,0.01,95.34666666666666,465.7216666666706,446.4511111111131,dedup,dedup,0.7952711383408563,True,0.041377837740475876,-0.12217002538470709,0.28080781284000333,mtme_KG-BERTScore-src,0.05195798104287529,0.679795467170797,0.054101398850858406,-0.011205403247668472,0.16811363900687143,0.06535458314799902,-0.0018895370757130263,0.1750305683851292,0.059079426601662655,-0.07906498597780623,0.1575978477478828,0.0029265067447287185,-0.0519515428353793,0.06953533774758522
zhen,24,LanguageX vs Online-G,0.01,95.34666666666666,465.7216666666706,446.4511111111131,dedup,dedup,0.7952711383408563,True,0.041377837740475876,-0.12217002538470709,0.28080781284000333,mtme_MATESE-QE-src,0.10335223498200116,0.9351848265501388,-0.07907298547059827,-0.20713639716076718,0.02425213156424263,-0.03244019916742458,-0.1100373529914349,0.06271775684745949,-0.052715323647065215,-0.17346434171372965,0.035495062418105905,-0.029566079569605774,-0.13789401786815345,0.023643561896248957
zhen,24,LanguageX vs Online-G,0.01,95.34666666666666,465.7216666666706,446.4511111111131,dedup,dedup,0.7952711383408563,True,0.041377837740475876,-0.12217002538470709,0.28080781284000333,mtme_MATESE-refA,0.13630934524685556,0.9674894649743352,-0.030677144864846184,-0.09570643341241715,0.13969415269307797,-0.034283392301936555,-0.11508372218370508,0.11155281145499563,-0.042577761407243564,-0.1335787425243557,0.15968362439122344,-0.02536305845431941,-0.15059941644289135,0.07183014074748144
zhen,24,LanguageX vs Online-G,0.01,95.34666666666666,465.7216666666706,446.4511111111131,dedup,dedup,0.7952711383408563,True,0.041377837740475876,-0.12217002538470709,0.28080781284000333,mtme_MEE-refA,0.0539879070411341,0.8976609341086564,0.005724741029546121,-0.06143066163346456,0.11680815179434227,-0.006082537343891081,-0.053857952020966,0.12382365831085958,-0.024330149375567878,-0.08609962786544943,0.060064015269661576,0.00465852094058905,-0.03572030208209077,0.040671391641471655
zhen,24,LanguageX vs Online-G,0.01,95.34666666666666,465.7216666666706,446.4511111111131,dedup,dedup,0.7952711383408563,True,0.041377837740475876,-0.12217002538470709,0.28080781284000333,mtme_MEE2-refA,0.09742767952426465,0.9352238472927537,-0.05867859555284238,-0.22028927380977403,0.03223407742920295,0.01390294250032642,-0.0439876472969818,0.17255403159839794,-0.006082537343891081,-0.08236688118127353,0.11895956289915545,-0.01086988219470797,-0.07907107252164833,0.03511180159786176
zhen,24,LanguageX vs Online-G,0.01,95.34666666666666,465.7216666666706,446.4511111111131,dedup,dedup,0.7952711383408563,True,0.041377837740475876,-0.12217002538470709,0.28080781284000333,mtme_MEE4-refA,0.12952232268962424,0.9593140488993936,-0.046544633588043505,-0.17478911631515273,0.10011926091118026,0.01390294250032642,-0.0439876472969818,0.17255403159839794,0.0010578325815480127,-0.05038557568658004,0.17421673968674115,0.011921806278066938,-0.06803298202916504,0.08767389517266454
zhen,24,LanguageX vs Online-G,0.01,95.34666666666666,465.7216666666706,446.4511111111131,dedup,dedup,0.7952711383408563,True,0.041377837740475876,-0.12217002538470709,0.28080781284000333,mtme_MS-COMET-22-refA,0.16552085468551264,0.98746083650136,0.06574282232001882,-0.04096760633238521,0.18218435037777417,-0.027371418047513307,-0.13796881245662684,0.1636051973239477,0.03207156054052451,-0.06437023234547531,0.21727005411677108,-0.004347952877883143,-0.06913641478721694,0.05529901560410244
zhen,24,LanguageX vs Online-G,0.01,95.34666666666666,465.7216666666706,446.4511111111131,dedup,dedup,0.7952711383408563,True,0.041377837740475876,-0.12217002538470709,0.28080781284000333,mtme_MS-COMET-QE-22-src,0.1110169696398878,0.9490970977882788,0.027192519890342548,-0.05981890285070923,0.13984514697856515,0.06851296127713391,0.008645938081091742,0.1932702844827539,0.07664309926396895,0.012382774185273759,0.24969619999494172,-0.004347952877883143,-0.05601923568593164,0.046252400520628754
zhen,24,LanguageX vs Online-G,0.01,95.34666666666666,465.7216666666706,446.4511111111131,dedup,dedup,0.7952711383408563,True,0.041377837740475876,-0.12217002538470709,0.28080781284000333,mtme_REUSE-src,0.02051273873706331,-0.0713802384978524,-0.05561177000130102,-0.1541287079491421,0.006726617542040262,0.02585078371154248,-0.007787593974497442,0.10361429528926568,-0.03244019916742458,-0.12735389849051185,0.045511836220044524,-0.014855505666100832,-0.07094763716931546,0.010292013480703464
zhen,24,LanguageX vs Online-G,0.01,95.34666666666666,465.7216666666706,446.4511111111131,dedup,dedup,0.7952711383408563,True,0.041377837740475876,-0.12217002538470709,0.28080781284000333,mtme_SEScore-refA,0.12054783760158463,0.93964771879046,-0.03721081669204618,-0.1976110211950002,0.0594999260481091,0.0486602987511372,-0.07278307280050712,0.11304355647674595,-0.03721081669204618,-0.2362467760610134,0.08187807898826345,0.021337176159982207,-0.026234457439858666,0.0883412091692668
zhen,24,LanguageX vs Online-G,0.01,95.34666666666666,465.7216666666706,446.4511111111131,dedup,dedup,0.7952711383408563,True,0.041377837740475876,-0.12217002538470709,0.28080781284000333,mtme_UniTE-ref-refA,0.20287916709810344,0.975743491343244,0.04866029875113853,-0.03393707933751154,0.2354656041468078,0.06090277397550392,-0.015962085421926373,0.237691077807346,0.048660298751139086,-0.04137590570199588,0.24306183572657952,0.006159599910334768,-0.06858993267657473,0.08573647120319622
zhen,24,LanguageX vs Online-G,0.01,95.34666666666666,465.7216666666706,446.4511111111131,dedup,dedup,0.7952711383408563,True,0.041377837740475876,-0.12217002538470709,0.28080781284000333,mtme_UniTE-refA,0.21172749236610833,0.9824419355235168,0.012165074687785715,-0.0638698093225203,0.18099794236939803,0.06154711477678598,-0.014932878839659519,0.25450873373903177,0.048660298751138975,-0.032130719449042354,0.24346106682128896,-0.004347952877883143,-0.07454451024901784,0.0762081703448442
zhen,24,LanguageX vs Online-G,0.01,95.34666666666666,465.7216666666706,446.4511111111131,dedup,dedup,0.7952711383408563,True,0.041377837740475876,-0.12217002538470709,0.28080781284000333,mtme_UniTE-src-src,0.20047550723947605,0.9607040026515832,0.06906442412507863,0.00015179064979165276,0.25416379150744306,0.08592000595572169,0.019028843255997147,0.27765131352505396,0.07586579924972414,0.012619928848464615,0.2515152954004116,0.022090405750535558,-0.047210708364809756,0.10500707811568911
zhen,24,LanguageX vs Online-G,0.01,95.34666666666666,465.7216666666706,446.4511111111131,dedup,dedup,0.7952711383408563,True,0.041377837740475876,-0.12217002538470709,0.28080781284000333,mtme_YiSi-1-refA,0.1403536148685967,0.9604473082422414,0.003041268671946762,-0.11499301771770831,0.11959391748742206,0.048660298751138975,-0.031145173432338358,0.23919381448974905,-0.017694654091321427,-0.10516251556636651,0.15679440979609854,0.010869882194708191,-0.047993575344732524,0.09185628459044982
zhen,24,LanguageX vs Online-G,0.01,95.34666666666666,465.7216666666706,446.4511111111131,dedup,dedup,0.7952711383408563,True,0.041377837740475876,-0.12217002538470709,0.28080781284000333,mtme_chrF-refA,0.08340335318510622,0.9157360845392822,-0.052715323647065215,-0.23037537953273426,0.05859675662452974,-0.00896373924362992,-0.10961448481148062,0.10508928621585084,0.0030412686719463178,-0.09227429456240406,0.07931822063328936,-0.03013921881259951,-0.11607513735967537,0.02833923845631491
zhen,24,LanguageX vs Online-G,0.01,95.34666666666666,465.7216666666706,446.4511111111131,dedup,dedup,0.7952711383408563,True,0.041377837740475876,-0.12217002538470709,0.28080781284000333,mtme_f101spBLEU-refA,0.06814155688041632,0.8645720481576694,-0.003475735625081633,-0.12020470229309053,0.08807942990644224,-0.06746086872316748,-0.21409262848296012,0.06951584273385779,-0.04737976457347548,-0.13304529712685148,0.04891747943960334,-0.012228617469046688,-0.08983586678580419,0.04783132701760026
zhen,24,LanguageX vs Online-G,0.01,95.34666666666666,465.7216666666706,446.4511111111131,dedup,dedup,0.7952711383408563,True,0.041377837740475876,-0.12217002538470709,0.28080781284000333,mtme_f200spBLEU-refA,0.06487053658243938,0.8696321738056851,-0.0653872764468415,-0.20682371211555586,0.01718674352886047,-0.038233091875892855,-0.0941323688220541,0.07956413586157025,-0.04737976457347548,-0.13092169995738726,0.04225842670564465,-0.020794557242050482,-0.11850773296085512,0.04405991835101908
zhen,24,LanguageX vs Online-G,0.01,95.34666666666666,465.7216666666706,446.4511111111131,dedup,dedup,0.7952711383408563,True,0.041377837740475876,-0.12217002538470709,0.28080781284000333,mtme_metricx_xl_DA_2019-refA,0.21836856362029275,0.9937925634685278,-0.014809656141649086,-0.1074059658781183,0.1739712535624358,0.048660298751139086,-0.02282194067978525,0.21140825678314762,0.03207156054052451,-0.0418255728185041,0.23156793335822048,0.0029265067447287185,-0.06897679008395587,0.08174677972281218
zhen,24,LanguageX vs Online-G,0.01,95.34666666666666,465.7216666666706,446.4511111111131,dedup,dedup,0.7952711383408563,True,0.041377837740475876,-0.12217002538470709,0.28080781284000333,mtme_metricx_xl_MQM_2020-refA,0.24404225893803588,0.9880707146931909,0.06749487601939097,-0.00665385118713566,0.24819928445059716,0.06189540710180319,-0.01819820270769252,0.25804749610425237,0.05527785292647247,-0.028807386502438585,0.195968801842726,0.017323874747815937,-0.05092883012584,0.09362010487598052
zhen,24,LanguageX vs Online-G,0.01,95.34666666666666,465.7216666666706,446.4511111111131,dedup,dedup,0.7952711383408563,True,0.041377837740475876,-0.12217002538470709,0.28080781284000333,mtme_metricx_xxl_DA_2019-refA,0.20135110398839995,0.9945880252964706,-0.017694654091321427,-0.1483798414972949,0.13362730844073514,0.055655998879348356,-0.022602077220621644,0.19201099570897046,0.016925321304745333,-0.07049657243379207,0.18736234688064896,0.021337176159982207,-0.05404753720060175,0.09847824579405232
zhen,24,LanguageX vs Online-G,0.01,95.34666666666666,465.7216666666706,446.4511111111131,dedup,dedup,0.7952711383408563,True,0.041377837740475876,-0.12217002538470709,0.28080781284000333,mtme_metricx_xxl_MQM_2020-refA,0.23576467844842303,0.9848440687329651,0.06657611615264691,-0.010288054359007462,0.23378210645723074,0.03207156054052451,-0.04659943760089965,0.18417825332825474,0.054781536363322725,-0.013897466302288285,0.2448149995045959,0.022090405750535558,-0.03368777496090955,0.10381059549827026
zhen,24,LanguageX vs Online-G,0.01,95.34666666666666,465.7216666666706,446.4511111111131,dedup,dedup,0.7952711383408563,True,0.041377837740475876,-0.12217002538470709,0.28080781284000333,comet22,0.17113770068958606,,-0.030677144864846184,-0.15751623386432043,0.12575705839198592,0.04866029875113953,-0.024129394933330064,0.2120057679649409,0.04866029875113964,-0.029993416327178644,0.21385273446549738,-0.012228617469046243,-0.08241919120079166,0.055208453510101056
zhen,24,LanguageX vs Online-G,0.01,95.34666666666666,465.7216666666706,446.4511111111131,dedup,dedup,0.7952711383408563,True,0.041377837740475876,-0.12217002538470709,0.28080781284000333,qwen3_8b,0.17138939240874318,,0.0486602987511392,-0.04889650169581214,0.1695191302767907,0.0690644241250783,-0.009766115250994916,0.25309798816362866,0.06964739913576212,-0.009580711661516066,0.24911379585951526,0.008631965272268394,-0.03368972485169203,0.09197062157072773
zhen,24,LanguageX vs Online-G,0.01,95.34666666666666,465.7216666666706,446.4511111111131,dedup,dedup,0.7952711383408563,True,0.041377837740475876,-0.12217002538470709,0.28080781284000333,mistral_7b,0.07900444908130645,,0.028385174271498115,-0.03714768155259469,0.17058484469417462,0.04866029875113853,-0.025423706394099344,0.18396934207519125,-0.020854413750486467,-0.0822296795945847,0.1111219310466411,-0.021321691997311598,-0.08727611352338538,0.019038741882400945
zhen,24,LanguageX vs Online-G,0.02,95.34666666666666,243.60000000000048,238.31928571428597,dedup,dedup,0.6085933223864266,True,0.021677809054657216,-0.029844166989280208,0.10725771275125405,mtme_BERTScore-refA,0.12514702252643256,0.9400920205176692,-0.007149753563378436,-0.05577078083882632,0.03386132370598082,-0.0058685177248209985,-0.05330416798074677,0.039185199851738114,-0.014849488170093572,-0.060529890629602554,0.02997583545489553,-2.220446049250313e-16,-0.04680076849760648,0.04098031497111318
zhen,24,LanguageX vs Online-G,0.02,95.34666666666666,243.60000000000048,238.31928571428597,dedup,dedup,0.6085933223864266,True,0.021677809054657216,-0.029844166989280208,0.10725771275125405,mtme_BLEU-refA,0.03669287620155802,0.8293746844592913,0.01737390115900983,-0.002873617941466777,0.04144558140190707,0.006656667110731651,-0.015184606308057196,0.028203545774831723,0.01868161414947289,-0.0006827011544158544,0.045649465501336965,0.0004154767983249874,-0.01884195826276266,0.027525181792671008
zhen,24,LanguageX vs Online-G,0.02,95.34666666666666,243.60000000000048,238.31928571428597,dedup,dedup,0.6085933223864266,True,0.021677809054657216,-0.029844166989280208,0.10725771275125405,mtme_BLEURT-20-refA,0.17539863580809759,0.9802219595565596,0.008630173124737017,-0.04550037305287195,0.05705507932929761,0.007721733848448986,-0.034695573903476475,0.05066023862662425,-0.0028956501931680645,-0.05477488208714347,0.04154800513067613,0.001160469678080145,-0.03738419439941577,0.041746439218960846
zhen,24,LanguageX vs Online-G,0.02,95.34666666666666,243.60000000000048,238.31928571428597,dedup,dedup,0.6085933223864266,True,0.021677809054657216,-0.029844166989280208,0.10725771275125405,mtme_COMET-20-refA,0.15731762147569806,0.9752672183823412,-0.0015443467696896196,-0.043474751214354325,0.0345817800177654,-0.0058685177248209985,-0.055192304806026785,0.062694000884207,-0.007149753563378214,-0.051134456926487194,0.05439968201968046,-0.009615320189804821,-0.04502824544801279,0.028481449273443368
zhen,24,LanguageX vs Online-G,0.02,95.34666666666666,243.60000000000048,238.31928571428597,dedup,dedup,0.6085933223864266,True,0.021677809054657216,-0.029844166989280208,0.10725771275125405,mtme_COMET-22-refA,0.22505271669938276,0.9866351677254928,0.01614544350130187,-0.03517703786056656,0.0611770978705668,0.051156486745972285,-0.0007962077112066894,0.11292941628798574,0.027707397926786448,-0.019858855636558374,0.0765719897574158,0.011217873554772773,-0.03162340431892878,0.06217947650468956
zhen,24,LanguageX vs Online-G,0.02,95.34666666666666,243.60000000000048,238.31928571428597,dedup,dedup,0.6085933223864266,True,0.021677809054657216,-0.029844166989280208,0.10725771275125405,mtme_COMET-QE-src,0.13523922244042066,0.922900899652606,0.018875349407319275,-0.014251364009590988,0.06786763003936902,0.037816696539838546,-0.004595795422547687,0.08200606498453776,0.013899120927207909,-0.022079132393752327,0.05470123184064861,0.01121787355477255,-0.03172206801248353,0.04739693089710497
zhen,24,LanguageX vs Online-G,0.02,95.34666666666666,243.60000000000048,238.31928571428597,dedup,dedup,0.6085933223864266,True,0.021677809054657216,-0.029844166989280208,0.10725771275125405,mtme_COMETKiwi-src,0.1730413393036585,0.959377087982424,0.02118526978933377,-0.025387387643722552,0.07753200818179301,0.037816696539838546,-0.006184040082474001,0.094937308779066,0.013899120927207798,-0.02925872783023901,0.06893905249294428,0.017207512114618795,-0.02095091054209776,0.04919133178914742
zhen,24,LanguageX vs Online-G,0.02,95.34666666666666,243.60000000000048,238.31928571428597,dedup,dedup,0.6085933223864266,True,0.021677809054657216,-0.029844166989280208,0.10725771275125405,mtme_Cross-QE-src,0.23825930869220452,0.966162403744368,0.020076508005966942,-0.028480581912410496,0.0760392096804804,0.042898521380270394,-0.004162129722246254,0.10319575925316768,0.03580076602462612,-0.01001177047256474,0.09357807159395982,0.03158264465824767,-0.006700360293689226,0.08922668327232205
zhen,24,LanguageX vs Online-G,0.02,95.34666666666666,243.60000000000048,238.31928571428597,dedup,dedup,0.6085933223864266,True,0.021677809054657216,-0.029844166989280208,0.10725771275125405,mtme_HWTSC-TLM-src,0.008851848793782306,0.498241633134339,-0.031282104080600615,-0.0674190749966102,0.006184240396163586,-0.0035098790220218223,-0.029093625734622486,0.018308763419065385,0.0030418951524193716,-0.029016471078701245,0.03208231194061982,0.0,-0.017113592277321826,0.02095090996796833
zhen,24,LanguageX vs Online-G,0.02,95.34666666666666,243.60000000000048,238.31928571428597,dedup,dedup,0.6085933223864266,True,0.021677809054657216,-0.029844166989280208,0.10725771275125405,mtme_HWTSC-Teacher-Sim-src,0.07277953172432025,0.3949247735620734,-0.007721733848448542,-0.043140827720410495,0.026957051084959698,-0.008254267217306932,-0.034341196476292093,0.01721953946035472,0.011707144867002972,-0.017744140094879284,0.04001833285757161,-0.017948597687635903,-0.047862380560004546,0.012973002799696648
zhen,24,LanguageX vs Online-G,0.02,95.34666666666666,243.60000000000048,238.31928571428597,dedup,dedup,0.6085933223864266,True,0.021677809054657216,-0.029844166989280208,0.10725771275125405,mtme_KG-BERTScore-src,0.05195798104287529,0.679795467170797,-0.023165201545345848,-0.05654727824006343,0.022652001757254573,-0.000798800053287696,-0.028136714487211802,0.0223361595243592,-0.002241793697936645,-0.030994628368719,0.020343478270601897,-0.00701117097173265,-0.03436795045130588,0.028832758421693236
zhen,24,LanguageX vs Online-G,0.02,95.34666666666666,243.60000000000048,238.31928571428597,dedup,dedup,0.6085933223864266,True,0.021677809054657216,-0.029844166989280208,0.10725771275125405,mtme_MATESE-QE-src,0.10335223498200116,0.9351848265501388,0.0027798241854414263,-0.05173821878697009,0.04505398230361614,0.022697217675743064,-0.03113261723119799,0.06752236952935467,0.020076508005966498,-0.0262919349362979,0.0654463386334583,0.024356435557014833,-0.010908331612393024,0.07044679667443342
zhen,24,LanguageX vs Online-G,0.02,95.34666666666666,243.60000000000048,238.31928571428597,dedup,dedup,0.6085933223864266,True,0.021677809054657216,-0.029844166989280208,0.10725771275125405,mtme_MATESE-refA,0.13630934524685556,0.9674894649743352,0.003860866924224493,-0.04625942680758053,0.05508041436805918,0.032630552714412064,6.247891839824632e-05,0.08621792902470868,0.027707397926786448,-0.014706408621283787,0.08104506946992793,0.04715570491384624,0.010533616087908666,0.1132063061112316
zhen,24,LanguageX vs Online-G,0.02,95.34666666666666,243.60000000000048,238.31928571428597,dedup,dedup,0.6085933223864266,True,0.021677809054657216,-0.029844166989280208,0.10725771275125405,mtme_MEE-refA,0.0539879070411341,0.8976609341086564,0.015443467696897306,-0.012250542096012534,0.055478677067399694,0.005662604822195716,-0.016426625314335173,0.03776935569650089,-0.015443467696897306,-0.051417157788847936,0.022573736174395457,0.0014957164739698436,-0.027275739140658124,0.03591396194914075
zhen,24,LanguageX vs Online-G,0.02,95.34666666666666,243.60000000000048,238.31928571428597,dedup,dedup,0.6085933223864266,True,0.021677809054657216,-0.029844166989280208,0.10725771275125405,mtme_MEE2-refA,0.09742767952426465,0.9352238472927537,-0.0015443467696896196,-0.047380564521070874,0.035776418885624155,0.011707144867002972,-0.007443872799331868,0.04635444980244667,-0.0015443467696896196,-0.05041045689915862,0.04393403461586344,0.016721865744901532,-0.025233358717619312,0.06034444048904305
zhen,24,LanguageX vs Online-G,0.02,95.34666666666666,243.60000000000048,238.31928571428597,dedup,dedup,0.6085933223864266,True,0.021677809054657216,-0.029844166989280208,0.10725771275125405,mtme_MEE4-refA,0.12952232268962424,0.9593140488993936,0.0030418951524193716,-0.03662480055671199,0.04816853331908272,0.021348322992769897,-0.011202235797690595,0.06704522471354293,-0.0028956501931680645,-0.04872111795877979,0.049858254307403184,0.017207512114618573,-0.027174127904259653,0.05981791677222727
zhen,24,LanguageX vs Online-G,0.02,95.34666666666666,243.60000000000048,238.31928571428597,dedup,dedup,0.6085933223864266,True,0.021677809054657216,-0.029844166989280208,0.10725771275125405,mtme_MS-COMET-22-refA,0.16552085468551264,0.98746083650136,0.007003433025337791,-0.03781554912640194,0.05350023280992838,0.03764345251118739,-0.006351358431130486,0.09826870450870905,0.013899120927207909,-0.02880911402380773,0.059166704123393234,0.0008012766824836426,-0.050304693199154295,0.05659760001826153
zhen,24,LanguageX vs Online-G,0.02,95.34666666666666,243.60000000000048,238.31928571428597,dedup,dedup,0.6085933223864266,True,0.021677809054657216,-0.029844166989280208,0.10725771275125405,mtme_MS-COMET-QE-22-src,0.1110169696398878,0.9490970977882788,-0.01619073226287604,-0.07742091286820794,0.022873399045497955,0.003860866924224493,-0.04233051720196306,0.03846390729200259,0.003860866924224493,-0.04947240430687315,0.04382541710057999,-0.00701117097173265,-0.03379980085503847,0.030804272415937476
zhen,24,LanguageX vs Online-G,0.02,95.34666666666666,243.60000000000048,238.31928571428597,dedup,dedup,0.6085933223864266,True,0.021677809054657216,-0.029844166989280208,0.10725771275125405,mtme_REUSE-src,0.02051273873706331,-0.0713802384978524,-0.04083140118090056,-0.08535599836345364,0.001640574059925908,-0.007149753563378214,-0.04392318004809746,0.033882258953387,-0.031998301363123316,-0.08200082186235694,0.006455591584356488,0.0004154767983249874,-0.023113017419660733,0.03437208883745979
zhen,24,LanguageX vs Online-G,0.02,95.34666666666666,243.60000000000048,238.31928571428597,dedup,dedup,0.6085933223864266,True,0.021677809054657216,-0.029844166989280208,0.10725771275125405,mtme_SEScore-refA,0.12054783760158463,0.93964771879046,0.02235238745603596,-0.015081562272272708,0.06821236306976611,0.026253895084725754,-0.008777258334999228,0.0760100618287318,0.005662604822195938,-0.03555910127433312,0.05569763490601978,0.01121787355477255,-0.02889999195618284,0.050874610708175436
zhen,24,LanguageX vs Online-G,0.02,95.34666666666666,243.60000000000048,238.31928571428597,dedup,dedup,0.6085933223864266,True,0.021677809054657216,-0.029844166989280208,0.10725771275125405,mtme_UniTE-ref-refA,0.20287916709810344,0.975743491343244,0.032431282163484676,-0.018883687799576825,0.08556603999232501,0.04439996962857984,-0.0022305687837481324,0.11326325939338272,0.02924899185018448,-0.019403252477341575,0.09428285701364598,-0.023095622024531304,-0.06678773893139689,0.028883103639374946
zhen,24,LanguageX vs Online-G,0.02,95.34666666666666,243.60000000000048,238.31928571428597,dedup,dedup,0.6085933223864266,True,0.021677809054657216,-0.029844166989280208,0.10725771275125405,mtme_UniTE-refA,0.21172749236610833,0.9824419355235168,0.016662688830863193,-0.04261729068542212,0.08840092977119979,0.04235254019906687,-0.01093435481661315,0.105090745100757,0.021348322992769897,-0.0314167385685291,0.09202133255586292,-0.026416282887044673,-0.07601720592031713,0.02543001808090819
zhen,24,LanguageX vs Online-G,0.02,95.34666666666666,243.60000000000048,238.31928571428597,dedup,dedup,0.6085933223864266,True,0.021677809054657216,-0.029844166989280208,0.10725771275125405,mtme_UniTE-src-src,0.20047550723947605,0.9607040026515832,0.02235238745603596,-0.03367539910060964,0.08268720911250235,0.04695648961894472,-0.0036352966556789483,0.12259284196960973,0.02358259256418127,-0.03448958374493786,0.09310380723329824,-0.010386919958122798,-0.06190719981082866,0.03817351136653343
zhen,24,LanguageX vs Online-G,0.02,95.34666666666666,243.60000000000048,238.31928571428597,dedup,dedup,0.6085933223864266,True,0.021677809054657216,-0.029844166989280208,0.10725771275125405,mtme_YiSi-1-refA,0.1403536148685967,0.9604473082422414,-0.014849488170093572,-0.06763216077432048,0.030911062132510478,-0.023165201545346292,-0.07697993693680133,0.02403904648217354,-0.023165201545346292,-0.07428145088492201,0.030135620704907058,0.01758186452460886,-0.02570390080151573,0.06398970643994416
zhen,24,LanguageX vs Online-G,0.02,95.34666666666666,243.60000000000048,238.31928571428597,dedup,dedup,0.6085933223864266,True,0.021677809054657216,-0.029844166989280208,0.10725771275125405,mtme_chrF-refA,0.08340335318510622,0.9157360845392822,0.027707397926786448,-0.009234920516107107,0.06842928212573325,0.02007650800596661,-0.01225401435809409,0.05903713267179059,0.014112134274750998,-0.027353676756219122,0.057784616070693504,0.01643960973515135,-0.018969505284445142,0.06022089532407887
zhen,24,LanguageX vs Online-G,0.02,95.34666666666666,243.60000000000048,238.31928571428597,dedup,dedup,0.6085933223864266,True,0.021677809054657216,-0.029844166989280208,0.10725771275125405,mtme_f101spBLEU-refA,0.06814155688041632,0.8645720481576694,0.032431282163484676,0.004026938857137755,0.06879560091066689,0.01868161414947267,-0.0023183267790650663,0.05494788496897041,0.02924899185018448,0.0011419116977900157,0.06926763259468531,0.011217873554772217,-0.02514437244606279,0.040997635211123665
zhen,24,LanguageX vs Online-G,0.02,95.34666666666666,243.60000000000048,238.31928571428597,dedup,dedup,0.6085933223864266,True,0.021677809054657216,-0.029844166989280208,0.10725771275125405,mtme_f200spBLEU-refA,0.06487053658243938,0.8696321738056851,0.02924899185018448,0.0049378453279184335,0.06246339688780481,0.025656083431942478,0.0010208964940082027,0.0590815693855255,0.022697217675743175,-0.0022359443746427896,0.05502641221770973,0.011217873554772217,-0.024341927758725228,0.04018956849269578
zhen,24,LanguageX vs Online-G,0.02,95.34666666666666,243.60000000000048,238.31928571428597,dedup,dedup,0.6085933223864266,True,0.021677809054657216,-0.029844166989280208,0.10725771275125405,mtme_metricx_xl_DA_2019-refA,0.21836856362029275,0.9937925634685278,0.012869556414081162,-0.05292772928082402,0.07247482316340696,0.03449041118973728,-0.02302699408169451,0.10253561307132183,0.0008579704276053812,-0.06209071692086344,0.05535935255337346,0.01758186452460908,-0.027165839379719357,0.062350578805164335
zhen,24,LanguageX vs Online-G,0.02,95.34666666666666,243.60000000000048,238.31928571428597,dedup,dedup,0.6085933223864266,True,0.021677809054657216,-0.029844166989280208,0.10725771275125405,mtme_metricx_xl_MQM_2020-refA,0.24404225893803588,0.9880707146931909,0.029426066827872188,-0.022231877127228215,0.09144226718483343,0.04439996962857984,-0.003810363493833583,0.11087912415639116,0.01737390115900983,-0.03088516961683707,0.0689017120963446,0.023560159072030684,-0.022341071362516486,0.08367726981656665
zhen,24,LanguageX vs Online-G,0.02,95.34666666666666,243.60000000000048,238.31928571428597,dedup,dedup,0.6085933223864266,True,0.021677809054657216,-0.029844166989280208,0.10725771275125405,mtme_metricx_xxl_DA_2019-refA,0.20135110398839995,0.9945880252964706,0.022697217675743175,-0.02249282085173894,0.07208401018616842,0.03960502199688187,-0.018625124910267864,0.1053217658215012,0.010617384041617162,-0.040882138541477014,0.06562592330807235,0.01778715455589408,-0.023422955904180524,0.06805563101731564
zhen,24,LanguageX vs Online-G,0.02,95.34666666666666,243.60000000000048,238.31928571428597,dedup,dedup,0.6085933223864266,True,0.021677809054657216,-0.029844166989280208,0.10725771275125405,mtme_metricx_xxl_MQM_2020-refA,0.23576467844842303,0.9848440687329651,-0.008751298361574955,-0.06795862146889448,0.038523702057005074,0.038608669242243154,-0.026969020038185142,0.11136972211675442,0.02007650800596661,-0.040134280590852466,0.068278646337551,0.011217873554772773,-0.03721144169656087,0.07049190894119252
zhen,24,LanguageX vs Online-G,0.02,95.34666666666666,243.60000000000048,238.31928571428597,dedup,dedup,0.6085933223864266,True,0.021677809054657216,-0.029844166989280208,0.10725771275125405,comet22,0.17113770068958606,,0.009593669326860677,-0.022871390889607195,0.05222147999483867,0.029023068602789692,-0.013243660492818015,0.09722452128712103,0.0030418951524193716,-0.04341291702124647,0.046481781297958456,0.011217873554772329,-0.034810369144565846,0.05031999262933416
zhen,24,LanguageX vs Online-G,0.02,95.34666666666666,243.60000000000048,238.31928571428597,dedup,dedup,0.6085933223864266,True,0.021677809054657216,-0.029844166989280208,0.10725771275125405,qwen3_8b,0.17138939240874318,,0.011895644036799546,-0.04097309786534841,0.061113041870704855,0.020076508005966942,-0.031870441930774915,0.07181553731410836,0.010097651955664033,-0.037408215491959176,0.057894478875385756,0.0,-0.04196082151948561,0.048304938335815686
zhen,24,LanguageX vs Online-G,0.02,95.34666666666666,243.60000000000048,238.31928571428597,dedup,dedup,0.6085933223864266,True,0.021677809054657216,-0.029844166989280208,0.10725771275125405,mistral_7b,0.07900444908130645,,-0.008254267217307154,-0.05517104220563769,0.041687480902479424,-0.0051478225656327314,-0.044853071792474095,0.03542787191763045,0.001781938580410869,-0.03175809141976784,0.045128246742313256,0.0,-0.03162340431892879,0.035083965387429784
zhen,25,LanguageX vs HuaweiTSC,0.01,97.27,330.03266666666696,317.46333333333394,weighted,weighted,0.7052715993770317,True,0.0380851188468202,-0.06546490467559234,0.11444459218242642,mtme_BERTScore-refA,0.11716374000264482,0.9400920205176692,-0.07805625846554398,-0.11962932353611033,-0.011802984434319524,-0.059599606217533685,-0.1059526178247529,-0.0030482505515390256,-0.061728163582445816,-0.1114143338636801,-0.0026057956098984023,-0.04767968497402686,-0.08103290070132733,0.006095825762040779
zhen,25,LanguageX vs HuaweiTSC,0.01,97.27,330.03266666666696,317.46333333333394,weighted,weighted,0.7052715993770317,True,0.0380851188468202,-0.06546490467559234,0.11444459218242642,mtme_BLEU-refA,0.027455401848834868,0.8293746844592913,-0.054012143134639645,-0.07989140034234977,-0.0030586478387737387,-0.01152259053538951,-0.041547876538399205,0.014828261178235044,-0.034567771606169195,-0.06793777169442808,0.007520211973109037,-0.034567771606169195,-0.06095863836618319,0.007518236290364693
zhen,25,LanguageX vs HuaweiTSC,0.01,97.27,330.03266666666696,317.46333333333394,weighted,weighted,0.7052715993770317,True,0.0380851188468202,-0.06546490467559234,0.11444459218242642,mtme_BLEURT-20-refA,0.15383595125065058,0.9802219595565596,-0.08888855555872155,-0.13657545640984797,-0.00939439241260682,-0.05237541152449898,-0.09463533830070332,0.011175880679839108,-0.052375411524499205,-0.10040685113266487,0.01282356886294992,-0.03950602469276476,-0.07333959630580758,0.022149924374044876
zhen,25,LanguageX vs HuaweiTSC,0.01,97.27,330.03266666666696,317.46333333333394,weighted,weighted,0.7052715993770317,True,0.0380851188468202,-0.06546490467559234,0.11444459218242642,mtme_COMET-20-refA,0.15297129137248336,0.9752672183823412,-0.06539848682248262,-0.11557163685635367,0.018108814703489302,-0.03345268219951869,-0.07849999313101773,0.031200980538236677,-0.05575447033253145,-0.09526516337751771,0.006117868377319141,-0.022301788133012534,-0.06305679316927974,0.044235614370791584
zhen,25,LanguageX vs HuaweiTSC,0.01,97.27,330.03266666666696,317.46333333333394,weighted,weighted,0.7052715993770317,True,0.0380851188468202,-0.06546490467559234,0.11444459218242642,mtme_COMET-22-refA,0.22441055675202254,0.9866351677254928,-0.08380065843919882,-0.1538120416653002,0.0023795107166465134,-0.062850493829399,-0.10992392222287047,0.011542275272556312,-0.08641942901542388,-0.14409975717468676,-0.0033050028151806574,-0.05925903703914748,-0.10109749456495774,0.00770036306895245
zhen,25,LanguageX vs HuaweiTSC,0.01,97.27,330.03266666666696,317.46333333333394,weighted,weighted,0.7052715993770317,True,0.0380851188468202,-0.06546490467559234,0.11444459218242642,mtme_COMET-QE-src,0.1189313840533753,0.922900899652606,-0.07561700038849573,-0.12665913365095985,-0.010925607374439962,-0.012345632716489252,-0.050513278846081935,0.03186766137257903,-0.05401214313463987,-0.09588288707406266,0.009285883652019987,-0.025605756745310737,-0.06407044599239413,0.015405596613350751
zhen,25,LanguageX vs HuaweiTSC,0.01,97.27,330.03266666666696,317.46333333333394,weighted,weighted,0.7052715993770317,True,0.0380851188468202,-0.06546490467559234,0.11444459218242642,mtme_COMETKiwi-src,0.17656248429508936,0.959377087982424,-0.09342640974640393,-0.15012091660192667,-0.010121814149360473,-0.034567771606169195,-0.08479417417302654,0.022064214669874228,-0.023045181070779464,-0.0630100154437195,0.04197454455605178,-0.05925903703914748,-0.09840306292082386,0.005327683379981989
zhen,25,LanguageX vs HuaweiTSC,0.01,97.27,330.03266666666696,317.46333333333394,weighted,weighted,0.7052715993770317,True,0.0380851188468202,-0.06546490467559234,0.11444459218242642,mtme_Cross-QE-src,0.17838741569405045,0.966162403744368,0.012295666974948327,-0.04550877797594739,0.0752043999897726,0.022192179418199176,-0.02261426744015795,0.08294022418830166,0.03461497550555992,-0.0037238048819829114,0.11244989873623079,0.023944193582793538,-0.01294582813119694,0.07943443342869556
zhen,25,LanguageX vs HuaweiTSC,0.01,97.27,330.03266666666696,317.46333333333394,weighted,weighted,0.7052715993770317,True,0.0380851188468202,-0.06546490467559234,0.11444459218242642,mtme_HWTSC-TLM-src,0.06696062800100133,0.498241633134339,-0.05575447033253145,-0.0938465660894632,0.0024265998174495163,-0.041900329219599186,-0.06445145593189075,-0.004635843224035342,-0.03240728588078379,-0.050007939640275154,0.0090283096586831,-0.021604857253855858,-0.03726220414213081,0.0018927267710034895
zhen,25,LanguageX vs HuaweiTSC,0.01,97.27,330.03266666666696,317.46333333333394,weighted,weighted,0.7052715993770317,True,0.0380851188468202,-0.06546490467559234,0.11444459218242642,mtme_HWTSC-Teacher-Sim-src,0.0662404560731008,0.3949247735620734,-0.04460357626602507,-0.08344842972530118,0.0025912154435312118,-0.011522590535389732,-0.03911814887018807,0.024492668357938976,-0.012345632716489252,-0.054340469634535614,0.030849875252901247,-0.011522590535389732,-0.04514003363271188,0.020583605237998
zhen,25,LanguageX vs HuaweiTSC,0.01,97.27,330.03266666666696,317.46333333333394,weighted,weighted,0.7052715993770317,True,0.0380851188468202,-0.06546490467559234,0.11444459218242642,mtme_KG-BERTScore-src,0.056510299678514314,0.679795467170797,-0.022301788133012534,-0.05652637557754702,0.026600063069242,-0.02095016460979937,-0.04940122645826301,0.025433015947290992,-0.022301788133012534,-0.052621166060616065,0.017470586218645136,-0.022301788133012534,-0.04829373784895975,0.009420556385026967
zhen,25,LanguageX vs HuaweiTSC,0.01,97.27,330.03266666666696,317.46333333333394,weighted,weighted,0.7052715993770317,True,0.0380851188468202,-0.06546490467559234,0.11444459218242642,mtme_MATESE-QE-src,0.10227564134138768,0.9351848265501388,-0.08408376877176349,-0.12594197160042545,-0.008297088573092016,-0.07901204938553019,-0.1099136075006137,-0.01269551949865742,-0.08888855555872155,-0.1271478409732759,-0.017132780764009696,-0.08187103801461149,-0.12179722016435561,-0.014035587378733932
zhen,25,LanguageX vs HuaweiTSC,0.01,97.27,330.03266666666696,317.46333333333394,weighted,weighted,0.7052715993770317,True,0.0380851188468202,-0.06546490467559234,0.11444459218242642,mtme_MATESE-refA,0.1156290657660069,0.9674894649743352,-0.05237541152449898,-0.09663915270439155,0.018671003384603826,-0.07474112779712283,-0.11023226667966426,-0.010869433995722383,-0.09342640974640393,-0.13855909077777206,-0.020822482695707405,-0.06100194989324037,-0.09421609054887807,-0.006478560922851881
zhen,25,LanguageX vs HuaweiTSC,0.01,97.27,330.03266666666696,317.46333333333394,weighted,weighted,0.7052715993770317,True,0.0380851188468202,-0.06546490467559234,0.11444459218242642,mtme_MEE-refA,0.05985372373091545,0.8976609341086564,-0.05575447033253145,-0.09103186805905032,-0.003086913498244333,-0.05925903703914748,-0.08431812500351324,-0.008770056252879533,-0.04460357626602507,-0.07921732234173154,0.004459942663168619,-0.03456777160616942,-0.06860038270233408,0.008842321776542626
zhen,25,LanguageX vs HuaweiTSC,0.01,97.27,330.03266666666696,317.46333333333394,weighted,weighted,0.7052715993770317,True,0.0380851188468202,-0.06546490467559234,0.11444459218242642,mtme_MEE2-refA,0.09356225619183724,0.9352238472927537,-0.052375411524499205,-0.08924188748951943,0.004942415173830532,-0.041900329219599186,-0.07011747109706304,0.0053281619682808866,-0.04460357626602507,-0.08400179165071185,0.01025672602516929,-0.03456777160616942,-0.07929799606076379,0.02281682517248821
zhen,25,LanguageX vs HuaweiTSC,0.01,97.27,330.03266666666696,317.46333333333394,weighted,weighted,0.7052715993770317,True,0.0380851188468202,-0.06546490467559234,0.11444459218242642,mtme_MEE4-refA,0.11185547003617385,0.9593140488993936,-0.06367747401136459,-0.0957884841001012,0.005739501307600911,-0.06721511145644032,-0.1006716782044054,-0.004551541786684706,-0.0711689415421135,-0.11018398613727207,-0.00460597122756102,-0.05925903703914748,-0.10076758172852097,0.005024405999640059
zhen,25,LanguageX vs HuaweiTSC,0.01,97.27,330.03266666666696,317.46333333333394,weighted,weighted,0.7052715993770317,True,0.0380851188468202,-0.06546490467559234,0.11444459218242642,mtme_MS-COMET-22-refA,0.14848420205853166,0.98746083650136,-0.011150894066506156,-0.06523450383484534,0.044848789549285256,2.220446049250313e-16,-0.05359330089281611,0.04625576388043403,-0.011522590535389732,-0.06533340446304216,0.039531585708848356,0.012637213279807935,-0.027530730763465388,0.06918183796955504
zhen,25,LanguageX vs HuaweiTSC,0.01,97.27,330.03266666666696,317.46333333333394,weighted,weighted,0.7052715993770317,True,0.0380851188468202,-0.06546490467559234,0.11444459218242642,mtme_MS-COMET-QE-22-src,0.13163771776936375,0.9490970977882788,-0.030500974946619852,-0.08319742353919019,0.03708310173312145,0.016644134563649438,-0.018956043299338553,0.06664771669887587,0.005686745975914342,-0.04132792987782634,0.051306998970486566,3.3306690738754696e-16,-0.040468424819983896,0.0450592230755485
zhen,25,LanguageX vs HuaweiTSC,0.01,97.27,330.03266666666696,317.46333333333394,weighted,weighted,0.7052715993770317,True,0.0380851188468202,-0.06546490467559234,0.11444459218242642,mtme_REUSE-src,0.01532847400364493,-0.0713802384978524,0.011665119950592162,-0.020129467021027542,0.06091212690462851,0.006499138258187376,-0.0165877337715025,0.039902866223980926,0.006690289383428194,-0.021185520961695837,0.0551453818443631,0.006499138258187376,-0.013341583524894701,0.03597499969391322
zhen,25,LanguageX vs HuaweiTSC,0.01,97.27,330.03266666666696,317.46333333333394,weighted,weighted,0.7052715993770317,True,0.0380851188468202,-0.06546490467559234,0.11444459218242642,mtme_SEScore-refA,0.12774548499767646,0.93964771879046,-0.03005893183145214,-0.10374538362492015,0.025862184500919858,-0.039885890314810934,-0.09289399785356596,0.017315713416692524,-0.037036898149467534,-0.079061774688631,0.010465880009021851,0.006499138258187376,-0.05284433915304501,0.0429386662327052
zhen,25,LanguageX vs HuaweiTSC,0.01,97.27,330.03266666666696,317.46333333333394,weighted,weighted,0.7052715993770317,True,0.0380851188468202,-0.06546490467559234,0.11444459218242642,mtme_UniTE-ref-refA,0.18040670363483063,0.975743491343244,-0.08888855555872155,-0.13480098112760425,-0.0010378071254166321,-0.0733255761342988,-0.12421755703968111,0.003333205419869538,-0.05575447033253145,-0.1101464693284041,0.024342927743070907,-0.0733255761342988,-0.1184721913506101,0.00782223181944018
zhen,25,LanguageX vs HuaweiTSC,0.01,97.27,330.03266666666696,317.46333333333394,weighted,weighted,0.7052715993770317,True,0.0380851188468202,-0.06546490467559234,0.11444459218242642,mtme_UniTE-refA,0.19101228459606812,0.9824419355235168,-0.1121116916956848,-0.17963242424761683,-0.024910323967639654,-0.06913554321233906,-0.12559698826230295,0.013746937678751174,-0.061728163582445816,-0.13610252456257838,0.01991637932114035,-0.08380065843919882,-0.13642540987547783,0.0034537911148779183
zhen,25,LanguageX vs HuaweiTSC,0.01,97.27,330.03266666666696,317.46333333333394,weighted,weighted,0.7052715993770317,True,0.0380851188468202,-0.06546490467559234,0.11444459218242642,mtme_UniTE-src-src,0.15532124093064686,0.9607040026515832,-0.09602158779491532,-0.1366055144817412,-0.017900220568901642,-0.04938253086595612,-0.08825915435552914,0.004087546658992467,-0.061001949893239926,-0.1119483422518995,0.0042638480334670345,-0.07681727023593199,-0.11403429363039586,-0.010452099596256963
zhen,25,LanguageX vs HuaweiTSC,0.01,97.27,330.03266666666696,317.46333333333394,weighted,weighted,0.7052715993770317,True,0.0380851188468202,-0.06546490467559234,0.11444459218242642,mtme_YiSi-1-refA,0.09956737683076106,0.9604473082422414,-0.05401214313463987,-0.09218082675997531,-0.0009503923135707681,-0.04609036214155937,-0.09035705350797239,0.004997393402509809,-0.049382530865956564,-0.0913719662258315,0.006870171870663741,-0.0576129526769491,-0.08769790974594119,-0.002212153615335181
zhen,25,LanguageX vs HuaweiTSC,0.01,97.27,330.03266666666696,317.46333333333394,weighted,weighted,0.7052715993770317,True,0.0380851188468202,-0.06546490467559234,0.11444459218242642,mtme_chrF-refA,0.06535792759607578,0.9157360845392822,-0.04460357626602507,-0.082689543032135,0.011189975469389941,-0.023045181070779464,-0.06250923404708539,0.019504623738273233,-0.03575976373052003,-0.07804660165342552,0.009617526010420365,-0.032407285880783565,-0.059769601350581895,0.019870337586070125
zhen,25,LanguageX vs HuaweiTSC,0.01,97.27,330.03266666666696,317.46333333333394,weighted,weighted,0.7052715993770317,True,0.0380851188468202,-0.06546490467559234,0.11444459218242642,mtme_f101spBLEU-refA,0.0453168670081235,0.8645720481576694,-0.02383984248701343,-0.06052479404890843,0.018789149485933004,0.0,-0.044051851788296174,0.02650558750168122,-0.034567771606169195,-0.07112874042767355,0.008937852443910172,-0.034567771606169195,-0.061484947630495376,0.00752389542650483
zhen,25,LanguageX vs HuaweiTSC,0.01,97.27,330.03266666666696,317.46333333333394,weighted,weighted,0.7052715993770317,True,0.0380851188468202,-0.06546490467559234,0.11444459218242642,mtme_f200spBLEU-refA,0.056852487631434814,0.8696321738056851,-0.04609036214155915,-0.08195591768707722,0.008443704415279793,-0.023045181070779464,-0.05511185052976104,0.013200348855808007,-0.04609036214155915,-0.08416049005372545,2.107962067171489e-05,-0.04460357626602485,-0.07189034905023832,0.006408963832125803
zhen,25,LanguageX vs HuaweiTSC,0.01,97.27,330.03266666666696,317.46333333333394,weighted,weighted,0.7052715993770317,True,0.0380851188468202,-0.06546490467559234,0.11444459218242642,mtme_metricx_xl_DA_2019-refA,0.20855841633704458,0.9937925634685278,-0.035759763730520255,-0.09408311740470689,0.046005643997968165,-0.05237541152449943,-0.08712514938295492,0.01495452724180614,-0.05083495824436701,-0.10155829584678139,0.022532324604264294,-0.03950602469276476,-0.06760375631151695,0.021776094423648508
zhen,25,LanguageX vs HuaweiTSC,0.01,97.27,330.03266666666696,317.46333333333394,weighted,weighted,0.7052715993770317,True,0.0380851188468202,-0.06546490467559234,0.11444459218242642,mtme_metricx_xl_MQM_2020-refA,0.22594585597493885,0.9880707146931909,-0.04938253086595634,-0.09232497290977404,0.023932725692273546,-0.059018146644679526,-0.10771997489826654,0.027129154562484502,-0.05925903703914748,-0.11591274558349218,0.023070852102438887,-0.05083495824436701,-0.09255003389317051,0.020691819454527197
zhen,25,LanguageX vs HuaweiTSC,0.01,97.27,330.03266666666696,317.46333333333394,weighted,weighted,0.7052715993770317,True,0.0380851188468202,-0.06546490467559234,0.11444459218242642,mtme_metricx_xxl_DA_2019-refA,0.17797304477741066,0.9945880252964706,-0.041900329219599186,-0.0921919333609086,0.03550063501014791,-0.035759763730520255,-0.08571699315296906,0.02561655024373964,-0.02383984248701365,-0.06552565225643102,0.041954316705737245,0.0,-0.05618241450557516,0.06917167997661365
zhen,25,LanguageX vs HuaweiTSC,0.01,97.27,330.03266666666696,317.46333333333394,weighted,weighted,0.7052715993770317,True,0.0380851188468202,-0.06546490467559234,0.11444459218242642,mtme_metricx_xxl_MQM_2020-refA,0.1957038973836444,0.9848440687329651,-0.06913554321233906,-0.11711212080442109,0.010123951569406176,-0.07277425601298826,-0.12092594563886586,-0.0012269789925703418,-0.07977178062962165,-0.1379989016871553,-0.0069436814594495315,-0.06100194989324037,-0.10136273147775803,0.0002049621319423926
zhen,25,LanguageX vs HuaweiTSC,0.01,97.27,330.03266666666696,317.46333333333394,weighted,weighted,0.7052715993770317,True,0.0380851188468202,-0.06546490467559234,0.11444459218242642,comet22,0.14909639231249688,,-0.05401214313464009,-0.11499190221120663,0.02466637924117532,-0.026590593543207586,-0.10798557300883543,0.038036160209531704,-0.049382530865956564,-0.11650814939485833,0.014378464640694134,-0.03456777160616964,-0.08550374889053947,0.030362845259407845
zhen,25,LanguageX vs HuaweiTSC,0.01,97.27,330.03266666666696,317.46333333333394,weighted,weighted,0.7052715993770317,True,0.0380851188468202,-0.06546490467559234,0.11444459218242642,qwen3_8b,0.15556877516673007,,-0.0648145717615678,-0.10702832061244824,0.005709942535516005,-0.054012143134639645,-0.09149447013087801,0.0045257542175531195,-0.05575447033253167,-0.10203372021790108,0.0053687328199443175,-0.049382530865956564,-0.09857900773662305,0.0051509699211318375
zhen,25,LanguageX vs HuaweiTSC,0.01,97.27,330.03266666666696,317.46333333333394,weighted,weighted,0.7052715993770317,True,0.0380851188468202,-0.06546490467559234,0.11444459218242642,mistral_7b,0.08534926577218074,,-0.06913554321233883,-0.1004164036205731,-0.01558577070390906,0.005832559975296414,-0.030257496073749616,0.04471494192688459,-0.023839842487013208,-0.07283383482630344,0.029970600410534145,-2.220446049250313e-16,-0.04346446626770959,0.035570445528570964
zhen,25,LanguageX vs HuaweiTSC,0.02,97.27,201.31177777777802,190.00142857142868,dedup,dedup,0.5168191296419159,True,0.056183246361444894,0.002936986476094198,0.10681547193355644,mtme_BERTScore-refA,0.11716374000264482,0.9400920205176692,-0.003650699368175303,-0.04850611371651004,0.034373137187446695,0.009126748420437814,-0.026103335231965688,0.05619698553614931,0.01859152456015134,-0.01671874265677324,0.06874091960453828,0.010886100047247771,-0.03130805844286785,0.06506232726215558
zhen,25,LanguageX vs HuaweiTSC,0.02,97.27,201.31177777777802,190.00142857142868,dedup,dedup,0.5168191296419159,True,0.056183246361444894,0.002936986476094198,0.10681547193355644,mtme_BLEU-refA,0.027455401848834868,0.8293746844592913,-0.022816871051095422,-0.0615441324903248,0.015191058823855736,-0.00892834084608074,-0.03575240511441872,0.016019049915978908,-0.015211247367397096,-0.05236824218989979,0.017223697143318777,0.0,-0.023490474243414244,0.031204744656251542
zhen,25,LanguageX vs HuaweiTSC,0.02,97.27,201.31177777777802,190.00142857142868,dedup,dedup,0.5168191296419159,True,0.056183246361444894,0.002936986476094198,0.10681547193355644,mtme_BLEURT-20-refA,0.15383595125065058,0.9802219595565596,0.010066266640188948,-0.029752945571248912,0.05809451997023774,0.004720731941605605,-0.03669000121001172,0.054005306625423334,0.008239425657339927,-0.02968237839932034,0.054136833024920554,-0.005391479351565476,-0.07197779190681086,0.04128433993893218
zhen,25,LanguageX vs HuaweiTSC,0.02,97.27,201.31177777777802,190.00142857142868,dedup,dedup,0.5168191296419159,True,0.056183246361444894,0.002936986476094198,0.10681547193355644,mtme_COMET-20-refA,0.15297129137248336,0.9752672183823412,-0.017112653288321455,-0.06520730635802716,0.01939257312365377,-0.003650699368175303,-0.052473933723146,0.037116557111259066,0.0,-0.04357517503780286,0.04105512840072581,0.010641664761503744,-0.031324804378715154,0.07146828804526359
zhen,25,LanguageX vs HuaweiTSC,0.02,97.27,201.31177777777802,190.00142857142868,dedup,dedup,0.5168191296419159,True,0.056183246361444894,0.002936986476094198,0.10681547193355644,mtme_COMET-22-refA,0.22441055675202254,0.9866351677254928,0.007605623683698104,-0.04334489390065192,0.09258779857625829,0.025792984666454633,-0.020073303510574052,0.10656197943153616,-4.440892098500626e-16,-0.05096190486099068,0.07638493087709491,0.005019653189388795,-0.04709878678933056,0.06646966721266219
zhen,25,LanguageX vs HuaweiTSC,0.02,97.27,201.31177777777802,190.00142857142868,dedup,dedup,0.5168191296419159,True,0.056183246361444894,0.002936986476094198,0.10681547193355644,mtme_COMET-QE-src,0.1189313840533753,0.922900899652606,-0.0228168710510952,-0.06550049622087573,0.03731980557180126,0.011904454461440506,-0.03827780844876341,0.08390568080352975,-0.0228168710510952,-0.07015266735362424,0.03055563101629382,0.019215232408979488,-0.01257813176674845,0.0859064288564979
zhen,25,LanguageX vs HuaweiTSC,0.02,97.27,201.31177777777802,190.00142857142868,dedup,dedup,0.5168191296419159,True,0.056183246361444894,0.002936986476094198,0.10681547193355644,mtme_COMETKiwi-src,0.17656248429508936,0.959377087982424,-0.017492934472506105,-0.06557419691440726,0.027271592963830454,-0.010985900876453236,-0.06520894297450318,0.04167865863174146,-0.022816871051095422,-0.07284998769405479,0.02295943548159865,0.01778313892067729,-0.020223332551807728,0.08762462608186541
zhen,25,LanguageX vs HuaweiTSC,0.02,97.27,201.31177777777802,190.00142857142868,dedup,dedup,0.5168191296419159,True,0.056183246361444894,0.002936986476094198,0.10681547193355644,mtme_Cross-QE-src,0.17838741569405045,0.966162403744368,-0.022816871051095422,-0.09446732150405905,0.029852391230702036,0.028292920103357377,-0.020829831623367,0.10093190090999608,-0.001984075743573843,-0.06030361786330111,0.060800803785170734,0.018320509835612286,-0.019483837741205826,0.07864411438216297
zhen,25,LanguageX vs HuaweiTSC,0.02,97.27,201.31177777777802,190.00142857142868,dedup,dedup,0.5168191296419159,True,0.056183246361444894,0.002936986476094198,0.10681547193355644,mtme_HWTSC-TLM-src,0.06696062800100133,0.498241633134339,-0.007843299423813788,-0.050228688625892734,0.020025413960344286,0.002944112393689635,-0.027202592062653935,0.037711365847167784,-0.01667386730656939,-0.07230927497851306,0.007509826343972057,0.0029113988498454813,-0.0202038645425953,0.04333066048862245
zhen,25,LanguageX vs HuaweiTSC,0.02,97.27,201.31177777777802,190.00142857142868,dedup,dedup,0.5168191296419159,True,0.056183246361444894,0.002936986476094198,0.10681547193355644,mtme_HWTSC-Teacher-Sim-src,0.0662404560731008,0.3949247735620734,-0.011408435525547489,-0.0704913084676616,0.010678990987142305,-0.0015211247367397096,-0.03914575515851911,0.024538326719085197,-0.022816871051095422,-0.07412272607583884,0.0038379143864344925,0.010481035859443377,-0.01740873183114681,0.05726789885835064
zhen,25,LanguageX vs HuaweiTSC,0.02,97.27,201.31177777777802,190.00142857142868,dedup,dedup,0.5168191296419159,True,0.056183246361444894,0.002936986476094198,0.10681547193355644,mtme_KG-BERTScore-src,0.056510299678514314,0.679795467170797,-0.00285210888138665,-0.04615655788099247,0.016089501898610446,0.011062725358106595,-0.008983011389812945,0.04698083427743751,-0.0073602809842241435,-0.04200533989185808,0.018001293388369113,0.0022938293968480794,-0.021560345372362098,0.035042549181138236
zhen,25,LanguageX vs HuaweiTSC,0.02,97.27,201.31177777777802,190.00142857142868,dedup,dedup,0.5168191296419159,True,0.056183246361444894,0.002936986476094198,0.10681547193355644,mtme_MATESE-QE-src,0.10227564134138768,0.9351848265501388,0.0013828406697634632,-0.03772250196032663,0.04210721255644149,0.010807991550518703,-0.028685313104387686,0.0558914174087848,0.0017551439270073743,-0.049323410211814536,0.04896233795999009,-0.0075872818511120155,-0.04942179905860343,0.02360679848915039
zhen,25,LanguageX vs HuaweiTSC,0.02,97.27,201.31177777777802,190.00142857142868,dedup,dedup,0.5168191296419159,True,0.056183246361444894,0.002936986476094198,0.10681547193355644,mtme_MATESE-refA,0.1156290657660069,0.9674894649743352,0.010457732565084865,-0.04001250305234646,0.05998375685557305,0.009126748420437591,-0.03420964910534672,0.08366756900655067,-0.007605623683698548,-0.05009930440059465,0.0566125071336423,0.009704662832818012,-0.03933502139725076,0.07588282331677412
zhen,25,LanguageX vs HuaweiTSC,0.02,97.27,201.31177777777802,190.00142857142868,dedup,dedup,0.5168191296419159,True,0.056183246361444894,0.002936986476094198,0.10681547193355644,mtme_MEE-refA,0.05985372373091545,0.8976609341086564,-0.01587260594858786,-0.047606035298176023,0.008447984113203966,-0.010039423262481861,-0.044995713691719286,0.011871440262265272,-0.022816871051095422,-0.0640834648922741,0.0012416005242197753,0.010641664761503633,-0.013536839979926262,0.055650324478359
zhen,25,LanguageX vs HuaweiTSC,0.02,97.27,201.31177777777802,190.00142857142868,dedup,dedup,0.5168191296419159,True,0.056183246361444894,0.002936986476094198,0.10681547193355644,mtme_MEE2-refA,0.09356225619183724,0.9352238472927537,-0.022816871051095422,-0.06942049991736149,0.003940614911765688,-0.015556957534837768,-0.0542263043960288,0.011904137795180346,-0.031482340701942,-0.06849268656429108,1.0507896448194334e-05,0.005019653189388684,-0.02996238005482897,0.05794627366222037
zhen,25,LanguageX vs HuaweiTSC,0.02,97.27,201.31177777777802,190.00142857142868,dedup,dedup,0.5168191296419159,True,0.056183246361444894,0.002936986476094198,0.10681547193355644,mtme_MEE4-refA,0.11185547003617385,0.9593140488993936,0.0027380245261313663,-0.036752222647612166,0.037837378185652304,-0.010039423262481861,-0.04994142580820663,0.022369563487641943,-0.005070415789132365,-0.04940483307261773,0.0249743360754651,0.01272389126969442,-0.0252634905691333,0.06817481389121738
zhen,25,LanguageX vs HuaweiTSC,0.02,97.27,201.31177777777802,190.00142857142868,dedup,dedup,0.5168191296419159,True,0.056183246361444894,0.002936986476094198,0.10681547193355644,mtme_MS-COMET-22-refA,0.14848420205853166,0.98746083650136,0.002944112393689635,-0.0533895667264946,0.058540846823456116,0.021549267103811887,-0.00965364380365134,0.07727164122194571,0.0006710844426793816,-0.04832210689022008,0.05650235392711576,-0.010946859675418308,-0.053002756674275425,0.04465278556353699
zhen,25,LanguageX vs HuaweiTSC,0.02,97.27,201.31177777777802,190.00142857142868,dedup,dedup,0.5168191296419159,True,0.056183246361444894,0.002936986476094198,0.10681547193355644,mtme_MS-COMET-QE-22-src,0.13163771776936375,0.9490970977882788,-0.0073602809842241435,-0.05817873133821803,0.036486331852939174,-0.0057042177627737445,-0.053810069049223044,0.03973246031916156,-0.016901385963774107,-0.0720921756723942,0.032276651339640125,-0.0011645595399381037,-0.047013723664375937,0.04747041805864366
zhen,25,LanguageX vs HuaweiTSC,0.02,97.27,201.31177777777802,190.00142857142868,dedup,dedup,0.5168191296419159,True,0.056183246361444894,0.002936986476094198,0.10681547193355644,mtme_REUSE-src,0.01532847400364493,-0.0713802384978524,0.00809630908264658,-0.025302311943348876,0.04693262220169575,0.00809630908264658,-0.016751331483964627,0.04101846393729056,0.0,-0.03505139457221271,0.023031493101287534,0.0,0.0,0.0
zhen,25,LanguageX vs HuaweiTSC,0.02,97.27,201.31177777777802,190.00142857142868,dedup,dedup,0.5168191296419159,True,0.056183246361444894,0.002936986476094198,0.10681547193355644,mtme_SEScore-refA,0.12774548499767646,0.93964771879046,-0.01251247767318131,-0.07728260015644642,0.020107359581343884,-0.004387859817518436,-0.04858673293007048,0.026598365734199096,-0.012168997893917455,-0.06498687869473863,0.018046674594883884,-0.004926982668969071,-0.04902246341383289,0.047847596970594444
zhen,25,LanguageX vs HuaweiTSC,0.02,97.27,201.31177777777802,190.00142857142868,dedup,dedup,0.5168191296419159,True,0.056183246361444894,0.002936986476094198,0.10681547193355644,mtme_UniTE-ref-refA,0.18040670363483063,0.975743491343244,-0.006294309255474584,-0.061643502892576404,0.05317026543668518,0.009126748420437814,-0.0421645272512812,0.06623717724168125,-0.006294309255474584,-0.05421336644854374,0.046947661718468314,0.009704662832818012,-0.0694815160631473,0.07119478349495764
zhen,25,LanguageX vs HuaweiTSC,0.02,97.27,201.31177777777802,190.00142857142868,dedup,dedup,0.5168191296419159,True,0.056183246361444894,0.002936986476094198,0.10681547193355644,mtme_UniTE-refA,0.19101228459606812,0.9824419355235168,-0.0073602809842241435,-0.058592579645152756,0.05005111148478871,0.012676039472830247,-0.044044432505901225,0.07232965019543094,0.004720731941605605,-0.035228584803471526,0.0656569309161343,-0.0062243699548416576,-0.0824747038600007,0.043994946707329174
zhen,25,LanguageX vs HuaweiTSC,0.02,97.27,201.31177777777802,190.00142857142868,dedup,dedup,0.5168191296419159,True,0.056183246361444894,0.002936986476094198,0.10681547193355644,mtme_UniTE-src-src,0.15532124093064686,0.9607040026515832,-0.012168997893917233,-0.0642940679678787,0.038312500682994154,-0.022816871051095422,-0.07219698594248984,0.027714563499158937,-0.031482340701942,-0.08311418724877567,0.018101013350459254,0.0125649845098591,-0.03318326104887201,0.07407734911599956
zhen,25,LanguageX vs HuaweiTSC,0.02,97.27,201.31177777777802,190.00142857142868,dedup,dedup,0.5168191296419159,True,0.056183246361444894,0.002936986476094198,0.10681547193355644,mtme_YiSi-1-refA,0.09956737683076106,0.9604473082422414,-0.010039423262481861,-0.05287342581414996,0.025111216667989173,0.009126748420437814,-0.0206151765848063,0.05753239090150059,-4.440892098500626e-16,-0.04486851059933183,0.049100101413272194,0.013885132976185433,-0.02998011197610376,0.06833319132735043
zhen,25,LanguageX vs HuaweiTSC,0.02,97.27,201.31177777777802,190.00142857142868,dedup,dedup,0.5168191296419159,True,0.056183246361444894,0.002936986476094198,0.10681547193355644,mtme_chrF-refA,0.06535792759607578,0.9157360845392822,0.0027380245261313663,-0.028189189972722607,0.030203621446233283,0.003802811841849052,-0.03548368789918557,0.04406706453494334,-0.00892834084608074,-0.05894285020048392,0.024814110514714497,0.005019653189388573,-0.02435690035278142,0.04956525559338605
zhen,25,LanguageX vs HuaweiTSC,0.02,97.27,201.31177777777802,190.00142857142868,dedup,dedup,0.5168191296419159,True,0.056183246361444894,0.002936986476094198,0.10681547193355644,mtme_f101spBLEU-refA,0.0453168670081235,0.8645720481576694,-0.022816871051095422,-0.06904503649150112,0.019406081472579086,-0.003650699368175303,-0.031001189973746335,0.020790263739180526,-0.001984075743573843,-0.03128548240115016,0.02516633374007932,0.00970466283281779,-0.007728477992609834,0.05094051483156879
zhen,25,LanguageX vs HuaweiTSC,0.02,97.27,201.31177777777802,190.00142857142868,dedup,dedup,0.5168191296419159,True,0.056183246361444894,0.002936986476094198,0.10681547193355644,mtme_f200spBLEU-refA,0.056852487631434814,0.8696321738056851,-0.001984075743573843,-0.04758151163179026,0.03595411667028798,0.003802811841849052,-0.022533942989312633,0.03910729587616576,-0.001984075743573843,-0.034459298917187395,0.02516633374007932,0.014087413789574232,-0.004768411046362025,0.05883882797999304
zhen,25,LanguageX vs HuaweiTSC,0.02,97.27,201.31177777777802,190.00142857142868,dedup,dedup,0.5168191296419159,True,0.056183246361444894,0.002936986476094198,0.10681547193355644,mtme_metricx_xl_DA_2019-refA,0.20855841633704458,0.9937925634685278,0.003802811841849274,-0.046233536938322516,0.04943083893116471,0.009126748420437814,-0.031235368226288977,0.06208974281659605,0.0017551439270072633,-0.04030070541439855,0.05000963919487645,-0.011645595399381259,-0.058613837572790414,0.047950365570925496
zhen,25,LanguageX vs HuaweiTSC,0.02,97.27,201.31177777777802,190.00142857142868,dedup,dedup,0.5168191296419159,True,0.056183246361444894,0.002936986476094198,0.10681547193355644,mtme_metricx_xl_MQM_2020-refA,0.22594585597493885,0.9880707146931909,-0.010530863562044024,-0.06326563228889687,0.04003010057745319,0.006760554385509265,-0.035907788337235194,0.06588671029298025,-0.0028521088813870943,-0.04921895477022873,0.05521653306751714,0.027367149188546547,-0.017876223930789695,0.10599232916306292
zhen,25,LanguageX vs HuaweiTSC,0.02,97.27,201.31177777777802,190.00142857142868,dedup,dedup,0.5168191296419159,True,0.056183246361444894,0.002936986476094198,0.10681547193355644,mtme_metricx_xxl_DA_2019-refA,0.17797304477741066,0.9945880252964706,0.010066266640188948,-0.03600562078112412,0.0592155277206995,-0.006294309255474584,-0.05052855856971485,0.04593955617982666,0.0013828406697632412,-0.05365409576829394,0.055382493767191475,0.0042700516464400096,-0.039133178309469344,0.04759257367977204
zhen,25,LanguageX vs HuaweiTSC,0.02,97.27,201.31177777777802,190.00142857142868,dedup,dedup,0.5168191296419159,True,0.056183246361444894,0.002936986476094198,0.10681547193355644,mtme_metricx_xxl_MQM_2020-refA,0.1957038973836444,0.9848440687329651,0.009126748420437814,-0.03529340953754725,0.062161950433558655,0.027095034373174953,-0.006839437283547012,0.09667667365205124,0.022103843830748038,-0.013245501085088394,0.0844181426850102,0.010481035859443377,-0.029127030254730162,0.07451172506172714
zhen,25,LanguageX vs HuaweiTSC,0.02,97.27,201.31177777777802,190.00142857142868,dedup,dedup,0.5168191296419159,True,0.056183246361444894,0.002936986476094198,0.10681547193355644,comet22,0.14909639231249688,,-0.010039423262481861,-0.06973841877701066,0.021769842744278536,0.0027380245261313663,-0.04419758347493894,0.05477462635416993,0.004720731941605605,-0.04809263411783162,0.06193541159478863,0.013101294824304222,-0.029901637541310984,0.06798580515544696
zhen,25,LanguageX vs HuaweiTSC,0.02,97.27,201.31177777777802,190.00142857142868,dedup,dedup,0.5168191296419159,True,0.056183246361444894,0.002936986476094198,0.10681547193355644,qwen3_8b,0.15556877516673007,,0.003802811841849274,-0.04679072986503054,0.04266070064668275,0.02450700964747221,-0.005464871120864377,0.07038495379139002,-0.0007867886569341564,-0.05363670760998328,0.03844721501337209,0.0022938293968480794,-0.036551331691682176,0.050983187745122324
zhen,25,LanguageX vs HuaweiTSC,0.02,97.27,201.31177777777802,190.00142857142868,dedup,dedup,0.5168191296419159,True,0.056183246361444894,0.002936986476094198,0.10681547193355644,mistral_7b,0.08534926577218074,,1.1102230246251565e-16,-0.06161842871060002,0.03537090528774687,0.014450684999026686,-0.00811790979835612,0.04606839127122837,0.002944112393689635,-0.047999369381914264,0.04041518912996579,-0.006949790802856626,-0.04819978928586835,0.0286311028443772
zhen,34,JDExploreAcademy vs Online-G,0.01,96.09333333333333,720.3907017543866,654.7166666666675,dedup,dedup,0.8666094202780315,True,0.09116446801406697,0.032351436189156,0.2121145292060339,mtme_BERTScore-refA,0.12016830959170849,0.9400920205176692,-0.017554075406308822,-0.08210281563432724,0.037303610670699414,-0.0029143831755646943,-0.06523171144825131,0.056919481928600885,-0.026093895874243156,-0.1036326000164676,0.03558485293066317,0.04649487121272167,-0.022857688027675335,0.14853490004724895
zhen,34,JDExploreAcademy vs Online-G,0.01,96.09333333333333,720.3907017543866,654.7166666666675,dedup,dedup,0.8666094202780315,True,0.09116446801406697,0.032351436189156,0.2121145292060339,mtme_BLEU-refA,0.04418651113563945,0.8293746844592913,-0.017340579894610686,-0.07150617379011043,0.01625584257156281,-0.0081602728915815,-0.051860490865677254,0.024907258194777303,-0.004294880469253304,-0.04476982841414527,0.029065379267252812,0.012086199943890152,-0.030676459935636263,0.0684995211473244
zhen,34,JDExploreAcademy vs Online-G,0.01,96.09333333333333,720.3907017543866,654.7166666666675,dedup,dedup,0.8666094202780315,True,0.09116446801406697,0.032351436189156,0.2121145292060339,mtme_BLEURT-20-refA,0.12746242651757922,0.9802219595565596,-0.011657532702259,-0.07320604721083047,0.03190471697167538,-0.029143831755648275,-0.11638793888455702,0.012403777290096223,-0.017340579894610686,-0.08295952683502382,0.0195019788112974,0.011222899947898268,-0.04265045691799192,0.09222543366059617
zhen,34,JDExploreAcademy vs Online-G,0.01,96.09333333333333,720.3907017543866,654.7166666666675,dedup,dedup,0.8666094202780315,True,0.09116446801406697,0.032351436189156,0.2121145292060339,mtme_COMET-20-refA,0.13412658859382445,0.9752672183823412,-0.01395836152507357,-0.10390879825074247,0.043127570602563774,-0.023182593441992472,-0.11550949186556032,0.025504200447294727,-0.01483685980287519,-0.10583275572709015,0.032206005688781444,0.019385009000915665,-0.0391551236664132,0.10662594921820095
zhen,34,JDExploreAcademy vs Online-G,0.01,96.09333333333333,720.3907017543866,654.7166666666675,dedup,dedup,0.8666094202780315,True,0.09116446801406697,0.032351436189156,0.2121145292060339,mtme_COMET-22-refA,0.2024071998994717,0.9866351677254928,-0.0029143831755646943,-0.09373333890297872,0.059816954183862486,0.0018546074753598152,-0.06088308564966175,0.06909561390263982,-0.017739723677350883,-0.09170387553449807,0.049784197036288724,0.05101318158135659,-0.0037004094708180096,0.15396253100133833
zhen,34,JDExploreAcademy vs Online-G,0.01,96.09333333333333,720.3907017543866,654.7166666666675,dedup,dedup,0.8666094202780315,True,0.09116446801406697,0.032351436189156,0.2121145292060339,mtme_COMET-QE-src,0.12691225470079304,0.922900899652606,0.007577396256468583,-0.05751506409493819,0.073029629546306,0.022606161388840862,-0.04099786827536306,0.08277665887271436,0.03905273455256908,-0.02193467018514123,0.11213126775294513,0.06403654676153803,-0.0004399807768065344,0.14084275320076217
zhen,34,JDExploreAcademy vs Online-G,0.01,96.09333333333333,720.3907017543866,654.7166666666675,dedup,dedup,0.8666094202780315,True,0.09116446801406697,0.032351436189156,0.2121145292060339,mtme_COMETKiwi-src,0.16134641377505832,0.959377087982424,0.007238951758660628,-0.06307093283456923,0.0824353833850904,-0.004294880469253304,-0.07582304086209732,0.06023931260181964,-0.004294880469253304,-0.07498891112132991,0.05678572713680943,0.05611449973949201,-9.72339862376194e-06,0.14829449381763804
zhen,34,JDExploreAcademy vs Online-G,0.01,96.09333333333333,720.3907017543866,654.7166666666675,dedup,dedup,0.8666094202780315,True,0.09116446801406697,0.032351436189156,0.2121145292060339,mtme_Cross-QE-src,0.1762019765866854,0.966162403744368,0.06528218313265244,-0.02748562370998991,0.16121600042556125,0.04800160524459751,-0.025339948636820913,0.13398364548924865,0.04080136445790805,-0.0371895025479161,0.13351071743986295,0.07962914724937376,-0.018543742395185553,0.17528209079675836
zhen,34,JDExploreAcademy vs Online-G,0.01,96.09333333333333,720.3907017543866,654.7166666666675,dedup,dedup,0.8666094202780315,True,0.09116446801406697,0.032351436189156,0.2121145292060339,mtme_HWTSC-TLM-src,-0.0042500404803210625,0.498241633134339,0.012982252327516153,-0.01583376555487051,0.05891904834249422,-0.0029143831755649163,-0.01160184207756782,0.0008211053326197487,-0.0029143831755649163,-0.01160184207756782,0.0010681386315899983,0.0,0.0,0.0
zhen,34,JDExploreAcademy vs Online-G,0.01,96.09333333333333,720.3907017543866,654.7166666666675,dedup,dedup,0.8666094202780315,True,0.09116446801406697,0.032351436189156,0.2121145292060339,mtme_HWTSC-Teacher-Sim-src,0.05131943815123888,0.3949247735620734,0.03315110862204995,-0.026635454613641505,0.09230697119258395,0.0027568489498586146,-0.046814592678773546,0.0544488529436199,-0.03923208120952659,-0.1195629788886271,4.071289909001556e-05,0.01704218140236413,-0.025660808637601708,0.07115494278902011
zhen,34,JDExploreAcademy vs Online-G,0.01,96.09333333333333,720.3907017543866,654.7166666666675,dedup,dedup,0.8666094202780315,True,0.09116446801406697,0.032351436189156,0.2121145292060339,mtme_KG-BERTScore-src,0.04377094127909635,0.679795467170797,-0.03152832708111042,-0.10854604099434755,0.014019600276894735,-0.01395836152507357,-0.07185699464955357,0.014166140661412877,-0.03438972147166508,-0.10654424085899725,0.004300866567267767,0.029927733194395456,-0.0164687280476425,0.08768141619284565
zhen,34,JDExploreAcademy vs Online-G,0.01,96.09333333333333,720.3907017543866,654.7166666666675,dedup,dedup,0.8666094202780315,True,0.09116446801406697,0.032351436189156,0.2121145292060339,mtme_MATESE-QE-src,0.1086906189989835,0.9351848265501388,-0.04014327793439354,-0.13887787135305424,0.033477753401958465,-0.03463371634217727,-0.12521470516974026,0.015642733525584932,-0.020400682228953748,-0.091029193296846,0.03424278553300875,0.013931875797390858,-0.040643321802293984,0.0903336932344008
zhen,34,JDExploreAcademy vs Online-G,0.01,96.09333333333333,720.3907017543866,654.7166666666675,dedup,dedup,0.8666094202780315,True,0.09116446801406697,0.032351436189156,0.2121145292060339,mtme_MATESE-refA,0.14456447411614282,0.9674894649743352,-0.02040068222895397,-0.09657837621114661,0.05481921112919939,-0.023386147920995803,-0.11326748762302771,0.03190021929436945,-0.014429750844869638,-0.09904292297314023,0.035537478284337495,-0.010061910298115873,-0.08860395337418371,0.05096405325154996
zhen,34,JDExploreAcademy vs Online-G,0.01,96.09333333333333,720.3907017543866,654.7166666666675,dedup,dedup,0.8666094202780315,True,0.09116446801406697,0.032351436189156,0.2121145292060339,mtme_MEE-refA,0.06159333830867299,0.8976609341086564,-0.023386147920995803,-0.0793569214542276,0.007522189955421885,-0.023386147920995803,-0.08041892722367258,0.006264204733161045,-0.017554075406308822,-0.061643488305783346,0.028023307460930874,0.015431487428359647,-0.03991685713520674,0.08423222767238003
zhen,34,JDExploreAcademy vs Online-G,0.01,96.09333333333333,720.3907017543866,654.7166666666675,dedup,dedup,0.8666094202780315,True,0.09116446801406697,0.032351436189156,0.2121145292060339,mtme_MEE2-refA,0.07409917947315571,0.9352238472927537,-0.0378869812823428,-0.10054653698147144,-0.0010304427026803578,-0.00901425493837471,-0.06481471624280018,0.03021116416947079,-0.00047443447044059894,-0.046030347099561685,0.044456146383710975,-0.0012949499939889364,-0.05514672377973679,0.06553182869778099
zhen,34,JDExploreAcademy vs Online-G,0.01,96.09333333333333,720.3907017543866,654.7166666666675,dedup,dedup,0.8666094202780315,True,0.09116446801406697,0.032351436189156,0.2121145292060339,mtme_MEE4-refA,0.08938066290198259,0.9593140488993936,-0.03570119390066884,-0.11560253800696517,0.01688565044146929,-0.006491126163757688,-0.058926569340712213,0.03737655116027149,-0.006491126163757688,-0.05312452541983743,0.03902876286164186,0.0019349827496376593,-0.04867642137636227,0.06788123023381253
zhen,34,JDExploreAcademy vs Online-G,0.01,96.09333333333333,720.3907017543866,654.7166666666675,dedup,dedup,0.8666094202780315,True,0.09116446801406697,0.032351436189156,0.2121145292060339,mtme_MS-COMET-22-refA,0.13984173177754117,0.98746083650136,0.020400682228953304,-0.05636841819964337,0.07556390210887735,0.01806917568850197,-0.030582889748113472,0.07718329389100058,0.04800160524459751,-0.0048862208447780844,0.1188678386410213,0.06239932371031465,-0.017050263691419563,0.1390269668019115
zhen,34,JDExploreAcademy vs Online-G,0.01,96.09333333333333,720.3907017543866,654.7166666666675,dedup,dedup,0.8666094202780315,True,0.09116446801406697,0.032351436189156,0.2121145292060339,mtme_MS-COMET-QE-22-src,0.07349715580434765,0.9490970977882788,0.030930066605188156,-0.04263252267408092,0.09848775023998141,3.3306690738754696e-16,-0.05870198605318702,0.048334275278452535,-0.01395836152507357,-0.08245250240639307,0.028372884941929497,0.0299277331943959,-0.010163874945653089,0.09547084667625415
zhen,34,JDExploreAcademy vs Online-G,0.01,96.09333333333333,720.3907017543866,654.7166666666675,dedup,dedup,0.8666094202780315,True,0.09116446801406697,0.032351436189156,0.2121145292060339,mtme_REUSE-src,0.04052555398670491,-0.0713802384978524,-0.03570119390066928,-0.12215527857771902,0.007374050739933614,0.012681505169349627,-0.027955718709564092,0.0722592438833705,-0.005473353768743472,-0.052630904643437164,0.03135678334484977,0.018330736581567142,-0.013990140999930184,0.06819485786446766
zhen,34,JDExploreAcademy vs Online-G,0.01,96.09333333333333,720.3907017543866,654.7166666666675,dedup,dedup,0.8666094202780315,True,0.09116446801406697,0.032351436189156,0.2121145292060339,mtme_SEScore-refA,0.09866272356094141,0.93964771879046,-0.04488150090369847,-0.13363473866088127,0.0034658049935774697,-0.02981638171924006,-0.11646780867344668,0.014791503039136324,-0.0398740607202277,-0.12620623191607921,-0.0011919624056808819,0.008842284807435319,-0.03480125019249989,0.06382526406955058
zhen,34,JDExploreAcademy vs Online-G,0.01,96.09333333333333,720.3907017543866,654.7166666666675,dedup,dedup,0.8666094202780315,True,0.09116446801406697,0.032351436189156,0.2121145292060339,mtme_UniTE-ref-refA,0.19303538424657524,0.975743491343244,0.022606161388841084,-0.0461076533009038,0.08672828455018142,-0.004294880469253304,-0.0735165958340737,0.050476118539539996,0.024695562698207607,-0.03898899080992128,0.09696907959526507,0.05892022472646674,0.0032713199491614703,0.1395207093568888
zhen,34,JDExploreAcademy vs Online-G,0.01,96.09333333333333,720.3907017543866,654.7166666666675,dedup,dedup,0.8666094202780315,True,0.09116446801406697,0.032351436189156,0.2121145292060339,mtme_UniTE-refA,0.1986396947917838,0.9824419355235168,0.022606161388840862,-0.04175242639173998,0.10983175434356665,0.024695562698207607,-0.04490336144787237,0.0950914971597332,0.026677815222478363,-0.04462733708957219,0.09887311077075633,0.09153677770004653,0.0275481056329474,0.2001273696154872
zhen,34,JDExploreAcademy vs Online-G,0.01,96.09333333333333,720.3907017543866,654.7166666666675,dedup,dedup,0.8666094202780315,True,0.09116446801406697,0.032351436189156,0.2121145292060339,mtme_UniTE-src-src,0.14323562046113553,0.9607040026515832,-0.01395836152507357,-0.09452946677760651,0.061487655257032536,-0.0015692832483809038,-0.08427371216887863,0.055816283209868416,0.01243944038350886,-0.07491854596350557,0.07450350406400857,0.09435549215455297,0.025226806042842775,0.17395383982778004
zhen,34,JDExploreAcademy vs Online-G,0.01,96.09333333333333,720.3907017543866,654.7166666666675,dedup,dedup,0.8666094202780315,True,0.09116446801406697,0.032351436189156,0.2121145292060339,mtme_YiSi-1-refA,0.13343014692911936,0.9604473082422414,-0.041688350641774896,-0.15657033255384437,0.010910029855554068,-0.0081602728915815,-0.06837392921769972,0.045334421777433305,-0.03152832708111042,-0.11995900056672082,0.022033511734652154,0.05611449973949201,-0.0041145907272035305,0.16315800239892214
zhen,34,JDExploreAcademy vs Online-G,0.01,96.09333333333333,720.3907017543866,654.7166666666675,dedup,dedup,0.8666094202780315,True,0.09116446801406697,0.032351436189156,0.2121145292060339,mtme_chrF-refA,0.07451936335717262,0.9157360845392822,-0.03694177592810566,-0.10627709034543235,-0.0004027152133927324,-0.020400682228953748,-0.07539469709465445,0.016272553122710826,-0.026093895874243156,-0.08709275666925129,0.0151829148238347,-0.011222899947898268,-0.0833311238194615,0.032461272747239575
zhen,34,JDExploreAcademy vs Online-G,0.01,96.09333333333333,720.3907017543866,654.7166666666675,dedup,dedup,0.8666094202780315,True,0.09116446801406697,0.032351436189156,0.2121145292060339,mtme_f101spBLEU-refA,0.05769718771015561,0.8645720481576694,-0.04488150090369847,-0.12213081086877725,-0.0005146994060343024,-0.011657532702259,-0.05497357340412899,0.025251667437128922,-0.020400682228953748,-0.07882746050530644,0.02516565325575971,0.013931875797390858,-0.02162403330460446,0.0526534866042729
zhen,34,JDExploreAcademy vs Online-G,0.01,96.09333333333333,720.3907017543866,654.7166666666675,dedup,dedup,0.8666094202780315,True,0.09116446801406697,0.032351436189156,0.2121145292060339,mtme_f200spBLEU-refA,0.05854687958355513,0.8696321738056851,-0.03694177592810588,-0.10586107310243253,0.0013527363663258562,-0.005473353768743472,-0.052690516673827625,0.03027789842334284,-0.017340579894610686,-0.06726277856298524,0.021687628345650158,0.012086199943890152,-0.026706020805121994,0.0684380428087276
zhen,34,JDExploreAcademy vs Online-G,0.01,96.09333333333333,720.3907017543866,654.7166666666675,dedup,dedup,0.8666094202780315,True,0.09116446801406697,0.032351436189156,0.2121145292060339,mtme_metricx_xl_DA_2019-refA,0.19678639668043124,0.9937925634685278,-0.0081602728915815,-0.09165717162759664,0.04396726362477146,0.0012000401311156317,-0.0805724666309669,0.0635851797791455,-0.015504518494004582,-0.09559045344661543,0.04682078851264955,0.045186939263907044,-0.006060869143598191,0.15888047948586764
zhen,34,JDExploreAcademy vs Online-G,0.01,96.09333333333333,720.3907017543866,654.7166666666675,dedup,dedup,0.8666094202780315,True,0.09116446801406697,0.032351436189156,0.2121145292060339,mtme_metricx_xl_MQM_2020-refA,0.204843121074762,0.9880707146931909,-0.013958361525073792,-0.10637691953541835,0.052232893032331515,0.016060111541942756,-0.0637640028054782,0.08259801139228516,0.014191778941881172,-0.06364150106356552,0.07823339100427122,0.10990702017941856,0.035456974467834,0.1895038743399841
zhen,34,JDExploreAcademy vs Online-G,0.01,96.09333333333333,720.3907017543866,654.7166666666675,dedup,dedup,0.8666094202780315,True,0.09116446801406697,0.032351436189156,0.2121145292060339,mtme_metricx_xxl_DA_2019-refA,0.19989867386430046,0.9945880252964706,-0.011657532702259,-0.09057219650259699,0.04914733954563244,0.010200341114477207,-0.06466708071321417,0.08390590594808388,0.010200341114477207,-0.06644110202834909,0.07440164100733211,0.020263569350372546,-0.033667749718872264,0.08854880140135399
zhen,34,JDExploreAcademy vs Online-G,0.01,96.09333333333333,720.3907017543866,654.7166666666675,dedup,dedup,0.8666094202780315,True,0.09116446801406697,0.032351436189156,0.2121145292060339,mtme_metricx_xxl_MQM_2020-refA,0.2060662438526818,0.9848440687329651,-0.023897942039631914,-0.11173338460842884,0.056359290233727426,-0.0029143831755646943,-0.08239906171698355,0.06690705857507775,0.045509214203051096,-0.02127664432300909,0.1269955948093464,0.08591323408391172,0.012930849225354969,0.17558457819252563
zhen,34,JDExploreAcademy vs Online-G,0.01,96.09333333333333,720.3907017543866,654.7166666666675,dedup,dedup,0.8666094202780315,True,0.09116446801406697,0.032351436189156,0.2121145292060339,comet22,0.13063908547501046,,-0.017340579894610686,-0.10066628559013668,0.039152653227988915,-0.028560955120535025,-0.10699009621942565,0.021861660419763475,-0.029143831755648053,-0.10872087300606852,0.03249204682905864,-0.0017004393860451383,-0.06794940591353048,0.054854572052465383
zhen,34,JDExploreAcademy vs Online-G,0.01,96.09333333333333,720.3907017543866,654.7166666666675,dedup,dedup,0.8666094202780315,True,0.09116446801406697,0.032351436189156,0.2121145292060339,qwen3_8b,0.1609375622288906,,-0.00547335376874325,-0.0966402568543882,0.0752191849376728,-0.015191997404539581,-0.09358503667692412,0.05259457403427611,-0.017739723677350883,-0.09697322692988902,0.04634877617496374,-0.0017004393860451383,-0.07592144645783226,0.06412027682558638
zhen,34,JDExploreAcademy vs Online-G,0.01,96.09333333333333,720.3907017543866,654.7166666666675,dedup,dedup,0.8666094202780315,True,0.09116446801406697,0.032351436189156,0.2121145292060339,mistral_7b,0.07712777360576858,,-0.023897942039631914,-0.11008780133546907,0.02431201617407656,0.01806917568850197,-0.030382398590743466,0.07175275604950912,-0.010984982738667437,-0.05849725993162986,0.036495053973794614,-0.0017004393860451383,-0.05439667725172428,0.04311954004640497
zhen,34,JDExploreAcademy vs Online-G,0.02,96.09333333333333,264.9142857142859,256.9818333333336,dedup,dedup,0.637266321541559,True,0.029943467788322797,-0.02521558960067602,0.09417517154340417,mtme_BERTScore-refA,0.12016830959170849,0.9400920205176692,-0.004642586085609857,-0.05508766311193343,0.04287224277534219,0.008211886140676361,-0.046277028400631505,0.07178079157324296,0.005474590760450981,-0.05377508119869638,0.05410956880908978,0.023142279850547953,-0.020758740794519503,0.08529704165768058
zhen,34,JDExploreAcademy vs Online-G,0.02,96.09333333333333,264.9142857142859,256.9818333333336,dedup,dedup,0.637266321541559,True,0.029943467788322797,-0.02521558960067602,0.09417517154340417,mtme_BLEU-refA,0.04418651113563945,0.8293746844592913,-0.009657832869765182,-0.037108203681765754,0.01858589883706159,0.02180298689615079,-0.012551956872890003,0.05429740999636409,0.00703875954915123,-0.024566221633277808,0.03843689712915329,0.016239042963310468,-0.017809435675280955,0.06365644348908553
zhen,34,JDExploreAcademy vs Online-G,0.02,96.09333333333333,264.9142857142859,256.9818333333336,dedup,dedup,0.637266321541559,True,0.029943467788322797,-0.02521558960067602,0.09417517154340417,mtme_BLEURT-20-refA,0.12746242651757922,0.9802219595565596,0.021116278647453024,-0.025078615763439425,0.06640971363197057,0.025138426961253346,-0.017433260705907328,0.07521735025643235,-0.002593227202318804,-0.048452555359950134,0.052738399254030975,0.031978423066211015,-0.01880995000451594,0.09439575374197454
zhen,34,JDExploreAcademy vs Online-G,0.02,96.09333333333333,264.9142857142859,256.9818333333336,dedup,dedup,0.637266321541559,True,0.029943467788322797,-0.02521558960067602,0.09417517154340417,mtme_COMET-20-refA,0.13412658859382445,0.9752672183823412,0.0080688219221976,-0.03436513866555283,0.04359117740132503,0.02761359515436146,-0.017611573587260888,0.06773590228356162,0.007038759549151119,-0.044576732788137556,0.048835341585412466,0.05995954324914565,-0.002806255760224681,0.11045039871581998
zhen,34,JDExploreAcademy vs Online-G,0.02,96.09333333333333,264.9142857142859,256.9818333333336,dedup,dedup,0.637266321541559,True,0.029943467788322797,-0.02521558960067602,0.09417517154340417,mtme_COMET-22-refA,0.2024071998994717,0.9866351677254928,-0.008318534012632828,-0.05882069355349336,0.03801318715992832,0.004479210622187146,-0.04220872523701273,0.049839494673680734,-0.012669767188471459,-0.061748772646301416,0.0442008663064098,0.024983143020477994,-0.025975200173503542,0.09550326639086973
zhen,34,JDExploreAcademy vs Online-G,0.02,96.09333333333333,264.9142857142859,256.9818333333336,dedup,dedup,0.637266321541559,True,0.029943467788322797,-0.02521558960067602,0.09417517154340417,mtme_COMET-QE-src,0.12691225470079304,0.922900899652606,0.00703875954915123,-0.041099583660267794,0.049054673647736274,-0.004357327339950423,-0.058745091548871774,0.0363974918886398,-0.0019196616952228407,-0.05479505163135174,0.04277954980268023,-0.007581091675179286,-0.043380693770265724,0.04427138583216465
zhen,34,JDExploreAcademy vs Online-G,0.02,96.09333333333333,264.9142857142859,256.9818333333336,dedup,dedup,0.637266321541559,True,0.029943467788322797,-0.02521558960067602,0.09417517154340417,mtme_COMETKiwi-src,0.16134641377505832,0.959377087982424,-0.014077519098302016,-0.06482518914508446,0.029901087242589795,-0.010002447780372403,-0.053931431985616334,0.028019044424784523,-0.005665343051755478,-0.04726673685012747,0.038755293324835786,0.0061496967435022976,-0.04702604723605265,0.08100536299318468
zhen,34,JDExploreAcademy vs Online-G,0.02,96.09333333333333,264.9142857142859,256.9818333333336,dedup,dedup,0.637266321541559,True,0.029943467788322797,-0.02521558960067602,0.09417517154340417,mtme_Cross-QE-src,0.1762019765866854,0.966162403744368,-0.036417929841259244,-0.10424252043455888,0.011405321362392909,-0.02510048216583982,-0.08860455798322756,0.01664665064101078,-0.03194513949230027,-0.09793202887772749,0.010493010480487902,0.00555180956010648,-0.055922166317499,0.06599045779211911
zhen,34,JDExploreAcademy vs Online-G,0.02,96.09333333333333,264.9142857142859,256.9818333333336,dedup,dedup,0.637266321541559,True,0.029943467788322797,-0.02521558960067602,0.09417517154340417,mtme_HWTSC-TLM-src,-0.0042500404803210625,0.498241633134339,0.012225213953788616,-0.009445417054826677,0.032929987614007936,0.005955873464666306,-0.009479049197344352,0.026789290543015792,0.0,-0.026059292929459847,0.020981335621885477,0.0,0.0,0.0
zhen,34,JDExploreAcademy vs Online-G,0.02,96.09333333333333,264.9142857142859,256.9818333333336,dedup,dedup,0.637266321541559,True,0.029943467788322797,-0.02521558960067602,0.09417517154340417,mtme_HWTSC-Teacher-Sim-src,0.05131943815123888,0.3949247735620734,0.008068821922197711,-0.027790959967315593,0.03547057083807484,0.004815993375735017,-0.03754400165459194,0.03290277205243827,0.009049833706051391,-0.021229144963560986,0.04203948669269356,0.02265138300523295,-0.007077598930954187,0.07066694897286703
zhen,34,JDExploreAcademy vs Online-G,0.02,96.09333333333333,264.9142857142859,256.9818333333336,dedup,dedup,0.637266321541559,True,0.029943467788322797,-0.02521558960067602,0.09417517154340417,mtme_KG-BERTScore-src,0.04377094127909635,0.679795467170797,0.002346253183050151,-0.03168507486276189,0.032716336910245745,0.0036144981468614334,-0.02816905307988704,0.029765935531429862,-0.022921088788260935,-0.06392174573317327,0.007046001920845844,0.0006056519520117876,-0.03687744784851486,0.04094595826015793
zhen,34,JDExploreAcademy vs Online-G,0.02,96.09333333333333,264.9142857142859,256.9818333333336,dedup,dedup,0.637266321541559,True,0.029943467788322797,-0.02521558960067602,0.09417517154340417,mtme_MATESE-QE-src,0.1086906189989835,0.9351848265501388,0.006426693501398906,-0.03518165044645942,0.038281620968006844,-0.01805594840869129,-0.07330372960452203,0.023987025545692865,-0.0019196616952228407,-0.04518028649512097,0.033839410483084906,-0.006311530868330806,-0.05285891593056539,0.05201446383485983
zhen,34,JDExploreAcademy vs Online-G,0.02,96.09333333333333,264.9142857142859,256.9818333333336,dedup,dedup,0.637266321541559,True,0.029943467788322797,-0.02521558960067602,0.09417517154340417,mtme_MATESE-refA,0.14456447411614282,0.9674894649743352,-0.022753199472836938,-0.07753514091922928,0.01168642610279974,-0.005814627453646137,-0.05647772757509829,0.03176302656067953,-0.034594754379869475,-0.09879517512944305,0.010552113132824203,0.023142279850547953,-0.026717314133272795,0.08555732429246538
zhen,34,JDExploreAcademy vs Online-G,0.02,96.09333333333333,264.9142857142859,256.9818333333336,dedup,dedup,0.637266321541559,True,0.029943467788322797,-0.02521558960067602,0.09417517154340417,mtme_MEE-refA,0.06159333830867299,0.8976609341086564,0.004815993375734906,-0.03765202982958353,0.03610816821514948,0.005955873464666306,-0.024243032084235106,0.03660568200691898,-0.01570184822502907,-0.05389794207956814,0.020538700201812303,0.03452216126466001,-0.0018483492848000987,0.08912474657272623
zhen,34,JDExploreAcademy vs Online-G,0.02,96.09333333333333,264.9142857142859,256.9818333333336,dedup,dedup,0.637266321541559,True,0.029943467788322797,-0.02521558960067602,0.09417517154340417,mtme_MEE2-refA,0.07409917947315571,0.9352238472927537,-0.015250645689826925,-0.05110723627214651,0.023373914524732545,0.0013478475732419115,-0.03709953739687156,0.040655746084331056,-0.010633019744461736,-0.05241737525341492,0.026696836428004165,0.035975725949487836,-0.0022171681616728863,0.09526996179383602
zhen,34,JDExploreAcademy vs Online-G,0.02,96.09333333333333,264.9142857142859,256.9818333333336,dedup,dedup,0.637266321541559,True,0.029943467788322797,-0.02521558960067602,0.09417517154340417,mtme_MEE4-refA,0.08938066290198259,0.9593140488993936,-0.02542572326938175,-0.06481521896885557,0.016362896241213867,0.003303907543479312,-0.03577846085294797,0.04495911690364414,-0.009385012732200826,-0.049949572945333226,0.031471465455245914,0.03452216126466001,-0.010877848226752366,0.09327501761151781
zhen,34,JDExploreAcademy vs Online-G,0.02,96.09333333333333,264.9142857142859,256.9818333333336,dedup,dedup,0.637266321541559,True,0.029943467788322797,-0.02521558960067602,0.09417517154340417,mtme_MS-COMET-22-refA,0.13984173177754117,0.98746083650136,-0.021116278647452802,-0.06443001664998432,0.013500474354539618,-0.011935287931168714,-0.06254099797979136,0.027797877957229943,-0.011935287931168714,-0.05827454257343893,0.02705370650654861,0.019986514416382217,-0.03484887280010669,0.08684804749814501
zhen,34,JDExploreAcademy vs Online-G,0.02,96.09333333333333,264.9142857142859,256.9818333333336,dedup,dedup,0.637266321541559,True,0.029943467788322797,-0.02521558960067602,0.09417517154340417,mtme_MS-COMET-QE-22-src,0.07349715580434765,0.9490970977882788,-0.04031289559968276,-0.08281183732691302,-2.1371793224034074e-16,0.03362962895705468,-0.007051680969566504,0.06333382765217499,-0.022921088788260935,-0.06151690986977569,0.013762358492553336,0.02265138300523306,-0.016712438299433953,0.07659139308543085
zhen,34,JDExploreAcademy vs Online-G,0.02,96.09333333333333,264.9142857142859,256.9818333333336,dedup,dedup,0.637266321541559,True,0.029943467788322797,-0.02521558960067602,0.09417517154340417,mtme_REUSE-src,0.04052555398670491,-0.0713802384978524,-0.010002447780372403,-0.04459394974336599,0.02092279613518346,0.021116278647453024,-0.002778381362395032,0.049318967342182274,0.002346253183050373,-0.023885905113905086,0.028039579786543162,0.003997302883276599,-0.024341028252535816,0.034397020775717574
zhen,34,JDExploreAcademy vs Online-G,0.02,96.09333333333333,264.9142857142859,256.9818333333336,dedup,dedup,0.637266321541559,True,0.029943467788322797,-0.02521558960067602,0.09417517154340417,mtme_SEScore-refA,0.09866272356094141,0.93964771879046,-0.014717406330042815,-0.0630520291804328,0.023048260138522826,-0.0019196616952228407,-0.03881637988451304,0.03958531093645977,-0.01805594840869129,-0.06626066510025831,0.028855422928635858,0.02265138300523295,-0.01689023233999084,0.08320551508706417
zhen,34,JDExploreAcademy vs Online-G,0.02,96.09333333333333,264.9142857142859,256.9818333333336,dedup,dedup,0.637266321541559,True,0.029943467788322797,-0.02521558960067602,0.09417517154340417,mtme_UniTE-ref-refA,0.19303538424657524,0.975743491343244,0.0012017394352210609,-0.05160754774368029,0.04691121894317063,0.012225213953788616,-0.054794173185202646,0.06693785002733142,0.004815993375734906,-0.0461815417335992,0.04814870748609131,6.661338147750939e-16,-0.05812986967422749,0.072615112941687
zhen,34,JDExploreAcademy vs Online-G,0.02,96.09333333333333,264.9142857142859,256.9818333333336,dedup,dedup,0.637266321541559,True,0.029943467788322797,-0.02521558960067602,0.09417517154340417,mtme_UniTE-refA,0.1986396947917838,0.9824419355235168,-0.027515150964862567,-0.09783952898887993,0.021313128059881132,-0.0012633670985655598,-0.06305281754998035,0.04759005241453738,-0.01570184822502907,-0.08784177403758058,0.04100714780521797,-0.00999325720819022,-0.076042861004157,0.06800859214342994
zhen,34,JDExploreAcademy vs Online-G,0.02,96.09333333333333,264.9142857142859,256.9818333333336,dedup,dedup,0.637266321541559,True,0.029943467788322797,-0.02521558960067602,0.09417517154340417,mtme_UniTE-src-src,0.14323562046113553,0.9607040026515832,-0.008482607661797426,-0.06161203462199827,0.036380975477136694,0.017987941070052416,-0.029747010074714194,0.06080620702487192,-0.014717406330042815,-0.0635387997853057,0.02585626114791073,-0.014108127823328154,-0.06407017313511917,0.039015451323731264
zhen,34,JDExploreAcademy vs Online-G,0.02,96.09333333333333,264.9142857142859,256.9818333333336,dedup,dedup,0.637266321541559,True,0.029943467788322797,-0.02521558960067602,0.09417517154340417,mtme_YiSi-1-refA,0.13343014692911936,0.9604473082422414,-0.023931782467113027,-0.07192090035396616,0.021886089662593176,0.012547353978921483,-0.03606624485263995,0.06150930874282033,-0.010633019744461736,-0.057712905416806085,0.03349275468270338,0.022147218677612712,-0.021675803107794128,0.08385725580947574
zhen,34,JDExploreAcademy vs Online-G,0.02,96.09333333333333,264.9142857142859,256.9818333333336,dedup,dedup,0.637266321541559,True,0.029943467788322797,-0.02521558960067602,0.09417517154340417,mtme_chrF-refA,0.07451936335717262,0.9157360845392822,0.002346253183050373,-0.038548448268242726,0.038076960399598465,0.01317511402789806,-0.02744841592141584,0.0540096974772425,-0.004357327339950423,-0.04064437115578179,0.03308502110037049,0.03372724307764474,-0.0038071008762084737,0.09379259361411314
zhen,34,JDExploreAcademy vs Online-G,0.02,96.09333333333333,264.9142857142859,256.9818333333336,dedup,dedup,0.637266321541559,True,0.029943467788322797,-0.02521558960067602,0.09417517154340417,mtme_f101spBLEU-refA,0.05769718771015561,0.8645720481576694,-0.0031101495682295255,-0.04132757373945897,0.03224130803401776,0.009049833706051391,-0.02623285287857316,0.04445231274234424,0.002346253183050595,-0.027179267824756097,0.03611108315325751,0.03197842306621124,-0.0005127826108553444,0.07519153870574723
zhen,34,JDExploreAcademy vs Online-G,0.02,96.09333333333333,264.9142857142859,256.9818333333336,dedup,dedup,0.637266321541559,True,0.029943467788322797,-0.02521558960067602,0.09417517154340417,mtme_f200spBLEU-refA,0.05854687958355513,0.8696321738056851,-0.004357327339950423,-0.04546631850573372,0.027714544975414538,0.014935904409174139,-0.024179535017258884,0.05620603200780415,0.0012017394352210609,-0.02302649020242215,0.0306317833082875,0.03288103984630586,-0.0014293355162434175,0.0775953962372378
zhen,34,JDExploreAcademy vs Online-G,0.02,96.09333333333333,264.9142857142859,256.9818333333336,dedup,dedup,0.637266321541559,True,0.029943467788322797,-0.02521558960067602,0.09417517154340417,mtme_metricx_xl_DA_2019-refA,0.19678639668043124,0.9937925634685278,0.021116278647453024,-0.028370639495529662,0.058575019539158495,0.009985217034842231,-0.0536099070043985,0.06460404812684113,-0.004357327339950423,-0.057282077427928964,0.04980810884215745,0.024983143020477883,-0.032120612513019155,0.10249512631528679
zhen,34,JDExploreAcademy vs Online-G,0.02,96.09333333333333,264.9142857142859,256.9818333333336,dedup,dedup,0.637266321541559,True,0.029943467788322797,-0.02521558960067602,0.09417517154340417,mtme_metricx_xl_MQM_2020-refA,0.204843121074762,0.9880707146931909,0.01575341422905241,-0.03535499896437515,0.05333696695489401,0.02815503819660392,-0.024844289315610123,0.07821858547623066,0.002346253183050373,-0.05015054490177102,0.04729325129006073,0.025836225952884706,-0.023410209086763657,0.09537956890871281
zhen,34,JDExploreAcademy vs Online-G,0.02,96.09333333333333,264.9142857142859,256.9818333333336,dedup,dedup,0.637266321541559,True,0.029943467788322797,-0.02521558960067602,0.09417517154340417,mtme_metricx_xxl_DA_2019-refA,0.19989867386430046,0.9945880252964706,0.004815993375735017,-0.04488505719973677,0.052303019942921775,0.011223967929727241,-0.0569255325426975,0.07024723485434721,0.017987941070052416,-0.04870038503985751,0.06404548844025929,0.051215443191979015,-0.01357546110967786,0.11180867236917728
zhen,34,JDExploreAcademy vs Online-G,0.02,96.09333333333333,264.9142857142859,256.9818333333336,dedup,dedup,0.637266321541559,True,0.029943467788322797,-0.02521558960067602,0.09417517154340417,mtme_metricx_xxl_MQM_2020-refA,0.2060662438526818,0.9848440687329651,0.0010055370784504136,-0.04520537453515336,0.040991121739424825,0.004815993375735017,-0.0510153057020539,0.06013315096798494,-0.017411668358426002,-0.07029031837031852,0.03352549009234186,0.035270319558321384,-0.019133586187155955,0.10972544135537965
zhen,34,JDExploreAcademy vs Online-G,0.02,96.09333333333333,264.9142857142859,256.9818333333336,dedup,dedup,0.637266321541559,True,0.029943467788322797,-0.02521558960067602,0.09417517154340417,comet22,0.13063908547501046,,-0.0019196616952228407,-0.0416896864943623,0.032333814834933264,0.011731265915251865,-0.0335278419240788,0.05331122883414124,-0.019788210807990092,-0.06860927432584503,0.02195669252545167,0.039232787558083015,-0.010245012150496207,0.10568828084410063
zhen,34,JDExploreAcademy vs Online-G,0.02,96.09333333333333,264.9142857142859,256.9818333333336,dedup,dedup,0.637266321541559,True,0.029943467788322797,-0.02521558960067602,0.09417517154340417,qwen3_8b,0.1609375622288906,,0.009049833706051169,-0.04641078041361253,0.06013009425227829,0.034052377278325,-0.014537306187563962,0.07595782569817205,0.05401193976067331,-0.00393782970560021,0.09339454728749919,0.008142654021488727,-0.044505267132623844,0.06924615617920543
zhen,34,JDExploreAcademy vs Online-G,0.02,96.09333333333333,264.9142857142859,256.9818333333336,dedup,dedup,0.637266321541559,True,0.029943467788322797,-0.02521558960067602,0.09417517154340417,mistral_7b,0.07712777360576858,,0.06586349705221317,0.01600237490356219,0.10651850025903452,0.06033277031616113,0.00971303127658357,0.1012934378097804,0.027043655109895703,-0.024145942940320263,0.06604221502248794,0.049596165403614334,0.0025185157292980267,0.10604759831473279
zhen,35,JDExploreAcademy vs HuaweiTSC,0.01,97.82333333333334,497.17095238095305,473.4994623655923,weighted,weighted,0.8032400467789658,True,0.04761237538516261,-0.08635020113471513,0.16676758286733295,mtme_BERTScore-refA,0.11071639010802675,0.9400920205176692,-0.01860194065431875,-0.07402644537164059,0.03153774863450551,0.02324188050006626,-0.032548561742188106,0.07581681708300914,-0.002038761447374693,-0.06420879217211374,0.04298537529488868,-0.02201862363164242,-0.09720538569809187,0.019171683231129676
zhen,35,JDExploreAcademy vs HuaweiTSC,0.01,97.82333333333334,497.17095238095305,473.4994623655923,weighted,weighted,0.8032400467789658,True,0.04761237538516261,-0.08635020113471513,0.16676758286733295,mtme_BLEU-refA,0.014144630154132644,0.8293746844592913,-0.00756890187337711,-0.047760934582071785,0.02327269385390204,-0.0033027935447464962,-0.0320452086974627,0.022704101213245908,-0.014679082421094947,-0.05936889972640968,0.013278395449949305,0.008073495331601843,0.0,0.032252431948291235
zhen,35,JDExploreAcademy vs HuaweiTSC,0.01,97.82333333333334,497.17095238095305,473.4994623655923,weighted,weighted,0.8032400467789658,True,0.04761237538516261,-0.08635020113471513,0.16676758286733295,mtme_BLEURT-20-refA,0.15299867763639455,0.9802219595565596,-0.0033027935447464962,-0.08202186134151349,0.05987425834737192,0.019449784207950183,-0.04302259605380801,0.06795346019054324,-0.00756890187337711,-0.0783096922453409,0.05340306617222303,-0.021371017054240937,-0.09241132272486612,0.021973472584189274
zhen,35,JDExploreAcademy vs HuaweiTSC,0.01,97.82333333333334,497.17095238095305,473.4994623655923,weighted,weighted,0.8032400467789658,True,0.04761237538516261,-0.08635020113471513,0.16676758286733295,mtme_COMET-20-refA,0.12370464400664502,0.9752672183823412,0.033027935447463075,-0.025285253853637224,0.10665040255761346,0.025950520708720726,-0.028673934473254586,0.07374303733406473,0.0015727588308317442,-0.050019851791692244,0.0492008111948775,-0.01133311510452173,-0.07524632125470719,0.038765832173050366
zhen,35,JDExploreAcademy vs HuaweiTSC,0.01,97.82333333333334,497.17095238095305,473.4994623655923,weighted,weighted,0.8032400467789658,True,0.04761237538516261,-0.08635020113471513,0.16676758286733295,mtme_COMET-22-refA,0.21989102877215408,0.9866351677254928,0.008742688794916798,-0.08328158061572798,0.08332720221426104,0.013761639769775846,-0.0654696939274983,0.08034681883320051,0.008073495331601843,-0.07665933803791897,0.08535632406110116,0.02847235814436433,-0.04849895909330506,0.11085521652421876
zhen,35,JDExploreAcademy vs HuaweiTSC,0.01,97.82333333333334,497.17095238095305,473.4994623655923,weighted,weighted,0.8032400467789658,True,0.04761237538516261,-0.08635020113471513,0.16676758286733295,mtme_COMET-QE-src,0.1440882100781805,0.922900899652606,-0.0012952131548022994,-0.054803892004455575,0.05572055252832679,-0.005198841690804201,-0.05747397647477796,0.046176853906710356,-0.008178345920324182,-0.0592413277037015,0.04449180092922256,0.008742688794916798,-0.02788975905340994,0.06146567065996008
zhen,35,JDExploreAcademy vs HuaweiTSC,0.01,97.82333333333334,497.17095238095305,473.4994623655923,weighted,weighted,0.8032400467789658,True,0.04761237538516261,-0.08635020113471513,0.16676758286733295,mtme_COMETKiwi-src,0.20060738457084634,0.959377087982424,-0.025021163217775033,-0.11673704954508361,0.03963355938497384,0.03813940164766538,-0.02875233869402667,0.12225856557463576,0.008073495331601843,-0.06549245217067791,0.07387475939206502,0.016347159968946534,-0.04943243391409241,0.08415471924069745
zhen,35,JDExploreAcademy vs HuaweiTSC,0.01,97.82333333333334,497.17095238095305,473.4994623655923,weighted,weighted,0.8032400467789658,True,0.04761237538516261,-0.08635020113471513,0.16676758286733295,mtme_Cross-QE-src,0.16192581133796896,0.966162403744368,-0.00756890187337711,-0.07787105498532576,0.04568244916180739,0.013761639769776512,-0.050856334298840816,0.10139351821203972,0.0042813990394861,-0.06668526911183563,0.07613971630523227,0.0042813990394861,-0.06141011182625009,0.07504050101749761
zhen,35,JDExploreAcademy vs HuaweiTSC,0.01,97.82333333333334,497.17095238095305,473.4994623655923,weighted,weighted,0.8032400467789658,True,0.04761237538516261,-0.08635020113471513,0.16676758286733295,mtme_HWTSC-TLM-src,0.0757859431040841,0.498241633134339,0.0015727588308313,-0.044280123473352584,0.053244949614883706,-0.01100931181582121,-0.039232491845852764,0.00542981929930179,0.0,-0.027406377099963734,0.02552043750691424,0.008073495331601843,-0.012629869080474707,0.03469345656816947
zhen,35,JDExploreAcademy vs HuaweiTSC,0.01,97.82333333333334,497.17095238095305,473.4994623655923,weighted,weighted,0.8032400467789658,True,0.04761237538516261,-0.08635020113471513,0.16676758286733295,mtme_HWTSC-Teacher-Sim-src,0.06847797789897823,0.3949247735620734,-0.005928090977750378,-0.07262819753177531,0.0478562022889294,0.0049352087450230675,-0.030572525222454607,0.04284678260564296,0.0015727588308313,-0.039899070526445944,0.050407480160122586,0.016703783444693587,-0.020834551445782484,0.05409162244122767
zhen,35,JDExploreAcademy vs HuaweiTSC,0.01,97.82333333333334,497.17095238095305,473.4994623655923,weighted,weighted,0.8032400467789658,True,0.04761237538516261,-0.08635020113471513,0.16676758286733295,mtme_KG-BERTScore-src,0.0749990317373751,0.679795467170797,0.016703783444693587,-0.023104605231477327,0.07592323634240451,0.02847235814436433,-0.008495552282851525,0.0844921054295371,0.02847235814436433,-0.0106433389573522,0.10032711737881225,0.035882201473786735,-0.016158536864563314,0.08486775039062204
zhen,35,JDExploreAcademy vs HuaweiTSC,0.01,97.82333333333334,497.17095238095305,473.4994623655923,weighted,weighted,0.8032400467789658,True,0.04761237538516261,-0.08635020113471513,0.16676758286733295,mtme_MATESE-QE-src,0.12635734145192812,0.9351848265501388,0.0060050791722661145,-0.04305463124963792,0.05416299313843523,0.0042813990394861,-0.05261117751133772,0.050690916478142806,-0.0023803917439610967,-0.0821879344610179,0.0452704721169312,0.03509218141292947,-0.008575127839984556,0.08144036828763306
zhen,35,JDExploreAcademy vs HuaweiTSC,0.01,97.82333333333334,497.17095238095305,473.4994623655923,weighted,weighted,0.8032400467789658,True,0.04761237538516261,-0.08635020113471513,0.16676758286733295,mtme_MATESE-refA,0.14844756701976375,0.9674894649743352,-0.01061612210811358,-0.09183614966107999,0.06959198944063895,0.025950520708720726,-0.05439603697193139,0.11651824565810293,0.03345137051730196,-0.0507151477609531,0.12732491456586137,0.008073495331601843,-0.06521675897094328,0.07711024934183362
zhen,35,JDExploreAcademy vs HuaweiTSC,0.01,97.82333333333334,497.17095238095305,473.4994623655923,weighted,weighted,0.8032400467789658,True,0.04761237538516261,-0.08635020113471513,0.16676758286733295,mtme_MEE-refA,0.04284835765976155,0.8976609341086564,-0.00756890187337711,-0.055226892353233165,0.031779048607321184,0.0,-0.038617765911763136,0.03321265589980889,0.0015727588308313,-0.05779566436011783,0.040281412119459126,-0.004337001624414416,-0.04548752960957528,0.027159621004032217
zhen,35,JDExploreAcademy vs HuaweiTSC,0.01,97.82333333333334,497.17095238095305,473.4994623655923,weighted,weighted,0.8032400467789658,True,0.04761237538516261,-0.08635020113471513,0.16676758286733295,mtme_MEE2-refA,0.05923252189428992,0.9352238472927537,-0.018234172694953754,-0.06934964212635313,0.023063284815270292,-0.006833365954647785,-0.050449724066006375,0.027756273277796013,-0.002038761447374693,-0.057353669378609,0.03658591075727306,0.0,-0.033485940694924776,0.028749716438613546
zhen,35,JDExploreAcademy vs HuaweiTSC,0.01,97.82333333333334,497.17095238095305,473.4994623655923,weighted,weighted,0.8032400467789658,True,0.04761237538516261,-0.08635020113471513,0.16676758286733295,mtme_MEE4-refA,0.07719550464397404,0.9593140488993936,-0.02768055542263559,-0.09298635890903537,0.0178974194786476,-0.0033027935447464962,-0.032985869030235516,0.026072833684001213,-0.01860194065431875,-0.07255641024566307,0.01409908596791287,0.008073495331601843,-0.02304986649433361,0.043205907515117555
zhen,35,JDExploreAcademy vs HuaweiTSC,0.01,97.82333333333334,497.17095238095305,473.4994623655923,weighted,weighted,0.8032400467789658,True,0.04761237538516261,-0.08635020113471513,0.16676758286733295,mtme_MS-COMET-22-refA,0.1541783886420316,0.98746083650136,0.052009507543705924,0.0007747789164909288,0.11961279175580791,0.021074968333143262,-0.03265938796176766,0.07090834743272803,0.013761639769776512,-0.04261320125693107,0.06546837994374542,0.03703132156230715,-0.01564308048609336,0.08638466932262091
zhen,35,JDExploreAcademy vs HuaweiTSC,0.01,97.82333333333334,497.17095238095305,473.4994623655923,weighted,weighted,0.8032400467789658,True,0.04761237538516261,-0.08635020113471513,0.16676758286733295,mtme_MS-COMET-QE-22-src,0.14901523105962095,0.9490970977882788,-0.017453787025081935,-0.0956763157722422,0.050958191036059614,0.011009311815820877,-0.047973835860834035,0.06260437118648697,-0.017929450671479996,-0.07382497116421652,0.035361519309107005,0.011323863581987448,-0.03474027342721824,0.07234543062599755
zhen,35,JDExploreAcademy vs HuaweiTSC,0.01,97.82333333333334,497.17095238095305,473.4994623655923,weighted,weighted,0.8032400467789658,True,0.04761237538516261,-0.08635020113471513,0.16676758286733295,mtme_REUSE-src,0.024599202076701944,-0.0713802384978524,-0.01100931181582121,-0.04663867187493428,0.021778547323591812,0.003096368948199646,0.0,0.01885154840973376,0.0,-0.03233954060177779,0.02674202246113796,0.0,0.0,0.0
zhen,35,JDExploreAcademy vs HuaweiTSC,0.01,97.82333333333334,497.17095238095305,473.4994623655923,weighted,weighted,0.8032400467789658,True,0.04761237538516261,-0.08635020113471513,0.16676758286733295,mtme_SEScore-refA,0.12627369265583438,0.93964771879046,-0.044037247263284396,-0.11713224488900824,0.009381126425556816,-0.006833365954647785,-0.07215669472709318,0.04871995172220999,-0.006833365954647785,-0.06653890207540337,0.04043674320781977,-0.014679082421094947,-0.07697760501458914,0.029732375392115006
zhen,35,JDExploreAcademy vs HuaweiTSC,0.01,97.82333333333334,497.17095238095305,473.4994623655923,weighted,weighted,0.8032400467789658,True,0.04761237538516261,-0.08635020113471513,0.16676758286733295,mtme_UniTE-ref-refA,0.21533993829122883,0.975743491343244,0.008742688794916798,-0.07345999657629919,0.08804714080905009,0.035882201473786735,-0.052737226847911,0.13525620919556755,-0.0012952131548022994,-0.08547877386840352,0.0686727566983547,0.030826073084298633,-0.04542924563467488,0.12409576424817657
zhen,35,JDExploreAcademy vs HuaweiTSC,0.01,97.82333333333334,497.17095238095305,473.4994623655923,weighted,weighted,0.8032400467789658,True,0.04761237538516261,-0.08635020113471513,0.16676758286733295,mtme_UniTE-refA,0.2215659268335773,0.9824419355235168,0.016347159968946534,-0.05646409851614215,0.08766447750717521,0.011009311815820877,-0.06512238319953303,0.10547590138230425,0.0,-0.08826280974637311,0.07762856182355876,0.022018623631641865,-0.05202769896281366,0.11429358673517194
zhen,35,JDExploreAcademy vs HuaweiTSC,0.01,97.82333333333334,497.17095238095305,473.4994623655923,weighted,weighted,0.8032400467789658,True,0.04761237538516261,-0.08635020113471513,0.16676758286733295,mtme_UniTE-src-src,0.18786089451595991,0.9607040026515832,-0.00756890187337711,-0.07705209487604925,0.06313627427214319,-0.021371017054240937,-0.08983676232611898,0.03336550442618677,-0.011604409751811096,-0.08051292308426464,0.0468295577735232,-0.011604409751811096,-0.08620515670236654,0.06537619404303865
zhen,35,JDExploreAcademy vs HuaweiTSC,0.01,97.82333333333334,497.17095238095305,473.4994623655923,weighted,weighted,0.8032400467789658,True,0.04761237538516261,-0.08635020113471513,0.16676758286733295,mtme_YiSi-1-refA,0.10855562597937579,0.9604473082422414,-0.0033027935447464962,-0.05342681715448624,0.04649141847403111,0.00719839618726692,-0.05450344822642161,0.05036369371878666,0.02324188050006626,-0.03339449130822007,0.07439880826068657,-0.01860194065431875,-0.0945325870299267,0.02553339337890319
zhen,35,JDExploreAcademy vs HuaweiTSC,0.01,97.82333333333334,497.17095238095305,473.4994623655923,weighted,weighted,0.8032400467789658,True,0.04761237538516261,-0.08635020113471513,0.16676758286733295,mtme_chrF-refA,0.037621471304871396,0.9157360845392822,0.0015727588308313,-0.04867307657519007,0.05326360233240156,0.035882201473786735,-0.012996491217530758,0.08084233789611935,0.010601559526345561,-0.0489204979252111,0.05432694590356272,0.003096368948199646,-0.017681981966040497,0.02603553451416829
zhen,35,JDExploreAcademy vs HuaweiTSC,0.01,97.82333333333334,497.17095238095305,473.4994623655923,weighted,weighted,0.8032400467789658,True,0.04761237538516261,-0.08635020113471513,0.16676758286733295,mtme_f101spBLEU-refA,0.02245649385649323,0.8645720481576694,-0.01133311510452173,-0.05660946192421284,0.023321735903784595,0.003096368948199646,-0.022084633884150037,0.02871359912356308,-0.01100931181582121,-0.05420520237438132,0.021131905731504804,0.011009311815820877,0.0,0.034343814197258564
zhen,35,JDExploreAcademy vs HuaweiTSC,0.01,97.82333333333334,497.17095238095305,473.4994623655923,weighted,weighted,0.8032400467789658,True,0.04761237538516261,-0.08635020113471513,0.16676758286733295,mtme_f200spBLEU-refA,0.02156037249530412,0.8696321738056851,-0.03140891900395992,-0.07604522432702593,0.002208030296157264,0.0,-0.031308258229124274,0.024262681103316752,-0.01100931181582121,-0.05856003325561471,0.017577732987799764,0.0,-0.0210200149931424,0.0237567513098685
zhen,35,JDExploreAcademy vs HuaweiTSC,0.01,97.82333333333334,497.17095238095305,473.4994623655923,weighted,weighted,0.8032400467789658,True,0.04761237538516261,-0.08635020113471513,0.16676758286733295,mtme_metricx_xl_DA_2019-refA,0.19940294059285618,0.9937925634685278,-0.02201862363164242,-0.10599107699210497,0.042023503748497885,-0.018234172694953754,-0.08270084174825432,0.036886736266684435,0.010601559526345561,-0.06074898692823126,0.08719473839555941,-0.01860194065431875,-0.0931379752169449,0.047752702459452796
zhen,35,JDExploreAcademy vs HuaweiTSC,0.01,97.82333333333334,497.17095238095305,473.4994623655923,weighted,weighted,0.8032400467789658,True,0.04761237538516261,-0.08635020113471513,0.16676758286733295,mtme_metricx_xl_MQM_2020-refA,0.2428608909837422,0.9880707146931909,-0.0033027935447464962,-0.09838469468968908,0.08115847527871221,0.003096368948199646,-0.0739872785364435,0.09113716534275346,0.01376163976977618,-0.06614613517506672,0.10959022771242592,0.025950520708720726,-0.04767747816695914,0.1207860713873084
zhen,35,JDExploreAcademy vs HuaweiTSC,0.01,97.82333333333334,497.17095238095305,473.4994623655923,weighted,weighted,0.8032400467789658,True,0.04761237538516261,-0.08635020113471513,0.16676758286733295,mtme_metricx_xxl_DA_2019-refA,0.20399788423784898,0.9945880252964706,-0.03536324401445534,-0.11216281040585166,0.02626374300187606,-0.026055371297443397,-0.09540685913674357,0.029953567208342947,0.0015727588308313,-0.07444522782526462,0.0713660788750588,-0.014679082421094947,-0.08184700608735701,0.06797325719804473
zhen,35,JDExploreAcademy vs HuaweiTSC,0.01,97.82333333333334,497.17095238095305,473.4994623655923,weighted,weighted,0.8032400467789658,True,0.04761237538516261,-0.08635020113471513,0.16676758286733295,mtme_metricx_xxl_MQM_2020-refA,0.2255189836263201,0.9848440687329651,-0.018234172694953754,-0.09202762958843887,0.04684681010729362,-0.0023803917439610967,-0.07563999105945379,0.06529867641568138,0.011323863581987448,-0.05576740040599906,0.08356099166727361,-0.023430073864439294,-0.1225263431485921,0.03815817649430877
zhen,35,JDExploreAcademy vs HuaweiTSC,0.01,97.82333333333334,497.17095238095305,473.4994623655923,weighted,weighted,0.8032400467789658,True,0.04761237538516261,-0.08635020113471513,0.16676758286733295,comet22,0.1338999667728984,,-0.0033027935447464962,-0.07282706879701958,0.06963219696212167,-0.0012952131548022994,-0.060144951477524626,0.0450824936333857,0.022018623631641865,-0.04961926315081964,0.09284045961959533,0.0015727588308317442,-0.056076407886253496,0.05070465044586593
zhen,35,JDExploreAcademy vs HuaweiTSC,0.01,97.82333333333334,497.17095238095305,473.4994623655923,weighted,weighted,0.8032400467789658,True,0.04761237538516261,-0.08635020113471513,0.16676758286733295,qwen3_8b,0.23069293188084983,,-0.00869156195985843,-0.08859043682773993,0.058036749488940734,0.02847235814436433,-0.05399641424065146,0.1279868227845821,0.022018623631641865,-0.049857167867226986,0.10973874763674275,0.052009507543705924,-0.023520883131567232,0.14012863998001632
zhen,35,JDExploreAcademy vs HuaweiTSC,0.01,97.82333333333334,497.17095238095305,473.4994623655923,weighted,weighted,0.8032400467789658,True,0.04761237538516261,-0.08635020113471513,0.16676758286733295,mistral_7b,0.08653910103997267,,0.01376163976977618,-0.045222797467801876,0.06564102417118325,0.028818492694355102,-0.017236382386173633,0.08926221311815603,0.02668924076562662,-0.020810454268942097,0.08428769691036561,0.03703132156230715,-0.011841468034913448,0.10152295491851478
zhen,35,JDExploreAcademy vs HuaweiTSC,0.02,97.82333333333334,228.41820512820544,224.4184848484851,dedup,dedup,0.5717358286813106,True,0.017510514442031444,-0.08027919503895588,0.09953429849029276,mtme_BERTScore-refA,0.11071639010802675,0.9400920205176692,-0.015254625374247821,-0.08432756994973685,0.023012939068957013,-0.005511348522308834,-0.07511673295889809,0.03767668920425245,0.003014018723137557,-0.06655691891829715,0.055349144418140844,0.02253137040296349,-0.005304435435068677,0.07391408607648796
zhen,35,JDExploreAcademy vs HuaweiTSC,0.02,97.82333333333334,228.41820512820544,224.4184848484851,dedup,dedup,0.5717358286813106,True,0.017510514442031444,-0.08027919503895588,0.09953429849029276,mtme_BLEU-refA,0.014144630154132644,0.8293746844592913,-0.008444808219666866,-0.05297814684364442,0.017751109401097497,0.017222964132214913,-0.0020614862933091005,0.08421869848868047,0.002066755695865785,-0.025464533021109747,0.04081315017615939,0.007014483238658276,-0.010973069628953192,0.027684102774480943
zhen,35,JDExploreAcademy vs HuaweiTSC,0.02,97.82333333333334,228.41820512820544,224.4184848484851,dedup,dedup,0.5717358286813106,True,0.017510514442031444,-0.08027919503895588,0.09953429849029276,mtme_BLEURT-20-refA,0.15299867763639455,0.9802219595565596,0.003014018723137557,-0.06838542941009401,0.053845640836524426,0.024327436836753757,-0.020995543469645852,0.0973359697632152,0.014150759719441686,-0.04907588984918505,0.08160025553579038,0.029120733445339497,-0.003856332066375756,0.08269524660543386
zhen,35,JDExploreAcademy vs HuaweiTSC,0.02,97.82333333333334,228.41820512820544,224.4184848484851,dedup,dedup,0.5717358286813106,True,0.017510514442031444,-0.08027919503895588,0.09953429849029276,mtme_COMET-20-refA,0.12370464400664502,0.9752672183823412,0.008006350893894676,-0.025867563488113865,0.0645381594373778,0.005855807804953317,-0.025094632486057714,0.054245189980815386,-0.0017222964132215246,-0.04565867668010398,0.04760834178372042,0.006763965980134734,-0.04231598370388471,0.05689638839336424
zhen,35,JDExploreAcademy vs HuaweiTSC,0.02,97.82333333333334,228.41820512820544,224.4184848484851,dedup,dedup,0.5717358286813106,True,0.017510514442031444,-0.08027919503895588,0.09953429849029276,mtme_COMET-22-refA,0.21989102877215408,0.9866351677254928,0.014150759719441686,-0.05276345587153242,0.08129788744804349,0.024801068350389532,-0.030507985126095687,0.11300097961141041,0.006889185652886098,-0.08533986122400429,0.09774437453545919,0.02545997619957474,-0.030741615217186484,0.1003173795464576
zhen,35,JDExploreAcademy vs HuaweiTSC,0.02,97.82333333333334,228.41820512820544,224.4184848484851,dedup,dedup,0.5717358286813106,True,0.017510514442031444,-0.08027919503895588,0.09953429849029276,mtme_COMET-QE-src,0.1440882100781805,0.922900899652606,0.006889185652886098,-0.03982455461597585,0.06256100229477651,0.024327436836753757,-0.013779378713050128,0.08776792179144435,0.020470723082861464,-0.013288616190618434,0.07497491828429398,0.028057932954633658,-0.008118963500810882,0.08082361369095017
zhen,35,JDExploreAcademy vs HuaweiTSC,0.02,97.82333333333334,228.41820512820544,224.4184848484851,dedup,dedup,0.5717358286813106,True,0.017510514442031444,-0.08027919503895588,0.09953429849029276,mtme_COMETKiwi-src,0.20060738457084634,0.959377087982424,-0.004090453981401065,-0.07376437962548674,0.04754842528926606,0.006889185652885987,-0.06500112801941983,0.06857523871012562,-0.006707891293599388,-0.09322702408605801,0.031029013132905545,0.04208689943195054,-0.004049926751104791,0.11404332064878522
zhen,35,JDExploreAcademy vs HuaweiTSC,0.02,97.82333333333334,228.41820512820544,224.4184848484851,dedup,dedup,0.5717358286813106,True,0.017510514442031444,-0.08027919503895588,0.09953429849029276,mtme_Cross-QE-src,0.16192581133796896,0.966162403744368,0.010907877283736322,-0.03676621404986638,0.07109501074654662,0.025342361508830513,-0.031504294218531445,0.11471637406089613,-0.0017222964132217466,-0.07983781594308542,0.0938888724177862,0.025208299138928636,-0.030508821721920074,0.08636140543039696
zhen,35,JDExploreAcademy vs HuaweiTSC,0.02,97.82333333333334,228.41820512820544,224.4184848484851,dedup,dedup,0.5717358286813106,True,0.017510514442031444,-0.08027919503895588,0.09953429849029276,mtme_HWTSC-TLM-src,0.0757859431040841,0.498241633134339,-0.006707891293599388,-0.07363390579870394,0.03298603711470738,-0.004282466757199455,-0.0577271480935302,0.028683313282134155,-0.007729330244701016,-0.08121771276728233,0.03449304355645878,0.015942007360587263,-0.0018161425785237658,0.05327086906142929
zhen,35,JDExploreAcademy vs HuaweiTSC,0.02,97.82333333333334,228.41820512820544,224.4184848484851,dedup,dedup,0.5717358286813106,True,0.017510514442031444,-0.08027919503895588,0.09953429849029276,mtme_HWTSC-Teacher-Sim-src,0.06847797789897823,0.3949247735620734,-0.00952328604957775,-0.06130170894949636,0.016665555702003048,0.00747968728027637,-0.03140071901188773,0.038699365953302214,-0.01435247011017915,-0.07776705641936754,0.011292990368142302,0.011423586988672407,-0.015501823769273651,0.045134474017604814
zhen,35,JDExploreAcademy vs HuaweiTSC,0.02,97.82333333333334,228.41820512820544,224.4184848484851,dedup,dedup,0.5717358286813106,True,0.017510514442031444,-0.08027919503895588,0.09953429849029276,mtme_KG-BERTScore-src,0.0749990317373751,0.679795467170797,-0.015254625374247821,-0.07440948105549162,0.019744408468668824,0.005463836897116381,-0.03636373974064972,0.06712652531686526,-0.01119492668593991,-0.10184047517517408,0.03793864634809428,0.018413018501478362,0.0,0.054079242506825255
zhen,35,JDExploreAcademy vs HuaweiTSC,0.02,97.82333333333334,228.41820512820544,224.4184848484851,dedup,dedup,0.5717358286813106,True,0.017510514442031444,-0.08027919503895588,0.09953429849029276,mtme_MATESE-QE-src,0.12635734145192812,0.9351848265501388,0.013556139510517484,-0.027393558051432596,0.07487165010863589,0.006222490267122738,-0.04701284114023558,0.0632790653730767,-0.018054417573080794,-0.08253099610463936,0.026410179287665304,-0.003144423520777817,-0.05540044259939154,0.0328059814891971
zhen,35,JDExploreAcademy vs HuaweiTSC,0.02,97.82333333333334,228.41820512820544,224.4184848484851,dedup,dedup,0.5717358286813106,True,0.017510514442031444,-0.08027919503895588,0.09953429849029276,mtme_MATESE-refA,0.14844756701976375,0.9674894649743352,0.003014018723137557,-0.09705647402448168,0.05959139170459749,0.021142673210581053,-0.04123877259645883,0.09384251141765801,-0.004090453981401065,-0.08767589461693917,0.03611995949701459,0.014530000994363856,-0.031761961829375525,0.0686106313294976
zhen,35,JDExploreAcademy vs HuaweiTSC,0.02,97.82333333333334,228.41820512820544,224.4184848484851,dedup,dedup,0.5717358286813106,True,0.017510514442031444,-0.08027919503895588,0.09953429849029276,mtme_MEE-refA,0.04284835765976155,0.8976609341086564,-0.007135227997632221,-0.05086817929217388,0.02350406709004855,0.0,-0.029644645707155498,0.027405286613224493,0.003014018723137557,-0.023007790910777176,0.036481058370698316,0.011617737864028088,-0.006376989559545947,0.04079766920210086
zhen,35,JDExploreAcademy vs HuaweiTSC,0.02,97.82333333333334,228.41820512820544,224.4184848484851,dedup,dedup,0.5717358286813106,True,0.017510514442031444,-0.08027919503895588,0.09953429849029276,mtme_MEE2-refA,0.05923252189428992,0.9352238472927537,0.006889185652885987,-0.025728325252008175,0.03423513118542858,0.013778371305772086,-0.008749739761232394,0.06003291085650159,-0.0011111589762720087,-0.025153281400752837,0.02124768302461029,0.014028966477316884,-0.0055694507028049775,0.047087191640169834
zhen,35,JDExploreAcademy vs HuaweiTSC,0.02,97.82333333333334,228.41820512820544,224.4184848484851,dedup,dedup,0.5717358286813106,True,0.017510514442031444,-0.08027919503895588,0.09953429849029276,mtme_MEE4-refA,0.07719550464397404,0.9593140488993936,0.0038498390413186367,-0.03312409589851464,0.03584339676025586,0.01011849142767618,-0.020438086276980294,0.05141005175378844,0.013556139510517484,-0.020372921706028523,0.05141036232735838,0.02104344971597516,-0.0009721808029640883,0.05485254555974113
zhen,35,JDExploreAcademy vs HuaweiTSC,0.02,97.82333333333334,228.41820512820544,224.4184848484851,dedup,dedup,0.5717358286813106,True,0.017510514442031444,-0.08027919503895588,0.09953429849029276,mtme_MS-COMET-22-refA,0.1541783886420316,0.98746083650136,-0.003179624147485738,-0.06338237754062977,0.046740733367787106,0.029188391845122674,-0.00725474955071042,0.08874780210293826,0.00747968728027637,-0.051437847834389684,0.07416455265918447,0.0395538915957685,0.0067333952166592805,0.11013982979262454
zhen,35,JDExploreAcademy vs HuaweiTSC,0.02,97.82333333333334,228.41820512820544,224.4184848484851,dedup,dedup,0.5717358286813106,True,0.017510514442031444,-0.08027919503895588,0.09953429849029276,mtme_MS-COMET-QE-22-src,0.14901523105962095,0.9490970977882788,0.028982091367313445,-0.013073439219070103,0.12310898007131049,0.05511348522308779,0.010649205484601172,0.1497641669010783,0.03346175888544611,-0.00615134585691936,0.14040195620859452,0.018413018501478362,-0.03583829551513652,0.06482996889740024
zhen,35,JDExploreAcademy vs HuaweiTSC,0.02,97.82333333333334,228.41820512820544,224.4184848484851,dedup,dedup,0.5717358286813106,True,0.017510514442031444,-0.08027919503895588,0.09953429849029276,mtme_REUSE-src,0.024599202076701944,-0.0713802384978524,-0.01200686642360127,-0.06056892488899744,0.014096617825373808,0.013975205181568917,-0.006227269138498674,0.048063715870616065,-0.002836723504129557,-0.03430915275908919,0.029362656807727785,0.002104344971597505,-0.02277334089054516,0.021866609838552962
zhen,35,JDExploreAcademy vs HuaweiTSC,0.02,97.82333333333334,228.41820512820544,224.4184848484851,dedup,dedup,0.5717358286813106,True,0.017510514442031444,-0.08027919503895588,0.09953429849029276,mtme_SEScore-refA,0.12627369265583438,0.93964771879046,0.006889185652885987,-0.041636826278885083,0.06026616269380959,-0.005511348522308612,-0.0779171724744616,0.03999133214925031,-0.01435247011017915,-0.10140848902119956,0.03268932085154342,0.038798860413829406,0.009335141161910629,0.10681037064123478
zhen,35,JDExploreAcademy vs HuaweiTSC,0.02,97.82333333333334,228.41820512820544,224.4184848484851,dedup,dedup,0.5717358286813106,True,0.017510514442031444,-0.08027919503895588,0.09953429849029276,mtme_UniTE-ref-refA,0.21533993829122883,0.975743491343244,0.017222964132215135,-0.04551125554351934,0.08601843880184379,0.04289073648409669,-0.005533465059974627,0.1199988431065691,0.013556139510517484,-0.06680331302675556,0.09686965303318423,0.04934326140297629,-0.013166720414362136,0.12448405583537069
zhen,35,JDExploreAcademy vs HuaweiTSC,0.02,97.82333333333334,228.41820512820544,224.4184848484851,dedup,dedup,0.5717358286813106,True,0.017510514442031444,-0.08027919503895588,0.09953429849029276,mtme_UniTE-refA,0.2215659268335773,0.9824419355235168,0.03143190954129249,-0.05195277818693615,0.12763580945180258,0.057819951015293136,0.002861984369427945,0.16050285313378726,0.03059608922311141,-0.02519384075988863,0.10845793901276742,0.05465451523454634,-0.02149902938746493,0.1567985206366867
zhen,35,JDExploreAcademy vs HuaweiTSC,0.02,97.82333333333334,228.41820512820544,224.4184848484851,dedup,dedup,0.5717358286813106,True,0.017510514442031444,-0.08027919503895588,0.09953429849029276,mtme_UniTE-src-src,0.18786089451595991,0.9607040026515832,-0.015254625374247821,-0.13486852144857117,0.04445858409116458,0.020667556958658073,-0.03151438414399111,0.08848252278217343,0.00747968728027637,-0.08428103845658108,0.06315084026136843,0.03254720222737473,-0.029130487150884437,0.11830134957597131
zhen,35,JDExploreAcademy vs HuaweiTSC,0.02,97.82333333333334,228.41820512820544,224.4184848484851,dedup,dedup,0.5717358286813106,True,0.017510514442031444,-0.08027919503895588,0.09953429849029276,mtme_YiSi-1-refA,0.10855562597937579,0.9604473082422414,-0.010214999416348514,-0.07185776314838133,0.03206766811982317,-0.015254625374247821,-0.08430275299128281,0.029230774637772572,0.0009841693789837125,-0.06381531269104163,0.05136733312594069,0.026407466310243488,0.002362326176107433,0.0813129493726108
zhen,35,JDExploreAcademy vs HuaweiTSC,0.02,97.82333333333334,228.41820512820544,224.4184848484851,dedup,dedup,0.5717358286813106,True,0.017510514442031444,-0.08027919503895588,0.09953429849029276,mtme_chrF-refA,0.037621471304871396,0.9157360845392822,-0.008444808219666866,-0.057371197660515606,0.022279899206346494,-0.005511348522308834,-0.0529028555577241,0.030032015106222446,-0.0011111589762720087,-0.039626048854104735,0.039040767994302214,0.011617737864028088,-0.010254857975733316,0.04079766920210086
zhen,35,JDExploreAcademy vs HuaweiTSC,0.02,97.82333333333334,228.41820512820544,224.4184848484851,dedup,dedup,0.5717358286813106,True,0.017510514442031444,-0.08027919503895588,0.09953429849029276,mtme_f101spBLEU-refA,0.02245649385649323,0.8645720481576694,-0.013089452740483676,-0.057161841192074625,0.014030898491667455,0.005463836897116381,-0.019598276860721565,0.06624850633273136,-0.01119492668593991,-0.04949060669979479,0.010291893957374725,0.002104344971597505,-0.01467880847690659,0.018761205029396308
zhen,35,JDExploreAcademy vs HuaweiTSC,0.02,97.82333333333334,228.41820512820544,224.4184848484851,dedup,dedup,0.5717358286813106,True,0.017510514442031444,-0.08027919503895588,0.09953429849029276,mtme_f200spBLEU-refA,0.02156037249530412,0.8696321738056851,-0.005511348522308834,-0.04853157229892193,0.02710253161950207,-0.003827325362714795,-0.05363126793388085,0.0606575463709125,-0.005511348522308834,-0.0526626173447661,0.02984286849513789,0.007014483238658276,-0.012087511396583327,0.027684102774480943
zhen,35,JDExploreAcademy vs HuaweiTSC,0.02,97.82333333333334,228.41820512820544,224.4184848484851,dedup,dedup,0.5717358286813106,True,0.017510514442031444,-0.08027919503895588,0.09953429849029276,mtme_metricx_xl_DA_2019-refA,0.19940294059285618,0.9937925634685278,0.026439577370535705,-0.04171383584204373,0.09684414211668835,0.03143190954129249,-0.013172975944048053,0.11972360900691421,0.023538050980693948,-0.03473350893170114,0.09460488231102027,0.04156730808093856,-0.010553740247800567,0.1272096550425159
zhen,35,JDExploreAcademy vs HuaweiTSC,0.02,97.82333333333334,228.41820512820544,224.4184848484851,dedup,dedup,0.5717358286813106,True,0.017510514442031444,-0.08027919503895588,0.09953429849029276,mtme_metricx_xl_MQM_2020-refA,0.2428608909837422,0.9880707146931909,0.0084789977266293,-0.0882628940000305,0.07468527899784169,0.051017212672723744,-0.01253872683823938,0.13468572712032906,0.013975205181568917,-0.08802464821301326,0.08910877674607938,0.03472169203135844,-0.062128382785296546,0.15431268768512788
zhen,35,JDExploreAcademy vs HuaweiTSC,0.02,97.82333333333334,228.41820512820544,224.4184848484851,dedup,dedup,0.5717358286813106,True,0.017510514442031444,-0.08027919503895588,0.09953429849029276,mtme_metricx_xxl_DA_2019-refA,0.20399788423784898,0.9945880252964706,0.0,-0.08636850954780939,0.07291364677371953,0.0282234379973072,-0.010490037401768739,0.12907510890520169,0.006889185652885987,-0.058014873088313164,0.06802748586101924,0.035072416193292155,-0.008659016031185829,0.0993931747962766
zhen,35,JDExploreAcademy vs HuaweiTSC,0.02,97.82333333333334,228.41820512820544,224.4184848484851,dedup,dedup,0.5717358286813106,True,0.017510514442031444,-0.08027919503895588,0.09953429849029276,mtme_metricx_xxl_MQM_2020-refA,0.2255189836263201,0.9848440687329651,0.021433022031200788,-0.04821190980966025,0.12318978096971195,0.05781995101529325,-0.0012520298966806106,0.17781909144248817,0.03682150952404584,-0.021328256767583088,0.13289070621693527,0.04156730808093856,-0.01577175690533381,0.13367965917311248
zhen,35,JDExploreAcademy vs HuaweiTSC,0.02,97.82333333333334,228.41820512820544,224.4184848484851,dedup,dedup,0.5717358286813106,True,0.017510514442031444,-0.08027919503895588,0.09953429849029276,comet22,0.1338999667728984,,-0.009008935084543701,-0.10515817330582217,0.04650213260878143,0.013556139510517484,-0.026110675751118157,0.07127432346523829,0.00747968728027637,-0.05769915390182768,0.05708673494943411,0.0343467799961894,-0.0003570913693132265,0.09037326060268144
zhen,35,JDExploreAcademy vs HuaweiTSC,0.02,97.82333333333334,228.41820512820544,224.4184848484851,dedup,dedup,0.5717358286813106,True,0.017510514442031444,-0.08027919503895588,0.09953429849029276,qwen3_8b,0.23069293188084983,,0.02176982666311944,-0.04618798645696322,0.11437874727533456,0.03086355172492894,-0.04003606164977134,0.12027070952073037,0.017222964132214913,-0.04166687913573264,0.08682842138560447,0.04184502069958285,-0.001227319378393791,0.11631089300725735
zhen,35,JDExploreAcademy vs HuaweiTSC,0.02,97.82333333333334,228.41820512820544,224.4184848484851,dedup,dedup,0.5717358286813106,True,0.017510514442031444,-0.08027919503895588,0.09953429849029276,mistral_7b,0.08653910103997267,,0.006222490267122738,-0.03610191365904786,0.04096096786029921,0.021142673210581053,-0.014985555608869676,0.07461127734222879,0.017222964132214913,-0.027746321194590366,0.06374753303758965,0.004822457226577592,-0.028179261652188498,0.0467725861085414
zhen,45,Online-G vs HuaweiTSC,0.01,97.75333333333333,709.4566666666676,661.726000000001,dedup,dedup,0.8622138068099063,True,0.06727777595060991,-0.04560491610763623,0.18491412221292192,mtme_BERTScore-refA,0.13550623765581335,0.9400920205176692,0.0030285277525063936,-0.08888661325404724,0.07991984801817249,-0.012114111010028905,-0.08828258299199059,0.05373291765734735,-0.05087926624212091,-0.18028994390461672,0.0131269569212569,-0.038974732437300874,-0.2054892393804993,0.0451173618922667
zhen,45,Online-G vs HuaweiTSC,0.01,97.75333333333333,709.4566666666676,661.726000000001,dedup,dedup,0.8622138068099063,True,0.06727777595060991,-0.04560491610763623,0.18491412221292192,mtme_BLEU-refA,0.04758644103867507,0.8293746844592913,-0.016773384475424535,-0.08956418250716498,0.03765623003178453,0.03634233303008527,-0.018254370110811383,0.1063163953790656,0.014806135678923305,-0.05500929357994217,0.08863730913603843,0.005996112682661869,-0.0627086342109077,0.07271260337324498
zhen,45,Online-G vs HuaweiTSC,0.01,97.75333333333333,709.4566666666676,661.726000000001,dedup,dedup,0.8622138068099063,True,0.06727777595060991,-0.04560491610763623,0.18491412221292192,mtme_BLEURT-20-refA,0.2124310952046018,0.9802219595565596,-0.06478415887971911,-0.286804462971127,0.056691517003984435,0.036342333030084384,-0.09490867816985678,0.18174322096773035,0.018171166515042247,-0.09458110196818294,0.13907141204918722,-0.005996112682660648,-0.14446538400002137,0.12159069005590238
zhen,45,Online-G vs HuaweiTSC,0.01,97.75333333333333,709.4566666666676,661.726000000001,dedup,dedup,0.8622138068099063,True,0.06727777595060991,-0.04560491610763623,0.18491412221292192,mtme_COMET-20-refA,0.16450160973001396,0.9752672183823412,0.03331380527757821,-0.0688290933899288,0.1334215736266665,0.065416199454154,-0.022257991836647832,0.1564349521854794,0.10902699909025682,-0.00712323421405797,0.18226580731832964,-0.030501964516148394,-0.13898794962942687,0.07459619214350909
zhen,45,Online-G vs HuaweiTSC,0.01,97.75333333333333,709.4566666666676,661.726000000001,dedup,dedup,0.8622138068099063,True,0.06727777595060991,-0.04560491610763623,0.18491412221292192,mtme_COMET-22-refA,0.26367370550500163,0.9866351677254928,0.012114111010028683,-0.09063001643044698,0.09848205023174034,0.06162395600753645,-0.052092689372810835,0.17837915563170173,0.018171166515042914,-0.10198219736284898,0.13382393838564505,0.03597667609597055,-0.08369505865042452,0.1630710028756369
zhen,45,Online-G vs HuaweiTSC,0.01,97.75333333333333,709.4566666666676,661.726000000001,dedup,dedup,0.8622138068099063,True,0.06727777595060991,-0.04560491610763623,0.18491412221292192,mtme_COMET-QE-src,0.16555535483093384,0.922900899652606,-0.02557423435450512,-0.17721053535201262,0.06484220969399955,0.021304126259015788,-0.06655105423115978,0.1103960928841569,-0.0037595516927675376,-0.10199632319022663,0.0965187799050234,0.03206616782466987,-0.05409316826041747,0.1375196234494806
zhen,45,Online-G vs HuaweiTSC,0.01,97.75333333333333,709.4566666666676,661.726000000001,dedup,dedup,0.8622138068099063,True,0.06727777595060991,-0.04560491610763623,0.18491412221292192,mtme_COMETKiwi-src,0.22353193754150485,0.959377087982424,-0.018662279123557113,-0.11426369205195841,0.072629716677996,0.007268466606016433,-0.08155684140273584,0.11728174022059325,-0.007787642792161487,-0.08739306597573884,0.08697723012434408,0.005996112682661869,-0.11345347836699186,0.11141788218603467
zhen,45,Online-G vs HuaweiTSC,0.01,97.75333333333333,709.4566666666676,661.726000000001,dedup,dedup,0.8622138068099063,True,0.06727777595060991,-0.04560491610763623,0.18491412221292192,mtme_Cross-QE-src,0.2448036812126814,0.966162403744368,0.10902699909025504,-0.058768084983374734,0.1896003161803407,0.10902699909025648,-0.01277198320044474,0.21593120050841993,0.04295002994464625,-0.08070045672342663,0.17267559974601554,0.0477082009098746,-0.055855202505124546,0.1751401817445044
zhen,45,Online-G vs HuaweiTSC,0.01,97.75333333333333,709.4566666666676,661.726000000001,dedup,dedup,0.8622138068099063,True,0.06727777595060991,-0.04560491610763623,0.18491412221292192,mtme_HWTSC-TLM-src,0.03910892977118478,0.498241633134339,-0.05388690759633441,-0.18758018959388692,-0.005793157310809301,-0.01992966650036987,-0.07159756023610347,0.015101708663430016,-0.016773384475424535,-0.09798329214696833,0.030739638599732017,-0.014859931430943885,-0.1009940679089364,0.0420096407763659
zhen,45,Online-G vs HuaweiTSC,0.01,97.75333333333333,709.4566666666676,661.726000000001,dedup,dedup,0.8622138068099063,True,0.06727777595060991,-0.04560491610763623,0.18491412221292192,mtme_HWTSC-Teacher-Sim-src,0.06784469500303544,0.3949247735620734,0.0,-0.06056903771046256,0.08553934896194705,-0.033746452099365776,-0.12373291726969088,0.029431607508743185,0.0030285277525063936,-0.06257887510461471,0.087016447821609,-0.03237900848637287,-0.1540854771726263,0.04115116647379267
zhen,45,Online-G vs HuaweiTSC,0.01,97.75333333333333,709.4566666666676,661.726000000001,dedup,dedup,0.8622138068099063,True,0.06727777595060991,-0.04560491610763623,0.18491412221292192,mtme_KG-BERTScore-src,0.05574760094495458,0.679795467170797,-0.05509966620690432,-0.18014058027734003,-0.012332967172607914,-0.007268466606017876,-0.08151904783935887,0.058756184992671115,-0.0015801014360916632,-0.06734451740361798,0.07789167534478669,0.016424134739465135,-0.07783508270059382,0.11719759453982015
zhen,45,Online-G vs HuaweiTSC,0.01,97.75333333333333,709.4566666666676,661.726000000001,dedup,dedup,0.8622138068099063,True,0.06727777595060991,-0.04560491610763623,0.18491412221292192,mtme_MATESE-QE-src,0.15154019108862832,0.9351848265501388,-0.039646181487367205,-0.1815591065429008,0.04273938165596302,0.0,-0.07140058441157637,0.07258187749123224,-0.016291390668659256,-0.10597423143484423,0.048658111401263915,-0.017988338047985275,-0.1339371807627387,0.09037492104631827
zhen,45,Online-G vs HuaweiTSC,0.01,97.75333333333333,709.4566666666676,661.726000000001,dedup,dedup,0.8622138068099063,True,0.06727777595060991,-0.04560491610763623,0.18491412221292192,mtme_MATESE-refA,0.19586759653662247,0.9674894649743352,-0.015899770700662508,-0.13560310888543534,0.06179495222319425,0.012826705775324632,-0.07557057879115894,0.10323230490412956,0.005191761861440991,-0.09371637539477404,0.08838872656589139,0.005996112682661869,-0.12077039448711102,0.10414075673618482
zhen,45,Online-G vs HuaweiTSC,0.01,97.75333333333333,709.4566666666676,661.726000000001,dedup,dedup,0.8622138068099063,True,0.06727777595060991,-0.04560491610763623,0.18491412221292192,mtme_MEE-refA,0.04741223291778092,0.8976609341086564,-0.04672585675296781,-0.14473709915444213,-0.007186257280835085,-0.024228222020057366,-0.10040865624510653,0.006801534737382891,-0.04135506862044247,-0.15098255122835946,-2.220446049250313e-16,-0.03761197955487816,-0.19429958608344247,0.04108327719138316
zhen,45,Online-G vs HuaweiTSC,0.01,97.75333333333333,709.4566666666676,661.726000000001,dedup,dedup,0.8622138068099063,True,0.06727777595060991,-0.04560491610763623,0.18491412221292192,mtme_MEE2-refA,0.10976379416807992,0.9352238472927537,-0.007787642792161487,-0.07061516518460793,0.03828421975869544,-0.02557423435450512,-0.11998637675159911,0.03726114217734063,-0.031652999735881426,-0.13527167668467716,0.023955364853236634,-0.030501964516148394,-0.20086001030018513,0.07052230177813039
zhen,45,Online-G vs HuaweiTSC,0.01,97.75333333333333,709.4566666666676,661.726000000001,dedup,dedup,0.8622138068099063,True,0.06727777595060991,-0.04560491610763623,0.18491412221292192,mtme_MEE4-refA,0.12479795313001071,0.9593140488993936,-0.007268466606017876,-0.08143114808338928,0.05113790832763664,-0.017381115796998525,-0.1244382657922782,0.04515807219637413,-0.02557423435450512,-0.10730681203296408,0.027435366926647435,-0.012453464802450576,-0.16906952436414363,0.09947456762535606
zhen,45,Online-G vs HuaweiTSC,0.01,97.75333333333333,709.4566666666676,661.726000000001,dedup,dedup,0.8622138068099063,True,0.06727777595060991,-0.04560491610763623,0.18491412221292192,mtme_MS-COMET-22-refA,0.13650927924482079,0.98746083650136,-0.05870684566398521,-0.24885434832450645,0.02293653734209079,0.039137897109322806,-0.050539208737009685,0.10574588250549544,0.01817116651504258,-0.06731612170817626,0.08758856894643252,-0.004905910376722833,-0.15087449464450026,0.09088504401929802
zhen,45,Online-G vs HuaweiTSC,0.01,97.75333333333333,709.4566666666676,661.726000000001,dedup,dedup,0.8622138068099063,True,0.06727777595060991,-0.04560491610763623,0.18491412221292192,mtme_MS-COMET-QE-22-src,0.09245295531919206,0.9490970977882788,-0.056165423773768985,-0.19055131645250203,-0.004744137546789001,-0.016291390668659256,-0.09274730339381033,0.03057674267567965,-0.0037595516927675376,-0.05371697812685412,0.04050604610068217,-0.017988338047985275,-0.17447737594659088,0.06177339913071254
zhen,45,Online-G vs HuaweiTSC,0.01,97.75333333333333,709.4566666666676,661.726000000001,dedup,dedup,0.8622138068099063,True,0.06727777595060991,-0.04560491610763623,0.18491412221292192,mtme_REUSE-src,-0.02319415171955153,-0.0713802384978524,0.00877228728312407,-0.027374712629243896,0.0699072138336677,0.024228222020056922,-0.002582245779694264,0.07741449057058569,0.021304126259015455,-0.018983354168235343,0.08951896751992347,-0.006627282438731674,-0.0338888345799638,0.005985186169603865
zhen,45,Online-G vs HuaweiTSC,0.01,97.75333333333333,709.4566666666676,661.726000000001,dedup,dedup,0.8622138068099063,True,0.06727777595060991,-0.04560491610763623,0.18491412221292192,mtme_SEScore-refA,0.14471313353510434,0.93964771879046,0.005191761861439548,-0.1315896633145044,0.12248825874485665,0.061623956007535785,-0.02167304235977219,0.13924794880984456,0.030021927285722172,-0.10245311386193899,0.1207626579136714,0.016424134739465135,-0.09430029154480217,0.12290797310595658
zhen,45,Online-G vs HuaweiTSC,0.01,97.75333333333333,709.4566666666676,661.726000000001,dedup,dedup,0.8622138068099063,True,0.06727777595060991,-0.04560491610763623,0.18491412221292192,mtme_UniTE-ref-refA,0.2713376182650065,0.975743491343244,0.01817116651504269,-0.08591531514108607,0.16906322289434192,0.09449006587822295,-0.030198841849472836,0.22394560020449678,0.09449006587822295,-0.036478370712333646,0.22245385240034599,0.05673245076672373,-0.054847776271856476,0.1782152932762913
zhen,45,Online-G vs HuaweiTSC,0.01,97.75333333333333,709.4566666666676,661.726000000001,dedup,dedup,0.8622138068099063,True,0.06727777595060991,-0.04560491610763623,0.18491412221292192,mtme_UniTE-refA,0.2676277177380523,0.9824419355235168,0.050879266242120136,-0.05443228719356465,0.1652462470482886,0.03868699967718858,-0.07985478244947124,0.19987877217104183,0.03634233303008616,-0.07508169949995477,0.19516345175798006,0.07685926256866471,-0.03890544247941106,0.19737798520470415
zhen,45,Online-G vs HuaweiTSC,0.01,97.75333333333333,709.4566666666676,661.726000000001,dedup,dedup,0.8622138068099063,True,0.06727777595060991,-0.04560491610763623,0.18491412221292192,mtme_UniTE-src-src,0.22010890707802355,0.9607040026515832,0.053115717505509585,-0.03229151513827401,0.13964471484300942,0.07008878512945116,-0.01835722454063222,0.18215228278985238,0.03331380527757821,-0.07316319005285288,0.15950697235941974,0.06050622797958716,-0.038971009729375915,0.1565950921487984
zhen,45,Online-G vs HuaweiTSC,0.01,97.75333333333333,709.4566666666676,661.726000000001,dedup,dedup,0.8622138068099063,True,0.06727777595060991,-0.04560491610763623,0.18491412221292192,mtme_YiSi-1-refA,0.14073944587497417,0.9604473082422414,-0.039646181487367205,-0.2380436279427032,0.04437208825913699,-0.029419983881499245,-0.1672574442617664,0.05543479120005651,-0.03634233303008716,-0.18205081300204473,0.04186346503970372,-0.02629064791628566,-0.16229747342100598,0.07339669805409565
zhen,45,Online-G vs HuaweiTSC,0.01,97.75333333333333,709.4566666666676,661.726000000001,dedup,dedup,0.8622138068099063,True,0.06727777595060991,-0.04560491610763623,0.18491412221292192,mtme_chrF-refA,0.08191272578335948,0.9157360845392822,-0.052494481043458,-0.15153188173163581,0.0026083587111141024,-0.007268466606017876,-0.08633943635499809,0.0490711131095651,-0.012114111010028905,-0.09887947587043565,0.04637065164090226,-0.03761197955487816,-0.1835438908951451,0.05126905981688584
zhen,45,Online-G vs HuaweiTSC,0.01,97.75333333333333,709.4566666666676,661.726000000001,dedup,dedup,0.8622138068099063,True,0.06727777595060991,-0.04560491610763623,0.18491412221292192,mtme_f101spBLEU-refA,0.07237944396696777,0.8645720481576694,-0.007787642792161487,-0.06428293378474934,0.03919728259851563,0.025160076713135804,-0.030692868233346604,0.09488918706772036,0.018171166515042247,-0.06259297386375334,0.09686039265580938,0.027800158801432162,-0.03926306093781628,0.09946557073070546
zhen,45,Online-G vs HuaweiTSC,0.01,97.75333333333333,709.4566666666676,661.726000000001,dedup,dedup,0.8622138068099063,True,0.06727777595060991,-0.04560491610763623,0.18491412221292192,mtme_f200spBLEU-refA,0.07047481912036906,0.8696321738056851,-0.01211411101002935,-0.11395087802378896,0.05631131220736555,0.02826625902339963,-0.020084042640360837,0.09559126730404735,0.0013460123344470887,-0.06414032528485017,0.07199655967850661,0.03597667609597055,-0.022720738108653472,0.10952389824722222
zhen,45,Online-G vs HuaweiTSC,0.01,97.75333333333333,709.4566666666676,661.726000000001,dedup,dedup,0.8622138068099063,True,0.06727777595060991,-0.04560491610763623,0.18491412221292192,mtme_metricx_xl_DA_2019-refA,0.2639547549833039,0.9937925634685278,-0.018171166515044135,-0.20690334905941746,0.15323555868018446,0.00877228728312407,-0.10349348340646906,0.14410099215391248,0.00877228728312407,-0.10836702689562475,0.14447001378232813,-0.01541857546970049,-0.1645149466202121,0.11793130775888867
zhen,45,Online-G vs HuaweiTSC,0.01,97.75333333333333,709.4566666666676,661.726000000001,dedup,dedup,0.8622138068099063,True,0.06727777595060991,-0.04560491610763623,0.18491412221292192,mtme_metricx_xl_MQM_2020-refA,0.2882631957272815,0.9880707146931909,0.018171166515042247,-0.07811419266808539,0.10886683687751524,0.13024248794774584,-0.017464502906366513,0.25835551607311513,0.09250775680385415,-0.02019101500246731,0.1812907740747649,0.013491253535988013,-0.19315621974590694,0.14300674892992635
zhen,45,Online-G vs HuaweiTSC,0.01,97.75333333333333,709.4566666666676,661.726000000001,dedup,dedup,0.8622138068099063,True,0.06727777595060991,-0.04560491610763623,0.18491412221292192,mtme_metricx_xxl_DA_2019-refA,0.2419843610162949,0.9945880252964706,-0.018171166515044135,-0.18675448047803378,0.128900267864346,0.05451349954512763,-0.0786262634680416,0.17396249800479077,0.1180632258258546,-0.028759014932974152,0.22634916959060472,-0.02826738836111886,-0.1791403679040319,0.08860013071034264
zhen,45,Online-G vs HuaweiTSC,0.01,97.75333333333333,709.4566666666676,661.726000000001,dedup,dedup,0.8622138068099063,True,0.06727777595060991,-0.04560491610763623,0.18491412221292192,mtme_metricx_xxl_MQM_2020-refA,0.2727476712600262,0.9848440687329651,-0.03634233303008649,-0.22434190531741954,0.06292647585676031,-0.017381115796998525,-0.22334267264212154,0.12524135712204054,0.0635990828026477,-0.10671894618180533,0.17024161805609253,-0.023984450730646367,-0.19834139155081335,0.1183338057757173
zhen,45,Online-G vs HuaweiTSC,0.01,97.75333333333333,709.4566666666676,661.726000000001,dedup,dedup,0.8622138068099063,True,0.06727777595060991,-0.04560491610763623,0.18491412221292192,comet22,0.18568893012558363,,0.0013460123344473107,-0.0849733248638529,0.10796083609380537,0.021304126259015788,-0.06116809612012857,0.10642008616178164,0.00519176186144088,-0.10216372286319272,0.09019208017291559,-0.02826738836111886,-0.17282841824785583,0.09280285303445053
zhen,45,Online-G vs HuaweiTSC,0.01,97.75333333333333,709.4566666666676,661.726000000001,dedup,dedup,0.8622138068099063,True,0.06727777595060991,-0.04560491610763623,0.18491412221292192,qwen3_8b,0.18828379260344202,,-0.027256749772565092,-0.14538228523903615,0.07210635197629682,-0.00820633326485809,-0.10269230557434277,0.07175322286238202,-0.016291390668659256,-0.10528515253200635,0.06698157495024952,0.03206616782466987,-0.052935379394449006,0.14286225860279445
zhen,45,Online-G vs HuaweiTSC,0.01,97.75333333333333,709.4566666666676,661.726000000001,dedup,dedup,0.8622138068099063,True,0.06727777595060991,-0.04560491610763623,0.18491412221292192,mistral_7b,0.10620794470178083,,-0.06312089421015044,-0.27058280419504543,0.05184582172176326,-0.004542791628760812,-0.07210089028781067,0.07327030657118348,-0.0037595516927675376,-0.07644390094382922,0.05453172554475182,0.05096695780262561,-0.026275352443090344,0.1464431334338704
zhen,45,Online-G vs HuaweiTSC,0.02,97.75333333333333,282.79985185185205,270.4504545454547,dedup,dedup,0.6543373955353324,True,0.04366833018309613,-0.0009762782886690734,0.10721340394073983,mtme_BERTScore-refA,0.13550623765581335,0.9400920205176692,-0.005108312562711159,-0.04991949912065412,0.026941315626321266,0.028992360890247815,-0.0109477450122874,0.06955944890503557,0.00012938988254074246,-0.04343542933792138,0.0353249472509628,0.052973404865952256,0.0051898864297012905,0.15012014984740163
zhen,45,Online-G vs HuaweiTSC,0.02,97.75333333333333,282.79985185185205,270.4504545454547,dedup,dedup,0.6543373955353324,True,0.04366833018309613,-0.0009762782886690734,0.10721340394073983,mtme_BLEU-refA,0.04758644103867507,0.8293746844592913,-0.014696534158593177,-0.05091522545044809,0.006931991774480745,-0.011256919781050145,-0.05171904243238871,0.006287520395999438,-0.014696534158593177,-0.05309124324528697,0.008799078951307708,0.010244505160433626,-0.018676310196827285,0.051431067917657565
zhen,45,Online-G vs HuaweiTSC,0.02,97.75333333333333,282.79985185185205,270.4504545454547,dedup,dedup,0.6543373955353324,True,0.04366833018309613,-0.0009762782886690734,0.10721340394073983,mtme_BLEURT-20-refA,0.2124310952046018,0.9802219595565596,0.01559991931676763,-0.03695347656455903,0.06428606579946866,0.009308149713394664,-0.036170325122443094,0.0516202190267884,-0.0014033825721733173,-0.051531704554950174,0.039625521787957085,0.09454746944429471,0.031160621653762828,0.182122942803266
zhen,45,Online-G vs HuaweiTSC,0.02,97.75333333333333,282.79985185185205,270.4504545454547,dedup,dedup,0.6543373955353324,True,0.04366833018309613,-0.0009762782886690734,0.10721340394073983,mtme_COMET-20-refA,0.16450160973001396,0.9752672183823412,0.008888089623764306,-0.045488944766277586,0.055906207693585834,0.012162648958835676,-0.028275832697512195,0.057869362858003814,0.004101358369839936,-0.03686036064344956,0.038962102101746186,0.047776646793658895,-0.008710599290612742,0.13660308173438107
zhen,45,Online-G vs HuaweiTSC,0.02,97.75333333333333,282.79985185185205,270.4504545454547,dedup,dedup,0.6543373955353324,True,0.04366833018309613,-0.0009762782886690734,0.10721340394073983,mtme_COMET-22-refA,0.26367370550500163,0.9866351677254928,0.03919075775624814,-0.017907271806034884,0.10445657505146141,0.012162648958835676,-0.042441017580507966,0.0663741798238045,0.008888089623764306,-0.04372465287184258,0.0704940299741875,0.039115383339838106,-0.018756297167348477,0.1317965941987092
zhen,45,Online-G vs HuaweiTSC,0.02,97.75333333333333,282.79985185185205,270.4504545454547,dedup,dedup,0.6543373955353324,True,0.04366833018309613,-0.0009762782886690734,0.10721340394073983,mtme_COMET-QE-src,0.16555535483093384,0.922900899652606,-0.0035474392796606136,-0.05647171719246522,0.03765338711667311,0.016546859630043764,-0.03652251826118126,0.06846904398671744,-0.0018508378850403684,-0.04987875139420315,0.03743092384244996,0.015796597118011402,-0.03809761686065741,0.0904066202445183
zhen,45,Online-G vs HuaweiTSC,0.02,97.75333333333333,282.79985185185205,270.4504545454547,dedup,dedup,0.6543373955353324,True,0.04366833018309613,-0.0009762782886690734,0.10721340394073983,mtme_COMETKiwi-src,0.22353193754150485,0.959377087982424,-0.001613412616988441,-0.05064955119822267,0.04426980184956241,0.017208854377927185,-0.031242230670976562,0.07923712043253278,0.003966081182228964,-0.0502435221275038,0.05172986587841025,-0.009002746959169361,-0.06691918018903732,0.06826033589162613
zhen,45,Online-G vs HuaweiTSC,0.02,97.75333333333333,282.79985185185205,270.4504545454547,dedup,dedup,0.6543373955353324,True,0.04366833018309613,-0.0009762782886690734,0.10721340394073983,mtme_Cross-QE-src,0.2448036812126814,0.966162403744368,-0.010946384062952008,-0.06700680843333541,0.02721236154849375,-0.009121986719126784,-0.06032450134246447,0.03172477775380563,-0.013484676019578812,-0.07652570858102067,0.025986051764495255,0.03218637257678114,-0.044850712671558,0.11489485102801551
zhen,45,Online-G vs HuaweiTSC,0.02,97.75333333333333,282.79985185185205,270.4504545454547,dedup,dedup,0.6543373955353324,True,0.04366833018309613,-0.0009762782886690734,0.10721340394073983,mtme_HWTSC-TLM-src,0.03910892977118478,0.498241633134339,-0.030935433221386477,-0.07595669937425956,-0.011190771032779373,-0.007667756952309368,-0.041902542249865844,0.016405350631892364,-0.026514574730261975,-0.06428106224193546,-0.007469072919305802,0.0006208791006322434,-0.02745365462137526,0.02225259624296091
zhen,45,Online-G vs HuaweiTSC,0.02,97.75333333333333,282.79985185185205,270.4504545454547,dedup,dedup,0.6543373955353324,True,0.04366833018309613,-0.0009762782886690734,0.10721340394073983,mtme_HWTSC-Teacher-Sim-src,0.06784469500303544,0.3949247735620734,-0.0021213922602623114,-0.031197881702700107,0.02265259189546792,0.0063779744540235495,-0.03201421776310172,0.03337612066099719,-0.015811443646486678,-0.04701141457203843,0.009590509482588291,0.01746222470528458,-0.03204260407421514,0.08539258074678799
zhen,45,Online-G vs HuaweiTSC,0.02,97.75333333333333,282.79985185185205,270.4504545454547,dedup,dedup,0.6543373955353324,True,0.04366833018309613,-0.0009762782886690734,0.10721340394073983,mtme_KG-BERTScore-src,0.05574760094495458,0.679795467170797,-0.010459878104598808,-0.03945551619909148,0.011315775418487767,0.008398019519196054,-0.01901645613666474,0.0365556044354167,-0.00556376494925459,-0.03390803165101487,0.019416319996711003,0.014368916328920234,-0.019040705691772856,0.08742371690470507
zhen,45,Online-G vs HuaweiTSC,0.02,97.75333333333333,282.79985185185205,270.4504545454547,dedup,dedup,0.6543373955353324,True,0.04366833018309613,-0.0009762782886690734,0.10721340394073983,mtme_MATESE-QE-src,0.15154019108862832,0.9351848265501388,0.004101358369839936,-0.04125803637083309,0.04460154874793477,0.007973292095236673,-0.036936168332197844,0.05560256823361002,0.0020271081598056684,-0.05012350538677559,0.04219060829829427,0.028288804022561398,-0.04507615770239963,0.10110440986927256
zhen,45,Online-G vs HuaweiTSC,0.02,97.75333333333333,282.79985185185205,270.4504545454547,dedup,dedup,0.6543373955353324,True,0.04366833018309613,-0.0009762782886690734,0.10721340394073983,mtme_MATESE-refA,0.19586759653662247,0.9674894649743352,0.02613325924939014,-0.014955822481529645,0.07630246332575165,0.02613325924939014,-0.012974893248274678,0.08051534399305088,-0.002432529791767557,-0.053509461661862615,0.04073918005490668,0.03612874076955519,-0.01117306859450981,0.10499210484214758
zhen,45,Online-G vs HuaweiTSC,0.02,97.75333333333333,282.79985185185205,270.4504545454547,dedup,dedup,0.6543373955353324,True,0.04366833018309613,-0.0009762782886690734,0.10721340394073983,mtme_MEE-refA,0.04741223291778092,0.8976609341086564,-0.0021213922602623114,-0.04288396483510763,0.02713590463032662,-0.012162648958835787,-0.049147710619041815,0.006151073235039988,-0.019301595086848033,-0.06586033218390659,0.005297279075941088,0.011399340287609694,-0.016715242150986815,0.08250891759072855
zhen,45,Online-G vs HuaweiTSC,0.02,97.75333333333333,282.79985185185205,270.4504545454547,dedup,dedup,0.6543373955353324,True,0.04366833018309613,-0.0009762782886690734,0.10721340394073983,mtme_MEE2-refA,0.10976379416807992,0.9352238472927537,-0.003919075775624892,-0.054064531408348195,0.03414096318709034,-0.0035474392796606136,-0.045733446551404065,0.03182485931144761,-0.01708562591836449,-0.07350012247920884,0.013098293957381029,0.015796597118011402,-0.020926879737146523,0.10434727634198449
zhen,45,Online-G vs HuaweiTSC,0.02,97.75333333333333,282.79985185185205,270.4504545454547,dedup,dedup,0.6543373955353324,True,0.04366833018309613,-0.0009762782886690734,0.10721340394073983,mtme_MEE4-refA,0.12479795313001071,0.9593140488993936,-0.005108312562711159,-0.053566308985129596,0.029683830542630612,0.005594818521064582,-0.03579236121318383,0.046312770167146695,-0.009121986719126784,-0.05321831242145368,0.031789412062168065,0.027168813058705443,-0.006175098748155365,0.1108153327254654
zhen,45,Online-G vs HuaweiTSC,0.02,97.75333333333333,282.79985185185205,270.4504545454547,dedup,dedup,0.6543373955353324,True,0.04366833018309613,-0.0009762782886690734,0.10721340394073983,mtme_MS-COMET-22-refA,0.13650927924482079,0.98746083650136,-0.027703811517348242,-0.0805762454286966,0.006259604632670666,0.004101358369839936,-0.04113623450587956,0.05888247086630689,-0.008344142890364115,-0.06150686530620863,0.042094147728796986,0.02364884145801449,-0.005418098751142364,0.08666627718176734
zhen,45,Online-G vs HuaweiTSC,0.02,97.75333333333333,282.79985185185205,270.4504545454547,dedup,dedup,0.6543373955353324,True,0.04366833018309613,-0.0009762782886690734,0.10721340394073983,mtme_MS-COMET-QE-22-src,0.09245295531919206,0.9490970977882788,-0.0018508378850403684,-0.05118795629970853,0.030854100900577372,-0.016950074612845478,-0.0645553593169812,0.009176140229599805,-0.009865259711055563,-0.054949184410723134,0.02682029140580681,-0.009839584007848234,-0.09087919081367327,0.0499585063970289
zhen,45,Online-G vs HuaweiTSC,0.02,97.75333333333333,282.79985185185205,270.4504545454547,dedup,dedup,0.6543373955353324,True,0.04366833018309613,-0.0009762782886690734,0.10721340394073983,mtme_REUSE-src,-0.02319415171955153,-0.0713802384978524,-0.006674624428629539,-0.04703449799425258,0.02353926368231993,-0.003919075775624892,-0.043414655633316354,0.03354592137774779,0.0063779744540235495,-0.027438201404557327,0.04420428191938403,0.0002890299261562035,-0.01646820115629272,0.016230548313914024
zhen,45,Online-G vs HuaweiTSC,0.02,97.75333333333333,282.79985185185205,270.4504545454547,dedup,dedup,0.6543373955353324,True,0.04366833018309613,-0.0009762782886690734,0.10721340394073983,mtme_SEScore-refA,0.14471313353510434,0.93964771879046,-0.007074193782179883,-0.05127851237385398,0.03091992276552664,0.01875075047820507,-0.018518940359624536,0.06122474514222356,0.013176203038738676,-0.029779940343183212,0.05724683671098048,0.01986813122023512,-0.027481160358242277,0.10012433988298139
zhen,45,Online-G vs HuaweiTSC,0.02,97.75333333333333,282.79985185185205,270.4504545454547,dedup,dedup,0.6543373955353324,True,0.04366833018309613,-0.0009762782886690734,0.10721340394073983,mtme_UniTE-ref-refA,0.2713376182650065,0.975743491343244,0.04192913193703873,-0.004064952226043388,0.102029530331079,0.02613325924939014,-0.018494760171512508,0.10378580620731591,0.02261005255168158,-0.019419831511733217,0.07641498533663532,0.03578412816529164,-0.015732686767693405,0.25860324412561475
zhen,45,Online-G vs HuaweiTSC,0.02,97.75333333333333,282.79985185185205,270.4504545454547,dedup,dedup,0.6543373955353324,True,0.04366833018309613,-0.0009762782886690734,0.10721340394073983,mtme_UniTE-refA,0.2676277177380523,0.9824419355235168,0.04319299694355727,-0.0058086684621907305,0.1063679777811042,0.02261005255168158,-0.025880425561115993,0.10199961492657866,0.036332015479598634,-0.008399175226825532,0.10084003384773435,0.04930510505021535,-0.05758966435207436,0.191278670901898
zhen,45,Online-G vs HuaweiTSC,0.02,97.75333333333333,282.79985185185205,270.4504545454547,dedup,dedup,0.6543373955353324,True,0.04366833018309613,-0.0009762782886690734,0.10721340394073983,mtme_UniTE-src-src,0.22010890707802355,0.9607040026515832,0.02113984223797616,-0.022035254340281626,0.07936466914744943,0.018901413922514654,-0.03219853573240901,0.08813408106828251,0.01763584099031157,-0.026388839007139966,0.08624236807665889,-0.004190933929268059,-0.06670635530837203,0.058519708669969986
zhen,45,Online-G vs HuaweiTSC,0.02,97.75333333333333,282.79985185185205,270.4504545454547,dedup,dedup,0.6543373955353324,True,0.04366833018309613,-0.0009762782886690734,0.10721340394073983,mtme_YiSi-1-refA,0.14073944587497417,0.9604473082422414,0.01094638406295212,-0.0359581034903312,0.046500419834439005,0.03521511152034995,-0.0036228379103938886,0.0820928718225923,0.013176203038738676,-0.03422083759388607,0.05260715639938524,0.05794421693510188,0.000762717076522346,0.15042583005515828
zhen,45,Online-G vs HuaweiTSC,0.02,97.75333333333333,282.79985185185205,270.4504545454547,dedup,dedup,0.6543373955353324,True,0.04366833018309613,-0.0009762782886690734,0.10721340394073983,mtme_chrF-refA,0.08191272578335948,0.9157360845392822,0.005822544714336186,-0.02580763182137333,0.030228247520123385,0.00888808962376475,-0.019768323352710768,0.02957326584297791,0.01629794960483988,-0.02531596607528148,0.04389322379831145,0.011399340287609694,-0.023119484395465222,0.08109763758067526
zhen,45,Online-G vs HuaweiTSC,0.02,97.75333333333333,282.79985185185205,270.4504545454547,dedup,dedup,0.6543373955353324,True,0.04366833018309613,-0.0009762782886690734,0.10721340394073983,mtme_f101spBLEU-refA,0.07237944396696777,0.8645720481576694,0.004101358369839936,-0.03272752442164002,0.03224530536020374,-0.0018508378850403684,-0.03035522635334011,0.01704607746242344,-0.003919075775624892,-0.03403287137816795,0.023466612251578315,0.005088991199825865,-0.02329826110993508,0.04089418884327897
zhen,45,Online-G vs HuaweiTSC,0.02,97.75333333333333,282.79985185185205,270.4504545454547,dedup,dedup,0.6543373955353324,True,0.04366833018309613,-0.0009762782886690734,0.10721340394073983,mtme_f200spBLEU-refA,0.07047481912036906,0.8696321738056851,0.010946384062951897,-0.013984060689204965,0.04271248313951957,-0.009865259711055563,-0.04612721014661181,0.012075763259039664,-0.003919075775624892,-0.04312913306567008,0.023232359459343353,0.010244505160433626,-0.02319188048784755,0.05949663493605606
zhen,45,Online-G vs HuaweiTSC,0.02,97.75333333333333,282.79985185185205,270.4504545454547,dedup,dedup,0.6543373955353324,True,0.04366833018309613,-0.0009762782886690734,0.10721340394073983,mtme_metricx_xl_DA_2019-refA,0.2639547549833039,0.9937925634685278,0.016546859630043764,-0.03865642683349129,0.06658806813020314,0.013919476030667566,-0.04287754280353576,0.06073573417519814,0.009783000249498297,-0.051897677555156826,0.06238693284194471,0.08860831736167418,0.005618085661794035,0.17558098089763194
zhen,45,Online-G vs HuaweiTSC,0.02,97.75333333333333,282.79985185185205,270.4504545454547,dedup,dedup,0.6543373955353324,True,0.04366833018309613,-0.0009762782886690734,0.10721340394073983,mtme_metricx_xl_MQM_2020-refA,0.2882631957272815,0.9880707146931909,0.0466234876755367,-0.009796590392323223,0.13135103267446913,0.028595164041518073,-0.03094687818348171,0.09198837509775822,0.0020271081598058904,-0.056673474423094304,0.04166596376514488,0.06509917370130247,0.004566880070496671,0.14960311586625324
zhen,45,Online-G vs HuaweiTSC,0.02,97.75333333333333,282.79985185185205,270.4504545454547,dedup,dedup,0.6543373955353324,True,0.04366833018309613,-0.0009762782886690734,0.10721340394073983,mtme_metricx_xxl_DA_2019-refA,0.2419843610162949,0.9945880252964706,0.03547439279660414,-0.018788096337000414,0.07819820400557664,0.029899845357137966,-0.028025943549639668,0.07747802832480934,0.01875075047820507,-0.03491332346454014,0.06620904780567442,0.09324827992622142,0.025970677044630106,0.203431787811679
zhen,45,Online-G vs HuaweiTSC,0.02,97.75333333333333,282.79985185185205,270.4504545454547,dedup,dedup,0.6543373955353324,True,0.04366833018309613,-0.0009762782886690734,0.10721340394073983,mtme_metricx_xxl_MQM_2020-refA,0.2727476712600262,0.9848440687329651,0.02290200920972263,-0.033563025625604634,0.07303169597891099,0.04365039570782148,-0.003658302024829594,0.09335479641688488,0.023013639696620625,-0.034586456534866694,0.06272790733611022,0.0918361174065766,0.017651534257430983,0.19192202251380516
zhen,45,Online-G vs HuaweiTSC,0.02,97.75333333333333,282.79985185185205,270.4504545454547,dedup,dedup,0.6543373955353324,True,0.04366833018309613,-0.0009762782886690734,0.10721340394073983,comet22,0.18568893012558363,,-0.015811443646486678,-0.06319660957783671,0.02012253491721562,0.01032410899994185,-0.030942447667224884,0.06677473309098701,0.012904273895349982,-0.03590280671315934,0.058663025706541486,0.03124150747272747,-0.023800752863683775,0.12878039213096376
zhen,45,Online-G vs HuaweiTSC,0.02,97.75333333333333,282.79985185185205,270.4504545454547,dedup,dedup,0.6543373955353324,True,0.04366833018309613,-0.0009762782886690734,0.10721340394073983,qwen3_8b,0.18828379260344202,,0.014768930878585995,-0.043069455468625534,0.08203436868873816,0.004256927135592226,-0.041929378108427895,0.05397359984731039,0.0063779744540235495,-0.04310097278747179,0.05286813934641247,0.06509917370130247,0.015145300389498942,0.17958468256457774
zhen,45,Online-G vs HuaweiTSC,0.02,97.75333333333333,282.79985185185205,270.4504545454547,dedup,dedup,0.6543373955353324,True,0.04366833018309613,-0.0009762782886690734,0.10721340394073983,mistral_7b,0.10620794470178083,,-0.03699472391645875,-0.09883566768796667,0.0004892032855113494,-0.01799575611256299,-0.07945725978624413,0.012094807021504346,-0.037217705814037494,-0.09942304395659232,-0.005887123295833029,0.013131592978374518,-0.020090781339790656,0.05582047607581813
