mode,budget,cover,lp,pair
cvl,10,0.9126960784313726,ende,01
cvl,14,0.9140686274509804,ende,01
cvl,21,0.9081372549019607,ende,01
cvl,30,0.8845098039215686,ende,01
cvl,44,0.9036274509803922,ende,01
cvl,64,0.8967647058823529,ende,01
cvl,93,0.893014705882353,ende,01
cvl,135,0.9110294117647059,ende,01
cvl,196,0.8984803921568627,ende,01
cvl,285,0.8887990196078431,ende,01
cvl,413,0.8994362745098039,ende,01
cvl,600,0.9055882352941177,ende,01
cvl,871,0.914485294117647,ende,01
cvl,1265,0.8452205882352941,ende,01
cvo,10,0.9194607843137255,ende,01
cvo,14,0.913578431372549,ende,01
cvo,21,0.910343137254902,ende,01
cvo,30,0.8834803921568627,ende,01
cvo,44,0.9008823529411765,ende,01
cvo,64,0.8968627450980392,ende,01
cvo,93,0.8867156862745098,ende,01
cvo,135,0.9127941176470589,ende,01
cvo,196,0.9008333333333334,ende,01
cvo,285,0.8837745098039216,ende,01
cvo,413,0.8963725490196078,ende,01
cvo,600,0.9112745098039216,ende,01
cvo,871,0.9150980392156862,ende,01
cvo,1265,0.8817156862745098,ende,01
cvq,10,0.9070915032679738,ende,01
cvq,14,0.912516339869281,ende,01
cvq,21,0.9026797385620915,ende,01
cvq,30,0.8829084967320261,ende,01
cvq,44,0.901797385620915,ende,01
cvq,64,0.8984640522875817,ende,01
cvq,93,0.8928104575163399,ende,01
cvq,135,0.9113071895424837,ende,01
cvq,196,0.8979738562091504,ende,01
cvq,285,0.8904901960784314,ende,01
cvq,413,0.8945424836601307,ende,01
cvq,600,0.9057516339869282,ende,01
cvq,871,0.9172875816993464,ende,01
cvq,1265,0.8422875816993464,ende,01
cvr,10,0.8844771241830065,ende,01
cvr,14,0.8953921568627451,ende,01
cvr,21,0.8934967320261438,ende,01
cvr,30,0.875359477124183,ende,01
cvr,44,0.8975816993464052,ende,01
cvr,64,0.8971895424836601,ende,01
cvr,93,0.8918954248366013,ende,01
cvr,135,0.9110784313725491,ende,01
cvr,196,0.8974509803921569,ende,01
cvr,285,0.8904575163398692,ende,01
cvr,413,0.8943790849673202,ende,01
cvr,600,0.9057516339869282,ende,01
cvr,871,0.9174183006535948,ende,01
cvr,1265,0.8422875816993464,ende,01
cvu,10,0.9088888888888889,ende,01
cvu,14,0.9119934640522875,ende,01
cvu,21,0.9045098039215687,ende,01
cvu,30,0.8847058823529412,ende,01
cvu,44,0.9040196078431373,ende,01
cvu,64,0.8998039215686274,ende,01
cvu,93,0.8935947712418301,ende,01
cvu,135,0.9106535947712419,ende,01
cvu,196,0.899281045751634,ende,01
cvu,285,0.8893790849673202,ende,01
cvu,413,0.8947385620915033,ende,01
cvu,600,0.9058169934640523,ende,01
cvu,871,0.9176797385620915,ende,01
cvu,1265,0.8420915032679739,ende,01
cvx,10,0.9037581699346405,ende,01
cvx,14,0.9058823529411765,ende,01
cvx,21,0.8992483660130719,ende,01
cvx,30,0.8824183006535947,ende,01
cvx,44,0.901437908496732,ende,01
cvx,64,0.9006535947712418,ende,01
cvx,93,0.895359477124183,ende,01
cvx,135,0.9104248366013072,ende,01
cvx,196,0.8996732026143791,ende,01
cvx,285,0.8885294117647059,ende,01
cvx,413,0.8944117647058824,ende,01
cvx,600,0.9058823529411765,ende,01
cvx,871,0.9180392156862746,ende,01
cvx,1265,0.8420915032679739,ende,01
human,10,0.9222222222222223,ende,01
human,14,0.9233333333333333,ende,01
human,21,0.9166666666666666,ende,01
human,30,0.8877777777777778,ende,01
human,44,0.9066666666666666,ende,01
human,64,0.8977777777777778,ende,01
human,93,0.8966666666666666,ende,01
human,135,0.9111111111111111,ende,01
human,196,0.8988888888888888,ende,01
human,285,0.8955555555555555,ende,01
human,413,0.8922222222222222,ende,01
human,600,0.9077777777777778,ende,01
human,871,0.92,ende,01
human,1265,1.0,ende,01
cvl,10,0.9229656862745098,ende,02
cvl,14,0.8883578431372549,ende,02
cvl,21,0.9120833333333334,ende,02
cvl,30,0.9147549019607844,ende,02
cvl,44,0.8902941176470588,ende,02
cvl,64,0.8759313725490196,ende,02
cvl,93,0.9111764705882353,ende,02
cvl,135,0.9163970588235294,ende,02
cvl,196,0.8806372549019608,ende,02
cvl,285,0.8944607843137254,ende,02
cvl,413,0.9152205882352941,ende,02
cvl,600,0.8999019607843137,ende,02
cvl,871,0.909656862745098,ende,02
cvl,1265,0.8728676470588236,ende,02
cvo,10,0.9251470588235294,ende,02
cvo,14,0.890343137254902,ende,02
cvo,21,0.9126960784313726,ende,02
cvo,30,0.9101470588235294,ende,02
cvo,44,0.8863235294117647,ende,02
cvo,64,0.8746078431372549,ende,02
cvo,93,0.9077941176470589,ende,02
cvo,135,0.9163725490196079,ende,02
cvo,196,0.876421568627451,ende,02
cvo,285,0.8982843137254902,ende,02
cvo,413,0.9151960784313725,ende,02
cvo,600,0.8995588235294117,ende,02
cvo,871,0.9049509803921568,ende,02
cvo,1265,0.8991176470588236,ende,02
cvq,10,0.9189869281045752,ende,02
cvq,14,0.8826470588235295,ende,02
cvq,21,0.9109150326797386,ende,02
cvq,30,0.9130065359477124,ende,02
cvq,44,0.887483660130719,ende,02
cvq,64,0.869640522875817,ende,02
cvq,93,0.9066339869281046,ende,02
cvq,135,0.9138562091503268,ende,02
cvq,196,0.8790522875816994,ende,02
cvq,285,0.893202614379085,ende,02
cvq,413,0.912124183006536,ende,02
cvq,600,0.9013071895424837,ende,02
cvq,871,0.9109803921568628,ende,02
cvq,1265,0.8654901960784314,ende,02
cvr,10,0.8940196078431373,ende,02
cvr,14,0.8743790849673203,ende,02
cvr,21,0.9056535947712419,ende,02
cvr,30,0.9067647058823529,ende,02
cvr,44,0.8840849673202614,ende,02
cvr,64,0.8694117647058823,ende,02
cvr,93,0.9052287581699346,ende,02
cvr,135,0.9130065359477124,ende,02
cvr,196,0.8787581699346405,ende,02
cvr,285,0.8927777777777778,ende,02
cvr,413,0.912124183006536,ende,02
cvr,600,0.9016013071895425,ende,02
cvr,871,0.9111111111111111,ende,02
cvr,1265,0.8654901960784314,ende,02
cvu,10,0.919640522875817,ende,02
cvu,14,0.8842483660130719,ende,02
cvu,21,0.9108496732026143,ende,02
cvu,30,0.9149019607843137,ende,02
cvu,44,0.8893464052287582,ende,02
cvu,64,0.8710457516339869,ende,02
cvu,93,0.9083333333333333,ende,02
cvu,135,0.9145751633986928,ende,02
cvu,196,0.87859477124183,ende,02
cvu,285,0.8929411764705882,ende,02
cvu,413,0.9117973856209151,ende,02
cvu,600,0.9015686274509804,ende,02
cvu,871,0.9111764705882353,ende,02
cvu,1265,0.8662745098039216,ende,02
cvx,10,0.9091830065359477,ende,02
cvx,14,0.8867647058823529,ende,02
cvx,21,0.9144117647058824,ende,02
cvx,30,0.9113725490196078,ende,02
cvx,44,0.8880718954248366,ende,02
cvx,64,0.874313725490196,ende,02
cvx,93,0.9060784313725491,ende,02
cvx,135,0.9133660130718955,ende,02
cvx,196,0.8781699346405228,ende,02
cvx,285,0.8931699346405229,ende,02
cvx,413,0.9111764705882353,ende,02
cvx,600,0.9020261437908497,ende,02
cvx,871,0.9112745098039216,ende,02
cvx,1265,0.8662745098039216,ende,02
human,10,0.9188888888888889,ende,02
human,14,0.8877777777777778,ende,02
human,21,0.9088888888888889,ende,02
human,30,0.92,ende,02
human,44,0.8888888888888888,ende,02
human,64,0.8733333333333333,ende,02
human,93,0.91,ende,02
human,135,0.9188888888888889,ende,02
human,196,0.8822222222222222,ende,02
human,285,0.89,ende,02
human,413,0.9111111111111111,ende,02
human,600,0.9033333333333333,ende,02
human,871,0.91,ende,02
human,1265,1.0,ende,02
cvl,10,0.9548039215686275,ende,03
cvl,14,0.9360049019607843,ende,03
cvl,21,0.9166666666666666,ende,03
cvl,30,0.9293627450980392,ende,03
cvl,44,0.902892156862745,ende,03
cvl,64,0.9228676470588235,ende,03
cvl,93,0.9029656862745098,ende,03
cvl,135,0.9197058823529412,ende,03
cvl,196,0.8966666666666666,ende,03
cvl,285,0.9051960784313725,ende,03
cvl,413,0.9139460784313725,ende,03
cvl,600,0.9213480392156863,ende,03
cvl,871,0.8907107843137255,ende,03
cvl,1265,0.8566176470588235,ende,03
cvo,10,0.9587254901960784,ende,03
cvo,14,0.9380392156862745,ende,03
cvo,21,0.9172549019607843,ende,03
cvo,30,0.9301960784313725,ende,03
cvo,44,0.9062745098039215,ende,03
cvo,64,0.9287254901960784,ende,03
cvo,93,0.9064705882352941,ende,03
cvo,135,0.9171078431372549,ende,03
cvo,196,0.8923529411764706,ende,03
cvo,285,0.9013235294117647,ende,03
cvo,413,0.9114705882352941,ende,03
cvo,600,0.9253921568627451,ende,03
cvo,871,0.8869607843137255,ende,03
cvo,1265,0.8926470588235295,ende,03
cvq,10,0.9537581699346406,ende,03
cvq,14,0.933954248366013,ende,03
cvq,21,0.9161437908496732,ende,03
cvq,30,0.9289869281045752,ende,03
cvq,44,0.9002614379084968,ende,03
cvq,64,0.9264705882352942,ende,03
cvq,93,0.902124183006536,ende,03
cvq,135,0.9185947712418301,ende,03
cvq,196,0.891797385620915,ende,03
cvq,285,0.9042483660130719,ende,03
cvq,413,0.9112091503267974,ende,03
cvq,600,0.9222549019607843,ende,03
cvq,871,0.8918627450980392,ende,03
cvq,1265,0.8568627450980392,ende,03
cvr,10,0.9225816993464052,ende,03
cvr,14,0.91640522875817,ende,03
cvr,21,0.8976143790849673,ende,03
cvr,30,0.9201307189542484,ende,03
cvr,44,0.8930392156862745,ende,03
cvr,64,0.9247712418300653,ende,03
cvr,93,0.9004248366013072,ende,03
cvr,135,0.9180392156862746,ende,03
cvr,196,0.8905228758169934,ende,03
cvr,285,0.9036274509803922,ende,03
cvr,413,0.9112745098039216,ende,03
cvr,600,0.922156862745098,ende,03
cvr,871,0.8918627450980392,ende,03
cvr,1265,0.8568627450980392,ende,03
cvu,10,0.9534640522875817,ende,03
cvu,14,0.9349346405228758,ende,03
cvu,21,0.9178104575163398,ende,03
cvu,30,0.9295098039215687,ende,03
cvu,44,0.9023856209150327,ende,03
cvu,64,0.9268300653594771,ende,03
cvu,93,0.9040522875816993,ende,03
cvu,135,0.9189869281045752,ende,03
cvu,196,0.8914705882352941,ende,03
cvu,285,0.9050653594771242,ende,03
cvu,413,0.9118954248366014,ende,03
cvu,600,0.9218627450980392,ende,03
cvu,871,0.892124183006536,ende,03
cvu,1265,0.8582352941176471,ende,03
cvx,10,0.9359150326797385,ende,03
cvx,14,0.9263398692810457,ende,03
cvx,21,0.9090196078431373,ende,03
cvx,30,0.9259477124183007,ende,03
cvx,44,0.9022549019607843,ende,03
cvx,64,0.9255555555555556,ende,03
cvx,93,0.9024183006535947,ende,03
cvx,135,0.917843137254902,ende,03
cvx,196,0.8897058823529411,ende,03
cvx,285,0.9043137254901961,ende,03
cvx,413,0.91140522875817,ende,03
cvx,600,0.9219607843137255,ende,03
cvx,871,0.8920915032679738,ende,03
cvx,1265,0.8582352941176471,ende,03
human,10,0.9588888888888889,ende,03
human,14,0.9455555555555556,ende,03
human,21,0.9188888888888889,ende,03
human,30,0.9344444444444444,ende,03
human,44,0.9066666666666666,ende,03
human,64,0.9277777777777778,ende,03
human,93,0.9155555555555556,ende,03
human,135,0.9166666666666666,ende,03
human,196,0.9,ende,03
human,285,0.9022222222222223,ende,03
human,413,0.9177777777777778,ende,03
human,600,0.9266666666666666,ende,03
human,871,0.8966666666666666,ende,03
human,1265,1.0,ende,03
cvl,10,0.9463235294117647,ende,04
cvl,14,0.9233088235294118,ende,04
cvl,21,0.9232598039215686,ende,04
cvl,30,0.924485294117647,ende,04
cvl,44,0.9043137254901961,ende,04
cvl,64,0.9160784313725491,ende,04
cvl,93,0.909264705882353,ende,04
cvl,135,0.9165686274509804,ende,04
cvl,196,0.9028676470588235,ende,04
cvl,285,0.9084803921568627,ende,04
cvl,413,0.9203431372549019,ende,04
cvl,600,0.9108088235294117,ende,04
cvl,871,0.9110539215686274,ende,04
cvl,1265,0.9011764705882352,ende,04
cvo,10,0.9498529411764706,ende,04
cvo,14,0.9243627450980392,ende,04
cvo,21,0.9219117647058823,ende,04
cvo,30,0.9276470588235294,ende,04
cvo,44,0.9086764705882353,ende,04
cvo,64,0.9186274509803921,ende,04
cvo,93,0.9064215686274509,ende,04
cvo,135,0.9174509803921569,ende,04
cvo,196,0.9007352941176471,ende,04
cvo,285,0.9015686274509804,ende,04
cvo,413,0.9174509803921569,ende,04
cvo,600,0.9106862745098039,ende,04
cvo,871,0.9162254901960785,ende,04
cvo,1265,0.9231372549019607,ende,04
cvq,10,0.9443137254901961,ende,04
cvq,14,0.9190522875816993,ende,04
cvq,21,0.9198692810457516,ende,04
cvq,30,0.9249346405228758,ende,04
cvq,44,0.9050980392156863,ende,04
cvq,64,0.9159477124183006,ende,04
cvq,93,0.9077124183006536,ende,04
cvq,135,0.9149346405228758,ende,04
cvq,196,0.9031699346405229,ende,04
cvq,285,0.9049019607843137,ende,04
cvq,413,0.9191830065359478,ende,04
cvq,600,0.9054248366013072,ende,04
cvq,871,0.9143790849673202,ende,04
cvq,1265,0.8975816993464052,ende,04
cvr,10,0.9153921568627451,ende,04
cvr,14,0.901437908496732,ende,04
cvr,21,0.907843137254902,ende,04
cvr,30,0.9162418300653595,ende,04
cvr,44,0.9000980392156863,ende,04
cvr,64,0.9129738562091503,ende,04
cvr,93,0.904640522875817,ende,04
cvr,135,0.9130065359477124,ende,04
cvr,196,0.901797385620915,ende,04
cvr,285,0.9047712418300654,ende,04
cvr,413,0.9192810457516339,ende,04
cvr,600,0.9050980392156863,ende,04
cvr,871,0.9144444444444444,ende,04
cvr,1265,0.8975816993464052,ende,04
cvu,10,0.9450653594771242,ende,04
cvu,14,0.9205555555555556,ende,04
cvu,21,0.9211111111111111,ende,04
cvu,30,0.9263398692810457,ende,04
cvu,44,0.9037254901960784,ende,04
cvu,64,0.9159477124183006,ende,04
cvu,93,0.9085620915032679,ende,04
cvu,135,0.9160457516339869,ende,04
cvu,196,0.902124183006536,ende,04
cvu,285,0.9040522875816993,ende,04
cvu,413,0.9190849673202615,ende,04
cvu,600,0.9053921568627451,ende,04
cvu,871,0.9142810457516339,ende,04
cvu,1265,0.8983660130718955,ende,04
cvx,10,0.9366993464052288,ende,04
cvx,14,0.9144117647058824,ende,04
cvx,21,0.9152614379084967,ende,04
cvx,30,0.9227777777777778,ende,04
cvx,44,0.9037254901960784,ende,04
cvx,64,0.913202614379085,ende,04
cvx,93,0.9073529411764706,ende,04
cvx,135,0.9151633986928105,ende,04
cvx,196,0.9015032679738562,ende,04
cvx,285,0.9042156862745098,ende,04
cvx,413,0.918235294117647,ende,04
cvx,600,0.9048692810457516,ende,04
cvx,871,0.9141830065359478,ende,04
cvx,1265,0.8983660130718955,ende,04
human,10,0.95,ende,04
human,14,0.9311111111111111,ende,04
human,21,0.9211111111111111,ende,04
human,30,0.9433333333333334,ende,04
human,44,0.9077777777777778,ende,04
human,64,0.92,ende,04
human,93,0.9133333333333333,ende,04
human,135,0.92,ende,04
human,196,0.9077777777777778,ende,04
human,285,0.9055555555555556,ende,04
human,413,0.9277777777777778,ende,04
human,600,0.9111111111111111,ende,04
human,871,0.9188888888888889,ende,04
human,1265,1.0,ende,04
cvl,10,0.9491666666666667,ende,05
cvl,14,0.9259313725490196,ende,05
cvl,21,0.9213480392156863,ende,05
cvl,30,0.9323284313725491,ende,05
cvl,44,0.8986274509803922,ende,05
cvl,64,0.9158333333333334,ende,05
cvl,93,0.9121078431372549,ende,05
cvl,135,0.9142892156862745,ende,05
cvl,196,0.9054656862745099,ende,05
cvl,285,0.8984803921568627,ende,05
cvl,413,0.907843137254902,ende,05
cvl,600,0.9140931372549019,ende,05
cvl,871,0.9210294117647059,ende,05
cvl,1265,0.88125,ende,05
cvo,10,0.9520588235294117,ende,05
cvo,14,0.9231372549019607,ende,05
cvo,21,0.9212254901960785,ende,05
cvo,30,0.9345098039215687,ende,05
cvo,44,0.8950490196078431,ende,05
cvo,64,0.9129901960784313,ende,05
cvo,93,0.9172058823529412,ende,05
cvo,135,0.9125980392156863,ende,05
cvo,196,0.9048039215686274,ende,05
cvo,285,0.9006372549019608,ende,05
cvo,413,0.9064215686274509,ende,05
cvo,600,0.9153431372549019,ende,05
cvo,871,0.922156862745098,ende,05
cvo,1265,0.9141666666666667,ende,05
cvq,10,0.9479738562091503,ende,05
cvq,14,0.9229084967320261,ende,05
cvq,21,0.9204901960784314,ende,05
cvq,30,0.9318954248366013,ende,05
cvq,44,0.8966339869281046,ende,05
cvq,64,0.9119607843137255,ende,05
cvq,93,0.91140522875817,ende,05
cvq,135,0.913921568627451,ende,05
cvq,196,0.9008169934640523,ende,05
cvq,285,0.8976797385620915,ende,05
cvq,413,0.9060457516339869,ende,05
cvq,600,0.9077777777777778,ende,05
cvq,871,0.9254575163398693,ende,05
cvq,1265,0.8855555555555555,ende,05
cvr,10,0.9226470588235294,ende,05
cvr,14,0.9085294117647059,ende,05
cvr,21,0.9110130718954248,ende,05
cvr,30,0.923921568627451,ende,05
cvr,44,0.8917647058823529,ende,05
cvr,64,0.9066013071895425,ende,05
cvr,93,0.9092156862745098,ende,05
cvr,135,0.9137254901960784,ende,05
cvr,196,0.8999673202614379,ende,05
cvr,285,0.8971568627450981,ende,05
cvr,413,0.9063398692810457,ende,05
cvr,600,0.9075816993464052,ende,05
cvr,871,0.925359477124183,ende,05
cvr,1265,0.8855555555555555,ende,05
cvu,10,0.9484313725490197,ende,05
cvu,14,0.9230065359477124,ende,05
cvu,21,0.9215032679738562,ende,05
cvu,30,0.9322549019607843,ende,05
cvu,44,0.8975816993464052,ende,05
cvu,64,0.9140196078431373,ende,05
cvu,93,0.9133006535947712,ende,05
cvu,135,0.9140196078431373,ende,05
cvu,196,0.9021895424836601,ende,05
cvu,285,0.8969934640522876,ende,05
cvu,413,0.9051960784313725,ende,05
cvu,600,0.9072222222222223,ende,05
cvu,871,0.9249346405228758,ende,05
cvu,1265,0.8878431372549019,ende,05
cvx,10,0.9376797385620915,ende,05
cvx,14,0.9185294117647059,ende,05
cvx,21,0.9136928104575164,ende,05
cvx,30,0.928562091503268,ende,05
cvx,44,0.8944444444444445,ende,05
cvx,64,0.9095098039215687,ende,05
cvx,93,0.9112091503267974,ende,05
cvx,135,0.9140196078431373,ende,05
cvx,196,0.9004575163398693,ende,05
cvx,285,0.8966339869281046,ende,05
cvx,413,0.9055555555555556,ende,05
cvx,600,0.9070588235294118,ende,05
cvx,871,0.9249673202614379,ende,05
cvx,1265,0.8878431372549019,ende,05
human,10,0.9555555555555556,ende,05
human,14,0.9377777777777778,ende,05
human,21,0.9288888888888889,ende,05
human,30,0.9411111111111111,ende,05
human,44,0.9011111111111111,ende,05
human,64,0.9222222222222223,ende,05
human,93,0.9111111111111111,ende,05
human,135,0.9211111111111111,ende,05
human,196,0.9033333333333333,ende,05
human,285,0.9022222222222223,ende,05
human,413,0.9022222222222223,ende,05
human,600,0.9088888888888889,ende,05
human,871,0.9277777777777778,ende,05
human,1265,1.0,ende,05
cvl,10,0.8831372549019608,ende,12
cvl,14,0.8739950980392157,ende,12
cvl,21,0.8866666666666667,ende,12
cvl,30,0.8722794117647059,ende,12
cvl,44,0.8794607843137255,ende,12
cvl,64,0.8896323529411765,ende,12
cvl,93,0.8923774509803921,ende,12
cvl,135,0.8783823529411765,ende,12
cvl,196,0.8868382352941176,ende,12
cvl,285,0.9029901960784313,ende,12
cvl,413,0.89625,ende,12
cvl,600,0.881985294117647,ende,12
cvl,871,0.8952450980392157,ende,12
cvl,1265,0.8763235294117647,ende,12
cvo,10,0.8812745098039215,ende,12
cvo,14,0.8727941176470588,ende,12
cvo,21,0.8805882352941177,ende,12
cvo,30,0.8677450980392157,ende,12
cvo,44,0.8804901960784314,ende,12
cvo,64,0.8853921568627451,ende,12
cvo,93,0.8950980392156863,ende,12
cvo,135,0.8775490196078432,ende,12
cvo,196,0.8805882352941177,ende,12
cvo,285,0.9023529411764706,ende,12
cvo,413,0.9061274509803922,ende,12
cvo,600,0.884656862745098,ende,12
cvo,871,0.8865196078431372,ende,12
cvo,1265,0.8980392156862745,ende,12
cvq,10,0.8777124183006536,ende,12
cvq,14,0.8726143790849673,ende,12
cvq,21,0.881078431372549,ende,12
cvq,30,0.8707516339869281,ende,12
cvq,44,0.8799019607843137,ende,12
cvq,64,0.8888235294117647,ende,12
cvq,93,0.88640522875817,ende,12
cvq,135,0.8772549019607843,ende,12
cvq,196,0.8879084967320261,ende,12
cvq,285,0.8997712418300654,ende,12
cvq,413,0.8988562091503268,ende,12
cvq,600,0.8816993464052287,ende,12
cvq,871,0.893921568627451,ende,12
cvq,1265,0.8640522875816994,ende,12
cvr,10,0.840392156862745,ende,12
cvr,14,0.8572875816993464,ende,12
cvr,21,0.8702287581699346,ende,12
cvr,30,0.8669934640522876,ende,12
cvr,44,0.8793464052287582,ende,12
cvr,64,0.8873529411764706,ende,12
cvr,93,0.8848039215686274,ende,12
cvr,135,0.8768954248366013,ende,12
cvr,196,0.8879411764705882,ende,12
cvr,285,0.8991176470588236,ende,12
cvr,413,0.8990196078431373,ende,12
cvr,600,0.8816013071895424,ende,12
cvr,871,0.8938235294117647,ende,12
cvr,1265,0.8640522875816994,ende,12
cvu,10,0.8787581699346405,ende,12
cvu,14,0.8758169934640523,ende,12
cvu,21,0.8850980392156863,ende,12
cvu,30,0.8736274509803922,ende,12
cvu,44,0.880686274509804,ende,12
cvu,64,0.8906535947712418,ende,12
cvu,93,0.8897058823529411,ende,12
cvu,135,0.8786928104575163,ende,12
cvu,196,0.8893464052287582,ende,12
cvu,285,0.8996732026143791,ende,12
cvu,413,0.8994444444444445,ende,12
cvu,600,0.8810130718954249,ende,12
cvu,871,0.8941830065359477,ende,12
cvu,1265,0.8654901960784314,ende,12
cvx,10,0.8669934640522876,ende,12
cvx,14,0.8705228758169935,ende,12
cvx,21,0.8825816993464052,ende,12
cvx,30,0.8745751633986928,ende,12
cvx,44,0.8820588235294118,ende,12
cvx,64,0.8904248366013072,ende,12
cvx,93,0.8893464052287582,ende,12
cvx,135,0.8802287581699346,ende,12
cvx,196,0.8894117647058823,ende,12
cvx,285,0.899640522875817,ende,12
cvx,413,0.8992483660130719,ende,12
cvx,600,0.8816993464052287,ende,12
cvx,871,0.894281045751634,ende,12
cvx,1265,0.8654901960784314,ende,12
human,10,0.8711111111111111,ende,12
human,14,0.8711111111111111,ende,12
human,21,0.8844444444444445,ende,12
human,30,0.8677777777777778,ende,12
human,44,0.88,ende,12
human,64,0.8866666666666667,ende,12
human,93,0.8933333333333333,ende,12
human,135,0.8755555555555555,ende,12
human,196,0.89,ende,12
human,285,0.9,ende,12
human,413,0.9022222222222223,ende,12
human,600,0.8855555555555555,ende,12
human,871,0.8944444444444445,ende,12
human,1265,1.0,ende,12
cvl,10,0.8820588235294118,ende,13
cvl,14,0.9107107843137255,ende,13
cvl,21,0.8795343137254902,ende,13
cvl,30,0.8997549019607843,ende,13
cvl,44,0.9179901960784314,ende,13
cvl,64,0.8952450980392157,ende,13
cvl,93,0.8954901960784314,ende,13
cvl,135,0.9014950980392157,ende,13
cvl,196,0.8743627450980392,ende,13
cvl,285,0.89,ende,13
cvl,413,0.9031862745098039,ende,13
cvl,600,0.904828431372549,ende,13
cvl,871,0.8921568627450981,ende,13
cvl,1265,0.8975,ende,13
cvo,10,0.8818137254901961,ende,13
cvo,14,0.9100490196078431,ende,13
cvo,21,0.8728921568627451,ende,13
cvo,30,0.8976470588235295,ende,13
cvo,44,0.9202941176470588,ende,13
cvo,64,0.8949019607843137,ende,13
cvo,93,0.8957843137254902,ende,13
cvo,135,0.9024509803921569,ende,13
cvo,196,0.8774509803921569,ende,13
cvo,285,0.9014215686274509,ende,13
cvo,413,0.9017156862745098,ende,13
cvo,600,0.9072549019607843,ende,13
cvo,871,0.8952941176470588,ende,13
cvo,1265,0.9219607843137255,ende,13
cvq,10,0.8771241830065359,ende,13
cvq,14,0.9105228758169934,ende,13
cvq,21,0.8752287581699346,ende,13
cvq,30,0.8944117647058824,ende,13
cvq,44,0.9159477124183006,ende,13
cvq,64,0.8958823529411765,ende,13
cvq,93,0.8929738562091504,ende,13
cvq,135,0.8970261437908497,ende,13
cvq,196,0.8745424836601308,ende,13
cvq,285,0.8925490196078432,ende,13
cvq,413,0.9062091503267974,ende,13
cvq,600,0.905359477124183,ende,13
cvq,871,0.897516339869281,ende,13
cvq,1265,0.8959477124183006,ende,13
cvr,10,0.846078431372549,ende,13
cvr,14,0.892124183006536,ende,13
cvr,21,0.8619934640522876,ende,13
cvr,30,0.887124183006536,ende,13
cvr,44,0.9127777777777778,ende,13
cvr,64,0.8938888888888888,ende,13
cvr,93,0.8926797385620915,ende,13
cvr,135,0.896797385620915,ende,13
cvr,196,0.874281045751634,ende,13
cvr,285,0.8925816993464052,ende,13
cvr,413,0.9060784313725491,ende,13
cvr,600,0.905359477124183,ende,13
cvr,871,0.8975816993464052,ende,13
cvr,1265,0.8959477124183006,ende,13
cvu,10,0.8790849673202614,ende,13
cvu,14,0.9133660130718955,ende,13
cvu,21,0.8764705882352941,ende,13
cvu,30,0.8966339869281046,ende,13
cvu,44,0.9177450980392157,ende,13
cvu,64,0.8957516339869281,ende,13
cvu,93,0.8960457516339869,ende,13
cvu,135,0.8987908496732027,ende,13
cvu,196,0.8751960784313726,ende,13
cvu,285,0.8939542483660131,ende,13
cvu,413,0.9079738562091503,ende,13
cvu,600,0.9078104575163398,ende,13
cvu,871,0.8980392156862745,ende,13
cvu,1265,0.8954248366013072,ende,13
cvx,10,0.8704575163398692,ende,13
cvx,14,0.9069934640522875,ende,13
cvx,21,0.8704901960784314,ende,13
cvx,30,0.8934313725490196,ende,13
cvx,44,0.9161764705882353,ende,13
cvx,64,0.8933333333333333,ende,13
cvx,93,0.8945751633986928,ende,13
cvx,135,0.8990522875816993,ende,13
cvx,196,0.8762091503267974,ende,13
cvx,285,0.8950980392156863,ende,13
cvx,413,0.9074836601307189,ende,13
cvx,600,0.9077777777777778,ende,13
cvx,871,0.8978104575163399,ende,13
cvx,1265,0.8954248366013072,ende,13
human,10,0.8788888888888889,ende,13
human,14,0.91,ende,13
human,21,0.8855555555555555,ende,13
human,30,0.8988888888888888,ende,13
human,44,0.9244444444444444,ende,13
human,64,0.9011111111111111,ende,13
human,93,0.8977777777777778,ende,13
human,135,0.9022222222222223,ende,13
human,196,0.8688888888888889,ende,13
human,285,0.89,ende,13
human,413,0.9077777777777778,ende,13
human,600,0.9033333333333333,ende,13
human,871,0.8977777777777778,ende,13
human,1265,1.0,ende,13
cvl,10,0.9167156862745098,ende,14
cvl,14,0.8929656862745098,ende,14
cvl,21,0.9043872549019608,ende,14
cvl,30,0.9039460784313725,ende,14
cvl,44,0.9058578431372549,ende,14
cvl,64,0.8851225490196079,ende,14
cvl,93,0.9146323529411765,ende,14
cvl,135,0.8859313725490197,ende,14
cvl,196,0.8993382352941176,ende,14
cvl,285,0.9080637254901961,ende,14
cvl,413,0.8980392156862745,ende,14
cvl,600,0.9076960784313726,ende,14
cvl,871,0.9056617647058823,ende,14
cvl,1265,0.9126470588235294,ende,14
cvo,10,0.9211764705882353,ende,14
cvo,14,0.8888235294117647,ende,14
cvo,21,0.9033823529411765,ende,14
cvo,30,0.8995588235294117,ende,14
cvo,44,0.9011274509803922,ende,14
cvo,64,0.8850490196078431,ende,14
cvo,93,0.9102941176470588,ende,14
cvo,135,0.8843627450980392,ende,14
cvo,196,0.8936764705882353,ende,14
cvo,285,0.9139705882352941,ende,14
cvo,413,0.9000490196078431,ende,14
cvo,600,0.9076470588235294,ende,14
cvo,871,0.9105392156862745,ende,14
cvo,1265,0.9301470588235294,ende,14
cvq,10,0.9158169934640523,ende,14
cvq,14,0.892124183006536,ende,14
cvq,21,0.8993137254901961,ende,14
cvq,30,0.9001960784313725,ende,14
cvq,44,0.9034967320261438,ende,14
cvq,64,0.8846732026143791,ende,14
cvq,93,0.9158169934640523,ende,14
cvq,135,0.8863071895424837,ende,14
cvq,196,0.8998366013071896,ende,14
cvq,285,0.907156862745098,ende,14
cvq,413,0.8960457516339869,ende,14
cvq,600,0.9050653594771242,ende,14
cvq,871,0.9087581699346405,ende,14
cvq,1265,0.9068627450980392,ende,14
cvr,10,0.8912745098039215,ende,14
cvr,14,0.8766666666666667,ende,14
cvr,21,0.8898039215686274,ende,14
cvr,30,0.8954575163398693,ende,14
cvr,44,0.8977450980392156,ende,14
cvr,64,0.8828104575163399,ende,14
cvr,93,0.915,ende,14
cvr,135,0.8861111111111111,ende,14
cvr,196,0.8993464052287582,ende,14
cvr,285,0.906797385620915,ende,14
cvr,413,0.8958823529411765,ende,14
cvr,600,0.9049673202614379,ende,14
cvr,871,0.9086274509803921,ende,14
cvr,1265,0.9068627450980392,ende,14
cvu,10,0.9195098039215687,ende,14
cvu,14,0.8939869281045751,ende,14
cvu,21,0.9016993464052288,ende,14
cvu,30,0.9033660130718955,ende,14
cvu,44,0.9059477124183006,ende,14
cvu,64,0.8865686274509804,ende,14
cvu,93,0.9158496732026143,ende,14
cvu,135,0.8862091503267974,ende,14
cvu,196,0.8976470588235295,ende,14
cvu,285,0.9067647058823529,ende,14
cvu,413,0.8950980392156863,ende,14
cvu,600,0.9040849673202614,ende,14
cvu,871,0.9090849673202615,ende,14
cvu,1265,0.905032679738562,ende,14
cvx,10,0.907124183006536,ende,14
cvx,14,0.8919281045751634,ende,14
cvx,21,0.8984640522875817,ende,14
cvx,30,0.9017320261437909,ende,14
cvx,44,0.9,ende,14
cvx,64,0.8849019607843137,ende,14
cvx,93,0.9151960784313725,ende,14
cvx,135,0.8870588235294118,ende,14
cvx,196,0.897124183006536,ende,14
cvx,285,0.9059150326797386,ende,14
cvx,413,0.8949019607843137,ende,14
cvx,600,0.9036928104575164,ende,14
cvx,871,0.9090849673202615,ende,14
cvx,1265,0.905032679738562,ende,14
human,10,0.9222222222222223,ende,14
human,14,0.8888888888888888,ende,14
human,21,0.9011111111111111,ende,14
human,30,0.8988888888888888,ende,14
human,44,0.9122222222222223,ende,14
human,64,0.8922222222222222,ende,14
human,93,0.9222222222222223,ende,14
human,135,0.8866666666666667,ende,14
human,196,0.9044444444444445,ende,14
human,285,0.9188888888888889,ende,14
human,413,0.8988888888888888,ende,14
human,600,0.91,ende,14
human,871,0.9155555555555556,ende,14
human,1265,1.0,ende,14
cvl,10,0.9089460784313725,ende,15
cvl,14,0.9006372549019608,ende,15
cvl,21,0.9193382352941176,ende,15
cvl,30,0.9156127450980392,ende,15
cvl,44,0.9007843137254902,ende,15
cvl,64,0.8994607843137254,ende,15
cvl,93,0.9016176470588235,ende,15
cvl,135,0.8905882352941177,ende,15
cvl,196,0.9012009803921569,ende,15
cvl,285,0.905906862745098,ende,15
cvl,413,0.9077450980392157,ende,15
cvl,600,0.9023039215686275,ende,15
cvl,871,0.9138970588235295,ende,15
cvl,1265,0.9131617647058824,ende,15
cvo,10,0.9117156862745098,ende,15
cvo,14,0.8984803921568627,ende,15
cvo,21,0.9197549019607844,ende,15
cvo,30,0.9133333333333333,ende,15
cvo,44,0.8966176470588235,ende,15
cvo,64,0.9072058823529412,ende,15
cvo,93,0.9040686274509804,ende,15
cvo,135,0.8949019607843137,ende,15
cvo,196,0.9005392156862745,ende,15
cvo,285,0.905343137254902,ende,15
cvo,413,0.9097549019607843,ende,15
cvo,600,0.8949509803921568,ende,15
cvo,871,0.9123529411764706,ende,15
cvo,1265,0.9345588235294118,ende,15
cvq,10,0.9062745098039215,ende,15
cvq,14,0.897516339869281,ende,15
cvq,21,0.9187254901960784,ende,15
cvq,30,0.9133333333333333,ende,15
cvq,44,0.9009150326797386,ende,15
cvq,64,0.8998692810457516,ende,15
cvq,93,0.9005882352941177,ende,15
cvq,135,0.8859477124183006,ende,15
cvq,196,0.9010784313725491,ende,15
cvq,285,0.9012745098039215,ende,15
cvq,413,0.9058169934640523,ende,15
cvq,600,0.8973529411764706,ende,15
cvq,871,0.9151307189542484,ende,15
cvq,1265,0.9127450980392157,ende,15
cvr,10,0.8895098039215686,ende,15
cvr,14,0.8889869281045751,ende,15
cvr,21,0.912156862745098,ende,15
cvr,30,0.9075816993464052,ende,15
cvr,44,0.8979738562091504,ende,15
cvr,64,0.9,ende,15
cvr,93,0.9000653594771242,ende,15
cvr,135,0.8848366013071896,ende,15
cvr,196,0.9004901960784314,ende,15
cvr,285,0.9008169934640523,ende,15
cvr,413,0.9056209150326797,ende,15
cvr,600,0.8972222222222223,ende,15
cvr,871,0.9151307189542484,ende,15
cvr,1265,0.9127450980392157,ende,15
cvu,10,0.9068954248366013,ende,15
cvu,14,0.8970261437908497,ende,15
cvu,21,0.9202287581699347,ende,15
cvu,30,0.9155555555555556,ende,15
cvu,44,0.8998039215686274,ende,15
cvu,64,0.8987254901960784,ende,15
cvu,93,0.9005228758169934,ende,15
cvu,135,0.8861111111111111,ende,15
cvu,196,0.9015686274509804,ende,15
cvu,285,0.9012745098039215,ende,15
cvu,413,0.9060457516339869,ende,15
cvu,600,0.8977450980392156,ende,15
cvu,871,0.9155228758169934,ende,15
cvu,1265,0.9119607843137255,ende,15
cvx,10,0.9043137254901961,ende,15
cvx,14,0.8974183006535947,ende,15
cvx,21,0.9205882352941176,ende,15
cvx,30,0.9092483660130719,ende,15
cvx,44,0.8986274509803922,ende,15
cvx,64,0.8999346405228759,ende,15
cvx,93,0.9005228758169934,ende,15
cvx,135,0.8844117647058823,ende,15
cvx,196,0.901437908496732,ende,15
cvx,285,0.9004248366013072,ende,15
cvx,413,0.9052941176470588,ende,15
cvx,600,0.8978104575163399,ende,15
cvx,871,0.9154575163398693,ende,15
cvx,1265,0.9119607843137255,ende,15
human,10,0.9177777777777778,ende,15
human,14,0.9011111111111111,ende,15
human,21,0.9177777777777778,ende,15
human,30,0.9144444444444444,ende,15
human,44,0.9077777777777778,ende,15
human,64,0.9044444444444445,ende,15
human,93,0.91,ende,15
human,135,0.8822222222222222,ende,15
human,196,0.9044444444444445,ende,15
human,285,0.9066666666666666,ende,15
human,413,0.9111111111111111,ende,15
human,600,0.8977777777777778,ende,15
human,871,0.9166666666666666,ende,15
human,1265,1.0,ende,15
cvl,10,0.8724509803921568,ende,23
cvl,14,0.9168872549019608,ende,23
cvl,21,0.8781862745098039,ende,23
cvl,30,0.894264705882353,ende,23
cvl,44,0.9086519607843138,ende,23
cvl,64,0.8873039215686275,ende,23
cvl,93,0.9121813725490197,ende,23
cvl,135,0.8853186274509804,ende,23
cvl,196,0.8755392156862745,ende,23
cvl,285,0.8883088235294118,ende,23
cvl,413,0.8979166666666667,ende,23
cvl,600,0.891078431372549,ende,23
cvl,871,0.8818382352941176,ende,23
cvl,1265,0.8703676470588235,ende,23
cvo,10,0.8728431372549019,ende,23
cvo,14,0.9124509803921569,ende,23
cvo,21,0.8738235294117647,ende,23
cvo,30,0.8984313725490196,ende,23
cvo,44,0.9095588235294118,ende,23
cvo,64,0.8808823529411764,ende,23
cvo,93,0.9122058823529412,ende,23
cvo,135,0.8849019607843137,ende,23
cvo,196,0.8704901960784314,ende,23
cvo,285,0.8952941176470588,ende,23
cvo,413,0.8962745098039215,ende,23
cvo,600,0.8966666666666666,ende,23
cvo,871,0.8862254901960784,ende,23
cvo,1265,0.8931372549019608,ende,23
cvq,10,0.8650653594771242,ende,23
cvq,14,0.9167320261437909,ende,23
cvq,21,0.8734967320261438,ende,23
cvq,30,0.8933006535947713,ende,23
cvq,44,0.9027450980392157,ende,23
cvq,64,0.8848039215686274,ende,23
cvq,93,0.9085294117647059,ende,23
cvq,135,0.882483660130719,ende,23
cvq,196,0.8688562091503268,ende,23
cvq,285,0.8943790849673202,ende,23
cvq,413,0.8992483660130719,ende,23
cvq,600,0.8915032679738563,ende,23
cvq,871,0.8852941176470588,ende,23
cvq,1265,0.857516339869281,ende,23
cvr,10,0.8367320261437908,ende,23
cvr,14,0.8979738562091504,ende,23
cvr,21,0.8590196078431372,ende,23
cvr,30,0.8894771241830065,ende,23
cvr,44,0.8965032679738562,ende,23
cvr,64,0.8835620915032679,ende,23
cvr,93,0.9069607843137255,ende,23
cvr,135,0.8829738562091504,ende,23
cvr,196,0.8680718954248366,ende,23
cvr,285,0.8941176470588236,ende,23
cvr,413,0.8993464052287582,ende,23
cvr,600,0.8911437908496732,ende,23
cvr,871,0.8852614379084968,ende,23
cvr,1265,0.857516339869281,ende,23
cvu,10,0.8683660130718954,ende,23
cvu,14,0.9183986928104575,ende,23
cvu,21,0.8776470588235294,ende,23
cvu,30,0.8950980392156863,ende,23
cvu,44,0.906797385620915,ende,23
cvu,64,0.8853921568627451,ende,23
cvu,93,0.9098039215686274,ende,23
cvu,135,0.8836274509803922,ende,23
cvu,196,0.8701960784313726,ende,23
cvu,285,0.8952287581699346,ende,23
cvu,413,0.8998692810457516,ende,23
cvu,600,0.8924509803921569,ende,23
cvu,871,0.8864705882352941,ende,23
cvu,1265,0.8590196078431372,ende,23
cvx,10,0.8602614379084967,ende,23
cvx,14,0.9105228758169934,ende,23
cvx,21,0.8788888888888889,ende,23
cvx,30,0.8972549019607843,ende,23
cvx,44,0.9031045751633987,ende,23
cvx,64,0.8884313725490196,ende,23
cvx,93,0.9093790849673202,ende,23
cvx,135,0.8837581699346405,ende,23
cvx,196,0.8696732026143791,ende,23
cvx,285,0.8960784313725491,ende,23
cvx,413,0.9001960784313725,ende,23
cvx,600,0.8928104575163399,ende,23
cvx,871,0.88640522875817,ende,23
cvx,1265,0.8590196078431372,ende,23
human,10,0.8733333333333333,ende,23
human,14,0.9166666666666666,ende,23
human,21,0.8711111111111111,ende,23
human,30,0.8955555555555555,ende,23
human,44,0.9133333333333333,ende,23
human,64,0.8811111111111111,ende,23
human,93,0.9133333333333333,ende,23
human,135,0.8888888888888888,ende,23
human,196,0.8633333333333333,ende,23
human,285,0.89,ende,23
human,413,0.8988888888888888,ende,23
human,600,0.89,ende,23
human,871,0.8844444444444445,ende,23
human,1265,1.0,ende,23
cvl,10,0.9043137254901961,ende,24
cvl,14,0.8871813725490196,ende,24
cvl,21,0.9022794117647058,ende,24
cvl,30,0.9167401960784314,ende,24
cvl,44,0.9024754901960784,ende,24
cvl,64,0.9127696078431372,ende,24
cvl,93,0.9020343137254901,ende,24
cvl,135,0.8912990196078432,ende,24
cvl,196,0.8873039215686275,ende,24
cvl,285,0.8985539215686275,ende,24
cvl,413,0.9114950980392157,ende,24
cvl,600,0.8904656862745098,ende,24
cvl,871,0.9057352941176471,ende,24
cvl,1265,0.9051470588235294,ende,24
cvo,10,0.9040686274509804,ende,24
cvo,14,0.8829901960784313,ende,24
cvo,21,0.8957843137254902,ende,24
cvo,30,0.9149019607843137,ende,24
cvo,44,0.9001960784313725,ende,24
cvo,64,0.9045098039215687,ende,24
cvo,93,0.8944607843137254,ende,24
cvo,135,0.8903921568627451,ende,24
cvo,196,0.8871568627450981,ende,24
cvo,285,0.91,ende,24
cvo,413,0.9164705882352941,ende,24
cvo,600,0.8809313725490197,ende,24
cvo,871,0.8983333333333333,ende,24
cvo,1265,0.9279411764705883,ende,24
cvq,10,0.8990849673202614,ende,24
cvq,14,0.8800980392156863,ende,24
cvq,21,0.8992483660130719,ende,24
cvq,30,0.9123529411764706,ende,24
cvq,44,0.9001960784313725,ende,24
cvq,64,0.9079411764705883,ende,24
cvq,93,0.8979084967320261,ende,24
cvq,135,0.8888562091503268,ende,24
cvq,196,0.881437908496732,ende,24
cvq,285,0.9002287581699346,ende,24
cvq,413,0.912156862745098,ende,24
cvq,600,0.8906209150326797,ende,24
cvq,871,0.9060784313725491,ende,24
cvq,1265,0.9039869281045751,ende,24
cvr,10,0.8601960784313726,ende,24
cvr,14,0.8581045751633987,ende,24
cvr,21,0.8878431372549019,ende,24
cvr,30,0.9069607843137255,ende,24
cvr,44,0.8952287581699346,ende,24
cvr,64,0.9039542483660131,ende,24
cvr,93,0.8962418300653595,ende,24
cvr,135,0.887483660130719,ende,24
cvr,196,0.8808496732026144,ende,24
cvr,285,0.9001307189542483,ende,24
cvr,413,0.9122875816993464,ende,24
cvr,600,0.8902287581699346,ende,24
cvr,871,0.9063725490196078,ende,24
cvr,1265,0.9039869281045751,ende,24
cvu,10,0.9030392156862745,ende,24
cvu,14,0.8833986928104575,ende,24
cvu,21,0.9006535947712418,ende,24
cvu,30,0.9127450980392157,ende,24
cvu,44,0.9026143790849673,ende,24
cvu,64,0.9111437908496732,ende,24
cvu,93,0.8997058823529411,ende,24
cvu,135,0.89,ende,24
cvu,196,0.8817647058823529,ende,24
cvu,285,0.9004901960784314,ende,24
cvu,413,0.9118627450980392,ende,24
cvu,600,0.8904248366013072,ende,24
cvu,871,0.9067320261437909,ende,24
cvu,1265,0.9027450980392157,ende,24
cvx,10,0.8872222222222222,ende,24
cvx,14,0.8763725490196078,ende,24
cvx,21,0.8986928104575164,ende,24
cvx,30,0.9134967320261438,ende,24
cvx,44,0.899607843137255,ende,24
cvx,64,0.9063398692810457,ende,24
cvx,93,0.8995424836601307,ende,24
cvx,135,0.8891503267973856,ende,24
cvx,196,0.8804248366013072,ende,24
cvx,285,0.8999346405228759,ende,24
cvx,413,0.9118627450980392,ende,24
cvx,600,0.8904575163398692,ende,24
cvx,871,0.9066666666666666,ende,24
cvx,1265,0.9027450980392157,ende,24
human,10,0.9,ende,24
human,14,0.8877777777777778,ende,24
human,21,0.9111111111111111,ende,24
human,30,0.9255555555555556,ende,24
human,44,0.9088888888888889,ende,24
human,64,0.9144444444444444,ende,24
human,93,0.8944444444444445,ende,24
human,135,0.8966666666666666,ende,24
human,196,0.8844444444444445,ende,24
human,285,0.9033333333333333,ende,24
human,413,0.9133333333333333,ende,24
human,600,0.8911111111111111,ende,24
human,871,0.9022222222222223,ende,24
human,1265,1.0,ende,24
cvl,10,0.8873774509803921,ende,25
cvl,14,0.9077696078431372,ende,25
cvl,21,0.9291666666666667,ende,25
cvl,30,0.9188480392156863,ende,25
cvl,44,0.9106862745098039,ende,25
cvl,64,0.891078431372549,ende,25
cvl,93,0.9030392156862745,ende,25
cvl,135,0.912328431372549,ende,25
cvl,196,0.9014950980392157,ende,25
cvl,285,0.8999509803921568,ende,25
cvl,413,0.9067401960784314,ende,25
cvl,600,0.8973774509803921,ende,25
cvl,871,0.9102450980392157,ende,25
cvl,1265,0.8775,ende,25
cvo,10,0.8951960784313725,ende,25
cvo,14,0.9111274509803922,ende,25
cvo,21,0.9322549019607843,ende,25
cvo,30,0.9227941176470589,ende,25
cvo,44,0.9104411764705882,ende,25
cvo,64,0.8898529411764706,ende,25
cvo,93,0.9070588235294118,ende,25
cvo,135,0.9127941176470589,ende,25
cvo,196,0.9035294117647059,ende,25
cvo,285,0.9055392156862745,ende,25
cvo,413,0.907892156862745,ende,25
cvo,600,0.8984803921568627,ende,25
cvo,871,0.9181372549019607,ende,25
cvo,1265,0.9136764705882353,ende,25
cvq,10,0.8877777777777778,ende,25
cvq,14,0.904607843137255,ende,25
cvq,21,0.9276143790849674,ende,25
cvq,30,0.9161437908496732,ende,25
cvq,44,0.9100980392156863,ende,25
cvq,64,0.8912091503267974,ende,25
cvq,93,0.9028758169934641,ende,25
cvq,135,0.9107843137254902,ende,25
cvq,196,0.9016993464052288,ende,25
cvq,285,0.9007516339869281,ende,25
cvq,413,0.9048692810457516,ende,25
cvq,600,0.8983333333333333,ende,25
cvq,871,0.9163398692810457,ende,25
cvq,1265,0.8849019607843137,ende,25
cvr,10,0.8588235294117647,ende,25
cvr,14,0.8854575163398692,ende,25
cvr,21,0.921437908496732,ende,25
cvr,30,0.9110457516339869,ende,25
cvr,44,0.9050653594771242,ende,25
cvr,64,0.8905882352941177,ende,25
cvr,93,0.9014705882352941,ende,25
cvr,135,0.9101633986928105,ende,25
cvr,196,0.9017320261437909,ende,25
cvr,285,0.9007516339869281,ende,25
cvr,413,0.9051307189542483,ende,25
cvr,600,0.8980718954248366,ende,25
cvr,871,0.9165359477124183,ende,25
cvr,1265,0.8849019607843137,ende,25
cvu,10,0.8887908496732027,ende,25
cvu,14,0.9072875816993464,ende,25
cvu,21,0.9296078431372549,ende,25
cvu,30,0.9187908496732026,ende,25
cvu,44,0.9108169934640523,ende,25
cvu,64,0.892124183006536,ende,25
cvu,93,0.9026797385620915,ende,25
cvu,135,0.9120588235294118,ende,25
cvu,196,0.900359477124183,ende,25
cvu,285,0.9013725490196078,ende,25
cvu,413,0.9060130718954248,ende,25
cvu,600,0.8990522875816993,ende,25
cvu,871,0.9165032679738562,ende,25
cvu,1265,0.8835947712418301,ende,25
cvx,10,0.8844117647058823,ende,25
cvx,14,0.9029411764705882,ende,25
cvx,21,0.9275816993464052,ende,25
cvx,30,0.9219607843137255,ende,25
cvx,44,0.9091503267973856,ende,25
cvx,64,0.893202614379085,ende,25
cvx,93,0.9019281045751634,ende,25
cvx,135,0.9124183006535947,ende,25
cvx,196,0.9006862745098039,ende,25
cvx,285,0.9001307189542483,ende,25
cvx,413,0.9059803921568628,ende,25
cvx,600,0.8990196078431373,ende,25
cvx,871,0.9166339869281046,ende,25
cvx,1265,0.8835947712418301,ende,25
human,10,0.8966666666666666,ende,25
human,14,0.9077777777777778,ende,25
human,21,0.9377777777777778,ende,25
human,30,0.9177777777777778,ende,25
human,44,0.9222222222222223,ende,25
human,64,0.9,ende,25
human,93,0.9011111111111111,ende,25
human,135,0.9188888888888889,ende,25
human,196,0.9011111111111111,ende,25
human,285,0.9,ende,25
human,413,0.9144444444444444,ende,25
human,600,0.9,ende,25
human,871,0.9177777777777778,ende,25
human,1265,1.0,ende,25
cvl,10,0.8756127450980392,ende,34
cvl,14,0.8769607843137255,ende,34
cvl,21,0.8788235294117647,ende,34
cvl,30,0.8875735294117647,ende,34
cvl,44,0.9092156862745098,ende,34
cvl,64,0.8944117647058824,ende,34
cvl,93,0.9000490196078431,ende,34
cvl,135,0.9190931372549019,ende,34
cvl,196,0.90125,ende,34
cvl,285,0.8727696078431373,ende,34
cvl,413,0.8958333333333334,ende,34
cvl,600,0.8946323529411765,ende,34
cvl,871,0.9059558823529412,ende,34
cvl,1265,0.9013970588235294,ende,34
cvo,10,0.8770588235294118,ende,34
cvo,14,0.8774019607843138,ende,34
cvo,21,0.8862745098039215,ende,34
cvo,30,0.8902941176470588,ende,34
cvo,44,0.9101960784313725,ende,34
cvo,64,0.8969117647058824,ende,34
cvo,93,0.8991176470588236,ende,34
cvo,135,0.9179411764705883,ende,34
cvo,196,0.908578431372549,ende,34
cvo,285,0.8750490196078431,ende,34
cvo,413,0.898235294117647,ende,34
cvo,600,0.8944607843137254,ende,34
cvo,871,0.91,ende,34
cvo,1265,0.9216176470588235,ende,34
cvq,10,0.8719607843137255,ende,34
cvq,14,0.8737908496732026,ende,34
cvq,21,0.8777124183006536,ende,34
cvq,30,0.8870261437908497,ende,34
cvq,44,0.9125816993464052,ende,34
cvq,64,0.8916013071895424,ende,34
cvq,93,0.8988562091503268,ende,34
cvq,135,0.9185294117647059,ende,34
cvq,196,0.899607843137255,ende,34
cvq,285,0.8688888888888889,ende,34
cvq,413,0.8981045751633987,ende,34
cvq,600,0.8938888888888888,ende,34
cvq,871,0.9080718954248366,ende,34
cvq,1265,0.8954901960784314,ende,34
cvr,10,0.8456862745098039,ende,34
cvr,14,0.8559150326797386,ende,34
cvr,21,0.8695098039215686,ende,34
cvr,30,0.8847058823529412,ende,34
cvr,44,0.909607843137255,ende,34
cvr,64,0.8899673202614379,ende,34
cvr,93,0.8973856209150327,ende,34
cvr,135,0.9188562091503268,ende,34
cvr,196,0.8992156862745098,ende,34
cvr,285,0.8688562091503268,ende,34
cvr,413,0.8978104575163399,ende,34
cvr,600,0.8938235294117647,ende,34
cvr,871,0.9080718954248366,ende,34
cvr,1265,0.8954901960784314,ende,34
cvu,10,0.8729411764705882,ende,34
cvu,14,0.8752941176470588,ende,34
cvu,21,0.8791176470588236,ende,34
cvu,30,0.8883660130718954,ende,34
cvu,44,0.9136601307189542,ende,34
cvu,64,0.8931699346405229,ende,34
cvu,93,0.9008169934640523,ende,34
cvu,135,0.920751633986928,ende,34
cvu,196,0.9023529411764706,ende,34
cvu,285,0.8705882352941177,ende,34
cvu,413,0.8976797385620915,ende,34
cvu,600,0.8941176470588236,ende,34
cvu,871,0.9081045751633987,ende,34
cvu,1265,0.8956209150326797,ende,34
cvx,10,0.8676143790849673,ende,34
cvx,14,0.8723856209150327,ende,34
cvx,21,0.8747385620915032,ende,34
cvx,30,0.8873202614379085,ende,34
cvx,44,0.9120588235294118,ende,34
cvx,64,0.8917320261437909,ende,34
cvx,93,0.9016339869281046,ende,34
cvx,135,0.9217973856209151,ende,34
cvx,196,0.9009803921568628,ende,34
cvx,285,0.8725490196078431,ende,34
cvx,413,0.897516339869281,ende,34
cvx,600,0.8940849673202614,ende,34
cvx,871,0.9081045751633987,ende,34
cvx,1265,0.8956209150326797,ende,34
human,10,0.8755555555555555,ende,34
human,14,0.8722222222222222,ende,34
human,21,0.8911111111111111,ende,34
human,30,0.8855555555555555,ende,34
human,44,0.9133333333333333,ende,34
human,64,0.8888888888888888,ende,34
human,93,0.8944444444444445,ende,34
human,135,0.9233333333333333,ende,34
human,196,0.9011111111111111,ende,34
human,285,0.8622222222222222,ende,34
human,413,0.8966666666666666,ende,34
human,600,0.8933333333333333,ende,34
human,871,0.9066666666666666,ende,34
human,1265,1.0,ende,34
cvl,10,0.8864460784313726,ende,35
cvl,14,0.9059803921568628,ende,35
cvl,21,0.8996323529411765,ende,35
cvl,30,0.8930637254901961,ende,35
cvl,44,0.8939460784313725,ende,35
cvl,64,0.8952696078431372,ende,35
cvl,93,0.9149754901960784,ende,35
cvl,135,0.8933823529411765,ende,35
cvl,196,0.9004166666666666,ende,35
cvl,285,0.8928186274509804,ende,35
cvl,413,0.9165196078431372,ende,35
cvl,600,0.9062009803921569,ende,35
cvl,871,0.9111519607843137,ende,35
cvl,1265,0.883235294117647,ende,35
cvo,10,0.8830392156862745,ende,35
cvo,14,0.9064215686274509,ende,35
cvo,21,0.9001470588235294,ende,35
cvo,30,0.8934803921568627,ende,35
cvo,44,0.8865196078431372,ende,35
cvo,64,0.8972549019607843,ende,35
cvo,93,0.9180882352941176,ende,35
cvo,135,0.903235294117647,ende,35
cvo,196,0.9005392156862745,ende,35
cvo,285,0.8950490196078431,ende,35
cvo,413,0.9248039215686275,ende,35
cvo,600,0.9162254901960785,ende,35
cvo,871,0.9106372549019608,ende,35
cvo,1265,0.9056862745098039,ende,35
cvq,10,0.883202614379085,ende,35
cvq,14,0.9048692810457516,ende,35
cvq,21,0.8958169934640523,ende,35
cvq,30,0.8883333333333333,ende,35
cvq,44,0.8874509803921569,ende,35
cvq,64,0.8955228758169934,ende,35
cvq,93,0.9160784313725491,ende,35
cvq,135,0.8982679738562092,ende,35
cvq,196,0.9015032679738562,ende,35
cvq,285,0.8887908496732027,ende,35
cvq,413,0.9193464052287582,ende,35
cvq,600,0.9085620915032679,ende,35
cvq,871,0.9137908496732026,ende,35
cvq,1265,0.8742483660130719,ende,35
cvr,10,0.8651633986928104,ende,35
cvr,14,0.894313725490196,ende,35
cvr,21,0.8862745098039215,ende,35
cvr,30,0.8841830065359477,ende,35
cvr,44,0.8815032679738563,ende,35
cvr,64,0.8949346405228759,ende,35
cvr,93,0.9148039215686274,ende,35
cvr,135,0.8983333333333333,ende,35
cvr,196,0.9023202614379084,ende,35
cvr,285,0.8885620915032679,ende,35
cvr,413,0.9190196078431373,ende,35
cvr,600,0.9088562091503268,ende,35
cvr,871,0.9137254901960784,ende,35
cvr,1265,0.8742483660130719,ende,35
cvu,10,0.885,ende,35
cvu,14,0.9050653594771242,ende,35
cvu,21,0.8986274509803922,ende,35
cvu,30,0.8907843137254902,ende,35
cvu,44,0.8908169934640523,ende,35
cvu,64,0.8966666666666666,ende,35
cvu,93,0.9170915032679738,ende,35
cvu,135,0.8993137254901961,ende,35
cvu,196,0.9019934640522875,ende,35
cvu,285,0.8896078431372549,ende,35
cvu,413,0.9189869281045752,ende,35
cvu,600,0.9083986928104575,ende,35
cvu,871,0.9142810457516339,ende,35
cvu,1265,0.876078431372549,ende,35
cvx,10,0.8858823529411765,ende,35
cvx,14,0.9035294117647059,ende,35
cvx,21,0.897843137254902,ende,35
cvx,30,0.8889542483660131,ende,35
cvx,44,0.8870588235294118,ende,35
cvx,64,0.8973202614379086,ende,35
cvx,93,0.91640522875817,ende,35
cvx,135,0.9007516339869281,ende,35
cvx,196,0.9031699346405229,ende,35
cvx,285,0.8896078431372549,ende,35
cvx,413,0.9187908496732026,ende,35
cvx,600,0.9087254901960784,ende,35
cvx,871,0.9143790849673202,ende,35
cvx,1265,0.876078431372549,ende,35
human,10,0.8866666666666667,ende,35
human,14,0.9077777777777778,ende,35
human,21,0.9033333333333333,ende,35
human,30,0.8988888888888888,ende,35
human,44,0.8833333333333333,ende,35
human,64,0.9,ende,35
human,93,0.9211111111111111,ende,35
human,135,0.9033333333333333,ende,35
human,196,0.9,ende,35
human,285,0.8922222222222222,ende,35
human,413,0.92,ende,35
human,600,0.91,ende,35
human,871,0.9133333333333333,ende,35
human,1265,1.0,ende,35
cvl,10,0.886593137254902,ende,45
cvl,14,0.9010784313725491,ende,45
cvl,21,0.9069117647058823,ende,45
cvl,30,0.8800980392156863,ende,45
cvl,44,0.8910049019607843,ende,45
cvl,64,0.8773529411764706,ende,45
cvl,93,0.9222303921568628,ende,45
cvl,135,0.8768872549019607,ende,45
cvl,196,0.9103921568627451,ende,45
cvl,285,0.9153186274509804,ende,45
cvl,413,0.9003676470588236,ende,45
cvl,600,0.8851225490196079,ende,45
cvl,871,0.9088480392156862,ende,45
cvl,1265,0.8877205882352941,ende,45
cvo,10,0.8864705882352941,ende,45
cvo,14,0.8993627450980393,ende,45
cvo,21,0.9092156862745098,ende,45
cvo,30,0.8793627450980392,ende,45
cvo,44,0.8936764705882353,ende,45
cvo,64,0.8816666666666667,ende,45
cvo,93,0.9257843137254902,ende,45
cvo,135,0.874313725490196,ende,45
cvo,196,0.9093137254901961,ende,45
cvo,285,0.9229901960784314,ende,45
cvo,413,0.8958333333333334,ende,45
cvo,600,0.8882843137254902,ende,45
cvo,871,0.9150490196078431,ende,45
cvo,1265,0.9125490196078432,ende,45
cvq,10,0.885,ende,45
cvq,14,0.8989869281045751,ende,45
cvq,21,0.9095098039215687,ende,45
cvq,30,0.8771568627450981,ende,45
cvq,44,0.8893464052287582,ende,45
cvq,64,0.8777450980392156,ende,45
cvq,93,0.9270915032679738,ende,45
cvq,135,0.8745424836601308,ende,45
cvq,196,0.9109150326797386,ende,45
cvq,285,0.9169607843137255,ende,45
cvq,413,0.8993790849673202,ende,45
cvq,600,0.8799673202614379,ende,45
cvq,871,0.9159150326797386,ende,45
cvq,1265,0.8833986928104575,ende,45
cvr,10,0.8687254901960785,ende,45
cvr,14,0.8802287581699346,ende,45
cvr,21,0.9008169934640523,ende,45
cvr,30,0.8742156862745099,ende,45
cvr,44,0.8865032679738563,ende,45
cvr,64,0.8774183006535947,ende,45
cvr,93,0.9274509803921569,ende,45
cvr,135,0.8738562091503268,ende,45
cvr,196,0.910359477124183,ende,45
cvr,285,0.9165359477124183,ende,45
cvr,413,0.8989542483660131,ende,45
cvr,600,0.8799346405228758,ende,45
cvr,871,0.9158496732026143,ende,45
cvr,1265,0.8833986928104575,ende,45
cvu,10,0.8854248366013072,ende,45
cvu,14,0.9010784313725491,ende,45
cvu,21,0.9113725490196078,ende,45
cvu,30,0.8801633986928105,ende,45
cvu,44,0.8909477124183006,ende,45
cvu,64,0.8783006535947713,ende,45
cvu,93,0.9280392156862745,ende,45
cvu,135,0.8768627450980392,ende,45
cvu,196,0.9106862745098039,ende,45
cvu,285,0.9178758169934641,ende,45
cvu,413,0.8995751633986928,ende,45
cvu,600,0.881797385620915,ende,45
cvu,871,0.9156535947712419,ende,45
cvu,1265,0.8854248366013072,ende,45
cvx,10,0.8834640522875817,ende,45
cvx,14,0.8986928104575164,ende,45
cvx,21,0.9091176470588235,ende,45
cvx,30,0.8817320261437909,ende,45
cvx,44,0.8886601307189542,ende,45
cvx,64,0.8803267973856209,ende,45
cvx,93,0.9286928104575164,ende,45
cvx,135,0.8773202614379085,ende,45
cvx,196,0.9109150326797386,ende,45
cvx,285,0.9177124183006536,ende,45
cvx,413,0.8994444444444445,ende,45
cvx,600,0.8816666666666667,ende,45
cvx,871,0.9158496732026143,ende,45
cvx,1265,0.8854248366013072,ende,45
human,10,0.8833333333333333,ende,45
human,14,0.9044444444444445,ende,45
human,21,0.9177777777777778,ende,45
human,30,0.8811111111111111,ende,45
human,44,0.8866666666666667,ende,45
human,64,0.8811111111111111,ende,45
human,93,0.9266666666666666,ende,45
human,135,0.8733333333333333,ende,45
human,196,0.9111111111111111,ende,45
human,285,0.92,ende,45
human,413,0.8966666666666666,ende,45
human,600,0.88,ende,45
human,871,0.9122222222222223,ende,45
human,1265,1.0,ende,45
cvl,10,0.8686274509803922,zhen,01
cvl,14,0.9127205882352941,zhen,01
cvl,22,0.9063235294117648,zhen,01
cvl,33,0.8600735294117647,zhen,01
cvl,49,0.8661274509803921,zhen,01
cvl,74,0.9050490196078431,zhen,01
cvl,110,0.902156862745098,zhen,01
cvl,165,0.9082843137254902,zhen,01
cvl,246,0.8705392156862745,zhen,01
cvl,367,0.8883088235294118,zhen,01
cvl,548,0.8980392156862745,zhen,01
cvl,819,0.8828676470588235,zhen,01
cvl,1222,0.8970098039215686,zhen,01
cvl,1825,0.8821323529411764,zhen,01
cvo,10,0.8644607843137255,zhen,01
cvo,14,0.9138235294117647,zhen,01
cvo,22,0.9062254901960785,zhen,01
cvo,33,0.8582843137254902,zhen,01
cvo,49,0.8638725490196079,zhen,01
cvo,74,0.9059803921568628,zhen,01
cvo,110,0.9036274509803922,zhen,01
cvo,165,0.912156862745098,zhen,01
cvo,246,0.8665196078431373,zhen,01
cvo,367,0.8869607843137255,zhen,01
cvo,548,0.9013235294117647,zhen,01
cvo,819,0.8766666666666667,zhen,01
cvo,1222,0.898235294117647,zhen,01
cvo,1825,0.912892156862745,zhen,01
cvq,10,0.8676797385620915,zhen,01
cvq,14,0.9105228758169934,zhen,01
cvq,22,0.9029738562091503,zhen,01
cvq,33,0.8553267973856209,zhen,01
cvq,49,0.8612745098039216,zhen,01
cvq,74,0.9035620915032679,zhen,01
cvq,110,0.9014705882352941,zhen,01
cvq,165,0.9089869281045752,zhen,01
cvq,246,0.8651307189542483,zhen,01
cvq,367,0.8885294117647059,zhen,01
cvq,548,0.898235294117647,zhen,01
cvq,819,0.881437908496732,zhen,01
cvq,1222,0.8945751633986928,zhen,01
cvq,1825,0.8838562091503268,zhen,01
cvr,10,0.8439542483660131,zhen,01
cvr,14,0.8976797385620915,zhen,01
cvr,22,0.8899346405228759,zhen,01
cvr,33,0.8502287581699346,zhen,01
cvr,49,0.8589869281045751,zhen,01
cvr,74,0.902156862745098,zhen,01
cvr,110,0.9004901960784314,zhen,01
cvr,165,0.9083333333333333,zhen,01
cvr,246,0.8647385620915032,zhen,01
cvr,367,0.8881045751633987,zhen,01
cvr,548,0.8985620915032679,zhen,01
cvr,819,0.8811111111111111,zhen,01
cvr,1222,0.894640522875817,zhen,01
cvr,1825,0.8838562091503268,zhen,01
cvu,10,0.8687254901960785,zhen,01
cvu,14,0.9119607843137255,zhen,01
cvu,22,0.9062745098039215,zhen,01
cvu,33,0.8571241830065359,zhen,01
cvu,49,0.8633660130718954,zhen,01
cvu,74,0.9041503267973856,zhen,01
cvu,110,0.9043137254901961,zhen,01
cvu,165,0.9094771241830065,zhen,01
cvu,246,0.8673202614379085,zhen,01
cvu,367,0.8888888888888888,zhen,01
cvu,548,0.8993464052287582,zhen,01
cvu,819,0.8834640522875817,zhen,01
cvu,1222,0.8962418300653595,zhen,01
cvu,1825,0.8822222222222222,zhen,01
cvx,10,0.8664379084967321,zhen,01
cvx,14,0.9073202614379084,zhen,01
cvx,22,0.8985947712418301,zhen,01
cvx,33,0.8559477124183007,zhen,01
cvx,49,0.8649019607843137,zhen,01
cvx,74,0.903235294117647,zhen,01
cvx,110,0.903202614379085,zhen,01
cvx,165,0.9085620915032679,zhen,01
cvx,246,0.8666339869281046,zhen,01
cvx,367,0.889281045751634,zhen,01
cvx,548,0.8989542483660131,zhen,01
cvx,819,0.8830392156862745,zhen,01
cvx,1222,0.8961764705882352,zhen,01
cvx,1825,0.8822222222222222,zhen,01
human,10,0.8766666666666667,zhen,01
human,14,0.9166666666666666,zhen,01
human,22,0.9044444444444445,zhen,01
human,33,0.8588888888888889,zhen,01
human,49,0.8577777777777778,zhen,01
human,74,0.9055555555555556,zhen,01
human,110,0.9,zhen,01
human,165,0.9122222222222223,zhen,01
human,246,0.8633333333333333,zhen,01
human,367,0.8833333333333333,zhen,01
human,548,0.8966666666666666,zhen,01
human,819,0.8844444444444445,zhen,01
human,1222,0.89,zhen,01
human,1825,1.0,zhen,01
cvl,10,0.8900490196078431,zhen,02
cvl,14,0.8892892156862745,zhen,02
cvl,22,0.8794362745098039,zhen,02
cvl,33,0.8821813725490196,zhen,02
cvl,49,0.8760294117647058,zhen,02
cvl,74,0.8709313725490196,zhen,02
cvl,110,0.917328431372549,zhen,02
cvl,165,0.9018872549019608,zhen,02
cvl,246,0.8798284313725491,zhen,02
cvl,367,0.8839705882352941,zhen,02
cvl,548,0.8987254901960784,zhen,02
cvl,819,0.9020343137254901,zhen,02
cvl,1222,0.8933088235294118,zhen,02
cvl,1825,0.8760294117647058,zhen,02
cvo,10,0.8944117647058824,zhen,02
cvo,14,0.8950980392156863,zhen,02
cvo,22,0.8830392156862745,zhen,02
cvo,33,0.8869607843137255,zhen,02
cvo,49,0.8802941176470588,zhen,02
cvo,74,0.8691666666666666,zhen,02
cvo,110,0.9161764705882353,zhen,02
cvo,165,0.9006372549019608,zhen,02
cvo,246,0.8771078431372549,zhen,02
cvo,367,0.8865196078431372,zhen,02
cvo,548,0.907892156862745,zhen,02
cvo,819,0.904607843137255,zhen,02
cvo,1222,0.8961764705882352,zhen,02
cvo,1825,0.9065196078431372,zhen,02
cvq,10,0.8892483660130719,zhen,02
cvq,14,0.8856209150326797,zhen,02
cvq,22,0.8760457516339869,zhen,02
cvq,33,0.8811437908496732,zhen,02
cvq,49,0.8742156862745099,zhen,02
cvq,74,0.8620915032679739,zhen,02
cvq,110,0.9190849673202615,zhen,02
cvq,165,0.8965359477124183,zhen,02
cvq,246,0.8760457516339869,zhen,02
cvq,367,0.8850326797385621,zhen,02
cvq,548,0.8962745098039215,zhen,02
cvq,819,0.9044771241830065,zhen,02
cvq,1222,0.8944117647058824,zhen,02
cvq,1825,0.875359477124183,zhen,02
cvr,10,0.8720915032679739,zhen,02
cvr,14,0.8716339869281046,zhen,02
cvr,22,0.8683006535947713,zhen,02
cvr,33,0.8806535947712418,zhen,02
cvr,49,0.8719934640522876,zhen,02
cvr,74,0.8621568627450981,zhen,02
cvr,110,0.9182679738562092,zhen,02
cvr,165,0.897124183006536,zhen,02
cvr,246,0.8758823529411764,zhen,02
cvr,367,0.8853921568627451,zhen,02
cvr,548,0.8962418300653595,zhen,02
cvr,819,0.904640522875817,zhen,02
cvr,1222,0.8942483660130719,zhen,02
cvr,1825,0.875359477124183,zhen,02
cvu,10,0.8906535947712418,zhen,02
cvu,14,0.8885620915032679,zhen,02
cvu,22,0.8792483660130719,zhen,02
cvu,33,0.8819281045751634,zhen,02
cvu,49,0.8758823529411764,zhen,02
cvu,74,0.8655228758169935,zhen,02
cvu,110,0.9197385620915033,zhen,02
cvu,165,0.89640522875817,zhen,02
cvu,246,0.8777450980392156,zhen,02
cvu,367,0.8850653594771242,zhen,02
cvu,548,0.8958169934640523,zhen,02
cvu,819,0.9039869281045751,zhen,02
cvu,1222,0.8941503267973856,zhen,02
cvu,1825,0.8752287581699346,zhen,02
cvx,10,0.8937254901960784,zhen,02
cvx,14,0.8850326797385621,zhen,02
cvx,22,0.8818300653594772,zhen,02
cvx,33,0.8836601307189542,zhen,02
cvx,49,0.8772222222222222,zhen,02
cvx,74,0.8660457516339869,zhen,02
cvx,110,0.9200980392156862,zhen,02
cvx,165,0.8973202614379086,zhen,02
cvx,246,0.8783006535947713,zhen,02
cvx,367,0.8853267973856209,zhen,02
cvx,548,0.8956862745098039,zhen,02
cvx,819,0.9040849673202614,zhen,02
cvx,1222,0.8937908496732027,zhen,02
cvx,1825,0.8752287581699346,zhen,02
human,10,0.8888888888888888,zhen,02
human,14,0.8911111111111111,zhen,02
human,22,0.8833333333333333,zhen,02
human,33,0.88,zhen,02
human,49,0.8733333333333333,zhen,02
human,74,0.86,zhen,02
human,110,0.9288888888888889,zhen,02
human,165,0.9022222222222223,zhen,02
human,246,0.88,zhen,02
human,367,0.8877777777777778,zhen,02
human,548,0.8988888888888888,zhen,02
human,819,0.9,zhen,02
human,1222,0.8933333333333333,zhen,02
human,1825,1.0,zhen,02
cvl,10,0.9114460784313726,zhen,03
cvl,14,0.9018137254901961,zhen,03
cvl,22,0.8961274509803921,zhen,03
cvl,33,0.8761274509803921,zhen,03
cvl,49,0.914828431372549,zhen,03
cvl,74,0.8930392156862745,zhen,03
cvl,110,0.9022549019607843,zhen,03
cvl,165,0.8868382352941176,zhen,03
cvl,246,0.8904656862745098,zhen,03
cvl,367,0.8959313725490196,zhen,03
cvl,548,0.8991421568627451,zhen,03
cvl,819,0.8913235294117647,zhen,03
cvl,1222,0.8899754901960785,zhen,03
cvl,1825,0.8821323529411764,zhen,03
cvo,10,0.9122058823529412,zhen,03
cvo,14,0.9057352941176471,zhen,03
cvo,22,0.9001960784313725,zhen,03
cvo,33,0.8729901960784314,zhen,03
cvo,49,0.9160294117647059,zhen,03
cvo,74,0.8911274509803921,zhen,03
cvo,110,0.9074019607843137,zhen,03
cvo,165,0.8859313725490197,zhen,03
cvo,246,0.8908333333333334,zhen,03
cvo,367,0.9016176470588235,zhen,03
cvo,548,0.9024019607843137,zhen,03
cvo,819,0.8895588235294117,zhen,03
cvo,1222,0.8966666666666666,zhen,03
cvo,1825,0.9069607843137255,zhen,03
cvq,10,0.9116666666666666,zhen,03
cvq,14,0.8986274509803922,zhen,03
cvq,22,0.8938888888888888,zhen,03
cvq,33,0.8717320261437909,zhen,03
cvq,49,0.9165359477124183,zhen,03
cvq,74,0.8885947712418301,zhen,03
cvq,110,0.9020261437908497,zhen,03
cvq,165,0.887516339869281,zhen,03
cvq,246,0.888202614379085,zhen,03
cvq,367,0.8953921568627451,zhen,03
cvq,548,0.9004575163398693,zhen,03
cvq,819,0.8870588235294118,zhen,03
cvq,1222,0.8947712418300654,zhen,03
cvq,1825,0.8759477124183006,zhen,03
cvr,10,0.8914705882352941,zhen,03
cvr,14,0.8899673202614379,zhen,03
cvr,22,0.8854901960784314,zhen,03
cvr,33,0.8696732026143791,zhen,03
cvr,49,0.9126470588235294,zhen,03
cvr,74,0.8891176470588236,zhen,03
cvr,110,0.9023529411764706,zhen,03
cvr,165,0.8866666666666667,zhen,03
cvr,246,0.8878758169934641,zhen,03
cvr,367,0.895359477124183,zhen,03
cvr,548,0.9004901960784314,zhen,03
cvr,819,0.8868954248366013,zhen,03
cvr,1222,0.8949673202614379,zhen,03
cvr,1825,0.8759477124183006,zhen,03
cvu,10,0.9120588235294118,zhen,03
cvu,14,0.8989869281045751,zhen,03
cvu,22,0.8973856209150327,zhen,03
cvu,33,0.8719607843137255,zhen,03
cvu,49,0.9168954248366014,zhen,03
cvu,74,0.8899019607843137,zhen,03
cvu,110,0.9019281045751634,zhen,03
cvu,165,0.8884640522875817,zhen,03
cvu,246,0.8897385620915033,zhen,03
cvu,367,0.8957843137254902,zhen,03
cvu,548,0.9005228758169934,zhen,03
cvu,819,0.8877450980392156,zhen,03
cvu,1222,0.8949346405228759,zhen,03
cvu,1825,0.8772549019607843,zhen,03
cvx,10,0.9017320261437909,zhen,03
cvx,14,0.8984640522875817,zhen,03
cvx,22,0.8983986928104575,zhen,03
cvx,33,0.8755882352941177,zhen,03
cvx,49,0.9158169934640523,zhen,03
cvx,74,0.8924509803921569,zhen,03
cvx,110,0.9024836601307189,zhen,03
cvx,165,0.8886274509803922,zhen,03
cvx,246,0.8902614379084968,zhen,03
cvx,367,0.8969934640522876,zhen,03
cvx,548,0.9005882352941177,zhen,03
cvx,819,0.8875490196078432,zhen,03
cvx,1222,0.8949346405228759,zhen,03
cvx,1825,0.8772549019607843,zhen,03
human,10,0.9177777777777778,zhen,03
human,14,0.9011111111111111,zhen,03
human,22,0.8922222222222222,zhen,03
human,33,0.8733333333333333,zhen,03
human,49,0.9144444444444444,zhen,03
human,74,0.8922222222222222,zhen,03
human,110,0.9077777777777778,zhen,03
human,165,0.8855555555555555,zhen,03
human,246,0.8911111111111111,zhen,03
human,367,0.8966666666666666,zhen,03
human,548,0.9033333333333333,zhen,03
human,819,0.8822222222222222,zhen,03
human,1222,0.8922222222222222,zhen,03
human,1825,1.0,zhen,03
cvl,10,0.9076470588235294,zhen,04
cvl,14,0.8857352941176471,zhen,04
cvl,22,0.8675490196078431,zhen,04
cvl,33,0.8885049019607844,zhen,04
cvl,49,0.9040686274509804,zhen,04
cvl,74,0.8874509803921569,zhen,04
cvl,110,0.8979901960784313,zhen,04
cvl,165,0.8998039215686274,zhen,04
cvl,246,0.8988970588235294,zhen,04
cvl,367,0.8907598039215686,zhen,04
cvl,548,0.9057107843137255,zhen,04
cvl,819,0.9043382352941176,zhen,04
cvl,1222,0.8935294117647059,zhen,04
cvl,1825,0.8857352941176471,zhen,04
cvo,10,0.917156862745098,zhen,04
cvo,14,0.8800490196078431,zhen,04
cvo,22,0.8670098039215687,zhen,04
cvo,33,0.8859803921568628,zhen,04
cvo,49,0.9064215686274509,zhen,04
cvo,74,0.8846078431372549,zhen,04
cvo,110,0.8916176470588235,zhen,04
cvo,165,0.9034803921568627,zhen,04
cvo,246,0.8927450980392156,zhen,04
cvo,367,0.89,zhen,04
cvo,548,0.9056372549019608,zhen,04
cvo,819,0.9038725490196079,zhen,04
cvo,1222,0.8953921568627451,zhen,04
cvo,1825,0.9150980392156862,zhen,04
cvq,10,0.907156862745098,zhen,04
cvq,14,0.8815359477124183,zhen,04
cvq,22,0.861797385620915,zhen,04
cvq,33,0.8853921568627451,zhen,04
cvq,49,0.9048366013071896,zhen,04
cvq,74,0.8852287581699346,zhen,04
cvq,110,0.8897058823529411,zhen,04
cvq,165,0.9026797385620915,zhen,04
cvq,246,0.8984640522875817,zhen,04
cvq,367,0.8879738562091504,zhen,04
cvq,548,0.9044444444444445,zhen,04
cvq,819,0.9062745098039215,zhen,04
cvq,1222,0.8936274509803922,zhen,04
cvq,1825,0.886797385620915,zhen,04
cvr,10,0.8922875816993464,zhen,04
cvr,14,0.8671568627450981,zhen,04
cvr,22,0.8535294117647059,zhen,04
cvr,33,0.8816013071895424,zhen,04
cvr,49,0.9037581699346405,zhen,04
cvr,74,0.8847712418300654,zhen,04
cvr,110,0.8878104575163399,zhen,04
cvr,165,0.9029738562091503,zhen,04
cvr,246,0.898235294117647,zhen,04
cvr,367,0.8883333333333333,zhen,04
cvr,548,0.9045098039215687,zhen,04
cvr,819,0.9061111111111111,zhen,04
cvr,1222,0.8936601307189542,zhen,04
cvr,1825,0.886797385620915,zhen,04
cvu,10,0.9084640522875816,zhen,04
cvu,14,0.8822222222222222,zhen,04
cvu,22,0.8645751633986928,zhen,04
cvu,33,0.8868300653594772,zhen,04
cvu,49,0.9065686274509804,zhen,04
cvu,74,0.8856209150326797,zhen,04
cvu,110,0.8912745098039215,zhen,04
cvu,165,0.9026797385620915,zhen,04
cvu,246,0.8981699346405229,zhen,04
cvu,367,0.8873529411764706,zhen,04
cvu,548,0.9040849673202614,zhen,04
cvu,819,0.9077124183006536,zhen,04
cvu,1222,0.8936928104575164,zhen,04
cvu,1825,0.8869934640522876,zhen,04
cvx,10,0.9063725490196078,zhen,04
cvx,14,0.8779084967320261,zhen,04
cvx,22,0.866797385620915,zhen,04
cvx,33,0.8854901960784314,zhen,04
cvx,49,0.9061437908496732,zhen,04
cvx,74,0.8862418300653595,zhen,04
cvx,110,0.8892483660130719,zhen,04
cvx,165,0.9033006535947713,zhen,04
cvx,246,0.8971895424836601,zhen,04
cvx,367,0.888235294117647,zhen,04
cvx,548,0.9038562091503268,zhen,04
cvx,819,0.9070588235294118,zhen,04
cvx,1222,0.893921568627451,zhen,04
cvx,1825,0.8869934640522876,zhen,04
human,10,0.91,zhen,04
human,14,0.8877777777777778,zhen,04
human,22,0.8677777777777778,zhen,04
human,33,0.89,zhen,04
human,49,0.9022222222222223,zhen,04
human,74,0.8833333333333333,zhen,04
human,110,0.8877777777777778,zhen,04
human,165,0.9044444444444445,zhen,04
human,246,0.9,zhen,04
human,367,0.8888888888888888,zhen,04
human,548,0.9077777777777778,zhen,04
human,819,0.9077777777777778,zhen,04
human,1222,0.8888888888888888,zhen,04
human,1825,1.0,zhen,04
cvl,10,0.9176960784313726,zhen,05
cvl,14,0.8927696078431373,zhen,05
cvl,22,0.8984068627450981,zhen,05
cvl,33,0.8874754901960784,zhen,05
cvl,49,0.9028676470588235,zhen,05
cvl,74,0.9241176470588235,zhen,05
cvl,110,0.9074754901960784,zhen,05
cvl,165,0.8970098039215686,zhen,05
cvl,246,0.8866666666666667,zhen,05
cvl,367,0.8690441176470588,zhen,05
cvl,548,0.8920588235294118,zhen,05
cvl,819,0.8887745098039216,zhen,05
cvl,1222,0.9188480392156863,zhen,05
cvl,1825,0.8525735294117647,zhen,05
cvo,10,0.9145588235294118,zhen,05
cvo,14,0.8974019607843138,zhen,05
cvo,22,0.895,zhen,05
cvo,33,0.8902941176470588,zhen,05
cvo,49,0.9066176470588235,zhen,05
cvo,74,0.9311274509803922,zhen,05
cvo,110,0.9105392156862745,zhen,05
cvo,165,0.8955882352941177,zhen,05
cvo,246,0.8920098039215686,zhen,05
cvo,367,0.8622549019607844,zhen,05
cvo,548,0.888578431372549,zhen,05
cvo,819,0.8851960784313726,zhen,05
cvo,1222,0.9235294117647059,zhen,05
cvo,1825,0.8948039215686274,zhen,05
cvq,10,0.9181045751633987,zhen,05
cvq,14,0.8888235294117647,zhen,05
cvq,22,0.8949019607843137,zhen,05
cvq,33,0.8869607843137255,zhen,05
cvq,49,0.9052287581699346,zhen,05
cvq,74,0.9254575163398693,zhen,05
cvq,110,0.9084967320261438,zhen,05
cvq,165,0.8966013071895425,zhen,05
cvq,246,0.8891830065359477,zhen,05
cvq,367,0.8643464052287582,zhen,05
cvq,548,0.8868627450980392,zhen,05
cvq,819,0.8860130718954249,zhen,05
cvq,1222,0.922124183006536,zhen,05
cvq,1825,0.8597385620915032,zhen,05
cvr,10,0.8979738562091504,zhen,05
cvr,14,0.8745424836601308,zhen,05
cvr,22,0.888202614379085,zhen,05
cvr,33,0.8876470588235295,zhen,05
cvr,49,0.9040849673202614,zhen,05
cvr,74,0.9269934640522876,zhen,05
cvr,110,0.9073529411764706,zhen,05
cvr,165,0.8974183006535947,zhen,05
cvr,246,0.8902614379084968,zhen,05
cvr,367,0.8637908496732026,zhen,05
cvr,548,0.8866993464052287,zhen,05
cvr,819,0.8858496732026144,zhen,05
cvr,1222,0.9219934640522875,zhen,05
cvr,1825,0.8597385620915032,zhen,05
cvu,10,0.9173856209150327,zhen,05
cvu,14,0.8912418300653595,zhen,05
cvu,22,0.8965032679738562,zhen,05
cvu,33,0.8863725490196078,zhen,05
cvu,49,0.9049673202614379,zhen,05
cvu,74,0.9265032679738562,zhen,05
cvu,110,0.9084313725490196,zhen,05
cvu,165,0.8959803921568628,zhen,05
cvu,246,0.8901960784313725,zhen,05
cvu,367,0.8649019607843137,zhen,05
cvu,548,0.8859150326797386,zhen,05
cvu,819,0.8862745098039215,zhen,05
cvu,1222,0.9217973856209151,zhen,05
cvu,1825,0.8603921568627451,zhen,05
cvx,10,0.9106862745098039,zhen,05
cvx,14,0.8886601307189542,zhen,05
cvx,22,0.8971895424836601,zhen,05
cvx,33,0.8878431372549019,zhen,05
cvx,49,0.9076797385620915,zhen,05
cvx,74,0.9286928104575164,zhen,05
cvx,110,0.9073856209150327,zhen,05
cvx,165,0.8976470588235295,zhen,05
cvx,246,0.890686274509804,zhen,05
cvx,367,0.8645424836601308,zhen,05
cvx,548,0.8854575163398692,zhen,05
cvx,819,0.8860457516339869,zhen,05
cvx,1222,0.9215686274509803,zhen,05
cvx,1825,0.8603921568627451,zhen,05
human,10,0.9255555555555556,zhen,05
human,14,0.8844444444444445,zhen,05
human,22,0.8966666666666666,zhen,05
human,33,0.8933333333333333,zhen,05
human,49,0.9055555555555556,zhen,05
human,74,0.9277777777777778,zhen,05
human,110,0.9111111111111111,zhen,05
human,165,0.8977777777777778,zhen,05
human,246,0.8866666666666667,zhen,05
human,367,0.8666666666666667,zhen,05
human,548,0.8888888888888888,zhen,05
human,819,0.8888888888888888,zhen,05
human,1222,0.9222222222222223,zhen,05
human,1825,1.0,zhen,05
cvl,10,0.8597794117647058,zhen,12
cvl,14,0.890563725490196,zhen,12
cvl,22,0.8743382352941177,zhen,12
cvl,33,0.8943382352941176,zhen,12
cvl,49,0.890563725490196,zhen,12
cvl,74,0.8713235294117647,zhen,12
cvl,110,0.9058333333333334,zhen,12
cvl,165,0.8697303921568628,zhen,12
cvl,246,0.8781862745098039,zhen,12
cvl,367,0.9045343137254902,zhen,12
cvl,548,0.9022549019607843,zhen,12
cvl,819,0.8999264705882353,zhen,12
cvl,1222,0.9000490196078431,zhen,12
cvl,1825,0.8790441176470588,zhen,12
cvo,10,0.8535294117647059,zhen,12
cvo,14,0.8989705882352941,zhen,12
cvo,22,0.8733823529411765,zhen,12
cvo,33,0.8918137254901961,zhen,12
cvo,49,0.8901470588235294,zhen,12
cvo,74,0.8699509803921569,zhen,12
cvo,110,0.9052450980392157,zhen,12
cvo,165,0.8672549019607844,zhen,12
cvo,246,0.8768137254901961,zhen,12
cvo,367,0.9104901960784314,zhen,12
cvo,548,0.8994117647058824,zhen,12
cvo,819,0.9012745098039215,zhen,12
cvo,1222,0.9000490196078431,zhen,12
cvo,1825,0.9117156862745098,zhen,12
cvq,10,0.8548366013071895,zhen,12
cvq,14,0.8918954248366013,zhen,12
cvq,22,0.8734313725490196,zhen,12
cvq,33,0.8890849673202614,zhen,12
cvq,49,0.8890849673202614,zhen,12
cvq,74,0.8686928104575163,zhen,12
cvq,110,0.9020915032679738,zhen,12
cvq,165,0.8680065359477124,zhen,12
cvq,246,0.8782352941176471,zhen,12
cvq,367,0.907516339869281,zhen,12
cvq,548,0.9001307189542483,zhen,12
cvq,819,0.9016339869281046,zhen,12
cvq,1222,0.8970261437908497,zhen,12
cvq,1825,0.8822875816993464,zhen,12
cvr,10,0.8254248366013072,zhen,12
cvr,14,0.8769281045751633,zhen,12
cvr,22,0.8694117647058823,zhen,12
cvr,33,0.8841503267973856,zhen,12
cvr,49,0.8849019607843137,zhen,12
cvr,74,0.8668954248366013,zhen,12
cvr,110,0.9009150326797386,zhen,12
cvr,165,0.8682352941176471,zhen,12
cvr,246,0.8784640522875817,zhen,12
cvr,367,0.9068954248366013,zhen,12
cvr,548,0.9008823529411765,zhen,12
cvr,819,0.9013725490196078,zhen,12
cvr,1222,0.897124183006536,zhen,12
cvr,1825,0.8822875816993464,zhen,12
cvu,10,0.8584967320261437,zhen,12
cvu,14,0.8911764705882353,zhen,12
cvu,22,0.8748692810457517,zhen,12
cvu,33,0.8901307189542483,zhen,12
cvu,49,0.891797385620915,zhen,12
cvu,74,0.8689869281045751,zhen,12
cvu,110,0.9042483660130719,zhen,12
cvu,165,0.8679411764705882,zhen,12
cvu,246,0.878921568627451,zhen,12
cvu,367,0.9081372549019607,zhen,12
cvu,548,0.9013071895424837,zhen,12
cvu,819,0.9020915032679738,zhen,12
cvu,1222,0.8972549019607843,zhen,12
cvu,1825,0.8816339869281046,zhen,12
cvx,10,0.8621895424836601,zhen,12
cvx,14,0.8849346405228758,zhen,12
cvx,22,0.8829084967320261,zhen,12
cvx,33,0.8890196078431373,zhen,12
cvx,49,0.8889542483660131,zhen,12
cvx,74,0.8693790849673203,zhen,12
cvx,110,0.9023202614379084,zhen,12
cvx,165,0.869313725490196,zhen,12
cvx,246,0.8798366013071895,zhen,12
cvx,367,0.9078758169934641,zhen,12
cvx,548,0.9016339869281046,zhen,12
cvx,819,0.9022222222222223,zhen,12
cvx,1222,0.8973202614379086,zhen,12
cvx,1825,0.8816339869281046,zhen,12
human,10,0.8522222222222222,zhen,12
human,14,0.8866666666666667,zhen,12
human,22,0.8722222222222222,zhen,12
human,33,0.8866666666666667,zhen,12
human,49,0.8877777777777778,zhen,12
human,74,0.8688888888888889,zhen,12
human,110,0.9033333333333333,zhen,12
human,165,0.8722222222222222,zhen,12
human,246,0.8788888888888889,zhen,12
human,367,0.9088888888888889,zhen,12
human,548,0.8977777777777778,zhen,12
human,819,0.9,zhen,12
human,1222,0.8977777777777778,zhen,12
human,1825,1.0,zhen,12
cvl,10,0.9053186274509804,zhen,13
cvl,14,0.8923039215686275,zhen,13
cvl,22,0.8999019607843137,zhen,13
cvl,33,0.8748529411764706,zhen,13
cvl,49,0.8964950980392157,zhen,13
cvl,74,0.8620588235294118,zhen,13
cvl,110,0.893578431372549,zhen,13
cvl,165,0.9069607843137255,zhen,13
cvl,246,0.8899754901960785,zhen,13
cvl,367,0.8883088235294118,zhen,13
cvl,548,0.8889460784313725,zhen,13
cvl,819,0.9247794117647059,zhen,13
cvl,1222,0.9128676470588235,zhen,13
cvl,1825,0.8836029411764705,zhen,13
cvo,10,0.908235294117647,zhen,13
cvo,14,0.8909313725490197,zhen,13
cvo,22,0.8968137254901961,zhen,13
cvo,33,0.8786274509803922,zhen,13
cvo,49,0.8971568627450981,zhen,13
cvo,74,0.8512745098039216,zhen,13
cvo,110,0.8969607843137255,zhen,13
cvo,165,0.9100980392156863,zhen,13
cvo,246,0.8954901960784314,zhen,13
cvo,367,0.8933333333333333,zhen,13
cvo,548,0.8905392156862745,zhen,13
cvo,819,0.9275490196078431,zhen,13
cvo,1222,0.9179901960784314,zhen,13
cvo,1825,0.9089705882352941,zhen,13
cvq,10,0.9081372549019607,zhen,13
cvq,14,0.8873529411764706,zhen,13
cvq,22,0.8999346405228759,zhen,13
cvq,33,0.87,zhen,13
cvq,49,0.8967647058823529,zhen,13
cvq,74,0.8574183006535948,zhen,13
cvq,110,0.8917647058823529,zhen,13
cvq,165,0.9108169934640523,zhen,13
cvq,246,0.8901633986928105,zhen,13
cvq,367,0.8850980392156863,zhen,13
cvq,548,0.8878758169934641,zhen,13
cvq,819,0.9283333333333333,zhen,13
cvq,1222,0.9183660130718955,zhen,13
cvq,1825,0.8786274509803922,zhen,13
cvr,10,0.8878431372549019,zhen,13
cvr,14,0.8773202614379085,zhen,13
cvr,22,0.8908823529411765,zhen,13
cvr,33,0.8665359477124183,zhen,13
cvr,49,0.8952287581699346,zhen,13
cvr,74,0.856764705882353,zhen,13
cvr,110,0.8909477124183006,zhen,13
cvr,165,0.91,zhen,13
cvr,246,0.8895098039215686,zhen,13
cvr,367,0.8847058823529412,zhen,13
cvr,548,0.8876143790849673,zhen,13
cvr,819,0.9282679738562092,zhen,13
cvr,1222,0.9185294117647059,zhen,13
cvr,1825,0.8786274509803922,zhen,13
cvu,10,0.9087581699346405,zhen,13
cvu,14,0.8907516339869281,zhen,13
cvu,22,0.902843137254902,zhen,13
cvu,33,0.872483660130719,zhen,13
cvu,49,0.8979738562091504,zhen,13
cvu,74,0.8595424836601308,zhen,13
cvu,110,0.8928431372549019,zhen,13
cvu,165,0.9111764705882353,zhen,13
cvu,246,0.8899019607843137,zhen,13
cvu,367,0.8867320261437909,zhen,13
cvu,548,0.8883333333333333,zhen,13
cvu,819,0.9286928104575164,zhen,13
cvu,1222,0.9179411764705883,zhen,13
cvu,1825,0.8790849673202614,zhen,13
cvx,10,0.9026797385620915,zhen,13
cvx,14,0.8854575163398692,zhen,13
cvx,22,0.9013071895424837,zhen,13
cvx,33,0.8731699346405228,zhen,13
cvx,49,0.8976470588235295,zhen,13
cvx,74,0.8620588235294118,zhen,13
cvx,110,0.8919607843137255,zhen,13
cvx,165,0.9116339869281046,zhen,13
cvx,246,0.8888562091503268,zhen,13
cvx,367,0.8866666666666667,zhen,13
cvx,548,0.8881372549019608,zhen,13
cvx,819,0.928562091503268,zhen,13
cvx,1222,0.9181045751633987,zhen,13
cvx,1825,0.8790849673202614,zhen,13
human,10,0.9011111111111111,zhen,13
human,14,0.8866666666666667,zhen,13
human,22,0.9033333333333333,zhen,13
human,33,0.8677777777777778,zhen,13
human,49,0.8988888888888888,zhen,13
human,74,0.8533333333333334,zhen,13
human,110,0.9011111111111111,zhen,13
human,165,0.9144444444444444,zhen,13
human,246,0.89,zhen,13
human,367,0.8855555555555555,zhen,13
human,548,0.8833333333333333,zhen,13
human,819,0.9244444444444444,zhen,13
human,1222,0.9166666666666666,zhen,13
human,1825,1.0,zhen,13
cvl,10,0.8924264705882353,zhen,14
cvl,14,0.907671568627451,zhen,14
cvl,22,0.8623774509803922,zhen,14
cvl,33,0.8672794117647059,zhen,14
cvl,49,0.8949264705882353,zhen,14
cvl,74,0.904607843137255,zhen,14
cvl,110,0.90125,zhen,14
cvl,165,0.921078431372549,zhen,14
cvl,246,0.9119852941176471,zhen,14
cvl,367,0.8887745098039216,zhen,14
cvl,548,0.8990931372549019,zhen,14
cvl,819,0.901936274509804,zhen,14
cvl,1222,0.8982598039215687,zhen,14
cvl,1825,0.8855882352941177,zhen,14
cvo,10,0.8951470588235294,zhen,14
cvo,14,0.9075980392156863,zhen,14
cvo,22,0.8625980392156862,zhen,14
cvo,33,0.871421568627451,zhen,14
cvo,49,0.8949019607843137,zhen,14
cvo,74,0.9066176470588235,zhen,14
cvo,110,0.9036764705882353,zhen,14
cvo,165,0.9207843137254902,zhen,14
cvo,246,0.908235294117647,zhen,14
cvo,367,0.8955882352941177,zhen,14
cvo,548,0.9040686274509804,zhen,14
cvo,819,0.9009803921568628,zhen,14
cvo,1222,0.9025,zhen,14
cvo,1825,0.9073529411764706,zhen,14
cvq,10,0.8913071895424837,zhen,14
cvq,14,0.9073529411764706,zhen,14
cvq,22,0.8559477124183007,zhen,14
cvq,33,0.8630065359477124,zhen,14
cvq,49,0.8968627450980392,zhen,14
cvq,74,0.9060457516339869,zhen,14
cvq,110,0.9013725490196078,zhen,14
cvq,165,0.9213725490196079,zhen,14
cvq,246,0.9104901960784314,zhen,14
cvq,367,0.8912745098039215,zhen,14
cvq,548,0.8991830065359477,zhen,14
cvq,819,0.9003267973856209,zhen,14
cvq,1222,0.8967320261437909,zhen,14
cvq,1825,0.8764705882352941,zhen,14
cvr,10,0.8683006535947713,zhen,14
cvr,14,0.8954901960784314,zhen,14
cvr,22,0.850392156862745,zhen,14
cvr,33,0.8595424836601308,zhen,14
cvr,49,0.8972222222222223,zhen,14
cvr,74,0.9058496732026143,zhen,14
cvr,110,0.9005555555555556,zhen,14
cvr,165,0.9202941176470588,zhen,14
cvr,246,0.9094771241830065,zhen,14
cvr,367,0.8911764705882353,zhen,14
cvr,548,0.8990522875816993,zhen,14
cvr,819,0.9001307189542483,zhen,14
cvr,1222,0.8966666666666666,zhen,14
cvr,1825,0.8764705882352941,zhen,14
cvu,10,0.8928758169934641,zhen,14
cvu,14,0.9085620915032679,zhen,14
cvu,22,0.8590522875816994,zhen,14
cvu,33,0.8634967320261437,zhen,14
cvu,49,0.8984640522875817,zhen,14
cvu,74,0.9061437908496732,zhen,14
cvu,110,0.9024836601307189,zhen,14
cvu,165,0.9219934640522875,zhen,14
cvu,246,0.9117973856209151,zhen,14
cvu,367,0.8920915032679738,zhen,14
cvu,548,0.9002614379084968,zhen,14
cvu,819,0.9010784313725491,zhen,14
cvu,1222,0.8972222222222223,zhen,14
cvu,1825,0.8764705882352941,zhen,14
cvx,10,0.8864705882352941,zhen,14
cvx,14,0.9049346405228759,zhen,14
cvx,22,0.8590849673202614,zhen,14
cvx,33,0.8671568627450981,zhen,14
cvx,49,0.9010130718954248,zhen,14
cvx,74,0.9073529411764706,zhen,14
cvx,110,0.9033333333333333,zhen,14
cvx,165,0.9218300653594771,zhen,14
cvx,246,0.9104901960784314,zhen,14
cvx,367,0.8916666666666667,zhen,14
cvx,548,0.9001307189542483,zhen,14
cvx,819,0.9007516339869281,zhen,14
cvx,1222,0.8973529411764706,zhen,14
cvx,1825,0.8764705882352941,zhen,14
human,10,0.89,zhen,14
human,14,0.91,zhen,14
human,22,0.8633333333333333,zhen,14
human,33,0.8666666666666667,zhen,14
human,49,0.9044444444444445,zhen,14
human,74,0.91,zhen,14
human,110,0.8966666666666666,zhen,14
human,165,0.9222222222222223,zhen,14
human,246,0.9088888888888889,zhen,14
human,367,0.8955555555555555,zhen,14
human,548,0.9,zhen,14
human,819,0.9077777777777778,zhen,14
human,1222,0.8944444444444445,zhen,14
human,1825,1.0,zhen,14
cvl,10,0.895906862745098,zhen,15
cvl,14,0.9125,zhen,15
cvl,22,0.8944362745098039,zhen,15
cvl,33,0.8958088235294117,zhen,15
cvl,49,0.8936764705882353,zhen,15
cvl,74,0.9031127450980392,zhen,15
cvl,110,0.8960294117647059,zhen,15
cvl,165,0.9119607843137255,zhen,15
cvl,246,0.9211764705882353,zhen,15
cvl,367,0.8882598039215687,zhen,15
cvl,548,0.8891176470588236,zhen,15
cvl,819,0.9072303921568627,zhen,15
cvl,1222,0.9134558823529412,zhen,15
cvl,1825,0.91,zhen,15
cvo,10,0.8886274509803922,zhen,15
cvo,14,0.9094607843137255,zhen,15
cvo,22,0.888578431372549,zhen,15
cvo,33,0.8993137254901961,zhen,15
cvo,49,0.893235294117647,zhen,15
cvo,74,0.9002450980392157,zhen,15
cvo,110,0.8987745098039216,zhen,15
cvo,165,0.9148529411764705,zhen,15
cvo,246,0.919264705882353,zhen,15
cvo,367,0.8881372549019608,zhen,15
cvo,548,0.8877941176470588,zhen,15
cvo,819,0.9049019607843137,zhen,15
cvo,1222,0.9187254901960784,zhen,15
cvo,1825,0.9348039215686275,zhen,15
cvq,10,0.8956862745098039,zhen,15
cvq,14,0.9126797385620915,zhen,15
cvq,22,0.8904575163398692,zhen,15
cvq,33,0.8959150326797386,zhen,15
cvq,49,0.8937581699346405,zhen,15
cvq,74,0.9008823529411765,zhen,15
cvq,110,0.8993464052287582,zhen,15
cvq,165,0.9145751633986928,zhen,15
cvq,246,0.9216013071895425,zhen,15
cvq,367,0.8849346405228758,zhen,15
cvq,548,0.8878758169934641,zhen,15
cvq,819,0.9077124183006536,zhen,15
cvq,1222,0.9188235294117647,zhen,15
cvq,1825,0.9130718954248366,zhen,15
cvr,10,0.8743790849673203,zhen,15
cvr,14,0.8998366013071896,zhen,15
cvr,22,0.8847058823529412,zhen,15
cvr,33,0.8942156862745098,zhen,15
cvr,49,0.8922222222222222,zhen,15
cvr,74,0.8987908496732027,zhen,15
cvr,110,0.8981045751633987,zhen,15
cvr,165,0.9148692810457516,zhen,15
cvr,246,0.9208496732026143,zhen,15
cvr,367,0.8845751633986928,zhen,15
cvr,548,0.8879411764705882,zhen,15
cvr,819,0.9077124183006536,zhen,15
cvr,1222,0.9186928104575164,zhen,15
cvr,1825,0.9130718954248366,zhen,15
cvu,10,0.8968954248366013,zhen,15
cvu,14,0.9147712418300653,zhen,15
cvu,22,0.8928104575163399,zhen,15
cvu,33,0.8962745098039215,zhen,15
cvu,49,0.8930392156862745,zhen,15
cvu,74,0.9001307189542483,zhen,15
cvu,110,0.8987254901960784,zhen,15
cvu,165,0.9144771241830065,zhen,15
cvu,246,0.9213398692810457,zhen,15
cvu,367,0.8852941176470588,zhen,15
cvu,548,0.8883006535947713,zhen,15
cvu,819,0.9083006535947712,zhen,15
cvu,1222,0.9195751633986928,zhen,15
cvu,1825,0.9128104575163398,zhen,15
cvx,10,0.8907843137254902,zhen,15
cvx,14,0.9145424836601307,zhen,15
cvx,22,0.8909803921568628,zhen,15
cvx,33,0.8973202614379086,zhen,15
cvx,49,0.8957516339869281,zhen,15
cvx,74,0.8971895424836601,zhen,15
cvx,110,0.8980718954248366,zhen,15
cvx,165,0.9167320261437909,zhen,15
cvx,246,0.9206535947712419,zhen,15
cvx,367,0.8845098039215686,zhen,15
cvx,548,0.8880392156862745,zhen,15
cvx,819,0.9081045751633987,zhen,15
cvx,1222,0.9196078431372549,zhen,15
cvx,1825,0.9128104575163398,zhen,15
human,10,0.8955555555555555,zhen,15
human,14,0.9133333333333333,zhen,15
human,22,0.8966666666666666,zhen,15
human,33,0.8955555555555555,zhen,15
human,49,0.8955555555555555,zhen,15
human,74,0.8977777777777778,zhen,15
human,110,0.8988888888888888,zhen,15
human,165,0.9111111111111111,zhen,15
human,246,0.9244444444444444,zhen,15
human,367,0.88,zhen,15
human,548,0.8922222222222222,zhen,15
human,819,0.9033333333333333,zhen,15
human,1222,0.9122222222222223,zhen,15
human,1825,1.0,zhen,15
cvl,10,0.8796078431372549,zhen,23
cvl,14,0.9208333333333333,zhen,23
cvl,22,0.9002205882352942,zhen,23
cvl,33,0.8741421568627451,zhen,23
cvl,49,0.8974509803921569,zhen,23
cvl,74,0.9049264705882353,zhen,23
cvl,110,0.9056127450980392,zhen,23
cvl,165,0.8870098039215686,zhen,23
cvl,246,0.902843137254902,zhen,23
cvl,367,0.8765441176470589,zhen,23
cvl,548,0.8886274509803922,zhen,23
cvl,819,0.9206127450980393,zhen,23
cvl,1222,0.8755147058823529,zhen,23
cvl,1825,0.8870588235294118,zhen,23
cvo,10,0.8771078431372549,zhen,23
cvo,14,0.9184803921568627,zhen,23
cvo,22,0.8988235294117647,zhen,23
cvo,33,0.8719117647058824,zhen,23
cvo,49,0.9067647058823529,zhen,23
cvo,74,0.9093627450980392,zhen,23
cvo,110,0.9079411764705883,zhen,23
cvo,165,0.8898529411764706,zhen,23
cvo,246,0.9146078431372549,zhen,23
cvo,367,0.8822549019607843,zhen,23
cvo,548,0.8924509803921569,zhen,23
cvo,819,0.918186274509804,zhen,23
cvo,1222,0.8688235294117647,zhen,23
cvo,1825,0.9040196078431373,zhen,23
cvq,10,0.8803921568627451,zhen,23
cvq,14,0.9209477124183006,zhen,23
cvq,22,0.897124183006536,zhen,23
cvq,33,0.868202614379085,zhen,23
cvq,49,0.8946078431372549,zhen,23
cvq,74,0.9063071895424837,zhen,23
cvq,110,0.902843137254902,zhen,23
cvq,165,0.8901633986928105,zhen,23
cvq,246,0.9044117647058824,zhen,23
cvq,367,0.8754248366013072,zhen,23
cvq,548,0.8899019607843137,zhen,23
cvq,819,0.922124183006536,zhen,23
cvq,1222,0.8704575163398692,zhen,23
cvq,1825,0.8720261437908496,zhen,23
cvr,10,0.859967320261438,zhen,23
cvr,14,0.9075490196078432,zhen,23
cvr,22,0.8939869281045751,zhen,23
cvr,33,0.8653267973856209,zhen,23
cvr,49,0.8918627450980392,zhen,23
cvr,74,0.905032679738562,zhen,23
cvr,110,0.9009477124183006,zhen,23
cvr,165,0.890032679738562,zhen,23
cvr,246,0.9042156862745098,zhen,23
cvr,367,0.8757516339869281,zhen,23
cvr,548,0.8899673202614379,zhen,23
cvr,819,0.9220588235294118,zhen,23
cvr,1222,0.8704248366013072,zhen,23
cvr,1825,0.8720261437908496,zhen,23
cvu,10,0.8826470588235295,zhen,23
cvu,14,0.9233660130718955,zhen,23
cvu,22,0.8989542483660131,zhen,23
cvu,33,0.8695098039215686,zhen,23
cvu,49,0.8970261437908497,zhen,23
cvu,74,0.9077450980392157,zhen,23
cvu,110,0.904607843137255,zhen,23
cvu,165,0.8908823529411765,zhen,23
cvu,246,0.9054575163398693,zhen,23
cvu,367,0.8767647058823529,zhen,23
cvu,548,0.8891503267973856,zhen,23
cvu,819,0.9224183006535948,zhen,23
cvu,1222,0.8711111111111111,zhen,23
cvu,1825,0.8756209150326797,zhen,23
cvx,10,0.8843464052287582,zhen,23
cvx,14,0.9178104575163398,zhen,23
cvx,22,0.9004575163398693,zhen,23
cvx,33,0.8720261437908496,zhen,23
cvx,49,0.8954248366013072,zhen,23
cvx,74,0.9066013071895425,zhen,23
cvx,110,0.902156862745098,zhen,23
cvx,165,0.8912745098039215,zhen,23
cvx,246,0.9053267973856209,zhen,23
cvx,367,0.8762745098039215,zhen,23
cvx,548,0.8892483660130719,zhen,23
cvx,819,0.9223202614379085,zhen,23
cvx,1222,0.8711764705882353,zhen,23
cvx,1825,0.8756209150326797,zhen,23
human,10,0.8844444444444445,zhen,23
human,14,0.9144444444444444,zhen,23
human,22,0.9022222222222223,zhen,23
human,33,0.8733333333333333,zhen,23
human,49,0.8966666666666666,zhen,23
human,74,0.9111111111111111,zhen,23
human,110,0.9055555555555556,zhen,23
human,165,0.8922222222222222,zhen,23
human,246,0.9122222222222223,zhen,23
human,367,0.8755555555555555,zhen,23
human,548,0.89,zhen,23
human,819,0.9288888888888889,zhen,23
human,1222,0.8711111111111111,zhen,23
human,1825,1.0,zhen,23
cvl,10,0.8657598039215686,zhen,24
cvl,14,0.896936274509804,zhen,24
cvl,22,0.8789460784313725,zhen,24
cvl,33,0.8873529411764706,zhen,24
cvl,49,0.8978921568627451,zhen,24
cvl,74,0.8625735294117647,zhen,24
cvl,110,0.9071323529411764,zhen,24
cvl,165,0.891421568627451,zhen,24
cvl,246,0.9166666666666666,zhen,24
cvl,367,0.8936764705882353,zhen,24
cvl,548,0.8904901960784314,zhen,24
cvl,819,0.8921568627450981,zhen,24
cvl,1222,0.8798284313725491,zhen,24
cvl,1825,0.8758823529411764,zhen,24
cvo,10,0.8679411764705882,zhen,24
cvo,14,0.8954901960784314,zhen,24
cvo,22,0.8777941176470588,zhen,24
cvo,33,0.8948039215686274,zhen,24
cvo,49,0.8972058823529412,zhen,24
cvo,74,0.8616666666666667,zhen,24
cvo,110,0.9109803921568628,zhen,24
cvo,165,0.8966666666666666,zhen,24
cvo,246,0.9203431372549019,zhen,24
cvo,367,0.8910294117647058,zhen,24
cvo,548,0.8916176470588235,zhen,24
cvo,819,0.9014215686274509,zhen,24
cvo,1222,0.8800980392156863,zhen,24
cvo,1825,0.898921568627451,zhen,24
cvq,10,0.8637581699346405,zhen,24
cvq,14,0.8974509803921569,zhen,24
cvq,22,0.8795098039215686,zhen,24
cvq,33,0.8864705882352941,zhen,24
cvq,49,0.8973856209150327,zhen,24
cvq,74,0.8576470588235294,zhen,24
cvq,110,0.9093464052287582,zhen,24
cvq,165,0.8945424836601307,zhen,24
cvq,246,0.9208169934640523,zhen,24
cvq,367,0.8936928104575164,zhen,24
cvq,548,0.892124183006536,zhen,24
cvq,819,0.8908169934640523,zhen,24
cvq,1222,0.8752287581699346,zhen,24
cvq,1825,0.8652287581699346,zhen,24
cvr,10,0.8434640522875817,zhen,24
cvr,14,0.883235294117647,zhen,24
cvr,22,0.8686928104575163,zhen,24
cvr,33,0.8836601307189542,zhen,24
cvr,49,0.8962745098039215,zhen,24
cvr,74,0.8553921568627451,zhen,24
cvr,110,0.909640522875817,zhen,24
cvr,165,0.895032679738562,zhen,24
cvr,246,0.9208823529411765,zhen,24
cvr,367,0.8939542483660131,zhen,24
cvr,548,0.892124183006536,zhen,24
cvr,819,0.8907843137254902,zhen,24
cvr,1222,0.8752941176470588,zhen,24
cvr,1825,0.8652287581699346,zhen,24
cvu,10,0.865686274509804,zhen,24
cvu,14,0.9002941176470588,zhen,24
cvu,22,0.8809803921568627,zhen,24
cvu,33,0.8880718954248366,zhen,24
cvu,49,0.8988235294117647,zhen,24
cvu,74,0.8599019607843137,zhen,24
cvu,110,0.9111437908496732,zhen,24
cvu,165,0.8935620915032679,zhen,24
cvu,246,0.9209150326797385,zhen,24
cvu,367,0.8937908496732027,zhen,24
cvu,548,0.891797385620915,zhen,24
cvu,819,0.8916013071895424,zhen,24
cvu,1222,0.8764705882352941,zhen,24
cvu,1825,0.869281045751634,zhen,24
cvx,10,0.8589869281045751,zhen,24
cvx,14,0.8918954248366013,zhen,24
cvx,22,0.8773202614379085,zhen,24
cvx,33,0.8875816993464052,zhen,24
cvx,49,0.8991503267973856,zhen,24
cvx,74,0.8599019607843137,zhen,24
cvx,110,0.9131045751633987,zhen,24
cvx,165,0.8942483660130719,zhen,24
cvx,246,0.9213725490196079,zhen,24
cvx,367,0.8943464052287582,zhen,24
cvx,548,0.8923202614379085,zhen,24
cvx,819,0.891437908496732,zhen,24
cvx,1222,0.8762418300653595,zhen,24
cvx,1825,0.869281045751634,zhen,24
human,10,0.8588888888888889,zhen,24
human,14,0.9,zhen,24
human,22,0.8766666666666667,zhen,24
human,33,0.8933333333333333,zhen,24
human,49,0.8988888888888888,zhen,24
human,74,0.8566666666666667,zhen,24
human,110,0.9155555555555556,zhen,24
human,165,0.8966666666666666,zhen,24
human,246,0.9233333333333333,zhen,24
human,367,0.8944444444444445,zhen,24
human,548,0.89,zhen,24
human,819,0.8888888888888888,zhen,24
human,1222,0.8722222222222222,zhen,24
human,1825,1.0,zhen,24
cvl,10,0.8628676470588236,zhen,25
cvl,14,0.8827450980392156,zhen,25
cvl,22,0.9071323529411764,zhen,25
cvl,33,0.9046813725490196,zhen,25
cvl,49,0.8912745098039215,zhen,25
cvl,74,0.9036764705882353,zhen,25
cvl,110,0.9183088235294118,zhen,25
cvl,165,0.8791421568627451,zhen,25
cvl,246,0.9102696078431373,zhen,25
cvl,367,0.9161274509803922,zhen,25
cvl,548,0.9085294117647059,zhen,25
cvl,819,0.9091666666666667,zhen,25
cvl,1222,0.920514705882353,zhen,25
cvl,1825,0.8811029411764706,zhen,25
cvo,10,0.8575,zhen,25
cvo,14,0.8795098039215686,zhen,25
cvo,22,0.9059313725490196,zhen,25
cvo,33,0.9024509803921569,zhen,25
cvo,49,0.8915196078431372,zhen,25
cvo,74,0.904607843137255,zhen,25
cvo,110,0.9191176470588235,zhen,25
cvo,165,0.8860294117647058,zhen,25
cvo,246,0.9143627450980392,zhen,25
cvo,367,0.9181372549019607,zhen,25
cvo,548,0.9125,zhen,25
cvo,819,0.9097058823529411,zhen,25
cvo,1222,0.9278921568627451,zhen,25
cvo,1825,0.9115686274509804,zhen,25
cvq,10,0.8593790849673203,zhen,25
cvq,14,0.8772875816993464,zhen,25
cvq,22,0.9055228758169934,zhen,25
cvq,33,0.9029738562091503,zhen,25
cvq,49,0.8908169934640523,zhen,25
cvq,74,0.9012745098039215,zhen,25
cvq,110,0.9214705882352942,zhen,25
cvq,165,0.8745098039215686,zhen,25
cvq,246,0.9137908496732026,zhen,25
cvq,367,0.9206209150326797,zhen,25
cvq,548,0.9100326797385621,zhen,25
cvq,819,0.9094117647058824,zhen,25
cvq,1222,0.9296732026143791,zhen,25
cvq,1825,0.8820915032679738,zhen,25
cvr,10,0.8389542483660131,zhen,25
cvr,14,0.8608823529411764,zhen,25
cvr,22,0.9007843137254902,zhen,25
cvr,33,0.9010784313725491,zhen,25
cvr,49,0.8894444444444445,zhen,25
cvr,74,0.9013071895424837,zhen,25
cvr,110,0.9209477124183006,zhen,25
cvr,165,0.8755228758169935,zhen,25
cvr,246,0.9136928104575164,zhen,25
cvr,367,0.9204248366013071,zhen,25
cvr,548,0.9104901960784314,zhen,25
cvr,819,0.9094117647058824,zhen,25
cvr,1222,0.9297385620915033,zhen,25
cvr,1825,0.8820915032679738,zhen,25
cvu,10,0.8609150326797386,zhen,25
cvu,14,0.8786928104575163,zhen,25
cvu,22,0.907156862745098,zhen,25
cvu,33,0.9048366013071896,zhen,25
cvu,49,0.8911437908496732,zhen,25
cvu,74,0.9016339869281046,zhen,25
cvu,110,0.9208496732026143,zhen,25
cvu,165,0.8754248366013072,zhen,25
cvu,246,0.913202614379085,zhen,25
cvu,367,0.920359477124183,zhen,25
cvu,548,0.9112745098039216,zhen,25
cvu,819,0.9098692810457516,zhen,25
cvu,1222,0.9295424836601307,zhen,25
cvu,1825,0.880718954248366,zhen,25
cvx,10,0.8569934640522876,zhen,25
cvx,14,0.8713398692810458,zhen,25
cvx,22,0.9099673202614379,zhen,25
cvx,33,0.9077777777777778,zhen,25
cvx,49,0.8912091503267974,zhen,25
cvx,74,0.9019934640522875,zhen,25
cvx,110,0.9195424836601307,zhen,25
cvx,165,0.8771895424836601,zhen,25
cvx,246,0.9129411764705883,zhen,25
cvx,367,0.9202941176470588,zhen,25
cvx,548,0.9120588235294118,zhen,25
cvx,819,0.9101633986928105,zhen,25
cvx,1222,0.9296732026143791,zhen,25
cvx,1825,0.880718954248366,zhen,25
human,10,0.8611111111111112,zhen,25
human,14,0.88,zhen,25
human,22,0.9088888888888889,zhen,25
human,33,0.9044444444444445,zhen,25
human,49,0.8933333333333333,zhen,25
human,74,0.9022222222222223,zhen,25
human,110,0.9244444444444444,zhen,25
human,165,0.87,zhen,25
human,246,0.9122222222222223,zhen,25
human,367,0.9166666666666666,zhen,25
human,548,0.9077777777777778,zhen,25
human,819,0.9088888888888889,zhen,25
human,1222,0.9277777777777778,zhen,25
human,1825,1.0,zhen,25
cvl,10,0.8923774509803921,zhen,34
cvl,14,0.8846078431372549,zhen,34
cvl,22,0.897843137254902,zhen,34
cvl,33,0.8940196078431373,zhen,34
cvl,49,0.9000490196078431,zhen,34
cvl,74,0.8856372549019608,zhen,34
cvl,110,0.8795098039215686,zhen,34
cvl,165,0.9123039215686275,zhen,34
cvl,246,0.9032107843137255,zhen,34
cvl,367,0.8804901960784314,zhen,34
cvl,548,0.8959803921568628,zhen,34
cvl,819,0.9179656862745098,zhen,34
cvl,1222,0.8953186274509803,zhen,34
cvl,1825,0.8872058823529412,zhen,34
cvo,10,0.8932843137254902,zhen,34
cvo,14,0.8867156862745098,zhen,34
cvo,22,0.897843137254902,zhen,34
cvo,33,0.8969607843137255,zhen,34
cvo,49,0.8962254901960784,zhen,34
cvo,74,0.8827941176470588,zhen,34
cvo,110,0.8855392156862745,zhen,34
cvo,165,0.9155882352941176,zhen,34
cvo,246,0.8972058823529412,zhen,34
cvo,367,0.8857352941176471,zhen,34
cvo,548,0.8918137254901961,zhen,34
cvo,819,0.9250490196078431,zhen,34
cvo,1222,0.8895588235294117,zhen,34
cvo,1825,0.9016176470588235,zhen,34
cvq,10,0.8891503267973856,zhen,34
cvq,14,0.8785294117647059,zhen,34
cvq,22,0.8976797385620915,zhen,34
cvq,33,0.8919934640522876,zhen,34
cvq,49,0.8965032679738562,zhen,34
cvq,74,0.8784967320261438,zhen,34
cvq,110,0.88,zhen,34
cvq,165,0.9102941176470588,zhen,34
cvq,246,0.8994117647058824,zhen,34
cvq,367,0.8794444444444445,zhen,34
cvq,548,0.8920261437908497,zhen,34
cvq,819,0.9155882352941176,zhen,34
cvq,1222,0.8911437908496732,zhen,34
cvq,1825,0.8688235294117647,zhen,34
cvr,10,0.8677777777777778,zhen,34
cvr,14,0.8608169934640523,zhen,34
cvr,22,0.894640522875817,zhen,34
cvr,33,0.887516339869281,zhen,34
cvr,49,0.8934640522875817,zhen,34
cvr,74,0.8760457516339869,zhen,34
cvr,110,0.8777124183006536,zhen,34
cvr,165,0.909607843137255,zhen,34
cvr,246,0.8992156862745098,zhen,34
cvr,367,0.879313725490196,zhen,34
cvr,548,0.8919607843137255,zhen,34
cvr,819,0.9156862745098039,zhen,34
cvr,1222,0.8909477124183006,zhen,34
cvr,1825,0.8688235294117647,zhen,34
cvu,10,0.8906535947712418,zhen,34
cvu,14,0.8803921568627451,zhen,34
cvu,22,0.8979084967320261,zhen,34
cvu,33,0.8928431372549019,zhen,34
cvu,49,0.898921568627451,zhen,34
cvu,74,0.880718954248366,zhen,34
cvu,110,0.8815686274509804,zhen,34
cvu,165,0.91140522875817,zhen,34
cvu,246,0.8992483660130719,zhen,34
cvu,367,0.8791830065359477,zhen,34
cvu,548,0.8919281045751634,zhen,34
cvu,819,0.9176797385620915,zhen,34
cvu,1222,0.89140522875817,zhen,34
cvu,1825,0.871437908496732,zhen,34
cvx,10,0.8838888888888888,zhen,34
cvx,14,0.874313725490196,zhen,34
cvx,22,0.8979738562091504,zhen,34
cvx,33,0.8941830065359477,zhen,34
cvx,49,0.8984640522875817,zhen,34
cvx,74,0.8801307189542483,zhen,34
cvx,110,0.8820261437908496,zhen,34
cvx,165,0.9094444444444445,zhen,34
cvx,246,0.8988235294117647,zhen,34
cvx,367,0.879640522875817,zhen,34
cvx,548,0.8916013071895424,zhen,34
cvx,819,0.9173856209150327,zhen,34
cvx,1222,0.8913071895424837,zhen,34
cvx,1825,0.871437908496732,zhen,34
human,10,0.8844444444444445,zhen,34
human,14,0.8711111111111111,zhen,34
human,22,0.9066666666666666,zhen,34
human,33,0.8933333333333333,zhen,34
human,49,0.8955555555555555,zhen,34
human,74,0.8777777777777778,zhen,34
human,110,0.8755555555555555,zhen,34
human,165,0.9111111111111111,zhen,34
human,246,0.9033333333333333,zhen,34
human,367,0.8811111111111111,zhen,34
human,548,0.89,zhen,34
human,819,0.9188888888888889,zhen,34
human,1222,0.8933333333333333,zhen,34
human,1825,1.0,zhen,34
cvl,10,0.8582107843137254,zhen,35
cvl,14,0.8895098039215686,zhen,35
cvl,22,0.9335049019607843,zhen,35
cvl,33,0.8799019607843137,zhen,35
cvl,49,0.8942156862745098,zhen,35
cvl,74,0.8985294117647059,zhen,35
cvl,110,0.8966176470588235,zhen,35
cvl,165,0.895,zhen,35
cvl,246,0.8920588235294118,zhen,35
cvl,367,0.8917892156862746,zhen,35
cvl,548,0.8886519607843137,zhen,35
cvl,819,0.9124019607843137,zhen,35
cvl,1222,0.9020833333333333,zhen,35
cvl,1825,0.8824264705882353,zhen,35
cvo,10,0.8624509803921568,zhen,35
cvo,14,0.8888725490196079,zhen,35
cvo,22,0.9359313725490196,zhen,35
cvo,33,0.8801960784313726,zhen,35
cvo,49,0.8940686274509804,zhen,35
cvo,74,0.894264705882353,zhen,35
cvo,110,0.8944117647058824,zhen,35
cvo,165,0.9004411764705882,zhen,35
cvo,246,0.8908333333333334,zhen,35
cvo,367,0.8925980392156863,zhen,35
cvo,548,0.8874019607843138,zhen,35
cvo,819,0.9088235294117647,zhen,35
cvo,1222,0.9076960784313726,zhen,35
cvo,1825,0.9036764705882353,zhen,35
cvq,10,0.856797385620915,zhen,35
cvq,14,0.8848366013071896,zhen,35
cvq,22,0.9343464052287581,zhen,35
cvq,33,0.8768300653594772,zhen,35
cvq,49,0.8918300653594772,zhen,35
cvq,74,0.8973529411764706,zhen,35
cvq,110,0.8983660130718955,zhen,35
cvq,165,0.897124183006536,zhen,35
cvq,246,0.8934640522875817,zhen,35
cvq,367,0.8950653594771242,zhen,35
cvq,548,0.890686274509804,zhen,35
cvq,819,0.912843137254902,zhen,35
cvq,1222,0.9008169934640523,zhen,35
cvq,1825,0.8715686274509804,zhen,35
cvr,10,0.8366013071895425,zhen,35
cvr,14,0.8773529411764706,zhen,35
cvr,22,0.9283660130718955,zhen,35
cvr,33,0.874313725490196,zhen,35
cvr,49,0.8868954248366013,zhen,35
cvr,74,0.896797385620915,zhen,35
cvr,110,0.8980392156862745,zhen,35
cvr,165,0.8975490196078432,zhen,35
cvr,246,0.8930392156862745,zhen,35
cvr,367,0.8950653594771242,zhen,35
cvr,548,0.890359477124183,zhen,35
cvr,819,0.9128104575163398,zhen,35
cvr,1222,0.9008823529411765,zhen,35
cvr,1825,0.8715686274509804,zhen,35
cvu,10,0.8584967320261437,zhen,35
cvu,14,0.8854248366013072,zhen,35
cvu,22,0.935718954248366,zhen,35
cvu,33,0.8771241830065359,zhen,35
cvu,49,0.894313725490196,zhen,35
cvu,74,0.8970915032679738,zhen,35
cvu,110,0.8978104575163399,zhen,35
cvu,165,0.8983986928104575,zhen,35
cvu,246,0.8944117647058824,zhen,35
cvu,367,0.8956209150326797,zhen,35
cvu,548,0.8913398692810458,zhen,35
cvu,819,0.9133986928104575,zhen,35
cvu,1222,0.9010784313725491,zhen,35
cvu,1825,0.8772549019607843,zhen,35
cvx,10,0.8533660130718954,zhen,35
cvx,14,0.8859477124183006,zhen,35
cvx,22,0.9326797385620915,zhen,35
cvx,33,0.8773856209150327,zhen,35
cvx,49,0.888202614379085,zhen,35
cvx,74,0.8965359477124183,zhen,35
cvx,110,0.8961764705882352,zhen,35
cvx,165,0.8999019607843137,zhen,35
cvx,246,0.894281045751634,zhen,35
cvx,367,0.8956862745098039,zhen,35
cvx,548,0.8913071895424837,zhen,35
cvx,819,0.9134640522875817,zhen,35
cvx,1222,0.90140522875817,zhen,35
cvx,1825,0.8772549019607843,zhen,35
human,10,0.8555555555555555,zhen,35
human,14,0.8866666666666667,zhen,35
human,22,0.9344444444444444,zhen,35
human,33,0.8777777777777778,zhen,35
human,49,0.8933333333333333,zhen,35
human,74,0.9044444444444445,zhen,35
human,110,0.9022222222222223,zhen,35
human,165,0.9,zhen,35
human,246,0.8866666666666667,zhen,35
human,367,0.8988888888888888,zhen,35
human,548,0.8888888888888888,zhen,35
human,819,0.9133333333333333,zhen,35
human,1222,0.9033333333333333,zhen,35
human,1825,1.0,zhen,35
cvl,10,0.8765441176470589,zhen,45
cvl,14,0.8947794117647059,zhen,45
cvl,22,0.9007107843137255,zhen,45
cvl,33,0.8762254901960784,zhen,45
cvl,49,0.9179411764705883,zhen,45
cvl,74,0.9137745098039216,zhen,45
cvl,110,0.8875980392156863,zhen,45
cvl,165,0.9063970588235294,zhen,45
cvl,246,0.9043872549019608,zhen,45
cvl,367,0.8906127450980392,zhen,45
cvl,548,0.8854411764705883,zhen,45
cvl,819,0.8987990196078431,zhen,45
cvl,1222,0.9020833333333333,zhen,45
cvl,1825,0.8872058823529412,zhen,45
cvo,10,0.8760294117647058,zhen,45
cvo,14,0.8954411764705882,zhen,45
cvo,22,0.9006862745098039,zhen,45
cvo,33,0.8754411764705883,zhen,45
cvo,49,0.9165196078431372,zhen,45
cvo,74,0.9101470588235294,zhen,45
cvo,110,0.8866666666666667,zhen,45
cvo,165,0.9142156862745098,zhen,45
cvo,246,0.9067647058823529,zhen,45
cvo,367,0.8850980392156863,zhen,45
cvo,548,0.883578431372549,zhen,45
cvo,819,0.8998039215686274,zhen,45
cvo,1222,0.9019117647058823,zhen,45
cvo,1825,0.9116176470588235,zhen,45
cvq,10,0.8706209150326797,zhen,45
cvq,14,0.8943790849673202,zhen,45
cvq,22,0.9026797385620915,zhen,45
cvq,33,0.8683333333333333,zhen,45
cvq,49,0.9168954248366014,zhen,45
cvq,74,0.9126143790849673,zhen,45
cvq,110,0.8870261437908497,zhen,45
cvq,165,0.9115359477124183,zhen,45
cvq,246,0.9071895424836601,zhen,45
cvq,367,0.8883660130718954,zhen,45
cvq,548,0.8836274509803922,zhen,45
cvq,819,0.9011764705882352,zhen,45
cvq,1222,0.9014705882352941,zhen,45
cvq,1825,0.8821568627450981,zhen,45
cvr,10,0.8461437908496732,zhen,45
cvr,14,0.8781372549019608,zhen,45
cvr,22,0.8982679738562092,zhen,45
cvr,33,0.865686274509804,zhen,45
cvr,49,0.9133660130718955,zhen,45
cvr,74,0.9110784313725491,zhen,45
cvr,110,0.8854575163398692,zhen,45
cvr,165,0.9109150326797386,zhen,45
cvr,246,0.9069934640522875,zhen,45
cvr,367,0.8881699346405229,zhen,45
cvr,548,0.8833660130718954,zhen,45
cvr,819,0.9014705882352941,zhen,45
cvr,1222,0.9018627450980392,zhen,45
cvr,1825,0.8821568627450981,zhen,45
cvu,10,0.8746078431372549,zhen,45
cvu,14,0.8952287581699346,zhen,45
cvu,22,0.9030718954248366,zhen,45
cvu,33,0.8710130718954249,zhen,45
cvu,49,0.9197712418300653,zhen,45
cvu,74,0.915,zhen,45
cvu,110,0.8881045751633987,zhen,45
cvu,165,0.9118954248366014,zhen,45
cvu,246,0.9061111111111111,zhen,45
cvu,367,0.8891503267973856,zhen,45
cvu,548,0.8833660130718954,zhen,45
cvu,819,0.9006535947712418,zhen,45
cvu,1222,0.901797385620915,zhen,45
cvu,1825,0.8817647058823529,zhen,45
cvx,10,0.8715359477124183,zhen,45
cvx,14,0.8916339869281046,zhen,45
cvx,22,0.9020915032679738,zhen,45
cvx,33,0.8700653594771242,zhen,45
cvx,49,0.9176143790849673,zhen,45
cvx,74,0.9148366013071896,zhen,45
cvx,110,0.886078431372549,zhen,45
cvx,165,0.91140522875817,zhen,45
cvx,246,0.9061764705882352,zhen,45
cvx,367,0.8897385620915033,zhen,45
cvx,548,0.8838235294117647,zhen,45
cvx,819,0.9011111111111111,zhen,45
cvx,1222,0.9019934640522875,zhen,45
cvx,1825,0.8817647058823529,zhen,45
human,10,0.8677777777777778,zhen,45
human,14,0.8922222222222222,zhen,45
human,22,0.9044444444444445,zhen,45
human,33,0.8622222222222222,zhen,45
human,49,0.9188888888888889,zhen,45
human,74,0.9166666666666666,zhen,45
human,110,0.8955555555555555,zhen,45
human,165,0.9122222222222223,zhen,45
human,246,0.9044444444444445,zhen,45
human,367,0.89,zhen,45
human,548,0.8811111111111111,zhen,45
human,819,0.9022222222222223,zhen,45
human,1222,0.8988888888888888,zhen,45
human,1825,1.0,zhen,45
