lp,pair,eps,design,mode,cover
ende,01,0.01,uniform,human,0.92
ende,01,0.01,dedup,human,0.9215
ende,01,0.01,weighted,human,0.9155
ende,01,0.01,dedup_cvl:mtme_BERTScore-refA,cvl,0.917
ende,01,0.01,dedup_cvq:mtme_BERTScore-refA,cvq,0.9185
ende,01,0.01,dedup_cvu:mtme_BERTScore-refA,cvu,0.918
ende,01,0.01,weighted_cvl:mtme_BERTScore-refA,cvl,0.922
ende,01,0.01,weighted_cvq:mtme_BERTScore-refA,cvq,0.919
ende,01,0.01,weighted_cvu:mtme_BERTScore-refA,cvu,0.921
ende,01,0.01,dedup_cvl:mtme_BLEU-refA,cvl,0.918
ende,01,0.01,dedup_cvq:mtme_BLEU-refA,cvq,0.917
ende,01,0.01,dedup_cvu:mtme_BLEU-refA,cvu,0.9195
ende,01,0.01,weighted_cvl:mtme_BLEU-refA,cvl,0.919
ende,01,0.01,weighted_cvq:mtme_BLEU-refA,cvq,0.9175
ende,01,0.01,weighted_cvu:mtme_BLEU-refA,cvu,0.9205
ende,01,0.01,dedup_cvl:mtme_BLEURT-20-refA,cvl,0.8945
ende,01,0.01,dedup_cvq:mtme_BLEURT-20-refA,cvq,0.8935
ende,01,0.01,dedup_cvu:mtme_BLEURT-20-refA,cvu,0.897
ende,01,0.01,weighted_cvl:mtme_BLEURT-20-refA,cvl,0.9025
ende,01,0.01,weighted_cvq:mtme_BLEURT-20-refA,cvq,0.8985
ende,01,0.01,weighted_cvu:mtme_BLEURT-20-refA,cvu,0.9015
ende,01,0.01,dedup_cvl:mtme_COMET-20-refA,cvl,0.904
ende,01,0.01,dedup_cvq:mtme_COMET-20-refA,cvq,0.9
ende,01,0.01,dedup_cvu:mtme_COMET-20-refA,cvu,0.903
ende,01,0.01,weighted_cvl:mtme_COMET-20-refA,cvl,0.9105
ende,01,0.01,weighted_cvq:mtme_COMET-20-refA,cvq,0.9055
ende,01,0.01,weighted_cvu:mtme_COMET-20-refA,cvu,0.9065
ende,01,0.01,dedup_cvl:mtme_COMET-22-refA,cvl,0.892
ende,01,0.01,dedup_cvq:mtme_COMET-22-refA,cvq,0.8895
ende,01,0.01,dedup_cvu:mtme_COMET-22-refA,cvu,0.8925
ende,01,0.01,weighted_cvl:mtme_COMET-22-refA,cvl,0.89
ende,01,0.01,weighted_cvq:mtme_COMET-22-refA,cvq,0.8905
ende,01,0.01,weighted_cvu:mtme_COMET-22-refA,cvu,0.8925
ende,01,0.01,dedup_cvl:mtme_COMET-QE-src,cvl,0.909
ende,01,0.01,dedup_cvq:mtme_COMET-QE-src,cvq,0.911
ende,01,0.01,dedup_cvu:mtme_COMET-QE-src,cvu,0.91
ende,01,0.01,weighted_cvl:mtme_COMET-QE-src,cvl,0.8945
ende,01,0.01,weighted_cvq:mtme_COMET-QE-src,cvq,0.895
ende,01,0.01,weighted_cvu:mtme_COMET-QE-src,cvu,0.896
ende,01,0.01,dedup_cvl:mtme_COMETKiwi-src,cvl,0.9115
ende,01,0.01,dedup_cvq:mtme_COMETKiwi-src,cvq,0.9085
ende,01,0.01,dedup_cvu:mtme_COMETKiwi-src,cvu,0.909
ende,01,0.01,weighted_cvl:mtme_COMETKiwi-src,cvl,0.9095
ende,01,0.01,weighted_cvq:mtme_COMETKiwi-src,cvq,0.909
ende,01,0.01,weighted_cvu:mtme_COMETKiwi-src,cvu,0.91
ende,01,0.01,dedup_cvl:mtme_Cross-QE-src,cvl,0.9025
ende,01,0.01,dedup_cvq:mtme_Cross-QE-src,cvq,0.9045
ende,01,0.01,dedup_cvu:mtme_Cross-QE-src,cvu,0.902
ende,01,0.01,weighted_cvl:mtme_Cross-QE-src,cvl,0.91
ende,01,0.01,weighted_cvq:mtme_Cross-QE-src,cvq,0.91
ende,01,0.01,weighted_cvu:mtme_Cross-QE-src,cvu,0.907
ende,01,0.01,dedup_cvl:mtme_HWTSC-TLM-src,cvl,0.913
ende,01,0.01,dedup_cvq:mtme_HWTSC-TLM-src,cvq,0.9125
ende,01,0.01,dedup_cvu:mtme_HWTSC-TLM-src,cvu,0.913
ende,01,0.01,weighted_cvl:mtme_HWTSC-TLM-src,cvl,0.9115
ende,01,0.01,weighted_cvq:mtme_HWTSC-TLM-src,cvq,0.911
ende,01,0.01,weighted_cvu:mtme_HWTSC-TLM-src,cvu,0.911
ende,01,0.01,dedup_cvl:mtme_HWTSC-Teacher-Sim-src,cvl,0.908
ende,01,0.01,dedup_cvq:mtme_HWTSC-Teacher-Sim-src,cvq,0.908
ende,01,0.01,dedup_cvu:mtme_HWTSC-Teacher-Sim-src,cvu,0.9095
ende,01,0.01,weighted_cvl:mtme_HWTSC-Teacher-Sim-src,cvl,0.918
ende,01,0.01,weighted_cvq:mtme_HWTSC-Teacher-Sim-src,cvq,0.9195
ende,01,0.01,weighted_cvu:mtme_HWTSC-Teacher-Sim-src,cvu,0.9195
ende,01,0.01,dedup_cvl:mtme_KG-BERTScore-src,cvl,0.9145
ende,01,0.01,dedup_cvq:mtme_KG-BERTScore-src,cvq,0.9125
ende,01,0.01,dedup_cvu:mtme_KG-BERTScore-src,cvu,0.9155
ende,01,0.01,weighted_cvl:mtme_KG-BERTScore-src,cvl,0.918
ende,01,0.01,weighted_cvq:mtme_KG-BERTScore-src,cvq,0.918
ende,01,0.01,weighted_cvu:mtme_KG-BERTScore-src,cvu,0.92
ende,01,0.01,dedup_cvl:mtme_MATESE-QE-src,cvl,0.926
ende,01,0.01,dedup_cvq:mtme_MATESE-QE-src,cvq,0.9235
ende,01,0.01,dedup_cvu:mtme_MATESE-QE-src,cvu,0.9245
ende,01,0.01,weighted_cvl:mtme_MATESE-QE-src,cvl,0.923
ende,01,0.01,weighted_cvq:mtme_MATESE-QE-src,cvq,0.9245
ende,01,0.01,weighted_cvu:mtme_MATESE-QE-src,cvu,0.9235
ende,01,0.01,dedup_cvl:mtme_MATESE-refA,cvl,0.914
ende,01,0.01,dedup_cvq:mtme_MATESE-refA,cvq,0.9145
ende,01,0.01,dedup_cvu:mtme_MATESE-refA,cvu,0.914
ende,01,0.01,weighted_cvl:mtme_MATESE-refA,cvl,0.9185
ende,01,0.01,weighted_cvq:mtme_MATESE-refA,cvq,0.9185
ende,01,0.01,weighted_cvu:mtme_MATESE-refA,cvu,0.9175
ende,01,0.01,dedup_cvl:mtme_MEE-refA,cvl,0.918
ende,01,0.01,dedup_cvq:mtme_MEE-refA,cvq,0.9175
ende,01,0.01,dedup_cvu:mtme_MEE-refA,cvu,0.917
ende,01,0.01,weighted_cvl:mtme_MEE-refA,cvl,0.919
ende,01,0.01,weighted_cvq:mtme_MEE-refA,cvq,0.919
ende,01,0.01,weighted_cvu:mtme_MEE-refA,cvu,0.9205
ende,01,0.01,dedup_cvl:mtme_MEE2-refA,cvl,0.9185
ende,01,0.01,dedup_cvq:mtme_MEE2-refA,cvq,0.918
ende,01,0.01,dedup_cvu:mtme_MEE2-refA,cvu,0.917
ende,01,0.01,weighted_cvl:mtme_MEE2-refA,cvl,0.9145
ende,01,0.01,weighted_cvq:mtme_MEE2-refA,cvq,0.9155
ende,01,0.01,weighted_cvu:mtme_MEE2-refA,cvu,0.9175
ende,01,0.01,dedup_cvl:mtme_MEE4-refA,cvl,0.9205
ende,01,0.01,dedup_cvq:mtme_MEE4-refA,cvq,0.9175
ende,01,0.01,dedup_cvu:mtme_MEE4-refA,cvu,0.917
ende,01,0.01,weighted_cvl:mtme_MEE4-refA,cvl,0.9135
ende,01,0.01,weighted_cvq:mtme_MEE4-refA,cvq,0.914
ende,01,0.01,weighted_cvu:mtme_MEE4-refA,cvu,0.9165
ende,01,0.01,dedup_cvl:mtme_MS-COMET-22-refA,cvl,0.9135
ende,01,0.01,dedup_cvq:mtme_MS-COMET-22-refA,cvq,0.9095
ende,01,0.01,dedup_cvu:mtme_MS-COMET-22-refA,cvu,0.9135
ende,01,0.01,weighted_cvl:mtme_MS-COMET-22-refA,cvl,0.9075
ende,01,0.01,weighted_cvq:mtme_MS-COMET-22-refA,cvq,0.911
ende,01,0.01,weighted_cvu:mtme_MS-COMET-22-refA,cvu,0.908
ende,01,0.01,dedup_cvl:mtme_MS-COMET-QE-22-src,cvl,0.9175
ende,01,0.01,dedup_cvq:mtme_MS-COMET-QE-22-src,cvq,0.9165
ende,01,0.01,dedup_cvu:mtme_MS-COMET-QE-22-src,cvu,0.918
ende,01,0.01,weighted_cvl:mtme_MS-COMET-QE-22-src,cvl,0.9165
ende,01,0.01,weighted_cvq:mtme_MS-COMET-QE-22-src,cvq,0.917
ende,01,0.01,weighted_cvu:mtme_MS-COMET-QE-22-src,cvu,0.9165
ende,01,0.01,dedup_cvl:mtme_REUSE-src,cvl,0.922
ende,01,0.01,dedup_cvq:mtme_REUSE-src,cvq,0.921
ende,01,0.01,dedup_cvu:mtme_REUSE-src,cvu,0.9215
ende,01,0.01,weighted_cvl:mtme_REUSE-src,cvl,0.916
ende,01,0.01,weighted_cvq:mtme_REUSE-src,cvq,0.916
ende,01,0.01,weighted_cvu:mtme_REUSE-src,cvu,0.9145
ende,01,0.01,dedup_cvl:mtme_SEScore-refA,cvl,0.913
ende,01,0.01,dedup_cvq:mtme_SEScore-refA,cvq,0.913
ende,01,0.01,dedup_cvu:mtme_SEScore-refA,cvu,0.912
ende,01,0.01,weighted_cvl:mtme_SEScore-refA,cvl,0.915
ende,01,0.01,weighted_cvq:mtme_SEScore-refA,cvq,0.913
ende,01,0.01,weighted_cvu:mtme_SEScore-refA,cvu,0.915
ende,01,0.01,dedup_cvl:mtme_UniTE-ref-refA,cvl,0.909
ende,01,0.01,dedup_cvq:mtme_UniTE-ref-refA,cvq,0.91
ende,01,0.01,dedup_cvu:mtme_UniTE-ref-refA,cvu,0.9095
ende,01,0.01,weighted_cvl:mtme_UniTE-ref-refA,cvl,0.9145
ende,01,0.01,weighted_cvq:mtme_UniTE-ref-refA,cvq,0.912
ende,01,0.01,weighted_cvu:mtme_UniTE-ref-refA,cvu,0.91
ende,01,0.01,dedup_cvl:mtme_UniTE-refA,cvl,0.9135
ende,01,0.01,dedup_cvq:mtme_UniTE-refA,cvq,0.9175
ende,01,0.01,dedup_cvu:mtme_UniTE-refA,cvu,0.9175
ende,01,0.01,weighted_cvl:mtme_UniTE-refA,cvl,0.9175
ende,01,0.01,weighted_cvq:mtme_UniTE-refA,cvq,0.9165
ende,01,0.01,weighted_cvu:mtme_UniTE-refA,cvu,0.919
ende,01,0.01,dedup_cvl:mtme_UniTE-src-src,cvl,0.9165
ende,01,0.01,dedup_cvq:mtme_UniTE-src-src,cvq,0.915
ende,01,0.01,dedup_cvu:mtme_UniTE-src-src,cvu,0.9175
ende,01,0.01,weighted_cvl:mtme_UniTE-src-src,cvl,0.92
ende,01,0.01,weighted_cvq:mtme_UniTE-src-src,cvq,0.919
ende,01,0.01,weighted_cvu:mtme_UniTE-src-src,cvu,0.9175
ende,01,0.01,dedup_cvl:mtme_YiSi-1-refA,cvl,0.909
ende,01,0.01,dedup_cvq:mtme_YiSi-1-refA,cvq,0.9065
ende,01,0.01,dedup_cvu:mtme_YiSi-1-refA,cvu,0.909
ende,01,0.01,weighted_cvl:mtme_YiSi-1-refA,cvl,0.917
ende,01,0.01,weighted_cvq:mtme_YiSi-1-refA,cvq,0.9135
ende,01,0.01,weighted_cvu:mtme_YiSi-1-refA,cvu,0.9165
ende,01,0.01,dedup_cvl:mtme_chrF-refA,cvl,0.915
ende,01,0.01,dedup_cvq:mtme_chrF-refA,cvq,0.9145
ende,01,0.01,dedup_cvu:mtme_chrF-refA,cvu,0.9155
ende,01,0.01,weighted_cvl:mtme_chrF-refA,cvl,0.918
ende,01,0.01,weighted_cvq:mtme_chrF-refA,cvq,0.9155
ende,01,0.01,weighted_cvu:mtme_chrF-refA,cvu,0.9195
ende,01,0.01,dedup_cvl:mtme_f101spBLEU-refA,cvl,0.92
ende,01,0.01,dedup_cvq:mtme_f101spBLEU-refA,cvq,0.9205
ende,01,0.01,dedup_cvu:mtme_f101spBLEU-refA,cvu,0.9205
ende,01,0.01,weighted_cvl:mtme_f101spBLEU-refA,cvl,0.9185
ende,01,0.01,weighted_cvq:mtme_f101spBLEU-refA,cvq,0.9175
ende,01,0.01,weighted_cvu:mtme_f101spBLEU-refA,cvu,0.92
ende,01,0.01,dedup_cvl:mtme_f200spBLEU-refA,cvl,0.9185
ende,01,0.01,dedup_cvq:mtme_f200spBLEU-refA,cvq,0.92
ende,01,0.01,dedup_cvu:mtme_f200spBLEU-refA,cvu,0.921
ende,01,0.01,weighted_cvl:mtme_f200spBLEU-refA,cvl,0.916
ende,01,0.01,weighted_cvq:mtme_f200spBLEU-refA,cvq,0.918
ende,01,0.01,weighted_cvu:mtme_f200spBLEU-refA,cvu,0.9185
ende,01,0.01,dedup_cvl:mtme_metricx_xl_DA_2019-refA,cvl,0.8895
ende,01,0.01,dedup_cvq:mtme_metricx_xl_DA_2019-refA,cvq,0.886
ende,01,0.01,dedup_cvu:mtme_metricx_xl_DA_2019-refA,cvu,0.8905
ende,01,0.01,weighted_cvl:mtme_metricx_xl_DA_2019-refA,cvl,0.892
ende,01,0.01,weighted_cvq:mtme_metricx_xl_DA_2019-refA,cvq,0.8925
ende,01,0.01,weighted_cvu:mtme_metricx_xl_DA_2019-refA,cvu,0.893
ende,01,0.01,dedup_cvl:mtme_metricx_xl_MQM_2020-refA,cvl,0.87
ende,01,0.01,dedup_cvq:mtme_metricx_xl_MQM_2020-refA,cvq,0.8695
ende,01,0.01,dedup_cvu:mtme_metricx_xl_MQM_2020-refA,cvu,0.871
ende,01,0.01,weighted_cvl:mtme_metricx_xl_MQM_2020-refA,cvl,0.8815
ende,01,0.01,weighted_cvq:mtme_metricx_xl_MQM_2020-refA,cvq,0.879
ende,01,0.01,weighted_cvu:mtme_metricx_xl_MQM_2020-refA,cvu,0.88
ende,01,0.01,dedup_cvl:mtme_metricx_xxl_DA_2019-refA,cvl,0.8885
ende,01,0.01,dedup_cvq:mtme_metricx_xxl_DA_2019-refA,cvq,0.884
ende,01,0.01,dedup_cvu:mtme_metricx_xxl_DA_2019-refA,cvu,0.887
ende,01,0.01,weighted_cvl:mtme_metricx_xxl_DA_2019-refA,cvl,0.8965
ende,01,0.01,weighted_cvq:mtme_metricx_xxl_DA_2019-refA,cvq,0.894
ende,01,0.01,weighted_cvu:mtme_metricx_xxl_DA_2019-refA,cvu,0.8965
ende,01,0.01,dedup_cvl:mtme_metricx_xxl_MQM_2020-refA,cvl,0.868
ende,01,0.01,dedup_cvq:mtme_metricx_xxl_MQM_2020-refA,cvq,0.8665
ende,01,0.01,dedup_cvu:mtme_metricx_xxl_MQM_2020-refA,cvu,0.8655
ende,01,0.01,weighted_cvl:mtme_metricx_xxl_MQM_2020-refA,cvl,0.878
ende,01,0.01,weighted_cvq:mtme_metricx_xxl_MQM_2020-refA,cvq,0.8725
ende,01,0.01,weighted_cvu:mtme_metricx_xxl_MQM_2020-refA,cvu,0.877
ende,01,0.01,weighted_cvo:mtme_BERTScore-refA,cvo,0.9185
ende,01,0.01,weighted_cvo:mtme_BLEU-refA,cvo,0.92
ende,01,0.01,weighted_cvo:mtme_BLEURT-20-refA,cvo,0.9115
ende,01,0.01,weighted_cvo:mtme_COMET-20-refA,cvo,0.9135
ende,01,0.01,weighted_cvo:mtme_COMET-22-refA,cvo,0.908
ende,01,0.01,weighted_cvo:mtme_COMET-QE-src,cvo,0.9155
ende,01,0.01,weighted_cvo:mtme_COMETKiwi-src,cvo,0.9185
ende,01,0.01,weighted_cvo:mtme_Cross-QE-src,cvo,0.915
ende,01,0.01,weighted_cvo:mtme_HWTSC-TLM-src,cvo,0.917
ende,01,0.01,weighted_cvo:mtme_HWTSC-Teacher-Sim-src,cvo,0.923
ende,01,0.01,weighted_cvo:mtme_KG-BERTScore-src,cvo,0.9175
ende,01,0.01,weighted_cvo:mtme_MATESE-QE-src,cvo,0.9205
ende,01,0.01,weighted_cvo:mtme_MATESE-refA,cvo,0.9225
ende,01,0.01,weighted_cvo:mtme_MEE-refA,cvo,0.9175
ende,01,0.01,weighted_cvo:mtme_MEE2-refA,cvo,0.917
ende,01,0.01,weighted_cvo:mtme_MEE4-refA,cvo,0.915
ende,01,0.01,weighted_cvo:mtme_MS-COMET-22-refA,cvo,0.916
ende,01,0.01,weighted_cvo:mtme_MS-COMET-QE-22-src,cvo,0.92
ende,01,0.01,weighted_cvo:mtme_REUSE-src,cvo,0.9155
ende,01,0.01,weighted_cvo:mtme_SEScore-refA,cvo,0.919
ende,01,0.01,weighted_cvo:mtme_UniTE-ref-refA,cvo,0.914
ende,01,0.01,weighted_cvo:mtme_UniTE-refA,cvo,0.918
ende,01,0.01,weighted_cvo:mtme_UniTE-src-src,cvo,0.922
ende,01,0.01,weighted_cvo:mtme_YiSi-1-refA,cvo,0.913
ende,01,0.01,weighted_cvo:mtme_chrF-refA,cvo,0.917
ende,01,0.01,weighted_cvo:mtme_f101spBLEU-refA,cvo,0.9185
ende,01,0.01,weighted_cvo:mtme_f200spBLEU-refA,cvo,0.923
ende,01,0.01,weighted_cvo:mtme_metricx_xl_DA_2019-refA,cvo,0.9025
ende,01,0.01,weighted_cvo:mtme_metricx_xl_MQM_2020-refA,cvo,0.9045
ende,01,0.01,weighted_cvo:mtme_metricx_xxl_DA_2019-refA,cvo,0.908
ende,01,0.01,weighted_cvo:mtme_metricx_xxl_MQM_2020-refA,cvo,0.9015
ende,01,0.02,uniform,human,0.92
ende,01,0.02,dedup,human,0.9215
ende,01,0.02,weighted,human,0.9155
ende,01,0.02,dedup_cvl:mtme_BERTScore-refA,cvl,0.917
ende,01,0.02,dedup_cvq:mtme_BERTScore-refA,cvq,0.9185
ende,01,0.02,dedup_cvu:mtme_BERTScore-refA,cvu,0.918
ende,01,0.02,weighted_cvl:mtme_BERTScore-refA,cvl,0.922
ende,01,0.02,weighted_cvq:mtme_BERTScore-refA,cvq,0.919
ende,01,0.02,weighted_cvu:mtme_BERTScore-refA,cvu,0.921
ende,01,0.02,dedup_cvl:mtme_BLEU-refA,cvl,0.918
ende,01,0.02,dedup_cvq:mtme_BLEU-refA,cvq,0.917
ende,01,0.02,dedup_cvu:mtme_BLEU-refA,cvu,0.9195
ende,01,0.02,weighted_cvl:mtme_BLEU-refA,cvl,0.919
ende,01,0.02,weighted_cvq:mtme_BLEU-refA,cvq,0.9175
ende,01,0.02,weighted_cvu:mtme_BLEU-refA,cvu,0.9205
ende,01,0.02,dedup_cvl:mtme_BLEURT-20-refA,cvl,0.8945
ende,01,0.02,dedup_cvq:mtme_BLEURT-20-refA,cvq,0.8935
ende,01,0.02,dedup_cvu:mtme_BLEURT-20-refA,cvu,0.897
ende,01,0.02,weighted_cvl:mtme_BLEURT-20-refA,cvl,0.9025
ende,01,0.02,weighted_cvq:mtme_BLEURT-20-refA,cvq,0.8985
ende,01,0.02,weighted_cvu:mtme_BLEURT-20-refA,cvu,0.9015
ende,01,0.02,dedup_cvl:mtme_COMET-20-refA,cvl,0.904
ende,01,0.02,dedup_cvq:mtme_COMET-20-refA,cvq,0.9
ende,01,0.02,dedup_cvu:mtme_COMET-20-refA,cvu,0.903
ende,01,0.02,weighted_cvl:mtme_COMET-20-refA,cvl,0.9105
ende,01,0.02,weighted_cvq:mtme_COMET-20-refA,cvq,0.9055
ende,01,0.02,weighted_cvu:mtme_COMET-20-refA,cvu,0.9065
ende,01,0.02,dedup_cvl:mtme_COMET-22-refA,cvl,0.892
ende,01,0.02,dedup_cvq:mtme_COMET-22-refA,cvq,0.8895
ende,01,0.02,dedup_cvu:mtme_COMET-22-refA,cvu,0.8925
ende,01,0.02,weighted_cvl:mtme_COMET-22-refA,cvl,0.89
ende,01,0.02,weighted_cvq:mtme_COMET-22-refA,cvq,0.8905
ende,01,0.02,weighted_cvu:mtme_COMET-22-refA,cvu,0.8925
ende,01,0.02,dedup_cvl:mtme_COMET-QE-src,cvl,0.909
ende,01,0.02,dedup_cvq:mtme_COMET-QE-src,cvq,0.911
ende,01,0.02,dedup_cvu:mtme_COMET-QE-src,cvu,0.91
ende,01,0.02,weighted_cvl:mtme_COMET-QE-src,cvl,0.8945
ende,01,0.02,weighted_cvq:mtme_COMET-QE-src,cvq,0.895
ende,01,0.02,weighted_cvu:mtme_COMET-QE-src,cvu,0.896
ende,01,0.02,dedup_cvl:mtme_COMETKiwi-src,cvl,0.9115
ende,01,0.02,dedup_cvq:mtme_COMETKiwi-src,cvq,0.9085
ende,01,0.02,dedup_cvu:mtme_COMETKiwi-src,cvu,0.909
ende,01,0.02,weighted_cvl:mtme_COMETKiwi-src,cvl,0.9095
ende,01,0.02,weighted_cvq:mtme_COMETKiwi-src,cvq,0.909
ende,01,0.02,weighted_cvu:mtme_COMETKiwi-src,cvu,0.91
ende,01,0.02,dedup_cvl:mtme_Cross-QE-src,cvl,0.9025
ende,01,0.02,dedup_cvq:mtme_Cross-QE-src,cvq,0.9045
ende,01,0.02,dedup_cvu:mtme_Cross-QE-src,cvu,0.902
ende,01,0.02,weighted_cvl:mtme_Cross-QE-src,cvl,0.91
ende,01,0.02,weighted_cvq:mtme_Cross-QE-src,cvq,0.91
ende,01,0.02,weighted_cvu:mtme_Cross-QE-src,cvu,0.907
ende,01,0.02,dedup_cvl:mtme_HWTSC-TLM-src,cvl,0.913
ende,01,0.02,dedup_cvq:mtme_HWTSC-TLM-src,cvq,0.9125
ende,01,0.02,dedup_cvu:mtme_HWTSC-TLM-src,cvu,0.913
ende,01,0.02,weighted_cvl:mtme_HWTSC-TLM-src,cvl,0.9115
ende,01,0.02,weighted_cvq:mtme_HWTSC-TLM-src,cvq,0.911
ende,01,0.02,weighted_cvu:mtme_HWTSC-TLM-src,cvu,0.911
ende,01,0.02,dedup_cvl:mtme_HWTSC-Teacher-Sim-src,cvl,0.908
ende,01,0.02,dedup_cvq:mtme_HWTSC-Teacher-Sim-src,cvq,0.908
ende,01,0.02,dedup_cvu:mtme_HWTSC-Teacher-Sim-src,cvu,0.9095
ende,01,0.02,weighted_cvl:mtme_HWTSC-Teacher-Sim-src,cvl,0.918
ende,01,0.02,weighted_cvq:mtme_HWTSC-Teacher-Sim-src,cvq,0.9195
ende,01,0.02,weighted_cvu:mtme_HWTSC-Teacher-Sim-src,cvu,0.9195
ende,01,0.02,dedup_cvl:mtme_KG-BERTScore-src,cvl,0.9145
ende,01,0.02,dedup_cvq:mtme_KG-BERTScore-src,cvq,0.9125
ende,01,0.02,dedup_cvu:mtme_KG-BERTScore-src,cvu,0.9155
ende,01,0.02,weighted_cvl:mtme_KG-BERTScore-src,cvl,0.918
ende,01,0.02,weighted_cvq:mtme_KG-BERTScore-src,cvq,0.918
ende,01,0.02,weighted_cvu:mtme_KG-BERTScore-src,cvu,0.92
ende,01,0.02,dedup_cvl:mtme_MATESE-QE-src,cvl,0.926
ende,01,0.02,dedup_cvq:mtme_MATESE-QE-src,cvq,0.9235
ende,01,0.02,dedup_cvu:mtme_MATESE-QE-src,cvu,0.9245
ende,01,0.02,weighted_cvl:mtme_MATESE-QE-src,cvl,0.923
ende,01,0.02,weighted_cvq:mtme_MATESE-QE-src,cvq,0.9245
ende,01,0.02,weighted_cvu:mtme_MATESE-QE-src,cvu,0.9235
ende,01,0.02,dedup_cvl:mtme_MATESE-refA,cvl,0.914
ende,01,0.02,dedup_cvq:mtme_MATESE-refA,cvq,0.9145
ende,01,0.02,dedup_cvu:mtme_MATESE-refA,cvu,0.914
ende,01,0.02,weighted_cvl:mtme_MATESE-refA,cvl,0.9185
ende,01,0.02,weighted_cvq:mtme_MATESE-refA,cvq,0.9185
ende,01,0.02,weighted_cvu:mtme_MATESE-refA,cvu,0.9175
ende,01,0.02,dedup_cvl:mtme_MEE-refA,cvl,0.918
ende,01,0.02,dedup_cvq:mtme_MEE-refA,cvq,0.9175
ende,01,0.02,dedup_cvu:mtme_MEE-refA,cvu,0.917
ende,01,0.02,weighted_cvl:mtme_MEE-refA,cvl,0.919
ende,01,0.02,weighted_cvq:mtme_MEE-refA,cvq,0.919
ende,01,0.02,weighted_cvu:mtme_MEE-refA,cvu,0.9205
ende,01,0.02,dedup_cvl:mtme_MEE2-refA,cvl,0.9185
ende,01,0.02,dedup_cvq:mtme_MEE2-refA,cvq,0.918
ende,01,0.02,dedup_cvu:mtme_MEE2-refA,cvu,0.917
ende,01,0.02,weighted_cvl:mtme_MEE2-refA,cvl,0.9145
ende,01,0.02,weighted_cvq:mtme_MEE2-refA,cvq,0.9155
ende,01,0.02,weighted_cvu:mtme_MEE2-refA,cvu,0.9175
ende,01,0.02,dedup_cvl:mtme_MEE4-refA,cvl,0.9205
ende,01,0.02,dedup_cvq:mtme_MEE4-refA,cvq,0.9175
ende,01,0.02,dedup_cvu:mtme_MEE4-refA,cvu,0.917
ende,01,0.02,weighted_cvl:mtme_MEE4-refA,cvl,0.9135
ende,01,0.02,weighted_cvq:mtme_MEE4-refA,cvq,0.914
ende,01,0.02,weighted_cvu:mtme_MEE4-refA,cvu,0.9165
ende,01,0.02,dedup_cvl:mtme_MS-COMET-22-refA,cvl,0.9135
ende,01,0.02,dedup_cvq:mtme_MS-COMET-22-refA,cvq,0.9095
ende,01,0.02,dedup_cvu:mtme_MS-COMET-22-refA,cvu,0.9135
ende,01,0.02,weighted_cvl:mtme_MS-COMET-22-refA,cvl,0.9075
ende,01,0.02,weighted_cvq:mtme_MS-COMET-22-refA,cvq,0.911
ende,01,0.02,weighted_cvu:mtme_MS-COMET-22-refA,cvu,0.908
ende,01,0.02,dedup_cvl:mtme_MS-COMET-QE-22-src,cvl,0.9175
ende,01,0.02,dedup_cvq:mtme_MS-COMET-QE-22-src,cvq,0.9165
ende,01,0.02,dedup_cvu:mtme_MS-COMET-QE-22-src,cvu,0.918
ende,01,0.02,weighted_cvl:mtme_MS-COMET-QE-22-src,cvl,0.9165
ende,01,0.02,weighted_cvq:mtme_MS-COMET-QE-22-src,cvq,0.917
ende,01,0.02,weighted_cvu:mtme_MS-COMET-QE-22-src,cvu,0.9165
ende,01,0.02,dedup_cvl:mtme_REUSE-src,cvl,0.922
ende,01,0.02,dedup_cvq:mtme_REUSE-src,cvq,0.921
ende,01,0.02,dedup_cvu:mtme_REUSE-src,cvu,0.9215
ende,01,0.02,weighted_cvl:mtme_REUSE-src,cvl,0.916
ende,01,0.02,weighted_cvq:mtme_REUSE-src,cvq,0.916
ende,01,0.02,weighted_cvu:mtme_REUSE-src,cvu,0.9145
ende,01,0.02,dedup_cvl:mtme_SEScore-refA,cvl,0.913
ende,01,0.02,dedup_cvq:mtme_SEScore-refA,cvq,0.913
ende,01,0.02,dedup_cvu:mtme_SEScore-refA,cvu,0.912
ende,01,0.02,weighted_cvl:mtme_SEScore-refA,cvl,0.915
ende,01,0.02,weighted_cvq:mtme_SEScore-refA,cvq,0.913
ende,01,0.02,weighted_cvu:mtme_SEScore-refA,cvu,0.915
ende,01,0.02,dedup_cvl:mtme_UniTE-ref-refA,cvl,0.909
ende,01,0.02,dedup_cvq:mtme_UniTE-ref-refA,cvq,0.91
ende,01,0.02,dedup_cvu:mtme_UniTE-ref-refA,cvu,0.9095
ende,01,0.02,weighted_cvl:mtme_UniTE-ref-refA,cvl,0.9145
ende,01,0.02,weighted_cvq:mtme_UniTE-ref-refA,cvq,0.912
ende,01,0.02,weighted_cvu:mtme_UniTE-ref-refA,cvu,0.91
ende,01,0.02,dedup_cvl:mtme_UniTE-refA,cvl,0.9135
ende,01,0.02,dedup_cvq:mtme_UniTE-refA,cvq,0.9175
ende,01,0.02,dedup_cvu:mtme_UniTE-refA,cvu,0.9175
ende,01,0.02,weighted_cvl:mtme_UniTE-refA,cvl,0.9175
ende,01,0.02,weighted_cvq:mtme_UniTE-refA,cvq,0.9165
ende,01,0.02,weighted_cvu:mtme_UniTE-refA,cvu,0.919
ende,01,0.02,dedup_cvl:mtme_UniTE-src-src,cvl,0.9165
ende,01,0.02,dedup_cvq:mtme_UniTE-src-src,cvq,0.915
ende,01,0.02,dedup_cvu:mtme_UniTE-src-src,cvu,0.9175
ende,01,0.02,weighted_cvl:mtme_UniTE-src-src,cvl,0.92
ende,01,0.02,weighted_cvq:mtme_UniTE-src-src,cvq,0.919
ende,01,0.02,weighted_cvu:mtme_UniTE-src-src,cvu,0.9175
ende,01,0.02,dedup_cvl:mtme_YiSi-1-refA,cvl,0.909
ende,01,0.02,dedup_cvq:mtme_YiSi-1-refA,cvq,0.9065
ende,01,0.02,dedup_cvu:mtme_YiSi-1-refA,cvu,0.909
ende,01,0.02,weighted_cvl:mtme_YiSi-1-refA,cvl,0.917
ende,01,0.02,weighted_cvq:mtme_YiSi-1-refA,cvq,0.9135
ende,01,0.02,weighted_cvu:mtme_YiSi-1-refA,cvu,0.9165
ende,01,0.02,dedup_cvl:mtme_chrF-refA,cvl,0.915
ende,01,0.02,dedup_cvq:mtme_chrF-refA,cvq,0.9145
ende,01,0.02,dedup_cvu:mtme_chrF-refA,cvu,0.9155
ende,01,0.02,weighted_cvl:mtme_chrF-refA,cvl,0.918
ende,01,0.02,weighted_cvq:mtme_chrF-refA,cvq,0.9155
ende,01,0.02,weighted_cvu:mtme_chrF-refA,cvu,0.9195
ende,01,0.02,dedup_cvl:mtme_f101spBLEU-refA,cvl,0.92
ende,01,0.02,dedup_cvq:mtme_f101spBLEU-refA,cvq,0.9205
ende,01,0.02,dedup_cvu:mtme_f101spBLEU-refA,cvu,0.9205
ende,01,0.02,weighted_cvl:mtme_f101spBLEU-refA,cvl,0.9185
ende,01,0.02,weighted_cvq:mtme_f101spBLEU-refA,cvq,0.9175
ende,01,0.02,weighted_cvu:mtme_f101spBLEU-refA,cvu,0.92
ende,01,0.02,dedup_cvl:mtme_f200spBLEU-refA,cvl,0.9185
ende,01,0.02,dedup_cvq:mtme_f200spBLEU-refA,cvq,0.92
ende,01,0.02,dedup_cvu:mtme_f200spBLEU-refA,cvu,0.921
ende,01,0.02,weighted_cvl:mtme_f200spBLEU-refA,cvl,0.916
ende,01,0.02,weighted_cvq:mtme_f200spBLEU-refA,cvq,0.918
ende,01,0.02,weighted_cvu:mtme_f200spBLEU-refA,cvu,0.9185
ende,01,0.02,dedup_cvl:mtme_metricx_xl_DA_2019-refA,cvl,0.8895
ende,01,0.02,dedup_cvq:mtme_metricx_xl_DA_2019-refA,cvq,0.886
ende,01,0.02,dedup_cvu:mtme_metricx_xl_DA_2019-refA,cvu,0.8905
ende,01,0.02,weighted_cvl:mtme_metricx_xl_DA_2019-refA,cvl,0.892
ende,01,0.02,weighted_cvq:mtme_metricx_xl_DA_2019-refA,cvq,0.8925
ende,01,0.02,weighted_cvu:mtme_metricx_xl_DA_2019-refA,cvu,0.893
ende,01,0.02,dedup_cvl:mtme_metricx_xl_MQM_2020-refA,cvl,0.87
ende,01,0.02,dedup_cvq:mtme_metricx_xl_MQM_2020-refA,cvq,0.8695
ende,01,0.02,dedup_cvu:mtme_metricx_xl_MQM_2020-refA,cvu,0.871
ende,01,0.02,weighted_cvl:mtme_metricx_xl_MQM_2020-refA,cvl,0.8815
ende,01,0.02,weighted_cvq:mtme_metricx_xl_MQM_2020-refA,cvq,0.879
ende,01,0.02,weighted_cvu:mtme_metricx_xl_MQM_2020-refA,cvu,0.88
ende,01,0.02,dedup_cvl:mtme_metricx_xxl_DA_2019-refA,cvl,0.8885
ende,01,0.02,dedup_cvq:mtme_metricx_xxl_DA_2019-refA,cvq,0.884
ende,01,0.02,dedup_cvu:mtme_metricx_xxl_DA_2019-refA,cvu,0.887
ende,01,0.02,weighted_cvl:mtme_metricx_xxl_DA_2019-refA,cvl,0.8965
ende,01,0.02,weighted_cvq:mtme_metricx_xxl_DA_2019-refA,cvq,0.894
ende,01,0.02,weighted_cvu:mtme_metricx_xxl_DA_2019-refA,cvu,0.8965
ende,01,0.02,dedup_cvl:mtme_metricx_xxl_MQM_2020-refA,cvl,0.868
ende,01,0.02,dedup_cvq:mtme_metricx_xxl_MQM_2020-refA,cvq,0.8665
ende,01,0.02,dedup_cvu:mtme_metricx_xxl_MQM_2020-refA,cvu,0.8655
ende,01,0.02,weighted_cvl:mtme_metricx_xxl_MQM_2020-refA,cvl,0.878
ende,01,0.02,weighted_cvq:mtme_metricx_xxl_MQM_2020-refA,cvq,0.8725
ende,01,0.02,weighted_cvu:mtme_metricx_xxl_MQM_2020-refA,cvu,0.877
ende,01,0.02,weighted_cvo:mtme_BERTScore-refA,cvo,0.9185
ende,01,0.02,weighted_cvo:mtme_BLEU-refA,cvo,0.92
ende,01,0.02,weighted_cvo:mtme_BLEURT-20-refA,cvo,0.9115
ende,01,0.02,weighted_cvo:mtme_COMET-20-refA,cvo,0.9135
ende,01,0.02,weighted_cvo:mtme_COMET-22-refA,cvo,0.908
ende,01,0.02,weighted_cvo:mtme_COMET-QE-src,cvo,0.9155
ende,01,0.02,weighted_cvo:mtme_COMETKiwi-src,cvo,0.9185
ende,01,0.02,weighted_cvo:mtme_Cross-QE-src,cvo,0.915
ende,01,0.02,weighted_cvo:mtme_HWTSC-TLM-src,cvo,0.917
ende,01,0.02,weighted_cvo:mtme_HWTSC-Teacher-Sim-src,cvo,0.923
ende,01,0.02,weighted_cvo:mtme_KG-BERTScore-src,cvo,0.9175
ende,01,0.02,weighted_cvo:mtme_MATESE-QE-src,cvo,0.9205
ende,01,0.02,weighted_cvo:mtme_MATESE-refA,cvo,0.9225
ende,01,0.02,weighted_cvo:mtme_MEE-refA,cvo,0.9175
ende,01,0.02,weighted_cvo:mtme_MEE2-refA,cvo,0.917
ende,01,0.02,weighted_cvo:mtme_MEE4-refA,cvo,0.915
ende,01,0.02,weighted_cvo:mtme_MS-COMET-22-refA,cvo,0.916
ende,01,0.02,weighted_cvo:mtme_MS-COMET-QE-22-src,cvo,0.92
ende,01,0.02,weighted_cvo:mtme_REUSE-src,cvo,0.9155
ende,01,0.02,weighted_cvo:mtme_SEScore-refA,cvo,0.919
ende,01,0.02,weighted_cvo:mtme_UniTE-ref-refA,cvo,0.914
ende,01,0.02,weighted_cvo:mtme_UniTE-refA,cvo,0.918
ende,01,0.02,weighted_cvo:mtme_UniTE-src-src,cvo,0.922
ende,01,0.02,weighted_cvo:mtme_YiSi-1-refA,cvo,0.913
ende,01,0.02,weighted_cvo:mtme_chrF-refA,cvo,0.917
ende,01,0.02,weighted_cvo:mtme_f101spBLEU-refA,cvo,0.9185
ende,01,0.02,weighted_cvo:mtme_f200spBLEU-refA,cvo,0.923
ende,01,0.02,weighted_cvo:mtme_metricx_xl_DA_2019-refA,cvo,0.9025
ende,01,0.02,weighted_cvo:mtme_metricx_xl_MQM_2020-refA,cvo,0.9045
ende,01,0.02,weighted_cvo:mtme_metricx_xxl_DA_2019-refA,cvo,0.908
ende,01,0.02,weighted_cvo:mtme_metricx_xxl_MQM_2020-refA,cvo,0.9015
ende,02,0.01,uniform,human,0.9275
ende,02,0.01,dedup,human,0.9225
ende,02,0.01,weighted,human,0.9225
ende,02,0.01,dedup_cvl:mtme_BERTScore-refA,cvl,0.927
ende,02,0.01,dedup_cvq:mtme_BERTScore-refA,cvq,0.9265
ende,02,0.01,dedup_cvu:mtme_BERTScore-refA,cvu,0.9265
ende,02,0.01,weighted_cvl:mtme_BERTScore-refA,cvl,0.927
ende,02,0.01,weighted_cvq:mtme_BERTScore-refA,cvq,0.923
ende,02,0.01,weighted_cvu:mtme_BERTScore-refA,cvu,0.927
ende,02,0.01,dedup_cvl:mtme_BLEU-refA,cvl,0.9235
ende,02,0.01,dedup_cvq:mtme_BLEU-refA,cvq,0.924
ende,02,0.01,dedup_cvu:mtme_BLEU-refA,cvu,0.924
ende,02,0.01,weighted_cvl:mtme_BLEU-refA,cvl,0.924
ende,02,0.01,weighted_cvq:mtme_BLEU-refA,cvq,0.9215
ende,02,0.01,weighted_cvu:mtme_BLEU-refA,cvu,0.9235
ende,02,0.01,dedup_cvl:mtme_BLEURT-20-refA,cvl,0.918
ende,02,0.01,dedup_cvq:mtme_BLEURT-20-refA,cvq,0.921
ende,02,0.01,dedup_cvu:mtme_BLEURT-20-refA,cvu,0.92
ende,02,0.01,weighted_cvl:mtme_BLEURT-20-refA,cvl,0.9135
ende,02,0.01,weighted_cvq:mtme_BLEURT-20-refA,cvq,0.913
ende,02,0.01,weighted_cvu:mtme_BLEURT-20-refA,cvu,0.912
ende,02,0.01,dedup_cvl:mtme_COMET-20-refA,cvl,0.922
ende,02,0.01,dedup_cvq:mtme_COMET-20-refA,cvq,0.9205
ende,02,0.01,dedup_cvu:mtme_COMET-20-refA,cvu,0.921
ende,02,0.01,weighted_cvl:mtme_COMET-20-refA,cvl,0.9205
ende,02,0.01,weighted_cvq:mtme_COMET-20-refA,cvq,0.919
ende,02,0.01,weighted_cvu:mtme_COMET-20-refA,cvu,0.921
ende,02,0.01,dedup_cvl:mtme_COMET-22-refA,cvl,0.9155
ende,02,0.01,dedup_cvq:mtme_COMET-22-refA,cvq,0.9145
ende,02,0.01,dedup_cvu:mtme_COMET-22-refA,cvu,0.9185
ende,02,0.01,weighted_cvl:mtme_COMET-22-refA,cvl,0.9195
ende,02,0.01,weighted_cvq:mtme_COMET-22-refA,cvq,0.9165
ende,02,0.01,weighted_cvu:mtme_COMET-22-refA,cvu,0.918
ende,02,0.01,dedup_cvl:mtme_COMET-QE-src,cvl,0.912
ende,02,0.01,dedup_cvq:mtme_COMET-QE-src,cvq,0.918
ende,02,0.01,dedup_cvu:mtme_COMET-QE-src,cvu,0.916
ende,02,0.01,weighted_cvl:mtme_COMET-QE-src,cvl,0.913
ende,02,0.01,weighted_cvq:mtme_COMET-QE-src,cvq,0.9115
ende,02,0.01,weighted_cvu:mtme_COMET-QE-src,cvu,0.911
ende,02,0.01,dedup_cvl:mtme_COMETKiwi-src,cvl,0.917
ende,02,0.01,dedup_cvq:mtme_COMETKiwi-src,cvq,0.9215
ende,02,0.01,dedup_cvu:mtme_COMETKiwi-src,cvu,0.92
ende,02,0.01,weighted_cvl:mtme_COMETKiwi-src,cvl,0.9185
ende,02,0.01,weighted_cvq:mtme_COMETKiwi-src,cvq,0.9225
ende,02,0.01,weighted_cvu:mtme_COMETKiwi-src,cvu,0.922
ende,02,0.01,dedup_cvl:mtme_Cross-QE-src,cvl,0.915
ende,02,0.01,dedup_cvq:mtme_Cross-QE-src,cvq,0.9125
ende,02,0.01,dedup_cvu:mtme_Cross-QE-src,cvu,0.9125
ende,02,0.01,weighted_cvl:mtme_Cross-QE-src,cvl,0.9125
ende,02,0.01,weighted_cvq:mtme_Cross-QE-src,cvq,0.9135
ende,02,0.01,weighted_cvu:mtme_Cross-QE-src,cvu,0.914
ende,02,0.01,dedup_cvl:mtme_HWTSC-TLM-src,cvl,0.9215
ende,02,0.01,dedup_cvq:mtme_HWTSC-TLM-src,cvq,0.923
ende,02,0.01,dedup_cvu:mtme_HWTSC-TLM-src,cvu,0.921
ende,02,0.01,weighted_cvl:mtme_HWTSC-TLM-src,cvl,0.916
ende,02,0.01,weighted_cvq:mtme_HWTSC-TLM-src,cvq,0.9155
ende,02,0.01,weighted_cvu:mtme_HWTSC-TLM-src,cvu,0.9135
ende,02,0.01,dedup_cvl:mtme_HWTSC-Teacher-Sim-src,cvl,0.9165
ende,02,0.01,dedup_cvq:mtme_HWTSC-Teacher-Sim-src,cvq,0.9185
ende,02,0.01,dedup_cvu:mtme_HWTSC-Teacher-Sim-src,cvu,0.918
ende,02,0.01,weighted_cvl:mtme_HWTSC-Teacher-Sim-src,cvl,0.916
ende,02,0.01,weighted_cvq:mtme_HWTSC-Teacher-Sim-src,cvq,0.915
ende,02,0.01,weighted_cvu:mtme_HWTSC-Teacher-Sim-src,cvu,0.9155
ende,02,0.01,dedup_cvl:mtme_KG-BERTScore-src,cvl,0.914
ende,02,0.01,dedup_cvq:mtme_KG-BERTScore-src,cvq,0.9145
ende,02,0.01,dedup_cvu:mtme_KG-BERTScore-src,cvu,0.9155
ende,02,0.01,weighted_cvl:mtme_KG-BERTScore-src,cvl,0.9165
ende,02,0.01,weighted_cvq:mtme_KG-BERTScore-src,cvq,0.9165
ende,02,0.01,weighted_cvu:mtme_KG-BERTScore-src,cvu,0.9175
ende,02,0.01,dedup_cvl:mtme_MATESE-QE-src,cvl,0.9235
ende,02,0.01,dedup_cvq:mtme_MATESE-QE-src,cvq,0.926
ende,02,0.01,dedup_cvu:mtme_MATESE-QE-src,cvu,0.925
ende,02,0.01,weighted_cvl:mtme_MATESE-QE-src,cvl,0.923
ende,02,0.01,weighted_cvq:mtme_MATESE-QE-src,cvq,0.9235
ende,02,0.01,weighted_cvu:mtme_MATESE-QE-src,cvu,0.923
ende,02,0.01,dedup_cvl:mtme_MATESE-refA,cvl,0.926
ende,02,0.01,dedup_cvq:mtme_MATESE-refA,cvq,0.9275
ende,02,0.01,dedup_cvu:mtme_MATESE-refA,cvu,0.9275
ende,02,0.01,weighted_cvl:mtme_MATESE-refA,cvl,0.927
ende,02,0.01,weighted_cvq:mtme_MATESE-refA,cvq,0.9265
ende,02,0.01,weighted_cvu:mtme_MATESE-refA,cvu,0.925
ende,02,0.01,dedup_cvl:mtme_MEE-refA,cvl,0.921
ende,02,0.01,dedup_cvq:mtme_MEE-refA,cvq,0.922
ende,02,0.01,dedup_cvu:mtme_MEE-refA,cvu,0.9235
ende,02,0.01,weighted_cvl:mtme_MEE-refA,cvl,0.93
ende,02,0.01,weighted_cvq:mtme_MEE-refA,cvq,0.9275
ende,02,0.01,weighted_cvu:mtme_MEE-refA,cvu,0.9295
ende,02,0.01,dedup_cvl:mtme_MEE2-refA,cvl,0.922
ende,02,0.01,dedup_cvq:mtme_MEE2-refA,cvq,0.9235
ende,02,0.01,dedup_cvu:mtme_MEE2-refA,cvu,0.923
ende,02,0.01,weighted_cvl:mtme_MEE2-refA,cvl,0.93
ende,02,0.01,weighted_cvq:mtme_MEE2-refA,cvq,0.9265
ende,02,0.01,weighted_cvu:mtme_MEE2-refA,cvu,0.931
ende,02,0.01,dedup_cvl:mtme_MEE4-refA,cvl,0.9235
ende,02,0.01,dedup_cvq:mtme_MEE4-refA,cvq,0.9245
ende,02,0.01,dedup_cvu:mtme_MEE4-refA,cvu,0.9245
ende,02,0.01,weighted_cvl:mtme_MEE4-refA,cvl,0.929
ende,02,0.01,weighted_cvq:mtme_MEE4-refA,cvq,0.925
ende,02,0.01,weighted_cvu:mtme_MEE4-refA,cvu,0.9275
ende,02,0.01,dedup_cvl:mtme_MS-COMET-22-refA,cvl,0.923
ende,02,0.01,dedup_cvq:mtme_MS-COMET-22-refA,cvq,0.924
ende,02,0.01,dedup_cvu:mtme_MS-COMET-22-refA,cvu,0.9215
ende,02,0.01,weighted_cvl:mtme_MS-COMET-22-refA,cvl,0.921
ende,02,0.01,weighted_cvq:mtme_MS-COMET-22-refA,cvq,0.9215
ende,02,0.01,weighted_cvu:mtme_MS-COMET-22-refA,cvu,0.9205
ende,02,0.01,dedup_cvl:mtme_MS-COMET-QE-22-src,cvl,0.924
ende,02,0.01,dedup_cvq:mtme_MS-COMET-QE-22-src,cvq,0.922
ende,02,0.01,dedup_cvu:mtme_MS-COMET-QE-22-src,cvu,0.926
ende,02,0.01,weighted_cvl:mtme_MS-COMET-QE-22-src,cvl,0.92
ende,02,0.01,weighted_cvq:mtme_MS-COMET-QE-22-src,cvq,0.92
ende,02,0.01,weighted_cvu:mtme_MS-COMET-QE-22-src,cvu,0.919
ende,02,0.01,dedup_cvl:mtme_REUSE-src,cvl,0.923
ende,02,0.01,dedup_cvq:mtme_REUSE-src,cvq,0.9225
ende,02,0.01,dedup_cvu:mtme_REUSE-src,cvu,0.924
ende,02,0.01,weighted_cvl:mtme_REUSE-src,cvl,0.922
ende,02,0.01,weighted_cvq:mtme_REUSE-src,cvq,0.921
ende,02,0.01,weighted_cvu:mtme_REUSE-src,cvu,0.921
ende,02,0.01,dedup_cvl:mtme_SEScore-refA,cvl,0.9155
ende,02,0.01,dedup_cvq:mtme_SEScore-refA,cvq,0.9205
ende,02,0.01,dedup_cvu:mtme_SEScore-refA,cvu,0.919
ende,02,0.01,weighted_cvl:mtme_SEScore-refA,cvl,0.9225
ende,02,0.01,weighted_cvq:mtme_SEScore-refA,cvq,0.9205
ende,02,0.01,weighted_cvu:mtme_SEScore-refA,cvu,0.922
ende,02,0.01,dedup_cvl:mtme_UniTE-ref-refA,cvl,0.92
ende,02,0.01,dedup_cvq:mtme_UniTE-ref-refA,cvq,0.9205
ende,02,0.01,dedup_cvu:mtme_UniTE-ref-refA,cvu,0.9235
ende,02,0.01,weighted_cvl:mtme_UniTE-ref-refA,cvl,0.9255
ende,02,0.01,weighted_cvq:mtme_UniTE-ref-refA,cvq,0.9235
ende,02,0.01,weighted_cvu:mtme_UniTE-ref-refA,cvu,0.924
ende,02,0.01,dedup_cvl:mtme_UniTE-refA,cvl,0.924
ende,02,0.01,dedup_cvq:mtme_UniTE-refA,cvq,0.923
ende,02,0.01,dedup_cvu:mtme_UniTE-refA,cvu,0.925
ende,02,0.01,weighted_cvl:mtme_UniTE-refA,cvl,0.923
ende,02,0.01,weighted_cvq:mtme_UniTE-refA,cvq,0.9205
ende,02,0.01,weighted_cvu:mtme_UniTE-refA,cvu,0.9225
ende,02,0.01,dedup_cvl:mtme_UniTE-src-src,cvl,0.923
ende,02,0.01,dedup_cvq:mtme_UniTE-src-src,cvq,0.9255
ende,02,0.01,dedup_cvu:mtme_UniTE-src-src,cvu,0.9225
ende,02,0.01,weighted_cvl:mtme_UniTE-src-src,cvl,0.921
ende,02,0.01,weighted_cvq:mtme_UniTE-src-src,cvq,0.9215
ende,02,0.01,weighted_cvu:mtme_UniTE-src-src,cvu,0.922
ende,02,0.01,dedup_cvl:mtme_YiSi-1-refA,cvl,0.925
ende,02,0.01,dedup_cvq:mtme_YiSi-1-refA,cvq,0.9255
ende,02,0.01,dedup_cvu:mtme_YiSi-1-refA,cvu,0.9275
ende,02,0.01,weighted_cvl:mtme_YiSi-1-refA,cvl,0.925
ende,02,0.01,weighted_cvq:mtme_YiSi-1-refA,cvq,0.922
ende,02,0.01,weighted_cvu:mtme_YiSi-1-refA,cvu,0.923
ende,02,0.01,dedup_cvl:mtme_chrF-refA,cvl,0.925
ende,02,0.01,dedup_cvq:mtme_chrF-refA,cvq,0.922
ende,02,0.01,dedup_cvu:mtme_chrF-refA,cvu,0.9255
ende,02,0.01,weighted_cvl:mtme_chrF-refA,cvl,0.924
ende,02,0.01,weighted_cvq:mtme_chrF-refA,cvq,0.9245
ende,02,0.01,weighted_cvu:mtme_chrF-refA,cvu,0.924
ende,02,0.01,dedup_cvl:mtme_f101spBLEU-refA,cvl,0.9235
ende,02,0.01,dedup_cvq:mtme_f101spBLEU-refA,cvq,0.926
ende,02,0.01,dedup_cvu:mtme_f101spBLEU-refA,cvu,0.926
ende,02,0.01,weighted_cvl:mtme_f101spBLEU-refA,cvl,0.925
ende,02,0.01,weighted_cvq:mtme_f101spBLEU-refA,cvq,0.921
ende,02,0.01,weighted_cvu:mtme_f101spBLEU-refA,cvu,0.926
ende,02,0.01,dedup_cvl:mtme_f200spBLEU-refA,cvl,0.9235
ende,02,0.01,dedup_cvq:mtme_f200spBLEU-refA,cvq,0.924
ende,02,0.01,dedup_cvu:mtme_f200spBLEU-refA,cvu,0.9245
ende,02,0.01,weighted_cvl:mtme_f200spBLEU-refA,cvl,0.926
ende,02,0.01,weighted_cvq:mtme_f200spBLEU-refA,cvq,0.922
ende,02,0.01,weighted_cvu:mtme_f200spBLEU-refA,cvu,0.9245
ende,02,0.01,dedup_cvl:mtme_metricx_xl_DA_2019-refA,cvl,0.9215
ende,02,0.01,dedup_cvq:mtme_metricx_xl_DA_2019-refA,cvq,0.9215
ende,02,0.01,dedup_cvu:mtme_metricx_xl_DA_2019-refA,cvu,0.924
ende,02,0.01,weighted_cvl:mtme_metricx_xl_DA_2019-refA,cvl,0.921
ende,02,0.01,weighted_cvq:mtme_metricx_xl_DA_2019-refA,cvq,0.9195
ende,02,0.01,weighted_cvu:mtme_metricx_xl_DA_2019-refA,cvu,0.92
ende,02,0.01,dedup_cvl:mtme_metricx_xl_MQM_2020-refA,cvl,0.903
ende,02,0.01,dedup_cvq:mtme_metricx_xl_MQM_2020-refA,cvq,0.9005
ende,02,0.01,dedup_cvu:mtme_metricx_xl_MQM_2020-refA,cvu,0.902
ende,02,0.01,weighted_cvl:mtme_metricx_xl_MQM_2020-refA,cvl,0.9025
ende,02,0.01,weighted_cvq:mtme_metricx_xl_MQM_2020-refA,cvq,0.8975
ende,02,0.01,weighted_cvu:mtme_metricx_xl_MQM_2020-refA,cvu,0.9015
ende,02,0.01,dedup_cvl:mtme_metricx_xxl_DA_2019-refA,cvl,0.913
ende,02,0.01,dedup_cvq:mtme_metricx_xxl_DA_2019-refA,cvq,0.9115
ende,02,0.01,dedup_cvu:mtme_metricx_xxl_DA_2019-refA,cvu,0.9105
ende,02,0.01,weighted_cvl:mtme_metricx_xxl_DA_2019-refA,cvl,0.9095
ende,02,0.01,weighted_cvq:mtme_metricx_xxl_DA_2019-refA,cvq,0.91
ende,02,0.01,weighted_cvu:mtme_metricx_xxl_DA_2019-refA,cvu,0.9095
ende,02,0.01,dedup_cvl:mtme_metricx_xxl_MQM_2020-refA,cvl,0.8995
ende,02,0.01,dedup_cvq:mtme_metricx_xxl_MQM_2020-refA,cvq,0.892
ende,02,0.01,dedup_cvu:mtme_metricx_xxl_MQM_2020-refA,cvu,0.896
ende,02,0.01,weighted_cvl:mtme_metricx_xxl_MQM_2020-refA,cvl,0.891
ende,02,0.01,weighted_cvq:mtme_metricx_xxl_MQM_2020-refA,cvq,0.8845
ende,02,0.01,weighted_cvu:mtme_metricx_xxl_MQM_2020-refA,cvu,0.886
ende,02,0.01,weighted_cvo:mtme_BERTScore-refA,cvo,0.928
ende,02,0.01,weighted_cvo:mtme_BLEU-refA,cvo,0.9245
ende,02,0.01,weighted_cvo:mtme_BLEURT-20-refA,cvo,0.92
ende,02,0.01,weighted_cvo:mtme_COMET-20-refA,cvo,0.919
ende,02,0.01,weighted_cvo:mtme_COMET-22-refA,cvo,0.9155
ende,02,0.01,weighted_cvo:mtme_COMET-QE-src,cvo,0.9185
ende,02,0.01,weighted_cvo:mtme_COMETKiwi-src,cvo,0.925
ende,02,0.01,weighted_cvo:mtme_Cross-QE-src,cvo,0.918
ende,02,0.01,weighted_cvo:mtme_HWTSC-TLM-src,cvo,0.9185
ende,02,0.01,weighted_cvo:mtme_HWTSC-Teacher-Sim-src,cvo,0.918
ende,02,0.01,weighted_cvo:mtme_KG-BERTScore-src,cvo,0.9175
ende,02,0.01,weighted_cvo:mtme_MATESE-QE-src,cvo,0.923
ende,02,0.01,weighted_cvo:mtme_MATESE-refA,cvo,0.927
ende,02,0.01,weighted_cvo:mtme_MEE-refA,cvo,0.9275
ende,02,0.01,weighted_cvo:mtme_MEE2-refA,cvo,0.928
ende,02,0.01,weighted_cvo:mtme_MEE4-refA,cvo,0.924
ende,02,0.01,weighted_cvo:mtme_MS-COMET-22-refA,cvo,0.921
ende,02,0.01,weighted_cvo:mtme_MS-COMET-QE-22-src,cvo,0.922
ende,02,0.01,weighted_cvo:mtme_REUSE-src,cvo,0.9225
ende,02,0.01,weighted_cvo:mtme_SEScore-refA,cvo,0.92
ende,02,0.01,weighted_cvo:mtme_UniTE-ref-refA,cvo,0.9265
ende,02,0.01,weighted_cvo:mtme_UniTE-refA,cvo,0.9255
ende,02,0.01,weighted_cvo:mtme_UniTE-src-src,cvo,0.9225
ende,02,0.01,weighted_cvo:mtme_YiSi-1-refA,cvo,0.9265
ende,02,0.01,weighted_cvo:mtme_chrF-refA,cvo,0.93
ende,02,0.01,weighted_cvo:mtme_f101spBLEU-refA,cvo,0.9255
ende,02,0.01,weighted_cvo:mtme_f200spBLEU-refA,cvo,0.9275
ende,02,0.01,weighted_cvo:mtme_metricx_xl_DA_2019-refA,cvo,0.9295
ende,02,0.01,weighted_cvo:mtme_metricx_xl_MQM_2020-refA,cvo,0.915
ende,02,0.01,weighted_cvo:mtme_metricx_xxl_DA_2019-refA,cvo,0.9185
ende,02,0.01,weighted_cvo:mtme_metricx_xxl_MQM_2020-refA,cvo,0.9125
ende,02,0.02,uniform,human,0.9275
ende,02,0.02,dedup,human,0.9225
ende,02,0.02,weighted,human,0.9225
ende,02,0.02,dedup_cvl:mtme_BERTScore-refA,cvl,0.927
ende,02,0.02,dedup_cvq:mtme_BERTScore-refA,cvq,0.9265
ende,02,0.02,dedup_cvu:mtme_BERTScore-refA,cvu,0.9265
ende,02,0.02,weighted_cvl:mtme_BERTScore-refA,cvl,0.927
ende,02,0.02,weighted_cvq:mtme_BERTScore-refA,cvq,0.923
ende,02,0.02,weighted_cvu:mtme_BERTScore-refA,cvu,0.927
ende,02,0.02,dedup_cvl:mtme_BLEU-refA,cvl,0.9235
ende,02,0.02,dedup_cvq:mtme_BLEU-refA,cvq,0.924
ende,02,0.02,dedup_cvu:mtme_BLEU-refA,cvu,0.924
ende,02,0.02,weighted_cvl:mtme_BLEU-refA,cvl,0.924
ende,02,0.02,weighted_cvq:mtme_BLEU-refA,cvq,0.9215
ende,02,0.02,weighted_cvu:mtme_BLEU-refA,cvu,0.9235
ende,02,0.02,dedup_cvl:mtme_BLEURT-20-refA,cvl,0.918
ende,02,0.02,dedup_cvq:mtme_BLEURT-20-refA,cvq,0.921
ende,02,0.02,dedup_cvu:mtme_BLEURT-20-refA,cvu,0.92
ende,02,0.02,weighted_cvl:mtme_BLEURT-20-refA,cvl,0.9135
ende,02,0.02,weighted_cvq:mtme_BLEURT-20-refA,cvq,0.913
ende,02,0.02,weighted_cvu:mtme_BLEURT-20-refA,cvu,0.912
ende,02,0.02,dedup_cvl:mtme_COMET-20-refA,cvl,0.922
ende,02,0.02,dedup_cvq:mtme_COMET-20-refA,cvq,0.9205
ende,02,0.02,dedup_cvu:mtme_COMET-20-refA,cvu,0.921
ende,02,0.02,weighted_cvl:mtme_COMET-20-refA,cvl,0.9205
ende,02,0.02,weighted_cvq:mtme_COMET-20-refA,cvq,0.919
ende,02,0.02,weighted_cvu:mtme_COMET-20-refA,cvu,0.921
ende,02,0.02,dedup_cvl:mtme_COMET-22-refA,cvl,0.9155
ende,02,0.02,dedup_cvq:mtme_COMET-22-refA,cvq,0.9145
ende,02,0.02,dedup_cvu:mtme_COMET-22-refA,cvu,0.9185
ende,02,0.02,weighted_cvl:mtme_COMET-22-refA,cvl,0.9195
ende,02,0.02,weighted_cvq:mtme_COMET-22-refA,cvq,0.9165
ende,02,0.02,weighted_cvu:mtme_COMET-22-refA,cvu,0.918
ende,02,0.02,dedup_cvl:mtme_COMET-QE-src,cvl,0.912
ende,02,0.02,dedup_cvq:mtme_COMET-QE-src,cvq,0.918
ende,02,0.02,dedup_cvu:mtme_COMET-QE-src,cvu,0.916
ende,02,0.02,weighted_cvl:mtme_COMET-QE-src,cvl,0.913
ende,02,0.02,weighted_cvq:mtme_COMET-QE-src,cvq,0.9115
ende,02,0.02,weighted_cvu:mtme_COMET-QE-src,cvu,0.911
ende,02,0.02,dedup_cvl:mtme_COMETKiwi-src,cvl,0.917
ende,02,0.02,dedup_cvq:mtme_COMETKiwi-src,cvq,0.9215
ende,02,0.02,dedup_cvu:mtme_COMETKiwi-src,cvu,0.92
ende,02,0.02,weighted_cvl:mtme_COMETKiwi-src,cvl,0.9185
ende,02,0.02,weighted_cvq:mtme_COMETKiwi-src,cvq,0.9225
ende,02,0.02,weighted_cvu:mtme_COMETKiwi-src,cvu,0.922
ende,02,0.02,dedup_cvl:mtme_Cross-QE-src,cvl,0.915
ende,02,0.02,dedup_cvq:mtme_Cross-QE-src,cvq,0.9125
ende,02,0.02,dedup_cvu:mtme_Cross-QE-src,cvu,0.9125
ende,02,0.02,weighted_cvl:mtme_Cross-QE-src,cvl,0.9125
ende,02,0.02,weighted_cvq:mtme_Cross-QE-src,cvq,0.9135
ende,02,0.02,weighted_cvu:mtme_Cross-QE-src,cvu,0.914
ende,02,0.02,dedup_cvl:mtme_HWTSC-TLM-src,cvl,0.9215
ende,02,0.02,dedup_cvq:mtme_HWTSC-TLM-src,cvq,0.923
ende,02,0.02,dedup_cvu:mtme_HWTSC-TLM-src,cvu,0.921
ende,02,0.02,weighted_cvl:mtme_HWTSC-TLM-src,cvl,0.916
ende,02,0.02,weighted_cvq:mtme_HWTSC-TLM-src,cvq,0.9155
ende,02,0.02,weighted_cvu:mtme_HWTSC-TLM-src,cvu,0.9135
ende,02,0.02,dedup_cvl:mtme_HWTSC-Teacher-Sim-src,cvl,0.9165
ende,02,0.02,dedup_cvq:mtme_HWTSC-Teacher-Sim-src,cvq,0.9185
ende,02,0.02,dedup_cvu:mtme_HWTSC-Teacher-Sim-src,cvu,0.918
ende,02,0.02,weighted_cvl:mtme_HWTSC-Teacher-Sim-src,cvl,0.916
ende,02,0.02,weighted_cvq:mtme_HWTSC-Teacher-Sim-src,cvq,0.915
ende,02,0.02,weighted_cvu:mtme_HWTSC-Teacher-Sim-src,cvu,0.9155
ende,02,0.02,dedup_cvl:mtme_KG-BERTScore-src,cvl,0.914
ende,02,0.02,dedup_cvq:mtme_KG-BERTScore-src,cvq,0.9145
ende,02,0.02,dedup_cvu:mtme_KG-BERTScore-src,cvu,0.9155
ende,02,0.02,weighted_cvl:mtme_KG-BERTScore-src,cvl,0.9165
ende,02,0.02,weighted_cvq:mtme_KG-BERTScore-src,cvq,0.9165
ende,02,0.02,weighted_cvu:mtme_KG-BERTScore-src,cvu,0.9175
ende,02,0.02,dedup_cvl:mtme_MATESE-QE-src,cvl,0.9235
ende,02,0.02,dedup_cvq:mtme_MATESE-QE-src,cvq,0.926
ende,02,0.02,dedup_cvu:mtme_MATESE-QE-src,cvu,0.925
ende,02,0.02,weighted_cvl:mtme_MATESE-QE-src,cvl,0.923
ende,02,0.02,weighted_cvq:mtme_MATESE-QE-src,cvq,0.9235
ende,02,0.02,weighted_cvu:mtme_MATESE-QE-src,cvu,0.923
ende,02,0.02,dedup_cvl:mtme_MATESE-refA,cvl,0.926
ende,02,0.02,dedup_cvq:mtme_MATESE-refA,cvq,0.9275
ende,02,0.02,dedup_cvu:mtme_MATESE-refA,cvu,0.9275
ende,02,0.02,weighted_cvl:mtme_MATESE-refA,cvl,0.927
ende,02,0.02,weighted_cvq:mtme_MATESE-refA,cvq,0.9265
ende,02,0.02,weighted_cvu:mtme_MATESE-refA,cvu,0.925
ende,02,0.02,dedup_cvl:mtme_MEE-refA,cvl,0.921
ende,02,0.02,dedup_cvq:mtme_MEE-refA,cvq,0.922
ende,02,0.02,dedup_cvu:mtme_MEE-refA,cvu,0.9235
ende,02,0.02,weighted_cvl:mtme_MEE-refA,cvl,0.93
ende,02,0.02,weighted_cvq:mtme_MEE-refA,cvq,0.9275
ende,02,0.02,weighted_cvu:mtme_MEE-refA,cvu,0.9295
ende,02,0.02,dedup_cvl:mtme_MEE2-refA,cvl,0.922
ende,02,0.02,dedup_cvq:mtme_MEE2-refA,cvq,0.9235
ende,02,0.02,dedup_cvu:mtme_MEE2-refA,cvu,0.923
ende,02,0.02,weighted_cvl:mtme_MEE2-refA,cvl,0.93
ende,02,0.02,weighted_cvq:mtme_MEE2-refA,cvq,0.9265
ende,02,0.02,weighted_cvu:mtme_MEE2-refA,cvu,0.931
ende,02,0.02,dedup_cvl:mtme_MEE4-refA,cvl,0.9235
ende,02,0.02,dedup_cvq:mtme_MEE4-refA,cvq,0.9245
ende,02,0.02,dedup_cvu:mtme_MEE4-refA,cvu,0.9245
ende,02,0.02,weighted_cvl:mtme_MEE4-refA,cvl,0.929
ende,02,0.02,weighted_cvq:mtme_MEE4-refA,cvq,0.925
ende,02,0.02,weighted_cvu:mtme_MEE4-refA,cvu,0.9275
ende,02,0.02,dedup_cvl:mtme_MS-COMET-22-refA,cvl,0.923
ende,02,0.02,dedup_cvq:mtme_MS-COMET-22-refA,cvq,0.924
ende,02,0.02,dedup_cvu:mtme_MS-COMET-22-refA,cvu,0.9215
ende,02,0.02,weighted_cvl:mtme_MS-COMET-22-refA,cvl,0.921
ende,02,0.02,weighted_cvq:mtme_MS-COMET-22-refA,cvq,0.9215
ende,02,0.02,weighted_cvu:mtme_MS-COMET-22-refA,cvu,0.9205
ende,02,0.02,dedup_cvl:mtme_MS-COMET-QE-22-src,cvl,0.924
ende,02,0.02,dedup_cvq:mtme_MS-COMET-QE-22-src,cvq,0.922
ende,02,0.02,dedup_cvu:mtme_MS-COMET-QE-22-src,cvu,0.926
ende,02,0.02,weighted_cvl:mtme_MS-COMET-QE-22-src,cvl,0.92
ende,02,0.02,weighted_cvq:mtme_MS-COMET-QE-22-src,cvq,0.92
ende,02,0.02,weighted_cvu:mtme_MS-COMET-QE-22-src,cvu,0.919
ende,02,0.02,dedup_cvl:mtme_REUSE-src,cvl,0.923
ende,02,0.02,dedup_cvq:mtme_REUSE-src,cvq,0.9225
ende,02,0.02,dedup_cvu:mtme_REUSE-src,cvu,0.924
ende,02,0.02,weighted_cvl:mtme_REUSE-src,cvl,0.922
ende,02,0.02,weighted_cvq:mtme_REUSE-src,cvq,0.921
ende,02,0.02,weighted_cvu:mtme_REUSE-src,cvu,0.921
ende,02,0.02,dedup_cvl:mtme_SEScore-refA,cvl,0.9155
ende,02,0.02,dedup_cvq:mtme_SEScore-refA,cvq,0.9205
ende,02,0.02,dedup_cvu:mtme_SEScore-refA,cvu,0.919
ende,02,0.02,weighted_cvl:mtme_SEScore-refA,cvl,0.9225
ende,02,0.02,weighted_cvq:mtme_SEScore-refA,cvq,0.9205
ende,02,0.02,weighted_cvu:mtme_SEScore-refA,cvu,0.922
ende,02,0.02,dedup_cvl:mtme_UniTE-ref-refA,cvl,0.92
ende,02,0.02,dedup_cvq:mtme_UniTE-ref-refA,cvq,0.9205
ende,02,0.02,dedup_cvu:mtme_UniTE-ref-refA,cvu,0.9235
ende,02,0.02,weighted_cvl:mtme_UniTE-ref-refA,cvl,0.9255
ende,02,0.02,weighted_cvq:mtme_UniTE-ref-refA,cvq,0.9235
ende,02,0.02,weighted_cvu:mtme_UniTE-ref-refA,cvu,0.924
ende,02,0.02,dedup_cvl:mtme_UniTE-refA,cvl,0.924
ende,02,0.02,dedup_cvq:mtme_UniTE-refA,cvq,0.923
ende,02,0.02,dedup_cvu:mtme_UniTE-refA,cvu,0.925
ende,02,0.02,weighted_cvl:mtme_UniTE-refA,cvl,0.923
ende,02,0.02,weighted_cvq:mtme_UniTE-refA,cvq,0.9205
ende,02,0.02,weighted_cvu:mtme_UniTE-refA,cvu,0.9225
ende,02,0.02,dedup_cvl:mtme_UniTE-src-src,cvl,0.923
ende,02,0.02,dedup_cvq:mtme_UniTE-src-src,cvq,0.9255
ende,02,0.02,dedup_cvu:mtme_UniTE-src-src,cvu,0.9225
ende,02,0.02,weighted_cvl:mtme_UniTE-src-src,cvl,0.921
ende,02,0.02,weighted_cvq:mtme_UniTE-src-src,cvq,0.9215
ende,02,0.02,weighted_cvu:mtme_UniTE-src-src,cvu,0.922
ende,02,0.02,dedup_cvl:mtme_YiSi-1-refA,cvl,0.925
ende,02,0.02,dedup_cvq:mtme_YiSi-1-refA,cvq,0.9255
ende,02,0.02,dedup_cvu:mtme_YiSi-1-refA,cvu,0.9275
ende,02,0.02,weighted_cvl:mtme_YiSi-1-refA,cvl,0.925
ende,02,0.02,weighted_cvq:mtme_YiSi-1-refA,cvq,0.922
ende,02,0.02,weighted_cvu:mtme_YiSi-1-refA,cvu,0.923
ende,02,0.02,dedup_cvl:mtme_chrF-refA,cvl,0.925
ende,02,0.02,dedup_cvq:mtme_chrF-refA,cvq,0.922
ende,02,0.02,dedup_cvu:mtme_chrF-refA,cvu,0.9255
ende,02,0.02,weighted_cvl:mtme_chrF-refA,cvl,0.924
ende,02,0.02,weighted_cvq:mtme_chrF-refA,cvq,0.9245
ende,02,0.02,weighted_cvu:mtme_chrF-refA,cvu,0.924
ende,02,0.02,dedup_cvl:mtme_f101spBLEU-refA,cvl,0.9235
ende,02,0.02,dedup_cvq:mtme_f101spBLEU-refA,cvq,0.926
ende,02,0.02,dedup_cvu:mtme_f101spBLEU-refA,cvu,0.926
ende,02,0.02,weighted_cvl:mtme_f101spBLEU-refA,cvl,0.925
ende,02,0.02,weighted_cvq:mtme_f101spBLEU-refA,cvq,0.921
ende,02,0.02,weighted_cvu:mtme_f101spBLEU-refA,cvu,0.926
ende,02,0.02,dedup_cvl:mtme_f200spBLEU-refA,cvl,0.9235
ende,02,0.02,dedup_cvq:mtme_f200spBLEU-refA,cvq,0.924
ende,02,0.02,dedup_cvu:mtme_f200spBLEU-refA,cvu,0.9245
ende,02,0.02,weighted_cvl:mtme_f200spBLEU-refA,cvl,0.926
ende,02,0.02,weighted_cvq:mtme_f200spBLEU-refA,cvq,0.922
ende,02,0.02,weighted_cvu:mtme_f200spBLEU-refA,cvu,0.9245
ende,02,0.02,dedup_cvl:mtme_metricx_xl_DA_2019-refA,cvl,0.9215
ende,02,0.02,dedup_cvq:mtme_metricx_xl_DA_2019-refA,cvq,0.9215
ende,02,0.02,dedup_cvu:mtme_metricx_xl_DA_2019-refA,cvu,0.924
ende,02,0.02,weighted_cvl:mtme_metricx_xl_DA_2019-refA,cvl,0.921
ende,02,0.02,weighted_cvq:mtme_metricx_xl_DA_2019-refA,cvq,0.9195
ende,02,0.02,weighted_cvu:mtme_metricx_xl_DA_2019-refA,cvu,0.92
ende,02,0.02,dedup_cvl:mtme_metricx_xl_MQM_2020-refA,cvl,0.903
ende,02,0.02,dedup_cvq:mtme_metricx_xl_MQM_2020-refA,cvq,0.9005
ende,02,0.02,dedup_cvu:mtme_metricx_xl_MQM_2020-refA,cvu,0.902
ende,02,0.02,weighted_cvl:mtme_metricx_xl_MQM_2020-refA,cvl,0.9025
ende,02,0.02,weighted_cvq:mtme_metricx_xl_MQM_2020-refA,cvq,0.8975
ende,02,0.02,weighted_cvu:mtme_metricx_xl_MQM_2020-refA,cvu,0.9015
ende,02,0.02,dedup_cvl:mtme_metricx_xxl_DA_2019-refA,cvl,0.913
ende,02,0.02,dedup_cvq:mtme_metricx_xxl_DA_2019-refA,cvq,0.9115
ende,02,0.02,dedup_cvu:mtme_metricx_xxl_DA_2019-refA,cvu,0.9105
ende,02,0.02,weighted_cvl:mtme_metricx_xxl_DA_2019-refA,cvl,0.9095
ende,02,0.02,weighted_cvq:mtme_metricx_xxl_DA_2019-refA,cvq,0.91
ende,02,0.02,weighted_cvu:mtme_metricx_xxl_DA_2019-refA,cvu,0.9095
ende,02,0.02,dedup_cvl:mtme_metricx_xxl_MQM_2020-refA,cvl,0.8995
ende,02,0.02,dedup_cvq:mtme_metricx_xxl_MQM_2020-refA,cvq,0.892
ende,02,0.02,dedup_cvu:mtme_metricx_xxl_MQM_2020-refA,cvu,0.896
ende,02,0.02,weighted_cvl:mtme_metricx_xxl_MQM_2020-refA,cvl,0.891
ende,02,0.02,weighted_cvq:mtme_metricx_xxl_MQM_2020-refA,cvq,0.8845
ende,02,0.02,weighted_cvu:mtme_metricx_xxl_MQM_2020-refA,cvu,0.886
ende,02,0.02,weighted_cvo:mtme_BERTScore-refA,cvo,0.928
ende,02,0.02,weighted_cvo:mtme_BLEU-refA,cvo,0.9245
ende,02,0.02,weighted_cvo:mtme_BLEURT-20-refA,cvo,0.92
ende,02,0.02,weighted_cvo:mtme_COMET-20-refA,cvo,0.919
ende,02,0.02,weighted_cvo:mtme_COMET-22-refA,cvo,0.9155
ende,02,0.02,weighted_cvo:mtme_COMET-QE-src,cvo,0.9185
ende,02,0.02,weighted_cvo:mtme_COMETKiwi-src,cvo,0.925
ende,02,0.02,weighted_cvo:mtme_Cross-QE-src,cvo,0.918
ende,02,0.02,weighted_cvo:mtme_HWTSC-TLM-src,cvo,0.9185
ende,02,0.02,weighted_cvo:mtme_HWTSC-Teacher-Sim-src,cvo,0.918
ende,02,0.02,weighted_cvo:mtme_KG-BERTScore-src,cvo,0.9175
ende,02,0.02,weighted_cvo:mtme_MATESE-QE-src,cvo,0.923
ende,02,0.02,weighted_cvo:mtme_MATESE-refA,cvo,0.927
ende,02,0.02,weighted_cvo:mtme_MEE-refA,cvo,0.9275
ende,02,0.02,weighted_cvo:mtme_MEE2-refA,cvo,0.928
ende,02,0.02,weighted_cvo:mtme_MEE4-refA,cvo,0.924
ende,02,0.02,weighted_cvo:mtme_MS-COMET-22-refA,cvo,0.921
ende,02,0.02,weighted_cvo:mtme_MS-COMET-QE-22-src,cvo,0.922
ende,02,0.02,weighted_cvo:mtme_REUSE-src,cvo,0.9225
ende,02,0.02,weighted_cvo:mtme_SEScore-refA,cvo,0.92
ende,02,0.02,weighted_cvo:mtme_UniTE-ref-refA,cvo,0.9265
ende,02,0.02,weighted_cvo:mtme_UniTE-refA,cvo,0.9255
ende,02,0.02,weighted_cvo:mtme_UniTE-src-src,cvo,0.9225
ende,02,0.02,weighted_cvo:mtme_YiSi-1-refA,cvo,0.9265
ende,02,0.02,weighted_cvo:mtme_chrF-refA,cvo,0.93
ende,02,0.02,weighted_cvo:mtme_f101spBLEU-refA,cvo,0.9255
ende,02,0.02,weighted_cvo:mtme_f200spBLEU-refA,cvo,0.9275
ende,02,0.02,weighted_cvo:mtme_metricx_xl_DA_2019-refA,cvo,0.9295
ende,02,0.02,weighted_cvo:mtme_metricx_xl_MQM_2020-refA,cvo,0.915
ende,02,0.02,weighted_cvo:mtme_metricx_xxl_DA_2019-refA,cvo,0.9185
ende,02,0.02,weighted_cvo:mtme_metricx_xxl_MQM_2020-refA,cvo,0.9125
ende,03,0.01,uniform,human,0.9485
ende,03,0.01,dedup,human,0.9455
ende,03,0.01,weighted,human,0.946
ende,03,0.01,dedup_cvl:mtme_BERTScore-refA,cvl,0.945
ende,03,0.01,dedup_cvq:mtme_BERTScore-refA,cvq,0.9415
ende,03,0.01,dedup_cvu:mtme_BERTScore-refA,cvu,0.9445
ende,03,0.01,weighted_cvl:mtme_BERTScore-refA,cvl,0.942
ende,03,0.01,weighted_cvq:mtme_BERTScore-refA,cvq,0.941
ende,03,0.01,weighted_cvu:mtme_BERTScore-refA,cvu,0.9415
ende,03,0.01,dedup_cvl:mtme_BLEU-refA,cvl,0.948
ende,03,0.01,dedup_cvq:mtme_BLEU-refA,cvq,0.945
ende,03,0.01,dedup_cvu:mtme_BLEU-refA,cvu,0.9465
ende,03,0.01,weighted_cvl:mtme_BLEU-refA,cvl,0.942
ende,03,0.01,weighted_cvq:mtme_BLEU-refA,cvq,0.9415
ende,03,0.01,weighted_cvu:mtme_BLEU-refA,cvu,0.942
ende,03,0.01,dedup_cvl:mtme_BLEURT-20-refA,cvl,0.941
ende,03,0.01,dedup_cvq:mtme_BLEURT-20-refA,cvq,0.9385
ende,03,0.01,dedup_cvu:mtme_BLEURT-20-refA,cvu,0.941
ende,03,0.01,weighted_cvl:mtme_BLEURT-20-refA,cvl,0.932
ende,03,0.01,weighted_cvq:mtme_BLEURT-20-refA,cvq,0.932
ende,03,0.01,weighted_cvu:mtme_BLEURT-20-refA,cvu,0.934
ende,03,0.01,dedup_cvl:mtme_COMET-20-refA,cvl,0.9435
ende,03,0.01,dedup_cvq:mtme_COMET-20-refA,cvq,0.947
ende,03,0.01,dedup_cvu:mtme_COMET-20-refA,cvu,0.944
ende,03,0.01,weighted_cvl:mtme_COMET-20-refA,cvl,0.945
ende,03,0.01,weighted_cvq:mtme_COMET-20-refA,cvq,0.9435
ende,03,0.01,weighted_cvu:mtme_COMET-20-refA,cvu,0.945
ende,03,0.01,dedup_cvl:mtme_COMET-22-refA,cvl,0.93
ende,03,0.01,dedup_cvq:mtme_COMET-22-refA,cvq,0.931
ende,03,0.01,dedup_cvu:mtme_COMET-22-refA,cvu,0.931
ende,03,0.01,weighted_cvl:mtme_COMET-22-refA,cvl,0.9305
ende,03,0.01,weighted_cvq:mtme_COMET-22-refA,cvq,0.9295
ende,03,0.01,weighted_cvu:mtme_COMET-22-refA,cvu,0.931
ende,03,0.01,dedup_cvl:mtme_COMET-QE-src,cvl,0.9425
ende,03,0.01,dedup_cvq:mtme_COMET-QE-src,cvq,0.9435
ende,03,0.01,dedup_cvu:mtme_COMET-QE-src,cvu,0.942
ende,03,0.01,weighted_cvl:mtme_COMET-QE-src,cvl,0.9355
ende,03,0.01,weighted_cvq:mtme_COMET-QE-src,cvq,0.935
ende,03,0.01,weighted_cvu:mtme_COMET-QE-src,cvu,0.9365
ende,03,0.01,dedup_cvl:mtme_COMETKiwi-src,cvl,0.9405
ende,03,0.01,dedup_cvq:mtme_COMETKiwi-src,cvq,0.942
ende,03,0.01,dedup_cvu:mtme_COMETKiwi-src,cvu,0.943
ende,03,0.01,weighted_cvl:mtme_COMETKiwi-src,cvl,0.9365
ende,03,0.01,weighted_cvq:mtme_COMETKiwi-src,cvq,0.939
ende,03,0.01,weighted_cvu:mtme_COMETKiwi-src,cvu,0.9385
ende,03,0.01,dedup_cvl:mtme_Cross-QE-src,cvl,0.941
ende,03,0.01,dedup_cvq:mtme_Cross-QE-src,cvq,0.9425
ende,03,0.01,dedup_cvu:mtme_Cross-QE-src,cvu,0.9405
ende,03,0.01,weighted_cvl:mtme_Cross-QE-src,cvl,0.9335
ende,03,0.01,weighted_cvq:mtme_Cross-QE-src,cvq,0.9375
ende,03,0.01,weighted_cvu:mtme_Cross-QE-src,cvu,0.937
ende,03,0.01,dedup_cvl:mtme_HWTSC-TLM-src,cvl,0.941
ende,03,0.01,dedup_cvq:mtme_HWTSC-TLM-src,cvq,0.9415
ende,03,0.01,dedup_cvu:mtme_HWTSC-TLM-src,cvu,0.941
ende,03,0.01,weighted_cvl:mtme_HWTSC-TLM-src,cvl,0.943
ende,03,0.01,weighted_cvq:mtme_HWTSC-TLM-src,cvq,0.9425
ende,03,0.01,weighted_cvu:mtme_HWTSC-TLM-src,cvu,0.943
ende,03,0.01,dedup_cvl:mtme_HWTSC-Teacher-Sim-src,cvl,0.942
ende,03,0.01,dedup_cvq:mtme_HWTSC-Teacher-Sim-src,cvq,0.942
ende,03,0.01,dedup_cvu:mtme_HWTSC-Teacher-Sim-src,cvu,0.9415
ende,03,0.01,weighted_cvl:mtme_HWTSC-Teacher-Sim-src,cvl,0.9455
ende,03,0.01,weighted_cvq:mtme_HWTSC-Teacher-Sim-src,cvq,0.944
ende,03,0.01,weighted_cvu:mtme_HWTSC-Teacher-Sim-src,cvu,0.9435
ende,03,0.01,dedup_cvl:mtme_KG-BERTScore-src,cvl,0.9425
ende,03,0.01,dedup_cvq:mtme_KG-BERTScore-src,cvq,0.9435
ende,03,0.01,dedup_cvu:mtme_KG-BERTScore-src,cvu,0.943
ende,03,0.01,weighted_cvl:mtme_KG-BERTScore-src,cvl,0.942
ende,03,0.01,weighted_cvq:mtme_KG-BERTScore-src,cvq,0.942
ende,03,0.01,weighted_cvu:mtme_KG-BERTScore-src,cvu,0.943
ende,03,0.01,dedup_cvl:mtme_MATESE-QE-src,cvl,0.9405
ende,03,0.01,dedup_cvq:mtme_MATESE-QE-src,cvq,0.9395
ende,03,0.01,dedup_cvu:mtme_MATESE-QE-src,cvu,0.9405
ende,03,0.01,weighted_cvl:mtme_MATESE-QE-src,cvl,0.938
ende,03,0.01,weighted_cvq:mtme_MATESE-QE-src,cvq,0.9415
ende,03,0.01,weighted_cvu:mtme_MATESE-QE-src,cvu,0.942
ende,03,0.01,dedup_cvl:mtme_MATESE-refA,cvl,0.942
ende,03,0.01,dedup_cvq:mtme_MATESE-refA,cvq,0.942
ende,03,0.01,dedup_cvu:mtme_MATESE-refA,cvu,0.942
ende,03,0.01,weighted_cvl:mtme_MATESE-refA,cvl,0.941
ende,03,0.01,weighted_cvq:mtme_MATESE-refA,cvq,0.941
ende,03,0.01,weighted_cvu:mtme_MATESE-refA,cvu,0.9375
ende,03,0.01,dedup_cvl:mtme_MEE-refA,cvl,0.943
ende,03,0.01,dedup_cvq:mtme_MEE-refA,cvq,0.943
ende,03,0.01,dedup_cvu:mtme_MEE-refA,cvu,0.9415
ende,03,0.01,weighted_cvl:mtme_MEE-refA,cvl,0.9405
ende,03,0.01,weighted_cvq:mtme_MEE-refA,cvq,0.942
ende,03,0.01,weighted_cvu:mtme_MEE-refA,cvu,0.9405
ende,03,0.01,dedup_cvl:mtme_MEE2-refA,cvl,0.9425
ende,03,0.01,dedup_cvq:mtme_MEE2-refA,cvq,0.9405
ende,03,0.01,dedup_cvu:mtme_MEE2-refA,cvu,0.942
ende,03,0.01,weighted_cvl:mtme_MEE2-refA,cvl,0.941
ende,03,0.01,weighted_cvq:mtme_MEE2-refA,cvq,0.9415
ende,03,0.01,weighted_cvu:mtme_MEE2-refA,cvu,0.9405
ende,03,0.01,dedup_cvl:mtme_MEE4-refA,cvl,0.941
ende,03,0.01,dedup_cvq:mtme_MEE4-refA,cvq,0.9415
ende,03,0.01,dedup_cvu:mtme_MEE4-refA,cvu,0.9415
ende,03,0.01,weighted_cvl:mtme_MEE4-refA,cvl,0.942
ende,03,0.01,weighted_cvq:mtme_MEE4-refA,cvq,0.942
ende,03,0.01,weighted_cvu:mtme_MEE4-refA,cvu,0.9415
ende,03,0.01,dedup_cvl:mtme_MS-COMET-22-refA,cvl,0.948
ende,03,0.01,dedup_cvq:mtme_MS-COMET-22-refA,cvq,0.9475
ende,03,0.01,dedup_cvu:mtme_MS-COMET-22-refA,cvu,0.946
ende,03,0.01,weighted_cvl:mtme_MS-COMET-22-refA,cvl,0.9405
ende,03,0.01,weighted_cvq:mtme_MS-COMET-22-refA,cvq,0.9425
ende,03,0.01,weighted_cvu:mtme_MS-COMET-22-refA,cvu,0.9415
ende,03,0.01,dedup_cvl:mtme_MS-COMET-QE-22-src,cvl,0.9475
ende,03,0.01,dedup_cvq:mtme_MS-COMET-QE-22-src,cvq,0.9475
ende,03,0.01,dedup_cvu:mtme_MS-COMET-QE-22-src,cvu,0.947
ende,03,0.01,weighted_cvl:mtme_MS-COMET-QE-22-src,cvl,0.948
ende,03,0.01,weighted_cvq:mtme_MS-COMET-QE-22-src,cvq,0.9465
ende,03,0.01,weighted_cvu:mtme_MS-COMET-QE-22-src,cvu,0.9455
ende,03,0.01,dedup_cvl:mtme_REUSE-src,cvl,0.944
ende,03,0.01,dedup_cvq:mtme_REUSE-src,cvq,0.944
ende,03,0.01,dedup_cvu:mtme_REUSE-src,cvu,0.9445
ende,03,0.01,weighted_cvl:mtme_REUSE-src,cvl,0.945
ende,03,0.01,weighted_cvq:mtme_REUSE-src,cvq,0.9455
ende,03,0.01,weighted_cvu:mtme_REUSE-src,cvu,0.945
ende,03,0.01,dedup_cvl:mtme_SEScore-refA,cvl,0.943
ende,03,0.01,dedup_cvq:mtme_SEScore-refA,cvq,0.942
ende,03,0.01,dedup_cvu:mtme_SEScore-refA,cvu,0.943
ende,03,0.01,weighted_cvl:mtme_SEScore-refA,cvl,0.9395
ende,03,0.01,weighted_cvq:mtme_SEScore-refA,cvq,0.94
ende,03,0.01,weighted_cvu:mtme_SEScore-refA,cvu,0.9395
ende,03,0.01,dedup_cvl:mtme_UniTE-ref-refA,cvl,0.927
ende,03,0.01,dedup_cvq:mtme_UniTE-ref-refA,cvq,0.924
ende,03,0.01,dedup_cvu:mtme_UniTE-ref-refA,cvu,0.926
ende,03,0.01,weighted_cvl:mtme_UniTE-ref-refA,cvl,0.928
ende,03,0.01,weighted_cvq:mtme_UniTE-ref-refA,cvq,0.9265
ende,03,0.01,weighted_cvu:mtme_UniTE-ref-refA,cvu,0.9305
ende,03,0.01,dedup_cvl:mtme_UniTE-refA,cvl,0.927
ende,03,0.01,dedup_cvq:mtme_UniTE-refA,cvq,0.9225
ende,03,0.01,dedup_cvu:mtme_UniTE-refA,cvu,0.926
ende,03,0.01,weighted_cvl:mtme_UniTE-refA,cvl,0.9235
ende,03,0.01,weighted_cvq:mtme_UniTE-refA,cvq,0.921
ende,03,0.01,weighted_cvu:mtme_UniTE-refA,cvu,0.9245
ende,03,0.01,dedup_cvl:mtme_UniTE-src-src,cvl,0.9405
ende,03,0.01,dedup_cvq:mtme_UniTE-src-src,cvq,0.939
ende,03,0.01,dedup_cvu:mtme_UniTE-src-src,cvu,0.9405
ende,03,0.01,weighted_cvl:mtme_UniTE-src-src,cvl,0.934
ende,03,0.01,weighted_cvq:mtme_UniTE-src-src,cvq,0.9355
ende,03,0.01,weighted_cvu:mtme_UniTE-src-src,cvu,0.936
ende,03,0.01,dedup_cvl:mtme_YiSi-1-refA,cvl,0.9485
ende,03,0.01,dedup_cvq:mtme_YiSi-1-refA,cvq,0.9455
ende,03,0.01,dedup_cvu:mtme_YiSi-1-refA,cvu,0.947
ende,03,0.01,weighted_cvl:mtme_YiSi-1-refA,cvl,0.9415
ende,03,0.01,weighted_cvq:mtme_YiSi-1-refA,cvq,0.9415
ende,03,0.01,weighted_cvu:mtme_YiSi-1-refA,cvu,0.944
ende,03,0.01,dedup_cvl:mtme_chrF-refA,cvl,0.945
ende,03,0.01,dedup_cvq:mtme_chrF-refA,cvq,0.9445
ende,03,0.01,dedup_cvu:mtme_chrF-refA,cvu,0.9455
ende,03,0.01,weighted_cvl:mtme_chrF-refA,cvl,0.942
ende,03,0.01,weighted_cvq:mtme_chrF-refA,cvq,0.9405
ende,03,0.01,weighted_cvu:mtme_chrF-refA,cvu,0.943
ende,03,0.01,dedup_cvl:mtme_f101spBLEU-refA,cvl,0.9465
ende,03,0.01,dedup_cvq:mtme_f101spBLEU-refA,cvq,0.9465
ende,03,0.01,dedup_cvu:mtme_f101spBLEU-refA,cvu,0.948
ende,03,0.01,weighted_cvl:mtme_f101spBLEU-refA,cvl,0.9415
ende,03,0.01,weighted_cvq:mtme_f101spBLEU-refA,cvq,0.9415
ende,03,0.01,weighted_cvu:mtme_f101spBLEU-refA,cvu,0.942
ende,03,0.01,dedup_cvl:mtme_f200spBLEU-refA,cvl,0.947
ende,03,0.01,dedup_cvq:mtme_f200spBLEU-refA,cvq,0.943
ende,03,0.01,dedup_cvu:mtme_f200spBLEU-refA,cvu,0.946
ende,03,0.01,weighted_cvl:mtme_f200spBLEU-refA,cvl,0.9415
ende,03,0.01,weighted_cvq:mtme_f200spBLEU-refA,cvq,0.941
ende,03,0.01,weighted_cvu:mtme_f200spBLEU-refA,cvu,0.9425
ende,03,0.01,dedup_cvl:mtme_metricx_xl_DA_2019-refA,cvl,0.9295
ende,03,0.01,dedup_cvq:mtme_metricx_xl_DA_2019-refA,cvq,0.927
ende,03,0.01,dedup_cvu:mtme_metricx_xl_DA_2019-refA,cvu,0.9265
ende,03,0.01,weighted_cvl:mtme_metricx_xl_DA_2019-refA,cvl,0.933
ende,03,0.01,weighted_cvq:mtme_metricx_xl_DA_2019-refA,cvq,0.933
ende,03,0.01,weighted_cvu:mtme_metricx_xl_DA_2019-refA,cvu,0.931
ende,03,0.01,dedup_cvl:mtme_metricx_xl_MQM_2020-refA,cvl,0.915
ende,03,0.01,dedup_cvq:mtme_metricx_xl_MQM_2020-refA,cvq,0.9155
ende,03,0.01,dedup_cvu:mtme_metricx_xl_MQM_2020-refA,cvu,0.9155
ende,03,0.01,weighted_cvl:mtme_metricx_xl_MQM_2020-refA,cvl,0.9155
ende,03,0.01,weighted_cvq:mtme_metricx_xl_MQM_2020-refA,cvq,0.9095
ende,03,0.01,weighted_cvu:mtme_metricx_xl_MQM_2020-refA,cvu,0.913
ende,03,0.01,dedup_cvl:mtme_metricx_xxl_DA_2019-refA,cvl,0.9305
ende,03,0.01,dedup_cvq:mtme_metricx_xxl_DA_2019-refA,cvq,0.924
ende,03,0.01,dedup_cvu:mtme_metricx_xxl_DA_2019-refA,cvu,0.9285
ende,03,0.01,weighted_cvl:mtme_metricx_xxl_DA_2019-refA,cvl,0.9315
ende,03,0.01,weighted_cvq:mtme_metricx_xxl_DA_2019-refA,cvq,0.9295
ende,03,0.01,weighted_cvu:mtme_metricx_xxl_DA_2019-refA,cvu,0.9315
ende,03,0.01,dedup_cvl:mtme_metricx_xxl_MQM_2020-refA,cvl,0.9225
ende,03,0.01,dedup_cvq:mtme_metricx_xxl_MQM_2020-refA,cvq,0.9175
ende,03,0.01,dedup_cvu:mtme_metricx_xxl_MQM_2020-refA,cvu,0.9205
ende,03,0.01,weighted_cvl:mtme_metricx_xxl_MQM_2020-refA,cvl,0.9195
ende,03,0.01,weighted_cvq:mtme_metricx_xxl_MQM_2020-refA,cvq,0.917
ende,03,0.01,weighted_cvu:mtme_metricx_xxl_MQM_2020-refA,cvu,0.922
ende,03,0.01,weighted_cvo:mtme_BERTScore-refA,cvo,0.9465
ende,03,0.01,weighted_cvo:mtme_BLEU-refA,cvo,0.944
ende,03,0.01,weighted_cvo:mtme_BLEURT-20-refA,cvo,0.9375
ende,03,0.01,weighted_cvo:mtme_COMET-20-refA,cvo,0.9455
ende,03,0.01,weighted_cvo:mtme_COMET-22-refA,cvo,0.9415
ende,03,0.01,weighted_cvo:mtme_COMET-QE-src,cvo,0.9435
ende,03,0.01,weighted_cvo:mtme_COMETKiwi-src,cvo,0.946
ende,03,0.01,weighted_cvo:mtme_Cross-QE-src,cvo,0.947
ende,03,0.01,weighted_cvo:mtme_HWTSC-TLM-src,cvo,0.946
ende,03,0.01,weighted_cvo:mtme_HWTSC-Teacher-Sim-src,cvo,0.947
ende,03,0.01,weighted_cvo:mtme_KG-BERTScore-src,cvo,0.9445
ende,03,0.01,weighted_cvo:mtme_MATESE-QE-src,cvo,0.945
ende,03,0.01,weighted_cvo:mtme_MATESE-refA,cvo,0.9465
ende,03,0.01,weighted_cvo:mtme_MEE-refA,cvo,0.9445
ende,03,0.01,weighted_cvo:mtme_MEE2-refA,cvo,0.9435
ende,03,0.01,weighted_cvo:mtme_MEE4-refA,cvo,0.9425
ende,03,0.01,weighted_cvo:mtme_MS-COMET-22-refA,cvo,0.949
ende,03,0.01,weighted_cvo:mtme_MS-COMET-QE-22-src,cvo,0.948
ende,03,0.01,weighted_cvo:mtme_REUSE-src,cvo,0.946
ende,03,0.01,weighted_cvo:mtme_SEScore-refA,cvo,0.9465
ende,03,0.01,weighted_cvo:mtme_UniTE-ref-refA,cvo,0.936
ende,03,0.01,weighted_cvo:mtme_UniTE-refA,cvo,0.932
ende,03,0.01,weighted_cvo:mtme_UniTE-src-src,cvo,0.942
ende,03,0.01,weighted_cvo:mtme_YiSi-1-refA,cvo,0.944
ende,03,0.01,weighted_cvo:mtme_chrF-refA,cvo,0.9455
ende,03,0.01,weighted_cvo:mtme_f101spBLEU-refA,cvo,0.9445
ende,03,0.01,weighted_cvo:mtme_f200spBLEU-refA,cvo,0.9435
ende,03,0.01,weighted_cvo:mtme_metricx_xl_DA_2019-refA,cvo,0.9435
ende,03,0.01,weighted_cvo:mtme_metricx_xl_MQM_2020-refA,cvo,0.934
ende,03,0.01,weighted_cvo:mtme_metricx_xxl_DA_2019-refA,cvo,0.941
ende,03,0.01,weighted_cvo:mtme_metricx_xxl_MQM_2020-refA,cvo,0.939
ende,03,0.02,uniform,human,0.9485
ende,03,0.02,dedup,human,0.9455
ende,03,0.02,weighted,human,0.946
ende,03,0.02,dedup_cvl:mtme_BERTScore-refA,cvl,0.945
ende,03,0.02,dedup_cvq:mtme_BERTScore-refA,cvq,0.9415
ende,03,0.02,dedup_cvu:mtme_BERTScore-refA,cvu,0.9445
ende,03,0.02,weighted_cvl:mtme_BERTScore-refA,cvl,0.942
ende,03,0.02,weighted_cvq:mtme_BERTScore-refA,cvq,0.941
ende,03,0.02,weighted_cvu:mtme_BERTScore-refA,cvu,0.9415
ende,03,0.02,dedup_cvl:mtme_BLEU-refA,cvl,0.948
ende,03,0.02,dedup_cvq:mtme_BLEU-refA,cvq,0.945
ende,03,0.02,dedup_cvu:mtme_BLEU-refA,cvu,0.9465
ende,03,0.02,weighted_cvl:mtme_BLEU-refA,cvl,0.942
ende,03,0.02,weighted_cvq:mtme_BLEU-refA,cvq,0.9415
ende,03,0.02,weighted_cvu:mtme_BLEU-refA,cvu,0.942
ende,03,0.02,dedup_cvl:mtme_BLEURT-20-refA,cvl,0.941
ende,03,0.02,dedup_cvq:mtme_BLEURT-20-refA,cvq,0.9385
ende,03,0.02,dedup_cvu:mtme_BLEURT-20-refA,cvu,0.941
ende,03,0.02,weighted_cvl:mtme_BLEURT-20-refA,cvl,0.932
ende,03,0.02,weighted_cvq:mtme_BLEURT-20-refA,cvq,0.932
ende,03,0.02,weighted_cvu:mtme_BLEURT-20-refA,cvu,0.934
ende,03,0.02,dedup_cvl:mtme_COMET-20-refA,cvl,0.9435
ende,03,0.02,dedup_cvq:mtme_COMET-20-refA,cvq,0.947
ende,03,0.02,dedup_cvu:mtme_COMET-20-refA,cvu,0.944
ende,03,0.02,weighted_cvl:mtme_COMET-20-refA,cvl,0.945
ende,03,0.02,weighted_cvq:mtme_COMET-20-refA,cvq,0.9435
ende,03,0.02,weighted_cvu:mtme_COMET-20-refA,cvu,0.945
ende,03,0.02,dedup_cvl:mtme_COMET-22-refA,cvl,0.93
ende,03,0.02,dedup_cvq:mtme_COMET-22-refA,cvq,0.931
ende,03,0.02,dedup_cvu:mtme_COMET-22-refA,cvu,0.931
ende,03,0.02,weighted_cvl:mtme_COMET-22-refA,cvl,0.9305
ende,03,0.02,weighted_cvq:mtme_COMET-22-refA,cvq,0.9295
ende,03,0.02,weighted_cvu:mtme_COMET-22-refA,cvu,0.931
ende,03,0.02,dedup_cvl:mtme_COMET-QE-src,cvl,0.9425
ende,03,0.02,dedup_cvq:mtme_COMET-QE-src,cvq,0.9435
ende,03,0.02,dedup_cvu:mtme_COMET-QE-src,cvu,0.942
ende,03,0.02,weighted_cvl:mtme_COMET-QE-src,cvl,0.9355
ende,03,0.02,weighted_cvq:mtme_COMET-QE-src,cvq,0.935
ende,03,0.02,weighted_cvu:mtme_COMET-QE-src,cvu,0.9365
ende,03,0.02,dedup_cvl:mtme_COMETKiwi-src,cvl,0.9405
ende,03,0.02,dedup_cvq:mtme_COMETKiwi-src,cvq,0.942
ende,03,0.02,dedup_cvu:mtme_COMETKiwi-src,cvu,0.943
ende,03,0.02,weighted_cvl:mtme_COMETKiwi-src,cvl,0.9365
ende,03,0.02,weighted_cvq:mtme_COMETKiwi-src,cvq,0.939
ende,03,0.02,weighted_cvu:mtme_COMETKiwi-src,cvu,0.9385
ende,03,0.02,dedup_cvl:mtme_Cross-QE-src,cvl,0.941
ende,03,0.02,dedup_cvq:mtme_Cross-QE-src,cvq,0.9425
ende,03,0.02,dedup_cvu:mtme_Cross-QE-src,cvu,0.9405
ende,03,0.02,weighted_cvl:mtme_Cross-QE-src,cvl,0.9335
ende,03,0.02,weighted_cvq:mtme_Cross-QE-src,cvq,0.9375
ende,03,0.02,weighted_cvu:mtme_Cross-QE-src,cvu,0.937
ende,03,0.02,dedup_cvl:mtme_HWTSC-TLM-src,cvl,0.941
ende,03,0.02,dedup_cvq:mtme_HWTSC-TLM-src,cvq,0.9415
ende,03,0.02,dedup_cvu:mtme_HWTSC-TLM-src,cvu,0.941
ende,03,0.02,weighted_cvl:mtme_HWTSC-TLM-src,cvl,0.943
ende,03,0.02,weighted_cvq:mtme_HWTSC-TLM-src,cvq,0.9425
ende,03,0.02,weighted_cvu:mtme_HWTSC-TLM-src,cvu,0.943
ende,03,0.02,dedup_cvl:mtme_HWTSC-Teacher-Sim-src,cvl,0.942
ende,03,0.02,dedup_cvq:mtme_HWTSC-Teacher-Sim-src,cvq,0.942
ende,03,0.02,dedup_cvu:mtme_HWTSC-Teacher-Sim-src,cvu,0.9415
ende,03,0.02,weighted_cvl:mtme_HWTSC-Teacher-Sim-src,cvl,0.9455
ende,03,0.02,weighted_cvq:mtme_HWTSC-Teacher-Sim-src,cvq,0.944
ende,03,0.02,weighted_cvu:mtme_HWTSC-Teacher-Sim-src,cvu,0.9435
ende,03,0.02,dedup_cvl:mtme_KG-BERTScore-src,cvl,0.9425
ende,03,0.02,dedup_cvq:mtme_KG-BERTScore-src,cvq,0.9435
ende,03,0.02,dedup_cvu:mtme_KG-BERTScore-src,cvu,0.943
ende,03,0.02,weighted_cvl:mtme_KG-BERTScore-src,cvl,0.942
ende,03,0.02,weighted_cvq:mtme_KG-BERTScore-src,cvq,0.942
ende,03,0.02,weighted_cvu:mtme_KG-BERTScore-src,cvu,0.943
ende,03,0.02,dedup_cvl:mtme_MATESE-QE-src,cvl,0.9405
ende,03,0.02,dedup_cvq:mtme_MATESE-QE-src,cvq,0.9395
ende,03,0.02,dedup_cvu:mtme_MATESE-QE-src,cvu,0.9405
ende,03,0.02,weighted_cvl:mtme_MATESE-QE-src,cvl,0.938
ende,03,0.02,weighted_cvq:mtme_MATESE-QE-src,cvq,0.9415
ende,03,0.02,weighted_cvu:mtme_MATESE-QE-src,cvu,0.942
ende,03,0.02,dedup_cvl:mtme_MATESE-refA,cvl,0.942
ende,03,0.02,dedup_cvq:mtme_MATESE-refA,cvq,0.942
ende,03,0.02,dedup_cvu:mtme_MATESE-refA,cvu,0.942
ende,03,0.02,weighted_cvl:mtme_MATESE-refA,cvl,0.941
ende,03,0.02,weighted_cvq:mtme_MATESE-refA,cvq,0.941
ende,03,0.02,weighted_cvu:mtme_MATESE-refA,cvu,0.9375
ende,03,0.02,dedup_cvl:mtme_MEE-refA,cvl,0.943
ende,03,0.02,dedup_cvq:mtme_MEE-refA,cvq,0.943
ende,03,0.02,dedup_cvu:mtme_MEE-refA,cvu,0.9415
ende,03,0.02,weighted_cvl:mtme_MEE-refA,cvl,0.9405
ende,03,0.02,weighted_cvq:mtme_MEE-refA,cvq,0.942
ende,03,0.02,weighted_cvu:mtme_MEE-refA,cvu,0.9405
ende,03,0.02,dedup_cvl:mtme_MEE2-refA,cvl,0.9425
ende,03,0.02,dedup_cvq:mtme_MEE2-refA,cvq,0.9405
ende,03,0.02,dedup_cvu:mtme_MEE2-refA,cvu,0.942
ende,03,0.02,weighted_cvl:mtme_MEE2-refA,cvl,0.941
ende,03,0.02,weighted_cvq:mtme_MEE2-refA,cvq,0.9415
ende,03,0.02,weighted_cvu:mtme_MEE2-refA,cvu,0.9405
ende,03,0.02,dedup_cvl:mtme_MEE4-refA,cvl,0.941
ende,03,0.02,dedup_cvq:mtme_MEE4-refA,cvq,0.9415
ende,03,0.02,dedup_cvu:mtme_MEE4-refA,cvu,0.9415
ende,03,0.02,weighted_cvl:mtme_MEE4-refA,cvl,0.942
ende,03,0.02,weighted_cvq:mtme_MEE4-refA,cvq,0.942
ende,03,0.02,weighted_cvu:mtme_MEE4-refA,cvu,0.9415
ende,03,0.02,dedup_cvl:mtme_MS-COMET-22-refA,cvl,0.948
ende,03,0.02,dedup_cvq:mtme_MS-COMET-22-refA,cvq,0.9475
ende,03,0.02,dedup_cvu:mtme_MS-COMET-22-refA,cvu,0.946
ende,03,0.02,weighted_cvl:mtme_MS-COMET-22-refA,cvl,0.9405
ende,03,0.02,weighted_cvq:mtme_MS-COMET-22-refA,cvq,0.9425
ende,03,0.02,weighted_cvu:mtme_MS-COMET-22-refA,cvu,0.9415
ende,03,0.02,dedup_cvl:mtme_MS-COMET-QE-22-src,cvl,0.9475
ende,03,0.02,dedup_cvq:mtme_MS-COMET-QE-22-src,cvq,0.9475
ende,03,0.02,dedup_cvu:mtme_MS-COMET-QE-22-src,cvu,0.947
ende,03,0.02,weighted_cvl:mtme_MS-COMET-QE-22-src,cvl,0.948
ende,03,0.02,weighted_cvq:mtme_MS-COMET-QE-22-src,cvq,0.9465
ende,03,0.02,weighted_cvu:mtme_MS-COMET-QE-22-src,cvu,0.9455
ende,03,0.02,dedup_cvl:mtme_REUSE-src,cvl,0.944
ende,03,0.02,dedup_cvq:mtme_REUSE-src,cvq,0.944
ende,03,0.02,dedup_cvu:mtme_REUSE-src,cvu,0.9445
ende,03,0.02,weighted_cvl:mtme_REUSE-src,cvl,0.945
ende,03,0.02,weighted_cvq:mtme_REUSE-src,cvq,0.9455
ende,03,0.02,weighted_cvu:mtme_REUSE-src,cvu,0.945
ende,03,0.02,dedup_cvl:mtme_SEScore-refA,cvl,0.943
ende,03,0.02,dedup_cvq:mtme_SEScore-refA,cvq,0.942
ende,03,0.02,dedup_cvu:mtme_SEScore-refA,cvu,0.943
ende,03,0.02,weighted_cvl:mtme_SEScore-refA,cvl,0.9395
ende,03,0.02,weighted_cvq:mtme_SEScore-refA,cvq,0.94
ende,03,0.02,weighted_cvu:mtme_SEScore-refA,cvu,0.9395
ende,03,0.02,dedup_cvl:mtme_UniTE-ref-refA,cvl,0.927
ende,03,0.02,dedup_cvq:mtme_UniTE-ref-refA,cvq,0.924
ende,03,0.02,dedup_cvu:mtme_UniTE-ref-refA,cvu,0.926
ende,03,0.02,weighted_cvl:mtme_UniTE-ref-refA,cvl,0.928
ende,03,0.02,weighted_cvq:mtme_UniTE-ref-refA,cvq,0.9265
ende,03,0.02,weighted_cvu:mtme_UniTE-ref-refA,cvu,0.9305
ende,03,0.02,dedup_cvl:mtme_UniTE-refA,cvl,0.927
ende,03,0.02,dedup_cvq:mtme_UniTE-refA,cvq,0.9225
ende,03,0.02,dedup_cvu:mtme_UniTE-refA,cvu,0.926
ende,03,0.02,weighted_cvl:mtme_UniTE-refA,cvl,0.9235
ende,03,0.02,weighted_cvq:mtme_UniTE-refA,cvq,0.921
ende,03,0.02,weighted_cvu:mtme_UniTE-refA,cvu,0.9245
ende,03,0.02,dedup_cvl:mtme_UniTE-src-src,cvl,0.9405
ende,03,0.02,dedup_cvq:mtme_UniTE-src-src,cvq,0.939
ende,03,0.02,dedup_cvu:mtme_UniTE-src-src,cvu,0.9405
ende,03,0.02,weighted_cvl:mtme_UniTE-src-src,cvl,0.934
ende,03,0.02,weighted_cvq:mtme_UniTE-src-src,cvq,0.9355
ende,03,0.02,weighted_cvu:mtme_UniTE-src-src,cvu,0.936
ende,03,0.02,dedup_cvl:mtme_YiSi-1-refA,cvl,0.9485
ende,03,0.02,dedup_cvq:mtme_YiSi-1-refA,cvq,0.9455
ende,03,0.02,dedup_cvu:mtme_YiSi-1-refA,cvu,0.947
ende,03,0.02,weighted_cvl:mtme_YiSi-1-refA,cvl,0.9415
ende,03,0.02,weighted_cvq:mtme_YiSi-1-refA,cvq,0.9415
ende,03,0.02,weighted_cvu:mtme_YiSi-1-refA,cvu,0.944
ende,03,0.02,dedup_cvl:mtme_chrF-refA,cvl,0.945
ende,03,0.02,dedup_cvq:mtme_chrF-refA,cvq,0.9445
ende,03,0.02,dedup_cvu:mtme_chrF-refA,cvu,0.9455
ende,03,0.02,weighted_cvl:mtme_chrF-refA,cvl,0.942
ende,03,0.02,weighted_cvq:mtme_chrF-refA,cvq,0.9405
ende,03,0.02,weighted_cvu:mtme_chrF-refA,cvu,0.943
ende,03,0.02,dedup_cvl:mtme_f101spBLEU-refA,cvl,0.9465
ende,03,0.02,dedup_cvq:mtme_f101spBLEU-refA,cvq,0.9465
ende,03,0.02,dedup_cvu:mtme_f101spBLEU-refA,cvu,0.948
ende,03,0.02,weighted_cvl:mtme_f101spBLEU-refA,cvl,0.9415
ende,03,0.02,weighted_cvq:mtme_f101spBLEU-refA,cvq,0.9415
ende,03,0.02,weighted_cvu:mtme_f101spBLEU-refA,cvu,0.942
ende,03,0.02,dedup_cvl:mtme_f200spBLEU-refA,cvl,0.947
ende,03,0.02,dedup_cvq:mtme_f200spBLEU-refA,cvq,0.943
ende,03,0.02,dedup_cvu:mtme_f200spBLEU-refA,cvu,0.946
ende,03,0.02,weighted_cvl:mtme_f200spBLEU-refA,cvl,0.9415
ende,03,0.02,weighted_cvq:mtme_f200spBLEU-refA,cvq,0.941
ende,03,0.02,weighted_cvu:mtme_f200spBLEU-refA,cvu,0.9425
ende,03,0.02,dedup_cvl:mtme_metricx_xl_DA_2019-refA,cvl,0.9295
ende,03,0.02,dedup_cvq:mtme_metricx_xl_DA_2019-refA,cvq,0.927
ende,03,0.02,dedup_cvu:mtme_metricx_xl_DA_2019-refA,cvu,0.9265
ende,03,0.02,weighted_cvl:mtme_metricx_xl_DA_2019-refA,cvl,0.933
ende,03,0.02,weighted_cvq:mtme_metricx_xl_DA_2019-refA,cvq,0.933
ende,03,0.02,weighted_cvu:mtme_metricx_xl_DA_2019-refA,cvu,0.931
ende,03,0.02,dedup_cvl:mtme_metricx_xl_MQM_2020-refA,cvl,0.915
ende,03,0.02,dedup_cvq:mtme_metricx_xl_MQM_2020-refA,cvq,0.9155
ende,03,0.02,dedup_cvu:mtme_metricx_xl_MQM_2020-refA,cvu,0.9155
ende,03,0.02,weighted_cvl:mtme_metricx_xl_MQM_2020-refA,cvl,0.9155
ende,03,0.02,weighted_cvq:mtme_metricx_xl_MQM_2020-refA,cvq,0.9095
ende,03,0.02,weighted_cvu:mtme_metricx_xl_MQM_2020-refA,cvu,0.913
ende,03,0.02,dedup_cvl:mtme_metricx_xxl_DA_2019-refA,cvl,0.9305
ende,03,0.02,dedup_cvq:mtme_metricx_xxl_DA_2019-refA,cvq,0.924
ende,03,0.02,dedup_cvu:mtme_metricx_xxl_DA_2019-refA,cvu,0.9285
ende,03,0.02,weighted_cvl:mtme_metricx_xxl_DA_2019-refA,cvl,0.9315
ende,03,0.02,weighted_cvq:mtme_metricx_xxl_DA_2019-refA,cvq,0.9295
ende,03,0.02,weighted_cvu:mtme_metricx_xxl_DA_2019-refA,cvu,0.9315
ende,03,0.02,dedup_cvl:mtme_metricx_xxl_MQM_2020-refA,cvl,0.9225
ende,03,0.02,dedup_cvq:mtme_metricx_xxl_MQM_2020-refA,cvq,0.9175
ende,03,0.02,dedup_cvu:mtme_metricx_xxl_MQM_2020-refA,cvu,0.9205
ende,03,0.02,weighted_cvl:mtme_metricx_xxl_MQM_2020-refA,cvl,0.9195
ende,03,0.02,weighted_cvq:mtme_metricx_xxl_MQM_2020-refA,cvq,0.917
ende,03,0.02,weighted_cvu:mtme_metricx_xxl_MQM_2020-refA,cvu,0.922
ende,03,0.02,weighted_cvo:mtme_BERTScore-refA,cvo,0.9465
ende,03,0.02,weighted_cvo:mtme_BLEU-refA,cvo,0.944
ende,03,0.02,weighted_cvo:mtme_BLEURT-20-refA,cvo,0.9375
ende,03,0.02,weighted_cvo:mtme_COMET-20-refA,cvo,0.9455
ende,03,0.02,weighted_cvo:mtme_COMET-22-refA,cvo,0.9415
ende,03,0.02,weighted_cvo:mtme_COMET-QE-src,cvo,0.9435
ende,03,0.02,weighted_cvo:mtme_COMETKiwi-src,cvo,0.946
ende,03,0.02,weighted_cvo:mtme_Cross-QE-src,cvo,0.947
ende,03,0.02,weighted_cvo:mtme_HWTSC-TLM-src,cvo,0.946
ende,03,0.02,weighted_cvo:mtme_HWTSC-Teacher-Sim-src,cvo,0.947
ende,03,0.02,weighted_cvo:mtme_KG-BERTScore-src,cvo,0.9445
ende,03,0.02,weighted_cvo:mtme_MATESE-QE-src,cvo,0.945
ende,03,0.02,weighted_cvo:mtme_MATESE-refA,cvo,0.9465
ende,03,0.02,weighted_cvo:mtme_MEE-refA,cvo,0.9445
ende,03,0.02,weighted_cvo:mtme_MEE2-refA,cvo,0.9435
ende,03,0.02,weighted_cvo:mtme_MEE4-refA,cvo,0.9425
ende,03,0.02,weighted_cvo:mtme_MS-COMET-22-refA,cvo,0.949
ende,03,0.02,weighted_cvo:mtme_MS-COMET-QE-22-src,cvo,0.948
ende,03,0.02,weighted_cvo:mtme_REUSE-src,cvo,0.946
ende,03,0.02,weighted_cvo:mtme_SEScore-refA,cvo,0.9465
ende,03,0.02,weighted_cvo:mtme_UniTE-ref-refA,cvo,0.936
ende,03,0.02,weighted_cvo:mtme_UniTE-refA,cvo,0.932
ende,03,0.02,weighted_cvo:mtme_UniTE-src-src,cvo,0.942
ende,03,0.02,weighted_cvo:mtme_YiSi-1-refA,cvo,0.944
ende,03,0.02,weighted_cvo:mtme_chrF-refA,cvo,0.9455
ende,03,0.02,weighted_cvo:mtme_f101spBLEU-refA,cvo,0.9445
ende,03,0.02,weighted_cvo:mtme_f200spBLEU-refA,cvo,0.9435
ende,03,0.02,weighted_cvo:mtme_metricx_xl_DA_2019-refA,cvo,0.9435
ende,03,0.02,weighted_cvo:mtme_metricx_xl_MQM_2020-refA,cvo,0.934
ende,03,0.02,weighted_cvo:mtme_metricx_xxl_DA_2019-refA,cvo,0.941
ende,03,0.02,weighted_cvo:mtme_metricx_xxl_MQM_2020-refA,cvo,0.939
ende,04,0.01,uniform,human,0.94
ende,04,0.01,dedup,human,0.94
ende,04,0.01,weighted,human,0.944
ende,04,0.01,dedup_cvl:mtme_BERTScore-refA,cvl,0.944
ende,04,0.01,dedup_cvq:mtme_BERTScore-refA,cvq,0.943
ende,04,0.01,dedup_cvu:mtme_BERTScore-refA,cvu,0.9455
ende,04,0.01,weighted_cvl:mtme_BERTScore-refA,cvl,0.949
ende,04,0.01,weighted_cvq:mtme_BERTScore-refA,cvq,0.9495
ende,04,0.01,weighted_cvu:mtme_BERTScore-refA,cvu,0.947
ende,04,0.01,dedup_cvl:mtme_BLEU-refA,cvl,0.9425
ende,04,0.01,dedup_cvq:mtme_BLEU-refA,cvq,0.9425
ende,04,0.01,dedup_cvu:mtme_BLEU-refA,cvu,0.9445
ende,04,0.01,weighted_cvl:mtme_BLEU-refA,cvl,0.9465
ende,04,0.01,weighted_cvq:mtme_BLEU-refA,cvq,0.947
ende,04,0.01,weighted_cvu:mtme_BLEU-refA,cvu,0.9465
ende,04,0.01,dedup_cvl:mtme_BLEURT-20-refA,cvl,0.9365
ende,04,0.01,dedup_cvq:mtme_BLEURT-20-refA,cvq,0.935
ende,04,0.01,dedup_cvu:mtme_BLEURT-20-refA,cvu,0.9345
ende,04,0.01,weighted_cvl:mtme_BLEURT-20-refA,cvl,0.9395
ende,04,0.01,weighted_cvq:mtme_BLEURT-20-refA,cvq,0.936
ende,04,0.01,weighted_cvu:mtme_BLEURT-20-refA,cvu,0.9375
ende,04,0.01,dedup_cvl:mtme_COMET-20-refA,cvl,0.94
ende,04,0.01,dedup_cvq:mtme_COMET-20-refA,cvq,0.9395
ende,04,0.01,dedup_cvu:mtme_COMET-20-refA,cvu,0.9385
ende,04,0.01,weighted_cvl:mtme_COMET-20-refA,cvl,0.937
ende,04,0.01,weighted_cvq:mtme_COMET-20-refA,cvq,0.937
ende,04,0.01,weighted_cvu:mtme_COMET-20-refA,cvu,0.9375
ende,04,0.01,dedup_cvl:mtme_COMET-22-refA,cvl,0.9215
ende,04,0.01,dedup_cvq:mtme_COMET-22-refA,cvq,0.9215
ende,04,0.01,dedup_cvu:mtme_COMET-22-refA,cvu,0.921
ende,04,0.01,weighted_cvl:mtme_COMET-22-refA,cvl,0.9225
ende,04,0.01,weighted_cvq:mtme_COMET-22-refA,cvq,0.9245
ende,04,0.01,weighted_cvu:mtme_COMET-22-refA,cvu,0.923
ende,04,0.01,dedup_cvl:mtme_COMET-QE-src,cvl,0.921
ende,04,0.01,dedup_cvq:mtme_COMET-QE-src,cvq,0.923
ende,04,0.01,dedup_cvu:mtme_COMET-QE-src,cvu,0.923
ende,04,0.01,weighted_cvl:mtme_COMET-QE-src,cvl,0.9245
ende,04,0.01,weighted_cvq:mtme_COMET-QE-src,cvq,0.9255
ende,04,0.01,weighted_cvu:mtme_COMET-QE-src,cvu,0.921
ende,04,0.01,dedup_cvl:mtme_COMETKiwi-src,cvl,0.926
ende,04,0.01,dedup_cvq:mtme_COMETKiwi-src,cvq,0.9315
ende,04,0.01,dedup_cvu:mtme_COMETKiwi-src,cvu,0.93
ende,04,0.01,weighted_cvl:mtme_COMETKiwi-src,cvl,0.932
ende,04,0.01,weighted_cvq:mtme_COMETKiwi-src,cvq,0.935
ende,04,0.01,weighted_cvu:mtme_COMETKiwi-src,cvu,0.9325
ende,04,0.01,dedup_cvl:mtme_Cross-QE-src,cvl,0.9245
ende,04,0.01,dedup_cvq:mtme_Cross-QE-src,cvq,0.9195
ende,04,0.01,dedup_cvu:mtme_Cross-QE-src,cvu,0.9225
ende,04,0.01,weighted_cvl:mtme_Cross-QE-src,cvl,0.929
ende,04,0.01,weighted_cvq:mtme_Cross-QE-src,cvq,0.9275
ende,04,0.01,weighted_cvu:mtme_Cross-QE-src,cvu,0.928
ende,04,0.01,dedup_cvl:mtme_HWTSC-TLM-src,cvl,0.933
ende,04,0.01,dedup_cvq:mtme_HWTSC-TLM-src,cvq,0.934
ende,04,0.01,dedup_cvu:mtme_HWTSC-TLM-src,cvu,0.9345
ende,04,0.01,weighted_cvl:mtme_HWTSC-TLM-src,cvl,0.941
ende,04,0.01,weighted_cvq:mtme_HWTSC-TLM-src,cvq,0.9375
ende,04,0.01,weighted_cvu:mtme_HWTSC-TLM-src,cvu,0.939
ende,04,0.01,dedup_cvl:mtme_HWTSC-Teacher-Sim-src,cvl,0.9345
ende,04,0.01,dedup_cvq:mtme_HWTSC-Teacher-Sim-src,cvq,0.9355
ende,04,0.01,dedup_cvu:mtme_HWTSC-Teacher-Sim-src,cvu,0.934
ende,04,0.01,weighted_cvl:mtme_HWTSC-Teacher-Sim-src,cvl,0.9365
ende,04,0.01,weighted_cvq:mtme_HWTSC-Teacher-Sim-src,cvq,0.9365
ende,04,0.01,weighted_cvu:mtme_HWTSC-Teacher-Sim-src,cvu,0.937
ende,04,0.01,dedup_cvl:mtme_KG-BERTScore-src,cvl,0.938
ende,04,0.01,dedup_cvq:mtme_KG-BERTScore-src,cvq,0.9375
ende,04,0.01,dedup_cvu:mtme_KG-BERTScore-src,cvu,0.939
ende,04,0.01,weighted_cvl:mtme_KG-BERTScore-src,cvl,0.9405
ende,04,0.01,weighted_cvq:mtme_KG-BERTScore-src,cvq,0.9375
ende,04,0.01,weighted_cvu:mtme_KG-BERTScore-src,cvu,0.939
ende,04,0.01,dedup_cvl:mtme_MATESE-QE-src,cvl,0.9385
ende,04,0.01,dedup_cvq:mtme_MATESE-QE-src,cvq,0.9415
ende,04,0.01,dedup_cvu:mtme_MATESE-QE-src,cvu,0.9385
ende,04,0.01,weighted_cvl:mtme_MATESE-QE-src,cvl,0.9375
ende,04,0.01,weighted_cvq:mtme_MATESE-QE-src,cvq,0.9405
ende,04,0.01,weighted_cvu:mtme_MATESE-QE-src,cvu,0.9385
ende,04,0.01,dedup_cvl:mtme_MATESE-refA,cvl,0.938
ende,04,0.01,dedup_cvq:mtme_MATESE-refA,cvq,0.937
ende,04,0.01,dedup_cvu:mtme_MATESE-refA,cvu,0.9385
ende,04,0.01,weighted_cvl:mtme_MATESE-refA,cvl,0.939
ende,04,0.01,weighted_cvq:mtme_MATESE-refA,cvq,0.939
ende,04,0.01,weighted_cvu:mtme_MATESE-refA,cvu,0.9395
ende,04,0.01,dedup_cvl:mtme_MEE-refA,cvl,0.943
ende,04,0.01,dedup_cvq:mtme_MEE-refA,cvq,0.9455
ende,04,0.01,dedup_cvu:mtme_MEE-refA,cvu,0.942
ende,04,0.01,weighted_cvl:mtme_MEE-refA,cvl,0.95
ende,04,0.01,weighted_cvq:mtme_MEE-refA,cvq,0.9505
ende,04,0.01,weighted_cvu:mtme_MEE-refA,cvu,0.9505
ende,04,0.01,dedup_cvl:mtme_MEE2-refA,cvl,0.9455
ende,04,0.01,dedup_cvq:mtme_MEE2-refA,cvq,0.945
ende,04,0.01,dedup_cvu:mtme_MEE2-refA,cvu,0.946
ende,04,0.01,weighted_cvl:mtme_MEE2-refA,cvl,0.9505
ende,04,0.01,weighted_cvq:mtme_MEE2-refA,cvq,0.9525
ende,04,0.01,weighted_cvu:mtme_MEE2-refA,cvu,0.953
ende,04,0.01,dedup_cvl:mtme_MEE4-refA,cvl,0.945
ende,04,0.01,dedup_cvq:mtme_MEE4-refA,cvq,0.943
ende,04,0.01,dedup_cvu:mtme_MEE4-refA,cvu,0.947
ende,04,0.01,weighted_cvl:mtme_MEE4-refA,cvl,0.949
ende,04,0.01,weighted_cvq:mtme_MEE4-refA,cvq,0.949
ende,04,0.01,weighted_cvu:mtme_MEE4-refA,cvu,0.95
ende,04,0.01,dedup_cvl:mtme_MS-COMET-22-refA,cvl,0.932
ende,04,0.01,dedup_cvq:mtme_MS-COMET-22-refA,cvq,0.9325
ende,04,0.01,dedup_cvu:mtme_MS-COMET-22-refA,cvu,0.9315
ende,04,0.01,weighted_cvl:mtme_MS-COMET-22-refA,cvl,0.94
ende,04,0.01,weighted_cvq:mtme_MS-COMET-22-refA,cvq,0.936
ende,04,0.01,weighted_cvu:mtme_MS-COMET-22-refA,cvu,0.937
ende,04,0.01,dedup_cvl:mtme_MS-COMET-QE-22-src,cvl,0.9375
ende,04,0.01,dedup_cvq:mtme_MS-COMET-QE-22-src,cvq,0.9365
ende,04,0.01,dedup_cvu:mtme_MS-COMET-QE-22-src,cvu,0.938
ende,04,0.01,weighted_cvl:mtme_MS-COMET-QE-22-src,cvl,0.9395
ende,04,0.01,weighted_cvq:mtme_MS-COMET-QE-22-src,cvq,0.942
ende,04,0.01,weighted_cvu:mtme_MS-COMET-QE-22-src,cvu,0.9405
ende,04,0.01,dedup_cvl:mtme_REUSE-src,cvl,0.9415
ende,04,0.01,dedup_cvq:mtme_REUSE-src,cvq,0.9415
ende,04,0.01,dedup_cvu:mtme_REUSE-src,cvu,0.9415
ende,04,0.01,weighted_cvl:mtme_REUSE-src,cvl,0.9435
ende,04,0.01,weighted_cvq:mtme_REUSE-src,cvq,0.9445
ende,04,0.01,weighted_cvu:mtme_REUSE-src,cvu,0.9435
ende,04,0.01,dedup_cvl:mtme_SEScore-refA,cvl,0.934
ende,04,0.01,dedup_cvq:mtme_SEScore-refA,cvq,0.934
ende,04,0.01,dedup_cvu:mtme_SEScore-refA,cvu,0.937
ende,04,0.01,weighted_cvl:mtme_SEScore-refA,cvl,0.937
ende,04,0.01,weighted_cvq:mtme_SEScore-refA,cvq,0.9375
ende,04,0.01,weighted_cvu:mtme_SEScore-refA,cvu,0.9415
ende,04,0.01,dedup_cvl:mtme_UniTE-ref-refA,cvl,0.9215
ende,04,0.01,dedup_cvq:mtme_UniTE-ref-refA,cvq,0.9215
ende,04,0.01,dedup_cvu:mtme_UniTE-ref-refA,cvu,0.921
ende,04,0.01,weighted_cvl:mtme_UniTE-ref-refA,cvl,0.9225
ende,04,0.01,weighted_cvq:mtme_UniTE-ref-refA,cvq,0.916
ende,04,0.01,weighted_cvu:mtme_UniTE-ref-refA,cvu,0.919
ende,04,0.01,dedup_cvl:mtme_UniTE-refA,cvl,0.923
ende,04,0.01,dedup_cvq:mtme_UniTE-refA,cvq,0.9215
ende,04,0.01,dedup_cvu:mtme_UniTE-refA,cvu,0.9205
ende,04,0.01,weighted_cvl:mtme_UniTE-refA,cvl,0.9155
ende,04,0.01,weighted_cvq:mtme_UniTE-refA,cvq,0.911
ende,04,0.01,weighted_cvu:mtme_UniTE-refA,cvu,0.912
ende,04,0.01,dedup_cvl:mtme_UniTE-src-src,cvl,0.924
ende,04,0.01,dedup_cvq:mtme_UniTE-src-src,cvq,0.9255
ende,04,0.01,dedup_cvu:mtme_UniTE-src-src,cvu,0.924
ende,04,0.01,weighted_cvl:mtme_UniTE-src-src,cvl,0.928
ende,04,0.01,weighted_cvq:mtme_UniTE-src-src,cvq,0.924
ende,04,0.01,weighted_cvu:mtme_UniTE-src-src,cvu,0.9255
ende,04,0.01,dedup_cvl:mtme_YiSi-1-refA,cvl,0.943
ende,04,0.01,dedup_cvq:mtme_YiSi-1-refA,cvq,0.942
ende,04,0.01,dedup_cvu:mtme_YiSi-1-refA,cvu,0.942
ende,04,0.01,weighted_cvl:mtme_YiSi-1-refA,cvl,0.947
ende,04,0.01,weighted_cvq:mtme_YiSi-1-refA,cvq,0.945
ende,04,0.01,weighted_cvu:mtme_YiSi-1-refA,cvu,0.947
ende,04,0.01,dedup_cvl:mtme_chrF-refA,cvl,0.9455
ende,04,0.01,dedup_cvq:mtme_chrF-refA,cvq,0.9445
ende,04,0.01,dedup_cvu:mtme_chrF-refA,cvu,0.946
ende,04,0.01,weighted_cvl:mtme_chrF-refA,cvl,0.947
ende,04,0.01,weighted_cvq:mtme_chrF-refA,cvq,0.95
ende,04,0.01,weighted_cvu:mtme_chrF-refA,cvu,0.95
ende,04,0.01,dedup_cvl:mtme_f101spBLEU-refA,cvl,0.9435
ende,04,0.01,dedup_cvq:mtme_f101spBLEU-refA,cvq,0.9445
ende,04,0.01,dedup_cvu:mtme_f101spBLEU-refA,cvu,0.945
ende,04,0.01,weighted_cvl:mtme_f101spBLEU-refA,cvl,0.9465
ende,04,0.01,weighted_cvq:mtme_f101spBLEU-refA,cvq,0.9495
ende,04,0.01,weighted_cvu:mtme_f101spBLEU-refA,cvu,0.949
ende,04,0.01,dedup_cvl:mtme_f200spBLEU-refA,cvl,0.944
ende,04,0.01,dedup_cvq:mtme_f200spBLEU-refA,cvq,0.9435
ende,04,0.01,dedup_cvu:mtme_f200spBLEU-refA,cvu,0.947
ende,04,0.01,weighted_cvl:mtme_f200spBLEU-refA,cvl,0.948
ende,04,0.01,weighted_cvq:mtme_f200spBLEU-refA,cvq,0.9495
ende,04,0.01,weighted_cvu:mtme_f200spBLEU-refA,cvu,0.9495
ende,04,0.01,dedup_cvl:mtme_metricx_xl_DA_2019-refA,cvl,0.928
ende,04,0.01,dedup_cvq:mtme_metricx_xl_DA_2019-refA,cvq,0.925
ende,04,0.01,dedup_cvu:mtme_metricx_xl_DA_2019-refA,cvu,0.9275
ende,04,0.01,weighted_cvl:mtme_metricx_xl_DA_2019-refA,cvl,0.931
ende,04,0.01,weighted_cvq:mtme_metricx_xl_DA_2019-refA,cvq,0.9315
ende,04,0.01,weighted_cvu:mtme_metricx_xl_DA_2019-refA,cvu,0.9355
ende,04,0.01,dedup_cvl:mtme_metricx_xl_MQM_2020-refA,cvl,0.9025
ende,04,0.01,dedup_cvq:mtme_metricx_xl_MQM_2020-refA,cvq,0.8985
ende,04,0.01,dedup_cvu:mtme_metricx_xl_MQM_2020-refA,cvu,0.9005
ende,04,0.01,weighted_cvl:mtme_metricx_xl_MQM_2020-refA,cvl,0.9105
ende,04,0.01,weighted_cvq:mtme_metricx_xl_MQM_2020-refA,cvq,0.9105
ende,04,0.01,weighted_cvu:mtme_metricx_xl_MQM_2020-refA,cvu,0.912
ende,04,0.01,dedup_cvl:mtme_metricx_xxl_DA_2019-refA,cvl,0.923
ende,04,0.01,dedup_cvq:mtme_metricx_xxl_DA_2019-refA,cvq,0.917
ende,04,0.01,dedup_cvu:mtme_metricx_xxl_DA_2019-refA,cvu,0.9205
ende,04,0.01,weighted_cvl:mtme_metricx_xxl_DA_2019-refA,cvl,0.9325
ende,04,0.01,weighted_cvq:mtme_metricx_xxl_DA_2019-refA,cvq,0.9305
ende,04,0.01,weighted_cvu:mtme_metricx_xxl_DA_2019-refA,cvu,0.9345
ende,04,0.01,dedup_cvl:mtme_metricx_xxl_MQM_2020-refA,cvl,0.895
ende,04,0.01,dedup_cvq:mtme_metricx_xxl_MQM_2020-refA,cvq,0.893
ende,04,0.01,dedup_cvu:mtme_metricx_xxl_MQM_2020-refA,cvu,0.895
ende,04,0.01,weighted_cvl:mtme_metricx_xxl_MQM_2020-refA,cvl,0.9035
ende,04,0.01,weighted_cvq:mtme_metricx_xxl_MQM_2020-refA,cvq,0.897
ende,04,0.01,weighted_cvu:mtme_metricx_xxl_MQM_2020-refA,cvu,0.903
ende,04,0.01,weighted_cvo:mtme_BERTScore-refA,cvo,0.951
ende,04,0.01,weighted_cvo:mtme_BLEU-refA,cvo,0.946
ende,04,0.01,weighted_cvo:mtme_BLEURT-20-refA,cvo,0.9435
ende,04,0.01,weighted_cvo:mtme_COMET-20-refA,cvo,0.94
ende,04,0.01,weighted_cvo:mtme_COMET-22-refA,cvo,0.9375
ende,04,0.01,weighted_cvo:mtme_COMET-QE-src,cvo,0.937
ende,04,0.01,weighted_cvo:mtme_COMETKiwi-src,cvo,0.9405
ende,04,0.01,weighted_cvo:mtme_Cross-QE-src,cvo,0.937
ende,04,0.01,weighted_cvo:mtme_HWTSC-TLM-src,cvo,0.9395
ende,04,0.01,weighted_cvo:mtme_HWTSC-Teacher-Sim-src,cvo,0.943
ende,04,0.01,weighted_cvo:mtme_KG-BERTScore-src,cvo,0.9435
ende,04,0.01,weighted_cvo:mtme_MATESE-QE-src,cvo,0.9425
ende,04,0.01,weighted_cvo:mtme_MATESE-refA,cvo,0.9415
ende,04,0.01,weighted_cvo:mtme_MEE-refA,cvo,0.9505
ende,04,0.01,weighted_cvo:mtme_MEE2-refA,cvo,0.9525
ende,04,0.01,weighted_cvo:mtme_MEE4-refA,cvo,0.95
ende,04,0.01,weighted_cvo:mtme_MS-COMET-22-refA,cvo,0.9445
ende,04,0.01,weighted_cvo:mtme_MS-COMET-QE-22-src,cvo,0.944
ende,04,0.01,weighted_cvo:mtme_REUSE-src,cvo,0.944
ende,04,0.01,weighted_cvo:mtme_SEScore-refA,cvo,0.9425
ende,04,0.01,weighted_cvo:mtme_UniTE-ref-refA,cvo,0.929
ende,04,0.01,weighted_cvo:mtme_UniTE-refA,cvo,0.926
ende,04,0.01,weighted_cvo:mtme_UniTE-src-src,cvo,0.932
ende,04,0.01,weighted_cvo:mtme_YiSi-1-refA,cvo,0.944
ende,04,0.01,weighted_cvo:mtme_chrF-refA,cvo,0.9495
ende,04,0.01,weighted_cvo:mtme_f101spBLEU-refA,cvo,0.948
ende,04,0.01,weighted_cvo:mtme_f200spBLEU-refA,cvo,0.9495
ende,04,0.01,weighted_cvo:mtme_metricx_xl_DA_2019-refA,cvo,0.9435
ende,04,0.01,weighted_cvo:mtme_metricx_xl_MQM_2020-refA,cvo,0.927
ende,04,0.01,weighted_cvo:mtme_metricx_xxl_DA_2019-refA,cvo,0.9405
ende,04,0.01,weighted_cvo:mtme_metricx_xxl_MQM_2020-refA,cvo,0.9325
ende,04,0.02,uniform,human,0.94
ende,04,0.02,dedup,human,0.94
ende,04,0.02,weighted,human,0.944
ende,04,0.02,dedup_cvl:mtme_BERTScore-refA,cvl,0.944
ende,04,0.02,dedup_cvq:mtme_BERTScore-refA,cvq,0.943
ende,04,0.02,dedup_cvu:mtme_BERTScore-refA,cvu,0.9455
ende,04,0.02,weighted_cvl:mtme_BERTScore-refA,cvl,0.949
ende,04,0.02,weighted_cvq:mtme_BERTScore-refA,cvq,0.9495
ende,04,0.02,weighted_cvu:mtme_BERTScore-refA,cvu,0.947
ende,04,0.02,dedup_cvl:mtme_BLEU-refA,cvl,0.9425
ende,04,0.02,dedup_cvq:mtme_BLEU-refA,cvq,0.9425
ende,04,0.02,dedup_cvu:mtme_BLEU-refA,cvu,0.9445
ende,04,0.02,weighted_cvl:mtme_BLEU-refA,cvl,0.9465
ende,04,0.02,weighted_cvq:mtme_BLEU-refA,cvq,0.947
ende,04,0.02,weighted_cvu:mtme_BLEU-refA,cvu,0.9465
ende,04,0.02,dedup_cvl:mtme_BLEURT-20-refA,cvl,0.9365
ende,04,0.02,dedup_cvq:mtme_BLEURT-20-refA,cvq,0.935
ende,04,0.02,dedup_cvu:mtme_BLEURT-20-refA,cvu,0.9345
ende,04,0.02,weighted_cvl:mtme_BLEURT-20-refA,cvl,0.9395
ende,04,0.02,weighted_cvq:mtme_BLEURT-20-refA,cvq,0.936
ende,04,0.02,weighted_cvu:mtme_BLEURT-20-refA,cvu,0.9375
ende,04,0.02,dedup_cvl:mtme_COMET-20-refA,cvl,0.94
ende,04,0.02,dedup_cvq:mtme_COMET-20-refA,cvq,0.9395
ende,04,0.02,dedup_cvu:mtme_COMET-20-refA,cvu,0.9385
ende,04,0.02,weighted_cvl:mtme_COMET-20-refA,cvl,0.937
ende,04,0.02,weighted_cvq:mtme_COMET-20-refA,cvq,0.937
ende,04,0.02,weighted_cvu:mtme_COMET-20-refA,cvu,0.9375
ende,04,0.02,dedup_cvl:mtme_COMET-22-refA,cvl,0.9215
ende,04,0.02,dedup_cvq:mtme_COMET-22-refA,cvq,0.9215
ende,04,0.02,dedup_cvu:mtme_COMET-22-refA,cvu,0.921
ende,04,0.02,weighted_cvl:mtme_COMET-22-refA,cvl,0.9225
ende,04,0.02,weighted_cvq:mtme_COMET-22-refA,cvq,0.9245
ende,04,0.02,weighted_cvu:mtme_COMET-22-refA,cvu,0.923
ende,04,0.02,dedup_cvl:mtme_COMET-QE-src,cvl,0.921
ende,04,0.02,dedup_cvq:mtme_COMET-QE-src,cvq,0.923
ende,04,0.02,dedup_cvu:mtme_COMET-QE-src,cvu,0.923
ende,04,0.02,weighted_cvl:mtme_COMET-QE-src,cvl,0.9245
ende,04,0.02,weighted_cvq:mtme_COMET-QE-src,cvq,0.9255
ende,04,0.02,weighted_cvu:mtme_COMET-QE-src,cvu,0.921
ende,04,0.02,dedup_cvl:mtme_COMETKiwi-src,cvl,0.926
ende,04,0.02,dedup_cvq:mtme_COMETKiwi-src,cvq,0.9315
ende,04,0.02,dedup_cvu:mtme_COMETKiwi-src,cvu,0.93
ende,04,0.02,weighted_cvl:mtme_COMETKiwi-src,cvl,0.932
ende,04,0.02,weighted_cvq:mtme_COMETKiwi-src,cvq,0.935
ende,04,0.02,weighted_cvu:mtme_COMETKiwi-src,cvu,0.9325
ende,04,0.02,dedup_cvl:mtme_Cross-QE-src,cvl,0.9245
ende,04,0.02,dedup_cvq:mtme_Cross-QE-src,cvq,0.9195
ende,04,0.02,dedup_cvu:mtme_Cross-QE-src,cvu,0.9225
ende,04,0.02,weighted_cvl:mtme_Cross-QE-src,cvl,0.929
ende,04,0.02,weighted_cvq:mtme_Cross-QE-src,cvq,0.9275
ende,04,0.02,weighted_cvu:mtme_Cross-QE-src,cvu,0.928
ende,04,0.02,dedup_cvl:mtme_HWTSC-TLM-src,cvl,0.933
ende,04,0.02,dedup_cvq:mtme_HWTSC-TLM-src,cvq,0.934
ende,04,0.02,dedup_cvu:mtme_HWTSC-TLM-src,cvu,0.9345
ende,04,0.02,weighted_cvl:mtme_HWTSC-TLM-src,cvl,0.941
ende,04,0.02,weighted_cvq:mtme_HWTSC-TLM-src,cvq,0.9375
ende,04,0.02,weighted_cvu:mtme_HWTSC-TLM-src,cvu,0.939
ende,04,0.02,dedup_cvl:mtme_HWTSC-Teacher-Sim-src,cvl,0.9345
ende,04,0.02,dedup_cvq:mtme_HWTSC-Teacher-Sim-src,cvq,0.9355
ende,04,0.02,dedup_cvu:mtme_HWTSC-Teacher-Sim-src,cvu,0.934
ende,04,0.02,weighted_cvl:mtme_HWTSC-Teacher-Sim-src,cvl,0.9365
ende,04,0.02,weighted_cvq:mtme_HWTSC-Teacher-Sim-src,cvq,0.9365
ende,04,0.02,weighted_cvu:mtme_HWTSC-Teacher-Sim-src,cvu,0.937
ende,04,0.02,dedup_cvl:mtme_KG-BERTScore-src,cvl,0.938
ende,04,0.02,dedup_cvq:mtme_KG-BERTScore-src,cvq,0.9375
ende,04,0.02,dedup_cvu:mtme_KG-BERTScore-src,cvu,0.939
ende,04,0.02,weighted_cvl:mtme_KG-BERTScore-src,cvl,0.9405
ende,04,0.02,weighted_cvq:mtme_KG-BERTScore-src,cvq,0.9375
ende,04,0.02,weighted_cvu:mtme_KG-BERTScore-src,cvu,0.939
ende,04,0.02,dedup_cvl:mtme_MATESE-QE-src,cvl,0.9385
ende,04,0.02,dedup_cvq:mtme_MATESE-QE-src,cvq,0.9415
ende,04,0.02,dedup_cvu:mtme_MATESE-QE-src,cvu,0.9385
ende,04,0.02,weighted_cvl:mtme_MATESE-QE-src,cvl,0.9375
ende,04,0.02,weighted_cvq:mtme_MATESE-QE-src,cvq,0.9405
ende,04,0.02,weighted_cvu:mtme_MATESE-QE-src,cvu,0.9385
ende,04,0.02,dedup_cvl:mtme_MATESE-refA,cvl,0.938
ende,04,0.02,dedup_cvq:mtme_MATESE-refA,cvq,0.937
ende,04,0.02,dedup_cvu:mtme_MATESE-refA,cvu,0.9385
ende,04,0.02,weighted_cvl:mtme_MATESE-refA,cvl,0.939
ende,04,0.02,weighted_cvq:mtme_MATESE-refA,cvq,0.939
ende,04,0.02,weighted_cvu:mtme_MATESE-refA,cvu,0.9395
ende,04,0.02,dedup_cvl:mtme_MEE-refA,cvl,0.943
ende,04,0.02,dedup_cvq:mtme_MEE-refA,cvq,0.9455
ende,04,0.02,dedup_cvu:mtme_MEE-refA,cvu,0.942
ende,04,0.02,weighted_cvl:mtme_MEE-refA,cvl,0.95
ende,04,0.02,weighted_cvq:mtme_MEE-refA,cvq,0.9505
ende,04,0.02,weighted_cvu:mtme_MEE-refA,cvu,0.9505
ende,04,0.02,dedup_cvl:mtme_MEE2-refA,cvl,0.9455
ende,04,0.02,dedup_cvq:mtme_MEE2-refA,cvq,0.945
ende,04,0.02,dedup_cvu:mtme_MEE2-refA,cvu,0.946
ende,04,0.02,weighted_cvl:mtme_MEE2-refA,cvl,0.9505
ende,04,0.02,weighted_cvq:mtme_MEE2-refA,cvq,0.9525
ende,04,0.02,weighted_cvu:mtme_MEE2-refA,cvu,0.953
ende,04,0.02,dedup_cvl:mtme_MEE4-refA,cvl,0.945
ende,04,0.02,dedup_cvq:mtme_MEE4-refA,cvq,0.943
ende,04,0.02,dedup_cvu:mtme_MEE4-refA,cvu,0.947
ende,04,0.02,weighted_cvl:mtme_MEE4-refA,cvl,0.949
ende,04,0.02,weighted_cvq:mtme_MEE4-refA,cvq,0.949
ende,04,0.02,weighted_cvu:mtme_MEE4-refA,cvu,0.95
ende,04,0.02,dedup_cvl:mtme_MS-COMET-22-refA,cvl,0.932
ende,04,0.02,dedup_cvq:mtme_MS-COMET-22-refA,cvq,0.9325
ende,04,0.02,dedup_cvu:mtme_MS-COMET-22-refA,cvu,0.9315
ende,04,0.02,weighted_cvl:mtme_MS-COMET-22-refA,cvl,0.94
ende,04,0.02,weighted_cvq:mtme_MS-COMET-22-refA,cvq,0.936
ende,04,0.02,weighted_cvu:mtme_MS-COMET-22-refA,cvu,0.937
ende,04,0.02,dedup_cvl:mtme_MS-COMET-QE-22-src,cvl,0.9375
ende,04,0.02,dedup_cvq:mtme_MS-COMET-QE-22-src,cvq,0.9365
ende,04,0.02,dedup_cvu:mtme_MS-COMET-QE-22-src,cvu,0.938
ende,04,0.02,weighted_cvl:mtme_MS-COMET-QE-22-src,cvl,0.9395
ende,04,0.02,weighted_cvq:mtme_MS-COMET-QE-22-src,cvq,0.942
ende,04,0.02,weighted_cvu:mtme_MS-COMET-QE-22-src,cvu,0.9405
ende,04,0.02,dedup_cvl:mtme_REUSE-src,cvl,0.9415
ende,04,0.02,dedup_cvq:mtme_REUSE-src,cvq,0.9415
ende,04,0.02,dedup_cvu:mtme_REUSE-src,cvu,0.9415
ende,04,0.02,weighted_cvl:mtme_REUSE-src,cvl,0.9435
ende,04,0.02,weighted_cvq:mtme_REUSE-src,cvq,0.9445
ende,04,0.02,weighted_cvu:mtme_REUSE-src,cvu,0.9435
ende,04,0.02,dedup_cvl:mtme_SEScore-refA,cvl,0.934
ende,04,0.02,dedup_cvq:mtme_SEScore-refA,cvq,0.934
ende,04,0.02,dedup_cvu:mtme_SEScore-refA,cvu,0.937
ende,04,0.02,weighted_cvl:mtme_SEScore-refA,cvl,0.937
ende,04,0.02,weighted_cvq:mtme_SEScore-refA,cvq,0.9375
ende,04,0.02,weighted_cvu:mtme_SEScore-refA,cvu,0.9415
ende,04,0.02,dedup_cvl:mtme_UniTE-ref-refA,cvl,0.9215
ende,04,0.02,dedup_cvq:mtme_UniTE-ref-refA,cvq,0.9215
ende,04,0.02,dedup_cvu:mtme_UniTE-ref-refA,cvu,0.921
ende,04,0.02,weighted_cvl:mtme_UniTE-ref-refA,cvl,0.9225
ende,04,0.02,weighted_cvq:mtme_UniTE-ref-refA,cvq,0.916
ende,04,0.02,weighted_cvu:mtme_UniTE-ref-refA,cvu,0.919
ende,04,0.02,dedup_cvl:mtme_UniTE-refA,cvl,0.923
ende,04,0.02,dedup_cvq:mtme_UniTE-refA,cvq,0.9215
ende,04,0.02,dedup_cvu:mtme_UniTE-refA,cvu,0.9205
ende,04,0.02,weighted_cvl:mtme_UniTE-refA,cvl,0.9155
ende,04,0.02,weighted_cvq:mtme_UniTE-refA,cvq,0.911
ende,04,0.02,weighted_cvu:mtme_UniTE-refA,cvu,0.912
ende,04,0.02,dedup_cvl:mtme_UniTE-src-src,cvl,0.924
ende,04,0.02,dedup_cvq:mtme_UniTE-src-src,cvq,0.9255
ende,04,0.02,dedup_cvu:mtme_UniTE-src-src,cvu,0.924
ende,04,0.02,weighted_cvl:mtme_UniTE-src-src,cvl,0.928
ende,04,0.02,weighted_cvq:mtme_UniTE-src-src,cvq,0.924
ende,04,0.02,weighted_cvu:mtme_UniTE-src-src,cvu,0.9255
ende,04,0.02,dedup_cvl:mtme_YiSi-1-refA,cvl,0.943
ende,04,0.02,dedup_cvq:mtme_YiSi-1-refA,cvq,0.942
ende,04,0.02,dedup_cvu:mtme_YiSi-1-refA,cvu,0.942
ende,04,0.02,weighted_cvl:mtme_YiSi-1-refA,cvl,0.947
ende,04,0.02,weighted_cvq:mtme_YiSi-1-refA,cvq,0.945
ende,04,0.02,weighted_cvu:mtme_YiSi-1-refA,cvu,0.947
ende,04,0.02,dedup_cvl:mtme_chrF-refA,cvl,0.9455
ende,04,0.02,dedup_cvq:mtme_chrF-refA,cvq,0.9445
ende,04,0.02,dedup_cvu:mtme_chrF-refA,cvu,0.946
ende,04,0.02,weighted_cvl:mtme_chrF-refA,cvl,0.947
ende,04,0.02,weighted_cvq:mtme_chrF-refA,cvq,0.95
ende,04,0.02,weighted_cvu:mtme_chrF-refA,cvu,0.95
ende,04,0.02,dedup_cvl:mtme_f101spBLEU-refA,cvl,0.9435
ende,04,0.02,dedup_cvq:mtme_f101spBLEU-refA,cvq,0.9445
ende,04,0.02,dedup_cvu:mtme_f101spBLEU-refA,cvu,0.945
ende,04,0.02,weighted_cvl:mtme_f101spBLEU-refA,cvl,0.9465
ende,04,0.02,weighted_cvq:mtme_f101spBLEU-refA,cvq,0.9495
ende,04,0.02,weighted_cvu:mtme_f101spBLEU-refA,cvu,0.949
ende,04,0.02,dedup_cvl:mtme_f200spBLEU-refA,cvl,0.944
ende,04,0.02,dedup_cvq:mtme_f200spBLEU-refA,cvq,0.9435
ende,04,0.02,dedup_cvu:mtme_f200spBLEU-refA,cvu,0.947
ende,04,0.02,weighted_cvl:mtme_f200spBLEU-refA,cvl,0.948
ende,04,0.02,weighted_cvq:mtme_f200spBLEU-refA,cvq,0.9495
ende,04,0.02,weighted_cvu:mtme_f200spBLEU-refA,cvu,0.9495
ende,04,0.02,dedup_cvl:mtme_metricx_xl_DA_2019-refA,cvl,0.928
ende,04,0.02,dedup_cvq:mtme_metricx_xl_DA_2019-refA,cvq,0.925
ende,04,0.02,dedup_cvu:mtme_metricx_xl_DA_2019-refA,cvu,0.9275
ende,04,0.02,weighted_cvl:mtme_metricx_xl_DA_2019-refA,cvl,0.931
ende,04,0.02,weighted_cvq:mtme_metricx_xl_DA_2019-refA,cvq,0.9315
ende,04,0.02,weighted_cvu:mtme_metricx_xl_DA_2019-refA,cvu,0.9355
ende,04,0.02,dedup_cvl:mtme_metricx_xl_MQM_2020-refA,cvl,0.9025
ende,04,0.02,dedup_cvq:mtme_metricx_xl_MQM_2020-refA,cvq,0.8985
ende,04,0.02,dedup_cvu:mtme_metricx_xl_MQM_2020-refA,cvu,0.9005
ende,04,0.02,weighted_cvl:mtme_metricx_xl_MQM_2020-refA,cvl,0.9105
ende,04,0.02,weighted_cvq:mtme_metricx_xl_MQM_2020-refA,cvq,0.9105
ende,04,0.02,weighted_cvu:mtme_metricx_xl_MQM_2020-refA,cvu,0.912
ende,04,0.02,dedup_cvl:mtme_metricx_xxl_DA_2019-refA,cvl,0.923
ende,04,0.02,dedup_cvq:mtme_metricx_xxl_DA_2019-refA,cvq,0.917
ende,04,0.02,dedup_cvu:mtme_metricx_xxl_DA_2019-refA,cvu,0.9205
ende,04,0.02,weighted_cvl:mtme_metricx_xxl_DA_2019-refA,cvl,0.9325
ende,04,0.02,weighted_cvq:mtme_metricx_xxl_DA_2019-refA,cvq,0.9305
ende,04,0.02,weighted_cvu:mtme_metricx_xxl_DA_2019-refA,cvu,0.9345
ende,04,0.02,dedup_cvl:mtme_metricx_xxl_MQM_2020-refA,cvl,0.895
ende,04,0.02,dedup_cvq:mtme_metricx_xxl_MQM_2020-refA,cvq,0.893
ende,04,0.02,dedup_cvu:mtme_metricx_xxl_MQM_2020-refA,cvu,0.895
ende,04,0.02,weighted_cvl:mtme_metricx_xxl_MQM_2020-refA,cvl,0.9035
ende,04,0.02,weighted_cvq:mtme_metricx_xxl_MQM_2020-refA,cvq,0.897
ende,04,0.02,weighted_cvu:mtme_metricx_xxl_MQM_2020-refA,cvu,0.903
ende,04,0.02,weighted_cvo:mtme_BERTScore-refA,cvo,0.951
ende,04,0.02,weighted_cvo:mtme_BLEU-refA,cvo,0.946
ende,04,0.02,weighted_cvo:mtme_BLEURT-20-refA,cvo,0.9435
ende,04,0.02,weighted_cvo:mtme_COMET-20-refA,cvo,0.94
ende,04,0.02,weighted_cvo:mtme_COMET-22-refA,cvo,0.9375
ende,04,0.02,weighted_cvo:mtme_COMET-QE-src,cvo,0.937
ende,04,0.02,weighted_cvo:mtme_COMETKiwi-src,cvo,0.9405
ende,04,0.02,weighted_cvo:mtme_Cross-QE-src,cvo,0.937
ende,04,0.02,weighted_cvo:mtme_HWTSC-TLM-src,cvo,0.9395
ende,04,0.02,weighted_cvo:mtme_HWTSC-Teacher-Sim-src,cvo,0.943
ende,04,0.02,weighted_cvo:mtme_KG-BERTScore-src,cvo,0.9435
ende,04,0.02,weighted_cvo:mtme_MATESE-QE-src,cvo,0.9425
ende,04,0.02,weighted_cvo:mtme_MATESE-refA,cvo,0.9415
ende,04,0.02,weighted_cvo:mtme_MEE-refA,cvo,0.9505
ende,04,0.02,weighted_cvo:mtme_MEE2-refA,cvo,0.9525
ende,04,0.02,weighted_cvo:mtme_MEE4-refA,cvo,0.95
ende,04,0.02,weighted_cvo:mtme_MS-COMET-22-refA,cvo,0.9445
ende,04,0.02,weighted_cvo:mtme_MS-COMET-QE-22-src,cvo,0.944
ende,04,0.02,weighted_cvo:mtme_REUSE-src,cvo,0.944
ende,04,0.02,weighted_cvo:mtme_SEScore-refA,cvo,0.9425
ende,04,0.02,weighted_cvo:mtme_UniTE-ref-refA,cvo,0.929
ende,04,0.02,weighted_cvo:mtme_UniTE-refA,cvo,0.926
ende,04,0.02,weighted_cvo:mtme_UniTE-src-src,cvo,0.932
ende,04,0.02,weighted_cvo:mtme_YiSi-1-refA,cvo,0.944
ende,04,0.02,weighted_cvo:mtme_chrF-refA,cvo,0.9495
ende,04,0.02,weighted_cvo:mtme_f101spBLEU-refA,cvo,0.948
ende,04,0.02,weighted_cvo:mtme_f200spBLEU-refA,cvo,0.9495
ende,04,0.02,weighted_cvo:mtme_metricx_xl_DA_2019-refA,cvo,0.9435
ende,04,0.02,weighted_cvo:mtme_metricx_xl_MQM_2020-refA,cvo,0.927
ende,04,0.02,weighted_cvo:mtme_metricx_xxl_DA_2019-refA,cvo,0.9405
ende,04,0.02,weighted_cvo:mtme_metricx_xxl_MQM_2020-refA,cvo,0.9325
ende,05,0.01,uniform,human,0.944
ende,05,0.01,dedup,human,0.941
ende,05,0.01,weighted,human,0.942
ende,05,0.01,dedup_cvl:mtme_BERTScore-refA,cvl,0.9425
ende,05,0.01,dedup_cvq:mtme_BERTScore-refA,cvq,0.942
ende,05,0.01,dedup_cvu:mtme_BERTScore-refA,cvu,0.941
ende,05,0.01,weighted_cvl:mtme_BERTScore-refA,cvl,0.9445
ende,05,0.01,weighted_cvq:mtme_BERTScore-refA,cvq,0.947
ende,05,0.01,weighted_cvu:mtme_BERTScore-refA,cvu,0.945
ende,05,0.01,dedup_cvl:mtme_BLEU-refA,cvl,0.942
ende,05,0.01,dedup_cvq:mtme_BLEU-refA,cvq,0.942
ende,05,0.01,dedup_cvu:mtme_BLEU-refA,cvu,0.9435
ende,05,0.01,weighted_cvl:mtme_BLEU-refA,cvl,0.945
ende,05,0.01,weighted_cvq:mtme_BLEU-refA,cvq,0.9455
ende,05,0.01,weighted_cvu:mtme_BLEU-refA,cvu,0.948
ende,05,0.01,dedup_cvl:mtme_BLEURT-20-refA,cvl,0.9315
ende,05,0.01,dedup_cvq:mtme_BLEURT-20-refA,cvq,0.9315
ende,05,0.01,dedup_cvu:mtme_BLEURT-20-refA,cvu,0.9345
ende,05,0.01,weighted_cvl:mtme_BLEURT-20-refA,cvl,0.937
ende,05,0.01,weighted_cvq:mtme_BLEURT-20-refA,cvq,0.94
ende,05,0.01,weighted_cvu:mtme_BLEURT-20-refA,cvu,0.9395
ende,05,0.01,dedup_cvl:mtme_COMET-20-refA,cvl,0.942
ende,05,0.01,dedup_cvq:mtme_COMET-20-refA,cvq,0.941
ende,05,0.01,dedup_cvu:mtme_COMET-20-refA,cvu,0.941
ende,05,0.01,weighted_cvl:mtme_COMET-20-refA,cvl,0.9405
ende,05,0.01,weighted_cvq:mtme_COMET-20-refA,cvq,0.94
ende,05,0.01,weighted_cvu:mtme_COMET-20-refA,cvu,0.9415
ende,05,0.01,dedup_cvl:mtme_COMET-22-refA,cvl,0.931
ende,05,0.01,dedup_cvq:mtme_COMET-22-refA,cvq,0.932
ende,05,0.01,dedup_cvu:mtme_COMET-22-refA,cvu,0.9345
ende,05,0.01,weighted_cvl:mtme_COMET-22-refA,cvl,0.9315
ende,05,0.01,weighted_cvq:mtme_COMET-22-refA,cvq,0.9295
ende,05,0.01,weighted_cvu:mtme_COMET-22-refA,cvu,0.9305
ende,05,0.01,dedup_cvl:mtme_COMET-QE-src,cvl,0.935
ende,05,0.01,dedup_cvq:mtme_COMET-QE-src,cvq,0.9355
ende,05,0.01,dedup_cvu:mtme_COMET-QE-src,cvu,0.9335
ende,05,0.01,weighted_cvl:mtme_COMET-QE-src,cvl,0.9335
ende,05,0.01,weighted_cvq:mtme_COMET-QE-src,cvq,0.933
ende,05,0.01,weighted_cvu:mtme_COMET-QE-src,cvu,0.9315
ende,05,0.01,dedup_cvl:mtme_COMETKiwi-src,cvl,0.941
ende,05,0.01,dedup_cvq:mtme_COMETKiwi-src,cvq,0.9375
ende,05,0.01,dedup_cvu:mtme_COMETKiwi-src,cvu,0.939
ende,05,0.01,weighted_cvl:mtme_COMETKiwi-src,cvl,0.9365
ende,05,0.01,weighted_cvq:mtme_COMETKiwi-src,cvq,0.9345
ende,05,0.01,weighted_cvu:mtme_COMETKiwi-src,cvu,0.937
ende,05,0.01,dedup_cvl:mtme_Cross-QE-src,cvl,0.942
ende,05,0.01,dedup_cvq:mtme_Cross-QE-src,cvq,0.9405
ende,05,0.01,dedup_cvu:mtme_Cross-QE-src,cvu,0.9415
ende,05,0.01,weighted_cvl:mtme_Cross-QE-src,cvl,0.9375
ende,05,0.01,weighted_cvq:mtme_Cross-QE-src,cvq,0.9355
ende,05,0.01,weighted_cvu:mtme_Cross-QE-src,cvu,0.9385
ende,05,0.01,dedup_cvl:mtme_HWTSC-TLM-src,cvl,0.94
ende,05,0.01,dedup_cvq:mtme_HWTSC-TLM-src,cvq,0.938
ende,05,0.01,dedup_cvu:mtme_HWTSC-TLM-src,cvu,0.9405
ende,05,0.01,weighted_cvl:mtme_HWTSC-TLM-src,cvl,0.94
ende,05,0.01,weighted_cvq:mtme_HWTSC-TLM-src,cvq,0.9365
ende,05,0.01,weighted_cvu:mtme_HWTSC-TLM-src,cvu,0.9375
ende,05,0.01,dedup_cvl:mtme_HWTSC-Teacher-Sim-src,cvl,0.94
ende,05,0.01,dedup_cvq:mtme_HWTSC-Teacher-Sim-src,cvq,0.94
ende,05,0.01,dedup_cvu:mtme_HWTSC-Teacher-Sim-src,cvu,0.938
ende,05,0.01,weighted_cvl:mtme_HWTSC-Teacher-Sim-src,cvl,0.9385
ende,05,0.01,weighted_cvq:mtme_HWTSC-Teacher-Sim-src,cvq,0.9375
ende,05,0.01,weighted_cvu:mtme_HWTSC-Teacher-Sim-src,cvu,0.938
ende,05,0.01,dedup_cvl:mtme_KG-BERTScore-src,cvl,0.9395
ende,05,0.01,dedup_cvq:mtme_KG-BERTScore-src,cvq,0.94
ende,05,0.01,dedup_cvu:mtme_KG-BERTScore-src,cvu,0.9395
ende,05,0.01,weighted_cvl:mtme_KG-BERTScore-src,cvl,0.9385
ende,05,0.01,weighted_cvq:mtme_KG-BERTScore-src,cvq,0.94
ende,05,0.01,weighted_cvu:mtme_KG-BERTScore-src,cvu,0.9405
ende,05,0.01,dedup_cvl:mtme_MATESE-QE-src,cvl,0.9425
ende,05,0.01,dedup_cvq:mtme_MATESE-QE-src,cvq,0.9435
ende,05,0.01,dedup_cvu:mtme_MATESE-QE-src,cvu,0.9395
ende,05,0.01,weighted_cvl:mtme_MATESE-QE-src,cvl,0.9435
ende,05,0.01,weighted_cvq:mtme_MATESE-QE-src,cvq,0.944
ende,05,0.01,weighted_cvu:mtme_MATESE-QE-src,cvu,0.9415
ende,05,0.01,dedup_cvl:mtme_MATESE-refA,cvl,0.9395
ende,05,0.01,dedup_cvq:mtme_MATESE-refA,cvq,0.938
ende,05,0.01,dedup_cvu:mtme_MATESE-refA,cvu,0.9405
ende,05,0.01,weighted_cvl:mtme_MATESE-refA,cvl,0.944
ende,05,0.01,weighted_cvq:mtme_MATESE-refA,cvq,0.9425
ende,05,0.01,weighted_cvu:mtme_MATESE-refA,cvu,0.944
ende,05,0.01,dedup_cvl:mtme_MEE-refA,cvl,0.9405
ende,05,0.01,dedup_cvq:mtme_MEE-refA,cvq,0.9395
ende,05,0.01,dedup_cvu:mtme_MEE-refA,cvu,0.9415
ende,05,0.01,weighted_cvl:mtme_MEE-refA,cvl,0.944
ende,05,0.01,weighted_cvq:mtme_MEE-refA,cvq,0.9435
ende,05,0.01,weighted_cvu:mtme_MEE-refA,cvu,0.942
ende,05,0.01,dedup_cvl:mtme_MEE2-refA,cvl,0.942
ende,05,0.01,dedup_cvq:mtme_MEE2-refA,cvq,0.9405
ende,05,0.01,dedup_cvu:mtme_MEE2-refA,cvu,0.943
ende,05,0.01,weighted_cvl:mtme_MEE2-refA,cvl,0.9455
ende,05,0.01,weighted_cvq:mtme_MEE2-refA,cvq,0.946
ende,05,0.01,weighted_cvu:mtme_MEE2-refA,cvu,0.947
ende,05,0.01,dedup_cvl:mtme_MEE4-refA,cvl,0.939
ende,05,0.01,dedup_cvq:mtme_MEE4-refA,cvq,0.9385
ende,05,0.01,dedup_cvu:mtme_MEE4-refA,cvu,0.9405
ende,05,0.01,weighted_cvl:mtme_MEE4-refA,cvl,0.9435
ende,05,0.01,weighted_cvq:mtme_MEE4-refA,cvq,0.944
ende,05,0.01,weighted_cvu:mtme_MEE4-refA,cvu,0.9455
ende,05,0.01,dedup_cvl:mtme_MS-COMET-22-refA,cvl,0.9335
ende,05,0.01,dedup_cvq:mtme_MS-COMET-22-refA,cvq,0.936
ende,05,0.01,dedup_cvu:mtme_MS-COMET-22-refA,cvu,0.9335
ende,05,0.01,weighted_cvl:mtme_MS-COMET-22-refA,cvl,0.93
ende,05,0.01,weighted_cvq:mtme_MS-COMET-22-refA,cvq,0.933
ende,05,0.01,weighted_cvu:mtme_MS-COMET-22-refA,cvu,0.93
ende,05,0.01,dedup_cvl:mtme_MS-COMET-QE-22-src,cvl,0.9355
ende,05,0.01,dedup_cvq:mtme_MS-COMET-QE-22-src,cvq,0.9395
ende,05,0.01,dedup_cvu:mtme_MS-COMET-QE-22-src,cvu,0.9355
ende,05,0.01,weighted_cvl:mtme_MS-COMET-QE-22-src,cvl,0.9415
ende,05,0.01,weighted_cvq:mtme_MS-COMET-QE-22-src,cvq,0.9425
ende,05,0.01,weighted_cvu:mtme_MS-COMET-QE-22-src,cvu,0.9405
ende,05,0.01,dedup_cvl:mtme_REUSE-src,cvl,0.939
ende,05,0.01,dedup_cvq:mtme_REUSE-src,cvq,0.94
ende,05,0.01,dedup_cvu:mtme_REUSE-src,cvu,0.939
ende,05,0.01,weighted_cvl:mtme_REUSE-src,cvl,0.942
ende,05,0.01,weighted_cvq:mtme_REUSE-src,cvq,0.941
ende,05,0.01,weighted_cvu:mtme_REUSE-src,cvu,0.9425
ende,05,0.01,dedup_cvl:mtme_SEScore-refA,cvl,0.934
ende,05,0.01,dedup_cvq:mtme_SEScore-refA,cvq,0.9355
ende,05,0.01,dedup_cvu:mtme_SEScore-refA,cvu,0.936
ende,05,0.01,weighted_cvl:mtme_SEScore-refA,cvl,0.9355
ende,05,0.01,weighted_cvq:mtme_SEScore-refA,cvq,0.94
ende,05,0.01,weighted_cvu:mtme_SEScore-refA,cvu,0.937
ende,05,0.01,dedup_cvl:mtme_UniTE-ref-refA,cvl,0.9395
ende,05,0.01,dedup_cvq:mtme_UniTE-ref-refA,cvq,0.937
ende,05,0.01,dedup_cvu:mtme_UniTE-ref-refA,cvu,0.939
ende,05,0.01,weighted_cvl:mtme_UniTE-ref-refA,cvl,0.9295
ende,05,0.01,weighted_cvq:mtme_UniTE-ref-refA,cvq,0.9305
ende,05,0.01,weighted_cvu:mtme_UniTE-ref-refA,cvu,0.931
ende,05,0.01,dedup_cvl:mtme_UniTE-refA,cvl,0.9365
ende,05,0.01,dedup_cvq:mtme_UniTE-refA,cvq,0.938
ende,05,0.01,dedup_cvu:mtme_UniTE-refA,cvu,0.936
ende,05,0.01,weighted_cvl:mtme_UniTE-refA,cvl,0.9345
ende,05,0.01,weighted_cvq:mtme_UniTE-refA,cvq,0.9365
ende,05,0.01,weighted_cvu:mtme_UniTE-refA,cvu,0.938
ende,05,0.01,dedup_cvl:mtme_UniTE-src-src,cvl,0.9375
ende,05,0.01,dedup_cvq:mtme_UniTE-src-src,cvq,0.941
ende,05,0.01,dedup_cvu:mtme_UniTE-src-src,cvu,0.9395
ende,05,0.01,weighted_cvl:mtme_UniTE-src-src,cvl,0.9385
ende,05,0.01,weighted_cvq:mtme_UniTE-src-src,cvq,0.939
ende,05,0.01,weighted_cvu:mtme_UniTE-src-src,cvu,0.94
ende,05,0.01,dedup_cvl:mtme_YiSi-1-refA,cvl,0.941
ende,05,0.01,dedup_cvq:mtme_YiSi-1-refA,cvq,0.94
ende,05,0.01,dedup_cvu:mtme_YiSi-1-refA,cvu,0.942
ende,05,0.01,weighted_cvl:mtme_YiSi-1-refA,cvl,0.9435
ende,05,0.01,weighted_cvq:mtme_YiSi-1-refA,cvq,0.9435
ende,05,0.01,weighted_cvu:mtme_YiSi-1-refA,cvu,0.944
ende,05,0.01,dedup_cvl:mtme_chrF-refA,cvl,0.946
ende,05,0.01,dedup_cvq:mtme_chrF-refA,cvq,0.945
ende,05,0.01,dedup_cvu:mtme_chrF-refA,cvu,0.9465
ende,05,0.01,weighted_cvl:mtme_chrF-refA,cvl,0.9475
ende,05,0.01,weighted_cvq:mtme_chrF-refA,cvq,0.9435
ende,05,0.01,weighted_cvu:mtme_chrF-refA,cvu,0.947
ende,05,0.01,dedup_cvl:mtme_f101spBLEU-refA,cvl,0.943
ende,05,0.01,dedup_cvq:mtme_f101spBLEU-refA,cvq,0.942
ende,05,0.01,dedup_cvu:mtme_f101spBLEU-refA,cvu,0.9445
ende,05,0.01,weighted_cvl:mtme_f101spBLEU-refA,cvl,0.945
ende,05,0.01,weighted_cvq:mtme_f101spBLEU-refA,cvq,0.944
ende,05,0.01,weighted_cvu:mtme_f101spBLEU-refA,cvu,0.9465
ende,05,0.01,dedup_cvl:mtme_f200spBLEU-refA,cvl,0.942
ende,05,0.01,dedup_cvq:mtme_f200spBLEU-refA,cvq,0.941
ende,05,0.01,dedup_cvu:mtme_f200spBLEU-refA,cvu,0.941
ende,05,0.01,weighted_cvl:mtme_f200spBLEU-refA,cvl,0.9445
ende,05,0.01,weighted_cvq:mtme_f200spBLEU-refA,cvq,0.945
ende,05,0.01,weighted_cvu:mtme_f200spBLEU-refA,cvu,0.9465
ende,05,0.01,dedup_cvl:mtme_metricx_xl_DA_2019-refA,cvl,0.9305
ende,05,0.01,dedup_cvq:mtme_metricx_xl_DA_2019-refA,cvq,0.9285
ende,05,0.01,dedup_cvu:mtme_metricx_xl_DA_2019-refA,cvu,0.933
ende,05,0.01,weighted_cvl:mtme_metricx_xl_DA_2019-refA,cvl,0.9265
ende,05,0.01,weighted_cvq:mtme_metricx_xl_DA_2019-refA,cvq,0.9265
ende,05,0.01,weighted_cvu:mtme_metricx_xl_DA_2019-refA,cvu,0.9255
ende,05,0.01,dedup_cvl:mtme_metricx_xl_MQM_2020-refA,cvl,0.917
ende,05,0.01,dedup_cvq:mtme_metricx_xl_MQM_2020-refA,cvq,0.9095
ende,05,0.01,dedup_cvu:mtme_metricx_xl_MQM_2020-refA,cvu,0.9145
ende,05,0.01,weighted_cvl:mtme_metricx_xl_MQM_2020-refA,cvl,0.917
ende,05,0.01,weighted_cvq:mtme_metricx_xl_MQM_2020-refA,cvq,0.9135
ende,05,0.01,weighted_cvu:mtme_metricx_xl_MQM_2020-refA,cvu,0.918
ende,05,0.01,dedup_cvl:mtme_metricx_xxl_DA_2019-refA,cvl,0.9285
ende,05,0.01,dedup_cvq:mtme_metricx_xxl_DA_2019-refA,cvq,0.926
ende,05,0.01,dedup_cvu:mtme_metricx_xxl_DA_2019-refA,cvu,0.93
ende,05,0.01,weighted_cvl:mtme_metricx_xxl_DA_2019-refA,cvl,0.9285
ende,05,0.01,weighted_cvq:mtme_metricx_xxl_DA_2019-refA,cvq,0.929
ende,05,0.01,weighted_cvu:mtme_metricx_xxl_DA_2019-refA,cvu,0.927
ende,05,0.01,dedup_cvl:mtme_metricx_xxl_MQM_2020-refA,cvl,0.9125
ende,05,0.01,dedup_cvq:mtme_metricx_xxl_MQM_2020-refA,cvq,0.9055
ende,05,0.01,dedup_cvu:mtme_metricx_xxl_MQM_2020-refA,cvu,0.91
ende,05,0.01,weighted_cvl:mtme_metricx_xxl_MQM_2020-refA,cvl,0.908
ende,05,0.01,weighted_cvq:mtme_metricx_xxl_MQM_2020-refA,cvq,0.9045
ende,05,0.01,weighted_cvu:mtme_metricx_xxl_MQM_2020-refA,cvu,0.9105
ende,05,0.01,weighted_cvo:mtme_BERTScore-refA,cvo,0.9425
ende,05,0.01,weighted_cvo:mtme_BLEU-refA,cvo,0.9455
ende,05,0.01,weighted_cvo:mtme_BLEURT-20-refA,cvo,0.946
ende,05,0.01,weighted_cvo:mtme_COMET-20-refA,cvo,0.944
ende,05,0.01,weighted_cvo:mtme_COMET-22-refA,cvo,0.94
ende,05,0.01,weighted_cvo:mtme_COMET-QE-src,cvo,0.9405
ende,05,0.01,weighted_cvo:mtme_COMETKiwi-src,cvo,0.9415
ende,05,0.01,weighted_cvo:mtme_Cross-QE-src,cvo,0.9435
ende,05,0.01,weighted_cvo:mtme_HWTSC-TLM-src,cvo,0.943
ende,05,0.01,weighted_cvo:mtme_HWTSC-Teacher-Sim-src,cvo,0.9425
ende,05,0.01,weighted_cvo:mtme_KG-BERTScore-src,cvo,0.9425
ende,05,0.01,weighted_cvo:mtme_MATESE-QE-src,cvo,0.9445
ende,05,0.01,weighted_cvo:mtme_MATESE-refA,cvo,0.9415
ende,05,0.01,weighted_cvo:mtme_MEE-refA,cvo,0.944
ende,05,0.01,weighted_cvo:mtme_MEE2-refA,cvo,0.9445
ende,05,0.01,weighted_cvo:mtme_MEE4-refA,cvo,0.9445
ende,05,0.01,weighted_cvo:mtme_MS-COMET-22-refA,cvo,0.942
ende,05,0.01,weighted_cvo:mtme_MS-COMET-QE-22-src,cvo,0.9425
ende,05,0.01,weighted_cvo:mtme_REUSE-src,cvo,0.942
ende,05,0.01,weighted_cvo:mtme_SEScore-refA,cvo,0.942
ende,05,0.01,weighted_cvo:mtme_UniTE-ref-refA,cvo,0.9385
ende,05,0.01,weighted_cvo:mtme_UniTE-refA,cvo,0.9365
ende,05,0.01,weighted_cvo:mtme_UniTE-src-src,cvo,0.9365
ende,05,0.01,weighted_cvo:mtme_YiSi-1-refA,cvo,0.9435
ende,05,0.01,weighted_cvo:mtme_chrF-refA,cvo,0.9425
ende,05,0.01,weighted_cvo:mtme_f101spBLEU-refA,cvo,0.9425
ende,05,0.01,weighted_cvo:mtme_f200spBLEU-refA,cvo,0.945
ende,05,0.01,weighted_cvo:mtme_metricx_xl_DA_2019-refA,cvo,0.9395
ende,05,0.01,weighted_cvo:mtme_metricx_xl_MQM_2020-refA,cvo,0.925
ende,05,0.01,weighted_cvo:mtme_metricx_xxl_DA_2019-refA,cvo,0.9395
ende,05,0.01,weighted_cvo:mtme_metricx_xxl_MQM_2020-refA,cvo,0.922
ende,05,0.02,uniform,human,0.944
ende,05,0.02,dedup,human,0.941
ende,05,0.02,weighted,human,0.942
ende,05,0.02,dedup_cvl:mtme_BERTScore-refA,cvl,0.9425
ende,05,0.02,dedup_cvq:mtme_BERTScore-refA,cvq,0.942
ende,05,0.02,dedup_cvu:mtme_BERTScore-refA,cvu,0.941
ende,05,0.02,weighted_cvl:mtme_BERTScore-refA,cvl,0.9445
ende,05,0.02,weighted_cvq:mtme_BERTScore-refA,cvq,0.947
ende,05,0.02,weighted_cvu:mtme_BERTScore-refA,cvu,0.945
ende,05,0.02,dedup_cvl:mtme_BLEU-refA,cvl,0.942
ende,05,0.02,dedup_cvq:mtme_BLEU-refA,cvq,0.942
ende,05,0.02,dedup_cvu:mtme_BLEU-refA,cvu,0.9435
ende,05,0.02,weighted_cvl:mtme_BLEU-refA,cvl,0.945
ende,05,0.02,weighted_cvq:mtme_BLEU-refA,cvq,0.9455
ende,05,0.02,weighted_cvu:mtme_BLEU-refA,cvu,0.948
ende,05,0.02,dedup_cvl:mtme_BLEURT-20-refA,cvl,0.9315
ende,05,0.02,dedup_cvq:mtme_BLEURT-20-refA,cvq,0.9315
ende,05,0.02,dedup_cvu:mtme_BLEURT-20-refA,cvu,0.9345
ende,05,0.02,weighted_cvl:mtme_BLEURT-20-refA,cvl,0.937
ende,05,0.02,weighted_cvq:mtme_BLEURT-20-refA,cvq,0.94
ende,05,0.02,weighted_cvu:mtme_BLEURT-20-refA,cvu,0.9395
ende,05,0.02,dedup_cvl:mtme_COMET-20-refA,cvl,0.942
ende,05,0.02,dedup_cvq:mtme_COMET-20-refA,cvq,0.941
ende,05,0.02,dedup_cvu:mtme_COMET-20-refA,cvu,0.941
ende,05,0.02,weighted_cvl:mtme_COMET-20-refA,cvl,0.9405
ende,05,0.02,weighted_cvq:mtme_COMET-20-refA,cvq,0.94
ende,05,0.02,weighted_cvu:mtme_COMET-20-refA,cvu,0.9415
ende,05,0.02,dedup_cvl:mtme_COMET-22-refA,cvl,0.931
ende,05,0.02,dedup_cvq:mtme_COMET-22-refA,cvq,0.932
ende,05,0.02,dedup_cvu:mtme_COMET-22-refA,cvu,0.9345
ende,05,0.02,weighted_cvl:mtme_COMET-22-refA,cvl,0.9315
ende,05,0.02,weighted_cvq:mtme_COMET-22-refA,cvq,0.9295
ende,05,0.02,weighted_cvu:mtme_COMET-22-refA,cvu,0.9305
ende,05,0.02,dedup_cvl:mtme_COMET-QE-src,cvl,0.935
ende,05,0.02,dedup_cvq:mtme_COMET-QE-src,cvq,0.9355
ende,05,0.02,dedup_cvu:mtme_COMET-QE-src,cvu,0.9335
ende,05,0.02,weighted_cvl:mtme_COMET-QE-src,cvl,0.9335
ende,05,0.02,weighted_cvq:mtme_COMET-QE-src,cvq,0.933
ende,05,0.02,weighted_cvu:mtme_COMET-QE-src,cvu,0.9315
ende,05,0.02,dedup_cvl:mtme_COMETKiwi-src,cvl,0.941
ende,05,0.02,dedup_cvq:mtme_COMETKiwi-src,cvq,0.9375
ende,05,0.02,dedup_cvu:mtme_COMETKiwi-src,cvu,0.939
ende,05,0.02,weighted_cvl:mtme_COMETKiwi-src,cvl,0.9365
ende,05,0.02,weighted_cvq:mtme_COMETKiwi-src,cvq,0.9345
ende,05,0.02,weighted_cvu:mtme_COMETKiwi-src,cvu,0.937
ende,05,0.02,dedup_cvl:mtme_Cross-QE-src,cvl,0.942
ende,05,0.02,dedup_cvq:mtme_Cross-QE-src,cvq,0.9405
ende,05,0.02,dedup_cvu:mtme_Cross-QE-src,cvu,0.9415
ende,05,0.02,weighted_cvl:mtme_Cross-QE-src,cvl,0.9375
ende,05,0.02,weighted_cvq:mtme_Cross-QE-src,cvq,0.9355
ende,05,0.02,weighted_cvu:mtme_Cross-QE-src,cvu,0.9385
ende,05,0.02,dedup_cvl:mtme_HWTSC-TLM-src,cvl,0.94
ende,05,0.02,dedup_cvq:mtme_HWTSC-TLM-src,cvq,0.938
ende,05,0.02,dedup_cvu:mtme_HWTSC-TLM-src,cvu,0.9405
ende,05,0.02,weighted_cvl:mtme_HWTSC-TLM-src,cvl,0.94
ende,05,0.02,weighted_cvq:mtme_HWTSC-TLM-src,cvq,0.9365
ende,05,0.02,weighted_cvu:mtme_HWTSC-TLM-src,cvu,0.9375
ende,05,0.02,dedup_cvl:mtme_HWTSC-Teacher-Sim-src,cvl,0.94
ende,05,0.02,dedup_cvq:mtme_HWTSC-Teacher-Sim-src,cvq,0.94
ende,05,0.02,dedup_cvu:mtme_HWTSC-Teacher-Sim-src,cvu,0.938
ende,05,0.02,weighted_cvl:mtme_HWTSC-Teacher-Sim-src,cvl,0.9385
ende,05,0.02,weighted_cvq:mtme_HWTSC-Teacher-Sim-src,cvq,0.9375
ende,05,0.02,weighted_cvu:mtme_HWTSC-Teacher-Sim-src,cvu,0.938
ende,05,0.02,dedup_cvl:mtme_KG-BERTScore-src,cvl,0.9395
ende,05,0.02,dedup_cvq:mtme_KG-BERTScore-src,cvq,0.94
ende,05,0.02,dedup_cvu:mtme_KG-BERTScore-src,cvu,0.9395
ende,05,0.02,weighted_cvl:mtme_KG-BERTScore-src,cvl,0.9385
ende,05,0.02,weighted_cvq:mtme_KG-BERTScore-src,cvq,0.94
ende,05,0.02,weighted_cvu:mtme_KG-BERTScore-src,cvu,0.9405
ende,05,0.02,dedup_cvl:mtme_MATESE-QE-src,cvl,0.9425
ende,05,0.02,dedup_cvq:mtme_MATESE-QE-src,cvq,0.9435
ende,05,0.02,dedup_cvu:mtme_MATESE-QE-src,cvu,0.9395
ende,05,0.02,weighted_cvl:mtme_MATESE-QE-src,cvl,0.9435
ende,05,0.02,weighted_cvq:mtme_MATESE-QE-src,cvq,0.944
ende,05,0.02,weighted_cvu:mtme_MATESE-QE-src,cvu,0.9415
ende,05,0.02,dedup_cvl:mtme_MATESE-refA,cvl,0.9395
ende,05,0.02,dedup_cvq:mtme_MATESE-refA,cvq,0.938
ende,05,0.02,dedup_cvu:mtme_MATESE-refA,cvu,0.9405
ende,05,0.02,weighted_cvl:mtme_MATESE-refA,cvl,0.944
ende,05,0.02,weighted_cvq:mtme_MATESE-refA,cvq,0.9425
ende,05,0.02,weighted_cvu:mtme_MATESE-refA,cvu,0.944
ende,05,0.02,dedup_cvl:mtme_MEE-refA,cvl,0.9405
ende,05,0.02,dedup_cvq:mtme_MEE-refA,cvq,0.9395
ende,05,0.02,dedup_cvu:mtme_MEE-refA,cvu,0.9415
ende,05,0.02,weighted_cvl:mtme_MEE-refA,cvl,0.944
ende,05,0.02,weighted_cvq:mtme_MEE-refA,cvq,0.9435
ende,05,0.02,weighted_cvu:mtme_MEE-refA,cvu,0.942
ende,05,0.02,dedup_cvl:mtme_MEE2-refA,cvl,0.942
ende,05,0.02,dedup_cvq:mtme_MEE2-refA,cvq,0.9405
ende,05,0.02,dedup_cvu:mtme_MEE2-refA,cvu,0.943
ende,05,0.02,weighted_cvl:mtme_MEE2-refA,cvl,0.9455
ende,05,0.02,weighted_cvq:mtme_MEE2-refA,cvq,0.946
ende,05,0.02,weighted_cvu:mtme_MEE2-refA,cvu,0.947
ende,05,0.02,dedup_cvl:mtme_MEE4-refA,cvl,0.939
ende,05,0.02,dedup_cvq:mtme_MEE4-refA,cvq,0.9385
ende,05,0.02,dedup_cvu:mtme_MEE4-refA,cvu,0.9405
ende,05,0.02,weighted_cvl:mtme_MEE4-refA,cvl,0.9435
ende,05,0.02,weighted_cvq:mtme_MEE4-refA,cvq,0.944
ende,05,0.02,weighted_cvu:mtme_MEE4-refA,cvu,0.9455
ende,05,0.02,dedup_cvl:mtme_MS-COMET-22-refA,cvl,0.9335
ende,05,0.02,dedup_cvq:mtme_MS-COMET-22-refA,cvq,0.936
ende,05,0.02,dedup_cvu:mtme_MS-COMET-22-refA,cvu,0.9335
ende,05,0.02,weighted_cvl:mtme_MS-COMET-22-refA,cvl,0.93
ende,05,0.02,weighted_cvq:mtme_MS-COMET-22-refA,cvq,0.933
ende,05,0.02,weighted_cvu:mtme_MS-COMET-22-refA,cvu,0.93
ende,05,0.02,dedup_cvl:mtme_MS-COMET-QE-22-src,cvl,0.9355
ende,05,0.02,dedup_cvq:mtme_MS-COMET-QE-22-src,cvq,0.9395
ende,05,0.02,dedup_cvu:mtme_MS-COMET-QE-22-src,cvu,0.9355
ende,05,0.02,weighted_cvl:mtme_MS-COMET-QE-22-src,cvl,0.9415
ende,05,0.02,weighted_cvq:mtme_MS-COMET-QE-22-src,cvq,0.9425
ende,05,0.02,weighted_cvu:mtme_MS-COMET-QE-22-src,cvu,0.9405
ende,05,0.02,dedup_cvl:mtme_REUSE-src,cvl,0.939
ende,05,0.02,dedup_cvq:mtme_REUSE-src,cvq,0.94
ende,05,0.02,dedup_cvu:mtme_REUSE-src,cvu,0.939
ende,05,0.02,weighted_cvl:mtme_REUSE-src,cvl,0.942
ende,05,0.02,weighted_cvq:mtme_REUSE-src,cvq,0.941
ende,05,0.02,weighted_cvu:mtme_REUSE-src,cvu,0.9425
ende,05,0.02,dedup_cvl:mtme_SEScore-refA,cvl,0.934
ende,05,0.02,dedup_cvq:mtme_SEScore-refA,cvq,0.9355
ende,05,0.02,dedup_cvu:mtme_SEScore-refA,cvu,0.936
ende,05,0.02,weighted_cvl:mtme_SEScore-refA,cvl,0.9355
ende,05,0.02,weighted_cvq:mtme_SEScore-refA,cvq,0.94
ende,05,0.02,weighted_cvu:mtme_SEScore-refA,cvu,0.937
ende,05,0.02,dedup_cvl:mtme_UniTE-ref-refA,cvl,0.9395
ende,05,0.02,dedup_cvq:mtme_UniTE-ref-refA,cvq,0.937
ende,05,0.02,dedup_cvu:mtme_UniTE-ref-refA,cvu,0.939
ende,05,0.02,weighted_cvl:mtme_UniTE-ref-refA,cvl,0.9295
ende,05,0.02,weighted_cvq:mtme_UniTE-ref-refA,cvq,0.9305
ende,05,0.02,weighted_cvu:mtme_UniTE-ref-refA,cvu,0.931
ende,05,0.02,dedup_cvl:mtme_UniTE-refA,cvl,0.9365
ende,05,0.02,dedup_cvq:mtme_UniTE-refA,cvq,0.938
ende,05,0.02,dedup_cvu:mtme_UniTE-refA,cvu,0.936
ende,05,0.02,weighted_cvl:mtme_UniTE-refA,cvl,0.9345
ende,05,0.02,weighted_cvq:mtme_UniTE-refA,cvq,0.9365
ende,05,0.02,weighted_cvu:mtme_UniTE-refA,cvu,0.938
ende,05,0.02,dedup_cvl:mtme_UniTE-src-src,cvl,0.9375
ende,05,0.02,dedup_cvq:mtme_UniTE-src-src,cvq,0.941
ende,05,0.02,dedup_cvu:mtme_UniTE-src-src,cvu,0.9395
ende,05,0.02,weighted_cvl:mtme_UniTE-src-src,cvl,0.9385
ende,05,0.02,weighted_cvq:mtme_UniTE-src-src,cvq,0.939
ende,05,0.02,weighted_cvu:mtme_UniTE-src-src,cvu,0.94
ende,05,0.02,dedup_cvl:mtme_YiSi-1-refA,cvl,0.941
ende,05,0.02,dedup_cvq:mtme_YiSi-1-refA,cvq,0.94
ende,05,0.02,dedup_cvu:mtme_YiSi-1-refA,cvu,0.942
ende,05,0.02,weighted_cvl:mtme_YiSi-1-refA,cvl,0.9435
ende,05,0.02,weighted_cvq:mtme_YiSi-1-refA,cvq,0.9435
ende,05,0.02,weighted_cvu:mtme_YiSi-1-refA,cvu,0.944
ende,05,0.02,dedup_cvl:mtme_chrF-refA,cvl,0.946
ende,05,0.02,dedup_cvq:mtme_chrF-refA,cvq,0.945
ende,05,0.02,dedup_cvu:mtme_chrF-refA,cvu,0.9465
ende,05,0.02,weighted_cvl:mtme_chrF-refA,cvl,0.9475
ende,05,0.02,weighted_cvq:mtme_chrF-refA,cvq,0.9435
ende,05,0.02,weighted_cvu:mtme_chrF-refA,cvu,0.947
ende,05,0.02,dedup_cvl:mtme_f101spBLEU-refA,cvl,0.943
ende,05,0.02,dedup_cvq:mtme_f101spBLEU-refA,cvq,0.942
ende,05,0.02,dedup_cvu:mtme_f101spBLEU-refA,cvu,0.9445
ende,05,0.02,weighted_cvl:mtme_f101spBLEU-refA,cvl,0.945
ende,05,0.02,weighted_cvq:mtme_f101spBLEU-refA,cvq,0.944
ende,05,0.02,weighted_cvu:mtme_f101spBLEU-refA,cvu,0.9465
ende,05,0.02,dedup_cvl:mtme_f200spBLEU-refA,cvl,0.942
ende,05,0.02,dedup_cvq:mtme_f200spBLEU-refA,cvq,0.941
ende,05,0.02,dedup_cvu:mtme_f200spBLEU-refA,cvu,0.941
ende,05,0.02,weighted_cvl:mtme_f200spBLEU-refA,cvl,0.9445
ende,05,0.02,weighted_cvq:mtme_f200spBLEU-refA,cvq,0.945
ende,05,0.02,weighted_cvu:mtme_f200spBLEU-refA,cvu,0.9465
ende,05,0.02,dedup_cvl:mtme_metricx_xl_DA_2019-refA,cvl,0.9305
ende,05,0.02,dedup_cvq:mtme_metricx_xl_DA_2019-refA,cvq,0.9285
ende,05,0.02,dedup_cvu:mtme_metricx_xl_DA_2019-refA,cvu,0.933
ende,05,0.02,weighted_cvl:mtme_metricx_xl_DA_2019-refA,cvl,0.9265
ende,05,0.02,weighted_cvq:mtme_metricx_xl_DA_2019-refA,cvq,0.9265
ende,05,0.02,weighted_cvu:mtme_metricx_xl_DA_2019-refA,cvu,0.9255
ende,05,0.02,dedup_cvl:mtme_metricx_xl_MQM_2020-refA,cvl,0.917
ende,05,0.02,dedup_cvq:mtme_metricx_xl_MQM_2020-refA,cvq,0.9095
ende,05,0.02,dedup_cvu:mtme_metricx_xl_MQM_2020-refA,cvu,0.9145
ende,05,0.02,weighted_cvl:mtme_metricx_xl_MQM_2020-refA,cvl,0.917
ende,05,0.02,weighted_cvq:mtme_metricx_xl_MQM_2020-refA,cvq,0.9135
ende,05,0.02,weighted_cvu:mtme_metricx_xl_MQM_2020-refA,cvu,0.918
ende,05,0.02,dedup_cvl:mtme_metricx_xxl_DA_2019-refA,cvl,0.9285
ende,05,0.02,dedup_cvq:mtme_metricx_xxl_DA_2019-refA,cvq,0.926
ende,05,0.02,dedup_cvu:mtme_metricx_xxl_DA_2019-refA,cvu,0.93
ende,05,0.02,weighted_cvl:mtme_metricx_xxl_DA_2019-refA,cvl,0.9285
ende,05,0.02,weighted_cvq:mtme_metricx_xxl_DA_2019-refA,cvq,0.929
ende,05,0.02,weighted_cvu:mtme_metricx_xxl_DA_2019-refA,cvu,0.927
ende,05,0.02,dedup_cvl:mtme_metricx_xxl_MQM_2020-refA,cvl,0.9125
ende,05,0.02,dedup_cvq:mtme_metricx_xxl_MQM_2020-refA,cvq,0.9055
ende,05,0.02,dedup_cvu:mtme_metricx_xxl_MQM_2020-refA,cvu,0.91
ende,05,0.02,weighted_cvl:mtme_metricx_xxl_MQM_2020-refA,cvl,0.908
ende,05,0.02,weighted_cvq:mtme_metricx_xxl_MQM_2020-refA,cvq,0.9045
ende,05,0.02,weighted_cvu:mtme_metricx_xxl_MQM_2020-refA,cvu,0.9105
ende,05,0.02,weighted_cvo:mtme_BERTScore-refA,cvo,0.9425
ende,05,0.02,weighted_cvo:mtme_BLEU-refA,cvo,0.9455
ende,05,0.02,weighted_cvo:mtme_BLEURT-20-refA,cvo,0.946
ende,05,0.02,weighted_cvo:mtme_COMET-20-refA,cvo,0.944
ende,05,0.02,weighted_cvo:mtme_COMET-22-refA,cvo,0.94
ende,05,0.02,weighted_cvo:mtme_COMET-QE-src,cvo,0.9405
ende,05,0.02,weighted_cvo:mtme_COMETKiwi-src,cvo,0.9415
ende,05,0.02,weighted_cvo:mtme_Cross-QE-src,cvo,0.9435
ende,05,0.02,weighted_cvo:mtme_HWTSC-TLM-src,cvo,0.943
ende,05,0.02,weighted_cvo:mtme_HWTSC-Teacher-Sim-src,cvo,0.9425
ende,05,0.02,weighted_cvo:mtme_KG-BERTScore-src,cvo,0.9425
ende,05,0.02,weighted_cvo:mtme_MATESE-QE-src,cvo,0.9445
ende,05,0.02,weighted_cvo:mtme_MATESE-refA,cvo,0.9415
ende,05,0.02,weighted_cvo:mtme_MEE-refA,cvo,0.944
ende,05,0.02,weighted_cvo:mtme_MEE2-refA,cvo,0.9445
ende,05,0.02,weighted_cvo:mtme_MEE4-refA,cvo,0.9445
ende,05,0.02,weighted_cvo:mtme_MS-COMET-22-refA,cvo,0.942
ende,05,0.02,weighted_cvo:mtme_MS-COMET-QE-22-src,cvo,0.9425
ende,05,0.02,weighted_cvo:mtme_REUSE-src,cvo,0.942
ende,05,0.02,weighted_cvo:mtme_SEScore-refA,cvo,0.942
ende,05,0.02,weighted_cvo:mtme_UniTE-ref-refA,cvo,0.9385
ende,05,0.02,weighted_cvo:mtme_UniTE-refA,cvo,0.9365
ende,05,0.02,weighted_cvo:mtme_UniTE-src-src,cvo,0.9365
ende,05,0.02,weighted_cvo:mtme_YiSi-1-refA,cvo,0.9435
ende,05,0.02,weighted_cvo:mtme_chrF-refA,cvo,0.9425
ende,05,0.02,weighted_cvo:mtme_f101spBLEU-refA,cvo,0.9425
ende,05,0.02,weighted_cvo:mtme_f200spBLEU-refA,cvo,0.945
ende,05,0.02,weighted_cvo:mtme_metricx_xl_DA_2019-refA,cvo,0.9395
ende,05,0.02,weighted_cvo:mtme_metricx_xl_MQM_2020-refA,cvo,0.925
ende,05,0.02,weighted_cvo:mtme_metricx_xxl_DA_2019-refA,cvo,0.9395
ende,05,0.02,weighted_cvo:mtme_metricx_xxl_MQM_2020-refA,cvo,0.922
ende,12,0.01,uniform,human,0.8925
ende,12,0.01,dedup,human,0.897
ende,12,0.01,weighted,human,0.902
ende,12,0.01,dedup_cvl:mtme_BERTScore-refA,cvl,0.8975
ende,12,0.01,dedup_cvq:mtme_BERTScore-refA,cvq,0.8955
ende,12,0.01,dedup_cvu:mtme_BERTScore-refA,cvu,0.897
ende,12,0.01,weighted_cvl:mtme_BERTScore-refA,cvl,0.8985
ende,12,0.01,weighted_cvq:mtme_BERTScore-refA,cvq,0.8745
ende,12,0.01,weighted_cvu:mtme_BERTScore-refA,cvu,0.8985
ende,12,0.01,dedup_cvl:mtme_BLEU-refA,cvl,0.896
ende,12,0.01,dedup_cvq:mtme_BLEU-refA,cvq,0.889
ende,12,0.01,dedup_cvu:mtme_BLEU-refA,cvu,0.891
ende,12,0.01,weighted_cvl:mtme_BLEU-refA,cvl,0.899
ende,12,0.01,weighted_cvq:mtme_BLEU-refA,cvq,0.893
ende,12,0.01,weighted_cvu:mtme_BLEU-refA,cvu,0.8975
ende,12,0.01,dedup_cvl:mtme_BLEURT-20-refA,cvl,0.9025
ende,12,0.01,dedup_cvq:mtme_BLEURT-20-refA,cvq,0.8765
ende,12,0.01,dedup_cvu:mtme_BLEURT-20-refA,cvu,0.9005
ende,12,0.01,weighted_cvl:mtme_BLEURT-20-refA,cvl,0.8785
ende,12,0.01,weighted_cvq:mtme_BLEURT-20-refA,cvq,0.877
ende,12,0.01,weighted_cvu:mtme_BLEURT-20-refA,cvu,0.881
ende,12,0.01,dedup_cvl:mtme_COMET-20-refA,cvl,0.8995
ende,12,0.01,dedup_cvq:mtme_COMET-20-refA,cvq,0.8975
ende,12,0.01,dedup_cvu:mtme_COMET-20-refA,cvu,0.9005
ende,12,0.01,weighted_cvl:mtme_COMET-20-refA,cvl,0.8975
ende,12,0.01,weighted_cvq:mtme_COMET-20-refA,cvq,0.8745
ende,12,0.01,weighted_cvu:mtme_COMET-20-refA,cvu,0.89
ende,12,0.01,dedup_cvl:mtme_COMET-22-refA,cvl,0.898
ende,12,0.01,dedup_cvq:mtme_COMET-22-refA,cvq,0.8935
ende,12,0.01,dedup_cvu:mtme_COMET-22-refA,cvu,0.9005
ende,12,0.01,weighted_cvl:mtme_COMET-22-refA,cvl,0.8935
ende,12,0.01,weighted_cvq:mtme_COMET-22-refA,cvq,0.868
ende,12,0.01,weighted_cvu:mtme_COMET-22-refA,cvu,0.895
ende,12,0.01,dedup_cvl:mtme_COMET-QE-src,cvl,0.9055
ende,12,0.01,dedup_cvq:mtme_COMET-QE-src,cvq,0.901
ende,12,0.01,dedup_cvu:mtme_COMET-QE-src,cvu,0.903
ende,12,0.01,weighted_cvl:mtme_COMET-QE-src,cvl,0.903
ende,12,0.01,weighted_cvq:mtme_COMET-QE-src,cvq,0.8715
ende,12,0.01,weighted_cvu:mtme_COMET-QE-src,cvu,0.9035
ende,12,0.01,dedup_cvl:mtme_COMETKiwi-src,cvl,0.9035
ende,12,0.01,dedup_cvq:mtme_COMETKiwi-src,cvq,0.8985
ende,12,0.01,dedup_cvu:mtme_COMETKiwi-src,cvu,0.9005
ende,12,0.01,weighted_cvl:mtme_COMETKiwi-src,cvl,0.903
ende,12,0.01,weighted_cvq:mtme_COMETKiwi-src,cvq,0.867
ende,12,0.01,weighted_cvu:mtme_COMETKiwi-src,cvu,0.8975
ende,12,0.01,dedup_cvl:mtme_Cross-QE-src,cvl,0.9005
ende,12,0.01,dedup_cvq:mtme_Cross-QE-src,cvq,0.873
ende,12,0.01,dedup_cvu:mtme_Cross-QE-src,cvu,0.897
ende,12,0.01,weighted_cvl:mtme_Cross-QE-src,cvl,0.9015
ende,12,0.01,weighted_cvq:mtme_Cross-QE-src,cvq,0.8725
ende,12,0.01,weighted_cvu:mtme_Cross-QE-src,cvu,0.9005
ende,12,0.01,dedup_cvl:mtme_HWTSC-TLM-src,cvl,0.8975
ende,12,0.01,dedup_cvq:mtme_HWTSC-TLM-src,cvq,0.897
ende,12,0.01,dedup_cvu:mtme_HWTSC-TLM-src,cvu,0.8975
ende,12,0.01,weighted_cvl:mtme_HWTSC-TLM-src,cvl,0.8995
ende,12,0.01,weighted_cvq:mtme_HWTSC-TLM-src,cvq,0.873
ende,12,0.01,weighted_cvu:mtme_HWTSC-TLM-src,cvu,0.8925
ende,12,0.01,dedup_cvl:mtme_HWTSC-Teacher-Sim-src,cvl,0.9005
ende,12,0.01,dedup_cvq:mtme_HWTSC-Teacher-Sim-src,cvq,0.8985
ende,12,0.01,dedup_cvu:mtme_HWTSC-Teacher-Sim-src,cvu,0.902
ende,12,0.01,weighted_cvl:mtme_HWTSC-Teacher-Sim-src,cvl,0.9015
ende,12,0.01,weighted_cvq:mtme_HWTSC-Teacher-Sim-src,cvq,0.872
ende,12,0.01,weighted_cvu:mtme_HWTSC-Teacher-Sim-src,cvu,0.8975
ende,12,0.01,dedup_cvl:mtme_KG-BERTScore-src,cvl,0.9015
ende,12,0.01,dedup_cvq:mtme_KG-BERTScore-src,cvq,0.8965
ende,12,0.01,dedup_cvu:mtme_KG-BERTScore-src,cvu,0.8975
ende,12,0.01,weighted_cvl:mtme_KG-BERTScore-src,cvl,0.8995
ende,12,0.01,weighted_cvq:mtme_KG-BERTScore-src,cvq,0.874
ende,12,0.01,weighted_cvu:mtme_KG-BERTScore-src,cvu,0.9025
ende,12,0.01,dedup_cvl:mtme_MATESE-QE-src,cvl,0.897
ende,12,0.01,dedup_cvq:mtme_MATESE-QE-src,cvq,0.8935
ende,12,0.01,dedup_cvu:mtme_MATESE-QE-src,cvu,0.894
ende,12,0.01,weighted_cvl:mtme_MATESE-QE-src,cvl,0.9045
ende,12,0.01,weighted_cvq:mtme_MATESE-QE-src,cvq,0.8735
ende,12,0.01,weighted_cvu:mtme_MATESE-QE-src,cvu,0.8985
ende,12,0.01,dedup_cvl:mtme_MATESE-refA,cvl,0.8965
ende,12,0.01,dedup_cvq:mtme_MATESE-refA,cvq,0.8955
ende,12,0.01,dedup_cvu:mtme_MATESE-refA,cvu,0.8975
ende,12,0.01,weighted_cvl:mtme_MATESE-refA,cvl,0.9
ende,12,0.01,weighted_cvq:mtme_MATESE-refA,cvq,0.8815
ende,12,0.01,weighted_cvu:mtme_MATESE-refA,cvu,0.8995
ende,12,0.01,dedup_cvl:mtme_MEE-refA,cvl,0.8925
ende,12,0.01,dedup_cvq:mtme_MEE-refA,cvq,0.888
ende,12,0.01,dedup_cvu:mtme_MEE-refA,cvu,0.889
ende,12,0.01,weighted_cvl:mtme_MEE-refA,cvl,0.8925
ende,12,0.01,weighted_cvq:mtme_MEE-refA,cvq,0.8745
ende,12,0.01,weighted_cvu:mtme_MEE-refA,cvu,0.8925
ende,12,0.01,dedup_cvl:mtme_MEE2-refA,cvl,0.895
ende,12,0.01,dedup_cvq:mtme_MEE2-refA,cvq,0.892
ende,12,0.01,dedup_cvu:mtme_MEE2-refA,cvu,0.892
ende,12,0.01,weighted_cvl:mtme_MEE2-refA,cvl,0.896
ende,12,0.01,weighted_cvq:mtme_MEE2-refA,cvq,0.8755
ende,12,0.01,weighted_cvu:mtme_MEE2-refA,cvu,0.897
ende,12,0.01,dedup_cvl:mtme_MEE4-refA,cvl,0.8925
ende,12,0.01,dedup_cvq:mtme_MEE4-refA,cvq,0.893
ende,12,0.01,dedup_cvu:mtme_MEE4-refA,cvu,0.8915
ende,12,0.01,weighted_cvl:mtme_MEE4-refA,cvl,0.898
ende,12,0.01,weighted_cvq:mtme_MEE4-refA,cvq,0.873
ende,12,0.01,weighted_cvu:mtme_MEE4-refA,cvu,0.899
ende,12,0.01,dedup_cvl:mtme_MS-COMET-22-refA,cvl,0.8975
ende,12,0.01,dedup_cvq:mtme_MS-COMET-22-refA,cvq,0.8885
ende,12,0.01,dedup_cvu:mtme_MS-COMET-22-refA,cvu,0.8945
ende,12,0.01,weighted_cvl:mtme_MS-COMET-22-refA,cvl,0.895
ende,12,0.01,weighted_cvq:mtme_MS-COMET-22-refA,cvq,0.8735
ende,12,0.01,weighted_cvu:mtme_MS-COMET-22-refA,cvu,0.8975
ende,12,0.01,dedup_cvl:mtme_MS-COMET-QE-22-src,cvl,0.8975
ende,12,0.01,dedup_cvq:mtme_MS-COMET-QE-22-src,cvq,0.891
ende,12,0.01,dedup_cvu:mtme_MS-COMET-QE-22-src,cvu,0.8975
ende,12,0.01,weighted_cvl:mtme_MS-COMET-QE-22-src,cvl,0.9025
ende,12,0.01,weighted_cvq:mtme_MS-COMET-QE-22-src,cvq,0.902
ende,12,0.01,weighted_cvu:mtme_MS-COMET-QE-22-src,cvu,0.902
ende,12,0.01,dedup_cvl:mtme_REUSE-src,cvl,0.897
ende,12,0.01,dedup_cvq:mtme_REUSE-src,cvq,0.8975
ende,12,0.01,dedup_cvu:mtme_REUSE-src,cvu,0.8965
ende,12,0.01,weighted_cvl:mtme_REUSE-src,cvl,0.9
ende,12,0.01,weighted_cvq:mtme_REUSE-src,cvq,0.901
ende,12,0.01,weighted_cvu:mtme_REUSE-src,cvu,0.9
ende,12,0.01,dedup_cvl:mtme_SEScore-refA,cvl,0.8965
ende,12,0.01,dedup_cvq:mtme_SEScore-refA,cvq,0.8945
ende,12,0.01,dedup_cvu:mtme_SEScore-refA,cvu,0.896
ende,12,0.01,weighted_cvl:mtme_SEScore-refA,cvl,0.898
ende,12,0.01,weighted_cvq:mtme_SEScore-refA,cvq,0.872
ende,12,0.01,weighted_cvu:mtme_SEScore-refA,cvu,0.898
ende,12,0.01,dedup_cvl:mtme_UniTE-ref-refA,cvl,0.902
ende,12,0.01,dedup_cvq:mtme_UniTE-ref-refA,cvq,0.8745
ende,12,0.01,dedup_cvu:mtme_UniTE-ref-refA,cvu,0.8985
ende,12,0.01,weighted_cvl:mtme_UniTE-ref-refA,cvl,0.9005
ende,12,0.01,weighted_cvq:mtme_UniTE-ref-refA,cvq,0.8655
ende,12,0.01,weighted_cvu:mtme_UniTE-ref-refA,cvu,0.869
ende,12,0.01,dedup_cvl:mtme_UniTE-refA,cvl,0.899
ende,12,0.01,dedup_cvq:mtme_UniTE-refA,cvq,0.8715
ende,12,0.01,dedup_cvu:mtme_UniTE-refA,cvu,0.898
ende,12,0.01,weighted_cvl:mtme_UniTE-refA,cvl,0.8985
ende,12,0.01,weighted_cvq:mtme_UniTE-refA,cvq,0.8665
ende,12,0.01,weighted_cvu:mtme_UniTE-refA,cvu,0.8935
ende,12,0.01,dedup_cvl:mtme_UniTE-src-src,cvl,0.9
ende,12,0.01,dedup_cvq:mtme_UniTE-src-src,cvq,0.896
ende,12,0.01,dedup_cvu:mtme_UniTE-src-src,cvu,0.8975
ende,12,0.01,weighted_cvl:mtme_UniTE-src-src,cvl,0.901
ende,12,0.01,weighted_cvq:mtme_UniTE-src-src,cvq,0.871
ende,12,0.01,weighted_cvu:mtme_UniTE-src-src,cvu,0.898
ende,12,0.01,dedup_cvl:mtme_YiSi-1-refA,cvl,0.8965
ende,12,0.01,dedup_cvq:mtme_YiSi-1-refA,cvq,0.89
ende,12,0.01,dedup_cvu:mtme_YiSi-1-refA,cvu,0.8955
ende,12,0.01,weighted_cvl:mtme_YiSi-1-refA,cvl,0.897
ende,12,0.01,weighted_cvq:mtme_YiSi-1-refA,cvq,0.8775
ende,12,0.01,weighted_cvu:mtme_YiSi-1-refA,cvu,0.899
ende,12,0.01,dedup_cvl:mtme_chrF-refA,cvl,0.8965
ende,12,0.01,dedup_cvq:mtme_chrF-refA,cvq,0.891
ende,12,0.01,dedup_cvu:mtme_chrF-refA,cvu,0.895
ende,12,0.01,weighted_cvl:mtme_chrF-refA,cvl,0.9005
ende,12,0.01,weighted_cvq:mtme_chrF-refA,cvq,0.8995
ende,12,0.01,weighted_cvu:mtme_chrF-refA,cvu,0.9
ende,12,0.01,dedup_cvl:mtme_f101spBLEU-refA,cvl,0.9
ende,12,0.01,dedup_cvq:mtme_f101spBLEU-refA,cvq,0.8905
ende,12,0.01,dedup_cvu:mtme_f101spBLEU-refA,cvu,0.8955
ende,12,0.01,weighted_cvl:mtme_f101spBLEU-refA,cvl,0.8975
ende,12,0.01,weighted_cvq:mtme_f101spBLEU-refA,cvq,0.8735
ende,12,0.01,weighted_cvu:mtme_f101spBLEU-refA,cvu,0.894
ende,12,0.01,dedup_cvl:mtme_f200spBLEU-refA,cvl,0.8995
ende,12,0.01,dedup_cvq:mtme_f200spBLEU-refA,cvq,0.8885
ende,12,0.01,dedup_cvu:mtme_f200spBLEU-refA,cvu,0.896
ende,12,0.01,weighted_cvl:mtme_f200spBLEU-refA,cvl,0.9025
ende,12,0.01,weighted_cvq:mtme_f200spBLEU-refA,cvq,0.896
ende,12,0.01,weighted_cvu:mtme_f200spBLEU-refA,cvu,0.898
ende,12,0.01,dedup_cvl:mtme_metricx_xl_DA_2019-refA,cvl,0.8995
ende,12,0.01,dedup_cvq:mtme_metricx_xl_DA_2019-refA,cvq,0.8795
ende,12,0.01,dedup_cvu:mtme_metricx_xl_DA_2019-refA,cvu,0.9005
ende,12,0.01,weighted_cvl:mtme_metricx_xl_DA_2019-refA,cvl,0.877
ende,12,0.01,weighted_cvq:mtme_metricx_xl_DA_2019-refA,cvq,0.87
ende,12,0.01,weighted_cvu:mtme_metricx_xl_DA_2019-refA,cvu,0.8725
ende,12,0.01,dedup_cvl:mtme_metricx_xl_MQM_2020-refA,cvl,0.891
ende,12,0.01,dedup_cvq:mtme_metricx_xl_MQM_2020-refA,cvq,0.883
ende,12,0.01,dedup_cvu:mtme_metricx_xl_MQM_2020-refA,cvu,0.894
ende,12,0.01,weighted_cvl:mtme_metricx_xl_MQM_2020-refA,cvl,0.8765
ende,12,0.01,weighted_cvq:mtme_metricx_xl_MQM_2020-refA,cvq,0.8735
ende,12,0.01,weighted_cvu:mtme_metricx_xl_MQM_2020-refA,cvu,0.876
ende,12,0.01,dedup_cvl:mtme_metricx_xxl_DA_2019-refA,cvl,0.896
ende,12,0.01,dedup_cvq:mtme_metricx_xxl_DA_2019-refA,cvq,0.872
ende,12,0.01,dedup_cvu:mtme_metricx_xxl_DA_2019-refA,cvu,0.8965
ende,12,0.01,weighted_cvl:mtme_metricx_xxl_DA_2019-refA,cvl,0.8975
ende,12,0.01,weighted_cvq:mtme_metricx_xxl_DA_2019-refA,cvq,0.8625
ende,12,0.01,weighted_cvu:mtme_metricx_xxl_DA_2019-refA,cvu,0.87
ende,12,0.01,dedup_cvl:mtme_metricx_xxl_MQM_2020-refA,cvl,0.8965
ende,12,0.01,dedup_cvq:mtme_metricx_xxl_MQM_2020-refA,cvq,0.8805
ende,12,0.01,dedup_cvu:mtme_metricx_xxl_MQM_2020-refA,cvu,0.8955
ende,12,0.01,weighted_cvl:mtme_metricx_xxl_MQM_2020-refA,cvl,0.911
ende,12,0.01,weighted_cvq:mtme_metricx_xxl_MQM_2020-refA,cvq,0.8705
ende,12,0.01,weighted_cvu:mtme_metricx_xxl_MQM_2020-refA,cvu,0.876
ende,12,0.01,weighted_cvo:mtme_BERTScore-refA,cvo,0.8995
ende,12,0.01,weighted_cvo:mtme_BLEU-refA,cvo,0.8975
ende,12,0.01,weighted_cvo:mtme_BLEURT-20-refA,cvo,0.8805
ende,12,0.01,weighted_cvo:mtme_COMET-20-refA,cvo,0.875
ende,12,0.01,weighted_cvo:mtme_COMET-22-refA,cvo,0.8715
ende,12,0.01,weighted_cvo:mtme_COMET-QE-src,cvo,0.9015
ende,12,0.01,weighted_cvo:mtme_COMETKiwi-src,cvo,0.8985
ende,12,0.01,weighted_cvo:mtme_Cross-QE-src,cvo,0.9025
ende,12,0.01,weighted_cvo:mtme_HWTSC-TLM-src,cvo,0.9005
ende,12,0.01,weighted_cvo:mtme_HWTSC-Teacher-Sim-src,cvo,0.904
ende,12,0.01,weighted_cvo:mtme_KG-BERTScore-src,cvo,0.901
ende,12,0.01,weighted_cvo:mtme_MATESE-QE-src,cvo,0.8995
ende,12,0.01,weighted_cvo:mtme_MATESE-refA,cvo,0.884
ende,12,0.01,weighted_cvo:mtme_MEE-refA,cvo,0.875
ende,12,0.01,weighted_cvo:mtme_MEE2-refA,cvo,0.896
ende,12,0.01,weighted_cvo:mtme_MEE4-refA,cvo,0.8985
ende,12,0.01,weighted_cvo:mtme_MS-COMET-22-refA,cvo,0.9
ende,12,0.01,weighted_cvo:mtme_MS-COMET-QE-22-src,cvo,0.902
ende,12,0.01,weighted_cvo:mtme_REUSE-src,cvo,0.902
ende,12,0.01,weighted_cvo:mtme_SEScore-refA,cvo,0.8775
ende,12,0.01,weighted_cvo:mtme_UniTE-ref-refA,cvo,0.864
ende,12,0.01,weighted_cvo:mtme_UniTE-refA,cvo,0.9005
ende,12,0.01,weighted_cvo:mtme_UniTE-src-src,cvo,0.8975
ende,12,0.01,weighted_cvo:mtme_YiSi-1-refA,cvo,0.899
ende,12,0.01,weighted_cvo:mtme_chrF-refA,cvo,0.8975
ende,12,0.01,weighted_cvo:mtme_f101spBLEU-refA,cvo,0.898
ende,12,0.01,weighted_cvo:mtme_f200spBLEU-refA,cvo,0.8965
ende,12,0.01,weighted_cvo:mtme_metricx_xl_DA_2019-refA,cvo,0.877
ende,12,0.01,weighted_cvo:mtme_metricx_xl_MQM_2020-refA,cvo,0.877
ende,12,0.01,weighted_cvo:mtme_metricx_xxl_DA_2019-refA,cvo,0.8735
ende,12,0.01,weighted_cvo:mtme_metricx_xxl_MQM_2020-refA,cvo,0.876
ende,12,0.02,uniform,human,0.874
ende,12,0.02,dedup,human,0.8845
ende,12,0.02,weighted,human,0.885
ende,12,0.02,dedup_cvl:mtme_BERTScore-refA,cvl,0.887
ende,12,0.02,dedup_cvq:mtme_BERTScore-refA,cvq,0.883
ende,12,0.02,dedup_cvu:mtme_BERTScore-refA,cvu,0.883
ende,12,0.02,weighted_cvl:mtme_BERTScore-refA,cvl,0.886
ende,12,0.02,weighted_cvq:mtme_BERTScore-refA,cvq,0.884
ende,12,0.02,weighted_cvu:mtme_BERTScore-refA,cvu,0.887
ende,12,0.02,dedup_cvl:mtme_BLEU-refA,cvl,0.8895
ende,12,0.02,dedup_cvq:mtme_BLEU-refA,cvq,0.8855
ende,12,0.02,dedup_cvu:mtme_BLEU-refA,cvu,0.8905
ende,12,0.02,weighted_cvl:mtme_BLEU-refA,cvl,0.8845
ende,12,0.02,weighted_cvq:mtme_BLEU-refA,cvq,0.8815
ende,12,0.02,weighted_cvu:mtme_BLEU-refA,cvu,0.883
ende,12,0.02,dedup_cvl:mtme_BLEURT-20-refA,cvl,0.879
ende,12,0.02,dedup_cvq:mtme_BLEURT-20-refA,cvq,0.875
ende,12,0.02,dedup_cvu:mtme_BLEURT-20-refA,cvu,0.879
ende,12,0.02,weighted_cvl:mtme_BLEURT-20-refA,cvl,0.886
ende,12,0.02,weighted_cvq:mtme_BLEURT-20-refA,cvq,0.8805
ende,12,0.02,weighted_cvu:mtme_BLEURT-20-refA,cvu,0.8855
ende,12,0.02,dedup_cvl:mtme_COMET-20-refA,cvl,0.8765
ende,12,0.02,dedup_cvq:mtme_COMET-20-refA,cvq,0.8745
ende,12,0.02,dedup_cvu:mtme_COMET-20-refA,cvu,0.8775
ende,12,0.02,weighted_cvl:mtme_COMET-20-refA,cvl,0.8835
ende,12,0.02,weighted_cvq:mtme_COMET-20-refA,cvq,0.88
ende,12,0.02,weighted_cvu:mtme_COMET-20-refA,cvu,0.8835
ende,12,0.02,dedup_cvl:mtme_COMET-22-refA,cvl,0.883
ende,12,0.02,dedup_cvq:mtme_COMET-22-refA,cvq,0.878
ende,12,0.02,dedup_cvu:mtme_COMET-22-refA,cvu,0.881
ende,12,0.02,weighted_cvl:mtme_COMET-22-refA,cvl,0.8845
ende,12,0.02,weighted_cvq:mtme_COMET-22-refA,cvq,0.8795
ende,12,0.02,weighted_cvu:mtme_COMET-22-refA,cvu,0.883
ende,12,0.02,dedup_cvl:mtme_COMET-QE-src,cvl,0.8875
ende,12,0.02,dedup_cvq:mtme_COMET-QE-src,cvq,0.884
ende,12,0.02,dedup_cvu:mtme_COMET-QE-src,cvu,0.8865
ende,12,0.02,weighted_cvl:mtme_COMET-QE-src,cvl,0.888
ende,12,0.02,weighted_cvq:mtme_COMET-QE-src,cvq,0.8855
ende,12,0.02,weighted_cvu:mtme_COMET-QE-src,cvu,0.8865
ende,12,0.02,dedup_cvl:mtme_COMETKiwi-src,cvl,0.8835
ende,12,0.02,dedup_cvq:mtme_COMETKiwi-src,cvq,0.8815
ende,12,0.02,dedup_cvu:mtme_COMETKiwi-src,cvu,0.881
ende,12,0.02,weighted_cvl:mtme_COMETKiwi-src,cvl,0.881
ende,12,0.02,weighted_cvq:mtme_COMETKiwi-src,cvq,0.882
ende,12,0.02,weighted_cvu:mtme_COMETKiwi-src,cvu,0.8825
ende,12,0.02,dedup_cvl:mtme_Cross-QE-src,cvl,0.88
ende,12,0.02,dedup_cvq:mtme_Cross-QE-src,cvq,0.877
ende,12,0.02,dedup_cvu:mtme_Cross-QE-src,cvu,0.877
ende,12,0.02,weighted_cvl:mtme_Cross-QE-src,cvl,0.8815
ende,12,0.02,weighted_cvq:mtme_Cross-QE-src,cvq,0.881
ende,12,0.02,weighted_cvu:mtme_Cross-QE-src,cvu,0.8835
ende,12,0.02,dedup_cvl:mtme_HWTSC-TLM-src,cvl,0.886
ende,12,0.02,dedup_cvq:mtme_HWTSC-TLM-src,cvq,0.8855
ende,12,0.02,dedup_cvu:mtme_HWTSC-TLM-src,cvu,0.8865
ende,12,0.02,weighted_cvl:mtme_HWTSC-TLM-src,cvl,0.8815
ende,12,0.02,weighted_cvq:mtme_HWTSC-TLM-src,cvq,0.883
ende,12,0.02,weighted_cvu:mtme_HWTSC-TLM-src,cvu,0.8855
ende,12,0.02,dedup_cvl:mtme_HWTSC-Teacher-Sim-src,cvl,0.8895
ende,12,0.02,dedup_cvq:mtme_HWTSC-Teacher-Sim-src,cvq,0.887
ende,12,0.02,dedup_cvu:mtme_HWTSC-Teacher-Sim-src,cvu,0.8895
ende,12,0.02,weighted_cvl:mtme_HWTSC-Teacher-Sim-src,cvl,0.8865
ende,12,0.02,weighted_cvq:mtme_HWTSC-Teacher-Sim-src,cvq,0.8875
ende,12,0.02,weighted_cvu:mtme_HWTSC-Teacher-Sim-src,cvu,0.886
ende,12,0.02,dedup_cvl:mtme_KG-BERTScore-src,cvl,0.889
ende,12,0.02,dedup_cvq:mtme_KG-BERTScore-src,cvq,0.8875
ende,12,0.02,dedup_cvu:mtme_KG-BERTScore-src,cvu,0.891
ende,12,0.02,weighted_cvl:mtme_KG-BERTScore-src,cvl,0.891
ende,12,0.02,weighted_cvq:mtme_KG-BERTScore-src,cvq,0.889
ende,12,0.02,weighted_cvu:mtme_KG-BERTScore-src,cvu,0.8905
ende,12,0.02,dedup_cvl:mtme_MATESE-QE-src,cvl,0.8865
ende,12,0.02,dedup_cvq:mtme_MATESE-QE-src,cvq,0.882
ende,12,0.02,dedup_cvu:mtme_MATESE-QE-src,cvu,0.8855
ende,12,0.02,weighted_cvl:mtme_MATESE-QE-src,cvl,0.8835
ende,12,0.02,weighted_cvq:mtme_MATESE-QE-src,cvq,0.8815
ende,12,0.02,weighted_cvu:mtme_MATESE-QE-src,cvu,0.883
ende,12,0.02,dedup_cvl:mtme_MATESE-refA,cvl,0.886
ende,12,0.02,dedup_cvq:mtme_MATESE-refA,cvq,0.881
ende,12,0.02,dedup_cvu:mtme_MATESE-refA,cvu,0.887
ende,12,0.02,weighted_cvl:mtme_MATESE-refA,cvl,0.883
ende,12,0.02,weighted_cvq:mtme_MATESE-refA,cvq,0.877
ende,12,0.02,weighted_cvu:mtme_MATESE-refA,cvu,0.8815
ende,12,0.02,dedup_cvl:mtme_MEE-refA,cvl,0.889
ende,12,0.02,dedup_cvq:mtme_MEE-refA,cvq,0.8885
ende,12,0.02,dedup_cvu:mtme_MEE-refA,cvu,0.8885
ende,12,0.02,weighted_cvl:mtme_MEE-refA,cvl,0.8825
ende,12,0.02,weighted_cvq:mtme_MEE-refA,cvq,0.883
ende,12,0.02,weighted_cvu:mtme_MEE-refA,cvu,0.8865
ende,12,0.02,dedup_cvl:mtme_MEE2-refA,cvl,0.8865
ende,12,0.02,dedup_cvq:mtme_MEE2-refA,cvq,0.884
ende,12,0.02,dedup_cvu:mtme_MEE2-refA,cvu,0.885
ende,12,0.02,weighted_cvl:mtme_MEE2-refA,cvl,0.8815
ende,12,0.02,weighted_cvq:mtme_MEE2-refA,cvq,0.882
ende,12,0.02,weighted_cvu:mtme_MEE2-refA,cvu,0.882
ende,12,0.02,dedup_cvl:mtme_MEE4-refA,cvl,0.8815
ende,12,0.02,dedup_cvq:mtme_MEE4-refA,cvq,0.8775
ende,12,0.02,dedup_cvu:mtme_MEE4-refA,cvu,0.881
ende,12,0.02,weighted_cvl:mtme_MEE4-refA,cvl,0.8855
ende,12,0.02,weighted_cvq:mtme_MEE4-refA,cvq,0.8835
ende,12,0.02,weighted_cvu:mtme_MEE4-refA,cvu,0.884
ende,12,0.02,dedup_cvl:mtme_MS-COMET-22-refA,cvl,0.88
ende,12,0.02,dedup_cvq:mtme_MS-COMET-22-refA,cvq,0.8775
ende,12,0.02,dedup_cvu:mtme_MS-COMET-22-refA,cvu,0.8805
ende,12,0.02,weighted_cvl:mtme_MS-COMET-22-refA,cvl,0.873
ende,12,0.02,weighted_cvq:mtme_MS-COMET-22-refA,cvq,0.8755
ende,12,0.02,weighted_cvu:mtme_MS-COMET-22-refA,cvu,0.873
ende,12,0.02,dedup_cvl:mtme_MS-COMET-QE-22-src,cvl,0.881
ende,12,0.02,dedup_cvq:mtme_MS-COMET-QE-22-src,cvq,0.8765
ende,12,0.02,dedup_cvu:mtme_MS-COMET-QE-22-src,cvu,0.881
ende,12,0.02,weighted_cvl:mtme_MS-COMET-QE-22-src,cvl,0.88
ende,12,0.02,weighted_cvq:mtme_MS-COMET-QE-22-src,cvq,0.88
ende,12,0.02,weighted_cvu:mtme_MS-COMET-QE-22-src,cvu,0.878
ende,12,0.02,dedup_cvl:mtme_REUSE-src,cvl,0.8835
ende,12,0.02,dedup_cvq:mtme_REUSE-src,cvq,0.882
ende,12,0.02,dedup_cvu:mtme_REUSE-src,cvu,0.8835
ende,12,0.02,weighted_cvl:mtme_REUSE-src,cvl,0.886
ende,12,0.02,weighted_cvq:mtme_REUSE-src,cvq,0.8845
ende,12,0.02,weighted_cvu:mtme_REUSE-src,cvu,0.886
ende,12,0.02,dedup_cvl:mtme_SEScore-refA,cvl,0.883
ende,12,0.02,dedup_cvq:mtme_SEScore-refA,cvq,0.8805
ende,12,0.02,dedup_cvu:mtme_SEScore-refA,cvu,0.8825
ende,12,0.02,weighted_cvl:mtme_SEScore-refA,cvl,0.8845
ende,12,0.02,weighted_cvq:mtme_SEScore-refA,cvq,0.883
ende,12,0.02,weighted_cvu:mtme_SEScore-refA,cvu,0.887
ende,12,0.02,dedup_cvl:mtme_UniTE-ref-refA,cvl,0.8885
ende,12,0.02,dedup_cvq:mtme_UniTE-ref-refA,cvq,0.8825
ende,12,0.02,dedup_cvu:mtme_UniTE-ref-refA,cvu,0.887
ende,12,0.02,weighted_cvl:mtme_UniTE-ref-refA,cvl,0.885
ende,12,0.02,weighted_cvq:mtme_UniTE-ref-refA,cvq,0.882
ende,12,0.02,weighted_cvu:mtme_UniTE-ref-refA,cvu,0.8875
ende,12,0.02,dedup_cvl:mtme_UniTE-refA,cvl,0.883
ende,12,0.02,dedup_cvq:mtme_UniTE-refA,cvq,0.881
ende,12,0.02,dedup_cvu:mtme_UniTE-refA,cvu,0.8835
ende,12,0.02,weighted_cvl:mtme_UniTE-refA,cvl,0.8825
ende,12,0.02,weighted_cvq:mtme_UniTE-refA,cvq,0.8795
ende,12,0.02,weighted_cvu:mtme_UniTE-refA,cvu,0.882
ende,12,0.02,dedup_cvl:mtme_UniTE-src-src,cvl,0.8845
ende,12,0.02,dedup_cvq:mtme_UniTE-src-src,cvq,0.881
ende,12,0.02,dedup_cvu:mtme_UniTE-src-src,cvu,0.8855
ende,12,0.02,weighted_cvl:mtme_UniTE-src-src,cvl,0.884
ende,12,0.02,weighted_cvq:mtme_UniTE-src-src,cvq,0.8815
ende,12,0.02,weighted_cvu:mtme_UniTE-src-src,cvu,0.8845
ende,12,0.02,dedup_cvl:mtme_YiSi-1-refA,cvl,0.892
ende,12,0.02,dedup_cvq:mtme_YiSi-1-refA,cvq,0.889
ende,12,0.02,dedup_cvu:mtme_YiSi-1-refA,cvu,0.891
ende,12,0.02,weighted_cvl:mtme_YiSi-1-refA,cvl,0.885
ende,12,0.02,weighted_cvq:mtme_YiSi-1-refA,cvq,0.886
ende,12,0.02,weighted_cvu:mtme_YiSi-1-refA,cvu,0.888
ende,12,0.02,dedup_cvl:mtme_chrF-refA,cvl,0.888
ende,12,0.02,dedup_cvq:mtme_chrF-refA,cvq,0.886
ende,12,0.02,dedup_cvu:mtme_chrF-refA,cvu,0.887
ende,12,0.02,weighted_cvl:mtme_chrF-refA,cvl,0.8875
ende,12,0.02,weighted_cvq:mtme_chrF-refA,cvq,0.886
ende,12,0.02,weighted_cvu:mtme_chrF-refA,cvu,0.885
ende,12,0.02,dedup_cvl:mtme_f101spBLEU-refA,cvl,0.8925
ende,12,0.02,dedup_cvq:mtme_f101spBLEU-refA,cvq,0.8895
ende,12,0.02,dedup_cvu:mtme_f101spBLEU-refA,cvu,0.889
ende,12,0.02,weighted_cvl:mtme_f101spBLEU-refA,cvl,0.8885
ende,12,0.02,weighted_cvq:mtme_f101spBLEU-refA,cvq,0.8865
ende,12,0.02,weighted_cvu:mtme_f101spBLEU-refA,cvu,0.887
ende,12,0.02,dedup_cvl:mtme_f200spBLEU-refA,cvl,0.891
ende,12,0.02,dedup_cvq:mtme_f200spBLEU-refA,cvq,0.89
ende,12,0.02,dedup_cvu:mtme_f200spBLEU-refA,cvu,0.8905
ende,12,0.02,weighted_cvl:mtme_f200spBLEU-refA,cvl,0.8865
ende,12,0.02,weighted_cvq:mtme_f200spBLEU-refA,cvq,0.886
ende,12,0.02,weighted_cvu:mtme_f200spBLEU-refA,cvu,0.8855
ende,12,0.02,dedup_cvl:mtme_metricx_xl_DA_2019-refA,cvl,0.8845
ende,12,0.02,dedup_cvq:mtme_metricx_xl_DA_2019-refA,cvq,0.883
ende,12,0.02,dedup_cvu:mtme_metricx_xl_DA_2019-refA,cvu,0.886
ende,12,0.02,weighted_cvl:mtme_metricx_xl_DA_2019-refA,cvl,0.8865
ende,12,0.02,weighted_cvq:mtme_metricx_xl_DA_2019-refA,cvq,0.886
ende,12,0.02,weighted_cvu:mtme_metricx_xl_DA_2019-refA,cvu,0.8835
ende,12,0.02,dedup_cvl:mtme_metricx_xl_MQM_2020-refA,cvl,0.881
ende,12,0.02,dedup_cvq:mtme_metricx_xl_MQM_2020-refA,cvq,0.878
ende,12,0.02,dedup_cvu:mtme_metricx_xl_MQM_2020-refA,cvu,0.8835
ende,12,0.02,weighted_cvl:mtme_metricx_xl_MQM_2020-refA,cvl,0.8815
ende,12,0.02,weighted_cvq:mtme_metricx_xl_MQM_2020-refA,cvq,0.878
ende,12,0.02,weighted_cvu:mtme_metricx_xl_MQM_2020-refA,cvu,0.881
ende,12,0.02,dedup_cvl:mtme_metricx_xxl_DA_2019-refA,cvl,0.881
ende,12,0.02,dedup_cvq:mtme_metricx_xxl_DA_2019-refA,cvq,0.8775
ende,12,0.02,dedup_cvu:mtme_metricx_xxl_DA_2019-refA,cvu,0.88
ende,12,0.02,weighted_cvl:mtme_metricx_xxl_DA_2019-refA,cvl,0.885
ende,12,0.02,weighted_cvq:mtme_metricx_xxl_DA_2019-refA,cvq,0.886
ende,12,0.02,weighted_cvu:mtme_metricx_xxl_DA_2019-refA,cvu,0.8835
ende,12,0.02,dedup_cvl:mtme_metricx_xxl_MQM_2020-refA,cvl,0.8855
ende,12,0.02,dedup_cvq:mtme_metricx_xxl_MQM_2020-refA,cvq,0.8785
ende,12,0.02,dedup_cvu:mtme_metricx_xxl_MQM_2020-refA,cvu,0.884
ende,12,0.02,weighted_cvl:mtme_metricx_xxl_MQM_2020-refA,cvl,0.887
ende,12,0.02,weighted_cvq:mtme_metricx_xxl_MQM_2020-refA,cvq,0.882
ende,12,0.02,weighted_cvu:mtme_metricx_xxl_MQM_2020-refA,cvu,0.885
ende,12,0.02,weighted_cvo:mtme_BERTScore-refA,cvo,0.8895
ende,12,0.02,weighted_cvo:mtme_BLEU-refA,cvo,0.8805
ende,12,0.02,weighted_cvo:mtme_BLEURT-20-refA,cvo,0.887
ende,12,0.02,weighted_cvo:mtme_COMET-20-refA,cvo,0.891
ende,12,0.02,weighted_cvo:mtme_COMET-22-refA,cvo,0.8885
ende,12,0.02,weighted_cvo:mtme_COMET-QE-src,cvo,0.8945
ende,12,0.02,weighted_cvo:mtme_COMETKiwi-src,cvo,0.8885
ende,12,0.02,weighted_cvo:mtme_Cross-QE-src,cvo,0.888
ende,12,0.02,weighted_cvo:mtme_HWTSC-TLM-src,cvo,0.8905
ende,12,0.02,weighted_cvo:mtme_HWTSC-Teacher-Sim-src,cvo,0.8935
ende,12,0.02,weighted_cvo:mtme_KG-BERTScore-src,cvo,0.8935
ende,12,0.02,weighted_cvo:mtme_MATESE-QE-src,cvo,0.8865
ende,12,0.02,weighted_cvo:mtme_MATESE-refA,cvo,0.886
ende,12,0.02,weighted_cvo:mtme_MEE-refA,cvo,0.891
ende,12,0.02,weighted_cvo:mtme_MEE2-refA,cvo,0.885
ende,12,0.02,weighted_cvo:mtme_MEE4-refA,cvo,0.887
ende,12,0.02,weighted_cvo:mtme_MS-COMET-22-refA,cvo,0.883
ende,12,0.02,weighted_cvo:mtme_MS-COMET-QE-22-src,cvo,0.8805
ende,12,0.02,weighted_cvo:mtme_REUSE-src,cvo,0.885
ende,12,0.02,weighted_cvo:mtme_SEScore-refA,cvo,0.892
ende,12,0.02,weighted_cvo:mtme_UniTE-ref-refA,cvo,0.895
ende,12,0.02,weighted_cvo:mtme_UniTE-refA,cvo,0.8935
ende,12,0.02,weighted_cvo:mtme_UniTE-src-src,cvo,0.888
ende,12,0.02,weighted_cvo:mtme_YiSi-1-refA,cvo,0.8895
ende,12,0.02,weighted_cvo:mtme_chrF-refA,cvo,0.8875
ende,12,0.02,weighted_cvo:mtme_f101spBLEU-refA,cvo,0.8835
ende,12,0.02,weighted_cvo:mtme_f200spBLEU-refA,cvo,0.8845
ende,12,0.02,weighted_cvo:mtme_metricx_xl_DA_2019-refA,cvo,0.8875
ende,12,0.02,weighted_cvo:mtme_metricx_xl_MQM_2020-refA,cvo,0.8855
ende,12,0.02,weighted_cvo:mtme_metricx_xxl_DA_2019-refA,cvo,0.8885
ende,12,0.02,weighted_cvo:mtme_metricx_xxl_MQM_2020-refA,cvo,0.8865
ende,13,0.01,uniform,human,0.8995
ende,13,0.01,dedup,human,0.903
ende,13,0.01,weighted,human,0.8985
ende,13,0.01,dedup_cvl:mtme_BERTScore-refA,cvl,0.9
ende,13,0.01,dedup_cvq:mtme_BERTScore-refA,cvq,0.901
ende,13,0.01,dedup_cvu:mtme_BERTScore-refA,cvu,0.9015
ende,13,0.01,weighted_cvl:mtme_BERTScore-refA,cvl,0.897
ende,13,0.01,weighted_cvq:mtme_BERTScore-refA,cvq,0.8935
ende,13,0.01,weighted_cvu:mtme_BERTScore-refA,cvu,0.895
ende,13,0.01,dedup_cvl:mtme_BLEU-refA,cvl,0.9065
ende,13,0.01,dedup_cvq:mtme_BLEU-refA,cvq,0.9035
ende,13,0.01,dedup_cvu:mtme_BLEU-refA,cvu,0.9065
ende,13,0.01,weighted_cvl:mtme_BLEU-refA,cvl,0.8985
ende,13,0.01,weighted_cvq:mtme_BLEU-refA,cvq,0.898
ende,13,0.01,weighted_cvu:mtme_BLEU-refA,cvu,0.898
ende,13,0.01,dedup_cvl:mtme_BLEURT-20-refA,cvl,0.8955
ende,13,0.01,dedup_cvq:mtme_BLEURT-20-refA,cvq,0.897
ende,13,0.01,dedup_cvu:mtme_BLEURT-20-refA,cvu,0.899
ende,13,0.01,weighted_cvl:mtme_BLEURT-20-refA,cvl,0.892
ende,13,0.01,weighted_cvq:mtme_BLEURT-20-refA,cvq,0.889
ende,13,0.01,weighted_cvu:mtme_BLEURT-20-refA,cvu,0.888
ende,13,0.01,dedup_cvl:mtme_COMET-20-refA,cvl,0.904
ende,13,0.01,dedup_cvq:mtme_COMET-20-refA,cvq,0.9005
ende,13,0.01,dedup_cvu:mtme_COMET-20-refA,cvu,0.906
ende,13,0.01,weighted_cvl:mtme_COMET-20-refA,cvl,0.8945
ende,13,0.01,weighted_cvq:mtme_COMET-20-refA,cvq,0.8985
ende,13,0.01,weighted_cvu:mtme_COMET-20-refA,cvu,0.8995
ende,13,0.01,dedup_cvl:mtme_COMET-22-refA,cvl,0.892
ende,13,0.01,dedup_cvq:mtme_COMET-22-refA,cvq,0.891
ende,13,0.01,dedup_cvu:mtme_COMET-22-refA,cvu,0.891
ende,13,0.01,weighted_cvl:mtme_COMET-22-refA,cvl,0.8835
ende,13,0.01,weighted_cvq:mtme_COMET-22-refA,cvq,0.881
ende,13,0.01,weighted_cvu:mtme_COMET-22-refA,cvu,0.885
ende,13,0.01,dedup_cvl:mtme_COMET-QE-src,cvl,0.8965
ende,13,0.01,dedup_cvq:mtme_COMET-QE-src,cvq,0.8975
ende,13,0.01,dedup_cvu:mtme_COMET-QE-src,cvu,0.893
ende,13,0.01,weighted_cvl:mtme_COMET-QE-src,cvl,0.881
ende,13,0.01,weighted_cvq:mtme_COMET-QE-src,cvq,0.8895
ende,13,0.01,weighted_cvu:mtme_COMET-QE-src,cvu,0.8845
ende,13,0.01,dedup_cvl:mtme_COMETKiwi-src,cvl,0.8915
ende,13,0.01,dedup_cvq:mtme_COMETKiwi-src,cvq,0.8955
ende,13,0.01,dedup_cvu:mtme_COMETKiwi-src,cvu,0.891
ende,13,0.01,weighted_cvl:mtme_COMETKiwi-src,cvl,0.8875
ende,13,0.01,weighted_cvq:mtme_COMETKiwi-src,cvq,0.888
ende,13,0.01,weighted_cvu:mtme_COMETKiwi-src,cvu,0.8855
ende,13,0.01,dedup_cvl:mtme_Cross-QE-src,cvl,0.8925
ende,13,0.01,dedup_cvq:mtme_Cross-QE-src,cvq,0.8985
ende,13,0.01,dedup_cvu:mtme_Cross-QE-src,cvu,0.8945
ende,13,0.01,weighted_cvl:mtme_Cross-QE-src,cvl,0.8875
ende,13,0.01,weighted_cvq:mtme_Cross-QE-src,cvq,0.879
ende,13,0.01,weighted_cvu:mtme_Cross-QE-src,cvu,0.8875
ende,13,0.01,dedup_cvl:mtme_HWTSC-TLM-src,cvl,0.897
ende,13,0.01,dedup_cvq:mtme_HWTSC-TLM-src,cvq,0.8995
ende,13,0.01,dedup_cvu:mtme_HWTSC-TLM-src,cvu,0.898
ende,13,0.01,weighted_cvl:mtme_HWTSC-TLM-src,cvl,0.887
ende,13,0.01,weighted_cvq:mtme_HWTSC-TLM-src,cvq,0.8965
ende,13,0.01,weighted_cvu:mtme_HWTSC-TLM-src,cvu,0.8865
ende,13,0.01,dedup_cvl:mtme_HWTSC-Teacher-Sim-src,cvl,0.8955
ende,13,0.01,dedup_cvq:mtme_HWTSC-Teacher-Sim-src,cvq,0.901
ende,13,0.01,dedup_cvu:mtme_HWTSC-Teacher-Sim-src,cvu,0.902
ende,13,0.01,weighted_cvl:mtme_HWTSC-Teacher-Sim-src,cvl,0.897
ende,13,0.01,weighted_cvq:mtme_HWTSC-Teacher-Sim-src,cvq,0.8945
ende,13,0.01,weighted_cvu:mtme_HWTSC-Teacher-Sim-src,cvu,0.895
ende,13,0.01,dedup_cvl:mtme_KG-BERTScore-src,cvl,0.903
ende,13,0.01,dedup_cvq:mtme_KG-BERTScore-src,cvq,0.9015
ende,13,0.01,dedup_cvu:mtme_KG-BERTScore-src,cvu,0.903
ende,13,0.01,weighted_cvl:mtme_KG-BERTScore-src,cvl,0.8915
ende,13,0.01,weighted_cvq:mtme_KG-BERTScore-src,cvq,0.893
ende,13,0.01,weighted_cvu:mtme_KG-BERTScore-src,cvu,0.8935
ende,13,0.01,dedup_cvl:mtme_MATESE-QE-src,cvl,0.8925
ende,13,0.01,dedup_cvq:mtme_MATESE-QE-src,cvq,0.8965
ende,13,0.01,dedup_cvu:mtme_MATESE-QE-src,cvu,0.8905
ende,13,0.01,weighted_cvl:mtme_MATESE-QE-src,cvl,0.894
ende,13,0.01,weighted_cvq:mtme_MATESE-QE-src,cvq,0.8945
ende,13,0.01,weighted_cvu:mtme_MATESE-QE-src,cvu,0.894
ende,13,0.01,dedup_cvl:mtme_MATESE-refA,cvl,0.903
ende,13,0.01,dedup_cvq:mtme_MATESE-refA,cvq,0.8935
ende,13,0.01,dedup_cvu:mtme_MATESE-refA,cvu,0.9005
ende,13,0.01,weighted_cvl:mtme_MATESE-refA,cvl,0.8865
ende,13,0.01,weighted_cvq:mtme_MATESE-refA,cvq,0.886
ende,13,0.01,weighted_cvu:mtme_MATESE-refA,cvu,0.886
ende,13,0.01,dedup_cvl:mtme_MEE-refA,cvl,0.8995
ende,13,0.01,dedup_cvq:mtme_MEE-refA,cvq,0.9015
ende,13,0.01,dedup_cvu:mtme_MEE-refA,cvu,0.902
ende,13,0.01,weighted_cvl:mtme_MEE-refA,cvl,0.8955
ende,13,0.01,weighted_cvq:mtme_MEE-refA,cvq,0.8955
ende,13,0.01,weighted_cvu:mtme_MEE-refA,cvu,0.898
ende,13,0.01,dedup_cvl:mtme_MEE2-refA,cvl,0.8985
ende,13,0.01,dedup_cvq:mtme_MEE2-refA,cvq,0.904
ende,13,0.01,dedup_cvu:mtme_MEE2-refA,cvu,0.9075
ende,13,0.01,weighted_cvl:mtme_MEE2-refA,cvl,0.8975
ende,13,0.01,weighted_cvq:mtme_MEE2-refA,cvq,0.8945
ende,13,0.01,weighted_cvu:mtme_MEE2-refA,cvu,0.8955
ende,13,0.01,dedup_cvl:mtme_MEE4-refA,cvl,0.898
ende,13,0.01,dedup_cvq:mtme_MEE4-refA,cvq,0.9035
ende,13,0.01,dedup_cvu:mtme_MEE4-refA,cvu,0.905
ende,13,0.01,weighted_cvl:mtme_MEE4-refA,cvl,0.8965
ende,13,0.01,weighted_cvq:mtme_MEE4-refA,cvq,0.8945
ende,13,0.01,weighted_cvu:mtme_MEE4-refA,cvu,0.8975
ende,13,0.01,dedup_cvl:mtme_MS-COMET-22-refA,cvl,0.8965
ende,13,0.01,dedup_cvq:mtme_MS-COMET-22-refA,cvq,0.9005
ende,13,0.01,dedup_cvu:mtme_MS-COMET-22-refA,cvu,0.901
ende,13,0.01,weighted_cvl:mtme_MS-COMET-22-refA,cvl,0.8985
ende,13,0.01,weighted_cvq:mtme_MS-COMET-22-refA,cvq,0.8945
ende,13,0.01,weighted_cvu:mtme_MS-COMET-22-refA,cvu,0.898
ende,13,0.01,dedup_cvl:mtme_MS-COMET-QE-22-src,cvl,0.903
ende,13,0.01,dedup_cvq:mtme_MS-COMET-QE-22-src,cvq,0.9005
ende,13,0.01,dedup_cvu:mtme_MS-COMET-QE-22-src,cvu,0.9005
ende,13,0.01,weighted_cvl:mtme_MS-COMET-QE-22-src,cvl,0.8975
ende,13,0.01,weighted_cvq:mtme_MS-COMET-QE-22-src,cvq,0.898
ende,13,0.01,weighted_cvu:mtme_MS-COMET-QE-22-src,cvu,0.898
ende,13,0.01,dedup_cvl:mtme_REUSE-src,cvl,0.8985
ende,13,0.01,dedup_cvq:mtme_REUSE-src,cvq,0.904
ende,13,0.01,dedup_cvu:mtme_REUSE-src,cvu,0.8995
ende,13,0.01,weighted_cvl:mtme_REUSE-src,cvl,0.898
ende,13,0.01,weighted_cvq:mtme_REUSE-src,cvq,0.897
ende,13,0.01,weighted_cvu:mtme_REUSE-src,cvu,0.8975
ende,13,0.01,dedup_cvl:mtme_SEScore-refA,cvl,0.9005
ende,13,0.01,dedup_cvq:mtme_SEScore-refA,cvq,0.9065
ende,13,0.01,dedup_cvu:mtme_SEScore-refA,cvu,0.896
ende,13,0.01,weighted_cvl:mtme_SEScore-refA,cvl,0.89
ende,13,0.01,weighted_cvq:mtme_SEScore-refA,cvq,0.8875
ende,13,0.01,weighted_cvu:mtme_SEScore-refA,cvu,0.8875
ende,13,0.01,dedup_cvl:mtme_UniTE-ref-refA,cvl,0.8975
ende,13,0.01,dedup_cvq:mtme_UniTE-ref-refA,cvq,0.893
ende,13,0.01,dedup_cvu:mtme_UniTE-ref-refA,cvu,0.892
ende,13,0.01,weighted_cvl:mtme_UniTE-ref-refA,cvl,0.883
ende,13,0.01,weighted_cvq:mtme_UniTE-ref-refA,cvq,0.8775
ende,13,0.01,weighted_cvu:mtme_UniTE-ref-refA,cvu,0.8815
ende,13,0.01,dedup_cvl:mtme_UniTE-refA,cvl,0.897
ende,13,0.01,dedup_cvq:mtme_UniTE-refA,cvq,0.8965
ende,13,0.01,dedup_cvu:mtme_UniTE-refA,cvu,0.897
ende,13,0.01,weighted_cvl:mtme_UniTE-refA,cvl,0.876
ende,13,0.01,weighted_cvq:mtme_UniTE-refA,cvq,0.8725
ende,13,0.01,weighted_cvu:mtme_UniTE-refA,cvu,0.878
ende,13,0.01,dedup_cvl:mtme_UniTE-src-src,cvl,0.8945
ende,13,0.01,dedup_cvq:mtme_UniTE-src-src,cvq,0.897
ende,13,0.01,dedup_cvu:mtme_UniTE-src-src,cvu,0.8925
ende,13,0.01,weighted_cvl:mtme_UniTE-src-src,cvl,0.88
ende,13,0.01,weighted_cvq:mtme_UniTE-src-src,cvq,0.8825
ende,13,0.01,weighted_cvu:mtme_UniTE-src-src,cvu,0.883
ende,13,0.01,dedup_cvl:mtme_YiSi-1-refA,cvl,0.897
ende,13,0.01,dedup_cvq:mtme_YiSi-1-refA,cvq,0.9015
ende,13,0.01,dedup_cvu:mtme_YiSi-1-refA,cvu,0.896
ende,13,0.01,weighted_cvl:mtme_YiSi-1-refA,cvl,0.8975
ende,13,0.01,weighted_cvq:mtme_YiSi-1-refA,cvq,0.8905
ende,13,0.01,weighted_cvu:mtme_YiSi-1-refA,cvu,0.8945
ende,13,0.01,dedup_cvl:mtme_chrF-refA,cvl,0.9025
ende,13,0.01,dedup_cvq:mtme_chrF-refA,cvq,0.9035
ende,13,0.01,dedup_cvu:mtme_chrF-refA,cvu,0.9045
ende,13,0.01,weighted_cvl:mtme_chrF-refA,cvl,0.9015
ende,13,0.01,weighted_cvq:mtme_chrF-refA,cvq,0.897
ende,13,0.01,weighted_cvu:mtme_chrF-refA,cvu,0.899
ende,13,0.01,dedup_cvl:mtme_f101spBLEU-refA,cvl,0.903
ende,13,0.01,dedup_cvq:mtme_f101spBLEU-refA,cvq,0.904
ende,13,0.01,dedup_cvu:mtme_f101spBLEU-refA,cvu,0.9045
ende,13,0.01,weighted_cvl:mtme_f101spBLEU-refA,cvl,0.8965
ende,13,0.01,weighted_cvq:mtme_f101spBLEU-refA,cvq,0.8965
ende,13,0.01,weighted_cvu:mtme_f101spBLEU-refA,cvu,0.896
ende,13,0.01,dedup_cvl:mtme_f200spBLEU-refA,cvl,0.902
ende,13,0.01,dedup_cvq:mtme_f200spBLEU-refA,cvq,0.903
ende,13,0.01,dedup_cvu:mtme_f200spBLEU-refA,cvu,0.903
ende,13,0.01,weighted_cvl:mtme_f200spBLEU-refA,cvl,0.8975
ende,13,0.01,weighted_cvq:mtme_f200spBLEU-refA,cvq,0.897
ende,13,0.01,weighted_cvu:mtme_f200spBLEU-refA,cvu,0.8975
ende,13,0.01,dedup_cvl:mtme_metricx_xl_DA_2019-refA,cvl,0.9005
ende,13,0.01,dedup_cvq:mtme_metricx_xl_DA_2019-refA,cvq,0.8965
ende,13,0.01,dedup_cvu:mtme_metricx_xl_DA_2019-refA,cvu,0.902
ende,13,0.01,weighted_cvl:mtme_metricx_xl_DA_2019-refA,cvl,0.8875
ende,13,0.01,weighted_cvq:mtme_metricx_xl_DA_2019-refA,cvq,0.8835
ende,13,0.01,weighted_cvu:mtme_metricx_xl_DA_2019-refA,cvu,0.889
ende,13,0.01,dedup_cvl:mtme_metricx_xl_MQM_2020-refA,cvl,0.895
ende,13,0.01,dedup_cvq:mtme_metricx_xl_MQM_2020-refA,cvq,0.886
ende,13,0.01,dedup_cvu:mtme_metricx_xl_MQM_2020-refA,cvu,0.8925
ende,13,0.01,weighted_cvl:mtme_metricx_xl_MQM_2020-refA,cvl,0.884
ende,13,0.01,weighted_cvq:mtme_metricx_xl_MQM_2020-refA,cvq,0.8815
ende,13,0.01,weighted_cvu:mtme_metricx_xl_MQM_2020-refA,cvu,0.8905
ende,13,0.01,dedup_cvl:mtme_metricx_xxl_DA_2019-refA,cvl,0.9
ende,13,0.01,dedup_cvq:mtme_metricx_xxl_DA_2019-refA,cvq,0.895
ende,13,0.01,dedup_cvu:mtme_metricx_xxl_DA_2019-refA,cvu,0.898
ende,13,0.01,weighted_cvl:mtme_metricx_xxl_DA_2019-refA,cvl,0.897
ende,13,0.01,weighted_cvq:mtme_metricx_xxl_DA_2019-refA,cvq,0.8925
ende,13,0.01,weighted_cvu:mtme_metricx_xxl_DA_2019-refA,cvu,0.895
ende,13,0.01,dedup_cvl:mtme_metricx_xxl_MQM_2020-refA,cvl,0.8955
ende,13,0.01,dedup_cvq:mtme_metricx_xxl_MQM_2020-refA,cvq,0.891
ende,13,0.01,dedup_cvu:mtme_metricx_xxl_MQM_2020-refA,cvu,0.8945
ende,13,0.01,weighted_cvl:mtme_metricx_xxl_MQM_2020-refA,cvl,0.889
ende,13,0.01,weighted_cvq:mtme_metricx_xxl_MQM_2020-refA,cvq,0.887
ende,13,0.01,weighted_cvu:mtme_metricx_xxl_MQM_2020-refA,cvu,0.8875
ende,13,0.01,weighted_cvo:mtme_BERTScore-refA,cvo,0.8975
ende,13,0.01,weighted_cvo:mtme_BLEU-refA,cvo,0.901
ende,13,0.01,weighted_cvo:mtme_BLEURT-20-refA,cvo,0.8985
ende,13,0.01,weighted_cvo:mtme_COMET-20-refA,cvo,0.9005
ende,13,0.01,weighted_cvo:mtme_COMET-22-refA,cvo,0.893
ende,13,0.01,weighted_cvo:mtme_COMET-QE-src,cvo,0.8895
ende,13,0.01,weighted_cvo:mtme_COMETKiwi-src,cvo,0.8935
ende,13,0.01,weighted_cvo:mtme_Cross-QE-src,cvo,0.8885
ende,13,0.01,weighted_cvo:mtme_HWTSC-TLM-src,cvo,0.8985
ende,13,0.01,weighted_cvo:mtme_HWTSC-Teacher-Sim-src,cvo,0.897
ende,13,0.01,weighted_cvo:mtme_KG-BERTScore-src,cvo,0.897
ende,13,0.01,weighted_cvo:mtme_MATESE-QE-src,cvo,0.896
ende,13,0.01,weighted_cvo:mtme_MATESE-refA,cvo,0.899
ende,13,0.01,weighted_cvo:mtme_MEE-refA,cvo,0.8965
ende,13,0.01,weighted_cvo:mtme_MEE2-refA,cvo,0.901
ende,13,0.01,weighted_cvo:mtme_MEE4-refA,cvo,0.8995
ende,13,0.01,weighted_cvo:mtme_MS-COMET-22-refA,cvo,0.8925
ende,13,0.01,weighted_cvo:mtme_MS-COMET-QE-22-src,cvo,0.892
ende,13,0.01,weighted_cvo:mtme_REUSE-src,cvo,0.8985
ende,13,0.01,weighted_cvo:mtme_SEScore-refA,cvo,0.892
ende,13,0.01,weighted_cvo:mtme_UniTE-ref-refA,cvo,0.887
ende,13,0.01,weighted_cvo:mtme_UniTE-refA,cvo,0.888
ende,13,0.01,weighted_cvo:mtme_UniTE-src-src,cvo,0.8915
ende,13,0.01,weighted_cvo:mtme_YiSi-1-refA,cvo,0.8935
ende,13,0.01,weighted_cvo:mtme_chrF-refA,cvo,0.8985
ende,13,0.01,weighted_cvo:mtme_f101spBLEU-refA,cvo,0.8955
ende,13,0.01,weighted_cvo:mtme_f200spBLEU-refA,cvo,0.8955
ende,13,0.01,weighted_cvo:mtme_metricx_xl_DA_2019-refA,cvo,0.8975
ende,13,0.01,weighted_cvo:mtme_metricx_xl_MQM_2020-refA,cvo,0.888
ende,13,0.01,weighted_cvo:mtme_metricx_xxl_DA_2019-refA,cvo,0.8975
ende,13,0.01,weighted_cvo:mtme_metricx_xxl_MQM_2020-refA,cvo,0.896
ende,13,0.02,uniform,human,0.9005
ende,13,0.02,dedup,human,0.898
ende,13,0.02,weighted,human,0.9035
ende,13,0.02,dedup_cvl:mtme_BERTScore-refA,cvl,0.8945
ende,13,0.02,dedup_cvq:mtme_BERTScore-refA,cvq,0.892
ende,13,0.02,dedup_cvu:mtme_BERTScore-refA,cvu,0.893
ende,13,0.02,weighted_cvl:mtme_BERTScore-refA,cvl,0.906
ende,13,0.02,weighted_cvq:mtme_BERTScore-refA,cvq,0.902
ende,13,0.02,weighted_cvu:mtme_BERTScore-refA,cvu,0.9
ende,13,0.02,dedup_cvl:mtme_BLEU-refA,cvl,0.89
ende,13,0.02,dedup_cvq:mtme_BLEU-refA,cvq,0.889
ende,13,0.02,dedup_cvu:mtme_BLEU-refA,cvu,0.889
ende,13,0.02,weighted_cvl:mtme_BLEU-refA,cvl,0.903
ende,13,0.02,weighted_cvq:mtme_BLEU-refA,cvq,0.9
ende,13,0.02,weighted_cvu:mtme_BLEU-refA,cvu,0.901
ende,13,0.02,dedup_cvl:mtme_BLEURT-20-refA,cvl,0.899
ende,13,0.02,dedup_cvq:mtme_BLEURT-20-refA,cvq,0.898
ende,13,0.02,dedup_cvu:mtme_BLEURT-20-refA,cvu,0.8995
ende,13,0.02,weighted_cvl:mtme_BLEURT-20-refA,cvl,0.898
ende,13,0.02,weighted_cvq:mtme_BLEURT-20-refA,cvq,0.8965
ende,13,0.02,weighted_cvu:mtme_BLEURT-20-refA,cvu,0.8985
ende,13,0.02,dedup_cvl:mtme_COMET-20-refA,cvl,0.901
ende,13,0.02,dedup_cvq:mtme_COMET-20-refA,cvq,0.898
ende,13,0.02,dedup_cvu:mtme_COMET-20-refA,cvu,0.902
ende,13,0.02,weighted_cvl:mtme_COMET-20-refA,cvl,0.91
ende,13,0.02,weighted_cvq:mtme_COMET-20-refA,cvq,0.908
ende,13,0.02,weighted_cvu:mtme_COMET-20-refA,cvu,0.912
ende,13,0.02,dedup_cvl:mtme_COMET-22-refA,cvl,0.8915
ende,13,0.02,dedup_cvq:mtme_COMET-22-refA,cvq,0.887
ende,13,0.02,dedup_cvu:mtme_COMET-22-refA,cvu,0.8945
ende,13,0.02,weighted_cvl:mtme_COMET-22-refA,cvl,0.8915
ende,13,0.02,weighted_cvq:mtme_COMET-22-refA,cvq,0.8895
ende,13,0.02,weighted_cvu:mtme_COMET-22-refA,cvu,0.895
ende,13,0.02,dedup_cvl:mtme_COMET-QE-src,cvl,0.896
ende,13,0.02,dedup_cvq:mtme_COMET-QE-src,cvq,0.8955
ende,13,0.02,dedup_cvu:mtme_COMET-QE-src,cvu,0.895
ende,13,0.02,weighted_cvl:mtme_COMET-QE-src,cvl,0.904
ende,13,0.02,weighted_cvq:mtme_COMET-QE-src,cvq,0.8985
ende,13,0.02,weighted_cvu:mtme_COMET-QE-src,cvu,0.9045
ende,13,0.02,dedup_cvl:mtme_COMETKiwi-src,cvl,0.897
ende,13,0.02,dedup_cvq:mtme_COMETKiwi-src,cvq,0.893
ende,13,0.02,dedup_cvu:mtme_COMETKiwi-src,cvu,0.8955
ende,13,0.02,weighted_cvl:mtme_COMETKiwi-src,cvl,0.896
ende,13,0.02,weighted_cvq:mtme_COMETKiwi-src,cvq,0.889
ende,13,0.02,weighted_cvu:mtme_COMETKiwi-src,cvu,0.8925
ende,13,0.02,dedup_cvl:mtme_Cross-QE-src,cvl,0.8835
ende,13,0.02,dedup_cvq:mtme_Cross-QE-src,cvq,0.8825
ende,13,0.02,dedup_cvu:mtme_Cross-QE-src,cvu,0.883
ende,13,0.02,weighted_cvl:mtme_Cross-QE-src,cvl,0.891
ende,13,0.02,weighted_cvq:mtme_Cross-QE-src,cvq,0.887
ende,13,0.02,weighted_cvu:mtme_Cross-QE-src,cvu,0.8905
ende,13,0.02,dedup_cvl:mtme_HWTSC-TLM-src,cvl,0.8945
ende,13,0.02,dedup_cvq:mtme_HWTSC-TLM-src,cvq,0.8965
ende,13,0.02,dedup_cvu:mtme_HWTSC-TLM-src,cvu,0.8965
ende,13,0.02,weighted_cvl:mtme_HWTSC-TLM-src,cvl,0.904
ende,13,0.02,weighted_cvq:mtme_HWTSC-TLM-src,cvq,0.9025
ende,13,0.02,weighted_cvu:mtme_HWTSC-TLM-src,cvu,0.904
ende,13,0.02,dedup_cvl:mtme_HWTSC-Teacher-Sim-src,cvl,0.891
ende,13,0.02,dedup_cvq:mtme_HWTSC-Teacher-Sim-src,cvq,0.892
ende,13,0.02,dedup_cvu:mtme_HWTSC-Teacher-Sim-src,cvu,0.8925
ende,13,0.02,weighted_cvl:mtme_HWTSC-Teacher-Sim-src,cvl,0.896
ende,13,0.02,weighted_cvq:mtme_HWTSC-Teacher-Sim-src,cvq,0.897
ende,13,0.02,weighted_cvu:mtme_HWTSC-Teacher-Sim-src,cvu,0.896
ende,13,0.02,dedup_cvl:mtme_KG-BERTScore-src,cvl,0.8905
ende,13,0.02,dedup_cvq:mtme_KG-BERTScore-src,cvq,0.8905
ende,13,0.02,dedup_cvu:mtme_KG-BERTScore-src,cvu,0.892
ende,13,0.02,weighted_cvl:mtme_KG-BERTScore-src,cvl,0.898
ende,13,0.02,weighted_cvq:mtme_KG-BERTScore-src,cvq,0.8965
ende,13,0.02,weighted_cvu:mtme_KG-BERTScore-src,cvu,0.899
ende,13,0.02,dedup_cvl:mtme_MATESE-QE-src,cvl,0.8905
ende,13,0.02,dedup_cvq:mtme_MATESE-QE-src,cvq,0.8885
ende,13,0.02,dedup_cvu:mtme_MATESE-QE-src,cvu,0.8905
ende,13,0.02,weighted_cvl:mtme_MATESE-QE-src,cvl,0.8905
ende,13,0.02,weighted_cvq:mtme_MATESE-QE-src,cvq,0.8875
ende,13,0.02,weighted_cvu:mtme_MATESE-QE-src,cvu,0.889
ende,13,0.02,dedup_cvl:mtme_MATESE-refA,cvl,0.895
ende,13,0.02,dedup_cvq:mtme_MATESE-refA,cvq,0.893
ende,13,0.02,dedup_cvu:mtme_MATESE-refA,cvu,0.8945
ende,13,0.02,weighted_cvl:mtme_MATESE-refA,cvl,0.905
ende,13,0.02,weighted_cvq:mtme_MATESE-refA,cvq,0.8995
ende,13,0.02,weighted_cvu:mtme_MATESE-refA,cvu,0.9015
ende,13,0.02,dedup_cvl:mtme_MEE-refA,cvl,0.889
ende,13,0.02,dedup_cvq:mtme_MEE-refA,cvq,0.8885
ende,13,0.02,dedup_cvu:mtme_MEE-refA,cvu,0.8895
ende,13,0.02,weighted_cvl:mtme_MEE-refA,cvl,0.8995
ende,13,0.02,weighted_cvq:mtme_MEE-refA,cvq,0.899
ende,13,0.02,weighted_cvu:mtme_MEE-refA,cvu,0.8975
ende,13,0.02,dedup_cvl:mtme_MEE2-refA,cvl,0.8955
ende,13,0.02,dedup_cvq:mtme_MEE2-refA,cvq,0.894
ende,13,0.02,dedup_cvu:mtme_MEE2-refA,cvu,0.895
ende,13,0.02,weighted_cvl:mtme_MEE2-refA,cvl,0.9075
ende,13,0.02,weighted_cvq:mtme_MEE2-refA,cvq,0.9025
ende,13,0.02,weighted_cvu:mtme_MEE2-refA,cvu,0.902
ende,13,0.02,dedup_cvl:mtme_MEE4-refA,cvl,0.8965
ende,13,0.02,dedup_cvq:mtme_MEE4-refA,cvq,0.8955
ende,13,0.02,dedup_cvu:mtme_MEE4-refA,cvu,0.8985
ende,13,0.02,weighted_cvl:mtme_MEE4-refA,cvl,0.906
ende,13,0.02,weighted_cvq:mtme_MEE4-refA,cvq,0.903
ende,13,0.02,weighted_cvu:mtme_MEE4-refA,cvu,0.904
ende,13,0.02,dedup_cvl:mtme_MS-COMET-22-refA,cvl,0.8985
ende,13,0.02,dedup_cvq:mtme_MS-COMET-22-refA,cvq,0.901
ende,13,0.02,dedup_cvu:mtme_MS-COMET-22-refA,cvu,0.898
ende,13,0.02,weighted_cvl:mtme_MS-COMET-22-refA,cvl,0.906
ende,13,0.02,weighted_cvq:mtme_MS-COMET-22-refA,cvq,0.9055
ende,13,0.02,weighted_cvu:mtme_MS-COMET-22-refA,cvu,0.906
ende,13,0.02,dedup_cvl:mtme_MS-COMET-QE-22-src,cvl,0.9005
ende,13,0.02,dedup_cvq:mtme_MS-COMET-QE-22-src,cvq,0.9
ende,13,0.02,dedup_cvu:mtme_MS-COMET-QE-22-src,cvu,0.8995
ende,13,0.02,weighted_cvl:mtme_MS-COMET-QE-22-src,cvl,0.904
ende,13,0.02,weighted_cvq:mtme_MS-COMET-QE-22-src,cvq,0.9025
ende,13,0.02,weighted_cvu:mtme_MS-COMET-QE-22-src,cvu,0.905
ende,13,0.02,dedup_cvl:mtme_REUSE-src,cvl,0.899
ende,13,0.02,dedup_cvq:mtme_REUSE-src,cvq,0.899
ende,13,0.02,dedup_cvu:mtme_REUSE-src,cvu,0.8985
ende,13,0.02,weighted_cvl:mtme_REUSE-src,cvl,0.906
ende,13,0.02,weighted_cvq:mtme_REUSE-src,cvq,0.9025
ende,13,0.02,weighted_cvu:mtme_REUSE-src,cvu,0.904
ende,13,0.02,dedup_cvl:mtme_SEScore-refA,cvl,0.8985
ende,13,0.02,dedup_cvq:mtme_SEScore-refA,cvq,0.8935
ende,13,0.02,dedup_cvu:mtme_SEScore-refA,cvu,0.8975
ende,13,0.02,weighted_cvl:mtme_SEScore-refA,cvl,0.9045
ende,13,0.02,weighted_cvq:mtme_SEScore-refA,cvq,0.905
ende,13,0.02,weighted_cvu:mtme_SEScore-refA,cvu,0.907
ende,13,0.02,dedup_cvl:mtme_UniTE-ref-refA,cvl,0.8895
ende,13,0.02,dedup_cvq:mtme_UniTE-ref-refA,cvq,0.887
ende,13,0.02,dedup_cvu:mtme_UniTE-ref-refA,cvu,0.8895
ende,13,0.02,weighted_cvl:mtme_UniTE-ref-refA,cvl,0.899
ende,13,0.02,weighted_cvq:mtme_UniTE-ref-refA,cvq,0.891
ende,13,0.02,weighted_cvu:mtme_UniTE-ref-refA,cvu,0.896
ende,13,0.02,dedup_cvl:mtme_UniTE-refA,cvl,0.8855
ende,13,0.02,dedup_cvq:mtme_UniTE-refA,cvq,0.88
ende,13,0.02,dedup_cvu:mtme_UniTE-refA,cvu,0.8855
ende,13,0.02,weighted_cvl:mtme_UniTE-refA,cvl,0.891
ende,13,0.02,weighted_cvq:mtme_UniTE-refA,cvq,0.8885
ende,13,0.02,weighted_cvu:mtme_UniTE-refA,cvu,0.89
ende,13,0.02,dedup_cvl:mtme_UniTE-src-src,cvl,0.89
ende,13,0.02,dedup_cvq:mtme_UniTE-src-src,cvq,0.8895
ende,13,0.02,dedup_cvu:mtme_UniTE-src-src,cvu,0.887
ende,13,0.02,weighted_cvl:mtme_UniTE-src-src,cvl,0.8925
ende,13,0.02,weighted_cvq:mtme_UniTE-src-src,cvq,0.886
ende,13,0.02,weighted_cvu:mtme_UniTE-src-src,cvu,0.889
ende,13,0.02,dedup_cvl:mtme_YiSi-1-refA,cvl,0.8985
ende,13,0.02,dedup_cvq:mtme_YiSi-1-refA,cvq,0.8955
ende,13,0.02,dedup_cvu:mtme_YiSi-1-refA,cvu,0.899
ende,13,0.02,weighted_cvl:mtme_YiSi-1-refA,cvl,0.9015
ende,13,0.02,weighted_cvq:mtme_YiSi-1-refA,cvq,0.903
ende,13,0.02,weighted_cvu:mtme_YiSi-1-refA,cvu,0.9005
ende,13,0.02,dedup_cvl:mtme_chrF-refA,cvl,0.892
ende,13,0.02,dedup_cvq:mtme_chrF-refA,cvq,0.8875
ende,13,0.02,dedup_cvu:mtme_chrF-refA,cvu,0.8925
ende,13,0.02,weighted_cvl:mtme_chrF-refA,cvl,0.9075
ende,13,0.02,weighted_cvq:mtme_chrF-refA,cvq,0.9015
ende,13,0.02,weighted_cvu:mtme_chrF-refA,cvu,0.901
ende,13,0.02,dedup_cvl:mtme_f101spBLEU-refA,cvl,0.892
ende,13,0.02,dedup_cvq:mtme_f101spBLEU-refA,cvq,0.8915
ende,13,0.02,dedup_cvu:mtme_f101spBLEU-refA,cvu,0.8915
ende,13,0.02,weighted_cvl:mtme_f101spBLEU-refA,cvl,0.9035
ende,13,0.02,weighted_cvq:mtme_f101spBLEU-refA,cvq,0.903
ende,13,0.02,weighted_cvu:mtme_f101spBLEU-refA,cvu,0.9025
ende,13,0.02,dedup_cvl:mtme_f200spBLEU-refA,cvl,0.8935
ende,13,0.02,dedup_cvq:mtme_f200spBLEU-refA,cvq,0.893
ende,13,0.02,dedup_cvu:mtme_f200spBLEU-refA,cvu,0.8935
ende,13,0.02,weighted_cvl:mtme_f200spBLEU-refA,cvl,0.902
ende,13,0.02,weighted_cvq:mtme_f200spBLEU-refA,cvq,0.8995
ende,13,0.02,weighted_cvu:mtme_f200spBLEU-refA,cvu,0.897
ende,13,0.02,dedup_cvl:mtme_metricx_xl_DA_2019-refA,cvl,0.893
ende,13,0.02,dedup_cvq:mtme_metricx_xl_DA_2019-refA,cvq,0.893
ende,13,0.02,dedup_cvu:mtme_metricx_xl_DA_2019-refA,cvu,0.8945
ende,13,0.02,weighted_cvl:mtme_metricx_xl_DA_2019-refA,cvl,0.899
ende,13,0.02,weighted_cvq:mtme_metricx_xl_DA_2019-refA,cvq,0.8955
ende,13,0.02,weighted_cvu:mtme_metricx_xl_DA_2019-refA,cvu,0.899
ende,13,0.02,dedup_cvl:mtme_metricx_xl_MQM_2020-refA,cvl,0.888
ende,13,0.02,dedup_cvq:mtme_metricx_xl_MQM_2020-refA,cvq,0.887
ende,13,0.02,dedup_cvu:mtme_metricx_xl_MQM_2020-refA,cvu,0.8895
ende,13,0.02,weighted_cvl:mtme_metricx_xl_MQM_2020-refA,cvl,0.8925
ende,13,0.02,weighted_cvq:mtme_metricx_xl_MQM_2020-refA,cvq,0.8895
ende,13,0.02,weighted_cvu:mtme_metricx_xl_MQM_2020-refA,cvu,0.8925
ende,13,0.02,dedup_cvl:mtme_metricx_xxl_DA_2019-refA,cvl,0.897
ende,13,0.02,dedup_cvq:mtme_metricx_xxl_DA_2019-refA,cvq,0.8965
ende,13,0.02,dedup_cvu:mtme_metricx_xxl_DA_2019-refA,cvu,0.8975
ende,13,0.02,weighted_cvl:mtme_metricx_xxl_DA_2019-refA,cvl,0.9005
ende,13,0.02,weighted_cvq:mtme_metricx_xxl_DA_2019-refA,cvq,0.899
ende,13,0.02,weighted_cvu:mtme_metricx_xxl_DA_2019-refA,cvu,0.9045
ende,13,0.02,dedup_cvl:mtme_metricx_xxl_MQM_2020-refA,cvl,0.8975
ende,13,0.02,dedup_cvq:mtme_metricx_xxl_MQM_2020-refA,cvq,0.896
ende,13,0.02,dedup_cvu:mtme_metricx_xxl_MQM_2020-refA,cvu,0.898
ende,13,0.02,weighted_cvl:mtme_metricx_xxl_MQM_2020-refA,cvl,0.8995
ende,13,0.02,weighted_cvq:mtme_metricx_xxl_MQM_2020-refA,cvq,0.89
ende,13,0.02,weighted_cvu:mtme_metricx_xxl_MQM_2020-refA,cvu,0.8975
ende,13,0.02,weighted_cvo:mtme_BERTScore-refA,cvo,0.9035
ende,13,0.02,weighted_cvo:mtme_BLEU-refA,cvo,0.908
ende,13,0.02,weighted_cvo:mtme_BLEURT-20-refA,cvo,0.902
ende,13,0.02,weighted_cvo:mtme_COMET-20-refA,cvo,0.9105
ende,13,0.02,weighted_cvo:mtme_COMET-22-refA,cvo,0.9065
ende,13,0.02,weighted_cvo:mtme_COMET-QE-src,cvo,0.9055
ende,13,0.02,weighted_cvo:mtme_COMETKiwi-src,cvo,0.9015
ende,13,0.02,weighted_cvo:mtme_Cross-QE-src,cvo,0.8975
ende,13,0.02,weighted_cvo:mtme_HWTSC-TLM-src,cvo,0.906
ende,13,0.02,weighted_cvo:mtme_HWTSC-Teacher-Sim-src,cvo,0.9015
ende,13,0.02,weighted_cvo:mtme_KG-BERTScore-src,cvo,0.9035
ende,13,0.02,weighted_cvo:mtme_MATESE-QE-src,cvo,0.9035
ende,13,0.02,weighted_cvo:mtme_MATESE-refA,cvo,0.9105
ende,13,0.02,weighted_cvo:mtme_MEE-refA,cvo,0.902
ende,13,0.02,weighted_cvo:mtme_MEE2-refA,cvo,0.903
ende,13,0.02,weighted_cvo:mtme_MEE4-refA,cvo,0.905
ende,13,0.02,weighted_cvo:mtme_MS-COMET-22-refA,cvo,0.9085
ende,13,0.02,weighted_cvo:mtme_MS-COMET-QE-22-src,cvo,0.9065
ende,13,0.02,weighted_cvo:mtme_REUSE-src,cvo,0.9035
ende,13,0.02,weighted_cvo:mtme_SEScore-refA,cvo,0.905
ende,13,0.02,weighted_cvo:mtme_UniTE-ref-refA,cvo,0.903
ende,13,0.02,weighted_cvo:mtme_UniTE-refA,cvo,0.8975
ende,13,0.02,weighted_cvo:mtme_UniTE-src-src,cvo,0.9
ende,13,0.02,weighted_cvo:mtme_YiSi-1-refA,cvo,0.907
ende,13,0.02,weighted_cvo:mtme_chrF-refA,cvo,0.905
ende,13,0.02,weighted_cvo:mtme_f101spBLEU-refA,cvo,0.908
ende,13,0.02,weighted_cvo:mtme_f200spBLEU-refA,cvo,0.9055
ende,13,0.02,weighted_cvo:mtme_metricx_xl_DA_2019-refA,cvo,0.9025
ende,13,0.02,weighted_cvo:mtme_metricx_xl_MQM_2020-refA,cvo,0.8955
ende,13,0.02,weighted_cvo:mtme_metricx_xxl_DA_2019-refA,cvo,0.903
ende,13,0.02,weighted_cvo:mtme_metricx_xxl_MQM_2020-refA,cvo,0.899
ende,14,0.01,uniform,human,0.9185
ende,14,0.01,dedup,human,0.917
ende,14,0.01,weighted,human,0.912
ende,14,0.01,dedup_cvl:mtme_BERTScore-refA,cvl,0.9005
ende,14,0.01,dedup_cvq:mtme_BERTScore-refA,cvq,0.9175
ende,14,0.01,dedup_cvu:mtme_BERTScore-refA,cvu,0.897
ende,14,0.01,weighted_cvl:mtme_BERTScore-refA,cvl,0.916
ende,14,0.01,weighted_cvq:mtme_BERTScore-refA,cvq,0.9135
ende,14,0.01,weighted_cvu:mtme_BERTScore-refA,cvu,0.918
ende,14,0.01,dedup_cvl:mtme_BLEU-refA,cvl,0.9005
ende,14,0.01,dedup_cvq:mtme_BLEU-refA,cvq,0.9165
ende,14,0.01,dedup_cvu:mtme_BLEU-refA,cvu,0.8975
ende,14,0.01,weighted_cvl:mtme_BLEU-refA,cvl,0.915
ende,14,0.01,weighted_cvq:mtme_BLEU-refA,cvq,0.9125
ende,14,0.01,weighted_cvu:mtme_BLEU-refA,cvu,0.9155
ende,14,0.01,dedup_cvl:mtme_BLEURT-20-refA,cvl,0.8935
ende,14,0.01,dedup_cvq:mtme_BLEURT-20-refA,cvq,0.921
ende,14,0.01,dedup_cvu:mtme_BLEURT-20-refA,cvu,0.893
ende,14,0.01,weighted_cvl:mtme_BLEURT-20-refA,cvl,0.9165
ende,14,0.01,weighted_cvq:mtme_BLEURT-20-refA,cvq,0.9185
ende,14,0.01,weighted_cvu:mtme_BLEURT-20-refA,cvu,0.9175
ende,14,0.01,dedup_cvl:mtme_COMET-20-refA,cvl,0.893
ende,14,0.01,dedup_cvq:mtme_COMET-20-refA,cvq,0.925
ende,14,0.01,dedup_cvu:mtme_COMET-20-refA,cvu,0.8925
ende,14,0.01,weighted_cvl:mtme_COMET-20-refA,cvl,0.901
ende,14,0.01,weighted_cvq:mtme_COMET-20-refA,cvq,0.9235
ende,14,0.01,weighted_cvu:mtme_COMET-20-refA,cvu,0.9015
ende,14,0.01,dedup_cvl:mtme_COMET-22-refA,cvl,0.8895
ende,14,0.01,dedup_cvq:mtme_COMET-22-refA,cvq,0.912
ende,14,0.01,dedup_cvu:mtme_COMET-22-refA,cvu,0.8865
ende,14,0.01,weighted_cvl:mtme_COMET-22-refA,cvl,0.899
ende,14,0.01,weighted_cvq:mtme_COMET-22-refA,cvq,0.9075
ende,14,0.01,weighted_cvu:mtme_COMET-22-refA,cvu,0.902
ende,14,0.01,dedup_cvl:mtme_COMET-QE-src,cvl,0.8995
ende,14,0.01,dedup_cvq:mtme_COMET-QE-src,cvq,0.916
ende,14,0.01,dedup_cvu:mtme_COMET-QE-src,cvu,0.897
ende,14,0.01,weighted_cvl:mtme_COMET-QE-src,cvl,0.9015
ende,14,0.01,weighted_cvq:mtme_COMET-QE-src,cvq,0.911
ende,14,0.01,weighted_cvu:mtme_COMET-QE-src,cvu,0.9005
ende,14,0.01,dedup_cvl:mtme_COMETKiwi-src,cvl,0.892
ende,14,0.01,dedup_cvq:mtme_COMETKiwi-src,cvq,0.9185
ende,14,0.01,dedup_cvu:mtme_COMETKiwi-src,cvu,0.8905
ende,14,0.01,weighted_cvl:mtme_COMETKiwi-src,cvl,0.9035
ende,14,0.01,weighted_cvq:mtme_COMETKiwi-src,cvq,0.909
ende,14,0.01,weighted_cvu:mtme_COMETKiwi-src,cvu,0.904
ende,14,0.01,dedup_cvl:mtme_Cross-QE-src,cvl,0.8895
ende,14,0.01,dedup_cvq:mtme_Cross-QE-src,cvq,0.9095
ende,14,0.01,dedup_cvu:mtme_Cross-QE-src,cvu,0.8895
ende,14,0.01,weighted_cvl:mtme_Cross-QE-src,cvl,0.89
ende,14,0.01,weighted_cvq:mtme_Cross-QE-src,cvq,0.894
ende,14,0.01,weighted_cvu:mtme_Cross-QE-src,cvu,0.892
ende,14,0.01,dedup_cvl:mtme_HWTSC-TLM-src,cvl,0.8975
ende,14,0.01,dedup_cvq:mtme_HWTSC-TLM-src,cvq,0.914
ende,14,0.01,dedup_cvu:mtme_HWTSC-TLM-src,cvu,0.8995
ende,14,0.01,weighted_cvl:mtme_HWTSC-TLM-src,cvl,0.9095
ende,14,0.01,weighted_cvq:mtme_HWTSC-TLM-src,cvq,0.9085
ende,14,0.01,weighted_cvu:mtme_HWTSC-TLM-src,cvu,0.9105
ende,14,0.01,dedup_cvl:mtme_HWTSC-Teacher-Sim-src,cvl,0.8985
ende,14,0.01,dedup_cvq:mtme_HWTSC-Teacher-Sim-src,cvq,0.917
ende,14,0.01,dedup_cvu:mtme_HWTSC-Teacher-Sim-src,cvu,0.899
ende,14,0.01,weighted_cvl:mtme_HWTSC-Teacher-Sim-src,cvl,0.906
ende,14,0.01,weighted_cvq:mtme_HWTSC-Teacher-Sim-src,cvq,0.909
ende,14,0.01,weighted_cvu:mtme_HWTSC-Teacher-Sim-src,cvu,0.907
ende,14,0.01,dedup_cvl:mtme_KG-BERTScore-src,cvl,0.896
ende,14,0.01,dedup_cvq:mtme_KG-BERTScore-src,cvq,0.918
ende,14,0.01,dedup_cvu:mtme_KG-BERTScore-src,cvu,0.897
ende,14,0.01,weighted_cvl:mtme_KG-BERTScore-src,cvl,0.9045
ende,14,0.01,weighted_cvq:mtme_KG-BERTScore-src,cvq,0.914
ende,14,0.01,weighted_cvu:mtme_KG-BERTScore-src,cvu,0.904
ende,14,0.01,dedup_cvl:mtme_MATESE-QE-src,cvl,0.8945
ende,14,0.01,dedup_cvq:mtme_MATESE-QE-src,cvq,0.913
ende,14,0.01,dedup_cvu:mtme_MATESE-QE-src,cvu,0.8935
ende,14,0.01,weighted_cvl:mtme_MATESE-QE-src,cvl,0.912
ende,14,0.01,weighted_cvq:mtme_MATESE-QE-src,cvq,0.914
ende,14,0.01,weighted_cvu:mtme_MATESE-QE-src,cvu,0.9025
ende,14,0.01,dedup_cvl:mtme_MATESE-refA,cvl,0.9005
ende,14,0.01,dedup_cvq:mtme_MATESE-refA,cvq,0.9165
ende,14,0.01,dedup_cvu:mtme_MATESE-refA,cvu,0.899
ende,14,0.01,weighted_cvl:mtme_MATESE-refA,cvl,0.9155
ende,14,0.01,weighted_cvq:mtme_MATESE-refA,cvq,0.916
ende,14,0.01,weighted_cvu:mtme_MATESE-refA,cvu,0.919
ende,14,0.01,dedup_cvl:mtme_MEE-refA,cvl,0.895
ende,14,0.01,dedup_cvq:mtme_MEE-refA,cvq,0.917
ende,14,0.01,dedup_cvu:mtme_MEE-refA,cvu,0.8945
ende,14,0.01,weighted_cvl:mtme_MEE-refA,cvl,0.9185
ende,14,0.01,weighted_cvq:mtme_MEE-refA,cvq,0.9145
ende,14,0.01,weighted_cvu:mtme_MEE-refA,cvu,0.9195
ende,14,0.01,dedup_cvl:mtme_MEE2-refA,cvl,0.904
ende,14,0.01,dedup_cvq:mtme_MEE2-refA,cvq,0.9165
ende,14,0.01,dedup_cvu:mtme_MEE2-refA,cvu,0.8995
ende,14,0.01,weighted_cvl:mtme_MEE2-refA,cvl,0.9155
ende,14,0.01,weighted_cvq:mtme_MEE2-refA,cvq,0.9125
ende,14,0.01,weighted_cvu:mtme_MEE2-refA,cvu,0.9145
ende,14,0.01,dedup_cvl:mtme_MEE4-refA,cvl,0.9045
ende,14,0.01,dedup_cvq:mtme_MEE4-refA,cvq,0.9135
ende,14,0.01,dedup_cvu:mtme_MEE4-refA,cvu,0.899
ende,14,0.01,weighted_cvl:mtme_MEE4-refA,cvl,0.9145
ende,14,0.01,weighted_cvq:mtme_MEE4-refA,cvq,0.9105
ende,14,0.01,weighted_cvu:mtme_MEE4-refA,cvu,0.9155
ende,14,0.01,dedup_cvl:mtme_MS-COMET-22-refA,cvl,0.897
ende,14,0.01,dedup_cvq:mtme_MS-COMET-22-refA,cvq,0.9135
ende,14,0.01,dedup_cvu:mtme_MS-COMET-22-refA,cvu,0.898
ende,14,0.01,weighted_cvl:mtme_MS-COMET-22-refA,cvl,0.904
ende,14,0.01,weighted_cvq:mtme_MS-COMET-22-refA,cvq,0.913
ende,14,0.01,weighted_cvu:mtme_MS-COMET-22-refA,cvu,0.9045
ende,14,0.01,dedup_cvl:mtme_MS-COMET-QE-22-src,cvl,0.896
ende,14,0.01,dedup_cvq:mtme_MS-COMET-QE-22-src,cvq,0.896
ende,14,0.01,dedup_cvu:mtme_MS-COMET-QE-22-src,cvu,0.895
ende,14,0.01,weighted_cvl:mtme_MS-COMET-QE-22-src,cvl,0.9025
ende,14,0.01,weighted_cvq:mtme_MS-COMET-QE-22-src,cvq,0.914
ende,14,0.01,weighted_cvu:mtme_MS-COMET-QE-22-src,cvu,0.903
ende,14,0.01,dedup_cvl:mtme_REUSE-src,cvl,0.9
ende,14,0.01,dedup_cvq:mtme_REUSE-src,cvq,0.916
ende,14,0.01,dedup_cvu:mtme_REUSE-src,cvu,0.899
ende,14,0.01,weighted_cvl:mtme_REUSE-src,cvl,0.903
ende,14,0.01,weighted_cvq:mtme_REUSE-src,cvq,0.912
ende,14,0.01,weighted_cvu:mtme_REUSE-src,cvu,0.903
ende,14,0.01,dedup_cvl:mtme_SEScore-refA,cvl,0.8995
ende,14,0.01,dedup_cvq:mtme_SEScore-refA,cvq,0.919
ende,14,0.01,dedup_cvu:mtme_SEScore-refA,cvu,0.8985
ende,14,0.01,weighted_cvl:mtme_SEScore-refA,cvl,0.913
ende,14,0.01,weighted_cvq:mtme_SEScore-refA,cvq,0.911
ende,14,0.01,weighted_cvu:mtme_SEScore-refA,cvu,0.9055
ende,14,0.01,dedup_cvl:mtme_UniTE-ref-refA,cvl,0.899
ende,14,0.01,dedup_cvq:mtme_UniTE-ref-refA,cvq,0.9075
ende,14,0.01,dedup_cvu:mtme_UniTE-ref-refA,cvu,0.9015
ende,14,0.01,weighted_cvl:mtme_UniTE-ref-refA,cvl,0.9
ende,14,0.01,weighted_cvq:mtme_UniTE-ref-refA,cvq,0.9005
ende,14,0.01,weighted_cvu:mtme_UniTE-ref-refA,cvu,0.9
ende,14,0.01,dedup_cvl:mtme_UniTE-refA,cvl,0.8995
ende,14,0.01,dedup_cvq:mtme_UniTE-refA,cvq,0.908
ende,14,0.01,dedup_cvu:mtme_UniTE-refA,cvu,0.896
ende,14,0.01,weighted_cvl:mtme_UniTE-refA,cvl,0.8915
ende,14,0.01,weighted_cvq:mtme_UniTE-refA,cvq,0.896
ende,14,0.01,weighted_cvu:mtme_UniTE-refA,cvu,0.8905
ende,14,0.01,dedup_cvl:mtme_UniTE-src-src,cvl,0.8965
ende,14,0.01,dedup_cvq:mtme_UniTE-src-src,cvq,0.8975
ende,14,0.01,dedup_cvu:mtme_UniTE-src-src,cvu,0.897
ende,14,0.01,weighted_cvl:mtme_UniTE-src-src,cvl,0.895
ende,14,0.01,weighted_cvq:mtme_UniTE-src-src,cvq,0.8975
ende,14,0.01,weighted_cvu:mtme_UniTE-src-src,cvu,0.894
ende,14,0.01,dedup_cvl:mtme_YiSi-1-refA,cvl,0.9005
ende,14,0.01,dedup_cvq:mtme_YiSi-1-refA,cvq,0.912
ende,14,0.01,dedup_cvu:mtme_YiSi-1-refA,cvu,0.902
ende,14,0.01,weighted_cvl:mtme_YiSi-1-refA,cvl,0.906
ende,14,0.01,weighted_cvq:mtme_YiSi-1-refA,cvq,0.9155
ende,14,0.01,weighted_cvu:mtme_YiSi-1-refA,cvu,0.9055
ende,14,0.01,dedup_cvl:mtme_chrF-refA,cvl,0.8975
ende,14,0.01,dedup_cvq:mtme_chrF-refA,cvq,0.9165
ende,14,0.01,dedup_cvu:mtme_chrF-refA,cvu,0.896
ende,14,0.01,weighted_cvl:mtme_chrF-refA,cvl,0.9155
ende,14,0.01,weighted_cvq:mtme_chrF-refA,cvq,0.9155
ende,14,0.01,weighted_cvu:mtme_chrF-refA,cvu,0.9165
ende,14,0.01,dedup_cvl:mtme_f101spBLEU-refA,cvl,0.901
ende,14,0.01,dedup_cvq:mtme_f101spBLEU-refA,cvq,0.915
ende,14,0.01,dedup_cvu:mtme_f101spBLEU-refA,cvu,0.8975
ende,14,0.01,weighted_cvl:mtme_f101spBLEU-refA,cvl,0.9145
ende,14,0.01,weighted_cvq:mtme_f101spBLEU-refA,cvq,0.9125
ende,14,0.01,weighted_cvu:mtme_f101spBLEU-refA,cvu,0.9135
ende,14,0.01,dedup_cvl:mtme_f200spBLEU-refA,cvl,0.8995
ende,14,0.01,dedup_cvq:mtme_f200spBLEU-refA,cvq,0.9165
ende,14,0.01,dedup_cvu:mtme_f200spBLEU-refA,cvu,0.898
ende,14,0.01,weighted_cvl:mtme_f200spBLEU-refA,cvl,0.918
ende,14,0.01,weighted_cvq:mtme_f200spBLEU-refA,cvq,0.9135
ende,14,0.01,weighted_cvu:mtme_f200spBLEU-refA,cvu,0.916
ende,14,0.01,dedup_cvl:mtme_metricx_xl_DA_2019-refA,cvl,0.8995
ende,14,0.01,dedup_cvq:mtme_metricx_xl_DA_2019-refA,cvq,0.917
ende,14,0.01,dedup_cvu:mtme_metricx_xl_DA_2019-refA,cvu,0.904
ende,14,0.01,weighted_cvl:mtme_metricx_xl_DA_2019-refA,cvl,0.919
ende,14,0.01,weighted_cvq:mtme_metricx_xl_DA_2019-refA,cvq,0.92
ende,14,0.01,weighted_cvu:mtme_metricx_xl_DA_2019-refA,cvu,0.9205
ende,14,0.01,dedup_cvl:mtme_metricx_xl_MQM_2020-refA,cvl,0.8955
ende,14,0.01,dedup_cvq:mtme_metricx_xl_MQM_2020-refA,cvq,0.906
ende,14,0.01,dedup_cvu:mtme_metricx_xl_MQM_2020-refA,cvu,0.898
ende,14,0.01,weighted_cvl:mtme_metricx_xl_MQM_2020-refA,cvl,0.902
ende,14,0.01,weighted_cvq:mtme_metricx_xl_MQM_2020-refA,cvq,0.8985
ende,14,0.01,weighted_cvu:mtme_metricx_xl_MQM_2020-refA,cvu,0.9035
ende,14,0.01,dedup_cvl:mtme_metricx_xxl_DA_2019-refA,cvl,0.901
ende,14,0.01,dedup_cvq:mtme_metricx_xxl_DA_2019-refA,cvq,0.917
ende,14,0.01,dedup_cvu:mtme_metricx_xxl_DA_2019-refA,cvu,0.906
ende,14,0.01,weighted_cvl:mtme_metricx_xxl_DA_2019-refA,cvl,0.919
ende,14,0.01,weighted_cvq:mtme_metricx_xxl_DA_2019-refA,cvq,0.914
ende,14,0.01,weighted_cvu:mtme_metricx_xxl_DA_2019-refA,cvu,0.9155
ende,14,0.01,dedup_cvl:mtme_metricx_xxl_MQM_2020-refA,cvl,0.899
ende,14,0.01,dedup_cvq:mtme_metricx_xxl_MQM_2020-refA,cvq,0.9035
ende,14,0.01,dedup_cvu:mtme_metricx_xxl_MQM_2020-refA,cvu,0.896
ende,14,0.01,weighted_cvl:mtme_metricx_xxl_MQM_2020-refA,cvl,0.9035
ende,14,0.01,weighted_cvq:mtme_metricx_xxl_MQM_2020-refA,cvq,0.9015
ende,14,0.01,weighted_cvu:mtme_metricx_xxl_MQM_2020-refA,cvu,0.906
ende,14,0.01,weighted_cvo:mtme_BERTScore-refA,cvo,0.9165
ende,14,0.01,weighted_cvo:mtme_BLEU-refA,cvo,0.915
ende,14,0.01,weighted_cvo:mtme_BLEURT-20-refA,cvo,0.9185
ende,14,0.01,weighted_cvo:mtme_COMET-20-refA,cvo,0.9185
ende,14,0.01,weighted_cvo:mtme_COMET-22-refA,cvo,0.9205
ende,14,0.01,weighted_cvo:mtme_COMET-QE-src,cvo,0.9155
ende,14,0.01,weighted_cvo:mtme_COMETKiwi-src,cvo,0.9195
ende,14,0.01,weighted_cvo:mtme_Cross-QE-src,cvo,0.9135
ende,14,0.01,weighted_cvo:mtme_HWTSC-TLM-src,cvo,0.92
ende,14,0.01,weighted_cvo:mtme_HWTSC-Teacher-Sim-src,cvo,0.9185
ende,14,0.01,weighted_cvo:mtme_KG-BERTScore-src,cvo,0.918
ende,14,0.01,weighted_cvo:mtme_MATESE-QE-src,cvo,0.9135
ende,14,0.01,weighted_cvo:mtme_MATESE-refA,cvo,0.913
ende,14,0.01,weighted_cvo:mtme_MEE-refA,cvo,0.9145
ende,14,0.01,weighted_cvo:mtme_MEE2-refA,cvo,0.914
ende,14,0.01,weighted_cvo:mtme_MEE4-refA,cvo,0.9155
ende,14,0.01,weighted_cvo:mtme_MS-COMET-22-refA,cvo,0.92
ende,14,0.01,weighted_cvo:mtme_MS-COMET-QE-22-src,cvo,0.9145
ende,14,0.01,weighted_cvo:mtme_REUSE-src,cvo,0.912
ende,14,0.01,weighted_cvo:mtme_SEScore-refA,cvo,0.919
ende,14,0.01,weighted_cvo:mtme_UniTE-ref-refA,cvo,0.901
ende,14,0.01,weighted_cvo:mtme_UniTE-refA,cvo,0.9
ende,14,0.01,weighted_cvo:mtme_UniTE-src-src,cvo,0.9165
ende,14,0.01,weighted_cvo:mtme_YiSi-1-refA,cvo,0.915
ende,14,0.01,weighted_cvo:mtme_chrF-refA,cvo,0.916
ende,14,0.01,weighted_cvo:mtme_f101spBLEU-refA,cvo,0.916
ende,14,0.01,weighted_cvo:mtme_f200spBLEU-refA,cvo,0.9155
ende,14,0.01,weighted_cvo:mtme_metricx_xl_DA_2019-refA,cvo,0.925
ende,14,0.01,weighted_cvo:mtme_metricx_xl_MQM_2020-refA,cvo,0.915
ende,14,0.01,weighted_cvo:mtme_metricx_xxl_DA_2019-refA,cvo,0.922
ende,14,0.01,weighted_cvo:mtme_metricx_xxl_MQM_2020-refA,cvo,0.918
ende,14,0.02,uniform,human,0.9185
ende,14,0.02,dedup,human,0.917
ende,14,0.02,weighted,human,0.912
ende,14,0.02,dedup_cvl:mtme_BERTScore-refA,cvl,0.919
ende,14,0.02,dedup_cvq:mtme_BERTScore-refA,cvq,0.9175
ende,14,0.02,dedup_cvu:mtme_BERTScore-refA,cvu,0.918
ende,14,0.02,weighted_cvl:mtme_BERTScore-refA,cvl,0.916
ende,14,0.02,weighted_cvq:mtme_BERTScore-refA,cvq,0.9135
ende,14,0.02,weighted_cvu:mtme_BERTScore-refA,cvu,0.918
ende,14,0.02,dedup_cvl:mtme_BLEU-refA,cvl,0.9175
ende,14,0.02,dedup_cvq:mtme_BLEU-refA,cvq,0.9165
ende,14,0.02,dedup_cvu:mtme_BLEU-refA,cvu,0.917
ende,14,0.02,weighted_cvl:mtme_BLEU-refA,cvl,0.915
ende,14,0.02,weighted_cvq:mtme_BLEU-refA,cvq,0.9125
ende,14,0.02,weighted_cvu:mtme_BLEU-refA,cvu,0.9155
ende,14,0.02,dedup_cvl:mtme_BLEURT-20-refA,cvl,0.9215
ende,14,0.02,dedup_cvq:mtme_BLEURT-20-refA,cvq,0.921
ende,14,0.02,dedup_cvu:mtme_BLEURT-20-refA,cvu,0.9215
ende,14,0.02,weighted_cvl:mtme_BLEURT-20-refA,cvl,0.9165
ende,14,0.02,weighted_cvq:mtme_BLEURT-20-refA,cvq,0.9185
ende,14,0.02,weighted_cvu:mtme_BLEURT-20-refA,cvu,0.9175
ende,14,0.02,dedup_cvl:mtme_COMET-20-refA,cvl,0.9225
ende,14,0.02,dedup_cvq:mtme_COMET-20-refA,cvq,0.925
ende,14,0.02,dedup_cvu:mtme_COMET-20-refA,cvu,0.925
ende,14,0.02,weighted_cvl:mtme_COMET-20-refA,cvl,0.92
ende,14,0.02,weighted_cvq:mtme_COMET-20-refA,cvq,0.9235
ende,14,0.02,weighted_cvu:mtme_COMET-20-refA,cvu,0.922
ende,14,0.02,dedup_cvl:mtme_COMET-22-refA,cvl,0.916
ende,14,0.02,dedup_cvq:mtme_COMET-22-refA,cvq,0.912
ende,14,0.02,dedup_cvu:mtme_COMET-22-refA,cvu,0.9155
ende,14,0.02,weighted_cvl:mtme_COMET-22-refA,cvl,0.905
ende,14,0.02,weighted_cvq:mtme_COMET-22-refA,cvq,0.9075
ende,14,0.02,weighted_cvu:mtme_COMET-22-refA,cvu,0.909
ende,14,0.02,dedup_cvl:mtme_COMET-QE-src,cvl,0.9145
ende,14,0.02,dedup_cvq:mtme_COMET-QE-src,cvq,0.916
ende,14,0.02,dedup_cvu:mtme_COMET-QE-src,cvu,0.916
ende,14,0.02,weighted_cvl:mtme_COMET-QE-src,cvl,0.9125
ende,14,0.02,weighted_cvq:mtme_COMET-QE-src,cvq,0.911
ende,14,0.02,weighted_cvu:mtme_COMET-QE-src,cvu,0.9115
ende,14,0.02,dedup_cvl:mtme_COMETKiwi-src,cvl,0.917
ende,14,0.02,dedup_cvq:mtme_COMETKiwi-src,cvq,0.9185
ende,14,0.02,dedup_cvu:mtme_COMETKiwi-src,cvu,0.9195
ende,14,0.02,weighted_cvl:mtme_COMETKiwi-src,cvl,0.909
ende,14,0.02,weighted_cvq:mtme_COMETKiwi-src,cvq,0.909
ende,14,0.02,weighted_cvu:mtme_COMETKiwi-src,cvu,0.9105
ende,14,0.02,dedup_cvl:mtme_Cross-QE-src,cvl,0.9085
ende,14,0.02,dedup_cvq:mtme_Cross-QE-src,cvq,0.9095
ende,14,0.02,dedup_cvu:mtme_Cross-QE-src,cvu,0.9055
ende,14,0.02,weighted_cvl:mtme_Cross-QE-src,cvl,0.9005
ende,14,0.02,weighted_cvq:mtme_Cross-QE-src,cvq,0.894
ende,14,0.02,weighted_cvu:mtme_Cross-QE-src,cvu,0.9
ende,14,0.02,dedup_cvl:mtme_HWTSC-TLM-src,cvl,0.913
ende,14,0.02,dedup_cvq:mtme_HWTSC-TLM-src,cvq,0.914
ende,14,0.02,dedup_cvu:mtme_HWTSC-TLM-src,cvu,0.912
ende,14,0.02,weighted_cvl:mtme_HWTSC-TLM-src,cvl,0.9095
ende,14,0.02,weighted_cvq:mtme_HWTSC-TLM-src,cvq,0.9085
ende,14,0.02,weighted_cvu:mtme_HWTSC-TLM-src,cvu,0.9105
ende,14,0.02,dedup_cvl:mtme_HWTSC-Teacher-Sim-src,cvl,0.915
ende,14,0.02,dedup_cvq:mtme_HWTSC-Teacher-Sim-src,cvq,0.917
ende,14,0.02,dedup_cvu:mtme_HWTSC-Teacher-Sim-src,cvu,0.9185
ende,14,0.02,weighted_cvl:mtme_HWTSC-Teacher-Sim-src,cvl,0.91
ende,14,0.02,weighted_cvq:mtme_HWTSC-Teacher-Sim-src,cvq,0.909
ende,14,0.02,weighted_cvu:mtme_HWTSC-Teacher-Sim-src,cvu,0.9135
ende,14,0.02,dedup_cvl:mtme_KG-BERTScore-src,cvl,0.9205
ende,14,0.02,dedup_cvq:mtme_KG-BERTScore-src,cvq,0.918
ende,14,0.02,dedup_cvu:mtme_KG-BERTScore-src,cvu,0.92
ende,14,0.02,weighted_cvl:mtme_KG-BERTScore-src,cvl,0.9175
ende,14,0.02,weighted_cvq:mtme_KG-BERTScore-src,cvq,0.914
ende,14,0.02,weighted_cvu:mtme_KG-BERTScore-src,cvu,0.9175
ende,14,0.02,dedup_cvl:mtme_MATESE-QE-src,cvl,0.9155
ende,14,0.02,dedup_cvq:mtme_MATESE-QE-src,cvq,0.913
ende,14,0.02,dedup_cvu:mtme_MATESE-QE-src,cvu,0.9175
ende,14,0.02,weighted_cvl:mtme_MATESE-QE-src,cvl,0.912
ende,14,0.02,weighted_cvq:mtme_MATESE-QE-src,cvq,0.914
ende,14,0.02,weighted_cvu:mtme_MATESE-QE-src,cvu,0.916
ende,14,0.02,dedup_cvl:mtme_MATESE-refA,cvl,0.918
ende,14,0.02,dedup_cvq:mtme_MATESE-refA,cvq,0.9165
ende,14,0.02,dedup_cvu:mtme_MATESE-refA,cvu,0.9195
ende,14,0.02,weighted_cvl:mtme_MATESE-refA,cvl,0.9155
ende,14,0.02,weighted_cvq:mtme_MATESE-refA,cvq,0.916
ende,14,0.02,weighted_cvu:mtme_MATESE-refA,cvu,0.919
ende,14,0.02,dedup_cvl:mtme_MEE-refA,cvl,0.9175
ende,14,0.02,dedup_cvq:mtme_MEE-refA,cvq,0.917
ende,14,0.02,dedup_cvu:mtme_MEE-refA,cvu,0.919
ende,14,0.02,weighted_cvl:mtme_MEE-refA,cvl,0.9185
ende,14,0.02,weighted_cvq:mtme_MEE-refA,cvq,0.9145
ende,14,0.02,weighted_cvu:mtme_MEE-refA,cvu,0.9195
ende,14,0.02,dedup_cvl:mtme_MEE2-refA,cvl,0.9155
ende,14,0.02,dedup_cvq:mtme_MEE2-refA,cvq,0.9165
ende,14,0.02,dedup_cvu:mtme_MEE2-refA,cvu,0.915
ende,14,0.02,weighted_cvl:mtme_MEE2-refA,cvl,0.9155
ende,14,0.02,weighted_cvq:mtme_MEE2-refA,cvq,0.9125
ende,14,0.02,weighted_cvu:mtme_MEE2-refA,cvu,0.9145
ende,14,0.02,dedup_cvl:mtme_MEE4-refA,cvl,0.913
ende,14,0.02,dedup_cvq:mtme_MEE4-refA,cvq,0.9135
ende,14,0.02,dedup_cvu:mtme_MEE4-refA,cvu,0.914
ende,14,0.02,weighted_cvl:mtme_MEE4-refA,cvl,0.9145
ende,14,0.02,weighted_cvq:mtme_MEE4-refA,cvq,0.9105
ende,14,0.02,weighted_cvu:mtme_MEE4-refA,cvu,0.9155
ende,14,0.02,dedup_cvl:mtme_MS-COMET-22-refA,cvl,0.915
ende,14,0.02,dedup_cvq:mtme_MS-COMET-22-refA,cvq,0.9135
ende,14,0.02,dedup_cvu:mtme_MS-COMET-22-refA,cvu,0.9165
ende,14,0.02,weighted_cvl:mtme_MS-COMET-22-refA,cvl,0.914
ende,14,0.02,weighted_cvq:mtme_MS-COMET-22-refA,cvq,0.913
ende,14,0.02,weighted_cvu:mtme_MS-COMET-22-refA,cvu,0.9125
ende,14,0.02,dedup_cvl:mtme_MS-COMET-QE-22-src,cvl,0.9155
ende,14,0.02,dedup_cvq:mtme_MS-COMET-QE-22-src,cvq,0.9145
ende,14,0.02,dedup_cvu:mtme_MS-COMET-QE-22-src,cvu,0.9155
ende,14,0.02,weighted_cvl:mtme_MS-COMET-QE-22-src,cvl,0.913
ende,14,0.02,weighted_cvq:mtme_MS-COMET-QE-22-src,cvq,0.914
ende,14,0.02,weighted_cvu:mtme_MS-COMET-QE-22-src,cvu,0.9145
ende,14,0.02,dedup_cvl:mtme_REUSE-src,cvl,0.9155
ende,14,0.02,dedup_cvq:mtme_REUSE-src,cvq,0.916
ende,14,0.02,dedup_cvu:mtme_REUSE-src,cvu,0.9165
ende,14,0.02,weighted_cvl:mtme_REUSE-src,cvl,0.9085
ende,14,0.02,weighted_cvq:mtme_REUSE-src,cvq,0.912
ende,14,0.02,weighted_cvu:mtme_REUSE-src,cvu,0.9105
ende,14,0.02,dedup_cvl:mtme_SEScore-refA,cvl,0.919
ende,14,0.02,dedup_cvq:mtme_SEScore-refA,cvq,0.919
ende,14,0.02,dedup_cvu:mtme_SEScore-refA,cvu,0.92
ende,14,0.02,weighted_cvl:mtme_SEScore-refA,cvl,0.913
ende,14,0.02,weighted_cvq:mtme_SEScore-refA,cvq,0.911
ende,14,0.02,weighted_cvu:mtme_SEScore-refA,cvu,0.9145
ende,14,0.02,dedup_cvl:mtme_UniTE-ref-refA,cvl,0.9065
ende,14,0.02,dedup_cvq:mtme_UniTE-ref-refA,cvq,0.9075
ende,14,0.02,dedup_cvu:mtme_UniTE-ref-refA,cvu,0.9085
ende,14,0.02,weighted_cvl:mtme_UniTE-ref-refA,cvl,0.901
ende,14,0.02,weighted_cvq:mtme_UniTE-ref-refA,cvq,0.9005
ende,14,0.02,weighted_cvu:mtme_UniTE-ref-refA,cvu,0.8995
ende,14,0.02,dedup_cvl:mtme_UniTE-refA,cvl,0.9065
ende,14,0.02,dedup_cvq:mtme_UniTE-refA,cvq,0.908
ende,14,0.02,dedup_cvu:mtme_UniTE-refA,cvu,0.908
ende,14,0.02,weighted_cvl:mtme_UniTE-refA,cvl,0.8965
ende,14,0.02,weighted_cvq:mtme_UniTE-refA,cvq,0.896
ende,14,0.02,weighted_cvu:mtme_UniTE-refA,cvu,0.898
ende,14,0.02,dedup_cvl:mtme_UniTE-src-src,cvl,0.903
ende,14,0.02,dedup_cvq:mtme_UniTE-src-src,cvq,0.8975
ende,14,0.02,dedup_cvu:mtme_UniTE-src-src,cvu,0.9035
ende,14,0.02,weighted_cvl:mtme_UniTE-src-src,cvl,0.894
ende,14,0.02,weighted_cvq:mtme_UniTE-src-src,cvq,0.8975
ende,14,0.02,weighted_cvu:mtme_UniTE-src-src,cvu,0.9015
ende,14,0.02,dedup_cvl:mtme_YiSi-1-refA,cvl,0.9145
ende,14,0.02,dedup_cvq:mtme_YiSi-1-refA,cvq,0.912
ende,14,0.02,dedup_cvu:mtme_YiSi-1-refA,cvu,0.915
ende,14,0.02,weighted_cvl:mtme_YiSi-1-refA,cvl,0.9145
ende,14,0.02,weighted_cvq:mtme_YiSi-1-refA,cvq,0.9155
ende,14,0.02,weighted_cvu:mtme_YiSi-1-refA,cvu,0.9165
ende,14,0.02,dedup_cvl:mtme_chrF-refA,cvl,0.916
ende,14,0.02,dedup_cvq:mtme_chrF-refA,cvq,0.9165
ende,14,0.02,dedup_cvu:mtme_chrF-refA,cvu,0.9155
ende,14,0.02,weighted_cvl:mtme_chrF-refA,cvl,0.9155
ende,14,0.02,weighted_cvq:mtme_chrF-refA,cvq,0.9155
ende,14,0.02,weighted_cvu:mtme_chrF-refA,cvu,0.9165
ende,14,0.02,dedup_cvl:mtme_f101spBLEU-refA,cvl,0.9155
ende,14,0.02,dedup_cvq:mtme_f101spBLEU-refA,cvq,0.915
ende,14,0.02,dedup_cvu:mtme_f101spBLEU-refA,cvu,0.9175
ende,14,0.02,weighted_cvl:mtme_f101spBLEU-refA,cvl,0.9145
ende,14,0.02,weighted_cvq:mtme_f101spBLEU-refA,cvq,0.9125
ende,14,0.02,weighted_cvu:mtme_f101spBLEU-refA,cvu,0.9135
ende,14,0.02,dedup_cvl:mtme_f200spBLEU-refA,cvl,0.919
ende,14,0.02,dedup_cvq:mtme_f200spBLEU-refA,cvq,0.9165
ende,14,0.02,dedup_cvu:mtme_f200spBLEU-refA,cvu,0.92
ende,14,0.02,weighted_cvl:mtme_f200spBLEU-refA,cvl,0.918
ende,14,0.02,weighted_cvq:mtme_f200spBLEU-refA,cvq,0.9135
ende,14,0.02,weighted_cvu:mtme_f200spBLEU-refA,cvu,0.916
ende,14,0.02,dedup_cvl:mtme_metricx_xl_DA_2019-refA,cvl,0.9175
ende,14,0.02,dedup_cvq:mtme_metricx_xl_DA_2019-refA,cvq,0.917
ende,14,0.02,dedup_cvu:mtme_metricx_xl_DA_2019-refA,cvu,0.919
ende,14,0.02,weighted_cvl:mtme_metricx_xl_DA_2019-refA,cvl,0.919
ende,14,0.02,weighted_cvq:mtme_metricx_xl_DA_2019-refA,cvq,0.92
ende,14,0.02,weighted_cvu:mtme_metricx_xl_DA_2019-refA,cvu,0.9205
ende,14,0.02,dedup_cvl:mtme_metricx_xl_MQM_2020-refA,cvl,0.909
ende,14,0.02,dedup_cvq:mtme_metricx_xl_MQM_2020-refA,cvq,0.906
ende,14,0.02,dedup_cvu:mtme_metricx_xl_MQM_2020-refA,cvu,0.909
ende,14,0.02,weighted_cvl:mtme_metricx_xl_MQM_2020-refA,cvl,0.902
ende,14,0.02,weighted_cvq:mtme_metricx_xl_MQM_2020-refA,cvq,0.8985
ende,14,0.02,weighted_cvu:mtme_metricx_xl_MQM_2020-refA,cvu,0.9035
ende,14,0.02,dedup_cvl:mtme_metricx_xxl_DA_2019-refA,cvl,0.921
ende,14,0.02,dedup_cvq:mtme_metricx_xxl_DA_2019-refA,cvq,0.917
ende,14,0.02,dedup_cvu:mtme_metricx_xxl_DA_2019-refA,cvu,0.9185
ende,14,0.02,weighted_cvl:mtme_metricx_xxl_DA_2019-refA,cvl,0.919
ende,14,0.02,weighted_cvq:mtme_metricx_xxl_DA_2019-refA,cvq,0.914
ende,14,0.02,weighted_cvu:mtme_metricx_xxl_DA_2019-refA,cvu,0.9155
ende,14,0.02,dedup_cvl:mtme_metricx_xxl_MQM_2020-refA,cvl,0.908
ende,14,0.02,dedup_cvq:mtme_metricx_xxl_MQM_2020-refA,cvq,0.9035
ende,14,0.02,dedup_cvu:mtme_metricx_xxl_MQM_2020-refA,cvu,0.9075
ende,14,0.02,weighted_cvl:mtme_metricx_xxl_MQM_2020-refA,cvl,0.9035
ende,14,0.02,weighted_cvq:mtme_metricx_xxl_MQM_2020-refA,cvq,0.9015
ende,14,0.02,weighted_cvu:mtme_metricx_xxl_MQM_2020-refA,cvu,0.906
ende,14,0.02,weighted_cvo:mtme_BERTScore-refA,cvo,0.9165
ende,14,0.02,weighted_cvo:mtme_BLEU-refA,cvo,0.915
ende,14,0.02,weighted_cvo:mtme_BLEURT-20-refA,cvo,0.9185
ende,14,0.02,weighted_cvo:mtme_COMET-20-refA,cvo,0.9185
ende,14,0.02,weighted_cvo:mtme_COMET-22-refA,cvo,0.9205
ende,14,0.02,weighted_cvo:mtme_COMET-QE-src,cvo,0.9155
ende,14,0.02,weighted_cvo:mtme_COMETKiwi-src,cvo,0.9195
ende,14,0.02,weighted_cvo:mtme_Cross-QE-src,cvo,0.9135
ende,14,0.02,weighted_cvo:mtme_HWTSC-TLM-src,cvo,0.92
ende,14,0.02,weighted_cvo:mtme_HWTSC-Teacher-Sim-src,cvo,0.9185
ende,14,0.02,weighted_cvo:mtme_KG-BERTScore-src,cvo,0.918
ende,14,0.02,weighted_cvo:mtme_MATESE-QE-src,cvo,0.9135
ende,14,0.02,weighted_cvo:mtme_MATESE-refA,cvo,0.913
ende,14,0.02,weighted_cvo:mtme_MEE-refA,cvo,0.9145
ende,14,0.02,weighted_cvo:mtme_MEE2-refA,cvo,0.914
ende,14,0.02,weighted_cvo:mtme_MEE4-refA,cvo,0.9155
ende,14,0.02,weighted_cvo:mtme_MS-COMET-22-refA,cvo,0.92
ende,14,0.02,weighted_cvo:mtme_MS-COMET-QE-22-src,cvo,0.9145
ende,14,0.02,weighted_cvo:mtme_REUSE-src,cvo,0.912
ende,14,0.02,weighted_cvo:mtme_SEScore-refA,cvo,0.919
ende,14,0.02,weighted_cvo:mtme_UniTE-ref-refA,cvo,0.9155
ende,14,0.02,weighted_cvo:mtme_UniTE-refA,cvo,0.917
ende,14,0.02,weighted_cvo:mtme_UniTE-src-src,cvo,0.9165
ende,14,0.02,weighted_cvo:mtme_YiSi-1-refA,cvo,0.915
ende,14,0.02,weighted_cvo:mtme_chrF-refA,cvo,0.916
ende,14,0.02,weighted_cvo:mtme_f101spBLEU-refA,cvo,0.916
ende,14,0.02,weighted_cvo:mtme_f200spBLEU-refA,cvo,0.9155
ende,14,0.02,weighted_cvo:mtme_metricx_xl_DA_2019-refA,cvo,0.925
ende,14,0.02,weighted_cvo:mtme_metricx_xl_MQM_2020-refA,cvo,0.915
ende,14,0.02,weighted_cvo:mtme_metricx_xxl_DA_2019-refA,cvo,0.922
ende,14,0.02,weighted_cvo:mtme_metricx_xxl_MQM_2020-refA,cvo,0.918
ende,15,0.01,uniform,human,0.9205
ende,15,0.01,dedup,human,0.919
ende,15,0.01,weighted,human,0.9225
ende,15,0.01,dedup_cvl:mtme_BERTScore-refA,cvl,0.9195
ende,15,0.01,dedup_cvq:mtme_BERTScore-refA,cvq,0.92
ende,15,0.01,dedup_cvu:mtme_BERTScore-refA,cvu,0.9195
ende,15,0.01,weighted_cvl:mtme_BERTScore-refA,cvl,0.9215
ende,15,0.01,weighted_cvq:mtme_BERTScore-refA,cvq,0.921
ende,15,0.01,weighted_cvu:mtme_BERTScore-refA,cvu,0.9205
ende,15,0.01,dedup_cvl:mtme_BLEU-refA,cvl,0.9215
ende,15,0.01,dedup_cvq:mtme_BLEU-refA,cvq,0.921
ende,15,0.01,dedup_cvu:mtme_BLEU-refA,cvu,0.923
ende,15,0.01,weighted_cvl:mtme_BLEU-refA,cvl,0.918
ende,15,0.01,weighted_cvq:mtme_BLEU-refA,cvq,0.9185
ende,15,0.01,weighted_cvu:mtme_BLEU-refA,cvu,0.9195
ende,15,0.01,dedup_cvl:mtme_BLEURT-20-refA,cvl,0.9245
ende,15,0.01,dedup_cvq:mtme_BLEURT-20-refA,cvq,0.9255
ende,15,0.01,dedup_cvu:mtme_BLEURT-20-refA,cvu,0.926
ende,15,0.01,weighted_cvl:mtme_BLEURT-20-refA,cvl,0.919
ende,15,0.01,weighted_cvq:mtme_BLEURT-20-refA,cvq,0.922
ende,15,0.01,weighted_cvu:mtme_BLEURT-20-refA,cvu,0.9195
ende,15,0.01,dedup_cvl:mtme_COMET-20-refA,cvl,0.9195
ende,15,0.01,dedup_cvq:mtme_COMET-20-refA,cvq,0.9215
ende,15,0.01,dedup_cvu:mtme_COMET-20-refA,cvu,0.9185
ende,15,0.01,weighted_cvl:mtme_COMET-20-refA,cvl,0.927
ende,15,0.01,weighted_cvq:mtme_COMET-20-refA,cvq,0.9275
ende,15,0.01,weighted_cvu:mtme_COMET-20-refA,cvu,0.9285
ende,15,0.01,dedup_cvl:mtme_COMET-22-refA,cvl,0.9155
ende,15,0.01,dedup_cvq:mtme_COMET-22-refA,cvq,0.9165
ende,15,0.01,dedup_cvu:mtme_COMET-22-refA,cvu,0.9145
ende,15,0.01,weighted_cvl:mtme_COMET-22-refA,cvl,0.9225
ende,15,0.01,weighted_cvq:mtme_COMET-22-refA,cvq,0.919
ende,15,0.01,weighted_cvu:mtme_COMET-22-refA,cvu,0.9195
ende,15,0.01,dedup_cvl:mtme_COMET-QE-src,cvl,0.92
ende,15,0.01,dedup_cvq:mtme_COMET-QE-src,cvq,0.9185
ende,15,0.01,dedup_cvu:mtme_COMET-QE-src,cvu,0.9185
ende,15,0.01,weighted_cvl:mtme_COMET-QE-src,cvl,0.918
ende,15,0.01,weighted_cvq:mtme_COMET-QE-src,cvq,0.9185
ende,15,0.01,weighted_cvu:mtme_COMET-QE-src,cvu,0.9205
ende,15,0.01,dedup_cvl:mtme_COMETKiwi-src,cvl,0.915
ende,15,0.01,dedup_cvq:mtme_COMETKiwi-src,cvq,0.9135
ende,15,0.01,dedup_cvu:mtme_COMETKiwi-src,cvu,0.914
ende,15,0.01,weighted_cvl:mtme_COMETKiwi-src,cvl,0.921
ende,15,0.01,weighted_cvq:mtme_COMETKiwi-src,cvq,0.919
ende,15,0.01,weighted_cvu:mtme_COMETKiwi-src,cvu,0.9195
ende,15,0.01,dedup_cvl:mtme_Cross-QE-src,cvl,0.9195
ende,15,0.01,dedup_cvq:mtme_Cross-QE-src,cvq,0.9205
ende,15,0.01,dedup_cvu:mtme_Cross-QE-src,cvu,0.918
ende,15,0.01,weighted_cvl:mtme_Cross-QE-src,cvl,0.926
ende,15,0.01,weighted_cvq:mtme_Cross-QE-src,cvq,0.923
ende,15,0.01,weighted_cvu:mtme_Cross-QE-src,cvu,0.924
ende,15,0.01,dedup_cvl:mtme_HWTSC-TLM-src,cvl,0.917
ende,15,0.01,dedup_cvq:mtme_HWTSC-TLM-src,cvq,0.9165
ende,15,0.01,dedup_cvu:mtme_HWTSC-TLM-src,cvu,0.9175
ende,15,0.01,weighted_cvl:mtme_HWTSC-TLM-src,cvl,0.923
ende,15,0.01,weighted_cvq:mtme_HWTSC-TLM-src,cvq,0.919
ende,15,0.01,weighted_cvu:mtme_HWTSC-TLM-src,cvu,0.923
ende,15,0.01,dedup_cvl:mtme_HWTSC-Teacher-Sim-src,cvl,0.918
ende,15,0.01,dedup_cvq:mtme_HWTSC-Teacher-Sim-src,cvq,0.9195
ende,15,0.01,dedup_cvu:mtme_HWTSC-Teacher-Sim-src,cvu,0.9165
ende,15,0.01,weighted_cvl:mtme_HWTSC-Teacher-Sim-src,cvl,0.926
ende,15,0.01,weighted_cvq:mtme_HWTSC-Teacher-Sim-src,cvq,0.926
ende,15,0.01,weighted_cvu:mtme_HWTSC-Teacher-Sim-src,cvu,0.9265
ende,15,0.01,dedup_cvl:mtme_KG-BERTScore-src,cvl,0.919
ende,15,0.01,dedup_cvq:mtme_KG-BERTScore-src,cvq,0.9175
ende,15,0.01,dedup_cvu:mtme_KG-BERTScore-src,cvu,0.9185
ende,15,0.01,weighted_cvl:mtme_KG-BERTScore-src,cvl,0.9255
ende,15,0.01,weighted_cvq:mtme_KG-BERTScore-src,cvq,0.9265
ende,15,0.01,weighted_cvu:mtme_KG-BERTScore-src,cvu,0.926
ende,15,0.01,dedup_cvl:mtme_MATESE-QE-src,cvl,0.9205
ende,15,0.01,dedup_cvq:mtme_MATESE-QE-src,cvq,0.92
ende,15,0.01,dedup_cvu:mtme_MATESE-QE-src,cvu,0.92
ende,15,0.01,weighted_cvl:mtme_MATESE-QE-src,cvl,0.92
ende,15,0.01,weighted_cvq:mtme_MATESE-QE-src,cvq,0.921
ende,15,0.01,weighted_cvu:mtme_MATESE-QE-src,cvu,0.922
ende,15,0.01,dedup_cvl:mtme_MATESE-refA,cvl,0.92
ende,15,0.01,dedup_cvq:mtme_MATESE-refA,cvq,0.919
ende,15,0.01,dedup_cvu:mtme_MATESE-refA,cvu,0.919
ende,15,0.01,weighted_cvl:mtme_MATESE-refA,cvl,0.9245
ende,15,0.01,weighted_cvq:mtme_MATESE-refA,cvq,0.923
ende,15,0.01,weighted_cvu:mtme_MATESE-refA,cvu,0.926
ende,15,0.01,dedup_cvl:mtme_MEE-refA,cvl,0.9245
ende,15,0.01,dedup_cvq:mtme_MEE-refA,cvq,0.9205
ende,15,0.01,dedup_cvu:mtme_MEE-refA,cvu,0.9245
ende,15,0.01,weighted_cvl:mtme_MEE-refA,cvl,0.9265
ende,15,0.01,weighted_cvq:mtme_MEE-refA,cvq,0.922
ende,15,0.01,weighted_cvu:mtme_MEE-refA,cvu,0.9235
ende,15,0.01,dedup_cvl:mtme_MEE2-refA,cvl,0.923
ende,15,0.01,dedup_cvq:mtme_MEE2-refA,cvq,0.9215
ende,15,0.01,dedup_cvu:mtme_MEE2-refA,cvu,0.9225
ende,15,0.01,weighted_cvl:mtme_MEE2-refA,cvl,0.9225
ende,15,0.01,weighted_cvq:mtme_MEE2-refA,cvq,0.9205
ende,15,0.01,weighted_cvu:mtme_MEE2-refA,cvu,0.922
ende,15,0.01,dedup_cvl:mtme_MEE4-refA,cvl,0.921
ende,15,0.01,dedup_cvq:mtme_MEE4-refA,cvq,0.92
ende,15,0.01,dedup_cvu:mtme_MEE4-refA,cvu,0.92
ende,15,0.01,weighted_cvl:mtme_MEE4-refA,cvl,0.9215
ende,15,0.01,weighted_cvq:mtme_MEE4-refA,cvq,0.9225
ende,15,0.01,weighted_cvu:mtme_MEE4-refA,cvu,0.922
ende,15,0.01,dedup_cvl:mtme_MS-COMET-22-refA,cvl,0.9185
ende,15,0.01,dedup_cvq:mtme_MS-COMET-22-refA,cvq,0.9195
ende,15,0.01,dedup_cvu:mtme_MS-COMET-22-refA,cvu,0.92
ende,15,0.01,weighted_cvl:mtme_MS-COMET-22-refA,cvl,0.92
ende,15,0.01,weighted_cvq:mtme_MS-COMET-22-refA,cvq,0.925
ende,15,0.01,weighted_cvu:mtme_MS-COMET-22-refA,cvu,0.9235
ende,15,0.01,dedup_cvl:mtme_MS-COMET-QE-22-src,cvl,0.9185
ende,15,0.01,dedup_cvq:mtme_MS-COMET-QE-22-src,cvq,0.9195
ende,15,0.01,dedup_cvu:mtme_MS-COMET-QE-22-src,cvu,0.919
ende,15,0.01,weighted_cvl:mtme_MS-COMET-QE-22-src,cvl,0.9245
ende,15,0.01,weighted_cvq:mtme_MS-COMET-QE-22-src,cvq,0.9225
ende,15,0.01,weighted_cvu:mtme_MS-COMET-QE-22-src,cvu,0.925
ende,15,0.01,dedup_cvl:mtme_REUSE-src,cvl,0.918
ende,15,0.01,dedup_cvq:mtme_REUSE-src,cvq,0.919
ende,15,0.01,dedup_cvu:mtme_REUSE-src,cvu,0.919
ende,15,0.01,weighted_cvl:mtme_REUSE-src,cvl,0.919
ende,15,0.01,weighted_cvq:mtme_REUSE-src,cvq,0.9205
ende,15,0.01,weighted_cvu:mtme_REUSE-src,cvu,0.9205
ende,15,0.01,dedup_cvl:mtme_SEScore-refA,cvl,0.9175
ende,15,0.01,dedup_cvq:mtme_SEScore-refA,cvq,0.9145
ende,15,0.01,dedup_cvu:mtme_SEScore-refA,cvu,0.9155
ende,15,0.01,weighted_cvl:mtme_SEScore-refA,cvl,0.9245
ende,15,0.01,weighted_cvq:mtme_SEScore-refA,cvq,0.925
ende,15,0.01,weighted_cvu:mtme_SEScore-refA,cvu,0.925
ende,15,0.01,dedup_cvl:mtme_UniTE-ref-refA,cvl,0.9215
ende,15,0.01,dedup_cvq:mtme_UniTE-ref-refA,cvq,0.919
ende,15,0.01,dedup_cvu:mtme_UniTE-ref-refA,cvu,0.921
ende,15,0.01,weighted_cvl:mtme_UniTE-ref-refA,cvl,0.919
ende,15,0.01,weighted_cvq:mtme_UniTE-ref-refA,cvq,0.92
ende,15,0.01,weighted_cvu:mtme_UniTE-ref-refA,cvu,0.921
ende,15,0.01,dedup_cvl:mtme_UniTE-refA,cvl,0.915
ende,15,0.01,dedup_cvq:mtme_UniTE-refA,cvq,0.915
ende,15,0.01,dedup_cvu:mtme_UniTE-refA,cvu,0.916
ende,15,0.01,weighted_cvl:mtme_UniTE-refA,cvl,0.9195
ende,15,0.01,weighted_cvq:mtme_UniTE-refA,cvq,0.918
ende,15,0.01,weighted_cvu:mtme_UniTE-refA,cvu,0.92
ende,15,0.01,dedup_cvl:mtme_UniTE-src-src,cvl,0.918
ende,15,0.01,dedup_cvq:mtme_UniTE-src-src,cvq,0.917
ende,15,0.01,dedup_cvu:mtme_UniTE-src-src,cvu,0.9175
ende,15,0.01,weighted_cvl:mtme_UniTE-src-src,cvl,0.921
ende,15,0.01,weighted_cvq:mtme_UniTE-src-src,cvq,0.923
ende,15,0.01,weighted_cvu:mtme_UniTE-src-src,cvu,0.9225
ende,15,0.01,dedup_cvl:mtme_YiSi-1-refA,cvl,0.9255
ende,15,0.01,dedup_cvq:mtme_YiSi-1-refA,cvq,0.9225
ende,15,0.01,dedup_cvu:mtme_YiSi-1-refA,cvu,0.924
ende,15,0.01,weighted_cvl:mtme_YiSi-1-refA,cvl,0.9225
ende,15,0.01,weighted_cvq:mtme_YiSi-1-refA,cvq,0.921
ende,15,0.01,weighted_cvu:mtme_YiSi-1-refA,cvu,0.922
ende,15,0.01,dedup_cvl:mtme_chrF-refA,cvl,0.9175
ende,15,0.01,dedup_cvq:mtme_chrF-refA,cvq,0.9185
ende,15,0.01,dedup_cvu:mtme_chrF-refA,cvu,0.9195
ende,15,0.01,weighted_cvl:mtme_chrF-refA,cvl,0.9205
ende,15,0.01,weighted_cvq:mtme_chrF-refA,cvq,0.922
ende,15,0.01,weighted_cvu:mtme_chrF-refA,cvu,0.9225
ende,15,0.01,dedup_cvl:mtme_f101spBLEU-refA,cvl,0.9195
ende,15,0.01,dedup_cvq:mtme_f101spBLEU-refA,cvq,0.9195
ende,15,0.01,dedup_cvu:mtme_f101spBLEU-refA,cvu,0.9205
ende,15,0.01,weighted_cvl:mtme_f101spBLEU-refA,cvl,0.9175
ende,15,0.01,weighted_cvq:mtme_f101spBLEU-refA,cvq,0.918
ende,15,0.01,weighted_cvu:mtme_f101spBLEU-refA,cvu,0.917
ende,15,0.01,dedup_cvl:mtme_f200spBLEU-refA,cvl,0.92
ende,15,0.01,dedup_cvq:mtme_f200spBLEU-refA,cvq,0.9205
ende,15,0.01,dedup_cvu:mtme_f200spBLEU-refA,cvu,0.922
ende,15,0.01,weighted_cvl:mtme_f200spBLEU-refA,cvl,0.92
ende,15,0.01,weighted_cvq:mtme_f200spBLEU-refA,cvq,0.9195
ende,15,0.01,weighted_cvu:mtme_f200spBLEU-refA,cvu,0.9185
ende,15,0.01,dedup_cvl:mtme_metricx_xl_DA_2019-refA,cvl,0.907
ende,15,0.01,dedup_cvq:mtme_metricx_xl_DA_2019-refA,cvq,0.9075
ende,15,0.01,dedup_cvu:mtme_metricx_xl_DA_2019-refA,cvu,0.9075
ende,15,0.01,weighted_cvl:mtme_metricx_xl_DA_2019-refA,cvl,0.9145
ende,15,0.01,weighted_cvq:mtme_metricx_xl_DA_2019-refA,cvq,0.9155
ende,15,0.01,weighted_cvu:mtme_metricx_xl_DA_2019-refA,cvu,0.9155
ende,15,0.01,dedup_cvl:mtme_metricx_xl_MQM_2020-refA,cvl,0.9115
ende,15,0.01,dedup_cvq:mtme_metricx_xl_MQM_2020-refA,cvq,0.909
ende,15,0.01,dedup_cvu:mtme_metricx_xl_MQM_2020-refA,cvu,0.9135
ende,15,0.01,weighted_cvl:mtme_metricx_xl_MQM_2020-refA,cvl,0.917
ende,15,0.01,weighted_cvq:mtme_metricx_xl_MQM_2020-refA,cvq,0.915
ende,15,0.01,weighted_cvu:mtme_metricx_xl_MQM_2020-refA,cvu,0.917
ende,15,0.01,dedup_cvl:mtme_metricx_xxl_DA_2019-refA,cvl,0.9165
ende,15,0.01,dedup_cvq:mtme_metricx_xxl_DA_2019-refA,cvq,0.918
ende,15,0.01,dedup_cvu:mtme_metricx_xxl_DA_2019-refA,cvu,0.9155
ende,15,0.01,weighted_cvl:mtme_metricx_xxl_DA_2019-refA,cvl,0.916
ende,15,0.01,weighted_cvq:mtme_metricx_xxl_DA_2019-refA,cvq,0.921
ende,15,0.01,weighted_cvu:mtme_metricx_xxl_DA_2019-refA,cvu,0.9165
ende,15,0.01,dedup_cvl:mtme_metricx_xxl_MQM_2020-refA,cvl,0.9095
ende,15,0.01,dedup_cvq:mtme_metricx_xxl_MQM_2020-refA,cvq,0.9095
ende,15,0.01,dedup_cvu:mtme_metricx_xxl_MQM_2020-refA,cvu,0.909
ende,15,0.01,weighted_cvl:mtme_metricx_xxl_MQM_2020-refA,cvl,0.913
ende,15,0.01,weighted_cvq:mtme_metricx_xxl_MQM_2020-refA,cvq,0.914
ende,15,0.01,weighted_cvu:mtme_metricx_xxl_MQM_2020-refA,cvu,0.913
ende,15,0.01,weighted_cvo:mtme_BERTScore-refA,cvo,0.9215
ende,15,0.01,weighted_cvo:mtme_BLEU-refA,cvo,0.92
ende,15,0.01,weighted_cvo:mtme_BLEURT-20-refA,cvo,0.923
ende,15,0.01,weighted_cvo:mtme_COMET-20-refA,cvo,0.9225
ende,15,0.01,weighted_cvo:mtme_COMET-22-refA,cvo,0.922
ende,15,0.01,weighted_cvo:mtme_COMET-QE-src,cvo,0.919
ende,15,0.01,weighted_cvo:mtme_COMETKiwi-src,cvo,0.9225
ende,15,0.01,weighted_cvo:mtme_Cross-QE-src,cvo,0.92
ende,15,0.01,weighted_cvo:mtme_HWTSC-TLM-src,cvo,0.924
ende,15,0.01,weighted_cvo:mtme_HWTSC-Teacher-Sim-src,cvo,0.922
ende,15,0.01,weighted_cvo:mtme_KG-BERTScore-src,cvo,0.922
ende,15,0.01,weighted_cvo:mtme_MATESE-QE-src,cvo,0.918
ende,15,0.01,weighted_cvo:mtme_MATESE-refA,cvo,0.924
ende,15,0.01,weighted_cvo:mtme_MEE-refA,cvo,0.921
ende,15,0.01,weighted_cvo:mtme_MEE2-refA,cvo,0.92
ende,15,0.01,weighted_cvo:mtme_MEE4-refA,cvo,0.9205
ende,15,0.01,weighted_cvo:mtme_MS-COMET-22-refA,cvo,0.919
ende,15,0.01,weighted_cvo:mtme_MS-COMET-QE-22-src,cvo,0.9205
ende,15,0.01,weighted_cvo:mtme_REUSE-src,cvo,0.9225
ende,15,0.01,weighted_cvo:mtme_SEScore-refA,cvo,0.9215
ende,15,0.01,weighted_cvo:mtme_UniTE-ref-refA,cvo,0.9215
ende,15,0.01,weighted_cvo:mtme_UniTE-refA,cvo,0.9205
ende,15,0.01,weighted_cvo:mtme_UniTE-src-src,cvo,0.926
ende,15,0.01,weighted_cvo:mtme_YiSi-1-refA,cvo,0.9215
ende,15,0.01,weighted_cvo:mtme_chrF-refA,cvo,0.922
ende,15,0.01,weighted_cvo:mtme_f101spBLEU-refA,cvo,0.919
ende,15,0.01,weighted_cvo:mtme_f200spBLEU-refA,cvo,0.921
ende,15,0.01,weighted_cvo:mtme_metricx_xl_DA_2019-refA,cvo,0.9185
ende,15,0.01,weighted_cvo:mtme_metricx_xl_MQM_2020-refA,cvo,0.914
ende,15,0.01,weighted_cvo:mtme_metricx_xxl_DA_2019-refA,cvo,0.921
ende,15,0.01,weighted_cvo:mtme_metricx_xxl_MQM_2020-refA,cvo,0.9195
ende,15,0.02,uniform,human,0.9205
ende,15,0.02,dedup,human,0.919
ende,15,0.02,weighted,human,0.9225
ende,15,0.02,dedup_cvl:mtme_BERTScore-refA,cvl,0.9195
ende,15,0.02,dedup_cvq:mtme_BERTScore-refA,cvq,0.92
ende,15,0.02,dedup_cvu:mtme_BERTScore-refA,cvu,0.9195
ende,15,0.02,weighted_cvl:mtme_BERTScore-refA,cvl,0.9215
ende,15,0.02,weighted_cvq:mtme_BERTScore-refA,cvq,0.921
ende,15,0.02,weighted_cvu:mtme_BERTScore-refA,cvu,0.9205
ende,15,0.02,dedup_cvl:mtme_BLEU-refA,cvl,0.9215
ende,15,0.02,dedup_cvq:mtme_BLEU-refA,cvq,0.921
ende,15,0.02,dedup_cvu:mtme_BLEU-refA,cvu,0.923
ende,15,0.02,weighted_cvl:mtme_BLEU-refA,cvl,0.918
ende,15,0.02,weighted_cvq:mtme_BLEU-refA,cvq,0.9185
ende,15,0.02,weighted_cvu:mtme_BLEU-refA,cvu,0.9195
ende,15,0.02,dedup_cvl:mtme_BLEURT-20-refA,cvl,0.9245
ende,15,0.02,dedup_cvq:mtme_BLEURT-20-refA,cvq,0.9255
ende,15,0.02,dedup_cvu:mtme_BLEURT-20-refA,cvu,0.926
ende,15,0.02,weighted_cvl:mtme_BLEURT-20-refA,cvl,0.919
ende,15,0.02,weighted_cvq:mtme_BLEURT-20-refA,cvq,0.922
ende,15,0.02,weighted_cvu:mtme_BLEURT-20-refA,cvu,0.9195
ende,15,0.02,dedup_cvl:mtme_COMET-20-refA,cvl,0.9195
ende,15,0.02,dedup_cvq:mtme_COMET-20-refA,cvq,0.9215
ende,15,0.02,dedup_cvu:mtme_COMET-20-refA,cvu,0.9185
ende,15,0.02,weighted_cvl:mtme_COMET-20-refA,cvl,0.927
ende,15,0.02,weighted_cvq:mtme_COMET-20-refA,cvq,0.9275
ende,15,0.02,weighted_cvu:mtme_COMET-20-refA,cvu,0.9285
ende,15,0.02,dedup_cvl:mtme_COMET-22-refA,cvl,0.9155
ende,15,0.02,dedup_cvq:mtme_COMET-22-refA,cvq,0.9165
ende,15,0.02,dedup_cvu:mtme_COMET-22-refA,cvu,0.9145
ende,15,0.02,weighted_cvl:mtme_COMET-22-refA,cvl,0.9225
ende,15,0.02,weighted_cvq:mtme_COMET-22-refA,cvq,0.919
ende,15,0.02,weighted_cvu:mtme_COMET-22-refA,cvu,0.9195
ende,15,0.02,dedup_cvl:mtme_COMET-QE-src,cvl,0.92
ende,15,0.02,dedup_cvq:mtme_COMET-QE-src,cvq,0.9185
ende,15,0.02,dedup_cvu:mtme_COMET-QE-src,cvu,0.9185
ende,15,0.02,weighted_cvl:mtme_COMET-QE-src,cvl,0.918
ende,15,0.02,weighted_cvq:mtme_COMET-QE-src,cvq,0.9185
ende,15,0.02,weighted_cvu:mtme_COMET-QE-src,cvu,0.9205
ende,15,0.02,dedup_cvl:mtme_COMETKiwi-src,cvl,0.915
ende,15,0.02,dedup_cvq:mtme_COMETKiwi-src,cvq,0.9135
ende,15,0.02,dedup_cvu:mtme_COMETKiwi-src,cvu,0.914
ende,15,0.02,weighted_cvl:mtme_COMETKiwi-src,cvl,0.921
ende,15,0.02,weighted_cvq:mtme_COMETKiwi-src,cvq,0.919
ende,15,0.02,weighted_cvu:mtme_COMETKiwi-src,cvu,0.9195
ende,15,0.02,dedup_cvl:mtme_Cross-QE-src,cvl,0.9195
ende,15,0.02,dedup_cvq:mtme_Cross-QE-src,cvq,0.9205
ende,15,0.02,dedup_cvu:mtme_Cross-QE-src,cvu,0.918
ende,15,0.02,weighted_cvl:mtme_Cross-QE-src,cvl,0.926
ende,15,0.02,weighted_cvq:mtme_Cross-QE-src,cvq,0.923
ende,15,0.02,weighted_cvu:mtme_Cross-QE-src,cvu,0.924
ende,15,0.02,dedup_cvl:mtme_HWTSC-TLM-src,cvl,0.917
ende,15,0.02,dedup_cvq:mtme_HWTSC-TLM-src,cvq,0.9165
ende,15,0.02,dedup_cvu:mtme_HWTSC-TLM-src,cvu,0.9175
ende,15,0.02,weighted_cvl:mtme_HWTSC-TLM-src,cvl,0.923
ende,15,0.02,weighted_cvq:mtme_HWTSC-TLM-src,cvq,0.919
ende,15,0.02,weighted_cvu:mtme_HWTSC-TLM-src,cvu,0.923
ende,15,0.02,dedup_cvl:mtme_HWTSC-Teacher-Sim-src,cvl,0.918
ende,15,0.02,dedup_cvq:mtme_HWTSC-Teacher-Sim-src,cvq,0.9195
ende,15,0.02,dedup_cvu:mtme_HWTSC-Teacher-Sim-src,cvu,0.9165
ende,15,0.02,weighted_cvl:mtme_HWTSC-Teacher-Sim-src,cvl,0.926
ende,15,0.02,weighted_cvq:mtme_HWTSC-Teacher-Sim-src,cvq,0.926
ende,15,0.02,weighted_cvu:mtme_HWTSC-Teacher-Sim-src,cvu,0.9265
ende,15,0.02,dedup_cvl:mtme_KG-BERTScore-src,cvl,0.919
ende,15,0.02,dedup_cvq:mtme_KG-BERTScore-src,cvq,0.9175
ende,15,0.02,dedup_cvu:mtme_KG-BERTScore-src,cvu,0.9185
ende,15,0.02,weighted_cvl:mtme_KG-BERTScore-src,cvl,0.9255
ende,15,0.02,weighted_cvq:mtme_KG-BERTScore-src,cvq,0.9265
ende,15,0.02,weighted_cvu:mtme_KG-BERTScore-src,cvu,0.926
ende,15,0.02,dedup_cvl:mtme_MATESE-QE-src,cvl,0.9205
ende,15,0.02,dedup_cvq:mtme_MATESE-QE-src,cvq,0.92
ende,15,0.02,dedup_cvu:mtme_MATESE-QE-src,cvu,0.92
ende,15,0.02,weighted_cvl:mtme_MATESE-QE-src,cvl,0.92
ende,15,0.02,weighted_cvq:mtme_MATESE-QE-src,cvq,0.921
ende,15,0.02,weighted_cvu:mtme_MATESE-QE-src,cvu,0.922
ende,15,0.02,dedup_cvl:mtme_MATESE-refA,cvl,0.92
ende,15,0.02,dedup_cvq:mtme_MATESE-refA,cvq,0.919
ende,15,0.02,dedup_cvu:mtme_MATESE-refA,cvu,0.919
ende,15,0.02,weighted_cvl:mtme_MATESE-refA,cvl,0.9245
ende,15,0.02,weighted_cvq:mtme_MATESE-refA,cvq,0.923
ende,15,0.02,weighted_cvu:mtme_MATESE-refA,cvu,0.926
ende,15,0.02,dedup_cvl:mtme_MEE-refA,cvl,0.9245
ende,15,0.02,dedup_cvq:mtme_MEE-refA,cvq,0.9205
ende,15,0.02,dedup_cvu:mtme_MEE-refA,cvu,0.9245
ende,15,0.02,weighted_cvl:mtme_MEE-refA,cvl,0.9265
ende,15,0.02,weighted_cvq:mtme_MEE-refA,cvq,0.922
ende,15,0.02,weighted_cvu:mtme_MEE-refA,cvu,0.9235
ende,15,0.02,dedup_cvl:mtme_MEE2-refA,cvl,0.923
ende,15,0.02,dedup_cvq:mtme_MEE2-refA,cvq,0.9215
ende,15,0.02,dedup_cvu:mtme_MEE2-refA,cvu,0.9225
ende,15,0.02,weighted_cvl:mtme_MEE2-refA,cvl,0.9225
ende,15,0.02,weighted_cvq:mtme_MEE2-refA,cvq,0.9205
ende,15,0.02,weighted_cvu:mtme_MEE2-refA,cvu,0.922
ende,15,0.02,dedup_cvl:mtme_MEE4-refA,cvl,0.921
ende,15,0.02,dedup_cvq:mtme_MEE4-refA,cvq,0.92
ende,15,0.02,dedup_cvu:mtme_MEE4-refA,cvu,0.92
ende,15,0.02,weighted_cvl:mtme_MEE4-refA,cvl,0.9215
ende,15,0.02,weighted_cvq:mtme_MEE4-refA,cvq,0.9225
ende,15,0.02,weighted_cvu:mtme_MEE4-refA,cvu,0.922
ende,15,0.02,dedup_cvl:mtme_MS-COMET-22-refA,cvl,0.9185
ende,15,0.02,dedup_cvq:mtme_MS-COMET-22-refA,cvq,0.9195
ende,15,0.02,dedup_cvu:mtme_MS-COMET-22-refA,cvu,0.92
ende,15,0.02,weighted_cvl:mtme_MS-COMET-22-refA,cvl,0.92
ende,15,0.02,weighted_cvq:mtme_MS-COMET-22-refA,cvq,0.925
ende,15,0.02,weighted_cvu:mtme_MS-COMET-22-refA,cvu,0.9235
ende,15,0.02,dedup_cvl:mtme_MS-COMET-QE-22-src,cvl,0.9185
ende,15,0.02,dedup_cvq:mtme_MS-COMET-QE-22-src,cvq,0.9195
ende,15,0.02,dedup_cvu:mtme_MS-COMET-QE-22-src,cvu,0.919
ende,15,0.02,weighted_cvl:mtme_MS-COMET-QE-22-src,cvl,0.9245
ende,15,0.02,weighted_cvq:mtme_MS-COMET-QE-22-src,cvq,0.9225
ende,15,0.02,weighted_cvu:mtme_MS-COMET-QE-22-src,cvu,0.925
ende,15,0.02,dedup_cvl:mtme_REUSE-src,cvl,0.918
ende,15,0.02,dedup_cvq:mtme_REUSE-src,cvq,0.919
ende,15,0.02,dedup_cvu:mtme_REUSE-src,cvu,0.919
ende,15,0.02,weighted_cvl:mtme_REUSE-src,cvl,0.919
ende,15,0.02,weighted_cvq:mtme_REUSE-src,cvq,0.9205
ende,15,0.02,weighted_cvu:mtme_REUSE-src,cvu,0.9205
ende,15,0.02,dedup_cvl:mtme_SEScore-refA,cvl,0.9175
ende,15,0.02,dedup_cvq:mtme_SEScore-refA,cvq,0.9145
ende,15,0.02,dedup_cvu:mtme_SEScore-refA,cvu,0.9155
ende,15,0.02,weighted_cvl:mtme_SEScore-refA,cvl,0.9245
ende,15,0.02,weighted_cvq:mtme_SEScore-refA,cvq,0.925
ende,15,0.02,weighted_cvu:mtme_SEScore-refA,cvu,0.925
ende,15,0.02,dedup_cvl:mtme_UniTE-ref-refA,cvl,0.9215
ende,15,0.02,dedup_cvq:mtme_UniTE-ref-refA,cvq,0.919
ende,15,0.02,dedup_cvu:mtme_UniTE-ref-refA,cvu,0.921
ende,15,0.02,weighted_cvl:mtme_UniTE-ref-refA,cvl,0.919
ende,15,0.02,weighted_cvq:mtme_UniTE-ref-refA,cvq,0.92
ende,15,0.02,weighted_cvu:mtme_UniTE-ref-refA,cvu,0.921
ende,15,0.02,dedup_cvl:mtme_UniTE-refA,cvl,0.915
ende,15,0.02,dedup_cvq:mtme_UniTE-refA,cvq,0.915
ende,15,0.02,dedup_cvu:mtme_UniTE-refA,cvu,0.916
ende,15,0.02,weighted_cvl:mtme_UniTE-refA,cvl,0.9195
ende,15,0.02,weighted_cvq:mtme_UniTE-refA,cvq,0.918
ende,15,0.02,weighted_cvu:mtme_UniTE-refA,cvu,0.92
ende,15,0.02,dedup_cvl:mtme_UniTE-src-src,cvl,0.918
ende,15,0.02,dedup_cvq:mtme_UniTE-src-src,cvq,0.917
ende,15,0.02,dedup_cvu:mtme_UniTE-src-src,cvu,0.9175
ende,15,0.02,weighted_cvl:mtme_UniTE-src-src,cvl,0.921
ende,15,0.02,weighted_cvq:mtme_UniTE-src-src,cvq,0.923
ende,15,0.02,weighted_cvu:mtme_UniTE-src-src,cvu,0.9225
ende,15,0.02,dedup_cvl:mtme_YiSi-1-refA,cvl,0.9255
ende,15,0.02,dedup_cvq:mtme_YiSi-1-refA,cvq,0.9225
ende,15,0.02,dedup_cvu:mtme_YiSi-1-refA,cvu,0.924
ende,15,0.02,weighted_cvl:mtme_YiSi-1-refA,cvl,0.9225
ende,15,0.02,weighted_cvq:mtme_YiSi-1-refA,cvq,0.921
ende,15,0.02,weighted_cvu:mtme_YiSi-1-refA,cvu,0.922
ende,15,0.02,dedup_cvl:mtme_chrF-refA,cvl,0.9175
ende,15,0.02,dedup_cvq:mtme_chrF-refA,cvq,0.9185
ende,15,0.02,dedup_cvu:mtme_chrF-refA,cvu,0.9195
ende,15,0.02,weighted_cvl:mtme_chrF-refA,cvl,0.9205
ende,15,0.02,weighted_cvq:mtme_chrF-refA,cvq,0.922
ende,15,0.02,weighted_cvu:mtme_chrF-refA,cvu,0.9225
ende,15,0.02,dedup_cvl:mtme_f101spBLEU-refA,cvl,0.9195
ende,15,0.02,dedup_cvq:mtme_f101spBLEU-refA,cvq,0.9195
ende,15,0.02,dedup_cvu:mtme_f101spBLEU-refA,cvu,0.9205
ende,15,0.02,weighted_cvl:mtme_f101spBLEU-refA,cvl,0.9175
ende,15,0.02,weighted_cvq:mtme_f101spBLEU-refA,cvq,0.918
ende,15,0.02,weighted_cvu:mtme_f101spBLEU-refA,cvu,0.917
ende,15,0.02,dedup_cvl:mtme_f200spBLEU-refA,cvl,0.92
ende,15,0.02,dedup_cvq:mtme_f200spBLEU-refA,cvq,0.9205
ende,15,0.02,dedup_cvu:mtme_f200spBLEU-refA,cvu,0.922
ende,15,0.02,weighted_cvl:mtme_f200spBLEU-refA,cvl,0.92
ende,15,0.02,weighted_cvq:mtme_f200spBLEU-refA,cvq,0.9195
ende,15,0.02,weighted_cvu:mtme_f200spBLEU-refA,cvu,0.9185
ende,15,0.02,dedup_cvl:mtme_metricx_xl_DA_2019-refA,cvl,0.907
ende,15,0.02,dedup_cvq:mtme_metricx_xl_DA_2019-refA,cvq,0.9075
ende,15,0.02,dedup_cvu:mtme_metricx_xl_DA_2019-refA,cvu,0.9075
ende,15,0.02,weighted_cvl:mtme_metricx_xl_DA_2019-refA,cvl,0.9145
ende,15,0.02,weighted_cvq:mtme_metricx_xl_DA_2019-refA,cvq,0.9155
ende,15,0.02,weighted_cvu:mtme_metricx_xl_DA_2019-refA,cvu,0.9155
ende,15,0.02,dedup_cvl:mtme_metricx_xl_MQM_2020-refA,cvl,0.9115
ende,15,0.02,dedup_cvq:mtme_metricx_xl_MQM_2020-refA,cvq,0.909
ende,15,0.02,dedup_cvu:mtme_metricx_xl_MQM_2020-refA,cvu,0.9135
ende,15,0.02,weighted_cvl:mtme_metricx_xl_MQM_2020-refA,cvl,0.917
ende,15,0.02,weighted_cvq:mtme_metricx_xl_MQM_2020-refA,cvq,0.915
ende,15,0.02,weighted_cvu:mtme_metricx_xl_MQM_2020-refA,cvu,0.917
ende,15,0.02,dedup_cvl:mtme_metricx_xxl_DA_2019-refA,cvl,0.9165
ende,15,0.02,dedup_cvq:mtme_metricx_xxl_DA_2019-refA,cvq,0.918
ende,15,0.02,dedup_cvu:mtme_metricx_xxl_DA_2019-refA,cvu,0.9155
ende,15,0.02,weighted_cvl:mtme_metricx_xxl_DA_2019-refA,cvl,0.916
ende,15,0.02,weighted_cvq:mtme_metricx_xxl_DA_2019-refA,cvq,0.921
ende,15,0.02,weighted_cvu:mtme_metricx_xxl_DA_2019-refA,cvu,0.9165
ende,15,0.02,dedup_cvl:mtme_metricx_xxl_MQM_2020-refA,cvl,0.9095
ende,15,0.02,dedup_cvq:mtme_metricx_xxl_MQM_2020-refA,cvq,0.9095
ende,15,0.02,dedup_cvu:mtme_metricx_xxl_MQM_2020-refA,cvu,0.909
ende,15,0.02,weighted_cvl:mtme_metricx_xxl_MQM_2020-refA,cvl,0.913
ende,15,0.02,weighted_cvq:mtme_metricx_xxl_MQM_2020-refA,cvq,0.914
ende,15,0.02,weighted_cvu:mtme_metricx_xxl_MQM_2020-refA,cvu,0.913
ende,15,0.02,weighted_cvo:mtme_BERTScore-refA,cvo,0.9215
ende,15,0.02,weighted_cvo:mtme_BLEU-refA,cvo,0.92
ende,15,0.02,weighted_cvo:mtme_BLEURT-20-refA,cvo,0.923
ende,15,0.02,weighted_cvo:mtme_COMET-20-refA,cvo,0.9225
ende,15,0.02,weighted_cvo:mtme_COMET-22-refA,cvo,0.922
ende,15,0.02,weighted_cvo:mtme_COMET-QE-src,cvo,0.919
ende,15,0.02,weighted_cvo:mtme_COMETKiwi-src,cvo,0.9225
ende,15,0.02,weighted_cvo:mtme_Cross-QE-src,cvo,0.92
ende,15,0.02,weighted_cvo:mtme_HWTSC-TLM-src,cvo,0.924
ende,15,0.02,weighted_cvo:mtme_HWTSC-Teacher-Sim-src,cvo,0.922
ende,15,0.02,weighted_cvo:mtme_KG-BERTScore-src,cvo,0.922
ende,15,0.02,weighted_cvo:mtme_MATESE-QE-src,cvo,0.918
ende,15,0.02,weighted_cvo:mtme_MATESE-refA,cvo,0.924
ende,15,0.02,weighted_cvo:mtme_MEE-refA,cvo,0.921
ende,15,0.02,weighted_cvo:mtme_MEE2-refA,cvo,0.92
ende,15,0.02,weighted_cvo:mtme_MEE4-refA,cvo,0.9205
ende,15,0.02,weighted_cvo:mtme_MS-COMET-22-refA,cvo,0.919
ende,15,0.02,weighted_cvo:mtme_MS-COMET-QE-22-src,cvo,0.9205
ende,15,0.02,weighted_cvo:mtme_REUSE-src,cvo,0.9225
ende,15,0.02,weighted_cvo:mtme_SEScore-refA,cvo,0.9215
ende,15,0.02,weighted_cvo:mtme_UniTE-ref-refA,cvo,0.9215
ende,15,0.02,weighted_cvo:mtme_UniTE-refA,cvo,0.9205
ende,15,0.02,weighted_cvo:mtme_UniTE-src-src,cvo,0.926
ende,15,0.02,weighted_cvo:mtme_YiSi-1-refA,cvo,0.9215
ende,15,0.02,weighted_cvo:mtme_chrF-refA,cvo,0.922
ende,15,0.02,weighted_cvo:mtme_f101spBLEU-refA,cvo,0.919
ende,15,0.02,weighted_cvo:mtme_f200spBLEU-refA,cvo,0.921
ende,15,0.02,weighted_cvo:mtme_metricx_xl_DA_2019-refA,cvo,0.9185
ende,15,0.02,weighted_cvo:mtme_metricx_xl_MQM_2020-refA,cvo,0.914
ende,15,0.02,weighted_cvo:mtme_metricx_xxl_DA_2019-refA,cvo,0.921
ende,15,0.02,weighted_cvo:mtme_metricx_xxl_MQM_2020-refA,cvo,0.9195
ende,23,0.01,uniform,human,0.899
ende,23,0.01,dedup,human,0.891
ende,23,0.01,weighted,human,0.897
ende,23,0.01,dedup_cvl:mtme_BERTScore-refA,cvl,0.8925
ende,23,0.01,dedup_cvq:mtme_BERTScore-refA,cvq,0.89
ende,23,0.01,dedup_cvu:mtme_BERTScore-refA,cvu,0.892
ende,23,0.01,weighted_cvl:mtme_BERTScore-refA,cvl,0.8925
ende,23,0.01,weighted_cvq:mtme_BERTScore-refA,cvq,0.8975
ende,23,0.01,weighted_cvu:mtme_BERTScore-refA,cvu,0.8935
ende,23,0.01,dedup_cvl:mtme_BLEU-refA,cvl,0.8925
ende,23,0.01,dedup_cvq:mtme_BLEU-refA,cvq,0.89
ende,23,0.01,dedup_cvu:mtme_BLEU-refA,cvu,0.8925
ende,23,0.01,weighted_cvl:mtme_BLEU-refA,cvl,0.897
ende,23,0.01,weighted_cvq:mtme_BLEU-refA,cvq,0.881
ende,23,0.01,weighted_cvu:mtme_BLEU-refA,cvu,0.897
ende,23,0.01,dedup_cvl:mtme_BLEURT-20-refA,cvl,0.8865
ende,23,0.01,dedup_cvq:mtme_BLEURT-20-refA,cvq,0.88
ende,23,0.01,dedup_cvu:mtme_BLEURT-20-refA,cvu,0.8875
ende,23,0.01,weighted_cvl:mtme_BLEURT-20-refA,cvl,0.8955
ende,23,0.01,weighted_cvq:mtme_BLEURT-20-refA,cvq,0.892
ende,23,0.01,weighted_cvu:mtme_BLEURT-20-refA,cvu,0.894
ende,23,0.01,dedup_cvl:mtme_COMET-20-refA,cvl,0.8895
ende,23,0.01,dedup_cvq:mtme_COMET-20-refA,cvq,0.88
ende,23,0.01,dedup_cvu:mtme_COMET-20-refA,cvu,0.891
ende,23,0.01,weighted_cvl:mtme_COMET-20-refA,cvl,0.8945
ende,23,0.01,weighted_cvq:mtme_COMET-20-refA,cvq,0.8875
ende,23,0.01,weighted_cvu:mtme_COMET-20-refA,cvu,0.8935
ende,23,0.01,dedup_cvl:mtme_COMET-22-refA,cvl,0.8795
ende,23,0.01,dedup_cvq:mtme_COMET-22-refA,cvq,0.879
ende,23,0.01,dedup_cvu:mtme_COMET-22-refA,cvu,0.884
ende,23,0.01,weighted_cvl:mtme_COMET-22-refA,cvl,0.89
ende,23,0.01,weighted_cvq:mtme_COMET-22-refA,cvq,0.8715
ende,23,0.01,weighted_cvu:mtme_COMET-22-refA,cvu,0.8885
ende,23,0.01,dedup_cvl:mtme_COMET-QE-src,cvl,0.888
ende,23,0.01,dedup_cvq:mtme_COMET-QE-src,cvq,0.8885
ende,23,0.01,dedup_cvu:mtme_COMET-QE-src,cvu,0.89
ende,23,0.01,weighted_cvl:mtme_COMET-QE-src,cvl,0.896
ende,23,0.01,weighted_cvq:mtme_COMET-QE-src,cvq,0.89
ende,23,0.01,weighted_cvu:mtme_COMET-QE-src,cvu,0.8925
ende,23,0.01,dedup_cvl:mtme_COMETKiwi-src,cvl,0.884
ende,23,0.01,dedup_cvq:mtme_COMETKiwi-src,cvq,0.8815
ende,23,0.01,dedup_cvu:mtme_COMETKiwi-src,cvu,0.884
ende,23,0.01,weighted_cvl:mtme_COMETKiwi-src,cvl,0.89
ende,23,0.01,weighted_cvq:mtme_COMETKiwi-src,cvq,0.8835
ende,23,0.01,weighted_cvu:mtme_COMETKiwi-src,cvu,0.8855
ende,23,0.01,dedup_cvl:mtme_Cross-QE-src,cvl,0.887
ende,23,0.01,dedup_cvq:mtme_Cross-QE-src,cvq,0.8845
ende,23,0.01,dedup_cvu:mtme_Cross-QE-src,cvu,0.8875
ende,23,0.01,weighted_cvl:mtme_Cross-QE-src,cvl,0.894
ende,23,0.01,weighted_cvq:mtme_Cross-QE-src,cvq,0.8885
ende,23,0.01,weighted_cvu:mtme_Cross-QE-src,cvu,0.89
ende,23,0.01,dedup_cvl:mtme_HWTSC-TLM-src,cvl,0.9
ende,23,0.01,dedup_cvq:mtme_HWTSC-TLM-src,cvq,0.892
ende,23,0.01,dedup_cvu:mtme_HWTSC-TLM-src,cvu,0.8955
ende,23,0.01,weighted_cvl:mtme_HWTSC-TLM-src,cvl,0.903
ende,23,0.01,weighted_cvq:mtme_HWTSC-TLM-src,cvq,0.898
ende,23,0.01,weighted_cvu:mtme_HWTSC-TLM-src,cvu,0.9015
ende,23,0.01,dedup_cvl:mtme_HWTSC-Teacher-Sim-src,cvl,0.894
ende,23,0.01,dedup_cvq:mtme_HWTSC-Teacher-Sim-src,cvq,0.893
ende,23,0.01,dedup_cvu:mtme_HWTSC-Teacher-Sim-src,cvu,0.894
ende,23,0.01,weighted_cvl:mtme_HWTSC-Teacher-Sim-src,cvl,0.896
ende,23,0.01,weighted_cvq:mtme_HWTSC-Teacher-Sim-src,cvq,0.8955
ende,23,0.01,weighted_cvu:mtme_HWTSC-Teacher-Sim-src,cvu,0.8975
ende,23,0.01,dedup_cvl:mtme_KG-BERTScore-src,cvl,0.891
ende,23,0.01,dedup_cvq:mtme_KG-BERTScore-src,cvq,0.8945
ende,23,0.01,dedup_cvu:mtme_KG-BERTScore-src,cvu,0.8955
ende,23,0.01,weighted_cvl:mtme_KG-BERTScore-src,cvl,0.89
ende,23,0.01,weighted_cvq:mtme_KG-BERTScore-src,cvq,0.8955
ende,23,0.01,weighted_cvu:mtme_KG-BERTScore-src,cvu,0.899
ende,23,0.01,dedup_cvl:mtme_MATESE-QE-src,cvl,0.885
ende,23,0.01,dedup_cvq:mtme_MATESE-QE-src,cvq,0.879
ende,23,0.01,dedup_cvu:mtme_MATESE-QE-src,cvu,0.883
ende,23,0.01,weighted_cvl:mtme_MATESE-QE-src,cvl,0.8885
ende,23,0.01,weighted_cvq:mtme_MATESE-QE-src,cvq,0.8815
ende,23,0.01,weighted_cvu:mtme_MATESE-QE-src,cvu,0.889
ende,23,0.01,dedup_cvl:mtme_MATESE-refA,cvl,0.885
ende,23,0.01,dedup_cvq:mtme_MATESE-refA,cvq,0.883
ende,23,0.01,dedup_cvu:mtme_MATESE-refA,cvu,0.8885
ende,23,0.01,weighted_cvl:mtme_MATESE-refA,cvl,0.8985
ende,23,0.01,weighted_cvq:mtme_MATESE-refA,cvq,0.883
ende,23,0.01,weighted_cvu:mtme_MATESE-refA,cvu,0.895
ende,23,0.01,dedup_cvl:mtme_MEE-refA,cvl,0.8965
ende,23,0.01,dedup_cvq:mtme_MEE-refA,cvq,0.887
ende,23,0.01,dedup_cvu:mtme_MEE-refA,cvu,0.8955
ende,23,0.01,weighted_cvl:mtme_MEE-refA,cvl,0.8965
ende,23,0.01,weighted_cvq:mtme_MEE-refA,cvq,0.893
ende,23,0.01,weighted_cvu:mtme_MEE-refA,cvu,0.8945
ende,23,0.01,dedup_cvl:mtme_MEE2-refA,cvl,0.8905
ende,23,0.01,dedup_cvq:mtme_MEE2-refA,cvq,0.8845
ende,23,0.01,dedup_cvu:mtme_MEE2-refA,cvu,0.89
ende,23,0.01,weighted_cvl:mtme_MEE2-refA,cvl,0.891
ende,23,0.01,weighted_cvq:mtme_MEE2-refA,cvq,0.8845
ende,23,0.01,weighted_cvu:mtme_MEE2-refA,cvu,0.8935
ende,23,0.01,dedup_cvl:mtme_MEE4-refA,cvl,0.888
ende,23,0.01,dedup_cvq:mtme_MEE4-refA,cvq,0.884
ende,23,0.01,dedup_cvu:mtme_MEE4-refA,cvu,0.8895
ende,23,0.01,weighted_cvl:mtme_MEE4-refA,cvl,0.894
ende,23,0.01,weighted_cvq:mtme_MEE4-refA,cvq,0.8915
ende,23,0.01,weighted_cvu:mtme_MEE4-refA,cvu,0.892
ende,23,0.01,dedup_cvl:mtme_MS-COMET-22-refA,cvl,0.8945
ende,23,0.01,dedup_cvq:mtme_MS-COMET-22-refA,cvq,0.8835
ende,23,0.01,dedup_cvu:mtme_MS-COMET-22-refA,cvu,0.8885
ende,23,0.01,weighted_cvl:mtme_MS-COMET-22-refA,cvl,0.8905
ende,23,0.01,weighted_cvq:mtme_MS-COMET-22-refA,cvq,0.8885
ende,23,0.01,weighted_cvu:mtme_MS-COMET-22-refA,cvu,0.894
ende,23,0.01,dedup_cvl:mtme_MS-COMET-QE-22-src,cvl,0.8925
ende,23,0.01,dedup_cvq:mtme_MS-COMET-QE-22-src,cvq,0.8885
ende,23,0.01,dedup_cvu:mtme_MS-COMET-QE-22-src,cvu,0.888
ende,23,0.01,weighted_cvl:mtme_MS-COMET-QE-22-src,cvl,0.901
ende,23,0.01,weighted_cvq:mtme_MS-COMET-QE-22-src,cvq,0.894
ende,23,0.01,weighted_cvu:mtme_MS-COMET-QE-22-src,cvu,0.8945
ende,23,0.01,dedup_cvl:mtme_REUSE-src,cvl,0.893
ende,23,0.01,dedup_cvq:mtme_REUSE-src,cvq,0.892
ende,23,0.01,dedup_cvu:mtme_REUSE-src,cvu,0.895
ende,23,0.01,weighted_cvl:mtme_REUSE-src,cvl,0.896
ende,23,0.01,weighted_cvq:mtme_REUSE-src,cvq,0.8955
ende,23,0.01,weighted_cvu:mtme_REUSE-src,cvu,0.894
ende,23,0.01,dedup_cvl:mtme_SEScore-refA,cvl,0.9005
ende,23,0.01,dedup_cvq:mtme_SEScore-refA,cvq,0.89
ende,23,0.01,dedup_cvu:mtme_SEScore-refA,cvu,0.9015
ende,23,0.01,weighted_cvl:mtme_SEScore-refA,cvl,0.8975
ende,23,0.01,weighted_cvq:mtme_SEScore-refA,cvq,0.8955
ende,23,0.01,weighted_cvu:mtme_SEScore-refA,cvu,0.8955
ende,23,0.01,dedup_cvl:mtme_UniTE-ref-refA,cvl,0.8905
ende,23,0.01,dedup_cvq:mtme_UniTE-ref-refA,cvq,0.882
ende,23,0.01,dedup_cvu:mtme_UniTE-ref-refA,cvu,0.8905
ende,23,0.01,weighted_cvl:mtme_UniTE-ref-refA,cvl,0.8835
ende,23,0.01,weighted_cvq:mtme_UniTE-ref-refA,cvq,0.884
ende,23,0.01,weighted_cvu:mtme_UniTE-ref-refA,cvu,0.884
ende,23,0.01,dedup_cvl:mtme_UniTE-refA,cvl,0.891
ende,23,0.01,dedup_cvq:mtme_UniTE-refA,cvq,0.8785
ende,23,0.01,dedup_cvu:mtme_UniTE-refA,cvu,0.8875
ende,23,0.01,weighted_cvl:mtme_UniTE-refA,cvl,0.886
ende,23,0.01,weighted_cvq:mtme_UniTE-refA,cvq,0.8845
ende,23,0.01,weighted_cvu:mtme_UniTE-refA,cvu,0.8905
ende,23,0.01,dedup_cvl:mtme_UniTE-src-src,cvl,0.8905
ende,23,0.01,dedup_cvq:mtme_UniTE-src-src,cvq,0.885
ende,23,0.01,dedup_cvu:mtme_UniTE-src-src,cvu,0.889
ende,23,0.01,weighted_cvl:mtme_UniTE-src-src,cvl,0.889
ende,23,0.01,weighted_cvq:mtme_UniTE-src-src,cvq,0.8885
ende,23,0.01,weighted_cvu:mtme_UniTE-src-src,cvu,0.889
ende,23,0.01,dedup_cvl:mtme_YiSi-1-refA,cvl,0.892
ende,23,0.01,dedup_cvq:mtme_YiSi-1-refA,cvq,0.889
ende,23,0.01,dedup_cvu:mtme_YiSi-1-refA,cvu,0.8895
ende,23,0.01,weighted_cvl:mtme_YiSi-1-refA,cvl,0.8985
ende,23,0.01,weighted_cvq:mtme_YiSi-1-refA,cvq,0.893
ende,23,0.01,weighted_cvu:mtme_YiSi-1-refA,cvu,0.894
ende,23,0.01,dedup_cvl:mtme_chrF-refA,cvl,0.8945
ende,23,0.01,dedup_cvq:mtme_chrF-refA,cvq,0.8875
ende,23,0.01,dedup_cvu:mtme_chrF-refA,cvu,0.894
ende,23,0.01,weighted_cvl:mtme_chrF-refA,cvl,0.895
ende,23,0.01,weighted_cvq:mtme_chrF-refA,cvq,0.8835
ende,23,0.01,weighted_cvu:mtme_chrF-refA,cvu,0.8905
ende,23,0.01,dedup_cvl:mtme_f101spBLEU-refA,cvl,0.895
ende,23,0.01,dedup_cvq:mtme_f101spBLEU-refA,cvq,0.8885
ende,23,0.01,dedup_cvu:mtme_f101spBLEU-refA,cvu,0.895
ende,23,0.01,weighted_cvl:mtme_f101spBLEU-refA,cvl,0.896
ende,23,0.01,weighted_cvq:mtme_f101spBLEU-refA,cvq,0.8935
ende,23,0.01,weighted_cvu:mtme_f101spBLEU-refA,cvu,0.8975
ende,23,0.01,dedup_cvl:mtme_f200spBLEU-refA,cvl,0.8935
ende,23,0.01,dedup_cvq:mtme_f200spBLEU-refA,cvq,0.888
ende,23,0.01,dedup_cvu:mtme_f200spBLEU-refA,cvu,0.892
ende,23,0.01,weighted_cvl:mtme_f200spBLEU-refA,cvl,0.894
ende,23,0.01,weighted_cvq:mtme_f200spBLEU-refA,cvq,0.8845
ende,23,0.01,weighted_cvu:mtme_f200spBLEU-refA,cvu,0.893
ende,23,0.01,dedup_cvl:mtme_metricx_xl_DA_2019-refA,cvl,0.8875
ende,23,0.01,dedup_cvq:mtme_metricx_xl_DA_2019-refA,cvq,0.8845
ende,23,0.01,dedup_cvu:mtme_metricx_xl_DA_2019-refA,cvu,0.8845
ende,23,0.01,weighted_cvl:mtme_metricx_xl_DA_2019-refA,cvl,0.8885
ende,23,0.01,weighted_cvq:mtme_metricx_xl_DA_2019-refA,cvq,0.8715
ende,23,0.01,weighted_cvu:mtme_metricx_xl_DA_2019-refA,cvu,0.887
ende,23,0.01,dedup_cvl:mtme_metricx_xl_MQM_2020-refA,cvl,0.881
ende,23,0.01,dedup_cvq:mtme_metricx_xl_MQM_2020-refA,cvq,0.875
ende,23,0.01,dedup_cvu:mtme_metricx_xl_MQM_2020-refA,cvu,0.8805
ende,23,0.01,weighted_cvl:mtme_metricx_xl_MQM_2020-refA,cvl,0.8795
ende,23,0.01,weighted_cvq:mtme_metricx_xl_MQM_2020-refA,cvq,0.8575
ende,23,0.01,weighted_cvu:mtme_metricx_xl_MQM_2020-refA,cvu,0.8815
ende,23,0.01,dedup_cvl:mtme_metricx_xxl_DA_2019-refA,cvl,0.878
ende,23,0.01,dedup_cvq:mtme_metricx_xxl_DA_2019-refA,cvq,0.8875
ende,23,0.01,dedup_cvu:mtme_metricx_xxl_DA_2019-refA,cvu,0.8805
ende,23,0.01,weighted_cvl:mtme_metricx_xxl_DA_2019-refA,cvl,0.8805
ende,23,0.01,weighted_cvq:mtme_metricx_xxl_DA_2019-refA,cvq,0.878
ende,23,0.01,weighted_cvu:mtme_metricx_xxl_DA_2019-refA,cvu,0.882
ende,23,0.01,dedup_cvl:mtme_metricx_xxl_MQM_2020-refA,cvl,0.8845
ende,23,0.01,dedup_cvq:mtme_metricx_xxl_MQM_2020-refA,cvq,0.877
ende,23,0.01,dedup_cvu:mtme_metricx_xxl_MQM_2020-refA,cvu,0.8815
ende,23,0.01,weighted_cvl:mtme_metricx_xxl_MQM_2020-refA,cvl,0.879
ende,23,0.01,weighted_cvq:mtme_metricx_xxl_MQM_2020-refA,cvq,0.8765
ende,23,0.01,weighted_cvu:mtme_metricx_xxl_MQM_2020-refA,cvu,0.883
ende,23,0.01,weighted_cvo:mtme_BERTScore-refA,cvo,0.895
ende,23,0.01,weighted_cvo:mtme_BLEU-refA,cvo,0.8925
ende,23,0.01,weighted_cvo:mtme_BLEURT-20-refA,cvo,0.8915
ende,23,0.01,weighted_cvo:mtme_COMET-20-refA,cvo,0.8945
ende,23,0.01,weighted_cvo:mtme_COMET-22-refA,cvo,0.888
ende,23,0.01,weighted_cvo:mtme_COMET-QE-src,cvo,0.891
ende,23,0.01,weighted_cvo:mtme_COMETKiwi-src,cvo,0.893
ende,23,0.01,weighted_cvo:mtme_Cross-QE-src,cvo,0.896
ende,23,0.01,weighted_cvo:mtme_HWTSC-TLM-src,cvo,0.897
ende,23,0.01,weighted_cvo:mtme_HWTSC-Teacher-Sim-src,cvo,0.8945
ende,23,0.01,weighted_cvo:mtme_KG-BERTScore-src,cvo,0.8935
ende,23,0.01,weighted_cvo:mtme_MATESE-QE-src,cvo,0.8925
ende,23,0.01,weighted_cvo:mtme_MATESE-refA,cvo,0.888
ende,23,0.01,weighted_cvo:mtme_MEE-refA,cvo,0.8835
ende,23,0.01,weighted_cvo:mtme_MEE2-refA,cvo,0.8835
ende,23,0.01,weighted_cvo:mtme_MEE4-refA,cvo,0.888
ende,23,0.01,weighted_cvo:mtme_MS-COMET-22-refA,cvo,0.8935
ende,23,0.01,weighted_cvo:mtme_MS-COMET-QE-22-src,cvo,0.893
ende,23,0.01,weighted_cvo:mtme_REUSE-src,cvo,0.897
ende,23,0.01,weighted_cvo:mtme_SEScore-refA,cvo,0.899
ende,23,0.01,weighted_cvo:mtme_UniTE-ref-refA,cvo,0.882
ende,23,0.01,weighted_cvo:mtme_UniTE-refA,cvo,0.885
ende,23,0.01,weighted_cvo:mtme_UniTE-src-src,cvo,0.896
ende,23,0.01,weighted_cvo:mtme_YiSi-1-refA,cvo,0.897
ende,23,0.01,weighted_cvo:mtme_chrF-refA,cvo,0.888
ende,23,0.01,weighted_cvo:mtme_f101spBLEU-refA,cvo,0.892
ende,23,0.01,weighted_cvo:mtme_f200spBLEU-refA,cvo,0.8955
ende,23,0.01,weighted_cvo:mtme_metricx_xl_DA_2019-refA,cvo,0.8735
ende,23,0.01,weighted_cvo:mtme_metricx_xl_MQM_2020-refA,cvo,0.873
ende,23,0.01,weighted_cvo:mtme_metricx_xxl_DA_2019-refA,cvo,0.8765
ende,23,0.01,weighted_cvo:mtme_metricx_xxl_MQM_2020-refA,cvo,0.8785
ende,23,0.02,uniform,human,0.899
ende,23,0.02,dedup,human,0.8965
ende,23,0.02,weighted,human,0.8835
ende,23,0.02,dedup_cvl:mtme_BERTScore-refA,cvl,0.893
ende,23,0.02,dedup_cvq:mtme_BERTScore-refA,cvq,0.8875
ende,23,0.02,dedup_cvu:mtme_BERTScore-refA,cvu,0.8915
ende,23,0.02,weighted_cvl:mtme_BERTScore-refA,cvl,0.8905
ende,23,0.02,weighted_cvq:mtme_BERTScore-refA,cvq,0.8905
ende,23,0.02,weighted_cvu:mtme_BERTScore-refA,cvu,0.8925
ende,23,0.02,dedup_cvl:mtme_BLEU-refA,cvl,0.894
ende,23,0.02,dedup_cvq:mtme_BLEU-refA,cvq,0.8915
ende,23,0.02,dedup_cvu:mtme_BLEU-refA,cvu,0.89
ende,23,0.02,weighted_cvl:mtme_BLEU-refA,cvl,0.885
ende,23,0.02,weighted_cvq:mtme_BLEU-refA,cvq,0.881
ende,23,0.02,weighted_cvu:mtme_BLEU-refA,cvu,0.8815
ende,23,0.02,dedup_cvl:mtme_BLEURT-20-refA,cvl,0.876
ende,23,0.02,dedup_cvq:mtme_BLEURT-20-refA,cvq,0.8715
ende,23,0.02,dedup_cvu:mtme_BLEURT-20-refA,cvu,0.8785
ende,23,0.02,weighted_cvl:mtme_BLEURT-20-refA,cvl,0.8805
ende,23,0.02,weighted_cvq:mtme_BLEURT-20-refA,cvq,0.8765
ende,23,0.02,weighted_cvu:mtme_BLEURT-20-refA,cvu,0.8775
ende,23,0.02,dedup_cvl:mtme_COMET-20-refA,cvl,0.889
ende,23,0.02,dedup_cvq:mtme_COMET-20-refA,cvq,0.8835
ende,23,0.02,dedup_cvu:mtme_COMET-20-refA,cvu,0.888
ende,23,0.02,weighted_cvl:mtme_COMET-20-refA,cvl,0.8855
ende,23,0.02,weighted_cvq:mtme_COMET-20-refA,cvq,0.8845
ende,23,0.02,weighted_cvu:mtme_COMET-20-refA,cvu,0.89
ende,23,0.02,dedup_cvl:mtme_COMET-22-refA,cvl,0.874
ende,23,0.02,dedup_cvq:mtme_COMET-22-refA,cvq,0.8725
ende,23,0.02,dedup_cvu:mtme_COMET-22-refA,cvu,0.874
ende,23,0.02,weighted_cvl:mtme_COMET-22-refA,cvl,0.8715
ende,23,0.02,weighted_cvq:mtme_COMET-22-refA,cvq,0.8675
ende,23,0.02,weighted_cvu:mtme_COMET-22-refA,cvu,0.8715
ende,23,0.02,dedup_cvl:mtme_COMET-QE-src,cvl,0.8895
ende,23,0.02,dedup_cvq:mtme_COMET-QE-src,cvq,0.885
ende,23,0.02,dedup_cvu:mtme_COMET-QE-src,cvu,0.8855
ende,23,0.02,weighted_cvl:mtme_COMET-QE-src,cvl,0.892
ende,23,0.02,weighted_cvq:mtme_COMET-QE-src,cvq,0.883
ende,23,0.02,weighted_cvu:mtme_COMET-QE-src,cvu,0.888
ende,23,0.02,dedup_cvl:mtme_COMETKiwi-src,cvl,0.875
ende,23,0.02,dedup_cvq:mtme_COMETKiwi-src,cvq,0.8765
ende,23,0.02,dedup_cvu:mtme_COMETKiwi-src,cvu,0.8755
ende,23,0.02,weighted_cvl:mtme_COMETKiwi-src,cvl,0.876
ende,23,0.02,weighted_cvq:mtme_COMETKiwi-src,cvq,0.8715
ende,23,0.02,weighted_cvu:mtme_COMETKiwi-src,cvu,0.8765
ende,23,0.02,dedup_cvl:mtme_Cross-QE-src,cvl,0.884
ende,23,0.02,dedup_cvq:mtme_Cross-QE-src,cvq,0.88
ende,23,0.02,dedup_cvu:mtme_Cross-QE-src,cvu,0.8825
ende,23,0.02,weighted_cvl:mtme_Cross-QE-src,cvl,0.8785
ende,23,0.02,weighted_cvq:mtme_Cross-QE-src,cvq,0.877
ende,23,0.02,weighted_cvu:mtme_Cross-QE-src,cvu,0.8755
ende,23,0.02,dedup_cvl:mtme_HWTSC-TLM-src,cvl,0.8955
ende,23,0.02,dedup_cvq:mtme_HWTSC-TLM-src,cvq,0.8935
ende,23,0.02,dedup_cvu:mtme_HWTSC-TLM-src,cvu,0.896
ende,23,0.02,weighted_cvl:mtme_HWTSC-TLM-src,cvl,0.882
ende,23,0.02,weighted_cvq:mtme_HWTSC-TLM-src,cvq,0.8795
ende,23,0.02,weighted_cvu:mtme_HWTSC-TLM-src,cvu,0.8815
ende,23,0.02,dedup_cvl:mtme_HWTSC-Teacher-Sim-src,cvl,0.898
ende,23,0.02,dedup_cvq:mtme_HWTSC-Teacher-Sim-src,cvq,0.894
ende,23,0.02,dedup_cvu:mtme_HWTSC-Teacher-Sim-src,cvu,0.899
ende,23,0.02,weighted_cvl:mtme_HWTSC-Teacher-Sim-src,cvl,0.8835
ende,23,0.02,weighted_cvq:mtme_HWTSC-Teacher-Sim-src,cvq,0.882
ende,23,0.02,weighted_cvu:mtme_HWTSC-Teacher-Sim-src,cvu,0.885
ende,23,0.02,dedup_cvl:mtme_KG-BERTScore-src,cvl,0.9
ende,23,0.02,dedup_cvq:mtme_KG-BERTScore-src,cvq,0.895
ende,23,0.02,dedup_cvu:mtme_KG-BERTScore-src,cvu,0.901
ende,23,0.02,weighted_cvl:mtme_KG-BERTScore-src,cvl,0.888
ende,23,0.02,weighted_cvq:mtme_KG-BERTScore-src,cvq,0.8815
ende,23,0.02,weighted_cvu:mtme_KG-BERTScore-src,cvu,0.8865
ende,23,0.02,dedup_cvl:mtme_MATESE-QE-src,cvl,0.8805
ende,23,0.02,dedup_cvq:mtme_MATESE-QE-src,cvq,0.8815
ende,23,0.02,dedup_cvu:mtme_MATESE-QE-src,cvu,0.882
ende,23,0.02,weighted_cvl:mtme_MATESE-QE-src,cvl,0.877
ende,23,0.02,weighted_cvq:mtme_MATESE-QE-src,cvq,0.8755
ende,23,0.02,weighted_cvu:mtme_MATESE-QE-src,cvu,0.877
ende,23,0.02,dedup_cvl:mtme_MATESE-refA,cvl,0.891
ende,23,0.02,dedup_cvq:mtme_MATESE-refA,cvq,0.8885
ende,23,0.02,dedup_cvu:mtme_MATESE-refA,cvu,0.892
ende,23,0.02,weighted_cvl:mtme_MATESE-refA,cvl,0.886
ende,23,0.02,weighted_cvq:mtme_MATESE-refA,cvq,0.8795
ende,23,0.02,weighted_cvu:mtme_MATESE-refA,cvu,0.887
ende,23,0.02,dedup_cvl:mtme_MEE-refA,cvl,0.8965
ende,23,0.02,dedup_cvq:mtme_MEE-refA,cvq,0.892
ende,23,0.02,dedup_cvu:mtme_MEE-refA,cvu,0.8955
ende,23,0.02,weighted_cvl:mtme_MEE-refA,cvl,0.888
ende,23,0.02,weighted_cvq:mtme_MEE-refA,cvq,0.8865
ende,23,0.02,weighted_cvu:mtme_MEE-refA,cvu,0.888
ende,23,0.02,dedup_cvl:mtme_MEE2-refA,cvl,0.8925
ende,23,0.02,dedup_cvq:mtme_MEE2-refA,cvq,0.893
ende,23,0.02,dedup_cvu:mtme_MEE2-refA,cvu,0.8935
ende,23,0.02,weighted_cvl:mtme_MEE2-refA,cvl,0.886
ende,23,0.02,weighted_cvq:mtme_MEE2-refA,cvq,0.8845
ende,23,0.02,weighted_cvu:mtme_MEE2-refA,cvu,0.887
ende,23,0.02,dedup_cvl:mtme_MEE4-refA,cvl,0.8935
ende,23,0.02,dedup_cvq:mtme_MEE4-refA,cvq,0.8905
ende,23,0.02,dedup_cvu:mtme_MEE4-refA,cvu,0.8915
ende,23,0.02,weighted_cvl:mtme_MEE4-refA,cvl,0.8865
ende,23,0.02,weighted_cvq:mtme_MEE4-refA,cvq,0.888
ende,23,0.02,weighted_cvu:mtme_MEE4-refA,cvu,0.8885
ende,23,0.02,dedup_cvl:mtme_MS-COMET-22-refA,cvl,0.897
ende,23,0.02,dedup_cvq:mtme_MS-COMET-22-refA,cvq,0.892
ende,23,0.02,dedup_cvu:mtme_MS-COMET-22-refA,cvu,0.895
ende,23,0.02,weighted_cvl:mtme_MS-COMET-22-refA,cvl,0.8845
ende,23,0.02,weighted_cvq:mtme_MS-COMET-22-refA,cvq,0.882
ende,23,0.02,weighted_cvu:mtme_MS-COMET-22-refA,cvu,0.882
ende,23,0.02,dedup_cvl:mtme_MS-COMET-QE-22-src,cvl,0.8975
ende,23,0.02,dedup_cvq:mtme_MS-COMET-QE-22-src,cvq,0.8935
ende,23,0.02,dedup_cvu:mtme_MS-COMET-QE-22-src,cvu,0.9
ende,23,0.02,weighted_cvl:mtme_MS-COMET-QE-22-src,cvl,0.885
ende,23,0.02,weighted_cvq:mtme_MS-COMET-QE-22-src,cvq,0.8835
ende,23,0.02,weighted_cvu:mtme_MS-COMET-QE-22-src,cvu,0.8845
ende,23,0.02,dedup_cvl:mtme_REUSE-src,cvl,0.898
ende,23,0.02,dedup_cvq:mtme_REUSE-src,cvq,0.8965
ende,23,0.02,dedup_cvu:mtme_REUSE-src,cvu,0.8995
ende,23,0.02,weighted_cvl:mtme_REUSE-src,cvl,0.8885
ende,23,0.02,weighted_cvq:mtme_REUSE-src,cvq,0.8865
ende,23,0.02,weighted_cvu:mtme_REUSE-src,cvu,0.8885
ende,23,0.02,dedup_cvl:mtme_SEScore-refA,cvl,0.889
ende,23,0.02,dedup_cvq:mtme_SEScore-refA,cvq,0.881
ende,23,0.02,dedup_cvu:mtme_SEScore-refA,cvu,0.886
ende,23,0.02,weighted_cvl:mtme_SEScore-refA,cvl,0.8895
ende,23,0.02,weighted_cvq:mtme_SEScore-refA,cvq,0.8865
ende,23,0.02,weighted_cvu:mtme_SEScore-refA,cvu,0.8875
ende,23,0.02,dedup_cvl:mtme_UniTE-ref-refA,cvl,0.88
ende,23,0.02,dedup_cvq:mtme_UniTE-ref-refA,cvq,0.882
ende,23,0.02,dedup_cvu:mtme_UniTE-ref-refA,cvu,0.883
ende,23,0.02,weighted_cvl:mtme_UniTE-ref-refA,cvl,0.882
ende,23,0.02,weighted_cvq:mtme_UniTE-ref-refA,cvq,0.873
ende,23,0.02,weighted_cvu:mtme_UniTE-ref-refA,cvu,0.881
ende,23,0.02,dedup_cvl:mtme_UniTE-refA,cvl,0.8845
ende,23,0.02,dedup_cvq:mtme_UniTE-refA,cvq,0.8795
ende,23,0.02,dedup_cvu:mtme_UniTE-refA,cvu,0.8835
ende,23,0.02,weighted_cvl:mtme_UniTE-refA,cvl,0.88
ende,23,0.02,weighted_cvq:mtme_UniTE-refA,cvq,0.8775
ende,23,0.02,weighted_cvu:mtme_UniTE-refA,cvu,0.881
ende,23,0.02,dedup_cvl:mtme_UniTE-src-src,cvl,0.8865
ende,23,0.02,dedup_cvq:mtme_UniTE-src-src,cvq,0.883
ende,23,0.02,dedup_cvu:mtme_UniTE-src-src,cvu,0.886
ende,23,0.02,weighted_cvl:mtme_UniTE-src-src,cvl,0.8815
ende,23,0.02,weighted_cvq:mtme_UniTE-src-src,cvq,0.8755
ende,23,0.02,weighted_cvu:mtme_UniTE-src-src,cvu,0.8795
ende,23,0.02,dedup_cvl:mtme_YiSi-1-refA,cvl,0.896
ende,23,0.02,dedup_cvq:mtme_YiSi-1-refA,cvq,0.891
ende,23,0.02,dedup_cvu:mtme_YiSi-1-refA,cvu,0.8915
ende,23,0.02,weighted_cvl:mtme_YiSi-1-refA,cvl,0.8925
ende,23,0.02,weighted_cvq:mtme_YiSi-1-refA,cvq,0.8885
ende,23,0.02,weighted_cvu:mtme_YiSi-1-refA,cvu,0.8905
ende,23,0.02,dedup_cvl:mtme_chrF-refA,cvl,0.894
ende,23,0.02,dedup_cvq:mtme_chrF-refA,cvq,0.892
ende,23,0.02,dedup_cvu:mtme_chrF-refA,cvu,0.8925
ende,23,0.02,weighted_cvl:mtme_chrF-refA,cvl,0.888
ende,23,0.02,weighted_cvq:mtme_chrF-refA,cvq,0.8835
ende,23,0.02,weighted_cvu:mtme_chrF-refA,cvu,0.8835
ende,23,0.02,dedup_cvl:mtme_f101spBLEU-refA,cvl,0.8935
ende,23,0.02,dedup_cvq:mtme_f101spBLEU-refA,cvq,0.8925
ende,23,0.02,dedup_cvu:mtme_f101spBLEU-refA,cvu,0.891
ende,23,0.02,weighted_cvl:mtme_f101spBLEU-refA,cvl,0.886
ende,23,0.02,weighted_cvq:mtme_f101spBLEU-refA,cvq,0.8845
ende,23,0.02,weighted_cvu:mtme_f101spBLEU-refA,cvu,0.8855
ende,23,0.02,dedup_cvl:mtme_f200spBLEU-refA,cvl,0.892
ende,23,0.02,dedup_cvq:mtme_f200spBLEU-refA,cvq,0.89
ende,23,0.02,dedup_cvu:mtme_f200spBLEU-refA,cvu,0.8915
ende,23,0.02,weighted_cvl:mtme_f200spBLEU-refA,cvl,0.8855
ende,23,0.02,weighted_cvq:mtme_f200spBLEU-refA,cvq,0.8845
ende,23,0.02,weighted_cvu:mtme_f200spBLEU-refA,cvu,0.883
ende,23,0.02,dedup_cvl:mtme_metricx_xl_DA_2019-refA,cvl,0.878
ende,23,0.02,dedup_cvq:mtme_metricx_xl_DA_2019-refA,cvq,0.8735
ende,23,0.02,dedup_cvu:mtme_metricx_xl_DA_2019-refA,cvu,0.874
ende,23,0.02,weighted_cvl:mtme_metricx_xl_DA_2019-refA,cvl,0.8805
ende,23,0.02,weighted_cvq:mtme_metricx_xl_DA_2019-refA,cvq,0.8715
ende,23,0.02,weighted_cvu:mtme_metricx_xl_DA_2019-refA,cvu,0.876
ende,23,0.02,dedup_cvl:mtme_metricx_xl_MQM_2020-refA,cvl,0.8705
ende,23,0.02,dedup_cvq:mtme_metricx_xl_MQM_2020-refA,cvq,0.865
ende,23,0.02,dedup_cvu:mtme_metricx_xl_MQM_2020-refA,cvu,0.867
ende,23,0.02,weighted_cvl:mtme_metricx_xl_MQM_2020-refA,cvl,0.865
ende,23,0.02,weighted_cvq:mtme_metricx_xl_MQM_2020-refA,cvq,0.8575
ende,23,0.02,weighted_cvu:mtme_metricx_xl_MQM_2020-refA,cvu,0.864
ende,23,0.02,dedup_cvl:mtme_metricx_xxl_DA_2019-refA,cvl,0.8785
ende,23,0.02,dedup_cvq:mtme_metricx_xxl_DA_2019-refA,cvq,0.874
ende,23,0.02,dedup_cvu:mtme_metricx_xxl_DA_2019-refA,cvu,0.879
ende,23,0.02,weighted_cvl:mtme_metricx_xxl_DA_2019-refA,cvl,0.881
ende,23,0.02,weighted_cvq:mtme_metricx_xxl_DA_2019-refA,cvq,0.8695
ende,23,0.02,weighted_cvu:mtme_metricx_xxl_DA_2019-refA,cvu,0.876
ende,23,0.02,dedup_cvl:mtme_metricx_xxl_MQM_2020-refA,cvl,0.8795
ende,23,0.02,dedup_cvq:mtme_metricx_xxl_MQM_2020-refA,cvq,0.876
ende,23,0.02,dedup_cvu:mtme_metricx_xxl_MQM_2020-refA,cvu,0.876
ende,23,0.02,weighted_cvl:mtme_metricx_xxl_MQM_2020-refA,cvl,0.8815
ende,23,0.02,weighted_cvq:mtme_metricx_xxl_MQM_2020-refA,cvq,0.873
ende,23,0.02,weighted_cvu:mtme_metricx_xxl_MQM_2020-refA,cvu,0.88
ende,23,0.02,weighted_cvo:mtme_BERTScore-refA,cvo,0.8855
ende,23,0.02,weighted_cvo:mtme_BLEU-refA,cvo,0.8845
ende,23,0.02,weighted_cvo:mtme_BLEURT-20-refA,cvo,0.8835
ende,23,0.02,weighted_cvo:mtme_COMET-20-refA,cvo,0.8935
ende,23,0.02,weighted_cvo:mtme_COMET-22-refA,cvo,0.872
ende,23,0.02,weighted_cvo:mtme_COMET-QE-src,cvo,0.8885
ende,23,0.02,weighted_cvo:mtme_COMETKiwi-src,cvo,0.8785
ende,23,0.02,weighted_cvo:mtme_Cross-QE-src,cvo,0.8885
ende,23,0.02,weighted_cvo:mtme_HWTSC-TLM-src,cvo,0.8825
ende,23,0.02,weighted_cvo:mtme_HWTSC-Teacher-Sim-src,cvo,0.8865
ende,23,0.02,weighted_cvo:mtme_KG-BERTScore-src,cvo,0.886
ende,23,0.02,weighted_cvo:mtme_MATESE-QE-src,cvo,0.8865
ende,23,0.02,weighted_cvo:mtme_MATESE-refA,cvo,0.886
ende,23,0.02,weighted_cvo:mtme_MEE-refA,cvo,0.8835
ende,23,0.02,weighted_cvo:mtme_MEE2-refA,cvo,0.8835
ende,23,0.02,weighted_cvo:mtme_MEE4-refA,cvo,0.888
ende,23,0.02,weighted_cvo:mtme_MS-COMET-22-refA,cvo,0.8855
ende,23,0.02,weighted_cvo:mtme_MS-COMET-QE-22-src,cvo,0.886
ende,23,0.02,weighted_cvo:mtme_REUSE-src,cvo,0.8835
ende,23,0.02,weighted_cvo:mtme_SEScore-refA,cvo,0.8885
ende,23,0.02,weighted_cvo:mtme_UniTE-ref-refA,cvo,0.8835
ende,23,0.02,weighted_cvo:mtme_UniTE-refA,cvo,0.8825
ende,23,0.02,weighted_cvo:mtme_UniTE-src-src,cvo,0.8795
ende,23,0.02,weighted_cvo:mtme_YiSi-1-refA,cvo,0.889
ende,23,0.02,weighted_cvo:mtme_chrF-refA,cvo,0.888
ende,23,0.02,weighted_cvo:mtme_f101spBLEU-refA,cvo,0.885
ende,23,0.02,weighted_cvo:mtme_f200spBLEU-refA,cvo,0.887
ende,23,0.02,weighted_cvo:mtme_metricx_xl_DA_2019-refA,cvo,0.8845
ende,23,0.02,weighted_cvo:mtme_metricx_xl_MQM_2020-refA,cvo,0.874
ende,23,0.02,weighted_cvo:mtme_metricx_xxl_DA_2019-refA,cvo,0.885
ende,23,0.02,weighted_cvo:mtme_metricx_xxl_MQM_2020-refA,cvo,0.8825
ende,24,0.01,uniform,human,0.9095
ende,24,0.01,dedup,human,0.9025
ende,24,0.01,weighted,human,0.908
ende,24,0.01,dedup_cvl:mtme_BERTScore-refA,cvl,0.906
ende,24,0.01,dedup_cvq:mtme_BERTScore-refA,cvq,0.8855
ende,24,0.01,dedup_cvu:mtme_BERTScore-refA,cvu,0.902
ende,24,0.01,weighted_cvl:mtme_BERTScore-refA,cvl,0.9055
ende,24,0.01,weighted_cvq:mtme_BERTScore-refA,cvq,0.8955
ende,24,0.01,weighted_cvu:mtme_BERTScore-refA,cvu,0.9025
ende,24,0.01,dedup_cvl:mtme_BLEU-refA,cvl,0.9045
ende,24,0.01,dedup_cvq:mtme_BLEU-refA,cvq,0.9005
ende,24,0.01,dedup_cvu:mtme_BLEU-refA,cvu,0.9025
ende,24,0.01,weighted_cvl:mtme_BLEU-refA,cvl,0.9045
ende,24,0.01,weighted_cvq:mtme_BLEU-refA,cvq,0.893
ende,24,0.01,weighted_cvu:mtme_BLEU-refA,cvu,0.905
ende,24,0.01,dedup_cvl:mtme_BLEURT-20-refA,cvl,0.8945
ende,24,0.01,dedup_cvq:mtme_BLEURT-20-refA,cvq,0.8875
ende,24,0.01,dedup_cvu:mtme_BLEURT-20-refA,cvu,0.8945
ende,24,0.01,weighted_cvl:mtme_BLEURT-20-refA,cvl,0.8835
ende,24,0.01,weighted_cvq:mtme_BLEURT-20-refA,cvq,0.8945
ende,24,0.01,weighted_cvu:mtme_BLEURT-20-refA,cvu,0.881
ende,24,0.01,dedup_cvl:mtme_COMET-20-refA,cvl,0.899
ende,24,0.01,dedup_cvq:mtme_COMET-20-refA,cvq,0.8965
ende,24,0.01,dedup_cvu:mtme_COMET-20-refA,cvu,0.898
ende,24,0.01,weighted_cvl:mtme_COMET-20-refA,cvl,0.895
ende,24,0.01,weighted_cvq:mtme_COMET-20-refA,cvq,0.889
ende,24,0.01,weighted_cvu:mtme_COMET-20-refA,cvu,0.8935
ende,24,0.01,dedup_cvl:mtme_COMET-22-refA,cvl,0.891
ende,24,0.01,dedup_cvq:mtme_COMET-22-refA,cvq,0.875
ende,24,0.01,dedup_cvu:mtme_COMET-22-refA,cvu,0.889
ende,24,0.01,weighted_cvl:mtme_COMET-22-refA,cvl,0.895
ende,24,0.01,weighted_cvq:mtme_COMET-22-refA,cvq,0.878
ende,24,0.01,weighted_cvu:mtme_COMET-22-refA,cvu,0.8935
ende,24,0.01,dedup_cvl:mtme_COMET-QE-src,cvl,0.8925
ende,24,0.01,dedup_cvq:mtme_COMET-QE-src,cvq,0.8755
ende,24,0.01,dedup_cvu:mtme_COMET-QE-src,cvu,0.8905
ende,24,0.01,weighted_cvl:mtme_COMET-QE-src,cvl,0.8965
ende,24,0.01,weighted_cvq:mtme_COMET-QE-src,cvq,0.879
ende,24,0.01,weighted_cvu:mtme_COMET-QE-src,cvu,0.894
ende,24,0.01,dedup_cvl:mtme_COMETKiwi-src,cvl,0.892
ende,24,0.01,dedup_cvq:mtme_COMETKiwi-src,cvq,0.887
ende,24,0.01,dedup_cvu:mtme_COMETKiwi-src,cvu,0.8895
ende,24,0.01,weighted_cvl:mtme_COMETKiwi-src,cvl,0.888
ende,24,0.01,weighted_cvq:mtme_COMETKiwi-src,cvq,0.882
ende,24,0.01,weighted_cvu:mtme_COMETKiwi-src,cvu,0.8865
ende,24,0.01,dedup_cvl:mtme_Cross-QE-src,cvl,0.8975
ende,24,0.01,dedup_cvq:mtme_Cross-QE-src,cvq,0.874
ende,24,0.01,dedup_cvu:mtme_Cross-QE-src,cvu,0.895
ende,24,0.01,weighted_cvl:mtme_Cross-QE-src,cvl,0.8945
ende,24,0.01,weighted_cvq:mtme_Cross-QE-src,cvq,0.8845
ende,24,0.01,weighted_cvu:mtme_Cross-QE-src,cvu,0.8735
ende,24,0.01,dedup_cvl:mtme_HWTSC-TLM-src,cvl,0.902
ende,24,0.01,dedup_cvq:mtme_HWTSC-TLM-src,cvq,0.901
ende,24,0.01,dedup_cvu:mtme_HWTSC-TLM-src,cvu,0.9025
ende,24,0.01,weighted_cvl:mtme_HWTSC-TLM-src,cvl,0.9055
ende,24,0.01,weighted_cvq:mtme_HWTSC-TLM-src,cvq,0.891
ende,24,0.01,weighted_cvu:mtme_HWTSC-TLM-src,cvu,0.9055
ende,24,0.01,dedup_cvl:mtme_HWTSC-Teacher-Sim-src,cvl,0.898
ende,24,0.01,dedup_cvq:mtme_HWTSC-Teacher-Sim-src,cvq,0.897
ende,24,0.01,dedup_cvu:mtme_HWTSC-Teacher-Sim-src,cvu,0.898
ende,24,0.01,weighted_cvl:mtme_HWTSC-Teacher-Sim-src,cvl,0.9025
ende,24,0.01,weighted_cvq:mtme_HWTSC-Teacher-Sim-src,cvq,0.8885
ende,24,0.01,weighted_cvu:mtme_HWTSC-Teacher-Sim-src,cvu,0.9035
ende,24,0.01,dedup_cvl:mtme_KG-BERTScore-src,cvl,0.9025
ende,24,0.01,dedup_cvq:mtme_KG-BERTScore-src,cvq,0.897
ende,24,0.01,dedup_cvu:mtme_KG-BERTScore-src,cvu,0.8985
ende,24,0.01,weighted_cvl:mtme_KG-BERTScore-src,cvl,0.904
ende,24,0.01,weighted_cvq:mtme_KG-BERTScore-src,cvq,0.888
ende,24,0.01,weighted_cvu:mtme_KG-BERTScore-src,cvu,0.9015
ende,24,0.01,dedup_cvl:mtme_MATESE-QE-src,cvl,0.897
ende,24,0.01,dedup_cvq:mtme_MATESE-QE-src,cvq,0.8705
ende,24,0.01,dedup_cvu:mtme_MATESE-QE-src,cvu,0.8975
ende,24,0.01,weighted_cvl:mtme_MATESE-QE-src,cvl,0.901
ende,24,0.01,weighted_cvq:mtme_MATESE-QE-src,cvq,0.882
ende,24,0.01,weighted_cvu:mtme_MATESE-QE-src,cvu,0.898
ende,24,0.01,dedup_cvl:mtme_MATESE-refA,cvl,0.897
ende,24,0.01,dedup_cvq:mtme_MATESE-refA,cvq,0.891
ende,24,0.01,dedup_cvu:mtme_MATESE-refA,cvu,0.8945
ende,24,0.01,weighted_cvl:mtme_MATESE-refA,cvl,0.8945
ende,24,0.01,weighted_cvq:mtme_MATESE-refA,cvq,0.882
ende,24,0.01,weighted_cvu:mtme_MATESE-refA,cvu,0.8995
ende,24,0.01,dedup_cvl:mtme_MEE-refA,cvl,0.897
ende,24,0.01,dedup_cvq:mtme_MEE-refA,cvq,0.8875
ende,24,0.01,dedup_cvu:mtme_MEE-refA,cvu,0.898
ende,24,0.01,weighted_cvl:mtme_MEE-refA,cvl,0.9
ende,24,0.01,weighted_cvq:mtme_MEE-refA,cvq,0.8985
ende,24,0.01,weighted_cvu:mtme_MEE-refA,cvu,0.9
ende,24,0.01,dedup_cvl:mtme_MEE2-refA,cvl,0.9015
ende,24,0.01,dedup_cvq:mtme_MEE2-refA,cvq,0.9
ende,24,0.01,dedup_cvu:mtme_MEE2-refA,cvu,0.9005
ende,24,0.01,weighted_cvl:mtme_MEE2-refA,cvl,0.9065
ende,24,0.01,weighted_cvq:mtme_MEE2-refA,cvq,0.898
ende,24,0.01,weighted_cvu:mtme_MEE2-refA,cvu,0.903
ende,24,0.01,dedup_cvl:mtme_MEE4-refA,cvl,0.901
ende,24,0.01,dedup_cvq:mtme_MEE4-refA,cvq,0.8855
ende,24,0.01,dedup_cvu:mtme_MEE4-refA,cvu,0.902
ende,24,0.01,weighted_cvl:mtme_MEE4-refA,cvl,0.9035
ende,24,0.01,weighted_cvq:mtme_MEE4-refA,cvq,0.8995
ende,24,0.01,weighted_cvu:mtme_MEE4-refA,cvu,0.9035
ende,24,0.01,dedup_cvl:mtme_MS-COMET-22-refA,cvl,0.9
ende,24,0.01,dedup_cvq:mtme_MS-COMET-22-refA,cvq,0.8905
ende,24,0.01,dedup_cvu:mtme_MS-COMET-22-refA,cvu,0.896
ende,24,0.01,weighted_cvl:mtme_MS-COMET-22-refA,cvl,0.8955
ende,24,0.01,weighted_cvq:mtme_MS-COMET-22-refA,cvq,0.891
ende,24,0.01,weighted_cvu:mtme_MS-COMET-22-refA,cvu,0.899
ende,24,0.01,dedup_cvl:mtme_MS-COMET-QE-22-src,cvl,0.896
ende,24,0.01,dedup_cvq:mtme_MS-COMET-QE-22-src,cvq,0.8835
ende,24,0.01,dedup_cvu:mtme_MS-COMET-QE-22-src,cvu,0.899
ende,24,0.01,weighted_cvl:mtme_MS-COMET-QE-22-src,cvl,0.8995
ende,24,0.01,weighted_cvq:mtme_MS-COMET-QE-22-src,cvq,0.885
ende,24,0.01,weighted_cvu:mtme_MS-COMET-QE-22-src,cvu,0.9
ende,24,0.01,dedup_cvl:mtme_REUSE-src,cvl,0.9005
ende,24,0.01,dedup_cvq:mtme_REUSE-src,cvq,0.8995
ende,24,0.01,dedup_cvu:mtme_REUSE-src,cvu,0.8995
ende,24,0.01,weighted_cvl:mtme_REUSE-src,cvl,0.9075
ende,24,0.01,weighted_cvq:mtme_REUSE-src,cvq,0.897
ende,24,0.01,weighted_cvu:mtme_REUSE-src,cvu,0.9075
ende,24,0.01,dedup_cvl:mtme_SEScore-refA,cvl,0.8995
ende,24,0.01,dedup_cvq:mtme_SEScore-refA,cvq,0.892
ende,24,0.01,dedup_cvu:mtme_SEScore-refA,cvu,0.8985
ende,24,0.01,weighted_cvl:mtme_SEScore-refA,cvl,0.897
ende,24,0.01,weighted_cvq:mtme_SEScore-refA,cvq,0.8885
ende,24,0.01,weighted_cvu:mtme_SEScore-refA,cvu,0.9
ende,24,0.01,dedup_cvl:mtme_UniTE-ref-refA,cvl,0.8835
ende,24,0.01,dedup_cvq:mtme_UniTE-ref-refA,cvq,0.885
ende,24,0.01,dedup_cvu:mtme_UniTE-ref-refA,cvu,0.887
ende,24,0.01,weighted_cvl:mtme_UniTE-ref-refA,cvl,0.8875
ende,24,0.01,weighted_cvq:mtme_UniTE-ref-refA,cvq,0.876
ende,24,0.01,weighted_cvu:mtme_UniTE-ref-refA,cvu,0.8895
ende,24,0.01,dedup_cvl:mtme_UniTE-refA,cvl,0.8895
ende,24,0.01,dedup_cvq:mtme_UniTE-refA,cvq,0.8715
ende,24,0.01,dedup_cvu:mtme_UniTE-refA,cvu,0.887
ende,24,0.01,weighted_cvl:mtme_UniTE-refA,cvl,0.8845
ende,24,0.01,weighted_cvq:mtme_UniTE-refA,cvq,0.873
ende,24,0.01,weighted_cvu:mtme_UniTE-refA,cvu,0.8875
ende,24,0.01,dedup_cvl:mtme_UniTE-src-src,cvl,0.888
ende,24,0.01,dedup_cvq:mtme_UniTE-src-src,cvq,0.885
ende,24,0.01,dedup_cvu:mtme_UniTE-src-src,cvu,0.8875
ende,24,0.01,weighted_cvl:mtme_UniTE-src-src,cvl,0.8915
ende,24,0.01,weighted_cvq:mtme_UniTE-src-src,cvq,0.8845
ende,24,0.01,weighted_cvu:mtme_UniTE-src-src,cvu,0.8905
ende,24,0.01,dedup_cvl:mtme_YiSi-1-refA,cvl,0.901
ende,24,0.01,dedup_cvq:mtme_YiSi-1-refA,cvq,0.9015
ende,24,0.01,dedup_cvu:mtme_YiSi-1-refA,cvu,0.9005
ende,24,0.01,weighted_cvl:mtme_YiSi-1-refA,cvl,0.906
ende,24,0.01,weighted_cvq:mtme_YiSi-1-refA,cvq,0.8935
ende,24,0.01,weighted_cvu:mtme_YiSi-1-refA,cvu,0.909
ende,24,0.01,dedup_cvl:mtme_chrF-refA,cvl,0.9065
ende,24,0.01,dedup_cvq:mtme_chrF-refA,cvq,0.887
ende,24,0.01,dedup_cvu:mtme_chrF-refA,cvu,0.904
ende,24,0.01,weighted_cvl:mtme_chrF-refA,cvl,0.906
ende,24,0.01,weighted_cvq:mtme_chrF-refA,cvq,0.8975
ende,24,0.01,weighted_cvu:mtme_chrF-refA,cvu,0.9055
ende,24,0.01,dedup_cvl:mtme_f101spBLEU-refA,cvl,0.906
ende,24,0.01,dedup_cvq:mtme_f101spBLEU-refA,cvq,0.8995
ende,24,0.01,dedup_cvu:mtme_f101spBLEU-refA,cvu,0.9045
ende,24,0.01,weighted_cvl:mtme_f101spBLEU-refA,cvl,0.8995
ende,24,0.01,weighted_cvq:mtme_f101spBLEU-refA,cvq,0.8935
ende,24,0.01,weighted_cvu:mtme_f101spBLEU-refA,cvu,0.9015
ende,24,0.01,dedup_cvl:mtme_f200spBLEU-refA,cvl,0.9045
ende,24,0.01,dedup_cvq:mtme_f200spBLEU-refA,cvq,0.902
ende,24,0.01,dedup_cvu:mtme_f200spBLEU-refA,cvu,0.902
ende,24,0.01,weighted_cvl:mtme_f200spBLEU-refA,cvl,0.9005
ende,24,0.01,weighted_cvq:mtme_f200spBLEU-refA,cvq,0.896
ende,24,0.01,weighted_cvu:mtme_f200spBLEU-refA,cvu,0.902
ende,24,0.01,dedup_cvl:mtme_metricx_xl_DA_2019-refA,cvl,0.901
ende,24,0.01,dedup_cvq:mtme_metricx_xl_DA_2019-refA,cvq,0.881
ende,24,0.01,dedup_cvu:mtme_metricx_xl_DA_2019-refA,cvu,0.897
ende,24,0.01,weighted_cvl:mtme_metricx_xl_DA_2019-refA,cvl,0.8925
ende,24,0.01,weighted_cvq:mtme_metricx_xl_DA_2019-refA,cvq,0.881
ende,24,0.01,weighted_cvu:mtme_metricx_xl_DA_2019-refA,cvu,0.8795
ende,24,0.01,dedup_cvl:mtme_metricx_xl_MQM_2020-refA,cvl,0.8895
ende,24,0.01,dedup_cvq:mtme_metricx_xl_MQM_2020-refA,cvq,0.869
ende,24,0.01,dedup_cvu:mtme_metricx_xl_MQM_2020-refA,cvu,0.887
ende,24,0.01,weighted_cvl:mtme_metricx_xl_MQM_2020-refA,cvl,0.8675
ende,24,0.01,weighted_cvq:mtme_metricx_xl_MQM_2020-refA,cvq,0.86
ende,24,0.01,weighted_cvu:mtme_metricx_xl_MQM_2020-refA,cvu,0.8665
ende,24,0.01,dedup_cvl:mtme_metricx_xxl_DA_2019-refA,cvl,0.898
ende,24,0.01,dedup_cvq:mtme_metricx_xxl_DA_2019-refA,cvq,0.868
ende,24,0.01,dedup_cvu:mtme_metricx_xxl_DA_2019-refA,cvu,0.8955
ende,24,0.01,weighted_cvl:mtme_metricx_xxl_DA_2019-refA,cvl,0.877
ende,24,0.01,weighted_cvq:mtme_metricx_xxl_DA_2019-refA,cvq,0.879
ende,24,0.01,weighted_cvu:mtme_metricx_xxl_DA_2019-refA,cvu,0.8725
ende,24,0.01,dedup_cvl:mtme_metricx_xxl_MQM_2020-refA,cvl,0.886
ende,24,0.01,dedup_cvq:mtme_metricx_xxl_MQM_2020-refA,cvq,0.8685
ende,24,0.01,dedup_cvu:mtme_metricx_xxl_MQM_2020-refA,cvu,0.8845
ende,24,0.01,weighted_cvl:mtme_metricx_xxl_MQM_2020-refA,cvl,0.873
ende,24,0.01,weighted_cvq:mtme_metricx_xxl_MQM_2020-refA,cvq,0.865
ende,24,0.01,weighted_cvu:mtme_metricx_xxl_MQM_2020-refA,cvu,0.871
ende,24,0.01,weighted_cvo:mtme_BERTScore-refA,cvo,0.898
ende,24,0.01,weighted_cvo:mtme_BLEU-refA,cvo,0.8955
ende,24,0.01,weighted_cvo:mtme_BLEURT-20-refA,cvo,0.895
ende,24,0.01,weighted_cvo:mtme_COMET-20-refA,cvo,0.895
ende,24,0.01,weighted_cvo:mtme_COMET-22-refA,cvo,0.8995
ende,24,0.01,weighted_cvo:mtme_COMET-QE-src,cvo,0.8905
ende,24,0.01,weighted_cvo:mtme_COMETKiwi-src,cvo,0.9
ende,24,0.01,weighted_cvo:mtme_Cross-QE-src,cvo,0.8865
ende,24,0.01,weighted_cvo:mtme_HWTSC-TLM-src,cvo,0.896
ende,24,0.01,weighted_cvo:mtme_HWTSC-Teacher-Sim-src,cvo,0.893
ende,24,0.01,weighted_cvo:mtme_KG-BERTScore-src,cvo,0.891
ende,24,0.01,weighted_cvo:mtme_MATESE-QE-src,cvo,0.892
ende,24,0.01,weighted_cvo:mtme_MATESE-refA,cvo,0.903
ende,24,0.01,weighted_cvo:mtme_MEE-refA,cvo,0.8955
ende,24,0.01,weighted_cvo:mtme_MEE2-refA,cvo,0.898
ende,24,0.01,weighted_cvo:mtme_MEE4-refA,cvo,0.8945
ende,24,0.01,weighted_cvo:mtme_MS-COMET-22-refA,cvo,0.9075
ende,24,0.01,weighted_cvo:mtme_MS-COMET-QE-22-src,cvo,0.9075
ende,24,0.01,weighted_cvo:mtme_REUSE-src,cvo,0.908
ende,24,0.01,weighted_cvo:mtme_SEScore-refA,cvo,0.9005
ende,24,0.01,weighted_cvo:mtme_UniTE-ref-refA,cvo,0.8945
ende,24,0.01,weighted_cvo:mtme_UniTE-refA,cvo,0.8965
ende,24,0.01,weighted_cvo:mtme_UniTE-src-src,cvo,0.896
ende,24,0.01,weighted_cvo:mtme_YiSi-1-refA,cvo,0.8965
ende,24,0.01,weighted_cvo:mtme_chrF-refA,cvo,0.8995
ende,24,0.01,weighted_cvo:mtme_f101spBLEU-refA,cvo,0.9015
ende,24,0.01,weighted_cvo:mtme_f200spBLEU-refA,cvo,0.895
ende,24,0.01,weighted_cvo:mtme_metricx_xl_DA_2019-refA,cvo,0.8915
ende,24,0.01,weighted_cvo:mtme_metricx_xl_MQM_2020-refA,cvo,0.881
ende,24,0.01,weighted_cvo:mtme_metricx_xxl_DA_2019-refA,cvo,0.893
ende,24,0.01,weighted_cvo:mtme_metricx_xxl_MQM_2020-refA,cvo,0.884
ende,24,0.02,uniform,human,0.905
ende,24,0.02,dedup,human,0.9025
ende,24,0.02,weighted,human,0.9075
ende,24,0.02,dedup_cvl:mtme_BERTScore-refA,cvl,0.905
ende,24,0.02,dedup_cvq:mtme_BERTScore-refA,cvq,0.9055
ende,24,0.02,dedup_cvu:mtme_BERTScore-refA,cvu,0.907
ende,24,0.02,weighted_cvl:mtme_BERTScore-refA,cvl,0.901
ende,24,0.02,weighted_cvq:mtme_BERTScore-refA,cvq,0.897
ende,24,0.02,weighted_cvu:mtme_BERTScore-refA,cvu,0.8995
ende,24,0.02,dedup_cvl:mtme_BLEU-refA,cvl,0.906
ende,24,0.02,dedup_cvq:mtme_BLEU-refA,cvq,0.9015
ende,24,0.02,dedup_cvu:mtme_BLEU-refA,cvu,0.9055
ende,24,0.02,weighted_cvl:mtme_BLEU-refA,cvl,0.8965
ende,24,0.02,weighted_cvq:mtme_BLEU-refA,cvq,0.8935
ende,24,0.02,weighted_cvu:mtme_BLEU-refA,cvu,0.8955
ende,24,0.02,dedup_cvl:mtme_BLEURT-20-refA,cvl,0.9005
ende,24,0.02,dedup_cvq:mtme_BLEURT-20-refA,cvq,0.895
ende,24,0.02,dedup_cvu:mtme_BLEURT-20-refA,cvu,0.8985
ende,24,0.02,weighted_cvl:mtme_BLEURT-20-refA,cvl,0.895
ende,24,0.02,weighted_cvq:mtme_BLEURT-20-refA,cvq,0.8945
ende,24,0.02,weighted_cvu:mtme_BLEURT-20-refA,cvu,0.8935
ende,24,0.02,dedup_cvl:mtme_COMET-20-refA,cvl,0.8995
ende,24,0.02,dedup_cvq:mtme_COMET-20-refA,cvq,0.898
ende,24,0.02,dedup_cvu:mtme_COMET-20-refA,cvu,0.897
ende,24,0.02,weighted_cvl:mtme_COMET-20-refA,cvl,0.892
ende,24,0.02,weighted_cvq:mtme_COMET-20-refA,cvq,0.889
ende,24,0.02,weighted_cvu:mtme_COMET-20-refA,cvu,0.889
ende,24,0.02,dedup_cvl:mtme_COMET-22-refA,cvl,0.889
ende,24,0.02,dedup_cvq:mtme_COMET-22-refA,cvq,0.8845
ende,24,0.02,dedup_cvu:mtme_COMET-22-refA,cvu,0.8905
ende,24,0.02,weighted_cvl:mtme_COMET-22-refA,cvl,0.8825
ende,24,0.02,weighted_cvq:mtme_COMET-22-refA,cvq,0.878
ende,24,0.02,weighted_cvu:mtme_COMET-22-refA,cvu,0.883
ende,24,0.02,dedup_cvl:mtme_COMET-QE-src,cvl,0.8985
ende,24,0.02,dedup_cvq:mtme_COMET-QE-src,cvq,0.898
ende,24,0.02,dedup_cvu:mtme_COMET-QE-src,cvu,0.9
ende,24,0.02,weighted_cvl:mtme_COMET-QE-src,cvl,0.891
ende,24,0.02,weighted_cvq:mtme_COMET-QE-src,cvq,0.8895
ende,24,0.02,weighted_cvu:mtme_COMET-QE-src,cvu,0.889
ende,24,0.02,dedup_cvl:mtme_COMETKiwi-src,cvl,0.8845
ende,24,0.02,dedup_cvq:mtme_COMETKiwi-src,cvq,0.8835
ende,24,0.02,dedup_cvu:mtme_COMETKiwi-src,cvu,0.8855
ende,24,0.02,weighted_cvl:mtme_COMETKiwi-src,cvl,0.8855
ende,24,0.02,weighted_cvq:mtme_COMETKiwi-src,cvq,0.882
ende,24,0.02,weighted_cvu:mtme_COMETKiwi-src,cvu,0.881
ende,24,0.02,dedup_cvl:mtme_Cross-QE-src,cvl,0.897
ende,24,0.02,dedup_cvq:mtme_Cross-QE-src,cvq,0.89
ende,24,0.02,dedup_cvu:mtme_Cross-QE-src,cvu,0.8945
ende,24,0.02,weighted_cvl:mtme_Cross-QE-src,cvl,0.8925
ende,24,0.02,weighted_cvq:mtme_Cross-QE-src,cvq,0.8845
ende,24,0.02,weighted_cvu:mtme_Cross-QE-src,cvu,0.888
ende,24,0.02,dedup_cvl:mtme_HWTSC-TLM-src,cvl,0.8945
ende,24,0.02,dedup_cvq:mtme_HWTSC-TLM-src,cvq,0.8935
ende,24,0.02,dedup_cvu:mtme_HWTSC-TLM-src,cvu,0.895
ende,24,0.02,weighted_cvl:mtme_HWTSC-TLM-src,cvl,0.895
ende,24,0.02,weighted_cvq:mtme_HWTSC-TLM-src,cvq,0.895
ende,24,0.02,weighted_cvu:mtme_HWTSC-TLM-src,cvu,0.894
ende,24,0.02,dedup_cvl:mtme_HWTSC-Teacher-Sim-src,cvl,0.9
ende,24,0.02,dedup_cvq:mtme_HWTSC-Teacher-Sim-src,cvq,0.899
ende,24,0.02,dedup_cvu:mtme_HWTSC-Teacher-Sim-src,cvu,0.901
ende,24,0.02,weighted_cvl:mtme_HWTSC-Teacher-Sim-src,cvl,0.902
ende,24,0.02,weighted_cvq:mtme_HWTSC-Teacher-Sim-src,cvq,0.901
ende,24,0.02,weighted_cvu:mtme_HWTSC-Teacher-Sim-src,cvu,0.901
ende,24,0.02,dedup_cvl:mtme_KG-BERTScore-src,cvl,0.9005
ende,24,0.02,dedup_cvq:mtme_KG-BERTScore-src,cvq,0.902
ende,24,0.02,dedup_cvu:mtme_KG-BERTScore-src,cvu,0.902
ende,24,0.02,weighted_cvl:mtme_KG-BERTScore-src,cvl,0.9025
ende,24,0.02,weighted_cvq:mtme_KG-BERTScore-src,cvq,0.902
ende,24,0.02,weighted_cvu:mtme_KG-BERTScore-src,cvu,0.9025
ende,24,0.02,dedup_cvl:mtme_MATESE-QE-src,cvl,0.9025
ende,24,0.02,dedup_cvq:mtme_MATESE-QE-src,cvq,0.898
ende,24,0.02,dedup_cvu:mtme_MATESE-QE-src,cvu,0.902
ende,24,0.02,weighted_cvl:mtme_MATESE-QE-src,cvl,0.8995
ende,24,0.02,weighted_cvq:mtme_MATESE-QE-src,cvq,0.8935
ende,24,0.02,weighted_cvu:mtme_MATESE-QE-src,cvu,0.897
ende,24,0.02,dedup_cvl:mtme_MATESE-refA,cvl,0.8955
ende,24,0.02,dedup_cvq:mtme_MATESE-refA,cvq,0.894
ende,24,0.02,dedup_cvu:mtme_MATESE-refA,cvu,0.897
ende,24,0.02,weighted_cvl:mtme_MATESE-refA,cvl,0.901
ende,24,0.02,weighted_cvq:mtme_MATESE-refA,cvq,0.894
ende,24,0.02,weighted_cvu:mtme_MATESE-refA,cvu,0.9005
ende,24,0.02,dedup_cvl:mtme_MEE-refA,cvl,0.905
ende,24,0.02,dedup_cvq:mtme_MEE-refA,cvq,0.902
ende,24,0.02,dedup_cvu:mtme_MEE-refA,cvu,0.905
ende,24,0.02,weighted_cvl:mtme_MEE-refA,cvl,0.9025
ende,24,0.02,weighted_cvq:mtme_MEE-refA,cvq,0.9005
ende,24,0.02,weighted_cvu:mtme_MEE-refA,cvu,0.903
ende,24,0.02,dedup_cvl:mtme_MEE2-refA,cvl,0.906
ende,24,0.02,dedup_cvq:mtme_MEE2-refA,cvq,0.9045
ende,24,0.02,dedup_cvu:mtme_MEE2-refA,cvu,0.905
ende,24,0.02,weighted_cvl:mtme_MEE2-refA,cvl,0.906
ende,24,0.02,weighted_cvq:mtme_MEE2-refA,cvq,0.902
ende,24,0.02,weighted_cvu:mtme_MEE2-refA,cvu,0.9055
ende,24,0.02,dedup_cvl:mtme_MEE4-refA,cvl,0.903
ende,24,0.02,dedup_cvq:mtme_MEE4-refA,cvq,0.9035
ende,24,0.02,dedup_cvu:mtme_MEE4-refA,cvu,0.9045
ende,24,0.02,weighted_cvl:mtme_MEE4-refA,cvl,0.9025
ende,24,0.02,weighted_cvq:mtme_MEE4-refA,cvq,0.8995
ende,24,0.02,weighted_cvu:mtme_MEE4-refA,cvu,0.9005
ende,24,0.02,dedup_cvl:mtme_MS-COMET-22-refA,cvl,0.891
ende,24,0.02,dedup_cvq:mtme_MS-COMET-22-refA,cvq,0.892
ende,24,0.02,dedup_cvu:mtme_MS-COMET-22-refA,cvu,0.8955
ende,24,0.02,weighted_cvl:mtme_MS-COMET-22-refA,cvl,0.8915
ende,24,0.02,weighted_cvq:mtme_MS-COMET-22-refA,cvq,0.891
ende,24,0.02,weighted_cvu:mtme_MS-COMET-22-refA,cvu,0.891
ende,24,0.02,dedup_cvl:mtme_MS-COMET-QE-22-src,cvl,0.883
ende,24,0.02,dedup_cvq:mtme_MS-COMET-QE-22-src,cvq,0.881
ende,24,0.02,dedup_cvu:mtme_MS-COMET-QE-22-src,cvu,0.881
ende,24,0.02,weighted_cvl:mtme_MS-COMET-QE-22-src,cvl,0.8905
ende,24,0.02,weighted_cvq:mtme_MS-COMET-QE-22-src,cvq,0.889
ende,24,0.02,weighted_cvu:mtme_MS-COMET-QE-22-src,cvu,0.888
ende,24,0.02,dedup_cvl:mtme_REUSE-src,cvl,0.903
ende,24,0.02,dedup_cvq:mtme_REUSE-src,cvq,0.903
ende,24,0.02,dedup_cvu:mtme_REUSE-src,cvu,0.9035
ende,24,0.02,weighted_cvl:mtme_REUSE-src,cvl,0.905
ende,24,0.02,weighted_cvq:mtme_REUSE-src,cvq,0.9045
ende,24,0.02,weighted_cvu:mtme_REUSE-src,cvu,0.904
ende,24,0.02,dedup_cvl:mtme_SEScore-refA,cvl,0.891
ende,24,0.02,dedup_cvq:mtme_SEScore-refA,cvq,0.8895
ende,24,0.02,dedup_cvu:mtme_SEScore-refA,cvu,0.895
ende,24,0.02,weighted_cvl:mtme_SEScore-refA,cvl,0.89
ende,24,0.02,weighted_cvq:mtme_SEScore-refA,cvq,0.885
ende,24,0.02,weighted_cvu:mtme_SEScore-refA,cvu,0.889
ende,24,0.02,dedup_cvl:mtme_UniTE-ref-refA,cvl,0.8885
ende,24,0.02,dedup_cvq:mtme_UniTE-ref-refA,cvq,0.886
ende,24,0.02,dedup_cvu:mtme_UniTE-ref-refA,cvu,0.886
ende,24,0.02,weighted_cvl:mtme_UniTE-ref-refA,cvl,0.8825
ende,24,0.02,weighted_cvq:mtme_UniTE-ref-refA,cvq,0.876
ende,24,0.02,weighted_cvu:mtme_UniTE-ref-refA,cvu,0.88
ende,24,0.02,dedup_cvl:mtme_UniTE-refA,cvl,0.8825
ende,24,0.02,dedup_cvq:mtme_UniTE-refA,cvq,0.875
ende,24,0.02,dedup_cvu:mtme_UniTE-refA,cvu,0.8805
ende,24,0.02,weighted_cvl:mtme_UniTE-refA,cvl,0.874
ende,24,0.02,weighted_cvq:mtme_UniTE-refA,cvq,0.8705
ende,24,0.02,weighted_cvu:mtme_UniTE-refA,cvu,0.8735
ende,24,0.02,dedup_cvl:mtme_UniTE-src-src,cvl,0.8925
ende,24,0.02,dedup_cvq:mtme_UniTE-src-src,cvq,0.8875
ende,24,0.02,dedup_cvu:mtme_UniTE-src-src,cvu,0.893
ende,24,0.02,weighted_cvl:mtme_UniTE-src-src,cvl,0.8805
ende,24,0.02,weighted_cvq:mtme_UniTE-src-src,cvq,0.8735
ende,24,0.02,weighted_cvu:mtme_UniTE-src-src,cvu,0.8815
ende,24,0.02,dedup_cvl:mtme_YiSi-1-refA,cvl,0.901
ende,24,0.02,dedup_cvq:mtme_YiSi-1-refA,cvq,0.899
ende,24,0.02,dedup_cvu:mtme_YiSi-1-refA,cvu,0.9
ende,24,0.02,weighted_cvl:mtme_YiSi-1-refA,cvl,0.901
ende,24,0.02,weighted_cvq:mtme_YiSi-1-refA,cvq,0.8995
ende,24,0.02,weighted_cvu:mtme_YiSi-1-refA,cvu,0.901
ende,24,0.02,dedup_cvl:mtme_chrF-refA,cvl,0.9005
ende,24,0.02,dedup_cvq:mtme_chrF-refA,cvq,0.902
ende,24,0.02,dedup_cvu:mtme_chrF-refA,cvu,0.902
ende,24,0.02,weighted_cvl:mtme_chrF-refA,cvl,0.9065
ende,24,0.02,weighted_cvq:mtme_chrF-refA,cvq,0.905
ende,24,0.02,weighted_cvu:mtme_chrF-refA,cvu,0.9065
ende,24,0.02,dedup_cvl:mtme_f101spBLEU-refA,cvl,0.9065
ende,24,0.02,dedup_cvq:mtme_f101spBLEU-refA,cvq,0.903
ende,24,0.02,dedup_cvu:mtme_f101spBLEU-refA,cvu,0.906
ende,24,0.02,weighted_cvl:mtme_f101spBLEU-refA,cvl,0.9045
ende,24,0.02,weighted_cvq:mtme_f101spBLEU-refA,cvq,0.8995
ende,24,0.02,weighted_cvu:mtme_f101spBLEU-refA,cvu,0.901
ende,24,0.02,dedup_cvl:mtme_f200spBLEU-refA,cvl,0.9085
ende,24,0.02,dedup_cvq:mtme_f200spBLEU-refA,cvq,0.906
ende,24,0.02,dedup_cvu:mtme_f200spBLEU-refA,cvu,0.907
ende,24,0.02,weighted_cvl:mtme_f200spBLEU-refA,cvl,0.904
ende,24,0.02,weighted_cvq:mtme_f200spBLEU-refA,cvq,0.9005
ende,24,0.02,weighted_cvu:mtme_f200spBLEU-refA,cvu,0.903
ende,24,0.02,dedup_cvl:mtme_metricx_xl_DA_2019-refA,cvl,0.895
ende,24,0.02,dedup_cvq:mtme_metricx_xl_DA_2019-refA,cvq,0.892
ende,24,0.02,dedup_cvu:mtme_metricx_xl_DA_2019-refA,cvu,0.894
ende,24,0.02,weighted_cvl:mtme_metricx_xl_DA_2019-refA,cvl,0.884
ende,24,0.02,weighted_cvq:mtme_metricx_xl_DA_2019-refA,cvq,0.881
ende,24,0.02,weighted_cvu:mtme_metricx_xl_DA_2019-refA,cvu,0.8845
ende,24,0.02,dedup_cvl:mtme_metricx_xl_MQM_2020-refA,cvl,0.8725
ende,24,0.02,dedup_cvq:mtme_metricx_xl_MQM_2020-refA,cvq,0.872
ende,24,0.02,dedup_cvu:mtme_metricx_xl_MQM_2020-refA,cvu,0.869
ende,24,0.02,weighted_cvl:mtme_metricx_xl_MQM_2020-refA,cvl,0.863
ende,24,0.02,weighted_cvq:mtme_metricx_xl_MQM_2020-refA,cvq,0.86
ende,24,0.02,weighted_cvu:mtme_metricx_xl_MQM_2020-refA,cvu,0.865
ende,24,0.02,dedup_cvl:mtme_metricx_xxl_DA_2019-refA,cvl,0.8865
ende,24,0.02,dedup_cvq:mtme_metricx_xxl_DA_2019-refA,cvq,0.886
ende,24,0.02,dedup_cvu:mtme_metricx_xxl_DA_2019-refA,cvu,0.885
ende,24,0.02,weighted_cvl:mtme_metricx_xxl_DA_2019-refA,cvl,0.8825
ende,24,0.02,weighted_cvq:mtme_metricx_xxl_DA_2019-refA,cvq,0.879
ende,24,0.02,weighted_cvu:mtme_metricx_xxl_DA_2019-refA,cvu,0.8835
ende,24,0.02,dedup_cvl:mtme_metricx_xxl_MQM_2020-refA,cvl,0.8745
ende,24,0.02,dedup_cvq:mtme_metricx_xxl_MQM_2020-refA,cvq,0.8715
ende,24,0.02,dedup_cvu:mtme_metricx_xxl_MQM_2020-refA,cvu,0.8765
ende,24,0.02,weighted_cvl:mtme_metricx_xxl_MQM_2020-refA,cvl,0.8695
ende,24,0.02,weighted_cvq:mtme_metricx_xxl_MQM_2020-refA,cvq,0.865
ende,24,0.02,weighted_cvu:mtme_metricx_xxl_MQM_2020-refA,cvu,0.87
ende,24,0.02,weighted_cvo:mtme_BERTScore-refA,cvo,0.8985
ende,24,0.02,weighted_cvo:mtme_BLEU-refA,cvo,0.901
ende,24,0.02,weighted_cvo:mtme_BLEURT-20-refA,cvo,0.895
ende,24,0.02,weighted_cvo:mtme_COMET-20-refA,cvo,0.8995
ende,24,0.02,weighted_cvo:mtme_COMET-22-refA,cvo,0.885
ende,24,0.02,weighted_cvo:mtme_COMET-QE-src,cvo,0.8995
ende,24,0.02,weighted_cvo:mtme_COMETKiwi-src,cvo,0.8935
ende,24,0.02,weighted_cvo:mtme_Cross-QE-src,cvo,0.8975
ende,24,0.02,weighted_cvo:mtme_HWTSC-TLM-src,cvo,0.905
ende,24,0.02,weighted_cvo:mtme_HWTSC-Teacher-Sim-src,cvo,0.9005
ende,24,0.02,weighted_cvo:mtme_KG-BERTScore-src,cvo,0.8985
ende,24,0.02,weighted_cvo:mtme_MATESE-QE-src,cvo,0.9035
ende,24,0.02,weighted_cvo:mtme_MATESE-refA,cvo,0.904
ende,24,0.02,weighted_cvo:mtme_MEE-refA,cvo,0.9
ende,24,0.02,weighted_cvo:mtme_MEE2-refA,cvo,0.903
ende,24,0.02,weighted_cvo:mtme_MEE4-refA,cvo,0.9035
ende,24,0.02,weighted_cvo:mtme_MS-COMET-22-refA,cvo,0.901
ende,24,0.02,weighted_cvo:mtme_MS-COMET-QE-22-src,cvo,0.9035
ende,24,0.02,weighted_cvo:mtme_REUSE-src,cvo,0.9075
ende,24,0.02,weighted_cvo:mtme_SEScore-refA,cvo,0.8935
ende,24,0.02,weighted_cvo:mtme_UniTE-ref-refA,cvo,0.887
ende,24,0.02,weighted_cvo:mtme_UniTE-refA,cvo,0.8905
ende,24,0.02,weighted_cvo:mtme_UniTE-src-src,cvo,0.8915
ende,24,0.02,weighted_cvo:mtme_YiSi-1-refA,cvo,0.9
ende,24,0.02,weighted_cvo:mtme_chrF-refA,cvo,0.903
ende,24,0.02,weighted_cvo:mtme_f101spBLEU-refA,cvo,0.8995
ende,24,0.02,weighted_cvo:mtme_f200spBLEU-refA,cvo,0.9025
ende,24,0.02,weighted_cvo:mtme_metricx_xl_DA_2019-refA,cvo,0.8975
ende,24,0.02,weighted_cvo:mtme_metricx_xl_MQM_2020-refA,cvo,0.881
ende,24,0.02,weighted_cvo:mtme_metricx_xxl_DA_2019-refA,cvo,0.8935
ende,24,0.02,weighted_cvo:mtme_metricx_xxl_MQM_2020-refA,cvo,0.8815
ende,25,0.01,uniform,human,0.9035
ende,25,0.01,dedup,human,0.9085
ende,25,0.01,weighted,human,0.897
ende,25,0.01,dedup_cvl:mtme_BERTScore-refA,cvl,0.906
ende,25,0.01,dedup_cvq:mtme_BERTScore-refA,cvq,0.9
ende,25,0.01,dedup_cvu:mtme_BERTScore-refA,cvu,0.903
ende,25,0.01,weighted_cvl:mtme_BERTScore-refA,cvl,0.8955
ende,25,0.01,weighted_cvq:mtme_BERTScore-refA,cvq,0.8925
ende,25,0.01,weighted_cvu:mtme_BERTScore-refA,cvu,0.8985
ende,25,0.01,dedup_cvl:mtme_BLEU-refA,cvl,0.9095
ende,25,0.01,dedup_cvq:mtme_BLEU-refA,cvq,0.9055
ende,25,0.01,dedup_cvu:mtme_BLEU-refA,cvu,0.908
ende,25,0.01,weighted_cvl:mtme_BLEU-refA,cvl,0.9
ende,25,0.01,weighted_cvq:mtme_BLEU-refA,cvq,0.897
ende,25,0.01,weighted_cvu:mtme_BLEU-refA,cvu,0.8985
ende,25,0.01,dedup_cvl:mtme_BLEURT-20-refA,cvl,0.9135
ende,25,0.01,dedup_cvq:mtme_BLEURT-20-refA,cvq,0.9155
ende,25,0.01,dedup_cvu:mtme_BLEURT-20-refA,cvu,0.9155
ende,25,0.01,weighted_cvl:mtme_BLEURT-20-refA,cvl,0.902
ende,25,0.01,weighted_cvq:mtme_BLEURT-20-refA,cvq,0.907
ende,25,0.01,weighted_cvu:mtme_BLEURT-20-refA,cvu,0.906
ende,25,0.01,dedup_cvl:mtme_COMET-20-refA,cvl,0.8995
ende,25,0.01,dedup_cvq:mtme_COMET-20-refA,cvq,0.9065
ende,25,0.01,dedup_cvu:mtme_COMET-20-refA,cvu,0.9005
ende,25,0.01,weighted_cvl:mtme_COMET-20-refA,cvl,0.9025
ende,25,0.01,weighted_cvq:mtme_COMET-20-refA,cvq,0.9025
ende,25,0.01,weighted_cvu:mtme_COMET-20-refA,cvu,0.9065
ende,25,0.01,dedup_cvl:mtme_COMET-22-refA,cvl,0.9005
ende,25,0.01,dedup_cvq:mtme_COMET-22-refA,cvq,0.898
ende,25,0.01,dedup_cvu:mtme_COMET-22-refA,cvu,0.9
ende,25,0.01,weighted_cvl:mtme_COMET-22-refA,cvl,0.902
ende,25,0.01,weighted_cvq:mtme_COMET-22-refA,cvq,0.8985
ende,25,0.01,weighted_cvu:mtme_COMET-22-refA,cvu,0.8995
ende,25,0.01,dedup_cvl:mtme_COMET-QE-src,cvl,0.9075
ende,25,0.01,dedup_cvq:mtme_COMET-QE-src,cvq,0.9105
ende,25,0.01,dedup_cvu:mtme_COMET-QE-src,cvu,0.9085
ende,25,0.01,weighted_cvl:mtme_COMET-QE-src,cvl,0.8995
ende,25,0.01,weighted_cvq:mtme_COMET-QE-src,cvq,0.9025
ende,25,0.01,weighted_cvu:mtme_COMET-QE-src,cvu,0.903
ende,25,0.01,dedup_cvl:mtme_COMETKiwi-src,cvl,0.903
ende,25,0.01,dedup_cvq:mtme_COMETKiwi-src,cvq,0.907
ende,25,0.01,dedup_cvu:mtme_COMETKiwi-src,cvu,0.905
ende,25,0.01,weighted_cvl:mtme_COMETKiwi-src,cvl,0.9075
ende,25,0.01,weighted_cvq:mtme_COMETKiwi-src,cvq,0.9045
ende,25,0.01,weighted_cvu:mtme_COMETKiwi-src,cvu,0.9065
ende,25,0.01,dedup_cvl:mtme_Cross-QE-src,cvl,0.9105
ende,25,0.01,dedup_cvq:mtme_Cross-QE-src,cvq,0.913
ende,25,0.01,dedup_cvu:mtme_Cross-QE-src,cvu,0.91
ende,25,0.01,weighted_cvl:mtme_Cross-QE-src,cvl,0.9
ende,25,0.01,weighted_cvq:mtme_Cross-QE-src,cvq,0.9025
ende,25,0.01,weighted_cvu:mtme_Cross-QE-src,cvu,0.904
ende,25,0.01,dedup_cvl:mtme_HWTSC-TLM-src,cvl,0.907
ende,25,0.01,dedup_cvq:mtme_HWTSC-TLM-src,cvq,0.907
ende,25,0.01,dedup_cvu:mtme_HWTSC-TLM-src,cvu,0.9065
ende,25,0.01,weighted_cvl:mtme_HWTSC-TLM-src,cvl,0.9025
ende,25,0.01,weighted_cvq:mtme_HWTSC-TLM-src,cvq,0.899
ende,25,0.01,weighted_cvu:mtme_HWTSC-TLM-src,cvu,0.9045
ende,25,0.01,dedup_cvl:mtme_HWTSC-Teacher-Sim-src,cvl,0.9035
ende,25,0.01,dedup_cvq:mtme_HWTSC-Teacher-Sim-src,cvq,0.9075
ende,25,0.01,dedup_cvu:mtme_HWTSC-Teacher-Sim-src,cvu,0.9055
ende,25,0.01,weighted_cvl:mtme_HWTSC-Teacher-Sim-src,cvl,0.91
ende,25,0.01,weighted_cvq:mtme_HWTSC-Teacher-Sim-src,cvq,0.8995
ende,25,0.01,weighted_cvu:mtme_HWTSC-Teacher-Sim-src,cvu,0.909
ende,25,0.01,dedup_cvl:mtme_KG-BERTScore-src,cvl,0.906
ende,25,0.01,dedup_cvq:mtme_KG-BERTScore-src,cvq,0.907
ende,25,0.01,dedup_cvu:mtme_KG-BERTScore-src,cvu,0.9095
ende,25,0.01,weighted_cvl:mtme_KG-BERTScore-src,cvl,0.909
ende,25,0.01,weighted_cvq:mtme_KG-BERTScore-src,cvq,0.9025
ende,25,0.01,weighted_cvu:mtme_KG-BERTScore-src,cvu,0.9075
ende,25,0.01,dedup_cvl:mtme_MATESE-QE-src,cvl,0.8915
ende,25,0.01,dedup_cvq:mtme_MATESE-QE-src,cvq,0.901
ende,25,0.01,dedup_cvu:mtme_MATESE-QE-src,cvu,0.894
ende,25,0.01,weighted_cvl:mtme_MATESE-QE-src,cvl,0.8985
ende,25,0.01,weighted_cvq:mtme_MATESE-QE-src,cvq,0.8955
ende,25,0.01,weighted_cvu:mtme_MATESE-QE-src,cvu,0.8975
ende,25,0.01,dedup_cvl:mtme_MATESE-refA,cvl,0.891
ende,25,0.01,dedup_cvq:mtme_MATESE-refA,cvq,0.8995
ende,25,0.01,dedup_cvu:mtme_MATESE-refA,cvu,0.8945
ende,25,0.01,weighted_cvl:mtme_MATESE-refA,cvl,0.8965
ende,25,0.01,weighted_cvq:mtme_MATESE-refA,cvq,0.8995
ende,25,0.01,weighted_cvu:mtme_MATESE-refA,cvu,0.8995
ende,25,0.01,dedup_cvl:mtme_MEE-refA,cvl,0.9115
ende,25,0.01,dedup_cvq:mtme_MEE-refA,cvq,0.907
ende,25,0.01,dedup_cvu:mtme_MEE-refA,cvu,0.91
ende,25,0.01,weighted_cvl:mtme_MEE-refA,cvl,0.905
ende,25,0.01,weighted_cvq:mtme_MEE-refA,cvq,0.9005
ende,25,0.01,weighted_cvu:mtme_MEE-refA,cvu,0.9035
ende,25,0.01,dedup_cvl:mtme_MEE2-refA,cvl,0.9065
ende,25,0.01,dedup_cvq:mtme_MEE2-refA,cvq,0.9055
ende,25,0.01,dedup_cvu:mtme_MEE2-refA,cvu,0.909
ende,25,0.01,weighted_cvl:mtme_MEE2-refA,cvl,0.8985
ende,25,0.01,weighted_cvq:mtme_MEE2-refA,cvq,0.8945
ende,25,0.01,weighted_cvu:mtme_MEE2-refA,cvu,0.8995
ende,25,0.01,dedup_cvl:mtme_MEE4-refA,cvl,0.9055
ende,25,0.01,dedup_cvq:mtme_MEE4-refA,cvq,0.902
ende,25,0.01,dedup_cvu:mtme_MEE4-refA,cvu,0.9045
ende,25,0.01,weighted_cvl:mtme_MEE4-refA,cvl,0.8965
ende,25,0.01,weighted_cvq:mtme_MEE4-refA,cvq,0.895
ende,25,0.01,weighted_cvu:mtme_MEE4-refA,cvu,0.897
ende,25,0.01,dedup_cvl:mtme_MS-COMET-22-refA,cvl,0.9045
ende,25,0.01,dedup_cvq:mtme_MS-COMET-22-refA,cvq,0.899
ende,25,0.01,dedup_cvu:mtme_MS-COMET-22-refA,cvu,0.902
ende,25,0.01,weighted_cvl:mtme_MS-COMET-22-refA,cvl,0.909
ende,25,0.01,weighted_cvq:mtme_MS-COMET-22-refA,cvq,0.9005
ende,25,0.01,weighted_cvu:mtme_MS-COMET-22-refA,cvu,0.9115
ende,25,0.01,dedup_cvl:mtme_MS-COMET-QE-22-src,cvl,0.9035
ende,25,0.01,dedup_cvq:mtme_MS-COMET-QE-22-src,cvq,0.912
ende,25,0.01,dedup_cvu:mtme_MS-COMET-QE-22-src,cvu,0.9095
ende,25,0.01,weighted_cvl:mtme_MS-COMET-QE-22-src,cvl,0.9075
ende,25,0.01,weighted_cvq:mtme_MS-COMET-QE-22-src,cvq,0.894
ende,25,0.01,weighted_cvu:mtme_MS-COMET-QE-22-src,cvu,0.9085
ende,25,0.01,dedup_cvl:mtme_REUSE-src,cvl,0.9055
ende,25,0.01,dedup_cvq:mtme_REUSE-src,cvq,0.908
ende,25,0.01,dedup_cvu:mtme_REUSE-src,cvu,0.9075
ende,25,0.01,weighted_cvl:mtme_REUSE-src,cvl,0.897
ende,25,0.01,weighted_cvq:mtme_REUSE-src,cvq,0.8975
ende,25,0.01,weighted_cvu:mtme_REUSE-src,cvu,0.898
ende,25,0.01,dedup_cvl:mtme_SEScore-refA,cvl,0.902
ende,25,0.01,dedup_cvq:mtme_SEScore-refA,cvq,0.909
ende,25,0.01,dedup_cvu:mtme_SEScore-refA,cvu,0.9025
ende,25,0.01,weighted_cvl:mtme_SEScore-refA,cvl,0.8955
ende,25,0.01,weighted_cvq:mtme_SEScore-refA,cvq,0.8975
ende,25,0.01,weighted_cvu:mtme_SEScore-refA,cvu,0.9
ende,25,0.01,dedup_cvl:mtme_UniTE-ref-refA,cvl,0.9
ende,25,0.01,dedup_cvq:mtme_UniTE-ref-refA,cvq,0.91
ende,25,0.01,dedup_cvu:mtme_UniTE-ref-refA,cvu,0.906
ende,25,0.01,weighted_cvl:mtme_UniTE-ref-refA,cvl,0.9045
ende,25,0.01,weighted_cvq:mtme_UniTE-ref-refA,cvq,0.905
ende,25,0.01,weighted_cvu:mtme_UniTE-ref-refA,cvu,0.9075
ende,25,0.01,dedup_cvl:mtme_UniTE-refA,cvl,0.9
ende,25,0.01,dedup_cvq:mtme_UniTE-refA,cvq,0.9085
ende,25,0.01,dedup_cvu:mtme_UniTE-refA,cvu,0.903
ende,25,0.01,weighted_cvl:mtme_UniTE-refA,cvl,0.9075
ende,25,0.01,weighted_cvq:mtme_UniTE-refA,cvq,0.9025
ende,25,0.01,weighted_cvu:mtme_UniTE-refA,cvu,0.908
ende,25,0.01,dedup_cvl:mtme_UniTE-src-src,cvl,0.9055
ende,25,0.01,dedup_cvq:mtme_UniTE-src-src,cvq,0.9045
ende,25,0.01,dedup_cvu:mtme_UniTE-src-src,cvu,0.907
ende,25,0.01,weighted_cvl:mtme_UniTE-src-src,cvl,0.9025
ende,25,0.01,weighted_cvq:mtme_UniTE-src-src,cvq,0.908
ende,25,0.01,weighted_cvu:mtme_UniTE-src-src,cvu,0.9055
ende,25,0.01,dedup_cvl:mtme_YiSi-1-refA,cvl,0.9085
ende,25,0.01,dedup_cvq:mtme_YiSi-1-refA,cvq,0.905
ende,25,0.01,dedup_cvu:mtme_YiSi-1-refA,cvu,0.908
ende,25,0.01,weighted_cvl:mtme_YiSi-1-refA,cvl,0.8975
ende,25,0.01,weighted_cvq:mtme_YiSi-1-refA,cvq,0.8965
ende,25,0.01,weighted_cvu:mtme_YiSi-1-refA,cvu,0.899
ende,25,0.01,dedup_cvl:mtme_chrF-refA,cvl,0.9055
ende,25,0.01,dedup_cvq:mtme_chrF-refA,cvq,0.903
ende,25,0.01,dedup_cvu:mtme_chrF-refA,cvu,0.906
ende,25,0.01,weighted_cvl:mtme_chrF-refA,cvl,0.8995
ende,25,0.01,weighted_cvq:mtme_chrF-refA,cvq,0.8995
ende,25,0.01,weighted_cvu:mtme_chrF-refA,cvu,0.9005
ende,25,0.01,dedup_cvl:mtme_f101spBLEU-refA,cvl,0.9025
ende,25,0.01,dedup_cvq:mtme_f101spBLEU-refA,cvq,0.9045
ende,25,0.01,dedup_cvu:mtme_f101spBLEU-refA,cvu,0.902
ende,25,0.01,weighted_cvl:mtme_f101spBLEU-refA,cvl,0.8995
ende,25,0.01,weighted_cvq:mtme_f101spBLEU-refA,cvq,0.8955
ende,25,0.01,weighted_cvu:mtme_f101spBLEU-refA,cvu,0.901
ende,25,0.01,dedup_cvl:mtme_f200spBLEU-refA,cvl,0.903
ende,25,0.01,dedup_cvq:mtme_f200spBLEU-refA,cvq,0.9085
ende,25,0.01,dedup_cvu:mtme_f200spBLEU-refA,cvu,0.904
ende,25,0.01,weighted_cvl:mtme_f200spBLEU-refA,cvl,0.8995
ende,25,0.01,weighted_cvq:mtme_f200spBLEU-refA,cvq,0.8965
ende,25,0.01,weighted_cvu:mtme_f200spBLEU-refA,cvu,0.901
ende,25,0.01,dedup_cvl:mtme_metricx_xl_DA_2019-refA,cvl,0.901
ende,25,0.01,dedup_cvq:mtme_metricx_xl_DA_2019-refA,cvq,0.9045
ende,25,0.01,dedup_cvu:mtme_metricx_xl_DA_2019-refA,cvu,0.8985
ende,25,0.01,weighted_cvl:mtme_metricx_xl_DA_2019-refA,cvl,0.8985
ende,25,0.01,weighted_cvq:mtme_metricx_xl_DA_2019-refA,cvq,0.9
ende,25,0.01,weighted_cvu:mtme_metricx_xl_DA_2019-refA,cvu,0.901
ende,25,0.01,dedup_cvl:mtme_metricx_xl_MQM_2020-refA,cvl,0.897
ende,25,0.01,dedup_cvq:mtme_metricx_xl_MQM_2020-refA,cvq,0.897
ende,25,0.01,dedup_cvu:mtme_metricx_xl_MQM_2020-refA,cvu,0.894
ende,25,0.01,weighted_cvl:mtme_metricx_xl_MQM_2020-refA,cvl,0.89
ende,25,0.01,weighted_cvq:mtme_metricx_xl_MQM_2020-refA,cvq,0.8865
ende,25,0.01,weighted_cvu:mtme_metricx_xl_MQM_2020-refA,cvu,0.892
ende,25,0.01,dedup_cvl:mtme_metricx_xxl_DA_2019-refA,cvl,0.901
ende,25,0.01,dedup_cvq:mtme_metricx_xxl_DA_2019-refA,cvq,0.8995
ende,25,0.01,dedup_cvu:mtme_metricx_xxl_DA_2019-refA,cvu,0.9
ende,25,0.01,weighted_cvl:mtme_metricx_xxl_DA_2019-refA,cvl,0.894
ende,25,0.01,weighted_cvq:mtme_metricx_xxl_DA_2019-refA,cvq,0.8955
ende,25,0.01,weighted_cvu:mtme_metricx_xxl_DA_2019-refA,cvu,0.8955
ende,25,0.01,dedup_cvl:mtme_metricx_xxl_MQM_2020-refA,cvl,0.896
ende,25,0.01,dedup_cvq:mtme_metricx_xxl_MQM_2020-refA,cvq,0.8935
ende,25,0.01,dedup_cvu:mtme_metricx_xxl_MQM_2020-refA,cvu,0.8945
ende,25,0.01,weighted_cvl:mtme_metricx_xxl_MQM_2020-refA,cvl,0.8925
ende,25,0.01,weighted_cvq:mtme_metricx_xxl_MQM_2020-refA,cvq,0.8935
ende,25,0.01,weighted_cvu:mtme_metricx_xxl_MQM_2020-refA,cvu,0.8935
ende,25,0.01,weighted_cvo:mtme_BERTScore-refA,cvo,0.897
ende,25,0.01,weighted_cvo:mtme_BLEU-refA,cvo,0.901
ende,25,0.01,weighted_cvo:mtme_BLEURT-20-refA,cvo,0.9095
ende,25,0.01,weighted_cvo:mtme_COMET-20-refA,cvo,0.909
ende,25,0.01,weighted_cvo:mtme_COMET-22-refA,cvo,0.913
ende,25,0.01,weighted_cvo:mtme_COMET-QE-src,cvo,0.9085
ende,25,0.01,weighted_cvo:mtme_COMETKiwi-src,cvo,0.914
ende,25,0.01,weighted_cvo:mtme_Cross-QE-src,cvo,0.9035
ende,25,0.01,weighted_cvo:mtme_HWTSC-TLM-src,cvo,0.9025
ende,25,0.01,weighted_cvo:mtme_HWTSC-Teacher-Sim-src,cvo,0.902
ende,25,0.01,weighted_cvo:mtme_KG-BERTScore-src,cvo,0.899
ende,25,0.01,weighted_cvo:mtme_MATESE-QE-src,cvo,0.9045
ende,25,0.01,weighted_cvo:mtme_MATESE-refA,cvo,0.9
ende,25,0.01,weighted_cvo:mtme_MEE-refA,cvo,0.903
ende,25,0.01,weighted_cvo:mtme_MEE2-refA,cvo,0.899
ende,25,0.01,weighted_cvo:mtme_MEE4-refA,cvo,0.898
ende,25,0.01,weighted_cvo:mtme_MS-COMET-22-refA,cvo,0.905
ende,25,0.01,weighted_cvo:mtme_MS-COMET-QE-22-src,cvo,0.903
ende,25,0.01,weighted_cvo:mtme_REUSE-src,cvo,0.897
ende,25,0.01,weighted_cvo:mtme_SEScore-refA,cvo,0.8965
ende,25,0.01,weighted_cvo:mtme_UniTE-ref-refA,cvo,0.9115
ende,25,0.01,weighted_cvo:mtme_UniTE-refA,cvo,0.9155
ende,25,0.01,weighted_cvo:mtme_UniTE-src-src,cvo,0.913
ende,25,0.01,weighted_cvo:mtme_YiSi-1-refA,cvo,0.9015
ende,25,0.01,weighted_cvo:mtme_chrF-refA,cvo,0.899
ende,25,0.01,weighted_cvo:mtme_f101spBLEU-refA,cvo,0.897
ende,25,0.01,weighted_cvo:mtme_f200spBLEU-refA,cvo,0.8985
ende,25,0.01,weighted_cvo:mtme_metricx_xl_DA_2019-refA,cvo,0.9085
ende,25,0.01,weighted_cvo:mtme_metricx_xl_MQM_2020-refA,cvo,0.904
ende,25,0.01,weighted_cvo:mtme_metricx_xxl_DA_2019-refA,cvo,0.9085
ende,25,0.01,weighted_cvo:mtme_metricx_xxl_MQM_2020-refA,cvo,0.903
ende,25,0.02,uniform,human,0.9035
ende,25,0.02,dedup,human,0.9085
ende,25,0.02,weighted,human,0.897
ende,25,0.02,dedup_cvl:mtme_BERTScore-refA,cvl,0.9035
ende,25,0.02,dedup_cvq:mtme_BERTScore-refA,cvq,0.9
ende,25,0.02,dedup_cvu:mtme_BERTScore-refA,cvu,0.903
ende,25,0.02,weighted_cvl:mtme_BERTScore-refA,cvl,0.8955
ende,25,0.02,weighted_cvq:mtme_BERTScore-refA,cvq,0.8925
ende,25,0.02,weighted_cvu:mtme_BERTScore-refA,cvu,0.8985
ende,25,0.02,dedup_cvl:mtme_BLEU-refA,cvl,0.9095
ende,25,0.02,dedup_cvq:mtme_BLEU-refA,cvq,0.9055
ende,25,0.02,dedup_cvu:mtme_BLEU-refA,cvu,0.908
ende,25,0.02,weighted_cvl:mtme_BLEU-refA,cvl,0.9
ende,25,0.02,weighted_cvq:mtme_BLEU-refA,cvq,0.897
ende,25,0.02,weighted_cvu:mtme_BLEU-refA,cvu,0.8985
ende,25,0.02,dedup_cvl:mtme_BLEURT-20-refA,cvl,0.9135
ende,25,0.02,dedup_cvq:mtme_BLEURT-20-refA,cvq,0.9155
ende,25,0.02,dedup_cvu:mtme_BLEURT-20-refA,cvu,0.9155
ende,25,0.02,weighted_cvl:mtme_BLEURT-20-refA,cvl,0.902
ende,25,0.02,weighted_cvq:mtme_BLEURT-20-refA,cvq,0.907
ende,25,0.02,weighted_cvu:mtme_BLEURT-20-refA,cvu,0.906
ende,25,0.02,dedup_cvl:mtme_COMET-20-refA,cvl,0.9045
ende,25,0.02,dedup_cvq:mtme_COMET-20-refA,cvq,0.9065
ende,25,0.02,dedup_cvu:mtme_COMET-20-refA,cvu,0.9065
ende,25,0.02,weighted_cvl:mtme_COMET-20-refA,cvl,0.9025
ende,25,0.02,weighted_cvq:mtme_COMET-20-refA,cvq,0.9025
ende,25,0.02,weighted_cvu:mtme_COMET-20-refA,cvu,0.9065
ende,25,0.02,dedup_cvl:mtme_COMET-22-refA,cvl,0.903
ende,25,0.02,dedup_cvq:mtme_COMET-22-refA,cvq,0.898
ende,25,0.02,dedup_cvu:mtme_COMET-22-refA,cvu,0.9015
ende,25,0.02,weighted_cvl:mtme_COMET-22-refA,cvl,0.902
ende,25,0.02,weighted_cvq:mtme_COMET-22-refA,cvq,0.8985
ende,25,0.02,weighted_cvu:mtme_COMET-22-refA,cvu,0.8995
ende,25,0.02,dedup_cvl:mtme_COMET-QE-src,cvl,0.907
ende,25,0.02,dedup_cvq:mtme_COMET-QE-src,cvq,0.9105
ende,25,0.02,dedup_cvu:mtme_COMET-QE-src,cvu,0.908
ende,25,0.02,weighted_cvl:mtme_COMET-QE-src,cvl,0.8995
ende,25,0.02,weighted_cvq:mtme_COMET-QE-src,cvq,0.9025
ende,25,0.02,weighted_cvu:mtme_COMET-QE-src,cvu,0.903
ende,25,0.02,dedup_cvl:mtme_COMETKiwi-src,cvl,0.9085
ende,25,0.02,dedup_cvq:mtme_COMETKiwi-src,cvq,0.907
ende,25,0.02,dedup_cvu:mtme_COMETKiwi-src,cvu,0.909
ende,25,0.02,weighted_cvl:mtme_COMETKiwi-src,cvl,0.9075
ende,25,0.02,weighted_cvq:mtme_COMETKiwi-src,cvq,0.9045
ende,25,0.02,weighted_cvu:mtme_COMETKiwi-src,cvu,0.9065
ende,25,0.02,dedup_cvl:mtme_Cross-QE-src,cvl,0.918
ende,25,0.02,dedup_cvq:mtme_Cross-QE-src,cvq,0.913
ende,25,0.02,dedup_cvu:mtme_Cross-QE-src,cvu,0.9165
ende,25,0.02,weighted_cvl:mtme_Cross-QE-src,cvl,0.9
ende,25,0.02,weighted_cvq:mtme_Cross-QE-src,cvq,0.9025
ende,25,0.02,weighted_cvu:mtme_Cross-QE-src,cvu,0.904
ende,25,0.02,dedup_cvl:mtme_HWTSC-TLM-src,cvl,0.908
ende,25,0.02,dedup_cvq:mtme_HWTSC-TLM-src,cvq,0.907
ende,25,0.02,dedup_cvu:mtme_HWTSC-TLM-src,cvu,0.9105
ende,25,0.02,weighted_cvl:mtme_HWTSC-TLM-src,cvl,0.9025
ende,25,0.02,weighted_cvq:mtme_HWTSC-TLM-src,cvq,0.899
ende,25,0.02,weighted_cvu:mtme_HWTSC-TLM-src,cvu,0.9045
ende,25,0.02,dedup_cvl:mtme_HWTSC-Teacher-Sim-src,cvl,0.913
ende,25,0.02,dedup_cvq:mtme_HWTSC-Teacher-Sim-src,cvq,0.91
ende,25,0.02,dedup_cvu:mtme_HWTSC-Teacher-Sim-src,cvu,0.9115
ende,25,0.02,weighted_cvl:mtme_HWTSC-Teacher-Sim-src,cvl,0.9035
ende,25,0.02,weighted_cvq:mtme_HWTSC-Teacher-Sim-src,cvq,0.8995
ende,25,0.02,weighted_cvu:mtme_HWTSC-Teacher-Sim-src,cvu,0.903
ende,25,0.02,dedup_cvl:mtme_KG-BERTScore-src,cvl,0.911
ende,25,0.02,dedup_cvq:mtme_KG-BERTScore-src,cvq,0.9075
ende,25,0.02,dedup_cvu:mtme_KG-BERTScore-src,cvu,0.9105
ende,25,0.02,weighted_cvl:mtme_KG-BERTScore-src,cvl,0.901
ende,25,0.02,weighted_cvq:mtme_KG-BERTScore-src,cvq,0.9025
ende,25,0.02,weighted_cvu:mtme_KG-BERTScore-src,cvu,0.9015
ende,25,0.02,dedup_cvl:mtme_MATESE-QE-src,cvl,0.903
ende,25,0.02,dedup_cvq:mtme_MATESE-QE-src,cvq,0.901
ende,25,0.02,dedup_cvu:mtme_MATESE-QE-src,cvu,0.902
ende,25,0.02,weighted_cvl:mtme_MATESE-QE-src,cvl,0.8985
ende,25,0.02,weighted_cvq:mtme_MATESE-QE-src,cvq,0.8955
ende,25,0.02,weighted_cvu:mtme_MATESE-QE-src,cvu,0.8975
ende,25,0.02,dedup_cvl:mtme_MATESE-refA,cvl,0.898
ende,25,0.02,dedup_cvq:mtme_MATESE-refA,cvq,0.8995
ende,25,0.02,dedup_cvu:mtme_MATESE-refA,cvu,0.8975
ende,25,0.02,weighted_cvl:mtme_MATESE-refA,cvl,0.8965
ende,25,0.02,weighted_cvq:mtme_MATESE-refA,cvq,0.8995
ende,25,0.02,weighted_cvu:mtme_MATESE-refA,cvu,0.8995
ende,25,0.02,dedup_cvl:mtme_MEE-refA,cvl,0.9115
ende,25,0.02,dedup_cvq:mtme_MEE-refA,cvq,0.907
ende,25,0.02,dedup_cvu:mtme_MEE-refA,cvu,0.91
ende,25,0.02,weighted_cvl:mtme_MEE-refA,cvl,0.905
ende,25,0.02,weighted_cvq:mtme_MEE-refA,cvq,0.9005
ende,25,0.02,weighted_cvu:mtme_MEE-refA,cvu,0.9035
ende,25,0.02,dedup_cvl:mtme_MEE2-refA,cvl,0.9065
ende,25,0.02,dedup_cvq:mtme_MEE2-refA,cvq,0.9055
ende,25,0.02,dedup_cvu:mtme_MEE2-refA,cvu,0.909
ende,25,0.02,weighted_cvl:mtme_MEE2-refA,cvl,0.8985
ende,25,0.02,weighted_cvq:mtme_MEE2-refA,cvq,0.8945
ende,25,0.02,weighted_cvu:mtme_MEE2-refA,cvu,0.8995
ende,25,0.02,dedup_cvl:mtme_MEE4-refA,cvl,0.9055
ende,25,0.02,dedup_cvq:mtme_MEE4-refA,cvq,0.902
ende,25,0.02,dedup_cvu:mtme_MEE4-refA,cvu,0.9045
ende,25,0.02,weighted_cvl:mtme_MEE4-refA,cvl,0.8965
ende,25,0.02,weighted_cvq:mtme_MEE4-refA,cvq,0.895
ende,25,0.02,weighted_cvu:mtme_MEE4-refA,cvu,0.897
ende,25,0.02,dedup_cvl:mtme_MS-COMET-22-refA,cvl,0.906
ende,25,0.02,dedup_cvq:mtme_MS-COMET-22-refA,cvq,0.899
ende,25,0.02,dedup_cvu:mtme_MS-COMET-22-refA,cvu,0.904
ende,25,0.02,weighted_cvl:mtme_MS-COMET-22-refA,cvl,0.9005
ende,25,0.02,weighted_cvq:mtme_MS-COMET-22-refA,cvq,0.9005
ende,25,0.02,weighted_cvu:mtme_MS-COMET-22-refA,cvu,0.902
ende,25,0.02,dedup_cvl:mtme_MS-COMET-QE-22-src,cvl,0.9135
ende,25,0.02,dedup_cvq:mtme_MS-COMET-QE-22-src,cvq,0.912
ende,25,0.02,dedup_cvu:mtme_MS-COMET-QE-22-src,cvu,0.9135
ende,25,0.02,weighted_cvl:mtme_MS-COMET-QE-22-src,cvl,0.895
ende,25,0.02,weighted_cvq:mtme_MS-COMET-QE-22-src,cvq,0.894
ende,25,0.02,weighted_cvu:mtme_MS-COMET-QE-22-src,cvu,0.8965
ende,25,0.02,dedup_cvl:mtme_REUSE-src,cvl,0.9075
ende,25,0.02,dedup_cvq:mtme_REUSE-src,cvq,0.908
ende,25,0.02,dedup_cvu:mtme_REUSE-src,cvu,0.9075
ende,25,0.02,weighted_cvl:mtme_REUSE-src,cvl,0.897
ende,25,0.02,weighted_cvq:mtme_REUSE-src,cvq,0.8975
ende,25,0.02,weighted_cvu:mtme_REUSE-src,cvu,0.898
ende,25,0.02,dedup_cvl:mtme_SEScore-refA,cvl,0.908
ende,25,0.02,dedup_cvq:mtme_SEScore-refA,cvq,0.909
ende,25,0.02,dedup_cvu:mtme_SEScore-refA,cvu,0.912
ende,25,0.02,weighted_cvl:mtme_SEScore-refA,cvl,0.8955
ende,25,0.02,weighted_cvq:mtme_SEScore-refA,cvq,0.8975
ende,25,0.02,weighted_cvu:mtme_SEScore-refA,cvu,0.9
ende,25,0.02,dedup_cvl:mtme_UniTE-ref-refA,cvl,0.911
ende,25,0.02,dedup_cvq:mtme_UniTE-ref-refA,cvq,0.91
ende,25,0.02,dedup_cvu:mtme_UniTE-ref-refA,cvu,0.913
ende,25,0.02,weighted_cvl:mtme_UniTE-ref-refA,cvl,0.9075
ende,25,0.02,weighted_cvq:mtme_UniTE-ref-refA,cvq,0.905
ende,25,0.02,weighted_cvu:mtme_UniTE-ref-refA,cvu,0.9075
ende,25,0.02,dedup_cvl:mtme_UniTE-refA,cvl,0.9145
ende,25,0.02,dedup_cvq:mtme_UniTE-refA,cvq,0.9085
ende,25,0.02,dedup_cvu:mtme_UniTE-refA,cvu,0.9165
ende,25,0.02,weighted_cvl:mtme_UniTE-refA,cvl,0.9035
ende,25,0.02,weighted_cvq:mtme_UniTE-refA,cvq,0.9025
ende,25,0.02,weighted_cvu:mtme_UniTE-refA,cvu,0.905
ende,25,0.02,dedup_cvl:mtme_UniTE-src-src,cvl,0.9155
ende,25,0.02,dedup_cvq:mtme_UniTE-src-src,cvq,0.9185
ende,25,0.02,dedup_cvu:mtme_UniTE-src-src,cvu,0.9165
ende,25,0.02,weighted_cvl:mtme_UniTE-src-src,cvl,0.904
ende,25,0.02,weighted_cvq:mtme_UniTE-src-src,cvq,0.908
ende,25,0.02,weighted_cvu:mtme_UniTE-src-src,cvu,0.9065
ende,25,0.02,dedup_cvl:mtme_YiSi-1-refA,cvl,0.9085
ende,25,0.02,dedup_cvq:mtme_YiSi-1-refA,cvq,0.905
ende,25,0.02,dedup_cvu:mtme_YiSi-1-refA,cvu,0.908
ende,25,0.02,weighted_cvl:mtme_YiSi-1-refA,cvl,0.8975
ende,25,0.02,weighted_cvq:mtme_YiSi-1-refA,cvq,0.8965
ende,25,0.02,weighted_cvu:mtme_YiSi-1-refA,cvu,0.899
ende,25,0.02,dedup_cvl:mtme_chrF-refA,cvl,0.9055
ende,25,0.02,dedup_cvq:mtme_chrF-refA,cvq,0.903
ende,25,0.02,dedup_cvu:mtme_chrF-refA,cvu,0.906
ende,25,0.02,weighted_cvl:mtme_chrF-refA,cvl,0.8995
ende,25,0.02,weighted_cvq:mtme_chrF-refA,cvq,0.8995
ende,25,0.02,weighted_cvu:mtme_chrF-refA,cvu,0.9005
ende,25,0.02,dedup_cvl:mtme_f101spBLEU-refA,cvl,0.907
ende,25,0.02,dedup_cvq:mtme_f101spBLEU-refA,cvq,0.9045
ende,25,0.02,dedup_cvu:mtme_f101spBLEU-refA,cvu,0.907
ende,25,0.02,weighted_cvl:mtme_f101spBLEU-refA,cvl,0.8995
ende,25,0.02,weighted_cvq:mtme_f101spBLEU-refA,cvq,0.8955
ende,25,0.02,weighted_cvu:mtme_f101spBLEU-refA,cvu,0.901
ende,25,0.02,dedup_cvl:mtme_f200spBLEU-refA,cvl,0.9115
ende,25,0.02,dedup_cvq:mtme_f200spBLEU-refA,cvq,0.9085
ende,25,0.02,dedup_cvu:mtme_f200spBLEU-refA,cvu,0.911
ende,25,0.02,weighted_cvl:mtme_f200spBLEU-refA,cvl,0.8995
ende,25,0.02,weighted_cvq:mtme_f200spBLEU-refA,cvq,0.8965
ende,25,0.02,weighted_cvu:mtme_f200spBLEU-refA,cvu,0.901
ende,25,0.02,dedup_cvl:mtme_metricx_xl_DA_2019-refA,cvl,0.906
ende,25,0.02,dedup_cvq:mtme_metricx_xl_DA_2019-refA,cvq,0.9045
ende,25,0.02,dedup_cvu:mtme_metricx_xl_DA_2019-refA,cvu,0.904
ende,25,0.02,weighted_cvl:mtme_metricx_xl_DA_2019-refA,cvl,0.8985
ende,25,0.02,weighted_cvq:mtme_metricx_xl_DA_2019-refA,cvq,0.9
ende,25,0.02,weighted_cvu:mtme_metricx_xl_DA_2019-refA,cvu,0.901
ende,25,0.02,dedup_cvl:mtme_metricx_xl_MQM_2020-refA,cvl,0.896
ende,25,0.02,dedup_cvq:mtme_metricx_xl_MQM_2020-refA,cvq,0.897
ende,25,0.02,dedup_cvu:mtme_metricx_xl_MQM_2020-refA,cvu,0.899
ende,25,0.02,weighted_cvl:mtme_metricx_xl_MQM_2020-refA,cvl,0.89
ende,25,0.02,weighted_cvq:mtme_metricx_xl_MQM_2020-refA,cvq,0.8865
ende,25,0.02,weighted_cvu:mtme_metricx_xl_MQM_2020-refA,cvu,0.892
ende,25,0.02,dedup_cvl:mtme_metricx_xxl_DA_2019-refA,cvl,0.901
ende,25,0.02,dedup_cvq:mtme_metricx_xxl_DA_2019-refA,cvq,0.8995
ende,25,0.02,dedup_cvu:mtme_metricx_xxl_DA_2019-refA,cvu,0.9
ende,25,0.02,weighted_cvl:mtme_metricx_xxl_DA_2019-refA,cvl,0.894
ende,25,0.02,weighted_cvq:mtme_metricx_xxl_DA_2019-refA,cvq,0.8955
ende,25,0.02,weighted_cvu:mtme_metricx_xxl_DA_2019-refA,cvu,0.8955
ende,25,0.02,dedup_cvl:mtme_metricx_xxl_MQM_2020-refA,cvl,0.896
ende,25,0.02,dedup_cvq:mtme_metricx_xxl_MQM_2020-refA,cvq,0.8935
ende,25,0.02,dedup_cvu:mtme_metricx_xxl_MQM_2020-refA,cvu,0.8945
ende,25,0.02,weighted_cvl:mtme_metricx_xxl_MQM_2020-refA,cvl,0.8925
ende,25,0.02,weighted_cvq:mtme_metricx_xxl_MQM_2020-refA,cvq,0.8935
ende,25,0.02,weighted_cvu:mtme_metricx_xxl_MQM_2020-refA,cvu,0.8935
ende,25,0.02,weighted_cvo:mtme_BERTScore-refA,cvo,0.897
ende,25,0.02,weighted_cvo:mtme_BLEU-refA,cvo,0.901
ende,25,0.02,weighted_cvo:mtme_BLEURT-20-refA,cvo,0.9095
ende,25,0.02,weighted_cvo:mtme_COMET-20-refA,cvo,0.909
ende,25,0.02,weighted_cvo:mtme_COMET-22-refA,cvo,0.913
ende,25,0.02,weighted_cvo:mtme_COMET-QE-src,cvo,0.9085
ende,25,0.02,weighted_cvo:mtme_COMETKiwi-src,cvo,0.914
ende,25,0.02,weighted_cvo:mtme_Cross-QE-src,cvo,0.9035
ende,25,0.02,weighted_cvo:mtme_HWTSC-TLM-src,cvo,0.9025
ende,25,0.02,weighted_cvo:mtme_HWTSC-Teacher-Sim-src,cvo,0.902
ende,25,0.02,weighted_cvo:mtme_KG-BERTScore-src,cvo,0.899
ende,25,0.02,weighted_cvo:mtme_MATESE-QE-src,cvo,0.9045
ende,25,0.02,weighted_cvo:mtme_MATESE-refA,cvo,0.9
ende,25,0.02,weighted_cvo:mtme_MEE-refA,cvo,0.903
ende,25,0.02,weighted_cvo:mtme_MEE2-refA,cvo,0.899
ende,25,0.02,weighted_cvo:mtme_MEE4-refA,cvo,0.898
ende,25,0.02,weighted_cvo:mtme_MS-COMET-22-refA,cvo,0.905
ende,25,0.02,weighted_cvo:mtme_MS-COMET-QE-22-src,cvo,0.903
ende,25,0.02,weighted_cvo:mtme_REUSE-src,cvo,0.897
ende,25,0.02,weighted_cvo:mtme_SEScore-refA,cvo,0.8965
ende,25,0.02,weighted_cvo:mtme_UniTE-ref-refA,cvo,0.9115
ende,25,0.02,weighted_cvo:mtme_UniTE-refA,cvo,0.9155
ende,25,0.02,weighted_cvo:mtme_UniTE-src-src,cvo,0.913
ende,25,0.02,weighted_cvo:mtme_YiSi-1-refA,cvo,0.9015
ende,25,0.02,weighted_cvo:mtme_chrF-refA,cvo,0.899
ende,25,0.02,weighted_cvo:mtme_f101spBLEU-refA,cvo,0.897
ende,25,0.02,weighted_cvo:mtme_f200spBLEU-refA,cvo,0.8985
ende,25,0.02,weighted_cvo:mtme_metricx_xl_DA_2019-refA,cvo,0.9085
ende,25,0.02,weighted_cvo:mtme_metricx_xl_MQM_2020-refA,cvo,0.904
ende,25,0.02,weighted_cvo:mtme_metricx_xxl_DA_2019-refA,cvo,0.9085
ende,25,0.02,weighted_cvo:mtme_metricx_xxl_MQM_2020-refA,cvo,0.903
ende,34,0.01,uniform,human,0.8855
ende,34,0.01,dedup,human,0.9
ende,34,0.01,weighted,human,0.892
ende,34,0.01,dedup_cvl:mtme_BERTScore-refA,cvl,0.902
ende,34,0.01,dedup_cvq:mtme_BERTScore-refA,cvq,0.8995
ende,34,0.01,dedup_cvu:mtme_BERTScore-refA,cvu,0.902
ende,34,0.01,weighted_cvl:mtme_BERTScore-refA,cvl,0.8895
ende,34,0.01,weighted_cvq:mtme_BERTScore-refA,cvq,0.89
ende,34,0.01,weighted_cvu:mtme_BERTScore-refA,cvu,0.8915
ende,34,0.01,dedup_cvl:mtme_BLEU-refA,cvl,0.903
ende,34,0.01,dedup_cvq:mtme_BLEU-refA,cvq,0.8995
ende,34,0.01,dedup_cvu:mtme_BLEU-refA,cvu,0.903
ende,34,0.01,weighted_cvl:mtme_BLEU-refA,cvl,0.89
ende,34,0.01,weighted_cvq:mtme_BLEU-refA,cvq,0.8865
ende,34,0.01,weighted_cvu:mtme_BLEU-refA,cvu,0.891
ende,34,0.01,dedup_cvl:mtme_BLEURT-20-refA,cvl,0.8945
ende,34,0.01,dedup_cvq:mtme_BLEURT-20-refA,cvq,0.897
ende,34,0.01,dedup_cvu:mtme_BLEURT-20-refA,cvu,0.896
ende,34,0.01,weighted_cvl:mtme_BLEURT-20-refA,cvl,0.8885
ende,34,0.01,weighted_cvq:mtme_BLEURT-20-refA,cvq,0.885
ende,34,0.01,weighted_cvu:mtme_BLEURT-20-refA,cvu,0.888
ende,34,0.01,dedup_cvl:mtme_COMET-20-refA,cvl,0.894
ende,34,0.01,dedup_cvq:mtme_COMET-20-refA,cvq,0.8925
ende,34,0.01,dedup_cvu:mtme_COMET-20-refA,cvu,0.894
ende,34,0.01,weighted_cvl:mtme_COMET-20-refA,cvl,0.8875
ende,34,0.01,weighted_cvq:mtme_COMET-20-refA,cvq,0.882
ende,34,0.01,weighted_cvu:mtme_COMET-20-refA,cvu,0.888
ende,34,0.01,dedup_cvl:mtme_COMET-22-refA,cvl,0.8925
ende,34,0.01,dedup_cvq:mtme_COMET-22-refA,cvq,0.8855
ende,34,0.01,dedup_cvu:mtme_COMET-22-refA,cvu,0.8935
ende,34,0.01,weighted_cvl:mtme_COMET-22-refA,cvl,0.8915
ende,34,0.01,weighted_cvq:mtme_COMET-22-refA,cvq,0.8905
ende,34,0.01,weighted_cvu:mtme_COMET-22-refA,cvu,0.8875
ende,34,0.01,dedup_cvl:mtme_COMET-QE-src,cvl,0.8965
ende,34,0.01,dedup_cvq:mtme_COMET-QE-src,cvq,0.895
ende,34,0.01,dedup_cvu:mtme_COMET-QE-src,cvu,0.8945
ende,34,0.01,weighted_cvl:mtme_COMET-QE-src,cvl,0.885
ende,34,0.01,weighted_cvq:mtme_COMET-QE-src,cvq,0.886
ende,34,0.01,weighted_cvu:mtme_COMET-QE-src,cvu,0.8845
ende,34,0.01,dedup_cvl:mtme_COMETKiwi-src,cvl,0.891
ende,34,0.01,dedup_cvq:mtme_COMETKiwi-src,cvq,0.888
ende,34,0.01,dedup_cvu:mtme_COMETKiwi-src,cvu,0.8855
ende,34,0.01,weighted_cvl:mtme_COMETKiwi-src,cvl,0.889
ende,34,0.01,weighted_cvq:mtme_COMETKiwi-src,cvq,0.8925
ende,34,0.01,weighted_cvu:mtme_COMETKiwi-src,cvu,0.8905
ende,34,0.01,dedup_cvl:mtme_Cross-QE-src,cvl,0.893
ende,34,0.01,dedup_cvq:mtme_Cross-QE-src,cvq,0.893
ende,34,0.01,dedup_cvu:mtme_Cross-QE-src,cvu,0.893
ende,34,0.01,weighted_cvl:mtme_Cross-QE-src,cvl,0.891
ende,34,0.01,weighted_cvq:mtme_Cross-QE-src,cvq,0.8865
ende,34,0.01,weighted_cvu:mtme_Cross-QE-src,cvu,0.889
ende,34,0.01,dedup_cvl:mtme_HWTSC-TLM-src,cvl,0.9
ende,34,0.01,dedup_cvq:mtme_HWTSC-TLM-src,cvq,0.8985
ende,34,0.01,dedup_cvu:mtme_HWTSC-TLM-src,cvu,0.899
ende,34,0.01,weighted_cvl:mtme_HWTSC-TLM-src,cvl,0.8915
ende,34,0.01,weighted_cvq:mtme_HWTSC-TLM-src,cvq,0.89
ende,34,0.01,weighted_cvu:mtme_HWTSC-TLM-src,cvu,0.8925
ende,34,0.01,dedup_cvl:mtme_HWTSC-Teacher-Sim-src,cvl,0.897
ende,34,0.01,dedup_cvq:mtme_HWTSC-Teacher-Sim-src,cvq,0.8985
ende,34,0.01,dedup_cvu:mtme_HWTSC-Teacher-Sim-src,cvu,0.898
ende,34,0.01,weighted_cvl:mtme_HWTSC-Teacher-Sim-src,cvl,0.8925
ende,34,0.01,weighted_cvq:mtme_HWTSC-Teacher-Sim-src,cvq,0.8915
ende,34,0.01,weighted_cvu:mtme_HWTSC-Teacher-Sim-src,cvu,0.892
ende,34,0.01,dedup_cvl:mtme_KG-BERTScore-src,cvl,0.8995
ende,34,0.01,dedup_cvq:mtme_KG-BERTScore-src,cvq,0.902
ende,34,0.01,dedup_cvu:mtme_KG-BERTScore-src,cvu,0.9025
ende,34,0.01,weighted_cvl:mtme_KG-BERTScore-src,cvl,0.8955
ende,34,0.01,weighted_cvq:mtme_KG-BERTScore-src,cvq,0.894
ende,34,0.01,weighted_cvu:mtme_KG-BERTScore-src,cvu,0.8945
ende,34,0.01,dedup_cvl:mtme_MATESE-QE-src,cvl,0.8925
ende,34,0.01,dedup_cvq:mtme_MATESE-QE-src,cvq,0.893
ende,34,0.01,dedup_cvu:mtme_MATESE-QE-src,cvu,0.893
ende,34,0.01,weighted_cvl:mtme_MATESE-QE-src,cvl,0.889
ende,34,0.01,weighted_cvq:mtme_MATESE-QE-src,cvq,0.8835
ende,34,0.01,weighted_cvu:mtme_MATESE-QE-src,cvu,0.8835
ende,34,0.01,dedup_cvl:mtme_MATESE-refA,cvl,0.9015
ende,34,0.01,dedup_cvq:mtme_MATESE-refA,cvq,0.896
ende,34,0.01,dedup_cvu:mtme_MATESE-refA,cvu,0.9005
ende,34,0.01,weighted_cvl:mtme_MATESE-refA,cvl,0.8935
ende,34,0.01,weighted_cvq:mtme_MATESE-refA,cvq,0.887
ende,34,0.01,weighted_cvu:mtme_MATESE-refA,cvu,0.8935
ende,34,0.01,dedup_cvl:mtme_MEE-refA,cvl,0.901
ende,34,0.01,dedup_cvq:mtme_MEE-refA,cvq,0.9
ende,34,0.01,dedup_cvu:mtme_MEE-refA,cvu,0.906
ende,34,0.01,weighted_cvl:mtme_MEE-refA,cvl,0.895
ende,34,0.01,weighted_cvq:mtme_MEE-refA,cvq,0.8875
ende,34,0.01,weighted_cvu:mtme_MEE-refA,cvu,0.8935
ende,34,0.01,dedup_cvl:mtme_MEE2-refA,cvl,0.904
ende,34,0.01,dedup_cvq:mtme_MEE2-refA,cvq,0.899
ende,34,0.01,dedup_cvu:mtme_MEE2-refA,cvu,0.904
ende,34,0.01,weighted_cvl:mtme_MEE2-refA,cvl,0.895
ende,34,0.01,weighted_cvq:mtme_MEE2-refA,cvq,0.892
ende,34,0.01,weighted_cvu:mtme_MEE2-refA,cvu,0.8955
ende,34,0.01,dedup_cvl:mtme_MEE4-refA,cvl,0.903
ende,34,0.01,dedup_cvq:mtme_MEE4-refA,cvq,0.901
ende,34,0.01,dedup_cvu:mtme_MEE4-refA,cvu,0.909
ende,34,0.01,weighted_cvl:mtme_MEE4-refA,cvl,0.898
ende,34,0.01,weighted_cvq:mtme_MEE4-refA,cvq,0.8945
ende,34,0.01,weighted_cvu:mtme_MEE4-refA,cvu,0.8975
ende,34,0.01,dedup_cvl:mtme_MS-COMET-22-refA,cvl,0.898
ende,34,0.01,dedup_cvq:mtme_MS-COMET-22-refA,cvq,0.899
ende,34,0.01,dedup_cvu:mtme_MS-COMET-22-refA,cvu,0.897
ende,34,0.01,weighted_cvl:mtme_MS-COMET-22-refA,cvl,0.887
ende,34,0.01,weighted_cvq:mtme_MS-COMET-22-refA,cvq,0.8865
ende,34,0.01,weighted_cvu:mtme_MS-COMET-22-refA,cvu,0.883
ende,34,0.01,dedup_cvl:mtme_MS-COMET-QE-22-src,cvl,0.9
ende,34,0.01,dedup_cvq:mtme_MS-COMET-QE-22-src,cvq,0.897
ende,34,0.01,dedup_cvu:mtme_MS-COMET-QE-22-src,cvu,0.8995
ende,34,0.01,weighted_cvl:mtme_MS-COMET-QE-22-src,cvl,0.8915
ende,34,0.01,weighted_cvq:mtme_MS-COMET-QE-22-src,cvq,0.891
ende,34,0.01,weighted_cvu:mtme_MS-COMET-QE-22-src,cvu,0.8945
ende,34,0.01,dedup_cvl:mtme_REUSE-src,cvl,0.902
ende,34,0.01,dedup_cvq:mtme_REUSE-src,cvq,0.902
ende,34,0.01,dedup_cvu:mtme_REUSE-src,cvu,0.8995
ende,34,0.01,weighted_cvl:mtme_REUSE-src,cvl,0.8895
ende,34,0.01,weighted_cvq:mtme_REUSE-src,cvq,0.8895
ende,34,0.01,weighted_cvu:mtme_REUSE-src,cvu,0.89
ende,34,0.01,dedup_cvl:mtme_SEScore-refA,cvl,0.8985
ende,34,0.01,dedup_cvq:mtme_SEScore-refA,cvq,0.8945
ende,34,0.01,dedup_cvu:mtme_SEScore-refA,cvu,0.895
ende,34,0.01,weighted_cvl:mtme_SEScore-refA,cvl,0.881
ende,34,0.01,weighted_cvq:mtme_SEScore-refA,cvq,0.884
ende,34,0.01,weighted_cvu:mtme_SEScore-refA,cvu,0.8815
ende,34,0.01,dedup_cvl:mtme_UniTE-ref-refA,cvl,0.8955
ende,34,0.01,dedup_cvq:mtme_UniTE-ref-refA,cvq,0.893
ende,34,0.01,dedup_cvu:mtme_UniTE-ref-refA,cvu,0.896
ende,34,0.01,weighted_cvl:mtme_UniTE-ref-refA,cvl,0.8845
ende,34,0.01,weighted_cvq:mtme_UniTE-ref-refA,cvq,0.8825
ende,34,0.01,weighted_cvu:mtme_UniTE-ref-refA,cvu,0.8845
ende,34,0.01,dedup_cvl:mtme_UniTE-refA,cvl,0.8985
ende,34,0.01,dedup_cvq:mtme_UniTE-refA,cvq,0.8985
ende,34,0.01,dedup_cvu:mtme_UniTE-refA,cvu,0.896
ende,34,0.01,weighted_cvl:mtme_UniTE-refA,cvl,0.8885
ende,34,0.01,weighted_cvq:mtme_UniTE-refA,cvq,0.8855
ende,34,0.01,weighted_cvu:mtme_UniTE-refA,cvu,0.885
ende,34,0.01,dedup_cvl:mtme_UniTE-src-src,cvl,0.891
ende,34,0.01,dedup_cvq:mtme_UniTE-src-src,cvq,0.894
ende,34,0.01,dedup_cvu:mtme_UniTE-src-src,cvu,0.893
ende,34,0.01,weighted_cvl:mtme_UniTE-src-src,cvl,0.889
ende,34,0.01,weighted_cvq:mtme_UniTE-src-src,cvq,0.8895
ende,34,0.01,weighted_cvu:mtme_UniTE-src-src,cvu,0.8875
ende,34,0.01,dedup_cvl:mtme_YiSi-1-refA,cvl,0.903
ende,34,0.01,dedup_cvq:mtme_YiSi-1-refA,cvq,0.9
ende,34,0.01,dedup_cvu:mtme_YiSi-1-refA,cvu,0.902
ende,34,0.01,weighted_cvl:mtme_YiSi-1-refA,cvl,0.8905
ende,34,0.01,weighted_cvq:mtme_YiSi-1-refA,cvq,0.8875
ende,34,0.01,weighted_cvu:mtme_YiSi-1-refA,cvu,0.8935
ende,34,0.01,dedup_cvl:mtme_chrF-refA,cvl,0.9015
ende,34,0.01,dedup_cvq:mtme_chrF-refA,cvq,0.899
ende,34,0.01,dedup_cvu:mtme_chrF-refA,cvu,0.9025
ende,34,0.01,weighted_cvl:mtme_chrF-refA,cvl,0.89
ende,34,0.01,weighted_cvq:mtme_chrF-refA,cvq,0.888
ende,34,0.01,weighted_cvu:mtme_chrF-refA,cvu,0.889
ende,34,0.01,dedup_cvl:mtme_f101spBLEU-refA,cvl,0.905
ende,34,0.01,dedup_cvq:mtme_f101spBLEU-refA,cvq,0.8995
ende,34,0.01,dedup_cvu:mtme_f101spBLEU-refA,cvu,0.902
ende,34,0.01,weighted_cvl:mtme_f101spBLEU-refA,cvl,0.889
ende,34,0.01,weighted_cvq:mtme_f101spBLEU-refA,cvq,0.8855
ende,34,0.01,weighted_cvu:mtme_f101spBLEU-refA,cvu,0.888
ende,34,0.01,dedup_cvl:mtme_f200spBLEU-refA,cvl,0.9025
ende,34,0.01,dedup_cvq:mtme_f200spBLEU-refA,cvq,0.9005
ende,34,0.01,dedup_cvu:mtme_f200spBLEU-refA,cvu,0.9045
ende,34,0.01,weighted_cvl:mtme_f200spBLEU-refA,cvl,0.891
ende,34,0.01,weighted_cvq:mtme_f200spBLEU-refA,cvq,0.8865
ende,34,0.01,weighted_cvu:mtme_f200spBLEU-refA,cvu,0.887
ende,34,0.01,dedup_cvl:mtme_metricx_xl_DA_2019-refA,cvl,0.896
ende,34,0.01,dedup_cvq:mtme_metricx_xl_DA_2019-refA,cvq,0.8895
ende,34,0.01,dedup_cvu:mtme_metricx_xl_DA_2019-refA,cvu,0.8955
ende,34,0.01,weighted_cvl:mtme_metricx_xl_DA_2019-refA,cvl,0.897
ende,34,0.01,weighted_cvq:mtme_metricx_xl_DA_2019-refA,cvq,0.8955
ende,34,0.01,weighted_cvu:mtme_metricx_xl_DA_2019-refA,cvu,0.894
ende,34,0.01,dedup_cvl:mtme_metricx_xl_MQM_2020-refA,cvl,0.8935
ende,34,0.01,dedup_cvq:mtme_metricx_xl_MQM_2020-refA,cvq,0.8845
ende,34,0.01,dedup_cvu:mtme_metricx_xl_MQM_2020-refA,cvu,0.8905
ende,34,0.01,weighted_cvl:mtme_metricx_xl_MQM_2020-refA,cvl,0.898
ende,34,0.01,weighted_cvq:mtme_metricx_xl_MQM_2020-refA,cvq,0.895
ende,34,0.01,weighted_cvu:mtme_metricx_xl_MQM_2020-refA,cvu,0.895
ende,34,0.01,dedup_cvl:mtme_metricx_xxl_DA_2019-refA,cvl,0.894
ende,34,0.01,dedup_cvq:mtme_metricx_xxl_DA_2019-refA,cvq,0.8895
ende,34,0.01,dedup_cvu:mtme_metricx_xxl_DA_2019-refA,cvu,0.895
ende,34,0.01,weighted_cvl:mtme_metricx_xxl_DA_2019-refA,cvl,0.9045
ende,34,0.01,weighted_cvq:mtme_metricx_xxl_DA_2019-refA,cvq,0.8925
ende,34,0.01,weighted_cvu:mtme_metricx_xxl_DA_2019-refA,cvu,0.8955
ende,34,0.01,dedup_cvl:mtme_metricx_xxl_MQM_2020-refA,cvl,0.8905
ende,34,0.01,dedup_cvq:mtme_metricx_xxl_MQM_2020-refA,cvq,0.8875
ende,34,0.01,dedup_cvu:mtme_metricx_xxl_MQM_2020-refA,cvu,0.8915
ende,34,0.01,weighted_cvl:mtme_metricx_xxl_MQM_2020-refA,cvl,0.89
ende,34,0.01,weighted_cvq:mtme_metricx_xxl_MQM_2020-refA,cvq,0.887
ende,34,0.01,weighted_cvu:mtme_metricx_xxl_MQM_2020-refA,cvu,0.8905
ende,34,0.01,weighted_cvo:mtme_BERTScore-refA,cvo,0.892
ende,34,0.01,weighted_cvo:mtme_BLEU-refA,cvo,0.8895
ende,34,0.01,weighted_cvo:mtme_BLEURT-20-refA,cvo,0.885
ende,34,0.01,weighted_cvo:mtme_COMET-20-refA,cvo,0.889
ende,34,0.01,weighted_cvo:mtme_COMET-22-refA,cvo,0.8875
ende,34,0.01,weighted_cvo:mtme_COMET-QE-src,cvo,0.8875
ende,34,0.01,weighted_cvo:mtme_COMETKiwi-src,cvo,0.8905
ende,34,0.01,weighted_cvo:mtme_Cross-QE-src,cvo,0.894
ende,34,0.01,weighted_cvo:mtme_HWTSC-TLM-src,cvo,0.8895
ende,34,0.01,weighted_cvo:mtme_HWTSC-Teacher-Sim-src,cvo,0.8905
ende,34,0.01,weighted_cvo:mtme_KG-BERTScore-src,cvo,0.8925
ende,34,0.01,weighted_cvo:mtme_MATESE-QE-src,cvo,0.887
ende,34,0.01,weighted_cvo:mtme_MATESE-refA,cvo,0.8865
ende,34,0.01,weighted_cvo:mtme_MEE-refA,cvo,0.891
ende,34,0.01,weighted_cvo:mtme_MEE2-refA,cvo,0.893
ende,34,0.01,weighted_cvo:mtme_MEE4-refA,cvo,0.894
ende,34,0.01,weighted_cvo:mtme_MS-COMET-22-refA,cvo,0.891
ende,34,0.01,weighted_cvo:mtme_MS-COMET-QE-22-src,cvo,0.892
ende,34,0.01,weighted_cvo:mtme_REUSE-src,cvo,0.892
ende,34,0.01,weighted_cvo:mtme_SEScore-refA,cvo,0.8835
ende,34,0.01,weighted_cvo:mtme_UniTE-ref-refA,cvo,0.8855
ende,34,0.01,weighted_cvo:mtme_UniTE-refA,cvo,0.8905
ende,34,0.01,weighted_cvo:mtme_UniTE-src-src,cvo,0.8905
ende,34,0.01,weighted_cvo:mtme_YiSi-1-refA,cvo,0.889
ende,34,0.01,weighted_cvo:mtme_chrF-refA,cvo,0.8895
ende,34,0.01,weighted_cvo:mtme_f101spBLEU-refA,cvo,0.89
ende,34,0.01,weighted_cvo:mtme_f200spBLEU-refA,cvo,0.892
ende,34,0.01,weighted_cvo:mtme_metricx_xl_DA_2019-refA,cvo,0.889
ende,34,0.01,weighted_cvo:mtme_metricx_xl_MQM_2020-refA,cvo,0.8885
ende,34,0.01,weighted_cvo:mtme_metricx_xxl_DA_2019-refA,cvo,0.902
ende,34,0.01,weighted_cvo:mtme_metricx_xxl_MQM_2020-refA,cvo,0.893
ende,34,0.02,uniform,human,0.868
ende,34,0.02,dedup,human,0.8805
ende,34,0.02,weighted,human,0.889
ende,34,0.02,dedup_cvl:mtme_BERTScore-refA,cvl,0.879
ende,34,0.02,dedup_cvq:mtme_BERTScore-refA,cvq,0.876
ende,34,0.02,dedup_cvu:mtme_BERTScore-refA,cvu,0.8785
ende,34,0.02,weighted_cvl:mtme_BERTScore-refA,cvl,0.8865
ende,34,0.02,weighted_cvq:mtme_BERTScore-refA,cvq,0.883
ende,34,0.02,weighted_cvu:mtme_BERTScore-refA,cvu,0.8865
ende,34,0.02,dedup_cvl:mtme_BLEU-refA,cvl,0.8765
ende,34,0.02,dedup_cvq:mtme_BLEU-refA,cvq,0.8755
ende,34,0.02,dedup_cvu:mtme_BLEU-refA,cvu,0.8775
ende,34,0.02,weighted_cvl:mtme_BLEU-refA,cvl,0.884
ende,34,0.02,weighted_cvq:mtme_BLEU-refA,cvq,0.884
ende,34,0.02,weighted_cvu:mtme_BLEU-refA,cvu,0.8865
ende,34,0.02,dedup_cvl:mtme_BLEURT-20-refA,cvl,0.878
ende,34,0.02,dedup_cvq:mtme_BLEURT-20-refA,cvq,0.8765
ende,34,0.02,dedup_cvu:mtme_BLEURT-20-refA,cvu,0.8785
ende,34,0.02,weighted_cvl:mtme_BLEURT-20-refA,cvl,0.8865
ende,34,0.02,weighted_cvq:mtme_BLEURT-20-refA,cvq,0.8875
ende,34,0.02,weighted_cvu:mtme_BLEURT-20-refA,cvu,0.8885
ende,34,0.02,dedup_cvl:mtme_COMET-20-refA,cvl,0.877
ende,34,0.02,dedup_cvq:mtme_COMET-20-refA,cvq,0.874
ende,34,0.02,dedup_cvu:mtme_COMET-20-refA,cvu,0.8755
ende,34,0.02,weighted_cvl:mtme_COMET-20-refA,cvl,0.884
ende,34,0.02,weighted_cvq:mtme_COMET-20-refA,cvq,0.878
ende,34,0.02,weighted_cvu:mtme_COMET-20-refA,cvu,0.88
ende,34,0.02,dedup_cvl:mtme_COMET-22-refA,cvl,0.874
ende,34,0.02,dedup_cvq:mtme_COMET-22-refA,cvq,0.877
ende,34,0.02,dedup_cvu:mtme_COMET-22-refA,cvu,0.8735
ende,34,0.02,weighted_cvl:mtme_COMET-22-refA,cvl,0.8915
ende,34,0.02,weighted_cvq:mtme_COMET-22-refA,cvq,0.8905
ende,34,0.02,weighted_cvu:mtme_COMET-22-refA,cvu,0.8885
ende,34,0.02,dedup_cvl:mtme_COMET-QE-src,cvl,0.8795
ende,34,0.02,dedup_cvq:mtme_COMET-QE-src,cvq,0.88
ende,34,0.02,dedup_cvu:mtme_COMET-QE-src,cvu,0.881
ende,34,0.02,weighted_cvl:mtme_COMET-QE-src,cvl,0.887
ende,34,0.02,weighted_cvq:mtme_COMET-QE-src,cvq,0.8855
ende,34,0.02,weighted_cvu:mtme_COMET-QE-src,cvu,0.8905
ende,34,0.02,dedup_cvl:mtme_COMETKiwi-src,cvl,0.8755
ende,34,0.02,dedup_cvq:mtme_COMETKiwi-src,cvq,0.8745
ende,34,0.02,dedup_cvu:mtme_COMETKiwi-src,cvu,0.874
ende,34,0.02,weighted_cvl:mtme_COMETKiwi-src,cvl,0.8835
ende,34,0.02,weighted_cvq:mtme_COMETKiwi-src,cvq,0.884
ende,34,0.02,weighted_cvu:mtme_COMETKiwi-src,cvu,0.885
ende,34,0.02,dedup_cvl:mtme_Cross-QE-src,cvl,0.8735
ende,34,0.02,dedup_cvq:mtme_Cross-QE-src,cvq,0.873
ende,34,0.02,dedup_cvu:mtme_Cross-QE-src,cvu,0.8745
ende,34,0.02,weighted_cvl:mtme_Cross-QE-src,cvl,0.8825
ende,34,0.02,weighted_cvq:mtme_Cross-QE-src,cvq,0.8795
ende,34,0.02,weighted_cvu:mtme_Cross-QE-src,cvu,0.8825
ende,34,0.02,dedup_cvl:mtme_HWTSC-TLM-src,cvl,0.881
ende,34,0.02,dedup_cvq:mtme_HWTSC-TLM-src,cvq,0.879
ende,34,0.02,dedup_cvu:mtme_HWTSC-TLM-src,cvu,0.8815
ende,34,0.02,weighted_cvl:mtme_HWTSC-TLM-src,cvl,0.8895
ende,34,0.02,weighted_cvq:mtme_HWTSC-TLM-src,cvq,0.887
ende,34,0.02,weighted_cvu:mtme_HWTSC-TLM-src,cvu,0.8905
ende,34,0.02,dedup_cvl:mtme_HWTSC-Teacher-Sim-src,cvl,0.88
ende,34,0.02,dedup_cvq:mtme_HWTSC-Teacher-Sim-src,cvq,0.877
ende,34,0.02,dedup_cvu:mtme_HWTSC-Teacher-Sim-src,cvu,0.8785
ende,34,0.02,weighted_cvl:mtme_HWTSC-Teacher-Sim-src,cvl,0.8855
ende,34,0.02,weighted_cvq:mtme_HWTSC-Teacher-Sim-src,cvq,0.887
ende,34,0.02,weighted_cvu:mtme_HWTSC-Teacher-Sim-src,cvu,0.8845
ende,34,0.02,dedup_cvl:mtme_KG-BERTScore-src,cvl,0.88
ende,34,0.02,dedup_cvq:mtme_KG-BERTScore-src,cvq,0.8785
ende,34,0.02,dedup_cvu:mtme_KG-BERTScore-src,cvu,0.879
ende,34,0.02,weighted_cvl:mtme_KG-BERTScore-src,cvl,0.884
ende,34,0.02,weighted_cvq:mtme_KG-BERTScore-src,cvq,0.883
ende,34,0.02,weighted_cvu:mtme_KG-BERTScore-src,cvu,0.885
ende,34,0.02,dedup_cvl:mtme_MATESE-QE-src,cvl,0.88
ende,34,0.02,dedup_cvq:mtme_MATESE-QE-src,cvq,0.8765
ende,34,0.02,dedup_cvu:mtme_MATESE-QE-src,cvu,0.8795
ende,34,0.02,weighted_cvl:mtme_MATESE-QE-src,cvl,0.8855
ende,34,0.02,weighted_cvq:mtme_MATESE-QE-src,cvq,0.884
ende,34,0.02,weighted_cvu:mtme_MATESE-QE-src,cvu,0.888
ende,34,0.02,dedup_cvl:mtme_MATESE-refA,cvl,0.88
ende,34,0.02,dedup_cvq:mtme_MATESE-refA,cvq,0.88
ende,34,0.02,dedup_cvu:mtme_MATESE-refA,cvu,0.8795
ende,34,0.02,weighted_cvl:mtme_MATESE-refA,cvl,0.8855
ende,34,0.02,weighted_cvq:mtme_MATESE-refA,cvq,0.882
ende,34,0.02,weighted_cvu:mtme_MATESE-refA,cvu,0.885
ende,34,0.02,dedup_cvl:mtme_MEE-refA,cvl,0.879
ende,34,0.02,dedup_cvq:mtme_MEE-refA,cvq,0.8795
ende,34,0.02,dedup_cvu:mtme_MEE-refA,cvu,0.8795
ende,34,0.02,weighted_cvl:mtme_MEE-refA,cvl,0.8915
ende,34,0.02,weighted_cvq:mtme_MEE-refA,cvq,0.8875
ende,34,0.02,weighted_cvu:mtme_MEE-refA,cvu,0.894
ende,34,0.02,dedup_cvl:mtme_MEE2-refA,cvl,0.8795
ende,34,0.02,dedup_cvq:mtme_MEE2-refA,cvq,0.8765
ende,34,0.02,dedup_cvu:mtme_MEE2-refA,cvu,0.879
ende,34,0.02,weighted_cvl:mtme_MEE2-refA,cvl,0.8885
ende,34,0.02,weighted_cvq:mtme_MEE2-refA,cvq,0.8875
ende,34,0.02,weighted_cvu:mtme_MEE2-refA,cvu,0.8895
ende,34,0.02,dedup_cvl:mtme_MEE4-refA,cvl,0.879
ende,34,0.02,dedup_cvq:mtme_MEE4-refA,cvq,0.874
ende,34,0.02,dedup_cvu:mtme_MEE4-refA,cvu,0.8755
ende,34,0.02,weighted_cvl:mtme_MEE4-refA,cvl,0.8895
ende,34,0.02,weighted_cvq:mtme_MEE4-refA,cvq,0.8865
ende,34,0.02,weighted_cvu:mtme_MEE4-refA,cvu,0.8885
ende,34,0.02,dedup_cvl:mtme_MS-COMET-22-refA,cvl,0.8775
ende,34,0.02,dedup_cvq:mtme_MS-COMET-22-refA,cvq,0.8755
ende,34,0.02,dedup_cvu:mtme_MS-COMET-22-refA,cvu,0.8775
ende,34,0.02,weighted_cvl:mtme_MS-COMET-22-refA,cvl,0.8825
ende,34,0.02,weighted_cvq:mtme_MS-COMET-22-refA,cvq,0.886
ende,34,0.02,weighted_cvu:mtme_MS-COMET-22-refA,cvu,0.8865
ende,34,0.02,dedup_cvl:mtme_MS-COMET-QE-22-src,cvl,0.8695
ende,34,0.02,dedup_cvq:mtme_MS-COMET-QE-22-src,cvq,0.8685
ende,34,0.02,dedup_cvu:mtme_MS-COMET-QE-22-src,cvu,0.8725
ende,34,0.02,weighted_cvl:mtme_MS-COMET-QE-22-src,cvl,0.883
ende,34,0.02,weighted_cvq:mtme_MS-COMET-QE-22-src,cvq,0.8805
ende,34,0.02,weighted_cvu:mtme_MS-COMET-QE-22-src,cvu,0.882
ende,34,0.02,dedup_cvl:mtme_REUSE-src,cvl,0.8765
ende,34,0.02,dedup_cvq:mtme_REUSE-src,cvq,0.876
ende,34,0.02,dedup_cvu:mtme_REUSE-src,cvu,0.8755
ende,34,0.02,weighted_cvl:mtme_REUSE-src,cvl,0.8845
ende,34,0.02,weighted_cvq:mtme_REUSE-src,cvq,0.8855
ende,34,0.02,weighted_cvu:mtme_REUSE-src,cvu,0.8835
ende,34,0.02,dedup_cvl:mtme_SEScore-refA,cvl,0.8765
ende,34,0.02,dedup_cvq:mtme_SEScore-refA,cvq,0.874
ende,34,0.02,dedup_cvu:mtme_SEScore-refA,cvu,0.874
ende,34,0.02,weighted_cvl:mtme_SEScore-refA,cvl,0.884
ende,34,0.02,weighted_cvq:mtme_SEScore-refA,cvq,0.8845
ende,34,0.02,weighted_cvu:mtme_SEScore-refA,cvu,0.885
ende,34,0.02,dedup_cvl:mtme_UniTE-ref-refA,cvl,0.875
ende,34,0.02,dedup_cvq:mtme_UniTE-ref-refA,cvq,0.875
ende,34,0.02,dedup_cvu:mtme_UniTE-ref-refA,cvu,0.877
ende,34,0.02,weighted_cvl:mtme_UniTE-ref-refA,cvl,0.8855
ende,34,0.02,weighted_cvq:mtme_UniTE-ref-refA,cvq,0.883
ende,34,0.02,weighted_cvu:mtme_UniTE-ref-refA,cvu,0.886
ende,34,0.02,dedup_cvl:mtme_UniTE-refA,cvl,0.872
ende,34,0.02,dedup_cvq:mtme_UniTE-refA,cvq,0.8795
ende,34,0.02,dedup_cvu:mtme_UniTE-refA,cvu,0.8765
ende,34,0.02,weighted_cvl:mtme_UniTE-refA,cvl,0.889
ende,34,0.02,weighted_cvq:mtme_UniTE-refA,cvq,0.8855
ende,34,0.02,weighted_cvu:mtme_UniTE-refA,cvu,0.8905
ende,34,0.02,dedup_cvl:mtme_UniTE-src-src,cvl,0.8805
ende,34,0.02,dedup_cvq:mtme_UniTE-src-src,cvq,0.8795
ende,34,0.02,dedup_cvu:mtme_UniTE-src-src,cvu,0.882
ende,34,0.02,weighted_cvl:mtme_UniTE-src-src,cvl,0.88
ende,34,0.02,weighted_cvq:mtme_UniTE-src-src,cvq,0.8795
ende,34,0.02,weighted_cvu:mtme_UniTE-src-src,cvu,0.881
ende,34,0.02,dedup_cvl:mtme_YiSi-1-refA,cvl,0.8775
ende,34,0.02,dedup_cvq:mtme_YiSi-1-refA,cvq,0.874
ende,34,0.02,dedup_cvu:mtme_YiSi-1-refA,cvu,0.8765
ende,34,0.02,weighted_cvl:mtme_YiSi-1-refA,cvl,0.886
ende,34,0.02,weighted_cvq:mtme_YiSi-1-refA,cvq,0.882
ende,34,0.02,weighted_cvu:mtme_YiSi-1-refA,cvu,0.886
ende,34,0.02,dedup_cvl:mtme_chrF-refA,cvl,0.8765
ende,34,0.02,dedup_cvq:mtme_chrF-refA,cvq,0.876
ende,34,0.02,dedup_cvu:mtme_chrF-refA,cvu,0.879
ende,34,0.02,weighted_cvl:mtme_chrF-refA,cvl,0.8885
ende,34,0.02,weighted_cvq:mtme_chrF-refA,cvq,0.8865
ende,34,0.02,weighted_cvu:mtme_chrF-refA,cvu,0.89
ende,34,0.02,dedup_cvl:mtme_f101spBLEU-refA,cvl,0.88
ende,34,0.02,dedup_cvq:mtme_f101spBLEU-refA,cvq,0.88
ende,34,0.02,dedup_cvu:mtme_f101spBLEU-refA,cvu,0.8805
ende,34,0.02,weighted_cvl:mtme_f101spBLEU-refA,cvl,0.8855
ende,34,0.02,weighted_cvq:mtme_f101spBLEU-refA,cvq,0.8855
ende,34,0.02,weighted_cvu:mtme_f101spBLEU-refA,cvu,0.8855
ende,34,0.02,dedup_cvl:mtme_f200spBLEU-refA,cvl,0.879
ende,34,0.02,dedup_cvq:mtme_f200spBLEU-refA,cvq,0.877
ende,34,0.02,dedup_cvu:mtme_f200spBLEU-refA,cvu,0.879
ende,34,0.02,weighted_cvl:mtme_f200spBLEU-refA,cvl,0.8835
ende,34,0.02,weighted_cvq:mtme_f200spBLEU-refA,cvq,0.887
ende,34,0.02,weighted_cvu:mtme_f200spBLEU-refA,cvu,0.8855
ende,34,0.02,dedup_cvl:mtme_metricx_xl_DA_2019-refA,cvl,0.873
ende,34,0.02,dedup_cvq:mtme_metricx_xl_DA_2019-refA,cvq,0.87
ende,34,0.02,dedup_cvu:mtme_metricx_xl_DA_2019-refA,cvu,0.869
ende,34,0.02,weighted_cvl:mtme_metricx_xl_DA_2019-refA,cvl,0.889
ende,34,0.02,weighted_cvq:mtme_metricx_xl_DA_2019-refA,cvq,0.8915
ende,34,0.02,weighted_cvu:mtme_metricx_xl_DA_2019-refA,cvu,0.889
ende,34,0.02,dedup_cvl:mtme_metricx_xl_MQM_2020-refA,cvl,0.869
ende,34,0.02,dedup_cvq:mtme_metricx_xl_MQM_2020-refA,cvq,0.8715
ende,34,0.02,dedup_cvu:mtme_metricx_xl_MQM_2020-refA,cvu,0.8705
ende,34,0.02,weighted_cvl:mtme_metricx_xl_MQM_2020-refA,cvl,0.8895
ende,34,0.02,weighted_cvq:mtme_metricx_xl_MQM_2020-refA,cvq,0.8855
ende,34,0.02,weighted_cvu:mtme_metricx_xl_MQM_2020-refA,cvu,0.889
ende,34,0.02,dedup_cvl:mtme_metricx_xxl_DA_2019-refA,cvl,0.8785
ende,34,0.02,dedup_cvq:mtme_metricx_xxl_DA_2019-refA,cvq,0.87
ende,34,0.02,dedup_cvu:mtme_metricx_xxl_DA_2019-refA,cvu,0.876
ende,34,0.02,weighted_cvl:mtme_metricx_xxl_DA_2019-refA,cvl,0.889
ende,34,0.02,weighted_cvq:mtme_metricx_xxl_DA_2019-refA,cvq,0.8865
ende,34,0.02,weighted_cvu:mtme_metricx_xxl_DA_2019-refA,cvu,0.89
ende,34,0.02,dedup_cvl:mtme_metricx_xxl_MQM_2020-refA,cvl,0.869
ende,34,0.02,dedup_cvq:mtme_metricx_xxl_MQM_2020-refA,cvq,0.866
ende,34,0.02,dedup_cvu:mtme_metricx_xxl_MQM_2020-refA,cvu,0.8685
ende,34,0.02,weighted_cvl:mtme_metricx_xxl_MQM_2020-refA,cvl,0.8845
ende,34,0.02,weighted_cvq:mtme_metricx_xxl_MQM_2020-refA,cvq,0.882
ende,34,0.02,weighted_cvu:mtme_metricx_xxl_MQM_2020-refA,cvu,0.887
ende,34,0.02,weighted_cvo:mtme_BERTScore-refA,cvo,0.885
ende,34,0.02,weighted_cvo:mtme_BLEU-refA,cvo,0.886
ende,34,0.02,weighted_cvo:mtme_BLEURT-20-refA,cvo,0.8885
ende,34,0.02,weighted_cvo:mtme_COMET-20-refA,cvo,0.885
ende,34,0.02,weighted_cvo:mtme_COMET-22-refA,cvo,0.887
ende,34,0.02,weighted_cvo:mtme_COMET-QE-src,cvo,0.8935
ende,34,0.02,weighted_cvo:mtme_COMETKiwi-src,cvo,0.8875
ende,34,0.02,weighted_cvo:mtme_Cross-QE-src,cvo,0.883
ende,34,0.02,weighted_cvo:mtme_HWTSC-TLM-src,cvo,0.8855
ende,34,0.02,weighted_cvo:mtme_HWTSC-Teacher-Sim-src,cvo,0.887
ende,34,0.02,weighted_cvo:mtme_KG-BERTScore-src,cvo,0.884
ende,34,0.02,weighted_cvo:mtme_MATESE-QE-src,cvo,0.882
ende,34,0.02,weighted_cvo:mtme_MATESE-refA,cvo,0.885
ende,34,0.02,weighted_cvo:mtme_MEE-refA,cvo,0.887
ende,34,0.02,weighted_cvo:mtme_MEE2-refA,cvo,0.8875
ende,34,0.02,weighted_cvo:mtme_MEE4-refA,cvo,0.884
ende,34,0.02,weighted_cvo:mtme_MS-COMET-22-refA,cvo,0.883
ende,34,0.02,weighted_cvo:mtme_MS-COMET-QE-22-src,cvo,0.8845
ende,34,0.02,weighted_cvo:mtme_REUSE-src,cvo,0.889
ende,34,0.02,weighted_cvo:mtme_SEScore-refA,cvo,0.877
ende,34,0.02,weighted_cvo:mtme_UniTE-ref-refA,cvo,0.884
ende,34,0.02,weighted_cvo:mtme_UniTE-refA,cvo,0.891
ende,34,0.02,weighted_cvo:mtme_UniTE-src-src,cvo,0.882
ende,34,0.02,weighted_cvo:mtme_YiSi-1-refA,cvo,0.884
ende,34,0.02,weighted_cvo:mtme_chrF-refA,cvo,0.8845
ende,34,0.02,weighted_cvo:mtme_f101spBLEU-refA,cvo,0.882
ende,34,0.02,weighted_cvo:mtme_f200spBLEU-refA,cvo,0.8815
ende,34,0.02,weighted_cvo:mtme_metricx_xl_DA_2019-refA,cvo,0.8915
ende,34,0.02,weighted_cvo:mtme_metricx_xl_MQM_2020-refA,cvo,0.888
ende,34,0.02,weighted_cvo:mtme_metricx_xxl_DA_2019-refA,cvo,0.882
ende,34,0.02,weighted_cvo:mtme_metricx_xxl_MQM_2020-refA,cvo,0.881
ende,35,0.01,uniform,human,0.8875
ende,35,0.01,dedup,human,0.9025
ende,35,0.01,weighted,human,0.8935
ende,35,0.01,dedup_cvl:mtme_BERTScore-refA,cvl,0.8985
ende,35,0.01,dedup_cvq:mtme_BERTScore-refA,cvq,0.894
ende,35,0.01,dedup_cvu:mtme_BERTScore-refA,cvu,0.8975
ende,35,0.01,weighted_cvl:mtme_BERTScore-refA,cvl,0.888
ende,35,0.01,weighted_cvq:mtme_BERTScore-refA,cvq,0.8895
ende,35,0.01,weighted_cvu:mtme_BERTScore-refA,cvu,0.8915
ende,35,0.01,dedup_cvl:mtme_BLEU-refA,cvl,0.897
ende,35,0.01,dedup_cvq:mtme_BLEU-refA,cvq,0.892
ende,35,0.01,dedup_cvu:mtme_BLEU-refA,cvu,0.895
ende,35,0.01,weighted_cvl:mtme_BLEU-refA,cvl,0.892
ende,35,0.01,weighted_cvq:mtme_BLEU-refA,cvq,0.888
ende,35,0.01,weighted_cvu:mtme_BLEU-refA,cvu,0.888
ende,35,0.01,dedup_cvl:mtme_BLEURT-20-refA,cvl,0.902
ende,35,0.01,dedup_cvq:mtme_BLEURT-20-refA,cvq,0.898
ende,35,0.01,dedup_cvu:mtme_BLEURT-20-refA,cvu,0.896
ende,35,0.01,weighted_cvl:mtme_BLEURT-20-refA,cvl,0.8885
ende,35,0.01,weighted_cvq:mtme_BLEURT-20-refA,cvq,0.8855
ende,35,0.01,weighted_cvu:mtme_BLEURT-20-refA,cvu,0.887
ende,35,0.01,dedup_cvl:mtme_COMET-20-refA,cvl,0.898
ende,35,0.01,dedup_cvq:mtme_COMET-20-refA,cvq,0.892
ende,35,0.01,dedup_cvu:mtme_COMET-20-refA,cvu,0.8945
ende,35,0.01,weighted_cvl:mtme_COMET-20-refA,cvl,0.893
ende,35,0.01,weighted_cvq:mtme_COMET-20-refA,cvq,0.8925
ende,35,0.01,weighted_cvu:mtme_COMET-20-refA,cvu,0.8925
ende,35,0.01,dedup_cvl:mtme_COMET-22-refA,cvl,0.8955
ende,35,0.01,dedup_cvq:mtme_COMET-22-refA,cvq,0.8935
ende,35,0.01,dedup_cvu:mtme_COMET-22-refA,cvu,0.897
ende,35,0.01,weighted_cvl:mtme_COMET-22-refA,cvl,0.891
ende,35,0.01,weighted_cvq:mtme_COMET-22-refA,cvq,0.8855
ende,35,0.01,weighted_cvu:mtme_COMET-22-refA,cvu,0.889
ende,35,0.01,dedup_cvl:mtme_COMET-QE-src,cvl,0.897
ende,35,0.01,dedup_cvq:mtme_COMET-QE-src,cvq,0.896
ende,35,0.01,dedup_cvu:mtme_COMET-QE-src,cvu,0.895
ende,35,0.01,weighted_cvl:mtme_COMET-QE-src,cvl,0.893
ende,35,0.01,weighted_cvq:mtme_COMET-QE-src,cvq,0.885
ende,35,0.01,weighted_cvu:mtme_COMET-QE-src,cvu,0.8875
ende,35,0.01,dedup_cvl:mtme_COMETKiwi-src,cvl,0.898
ende,35,0.01,dedup_cvq:mtme_COMETKiwi-src,cvq,0.8945
ende,35,0.01,dedup_cvu:mtme_COMETKiwi-src,cvu,0.895
ende,35,0.01,weighted_cvl:mtme_COMETKiwi-src,cvl,0.887
ende,35,0.01,weighted_cvq:mtme_COMETKiwi-src,cvq,0.886
ende,35,0.01,weighted_cvu:mtme_COMETKiwi-src,cvu,0.887
ende,35,0.01,dedup_cvl:mtme_Cross-QE-src,cvl,0.897
ende,35,0.01,dedup_cvq:mtme_Cross-QE-src,cvq,0.896
ende,35,0.01,dedup_cvu:mtme_Cross-QE-src,cvu,0.8945
ende,35,0.01,weighted_cvl:mtme_Cross-QE-src,cvl,0.891
ende,35,0.01,weighted_cvq:mtme_Cross-QE-src,cvq,0.893
ende,35,0.01,weighted_cvu:mtme_Cross-QE-src,cvu,0.8905
ende,35,0.01,dedup_cvl:mtme_HWTSC-TLM-src,cvl,0.8905
ende,35,0.01,dedup_cvq:mtme_HWTSC-TLM-src,cvq,0.902
ende,35,0.01,dedup_cvu:mtme_HWTSC-TLM-src,cvu,0.903
ende,35,0.01,weighted_cvl:mtme_HWTSC-TLM-src,cvl,0.893
ende,35,0.01,weighted_cvq:mtme_HWTSC-TLM-src,cvq,0.8945
ende,35,0.01,weighted_cvu:mtme_HWTSC-TLM-src,cvu,0.895
ende,35,0.01,dedup_cvl:mtme_HWTSC-Teacher-Sim-src,cvl,0.8925
ende,35,0.01,dedup_cvq:mtme_HWTSC-Teacher-Sim-src,cvq,0.898
ende,35,0.01,dedup_cvu:mtme_HWTSC-Teacher-Sim-src,cvu,0.8885
ende,35,0.01,weighted_cvl:mtme_HWTSC-Teacher-Sim-src,cvl,0.896
ende,35,0.01,weighted_cvq:mtme_HWTSC-Teacher-Sim-src,cvq,0.8905
ende,35,0.01,weighted_cvu:mtme_HWTSC-Teacher-Sim-src,cvu,0.894
ende,35,0.01,dedup_cvl:mtme_KG-BERTScore-src,cvl,0.8925
ende,35,0.01,dedup_cvq:mtme_KG-BERTScore-src,cvq,0.9015
ende,35,0.01,dedup_cvu:mtme_KG-BERTScore-src,cvu,0.891
ende,35,0.01,weighted_cvl:mtme_KG-BERTScore-src,cvl,0.8955
ende,35,0.01,weighted_cvq:mtme_KG-BERTScore-src,cvq,0.8905
ende,35,0.01,weighted_cvu:mtme_KG-BERTScore-src,cvu,0.893
ende,35,0.01,dedup_cvl:mtme_MATESE-QE-src,cvl,0.887
ende,35,0.01,dedup_cvq:mtme_MATESE-QE-src,cvq,0.8965
ende,35,0.01,dedup_cvu:mtme_MATESE-QE-src,cvu,0.89
ende,35,0.01,weighted_cvl:mtme_MATESE-QE-src,cvl,0.8945
ende,35,0.01,weighted_cvq:mtme_MATESE-QE-src,cvq,0.893
ende,35,0.01,weighted_cvu:mtme_MATESE-QE-src,cvu,0.895
ende,35,0.01,dedup_cvl:mtme_MATESE-refA,cvl,0.886
ende,35,0.01,dedup_cvq:mtme_MATESE-refA,cvq,0.8975
ende,35,0.01,dedup_cvu:mtme_MATESE-refA,cvu,0.888
ende,35,0.01,weighted_cvl:mtme_MATESE-refA,cvl,0.8895
ende,35,0.01,weighted_cvq:mtme_MATESE-refA,cvq,0.8905
ende,35,0.01,weighted_cvu:mtme_MATESE-refA,cvu,0.8905
ende,35,0.01,dedup_cvl:mtme_MEE-refA,cvl,0.896
ende,35,0.01,dedup_cvq:mtme_MEE-refA,cvq,0.898
ende,35,0.01,dedup_cvu:mtme_MEE-refA,cvu,0.8995
ende,35,0.01,weighted_cvl:mtme_MEE-refA,cvl,0.8925
ende,35,0.01,weighted_cvq:mtme_MEE-refA,cvq,0.891
ende,35,0.01,weighted_cvu:mtme_MEE-refA,cvu,0.894
ende,35,0.01,dedup_cvl:mtme_MEE2-refA,cvl,0.895
ende,35,0.01,dedup_cvq:mtme_MEE2-refA,cvq,0.8945
ende,35,0.01,dedup_cvu:mtme_MEE2-refA,cvu,0.895
ende,35,0.01,weighted_cvl:mtme_MEE2-refA,cvl,0.893
ende,35,0.01,weighted_cvq:mtme_MEE2-refA,cvq,0.892
ende,35,0.01,weighted_cvu:mtme_MEE2-refA,cvu,0.893
ende,35,0.01,dedup_cvl:mtme_MEE4-refA,cvl,0.8945
ende,35,0.01,dedup_cvq:mtme_MEE4-refA,cvq,0.894
ende,35,0.01,dedup_cvu:mtme_MEE4-refA,cvu,0.897
ende,35,0.01,weighted_cvl:mtme_MEE4-refA,cvl,0.8895
ende,35,0.01,weighted_cvq:mtme_MEE4-refA,cvq,0.888
ende,35,0.01,weighted_cvu:mtme_MEE4-refA,cvu,0.892
ende,35,0.01,dedup_cvl:mtme_MS-COMET-22-refA,cvl,0.888
ende,35,0.01,dedup_cvq:mtme_MS-COMET-22-refA,cvq,0.893
ende,35,0.01,dedup_cvu:mtme_MS-COMET-22-refA,cvu,0.891
ende,35,0.01,weighted_cvl:mtme_MS-COMET-22-refA,cvl,0.8935
ende,35,0.01,weighted_cvq:mtme_MS-COMET-22-refA,cvq,0.8875
ende,35,0.01,weighted_cvu:mtme_MS-COMET-22-refA,cvu,0.894
ende,35,0.01,dedup_cvl:mtme_MS-COMET-QE-22-src,cvl,0.9015
ende,35,0.01,dedup_cvq:mtme_MS-COMET-QE-22-src,cvq,0.8965
ende,35,0.01,dedup_cvu:mtme_MS-COMET-QE-22-src,cvu,0.901
ende,35,0.01,weighted_cvl:mtme_MS-COMET-QE-22-src,cvl,0.8935
ende,35,0.01,weighted_cvq:mtme_MS-COMET-QE-22-src,cvq,0.882
ende,35,0.01,weighted_cvu:mtme_MS-COMET-QE-22-src,cvu,0.8925
ende,35,0.01,dedup_cvl:mtme_REUSE-src,cvl,0.8905
ende,35,0.01,dedup_cvq:mtme_REUSE-src,cvq,0.902
ende,35,0.01,dedup_cvu:mtme_REUSE-src,cvu,0.9025
ende,35,0.01,weighted_cvl:mtme_REUSE-src,cvl,0.8925
ende,35,0.01,weighted_cvq:mtme_REUSE-src,cvq,0.8935
ende,35,0.01,weighted_cvu:mtme_REUSE-src,cvu,0.8935
ende,35,0.01,dedup_cvl:mtme_SEScore-refA,cvl,0.9
ende,35,0.01,dedup_cvq:mtme_SEScore-refA,cvq,0.8965
ende,35,0.01,dedup_cvu:mtme_SEScore-refA,cvu,0.894
ende,35,0.01,weighted_cvl:mtme_SEScore-refA,cvl,0.893
ende,35,0.01,weighted_cvq:mtme_SEScore-refA,cvq,0.8905
ende,35,0.01,weighted_cvu:mtme_SEScore-refA,cvu,0.8925
ende,35,0.01,dedup_cvl:mtme_UniTE-ref-refA,cvl,0.8945
ende,35,0.01,dedup_cvq:mtme_UniTE-ref-refA,cvq,0.8885
ende,35,0.01,dedup_cvu:mtme_UniTE-ref-refA,cvu,0.8915
ende,35,0.01,weighted_cvl:mtme_UniTE-ref-refA,cvl,0.8925
ende,35,0.01,weighted_cvq:mtme_UniTE-ref-refA,cvq,0.888
ende,35,0.01,weighted_cvu:mtme_UniTE-ref-refA,cvu,0.8905
ende,35,0.01,dedup_cvl:mtme_UniTE-refA,cvl,0.891
ende,35,0.01,dedup_cvq:mtme_UniTE-refA,cvq,0.8865
ende,35,0.01,dedup_cvu:mtme_UniTE-refA,cvu,0.891
ende,35,0.01,weighted_cvl:mtme_UniTE-refA,cvl,0.8905
ende,35,0.01,weighted_cvq:mtme_UniTE-refA,cvq,0.889
ende,35,0.01,weighted_cvu:mtme_UniTE-refA,cvu,0.8915
ende,35,0.01,dedup_cvl:mtme_UniTE-src-src,cvl,0.899
ende,35,0.01,dedup_cvq:mtme_UniTE-src-src,cvq,0.8935
ende,35,0.01,dedup_cvu:mtme_UniTE-src-src,cvu,0.8955
ende,35,0.01,weighted_cvl:mtme_UniTE-src-src,cvl,0.881
ende,35,0.01,weighted_cvq:mtme_UniTE-src-src,cvq,0.893
ende,35,0.01,weighted_cvu:mtme_UniTE-src-src,cvu,0.885
ende,35,0.01,dedup_cvl:mtme_YiSi-1-refA,cvl,0.8975
ende,35,0.01,dedup_cvq:mtme_YiSi-1-refA,cvq,0.894
ende,35,0.01,dedup_cvu:mtme_YiSi-1-refA,cvu,0.8985
ende,35,0.01,weighted_cvl:mtme_YiSi-1-refA,cvl,0.895
ende,35,0.01,weighted_cvq:mtme_YiSi-1-refA,cvq,0.8875
ende,35,0.01,weighted_cvu:mtme_YiSi-1-refA,cvu,0.8955
ende,35,0.01,dedup_cvl:mtme_chrF-refA,cvl,0.8955
ende,35,0.01,dedup_cvq:mtme_chrF-refA,cvq,0.8885
ende,35,0.01,dedup_cvu:mtme_chrF-refA,cvu,0.8905
ende,35,0.01,weighted_cvl:mtme_chrF-refA,cvl,0.889
ende,35,0.01,weighted_cvq:mtme_chrF-refA,cvq,0.889
ende,35,0.01,weighted_cvu:mtme_chrF-refA,cvu,0.8905
ende,35,0.01,dedup_cvl:mtme_f101spBLEU-refA,cvl,0.896
ende,35,0.01,dedup_cvq:mtme_f101spBLEU-refA,cvq,0.893
ende,35,0.01,dedup_cvu:mtme_f101spBLEU-refA,cvu,0.8915
ende,35,0.01,weighted_cvl:mtme_f101spBLEU-refA,cvl,0.8895
ende,35,0.01,weighted_cvq:mtme_f101spBLEU-refA,cvq,0.887
ende,35,0.01,weighted_cvu:mtme_f101spBLEU-refA,cvu,0.8905
ende,35,0.01,dedup_cvl:mtme_f200spBLEU-refA,cvl,0.8955
ende,35,0.01,dedup_cvq:mtme_f200spBLEU-refA,cvq,0.8935
ende,35,0.01,dedup_cvu:mtme_f200spBLEU-refA,cvu,0.895
ende,35,0.01,weighted_cvl:mtme_f200spBLEU-refA,cvl,0.893
ende,35,0.01,weighted_cvq:mtme_f200spBLEU-refA,cvq,0.889
ende,35,0.01,weighted_cvu:mtme_f200spBLEU-refA,cvu,0.8915
ende,35,0.01,dedup_cvl:mtme_metricx_xl_DA_2019-refA,cvl,0.899
ende,35,0.01,dedup_cvq:mtme_metricx_xl_DA_2019-refA,cvq,0.8955
ende,35,0.01,dedup_cvu:mtme_metricx_xl_DA_2019-refA,cvu,0.8935
ende,35,0.01,weighted_cvl:mtme_metricx_xl_DA_2019-refA,cvl,0.8915
ende,35,0.01,weighted_cvq:mtme_metricx_xl_DA_2019-refA,cvq,0.887
ende,35,0.01,weighted_cvu:mtme_metricx_xl_DA_2019-refA,cvu,0.8895
ende,35,0.01,dedup_cvl:mtme_metricx_xl_MQM_2020-refA,cvl,0.896
ende,35,0.01,dedup_cvq:mtme_metricx_xl_MQM_2020-refA,cvq,0.8875
ende,35,0.01,dedup_cvu:mtme_metricx_xl_MQM_2020-refA,cvu,0.8895
ende,35,0.01,weighted_cvl:mtme_metricx_xl_MQM_2020-refA,cvl,0.892
ende,35,0.01,weighted_cvq:mtme_metricx_xl_MQM_2020-refA,cvq,0.891
ende,35,0.01,weighted_cvu:mtme_metricx_xl_MQM_2020-refA,cvu,0.8915
ende,35,0.01,dedup_cvl:mtme_metricx_xxl_DA_2019-refA,cvl,0.902
ende,35,0.01,dedup_cvq:mtme_metricx_xxl_DA_2019-refA,cvq,0.8965
ende,35,0.01,dedup_cvu:mtme_metricx_xxl_DA_2019-refA,cvu,0.9005
ende,35,0.01,weighted_cvl:mtme_metricx_xxl_DA_2019-refA,cvl,0.895
ende,35,0.01,weighted_cvq:mtme_metricx_xxl_DA_2019-refA,cvq,0.8855
ende,35,0.01,weighted_cvu:mtme_metricx_xxl_DA_2019-refA,cvu,0.8895
ende,35,0.01,dedup_cvl:mtme_metricx_xxl_MQM_2020-refA,cvl,0.8985
ende,35,0.01,dedup_cvq:mtme_metricx_xxl_MQM_2020-refA,cvq,0.895
ende,35,0.01,dedup_cvu:mtme_metricx_xxl_MQM_2020-refA,cvu,0.8995
ende,35,0.01,weighted_cvl:mtme_metricx_xxl_MQM_2020-refA,cvl,0.89
ende,35,0.01,weighted_cvq:mtme_metricx_xxl_MQM_2020-refA,cvq,0.8875
ende,35,0.01,weighted_cvu:mtme_metricx_xxl_MQM_2020-refA,cvu,0.891
ende,35,0.01,weighted_cvo:mtme_BERTScore-refA,cvo,0.892
ende,35,0.01,weighted_cvo:mtme_BLEU-refA,cvo,0.8915
ende,35,0.01,weighted_cvo:mtme_BLEURT-20-refA,cvo,0.8905
ende,35,0.01,weighted_cvo:mtme_COMET-20-refA,cvo,0.8955
ende,35,0.01,weighted_cvo:mtme_COMET-22-refA,cvo,0.889
ende,35,0.01,weighted_cvo:mtme_COMET-QE-src,cvo,0.8915
ende,35,0.01,weighted_cvo:mtme_COMETKiwi-src,cvo,0.889
ende,35,0.01,weighted_cvo:mtme_Cross-QE-src,cvo,0.896
ende,35,0.01,weighted_cvo:mtme_HWTSC-TLM-src,cvo,0.893
ende,35,0.01,weighted_cvo:mtme_HWTSC-Teacher-Sim-src,cvo,0.8895
ende,35,0.01,weighted_cvo:mtme_KG-BERTScore-src,cvo,0.8935
ende,35,0.01,weighted_cvo:mtme_MATESE-QE-src,cvo,0.888
ende,35,0.01,weighted_cvo:mtme_MATESE-refA,cvo,0.894
ende,35,0.01,weighted_cvo:mtme_MEE-refA,cvo,0.892
ende,35,0.01,weighted_cvo:mtme_MEE2-refA,cvo,0.891
ende,35,0.01,weighted_cvo:mtme_MEE4-refA,cvo,0.891
ende,35,0.01,weighted_cvo:mtme_MS-COMET-22-refA,cvo,0.886
ende,35,0.01,weighted_cvo:mtme_MS-COMET-QE-22-src,cvo,0.8935
ende,35,0.01,weighted_cvo:mtme_REUSE-src,cvo,0.8935
ende,35,0.01,weighted_cvo:mtme_SEScore-refA,cvo,0.894
ende,35,0.01,weighted_cvo:mtme_UniTE-ref-refA,cvo,0.8915
ende,35,0.01,weighted_cvo:mtme_UniTE-refA,cvo,0.89
ende,35,0.01,weighted_cvo:mtme_UniTE-src-src,cvo,0.8965
ende,35,0.01,weighted_cvo:mtme_YiSi-1-refA,cvo,0.8905
ende,35,0.01,weighted_cvo:mtme_chrF-refA,cvo,0.8935
ende,35,0.01,weighted_cvo:mtme_f101spBLEU-refA,cvo,0.8905
ende,35,0.01,weighted_cvo:mtme_f200spBLEU-refA,cvo,0.892
ende,35,0.01,weighted_cvo:mtme_metricx_xl_DA_2019-refA,cvo,0.888
ende,35,0.01,weighted_cvo:mtme_metricx_xl_MQM_2020-refA,cvo,0.8895
ende,35,0.01,weighted_cvo:mtme_metricx_xxl_DA_2019-refA,cvo,0.8915
ende,35,0.01,weighted_cvo:mtme_metricx_xxl_MQM_2020-refA,cvo,0.8875
ende,35,0.02,uniform,human,0.885
ende,35,0.02,dedup,human,0.8955
ende,35,0.02,weighted,human,0.8965
ende,35,0.02,dedup_cvl:mtme_BERTScore-refA,cvl,0.891
ende,35,0.02,dedup_cvq:mtme_BERTScore-refA,cvq,0.886
ende,35,0.02,dedup_cvu:mtme_BERTScore-refA,cvu,0.891
ende,35,0.02,weighted_cvl:mtme_BERTScore-refA,cvl,0.8925
ende,35,0.02,weighted_cvq:mtme_BERTScore-refA,cvq,0.893
ende,35,0.02,weighted_cvu:mtme_BERTScore-refA,cvu,0.8925
ende,35,0.02,dedup_cvl:mtme_BLEU-refA,cvl,0.8955
ende,35,0.02,dedup_cvq:mtme_BLEU-refA,cvq,0.8915
ende,35,0.02,dedup_cvu:mtme_BLEU-refA,cvu,0.895
ende,35,0.02,weighted_cvl:mtme_BLEU-refA,cvl,0.8995
ende,35,0.02,weighted_cvq:mtme_BLEU-refA,cvq,0.899
ende,35,0.02,weighted_cvu:mtme_BLEU-refA,cvu,0.9015
ende,35,0.02,dedup_cvl:mtme_BLEURT-20-refA,cvl,0.8895
ende,35,0.02,dedup_cvq:mtme_BLEURT-20-refA,cvq,0.8875
ende,35,0.02,dedup_cvu:mtme_BLEURT-20-refA,cvu,0.8895
ende,35,0.02,weighted_cvl:mtme_BLEURT-20-refA,cvl,0.895
ende,35,0.02,weighted_cvq:mtme_BLEURT-20-refA,cvq,0.894
ende,35,0.02,weighted_cvu:mtme_BLEURT-20-refA,cvu,0.8975
ende,35,0.02,dedup_cvl:mtme_COMET-20-refA,cvl,0.8915
ende,35,0.02,dedup_cvq:mtme_COMET-20-refA,cvq,0.8915
ende,35,0.02,dedup_cvu:mtme_COMET-20-refA,cvu,0.8945
ende,35,0.02,weighted_cvl:mtme_COMET-20-refA,cvl,0.8995
ende,35,0.02,weighted_cvq:mtme_COMET-20-refA,cvq,0.902
ende,35,0.02,weighted_cvu:mtme_COMET-20-refA,cvu,0.9035
ende,35,0.02,dedup_cvl:mtme_COMET-22-refA,cvl,0.891
ende,35,0.02,dedup_cvq:mtme_COMET-22-refA,cvq,0.888
ende,35,0.02,dedup_cvu:mtme_COMET-22-refA,cvu,0.8925
ende,35,0.02,weighted_cvl:mtme_COMET-22-refA,cvl,0.8955
ende,35,0.02,weighted_cvq:mtme_COMET-22-refA,cvq,0.8925
ende,35,0.02,weighted_cvu:mtme_COMET-22-refA,cvu,0.898
ende,35,0.02,dedup_cvl:mtme_COMET-QE-src,cvl,0.8995
ende,35,0.02,dedup_cvq:mtme_COMET-QE-src,cvq,0.898
ende,35,0.02,dedup_cvu:mtme_COMET-QE-src,cvu,0.896
ende,35,0.02,weighted_cvl:mtme_COMET-QE-src,cvl,0.896
ende,35,0.02,weighted_cvq:mtme_COMET-QE-src,cvq,0.895
ende,35,0.02,weighted_cvu:mtme_COMET-QE-src,cvu,0.8945
ende,35,0.02,dedup_cvl:mtme_COMETKiwi-src,cvl,0.8875
ende,35,0.02,dedup_cvq:mtme_COMETKiwi-src,cvq,0.885
ende,35,0.02,dedup_cvu:mtme_COMETKiwi-src,cvu,0.8885
ende,35,0.02,weighted_cvl:mtme_COMETKiwi-src,cvl,0.892
ende,35,0.02,weighted_cvq:mtme_COMETKiwi-src,cvq,0.889
ende,35,0.02,weighted_cvu:mtme_COMETKiwi-src,cvu,0.893
ende,35,0.02,dedup_cvl:mtme_Cross-QE-src,cvl,0.8895
ende,35,0.02,dedup_cvq:mtme_Cross-QE-src,cvq,0.885
ende,35,0.02,dedup_cvu:mtme_Cross-QE-src,cvu,0.8915
ende,35,0.02,weighted_cvl:mtme_Cross-QE-src,cvl,0.8945
ende,35,0.02,weighted_cvq:mtme_Cross-QE-src,cvq,0.891
ende,35,0.02,weighted_cvu:mtme_Cross-QE-src,cvu,0.894
ende,35,0.02,dedup_cvl:mtme_HWTSC-TLM-src,cvl,0.9005
ende,35,0.02,dedup_cvq:mtme_HWTSC-TLM-src,cvq,0.901
ende,35,0.02,dedup_cvu:mtme_HWTSC-TLM-src,cvu,0.904
ende,35,0.02,weighted_cvl:mtme_HWTSC-TLM-src,cvl,0.9015
ende,35,0.02,weighted_cvq:mtme_HWTSC-TLM-src,cvq,0.9
ende,35,0.02,weighted_cvu:mtme_HWTSC-TLM-src,cvu,0.9035
ende,35,0.02,dedup_cvl:mtme_HWTSC-Teacher-Sim-src,cvl,0.8995
ende,35,0.02,dedup_cvq:mtme_HWTSC-Teacher-Sim-src,cvq,0.8965
ende,35,0.02,dedup_cvu:mtme_HWTSC-Teacher-Sim-src,cvu,0.9
ende,35,0.02,weighted_cvl:mtme_HWTSC-Teacher-Sim-src,cvl,0.896
ende,35,0.02,weighted_cvq:mtme_HWTSC-Teacher-Sim-src,cvq,0.8965
ende,35,0.02,weighted_cvu:mtme_HWTSC-Teacher-Sim-src,cvu,0.8985
ende,35,0.02,dedup_cvl:mtme_KG-BERTScore-src,cvl,0.8995
ende,35,0.02,dedup_cvq:mtme_KG-BERTScore-src,cvq,0.899
ende,35,0.02,dedup_cvu:mtme_KG-BERTScore-src,cvu,0.899
ende,35,0.02,weighted_cvl:mtme_KG-BERTScore-src,cvl,0.8995
ende,35,0.02,weighted_cvq:mtme_KG-BERTScore-src,cvq,0.897
ende,35,0.02,weighted_cvu:mtme_KG-BERTScore-src,cvu,0.8985
ende,35,0.02,dedup_cvl:mtme_MATESE-QE-src,cvl,0.8835
ende,35,0.02,dedup_cvq:mtme_MATESE-QE-src,cvq,0.8845
ende,35,0.02,dedup_cvu:mtme_MATESE-QE-src,cvu,0.8875
ende,35,0.02,weighted_cvl:mtme_MATESE-QE-src,cvl,0.8975
ende,35,0.02,weighted_cvq:mtme_MATESE-QE-src,cvq,0.8955
ende,35,0.02,weighted_cvu:mtme_MATESE-QE-src,cvu,0.899
ende,35,0.02,dedup_cvl:mtme_MATESE-refA,cvl,0.895
ende,35,0.02,dedup_cvq:mtme_MATESE-refA,cvq,0.8945
ende,35,0.02,dedup_cvu:mtme_MATESE-refA,cvu,0.8945
ende,35,0.02,weighted_cvl:mtme_MATESE-refA,cvl,0.8985
ende,35,0.02,weighted_cvq:mtme_MATESE-refA,cvq,0.903
ende,35,0.02,weighted_cvu:mtme_MATESE-refA,cvu,0.9015
ende,35,0.02,dedup_cvl:mtme_MEE-refA,cvl,0.8955
ende,35,0.02,dedup_cvq:mtme_MEE-refA,cvq,0.892
ende,35,0.02,dedup_cvu:mtme_MEE-refA,cvu,0.894
ende,35,0.02,weighted_cvl:mtme_MEE-refA,cvl,0.894
ende,35,0.02,weighted_cvq:mtme_MEE-refA,cvq,0.8945
ende,35,0.02,weighted_cvu:mtme_MEE-refA,cvu,0.896
ende,35,0.02,dedup_cvl:mtme_MEE2-refA,cvl,0.8945
ende,35,0.02,dedup_cvq:mtme_MEE2-refA,cvq,0.8935
ende,35,0.02,dedup_cvu:mtme_MEE2-refA,cvu,0.8945
ende,35,0.02,weighted_cvl:mtme_MEE2-refA,cvl,0.895
ende,35,0.02,weighted_cvq:mtme_MEE2-refA,cvq,0.8935
ende,35,0.02,weighted_cvu:mtme_MEE2-refA,cvu,0.8965
ende,35,0.02,dedup_cvl:mtme_MEE4-refA,cvl,0.8935
ende,35,0.02,dedup_cvq:mtme_MEE4-refA,cvq,0.893
ende,35,0.02,dedup_cvu:mtme_MEE4-refA,cvu,0.895
ende,35,0.02,weighted_cvl:mtme_MEE4-refA,cvl,0.896
ende,35,0.02,weighted_cvq:mtme_MEE4-refA,cvq,0.8945
ende,35,0.02,weighted_cvu:mtme_MEE4-refA,cvu,0.898
ende,35,0.02,dedup_cvl:mtme_MS-COMET-22-refA,cvl,0.897
ende,35,0.02,dedup_cvq:mtme_MS-COMET-22-refA,cvq,0.8965
ende,35,0.02,dedup_cvu:mtme_MS-COMET-22-refA,cvu,0.8955
ende,35,0.02,weighted_cvl:mtme_MS-COMET-22-refA,cvl,0.8915
ende,35,0.02,weighted_cvq:mtme_MS-COMET-22-refA,cvq,0.893
ende,35,0.02,weighted_cvu:mtme_MS-COMET-22-refA,cvu,0.892
ende,35,0.02,dedup_cvl:mtme_MS-COMET-QE-22-src,cvl,0.895
ende,35,0.02,dedup_cvq:mtme_MS-COMET-QE-22-src,cvq,0.894
ende,35,0.02,dedup_cvu:mtme_MS-COMET-QE-22-src,cvu,0.8935
ende,35,0.02,weighted_cvl:mtme_MS-COMET-QE-22-src,cvl,0.893
ende,35,0.02,weighted_cvq:mtme_MS-COMET-QE-22-src,cvq,0.8955
ende,35,0.02,weighted_cvu:mtme_MS-COMET-QE-22-src,cvu,0.895
ende,35,0.02,dedup_cvl:mtme_REUSE-src,cvl,0.8965
ende,35,0.02,dedup_cvq:mtme_REUSE-src,cvq,0.894
ende,35,0.02,dedup_cvu:mtme_REUSE-src,cvu,0.8955
ende,35,0.02,weighted_cvl:mtme_REUSE-src,cvl,0.8985
ende,35,0.02,weighted_cvq:mtme_REUSE-src,cvq,0.8965
ende,35,0.02,weighted_cvu:mtme_REUSE-src,cvu,0.8995
ende,35,0.02,dedup_cvl:mtme_SEScore-refA,cvl,0.891
ende,35,0.02,dedup_cvq:mtme_SEScore-refA,cvq,0.886
ende,35,0.02,dedup_cvu:mtme_SEScore-refA,cvu,0.889
ende,35,0.02,weighted_cvl:mtme_SEScore-refA,cvl,0.894
ende,35,0.02,weighted_cvq:mtme_SEScore-refA,cvq,0.892
ende,35,0.02,weighted_cvu:mtme_SEScore-refA,cvu,0.8945
ende,35,0.02,dedup_cvl:mtme_UniTE-ref-refA,cvl,0.8965
ende,35,0.02,dedup_cvq:mtme_UniTE-ref-refA,cvq,0.896
ende,35,0.02,dedup_cvu:mtme_UniTE-ref-refA,cvu,0.898
ende,35,0.02,weighted_cvl:mtme_UniTE-ref-refA,cvl,0.8925
ende,35,0.02,weighted_cvq:mtme_UniTE-ref-refA,cvq,0.895
ende,35,0.02,weighted_cvu:mtme_UniTE-ref-refA,cvu,0.897
ende,35,0.02,dedup_cvl:mtme_UniTE-refA,cvl,0.893
ende,35,0.02,dedup_cvq:mtme_UniTE-refA,cvq,0.8935
ende,35,0.02,dedup_cvu:mtme_UniTE-refA,cvu,0.893
ende,35,0.02,weighted_cvl:mtme_UniTE-refA,cvl,0.892
ende,35,0.02,weighted_cvq:mtme_UniTE-refA,cvq,0.892
ende,35,0.02,weighted_cvu:mtme_UniTE-refA,cvu,0.895
ende,35,0.02,dedup_cvl:mtme_UniTE-src-src,cvl,0.8935
ende,35,0.02,dedup_cvq:mtme_UniTE-src-src,cvq,0.892
ende,35,0.02,dedup_cvu:mtme_UniTE-src-src,cvu,0.893
ende,35,0.02,weighted_cvl:mtme_UniTE-src-src,cvl,0.8955
ende,35,0.02,weighted_cvq:mtme_UniTE-src-src,cvq,0.896
ende,35,0.02,weighted_cvu:mtme_UniTE-src-src,cvu,0.897
ende,35,0.02,dedup_cvl:mtme_YiSi-1-refA,cvl,0.895
ende,35,0.02,dedup_cvq:mtme_YiSi-1-refA,cvq,0.892
ende,35,0.02,dedup_cvu:mtme_YiSi-1-refA,cvu,0.8935
ende,35,0.02,weighted_cvl:mtme_YiSi-1-refA,cvl,0.887
ende,35,0.02,weighted_cvq:mtme_YiSi-1-refA,cvq,0.89
ende,35,0.02,weighted_cvu:mtme_YiSi-1-refA,cvu,0.89
ende,35,0.02,dedup_cvl:mtme_chrF-refA,cvl,0.8955
ende,35,0.02,dedup_cvq:mtme_chrF-refA,cvq,0.891
ende,35,0.02,dedup_cvu:mtme_chrF-refA,cvu,0.894
ende,35,0.02,weighted_cvl:mtme_chrF-refA,cvl,0.8925
ende,35,0.02,weighted_cvq:mtme_chrF-refA,cvq,0.891
ende,35,0.02,weighted_cvu:mtme_chrF-refA,cvu,0.893
ende,35,0.02,dedup_cvl:mtme_f101spBLEU-refA,cvl,0.8955
ende,35,0.02,dedup_cvq:mtme_f101spBLEU-refA,cvq,0.893
ende,35,0.02,dedup_cvu:mtme_f101spBLEU-refA,cvu,0.8945
ende,35,0.02,weighted_cvl:mtme_f101spBLEU-refA,cvl,0.897
ende,35,0.02,weighted_cvq:mtme_f101spBLEU-refA,cvq,0.8935
ende,35,0.02,weighted_cvu:mtme_f101spBLEU-refA,cvu,0.897
ende,35,0.02,dedup_cvl:mtme_f200spBLEU-refA,cvl,0.895
ende,35,0.02,dedup_cvq:mtme_f200spBLEU-refA,cvq,0.889
ende,35,0.02,dedup_cvu:mtme_f200spBLEU-refA,cvu,0.8925
ende,35,0.02,weighted_cvl:mtme_f200spBLEU-refA,cvl,0.8985
ende,35,0.02,weighted_cvq:mtme_f200spBLEU-refA,cvq,0.892
ende,35,0.02,weighted_cvu:mtme_f200spBLEU-refA,cvu,0.898
ende,35,0.02,dedup_cvl:mtme_metricx_xl_DA_2019-refA,cvl,0.8875
ende,35,0.02,dedup_cvq:mtme_metricx_xl_DA_2019-refA,cvq,0.885
ende,35,0.02,dedup_cvu:mtme_metricx_xl_DA_2019-refA,cvu,0.8875
ende,35,0.02,weighted_cvl:mtme_metricx_xl_DA_2019-refA,cvl,0.8905
ende,35,0.02,weighted_cvq:mtme_metricx_xl_DA_2019-refA,cvq,0.8835
ende,35,0.02,weighted_cvu:mtme_metricx_xl_DA_2019-refA,cvu,0.8885
ende,35,0.02,dedup_cvl:mtme_metricx_xl_MQM_2020-refA,cvl,0.893
ende,35,0.02,dedup_cvq:mtme_metricx_xl_MQM_2020-refA,cvq,0.8895
ende,35,0.02,dedup_cvu:mtme_metricx_xl_MQM_2020-refA,cvu,0.8905
ende,35,0.02,weighted_cvl:mtme_metricx_xl_MQM_2020-refA,cvl,0.898
ende,35,0.02,weighted_cvq:mtme_metricx_xl_MQM_2020-refA,cvq,0.898
ende,35,0.02,weighted_cvu:mtme_metricx_xl_MQM_2020-refA,cvu,0.9005
ende,35,0.02,dedup_cvl:mtme_metricx_xxl_DA_2019-refA,cvl,0.8985
ende,35,0.02,dedup_cvq:mtme_metricx_xxl_DA_2019-refA,cvq,0.8935
ende,35,0.02,dedup_cvu:mtme_metricx_xxl_DA_2019-refA,cvu,0.895
ende,35,0.02,weighted_cvl:mtme_metricx_xxl_DA_2019-refA,cvl,0.899
ende,35,0.02,weighted_cvq:mtme_metricx_xxl_DA_2019-refA,cvq,0.896
ende,35,0.02,weighted_cvu:mtme_metricx_xxl_DA_2019-refA,cvu,0.899
ende,35,0.02,dedup_cvl:mtme_metricx_xxl_MQM_2020-refA,cvl,0.892
ende,35,0.02,dedup_cvq:mtme_metricx_xxl_MQM_2020-refA,cvq,0.892
ende,35,0.02,dedup_cvu:mtme_metricx_xxl_MQM_2020-refA,cvu,0.893
ende,35,0.02,weighted_cvl:mtme_metricx_xxl_MQM_2020-refA,cvl,0.897
ende,35,0.02,weighted_cvq:mtme_metricx_xxl_MQM_2020-refA,cvq,0.897
ende,35,0.02,weighted_cvu:mtme_metricx_xxl_MQM_2020-refA,cvu,0.898
ende,35,0.02,weighted_cvo:mtme_BERTScore-refA,cvo,0.889
ende,35,0.02,weighted_cvo:mtme_BLEU-refA,cvo,0.8945
ende,35,0.02,weighted_cvo:mtme_BLEURT-20-refA,cvo,0.8965
ende,35,0.02,weighted_cvo:mtme_COMET-20-refA,cvo,0.898
ende,35,0.02,weighted_cvo:mtme_COMET-22-refA,cvo,0.8955
ende,35,0.02,weighted_cvo:mtme_COMET-QE-src,cvo,0.8955
ende,35,0.02,weighted_cvo:mtme_COMETKiwi-src,cvo,0.897
ende,35,0.02,weighted_cvo:mtme_Cross-QE-src,cvo,0.895
ende,35,0.02,weighted_cvo:mtme_HWTSC-TLM-src,cvo,0.897
ende,35,0.02,weighted_cvo:mtme_HWTSC-Teacher-Sim-src,cvo,0.897
ende,35,0.02,weighted_cvo:mtme_KG-BERTScore-src,cvo,0.896
ende,35,0.02,weighted_cvo:mtme_MATESE-QE-src,cvo,0.89
ende,35,0.02,weighted_cvo:mtme_MATESE-refA,cvo,0.8965
ende,35,0.02,weighted_cvo:mtme_MEE-refA,cvo,0.8935
ende,35,0.02,weighted_cvo:mtme_MEE2-refA,cvo,0.893
ende,35,0.02,weighted_cvo:mtme_MEE4-refA,cvo,0.8925
ende,35,0.02,weighted_cvo:mtme_MS-COMET-22-refA,cvo,0.894
ende,35,0.02,weighted_cvo:mtme_MS-COMET-QE-22-src,cvo,0.894
ende,35,0.02,weighted_cvo:mtme_REUSE-src,cvo,0.8965
ende,35,0.02,weighted_cvo:mtme_SEScore-refA,cvo,0.8895
ende,35,0.02,weighted_cvo:mtme_UniTE-ref-refA,cvo,0.8945
ende,35,0.02,weighted_cvo:mtme_UniTE-refA,cvo,0.894
ende,35,0.02,weighted_cvo:mtme_UniTE-src-src,cvo,0.899
ende,35,0.02,weighted_cvo:mtme_YiSi-1-refA,cvo,0.894
ende,35,0.02,weighted_cvo:mtme_chrF-refA,cvo,0.8915
ende,35,0.02,weighted_cvo:mtme_f101spBLEU-refA,cvo,0.8955
ende,35,0.02,weighted_cvo:mtme_f200spBLEU-refA,cvo,0.8965
ende,35,0.02,weighted_cvo:mtme_metricx_xl_DA_2019-refA,cvo,0.889
ende,35,0.02,weighted_cvo:mtme_metricx_xl_MQM_2020-refA,cvo,0.9045
ende,35,0.02,weighted_cvo:mtme_metricx_xxl_DA_2019-refA,cvo,0.894
ende,35,0.02,weighted_cvo:mtme_metricx_xxl_MQM_2020-refA,cvo,0.901
ende,45,0.01,uniform,human,0.898
ende,45,0.01,dedup,human,0.899
ende,45,0.01,weighted,human,0.8935
ende,45,0.01,dedup_cvl:mtme_BERTScore-refA,cvl,0.899
ende,45,0.01,dedup_cvq:mtme_BERTScore-refA,cvq,0.8975
ende,45,0.01,dedup_cvu:mtme_BERTScore-refA,cvu,0.8985
ende,45,0.01,weighted_cvl:mtme_BERTScore-refA,cvl,0.893
ende,45,0.01,weighted_cvq:mtme_BERTScore-refA,cvq,0.893
ende,45,0.01,weighted_cvu:mtme_BERTScore-refA,cvu,0.8955
ende,45,0.01,dedup_cvl:mtme_BLEU-refA,cvl,0.898
ende,45,0.01,dedup_cvq:mtme_BLEU-refA,cvq,0.898
ende,45,0.01,dedup_cvu:mtme_BLEU-refA,cvu,0.901
ende,45,0.01,weighted_cvl:mtme_BLEU-refA,cvl,0.8955
ende,45,0.01,weighted_cvq:mtme_BLEU-refA,cvq,0.896
ende,45,0.01,weighted_cvu:mtme_BLEU-refA,cvu,0.8995
ende,45,0.01,dedup_cvl:mtme_BLEURT-20-refA,cvl,0.9015
ende,45,0.01,dedup_cvq:mtme_BLEURT-20-refA,cvq,0.8895
ende,45,0.01,dedup_cvu:mtme_BLEURT-20-refA,cvu,0.8965
ende,45,0.01,weighted_cvl:mtme_BLEURT-20-refA,cvl,0.8935
ende,45,0.01,weighted_cvq:mtme_BLEURT-20-refA,cvq,0.894
ende,45,0.01,weighted_cvu:mtme_BLEURT-20-refA,cvu,0.894
ende,45,0.01,dedup_cvl:mtme_COMET-20-refA,cvl,0.9035
ende,45,0.01,dedup_cvq:mtme_COMET-20-refA,cvq,0.8985
ende,45,0.01,dedup_cvu:mtme_COMET-20-refA,cvu,0.9005
ende,45,0.01,weighted_cvl:mtme_COMET-20-refA,cvl,0.891
ende,45,0.01,weighted_cvq:mtme_COMET-20-refA,cvq,0.891
ende,45,0.01,weighted_cvu:mtme_COMET-20-refA,cvu,0.892
ende,45,0.01,dedup_cvl:mtme_COMET-22-refA,cvl,0.898
ende,45,0.01,dedup_cvq:mtme_COMET-22-refA,cvq,0.8885
ende,45,0.01,dedup_cvu:mtme_COMET-22-refA,cvu,0.899
ende,45,0.01,weighted_cvl:mtme_COMET-22-refA,cvl,0.8895
ende,45,0.01,weighted_cvq:mtme_COMET-22-refA,cvq,0.888
ende,45,0.01,weighted_cvu:mtme_COMET-22-refA,cvu,0.892
ende,45,0.01,dedup_cvl:mtme_COMET-QE-src,cvl,0.903
ende,45,0.01,dedup_cvq:mtme_COMET-QE-src,cvq,0.8965
ende,45,0.01,dedup_cvu:mtme_COMET-QE-src,cvu,0.899
ende,45,0.01,weighted_cvl:mtme_COMET-QE-src,cvl,0.8945
ende,45,0.01,weighted_cvq:mtme_COMET-QE-src,cvq,0.8875
ende,45,0.01,weighted_cvu:mtme_COMET-QE-src,cvu,0.8915
ende,45,0.01,dedup_cvl:mtme_COMETKiwi-src,cvl,0.901
ende,45,0.01,dedup_cvq:mtme_COMETKiwi-src,cvq,0.898
ende,45,0.01,dedup_cvu:mtme_COMETKiwi-src,cvu,0.901
ende,45,0.01,weighted_cvl:mtme_COMETKiwi-src,cvl,0.8925
ende,45,0.01,weighted_cvq:mtme_COMETKiwi-src,cvq,0.89
ende,45,0.01,weighted_cvu:mtme_COMETKiwi-src,cvu,0.893
ende,45,0.01,dedup_cvl:mtme_Cross-QE-src,cvl,0.899
ende,45,0.01,dedup_cvq:mtme_Cross-QE-src,cvq,0.895
ende,45,0.01,dedup_cvu:mtme_Cross-QE-src,cvu,0.895
ende,45,0.01,weighted_cvl:mtme_Cross-QE-src,cvl,0.895
ende,45,0.01,weighted_cvq:mtme_Cross-QE-src,cvq,0.8935
ende,45,0.01,weighted_cvu:mtme_Cross-QE-src,cvu,0.8975
ende,45,0.01,dedup_cvl:mtme_HWTSC-TLM-src,cvl,0.8935
ende,45,0.01,dedup_cvq:mtme_HWTSC-TLM-src,cvq,0.896
ende,45,0.01,dedup_cvu:mtme_HWTSC-TLM-src,cvu,0.898
ende,45,0.01,weighted_cvl:mtme_HWTSC-TLM-src,cvl,0.895
ende,45,0.01,weighted_cvq:mtme_HWTSC-TLM-src,cvq,0.8935
ende,45,0.01,weighted_cvu:mtme_HWTSC-TLM-src,cvu,0.892
ende,45,0.01,dedup_cvl:mtme_HWTSC-Teacher-Sim-src,cvl,0.896
ende,45,0.01,dedup_cvq:mtme_HWTSC-Teacher-Sim-src,cvq,0.8955
ende,45,0.01,dedup_cvu:mtme_HWTSC-Teacher-Sim-src,cvu,0.895
ende,45,0.01,weighted_cvl:mtme_HWTSC-Teacher-Sim-src,cvl,0.8875
ende,45,0.01,weighted_cvq:mtme_HWTSC-Teacher-Sim-src,cvq,0.886
ende,45,0.01,weighted_cvu:mtme_HWTSC-Teacher-Sim-src,cvu,0.8875
ende,45,0.01,dedup_cvl:mtme_KG-BERTScore-src,cvl,0.893
ende,45,0.01,dedup_cvq:mtme_KG-BERTScore-src,cvq,0.8985
ende,45,0.01,dedup_cvu:mtme_KG-BERTScore-src,cvu,0.897
ende,45,0.01,weighted_cvl:mtme_KG-BERTScore-src,cvl,0.8885
ende,45,0.01,weighted_cvq:mtme_KG-BERTScore-src,cvq,0.8865
ende,45,0.01,weighted_cvu:mtme_KG-BERTScore-src,cvu,0.8895
ende,45,0.01,dedup_cvl:mtme_MATESE-QE-src,cvl,0.8975
ende,45,0.01,dedup_cvq:mtme_MATESE-QE-src,cvq,0.9
ende,45,0.01,dedup_cvu:mtme_MATESE-QE-src,cvu,0.9005
ende,45,0.01,weighted_cvl:mtme_MATESE-QE-src,cvl,0.893
ende,45,0.01,weighted_cvq:mtme_MATESE-QE-src,cvq,0.893
ende,45,0.01,weighted_cvu:mtme_MATESE-QE-src,cvu,0.8955
ende,45,0.01,dedup_cvl:mtme_MATESE-refA,cvl,0.894
ende,45,0.01,dedup_cvq:mtme_MATESE-refA,cvq,0.89
ende,45,0.01,dedup_cvu:mtme_MATESE-refA,cvu,0.8945
ende,45,0.01,weighted_cvl:mtme_MATESE-refA,cvl,0.8935
ende,45,0.01,weighted_cvq:mtme_MATESE-refA,cvq,0.896
ende,45,0.01,weighted_cvu:mtme_MATESE-refA,cvu,0.892
ende,45,0.01,dedup_cvl:mtme_MEE-refA,cvl,0.9005
ende,45,0.01,dedup_cvq:mtme_MEE-refA,cvq,0.899
ende,45,0.01,dedup_cvu:mtme_MEE-refA,cvu,0.9015
ende,45,0.01,weighted_cvl:mtme_MEE-refA,cvl,0.8965
ende,45,0.01,weighted_cvq:mtme_MEE-refA,cvq,0.8945
ende,45,0.01,weighted_cvu:mtme_MEE-refA,cvu,0.895
ende,45,0.01,dedup_cvl:mtme_MEE2-refA,cvl,0.9005
ende,45,0.01,dedup_cvq:mtme_MEE2-refA,cvq,0.899
ende,45,0.01,dedup_cvu:mtme_MEE2-refA,cvu,0.8995
ende,45,0.01,weighted_cvl:mtme_MEE2-refA,cvl,0.8975
ende,45,0.01,weighted_cvq:mtme_MEE2-refA,cvq,0.8955
ende,45,0.01,weighted_cvu:mtme_MEE2-refA,cvu,0.897
ende,45,0.01,dedup_cvl:mtme_MEE4-refA,cvl,0.899
ende,45,0.01,dedup_cvq:mtme_MEE4-refA,cvq,0.899
ende,45,0.01,dedup_cvu:mtme_MEE4-refA,cvu,0.8965
ende,45,0.01,weighted_cvl:mtme_MEE4-refA,cvl,0.9005
ende,45,0.01,weighted_cvq:mtme_MEE4-refA,cvq,0.896
ende,45,0.01,weighted_cvu:mtme_MEE4-refA,cvu,0.899
ende,45,0.01,dedup_cvl:mtme_MS-COMET-22-refA,cvl,0.897
ende,45,0.01,dedup_cvq:mtme_MS-COMET-22-refA,cvq,0.89
ende,45,0.01,dedup_cvu:mtme_MS-COMET-22-refA,cvu,0.896
ende,45,0.01,weighted_cvl:mtme_MS-COMET-22-refA,cvl,0.8955
ende,45,0.01,weighted_cvq:mtme_MS-COMET-22-refA,cvq,0.897
ende,45,0.01,weighted_cvu:mtme_MS-COMET-22-refA,cvu,0.8965
ende,45,0.01,dedup_cvl:mtme_MS-COMET-QE-22-src,cvl,0.904
ende,45,0.01,dedup_cvq:mtme_MS-COMET-QE-22-src,cvq,0.9035
ende,45,0.01,dedup_cvu:mtme_MS-COMET-QE-22-src,cvu,0.901
ende,45,0.01,weighted_cvl:mtme_MS-COMET-QE-22-src,cvl,0.8975
ende,45,0.01,weighted_cvq:mtme_MS-COMET-QE-22-src,cvq,0.897
ende,45,0.01,weighted_cvu:mtme_MS-COMET-QE-22-src,cvu,0.8975
ende,45,0.01,dedup_cvl:mtme_REUSE-src,cvl,0.902
ende,45,0.01,dedup_cvq:mtme_REUSE-src,cvq,0.8965
ende,45,0.01,dedup_cvu:mtme_REUSE-src,cvu,0.8985
ende,45,0.01,weighted_cvl:mtme_REUSE-src,cvl,0.8955
ende,45,0.01,weighted_cvq:mtme_REUSE-src,cvq,0.8925
ende,45,0.01,weighted_cvu:mtme_REUSE-src,cvu,0.895
ende,45,0.01,dedup_cvl:mtme_SEScore-refA,cvl,0.8975
ende,45,0.01,dedup_cvq:mtme_SEScore-refA,cvq,0.8985
ende,45,0.01,dedup_cvu:mtme_SEScore-refA,cvu,0.899
ende,45,0.01,weighted_cvl:mtme_SEScore-refA,cvl,0.8945
ende,45,0.01,weighted_cvq:mtme_SEScore-refA,cvq,0.89
ende,45,0.01,weighted_cvu:mtme_SEScore-refA,cvu,0.891
ende,45,0.01,dedup_cvl:mtme_UniTE-ref-refA,cvl,0.8995
ende,45,0.01,dedup_cvq:mtme_UniTE-ref-refA,cvq,0.902
ende,45,0.01,dedup_cvu:mtme_UniTE-ref-refA,cvu,0.8975
ende,45,0.01,weighted_cvl:mtme_UniTE-ref-refA,cvl,0.8945
ende,45,0.01,weighted_cvq:mtme_UniTE-ref-refA,cvq,0.893
ende,45,0.01,weighted_cvu:mtme_UniTE-ref-refA,cvu,0.895
ende,45,0.01,dedup_cvl:mtme_UniTE-refA,cvl,0.9
ende,45,0.01,dedup_cvq:mtme_UniTE-refA,cvq,0.9015
ende,45,0.01,dedup_cvu:mtme_UniTE-refA,cvu,0.8975
ende,45,0.01,weighted_cvl:mtme_UniTE-refA,cvl,0.891
ende,45,0.01,weighted_cvq:mtme_UniTE-refA,cvq,0.893
ende,45,0.01,weighted_cvu:mtme_UniTE-refA,cvu,0.893
ende,45,0.01,dedup_cvl:mtme_UniTE-src-src,cvl,0.901
ende,45,0.01,dedup_cvq:mtme_UniTE-src-src,cvq,0.9025
ende,45,0.01,dedup_cvu:mtme_UniTE-src-src,cvu,0.9
ende,45,0.01,weighted_cvl:mtme_UniTE-src-src,cvl,0.8975
ende,45,0.01,weighted_cvq:mtme_UniTE-src-src,cvq,0.895
ende,45,0.01,weighted_cvu:mtme_UniTE-src-src,cvu,0.897
ende,45,0.01,dedup_cvl:mtme_YiSi-1-refA,cvl,0.899
ende,45,0.01,dedup_cvq:mtme_YiSi-1-refA,cvq,0.8935
ende,45,0.01,dedup_cvu:mtme_YiSi-1-refA,cvu,0.8965
ende,45,0.01,weighted_cvl:mtme_YiSi-1-refA,cvl,0.897
ende,45,0.01,weighted_cvq:mtme_YiSi-1-refA,cvq,0.89
ende,45,0.01,weighted_cvu:mtme_YiSi-1-refA,cvu,0.892
ende,45,0.01,dedup_cvl:mtme_chrF-refA,cvl,0.9005
ende,45,0.01,dedup_cvq:mtme_chrF-refA,cvq,0.896
ende,45,0.01,dedup_cvu:mtme_chrF-refA,cvu,0.8965
ende,45,0.01,weighted_cvl:mtme_chrF-refA,cvl,0.8925
ende,45,0.01,weighted_cvq:mtme_chrF-refA,cvq,0.8915
ende,45,0.01,weighted_cvu:mtme_chrF-refA,cvu,0.894
ende,45,0.01,dedup_cvl:mtme_f101spBLEU-refA,cvl,0.8985
ende,45,0.01,dedup_cvq:mtme_f101spBLEU-refA,cvq,0.8975
ende,45,0.01,dedup_cvu:mtme_f101spBLEU-refA,cvu,0.899
ende,45,0.01,weighted_cvl:mtme_f101spBLEU-refA,cvl,0.8925
ende,45,0.01,weighted_cvq:mtme_f101spBLEU-refA,cvq,0.892
ende,45,0.01,weighted_cvu:mtme_f101spBLEU-refA,cvu,0.8945
ende,45,0.01,dedup_cvl:mtme_f200spBLEU-refA,cvl,0.9
ende,45,0.01,dedup_cvq:mtme_f200spBLEU-refA,cvq,0.8995
ende,45,0.01,dedup_cvu:mtme_f200spBLEU-refA,cvu,0.904
ende,45,0.01,weighted_cvl:mtme_f200spBLEU-refA,cvl,0.895
ende,45,0.01,weighted_cvq:mtme_f200spBLEU-refA,cvq,0.895
ende,45,0.01,weighted_cvu:mtme_f200spBLEU-refA,cvu,0.894
ende,45,0.01,dedup_cvl:mtme_metricx_xl_DA_2019-refA,cvl,0.8895
ende,45,0.01,dedup_cvq:mtme_metricx_xl_DA_2019-refA,cvq,0.8885
ende,45,0.01,dedup_cvu:mtme_metricx_xl_DA_2019-refA,cvu,0.8995
ende,45,0.01,weighted_cvl:mtme_metricx_xl_DA_2019-refA,cvl,0.8955
ende,45,0.01,weighted_cvq:mtme_metricx_xl_DA_2019-refA,cvq,0.889
ende,45,0.01,weighted_cvu:mtme_metricx_xl_DA_2019-refA,cvu,0.8925
ende,45,0.01,dedup_cvl:mtme_metricx_xl_MQM_2020-refA,cvl,0.8975
ende,45,0.01,dedup_cvq:mtme_metricx_xl_MQM_2020-refA,cvq,0.8775
ende,45,0.01,dedup_cvu:mtme_metricx_xl_MQM_2020-refA,cvu,0.9025
ende,45,0.01,weighted_cvl:mtme_metricx_xl_MQM_2020-refA,cvl,0.8955
ende,45,0.01,weighted_cvq:mtme_metricx_xl_MQM_2020-refA,cvq,0.8855
ende,45,0.01,weighted_cvu:mtme_metricx_xl_MQM_2020-refA,cvu,0.895
ende,45,0.01,dedup_cvl:mtme_metricx_xxl_DA_2019-refA,cvl,0.898
ende,45,0.01,dedup_cvq:mtme_metricx_xxl_DA_2019-refA,cvq,0.89
ende,45,0.01,dedup_cvu:mtme_metricx_xxl_DA_2019-refA,cvu,0.898
ende,45,0.01,weighted_cvl:mtme_metricx_xxl_DA_2019-refA,cvl,0.8925
ende,45,0.01,weighted_cvq:mtme_metricx_xxl_DA_2019-refA,cvq,0.897
ende,45,0.01,weighted_cvu:mtme_metricx_xxl_DA_2019-refA,cvu,0.8915
ende,45,0.01,dedup_cvl:mtme_metricx_xxl_MQM_2020-refA,cvl,0.901
ende,45,0.01,dedup_cvq:mtme_metricx_xxl_MQM_2020-refA,cvq,0.89
ende,45,0.01,dedup_cvu:mtme_metricx_xxl_MQM_2020-refA,cvu,0.898
ende,45,0.01,weighted_cvl:mtme_metricx_xxl_MQM_2020-refA,cvl,0.8925
ende,45,0.01,weighted_cvq:mtme_metricx_xxl_MQM_2020-refA,cvq,0.89
ende,45,0.01,weighted_cvu:mtme_metricx_xxl_MQM_2020-refA,cvu,0.8895
ende,45,0.01,weighted_cvo:mtme_BERTScore-refA,cvo,0.8935
ende,45,0.01,weighted_cvo:mtme_BLEU-refA,cvo,0.8955
ende,45,0.01,weighted_cvo:mtme_BLEURT-20-refA,cvo,0.897
ende,45,0.01,weighted_cvo:mtme_COMET-20-refA,cvo,0.8965
ende,45,0.01,weighted_cvo:mtme_COMET-22-refA,cvo,0.892
ende,45,0.01,weighted_cvo:mtme_COMET-QE-src,cvo,0.8955
ende,45,0.01,weighted_cvo:mtme_COMETKiwi-src,cvo,0.896
ende,45,0.01,weighted_cvo:mtme_Cross-QE-src,cvo,0.8975
ende,45,0.01,weighted_cvo:mtme_HWTSC-TLM-src,cvo,0.8935
ende,45,0.01,weighted_cvo:mtme_HWTSC-Teacher-Sim-src,cvo,0.888
ende,45,0.01,weighted_cvo:mtme_KG-BERTScore-src,cvo,0.889
ende,45,0.01,weighted_cvo:mtme_MATESE-QE-src,cvo,0.8955
ende,45,0.01,weighted_cvo:mtme_MATESE-refA,cvo,0.8975
ende,45,0.01,weighted_cvo:mtme_MEE-refA,cvo,0.893
ende,45,0.01,weighted_cvo:mtme_MEE2-refA,cvo,0.894
ende,45,0.01,weighted_cvo:mtme_MEE4-refA,cvo,0.8975
ende,45,0.01,weighted_cvo:mtme_MS-COMET-22-refA,cvo,0.8945
ende,45,0.01,weighted_cvo:mtme_MS-COMET-QE-22-src,cvo,0.896
ende,45,0.01,weighted_cvo:mtme_REUSE-src,cvo,0.8935
ende,45,0.01,weighted_cvo:mtme_SEScore-refA,cvo,0.894
ende,45,0.01,weighted_cvo:mtme_UniTE-ref-refA,cvo,0.9015
ende,45,0.01,weighted_cvo:mtme_UniTE-refA,cvo,0.8995
ende,45,0.01,weighted_cvo:mtme_UniTE-src-src,cvo,0.8975
ende,45,0.01,weighted_cvo:mtme_YiSi-1-refA,cvo,0.8945
ende,45,0.01,weighted_cvo:mtme_chrF-refA,cvo,0.893
ende,45,0.01,weighted_cvo:mtme_f101spBLEU-refA,cvo,0.8905
ende,45,0.01,weighted_cvo:mtme_f200spBLEU-refA,cvo,0.8915
ende,45,0.01,weighted_cvo:mtme_metricx_xl_DA_2019-refA,cvo,0.892
ende,45,0.01,weighted_cvo:mtme_metricx_xl_MQM_2020-refA,cvo,0.8885
ende,45,0.01,weighted_cvo:mtme_metricx_xxl_DA_2019-refA,cvo,0.891
ende,45,0.01,weighted_cvo:mtme_metricx_xxl_MQM_2020-refA,cvo,0.8925
ende,45,0.02,uniform,human,0.894
ende,45,0.02,dedup,human,0.8975
ende,45,0.02,weighted,human,0.904
ende,45,0.02,dedup_cvl:mtme_BERTScore-refA,cvl,0.9
ende,45,0.02,dedup_cvq:mtme_BERTScore-refA,cvq,0.894
ende,45,0.02,dedup_cvu:mtme_BERTScore-refA,cvu,0.897
ende,45,0.02,weighted_cvl:mtme_BERTScore-refA,cvl,0.899
ende,45,0.02,weighted_cvq:mtme_BERTScore-refA,cvq,0.8965
ende,45,0.02,weighted_cvu:mtme_BERTScore-refA,cvu,0.9005
ende,45,0.02,dedup_cvl:mtme_BLEU-refA,cvl,0.898
ende,45,0.02,dedup_cvq:mtme_BLEU-refA,cvq,0.892
ende,45,0.02,dedup_cvu:mtme_BLEU-refA,cvu,0.8955
ende,45,0.02,weighted_cvl:mtme_BLEU-refA,cvl,0.899
ende,45,0.02,weighted_cvq:mtme_BLEU-refA,cvq,0.8965
ende,45,0.02,weighted_cvu:mtme_BLEU-refA,cvu,0.8985
ende,45,0.02,dedup_cvl:mtme_BLEURT-20-refA,cvl,0.8955
ende,45,0.02,dedup_cvq:mtme_BLEURT-20-refA,cvq,0.894
ende,45,0.02,dedup_cvu:mtme_BLEURT-20-refA,cvu,0.8965
ende,45,0.02,weighted_cvl:mtme_BLEURT-20-refA,cvl,0.901
ende,45,0.02,weighted_cvq:mtme_BLEURT-20-refA,cvq,0.899
ende,45,0.02,weighted_cvu:mtme_BLEURT-20-refA,cvu,0.8995
ende,45,0.02,dedup_cvl:mtme_COMET-20-refA,cvl,0.9035
ende,45,0.02,dedup_cvq:mtme_COMET-20-refA,cvq,0.8975
ende,45,0.02,dedup_cvu:mtme_COMET-20-refA,cvu,0.8995
ende,45,0.02,weighted_cvl:mtme_COMET-20-refA,cvl,0.898
ende,45,0.02,weighted_cvq:mtme_COMET-20-refA,cvq,0.898
ende,45,0.02,weighted_cvu:mtme_COMET-20-refA,cvu,0.899
ende,45,0.02,dedup_cvl:mtme_COMET-22-refA,cvl,0.893
ende,45,0.02,dedup_cvq:mtme_COMET-22-refA,cvq,0.89
ende,45,0.02,dedup_cvu:mtme_COMET-22-refA,cvu,0.8945
ende,45,0.02,weighted_cvl:mtme_COMET-22-refA,cvl,0.9045
ende,45,0.02,weighted_cvq:mtme_COMET-22-refA,cvq,0.9025
ende,45,0.02,weighted_cvu:mtme_COMET-22-refA,cvu,0.9065
ende,45,0.02,dedup_cvl:mtme_COMET-QE-src,cvl,0.893
ende,45,0.02,dedup_cvq:mtme_COMET-QE-src,cvq,0.889
ende,45,0.02,dedup_cvu:mtme_COMET-QE-src,cvu,0.894
ende,45,0.02,weighted_cvl:mtme_COMET-QE-src,cvl,0.904
ende,45,0.02,weighted_cvq:mtme_COMET-QE-src,cvq,0.904
ende,45,0.02,weighted_cvu:mtme_COMET-QE-src,cvu,0.9065
ende,45,0.02,dedup_cvl:mtme_COMETKiwi-src,cvl,0.8885
ende,45,0.02,dedup_cvq:mtme_COMETKiwi-src,cvq,0.886
ende,45,0.02,dedup_cvu:mtme_COMETKiwi-src,cvu,0.8905
ende,45,0.02,weighted_cvl:mtme_COMETKiwi-src,cvl,0.906
ende,45,0.02,weighted_cvq:mtme_COMETKiwi-src,cvq,0.9045
ende,45,0.02,weighted_cvu:mtme_COMETKiwi-src,cvu,0.9065
ende,45,0.02,dedup_cvl:mtme_Cross-QE-src,cvl,0.9015
ende,45,0.02,dedup_cvq:mtme_Cross-QE-src,cvq,0.896
ende,45,0.02,dedup_cvu:mtme_Cross-QE-src,cvu,0.902
ende,45,0.02,weighted_cvl:mtme_Cross-QE-src,cvl,0.904
ende,45,0.02,weighted_cvq:mtme_Cross-QE-src,cvq,0.8975
ende,45,0.02,weighted_cvu:mtme_Cross-QE-src,cvu,0.9025
ende,45,0.02,dedup_cvl:mtme_HWTSC-TLM-src,cvl,0.8945
ende,45,0.02,dedup_cvq:mtme_HWTSC-TLM-src,cvq,0.8895
ende,45,0.02,dedup_cvu:mtme_HWTSC-TLM-src,cvu,0.8935
ende,45,0.02,weighted_cvl:mtme_HWTSC-TLM-src,cvl,0.901
ende,45,0.02,weighted_cvq:mtme_HWTSC-TLM-src,cvq,0.9005
ende,45,0.02,weighted_cvu:mtme_HWTSC-TLM-src,cvu,0.902
ende,45,0.02,dedup_cvl:mtme_HWTSC-Teacher-Sim-src,cvl,0.8905
ende,45,0.02,dedup_cvq:mtme_HWTSC-Teacher-Sim-src,cvq,0.885
ende,45,0.02,dedup_cvu:mtme_HWTSC-Teacher-Sim-src,cvu,0.887
ende,45,0.02,weighted_cvl:mtme_HWTSC-Teacher-Sim-src,cvl,0.8975
ende,45,0.02,weighted_cvq:mtme_HWTSC-Teacher-Sim-src,cvq,0.8955
ende,45,0.02,weighted_cvu:mtme_HWTSC-Teacher-Sim-src,cvu,0.8975
ende,45,0.02,dedup_cvl:mtme_KG-BERTScore-src,cvl,0.8905
ende,45,0.02,dedup_cvq:mtme_KG-BERTScore-src,cvq,0.889
ende,45,0.02,dedup_cvu:mtme_KG-BERTScore-src,cvu,0.891
ende,45,0.02,weighted_cvl:mtme_KG-BERTScore-src,cvl,0.8935
ende,45,0.02,weighted_cvq:mtme_KG-BERTScore-src,cvq,0.891
ende,45,0.02,weighted_cvu:mtme_KG-BERTScore-src,cvu,0.8935
ende,45,0.02,dedup_cvl:mtme_MATESE-QE-src,cvl,0.9035
ende,45,0.02,dedup_cvq:mtme_MATESE-QE-src,cvq,0.9
ende,45,0.02,dedup_cvu:mtme_MATESE-QE-src,cvu,0.9015
ende,45,0.02,weighted_cvl:mtme_MATESE-QE-src,cvl,0.9095
ende,45,0.02,weighted_cvq:mtme_MATESE-QE-src,cvq,0.9045
ende,45,0.02,weighted_cvu:mtme_MATESE-QE-src,cvu,0.912
ende,45,0.02,dedup_cvl:mtme_MATESE-refA,cvl,0.903
ende,45,0.02,dedup_cvq:mtme_MATESE-refA,cvq,0.9
ende,45,0.02,dedup_cvu:mtme_MATESE-refA,cvu,0.903
ende,45,0.02,weighted_cvl:mtme_MATESE-refA,cvl,0.9025
ende,45,0.02,weighted_cvq:mtme_MATESE-refA,cvq,0.896
ende,45,0.02,weighted_cvu:mtme_MATESE-refA,cvu,0.903
ende,45,0.02,dedup_cvl:mtme_MEE-refA,cvl,0.8965
ende,45,0.02,dedup_cvq:mtme_MEE-refA,cvq,0.8925
ende,45,0.02,dedup_cvu:mtme_MEE-refA,cvu,0.894
ende,45,0.02,weighted_cvl:mtme_MEE-refA,cvl,0.896
ende,45,0.02,weighted_cvq:mtme_MEE-refA,cvq,0.896
ende,45,0.02,weighted_cvu:mtme_MEE-refA,cvu,0.8975
ende,45,0.02,dedup_cvl:mtme_MEE2-refA,cvl,0.8955
ende,45,0.02,dedup_cvq:mtme_MEE2-refA,cvq,0.894
ende,45,0.02,dedup_cvu:mtme_MEE2-refA,cvu,0.8965
ende,45,0.02,weighted_cvl:mtme_MEE2-refA,cvl,0.9015
ende,45,0.02,weighted_cvq:mtme_MEE2-refA,cvq,0.8995
ende,45,0.02,weighted_cvu:mtme_MEE2-refA,cvu,0.901
ende,45,0.02,dedup_cvl:mtme_MEE4-refA,cvl,0.895
ende,45,0.02,dedup_cvq:mtme_MEE4-refA,cvq,0.893
ende,45,0.02,dedup_cvu:mtme_MEE4-refA,cvu,0.8955
ende,45,0.02,weighted_cvl:mtme_MEE4-refA,cvl,0.903
ende,45,0.02,weighted_cvq:mtme_MEE4-refA,cvq,0.9005
ende,45,0.02,weighted_cvu:mtme_MEE4-refA,cvu,0.9015
ende,45,0.02,dedup_cvl:mtme_MS-COMET-22-refA,cvl,0.897
ende,45,0.02,dedup_cvq:mtme_MS-COMET-22-refA,cvq,0.893
ende,45,0.02,dedup_cvu:mtme_MS-COMET-22-refA,cvu,0.899
ende,45,0.02,weighted_cvl:mtme_MS-COMET-22-refA,cvl,0.9
ende,45,0.02,weighted_cvq:mtme_MS-COMET-22-refA,cvq,0.9005
ende,45,0.02,weighted_cvu:mtme_MS-COMET-22-refA,cvu,0.9005
ende,45,0.02,dedup_cvl:mtme_MS-COMET-QE-22-src,cvl,0.899
ende,45,0.02,dedup_cvq:mtme_MS-COMET-QE-22-src,cvq,0.8955
ende,45,0.02,dedup_cvu:mtme_MS-COMET-QE-22-src,cvu,0.8975
ende,45,0.02,weighted_cvl:mtme_MS-COMET-QE-22-src,cvl,0.902
ende,45,0.02,weighted_cvq:mtme_MS-COMET-QE-22-src,cvq,0.9
ende,45,0.02,weighted_cvu:mtme_MS-COMET-QE-22-src,cvu,0.9035
ende,45,0.02,dedup_cvl:mtme_REUSE-src,cvl,0.895
ende,45,0.02,dedup_cvq:mtme_REUSE-src,cvq,0.894
ende,45,0.02,dedup_cvu:mtme_REUSE-src,cvu,0.895
ende,45,0.02,weighted_cvl:mtme_REUSE-src,cvl,0.9015
ende,45,0.02,weighted_cvq:mtme_REUSE-src,cvq,0.9
ende,45,0.02,weighted_cvu:mtme_REUSE-src,cvu,0.9005
ende,45,0.02,dedup_cvl:mtme_SEScore-refA,cvl,0.8975
ende,45,0.02,dedup_cvq:mtme_SEScore-refA,cvq,0.896
ende,45,0.02,dedup_cvu:mtme_SEScore-refA,cvu,0.8955
ende,45,0.02,weighted_cvl:mtme_SEScore-refA,cvl,0.8995
ende,45,0.02,weighted_cvq:mtme_SEScore-refA,cvq,0.8985
ende,45,0.02,weighted_cvu:mtme_SEScore-refA,cvu,0.899
ende,45,0.02,dedup_cvl:mtme_UniTE-ref-refA,cvl,0.8925
ende,45,0.02,dedup_cvq:mtme_UniTE-ref-refA,cvq,0.8945
ende,45,0.02,dedup_cvu:mtme_UniTE-ref-refA,cvu,0.8975
ende,45,0.02,weighted_cvl:mtme_UniTE-ref-refA,cvl,0.9065
ende,45,0.02,weighted_cvq:mtme_UniTE-ref-refA,cvq,0.9075
ende,45,0.02,weighted_cvu:mtme_UniTE-ref-refA,cvu,0.9075
ende,45,0.02,dedup_cvl:mtme_UniTE-refA,cvl,0.8965
ende,45,0.02,dedup_cvq:mtme_UniTE-refA,cvq,0.8965
ende,45,0.02,dedup_cvu:mtme_UniTE-refA,cvu,0.897
ende,45,0.02,weighted_cvl:mtme_UniTE-refA,cvl,0.9055
ende,45,0.02,weighted_cvq:mtme_UniTE-refA,cvq,0.908
ende,45,0.02,weighted_cvu:mtme_UniTE-refA,cvu,0.909
ende,45,0.02,dedup_cvl:mtme_UniTE-src-src,cvl,0.899
ende,45,0.02,dedup_cvq:mtme_UniTE-src-src,cvq,0.892
ende,45,0.02,dedup_cvu:mtme_UniTE-src-src,cvu,0.897
ende,45,0.02,weighted_cvl:mtme_UniTE-src-src,cvl,0.905
ende,45,0.02,weighted_cvq:mtme_UniTE-src-src,cvq,0.9035
ende,45,0.02,weighted_cvu:mtme_UniTE-src-src,cvu,0.9065
ende,45,0.02,dedup_cvl:mtme_YiSi-1-refA,cvl,0.8895
ende,45,0.02,dedup_cvq:mtme_YiSi-1-refA,cvq,0.889
ende,45,0.02,dedup_cvu:mtme_YiSi-1-refA,cvu,0.889
ende,45,0.02,weighted_cvl:mtme_YiSi-1-refA,cvl,0.899
ende,45,0.02,weighted_cvq:mtme_YiSi-1-refA,cvq,0.899
ende,45,0.02,weighted_cvu:mtme_YiSi-1-refA,cvu,0.899
ende,45,0.02,dedup_cvl:mtme_chrF-refA,cvl,0.898
ende,45,0.02,dedup_cvq:mtme_chrF-refA,cvq,0.8935
ende,45,0.02,dedup_cvu:mtme_chrF-refA,cvu,0.8975
ende,45,0.02,weighted_cvl:mtme_chrF-refA,cvl,0.898
ende,45,0.02,weighted_cvq:mtme_chrF-refA,cvq,0.898
ende,45,0.02,weighted_cvu:mtme_chrF-refA,cvu,0.9015
ende,45,0.02,dedup_cvl:mtme_f101spBLEU-refA,cvl,0.8965
ende,45,0.02,dedup_cvq:mtme_f101spBLEU-refA,cvq,0.894
ende,45,0.02,dedup_cvu:mtme_f101spBLEU-refA,cvu,0.8965
ende,45,0.02,weighted_cvl:mtme_f101spBLEU-refA,cvl,0.9
ende,45,0.02,weighted_cvq:mtme_f101spBLEU-refA,cvq,0.8985
ende,45,0.02,weighted_cvu:mtme_f101spBLEU-refA,cvu,0.902
ende,45,0.02,dedup_cvl:mtme_f200spBLEU-refA,cvl,0.8945
ende,45,0.02,dedup_cvq:mtme_f200spBLEU-refA,cvq,0.8925
ende,45,0.02,dedup_cvu:mtme_f200spBLEU-refA,cvu,0.8955
ende,45,0.02,weighted_cvl:mtme_f200spBLEU-refA,cvl,0.8995
ende,45,0.02,weighted_cvq:mtme_f200spBLEU-refA,cvq,0.8995
ende,45,0.02,weighted_cvu:mtme_f200spBLEU-refA,cvu,0.899
ende,45,0.02,dedup_cvl:mtme_metricx_xl_DA_2019-refA,cvl,0.8965
ende,45,0.02,dedup_cvq:mtme_metricx_xl_DA_2019-refA,cvq,0.895
ende,45,0.02,dedup_cvu:mtme_metricx_xl_DA_2019-refA,cvu,0.897
ende,45,0.02,weighted_cvl:mtme_metricx_xl_DA_2019-refA,cvl,0.901
ende,45,0.02,weighted_cvq:mtme_metricx_xl_DA_2019-refA,cvq,0.901
ende,45,0.02,weighted_cvu:mtme_metricx_xl_DA_2019-refA,cvu,0.902
ende,45,0.02,dedup_cvl:mtme_metricx_xl_MQM_2020-refA,cvl,0.8925
ende,45,0.02,dedup_cvq:mtme_metricx_xl_MQM_2020-refA,cvq,0.8935
ende,45,0.02,dedup_cvu:mtme_metricx_xl_MQM_2020-refA,cvu,0.8945
ende,45,0.02,weighted_cvl:mtme_metricx_xl_MQM_2020-refA,cvl,0.8985
ende,45,0.02,weighted_cvq:mtme_metricx_xl_MQM_2020-refA,cvq,0.896
ende,45,0.02,weighted_cvu:mtme_metricx_xl_MQM_2020-refA,cvu,0.8995
ende,45,0.02,dedup_cvl:mtme_metricx_xxl_DA_2019-refA,cvl,0.898
ende,45,0.02,dedup_cvq:mtme_metricx_xxl_DA_2019-refA,cvq,0.9005
ende,45,0.02,dedup_cvu:mtme_metricx_xxl_DA_2019-refA,cvu,0.9015
ende,45,0.02,weighted_cvl:mtme_metricx_xxl_DA_2019-refA,cvl,0.9045
ende,45,0.02,weighted_cvq:mtme_metricx_xxl_DA_2019-refA,cvq,0.903
ende,45,0.02,weighted_cvu:mtme_metricx_xxl_DA_2019-refA,cvu,0.908
ende,45,0.02,dedup_cvl:mtme_metricx_xxl_MQM_2020-refA,cvl,0.8975
ende,45,0.02,dedup_cvq:mtme_metricx_xxl_MQM_2020-refA,cvq,0.8975
ende,45,0.02,dedup_cvu:mtme_metricx_xxl_MQM_2020-refA,cvu,0.897
ende,45,0.02,weighted_cvl:mtme_metricx_xxl_MQM_2020-refA,cvl,0.9
ende,45,0.02,weighted_cvq:mtme_metricx_xxl_MQM_2020-refA,cvq,0.898
ende,45,0.02,weighted_cvu:mtme_metricx_xxl_MQM_2020-refA,cvu,0.9
ende,45,0.02,weighted_cvo:mtme_BERTScore-refA,cvo,0.9025
ende,45,0.02,weighted_cvo:mtme_BLEU-refA,cvo,0.902
ende,45,0.02,weighted_cvo:mtme_BLEURT-20-refA,cvo,0.901
ende,45,0.02,weighted_cvo:mtme_COMET-20-refA,cvo,0.898
ende,45,0.02,weighted_cvo:mtme_COMET-22-refA,cvo,0.9025
ende,45,0.02,weighted_cvo:mtme_COMET-QE-src,cvo,0.904
ende,45,0.02,weighted_cvo:mtme_COMETKiwi-src,cvo,0.9035
ende,45,0.02,weighted_cvo:mtme_Cross-QE-src,cvo,0.904
ende,45,0.02,weighted_cvo:mtme_HWTSC-TLM-src,cvo,0.9035
ende,45,0.02,weighted_cvo:mtme_HWTSC-Teacher-Sim-src,cvo,0.904
ende,45,0.02,weighted_cvo:mtme_KG-BERTScore-src,cvo,0.9035
ende,45,0.02,weighted_cvo:mtme_MATESE-QE-src,cvo,0.903
ende,45,0.02,weighted_cvo:mtme_MATESE-refA,cvo,0.9015
ende,45,0.02,weighted_cvo:mtme_MEE-refA,cvo,0.9055
ende,45,0.02,weighted_cvo:mtme_MEE2-refA,cvo,0.9025
ende,45,0.02,weighted_cvo:mtme_MEE4-refA,cvo,0.906
ende,45,0.02,weighted_cvo:mtme_MS-COMET-22-refA,cvo,0.9
ende,45,0.02,weighted_cvo:mtme_MS-COMET-QE-22-src,cvo,0.9055
ende,45,0.02,weighted_cvo:mtme_REUSE-src,cvo,0.904
ende,45,0.02,weighted_cvo:mtme_SEScore-refA,cvo,0.9025
ende,45,0.02,weighted_cvo:mtme_UniTE-ref-refA,cvo,0.9045
ende,45,0.02,weighted_cvo:mtme_UniTE-refA,cvo,0.904
ende,45,0.02,weighted_cvo:mtme_UniTE-src-src,cvo,0.902
ende,45,0.02,weighted_cvo:mtme_YiSi-1-refA,cvo,0.9035
ende,45,0.02,weighted_cvo:mtme_chrF-refA,cvo,0.902
ende,45,0.02,weighted_cvo:mtme_f101spBLEU-refA,cvo,0.907
ende,45,0.02,weighted_cvo:mtme_f200spBLEU-refA,cvo,0.905
ende,45,0.02,weighted_cvo:mtme_metricx_xl_DA_2019-refA,cvo,0.9035
ende,45,0.02,weighted_cvo:mtme_metricx_xl_MQM_2020-refA,cvo,0.8955
ende,45,0.02,weighted_cvo:mtme_metricx_xxl_DA_2019-refA,cvo,0.901
ende,45,0.02,weighted_cvo:mtme_metricx_xxl_MQM_2020-refA,cvo,0.8975
zhen,01,0.01,uniform,human,0.892
zhen,01,0.01,dedup,human,0.9
zhen,01,0.01,weighted,human,0.897
zhen,01,0.01,dedup_cvl:mtme_BERTScore-refA,cvl,0.891
zhen,01,0.01,dedup_cvq:mtme_BERTScore-refA,cvq,0.8935
zhen,01,0.01,dedup_cvu:mtme_BERTScore-refA,cvu,0.8965
zhen,01,0.01,weighted_cvl:mtme_BERTScore-refA,cvl,0.8985
zhen,01,0.01,weighted_cvq:mtme_BERTScore-refA,cvq,0.9
zhen,01,0.01,weighted_cvu:mtme_BERTScore-refA,cvu,0.9015
zhen,01,0.01,dedup_cvl:mtme_BLEU-refA,cvl,0.9005
zhen,01,0.01,dedup_cvq:mtme_BLEU-refA,cvq,0.897
zhen,01,0.01,dedup_cvu:mtme_BLEU-refA,cvu,0.8985
zhen,01,0.01,weighted_cvl:mtme_BLEU-refA,cvl,0.897
zhen,01,0.01,weighted_cvq:mtme_BLEU-refA,cvq,0.897
zhen,01,0.01,weighted_cvu:mtme_BLEU-refA,cvu,0.901
zhen,01,0.01,dedup_cvl:mtme_BLEURT-20-refA,cvl,0.8985
zhen,01,0.01,dedup_cvq:mtme_BLEURT-20-refA,cvq,0.893
zhen,01,0.01,dedup_cvu:mtme_BLEURT-20-refA,cvu,0.8945
zhen,01,0.01,weighted_cvl:mtme_BLEURT-20-refA,cvl,0.9005
zhen,01,0.01,weighted_cvq:mtme_BLEURT-20-refA,cvq,0.894
zhen,01,0.01,weighted_cvu:mtme_BLEURT-20-refA,cvu,0.8955
zhen,01,0.01,dedup_cvl:mtme_COMET-20-refA,cvl,0.896
zhen,01,0.01,dedup_cvq:mtme_COMET-20-refA,cvq,0.8935
zhen,01,0.01,dedup_cvu:mtme_COMET-20-refA,cvu,0.8945
zhen,01,0.01,weighted_cvl:mtme_COMET-20-refA,cvl,0.8995
zhen,01,0.01,weighted_cvq:mtme_COMET-20-refA,cvq,0.8925
zhen,01,0.01,weighted_cvu:mtme_COMET-20-refA,cvu,0.896
zhen,01,0.01,dedup_cvl:mtme_COMET-22-refA,cvl,0.9
zhen,01,0.01,dedup_cvq:mtme_COMET-22-refA,cvq,0.9
zhen,01,0.01,dedup_cvu:mtme_COMET-22-refA,cvu,0.8975
zhen,01,0.01,weighted_cvl:mtme_COMET-22-refA,cvl,0.901
zhen,01,0.01,weighted_cvq:mtme_COMET-22-refA,cvq,0.8985
zhen,01,0.01,weighted_cvu:mtme_COMET-22-refA,cvu,0.898
zhen,01,0.01,dedup_cvl:mtme_COMET-QE-src,cvl,0.8925
zhen,01,0.01,dedup_cvq:mtme_COMET-QE-src,cvq,0.8915
zhen,01,0.01,dedup_cvu:mtme_COMET-QE-src,cvu,0.894
zhen,01,0.01,weighted_cvl:mtme_COMET-QE-src,cvl,0.8975
zhen,01,0.01,weighted_cvq:mtme_COMET-QE-src,cvq,0.9015
zhen,01,0.01,weighted_cvu:mtme_COMET-QE-src,cvu,0.9005
zhen,01,0.01,dedup_cvl:mtme_COMETKiwi-src,cvl,0.898
zhen,01,0.01,dedup_cvq:mtme_COMETKiwi-src,cvq,0.8915
zhen,01,0.01,dedup_cvu:mtme_COMETKiwi-src,cvu,0.8955
zhen,01,0.01,weighted_cvl:mtme_COMETKiwi-src,cvl,0.901
zhen,01,0.01,weighted_cvq:mtme_COMETKiwi-src,cvq,0.898
zhen,01,0.01,weighted_cvu:mtme_COMETKiwi-src,cvu,0.899
zhen,01,0.01,dedup_cvl:mtme_Cross-QE-src,cvl,0.8985
zhen,01,0.01,dedup_cvq:mtme_Cross-QE-src,cvq,0.9005
zhen,01,0.01,dedup_cvu:mtme_Cross-QE-src,cvu,0.8995
zhen,01,0.01,weighted_cvl:mtme_Cross-QE-src,cvl,0.901
zhen,01,0.01,weighted_cvq:mtme_Cross-QE-src,cvq,0.901
zhen,01,0.01,weighted_cvu:mtme_Cross-QE-src,cvu,0.903
zhen,01,0.01,dedup_cvl:mtme_HWTSC-TLM-src,cvl,0.905
zhen,01,0.01,dedup_cvq:mtme_HWTSC-TLM-src,cvq,0.899
zhen,01,0.01,dedup_cvu:mtme_HWTSC-TLM-src,cvu,0.9
zhen,01,0.01,weighted_cvl:mtme_HWTSC-TLM-src,cvl,0.897
zhen,01,0.01,weighted_cvq:mtme_HWTSC-TLM-src,cvq,0.898
zhen,01,0.01,weighted_cvu:mtme_HWTSC-TLM-src,cvu,0.8955
zhen,01,0.01,dedup_cvl:mtme_HWTSC-Teacher-Sim-src,cvl,0.8995
zhen,01,0.01,dedup_cvq:mtme_HWTSC-Teacher-Sim-src,cvq,0.8965
zhen,01,0.01,dedup_cvu:mtme_HWTSC-Teacher-Sim-src,cvu,0.8995
zhen,01,0.01,weighted_cvl:mtme_HWTSC-Teacher-Sim-src,cvl,0.9015
zhen,01,0.01,weighted_cvq:mtme_HWTSC-Teacher-Sim-src,cvq,0.8985
zhen,01,0.01,weighted_cvu:mtme_HWTSC-Teacher-Sim-src,cvu,0.9
zhen,01,0.01,dedup_cvl:mtme_KG-BERTScore-src,cvl,0.897
zhen,01,0.01,dedup_cvq:mtme_KG-BERTScore-src,cvq,0.8975
zhen,01,0.01,dedup_cvu:mtme_KG-BERTScore-src,cvu,0.895
zhen,01,0.01,weighted_cvl:mtme_KG-BERTScore-src,cvl,0.897
zhen,01,0.01,weighted_cvq:mtme_KG-BERTScore-src,cvq,0.899
zhen,01,0.01,weighted_cvu:mtme_KG-BERTScore-src,cvu,0.8995
zhen,01,0.01,dedup_cvl:mtme_MATESE-QE-src,cvl,0.897
zhen,01,0.01,dedup_cvq:mtme_MATESE-QE-src,cvq,0.8965
zhen,01,0.01,dedup_cvu:mtme_MATESE-QE-src,cvu,0.896
zhen,01,0.01,weighted_cvl:mtme_MATESE-QE-src,cvl,0.898
zhen,01,0.01,weighted_cvq:mtme_MATESE-QE-src,cvq,0.8955
zhen,01,0.01,weighted_cvu:mtme_MATESE-QE-src,cvu,0.8995
zhen,01,0.01,dedup_cvl:mtme_MATESE-refA,cvl,0.899
zhen,01,0.01,dedup_cvq:mtme_MATESE-refA,cvq,0.8945
zhen,01,0.01,dedup_cvu:mtme_MATESE-refA,cvu,0.897
zhen,01,0.01,weighted_cvl:mtme_MATESE-refA,cvl,0.8935
zhen,01,0.01,weighted_cvq:mtme_MATESE-refA,cvq,0.8965
zhen,01,0.01,weighted_cvu:mtme_MATESE-refA,cvu,0.897
zhen,01,0.01,dedup_cvl:mtme_MEE-refA,cvl,0.897
zhen,01,0.01,dedup_cvq:mtme_MEE-refA,cvq,0.896
zhen,01,0.01,dedup_cvu:mtme_MEE-refA,cvu,0.897
zhen,01,0.01,weighted_cvl:mtme_MEE-refA,cvl,0.9035
zhen,01,0.01,weighted_cvq:mtme_MEE-refA,cvq,0.9005
zhen,01,0.01,weighted_cvu:mtme_MEE-refA,cvu,0.9
zhen,01,0.01,dedup_cvl:mtme_MEE2-refA,cvl,0.8955
zhen,01,0.01,dedup_cvq:mtme_MEE2-refA,cvq,0.895
zhen,01,0.01,dedup_cvu:mtme_MEE2-refA,cvu,0.8965
zhen,01,0.01,weighted_cvl:mtme_MEE2-refA,cvl,0.902
zhen,01,0.01,weighted_cvq:mtme_MEE2-refA,cvq,0.9
zhen,01,0.01,weighted_cvu:mtme_MEE2-refA,cvu,0.9005
zhen,01,0.01,dedup_cvl:mtme_MEE4-refA,cvl,0.8935
zhen,01,0.01,dedup_cvq:mtme_MEE4-refA,cvq,0.8955
zhen,01,0.01,dedup_cvu:mtme_MEE4-refA,cvu,0.8955
zhen,01,0.01,weighted_cvl:mtme_MEE4-refA,cvl,0.9
zhen,01,0.01,weighted_cvq:mtme_MEE4-refA,cvq,0.9005
zhen,01,0.01,weighted_cvu:mtme_MEE4-refA,cvu,0.8995
zhen,01,0.01,dedup_cvl:mtme_MS-COMET-22-refA,cvl,0.8955
zhen,01,0.01,dedup_cvq:mtme_MS-COMET-22-refA,cvq,0.894
zhen,01,0.01,dedup_cvu:mtme_MS-COMET-22-refA,cvu,0.8955
zhen,01,0.01,weighted_cvl:mtme_MS-COMET-22-refA,cvl,0.8995
zhen,01,0.01,weighted_cvq:mtme_MS-COMET-22-refA,cvq,0.8925
zhen,01,0.01,weighted_cvu:mtme_MS-COMET-22-refA,cvu,0.8965
zhen,01,0.01,dedup_cvl:mtme_MS-COMET-QE-22-src,cvl,0.8945
zhen,01,0.01,dedup_cvq:mtme_MS-COMET-QE-22-src,cvq,0.8905
zhen,01,0.01,dedup_cvu:mtme_MS-COMET-QE-22-src,cvu,0.893
zhen,01,0.01,weighted_cvl:mtme_MS-COMET-QE-22-src,cvl,0.899
zhen,01,0.01,weighted_cvq:mtme_MS-COMET-QE-22-src,cvq,0.889
zhen,01,0.01,weighted_cvu:mtme_MS-COMET-QE-22-src,cvu,0.8925
zhen,01,0.01,dedup_cvl:mtme_REUSE-src,cvl,0.902
zhen,01,0.01,dedup_cvq:mtme_REUSE-src,cvq,0.9
zhen,01,0.01,dedup_cvu:mtme_REUSE-src,cvu,0.902
zhen,01,0.01,weighted_cvl:mtme_REUSE-src,cvl,0.903
zhen,01,0.01,weighted_cvq:mtme_REUSE-src,cvq,0.898
zhen,01,0.01,weighted_cvu:mtme_REUSE-src,cvu,0.9
zhen,01,0.01,dedup_cvl:mtme_SEScore-refA,cvl,0.896
zhen,01,0.01,dedup_cvq:mtme_SEScore-refA,cvq,0.894
zhen,01,0.01,dedup_cvu:mtme_SEScore-refA,cvu,0.8945
zhen,01,0.01,weighted_cvl:mtme_SEScore-refA,cvl,0.898
zhen,01,0.01,weighted_cvq:mtme_SEScore-refA,cvq,0.9005
zhen,01,0.01,weighted_cvu:mtme_SEScore-refA,cvu,0.9005
zhen,01,0.01,dedup_cvl:mtme_UniTE-ref-refA,cvl,0.893
zhen,01,0.01,dedup_cvq:mtme_UniTE-ref-refA,cvq,0.9
zhen,01,0.01,dedup_cvu:mtme_UniTE-ref-refA,cvu,0.8945
zhen,01,0.01,weighted_cvl:mtme_UniTE-ref-refA,cvl,0.8965
zhen,01,0.01,weighted_cvq:mtme_UniTE-ref-refA,cvq,0.896
zhen,01,0.01,weighted_cvu:mtme_UniTE-ref-refA,cvu,0.8955
zhen,01,0.01,dedup_cvl:mtme_UniTE-refA,cvl,0.8935
zhen,01,0.01,dedup_cvq:mtme_UniTE-refA,cvq,0.8895
zhen,01,0.01,dedup_cvu:mtme_UniTE-refA,cvu,0.8905
zhen,01,0.01,weighted_cvl:mtme_UniTE-refA,cvl,0.9005
zhen,01,0.01,weighted_cvq:mtme_UniTE-refA,cvq,0.8945
zhen,01,0.01,weighted_cvu:mtme_UniTE-refA,cvu,0.8945
zhen,01,0.01,dedup_cvl:mtme_UniTE-src-src,cvl,0.8925
zhen,01,0.01,dedup_cvq:mtme_UniTE-src-src,cvq,0.89
zhen,01,0.01,dedup_cvu:mtme_UniTE-src-src,cvu,0.8915
zhen,01,0.01,weighted_cvl:mtme_UniTE-src-src,cvl,0.8955
zhen,01,0.01,weighted_cvq:mtme_UniTE-src-src,cvq,0.893
zhen,01,0.01,weighted_cvu:mtme_UniTE-src-src,cvu,0.8955
zhen,01,0.01,dedup_cvl:mtme_YiSi-1-refA,cvl,0.8935
zhen,01,0.01,dedup_cvq:mtme_YiSi-1-refA,cvq,0.892
zhen,01,0.01,dedup_cvu:mtme_YiSi-1-refA,cvu,0.892
zhen,01,0.01,weighted_cvl:mtme_YiSi-1-refA,cvl,0.9015
zhen,01,0.01,weighted_cvq:mtme_YiSi-1-refA,cvq,0.899
zhen,01,0.01,weighted_cvu:mtme_YiSi-1-refA,cvu,0.9015
zhen,01,0.01,dedup_cvl:mtme_chrF-refA,cvl,0.8995
zhen,01,0.01,dedup_cvq:mtme_chrF-refA,cvq,0.895
zhen,01,0.01,dedup_cvu:mtme_chrF-refA,cvu,0.898
zhen,01,0.01,weighted_cvl:mtme_chrF-refA,cvl,0.898
zhen,01,0.01,weighted_cvq:mtme_chrF-refA,cvq,0.9
zhen,01,0.01,weighted_cvu:mtme_chrF-refA,cvu,0.9015
zhen,01,0.01,dedup_cvl:mtme_f101spBLEU-refA,cvl,0.8965
zhen,01,0.01,dedup_cvq:mtme_f101spBLEU-refA,cvq,0.8965
zhen,01,0.01,dedup_cvu:mtme_f101spBLEU-refA,cvu,0.899
zhen,01,0.01,weighted_cvl:mtme_f101spBLEU-refA,cvl,0.8975
zhen,01,0.01,weighted_cvq:mtme_f101spBLEU-refA,cvq,0.895
zhen,01,0.01,weighted_cvu:mtme_f101spBLEU-refA,cvu,0.9005
zhen,01,0.01,dedup_cvl:mtme_f200spBLEU-refA,cvl,0.899
zhen,01,0.01,dedup_cvq:mtme_f200spBLEU-refA,cvq,0.8965
zhen,01,0.01,dedup_cvu:mtme_f200spBLEU-refA,cvu,0.8985
zhen,01,0.01,weighted_cvl:mtme_f200spBLEU-refA,cvl,0.8985
zhen,01,0.01,weighted_cvq:mtme_f200spBLEU-refA,cvq,0.895
zhen,01,0.01,weighted_cvu:mtme_f200spBLEU-refA,cvu,0.8985
zhen,01,0.01,dedup_cvl:mtme_metricx_xl_DA_2019-refA,cvl,0.8985
zhen,01,0.01,dedup_cvq:mtme_metricx_xl_DA_2019-refA,cvq,0.895
zhen,01,0.01,dedup_cvu:mtme_metricx_xl_DA_2019-refA,cvu,0.895
zhen,01,0.01,weighted_cvl:mtme_metricx_xl_DA_2019-refA,cvl,0.9015
zhen,01,0.01,weighted_cvq:mtme_metricx_xl_DA_2019-refA,cvq,0.898
zhen,01,0.01,weighted_cvu:mtme_metricx_xl_DA_2019-refA,cvu,0.898
zhen,01,0.01,dedup_cvl:mtme_metricx_xl_MQM_2020-refA,cvl,0.897
zhen,01,0.01,dedup_cvq:mtme_metricx_xl_MQM_2020-refA,cvq,0.897
zhen,01,0.01,dedup_cvu:mtme_metricx_xl_MQM_2020-refA,cvu,0.897
zhen,01,0.01,weighted_cvl:mtme_metricx_xl_MQM_2020-refA,cvl,0.899
zhen,01,0.01,weighted_cvq:mtme_metricx_xl_MQM_2020-refA,cvq,0.896
zhen,01,0.01,weighted_cvu:mtme_metricx_xl_MQM_2020-refA,cvu,0.9
zhen,01,0.01,dedup_cvl:mtme_metricx_xxl_DA_2019-refA,cvl,0.8905
zhen,01,0.01,dedup_cvq:mtme_metricx_xxl_DA_2019-refA,cvq,0.9025
zhen,01,0.01,dedup_cvu:mtme_metricx_xxl_DA_2019-refA,cvu,0.8865
zhen,01,0.01,weighted_cvl:mtme_metricx_xxl_DA_2019-refA,cvl,0.9025
zhen,01,0.01,weighted_cvq:mtme_metricx_xxl_DA_2019-refA,cvq,0.896
zhen,01,0.01,weighted_cvu:mtme_metricx_xxl_DA_2019-refA,cvu,0.8955
zhen,01,0.01,dedup_cvl:mtme_metricx_xxl_MQM_2020-refA,cvl,0.8975
zhen,01,0.01,dedup_cvq:mtme_metricx_xxl_MQM_2020-refA,cvq,0.906
zhen,01,0.01,dedup_cvu:mtme_metricx_xxl_MQM_2020-refA,cvu,0.9
zhen,01,0.01,weighted_cvl:mtme_metricx_xxl_MQM_2020-refA,cvl,0.901
zhen,01,0.01,weighted_cvq:mtme_metricx_xxl_MQM_2020-refA,cvq,0.8975
zhen,01,0.01,weighted_cvu:mtme_metricx_xxl_MQM_2020-refA,cvu,0.8975
zhen,01,0.01,weighted_cvo:mtme_BERTScore-refA,cvo,0.9
zhen,01,0.01,weighted_cvo:mtme_BLEU-refA,cvo,0.8985
zhen,01,0.01,weighted_cvo:mtme_BLEURT-20-refA,cvo,0.896
zhen,01,0.01,weighted_cvo:mtme_COMET-20-refA,cvo,0.8995
zhen,01,0.01,weighted_cvo:mtme_COMET-22-refA,cvo,0.8975
zhen,01,0.01,weighted_cvo:mtme_COMET-QE-src,cvo,0.9
zhen,01,0.01,weighted_cvo:mtme_COMETKiwi-src,cvo,0.898
zhen,01,0.01,weighted_cvo:mtme_Cross-QE-src,cvo,0.901
zhen,01,0.01,weighted_cvo:mtme_HWTSC-TLM-src,cvo,0.8955
zhen,01,0.01,weighted_cvo:mtme_HWTSC-Teacher-Sim-src,cvo,0.899
zhen,01,0.01,weighted_cvo:mtme_KG-BERTScore-src,cvo,0.8955
zhen,01,0.01,weighted_cvo:mtme_MATESE-QE-src,cvo,0.8955
zhen,01,0.01,weighted_cvo:mtme_MATESE-refA,cvo,0.895
zhen,01,0.01,weighted_cvo:mtme_MEE-refA,cvo,0.8995
zhen,01,0.01,weighted_cvo:mtme_MEE2-refA,cvo,0.899
zhen,01,0.01,weighted_cvo:mtme_MEE4-refA,cvo,0.8985
zhen,01,0.01,weighted_cvo:mtme_MS-COMET-22-refA,cvo,0.893
zhen,01,0.01,weighted_cvo:mtme_MS-COMET-QE-22-src,cvo,0.8935
zhen,01,0.01,weighted_cvo:mtme_REUSE-src,cvo,0.897
zhen,01,0.01,weighted_cvo:mtme_SEScore-refA,cvo,0.901
zhen,01,0.01,weighted_cvo:mtme_UniTE-ref-refA,cvo,0.894
zhen,01,0.01,weighted_cvo:mtme_UniTE-refA,cvo,0.895
zhen,01,0.01,weighted_cvo:mtme_UniTE-src-src,cvo,0.893
zhen,01,0.01,weighted_cvo:mtme_YiSi-1-refA,cvo,0.899
zhen,01,0.01,weighted_cvo:mtme_chrF-refA,cvo,0.901
zhen,01,0.01,weighted_cvo:mtme_f101spBLEU-refA,cvo,0.8985
zhen,01,0.01,weighted_cvo:mtme_f200spBLEU-refA,cvo,0.898
zhen,01,0.01,weighted_cvo:mtme_metricx_xl_DA_2019-refA,cvo,0.899
zhen,01,0.01,weighted_cvo:mtme_metricx_xl_MQM_2020-refA,cvo,0.897
zhen,01,0.01,weighted_cvo:mtme_metricx_xxl_DA_2019-refA,cvo,0.899
zhen,01,0.01,weighted_cvo:mtme_metricx_xxl_MQM_2020-refA,cvo,0.8975
zhen,01,0.02,uniform,human,0.907
zhen,01,0.02,dedup,human,0.906
zhen,01,0.02,weighted,human,0.915
zhen,01,0.02,dedup_cvl:mtme_BERTScore-refA,cvl,0.9065
zhen,01,0.02,dedup_cvq:mtme_BERTScore-refA,cvq,0.9005
zhen,01,0.02,dedup_cvu:mtme_BERTScore-refA,cvu,0.9045
zhen,01,0.02,weighted_cvl:mtme_BERTScore-refA,cvl,0.9105
zhen,01,0.02,weighted_cvq:mtme_BERTScore-refA,cvq,0.9065
zhen,01,0.02,weighted_cvu:mtme_BERTScore-refA,cvu,0.9115
zhen,01,0.02,dedup_cvl:mtme_BLEU-refA,cvl,0.9075
zhen,01,0.02,dedup_cvq:mtme_BLEU-refA,cvq,0.9065
zhen,01,0.02,dedup_cvu:mtme_BLEU-refA,cvu,0.909
zhen,01,0.02,weighted_cvl:mtme_BLEU-refA,cvl,0.911
zhen,01,0.02,weighted_cvq:mtme_BLEU-refA,cvq,0.9085
zhen,01,0.02,weighted_cvu:mtme_BLEU-refA,cvu,0.9115
zhen,01,0.02,dedup_cvl:mtme_BLEURT-20-refA,cvl,0.912
zhen,01,0.02,dedup_cvq:mtme_BLEURT-20-refA,cvq,0.903
zhen,01,0.02,dedup_cvu:mtme_BLEURT-20-refA,cvu,0.909
zhen,01,0.02,weighted_cvl:mtme_BLEURT-20-refA,cvl,0.9155
zhen,01,0.02,weighted_cvq:mtme_BLEURT-20-refA,cvq,0.9095
zhen,01,0.02,weighted_cvu:mtme_BLEURT-20-refA,cvu,0.912
zhen,01,0.02,dedup_cvl:mtme_COMET-20-refA,cvl,0.9055
zhen,01,0.02,dedup_cvq:mtme_COMET-20-refA,cvq,0.903
zhen,01,0.02,dedup_cvu:mtme_COMET-20-refA,cvu,0.906
zhen,01,0.02,weighted_cvl:mtme_COMET-20-refA,cvl,0.9145
zhen,01,0.02,weighted_cvq:mtme_COMET-20-refA,cvq,0.91
zhen,01,0.02,weighted_cvu:mtme_COMET-20-refA,cvu,0.911
zhen,01,0.02,dedup_cvl:mtme_COMET-22-refA,cvl,0.914
zhen,01,0.02,dedup_cvq:mtme_COMET-22-refA,cvq,0.9055
zhen,01,0.02,dedup_cvu:mtme_COMET-22-refA,cvu,0.9105
zhen,01,0.02,weighted_cvl:mtme_COMET-22-refA,cvl,0.9185
zhen,01,0.02,weighted_cvq:mtme_COMET-22-refA,cvq,0.913
zhen,01,0.02,weighted_cvu:mtme_COMET-22-refA,cvu,0.917
zhen,01,0.02,dedup_cvl:mtme_COMET-QE-src,cvl,0.9025
zhen,01,0.02,dedup_cvq:mtme_COMET-QE-src,cvq,0.9
zhen,01,0.02,dedup_cvu:mtme_COMET-QE-src,cvu,0.905
zhen,01,0.02,weighted_cvl:mtme_COMET-QE-src,cvl,0.9145
zhen,01,0.02,weighted_cvq:mtme_COMET-QE-src,cvq,0.9125
zhen,01,0.02,weighted_cvu:mtme_COMET-QE-src,cvu,0.913
zhen,01,0.02,dedup_cvl:mtme_COMETKiwi-src,cvl,0.906
zhen,01,0.02,dedup_cvq:mtme_COMETKiwi-src,cvq,0.901
zhen,01,0.02,dedup_cvu:mtme_COMETKiwi-src,cvu,0.908
zhen,01,0.02,weighted_cvl:mtme_COMETKiwi-src,cvl,0.9075
zhen,01,0.02,weighted_cvq:mtme_COMETKiwi-src,cvq,0.907
zhen,01,0.02,weighted_cvu:mtme_COMETKiwi-src,cvu,0.91
zhen,01,0.02,dedup_cvl:mtme_Cross-QE-src,cvl,0.9055
zhen,01,0.02,dedup_cvq:mtme_Cross-QE-src,cvq,0.907
zhen,01,0.02,dedup_cvu:mtme_Cross-QE-src,cvu,0.905
zhen,01,0.02,weighted_cvl:mtme_Cross-QE-src,cvl,0.9115
zhen,01,0.02,weighted_cvq:mtme_Cross-QE-src,cvq,0.912
zhen,01,0.02,weighted_cvu:mtme_Cross-QE-src,cvu,0.9135
zhen,01,0.02,dedup_cvl:mtme_HWTSC-TLM-src,cvl,0.9085
zhen,01,0.02,dedup_cvq:mtme_HWTSC-TLM-src,cvq,0.902
zhen,01,0.02,dedup_cvu:mtme_HWTSC-TLM-src,cvu,0.909
zhen,01,0.02,weighted_cvl:mtme_HWTSC-TLM-src,cvl,0.913
zhen,01,0.02,weighted_cvq:mtme_HWTSC-TLM-src,cvq,0.9115
zhen,01,0.02,weighted_cvu:mtme_HWTSC-TLM-src,cvu,0.911
zhen,01,0.02,dedup_cvl:mtme_HWTSC-Teacher-Sim-src,cvl,0.903
zhen,01,0.02,dedup_cvq:mtme_HWTSC-Teacher-Sim-src,cvq,0.904
zhen,01,0.02,dedup_cvu:mtme_HWTSC-Teacher-Sim-src,cvu,0.9055
zhen,01,0.02,weighted_cvl:mtme_HWTSC-Teacher-Sim-src,cvl,0.9125
zhen,01,0.02,weighted_cvq:mtme_HWTSC-Teacher-Sim-src,cvq,0.9105
zhen,01,0.02,weighted_cvu:mtme_HWTSC-Teacher-Sim-src,cvu,0.912
zhen,01,0.02,dedup_cvl:mtme_KG-BERTScore-src,cvl,0.9085
zhen,01,0.02,dedup_cvq:mtme_KG-BERTScore-src,cvq,0.907
zhen,01,0.02,dedup_cvu:mtme_KG-BERTScore-src,cvu,0.906
zhen,01,0.02,weighted_cvl:mtme_KG-BERTScore-src,cvl,0.9125
zhen,01,0.02,weighted_cvq:mtme_KG-BERTScore-src,cvq,0.913
zhen,01,0.02,weighted_cvu:mtme_KG-BERTScore-src,cvu,0.912
zhen,01,0.02,dedup_cvl:mtme_MATESE-QE-src,cvl,0.908
zhen,01,0.02,dedup_cvq:mtme_MATESE-QE-src,cvq,0.9045
zhen,01,0.02,dedup_cvu:mtme_MATESE-QE-src,cvu,0.9075
zhen,01,0.02,weighted_cvl:mtme_MATESE-QE-src,cvl,0.913
zhen,01,0.02,weighted_cvq:mtme_MATESE-QE-src,cvq,0.9155
zhen,01,0.02,weighted_cvu:mtme_MATESE-QE-src,cvu,0.9135
zhen,01,0.02,dedup_cvl:mtme_MATESE-refA,cvl,0.9065
zhen,01,0.02,dedup_cvq:mtme_MATESE-refA,cvq,0.903
zhen,01,0.02,dedup_cvu:mtme_MATESE-refA,cvu,0.907
zhen,01,0.02,weighted_cvl:mtme_MATESE-refA,cvl,0.906
zhen,01,0.02,weighted_cvq:mtme_MATESE-refA,cvq,0.908
zhen,01,0.02,weighted_cvu:mtme_MATESE-refA,cvu,0.9095
zhen,01,0.02,dedup_cvl:mtme_MEE-refA,cvl,0.9045
zhen,01,0.02,dedup_cvq:mtme_MEE-refA,cvq,0.902
zhen,01,0.02,dedup_cvu:mtme_MEE-refA,cvu,0.904
zhen,01,0.02,weighted_cvl:mtme_MEE-refA,cvl,0.9155
zhen,01,0.02,weighted_cvq:mtme_MEE-refA,cvq,0.911
zhen,01,0.02,weighted_cvu:mtme_MEE-refA,cvu,0.9125
zhen,01,0.02,dedup_cvl:mtme_MEE2-refA,cvl,0.9065
zhen,01,0.02,dedup_cvq:mtme_MEE2-refA,cvq,0.901
zhen,01,0.02,dedup_cvu:mtme_MEE2-refA,cvu,0.9035
zhen,01,0.02,weighted_cvl:mtme_MEE2-refA,cvl,0.917
zhen,01,0.02,weighted_cvq:mtme_MEE2-refA,cvq,0.9135
zhen,01,0.02,weighted_cvu:mtme_MEE2-refA,cvu,0.9135
zhen,01,0.02,dedup_cvl:mtme_MEE4-refA,cvl,0.9065
zhen,01,0.02,dedup_cvq:mtme_MEE4-refA,cvq,0.902
zhen,01,0.02,dedup_cvu:mtme_MEE4-refA,cvu,0.9045
zhen,01,0.02,weighted_cvl:mtme_MEE4-refA,cvl,0.917
zhen,01,0.02,weighted_cvq:mtme_MEE4-refA,cvq,0.9135
zhen,01,0.02,weighted_cvu:mtme_MEE4-refA,cvu,0.915
zhen,01,0.02,dedup_cvl:mtme_MS-COMET-22-refA,cvl,0.903
zhen,01,0.02,dedup_cvq:mtme_MS-COMET-22-refA,cvq,0.9025
zhen,01,0.02,dedup_cvu:mtme_MS-COMET-22-refA,cvu,0.907
zhen,01,0.02,weighted_cvl:mtme_MS-COMET-22-refA,cvl,0.913
zhen,01,0.02,weighted_cvq:mtme_MS-COMET-22-refA,cvq,0.9075
zhen,01,0.02,weighted_cvu:mtme_MS-COMET-22-refA,cvu,0.9095
zhen,01,0.02,dedup_cvl:mtme_MS-COMET-QE-22-src,cvl,0.9085
zhen,01,0.02,dedup_cvq:mtme_MS-COMET-QE-22-src,cvq,0.9035
zhen,01,0.02,dedup_cvu:mtme_MS-COMET-QE-22-src,cvu,0.9065
zhen,01,0.02,weighted_cvl:mtme_MS-COMET-QE-22-src,cvl,0.91
zhen,01,0.02,weighted_cvq:mtme_MS-COMET-QE-22-src,cvq,0.907
zhen,01,0.02,weighted_cvu:mtme_MS-COMET-QE-22-src,cvu,0.9095
zhen,01,0.02,dedup_cvl:mtme_REUSE-src,cvl,0.9045
zhen,01,0.02,dedup_cvq:mtme_REUSE-src,cvq,0.9035
zhen,01,0.02,dedup_cvu:mtme_REUSE-src,cvu,0.9035
zhen,01,0.02,weighted_cvl:mtme_REUSE-src,cvl,0.9115
zhen,01,0.02,weighted_cvq:mtme_REUSE-src,cvq,0.9125
zhen,01,0.02,weighted_cvu:mtme_REUSE-src,cvu,0.913
zhen,01,0.02,dedup_cvl:mtme_SEScore-refA,cvl,0.906
zhen,01,0.02,dedup_cvq:mtme_SEScore-refA,cvq,0.903
zhen,01,0.02,dedup_cvu:mtme_SEScore-refA,cvu,0.9055
zhen,01,0.02,weighted_cvl:mtme_SEScore-refA,cvl,0.9115
zhen,01,0.02,weighted_cvq:mtme_SEScore-refA,cvq,0.911
zhen,01,0.02,weighted_cvu:mtme_SEScore-refA,cvu,0.9125
zhen,01,0.02,dedup_cvl:mtme_UniTE-ref-refA,cvl,0.911
zhen,01,0.02,dedup_cvq:mtme_UniTE-ref-refA,cvq,0.91
zhen,01,0.02,dedup_cvu:mtme_UniTE-ref-refA,cvu,0.91
zhen,01,0.02,weighted_cvl:mtme_UniTE-ref-refA,cvl,0.9135
zhen,01,0.02,weighted_cvq:mtme_UniTE-ref-refA,cvq,0.911
zhen,01,0.02,weighted_cvu:mtme_UniTE-ref-refA,cvu,0.9115
zhen,01,0.02,dedup_cvl:mtme_UniTE-refA,cvl,0.9105
zhen,01,0.02,dedup_cvq:mtme_UniTE-refA,cvq,0.909
zhen,01,0.02,dedup_cvu:mtme_UniTE-refA,cvu,0.9075
zhen,01,0.02,weighted_cvl:mtme_UniTE-refA,cvl,0.914
zhen,01,0.02,weighted_cvq:mtme_UniTE-refA,cvq,0.9125
zhen,01,0.02,weighted_cvu:mtme_UniTE-refA,cvu,0.913
zhen,01,0.02,dedup_cvl:mtme_UniTE-src-src,cvl,0.9055
zhen,01,0.02,dedup_cvq:mtme_UniTE-src-src,cvq,0.906
zhen,01,0.02,dedup_cvu:mtme_UniTE-src-src,cvu,0.9085
zhen,01,0.02,weighted_cvl:mtme_UniTE-src-src,cvl,0.9135
zhen,01,0.02,weighted_cvq:mtme_UniTE-src-src,cvq,0.9105
zhen,01,0.02,weighted_cvu:mtme_UniTE-src-src,cvu,0.9095
zhen,01,0.02,dedup_cvl:mtme_YiSi-1-refA,cvl,0.9075
zhen,01,0.02,dedup_cvq:mtme_YiSi-1-refA,cvq,0.903
zhen,01,0.02,dedup_cvu:mtme_YiSi-1-refA,cvu,0.9045
zhen,01,0.02,weighted_cvl:mtme_YiSi-1-refA,cvl,0.9105
zhen,01,0.02,weighted_cvq:mtme_YiSi-1-refA,cvq,0.905
zhen,01,0.02,weighted_cvu:mtme_YiSi-1-refA,cvu,0.907
zhen,01,0.02,dedup_cvl:mtme_chrF-refA,cvl,0.9075
zhen,01,0.02,dedup_cvq:mtme_chrF-refA,cvq,0.9055
zhen,01,0.02,dedup_cvu:mtme_chrF-refA,cvu,0.9085
zhen,01,0.02,weighted_cvl:mtme_chrF-refA,cvl,0.914
zhen,01,0.02,weighted_cvq:mtme_chrF-refA,cvq,0.91
zhen,01,0.02,weighted_cvu:mtme_chrF-refA,cvu,0.9135
zhen,01,0.02,dedup_cvl:mtme_f101spBLEU-refA,cvl,0.907
zhen,01,0.02,dedup_cvq:mtme_f101spBLEU-refA,cvq,0.9055
zhen,01,0.02,dedup_cvu:mtme_f101spBLEU-refA,cvu,0.907
zhen,01,0.02,weighted_cvl:mtme_f101spBLEU-refA,cvl,0.913
zhen,01,0.02,weighted_cvq:mtme_f101spBLEU-refA,cvq,0.9085
zhen,01,0.02,weighted_cvu:mtme_f101spBLEU-refA,cvu,0.9125
zhen,01,0.02,dedup_cvl:mtme_f200spBLEU-refA,cvl,0.9065
zhen,01,0.02,dedup_cvq:mtme_f200spBLEU-refA,cvq,0.906
zhen,01,0.02,dedup_cvu:mtme_f200spBLEU-refA,cvu,0.9065
zhen,01,0.02,weighted_cvl:mtme_f200spBLEU-refA,cvl,0.912
zhen,01,0.02,weighted_cvq:mtme_f200spBLEU-refA,cvq,0.91
zhen,01,0.02,weighted_cvu:mtme_f200spBLEU-refA,cvu,0.912
zhen,01,0.02,dedup_cvl:mtme_metricx_xl_DA_2019-refA,cvl,0.909
zhen,01,0.02,dedup_cvq:mtme_metricx_xl_DA_2019-refA,cvq,0.9025
zhen,01,0.02,dedup_cvu:mtme_metricx_xl_DA_2019-refA,cvu,0.905
zhen,01,0.02,weighted_cvl:mtme_metricx_xl_DA_2019-refA,cvl,0.9045
zhen,01,0.02,weighted_cvq:mtme_metricx_xl_DA_2019-refA,cvq,0.906
zhen,01,0.02,weighted_cvu:mtme_metricx_xl_DA_2019-refA,cvu,0.9085
zhen,01,0.02,dedup_cvl:mtme_metricx_xl_MQM_2020-refA,cvl,0.9015
zhen,01,0.02,dedup_cvq:mtme_metricx_xl_MQM_2020-refA,cvq,0.898
zhen,01,0.02,dedup_cvu:mtme_metricx_xl_MQM_2020-refA,cvu,0.9005
zhen,01,0.02,weighted_cvl:mtme_metricx_xl_MQM_2020-refA,cvl,0.9065
zhen,01,0.02,weighted_cvq:mtme_metricx_xl_MQM_2020-refA,cvq,0.903
zhen,01,0.02,weighted_cvu:mtme_metricx_xl_MQM_2020-refA,cvu,0.907
zhen,01,0.02,dedup_cvl:mtme_metricx_xxl_DA_2019-refA,cvl,0.908
zhen,01,0.02,dedup_cvq:mtme_metricx_xxl_DA_2019-refA,cvq,0.905
zhen,01,0.02,dedup_cvu:mtme_metricx_xxl_DA_2019-refA,cvu,0.9095
zhen,01,0.02,weighted_cvl:mtme_metricx_xxl_DA_2019-refA,cvl,0.91
zhen,01,0.02,weighted_cvq:mtme_metricx_xxl_DA_2019-refA,cvq,0.9045
zhen,01,0.02,weighted_cvu:mtme_metricx_xxl_DA_2019-refA,cvu,0.9085
zhen,01,0.02,dedup_cvl:mtme_metricx_xxl_MQM_2020-refA,cvl,0.9105
zhen,01,0.02,dedup_cvq:mtme_metricx_xxl_MQM_2020-refA,cvq,0.904
zhen,01,0.02,dedup_cvu:mtme_metricx_xxl_MQM_2020-refA,cvu,0.9065
zhen,01,0.02,weighted_cvl:mtme_metricx_xxl_MQM_2020-refA,cvl,0.91
zhen,01,0.02,weighted_cvq:mtme_metricx_xxl_MQM_2020-refA,cvq,0.9045
zhen,01,0.02,weighted_cvu:mtme_metricx_xxl_MQM_2020-refA,cvu,0.905
zhen,01,0.02,weighted_cvo:mtme_BERTScore-refA,cvo,0.91
zhen,01,0.02,weighted_cvo:mtme_BLEU-refA,cvo,0.9125
zhen,01,0.02,weighted_cvo:mtme_BLEURT-20-refA,cvo,0.9125
zhen,01,0.02,weighted_cvo:mtme_COMET-20-refA,cvo,0.9125
zhen,01,0.02,weighted_cvo:mtme_COMET-22-refA,cvo,0.9135
zhen,01,0.02,weighted_cvo:mtme_COMET-QE-src,cvo,0.9145
zhen,01,0.02,weighted_cvo:mtme_COMETKiwi-src,cvo,0.9105
zhen,01,0.02,weighted_cvo:mtme_Cross-QE-src,cvo,0.911
zhen,01,0.02,weighted_cvo:mtme_HWTSC-TLM-src,cvo,0.9145
zhen,01,0.02,weighted_cvo:mtme_HWTSC-Teacher-Sim-src,cvo,0.9105
zhen,01,0.02,weighted_cvo:mtme_KG-BERTScore-src,cvo,0.9125
zhen,01,0.02,weighted_cvo:mtme_MATESE-QE-src,cvo,0.912
zhen,01,0.02,weighted_cvo:mtme_MATESE-refA,cvo,0.908
zhen,01,0.02,weighted_cvo:mtme_MEE-refA,cvo,0.914
zhen,01,0.02,weighted_cvo:mtme_MEE2-refA,cvo,0.9135
zhen,01,0.02,weighted_cvo:mtme_MEE4-refA,cvo,0.916
zhen,01,0.02,weighted_cvo:mtme_MS-COMET-22-refA,cvo,0.909
zhen,01,0.02,weighted_cvo:mtme_MS-COMET-QE-22-src,cvo,0.91
zhen,01,0.02,weighted_cvo:mtme_REUSE-src,cvo,0.915
zhen,01,0.02,weighted_cvo:mtme_SEScore-refA,cvo,0.9145
zhen,01,0.02,weighted_cvo:mtme_UniTE-ref-refA,cvo,0.912
zhen,01,0.02,weighted_cvo:mtme_UniTE-refA,cvo,0.9125
zhen,01,0.02,weighted_cvo:mtme_UniTE-src-src,cvo,0.9145
zhen,01,0.02,weighted_cvo:mtme_YiSi-1-refA,cvo,0.909
zhen,01,0.02,weighted_cvo:mtme_chrF-refA,cvo,0.9135
zhen,01,0.02,weighted_cvo:mtme_f101spBLEU-refA,cvo,0.9115
zhen,01,0.02,weighted_cvo:mtme_f200spBLEU-refA,cvo,0.913
zhen,01,0.02,weighted_cvo:mtme_metricx_xl_DA_2019-refA,cvo,0.9085
zhen,01,0.02,weighted_cvo:mtme_metricx_xl_MQM_2020-refA,cvo,0.907
zhen,01,0.02,weighted_cvo:mtme_metricx_xxl_DA_2019-refA,cvo,0.907
zhen,01,0.02,weighted_cvo:mtme_metricx_xxl_MQM_2020-refA,cvo,0.9075
zhen,02,0.01,uniform,human,0.9
zhen,02,0.01,dedup,human,0.9065
zhen,02,0.01,weighted,human,0.9025
zhen,02,0.01,dedup_cvl:mtme_BERTScore-refA,cvl,0.9045
zhen,02,0.01,dedup_cvq:mtme_BERTScore-refA,cvq,0.905
zhen,02,0.01,dedup_cvu:mtme_BERTScore-refA,cvu,0.9055
zhen,02,0.01,weighted_cvl:mtme_BERTScore-refA,cvl,0.9035
zhen,02,0.01,weighted_cvq:mtme_BERTScore-refA,cvq,0.905
zhen,02,0.01,weighted_cvu:mtme_BERTScore-refA,cvu,0.906
zhen,02,0.01,dedup_cvl:mtme_BLEU-refA,cvl,0.9045
zhen,02,0.01,dedup_cvq:mtme_BLEU-refA,cvq,0.902
zhen,02,0.01,dedup_cvu:mtme_BLEU-refA,cvu,0.9035
zhen,02,0.01,weighted_cvl:mtme_BLEU-refA,cvl,0.9085
zhen,02,0.01,weighted_cvq:mtme_BLEU-refA,cvq,0.901
zhen,02,0.01,weighted_cvu:mtme_BLEU-refA,cvu,0.903
zhen,02,0.01,dedup_cvl:mtme_BLEURT-20-refA,cvl,0.901
zhen,02,0.01,dedup_cvq:mtme_BLEURT-20-refA,cvq,0.9015
zhen,02,0.01,dedup_cvu:mtme_BLEURT-20-refA,cvu,0.903
zhen,02,0.01,weighted_cvl:mtme_BLEURT-20-refA,cvl,0.8975
zhen,02,0.01,weighted_cvq:mtme_BLEURT-20-refA,cvq,0.8985
zhen,02,0.01,weighted_cvu:mtme_BLEURT-20-refA,cvu,0.9035
zhen,02,0.01,dedup_cvl:mtme_COMET-20-refA,cvl,0.903
zhen,02,0.01,dedup_cvq:mtme_COMET-20-refA,cvq,0.902
zhen,02,0.01,dedup_cvu:mtme_COMET-20-refA,cvu,0.905
zhen,02,0.01,weighted_cvl:mtme_COMET-20-refA,cvl,0.9005
zhen,02,0.01,weighted_cvq:mtme_COMET-20-refA,cvq,0.901
zhen,02,0.01,weighted_cvu:mtme_COMET-20-refA,cvu,0.9
zhen,02,0.01,dedup_cvl:mtme_COMET-22-refA,cvl,0.906
zhen,02,0.01,dedup_cvq:mtme_COMET-22-refA,cvq,0.9
zhen,02,0.01,dedup_cvu:mtme_COMET-22-refA,cvu,0.9015
zhen,02,0.01,weighted_cvl:mtme_COMET-22-refA,cvl,0.901
zhen,02,0.01,weighted_cvq:mtme_COMET-22-refA,cvq,0.9
zhen,02,0.01,weighted_cvu:mtme_COMET-22-refA,cvu,0.9
zhen,02,0.01,dedup_cvl:mtme_COMET-QE-src,cvl,0.9095
zhen,02,0.01,dedup_cvq:mtme_COMET-QE-src,cvq,0.9035
zhen,02,0.01,dedup_cvu:mtme_COMET-QE-src,cvu,0.904
zhen,02,0.01,weighted_cvl:mtme_COMET-QE-src,cvl,0.901
zhen,02,0.01,weighted_cvq:mtme_COMET-QE-src,cvq,0.9005
zhen,02,0.01,weighted_cvu:mtme_COMET-QE-src,cvu,0.902
zhen,02,0.01,dedup_cvl:mtme_COMETKiwi-src,cvl,0.907
zhen,02,0.01,dedup_cvq:mtme_COMETKiwi-src,cvq,0.899
zhen,02,0.01,dedup_cvu:mtme_COMETKiwi-src,cvu,0.9005
zhen,02,0.01,weighted_cvl:mtme_COMETKiwi-src,cvl,0.904
zhen,02,0.01,weighted_cvq:mtme_COMETKiwi-src,cvq,0.901
zhen,02,0.01,weighted_cvu:mtme_COMETKiwi-src,cvu,0.903
zhen,02,0.01,dedup_cvl:mtme_Cross-QE-src,cvl,0.9015
zhen,02,0.01,dedup_cvq:mtme_Cross-QE-src,cvq,0.9
zhen,02,0.01,dedup_cvu:mtme_Cross-QE-src,cvu,0.899
zhen,02,0.01,weighted_cvl:mtme_Cross-QE-src,cvl,0.9015
zhen,02,0.01,weighted_cvq:mtme_Cross-QE-src,cvq,0.9
zhen,02,0.01,weighted_cvu:mtme_Cross-QE-src,cvu,0.902
zhen,02,0.01,dedup_cvl:mtme_HWTSC-TLM-src,cvl,0.9045
zhen,02,0.01,dedup_cvq:mtme_HWTSC-TLM-src,cvq,0.907
zhen,02,0.01,dedup_cvu:mtme_HWTSC-TLM-src,cvu,0.907
zhen,02,0.01,weighted_cvl:mtme_HWTSC-TLM-src,cvl,0.9075
zhen,02,0.01,weighted_cvq:mtme_HWTSC-TLM-src,cvq,0.903
zhen,02,0.01,weighted_cvu:mtme_HWTSC-TLM-src,cvu,0.9045
zhen,02,0.01,dedup_cvl:mtme_HWTSC-Teacher-Sim-src,cvl,0.903
zhen,02,0.01,dedup_cvq:mtme_HWTSC-Teacher-Sim-src,cvq,0.9045
zhen,02,0.01,dedup_cvu:mtme_HWTSC-Teacher-Sim-src,cvu,0.9065
zhen,02,0.01,weighted_cvl:mtme_HWTSC-Teacher-Sim-src,cvl,0.9035
zhen,02,0.01,weighted_cvq:mtme_HWTSC-Teacher-Sim-src,cvq,0.9
zhen,02,0.01,weighted_cvu:mtme_HWTSC-Teacher-Sim-src,cvu,0.903
zhen,02,0.01,dedup_cvl:mtme_KG-BERTScore-src,cvl,0.9025
zhen,02,0.01,dedup_cvq:mtme_KG-BERTScore-src,cvq,0.906
zhen,02,0.01,dedup_cvu:mtme_KG-BERTScore-src,cvu,0.9045
zhen,02,0.01,weighted_cvl:mtme_KG-BERTScore-src,cvl,0.8955
zhen,02,0.01,weighted_cvq:mtme_KG-BERTScore-src,cvq,0.899
zhen,02,0.01,weighted_cvu:mtme_KG-BERTScore-src,cvu,0.897
zhen,02,0.01,dedup_cvl:mtme_MATESE-QE-src,cvl,0.901
zhen,02,0.01,dedup_cvq:mtme_MATESE-QE-src,cvq,0.902
zhen,02,0.01,dedup_cvu:mtme_MATESE-QE-src,cvu,0.9015
zhen,02,0.01,weighted_cvl:mtme_MATESE-QE-src,cvl,0.901
zhen,02,0.01,weighted_cvq:mtme_MATESE-QE-src,cvq,0.906
zhen,02,0.01,weighted_cvu:mtme_MATESE-QE-src,cvu,0.9055
zhen,02,0.01,dedup_cvl:mtme_MATESE-refA,cvl,0.9035
zhen,02,0.01,dedup_cvq:mtme_MATESE-refA,cvq,0.9025
zhen,02,0.01,dedup_cvu:mtme_MATESE-refA,cvu,0.9015
zhen,02,0.01,weighted_cvl:mtme_MATESE-refA,cvl,0.9025
zhen,02,0.01,weighted_cvq:mtme_MATESE-refA,cvq,0.9035
zhen,02,0.01,weighted_cvu:mtme_MATESE-refA,cvu,0.9055
zhen,02,0.01,dedup_cvl:mtme_MEE-refA,cvl,0.903
zhen,02,0.01,dedup_cvq:mtme_MEE-refA,cvq,0.905
zhen,02,0.01,dedup_cvu:mtme_MEE-refA,cvu,0.907
zhen,02,0.01,weighted_cvl:mtme_MEE-refA,cvl,0.9035
zhen,02,0.01,weighted_cvq:mtme_MEE-refA,cvq,0.9015
zhen,02,0.01,weighted_cvu:mtme_MEE-refA,cvu,0.9025
zhen,02,0.01,dedup_cvl:mtme_MEE2-refA,cvl,0.9005
zhen,02,0.01,dedup_cvq:mtme_MEE2-refA,cvq,0.9045
zhen,02,0.01,dedup_cvu:mtme_MEE2-refA,cvu,0.907
zhen,02,0.01,weighted_cvl:mtme_MEE2-refA,cvl,0.901
zhen,02,0.01,weighted_cvq:mtme_MEE2-refA,cvq,0.9015
zhen,02,0.01,weighted_cvu:mtme_MEE2-refA,cvu,0.9055
zhen,02,0.01,dedup_cvl:mtme_MEE4-refA,cvl,0.9045
zhen,02,0.01,dedup_cvq:mtme_MEE4-refA,cvq,0.904
zhen,02,0.01,dedup_cvu:mtme_MEE4-refA,cvu,0.9085
zhen,02,0.01,weighted_cvl:mtme_MEE4-refA,cvl,0.9045
zhen,02,0.01,weighted_cvq:mtme_MEE4-refA,cvq,0.905
zhen,02,0.01,weighted_cvu:mtme_MEE4-refA,cvu,0.9075
zhen,02,0.01,dedup_cvl:mtme_MS-COMET-22-refA,cvl,0.9035
zhen,02,0.01,dedup_cvq:mtme_MS-COMET-22-refA,cvq,0.9
zhen,02,0.01,dedup_cvu:mtme_MS-COMET-22-refA,cvu,0.899
zhen,02,0.01,weighted_cvl:mtme_MS-COMET-22-refA,cvl,0.897
zhen,02,0.01,weighted_cvq:mtme_MS-COMET-22-refA,cvq,0.897
zhen,02,0.01,weighted_cvu:mtme_MS-COMET-22-refA,cvu,0.8995
zhen,02,0.01,dedup_cvl:mtme_MS-COMET-QE-22-src,cvl,0.901
zhen,02,0.01,dedup_cvq:mtme_MS-COMET-QE-22-src,cvq,0.8995
zhen,02,0.01,dedup_cvu:mtme_MS-COMET-QE-22-src,cvu,0.9
zhen,02,0.01,weighted_cvl:mtme_MS-COMET-QE-22-src,cvl,0.9005
zhen,02,0.01,weighted_cvq:mtme_MS-COMET-QE-22-src,cvq,0.8995
zhen,02,0.01,weighted_cvu:mtme_MS-COMET-QE-22-src,cvu,0.898
zhen,02,0.01,dedup_cvl:mtme_REUSE-src,cvl,0.907
zhen,02,0.01,dedup_cvq:mtme_REUSE-src,cvq,0.904
zhen,02,0.01,dedup_cvu:mtme_REUSE-src,cvu,0.9035
zhen,02,0.01,weighted_cvl:mtme_REUSE-src,cvl,0.9005
zhen,02,0.01,weighted_cvq:mtme_REUSE-src,cvq,0.901
zhen,02,0.01,weighted_cvu:mtme_REUSE-src,cvu,0.9025
zhen,02,0.01,dedup_cvl:mtme_SEScore-refA,cvl,0.903
zhen,02,0.01,dedup_cvq:mtme_SEScore-refA,cvq,0.9005
zhen,02,0.01,dedup_cvu:mtme_SEScore-refA,cvu,0.8995
zhen,02,0.01,weighted_cvl:mtme_SEScore-refA,cvl,0.9015
zhen,02,0.01,weighted_cvq:mtme_SEScore-refA,cvq,0.898
zhen,02,0.01,weighted_cvu:mtme_SEScore-refA,cvu,0.9025
zhen,02,0.01,dedup_cvl:mtme_UniTE-ref-refA,cvl,0.902
zhen,02,0.01,dedup_cvq:mtme_UniTE-ref-refA,cvq,0.8985
zhen,02,0.01,dedup_cvu:mtme_UniTE-ref-refA,cvu,0.8995
zhen,02,0.01,weighted_cvl:mtme_UniTE-ref-refA,cvl,0.8975
zhen,02,0.01,weighted_cvq:mtme_UniTE-ref-refA,cvq,0.8965
zhen,02,0.01,weighted_cvu:mtme_UniTE-ref-refA,cvu,0.9005
zhen,02,0.01,dedup_cvl:mtme_UniTE-refA,cvl,0.901
zhen,02,0.01,dedup_cvq:mtme_UniTE-refA,cvq,0.8965
zhen,02,0.01,dedup_cvu:mtme_UniTE-refA,cvu,0.8975
zhen,02,0.01,weighted_cvl:mtme_UniTE-refA,cvl,0.898
zhen,02,0.01,weighted_cvq:mtme_UniTE-refA,cvq,0.8975
zhen,02,0.01,weighted_cvu:mtme_UniTE-refA,cvu,0.8995
zhen,02,0.01,dedup_cvl:mtme_UniTE-src-src,cvl,0.9045
zhen,02,0.01,dedup_cvq:mtme_UniTE-src-src,cvq,0.903
zhen,02,0.01,dedup_cvu:mtme_UniTE-src-src,cvu,0.903
zhen,02,0.01,weighted_cvl:mtme_UniTE-src-src,cvl,0.902
zhen,02,0.01,weighted_cvq:mtme_UniTE-src-src,cvq,0.898
zhen,02,0.01,weighted_cvu:mtme_UniTE-src-src,cvu,0.903
zhen,02,0.01,dedup_cvl:mtme_YiSi-1-refA,cvl,0.904
zhen,02,0.01,dedup_cvq:mtme_YiSi-1-refA,cvq,0.906
zhen,02,0.01,dedup_cvu:mtme_YiSi-1-refA,cvu,0.904
zhen,02,0.01,weighted_cvl:mtme_YiSi-1-refA,cvl,0.9005
zhen,02,0.01,weighted_cvq:mtme_YiSi-1-refA,cvq,0.903
zhen,02,0.01,weighted_cvu:mtme_YiSi-1-refA,cvu,0.907
zhen,02,0.01,dedup_cvl:mtme_chrF-refA,cvl,0.9045
zhen,02,0.01,dedup_cvq:mtme_chrF-refA,cvq,0.902
zhen,02,0.01,dedup_cvu:mtme_chrF-refA,cvu,0.9025
zhen,02,0.01,weighted_cvl:mtme_chrF-refA,cvl,0.9015
zhen,02,0.01,weighted_cvq:mtme_chrF-refA,cvq,0.899
zhen,02,0.01,weighted_cvu:mtme_chrF-refA,cvu,0.9005
zhen,02,0.01,dedup_cvl:mtme_f101spBLEU-refA,cvl,0.903
zhen,02,0.01,dedup_cvq:mtme_f101spBLEU-refA,cvq,0.9035
zhen,02,0.01,dedup_cvu:mtme_f101spBLEU-refA,cvu,0.9025
zhen,02,0.01,weighted_cvl:mtme_f101spBLEU-refA,cvl,0.9035
zhen,02,0.01,weighted_cvq:mtme_f101spBLEU-refA,cvq,0.8985
zhen,02,0.01,weighted_cvu:mtme_f101spBLEU-refA,cvu,0.901
zhen,02,0.01,dedup_cvl:mtme_f200spBLEU-refA,cvl,0.905
zhen,02,0.01,dedup_cvq:mtme_f200spBLEU-refA,cvq,0.901
zhen,02,0.01,dedup_cvu:mtme_f200spBLEU-refA,cvu,0.902
zhen,02,0.01,weighted_cvl:mtme_f200spBLEU-refA,cvl,0.903
zhen,02,0.01,weighted_cvq:mtme_f200spBLEU-refA,cvq,0.8975
zhen,02,0.01,weighted_cvu:mtme_f200spBLEU-refA,cvu,0.899
zhen,02,0.01,dedup_cvl:mtme_metricx_xl_DA_2019-refA,cvl,0.903
zhen,02,0.01,dedup_cvq:mtme_metricx_xl_DA_2019-refA,cvq,0.899
zhen,02,0.01,dedup_cvu:mtme_metricx_xl_DA_2019-refA,cvu,0.898
zhen,02,0.01,weighted_cvl:mtme_metricx_xl_DA_2019-refA,cvl,0.9015
zhen,02,0.01,weighted_cvq:mtme_metricx_xl_DA_2019-refA,cvq,0.903
zhen,02,0.01,weighted_cvu:mtme_metricx_xl_DA_2019-refA,cvu,0.904
zhen,02,0.01,dedup_cvl:mtme_metricx_xl_MQM_2020-refA,cvl,0.905
zhen,02,0.01,dedup_cvq:mtme_metricx_xl_MQM_2020-refA,cvq,0.904
zhen,02,0.01,dedup_cvu:mtme_metricx_xl_MQM_2020-refA,cvu,0.902
zhen,02,0.01,weighted_cvl:mtme_metricx_xl_MQM_2020-refA,cvl,0.899
zhen,02,0.01,weighted_cvq:mtme_metricx_xl_MQM_2020-refA,cvq,0.9015
zhen,02,0.01,weighted_cvu:mtme_metricx_xl_MQM_2020-refA,cvu,0.902
zhen,02,0.01,dedup_cvl:mtme_metricx_xxl_DA_2019-refA,cvl,0.903
zhen,02,0.01,dedup_cvq:mtme_metricx_xxl_DA_2019-refA,cvq,0.899
zhen,02,0.01,dedup_cvu:mtme_metricx_xxl_DA_2019-refA,cvu,0.8985
zhen,02,0.01,weighted_cvl:mtme_metricx_xxl_DA_2019-refA,cvl,0.9
zhen,02,0.01,weighted_cvq:mtme_metricx_xxl_DA_2019-refA,cvq,0.9005
zhen,02,0.01,weighted_cvu:mtme_metricx_xxl_DA_2019-refA,cvu,0.9005
zhen,02,0.01,dedup_cvl:mtme_metricx_xxl_MQM_2020-refA,cvl,0.904
zhen,02,0.01,dedup_cvq:mtme_metricx_xxl_MQM_2020-refA,cvq,0.8975
zhen,02,0.01,dedup_cvu:mtme_metricx_xxl_MQM_2020-refA,cvu,0.899
zhen,02,0.01,weighted_cvl:mtme_metricx_xxl_MQM_2020-refA,cvl,0.898
zhen,02,0.01,weighted_cvq:mtme_metricx_xxl_MQM_2020-refA,cvq,0.8995
zhen,02,0.01,weighted_cvu:mtme_metricx_xxl_MQM_2020-refA,cvu,0.901
zhen,02,0.01,weighted_cvo:mtme_BERTScore-refA,cvo,0.9075
zhen,02,0.01,weighted_cvo:mtme_BLEU-refA,cvo,0.901
zhen,02,0.01,weighted_cvo:mtme_BLEURT-20-refA,cvo,0.899
zhen,02,0.01,weighted_cvo:mtme_COMET-20-refA,cvo,0.906
zhen,02,0.01,weighted_cvo:mtme_COMET-22-refA,cvo,0.9
zhen,02,0.01,weighted_cvo:mtme_COMET-QE-src,cvo,0.903
zhen,02,0.01,weighted_cvo:mtme_COMETKiwi-src,cvo,0.902
zhen,02,0.01,weighted_cvo:mtme_Cross-QE-src,cvo,0.8985
zhen,02,0.01,weighted_cvo:mtme_HWTSC-TLM-src,cvo,0.9025
zhen,02,0.01,weighted_cvo:mtme_HWTSC-Teacher-Sim-src,cvo,0.9015
zhen,02,0.01,weighted_cvo:mtme_KG-BERTScore-src,cvo,0.904
zhen,02,0.01,weighted_cvo:mtme_MATESE-QE-src,cvo,0.9055
zhen,02,0.01,weighted_cvo:mtme_MATESE-refA,cvo,0.9005
zhen,02,0.01,weighted_cvo:mtme_MEE-refA,cvo,0.9035
zhen,02,0.01,weighted_cvo:mtme_MEE2-refA,cvo,0.9055
zhen,02,0.01,weighted_cvo:mtme_MEE4-refA,cvo,0.904
zhen,02,0.01,weighted_cvo:mtme_MS-COMET-22-refA,cvo,0.9005
zhen,02,0.01,weighted_cvo:mtme_MS-COMET-QE-22-src,cvo,0.8985
zhen,02,0.01,weighted_cvo:mtme_REUSE-src,cvo,0.9025
zhen,02,0.01,weighted_cvo:mtme_SEScore-refA,cvo,0.9015
zhen,02,0.01,weighted_cvo:mtme_UniTE-ref-refA,cvo,0.8965
zhen,02,0.01,weighted_cvo:mtme_UniTE-refA,cvo,0.8965
zhen,02,0.01,weighted_cvo:mtme_UniTE-src-src,cvo,0.899
zhen,02,0.01,weighted_cvo:mtme_YiSi-1-refA,cvo,0.9055
zhen,02,0.01,weighted_cvo:mtme_chrF-refA,cvo,0.9035
zhen,02,0.01,weighted_cvo:mtme_f101spBLEU-refA,cvo,0.9015
zhen,02,0.01,weighted_cvo:mtme_f200spBLEU-refA,cvo,0.9005
zhen,02,0.01,weighted_cvo:mtme_metricx_xl_DA_2019-refA,cvo,0.9045
zhen,02,0.01,weighted_cvo:mtme_metricx_xl_MQM_2020-refA,cvo,0.901
zhen,02,0.01,weighted_cvo:mtme_metricx_xxl_DA_2019-refA,cvo,0.899
zhen,02,0.01,weighted_cvo:mtme_metricx_xxl_MQM_2020-refA,cvo,0.8985
zhen,02,0.02,uniform,human,0.885
zhen,02,0.02,dedup,human,0.887
zhen,02,0.02,weighted,human,0.8865
zhen,02,0.02,dedup_cvl:mtme_BERTScore-refA,cvl,0.885
zhen,02,0.02,dedup_cvq:mtme_BERTScore-refA,cvq,0.883
zhen,02,0.02,dedup_cvu:mtme_BERTScore-refA,cvu,0.8855
zhen,02,0.02,weighted_cvl:mtme_BERTScore-refA,cvl,0.8865
zhen,02,0.02,weighted_cvq:mtme_BERTScore-refA,cvq,0.8905
zhen,02,0.02,weighted_cvu:mtme_BERTScore-refA,cvu,0.8895
zhen,02,0.02,dedup_cvl:mtme_BLEU-refA,cvl,0.889
zhen,02,0.02,dedup_cvq:mtme_BLEU-refA,cvq,0.8885
zhen,02,0.02,dedup_cvu:mtme_BLEU-refA,cvu,0.89
zhen,02,0.02,weighted_cvl:mtme_BLEU-refA,cvl,0.886
zhen,02,0.02,weighted_cvq:mtme_BLEU-refA,cvq,0.8885
zhen,02,0.02,weighted_cvu:mtme_BLEU-refA,cvu,0.8895
zhen,02,0.02,dedup_cvl:mtme_BLEURT-20-refA,cvl,0.881
zhen,02,0.02,dedup_cvq:mtme_BLEURT-20-refA,cvq,0.881
zhen,02,0.02,dedup_cvu:mtme_BLEURT-20-refA,cvu,0.883
zhen,02,0.02,weighted_cvl:mtme_BLEURT-20-refA,cvl,0.89
zhen,02,0.02,weighted_cvq:mtme_BLEURT-20-refA,cvq,0.887
zhen,02,0.02,weighted_cvu:mtme_BLEURT-20-refA,cvu,0.887
zhen,02,0.02,dedup_cvl:mtme_COMET-20-refA,cvl,0.888
zhen,02,0.02,dedup_cvq:mtme_COMET-20-refA,cvq,0.886
zhen,02,0.02,dedup_cvu:mtme_COMET-20-refA,cvu,0.8865
zhen,02,0.02,weighted_cvl:mtme_COMET-20-refA,cvl,0.8885
zhen,02,0.02,weighted_cvq:mtme_COMET-20-refA,cvq,0.8875
zhen,02,0.02,weighted_cvu:mtme_COMET-20-refA,cvu,0.889
zhen,02,0.02,dedup_cvl:mtme_COMET-22-refA,cvl,0.8875
zhen,02,0.02,dedup_cvq:mtme_COMET-22-refA,cvq,0.887
zhen,02,0.02,dedup_cvu:mtme_COMET-22-refA,cvu,0.892
zhen,02,0.02,weighted_cvl:mtme_COMET-22-refA,cvl,0.8895
zhen,02,0.02,weighted_cvq:mtme_COMET-22-refA,cvq,0.8835
zhen,02,0.02,weighted_cvu:mtme_COMET-22-refA,cvu,0.8895
zhen,02,0.02,dedup_cvl:mtme_COMET-QE-src,cvl,0.8835
zhen,02,0.02,dedup_cvq:mtme_COMET-QE-src,cvq,0.8805
zhen,02,0.02,dedup_cvu:mtme_COMET-QE-src,cvu,0.8865
zhen,02,0.02,weighted_cvl:mtme_COMET-QE-src,cvl,0.8835
zhen,02,0.02,weighted_cvq:mtme_COMET-QE-src,cvq,0.883
zhen,02,0.02,weighted_cvu:mtme_COMET-QE-src,cvu,0.8865
zhen,02,0.02,dedup_cvl:mtme_COMETKiwi-src,cvl,0.88
zhen,02,0.02,dedup_cvq:mtme_COMETKiwi-src,cvq,0.881
zhen,02,0.02,dedup_cvu:mtme_COMETKiwi-src,cvu,0.885
zhen,02,0.02,weighted_cvl:mtme_COMETKiwi-src,cvl,0.887
zhen,02,0.02,weighted_cvq:mtme_COMETKiwi-src,cvq,0.8845
zhen,02,0.02,weighted_cvu:mtme_COMETKiwi-src,cvu,0.8875
zhen,02,0.02,dedup_cvl:mtme_Cross-QE-src,cvl,0.886
zhen,02,0.02,dedup_cvq:mtme_Cross-QE-src,cvq,0.882
zhen,02,0.02,dedup_cvu:mtme_Cross-QE-src,cvu,0.883
zhen,02,0.02,weighted_cvl:mtme_Cross-QE-src,cvl,0.8945
zhen,02,0.02,weighted_cvq:mtme_Cross-QE-src,cvq,0.8845
zhen,02,0.02,weighted_cvu:mtme_Cross-QE-src,cvu,0.886
zhen,02,0.02,dedup_cvl:mtme_HWTSC-TLM-src,cvl,0.8845
zhen,02,0.02,dedup_cvq:mtme_HWTSC-TLM-src,cvq,0.8795
zhen,02,0.02,dedup_cvu:mtme_HWTSC-TLM-src,cvu,0.8825
zhen,02,0.02,weighted_cvl:mtme_HWTSC-TLM-src,cvl,0.894
zhen,02,0.02,weighted_cvq:mtme_HWTSC-TLM-src,cvq,0.8805
zhen,02,0.02,weighted_cvu:mtme_HWTSC-TLM-src,cvu,0.895
zhen,02,0.02,dedup_cvl:mtme_HWTSC-Teacher-Sim-src,cvl,0.879
zhen,02,0.02,dedup_cvq:mtme_HWTSC-Teacher-Sim-src,cvq,0.8815
zhen,02,0.02,dedup_cvu:mtme_HWTSC-Teacher-Sim-src,cvu,0.883
zhen,02,0.02,weighted_cvl:mtme_HWTSC-Teacher-Sim-src,cvl,0.893
zhen,02,0.02,weighted_cvq:mtme_HWTSC-Teacher-Sim-src,cvq,0.8825
zhen,02,0.02,weighted_cvu:mtme_HWTSC-Teacher-Sim-src,cvu,0.886
zhen,02,0.02,dedup_cvl:mtme_KG-BERTScore-src,cvl,0.887
zhen,02,0.02,dedup_cvq:mtme_KG-BERTScore-src,cvq,0.884
zhen,02,0.02,dedup_cvu:mtme_KG-BERTScore-src,cvu,0.8835
zhen,02,0.02,weighted_cvl:mtme_KG-BERTScore-src,cvl,0.8945
zhen,02,0.02,weighted_cvq:mtme_KG-BERTScore-src,cvq,0.883
zhen,02,0.02,weighted_cvu:mtme_KG-BERTScore-src,cvu,0.896
zhen,02,0.02,dedup_cvl:mtme_MATESE-QE-src,cvl,0.886
zhen,02,0.02,dedup_cvq:mtme_MATESE-QE-src,cvq,0.884
zhen,02,0.02,dedup_cvu:mtme_MATESE-QE-src,cvu,0.889
zhen,02,0.02,weighted_cvl:mtme_MATESE-QE-src,cvl,0.8935
zhen,02,0.02,weighted_cvq:mtme_MATESE-QE-src,cvq,0.8865
zhen,02,0.02,weighted_cvu:mtme_MATESE-QE-src,cvu,0.893
zhen,02,0.02,dedup_cvl:mtme_MATESE-refA,cvl,0.882
zhen,02,0.02,dedup_cvq:mtme_MATESE-refA,cvq,0.881
zhen,02,0.02,dedup_cvu:mtme_MATESE-refA,cvu,0.8825
zhen,02,0.02,weighted_cvl:mtme_MATESE-refA,cvl,0.8885
zhen,02,0.02,weighted_cvq:mtme_MATESE-refA,cvq,0.886
zhen,02,0.02,weighted_cvu:mtme_MATESE-refA,cvu,0.884
zhen,02,0.02,dedup_cvl:mtme_MEE-refA,cvl,0.891
zhen,02,0.02,dedup_cvq:mtme_MEE-refA,cvq,0.887
zhen,02,0.02,dedup_cvu:mtme_MEE-refA,cvu,0.8905
zhen,02,0.02,weighted_cvl:mtme_MEE-refA,cvl,0.89
zhen,02,0.02,weighted_cvq:mtme_MEE-refA,cvq,0.889
zhen,02,0.02,weighted_cvu:mtme_MEE-refA,cvu,0.893
zhen,02,0.02,dedup_cvl:mtme_MEE2-refA,cvl,0.888
zhen,02,0.02,dedup_cvq:mtme_MEE2-refA,cvq,0.883
zhen,02,0.02,dedup_cvu:mtme_MEE2-refA,cvu,0.888
zhen,02,0.02,weighted_cvl:mtme_MEE2-refA,cvl,0.892
zhen,02,0.02,weighted_cvq:mtme_MEE2-refA,cvq,0.888
zhen,02,0.02,weighted_cvu:mtme_MEE2-refA,cvu,0.89
zhen,02,0.02,dedup_cvl:mtme_MEE4-refA,cvl,0.891
zhen,02,0.02,dedup_cvq:mtme_MEE4-refA,cvq,0.884
zhen,02,0.02,dedup_cvu:mtme_MEE4-refA,cvu,0.889
zhen,02,0.02,weighted_cvl:mtme_MEE4-refA,cvl,0.8895
zhen,02,0.02,weighted_cvq:mtme_MEE4-refA,cvq,0.8875
zhen,02,0.02,weighted_cvu:mtme_MEE4-refA,cvu,0.8895
zhen,02,0.02,dedup_cvl:mtme_MS-COMET-22-refA,cvl,0.89
zhen,02,0.02,dedup_cvq:mtme_MS-COMET-22-refA,cvq,0.883
zhen,02,0.02,dedup_cvu:mtme_MS-COMET-22-refA,cvu,0.8885
zhen,02,0.02,weighted_cvl:mtme_MS-COMET-22-refA,cvl,0.8875
zhen,02,0.02,weighted_cvq:mtme_MS-COMET-22-refA,cvq,0.8885
zhen,02,0.02,weighted_cvu:mtme_MS-COMET-22-refA,cvu,0.889
zhen,02,0.02,dedup_cvl:mtme_MS-COMET-QE-22-src,cvl,0.8875
zhen,02,0.02,dedup_cvq:mtme_MS-COMET-QE-22-src,cvq,0.886
zhen,02,0.02,dedup_cvu:mtme_MS-COMET-QE-22-src,cvu,0.881
zhen,02,0.02,weighted_cvl:mtme_MS-COMET-QE-22-src,cvl,0.8895
zhen,02,0.02,weighted_cvq:mtme_MS-COMET-QE-22-src,cvq,0.885
zhen,02,0.02,weighted_cvu:mtme_MS-COMET-QE-22-src,cvu,0.8855
zhen,02,0.02,dedup_cvl:mtme_REUSE-src,cvl,0.8865
zhen,02,0.02,dedup_cvq:mtme_REUSE-src,cvq,0.882
zhen,02,0.02,dedup_cvu:mtme_REUSE-src,cvu,0.883
zhen,02,0.02,weighted_cvl:mtme_REUSE-src,cvl,0.8885
zhen,02,0.02,weighted_cvq:mtme_REUSE-src,cvq,0.885
zhen,02,0.02,weighted_cvu:mtme_REUSE-src,cvu,0.887
zhen,02,0.02,dedup_cvl:mtme_SEScore-refA,cvl,0.8875
zhen,02,0.02,dedup_cvq:mtme_SEScore-refA,cvq,0.8835
zhen,02,0.02,dedup_cvu:mtme_SEScore-refA,cvu,0.8835
zhen,02,0.02,weighted_cvl:mtme_SEScore-refA,cvl,0.885
zhen,02,0.02,weighted_cvq:mtme_SEScore-refA,cvq,0.885
zhen,02,0.02,weighted_cvu:mtme_SEScore-refA,cvu,0.883
zhen,02,0.02,dedup_cvl:mtme_UniTE-ref-refA,cvl,0.888
zhen,02,0.02,dedup_cvq:mtme_UniTE-ref-refA,cvq,0.8835
zhen,02,0.02,dedup_cvu:mtme_UniTE-ref-refA,cvu,0.8845
zhen,02,0.02,weighted_cvl:mtme_UniTE-ref-refA,cvl,0.889
zhen,02,0.02,weighted_cvq:mtme_UniTE-ref-refA,cvq,0.8835
zhen,02,0.02,weighted_cvu:mtme_UniTE-ref-refA,cvu,0.888
zhen,02,0.02,dedup_cvl:mtme_UniTE-refA,cvl,0.889
zhen,02,0.02,dedup_cvq:mtme_UniTE-refA,cvq,0.8865
zhen,02,0.02,dedup_cvu:mtme_UniTE-refA,cvu,0.887
zhen,02,0.02,weighted_cvl:mtme_UniTE-refA,cvl,0.889
zhen,02,0.02,weighted_cvq:mtme_UniTE-refA,cvq,0.886
zhen,02,0.02,weighted_cvu:mtme_UniTE-refA,cvu,0.8885
zhen,02,0.02,dedup_cvl:mtme_UniTE-src-src,cvl,0.8865
zhen,02,0.02,dedup_cvq:mtme_UniTE-src-src,cvq,0.8865
zhen,02,0.02,dedup_cvu:mtme_UniTE-src-src,cvu,0.887
zhen,02,0.02,weighted_cvl:mtme_UniTE-src-src,cvl,0.8875
zhen,02,0.02,weighted_cvq:mtme_UniTE-src-src,cvq,0.8885
zhen,02,0.02,weighted_cvu:mtme_UniTE-src-src,cvu,0.888
zhen,02,0.02,dedup_cvl:mtme_YiSi-1-refA,cvl,0.8845
zhen,02,0.02,dedup_cvq:mtme_YiSi-1-refA,cvq,0.882
zhen,02,0.02,dedup_cvu:mtme_YiSi-1-refA,cvu,0.8835
zhen,02,0.02,weighted_cvl:mtme_YiSi-1-refA,cvl,0.8895
zhen,02,0.02,weighted_cvq:mtme_YiSi-1-refA,cvq,0.8885
zhen,02,0.02,weighted_cvu:mtme_YiSi-1-refA,cvu,0.891
zhen,02,0.02,dedup_cvl:mtme_chrF-refA,cvl,0.8875
zhen,02,0.02,dedup_cvq:mtme_chrF-refA,cvq,0.883
zhen,02,0.02,dedup_cvu:mtme_chrF-refA,cvu,0.887
zhen,02,0.02,weighted_cvl:mtme_chrF-refA,cvl,0.8905
zhen,02,0.02,weighted_cvq:mtme_chrF-refA,cvq,0.8865
zhen,02,0.02,weighted_cvu:mtme_chrF-refA,cvu,0.891
zhen,02,0.02,dedup_cvl:mtme_f101spBLEU-refA,cvl,0.8845
zhen,02,0.02,dedup_cvq:mtme_f101spBLEU-refA,cvq,0.8855
zhen,02,0.02,dedup_cvu:mtme_f101spBLEU-refA,cvu,0.8865
zhen,02,0.02,weighted_cvl:mtme_f101spBLEU-refA,cvl,0.887
zhen,02,0.02,weighted_cvq:mtme_f101spBLEU-refA,cvq,0.8875
zhen,02,0.02,weighted_cvu:mtme_f101spBLEU-refA,cvu,0.888
zhen,02,0.02,dedup_cvl:mtme_f200spBLEU-refA,cvl,0.885
zhen,02,0.02,dedup_cvq:mtme_f200spBLEU-refA,cvq,0.884
zhen,02,0.02,dedup_cvu:mtme_f200spBLEU-refA,cvu,0.8865
zhen,02,0.02,weighted_cvl:mtme_f200spBLEU-refA,cvl,0.888
zhen,02,0.02,weighted_cvq:mtme_f200spBLEU-refA,cvq,0.8885
zhen,02,0.02,weighted_cvu:mtme_f200spBLEU-refA,cvu,0.8905
zhen,02,0.02,dedup_cvl:mtme_metricx_xl_DA_2019-refA,cvl,0.889
zhen,02,0.02,dedup_cvq:mtme_metricx_xl_DA_2019-refA,cvq,0.888
zhen,02,0.02,dedup_cvu:mtme_metricx_xl_DA_2019-refA,cvu,0.8875
zhen,02,0.02,weighted_cvl:mtme_metricx_xl_DA_2019-refA,cvl,0.8905
zhen,02,0.02,weighted_cvq:mtme_metricx_xl_DA_2019-refA,cvq,0.8825
zhen,02,0.02,weighted_cvu:mtme_metricx_xl_DA_2019-refA,cvu,0.886
zhen,02,0.02,dedup_cvl:mtme_metricx_xl_MQM_2020-refA,cvl,0.885
zhen,02,0.02,dedup_cvq:mtme_metricx_xl_MQM_2020-refA,cvq,0.8815
zhen,02,0.02,dedup_cvu:mtme_metricx_xl_MQM_2020-refA,cvu,0.883
zhen,02,0.02,weighted_cvl:mtme_metricx_xl_MQM_2020-refA,cvl,0.8875
zhen,02,0.02,weighted_cvq:mtme_metricx_xl_MQM_2020-refA,cvq,0.8835
zhen,02,0.02,weighted_cvu:mtme_metricx_xl_MQM_2020-refA,cvu,0.8855
zhen,02,0.02,dedup_cvl:mtme_metricx_xxl_DA_2019-refA,cvl,0.888
zhen,02,0.02,dedup_cvq:mtme_metricx_xxl_DA_2019-refA,cvq,0.885
zhen,02,0.02,dedup_cvu:mtme_metricx_xxl_DA_2019-refA,cvu,0.888
zhen,02,0.02,weighted_cvl:mtme_metricx_xxl_DA_2019-refA,cvl,0.8855
zhen,02,0.02,weighted_cvq:mtme_metricx_xxl_DA_2019-refA,cvq,0.883
zhen,02,0.02,weighted_cvu:mtme_metricx_xxl_DA_2019-refA,cvu,0.8815
zhen,02,0.02,dedup_cvl:mtme_metricx_xxl_MQM_2020-refA,cvl,0.8875
zhen,02,0.02,dedup_cvq:mtme_metricx_xxl_MQM_2020-refA,cvq,0.8815
zhen,02,0.02,dedup_cvu:mtme_metricx_xxl_MQM_2020-refA,cvu,0.887
zhen,02,0.02,weighted_cvl:mtme_metricx_xxl_MQM_2020-refA,cvl,0.8905
zhen,02,0.02,weighted_cvq:mtme_metricx_xxl_MQM_2020-refA,cvq,0.8815
zhen,02,0.02,weighted_cvu:mtme_metricx_xxl_MQM_2020-refA,cvu,0.8865
zhen,02,0.02,weighted_cvo:mtme_BERTScore-refA,cvo,0.888
zhen,02,0.02,weighted_cvo:mtme_BLEU-refA,cvo,0.8875
zhen,02,0.02,weighted_cvo:mtme_BLEURT-20-refA,cvo,0.8895
zhen,02,0.02,weighted_cvo:mtme_COMET-20-refA,cvo,0.8875
zhen,02,0.02,weighted_cvo:mtme_COMET-22-refA,cvo,0.886
zhen,02,0.02,weighted_cvo:mtme_COMET-QE-src,cvo,0.889
zhen,02,0.02,weighted_cvo:mtme_COMETKiwi-src,cvo,0.8845
zhen,02,0.02,weighted_cvo:mtme_Cross-QE-src,cvo,0.885
zhen,02,0.02,weighted_cvo:mtme_HWTSC-TLM-src,cvo,0.885
zhen,02,0.02,weighted_cvo:mtme_HWTSC-Teacher-Sim-src,cvo,0.885
zhen,02,0.02,weighted_cvo:mtme_KG-BERTScore-src,cvo,0.885
zhen,02,0.02,weighted_cvo:mtme_MATESE-QE-src,cvo,0.888
zhen,02,0.02,weighted_cvo:mtme_MATESE-refA,cvo,0.886
zhen,02,0.02,weighted_cvo:mtme_MEE-refA,cvo,0.888
zhen,02,0.02,weighted_cvo:mtme_MEE2-refA,cvo,0.89
zhen,02,0.02,weighted_cvo:mtme_MEE4-refA,cvo,0.8875
zhen,02,0.02,weighted_cvo:mtme_MS-COMET-22-refA,cvo,0.886
zhen,02,0.02,weighted_cvo:mtme_MS-COMET-QE-22-src,cvo,0.887
zhen,02,0.02,weighted_cvo:mtme_REUSE-src,cvo,0.8865
zhen,02,0.02,weighted_cvo:mtme_SEScore-refA,cvo,0.8835
zhen,02,0.02,weighted_cvo:mtme_UniTE-ref-refA,cvo,0.89
zhen,02,0.02,weighted_cvo:mtme_UniTE-refA,cvo,0.8885
zhen,02,0.02,weighted_cvo:mtme_UniTE-src-src,cvo,0.89
zhen,02,0.02,weighted_cvo:mtme_YiSi-1-refA,cvo,0.886
zhen,02,0.02,weighted_cvo:mtme_chrF-refA,cvo,0.889
zhen,02,0.02,weighted_cvo:mtme_f101spBLEU-refA,cvo,0.8875
zhen,02,0.02,weighted_cvo:mtme_f200spBLEU-refA,cvo,0.887
zhen,02,0.02,weighted_cvo:mtme_metricx_xl_DA_2019-refA,cvo,0.8835
zhen,02,0.02,weighted_cvo:mtme_metricx_xl_MQM_2020-refA,cvo,0.8865
zhen,02,0.02,weighted_cvo:mtme_metricx_xxl_DA_2019-refA,cvo,0.88
zhen,02,0.02,weighted_cvo:mtme_metricx_xxl_MQM_2020-refA,cvo,0.882
zhen,03,0.01,uniform,human,0.9015
zhen,03,0.01,dedup,human,0.9035
zhen,03,0.01,weighted,human,0.906
zhen,03,0.01,dedup_cvl:mtme_BERTScore-refA,cvl,0.9005
zhen,03,0.01,dedup_cvq:mtme_BERTScore-refA,cvq,0.8965
zhen,03,0.01,dedup_cvu:mtme_BERTScore-refA,cvu,0.899
zhen,03,0.01,weighted_cvl:mtme_BERTScore-refA,cvl,0.902
zhen,03,0.01,weighted_cvq:mtme_BERTScore-refA,cvq,0.9035
zhen,03,0.01,weighted_cvu:mtme_BERTScore-refA,cvu,0.905
zhen,03,0.01,dedup_cvl:mtme_BLEU-refA,cvl,0.9045
zhen,03,0.01,dedup_cvq:mtme_BLEU-refA,cvq,0.9065
zhen,03,0.01,dedup_cvu:mtme_BLEU-refA,cvu,0.905
zhen,03,0.01,weighted_cvl:mtme_BLEU-refA,cvl,0.904
zhen,03,0.01,weighted_cvq:mtme_BLEU-refA,cvq,0.905
zhen,03,0.01,weighted_cvu:mtme_BLEU-refA,cvu,0.9065
zhen,03,0.01,dedup_cvl:mtme_BLEURT-20-refA,cvl,0.8995
zhen,03,0.01,dedup_cvq:mtme_BLEURT-20-refA,cvq,0.896
zhen,03,0.01,dedup_cvu:mtme_BLEURT-20-refA,cvu,0.901
zhen,03,0.01,weighted_cvl:mtme_BLEURT-20-refA,cvl,0.897
zhen,03,0.01,weighted_cvq:mtme_BLEURT-20-refA,cvq,0.902
zhen,03,0.01,weighted_cvu:mtme_BLEURT-20-refA,cvu,0.9005
zhen,03,0.01,dedup_cvl:mtme_COMET-20-refA,cvl,0.903
zhen,03,0.01,dedup_cvq:mtme_COMET-20-refA,cvq,0.9015
zhen,03,0.01,dedup_cvu:mtme_COMET-20-refA,cvu,0.903
zhen,03,0.01,weighted_cvl:mtme_COMET-20-refA,cvl,0.901
zhen,03,0.01,weighted_cvq:mtme_COMET-20-refA,cvq,0.901
zhen,03,0.01,weighted_cvu:mtme_COMET-20-refA,cvu,0.901
zhen,03,0.01,dedup_cvl:mtme_COMET-22-refA,cvl,0.895
zhen,03,0.01,dedup_cvq:mtme_COMET-22-refA,cvq,0.899
zhen,03,0.01,dedup_cvu:mtme_COMET-22-refA,cvu,0.896
zhen,03,0.01,weighted_cvl:mtme_COMET-22-refA,cvl,0.8975
zhen,03,0.01,weighted_cvq:mtme_COMET-22-refA,cvq,0.8995
zhen,03,0.01,weighted_cvu:mtme_COMET-22-refA,cvu,0.8995
zhen,03,0.01,dedup_cvl:mtme_COMET-QE-src,cvl,0.9
zhen,03,0.01,dedup_cvq:mtme_COMET-QE-src,cvq,0.903
zhen,03,0.01,dedup_cvu:mtme_COMET-QE-src,cvu,0.9045
zhen,03,0.01,weighted_cvl:mtme_COMET-QE-src,cvl,0.896
zhen,03,0.01,weighted_cvq:mtme_COMET-QE-src,cvq,0.901
zhen,03,0.01,weighted_cvu:mtme_COMET-QE-src,cvu,0.8995
zhen,03,0.01,dedup_cvl:mtme_COMETKiwi-src,cvl,0.903
zhen,03,0.01,dedup_cvq:mtme_COMETKiwi-src,cvq,0.9025
zhen,03,0.01,dedup_cvu:mtme_COMETKiwi-src,cvu,0.9015
zhen,03,0.01,weighted_cvl:mtme_COMETKiwi-src,cvl,0.9
zhen,03,0.01,weighted_cvq:mtme_COMETKiwi-src,cvq,0.9025
zhen,03,0.01,weighted_cvu:mtme_COMETKiwi-src,cvu,0.9025
zhen,03,0.01,dedup_cvl:mtme_Cross-QE-src,cvl,0.9055
zhen,03,0.01,dedup_cvq:mtme_Cross-QE-src,cvq,0.9045
zhen,03,0.01,dedup_cvu:mtme_Cross-QE-src,cvu,0.905
zhen,03,0.01,weighted_cvl:mtme_Cross-QE-src,cvl,0.906
zhen,03,0.01,weighted_cvq:mtme_Cross-QE-src,cvq,0.9075
zhen,03,0.01,weighted_cvu:mtme_Cross-QE-src,cvu,0.9065
zhen,03,0.01,dedup_cvl:mtme_HWTSC-TLM-src,cvl,0.8995
zhen,03,0.01,dedup_cvq:mtme_HWTSC-TLM-src,cvq,0.9015
zhen,03,0.01,dedup_cvu:mtme_HWTSC-TLM-src,cvu,0.904
zhen,03,0.01,weighted_cvl:mtme_HWTSC-TLM-src,cvl,0.9075
zhen,03,0.01,weighted_cvq:mtme_HWTSC-TLM-src,cvq,0.905
zhen,03,0.01,weighted_cvu:mtme_HWTSC-TLM-src,cvu,0.9065
zhen,03,0.01,dedup_cvl:mtme_HWTSC-Teacher-Sim-src,cvl,0.8985
zhen,03,0.01,dedup_cvq:mtme_HWTSC-Teacher-Sim-src,cvq,0.899
zhen,03,0.01,dedup_cvu:mtme_HWTSC-Teacher-Sim-src,cvu,0.902
zhen,03,0.01,weighted_cvl:mtme_HWTSC-Teacher-Sim-src,cvl,0.905
zhen,03,0.01,weighted_cvq:mtme_HWTSC-Teacher-Sim-src,cvq,0.9025
zhen,03,0.01,weighted_cvu:mtme_HWTSC-Teacher-Sim-src,cvu,0.9025
zhen,03,0.01,dedup_cvl:mtme_KG-BERTScore-src,cvl,0.903
zhen,03,0.01,dedup_cvq:mtme_KG-BERTScore-src,cvq,0.9015
zhen,03,0.01,dedup_cvu:mtme_KG-BERTScore-src,cvu,0.9055
zhen,03,0.01,weighted_cvl:mtme_KG-BERTScore-src,cvl,0.902
zhen,03,0.01,weighted_cvq:mtme_KG-BERTScore-src,cvq,0.902
zhen,03,0.01,weighted_cvu:mtme_KG-BERTScore-src,cvu,0.9035
zhen,03,0.01,dedup_cvl:mtme_MATESE-QE-src,cvl,0.9035
zhen,03,0.01,dedup_cvq:mtme_MATESE-QE-src,cvq,0.902
zhen,03,0.01,dedup_cvu:mtme_MATESE-QE-src,cvu,0.9045
zhen,03,0.01,weighted_cvl:mtme_MATESE-QE-src,cvl,0.903
zhen,03,0.01,weighted_cvq:mtme_MATESE-QE-src,cvq,0.899
zhen,03,0.01,weighted_cvu:mtme_MATESE-QE-src,cvu,0.8995
zhen,03,0.01,dedup_cvl:mtme_MATESE-refA,cvl,0.902
zhen,03,0.01,dedup_cvq:mtme_MATESE-refA,cvq,0.897
zhen,03,0.01,dedup_cvu:mtme_MATESE-refA,cvu,0.899
zhen,03,0.01,weighted_cvl:mtme_MATESE-refA,cvl,0.899
zhen,03,0.01,weighted_cvq:mtme_MATESE-refA,cvq,0.902
zhen,03,0.01,weighted_cvu:mtme_MATESE-refA,cvu,0.902
zhen,03,0.01,dedup_cvl:mtme_MEE-refA,cvl,0.9045
zhen,03,0.01,dedup_cvq:mtme_MEE-refA,cvq,0.899
zhen,03,0.01,dedup_cvu:mtme_MEE-refA,cvu,0.902
zhen,03,0.01,weighted_cvl:mtme_MEE-refA,cvl,0.9025
zhen,03,0.01,weighted_cvq:mtme_MEE-refA,cvq,0.8995
zhen,03,0.01,weighted_cvu:mtme_MEE-refA,cvu,0.9025
zhen,03,0.01,dedup_cvl:mtme_MEE2-refA,cvl,0.905
zhen,03,0.01,dedup_cvq:mtme_MEE2-refA,cvq,0.9015
zhen,03,0.01,dedup_cvu:mtme_MEE2-refA,cvu,0.901
zhen,03,0.01,weighted_cvl:mtme_MEE2-refA,cvl,0.905
zhen,03,0.01,weighted_cvq:mtme_MEE2-refA,cvq,0.9015
zhen,03,0.01,weighted_cvu:mtme_MEE2-refA,cvu,0.9065
zhen,03,0.01,dedup_cvl:mtme_MEE4-refA,cvl,0.9045
zhen,03,0.01,dedup_cvq:mtme_MEE4-refA,cvq,0.898
zhen,03,0.01,dedup_cvu:mtme_MEE4-refA,cvu,0.9
zhen,03,0.01,weighted_cvl:mtme_MEE4-refA,cvl,0.903
zhen,03,0.01,weighted_cvq:mtme_MEE4-refA,cvq,0.9025
zhen,03,0.01,weighted_cvu:mtme_MEE4-refA,cvu,0.906
zhen,03,0.01,dedup_cvl:mtme_MS-COMET-22-refA,cvl,0.902
zhen,03,0.01,dedup_cvq:mtme_MS-COMET-22-refA,cvq,0.896
zhen,03,0.01,dedup_cvu:mtme_MS-COMET-22-refA,cvu,0.9005
zhen,03,0.01,weighted_cvl:mtme_MS-COMET-22-refA,cvl,0.9
zhen,03,0.01,weighted_cvq:mtme_MS-COMET-22-refA,cvq,0.901
zhen,03,0.01,weighted_cvu:mtme_MS-COMET-22-refA,cvu,0.902
zhen,03,0.01,dedup_cvl:mtme_MS-COMET-QE-22-src,cvl,0.902
zhen,03,0.01,dedup_cvq:mtme_MS-COMET-QE-22-src,cvq,0.901
zhen,03,0.01,dedup_cvu:mtme_MS-COMET-QE-22-src,cvu,0.902
zhen,03,0.01,weighted_cvl:mtme_MS-COMET-QE-22-src,cvl,0.901
zhen,03,0.01,weighted_cvq:mtme_MS-COMET-QE-22-src,cvq,0.9015
zhen,03,0.01,weighted_cvu:mtme_MS-COMET-QE-22-src,cvu,0.902
zhen,03,0.01,dedup_cvl:mtme_REUSE-src,cvl,0.9055
zhen,03,0.01,dedup_cvq:mtme_REUSE-src,cvq,0.903
zhen,03,0.01,dedup_cvu:mtme_REUSE-src,cvu,0.904
zhen,03,0.01,weighted_cvl:mtme_REUSE-src,cvl,0.9025
zhen,03,0.01,weighted_cvq:mtme_REUSE-src,cvq,0.9055
zhen,03,0.01,weighted_cvu:mtme_REUSE-src,cvu,0.9045
zhen,03,0.01,dedup_cvl:mtme_SEScore-refA,cvl,0.895
zhen,03,0.01,dedup_cvq:mtme_SEScore-refA,cvq,0.8955
zhen,03,0.01,dedup_cvu:mtme_SEScore-refA,cvu,0.8985
zhen,03,0.01,weighted_cvl:mtme_SEScore-refA,cvl,0.9025
zhen,03,0.01,weighted_cvq:mtme_SEScore-refA,cvq,0.901
zhen,03,0.01,weighted_cvu:mtme_SEScore-refA,cvu,0.9015
zhen,03,0.01,dedup_cvl:mtme_UniTE-ref-refA,cvl,0.8905
zhen,03,0.01,dedup_cvq:mtme_UniTE-ref-refA,cvq,0.892
zhen,03,0.01,dedup_cvu:mtme_UniTE-ref-refA,cvu,0.8925
zhen,03,0.01,weighted_cvl:mtme_UniTE-ref-refA,cvl,0.894
zhen,03,0.01,weighted_cvq:mtme_UniTE-ref-refA,cvq,0.9005
zhen,03,0.01,weighted_cvu:mtme_UniTE-ref-refA,cvu,0.9
zhen,03,0.01,dedup_cvl:mtme_UniTE-refA,cvl,0.8885
zhen,03,0.01,dedup_cvq:mtme_UniTE-refA,cvq,0.8965
zhen,03,0.01,dedup_cvu:mtme_UniTE-refA,cvu,0.894
zhen,03,0.01,weighted_cvl:mtme_UniTE-refA,cvl,0.898
zhen,03,0.01,weighted_cvq:mtme_UniTE-refA,cvq,0.9035
zhen,03,0.01,weighted_cvu:mtme_UniTE-refA,cvu,0.9005
zhen,03,0.01,dedup_cvl:mtme_UniTE-src-src,cvl,0.9015
zhen,03,0.01,dedup_cvq:mtme_UniTE-src-src,cvq,0.899
zhen,03,0.01,dedup_cvu:mtme_UniTE-src-src,cvu,0.902
zhen,03,0.01,weighted_cvl:mtme_UniTE-src-src,cvl,0.9025
zhen,03,0.01,weighted_cvq:mtme_UniTE-src-src,cvq,0.9025
zhen,03,0.01,weighted_cvu:mtme_UniTE-src-src,cvu,0.904
zhen,03,0.01,dedup_cvl:mtme_YiSi-1-refA,cvl,0.9015
zhen,03,0.01,dedup_cvq:mtme_YiSi-1-refA,cvq,0.895
zhen,03,0.01,dedup_cvu:mtme_YiSi-1-refA,cvu,0.9005
zhen,03,0.01,weighted_cvl:mtme_YiSi-1-refA,cvl,0.902
zhen,03,0.01,weighted_cvq:mtme_YiSi-1-refA,cvq,0.9035
zhen,03,0.01,weighted_cvu:mtme_YiSi-1-refA,cvu,0.904
zhen,03,0.01,dedup_cvl:mtme_chrF-refA,cvl,0.9
zhen,03,0.01,dedup_cvq:mtme_chrF-refA,cvq,0.899
zhen,03,0.01,dedup_cvu:mtme_chrF-refA,cvu,0.903
zhen,03,0.01,weighted_cvl:mtme_chrF-refA,cvl,0.9015
zhen,03,0.01,weighted_cvq:mtme_chrF-refA,cvq,0.901
zhen,03,0.01,weighted_cvu:mtme_chrF-refA,cvu,0.904
zhen,03,0.01,dedup_cvl:mtme_f101spBLEU-refA,cvl,0.9065
zhen,03,0.01,dedup_cvq:mtme_f101spBLEU-refA,cvq,0.9035
zhen,03,0.01,dedup_cvu:mtme_f101spBLEU-refA,cvu,0.9065
zhen,03,0.01,weighted_cvl:mtme_f101spBLEU-refA,cvl,0.9045
zhen,03,0.01,weighted_cvq:mtme_f101spBLEU-refA,cvq,0.903
zhen,03,0.01,weighted_cvu:mtme_f101spBLEU-refA,cvu,0.9045
zhen,03,0.01,dedup_cvl:mtme_f200spBLEU-refA,cvl,0.906
zhen,03,0.01,dedup_cvq:mtme_f200spBLEU-refA,cvq,0.904
zhen,03,0.01,dedup_cvu:mtme_f200spBLEU-refA,cvu,0.905
zhen,03,0.01,weighted_cvl:mtme_f200spBLEU-refA,cvl,0.904
zhen,03,0.01,weighted_cvq:mtme_f200spBLEU-refA,cvq,0.904
zhen,03,0.01,weighted_cvu:mtme_f200spBLEU-refA,cvu,0.9075
zhen,03,0.01,dedup_cvl:mtme_metricx_xl_DA_2019-refA,cvl,0.8985
zhen,03,0.01,dedup_cvq:mtme_metricx_xl_DA_2019-refA,cvq,0.898
zhen,03,0.01,dedup_cvu:mtme_metricx_xl_DA_2019-refA,cvu,0.8985
zhen,03,0.01,weighted_cvl:mtme_metricx_xl_DA_2019-refA,cvl,0.897
zhen,03,0.01,weighted_cvq:mtme_metricx_xl_DA_2019-refA,cvq,0.8995
zhen,03,0.01,weighted_cvu:mtme_metricx_xl_DA_2019-refA,cvu,0.9005
zhen,03,0.01,dedup_cvl:mtme_metricx_xl_MQM_2020-refA,cvl,0.8995
zhen,03,0.01,dedup_cvq:mtme_metricx_xl_MQM_2020-refA,cvq,0.8945
zhen,03,0.01,dedup_cvu:mtme_metricx_xl_MQM_2020-refA,cvu,0.897
zhen,03,0.01,weighted_cvl:mtme_metricx_xl_MQM_2020-refA,cvl,0.8995
zhen,03,0.01,weighted_cvq:mtme_metricx_xl_MQM_2020-refA,cvq,0.8965
zhen,03,0.01,weighted_cvu:mtme_metricx_xl_MQM_2020-refA,cvu,0.896
zhen,03,0.01,dedup_cvl:mtme_metricx_xxl_DA_2019-refA,cvl,0.8955
zhen,03,0.01,dedup_cvq:mtme_metricx_xxl_DA_2019-refA,cvq,0.8965
zhen,03,0.01,dedup_cvu:mtme_metricx_xxl_DA_2019-refA,cvu,0.901
zhen,03,0.01,weighted_cvl:mtme_metricx_xxl_DA_2019-refA,cvl,0.8985
zhen,03,0.01,weighted_cvq:mtme_metricx_xxl_DA_2019-refA,cvq,0.9015
zhen,03,0.01,weighted_cvu:mtme_metricx_xxl_DA_2019-refA,cvu,0.9015
zhen,03,0.01,dedup_cvl:mtme_metricx_xxl_MQM_2020-refA,cvl,0.895
zhen,03,0.01,dedup_cvq:mtme_metricx_xxl_MQM_2020-refA,cvq,0.8945
zhen,03,0.01,dedup_cvu:mtme_metricx_xxl_MQM_2020-refA,cvu,0.8975
zhen,03,0.01,weighted_cvl:mtme_metricx_xxl_MQM_2020-refA,cvl,0.8965
zhen,03,0.01,weighted_cvq:mtme_metricx_xxl_MQM_2020-refA,cvq,0.894
zhen,03,0.01,weighted_cvu:mtme_metricx_xxl_MQM_2020-refA,cvu,0.8975
zhen,03,0.01,weighted_cvo:mtme_BERTScore-refA,cvo,0.9025
zhen,03,0.01,weighted_cvo:mtme_BLEU-refA,cvo,0.907
zhen,03,0.01,weighted_cvo:mtme_BLEURT-20-refA,cvo,0.905
zhen,03,0.01,weighted_cvo:mtme_COMET-20-refA,cvo,0.9025
zhen,03,0.01,weighted_cvo:mtme_COMET-22-refA,cvo,0.9015
zhen,03,0.01,weighted_cvo:mtme_COMET-QE-src,cvo,0.904
zhen,03,0.01,weighted_cvo:mtme_COMETKiwi-src,cvo,0.9045
zhen,03,0.01,weighted_cvo:mtme_Cross-QE-src,cvo,0.907
zhen,03,0.01,weighted_cvo:mtme_HWTSC-TLM-src,cvo,0.9055
zhen,03,0.01,weighted_cvo:mtme_HWTSC-Teacher-Sim-src,cvo,0.906
zhen,03,0.01,weighted_cvo:mtme_KG-BERTScore-src,cvo,0.904
zhen,03,0.01,weighted_cvo:mtme_MATESE-QE-src,cvo,0.903
zhen,03,0.01,weighted_cvo:mtme_MATESE-refA,cvo,0.906
zhen,03,0.01,weighted_cvo:mtme_MEE-refA,cvo,0.9045
zhen,03,0.01,weighted_cvo:mtme_MEE2-refA,cvo,0.903
zhen,03,0.01,weighted_cvo:mtme_MEE4-refA,cvo,0.902
zhen,03,0.01,weighted_cvo:mtme_MS-COMET-22-refA,cvo,0.9045
zhen,03,0.01,weighted_cvo:mtme_MS-COMET-QE-22-src,cvo,0.902
zhen,03,0.01,weighted_cvo:mtme_REUSE-src,cvo,0.906
zhen,03,0.01,weighted_cvo:mtme_SEScore-refA,cvo,0.905
zhen,03,0.01,weighted_cvo:mtme_UniTE-ref-refA,cvo,0.9015
zhen,03,0.01,weighted_cvo:mtme_UniTE-refA,cvo,0.9045
zhen,03,0.01,weighted_cvo:mtme_UniTE-src-src,cvo,0.9055
zhen,03,0.01,weighted_cvo:mtme_YiSi-1-refA,cvo,0.906
zhen,03,0.01,weighted_cvo:mtme_chrF-refA,cvo,0.9035
zhen,03,0.01,weighted_cvo:mtme_f101spBLEU-refA,cvo,0.9065
zhen,03,0.01,weighted_cvo:mtme_f200spBLEU-refA,cvo,0.906
zhen,03,0.01,weighted_cvo:mtme_metricx_xl_DA_2019-refA,cvo,0.9
zhen,03,0.01,weighted_cvo:mtme_metricx_xl_MQM_2020-refA,cvo,0.8985
zhen,03,0.01,weighted_cvo:mtme_metricx_xxl_DA_2019-refA,cvo,0.903
zhen,03,0.01,weighted_cvo:mtme_metricx_xxl_MQM_2020-refA,cvo,0.9
zhen,03,0.02,uniform,human,0.887
zhen,03,0.02,dedup,human,0.895
zhen,03,0.02,weighted,human,0.8925
zhen,03,0.02,dedup_cvl:mtme_BERTScore-refA,cvl,0.897
zhen,03,0.02,dedup_cvq:mtme_BERTScore-refA,cvq,0.894
zhen,03,0.02,dedup_cvu:mtme_BERTScore-refA,cvu,0.8965
zhen,03,0.02,weighted_cvl:mtme_BERTScore-refA,cvl,0.8935
zhen,03,0.02,weighted_cvq:mtme_BERTScore-refA,cvq,0.8875
zhen,03,0.02,weighted_cvu:mtme_BERTScore-refA,cvu,0.889
zhen,03,0.02,dedup_cvl:mtme_BLEU-refA,cvl,0.893
zhen,03,0.02,dedup_cvq:mtme_BLEU-refA,cvq,0.893
zhen,03,0.02,dedup_cvu:mtme_BLEU-refA,cvu,0.8935
zhen,03,0.02,weighted_cvl:mtme_BLEU-refA,cvl,0.8955
zhen,03,0.02,weighted_cvq:mtme_BLEU-refA,cvq,0.8915
zhen,03,0.02,weighted_cvu:mtme_BLEU-refA,cvu,0.892
zhen,03,0.02,dedup_cvl:mtme_BLEURT-20-refA,cvl,0.895
zhen,03,0.02,dedup_cvq:mtme_BLEURT-20-refA,cvq,0.896
zhen,03,0.02,dedup_cvu:mtme_BLEURT-20-refA,cvu,0.8945
zhen,03,0.02,weighted_cvl:mtme_BLEURT-20-refA,cvl,0.8895
zhen,03,0.02,weighted_cvq:mtme_BLEURT-20-refA,cvq,0.886
zhen,03,0.02,weighted_cvu:mtme_BLEURT-20-refA,cvu,0.8885
zhen,03,0.02,dedup_cvl:mtme_COMET-20-refA,cvl,0.9
zhen,03,0.02,dedup_cvq:mtme_COMET-20-refA,cvq,0.899
zhen,03,0.02,dedup_cvu:mtme_COMET-20-refA,cvu,0.8985
zhen,03,0.02,weighted_cvl:mtme_COMET-20-refA,cvl,0.8975
zhen,03,0.02,weighted_cvq:mtme_COMET-20-refA,cvq,0.891
zhen,03,0.02,weighted_cvu:mtme_COMET-20-refA,cvu,0.8935
zhen,03,0.02,dedup_cvl:mtme_COMET-22-refA,cvl,0.8875
zhen,03,0.02,dedup_cvq:mtme_COMET-22-refA,cvq,0.8825
zhen,03,0.02,dedup_cvu:mtme_COMET-22-refA,cvu,0.885
zhen,03,0.02,weighted_cvl:mtme_COMET-22-refA,cvl,0.8835
zhen,03,0.02,weighted_cvq:mtme_COMET-22-refA,cvq,0.8775
zhen,03,0.02,weighted_cvu:mtme_COMET-22-refA,cvu,0.883
zhen,03,0.02,dedup_cvl:mtme_COMET-QE-src,cvl,0.8975
zhen,03,0.02,dedup_cvq:mtme_COMET-QE-src,cvq,0.896
zhen,03,0.02,dedup_cvu:mtme_COMET-QE-src,cvu,0.898
zhen,03,0.02,weighted_cvl:mtme_COMET-QE-src,cvl,0.8895
zhen,03,0.02,weighted_cvq:mtme_COMET-QE-src,cvq,0.8895
zhen,03,0.02,weighted_cvu:mtme_COMET-QE-src,cvu,0.8915
zhen,03,0.02,dedup_cvl:mtme_COMETKiwi-src,cvl,0.8935
zhen,03,0.02,dedup_cvq:mtme_COMETKiwi-src,cvq,0.8935
zhen,03,0.02,dedup_cvu:mtme_COMETKiwi-src,cvu,0.893
zhen,03,0.02,weighted_cvl:mtme_COMETKiwi-src,cvl,0.886
zhen,03,0.02,weighted_cvq:mtme_COMETKiwi-src,cvq,0.886
zhen,03,0.02,weighted_cvu:mtme_COMETKiwi-src,cvu,0.8905
zhen,03,0.02,dedup_cvl:mtme_Cross-QE-src,cvl,0.895
zhen,03,0.02,dedup_cvq:mtme_Cross-QE-src,cvq,0.8925
zhen,03,0.02,dedup_cvu:mtme_Cross-QE-src,cvu,0.8975
zhen,03,0.02,weighted_cvl:mtme_Cross-QE-src,cvl,0.8885
zhen,03,0.02,weighted_cvq:mtme_Cross-QE-src,cvq,0.888
zhen,03,0.02,weighted_cvu:mtme_Cross-QE-src,cvu,0.8905
zhen,03,0.02,dedup_cvl:mtme_HWTSC-TLM-src,cvl,0.8955
zhen,03,0.02,dedup_cvq:mtme_HWTSC-TLM-src,cvq,0.8955
zhen,03,0.02,dedup_cvu:mtme_HWTSC-TLM-src,cvu,0.8975
zhen,03,0.02,weighted_cvl:mtme_HWTSC-TLM-src,cvl,0.8915
zhen,03,0.02,weighted_cvq:mtme_HWTSC-TLM-src,cvq,0.8895
zhen,03,0.02,weighted_cvu:mtme_HWTSC-TLM-src,cvu,0.8885
zhen,03,0.02,dedup_cvl:mtme_HWTSC-Teacher-Sim-src,cvl,0.8945
zhen,03,0.02,dedup_cvq:mtme_HWTSC-Teacher-Sim-src,cvq,0.8945
zhen,03,0.02,dedup_cvu:mtme_HWTSC-Teacher-Sim-src,cvu,0.8965
zhen,03,0.02,weighted_cvl:mtme_HWTSC-Teacher-Sim-src,cvl,0.8935
zhen,03,0.02,weighted_cvq:mtme_HWTSC-Teacher-Sim-src,cvq,0.8925
zhen,03,0.02,weighted_cvu:mtme_HWTSC-Teacher-Sim-src,cvu,0.895
zhen,03,0.02,dedup_cvl:mtme_KG-BERTScore-src,cvl,0.896
zhen,03,0.02,dedup_cvq:mtme_KG-BERTScore-src,cvq,0.8945
zhen,03,0.02,dedup_cvu:mtme_KG-BERTScore-src,cvu,0.8975
zhen,03,0.02,weighted_cvl:mtme_KG-BERTScore-src,cvl,0.8935
zhen,03,0.02,weighted_cvq:mtme_KG-BERTScore-src,cvq,0.893
zhen,03,0.02,weighted_cvu:mtme_KG-BERTScore-src,cvu,0.8965
zhen,03,0.02,dedup_cvl:mtme_MATESE-QE-src,cvl,0.893
zhen,03,0.02,dedup_cvq:mtme_MATESE-QE-src,cvq,0.891
zhen,03,0.02,dedup_cvu:mtme_MATESE-QE-src,cvu,0.8925
zhen,03,0.02,weighted_cvl:mtme_MATESE-QE-src,cvl,0.8915
zhen,03,0.02,weighted_cvq:mtme_MATESE-QE-src,cvq,0.8885
zhen,03,0.02,weighted_cvu:mtme_MATESE-QE-src,cvu,0.892
zhen,03,0.02,dedup_cvl:mtme_MATESE-refA,cvl,0.889
zhen,03,0.02,dedup_cvq:mtme_MATESE-refA,cvq,0.8855
zhen,03,0.02,dedup_cvu:mtme_MATESE-refA,cvu,0.8865
zhen,03,0.02,weighted_cvl:mtme_MATESE-refA,cvl,0.885
zhen,03,0.02,weighted_cvq:mtme_MATESE-refA,cvq,0.883
zhen,03,0.02,weighted_cvu:mtme_MATESE-refA,cvu,0.885
zhen,03,0.02,dedup_cvl:mtme_MEE-refA,cvl,0.896
zhen,03,0.02,dedup_cvq:mtme_MEE-refA,cvq,0.8935
zhen,03,0.02,dedup_cvu:mtme_MEE-refA,cvu,0.895
zhen,03,0.02,weighted_cvl:mtme_MEE-refA,cvl,0.8925
zhen,03,0.02,weighted_cvq:mtme_MEE-refA,cvq,0.893
zhen,03,0.02,weighted_cvu:mtme_MEE-refA,cvu,0.893
zhen,03,0.02,dedup_cvl:mtme_MEE2-refA,cvl,0.894
zhen,03,0.02,dedup_cvq:mtme_MEE2-refA,cvq,0.8945
zhen,03,0.02,dedup_cvu:mtme_MEE2-refA,cvu,0.895
zhen,03,0.02,weighted_cvl:mtme_MEE2-refA,cvl,0.891
zhen,03,0.02,weighted_cvq:mtme_MEE2-refA,cvq,0.8915
zhen,03,0.02,weighted_cvu:mtme_MEE2-refA,cvu,0.8925
zhen,03,0.02,dedup_cvl:mtme_MEE4-refA,cvl,0.894
zhen,03,0.02,dedup_cvq:mtme_MEE4-refA,cvq,0.896
zhen,03,0.02,dedup_cvu:mtme_MEE4-refA,cvu,0.8965
zhen,03,0.02,weighted_cvl:mtme_MEE4-refA,cvl,0.889
zhen,03,0.02,weighted_cvq:mtme_MEE4-refA,cvq,0.89
zhen,03,0.02,weighted_cvu:mtme_MEE4-refA,cvu,0.892
zhen,03,0.02,dedup_cvl:mtme_MS-COMET-22-refA,cvl,0.8995
zhen,03,0.02,dedup_cvq:mtme_MS-COMET-22-refA,cvq,0.898
zhen,03,0.02,dedup_cvu:mtme_MS-COMET-22-refA,cvu,0.8995
zhen,03,0.02,weighted_cvl:mtme_MS-COMET-22-refA,cvl,0.8965
zhen,03,0.02,weighted_cvq:mtme_MS-COMET-22-refA,cvq,0.8935
zhen,03,0.02,weighted_cvu:mtme_MS-COMET-22-refA,cvu,0.896
zhen,03,0.02,dedup_cvl:mtme_MS-COMET-QE-22-src,cvl,0.8965
zhen,03,0.02,dedup_cvq:mtme_MS-COMET-QE-22-src,cvq,0.892
zhen,03,0.02,dedup_cvu:mtme_MS-COMET-QE-22-src,cvu,0.8925
zhen,03,0.02,weighted_cvl:mtme_MS-COMET-QE-22-src,cvl,0.8935
zhen,03,0.02,weighted_cvq:mtme_MS-COMET-QE-22-src,cvq,0.8895
zhen,03,0.02,weighted_cvu:mtme_MS-COMET-QE-22-src,cvu,0.8925
zhen,03,0.02,dedup_cvl:mtme_REUSE-src,cvl,0.897
zhen,03,0.02,dedup_cvq:mtme_REUSE-src,cvq,0.894
zhen,03,0.02,dedup_cvu:mtme_REUSE-src,cvu,0.898
zhen,03,0.02,weighted_cvl:mtme_REUSE-src,cvl,0.889
zhen,03,0.02,weighted_cvq:mtme_REUSE-src,cvq,0.8905
zhen,03,0.02,weighted_cvu:mtme_REUSE-src,cvu,0.891
zhen,03,0.02,dedup_cvl:mtme_SEScore-refA,cvl,0.9
zhen,03,0.02,dedup_cvq:mtme_SEScore-refA,cvq,0.897
zhen,03,0.02,dedup_cvu:mtme_SEScore-refA,cvu,0.9005
zhen,03,0.02,weighted_cvl:mtme_SEScore-refA,cvl,0.8925
zhen,03,0.02,weighted_cvq:mtme_SEScore-refA,cvq,0.89
zhen,03,0.02,weighted_cvu:mtme_SEScore-refA,cvu,0.892
zhen,03,0.02,dedup_cvl:mtme_UniTE-ref-refA,cvl,0.8895
zhen,03,0.02,dedup_cvq:mtme_UniTE-ref-refA,cvq,0.8875
zhen,03,0.02,dedup_cvu:mtme_UniTE-ref-refA,cvu,0.8865
zhen,03,0.02,weighted_cvl:mtme_UniTE-ref-refA,cvl,0.8875
zhen,03,0.02,weighted_cvq:mtme_UniTE-ref-refA,cvq,0.884
zhen,03,0.02,weighted_cvu:mtme_UniTE-ref-refA,cvu,0.8875
zhen,03,0.02,dedup_cvl:mtme_UniTE-refA,cvl,0.8885
zhen,03,0.02,dedup_cvq:mtme_UniTE-refA,cvq,0.888
zhen,03,0.02,dedup_cvu:mtme_UniTE-refA,cvu,0.8885
zhen,03,0.02,weighted_cvl:mtme_UniTE-refA,cvl,0.8835
zhen,03,0.02,weighted_cvq:mtme_UniTE-refA,cvq,0.8815
zhen,03,0.02,weighted_cvu:mtme_UniTE-refA,cvu,0.883
zhen,03,0.02,dedup_cvl:mtme_UniTE-src-src,cvl,0.891
zhen,03,0.02,dedup_cvq:mtme_UniTE-src-src,cvq,0.8875
zhen,03,0.02,dedup_cvu:mtme_UniTE-src-src,cvu,0.891
zhen,03,0.02,weighted_cvl:mtme_UniTE-src-src,cvl,0.886
zhen,03,0.02,weighted_cvq:mtme_UniTE-src-src,cvq,0.887
zhen,03,0.02,weighted_cvu:mtme_UniTE-src-src,cvu,0.887
zhen,03,0.02,dedup_cvl:mtme_YiSi-1-refA,cvl,0.899
zhen,03,0.02,dedup_cvq:mtme_YiSi-1-refA,cvq,0.8975
zhen,03,0.02,dedup_cvu:mtme_YiSi-1-refA,cvu,0.899
zhen,03,0.02,weighted_cvl:mtme_YiSi-1-refA,cvl,0.893
zhen,03,0.02,weighted_cvq:mtme_YiSi-1-refA,cvq,0.889
zhen,03,0.02,weighted_cvu:mtme_YiSi-1-refA,cvu,0.891
zhen,03,0.02,dedup_cvl:mtme_chrF-refA,cvl,0.893
zhen,03,0.02,dedup_cvq:mtme_chrF-refA,cvq,0.892
zhen,03,0.02,dedup_cvu:mtme_chrF-refA,cvu,0.896
zhen,03,0.02,weighted_cvl:mtme_chrF-refA,cvl,0.893
zhen,03,0.02,weighted_cvq:mtme_chrF-refA,cvq,0.8915
zhen,03,0.02,weighted_cvu:mtme_chrF-refA,cvu,0.894
zhen,03,0.02,dedup_cvl:mtme_f101spBLEU-refA,cvl,0.894
zhen,03,0.02,dedup_cvq:mtme_f101spBLEU-refA,cvq,0.8925
zhen,03,0.02,dedup_cvu:mtme_f101spBLEU-refA,cvu,0.8935
zhen,03,0.02,weighted_cvl:mtme_f101spBLEU-refA,cvl,0.895
zhen,03,0.02,weighted_cvq:mtme_f101spBLEU-refA,cvq,0.8905
zhen,03,0.02,weighted_cvu:mtme_f101spBLEU-refA,cvu,0.8935
zhen,03,0.02,dedup_cvl:mtme_f200spBLEU-refA,cvl,0.895
zhen,03,0.02,dedup_cvq:mtme_f200spBLEU-refA,cvq,0.8915
zhen,03,0.02,dedup_cvu:mtme_f200spBLEU-refA,cvu,0.894
zhen,03,0.02,weighted_cvl:mtme_f200spBLEU-refA,cvl,0.8945
zhen,03,0.02,weighted_cvq:mtme_f200spBLEU-refA,cvq,0.8895
zhen,03,0.02,weighted_cvu:mtme_f200spBLEU-refA,cvu,0.894
zhen,03,0.02,dedup_cvl:mtme_metricx_xl_DA_2019-refA,cvl,0.8965
zhen,03,0.02,dedup_cvq:mtme_metricx_xl_DA_2019-refA,cvq,0.8895
zhen,03,0.02,dedup_cvu:mtme_metricx_xl_DA_2019-refA,cvu,0.8885
zhen,03,0.02,weighted_cvl:mtme_metricx_xl_DA_2019-refA,cvl,0.8875
zhen,03,0.02,weighted_cvq:mtme_metricx_xl_DA_2019-refA,cvq,0.89
zhen,03,0.02,weighted_cvu:mtme_metricx_xl_DA_2019-refA,cvu,0.886
zhen,03,0.02,dedup_cvl:mtme_metricx_xl_MQM_2020-refA,cvl,0.888
zhen,03,0.02,dedup_cvq:mtme_metricx_xl_MQM_2020-refA,cvq,0.886
zhen,03,0.02,dedup_cvu:mtme_metricx_xl_MQM_2020-refA,cvu,0.8875
zhen,03,0.02,weighted_cvl:mtme_metricx_xl_MQM_2020-refA,cvl,0.8875
zhen,03,0.02,weighted_cvq:mtme_metricx_xl_MQM_2020-refA,cvq,0.883
zhen,03,0.02,weighted_cvu:mtme_metricx_xl_MQM_2020-refA,cvu,0.889
zhen,03,0.02,dedup_cvl:mtme_metricx_xxl_DA_2019-refA,cvl,0.893
zhen,03,0.02,dedup_cvq:mtme_metricx_xxl_DA_2019-refA,cvq,0.891
zhen,03,0.02,dedup_cvu:mtme_metricx_xxl_DA_2019-refA,cvu,0.892
zhen,03,0.02,weighted_cvl:mtme_metricx_xxl_DA_2019-refA,cvl,0.887
zhen,03,0.02,weighted_cvq:mtme_metricx_xxl_DA_2019-refA,cvq,0.8865
zhen,03,0.02,weighted_cvu:mtme_metricx_xxl_DA_2019-refA,cvu,0.885
zhen,03,0.02,dedup_cvl:mtme_metricx_xxl_MQM_2020-refA,cvl,0.885
zhen,03,0.02,dedup_cvq:mtme_metricx_xxl_MQM_2020-refA,cvq,0.883
zhen,03,0.02,dedup_cvu:mtme_metricx_xxl_MQM_2020-refA,cvu,0.8825
zhen,03,0.02,weighted_cvl:mtme_metricx_xxl_MQM_2020-refA,cvl,0.884
zhen,03,0.02,weighted_cvq:mtme_metricx_xxl_MQM_2020-refA,cvq,0.8815
zhen,03,0.02,weighted_cvu:mtme_metricx_xxl_MQM_2020-refA,cvu,0.8865
zhen,03,0.02,weighted_cvo:mtme_BERTScore-refA,cvo,0.895
zhen,03,0.02,weighted_cvo:mtme_BLEU-refA,cvo,0.8925
zhen,03,0.02,weighted_cvo:mtme_BLEURT-20-refA,cvo,0.8865
zhen,03,0.02,weighted_cvo:mtme_COMET-20-refA,cvo,0.8935
zhen,03,0.02,weighted_cvo:mtme_COMET-22-refA,cvo,0.884
zhen,03,0.02,weighted_cvo:mtme_COMET-QE-src,cvo,0.8895
zhen,03,0.02,weighted_cvo:mtme_COMETKiwi-src,cvo,0.894
zhen,03,0.02,weighted_cvo:mtme_Cross-QE-src,cvo,0.8905
zhen,03,0.02,weighted_cvo:mtme_HWTSC-TLM-src,cvo,0.892
zhen,03,0.02,weighted_cvo:mtme_HWTSC-Teacher-Sim-src,cvo,0.8935
zhen,03,0.02,weighted_cvo:mtme_KG-BERTScore-src,cvo,0.892
zhen,03,0.02,weighted_cvo:mtme_MATESE-QE-src,cvo,0.8905
zhen,03,0.02,weighted_cvo:mtme_MATESE-refA,cvo,0.885
zhen,03,0.02,weighted_cvo:mtme_MEE-refA,cvo,0.8915
zhen,03,0.02,weighted_cvo:mtme_MEE2-refA,cvo,0.892
zhen,03,0.02,weighted_cvo:mtme_MEE4-refA,cvo,0.893
zhen,03,0.02,weighted_cvo:mtme_MS-COMET-22-refA,cvo,0.8965
zhen,03,0.02,weighted_cvo:mtme_MS-COMET-QE-22-src,cvo,0.8925
zhen,03,0.02,weighted_cvo:mtme_REUSE-src,cvo,0.8925
zhen,03,0.02,weighted_cvo:mtme_SEScore-refA,cvo,0.891
zhen,03,0.02,weighted_cvo:mtme_UniTE-ref-refA,cvo,0.8905
zhen,03,0.02,weighted_cvo:mtme_UniTE-refA,cvo,0.888
zhen,03,0.02,weighted_cvo:mtme_UniTE-src-src,cvo,0.889
zhen,03,0.02,weighted_cvo:mtme_YiSi-1-refA,cvo,0.8915
zhen,03,0.02,weighted_cvo:mtme_chrF-refA,cvo,0.8905
zhen,03,0.02,weighted_cvo:mtme_f101spBLEU-refA,cvo,0.8905
zhen,03,0.02,weighted_cvo:mtme_f200spBLEU-refA,cvo,0.892
zhen,03,0.02,weighted_cvo:mtme_metricx_xl_DA_2019-refA,cvo,0.893
zhen,03,0.02,weighted_cvo:mtme_metricx_xl_MQM_2020-refA,cvo,0.8895
zhen,03,0.02,weighted_cvo:mtme_metricx_xxl_DA_2019-refA,cvo,0.885
zhen,03,0.02,weighted_cvo:mtme_metricx_xxl_MQM_2020-refA,cvo,0.887
zhen,04,0.01,uniform,human,0.906
zhen,04,0.01,dedup,human,0.8995
zhen,04,0.01,weighted,human,0.901
zhen,04,0.01,dedup_cvl:mtme_BERTScore-refA,cvl,0.8995
zhen,04,0.01,dedup_cvq:mtme_BERTScore-refA,cvq,0.899
zhen,04,0.01,dedup_cvu:mtme_BERTScore-refA,cvu,0.9005
zhen,04,0.01,weighted_cvl:mtme_BERTScore-refA,cvl,0.9015
zhen,04,0.01,weighted_cvq:mtme_BERTScore-refA,cvq,0.898
zhen,04,0.01,weighted_cvu:mtme_BERTScore-refA,cvu,0.902
zhen,04,0.01,dedup_cvl:mtme_BLEU-refA,cvl,0.898
zhen,04,0.01,dedup_cvq:mtme_BLEU-refA,cvq,0.902
zhen,04,0.01,dedup_cvu:mtme_BLEU-refA,cvu,0.903
zhen,04,0.01,weighted_cvl:mtme_BLEU-refA,cvl,0.897
zhen,04,0.01,weighted_cvq:mtme_BLEU-refA,cvq,0.899
zhen,04,0.01,weighted_cvu:mtme_BLEU-refA,cvu,0.901
zhen,04,0.01,dedup_cvl:mtme_BLEURT-20-refA,cvl,0.897
zhen,04,0.01,dedup_cvq:mtme_BLEURT-20-refA,cvq,0.8985
zhen,04,0.01,dedup_cvu:mtme_BLEURT-20-refA,cvu,0.897
zhen,04,0.01,weighted_cvl:mtme_BLEURT-20-refA,cvl,0.901
zhen,04,0.01,weighted_cvq:mtme_BLEURT-20-refA,cvq,0.9025
zhen,04,0.01,weighted_cvu:mtme_BLEURT-20-refA,cvu,0.9035
zhen,04,0.01,dedup_cvl:mtme_COMET-20-refA,cvl,0.8955
zhen,04,0.01,dedup_cvq:mtme_COMET-20-refA,cvq,0.897
zhen,04,0.01,dedup_cvu:mtme_COMET-20-refA,cvu,0.895
zhen,04,0.01,weighted_cvl:mtme_COMET-20-refA,cvl,0.902
zhen,04,0.01,weighted_cvq:mtme_COMET-20-refA,cvq,0.9005
zhen,04,0.01,weighted_cvu:mtme_COMET-20-refA,cvu,0.9015
zhen,04,0.01,dedup_cvl:mtme_COMET-22-refA,cvl,0.8995
zhen,04,0.01,dedup_cvq:mtme_COMET-22-refA,cvq,0.898
zhen,04,0.01,dedup_cvu:mtme_COMET-22-refA,cvu,0.898
zhen,04,0.01,weighted_cvl:mtme_COMET-22-refA,cvl,0.898
zhen,04,0.01,weighted_cvq:mtme_COMET-22-refA,cvq,0.8985
zhen,04,0.01,weighted_cvu:mtme_COMET-22-refA,cvu,0.902
zhen,04,0.01,dedup_cvl:mtme_COMET-QE-src,cvl,0.8975
zhen,04,0.01,dedup_cvq:mtme_COMET-QE-src,cvq,0.8995
zhen,04,0.01,dedup_cvu:mtme_COMET-QE-src,cvu,0.898
zhen,04,0.01,weighted_cvl:mtme_COMET-QE-src,cvl,0.903
zhen,04,0.01,weighted_cvq:mtme_COMET-QE-src,cvq,0.9015
zhen,04,0.01,weighted_cvu:mtme_COMET-QE-src,cvu,0.901
zhen,04,0.01,dedup_cvl:mtme_COMETKiwi-src,cvl,0.902
zhen,04,0.01,dedup_cvq:mtme_COMETKiwi-src,cvq,0.903
zhen,04,0.01,dedup_cvu:mtme_COMETKiwi-src,cvu,0.903
zhen,04,0.01,weighted_cvl:mtme_COMETKiwi-src,cvl,0.9015
zhen,04,0.01,weighted_cvq:mtme_COMETKiwi-src,cvq,0.904
zhen,04,0.01,weighted_cvu:mtme_COMETKiwi-src,cvu,0.903
zhen,04,0.01,dedup_cvl:mtme_Cross-QE-src,cvl,0.897
zhen,04,0.01,dedup_cvq:mtme_Cross-QE-src,cvq,0.9025
zhen,04,0.01,dedup_cvu:mtme_Cross-QE-src,cvu,0.8985
zhen,04,0.01,weighted_cvl:mtme_Cross-QE-src,cvl,0.8975
zhen,04,0.01,weighted_cvq:mtme_Cross-QE-src,cvq,0.9005
zhen,04,0.01,weighted_cvu:mtme_Cross-QE-src,cvu,0.9
zhen,04,0.01,dedup_cvl:mtme_HWTSC-TLM-src,cvl,0.9005
zhen,04,0.01,dedup_cvq:mtme_HWTSC-TLM-src,cvq,0.8995
zhen,04,0.01,dedup_cvu:mtme_HWTSC-TLM-src,cvu,0.903
zhen,04,0.01,weighted_cvl:mtme_HWTSC-TLM-src,cvl,0.9015
zhen,04,0.01,weighted_cvq:mtme_HWTSC-TLM-src,cvq,0.9
zhen,04,0.01,weighted_cvu:mtme_HWTSC-TLM-src,cvu,0.9005
zhen,04,0.01,dedup_cvl:mtme_HWTSC-Teacher-Sim-src,cvl,0.896
zhen,04,0.01,dedup_cvq:mtme_HWTSC-Teacher-Sim-src,cvq,0.8955
zhen,04,0.01,dedup_cvu:mtme_HWTSC-Teacher-Sim-src,cvu,0.8985
zhen,04,0.01,weighted_cvl:mtme_HWTSC-Teacher-Sim-src,cvl,0.904
zhen,04,0.01,weighted_cvq:mtme_HWTSC-Teacher-Sim-src,cvq,0.901
zhen,04,0.01,weighted_cvu:mtme_HWTSC-Teacher-Sim-src,cvu,0.901
zhen,04,0.01,dedup_cvl:mtme_KG-BERTScore-src,cvl,0.901
zhen,04,0.01,dedup_cvq:mtme_KG-BERTScore-src,cvq,0.902
zhen,04,0.01,dedup_cvu:mtme_KG-BERTScore-src,cvu,0.901
zhen,04,0.01,weighted_cvl:mtme_KG-BERTScore-src,cvl,0.9015
zhen,04,0.01,weighted_cvq:mtme_KG-BERTScore-src,cvq,0.9015
zhen,04,0.01,weighted_cvu:mtme_KG-BERTScore-src,cvu,0.903
zhen,04,0.01,dedup_cvl:mtme_MATESE-QE-src,cvl,0.8965
zhen,04,0.01,dedup_cvq:mtme_MATESE-QE-src,cvq,0.9025
zhen,04,0.01,dedup_cvu:mtme_MATESE-QE-src,cvu,0.9035
zhen,04,0.01,weighted_cvl:mtme_MATESE-QE-src,cvl,0.902
zhen,04,0.01,weighted_cvq:mtme_MATESE-QE-src,cvq,0.8995
zhen,04,0.01,weighted_cvu:mtme_MATESE-QE-src,cvu,0.905
zhen,04,0.01,dedup_cvl:mtme_MATESE-refA,cvl,0.902
zhen,04,0.01,dedup_cvq:mtme_MATESE-refA,cvq,0.9005
zhen,04,0.01,dedup_cvu:mtme_MATESE-refA,cvu,0.8995
zhen,04,0.01,weighted_cvl:mtme_MATESE-refA,cvl,0.902
zhen,04,0.01,weighted_cvq:mtme_MATESE-refA,cvq,0.901
zhen,04,0.01,weighted_cvu:mtme_MATESE-refA,cvu,0.902
zhen,04,0.01,dedup_cvl:mtme_MEE-refA,cvl,0.8995
zhen,04,0.01,dedup_cvq:mtme_MEE-refA,cvq,0.901
zhen,04,0.01,dedup_cvu:mtme_MEE-refA,cvu,0.903
zhen,04,0.01,weighted_cvl:mtme_MEE-refA,cvl,0.8995
zhen,04,0.01,weighted_cvq:mtme_MEE-refA,cvq,0.9005
zhen,04,0.01,weighted_cvu:mtme_MEE-refA,cvu,0.902
zhen,04,0.01,dedup_cvl:mtme_MEE2-refA,cvl,0.9035
zhen,04,0.01,dedup_cvq:mtme_MEE2-refA,cvq,0.9035
zhen,04,0.01,dedup_cvu:mtme_MEE2-refA,cvu,0.903
zhen,04,0.01,weighted_cvl:mtme_MEE2-refA,cvl,0.904
zhen,04,0.01,weighted_cvq:mtme_MEE2-refA,cvq,0.901
zhen,04,0.01,weighted_cvu:mtme_MEE2-refA,cvu,0.9035
zhen,04,0.01,dedup_cvl:mtme_MEE4-refA,cvl,0.9055
zhen,04,0.01,dedup_cvq:mtme_MEE4-refA,cvq,0.902
zhen,04,0.01,dedup_cvu:mtme_MEE4-refA,cvu,0.904
zhen,04,0.01,weighted_cvl:mtme_MEE4-refA,cvl,0.9045
zhen,04,0.01,weighted_cvq:mtme_MEE4-refA,cvq,0.9035
zhen,04,0.01,weighted_cvu:mtme_MEE4-refA,cvu,0.906
zhen,04,0.01,dedup_cvl:mtme_MS-COMET-22-refA,cvl,0.8975
zhen,04,0.01,dedup_cvq:mtme_MS-COMET-22-refA,cvq,0.905
zhen,04,0.01,dedup_cvu:mtme_MS-COMET-22-refA,cvu,0.9045
zhen,04,0.01,weighted_cvl:mtme_MS-COMET-22-refA,cvl,0.9045
zhen,04,0.01,weighted_cvq:mtme_MS-COMET-22-refA,cvq,0.901
zhen,04,0.01,weighted_cvu:mtme_MS-COMET-22-refA,cvu,0.901
zhen,04,0.01,dedup_cvl:mtme_MS-COMET-QE-22-src,cvl,0.9015
zhen,04,0.01,dedup_cvq:mtme_MS-COMET-QE-22-src,cvq,0.8995
zhen,04,0.01,dedup_cvu:mtme_MS-COMET-QE-22-src,cvu,0.899
zhen,04,0.01,weighted_cvl:mtme_MS-COMET-QE-22-src,cvl,0.9025
zhen,04,0.01,weighted_cvq:mtme_MS-COMET-QE-22-src,cvq,0.9045
zhen,04,0.01,weighted_cvu:mtme_MS-COMET-QE-22-src,cvu,0.904
zhen,04,0.01,dedup_cvl:mtme_REUSE-src,cvl,0.9015
zhen,04,0.01,dedup_cvq:mtme_REUSE-src,cvq,0.903
zhen,04,0.01,dedup_cvu:mtme_REUSE-src,cvu,0.901
zhen,04,0.01,weighted_cvl:mtme_REUSE-src,cvl,0.902
zhen,04,0.01,weighted_cvq:mtme_REUSE-src,cvq,0.902
zhen,04,0.01,weighted_cvu:mtme_REUSE-src,cvu,0.903
zhen,04,0.01,dedup_cvl:mtme_SEScore-refA,cvl,0.903
zhen,04,0.01,dedup_cvq:mtme_SEScore-refA,cvq,0.9
zhen,04,0.01,dedup_cvu:mtme_SEScore-refA,cvu,0.9005
zhen,04,0.01,weighted_cvl:mtme_SEScore-refA,cvl,0.9005
zhen,04,0.01,weighted_cvq:mtme_SEScore-refA,cvq,0.8995
zhen,04,0.01,weighted_cvu:mtme_SEScore-refA,cvu,0.902
zhen,04,0.01,dedup_cvl:mtme_UniTE-ref-refA,cvl,0.898
zhen,04,0.01,dedup_cvq:mtme_UniTE-ref-refA,cvq,0.898
zhen,04,0.01,dedup_cvu:mtme_UniTE-ref-refA,cvu,0.8985
zhen,04,0.01,weighted_cvl:mtme_UniTE-ref-refA,cvl,0.9065
zhen,04,0.01,weighted_cvq:mtme_UniTE-ref-refA,cvq,0.9075
zhen,04,0.01,weighted_cvu:mtme_UniTE-ref-refA,cvu,0.907
zhen,04,0.01,dedup_cvl:mtme_UniTE-refA,cvl,0.8975
zhen,04,0.01,dedup_cvq:mtme_UniTE-refA,cvq,0.898
zhen,04,0.01,dedup_cvu:mtme_UniTE-refA,cvu,0.9
zhen,04,0.01,weighted_cvl:mtme_UniTE-refA,cvl,0.9065
zhen,04,0.01,weighted_cvq:mtme_UniTE-refA,cvq,0.9125
zhen,04,0.01,weighted_cvu:mtme_UniTE-refA,cvu,0.909
zhen,04,0.01,dedup_cvl:mtme_UniTE-src-src,cvl,0.8995
zhen,04,0.01,dedup_cvq:mtme_UniTE-src-src,cvq,0.904
zhen,04,0.01,dedup_cvu:mtme_UniTE-src-src,cvu,0.9045
zhen,04,0.01,weighted_cvl:mtme_UniTE-src-src,cvl,0.9035
zhen,04,0.01,weighted_cvq:mtme_UniTE-src-src,cvq,0.911
zhen,04,0.01,weighted_cvu:mtme_UniTE-src-src,cvu,0.909
zhen,04,0.01,dedup_cvl:mtme_YiSi-1-refA,cvl,0.9075
zhen,04,0.01,dedup_cvq:mtme_YiSi-1-refA,cvq,0.9005
zhen,04,0.01,dedup_cvu:mtme_YiSi-1-refA,cvu,0.907
zhen,04,0.01,weighted_cvl:mtme_YiSi-1-refA,cvl,0.9025
zhen,04,0.01,weighted_cvq:mtme_YiSi-1-refA,cvq,0.9015
zhen,04,0.01,weighted_cvu:mtme_YiSi-1-refA,cvu,0.9045
zhen,04,0.01,dedup_cvl:mtme_chrF-refA,cvl,0.8985
zhen,04,0.01,dedup_cvq:mtme_chrF-refA,cvq,0.899
zhen,04,0.01,dedup_cvu:mtme_chrF-refA,cvu,0.9
zhen,04,0.01,weighted_cvl:mtme_chrF-refA,cvl,0.902
zhen,04,0.01,weighted_cvq:mtme_chrF-refA,cvq,0.9015
zhen,04,0.01,weighted_cvu:mtme_chrF-refA,cvu,0.9035
zhen,04,0.01,dedup_cvl:mtme_f101spBLEU-refA,cvl,0.899
zhen,04,0.01,dedup_cvq:mtme_f101spBLEU-refA,cvq,0.9005
zhen,04,0.01,dedup_cvu:mtme_f101spBLEU-refA,cvu,0.903
zhen,04,0.01,weighted_cvl:mtme_f101spBLEU-refA,cvl,0.9005
zhen,04,0.01,weighted_cvq:mtme_f101spBLEU-refA,cvq,0.9025
zhen,04,0.01,weighted_cvu:mtme_f101spBLEU-refA,cvu,0.904
zhen,04,0.01,dedup_cvl:mtme_f200spBLEU-refA,cvl,0.9
zhen,04,0.01,dedup_cvq:mtme_f200spBLEU-refA,cvq,0.9
zhen,04,0.01,dedup_cvu:mtme_f200spBLEU-refA,cvu,0.9035
zhen,04,0.01,weighted_cvl:mtme_f200spBLEU-refA,cvl,0.901
zhen,04,0.01,weighted_cvq:mtme_f200spBLEU-refA,cvq,0.902
zhen,04,0.01,weighted_cvu:mtme_f200spBLEU-refA,cvu,0.904
zhen,04,0.01,dedup_cvl:mtme_metricx_xl_DA_2019-refA,cvl,0.897
zhen,04,0.01,dedup_cvq:mtme_metricx_xl_DA_2019-refA,cvq,0.899
zhen,04,0.01,dedup_cvu:mtme_metricx_xl_DA_2019-refA,cvu,0.9005
zhen,04,0.01,weighted_cvl:mtme_metricx_xl_DA_2019-refA,cvl,0.9
zhen,04,0.01,weighted_cvq:mtme_metricx_xl_DA_2019-refA,cvq,0.901
zhen,04,0.01,weighted_cvu:mtme_metricx_xl_DA_2019-refA,cvu,0.9015
zhen,04,0.01,dedup_cvl:mtme_metricx_xl_MQM_2020-refA,cvl,0.8925
zhen,04,0.01,dedup_cvq:mtme_metricx_xl_MQM_2020-refA,cvq,0.894
zhen,04,0.01,dedup_cvu:mtme_metricx_xl_MQM_2020-refA,cvu,0.901
zhen,04,0.01,weighted_cvl:mtme_metricx_xl_MQM_2020-refA,cvl,0.902
zhen,04,0.01,weighted_cvq:mtme_metricx_xl_MQM_2020-refA,cvq,0.9015
zhen,04,0.01,weighted_cvu:mtme_metricx_xl_MQM_2020-refA,cvu,0.9025
zhen,04,0.01,dedup_cvl:mtme_metricx_xxl_DA_2019-refA,cvl,0.901
zhen,04,0.01,dedup_cvq:mtme_metricx_xxl_DA_2019-refA,cvq,0.9015
zhen,04,0.01,dedup_cvu:mtme_metricx_xxl_DA_2019-refA,cvu,0.9
zhen,04,0.01,weighted_cvl:mtme_metricx_xxl_DA_2019-refA,cvl,0.898
zhen,04,0.01,weighted_cvq:mtme_metricx_xxl_DA_2019-refA,cvq,0.9025
zhen,04,0.01,weighted_cvu:mtme_metricx_xxl_DA_2019-refA,cvu,0.903
zhen,04,0.01,dedup_cvl:mtme_metricx_xxl_MQM_2020-refA,cvl,0.9
zhen,04,0.01,dedup_cvq:mtme_metricx_xxl_MQM_2020-refA,cvq,0.9025
zhen,04,0.01,dedup_cvu:mtme_metricx_xxl_MQM_2020-refA,cvu,0.903
zhen,04,0.01,weighted_cvl:mtme_metricx_xxl_MQM_2020-refA,cvl,0.8965
zhen,04,0.01,weighted_cvq:mtme_metricx_xxl_MQM_2020-refA,cvq,0.901
zhen,04,0.01,weighted_cvu:mtme_metricx_xxl_MQM_2020-refA,cvu,0.9
zhen,04,0.01,weighted_cvo:mtme_BERTScore-refA,cvo,0.9015
zhen,04,0.01,weighted_cvo:mtme_BLEU-refA,cvo,0.9015
zhen,04,0.01,weighted_cvo:mtme_BLEURT-20-refA,cvo,0.902
zhen,04,0.01,weighted_cvo:mtme_COMET-20-refA,cvo,0.9025
zhen,04,0.01,weighted_cvo:mtme_COMET-22-refA,cvo,0.903
zhen,04,0.01,weighted_cvo:mtme_COMET-QE-src,cvo,0.9015
zhen,04,0.01,weighted_cvo:mtme_COMETKiwi-src,cvo,0.906
zhen,04,0.01,weighted_cvo:mtme_Cross-QE-src,cvo,0.9005
zhen,04,0.01,weighted_cvo:mtme_HWTSC-TLM-src,cvo,0.9
zhen,04,0.01,weighted_cvo:mtme_HWTSC-Teacher-Sim-src,cvo,0.9025
zhen,04,0.01,weighted_cvo:mtme_KG-BERTScore-src,cvo,0.9015
zhen,04,0.01,weighted_cvo:mtme_MATESE-QE-src,cvo,0.905
zhen,04,0.01,weighted_cvo:mtme_MATESE-refA,cvo,0.9045
zhen,04,0.01,weighted_cvo:mtme_MEE-refA,cvo,0.9015
zhen,04,0.01,weighted_cvo:mtme_MEE2-refA,cvo,0.905
zhen,04,0.01,weighted_cvo:mtme_MEE4-refA,cvo,0.9075
zhen,04,0.01,weighted_cvo:mtme_MS-COMET-22-refA,cvo,0.9005
zhen,04,0.01,weighted_cvo:mtme_MS-COMET-QE-22-src,cvo,0.9025
zhen,04,0.01,weighted_cvo:mtme_REUSE-src,cvo,0.901
zhen,04,0.01,weighted_cvo:mtme_SEScore-refA,cvo,0.9015
zhen,04,0.01,weighted_cvo:mtme_UniTE-ref-refA,cvo,0.91
zhen,04,0.01,weighted_cvo:mtme_UniTE-refA,cvo,0.913
zhen,04,0.01,weighted_cvo:mtme_UniTE-src-src,cvo,0.9105
zhen,04,0.01,weighted_cvo:mtme_YiSi-1-refA,cvo,0.904
zhen,04,0.01,weighted_cvo:mtme_chrF-refA,cvo,0.9025
zhen,04,0.01,weighted_cvo:mtme_f101spBLEU-refA,cvo,0.9025
zhen,04,0.01,weighted_cvo:mtme_f200spBLEU-refA,cvo,0.9035
zhen,04,0.01,weighted_cvo:mtme_metricx_xl_DA_2019-refA,cvo,0.8995
zhen,04,0.01,weighted_cvo:mtme_metricx_xl_MQM_2020-refA,cvo,0.903
zhen,04,0.01,weighted_cvo:mtme_metricx_xxl_DA_2019-refA,cvo,0.9
zhen,04,0.01,weighted_cvo:mtme_metricx_xxl_MQM_2020-refA,cvo,0.903
zhen,04,0.02,uniform,human,0.897
zhen,04,0.02,dedup,human,0.9075
zhen,04,0.02,weighted,human,0.9085
zhen,04,0.02,dedup_cvl:mtme_BERTScore-refA,cvl,0.913
zhen,04,0.02,dedup_cvq:mtme_BERTScore-refA,cvq,0.9105
zhen,04,0.02,dedup_cvu:mtme_BERTScore-refA,cvu,0.913
zhen,04,0.02,weighted_cvl:mtme_BERTScore-refA,cvl,0.903
zhen,04,0.02,weighted_cvq:mtme_BERTScore-refA,cvq,0.901
zhen,04,0.02,weighted_cvu:mtme_BERTScore-refA,cvu,0.906
zhen,04,0.02,dedup_cvl:mtme_BLEU-refA,cvl,0.9115
zhen,04,0.02,dedup_cvq:mtme_BLEU-refA,cvq,0.9035
zhen,04,0.02,dedup_cvu:mtme_BLEU-refA,cvu,0.909
zhen,04,0.02,weighted_cvl:mtme_BLEU-refA,cvl,0.9065
zhen,04,0.02,weighted_cvq:mtme_BLEU-refA,cvq,0.903
zhen,04,0.02,weighted_cvu:mtme_BLEU-refA,cvu,0.904
zhen,04,0.02,dedup_cvl:mtme_BLEURT-20-refA,cvl,0.914
zhen,04,0.02,dedup_cvq:mtme_BLEURT-20-refA,cvq,0.911
zhen,04,0.02,dedup_cvu:mtme_BLEURT-20-refA,cvu,0.9135
zhen,04,0.02,weighted_cvl:mtme_BLEURT-20-refA,cvl,0.9025
zhen,04,0.02,weighted_cvq:mtme_BLEURT-20-refA,cvq,0.9
zhen,04,0.02,weighted_cvu:mtme_BLEURT-20-refA,cvu,0.9
zhen,04,0.02,dedup_cvl:mtme_COMET-20-refA,cvl,0.91
zhen,04,0.02,dedup_cvq:mtme_COMET-20-refA,cvq,0.907
zhen,04,0.02,dedup_cvu:mtme_COMET-20-refA,cvu,0.908
zhen,04,0.02,weighted_cvl:mtme_COMET-20-refA,cvl,0.904
zhen,04,0.02,weighted_cvq:mtme_COMET-20-refA,cvq,0.903
zhen,04,0.02,weighted_cvu:mtme_COMET-20-refA,cvu,0.904
zhen,04,0.02,dedup_cvl:mtme_COMET-22-refA,cvl,0.905
zhen,04,0.02,dedup_cvq:mtme_COMET-22-refA,cvq,0.9035
zhen,04,0.02,dedup_cvu:mtme_COMET-22-refA,cvu,0.903
zhen,04,0.02,weighted_cvl:mtme_COMET-22-refA,cvl,0.9025
zhen,04,0.02,weighted_cvq:mtme_COMET-22-refA,cvq,0.9015
zhen,04,0.02,weighted_cvu:mtme_COMET-22-refA,cvu,0.905
zhen,04,0.02,dedup_cvl:mtme_COMET-QE-src,cvl,0.912
zhen,04,0.02,dedup_cvq:mtme_COMET-QE-src,cvq,0.9115
zhen,04,0.02,dedup_cvu:mtme_COMET-QE-src,cvu,0.9105
zhen,04,0.02,weighted_cvl:mtme_COMET-QE-src,cvl,0.905
zhen,04,0.02,weighted_cvq:mtme_COMET-QE-src,cvq,0.9015
zhen,04,0.02,weighted_cvu:mtme_COMET-QE-src,cvu,0.9065
zhen,04,0.02,dedup_cvl:mtme_COMETKiwi-src,cvl,0.9065
zhen,04,0.02,dedup_cvq:mtme_COMETKiwi-src,cvq,0.905
zhen,04,0.02,dedup_cvu:mtme_COMETKiwi-src,cvu,0.904
zhen,04,0.02,weighted_cvl:mtme_COMETKiwi-src,cvl,0.9055
zhen,04,0.02,weighted_cvq:mtme_COMETKiwi-src,cvq,0.9055
zhen,04,0.02,weighted_cvu:mtme_COMETKiwi-src,cvu,0.9055
zhen,04,0.02,dedup_cvl:mtme_Cross-QE-src,cvl,0.9065
zhen,04,0.02,dedup_cvq:mtme_Cross-QE-src,cvq,0.908
zhen,04,0.02,dedup_cvu:mtme_Cross-QE-src,cvu,0.9085
zhen,04,0.02,weighted_cvl:mtme_Cross-QE-src,cvl,0.905
zhen,04,0.02,weighted_cvq:mtme_Cross-QE-src,cvq,0.9035
zhen,04,0.02,weighted_cvu:mtme_Cross-QE-src,cvu,0.905
zhen,04,0.02,dedup_cvl:mtme_HWTSC-TLM-src,cvl,0.907
zhen,04,0.02,dedup_cvq:mtme_HWTSC-TLM-src,cvq,0.904
zhen,04,0.02,dedup_cvu:mtme_HWTSC-TLM-src,cvu,0.9065
zhen,04,0.02,weighted_cvl:mtme_HWTSC-TLM-src,cvl,0.906
zhen,04,0.02,weighted_cvq:mtme_HWTSC-TLM-src,cvq,0.907
zhen,04,0.02,weighted_cvu:mtme_HWTSC-TLM-src,cvu,0.906
zhen,04,0.02,dedup_cvl:mtme_HWTSC-Teacher-Sim-src,cvl,0.909
zhen,04,0.02,dedup_cvq:mtme_HWTSC-Teacher-Sim-src,cvq,0.9075
zhen,04,0.02,dedup_cvu:mtme_HWTSC-Teacher-Sim-src,cvu,0.9065
zhen,04,0.02,weighted_cvl:mtme_HWTSC-Teacher-Sim-src,cvl,0.9065
zhen,04,0.02,weighted_cvq:mtme_HWTSC-Teacher-Sim-src,cvq,0.9065
zhen,04,0.02,weighted_cvu:mtme_HWTSC-Teacher-Sim-src,cvu,0.9075
zhen,04,0.02,dedup_cvl:mtme_KG-BERTScore-src,cvl,0.908
zhen,04,0.02,dedup_cvq:mtme_KG-BERTScore-src,cvq,0.9105
zhen,04,0.02,dedup_cvu:mtme_KG-BERTScore-src,cvu,0.9075
zhen,04,0.02,weighted_cvl:mtme_KG-BERTScore-src,cvl,0.904
zhen,04,0.02,weighted_cvq:mtme_KG-BERTScore-src,cvq,0.9075
zhen,04,0.02,weighted_cvu:mtme_KG-BERTScore-src,cvu,0.91
zhen,04,0.02,dedup_cvl:mtme_MATESE-QE-src,cvl,0.909
zhen,04,0.02,dedup_cvq:mtme_MATESE-QE-src,cvq,0.9075
zhen,04,0.02,dedup_cvu:mtme_MATESE-QE-src,cvu,0.9105
zhen,04,0.02,weighted_cvl:mtme_MATESE-QE-src,cvl,0.9095
zhen,04,0.02,weighted_cvq:mtme_MATESE-QE-src,cvq,0.904
zhen,04,0.02,weighted_cvu:mtme_MATESE-QE-src,cvu,0.9065
zhen,04,0.02,dedup_cvl:mtme_MATESE-refA,cvl,0.911
zhen,04,0.02,dedup_cvq:mtme_MATESE-refA,cvq,0.91
zhen,04,0.02,dedup_cvu:mtme_MATESE-refA,cvu,0.9115
zhen,04,0.02,weighted_cvl:mtme_MATESE-refA,cvl,0.902
zhen,04,0.02,weighted_cvq:mtme_MATESE-refA,cvq,0.9
zhen,04,0.02,weighted_cvu:mtme_MATESE-refA,cvu,0.9015
zhen,04,0.02,dedup_cvl:mtme_MEE-refA,cvl,0.9145
zhen,04,0.02,dedup_cvq:mtme_MEE-refA,cvq,0.9105
zhen,04,0.02,dedup_cvu:mtme_MEE-refA,cvu,0.914
zhen,04,0.02,weighted_cvl:mtme_MEE-refA,cvl,0.905
zhen,04,0.02,weighted_cvq:mtme_MEE-refA,cvq,0.9025
zhen,04,0.02,weighted_cvu:mtme_MEE-refA,cvu,0.901
zhen,04,0.02,dedup_cvl:mtme_MEE2-refA,cvl,0.9115
zhen,04,0.02,dedup_cvq:mtme_MEE2-refA,cvq,0.9105
zhen,04,0.02,dedup_cvu:mtme_MEE2-refA,cvu,0.9135
zhen,04,0.02,weighted_cvl:mtme_MEE2-refA,cvl,0.905
zhen,04,0.02,weighted_cvq:mtme_MEE2-refA,cvq,0.9045
zhen,04,0.02,weighted_cvu:mtme_MEE2-refA,cvu,0.908
zhen,04,0.02,dedup_cvl:mtme_MEE4-refA,cvl,0.909
zhen,04,0.02,dedup_cvq:mtme_MEE4-refA,cvq,0.9075
zhen,04,0.02,dedup_cvu:mtme_MEE4-refA,cvu,0.9095
zhen,04,0.02,weighted_cvl:mtme_MEE4-refA,cvl,0.9085
zhen,04,0.02,weighted_cvq:mtme_MEE4-refA,cvq,0.9045
zhen,04,0.02,weighted_cvu:mtme_MEE4-refA,cvu,0.906
zhen,04,0.02,dedup_cvl:mtme_MS-COMET-22-refA,cvl,0.9085
zhen,04,0.02,dedup_cvq:mtme_MS-COMET-22-refA,cvq,0.9065
zhen,04,0.02,dedup_cvu:mtme_MS-COMET-22-refA,cvu,0.9075
zhen,04,0.02,weighted_cvl:mtme_MS-COMET-22-refA,cvl,0.9015
zhen,04,0.02,weighted_cvq:mtme_MS-COMET-22-refA,cvq,0.901
zhen,04,0.02,weighted_cvu:mtme_MS-COMET-22-refA,cvu,0.9015
zhen,04,0.02,dedup_cvl:mtme_MS-COMET-QE-22-src,cvl,0.911
zhen,04,0.02,dedup_cvq:mtme_MS-COMET-QE-22-src,cvq,0.913
zhen,04,0.02,dedup_cvu:mtme_MS-COMET-QE-22-src,cvu,0.912
zhen,04,0.02,weighted_cvl:mtme_MS-COMET-QE-22-src,cvl,0.9045
zhen,04,0.02,weighted_cvq:mtme_MS-COMET-QE-22-src,cvq,0.91
zhen,04,0.02,weighted_cvu:mtme_MS-COMET-QE-22-src,cvu,0.9065
zhen,04,0.02,dedup_cvl:mtme_REUSE-src,cvl,0.907
zhen,04,0.02,dedup_cvq:mtme_REUSE-src,cvq,0.9085
zhen,04,0.02,dedup_cvu:mtme_REUSE-src,cvu,0.906
zhen,04,0.02,weighted_cvl:mtme_REUSE-src,cvl,0.9105
zhen,04,0.02,weighted_cvq:mtme_REUSE-src,cvq,0.908
zhen,04,0.02,weighted_cvu:mtme_REUSE-src,cvu,0.9085
zhen,04,0.02,dedup_cvl:mtme_SEScore-refA,cvl,0.9095
zhen,04,0.02,dedup_cvq:mtme_SEScore-refA,cvq,0.904
zhen,04,0.02,dedup_cvu:mtme_SEScore-refA,cvu,0.91
zhen,04,0.02,weighted_cvl:mtme_SEScore-refA,cvl,0.9035
zhen,04,0.02,weighted_cvq:mtme_SEScore-refA,cvq,0.904
zhen,04,0.02,weighted_cvu:mtme_SEScore-refA,cvu,0.906
zhen,04,0.02,dedup_cvl:mtme_UniTE-ref-refA,cvl,0.914
zhen,04,0.02,dedup_cvq:mtme_UniTE-ref-refA,cvq,0.912
zhen,04,0.02,dedup_cvu:mtme_UniTE-ref-refA,cvu,0.914
zhen,04,0.02,weighted_cvl:mtme_UniTE-ref-refA,cvl,0.9065
zhen,04,0.02,weighted_cvq:mtme_UniTE-ref-refA,cvq,0.9075
zhen,04,0.02,weighted_cvu:mtme_UniTE-ref-refA,cvu,0.9095
zhen,04,0.02,dedup_cvl:mtme_UniTE-refA,cvl,0.913
zhen,04,0.02,dedup_cvq:mtme_UniTE-refA,cvq,0.9105
zhen,04,0.02,dedup_cvu:mtme_UniTE-refA,cvu,0.913
zhen,04,0.02,weighted_cvl:mtme_UniTE-refA,cvl,0.907
zhen,04,0.02,weighted_cvq:mtme_UniTE-refA,cvq,0.9075
zhen,04,0.02,weighted_cvu:mtme_UniTE-refA,cvu,0.909
zhen,04,0.02,dedup_cvl:mtme_UniTE-src-src,cvl,0.9065
zhen,04,0.02,dedup_cvq:mtme_UniTE-src-src,cvq,0.905
zhen,04,0.02,dedup_cvu:mtme_UniTE-src-src,cvu,0.908
zhen,04,0.02,weighted_cvl:mtme_UniTE-src-src,cvl,0.906
zhen,04,0.02,weighted_cvq:mtme_UniTE-src-src,cvq,0.907
zhen,04,0.02,weighted_cvu:mtme_UniTE-src-src,cvu,0.906
zhen,04,0.02,dedup_cvl:mtme_YiSi-1-refA,cvl,0.9125
zhen,04,0.02,dedup_cvq:mtme_YiSi-1-refA,cvq,0.9105
zhen,04,0.02,dedup_cvu:mtme_YiSi-1-refA,cvu,0.9135
zhen,04,0.02,weighted_cvl:mtme_YiSi-1-refA,cvl,0.9045
zhen,04,0.02,weighted_cvq:mtme_YiSi-1-refA,cvq,0.901
zhen,04,0.02,weighted_cvu:mtme_YiSi-1-refA,cvu,0.9045
zhen,04,0.02,dedup_cvl:mtme_chrF-refA,cvl,0.911
zhen,04,0.02,dedup_cvq:mtme_chrF-refA,cvq,0.9075
zhen,04,0.02,dedup_cvu:mtme_chrF-refA,cvu,0.912
zhen,04,0.02,weighted_cvl:mtme_chrF-refA,cvl,0.901
zhen,04,0.02,weighted_cvq:mtme_chrF-refA,cvq,0.9035
zhen,04,0.02,weighted_cvu:mtme_chrF-refA,cvu,0.9025
zhen,04,0.02,dedup_cvl:mtme_f101spBLEU-refA,cvl,0.9165
zhen,04,0.02,dedup_cvq:mtme_f101spBLEU-refA,cvq,0.909
zhen,04,0.02,dedup_cvu:mtme_f101spBLEU-refA,cvu,0.912
zhen,04,0.02,weighted_cvl:mtme_f101spBLEU-refA,cvl,0.907
zhen,04,0.02,weighted_cvq:mtme_f101spBLEU-refA,cvq,0.906
zhen,04,0.02,weighted_cvu:mtme_f101spBLEU-refA,cvu,0.906
zhen,04,0.02,dedup_cvl:mtme_f200spBLEU-refA,cvl,0.9145
zhen,04,0.02,dedup_cvq:mtme_f200spBLEU-refA,cvq,0.908
zhen,04,0.02,dedup_cvu:mtme_f200spBLEU-refA,cvu,0.9115
zhen,04,0.02,weighted_cvl:mtme_f200spBLEU-refA,cvl,0.907
zhen,04,0.02,weighted_cvq:mtme_f200spBLEU-refA,cvq,0.906
zhen,04,0.02,weighted_cvu:mtme_f200spBLEU-refA,cvu,0.9055
zhen,04,0.02,dedup_cvl:mtme_metricx_xl_DA_2019-refA,cvl,0.9105
zhen,04,0.02,dedup_cvq:mtme_metricx_xl_DA_2019-refA,cvq,0.911
zhen,04,0.02,dedup_cvu:mtme_metricx_xl_DA_2019-refA,cvu,0.9105
zhen,04,0.02,weighted_cvl:mtme_metricx_xl_DA_2019-refA,cvl,0.903
zhen,04,0.02,weighted_cvq:mtme_metricx_xl_DA_2019-refA,cvq,0.9025
zhen,04,0.02,weighted_cvu:mtme_metricx_xl_DA_2019-refA,cvu,0.901
zhen,04,0.02,dedup_cvl:mtme_metricx_xl_MQM_2020-refA,cvl,0.9055
zhen,04,0.02,dedup_cvq:mtme_metricx_xl_MQM_2020-refA,cvq,0.9015
zhen,04,0.02,dedup_cvu:mtme_metricx_xl_MQM_2020-refA,cvu,0.9065
zhen,04,0.02,weighted_cvl:mtme_metricx_xl_MQM_2020-refA,cvl,0.905
zhen,04,0.02,weighted_cvq:mtme_metricx_xl_MQM_2020-refA,cvq,0.904
zhen,04,0.02,weighted_cvu:mtme_metricx_xl_MQM_2020-refA,cvu,0.9035
zhen,04,0.02,dedup_cvl:mtme_metricx_xxl_DA_2019-refA,cvl,0.9145
zhen,04,0.02,dedup_cvq:mtme_metricx_xxl_DA_2019-refA,cvq,0.912
zhen,04,0.02,dedup_cvu:mtme_metricx_xxl_DA_2019-refA,cvu,0.9115
zhen,04,0.02,weighted_cvl:mtme_metricx_xxl_DA_2019-refA,cvl,0.903
zhen,04,0.02,weighted_cvq:mtme_metricx_xxl_DA_2019-refA,cvq,0.9035
zhen,04,0.02,weighted_cvu:mtme_metricx_xxl_DA_2019-refA,cvu,0.903
zhen,04,0.02,dedup_cvl:mtme_metricx_xxl_MQM_2020-refA,cvl,0.9135
zhen,04,0.02,dedup_cvq:mtme_metricx_xxl_MQM_2020-refA,cvq,0.914
zhen,04,0.02,dedup_cvu:mtme_metricx_xxl_MQM_2020-refA,cvu,0.916
zhen,04,0.02,weighted_cvl:mtme_metricx_xxl_MQM_2020-refA,cvl,0.9045
zhen,04,0.02,weighted_cvq:mtme_metricx_xxl_MQM_2020-refA,cvq,0.901
zhen,04,0.02,weighted_cvu:mtme_metricx_xxl_MQM_2020-refA,cvu,0.904
zhen,04,0.02,weighted_cvo:mtme_BERTScore-refA,cvo,0.908
zhen,04,0.02,weighted_cvo:mtme_BLEU-refA,cvo,0.9045
zhen,04,0.02,weighted_cvo:mtme_BLEURT-20-refA,cvo,0.903
zhen,04,0.02,weighted_cvo:mtme_COMET-20-refA,cvo,0.9025
zhen,04,0.02,weighted_cvo:mtme_COMET-22-refA,cvo,0.9045
zhen,04,0.02,weighted_cvo:mtme_COMET-QE-src,cvo,0.906
zhen,04,0.02,weighted_cvo:mtme_COMETKiwi-src,cvo,0.9045
zhen,04,0.02,weighted_cvo:mtme_Cross-QE-src,cvo,0.9075
zhen,04,0.02,weighted_cvo:mtme_HWTSC-TLM-src,cvo,0.9085
zhen,04,0.02,weighted_cvo:mtme_HWTSC-Teacher-Sim-src,cvo,0.91
zhen,04,0.02,weighted_cvo:mtme_KG-BERTScore-src,cvo,0.9095
zhen,04,0.02,weighted_cvo:mtme_MATESE-QE-src,cvo,0.9045
zhen,04,0.02,weighted_cvo:mtme_MATESE-refA,cvo,0.901
zhen,04,0.02,weighted_cvo:mtme_MEE-refA,cvo,0.9065
zhen,04,0.02,weighted_cvo:mtme_MEE2-refA,cvo,0.909
zhen,04,0.02,weighted_cvo:mtme_MEE4-refA,cvo,0.909
zhen,04,0.02,weighted_cvo:mtme_MS-COMET-22-refA,cvo,0.902
zhen,04,0.02,weighted_cvo:mtme_MS-COMET-QE-22-src,cvo,0.905
zhen,04,0.02,weighted_cvo:mtme_REUSE-src,cvo,0.9085
zhen,04,0.02,weighted_cvo:mtme_SEScore-refA,cvo,0.9065
zhen,04,0.02,weighted_cvo:mtme_UniTE-ref-refA,cvo,0.9085
zhen,04,0.02,weighted_cvo:mtme_UniTE-refA,cvo,0.9055
zhen,04,0.02,weighted_cvo:mtme_UniTE-src-src,cvo,0.908
zhen,04,0.02,weighted_cvo:mtme_YiSi-1-refA,cvo,0.9055
zhen,04,0.02,weighted_cvo:mtme_chrF-refA,cvo,0.904
zhen,04,0.02,weighted_cvo:mtme_f101spBLEU-refA,cvo,0.9045
zhen,04,0.02,weighted_cvo:mtme_f200spBLEU-refA,cvo,0.905
zhen,04,0.02,weighted_cvo:mtme_metricx_xl_DA_2019-refA,cvo,0.901
zhen,04,0.02,weighted_cvo:mtme_metricx_xl_MQM_2020-refA,cvo,0.9035
zhen,04,0.02,weighted_cvo:mtme_metricx_xxl_DA_2019-refA,cvo,0.9065
zhen,04,0.02,weighted_cvo:mtme_metricx_xxl_MQM_2020-refA,cvo,0.9075
zhen,05,0.01,uniform,human,0.91
zhen,05,0.01,dedup,human,0.909
zhen,05,0.01,weighted,human,0.9105
zhen,05,0.01,dedup_cvl:mtme_BERTScore-refA,cvl,0.9075
zhen,05,0.01,dedup_cvq:mtme_BERTScore-refA,cvq,0.91
zhen,05,0.01,dedup_cvu:mtme_BERTScore-refA,cvu,0.909
zhen,05,0.01,weighted_cvl:mtme_BERTScore-refA,cvl,0.91
zhen,05,0.01,weighted_cvq:mtme_BERTScore-refA,cvq,0.9125
zhen,05,0.01,weighted_cvu:mtme_BERTScore-refA,cvu,0.9085
zhen,05,0.01,dedup_cvl:mtme_BLEU-refA,cvl,0.9075
zhen,05,0.01,dedup_cvq:mtme_BLEU-refA,cvq,0.905
zhen,05,0.01,dedup_cvu:mtme_BLEU-refA,cvu,0.9095
zhen,05,0.01,weighted_cvl:mtme_BLEU-refA,cvl,0.907
zhen,05,0.01,weighted_cvq:mtme_BLEU-refA,cvq,0.9075
zhen,05,0.01,weighted_cvu:mtme_BLEU-refA,cvu,0.908
zhen,05,0.01,dedup_cvl:mtme_BLEURT-20-refA,cvl,0.909
zhen,05,0.01,dedup_cvq:mtme_BLEURT-20-refA,cvq,0.9085
zhen,05,0.01,dedup_cvu:mtme_BLEURT-20-refA,cvu,0.9095
zhen,05,0.01,weighted_cvl:mtme_BLEURT-20-refA,cvl,0.901
zhen,05,0.01,weighted_cvq:mtme_BLEURT-20-refA,cvq,0.9015
zhen,05,0.01,weighted_cvu:mtme_BLEURT-20-refA,cvu,0.9025
zhen,05,0.01,dedup_cvl:mtme_COMET-20-refA,cvl,0.911
zhen,05,0.01,dedup_cvq:mtme_COMET-20-refA,cvq,0.91
zhen,05,0.01,dedup_cvu:mtme_COMET-20-refA,cvu,0.9115
zhen,05,0.01,weighted_cvl:mtme_COMET-20-refA,cvl,0.9155
zhen,05,0.01,weighted_cvq:mtme_COMET-20-refA,cvq,0.914
zhen,05,0.01,weighted_cvu:mtme_COMET-20-refA,cvu,0.913
zhen,05,0.01,dedup_cvl:mtme_COMET-22-refA,cvl,0.902
zhen,05,0.01,dedup_cvq:mtme_COMET-22-refA,cvq,0.9025
zhen,05,0.01,dedup_cvu:mtme_COMET-22-refA,cvu,0.903
zhen,05,0.01,weighted_cvl:mtme_COMET-22-refA,cvl,0.903
zhen,05,0.01,weighted_cvq:mtme_COMET-22-refA,cvq,0.9025
zhen,05,0.01,weighted_cvu:mtme_COMET-22-refA,cvu,0.9015
zhen,05,0.01,dedup_cvl:mtme_COMET-QE-src,cvl,0.9075
zhen,05,0.01,dedup_cvq:mtme_COMET-QE-src,cvq,0.905
zhen,05,0.01,dedup_cvu:mtme_COMET-QE-src,cvu,0.905
zhen,05,0.01,weighted_cvl:mtme_COMET-QE-src,cvl,0.907
zhen,05,0.01,weighted_cvq:mtme_COMET-QE-src,cvq,0.9015
zhen,05,0.01,weighted_cvu:mtme_COMET-QE-src,cvu,0.903
zhen,05,0.01,dedup_cvl:mtme_COMETKiwi-src,cvl,0.9095
zhen,05,0.01,dedup_cvq:mtme_COMETKiwi-src,cvq,0.9115
zhen,05,0.01,dedup_cvu:mtme_COMETKiwi-src,cvu,0.912
zhen,05,0.01,weighted_cvl:mtme_COMETKiwi-src,cvl,0.904
zhen,05,0.01,weighted_cvq:mtme_COMETKiwi-src,cvq,0.9065
zhen,05,0.01,weighted_cvu:mtme_COMETKiwi-src,cvu,0.906
zhen,05,0.01,dedup_cvl:mtme_Cross-QE-src,cvl,0.9035
zhen,05,0.01,dedup_cvq:mtme_Cross-QE-src,cvq,0.908
zhen,05,0.01,dedup_cvu:mtme_Cross-QE-src,cvu,0.9065
zhen,05,0.01,weighted_cvl:mtme_Cross-QE-src,cvl,0.909
zhen,05,0.01,weighted_cvq:mtme_Cross-QE-src,cvq,0.909
zhen,05,0.01,weighted_cvu:mtme_Cross-QE-src,cvu,0.91
zhen,05,0.01,dedup_cvl:mtme_HWTSC-TLM-src,cvl,0.909
zhen,05,0.01,dedup_cvq:mtme_HWTSC-TLM-src,cvq,0.91
zhen,05,0.01,dedup_cvu:mtme_HWTSC-TLM-src,cvu,0.9075
zhen,05,0.01,weighted_cvl:mtme_HWTSC-TLM-src,cvl,0.9095
zhen,05,0.01,weighted_cvq:mtme_HWTSC-TLM-src,cvq,0.9075
zhen,05,0.01,weighted_cvu:mtme_HWTSC-TLM-src,cvu,0.9075
zhen,05,0.01,dedup_cvl:mtme_HWTSC-Teacher-Sim-src,cvl,0.908
zhen,05,0.01,dedup_cvq:mtme_HWTSC-Teacher-Sim-src,cvq,0.9085
zhen,05,0.01,dedup_cvu:mtme_HWTSC-Teacher-Sim-src,cvu,0.909
zhen,05,0.01,weighted_cvl:mtme_HWTSC-Teacher-Sim-src,cvl,0.9055
zhen,05,0.01,weighted_cvq:mtme_HWTSC-Teacher-Sim-src,cvq,0.9075
zhen,05,0.01,weighted_cvu:mtme_HWTSC-Teacher-Sim-src,cvu,0.904
zhen,05,0.01,dedup_cvl:mtme_KG-BERTScore-src,cvl,0.9075
zhen,05,0.01,dedup_cvq:mtme_KG-BERTScore-src,cvq,0.909
zhen,05,0.01,dedup_cvu:mtme_KG-BERTScore-src,cvu,0.9095
zhen,05,0.01,weighted_cvl:mtme_KG-BERTScore-src,cvl,0.906
zhen,05,0.01,weighted_cvq:mtme_KG-BERTScore-src,cvq,0.908
zhen,05,0.01,weighted_cvu:mtme_KG-BERTScore-src,cvu,0.9035
zhen,05,0.01,dedup_cvl:mtme_MATESE-QE-src,cvl,0.901
zhen,05,0.01,dedup_cvq:mtme_MATESE-QE-src,cvq,0.907
zhen,05,0.01,dedup_cvu:mtme_MATESE-QE-src,cvu,0.9025
zhen,05,0.01,weighted_cvl:mtme_MATESE-QE-src,cvl,0.9055
zhen,05,0.01,weighted_cvq:mtme_MATESE-QE-src,cvq,0.9045
zhen,05,0.01,weighted_cvu:mtme_MATESE-QE-src,cvu,0.903
zhen,05,0.01,dedup_cvl:mtme_MATESE-refA,cvl,0.902
zhen,05,0.01,dedup_cvq:mtme_MATESE-refA,cvq,0.9055
zhen,05,0.01,dedup_cvu:mtme_MATESE-refA,cvu,0.9
zhen,05,0.01,weighted_cvl:mtme_MATESE-refA,cvl,0.906
zhen,05,0.01,weighted_cvq:mtme_MATESE-refA,cvq,0.9095
zhen,05,0.01,weighted_cvu:mtme_MATESE-refA,cvu,0.9075
zhen,05,0.01,dedup_cvl:mtme_MEE-refA,cvl,0.9095
zhen,05,0.01,dedup_cvq:mtme_MEE-refA,cvq,0.906
zhen,05,0.01,dedup_cvu:mtme_MEE-refA,cvu,0.908
zhen,05,0.01,weighted_cvl:mtme_MEE-refA,cvl,0.9125
zhen,05,0.01,weighted_cvq:mtme_MEE-refA,cvq,0.9125
zhen,05,0.01,weighted_cvu:mtme_MEE-refA,cvu,0.913
zhen,05,0.01,dedup_cvl:mtme_MEE2-refA,cvl,0.9105
zhen,05,0.01,dedup_cvq:mtme_MEE2-refA,cvq,0.906
zhen,05,0.01,dedup_cvu:mtme_MEE2-refA,cvu,0.9085
zhen,05,0.01,weighted_cvl:mtme_MEE2-refA,cvl,0.913
zhen,05,0.01,weighted_cvq:mtme_MEE2-refA,cvq,0.912
zhen,05,0.01,weighted_cvu:mtme_MEE2-refA,cvu,0.9145
zhen,05,0.01,dedup_cvl:mtme_MEE4-refA,cvl,0.915
zhen,05,0.01,dedup_cvq:mtme_MEE4-refA,cvq,0.9085
zhen,05,0.01,dedup_cvu:mtme_MEE4-refA,cvu,0.9125
zhen,05,0.01,weighted_cvl:mtme_MEE4-refA,cvl,0.911
zhen,05,0.01,weighted_cvq:mtme_MEE4-refA,cvq,0.912
zhen,05,0.01,weighted_cvu:mtme_MEE4-refA,cvu,0.915
zhen,05,0.01,dedup_cvl:mtme_MS-COMET-22-refA,cvl,0.9085
zhen,05,0.01,dedup_cvq:mtme_MS-COMET-22-refA,cvq,0.9015
zhen,05,0.01,dedup_cvu:mtme_MS-COMET-22-refA,cvu,0.907
zhen,05,0.01,weighted_cvl:mtme_MS-COMET-22-refA,cvl,0.91
zhen,05,0.01,weighted_cvq:mtme_MS-COMET-22-refA,cvq,0.91
zhen,05,0.01,weighted_cvu:mtme_MS-COMET-22-refA,cvu,0.913
zhen,05,0.01,dedup_cvl:mtme_MS-COMET-QE-22-src,cvl,0.906
zhen,05,0.01,dedup_cvq:mtme_MS-COMET-QE-22-src,cvq,0.9035
zhen,05,0.01,dedup_cvu:mtme_MS-COMET-QE-22-src,cvu,0.905
zhen,05,0.01,weighted_cvl:mtme_MS-COMET-QE-22-src,cvl,0.911
zhen,05,0.01,weighted_cvq:mtme_MS-COMET-QE-22-src,cvq,0.911
zhen,05,0.01,weighted_cvu:mtme_MS-COMET-QE-22-src,cvu,0.911
zhen,05,0.01,dedup_cvl:mtme_REUSE-src,cvl,0.908
zhen,05,0.01,dedup_cvq:mtme_REUSE-src,cvq,0.908
zhen,05,0.01,dedup_cvu:mtme_REUSE-src,cvu,0.909
zhen,05,0.01,weighted_cvl:mtme_REUSE-src,cvl,0.9105
zhen,05,0.01,weighted_cvq:mtme_REUSE-src,cvq,0.9085
zhen,05,0.01,weighted_cvu:mtme_REUSE-src,cvu,0.912
zhen,05,0.01,dedup_cvl:mtme_SEScore-refA,cvl,0.908
zhen,05,0.01,dedup_cvq:mtme_SEScore-refA,cvq,0.909
zhen,05,0.01,dedup_cvu:mtme_SEScore-refA,cvu,0.909
zhen,05,0.01,weighted_cvl:mtme_SEScore-refA,cvl,0.911
zhen,05,0.01,weighted_cvq:mtme_SEScore-refA,cvq,0.9145
zhen,05,0.01,weighted_cvu:mtme_SEScore-refA,cvu,0.9135
zhen,05,0.01,dedup_cvl:mtme_UniTE-ref-refA,cvl,0.9075
zhen,05,0.01,dedup_cvq:mtme_UniTE-ref-refA,cvq,0.908
zhen,05,0.01,dedup_cvu:mtme_UniTE-ref-refA,cvu,0.9065
zhen,05,0.01,weighted_cvl:mtme_UniTE-ref-refA,cvl,0.9125
zhen,05,0.01,weighted_cvq:mtme_UniTE-ref-refA,cvq,0.9075
zhen,05,0.01,weighted_cvu:mtme_UniTE-ref-refA,cvu,0.91
zhen,05,0.01,dedup_cvl:mtme_UniTE-refA,cvl,0.9045
zhen,05,0.01,dedup_cvq:mtme_UniTE-refA,cvq,0.9045
zhen,05,0.01,dedup_cvu:mtme_UniTE-refA,cvu,0.9065
zhen,05,0.01,weighted_cvl:mtme_UniTE-refA,cvl,0.915
zhen,05,0.01,weighted_cvq:mtme_UniTE-refA,cvq,0.9105
zhen,05,0.01,weighted_cvu:mtme_UniTE-refA,cvu,0.9135
zhen,05,0.01,dedup_cvl:mtme_UniTE-src-src,cvl,0.9095
zhen,05,0.01,dedup_cvq:mtme_UniTE-src-src,cvq,0.907
zhen,05,0.01,dedup_cvu:mtme_UniTE-src-src,cvu,0.9085
zhen,05,0.01,weighted_cvl:mtme_UniTE-src-src,cvl,0.91
zhen,05,0.01,weighted_cvq:mtme_UniTE-src-src,cvq,0.9115
zhen,05,0.01,weighted_cvu:mtme_UniTE-src-src,cvu,0.915
zhen,05,0.01,dedup_cvl:mtme_YiSi-1-refA,cvl,0.908
zhen,05,0.01,dedup_cvq:mtme_YiSi-1-refA,cvq,0.909
zhen,05,0.01,dedup_cvu:mtme_YiSi-1-refA,cvu,0.907
zhen,05,0.01,weighted_cvl:mtme_YiSi-1-refA,cvl,0.9135
zhen,05,0.01,weighted_cvq:mtme_YiSi-1-refA,cvq,0.913
zhen,05,0.01,weighted_cvu:mtme_YiSi-1-refA,cvu,0.9115
zhen,05,0.01,dedup_cvl:mtme_chrF-refA,cvl,0.9105
zhen,05,0.01,dedup_cvq:mtme_chrF-refA,cvq,0.9085
zhen,05,0.01,dedup_cvu:mtme_chrF-refA,cvu,0.9085
zhen,05,0.01,weighted_cvl:mtme_chrF-refA,cvl,0.915
zhen,05,0.01,weighted_cvq:mtme_chrF-refA,cvq,0.914
zhen,05,0.01,weighted_cvu:mtme_chrF-refA,cvu,0.9155
zhen,05,0.01,dedup_cvl:mtme_f101spBLEU-refA,cvl,0.91
zhen,05,0.01,dedup_cvq:mtme_f101spBLEU-refA,cvq,0.9065
zhen,05,0.01,dedup_cvu:mtme_f101spBLEU-refA,cvu,0.9105
zhen,05,0.01,weighted_cvl:mtme_f101spBLEU-refA,cvl,0.908
zhen,05,0.01,weighted_cvq:mtme_f101spBLEU-refA,cvq,0.9065
zhen,05,0.01,weighted_cvu:mtme_f101spBLEU-refA,cvu,0.9075
zhen,05,0.01,dedup_cvl:mtme_f200spBLEU-refA,cvl,0.9085
zhen,05,0.01,dedup_cvq:mtme_f200spBLEU-refA,cvq,0.9045
zhen,05,0.01,dedup_cvu:mtme_f200spBLEU-refA,cvu,0.9095
zhen,05,0.01,weighted_cvl:mtme_f200spBLEU-refA,cvl,0.9075
zhen,05,0.01,weighted_cvq:mtme_f200spBLEU-refA,cvq,0.907
zhen,05,0.01,weighted_cvu:mtme_f200spBLEU-refA,cvu,0.9085
zhen,05,0.01,dedup_cvl:mtme_metricx_xl_DA_2019-refA,cvl,0.9065
zhen,05,0.01,dedup_cvq:mtme_metricx_xl_DA_2019-refA,cvq,0.907
zhen,05,0.01,dedup_cvu:mtme_metricx_xl_DA_2019-refA,cvu,0.908
zhen,05,0.01,weighted_cvl:mtme_metricx_xl_DA_2019-refA,cvl,0.915
zhen,05,0.01,weighted_cvq:mtme_metricx_xl_DA_2019-refA,cvq,0.9105
zhen,05,0.01,weighted_cvu:mtme_metricx_xl_DA_2019-refA,cvu,0.9115
zhen,05,0.01,dedup_cvl:mtme_metricx_xl_MQM_2020-refA,cvl,0.8995
zhen,05,0.01,dedup_cvq:mtme_metricx_xl_MQM_2020-refA,cvq,0.9035
zhen,05,0.01,dedup_cvu:mtme_metricx_xl_MQM_2020-refA,cvu,0.9005
zhen,05,0.01,weighted_cvl:mtme_metricx_xl_MQM_2020-refA,cvl,0.8985
zhen,05,0.01,weighted_cvq:mtme_metricx_xl_MQM_2020-refA,cvq,0.8995
zhen,05,0.01,weighted_cvu:mtme_metricx_xl_MQM_2020-refA,cvu,0.9
zhen,05,0.01,dedup_cvl:mtme_metricx_xxl_DA_2019-refA,cvl,0.9035
zhen,05,0.01,dedup_cvq:mtme_metricx_xxl_DA_2019-refA,cvq,0.9035
zhen,05,0.01,dedup_cvu:mtme_metricx_xxl_DA_2019-refA,cvu,0.907
zhen,05,0.01,weighted_cvl:mtme_metricx_xxl_DA_2019-refA,cvl,0.9105
zhen,05,0.01,weighted_cvq:mtme_metricx_xxl_DA_2019-refA,cvq,0.9115
zhen,05,0.01,weighted_cvu:mtme_metricx_xxl_DA_2019-refA,cvu,0.908
zhen,05,0.01,dedup_cvl:mtme_metricx_xxl_MQM_2020-refA,cvl,0.897
zhen,05,0.01,dedup_cvq:mtme_metricx_xxl_MQM_2020-refA,cvq,0.896
zhen,05,0.01,dedup_cvu:mtme_metricx_xxl_MQM_2020-refA,cvu,0.8985
zhen,05,0.01,weighted_cvl:mtme_metricx_xxl_MQM_2020-refA,cvl,0.9015
zhen,05,0.01,weighted_cvq:mtme_metricx_xxl_MQM_2020-refA,cvq,0.905
zhen,05,0.01,weighted_cvu:mtme_metricx_xxl_MQM_2020-refA,cvu,0.9055
zhen,05,0.01,weighted_cvo:mtme_BERTScore-refA,cvo,0.913
zhen,05,0.01,weighted_cvo:mtme_BLEU-refA,cvo,0.911
zhen,05,0.01,weighted_cvo:mtme_BLEURT-20-refA,cvo,0.9055
zhen,05,0.01,weighted_cvo:mtme_COMET-20-refA,cvo,0.912
zhen,05,0.01,weighted_cvo:mtme_COMET-22-refA,cvo,0.9065
zhen,05,0.01,weighted_cvo:mtme_COMET-QE-src,cvo,0.902
zhen,05,0.01,weighted_cvo:mtme_COMETKiwi-src,cvo,0.902
zhen,05,0.01,weighted_cvo:mtme_Cross-QE-src,cvo,0.9045
zhen,05,0.01,weighted_cvo:mtme_HWTSC-TLM-src,cvo,0.9075
zhen,05,0.01,weighted_cvo:mtme_HWTSC-Teacher-Sim-src,cvo,0.91
zhen,05,0.01,weighted_cvo:mtme_KG-BERTScore-src,cvo,0.912
zhen,05,0.01,weighted_cvo:mtme_MATESE-QE-src,cvo,0.9035
zhen,05,0.01,weighted_cvo:mtme_MATESE-refA,cvo,0.907
zhen,05,0.01,weighted_cvo:mtme_MEE-refA,cvo,0.917
zhen,05,0.01,weighted_cvo:mtme_MEE2-refA,cvo,0.914
zhen,05,0.01,weighted_cvo:mtme_MEE4-refA,cvo,0.914
zhen,05,0.01,weighted_cvo:mtme_MS-COMET-22-refA,cvo,0.912
zhen,05,0.01,weighted_cvo:mtme_MS-COMET-QE-22-src,cvo,0.9105
zhen,05,0.01,weighted_cvo:mtme_REUSE-src,cvo,0.9105
zhen,05,0.01,weighted_cvo:mtme_SEScore-refA,cvo,0.915
zhen,05,0.01,weighted_cvo:mtme_UniTE-ref-refA,cvo,0.9075
zhen,05,0.01,weighted_cvo:mtme_UniTE-refA,cvo,0.9095
zhen,05,0.01,weighted_cvo:mtme_UniTE-src-src,cvo,0.9135
zhen,05,0.01,weighted_cvo:mtme_YiSi-1-refA,cvo,0.9145
zhen,05,0.01,weighted_cvo:mtme_chrF-refA,cvo,0.9125
zhen,05,0.01,weighted_cvo:mtme_f101spBLEU-refA,cvo,0.9115
zhen,05,0.01,weighted_cvo:mtme_f200spBLEU-refA,cvo,0.911
zhen,05,0.01,weighted_cvo:mtme_metricx_xl_DA_2019-refA,cvo,0.9165
zhen,05,0.01,weighted_cvo:mtme_metricx_xl_MQM_2020-refA,cvo,0.9055
zhen,05,0.01,weighted_cvo:mtme_metricx_xxl_DA_2019-refA,cvo,0.9105
zhen,05,0.01,weighted_cvo:mtme_metricx_xxl_MQM_2020-refA,cvo,0.9045
zhen,05,0.02,uniform,human,0.913
zhen,05,0.02,dedup,human,0.9085
zhen,05,0.02,weighted,human,0.9175
zhen,05,0.02,dedup_cvl:mtme_BERTScore-refA,cvl,0.909
zhen,05,0.02,dedup_cvq:mtme_BERTScore-refA,cvq,0.916
zhen,05,0.02,dedup_cvu:mtme_BERTScore-refA,cvu,0.909
zhen,05,0.02,weighted_cvl:mtme_BERTScore-refA,cvl,0.916
zhen,05,0.02,weighted_cvq:mtme_BERTScore-refA,cvq,0.9165
zhen,05,0.02,weighted_cvu:mtme_BERTScore-refA,cvu,0.915
zhen,05,0.02,dedup_cvl:mtme_BLEU-refA,cvl,0.911
zhen,05,0.02,dedup_cvq:mtme_BLEU-refA,cvq,0.91
zhen,05,0.02,dedup_cvu:mtme_BLEU-refA,cvu,0.9105
zhen,05,0.02,weighted_cvl:mtme_BLEU-refA,cvl,0.918
zhen,05,0.02,weighted_cvq:mtme_BLEU-refA,cvq,0.915
zhen,05,0.02,weighted_cvu:mtme_BLEU-refA,cvu,0.917
zhen,05,0.02,dedup_cvl:mtme_BLEURT-20-refA,cvl,0.9205
zhen,05,0.02,dedup_cvq:mtme_BLEURT-20-refA,cvq,0.916
zhen,05,0.02,dedup_cvu:mtme_BLEURT-20-refA,cvu,0.919
zhen,05,0.02,weighted_cvl:mtme_BLEURT-20-refA,cvl,0.9165
zhen,05,0.02,weighted_cvq:mtme_BLEURT-20-refA,cvq,0.9135
zhen,05,0.02,weighted_cvu:mtme_BLEURT-20-refA,cvu,0.914
zhen,05,0.02,dedup_cvl:mtme_COMET-20-refA,cvl,0.9125
zhen,05,0.02,dedup_cvq:mtme_COMET-20-refA,cvq,0.9115
zhen,05,0.02,dedup_cvu:mtme_COMET-20-refA,cvu,0.9115
zhen,05,0.02,weighted_cvl:mtme_COMET-20-refA,cvl,0.9095
zhen,05,0.02,weighted_cvq:mtme_COMET-20-refA,cvq,0.911
zhen,05,0.02,weighted_cvu:mtme_COMET-20-refA,cvu,0.9115
zhen,05,0.02,dedup_cvl:mtme_COMET-22-refA,cvl,0.904
zhen,05,0.02,dedup_cvq:mtme_COMET-22-refA,cvq,0.9025
zhen,05,0.02,dedup_cvu:mtme_COMET-22-refA,cvu,0.9045
zhen,05,0.02,weighted_cvl:mtme_COMET-22-refA,cvl,0.901
zhen,05,0.02,weighted_cvq:mtme_COMET-22-refA,cvq,0.901
zhen,05,0.02,weighted_cvu:mtme_COMET-22-refA,cvu,0.8975
zhen,05,0.02,dedup_cvl:mtme_COMET-QE-src,cvl,0.902
zhen,05,0.02,dedup_cvq:mtme_COMET-QE-src,cvq,0.904
zhen,05,0.02,dedup_cvu:mtme_COMET-QE-src,cvu,0.9055
zhen,05,0.02,weighted_cvl:mtme_COMET-QE-src,cvl,0.9065
zhen,05,0.02,weighted_cvq:mtme_COMET-QE-src,cvq,0.9055
zhen,05,0.02,weighted_cvu:mtme_COMET-QE-src,cvu,0.9075
zhen,05,0.02,dedup_cvl:mtme_COMETKiwi-src,cvl,0.9165
zhen,05,0.02,dedup_cvq:mtme_COMETKiwi-src,cvq,0.9115
zhen,05,0.02,dedup_cvu:mtme_COMETKiwi-src,cvu,0.915
zhen,05,0.02,weighted_cvl:mtme_COMETKiwi-src,cvl,0.9055
zhen,05,0.02,weighted_cvq:mtme_COMETKiwi-src,cvq,0.902
zhen,05,0.02,weighted_cvu:mtme_COMETKiwi-src,cvu,0.904
zhen,05,0.02,dedup_cvl:mtme_Cross-QE-src,cvl,0.9045
zhen,05,0.02,dedup_cvq:mtme_Cross-QE-src,cvq,0.913
zhen,05,0.02,dedup_cvu:mtme_Cross-QE-src,cvu,0.9025
zhen,05,0.02,weighted_cvl:mtme_Cross-QE-src,cvl,0.8965
zhen,05,0.02,weighted_cvq:mtme_Cross-QE-src,cvq,0.911
zhen,05,0.02,weighted_cvu:mtme_Cross-QE-src,cvu,0.9105
zhen,05,0.02,dedup_cvl:mtme_HWTSC-TLM-src,cvl,0.911
zhen,05,0.02,dedup_cvq:mtme_HWTSC-TLM-src,cvq,0.9085
zhen,05,0.02,dedup_cvu:mtme_HWTSC-TLM-src,cvu,0.912
zhen,05,0.02,weighted_cvl:mtme_HWTSC-TLM-src,cvl,0.9035
zhen,05,0.02,weighted_cvq:mtme_HWTSC-TLM-src,cvq,0.903
zhen,05,0.02,weighted_cvu:mtme_HWTSC-TLM-src,cvu,0.903
zhen,05,0.02,dedup_cvl:mtme_HWTSC-Teacher-Sim-src,cvl,0.91
zhen,05,0.02,dedup_cvq:mtme_HWTSC-Teacher-Sim-src,cvq,0.909
zhen,05,0.02,dedup_cvu:mtme_HWTSC-Teacher-Sim-src,cvu,0.9095
zhen,05,0.02,weighted_cvl:mtme_HWTSC-Teacher-Sim-src,cvl,0.904
zhen,05,0.02,weighted_cvq:mtme_HWTSC-Teacher-Sim-src,cvq,0.904
zhen,05,0.02,weighted_cvu:mtme_HWTSC-Teacher-Sim-src,cvu,0.9055
zhen,05,0.02,dedup_cvl:mtme_KG-BERTScore-src,cvl,0.9085
zhen,05,0.02,dedup_cvq:mtme_KG-BERTScore-src,cvq,0.908
zhen,05,0.02,dedup_cvu:mtme_KG-BERTScore-src,cvu,0.91
zhen,05,0.02,weighted_cvl:mtme_KG-BERTScore-src,cvl,0.9025
zhen,05,0.02,weighted_cvq:mtme_KG-BERTScore-src,cvq,0.905
zhen,05,0.02,weighted_cvu:mtme_KG-BERTScore-src,cvu,0.9035
zhen,05,0.02,dedup_cvl:mtme_MATESE-QE-src,cvl,0.9055
zhen,05,0.02,dedup_cvq:mtme_MATESE-QE-src,cvq,0.915
zhen,05,0.02,dedup_cvu:mtme_MATESE-QE-src,cvu,0.9075
zhen,05,0.02,weighted_cvl:mtme_MATESE-QE-src,cvl,0.914
zhen,05,0.02,weighted_cvq:mtme_MATESE-QE-src,cvq,0.9115
zhen,05,0.02,weighted_cvu:mtme_MATESE-QE-src,cvu,0.911
zhen,05,0.02,dedup_cvl:mtme_MATESE-refA,cvl,0.9135
zhen,05,0.02,dedup_cvq:mtme_MATESE-refA,cvq,0.9115
zhen,05,0.02,dedup_cvu:mtme_MATESE-refA,cvu,0.913
zhen,05,0.02,weighted_cvl:mtme_MATESE-refA,cvl,0.91
zhen,05,0.02,weighted_cvq:mtme_MATESE-refA,cvq,0.9085
zhen,05,0.02,weighted_cvu:mtme_MATESE-refA,cvu,0.909
zhen,05,0.02,dedup_cvl:mtme_MEE-refA,cvl,0.909
zhen,05,0.02,dedup_cvq:mtme_MEE-refA,cvq,0.905
zhen,05,0.02,dedup_cvu:mtme_MEE-refA,cvu,0.9075
zhen,05,0.02,weighted_cvl:mtme_MEE-refA,cvl,0.9
zhen,05,0.02,weighted_cvq:mtme_MEE-refA,cvq,0.918
zhen,05,0.02,weighted_cvu:mtme_MEE-refA,cvu,0.918
zhen,05,0.02,dedup_cvl:mtme_MEE2-refA,cvl,0.9105
zhen,05,0.02,dedup_cvq:mtme_MEE2-refA,cvq,0.916
zhen,05,0.02,dedup_cvu:mtme_MEE2-refA,cvu,0.9105
zhen,05,0.02,weighted_cvl:mtme_MEE2-refA,cvl,0.9185
zhen,05,0.02,weighted_cvq:mtme_MEE2-refA,cvq,0.918
zhen,05,0.02,weighted_cvu:mtme_MEE2-refA,cvu,0.92
zhen,05,0.02,dedup_cvl:mtme_MEE4-refA,cvl,0.9085
zhen,05,0.02,dedup_cvq:mtme_MEE4-refA,cvq,0.9135
zhen,05,0.02,dedup_cvu:mtme_MEE4-refA,cvu,0.913
zhen,05,0.02,weighted_cvl:mtme_MEE4-refA,cvl,0.9205
zhen,05,0.02,weighted_cvq:mtme_MEE4-refA,cvq,0.9185
zhen,05,0.02,weighted_cvu:mtme_MEE4-refA,cvu,0.917
zhen,05,0.02,dedup_cvl:mtme_MS-COMET-22-refA,cvl,0.9075
zhen,05,0.02,dedup_cvq:mtme_MS-COMET-22-refA,cvq,0.9105
zhen,05,0.02,dedup_cvu:mtme_MS-COMET-22-refA,cvu,0.909
zhen,05,0.02,weighted_cvl:mtme_MS-COMET-22-refA,cvl,0.9135
zhen,05,0.02,weighted_cvq:mtme_MS-COMET-22-refA,cvq,0.9105
zhen,05,0.02,weighted_cvu:mtme_MS-COMET-22-refA,cvu,0.9145
zhen,05,0.02,dedup_cvl:mtme_MS-COMET-QE-22-src,cvl,0.911
zhen,05,0.02,dedup_cvq:mtme_MS-COMET-QE-22-src,cvq,0.9125
zhen,05,0.02,dedup_cvu:mtme_MS-COMET-QE-22-src,cvu,0.9045
zhen,05,0.02,weighted_cvl:mtme_MS-COMET-QE-22-src,cvl,0.9115
zhen,05,0.02,weighted_cvq:mtme_MS-COMET-QE-22-src,cvq,0.9115
zhen,05,0.02,weighted_cvu:mtme_MS-COMET-QE-22-src,cvu,0.912
zhen,05,0.02,dedup_cvl:mtme_REUSE-src,cvl,0.91
zhen,05,0.02,dedup_cvq:mtme_REUSE-src,cvq,0.9085
zhen,05,0.02,dedup_cvu:mtme_REUSE-src,cvu,0.91
zhen,05,0.02,weighted_cvl:mtme_REUSE-src,cvl,0.9155
zhen,05,0.02,weighted_cvq:mtme_REUSE-src,cvq,0.9165
zhen,05,0.02,weighted_cvu:mtme_REUSE-src,cvu,0.9175
zhen,05,0.02,dedup_cvl:mtme_SEScore-refA,cvl,0.91
zhen,05,0.02,dedup_cvq:mtme_SEScore-refA,cvq,0.9155
zhen,05,0.02,dedup_cvu:mtme_SEScore-refA,cvu,0.9115
zhen,05,0.02,weighted_cvl:mtme_SEScore-refA,cvl,0.914
zhen,05,0.02,weighted_cvq:mtme_SEScore-refA,cvq,0.911
zhen,05,0.02,weighted_cvu:mtme_SEScore-refA,cvu,0.9145
zhen,05,0.02,dedup_cvl:mtme_UniTE-ref-refA,cvl,0.9075
zhen,05,0.02,dedup_cvq:mtme_UniTE-ref-refA,cvq,0.9065
zhen,05,0.02,dedup_cvu:mtme_UniTE-ref-refA,cvu,0.9085
zhen,05,0.02,weighted_cvl:mtme_UniTE-ref-refA,cvl,0.907
zhen,05,0.02,weighted_cvq:mtme_UniTE-ref-refA,cvq,0.907
zhen,05,0.02,weighted_cvu:mtme_UniTE-ref-refA,cvu,0.907
zhen,05,0.02,dedup_cvl:mtme_UniTE-refA,cvl,0.9125
zhen,05,0.02,dedup_cvq:mtme_UniTE-refA,cvq,0.91
zhen,05,0.02,dedup_cvu:mtme_UniTE-refA,cvu,0.9155
zhen,05,0.02,weighted_cvl:mtme_UniTE-refA,cvl,0.911
zhen,05,0.02,weighted_cvq:mtme_UniTE-refA,cvq,0.909
zhen,05,0.02,weighted_cvu:mtme_UniTE-refA,cvu,0.909
zhen,05,0.02,dedup_cvl:mtme_UniTE-src-src,cvl,0.918
zhen,05,0.02,dedup_cvq:mtme_UniTE-src-src,cvq,0.9175
zhen,05,0.02,dedup_cvu:mtme_UniTE-src-src,cvu,0.92
zhen,05,0.02,weighted_cvl:mtme_UniTE-src-src,cvl,0.91
zhen,05,0.02,weighted_cvq:mtme_UniTE-src-src,cvq,0.9105
zhen,05,0.02,weighted_cvu:mtme_UniTE-src-src,cvu,0.913
zhen,05,0.02,dedup_cvl:mtme_YiSi-1-refA,cvl,0.907
zhen,05,0.02,dedup_cvq:mtme_YiSi-1-refA,cvq,0.9155
zhen,05,0.02,dedup_cvu:mtme_YiSi-1-refA,cvu,0.9075
zhen,05,0.02,weighted_cvl:mtme_YiSi-1-refA,cvl,0.915
zhen,05,0.02,weighted_cvq:mtme_YiSi-1-refA,cvq,0.9145
zhen,05,0.02,weighted_cvu:mtme_YiSi-1-refA,cvu,0.9165
zhen,05,0.02,dedup_cvl:mtme_chrF-refA,cvl,0.91
zhen,05,0.02,dedup_cvq:mtme_chrF-refA,cvq,0.916
zhen,05,0.02,dedup_cvu:mtme_chrF-refA,cvu,0.909
zhen,05,0.02,weighted_cvl:mtme_chrF-refA,cvl,0.9195
zhen,05,0.02,weighted_cvq:mtme_chrF-refA,cvq,0.918
zhen,05,0.02,weighted_cvu:mtme_chrF-refA,cvu,0.9205
zhen,05,0.02,dedup_cvl:mtme_f101spBLEU-refA,cvl,0.911
zhen,05,0.02,dedup_cvq:mtme_f101spBLEU-refA,cvq,0.912
zhen,05,0.02,dedup_cvu:mtme_f101spBLEU-refA,cvu,0.9105
zhen,05,0.02,weighted_cvl:mtme_f101spBLEU-refA,cvl,0.9205
zhen,05,0.02,weighted_cvq:mtme_f101spBLEU-refA,cvq,0.9155
zhen,05,0.02,weighted_cvu:mtme_f101spBLEU-refA,cvu,0.9175
zhen,05,0.02,dedup_cvl:mtme_f200spBLEU-refA,cvl,0.909
zhen,05,0.02,dedup_cvq:mtme_f200spBLEU-refA,cvq,0.915
zhen,05,0.02,dedup_cvu:mtme_f200spBLEU-refA,cvu,0.909
zhen,05,0.02,weighted_cvl:mtme_f200spBLEU-refA,cvl,0.9205
zhen,05,0.02,weighted_cvq:mtme_f200spBLEU-refA,cvq,0.915
zhen,05,0.02,weighted_cvu:mtme_f200spBLEU-refA,cvu,0.9165
zhen,05,0.02,dedup_cvl:mtme_metricx_xl_DA_2019-refA,cvl,0.9155
zhen,05,0.02,dedup_cvq:mtme_metricx_xl_DA_2019-refA,cvq,0.911
zhen,05,0.02,dedup_cvu:mtme_metricx_xl_DA_2019-refA,cvu,0.9125
zhen,05,0.02,weighted_cvl:mtme_metricx_xl_DA_2019-refA,cvl,0.9115
zhen,05,0.02,weighted_cvq:mtme_metricx_xl_DA_2019-refA,cvq,0.9075
zhen,05,0.02,weighted_cvu:mtme_metricx_xl_DA_2019-refA,cvu,0.9075
zhen,05,0.02,dedup_cvl:mtme_metricx_xl_MQM_2020-refA,cvl,0.9115
zhen,05,0.02,dedup_cvq:mtme_metricx_xl_MQM_2020-refA,cvq,0.9095
zhen,05,0.02,dedup_cvu:mtme_metricx_xl_MQM_2020-refA,cvu,0.908
zhen,05,0.02,weighted_cvl:mtme_metricx_xl_MQM_2020-refA,cvl,0.905
zhen,05,0.02,weighted_cvq:mtme_metricx_xl_MQM_2020-refA,cvq,0.9035
zhen,05,0.02,weighted_cvu:mtme_metricx_xl_MQM_2020-refA,cvu,0.903
zhen,05,0.02,dedup_cvl:mtme_metricx_xxl_DA_2019-refA,cvl,0.913
zhen,05,0.02,dedup_cvq:mtme_metricx_xxl_DA_2019-refA,cvq,0.9105
zhen,05,0.02,dedup_cvu:mtme_metricx_xxl_DA_2019-refA,cvu,0.91
zhen,05,0.02,weighted_cvl:mtme_metricx_xxl_DA_2019-refA,cvl,0.916
zhen,05,0.02,weighted_cvq:mtme_metricx_xxl_DA_2019-refA,cvq,0.911
zhen,05,0.02,weighted_cvu:mtme_metricx_xxl_DA_2019-refA,cvu,0.91
zhen,05,0.02,dedup_cvl:mtme_metricx_xxl_MQM_2020-refA,cvl,0.907
zhen,05,0.02,dedup_cvq:mtme_metricx_xxl_MQM_2020-refA,cvq,0.901
zhen,05,0.02,dedup_cvu:mtme_metricx_xxl_MQM_2020-refA,cvu,0.9035
zhen,05,0.02,weighted_cvl:mtme_metricx_xxl_MQM_2020-refA,cvl,0.905
zhen,05,0.02,weighted_cvq:mtme_metricx_xxl_MQM_2020-refA,cvq,0.904
zhen,05,0.02,weighted_cvu:mtme_metricx_xxl_MQM_2020-refA,cvu,0.9035
zhen,05,0.02,weighted_cvo:mtme_BERTScore-refA,cvo,0.916
zhen,05,0.02,weighted_cvo:mtme_BLEU-refA,cvo,0.9165
zhen,05,0.02,weighted_cvo:mtme_BLEURT-20-refA,cvo,0.9145
zhen,05,0.02,weighted_cvo:mtme_COMET-20-refA,cvo,0.915
zhen,05,0.02,weighted_cvo:mtme_COMET-22-refA,cvo,0.9065
zhen,05,0.02,weighted_cvo:mtme_COMET-QE-src,cvo,0.9095
zhen,05,0.02,weighted_cvo:mtme_COMETKiwi-src,cvo,0.905
zhen,05,0.02,weighted_cvo:mtme_Cross-QE-src,cvo,0.91
zhen,05,0.02,weighted_cvo:mtme_HWTSC-TLM-src,cvo,0.917
zhen,05,0.02,weighted_cvo:mtme_HWTSC-Teacher-Sim-src,cvo,0.9185
zhen,05,0.02,weighted_cvo:mtme_KG-BERTScore-src,cvo,0.9185
zhen,05,0.02,weighted_cvo:mtme_MATESE-QE-src,cvo,0.9115
zhen,05,0.02,weighted_cvo:mtme_MATESE-refA,cvo,0.9125
zhen,05,0.02,weighted_cvo:mtme_MEE-refA,cvo,0.9205
zhen,05,0.02,weighted_cvo:mtme_MEE2-refA,cvo,0.922
zhen,05,0.02,weighted_cvo:mtme_MEE4-refA,cvo,0.9205
zhen,05,0.02,weighted_cvo:mtme_MS-COMET-22-refA,cvo,0.918
zhen,05,0.02,weighted_cvo:mtme_MS-COMET-QE-22-src,cvo,0.916
zhen,05,0.02,weighted_cvo:mtme_REUSE-src,cvo,0.9175
zhen,05,0.02,weighted_cvo:mtme_SEScore-refA,cvo,0.9125
zhen,05,0.02,weighted_cvo:mtme_UniTE-ref-refA,cvo,0.91
zhen,05,0.02,weighted_cvo:mtme_UniTE-refA,cvo,0.912
zhen,05,0.02,weighted_cvo:mtme_UniTE-src-src,cvo,0.911
zhen,05,0.02,weighted_cvo:mtme_YiSi-1-refA,cvo,0.9165
zhen,05,0.02,weighted_cvo:mtme_chrF-refA,cvo,0.9195
zhen,05,0.02,weighted_cvo:mtme_f101spBLEU-refA,cvo,0.9175
zhen,05,0.02,weighted_cvo:mtme_f200spBLEU-refA,cvo,0.9165
zhen,05,0.02,weighted_cvo:mtme_metricx_xl_DA_2019-refA,cvo,0.912
zhen,05,0.02,weighted_cvo:mtme_metricx_xl_MQM_2020-refA,cvo,0.9085
zhen,05,0.02,weighted_cvo:mtme_metricx_xxl_DA_2019-refA,cvo,0.9115
zhen,05,0.02,weighted_cvo:mtme_metricx_xxl_MQM_2020-refA,cvo,0.9035
zhen,12,0.01,uniform,human,0.9015
zhen,12,0.01,dedup,human,0.8945
zhen,12,0.01,weighted,human,0.9035
zhen,12,0.01,dedup_cvl:mtme_BERTScore-refA,cvl,0.8955
zhen,12,0.01,dedup_cvq:mtme_BERTScore-refA,cvq,0.893
zhen,12,0.01,dedup_cvu:mtme_BERTScore-refA,cvu,0.8955
zhen,12,0.01,weighted_cvl:mtme_BERTScore-refA,cvl,0.901
zhen,12,0.01,weighted_cvq:mtme_BERTScore-refA,cvq,0.9025
zhen,12,0.01,weighted_cvu:mtme_BERTScore-refA,cvu,0.903
zhen,12,0.01,dedup_cvl:mtme_BLEU-refA,cvl,0.8945
zhen,12,0.01,dedup_cvq:mtme_BLEU-refA,cvq,0.893
zhen,12,0.01,dedup_cvu:mtme_BLEU-refA,cvu,0.8935
zhen,12,0.01,weighted_cvl:mtme_BLEU-refA,cvl,0.897
zhen,12,0.01,weighted_cvq:mtme_BLEU-refA,cvq,0.9015
zhen,12,0.01,weighted_cvu:mtme_BLEU-refA,cvu,0.9015
zhen,12,0.01,dedup_cvl:mtme_BLEURT-20-refA,cvl,0.8995
zhen,12,0.01,dedup_cvq:mtme_BLEURT-20-refA,cvq,0.8925
zhen,12,0.01,dedup_cvu:mtme_BLEURT-20-refA,cvu,0.8975
zhen,12,0.01,weighted_cvl:mtme_BLEURT-20-refA,cvl,0.8995
zhen,12,0.01,weighted_cvq:mtme_BLEURT-20-refA,cvq,0.9005
zhen,12,0.01,weighted_cvu:mtme_BLEURT-20-refA,cvu,0.9015
zhen,12,0.01,dedup_cvl:mtme_COMET-20-refA,cvl,0.905
zhen,12,0.01,dedup_cvq:mtme_COMET-20-refA,cvq,0.894
zhen,12,0.01,dedup_cvu:mtme_COMET-20-refA,cvu,0.898
zhen,12,0.01,weighted_cvl:mtme_COMET-20-refA,cvl,0.909
zhen,12,0.01,weighted_cvq:mtme_COMET-20-refA,cvq,0.9105
zhen,12,0.01,weighted_cvu:mtme_COMET-20-refA,cvu,0.912
zhen,12,0.01,dedup_cvl:mtme_COMET-22-refA,cvl,0.9015
zhen,12,0.01,dedup_cvq:mtme_COMET-22-refA,cvq,0.8945
zhen,12,0.01,dedup_cvu:mtme_COMET-22-refA,cvu,0.8955
zhen,12,0.01,weighted_cvl:mtme_COMET-22-refA,cvl,0.903
zhen,12,0.01,weighted_cvq:mtme_COMET-22-refA,cvq,0.909
zhen,12,0.01,weighted_cvu:mtme_COMET-22-refA,cvu,0.907
zhen,12,0.01,dedup_cvl:mtme_COMET-QE-src,cvl,0.903
zhen,12,0.01,dedup_cvq:mtme_COMET-QE-src,cvq,0.8995
zhen,12,0.01,dedup_cvu:mtme_COMET-QE-src,cvu,0.9005
zhen,12,0.01,weighted_cvl:mtme_COMET-QE-src,cvl,0.9005
zhen,12,0.01,weighted_cvq:mtme_COMET-QE-src,cvq,0.901
zhen,12,0.01,weighted_cvu:mtme_COMET-QE-src,cvu,0.9015
zhen,12,0.01,dedup_cvl:mtme_COMETKiwi-src,cvl,0.9015
zhen,12,0.01,dedup_cvq:mtme_COMETKiwi-src,cvq,0.8975
zhen,12,0.01,dedup_cvu:mtme_COMETKiwi-src,cvu,0.8995
zhen,12,0.01,weighted_cvl:mtme_COMETKiwi-src,cvl,0.9055
zhen,12,0.01,weighted_cvq:mtme_COMETKiwi-src,cvq,0.907
zhen,12,0.01,weighted_cvu:mtme_COMETKiwi-src,cvu,0.9045
zhen,12,0.01,dedup_cvl:mtme_Cross-QE-src,cvl,0.8985
zhen,12,0.01,dedup_cvq:mtme_Cross-QE-src,cvq,0.8945
zhen,12,0.01,dedup_cvu:mtme_Cross-QE-src,cvu,0.898
zhen,12,0.01,weighted_cvl:mtme_Cross-QE-src,cvl,0.897
zhen,12,0.01,weighted_cvq:mtme_Cross-QE-src,cvq,0.9065
zhen,12,0.01,weighted_cvu:mtme_Cross-QE-src,cvu,0.906
zhen,12,0.01,dedup_cvl:mtme_HWTSC-TLM-src,cvl,0.8955
zhen,12,0.01,dedup_cvq:mtme_HWTSC-TLM-src,cvq,0.891
zhen,12,0.01,dedup_cvu:mtme_HWTSC-TLM-src,cvu,0.894
zhen,12,0.01,weighted_cvl:mtme_HWTSC-TLM-src,cvl,0.9025
zhen,12,0.01,weighted_cvq:mtme_HWTSC-TLM-src,cvq,0.9025
zhen,12,0.01,weighted_cvu:mtme_HWTSC-TLM-src,cvu,0.9015
zhen,12,0.01,dedup_cvl:mtme_HWTSC-Teacher-Sim-src,cvl,0.8935
zhen,12,0.01,dedup_cvq:mtme_HWTSC-Teacher-Sim-src,cvq,0.893
zhen,12,0.01,dedup_cvu:mtme_HWTSC-Teacher-Sim-src,cvu,0.8945
zhen,12,0.01,weighted_cvl:mtme_HWTSC-Teacher-Sim-src,cvl,0.906
zhen,12,0.01,weighted_cvq:mtme_HWTSC-Teacher-Sim-src,cvq,0.9
zhen,12,0.01,weighted_cvu:mtme_HWTSC-Teacher-Sim-src,cvu,0.903
zhen,12,0.01,dedup_cvl:mtme_KG-BERTScore-src,cvl,0.8915
zhen,12,0.01,dedup_cvq:mtme_KG-BERTScore-src,cvq,0.8905
zhen,12,0.01,dedup_cvu:mtme_KG-BERTScore-src,cvu,0.893
zhen,12,0.01,weighted_cvl:mtme_KG-BERTScore-src,cvl,0.8995
zhen,12,0.01,weighted_cvq:mtme_KG-BERTScore-src,cvq,0.905
zhen,12,0.01,weighted_cvu:mtme_KG-BERTScore-src,cvu,0.901
zhen,12,0.01,dedup_cvl:mtme_MATESE-QE-src,cvl,0.901
zhen,12,0.01,dedup_cvq:mtme_MATESE-QE-src,cvq,0.8915
zhen,12,0.01,dedup_cvu:mtme_MATESE-QE-src,cvu,0.8965
zhen,12,0.01,weighted_cvl:mtme_MATESE-QE-src,cvl,0.906
zhen,12,0.01,weighted_cvq:mtme_MATESE-QE-src,cvq,0.9025
zhen,12,0.01,weighted_cvu:mtme_MATESE-QE-src,cvu,0.904
zhen,12,0.01,dedup_cvl:mtme_MATESE-refA,cvl,0.9
zhen,12,0.01,dedup_cvq:mtme_MATESE-refA,cvq,0.8925
zhen,12,0.01,dedup_cvu:mtme_MATESE-refA,cvu,0.896
zhen,12,0.01,weighted_cvl:mtme_MATESE-refA,cvl,0.9015
zhen,12,0.01,weighted_cvq:mtme_MATESE-refA,cvq,0.9035
zhen,12,0.01,weighted_cvu:mtme_MATESE-refA,cvu,0.901
zhen,12,0.01,dedup_cvl:mtme_MEE-refA,cvl,0.892
zhen,12,0.01,dedup_cvq:mtme_MEE-refA,cvq,0.8915
zhen,12,0.01,dedup_cvu:mtme_MEE-refA,cvu,0.895
zhen,12,0.01,weighted_cvl:mtme_MEE-refA,cvl,0.9015
zhen,12,0.01,weighted_cvq:mtme_MEE-refA,cvq,0.905
zhen,12,0.01,weighted_cvu:mtme_MEE-refA,cvu,0.905
zhen,12,0.01,dedup_cvl:mtme_MEE2-refA,cvl,0.895
zhen,12,0.01,dedup_cvq:mtme_MEE2-refA,cvq,0.8905
zhen,12,0.01,dedup_cvu:mtme_MEE2-refA,cvu,0.8925
zhen,12,0.01,weighted_cvl:mtme_MEE2-refA,cvl,0.9005
zhen,12,0.01,weighted_cvq:mtme_MEE2-refA,cvq,0.904
zhen,12,0.01,weighted_cvu:mtme_MEE2-refA,cvu,0.904
zhen,12,0.01,dedup_cvl:mtme_MEE4-refA,cvl,0.8985
zhen,12,0.01,dedup_cvq:mtme_MEE4-refA,cvq,0.8925
zhen,12,0.01,dedup_cvu:mtme_MEE4-refA,cvu,0.8945
zhen,12,0.01,weighted_cvl:mtme_MEE4-refA,cvl,0.899
zhen,12,0.01,weighted_cvq:mtme_MEE4-refA,cvq,0.9025
zhen,12,0.01,weighted_cvu:mtme_MEE4-refA,cvu,0.9045
zhen,12,0.01,dedup_cvl:mtme_MS-COMET-22-refA,cvl,0.897
zhen,12,0.01,dedup_cvq:mtme_MS-COMET-22-refA,cvq,0.895
zhen,12,0.01,dedup_cvu:mtme_MS-COMET-22-refA,cvu,0.896
zhen,12,0.01,weighted_cvl:mtme_MS-COMET-22-refA,cvl,0.9015
zhen,12,0.01,weighted_cvq:mtme_MS-COMET-22-refA,cvq,0.905
zhen,12,0.01,weighted_cvu:mtme_MS-COMET-22-refA,cvu,0.91
zhen,12,0.01,dedup_cvl:mtme_MS-COMET-QE-22-src,cvl,0.8985
zhen,12,0.01,dedup_cvq:mtme_MS-COMET-QE-22-src,cvq,0.8965
zhen,12,0.01,dedup_cvu:mtme_MS-COMET-QE-22-src,cvu,0.8985
zhen,12,0.01,weighted_cvl:mtme_MS-COMET-QE-22-src,cvl,0.9015
zhen,12,0.01,weighted_cvq:mtme_MS-COMET-QE-22-src,cvq,0.905
zhen,12,0.01,weighted_cvu:mtme_MS-COMET-QE-22-src,cvu,0.9055
zhen,12,0.01,dedup_cvl:mtme_REUSE-src,cvl,0.894
zhen,12,0.01,dedup_cvq:mtme_REUSE-src,cvq,0.8925
zhen,12,0.01,dedup_cvu:mtme_REUSE-src,cvu,0.8945
zhen,12,0.01,weighted_cvl:mtme_REUSE-src,cvl,0.9
zhen,12,0.01,weighted_cvq:mtme_REUSE-src,cvq,0.8995
zhen,12,0.01,weighted_cvu:mtme_REUSE-src,cvu,0.8995
zhen,12,0.01,dedup_cvl:mtme_SEScore-refA,cvl,0.8975
zhen,12,0.01,dedup_cvq:mtme_SEScore-refA,cvq,0.8905
zhen,12,0.01,dedup_cvu:mtme_SEScore-refA,cvu,0.8915
zhen,12,0.01,weighted_cvl:mtme_SEScore-refA,cvl,0.901
zhen,12,0.01,weighted_cvq:mtme_SEScore-refA,cvq,0.9045
zhen,12,0.01,weighted_cvu:mtme_SEScore-refA,cvu,0.9
zhen,12,0.01,dedup_cvl:mtme_UniTE-ref-refA,cvl,0.9055
zhen,12,0.01,dedup_cvq:mtme_UniTE-ref-refA,cvq,0.8945
zhen,12,0.01,dedup_cvu:mtme_UniTE-ref-refA,cvu,0.897
zhen,12,0.01,weighted_cvl:mtme_UniTE-ref-refA,cvl,0.901
zhen,12,0.01,weighted_cvq:mtme_UniTE-ref-refA,cvq,0.9005
zhen,12,0.01,weighted_cvu:mtme_UniTE-ref-refA,cvu,0.8985
zhen,12,0.01,dedup_cvl:mtme_UniTE-refA,cvl,0.9005
zhen,12,0.01,dedup_cvq:mtme_UniTE-refA,cvq,0.891
zhen,12,0.01,dedup_cvu:mtme_UniTE-refA,cvu,0.8955
zhen,12,0.01,weighted_cvl:mtme_UniTE-refA,cvl,0.9025
zhen,12,0.01,weighted_cvq:mtme_UniTE-refA,cvq,0.904
zhen,12,0.01,weighted_cvu:mtme_UniTE-refA,cvu,0.9
zhen,12,0.01,dedup_cvl:mtme_UniTE-src-src,cvl,0.9035
zhen,12,0.01,dedup_cvq:mtme_UniTE-src-src,cvq,0.894
zhen,12,0.01,dedup_cvu:mtme_UniTE-src-src,cvu,0.8985
zhen,12,0.01,weighted_cvl:mtme_UniTE-src-src,cvl,0.902
zhen,12,0.01,weighted_cvq:mtme_UniTE-src-src,cvq,0.903
zhen,12,0.01,weighted_cvu:mtme_UniTE-src-src,cvu,0.907
zhen,12,0.01,dedup_cvl:mtme_YiSi-1-refA,cvl,0.8955
zhen,12,0.01,dedup_cvq:mtme_YiSi-1-refA,cvq,0.8925
zhen,12,0.01,dedup_cvu:mtme_YiSi-1-refA,cvu,0.8945
zhen,12,0.01,weighted_cvl:mtme_YiSi-1-refA,cvl,0.9015
zhen,12,0.01,weighted_cvq:mtme_YiSi-1-refA,cvq,0.9035
zhen,12,0.01,weighted_cvu:mtme_YiSi-1-refA,cvu,0.901
zhen,12,0.01,dedup_cvl:mtme_chrF-refA,cvl,0.8955
zhen,12,0.01,dedup_cvq:mtme_chrF-refA,cvq,0.8915
zhen,12,0.01,dedup_cvu:mtme_chrF-refA,cvu,0.8935
zhen,12,0.01,weighted_cvl:mtme_chrF-refA,cvl,0.901
zhen,12,0.01,weighted_cvq:mtme_chrF-refA,cvq,0.902
zhen,12,0.01,weighted_cvu:mtme_chrF-refA,cvu,0.902
zhen,12,0.01,dedup_cvl:mtme_f101spBLEU-refA,cvl,0.894
zhen,12,0.01,dedup_cvq:mtme_f101spBLEU-refA,cvq,0.8915
zhen,12,0.01,dedup_cvu:mtme_f101spBLEU-refA,cvu,0.8935
zhen,12,0.01,weighted_cvl:mtme_f101spBLEU-refA,cvl,0.899
zhen,12,0.01,weighted_cvq:mtme_f101spBLEU-refA,cvq,0.903
zhen,12,0.01,weighted_cvu:mtme_f101spBLEU-refA,cvu,0.9045
zhen,12,0.01,dedup_cvl:mtme_f200spBLEU-refA,cvl,0.8955
zhen,12,0.01,dedup_cvq:mtme_f200spBLEU-refA,cvq,0.8915
zhen,12,0.01,dedup_cvu:mtme_f200spBLEU-refA,cvu,0.8935
zhen,12,0.01,weighted_cvl:mtme_f200spBLEU-refA,cvl,0.8995
zhen,12,0.01,weighted_cvq:mtme_f200spBLEU-refA,cvq,0.902
zhen,12,0.01,weighted_cvu:mtme_f200spBLEU-refA,cvu,0.903
zhen,12,0.01,dedup_cvl:mtme_metricx_xl_DA_2019-refA,cvl,0.904
zhen,12,0.01,dedup_cvq:mtme_metricx_xl_DA_2019-refA,cvq,0.903
zhen,12,0.01,dedup_cvu:mtme_metricx_xl_DA_2019-refA,cvu,0.902
zhen,12,0.01,weighted_cvl:mtme_metricx_xl_DA_2019-refA,cvl,0.8985
zhen,12,0.01,weighted_cvq:mtme_metricx_xl_DA_2019-refA,cvq,0.9015
zhen,12,0.01,weighted_cvu:mtme_metricx_xl_DA_2019-refA,cvu,0.902
zhen,12,0.01,dedup_cvl:mtme_metricx_xl_MQM_2020-refA,cvl,0.9095
zhen,12,0.01,dedup_cvq:mtme_metricx_xl_MQM_2020-refA,cvq,0.9045
zhen,12,0.01,dedup_cvu:mtme_metricx_xl_MQM_2020-refA,cvu,0.9045
zhen,12,0.01,weighted_cvl:mtme_metricx_xl_MQM_2020-refA,cvl,0.9065
zhen,12,0.01,weighted_cvq:mtme_metricx_xl_MQM_2020-refA,cvq,0.9065
zhen,12,0.01,weighted_cvu:mtme_metricx_xl_MQM_2020-refA,cvu,0.9045
zhen,12,0.01,dedup_cvl:mtme_metricx_xxl_DA_2019-refA,cvl,0.9035
zhen,12,0.01,dedup_cvq:mtme_metricx_xxl_DA_2019-refA,cvq,0.8995
zhen,12,0.01,dedup_cvu:mtme_metricx_xxl_DA_2019-refA,cvu,0.9
zhen,12,0.01,weighted_cvl:mtme_metricx_xxl_DA_2019-refA,cvl,0.899
zhen,12,0.01,weighted_cvq:mtme_metricx_xxl_DA_2019-refA,cvq,0.901
zhen,12,0.01,weighted_cvu:mtme_metricx_xxl_DA_2019-refA,cvu,0.9005
zhen,12,0.01,dedup_cvl:mtme_metricx_xxl_MQM_2020-refA,cvl,0.9065
zhen,12,0.01,dedup_cvq:mtme_metricx_xxl_MQM_2020-refA,cvq,0.9065
zhen,12,0.01,dedup_cvu:mtme_metricx_xxl_MQM_2020-refA,cvu,0.908
zhen,12,0.01,weighted_cvl:mtme_metricx_xxl_MQM_2020-refA,cvl,0.9035
zhen,12,0.01,weighted_cvq:mtme_metricx_xxl_MQM_2020-refA,cvq,0.9025
zhen,12,0.01,weighted_cvu:mtme_metricx_xxl_MQM_2020-refA,cvu,0.904
zhen,12,0.01,weighted_cvo:mtme_BERTScore-refA,cvo,0.9025
zhen,12,0.01,weighted_cvo:mtme_BLEU-refA,cvo,0.904
zhen,12,0.01,weighted_cvo:mtme_BLEURT-20-refA,cvo,0.9005
zhen,12,0.01,weighted_cvo:mtme_COMET-20-refA,cvo,0.906
zhen,12,0.01,weighted_cvo:mtme_COMET-22-refA,cvo,0.9085
zhen,12,0.01,weighted_cvo:mtme_COMET-QE-src,cvo,0.9025
zhen,12,0.01,weighted_cvo:mtme_COMETKiwi-src,cvo,0.9055
zhen,12,0.01,weighted_cvo:mtme_Cross-QE-src,cvo,0.909
zhen,12,0.01,weighted_cvo:mtme_HWTSC-TLM-src,cvo,0.901
zhen,12,0.01,weighted_cvo:mtme_HWTSC-Teacher-Sim-src,cvo,0.904
zhen,12,0.01,weighted_cvo:mtme_KG-BERTScore-src,cvo,0.903
zhen,12,0.01,weighted_cvo:mtme_MATESE-QE-src,cvo,0.9005
zhen,12,0.01,weighted_cvo:mtme_MATESE-refA,cvo,0.9065
zhen,12,0.01,weighted_cvo:mtme_MEE-refA,cvo,0.9025
zhen,12,0.01,weighted_cvo:mtme_MEE2-refA,cvo,0.9045
zhen,12,0.01,weighted_cvo:mtme_MEE4-refA,cvo,0.9035
zhen,12,0.01,weighted_cvo:mtme_MS-COMET-22-refA,cvo,0.9045
zhen,12,0.01,weighted_cvo:mtme_MS-COMET-QE-22-src,cvo,0.905
zhen,12,0.01,weighted_cvo:mtme_REUSE-src,cvo,0.9005
zhen,12,0.01,weighted_cvo:mtme_SEScore-refA,cvo,0.905
zhen,12,0.01,weighted_cvo:mtme_UniTE-ref-refA,cvo,0.902
zhen,12,0.01,weighted_cvo:mtme_UniTE-refA,cvo,0.9045
zhen,12,0.01,weighted_cvo:mtme_UniTE-src-src,cvo,0.9035
zhen,12,0.01,weighted_cvo:mtme_YiSi-1-refA,cvo,0.9015
zhen,12,0.01,weighted_cvo:mtme_chrF-refA,cvo,0.9015
zhen,12,0.01,weighted_cvo:mtme_f101spBLEU-refA,cvo,0.9045
zhen,12,0.01,weighted_cvo:mtme_f200spBLEU-refA,cvo,0.905
zhen,12,0.01,weighted_cvo:mtme_metricx_xl_DA_2019-refA,cvo,0.902
zhen,12,0.01,weighted_cvo:mtme_metricx_xl_MQM_2020-refA,cvo,0.9095
zhen,12,0.01,weighted_cvo:mtme_metricx_xxl_DA_2019-refA,cvo,0.9025
zhen,12,0.01,weighted_cvo:mtme_metricx_xxl_MQM_2020-refA,cvo,0.903
zhen,12,0.02,uniform,human,0.895
zhen,12,0.02,dedup,human,0.9025
zhen,12,0.02,weighted,human,0.8915
zhen,12,0.02,dedup_cvl:mtme_BERTScore-refA,cvl,0.896
zhen,12,0.02,dedup_cvq:mtme_BERTScore-refA,cvq,0.896
zhen,12,0.02,dedup_cvu:mtme_BERTScore-refA,cvu,0.8955
zhen,12,0.02,weighted_cvl:mtme_BERTScore-refA,cvl,0.895
zhen,12,0.02,weighted_cvq:mtme_BERTScore-refA,cvq,0.8915
zhen,12,0.02,weighted_cvu:mtme_BERTScore-refA,cvu,0.8945
zhen,12,0.02,dedup_cvl:mtme_BLEU-refA,cvl,0.9025
zhen,12,0.02,dedup_cvq:mtme_BLEU-refA,cvq,0.9
zhen,12,0.02,dedup_cvu:mtme_BLEU-refA,cvu,0.901
zhen,12,0.02,weighted_cvl:mtme_BLEU-refA,cvl,0.895
zhen,12,0.02,weighted_cvq:mtme_BLEU-refA,cvq,0.892
zhen,12,0.02,weighted_cvu:mtme_BLEU-refA,cvu,0.8945
zhen,12,0.02,dedup_cvl:mtme_BLEURT-20-refA,cvl,0.896
zhen,12,0.02,dedup_cvq:mtme_BLEURT-20-refA,cvq,0.8975
zhen,12,0.02,dedup_cvu:mtme_BLEURT-20-refA,cvu,0.897
zhen,12,0.02,weighted_cvl:mtme_BLEURT-20-refA,cvl,0.8925
zhen,12,0.02,weighted_cvq:mtme_BLEURT-20-refA,cvq,0.89
zhen,12,0.02,weighted_cvu:mtme_BLEURT-20-refA,cvu,0.895
zhen,12,0.02,dedup_cvl:mtme_COMET-20-refA,cvl,0.899
zhen,12,0.02,dedup_cvq:mtme_COMET-20-refA,cvq,0.897
zhen,12,0.02,dedup_cvu:mtme_COMET-20-refA,cvu,0.8995
zhen,12,0.02,weighted_cvl:mtme_COMET-20-refA,cvl,0.895
zhen,12,0.02,weighted_cvq:mtme_COMET-20-refA,cvq,0.8875
zhen,12,0.02,weighted_cvu:mtme_COMET-20-refA,cvu,0.8935
zhen,12,0.02,dedup_cvl:mtme_COMET-22-refA,cvl,0.898
zhen,12,0.02,dedup_cvq:mtme_COMET-22-refA,cvq,0.8975
zhen,12,0.02,dedup_cvu:mtme_COMET-22-refA,cvu,0.8975
zhen,12,0.02,weighted_cvl:mtme_COMET-22-refA,cvl,0.895
zhen,12,0.02,weighted_cvq:mtme_COMET-22-refA,cvq,0.8905
zhen,12,0.02,weighted_cvu:mtme_COMET-22-refA,cvu,0.8915
zhen,12,0.02,dedup_cvl:mtme_COMET-QE-src,cvl,0.8975
zhen,12,0.02,dedup_cvq:mtme_COMET-QE-src,cvq,0.897
zhen,12,0.02,dedup_cvu:mtme_COMET-QE-src,cvu,0.899
zhen,12,0.02,weighted_cvl:mtme_COMET-QE-src,cvl,0.891
zhen,12,0.02,weighted_cvq:mtme_COMET-QE-src,cvq,0.8895
zhen,12,0.02,weighted_cvu:mtme_COMET-QE-src,cvu,0.89
zhen,12,0.02,dedup_cvl:mtme_COMETKiwi-src,cvl,0.9
zhen,12,0.02,dedup_cvq:mtme_COMETKiwi-src,cvq,0.9005
zhen,12,0.02,dedup_cvu:mtme_COMETKiwi-src,cvu,0.9005
zhen,12,0.02,weighted_cvl:mtme_COMETKiwi-src,cvl,0.8915
zhen,12,0.02,weighted_cvq:mtme_COMETKiwi-src,cvq,0.891
zhen,12,0.02,weighted_cvu:mtme_COMETKiwi-src,cvu,0.8935
zhen,12,0.02,dedup_cvl:mtme_Cross-QE-src,cvl,0.898
zhen,12,0.02,dedup_cvq:mtme_Cross-QE-src,cvq,0.896
zhen,12,0.02,dedup_cvu:mtme_Cross-QE-src,cvu,0.895
zhen,12,0.02,weighted_cvl:mtme_Cross-QE-src,cvl,0.8865
zhen,12,0.02,weighted_cvq:mtme_Cross-QE-src,cvq,0.8875
zhen,12,0.02,weighted_cvu:mtme_Cross-QE-src,cvu,0.8875
zhen,12,0.02,dedup_cvl:mtme_HWTSC-TLM-src,cvl,0.9005
zhen,12,0.02,dedup_cvq:mtme_HWTSC-TLM-src,cvq,0.8975
zhen,12,0.02,dedup_cvu:mtme_HWTSC-TLM-src,cvu,0.902
zhen,12,0.02,weighted_cvl:mtme_HWTSC-TLM-src,cvl,0.8955
zhen,12,0.02,weighted_cvq:mtme_HWTSC-TLM-src,cvq,0.8915
zhen,12,0.02,weighted_cvu:mtme_HWTSC-TLM-src,cvu,0.8965
zhen,12,0.02,dedup_cvl:mtme_HWTSC-Teacher-Sim-src,cvl,0.902
zhen,12,0.02,dedup_cvq:mtme_HWTSC-Teacher-Sim-src,cvq,0.901
zhen,12,0.02,dedup_cvu:mtme_HWTSC-Teacher-Sim-src,cvu,0.9005
zhen,12,0.02,weighted_cvl:mtme_HWTSC-Teacher-Sim-src,cvl,0.8955
zhen,12,0.02,weighted_cvq:mtme_HWTSC-Teacher-Sim-src,cvq,0.891
zhen,12,0.02,weighted_cvu:mtme_HWTSC-Teacher-Sim-src,cvu,0.8915
zhen,12,0.02,dedup_cvl:mtme_KG-BERTScore-src,cvl,0.9005
zhen,12,0.02,dedup_cvq:mtme_KG-BERTScore-src,cvq,0.9005
zhen,12,0.02,dedup_cvu:mtme_KG-BERTScore-src,cvu,0.8995
zhen,12,0.02,weighted_cvl:mtme_KG-BERTScore-src,cvl,0.891
zhen,12,0.02,weighted_cvq:mtme_KG-BERTScore-src,cvq,0.894
zhen,12,0.02,weighted_cvu:mtme_KG-BERTScore-src,cvu,0.892
zhen,12,0.02,dedup_cvl:mtme_MATESE-QE-src,cvl,0.8955
zhen,12,0.02,dedup_cvq:mtme_MATESE-QE-src,cvq,0.892
zhen,12,0.02,dedup_cvu:mtme_MATESE-QE-src,cvu,0.8965
zhen,12,0.02,weighted_cvl:mtme_MATESE-QE-src,cvl,0.8925
zhen,12,0.02,weighted_cvq:mtme_MATESE-QE-src,cvq,0.893
zhen,12,0.02,weighted_cvu:mtme_MATESE-QE-src,cvu,0.8945
zhen,12,0.02,dedup_cvl:mtme_MATESE-refA,cvl,0.901
zhen,12,0.02,dedup_cvq:mtme_MATESE-refA,cvq,0.902
zhen,12,0.02,dedup_cvu:mtme_MATESE-refA,cvu,0.9025
zhen,12,0.02,weighted_cvl:mtme_MATESE-refA,cvl,0.8935
zhen,12,0.02,weighted_cvq:mtme_MATESE-refA,cvq,0.892
zhen,12,0.02,weighted_cvu:mtme_MATESE-refA,cvu,0.8925
zhen,12,0.02,dedup_cvl:mtme_MEE-refA,cvl,0.901
zhen,12,0.02,dedup_cvq:mtme_MEE-refA,cvq,0.898
zhen,12,0.02,dedup_cvu:mtme_MEE-refA,cvu,0.8995
zhen,12,0.02,weighted_cvl:mtme_MEE-refA,cvl,0.8945
zhen,12,0.02,weighted_cvq:mtme_MEE-refA,cvq,0.89
zhen,12,0.02,weighted_cvu:mtme_MEE-refA,cvu,0.8935
zhen,12,0.02,dedup_cvl:mtme_MEE2-refA,cvl,0.9015
zhen,12,0.02,dedup_cvq:mtme_MEE2-refA,cvq,0.8985
zhen,12,0.02,dedup_cvu:mtme_MEE2-refA,cvu,0.898
zhen,12,0.02,weighted_cvl:mtme_MEE2-refA,cvl,0.896
zhen,12,0.02,weighted_cvq:mtme_MEE2-refA,cvq,0.892
zhen,12,0.02,weighted_cvu:mtme_MEE2-refA,cvu,0.896
zhen,12,0.02,dedup_cvl:mtme_MEE4-refA,cvl,0.9
zhen,12,0.02,dedup_cvq:mtme_MEE4-refA,cvq,0.8985
zhen,12,0.02,dedup_cvu:mtme_MEE4-refA,cvu,0.896
zhen,12,0.02,weighted_cvl:mtme_MEE4-refA,cvl,0.895
zhen,12,0.02,weighted_cvq:mtme_MEE4-refA,cvq,0.8915
zhen,12,0.02,weighted_cvu:mtme_MEE4-refA,cvu,0.8945
zhen,12,0.02,dedup_cvl:mtme_MS-COMET-22-refA,cvl,0.8995
zhen,12,0.02,dedup_cvq:mtme_MS-COMET-22-refA,cvq,0.896
zhen,12,0.02,dedup_cvu:mtme_MS-COMET-22-refA,cvu,0.8955
zhen,12,0.02,weighted_cvl:mtme_MS-COMET-22-refA,cvl,0.893
zhen,12,0.02,weighted_cvq:mtme_MS-COMET-22-refA,cvq,0.8885
zhen,12,0.02,weighted_cvu:mtme_MS-COMET-22-refA,cvu,0.888
zhen,12,0.02,dedup_cvl:mtme_MS-COMET-QE-22-src,cvl,0.898
zhen,12,0.02,dedup_cvq:mtme_MS-COMET-QE-22-src,cvq,0.899
zhen,12,0.02,dedup_cvu:mtme_MS-COMET-QE-22-src,cvu,0.898
zhen,12,0.02,weighted_cvl:mtme_MS-COMET-QE-22-src,cvl,0.891
zhen,12,0.02,weighted_cvq:mtme_MS-COMET-QE-22-src,cvq,0.889
zhen,12,0.02,weighted_cvu:mtme_MS-COMET-QE-22-src,cvu,0.8875
zhen,12,0.02,dedup_cvl:mtme_REUSE-src,cvl,0.9035
zhen,12,0.02,dedup_cvq:mtme_REUSE-src,cvq,0.9015
zhen,12,0.02,dedup_cvu:mtme_REUSE-src,cvu,0.9015
zhen,12,0.02,weighted_cvl:mtme_REUSE-src,cvl,0.89
zhen,12,0.02,weighted_cvq:mtme_REUSE-src,cvq,0.8925
zhen,12,0.02,weighted_cvu:mtme_REUSE-src,cvu,0.8915
zhen,12,0.02,dedup_cvl:mtme_SEScore-refA,cvl,0.9
zhen,12,0.02,dedup_cvq:mtme_SEScore-refA,cvq,0.897
zhen,12,0.02,dedup_cvu:mtme_SEScore-refA,cvu,0.896
zhen,12,0.02,weighted_cvl:mtme_SEScore-refA,cvl,0.8935
zhen,12,0.02,weighted_cvq:mtme_SEScore-refA,cvq,0.894
zhen,12,0.02,weighted_cvu:mtme_SEScore-refA,cvu,0.8935
zhen,12,0.02,dedup_cvl:mtme_UniTE-ref-refA,cvl,0.8935
zhen,12,0.02,dedup_cvq:mtme_UniTE-ref-refA,cvq,0.8925
zhen,12,0.02,dedup_cvu:mtme_UniTE-ref-refA,cvu,0.897
zhen,12,0.02,weighted_cvl:mtme_UniTE-ref-refA,cvl,0.891
zhen,12,0.02,weighted_cvq:mtme_UniTE-ref-refA,cvq,0.892
zhen,12,0.02,weighted_cvu:mtme_UniTE-ref-refA,cvu,0.8905
zhen,12,0.02,dedup_cvl:mtme_UniTE-refA,cvl,0.892
zhen,12,0.02,dedup_cvq:mtme_UniTE-refA,cvq,0.892
zhen,12,0.02,dedup_cvu:mtme_UniTE-refA,cvu,0.895
zhen,12,0.02,weighted_cvl:mtme_UniTE-refA,cvl,0.8905
zhen,12,0.02,weighted_cvq:mtme_UniTE-refA,cvq,0.8905
zhen,12,0.02,weighted_cvu:mtme_UniTE-refA,cvu,0.8915
zhen,12,0.02,dedup_cvl:mtme_UniTE-src-src,cvl,0.897
zhen,12,0.02,dedup_cvq:mtme_UniTE-src-src,cvq,0.8955
zhen,12,0.02,dedup_cvu:mtme_UniTE-src-src,cvu,0.8955
zhen,12,0.02,weighted_cvl:mtme_UniTE-src-src,cvl,0.8915
zhen,12,0.02,weighted_cvq:mtme_UniTE-src-src,cvq,0.887
zhen,12,0.02,weighted_cvu:mtme_UniTE-src-src,cvu,0.8885
zhen,12,0.02,dedup_cvl:mtme_YiSi-1-refA,cvl,0.899
zhen,12,0.02,dedup_cvq:mtme_YiSi-1-refA,cvq,0.896
zhen,12,0.02,dedup_cvu:mtme_YiSi-1-refA,cvu,0.896
zhen,12,0.02,weighted_cvl:mtme_YiSi-1-refA,cvl,0.894
zhen,12,0.02,weighted_cvq:mtme_YiSi-1-refA,cvq,0.891
zhen,12,0.02,weighted_cvu:mtme_YiSi-1-refA,cvu,0.896
zhen,12,0.02,dedup_cvl:mtme_chrF-refA,cvl,0.9015
zhen,12,0.02,dedup_cvq:mtme_chrF-refA,cvq,0.8985
zhen,12,0.02,dedup_cvu:mtme_chrF-refA,cvu,0.8995
zhen,12,0.02,weighted_cvl:mtme_chrF-refA,cvl,0.8905
zhen,12,0.02,weighted_cvq:mtme_chrF-refA,cvq,0.89
zhen,12,0.02,weighted_cvu:mtme_chrF-refA,cvu,0.891
zhen,12,0.02,dedup_cvl:mtme_f101spBLEU-refA,cvl,0.9025
zhen,12,0.02,dedup_cvq:mtme_f101spBLEU-refA,cvq,0.8995
zhen,12,0.02,dedup_cvu:mtme_f101spBLEU-refA,cvu,0.9015
zhen,12,0.02,weighted_cvl:mtme_f101spBLEU-refA,cvl,0.8945
zhen,12,0.02,weighted_cvq:mtme_f101spBLEU-refA,cvq,0.8875
zhen,12,0.02,weighted_cvu:mtme_f101spBLEU-refA,cvu,0.8925
zhen,12,0.02,dedup_cvl:mtme_f200spBLEU-refA,cvl,0.8995
zhen,12,0.02,dedup_cvq:mtme_f200spBLEU-refA,cvq,0.8985
zhen,12,0.02,dedup_cvu:mtme_f200spBLEU-refA,cvu,0.9025
zhen,12,0.02,weighted_cvl:mtme_f200spBLEU-refA,cvl,0.8925
zhen,12,0.02,weighted_cvq:mtme_f200spBLEU-refA,cvq,0.8875
zhen,12,0.02,weighted_cvu:mtme_f200spBLEU-refA,cvu,0.8925
zhen,12,0.02,dedup_cvl:mtme_metricx_xl_DA_2019-refA,cvl,0.8965
zhen,12,0.02,dedup_cvq:mtme_metricx_xl_DA_2019-refA,cvq,0.893
zhen,12,0.02,dedup_cvu:mtme_metricx_xl_DA_2019-refA,cvu,0.896
zhen,12,0.02,weighted_cvl:mtme_metricx_xl_DA_2019-refA,cvl,0.8925
zhen,12,0.02,weighted_cvq:mtme_metricx_xl_DA_2019-refA,cvq,0.893
zhen,12,0.02,weighted_cvu:mtme_metricx_xl_DA_2019-refA,cvu,0.8955
zhen,12,0.02,dedup_cvl:mtme_metricx_xl_MQM_2020-refA,cvl,0.8975
zhen,12,0.02,dedup_cvq:mtme_metricx_xl_MQM_2020-refA,cvq,0.8965
zhen,12,0.02,dedup_cvu:mtme_metricx_xl_MQM_2020-refA,cvu,0.898
zhen,12,0.02,weighted_cvl:mtme_metricx_xl_MQM_2020-refA,cvl,0.8915
zhen,12,0.02,weighted_cvq:mtme_metricx_xl_MQM_2020-refA,cvq,0.891
zhen,12,0.02,weighted_cvu:mtme_metricx_xl_MQM_2020-refA,cvu,0.8915
zhen,12,0.02,dedup_cvl:mtme_metricx_xxl_DA_2019-refA,cvl,0.896
zhen,12,0.02,dedup_cvq:mtme_metricx_xxl_DA_2019-refA,cvq,0.896
zhen,12,0.02,dedup_cvu:mtme_metricx_xxl_DA_2019-refA,cvu,0.8965
zhen,12,0.02,weighted_cvl:mtme_metricx_xxl_DA_2019-refA,cvl,0.8955
zhen,12,0.02,weighted_cvq:mtme_metricx_xxl_DA_2019-refA,cvq,0.8955
zhen,12,0.02,weighted_cvu:mtme_metricx_xxl_DA_2019-refA,cvu,0.897
zhen,12,0.02,dedup_cvl:mtme_metricx_xxl_MQM_2020-refA,cvl,0.8975
zhen,12,0.02,dedup_cvq:mtme_metricx_xxl_MQM_2020-refA,cvq,0.896
zhen,12,0.02,dedup_cvu:mtme_metricx_xxl_MQM_2020-refA,cvu,0.898
zhen,12,0.02,weighted_cvl:mtme_metricx_xxl_MQM_2020-refA,cvl,0.899
zhen,12,0.02,weighted_cvq:mtme_metricx_xxl_MQM_2020-refA,cvq,0.897
zhen,12,0.02,weighted_cvu:mtme_metricx_xxl_MQM_2020-refA,cvu,0.8915
zhen,12,0.02,weighted_cvo:mtme_BERTScore-refA,cvo,0.892
zhen,12,0.02,weighted_cvo:mtme_BLEU-refA,cvo,0.892
zhen,12,0.02,weighted_cvo:mtme_BLEURT-20-refA,cvo,0.8915
zhen,12,0.02,weighted_cvo:mtme_COMET-20-refA,cvo,0.89
zhen,12,0.02,weighted_cvo:mtme_COMET-22-refA,cvo,0.8905
zhen,12,0.02,weighted_cvo:mtme_COMET-QE-src,cvo,0.8865
zhen,12,0.02,weighted_cvo:mtme_COMETKiwi-src,cvo,0.8915
zhen,12,0.02,weighted_cvo:mtme_Cross-QE-src,cvo,0.891
zhen,12,0.02,weighted_cvo:mtme_HWTSC-TLM-src,cvo,0.891
zhen,12,0.02,weighted_cvo:mtme_HWTSC-Teacher-Sim-src,cvo,0.892
zhen,12,0.02,weighted_cvo:mtme_KG-BERTScore-src,cvo,0.8905
zhen,12,0.02,weighted_cvo:mtme_MATESE-QE-src,cvo,0.8935
zhen,12,0.02,weighted_cvo:mtme_MATESE-refA,cvo,0.894
zhen,12,0.02,weighted_cvo:mtme_MEE-refA,cvo,0.892
zhen,12,0.02,weighted_cvo:mtme_MEE2-refA,cvo,0.8915
zhen,12,0.02,weighted_cvo:mtme_MEE4-refA,cvo,0.891
zhen,12,0.02,weighted_cvo:mtme_MS-COMET-22-refA,cvo,0.888
zhen,12,0.02,weighted_cvo:mtme_MS-COMET-QE-22-src,cvo,0.888
zhen,12,0.02,weighted_cvo:mtme_REUSE-src,cvo,0.8905
zhen,12,0.02,weighted_cvo:mtme_SEScore-refA,cvo,0.887
zhen,12,0.02,weighted_cvo:mtme_UniTE-ref-refA,cvo,0.894
zhen,12,0.02,weighted_cvo:mtme_UniTE-refA,cvo,0.8925
zhen,12,0.02,weighted_cvo:mtme_UniTE-src-src,cvo,0.8905
zhen,12,0.02,weighted_cvo:mtme_YiSi-1-refA,cvo,0.893
zhen,12,0.02,weighted_cvo:mtme_chrF-refA,cvo,0.893
zhen,12,0.02,weighted_cvo:mtme_f101spBLEU-refA,cvo,0.8905
zhen,12,0.02,weighted_cvo:mtme_f200spBLEU-refA,cvo,0.891
zhen,12,0.02,weighted_cvo:mtme_metricx_xl_DA_2019-refA,cvo,0.891
zhen,12,0.02,weighted_cvo:mtme_metricx_xl_MQM_2020-refA,cvo,0.8915
zhen,12,0.02,weighted_cvo:mtme_metricx_xxl_DA_2019-refA,cvo,0.896
zhen,12,0.02,weighted_cvo:mtme_metricx_xxl_MQM_2020-refA,cvo,0.8995
zhen,13,0.01,uniform,human,0.9005
zhen,13,0.01,dedup,human,0.9045
zhen,13,0.01,weighted,human,0.9045
zhen,13,0.01,dedup_cvl:mtme_BERTScore-refA,cvl,0.906
zhen,13,0.01,dedup_cvq:mtme_BERTScore-refA,cvq,0.9015
zhen,13,0.01,dedup_cvu:mtme_BERTScore-refA,cvu,0.9025
zhen,13,0.01,weighted_cvl:mtme_BERTScore-refA,cvl,0.9075
zhen,13,0.01,weighted_cvq:mtme_BERTScore-refA,cvq,0.9035
zhen,13,0.01,weighted_cvu:mtme_BERTScore-refA,cvu,0.904
zhen,13,0.01,dedup_cvl:mtme_BLEU-refA,cvl,0.9045
zhen,13,0.01,dedup_cvq:mtme_BLEU-refA,cvq,0.901
zhen,13,0.01,dedup_cvu:mtme_BLEU-refA,cvu,0.902
zhen,13,0.01,weighted_cvl:mtme_BLEU-refA,cvl,0.902
zhen,13,0.01,weighted_cvq:mtme_BLEU-refA,cvq,0.905
zhen,13,0.01,weighted_cvu:mtme_BLEU-refA,cvu,0.9035
zhen,13,0.01,dedup_cvl:mtme_BLEURT-20-refA,cvl,0.9125
zhen,13,0.01,dedup_cvq:mtme_BLEURT-20-refA,cvq,0.909
zhen,13,0.01,dedup_cvu:mtme_BLEURT-20-refA,cvu,0.9065
zhen,13,0.01,weighted_cvl:mtme_BLEURT-20-refA,cvl,0.9095
zhen,13,0.01,weighted_cvq:mtme_BLEURT-20-refA,cvq,0.9055
zhen,13,0.01,weighted_cvu:mtme_BLEURT-20-refA,cvu,0.907
zhen,13,0.01,dedup_cvl:mtme_COMET-20-refA,cvl,0.9055
zhen,13,0.01,dedup_cvq:mtme_COMET-20-refA,cvq,0.903
zhen,13,0.01,dedup_cvu:mtme_COMET-20-refA,cvu,0.9055
zhen,13,0.01,weighted_cvl:mtme_COMET-20-refA,cvl,0.905
zhen,13,0.01,weighted_cvq:mtme_COMET-20-refA,cvq,0.9075
zhen,13,0.01,weighted_cvu:mtme_COMET-20-refA,cvu,0.9055
zhen,13,0.01,dedup_cvl:mtme_COMET-22-refA,cvl,0.907
zhen,13,0.01,dedup_cvq:mtme_COMET-22-refA,cvq,0.9045
zhen,13,0.01,dedup_cvu:mtme_COMET-22-refA,cvu,0.906
zhen,13,0.01,weighted_cvl:mtme_COMET-22-refA,cvl,0.905
zhen,13,0.01,weighted_cvq:mtme_COMET-22-refA,cvq,0.9025
zhen,13,0.01,weighted_cvu:mtme_COMET-22-refA,cvu,0.904
zhen,13,0.01,dedup_cvl:mtme_COMET-QE-src,cvl,0.904
zhen,13,0.01,dedup_cvq:mtme_COMET-QE-src,cvq,0.9045
zhen,13,0.01,dedup_cvu:mtme_COMET-QE-src,cvu,0.902
zhen,13,0.01,weighted_cvl:mtme_COMET-QE-src,cvl,0.9085
zhen,13,0.01,weighted_cvq:mtme_COMET-QE-src,cvq,0.9045
zhen,13,0.01,weighted_cvu:mtme_COMET-QE-src,cvu,0.9095
zhen,13,0.01,dedup_cvl:mtme_COMETKiwi-src,cvl,0.908
zhen,13,0.01,dedup_cvq:mtme_COMETKiwi-src,cvq,0.907
zhen,13,0.01,dedup_cvu:mtme_COMETKiwi-src,cvu,0.9065
zhen,13,0.01,weighted_cvl:mtme_COMETKiwi-src,cvl,0.9045
zhen,13,0.01,weighted_cvq:mtme_COMETKiwi-src,cvq,0.906
zhen,13,0.01,weighted_cvu:mtme_COMETKiwi-src,cvu,0.9045
zhen,13,0.01,dedup_cvl:mtme_Cross-QE-src,cvl,0.9065
zhen,13,0.01,dedup_cvq:mtme_Cross-QE-src,cvq,0.903
zhen,13,0.01,dedup_cvu:mtme_Cross-QE-src,cvu,0.903
zhen,13,0.01,weighted_cvl:mtme_Cross-QE-src,cvl,0.9065
zhen,13,0.01,weighted_cvq:mtme_Cross-QE-src,cvq,0.906
zhen,13,0.01,weighted_cvu:mtme_Cross-QE-src,cvu,0.9095
zhen,13,0.01,dedup_cvl:mtme_HWTSC-TLM-src,cvl,0.9025
zhen,13,0.01,dedup_cvq:mtme_HWTSC-TLM-src,cvq,0.9005
zhen,13,0.01,dedup_cvu:mtme_HWTSC-TLM-src,cvu,0.902
zhen,13,0.01,weighted_cvl:mtme_HWTSC-TLM-src,cvl,0.9015
zhen,13,0.01,weighted_cvq:mtme_HWTSC-TLM-src,cvq,0.9045
zhen,13,0.01,weighted_cvu:mtme_HWTSC-TLM-src,cvu,0.9015
zhen,13,0.01,dedup_cvl:mtme_HWTSC-Teacher-Sim-src,cvl,0.9045
zhen,13,0.01,dedup_cvq:mtme_HWTSC-Teacher-Sim-src,cvq,0.9035
zhen,13,0.01,dedup_cvu:mtme_HWTSC-Teacher-Sim-src,cvu,0.9035
zhen,13,0.01,weighted_cvl:mtme_HWTSC-Teacher-Sim-src,cvl,0.9025
zhen,13,0.01,weighted_cvq:mtme_HWTSC-Teacher-Sim-src,cvq,0.9015
zhen,13,0.01,weighted_cvu:mtme_HWTSC-Teacher-Sim-src,cvu,0.8995
zhen,13,0.01,dedup_cvl:mtme_KG-BERTScore-src,cvl,0.902
zhen,13,0.01,dedup_cvq:mtme_KG-BERTScore-src,cvq,0.9015
zhen,13,0.01,dedup_cvu:mtme_KG-BERTScore-src,cvu,0.902
zhen,13,0.01,weighted_cvl:mtme_KG-BERTScore-src,cvl,0.9015
zhen,13,0.01,weighted_cvq:mtme_KG-BERTScore-src,cvq,0.9045
zhen,13,0.01,weighted_cvu:mtme_KG-BERTScore-src,cvu,0.9045
zhen,13,0.01,dedup_cvl:mtme_MATESE-QE-src,cvl,0.9045
zhen,13,0.01,dedup_cvq:mtme_MATESE-QE-src,cvq,0.9055
zhen,13,0.01,dedup_cvu:mtme_MATESE-QE-src,cvu,0.9055
zhen,13,0.01,weighted_cvl:mtme_MATESE-QE-src,cvl,0.9055
zhen,13,0.01,weighted_cvq:mtme_MATESE-QE-src,cvq,0.903
zhen,13,0.01,weighted_cvu:mtme_MATESE-QE-src,cvu,0.9025
zhen,13,0.01,dedup_cvl:mtme_MATESE-refA,cvl,0.911
zhen,13,0.01,dedup_cvq:mtme_MATESE-refA,cvq,0.906
zhen,13,0.01,dedup_cvu:mtme_MATESE-refA,cvu,0.9085
zhen,13,0.01,weighted_cvl:mtme_MATESE-refA,cvl,0.9135
zhen,13,0.01,weighted_cvq:mtme_MATESE-refA,cvq,0.905
zhen,13,0.01,weighted_cvu:mtme_MATESE-refA,cvu,0.9065
zhen,13,0.01,dedup_cvl:mtme_MEE-refA,cvl,0.905
zhen,13,0.01,dedup_cvq:mtme_MEE-refA,cvq,0.9065
zhen,13,0.01,dedup_cvu:mtme_MEE-refA,cvu,0.9035
zhen,13,0.01,weighted_cvl:mtme_MEE-refA,cvl,0.904
zhen,13,0.01,weighted_cvq:mtme_MEE-refA,cvq,0.9035
zhen,13,0.01,weighted_cvu:mtme_MEE-refA,cvu,0.905
zhen,13,0.01,dedup_cvl:mtme_MEE2-refA,cvl,0.9055
zhen,13,0.01,dedup_cvq:mtme_MEE2-refA,cvq,0.9035
zhen,13,0.01,dedup_cvu:mtme_MEE2-refA,cvu,0.9015
zhen,13,0.01,weighted_cvl:mtme_MEE2-refA,cvl,0.901
zhen,13,0.01,weighted_cvq:mtme_MEE2-refA,cvq,0.906
zhen,13,0.01,weighted_cvu:mtme_MEE2-refA,cvu,0.906
zhen,13,0.01,dedup_cvl:mtme_MEE4-refA,cvl,0.903
zhen,13,0.01,dedup_cvq:mtme_MEE4-refA,cvq,0.904
zhen,13,0.01,dedup_cvu:mtme_MEE4-refA,cvu,0.9035
zhen,13,0.01,weighted_cvl:mtme_MEE4-refA,cvl,0.901
zhen,13,0.01,weighted_cvq:mtme_MEE4-refA,cvq,0.9065
zhen,13,0.01,weighted_cvu:mtme_MEE4-refA,cvu,0.907
zhen,13,0.01,dedup_cvl:mtme_MS-COMET-22-refA,cvl,0.907
zhen,13,0.01,dedup_cvq:mtme_MS-COMET-22-refA,cvq,0.907
zhen,13,0.01,dedup_cvu:mtme_MS-COMET-22-refA,cvu,0.905
zhen,13,0.01,weighted_cvl:mtme_MS-COMET-22-refA,cvl,0.903
zhen,13,0.01,weighted_cvq:mtme_MS-COMET-22-refA,cvq,0.907
zhen,13,0.01,weighted_cvu:mtme_MS-COMET-22-refA,cvu,0.9055
zhen,13,0.01,dedup_cvl:mtme_MS-COMET-QE-22-src,cvl,0.909
zhen,13,0.01,dedup_cvq:mtme_MS-COMET-QE-22-src,cvq,0.9045
zhen,13,0.01,dedup_cvu:mtme_MS-COMET-QE-22-src,cvu,0.9015
zhen,13,0.01,weighted_cvl:mtme_MS-COMET-QE-22-src,cvl,0.9
zhen,13,0.01,weighted_cvq:mtme_MS-COMET-QE-22-src,cvq,0.903
zhen,13,0.01,weighted_cvu:mtme_MS-COMET-QE-22-src,cvu,0.9015
zhen,13,0.01,dedup_cvl:mtme_REUSE-src,cvl,0.903
zhen,13,0.01,dedup_cvq:mtme_REUSE-src,cvq,0.901
zhen,13,0.01,dedup_cvu:mtme_REUSE-src,cvu,0.902
zhen,13,0.01,weighted_cvl:mtme_REUSE-src,cvl,0.904
zhen,13,0.01,weighted_cvq:mtme_REUSE-src,cvq,0.902
zhen,13,0.01,weighted_cvu:mtme_REUSE-src,cvu,0.9055
zhen,13,0.01,dedup_cvl:mtme_SEScore-refA,cvl,0.906
zhen,13,0.01,dedup_cvq:mtme_SEScore-refA,cvq,0.9045
zhen,13,0.01,dedup_cvu:mtme_SEScore-refA,cvu,0.905
zhen,13,0.01,weighted_cvl:mtme_SEScore-refA,cvl,0.909
zhen,13,0.01,weighted_cvq:mtme_SEScore-refA,cvq,0.91
zhen,13,0.01,weighted_cvu:mtme_SEScore-refA,cvu,0.913
zhen,13,0.01,dedup_cvl:mtme_UniTE-ref-refA,cvl,0.9105
zhen,13,0.01,dedup_cvq:mtme_UniTE-ref-refA,cvq,0.907
zhen,13,0.01,dedup_cvu:mtme_UniTE-ref-refA,cvu,0.908
zhen,13,0.01,weighted_cvl:mtme_UniTE-ref-refA,cvl,0.9065
zhen,13,0.01,weighted_cvq:mtme_UniTE-ref-refA,cvq,0.903
zhen,13,0.01,weighted_cvu:mtme_UniTE-ref-refA,cvu,0.9045
zhen,13,0.01,dedup_cvl:mtme_UniTE-refA,cvl,0.91
zhen,13,0.01,dedup_cvq:mtme_UniTE-refA,cvq,0.905
zhen,13,0.01,dedup_cvu:mtme_UniTE-refA,cvu,0.904
zhen,13,0.01,weighted_cvl:mtme_UniTE-refA,cvl,0.908
zhen,13,0.01,weighted_cvq:mtme_UniTE-refA,cvq,0.905
zhen,13,0.01,weighted_cvu:mtme_UniTE-refA,cvu,0.908
zhen,13,0.01,dedup_cvl:mtme_UniTE-src-src,cvl,0.911
zhen,13,0.01,dedup_cvq:mtme_UniTE-src-src,cvq,0.908
zhen,13,0.01,dedup_cvu:mtme_UniTE-src-src,cvu,0.908
zhen,13,0.01,weighted_cvl:mtme_UniTE-src-src,cvl,0.8995
zhen,13,0.01,weighted_cvq:mtme_UniTE-src-src,cvq,0.9045
zhen,13,0.01,weighted_cvu:mtme_UniTE-src-src,cvu,0.903
zhen,13,0.01,dedup_cvl:mtme_YiSi-1-refA,cvl,0.9045
zhen,13,0.01,dedup_cvq:mtme_YiSi-1-refA,cvq,0.9045
zhen,13,0.01,dedup_cvu:mtme_YiSi-1-refA,cvu,0.9075
zhen,13,0.01,weighted_cvl:mtme_YiSi-1-refA,cvl,0.9075
zhen,13,0.01,weighted_cvq:mtme_YiSi-1-refA,cvq,0.902
zhen,13,0.01,weighted_cvu:mtme_YiSi-1-refA,cvu,0.9025
zhen,13,0.01,dedup_cvl:mtme_chrF-refA,cvl,0.904
zhen,13,0.01,dedup_cvq:mtme_chrF-refA,cvq,0.902
zhen,13,0.01,dedup_cvu:mtme_chrF-refA,cvu,0.9015
zhen,13,0.01,weighted_cvl:mtme_chrF-refA,cvl,0.9035
zhen,13,0.01,weighted_cvq:mtme_chrF-refA,cvq,0.9055
zhen,13,0.01,weighted_cvu:mtme_chrF-refA,cvu,0.9035
zhen,13,0.01,dedup_cvl:mtme_f101spBLEU-refA,cvl,0.9035
zhen,13,0.01,dedup_cvq:mtme_f101spBLEU-refA,cvq,0.903
zhen,13,0.01,dedup_cvu:mtme_f101spBLEU-refA,cvu,0.9035
zhen,13,0.01,weighted_cvl:mtme_f101spBLEU-refA,cvl,0.9025
zhen,13,0.01,weighted_cvq:mtme_f101spBLEU-refA,cvq,0.9045
zhen,13,0.01,weighted_cvu:mtme_f101spBLEU-refA,cvu,0.9025
zhen,13,0.01,dedup_cvl:mtme_f200spBLEU-refA,cvl,0.904
zhen,13,0.01,dedup_cvq:mtme_f200spBLEU-refA,cvq,0.9025
zhen,13,0.01,dedup_cvu:mtme_f200spBLEU-refA,cvu,0.9035
zhen,13,0.01,weighted_cvl:mtme_f200spBLEU-refA,cvl,0.902
zhen,13,0.01,weighted_cvq:mtme_f200spBLEU-refA,cvq,0.9045
zhen,13,0.01,weighted_cvu:mtme_f200spBLEU-refA,cvu,0.903
zhen,13,0.01,dedup_cvl:mtme_metricx_xl_DA_2019-refA,cvl,0.906
zhen,13,0.01,dedup_cvq:mtme_metricx_xl_DA_2019-refA,cvq,0.9035
zhen,13,0.01,dedup_cvu:mtme_metricx_xl_DA_2019-refA,cvu,0.905
zhen,13,0.01,weighted_cvl:mtme_metricx_xl_DA_2019-refA,cvl,0.911
zhen,13,0.01,weighted_cvq:mtme_metricx_xl_DA_2019-refA,cvq,0.9085
zhen,13,0.01,weighted_cvu:mtme_metricx_xl_DA_2019-refA,cvu,0.9075
zhen,13,0.01,dedup_cvl:mtme_metricx_xl_MQM_2020-refA,cvl,0.9085
zhen,13,0.01,dedup_cvq:mtme_metricx_xl_MQM_2020-refA,cvq,0.9005
zhen,13,0.01,dedup_cvu:mtme_metricx_xl_MQM_2020-refA,cvu,0.9
zhen,13,0.01,weighted_cvl:mtme_metricx_xl_MQM_2020-refA,cvl,0.911
zhen,13,0.01,weighted_cvq:mtme_metricx_xl_MQM_2020-refA,cvq,0.9065
zhen,13,0.01,weighted_cvu:mtme_metricx_xl_MQM_2020-refA,cvu,0.9075
zhen,13,0.01,dedup_cvl:mtme_metricx_xxl_DA_2019-refA,cvl,0.909
zhen,13,0.01,dedup_cvq:mtme_metricx_xxl_DA_2019-refA,cvq,0.905
zhen,13,0.01,dedup_cvu:mtme_metricx_xxl_DA_2019-refA,cvu,0.904
zhen,13,0.01,weighted_cvl:mtme_metricx_xxl_DA_2019-refA,cvl,0.909
zhen,13,0.01,weighted_cvq:mtme_metricx_xxl_DA_2019-refA,cvq,0.9085
zhen,13,0.01,weighted_cvu:mtme_metricx_xxl_DA_2019-refA,cvu,0.9085
zhen,13,0.01,dedup_cvl:mtme_metricx_xxl_MQM_2020-refA,cvl,0.907
zhen,13,0.01,dedup_cvq:mtme_metricx_xxl_MQM_2020-refA,cvq,0.9045
zhen,13,0.01,dedup_cvu:mtme_metricx_xxl_MQM_2020-refA,cvu,0.903
zhen,13,0.01,weighted_cvl:mtme_metricx_xxl_MQM_2020-refA,cvl,0.909
zhen,13,0.01,weighted_cvq:mtme_metricx_xxl_MQM_2020-refA,cvq,0.9085
zhen,13,0.01,weighted_cvu:mtme_metricx_xxl_MQM_2020-refA,cvu,0.912
zhen,13,0.01,weighted_cvo:mtme_BERTScore-refA,cvo,0.906
zhen,13,0.01,weighted_cvo:mtme_BLEU-refA,cvo,0.9065
zhen,13,0.01,weighted_cvo:mtme_BLEURT-20-refA,cvo,0.909
zhen,13,0.01,weighted_cvo:mtme_COMET-20-refA,cvo,0.9085
zhen,13,0.01,weighted_cvo:mtme_COMET-22-refA,cvo,0.904
zhen,13,0.01,weighted_cvo:mtme_COMET-QE-src,cvo,0.9065
zhen,13,0.01,weighted_cvo:mtme_COMETKiwi-src,cvo,0.906
zhen,13,0.01,weighted_cvo:mtme_Cross-QE-src,cvo,0.909
zhen,13,0.01,weighted_cvo:mtme_HWTSC-TLM-src,cvo,0.9055
zhen,13,0.01,weighted_cvo:mtme_HWTSC-Teacher-Sim-src,cvo,0.9025
zhen,13,0.01,weighted_cvo:mtme_KG-BERTScore-src,cvo,0.9045
zhen,13,0.01,weighted_cvo:mtme_MATESE-QE-src,cvo,0.9045
zhen,13,0.01,weighted_cvo:mtme_MATESE-refA,cvo,0.908
zhen,13,0.01,weighted_cvo:mtme_MEE-refA,cvo,0.9075
zhen,13,0.01,weighted_cvo:mtme_MEE2-refA,cvo,0.907
zhen,13,0.01,weighted_cvo:mtme_MEE4-refA,cvo,0.908
zhen,13,0.01,weighted_cvo:mtme_MS-COMET-22-refA,cvo,0.9085
zhen,13,0.01,weighted_cvo:mtme_MS-COMET-QE-22-src,cvo,0.905
zhen,13,0.01,weighted_cvo:mtme_REUSE-src,cvo,0.9055
zhen,13,0.01,weighted_cvo:mtme_SEScore-refA,cvo,0.911
zhen,13,0.01,weighted_cvo:mtme_UniTE-ref-refA,cvo,0.9035
zhen,13,0.01,weighted_cvo:mtme_UniTE-refA,cvo,0.907
zhen,13,0.01,weighted_cvo:mtme_UniTE-src-src,cvo,0.903
zhen,13,0.01,weighted_cvo:mtme_YiSi-1-refA,cvo,0.906
zhen,13,0.01,weighted_cvo:mtme_chrF-refA,cvo,0.9055
zhen,13,0.01,weighted_cvo:mtme_f101spBLEU-refA,cvo,0.9065
zhen,13,0.01,weighted_cvo:mtme_f200spBLEU-refA,cvo,0.9065
zhen,13,0.01,weighted_cvo:mtme_metricx_xl_DA_2019-refA,cvo,0.9075
zhen,13,0.01,weighted_cvo:mtme_metricx_xl_MQM_2020-refA,cvo,0.9075
zhen,13,0.01,weighted_cvo:mtme_metricx_xxl_DA_2019-refA,cvo,0.91
zhen,13,0.01,weighted_cvo:mtme_metricx_xxl_MQM_2020-refA,cvo,0.9075
zhen,13,0.02,uniform,human,0.889
zhen,13,0.02,dedup,human,0.89
zhen,13,0.02,weighted,human,0.89
zhen,13,0.02,dedup_cvl:mtme_BERTScore-refA,cvl,0.887
zhen,13,0.02,dedup_cvq:mtme_BERTScore-refA,cvq,0.8855
zhen,13,0.02,dedup_cvu:mtme_BERTScore-refA,cvu,0.8885
zhen,13,0.02,weighted_cvl:mtme_BERTScore-refA,cvl,0.8905
zhen,13,0.02,weighted_cvq:mtme_BERTScore-refA,cvq,0.892
zhen,13,0.02,weighted_cvu:mtme_BERTScore-refA,cvu,0.894
zhen,13,0.02,dedup_cvl:mtme_BLEU-refA,cvl,0.8945
zhen,13,0.02,dedup_cvq:mtme_BLEU-refA,cvq,0.8925
zhen,13,0.02,dedup_cvu:mtme_BLEU-refA,cvu,0.891
zhen,13,0.02,weighted_cvl:mtme_BLEU-refA,cvl,0.891
zhen,13,0.02,weighted_cvq:mtme_BLEU-refA,cvq,0.891
zhen,13,0.02,weighted_cvu:mtme_BLEU-refA,cvu,0.893
zhen,13,0.02,dedup_cvl:mtme_BLEURT-20-refA,cvl,0.891
zhen,13,0.02,dedup_cvq:mtme_BLEURT-20-refA,cvq,0.8865
zhen,13,0.02,dedup_cvu:mtme_BLEURT-20-refA,cvu,0.891
zhen,13,0.02,weighted_cvl:mtme_BLEURT-20-refA,cvl,0.8925
zhen,13,0.02,weighted_cvq:mtme_BLEURT-20-refA,cvq,0.888
zhen,13,0.02,weighted_cvu:mtme_BLEURT-20-refA,cvu,0.8915
zhen,13,0.02,dedup_cvl:mtme_COMET-20-refA,cvl,0.893
zhen,13,0.02,dedup_cvq:mtme_COMET-20-refA,cvq,0.8915
zhen,13,0.02,dedup_cvu:mtme_COMET-20-refA,cvu,0.892
zhen,13,0.02,weighted_cvl:mtme_COMET-20-refA,cvl,0.894
zhen,13,0.02,weighted_cvq:mtme_COMET-20-refA,cvq,0.8965
zhen,13,0.02,weighted_cvu:mtme_COMET-20-refA,cvu,0.897
zhen,13,0.02,dedup_cvl:mtme_COMET-22-refA,cvl,0.8925
zhen,13,0.02,dedup_cvq:mtme_COMET-22-refA,cvq,0.889
zhen,13,0.02,dedup_cvu:mtme_COMET-22-refA,cvu,0.8975
zhen,13,0.02,weighted_cvl:mtme_COMET-22-refA,cvl,0.895
zhen,13,0.02,weighted_cvq:mtme_COMET-22-refA,cvq,0.893
zhen,13,0.02,weighted_cvu:mtme_COMET-22-refA,cvu,0.8975
zhen,13,0.02,dedup_cvl:mtme_COMET-QE-src,cvl,0.897
zhen,13,0.02,dedup_cvq:mtme_COMET-QE-src,cvq,0.894
zhen,13,0.02,dedup_cvu:mtme_COMET-QE-src,cvu,0.894
zhen,13,0.02,weighted_cvl:mtme_COMET-QE-src,cvl,0.8915
zhen,13,0.02,weighted_cvq:mtme_COMET-QE-src,cvq,0.89
zhen,13,0.02,weighted_cvu:mtme_COMET-QE-src,cvu,0.8925
zhen,13,0.02,dedup_cvl:mtme_COMETKiwi-src,cvl,0.8905
zhen,13,0.02,dedup_cvq:mtme_COMETKiwi-src,cvq,0.8875
zhen,13,0.02,dedup_cvu:mtme_COMETKiwi-src,cvu,0.89
zhen,13,0.02,weighted_cvl:mtme_COMETKiwi-src,cvl,0.892
zhen,13,0.02,weighted_cvq:mtme_COMETKiwi-src,cvq,0.8895
zhen,13,0.02,weighted_cvu:mtme_COMETKiwi-src,cvu,0.894
zhen,13,0.02,dedup_cvl:mtme_Cross-QE-src,cvl,0.887
zhen,13,0.02,dedup_cvq:mtme_Cross-QE-src,cvq,0.883
zhen,13,0.02,dedup_cvu:mtme_Cross-QE-src,cvu,0.8855
zhen,13,0.02,weighted_cvl:mtme_Cross-QE-src,cvl,0.891
zhen,13,0.02,weighted_cvq:mtme_Cross-QE-src,cvq,0.8905
zhen,13,0.02,weighted_cvu:mtme_Cross-QE-src,cvu,0.8895
zhen,13,0.02,dedup_cvl:mtme_HWTSC-TLM-src,cvl,0.8875
zhen,13,0.02,dedup_cvq:mtme_HWTSC-TLM-src,cvq,0.8815
zhen,13,0.02,dedup_cvu:mtme_HWTSC-TLM-src,cvu,0.885
zhen,13,0.02,weighted_cvl:mtme_HWTSC-TLM-src,cvl,0.893
zhen,13,0.02,weighted_cvq:mtme_HWTSC-TLM-src,cvq,0.8865
zhen,13,0.02,weighted_cvu:mtme_HWTSC-TLM-src,cvu,0.889
zhen,13,0.02,dedup_cvl:mtme_HWTSC-Teacher-Sim-src,cvl,0.886
zhen,13,0.02,dedup_cvq:mtme_HWTSC-Teacher-Sim-src,cvq,0.885
zhen,13,0.02,dedup_cvu:mtme_HWTSC-Teacher-Sim-src,cvu,0.8865
zhen,13,0.02,weighted_cvl:mtme_HWTSC-Teacher-Sim-src,cvl,0.892
zhen,13,0.02,weighted_cvq:mtme_HWTSC-Teacher-Sim-src,cvq,0.8865
zhen,13,0.02,weighted_cvu:mtme_HWTSC-Teacher-Sim-src,cvu,0.8865
zhen,13,0.02,dedup_cvl:mtme_KG-BERTScore-src,cvl,0.89
zhen,13,0.02,dedup_cvq:mtme_KG-BERTScore-src,cvq,0.8865
zhen,13,0.02,dedup_cvu:mtme_KG-BERTScore-src,cvu,0.891
zhen,13,0.02,weighted_cvl:mtme_KG-BERTScore-src,cvl,0.8885
zhen,13,0.02,weighted_cvq:mtme_KG-BERTScore-src,cvq,0.888
zhen,13,0.02,weighted_cvu:mtme_KG-BERTScore-src,cvu,0.8895
zhen,13,0.02,dedup_cvl:mtme_MATESE-QE-src,cvl,0.8905
zhen,13,0.02,dedup_cvq:mtme_MATESE-QE-src,cvq,0.887
zhen,13,0.02,dedup_cvu:mtme_MATESE-QE-src,cvu,0.889
zhen,13,0.02,weighted_cvl:mtme_MATESE-QE-src,cvl,0.892
zhen,13,0.02,weighted_cvq:mtme_MATESE-QE-src,cvq,0.893
zhen,13,0.02,weighted_cvu:mtme_MATESE-QE-src,cvu,0.8975
zhen,13,0.02,dedup_cvl:mtme_MATESE-refA,cvl,0.8855
zhen,13,0.02,dedup_cvq:mtme_MATESE-refA,cvq,0.8855
zhen,13,0.02,dedup_cvu:mtme_MATESE-refA,cvu,0.889
zhen,13,0.02,weighted_cvl:mtme_MATESE-refA,cvl,0.8925
zhen,13,0.02,weighted_cvq:mtme_MATESE-refA,cvq,0.8935
zhen,13,0.02,weighted_cvu:mtme_MATESE-refA,cvu,0.8955
zhen,13,0.02,dedup_cvl:mtme_MEE-refA,cvl,0.893
zhen,13,0.02,dedup_cvq:mtme_MEE-refA,cvq,0.8895
zhen,13,0.02,dedup_cvu:mtme_MEE-refA,cvu,0.8885
zhen,13,0.02,weighted_cvl:mtme_MEE-refA,cvl,0.8945
zhen,13,0.02,weighted_cvq:mtme_MEE-refA,cvq,0.8925
zhen,13,0.02,weighted_cvu:mtme_MEE-refA,cvu,0.8945
zhen,13,0.02,dedup_cvl:mtme_MEE2-refA,cvl,0.8935
zhen,13,0.02,dedup_cvq:mtme_MEE2-refA,cvq,0.8875
zhen,13,0.02,dedup_cvu:mtme_MEE2-refA,cvu,0.8915
zhen,13,0.02,weighted_cvl:mtme_MEE2-refA,cvl,0.894
zhen,13,0.02,weighted_cvq:mtme_MEE2-refA,cvq,0.8925
zhen,13,0.02,weighted_cvu:mtme_MEE2-refA,cvu,0.8955
zhen,13,0.02,dedup_cvl:mtme_MEE4-refA,cvl,0.892
zhen,13,0.02,dedup_cvq:mtme_MEE4-refA,cvq,0.8905
zhen,13,0.02,dedup_cvu:mtme_MEE4-refA,cvu,0.8905
zhen,13,0.02,weighted_cvl:mtme_MEE4-refA,cvl,0.8925
zhen,13,0.02,weighted_cvq:mtme_MEE4-refA,cvq,0.8925
zhen,13,0.02,weighted_cvu:mtme_MEE4-refA,cvu,0.895
zhen,13,0.02,dedup_cvl:mtme_MS-COMET-22-refA,cvl,0.896
zhen,13,0.02,dedup_cvq:mtme_MS-COMET-22-refA,cvq,0.8915
zhen,13,0.02,dedup_cvu:mtme_MS-COMET-22-refA,cvu,0.897
zhen,13,0.02,weighted_cvl:mtme_MS-COMET-22-refA,cvl,0.8975
zhen,13,0.02,weighted_cvq:mtme_MS-COMET-22-refA,cvq,0.8895
zhen,13,0.02,weighted_cvu:mtme_MS-COMET-22-refA,cvu,0.8945
zhen,13,0.02,dedup_cvl:mtme_MS-COMET-QE-22-src,cvl,0.8945
zhen,13,0.02,dedup_cvq:mtme_MS-COMET-QE-22-src,cvq,0.89
zhen,13,0.02,dedup_cvu:mtme_MS-COMET-QE-22-src,cvu,0.89
zhen,13,0.02,weighted_cvl:mtme_MS-COMET-QE-22-src,cvl,0.899
zhen,13,0.02,weighted_cvq:mtme_MS-COMET-QE-22-src,cvq,0.8935
zhen,13,0.02,weighted_cvu:mtme_MS-COMET-QE-22-src,cvu,0.897
zhen,13,0.02,dedup_cvl:mtme_REUSE-src,cvl,0.8875
zhen,13,0.02,dedup_cvq:mtme_REUSE-src,cvq,0.8845
zhen,13,0.02,dedup_cvu:mtme_REUSE-src,cvu,0.888
zhen,13,0.02,weighted_cvl:mtme_REUSE-src,cvl,0.889
zhen,13,0.02,weighted_cvq:mtme_REUSE-src,cvq,0.888
zhen,13,0.02,weighted_cvu:mtme_REUSE-src,cvu,0.8905
zhen,13,0.02,dedup_cvl:mtme_SEScore-refA,cvl,0.8895
zhen,13,0.02,dedup_cvq:mtme_SEScore-refA,cvq,0.8875
zhen,13,0.02,dedup_cvu:mtme_SEScore-refA,cvu,0.8905
zhen,13,0.02,weighted_cvl:mtme_SEScore-refA,cvl,0.895
zhen,13,0.02,weighted_cvq:mtme_SEScore-refA,cvq,0.8945
zhen,13,0.02,weighted_cvu:mtme_SEScore-refA,cvu,0.8935
zhen,13,0.02,dedup_cvl:mtme_UniTE-ref-refA,cvl,0.898
zhen,13,0.02,dedup_cvq:mtme_UniTE-ref-refA,cvq,0.894
zhen,13,0.02,dedup_cvu:mtme_UniTE-ref-refA,cvu,0.9005
zhen,13,0.02,weighted_cvl:mtme_UniTE-ref-refA,cvl,0.8945
zhen,13,0.02,weighted_cvq:mtme_UniTE-ref-refA,cvq,0.8865
zhen,13,0.02,weighted_cvu:mtme_UniTE-ref-refA,cvu,0.8925
zhen,13,0.02,dedup_cvl:mtme_UniTE-refA,cvl,0.8965
zhen,13,0.02,dedup_cvq:mtme_UniTE-refA,cvq,0.892
zhen,13,0.02,dedup_cvu:mtme_UniTE-refA,cvu,0.8985
zhen,13,0.02,weighted_cvl:mtme_UniTE-refA,cvl,0.8945
zhen,13,0.02,weighted_cvq:mtme_UniTE-refA,cvq,0.893
zhen,13,0.02,weighted_cvu:mtme_UniTE-refA,cvu,0.896
zhen,13,0.02,dedup_cvl:mtme_UniTE-src-src,cvl,0.89
zhen,13,0.02,dedup_cvq:mtme_UniTE-src-src,cvq,0.8895
zhen,13,0.02,dedup_cvu:mtme_UniTE-src-src,cvu,0.8905
zhen,13,0.02,weighted_cvl:mtme_UniTE-src-src,cvl,0.898
zhen,13,0.02,weighted_cvq:mtme_UniTE-src-src,cvq,0.892
zhen,13,0.02,weighted_cvu:mtme_UniTE-src-src,cvu,0.894
zhen,13,0.02,dedup_cvl:mtme_YiSi-1-refA,cvl,0.8885
zhen,13,0.02,dedup_cvq:mtme_YiSi-1-refA,cvq,0.8865
zhen,13,0.02,dedup_cvu:mtme_YiSi-1-refA,cvu,0.888
zhen,13,0.02,weighted_cvl:mtme_YiSi-1-refA,cvl,0.8895
zhen,13,0.02,weighted_cvq:mtme_YiSi-1-refA,cvq,0.888
zhen,13,0.02,weighted_cvu:mtme_YiSi-1-refA,cvu,0.8905
zhen,13,0.02,dedup_cvl:mtme_chrF-refA,cvl,0.891
zhen,13,0.02,dedup_cvq:mtme_chrF-refA,cvq,0.8875
zhen,13,0.02,dedup_cvu:mtme_chrF-refA,cvu,0.891
zhen,13,0.02,weighted_cvl:mtme_chrF-refA,cvl,0.8915
zhen,13,0.02,weighted_cvq:mtme_chrF-refA,cvq,0.8885
zhen,13,0.02,weighted_cvu:mtme_chrF-refA,cvu,0.8905
zhen,13,0.02,dedup_cvl:mtme_f101spBLEU-refA,cvl,0.893
zhen,13,0.02,dedup_cvq:mtme_f101spBLEU-refA,cvq,0.891
zhen,13,0.02,dedup_cvu:mtme_f101spBLEU-refA,cvu,0.893
zhen,13,0.02,weighted_cvl:mtme_f101spBLEU-refA,cvl,0.8935
zhen,13,0.02,weighted_cvq:mtme_f101spBLEU-refA,cvq,0.893
zhen,13,0.02,weighted_cvu:mtme_f101spBLEU-refA,cvu,0.8955
zhen,13,0.02,dedup_cvl:mtme_f200spBLEU-refA,cvl,0.8935
zhen,13,0.02,dedup_cvq:mtme_f200spBLEU-refA,cvq,0.8915
zhen,13,0.02,dedup_cvu:mtme_f200spBLEU-refA,cvu,0.893
zhen,13,0.02,weighted_cvl:mtme_f200spBLEU-refA,cvl,0.8935
zhen,13,0.02,weighted_cvq:mtme_f200spBLEU-refA,cvq,0.891
zhen,13,0.02,weighted_cvu:mtme_f200spBLEU-refA,cvu,0.8945
zhen,13,0.02,dedup_cvl:mtme_metricx_xl_DA_2019-refA,cvl,0.8935
zhen,13,0.02,dedup_cvq:mtme_metricx_xl_DA_2019-refA,cvq,0.8905
zhen,13,0.02,dedup_cvu:mtme_metricx_xl_DA_2019-refA,cvu,0.8905
zhen,13,0.02,weighted_cvl:mtme_metricx_xl_DA_2019-refA,cvl,0.895
zhen,13,0.02,weighted_cvq:mtme_metricx_xl_DA_2019-refA,cvq,0.8905
zhen,13,0.02,weighted_cvu:mtme_metricx_xl_DA_2019-refA,cvu,0.8915
zhen,13,0.02,dedup_cvl:mtme_metricx_xl_MQM_2020-refA,cvl,0.8965
zhen,13,0.02,dedup_cvq:mtme_metricx_xl_MQM_2020-refA,cvq,0.8785
zhen,13,0.02,dedup_cvu:mtme_metricx_xl_MQM_2020-refA,cvu,0.895
zhen,13,0.02,weighted_cvl:mtme_metricx_xl_MQM_2020-refA,cvl,0.896
zhen,13,0.02,weighted_cvq:mtme_metricx_xl_MQM_2020-refA,cvq,0.8945
zhen,13,0.02,weighted_cvu:mtme_metricx_xl_MQM_2020-refA,cvu,0.8935
zhen,13,0.02,dedup_cvl:mtme_metricx_xxl_DA_2019-refA,cvl,0.8915
zhen,13,0.02,dedup_cvq:mtme_metricx_xxl_DA_2019-refA,cvq,0.8955
zhen,13,0.02,dedup_cvu:mtme_metricx_xxl_DA_2019-refA,cvu,0.8955
zhen,13,0.02,weighted_cvl:mtme_metricx_xxl_DA_2019-refA,cvl,0.889
zhen,13,0.02,weighted_cvq:mtme_metricx_xxl_DA_2019-refA,cvq,0.887
zhen,13,0.02,weighted_cvu:mtme_metricx_xxl_DA_2019-refA,cvu,0.8915
zhen,13,0.02,dedup_cvl:mtme_metricx_xxl_MQM_2020-refA,cvl,0.8945
zhen,13,0.02,dedup_cvq:mtme_metricx_xxl_MQM_2020-refA,cvq,0.8945
zhen,13,0.02,dedup_cvu:mtme_metricx_xxl_MQM_2020-refA,cvu,0.8945
zhen,13,0.02,weighted_cvl:mtme_metricx_xxl_MQM_2020-refA,cvl,0.89
zhen,13,0.02,weighted_cvq:mtme_metricx_xxl_MQM_2020-refA,cvq,0.889
zhen,13,0.02,weighted_cvu:mtme_metricx_xxl_MQM_2020-refA,cvu,0.889
zhen,13,0.02,weighted_cvo:mtme_BERTScore-refA,cvo,0.891
zhen,13,0.02,weighted_cvo:mtme_BLEU-refA,cvo,0.8915
zhen,13,0.02,weighted_cvo:mtme_BLEURT-20-refA,cvo,0.892
zhen,13,0.02,weighted_cvo:mtme_COMET-20-refA,cvo,0.8955
zhen,13,0.02,weighted_cvo:mtme_COMET-22-refA,cvo,0.8945
zhen,13,0.02,weighted_cvo:mtme_COMET-QE-src,cvo,0.8915
zhen,13,0.02,weighted_cvo:mtme_COMETKiwi-src,cvo,0.8935
zhen,13,0.02,weighted_cvo:mtme_Cross-QE-src,cvo,0.8895
zhen,13,0.02,weighted_cvo:mtme_HWTSC-TLM-src,cvo,0.8885
zhen,13,0.02,weighted_cvo:mtme_HWTSC-Teacher-Sim-src,cvo,0.891
zhen,13,0.02,weighted_cvo:mtme_KG-BERTScore-src,cvo,0.8895
zhen,13,0.02,weighted_cvo:mtme_MATESE-QE-src,cvo,0.8945
zhen,13,0.02,weighted_cvo:mtme_MATESE-refA,cvo,0.899
zhen,13,0.02,weighted_cvo:mtme_MEE-refA,cvo,0.889
zhen,13,0.02,weighted_cvo:mtme_MEE2-refA,cvo,0.8915
zhen,13,0.02,weighted_cvo:mtme_MEE4-refA,cvo,0.8925
zhen,13,0.02,weighted_cvo:mtme_MS-COMET-22-refA,cvo,0.8925
zhen,13,0.02,weighted_cvo:mtme_MS-COMET-QE-22-src,cvo,0.8935
zhen,13,0.02,weighted_cvo:mtme_REUSE-src,cvo,0.891
zhen,13,0.02,weighted_cvo:mtme_SEScore-refA,cvo,0.894
zhen,13,0.02,weighted_cvo:mtme_UniTE-ref-refA,cvo,0.8915
zhen,13,0.02,weighted_cvo:mtme_UniTE-refA,cvo,0.891
zhen,13,0.02,weighted_cvo:mtme_UniTE-src-src,cvo,0.891
zhen,13,0.02,weighted_cvo:mtme_YiSi-1-refA,cvo,0.8895
zhen,13,0.02,weighted_cvo:mtme_chrF-refA,cvo,0.8915
zhen,13,0.02,weighted_cvo:mtme_f101spBLEU-refA,cvo,0.8915
zhen,13,0.02,weighted_cvo:mtme_f200spBLEU-refA,cvo,0.8895
zhen,13,0.02,weighted_cvo:mtme_metricx_xl_DA_2019-refA,cvo,0.895
zhen,13,0.02,weighted_cvo:mtme_metricx_xl_MQM_2020-refA,cvo,0.895
zhen,13,0.02,weighted_cvo:mtme_metricx_xxl_DA_2019-refA,cvo,0.8935
zhen,13,0.02,weighted_cvo:mtme_metricx_xxl_MQM_2020-refA,cvo,0.89
zhen,14,0.01,uniform,human,0.9095
zhen,14,0.01,dedup,human,0.9125
zhen,14,0.01,weighted,human,0.898
zhen,14,0.01,dedup_cvl:mtme_BERTScore-refA,cvl,0.9105
zhen,14,0.01,dedup_cvq:mtme_BERTScore-refA,cvq,0.9085
zhen,14,0.01,dedup_cvu:mtme_BERTScore-refA,cvu,0.9115
zhen,14,0.01,weighted_cvl:mtme_BERTScore-refA,cvl,0.8995
zhen,14,0.01,weighted_cvq:mtme_BERTScore-refA,cvq,0.8975
zhen,14,0.01,weighted_cvu:mtme_BERTScore-refA,cvu,0.898
zhen,14,0.01,dedup_cvl:mtme_BLEU-refA,cvl,0.9095
zhen,14,0.01,dedup_cvq:mtme_BLEU-refA,cvq,0.911
zhen,14,0.01,dedup_cvu:mtme_BLEU-refA,cvu,0.9115
zhen,14,0.01,weighted_cvl:mtme_BLEU-refA,cvl,0.897
zhen,14,0.01,weighted_cvq:mtme_BLEU-refA,cvq,0.8965
zhen,14,0.01,weighted_cvu:mtme_BLEU-refA,cvu,0.899
zhen,14,0.01,dedup_cvl:mtme_BLEURT-20-refA,cvl,0.9145
zhen,14,0.01,dedup_cvq:mtme_BLEURT-20-refA,cvq,0.912
zhen,14,0.01,dedup_cvu:mtme_BLEURT-20-refA,cvu,0.9105
zhen,14,0.01,weighted_cvl:mtme_BLEURT-20-refA,cvl,0.9035
zhen,14,0.01,weighted_cvq:mtme_BLEURT-20-refA,cvq,0.904
zhen,14,0.01,weighted_cvu:mtme_BLEURT-20-refA,cvu,0.9055
zhen,14,0.01,dedup_cvl:mtme_COMET-20-refA,cvl,0.918
zhen,14,0.01,dedup_cvq:mtme_COMET-20-refA,cvq,0.9105
zhen,14,0.01,dedup_cvu:mtme_COMET-20-refA,cvu,0.912
zhen,14,0.01,weighted_cvl:mtme_COMET-20-refA,cvl,0.904
zhen,14,0.01,weighted_cvq:mtme_COMET-20-refA,cvq,0.9055
zhen,14,0.01,weighted_cvu:mtme_COMET-20-refA,cvu,0.905
zhen,14,0.01,dedup_cvl:mtme_COMET-22-refA,cvl,0.9155
zhen,14,0.01,dedup_cvq:mtme_COMET-22-refA,cvq,0.914
zhen,14,0.01,dedup_cvu:mtme_COMET-22-refA,cvu,0.9135
zhen,14,0.01,weighted_cvl:mtme_COMET-22-refA,cvl,0.901
zhen,14,0.01,weighted_cvq:mtme_COMET-22-refA,cvq,0.903
zhen,14,0.01,weighted_cvu:mtme_COMET-22-refA,cvu,0.908
zhen,14,0.01,dedup_cvl:mtme_COMET-QE-src,cvl,0.9125
zhen,14,0.01,dedup_cvq:mtme_COMET-QE-src,cvq,0.91
zhen,14,0.01,dedup_cvu:mtme_COMET-QE-src,cvu,0.911
zhen,14,0.01,weighted_cvl:mtme_COMET-QE-src,cvl,0.9015
zhen,14,0.01,weighted_cvq:mtme_COMET-QE-src,cvq,0.901
zhen,14,0.01,weighted_cvu:mtme_COMET-QE-src,cvu,0.9035
zhen,14,0.01,dedup_cvl:mtme_COMETKiwi-src,cvl,0.915
zhen,14,0.01,dedup_cvq:mtme_COMETKiwi-src,cvq,0.91
zhen,14,0.01,dedup_cvu:mtme_COMETKiwi-src,cvu,0.9085
zhen,14,0.01,weighted_cvl:mtme_COMETKiwi-src,cvl,0.9015
zhen,14,0.01,weighted_cvq:mtme_COMETKiwi-src,cvq,0.899
zhen,14,0.01,weighted_cvu:mtme_COMETKiwi-src,cvu,0.9015
zhen,14,0.01,dedup_cvl:mtme_Cross-QE-src,cvl,0.911
zhen,14,0.01,dedup_cvq:mtme_Cross-QE-src,cvq,0.91
zhen,14,0.01,dedup_cvu:mtme_Cross-QE-src,cvu,0.9095
zhen,14,0.01,weighted_cvl:mtme_Cross-QE-src,cvl,0.9015
zhen,14,0.01,weighted_cvq:mtme_Cross-QE-src,cvq,0.897
zhen,14,0.01,weighted_cvu:mtme_Cross-QE-src,cvu,0.9015
zhen,14,0.01,dedup_cvl:mtme_HWTSC-TLM-src,cvl,0.9135
zhen,14,0.01,dedup_cvq:mtme_HWTSC-TLM-src,cvq,0.9125
zhen,14,0.01,dedup_cvu:mtme_HWTSC-TLM-src,cvu,0.911
zhen,14,0.01,weighted_cvl:mtme_HWTSC-TLM-src,cvl,0.9045
zhen,14,0.01,weighted_cvq:mtme_HWTSC-TLM-src,cvq,0.8965
zhen,14,0.01,weighted_cvu:mtme_HWTSC-TLM-src,cvu,0.9015
zhen,14,0.01,dedup_cvl:mtme_HWTSC-Teacher-Sim-src,cvl,0.9075
zhen,14,0.01,dedup_cvq:mtme_HWTSC-Teacher-Sim-src,cvq,0.908
zhen,14,0.01,dedup_cvu:mtme_HWTSC-Teacher-Sim-src,cvu,0.912
zhen,14,0.01,weighted_cvl:mtme_HWTSC-Teacher-Sim-src,cvl,0.903
zhen,14,0.01,weighted_cvq:mtme_HWTSC-Teacher-Sim-src,cvq,0.897
zhen,14,0.01,weighted_cvu:mtme_HWTSC-Teacher-Sim-src,cvu,0.9005
zhen,14,0.01,dedup_cvl:mtme_KG-BERTScore-src,cvl,0.9125
zhen,14,0.01,dedup_cvq:mtme_KG-BERTScore-src,cvq,0.908
zhen,14,0.01,dedup_cvu:mtme_KG-BERTScore-src,cvu,0.909
zhen,14,0.01,weighted_cvl:mtme_KG-BERTScore-src,cvl,0.902
zhen,14,0.01,weighted_cvq:mtme_KG-BERTScore-src,cvq,0.895
zhen,14,0.01,weighted_cvu:mtme_KG-BERTScore-src,cvu,0.898
zhen,14,0.01,dedup_cvl:mtme_MATESE-QE-src,cvl,0.919
zhen,14,0.01,dedup_cvq:mtme_MATESE-QE-src,cvq,0.9105
zhen,14,0.01,dedup_cvu:mtme_MATESE-QE-src,cvu,0.911
zhen,14,0.01,weighted_cvl:mtme_MATESE-QE-src,cvl,0.9035
zhen,14,0.01,weighted_cvq:mtme_MATESE-QE-src,cvq,0.901
zhen,14,0.01,weighted_cvu:mtme_MATESE-QE-src,cvu,0.9035
zhen,14,0.01,dedup_cvl:mtme_MATESE-refA,cvl,0.915
zhen,14,0.01,dedup_cvq:mtme_MATESE-refA,cvq,0.913
zhen,14,0.01,dedup_cvu:mtme_MATESE-refA,cvu,0.9145
zhen,14,0.01,weighted_cvl:mtme_MATESE-refA,cvl,0.908
zhen,14,0.01,weighted_cvq:mtme_MATESE-refA,cvq,0.897
zhen,14,0.01,weighted_cvu:mtme_MATESE-refA,cvu,0.904
zhen,14,0.01,dedup_cvl:mtme_MEE-refA,cvl,0.9095
zhen,14,0.01,dedup_cvq:mtme_MEE-refA,cvq,0.911
zhen,14,0.01,dedup_cvu:mtme_MEE-refA,cvu,0.9125
zhen,14,0.01,weighted_cvl:mtme_MEE-refA,cvl,0.8975
zhen,14,0.01,weighted_cvq:mtme_MEE-refA,cvq,0.898
zhen,14,0.01,weighted_cvu:mtme_MEE-refA,cvu,0.8985
zhen,14,0.01,dedup_cvl:mtme_MEE2-refA,cvl,0.9115
zhen,14,0.01,dedup_cvq:mtme_MEE2-refA,cvq,0.91
zhen,14,0.01,dedup_cvu:mtme_MEE2-refA,cvu,0.91
zhen,14,0.01,weighted_cvl:mtme_MEE2-refA,cvl,0.9005
zhen,14,0.01,weighted_cvq:mtme_MEE2-refA,cvq,0.897
zhen,14,0.01,weighted_cvu:mtme_MEE2-refA,cvu,0.8985
zhen,14,0.01,dedup_cvl:mtme_MEE4-refA,cvl,0.9095
zhen,14,0.01,dedup_cvq:mtme_MEE4-refA,cvq,0.9085
zhen,14,0.01,dedup_cvu:mtme_MEE4-refA,cvu,0.9095
zhen,14,0.01,weighted_cvl:mtme_MEE4-refA,cvl,0.901
zhen,14,0.01,weighted_cvq:mtme_MEE4-refA,cvq,0.9
zhen,14,0.01,weighted_cvu:mtme_MEE4-refA,cvu,0.899
zhen,14,0.01,dedup_cvl:mtme_MS-COMET-22-refA,cvl,0.913
zhen,14,0.01,dedup_cvq:mtme_MS-COMET-22-refA,cvq,0.9105
zhen,14,0.01,dedup_cvu:mtme_MS-COMET-22-refA,cvu,0.9125
zhen,14,0.01,weighted_cvl:mtme_MS-COMET-22-refA,cvl,0.8935
zhen,14,0.01,weighted_cvq:mtme_MS-COMET-22-refA,cvq,0.8975
zhen,14,0.01,weighted_cvu:mtme_MS-COMET-22-refA,cvu,0.899
zhen,14,0.01,dedup_cvl:mtme_MS-COMET-QE-22-src,cvl,0.9115
zhen,14,0.01,dedup_cvq:mtme_MS-COMET-QE-22-src,cvq,0.912
zhen,14,0.01,dedup_cvu:mtme_MS-COMET-QE-22-src,cvu,0.9145
zhen,14,0.01,weighted_cvl:mtme_MS-COMET-QE-22-src,cvl,0.9045
zhen,14,0.01,weighted_cvq:mtme_MS-COMET-QE-22-src,cvq,0.898
zhen,14,0.01,weighted_cvu:mtme_MS-COMET-QE-22-src,cvu,0.898
zhen,14,0.01,dedup_cvl:mtme_REUSE-src,cvl,0.9095
zhen,14,0.01,dedup_cvq:mtme_REUSE-src,cvq,0.91
zhen,14,0.01,dedup_cvu:mtme_REUSE-src,cvu,0.9105
zhen,14,0.01,weighted_cvl:mtme_REUSE-src,cvl,0.896
zhen,14,0.01,weighted_cvq:mtme_REUSE-src,cvq,0.897
zhen,14,0.01,weighted_cvu:mtme_REUSE-src,cvu,0.8965
zhen,14,0.01,dedup_cvl:mtme_SEScore-refA,cvl,0.9185
zhen,14,0.01,dedup_cvq:mtme_SEScore-refA,cvq,0.914
zhen,14,0.01,dedup_cvu:mtme_SEScore-refA,cvu,0.916
zhen,14,0.01,weighted_cvl:mtme_SEScore-refA,cvl,0.901
zhen,14,0.01,weighted_cvq:mtme_SEScore-refA,cvq,0.901
zhen,14,0.01,weighted_cvu:mtme_SEScore-refA,cvu,0.902
zhen,14,0.01,dedup_cvl:mtme_UniTE-ref-refA,cvl,0.911
zhen,14,0.01,dedup_cvq:mtme_UniTE-ref-refA,cvq,0.9085
zhen,14,0.01,dedup_cvu:mtme_UniTE-ref-refA,cvu,0.9135
zhen,14,0.01,weighted_cvl:mtme_UniTE-ref-refA,cvl,0.9
zhen,14,0.01,weighted_cvq:mtme_UniTE-ref-refA,cvq,0.9015
zhen,14,0.01,weighted_cvu:mtme_UniTE-ref-refA,cvu,0.903
zhen,14,0.01,dedup_cvl:mtme_UniTE-refA,cvl,0.9115
zhen,14,0.01,dedup_cvq:mtme_UniTE-refA,cvq,0.909
zhen,14,0.01,dedup_cvu:mtme_UniTE-refA,cvu,0.913
zhen,14,0.01,weighted_cvl:mtme_UniTE-refA,cvl,0.9015
zhen,14,0.01,weighted_cvq:mtme_UniTE-refA,cvq,0.9005
zhen,14,0.01,weighted_cvu:mtme_UniTE-refA,cvu,0.902
zhen,14,0.01,dedup_cvl:mtme_UniTE-src-src,cvl,0.9155
zhen,14,0.01,dedup_cvq:mtme_UniTE-src-src,cvq,0.9085
zhen,14,0.01,dedup_cvu:mtme_UniTE-src-src,cvu,0.912
zhen,14,0.01,weighted_cvl:mtme_UniTE-src-src,cvl,0.905
zhen,14,0.01,weighted_cvq:mtme_UniTE-src-src,cvq,0.9025
zhen,14,0.01,weighted_cvu:mtme_UniTE-src-src,cvu,0.904
zhen,14,0.01,dedup_cvl:mtme_YiSi-1-refA,cvl,0.9125
zhen,14,0.01,dedup_cvq:mtme_YiSi-1-refA,cvq,0.9095
zhen,14,0.01,dedup_cvu:mtme_YiSi-1-refA,cvu,0.9115
zhen,14,0.01,weighted_cvl:mtme_YiSi-1-refA,cvl,0.8975
zhen,14,0.01,weighted_cvq:mtme_YiSi-1-refA,cvq,0.8965
zhen,14,0.01,weighted_cvu:mtme_YiSi-1-refA,cvu,0.9
zhen,14,0.01,dedup_cvl:mtme_chrF-refA,cvl,0.91
zhen,14,0.01,dedup_cvq:mtme_chrF-refA,cvq,0.9115
zhen,14,0.01,dedup_cvu:mtme_chrF-refA,cvu,0.9145
zhen,14,0.01,weighted_cvl:mtme_chrF-refA,cvl,0.897
zhen,14,0.01,weighted_cvq:mtme_chrF-refA,cvq,0.8985
zhen,14,0.01,weighted_cvu:mtme_chrF-refA,cvu,0.9005
zhen,14,0.01,dedup_cvl:mtme_f101spBLEU-refA,cvl,0.912
zhen,14,0.01,dedup_cvq:mtme_f101spBLEU-refA,cvq,0.911
zhen,14,0.01,dedup_cvu:mtme_f101spBLEU-refA,cvu,0.911
zhen,14,0.01,weighted_cvl:mtme_f101spBLEU-refA,cvl,0.899
zhen,14,0.01,weighted_cvq:mtme_f101spBLEU-refA,cvq,0.8985
zhen,14,0.01,weighted_cvu:mtme_f101spBLEU-refA,cvu,0.8985
zhen,14,0.01,dedup_cvl:mtme_f200spBLEU-refA,cvl,0.91
zhen,14,0.01,dedup_cvq:mtme_f200spBLEU-refA,cvq,0.912
zhen,14,0.01,dedup_cvu:mtme_f200spBLEU-refA,cvu,0.9135
zhen,14,0.01,weighted_cvl:mtme_f200spBLEU-refA,cvl,0.9
zhen,14,0.01,weighted_cvq:mtme_f200spBLEU-refA,cvq,0.8985
zhen,14,0.01,weighted_cvu:mtme_f200spBLEU-refA,cvu,0.9
zhen,14,0.01,dedup_cvl:mtme_metricx_xl_DA_2019-refA,cvl,0.909
zhen,14,0.01,dedup_cvq:mtme_metricx_xl_DA_2019-refA,cvq,0.9105
zhen,14,0.01,dedup_cvu:mtme_metricx_xl_DA_2019-refA,cvu,0.9135
zhen,14,0.01,weighted_cvl:mtme_metricx_xl_DA_2019-refA,cvl,0.901
zhen,14,0.01,weighted_cvq:mtme_metricx_xl_DA_2019-refA,cvq,0.9005
zhen,14,0.01,weighted_cvu:mtme_metricx_xl_DA_2019-refA,cvu,0.901
zhen,14,0.01,dedup_cvl:mtme_metricx_xl_MQM_2020-refA,cvl,0.913
zhen,14,0.01,dedup_cvq:mtme_metricx_xl_MQM_2020-refA,cvq,0.91
zhen,14,0.01,dedup_cvu:mtme_metricx_xl_MQM_2020-refA,cvu,0.9135
zhen,14,0.01,weighted_cvl:mtme_metricx_xl_MQM_2020-refA,cvl,0.896
zhen,14,0.01,weighted_cvq:mtme_metricx_xl_MQM_2020-refA,cvq,0.8965
zhen,14,0.01,weighted_cvu:mtme_metricx_xl_MQM_2020-refA,cvu,0.901
zhen,14,0.01,dedup_cvl:mtme_metricx_xxl_DA_2019-refA,cvl,0.9145
zhen,14,0.01,dedup_cvq:mtme_metricx_xxl_DA_2019-refA,cvq,0.9115
zhen,14,0.01,dedup_cvu:mtme_metricx_xxl_DA_2019-refA,cvu,0.9135
zhen,14,0.01,weighted_cvl:mtme_metricx_xxl_DA_2019-refA,cvl,0.9005
zhen,14,0.01,weighted_cvq:mtme_metricx_xxl_DA_2019-refA,cvq,0.9015
zhen,14,0.01,weighted_cvu:mtme_metricx_xxl_DA_2019-refA,cvu,0.902
zhen,14,0.01,dedup_cvl:mtme_metricx_xxl_MQM_2020-refA,cvl,0.9135
zhen,14,0.01,dedup_cvq:mtme_metricx_xxl_MQM_2020-refA,cvq,0.9095
zhen,14,0.01,dedup_cvu:mtme_metricx_xxl_MQM_2020-refA,cvu,0.9135
zhen,14,0.01,weighted_cvl:mtme_metricx_xxl_MQM_2020-refA,cvl,0.8995
zhen,14,0.01,weighted_cvq:mtme_metricx_xxl_MQM_2020-refA,cvq,0.9005
zhen,14,0.01,weighted_cvu:mtme_metricx_xxl_MQM_2020-refA,cvu,0.9025
zhen,14,0.01,weighted_cvo:mtme_BERTScore-refA,cvo,0.8995
zhen,14,0.01,weighted_cvo:mtme_BLEU-refA,cvo,0.899
zhen,14,0.01,weighted_cvo:mtme_BLEURT-20-refA,cvo,0.9
zhen,14,0.01,weighted_cvo:mtme_COMET-20-refA,cvo,0.904
zhen,14,0.01,weighted_cvo:mtme_COMET-22-refA,cvo,0.9045
zhen,14,0.01,weighted_cvo:mtme_COMET-QE-src,cvo,0.9005
zhen,14,0.01,weighted_cvo:mtme_COMETKiwi-src,cvo,0.8995
zhen,14,0.01,weighted_cvo:mtme_Cross-QE-src,cvo,0.9005
zhen,14,0.01,weighted_cvo:mtme_HWTSC-TLM-src,cvo,0.898
zhen,14,0.01,weighted_cvo:mtme_HWTSC-Teacher-Sim-src,cvo,0.8995
zhen,14,0.01,weighted_cvo:mtme_KG-BERTScore-src,cvo,0.8965
zhen,14,0.01,weighted_cvo:mtme_MATESE-QE-src,cvo,0.9025
zhen,14,0.01,weighted_cvo:mtme_MATESE-refA,cvo,0.897
zhen,14,0.01,weighted_cvo:mtme_MEE-refA,cvo,0.8985
zhen,14,0.01,weighted_cvo:mtme_MEE2-refA,cvo,0.897
zhen,14,0.01,weighted_cvo:mtme_MEE4-refA,cvo,0.8985
zhen,14,0.01,weighted_cvo:mtme_MS-COMET-22-refA,cvo,0.8985
zhen,14,0.01,weighted_cvo:mtme_MS-COMET-QE-22-src,cvo,0.896
zhen,14,0.01,weighted_cvo:mtme_REUSE-src,cvo,0.898
zhen,14,0.01,weighted_cvo:mtme_SEScore-refA,cvo,0.902
zhen,14,0.01,weighted_cvo:mtme_UniTE-ref-refA,cvo,0.9015
zhen,14,0.01,weighted_cvo:mtme_UniTE-refA,cvo,0.899
zhen,14,0.01,weighted_cvo:mtme_UniTE-src-src,cvo,0.9045
zhen,14,0.01,weighted_cvo:mtme_YiSi-1-refA,cvo,0.899
zhen,14,0.01,weighted_cvo:mtme_chrF-refA,cvo,0.898
zhen,14,0.01,weighted_cvo:mtme_f101spBLEU-refA,cvo,0.899
zhen,14,0.01,weighted_cvo:mtme_f200spBLEU-refA,cvo,0.901
zhen,14,0.01,weighted_cvo:mtme_metricx_xl_DA_2019-refA,cvo,0.8995
zhen,14,0.01,weighted_cvo:mtme_metricx_xl_MQM_2020-refA,cvo,0.8995
zhen,14,0.01,weighted_cvo:mtme_metricx_xxl_DA_2019-refA,cvo,0.8995
zhen,14,0.01,weighted_cvo:mtme_metricx_xxl_MQM_2020-refA,cvo,0.9
zhen,14,0.02,uniform,human,0.895
zhen,14,0.02,dedup,human,0.8975
zhen,14,0.02,weighted,human,0.903
zhen,14,0.02,dedup_cvl:mtme_BERTScore-refA,cvl,0.896
zhen,14,0.02,dedup_cvq:mtme_BERTScore-refA,cvq,0.8985
zhen,14,0.02,dedup_cvu:mtme_BERTScore-refA,cvu,0.898
zhen,14,0.02,weighted_cvl:mtme_BERTScore-refA,cvl,0.9045
zhen,14,0.02,weighted_cvq:mtme_BERTScore-refA,cvq,0.901
zhen,14,0.02,weighted_cvu:mtme_BERTScore-refA,cvu,0.906
zhen,14,0.02,dedup_cvl:mtme_BLEU-refA,cvl,0.8985
zhen,14,0.02,dedup_cvq:mtme_BLEU-refA,cvq,0.898
zhen,14,0.02,dedup_cvu:mtme_BLEU-refA,cvu,0.899
zhen,14,0.02,weighted_cvl:mtme_BLEU-refA,cvl,0.904
zhen,14,0.02,weighted_cvq:mtme_BLEU-refA,cvq,0.8995
zhen,14,0.02,weighted_cvu:mtme_BLEU-refA,cvu,0.904
zhen,14,0.02,dedup_cvl:mtme_BLEURT-20-refA,cvl,0.901
zhen,14,0.02,dedup_cvq:mtme_BLEURT-20-refA,cvq,0.899
zhen,14,0.02,dedup_cvu:mtme_BLEURT-20-refA,cvu,0.899
zhen,14,0.02,weighted_cvl:mtme_BLEURT-20-refA,cvl,0.903
zhen,14,0.02,weighted_cvq:mtme_BLEURT-20-refA,cvq,0.899
zhen,14,0.02,weighted_cvu:mtme_BLEURT-20-refA,cvu,0.9025
zhen,14,0.02,dedup_cvl:mtme_COMET-20-refA,cvl,0.8995
zhen,14,0.02,dedup_cvq:mtme_COMET-20-refA,cvq,0.899
zhen,14,0.02,dedup_cvu:mtme_COMET-20-refA,cvu,0.9055
zhen,14,0.02,weighted_cvl:mtme_COMET-20-refA,cvl,0.901
zhen,14,0.02,weighted_cvq:mtme_COMET-20-refA,cvq,0.8985
zhen,14,0.02,weighted_cvu:mtme_COMET-20-refA,cvu,0.8995
zhen,14,0.02,dedup_cvl:mtme_COMET-22-refA,cvl,0.903
zhen,14,0.02,dedup_cvq:mtme_COMET-22-refA,cvq,0.8985
zhen,14,0.02,dedup_cvu:mtme_COMET-22-refA,cvu,0.9
zhen,14,0.02,weighted_cvl:mtme_COMET-22-refA,cvl,0.903
zhen,14,0.02,weighted_cvq:mtme_COMET-22-refA,cvq,0.9
zhen,14,0.02,weighted_cvu:mtme_COMET-22-refA,cvu,0.9015
zhen,14,0.02,dedup_cvl:mtme_COMET-QE-src,cvl,0.8905
zhen,14,0.02,dedup_cvq:mtme_COMET-QE-src,cvq,0.892
zhen,14,0.02,dedup_cvu:mtme_COMET-QE-src,cvu,0.892
zhen,14,0.02,weighted_cvl:mtme_COMET-QE-src,cvl,0.8995
zhen,14,0.02,weighted_cvq:mtme_COMET-QE-src,cvq,0.896
zhen,14,0.02,weighted_cvu:mtme_COMET-QE-src,cvu,0.8965
zhen,14,0.02,dedup_cvl:mtme_COMETKiwi-src,cvl,0.897
zhen,14,0.02,dedup_cvq:mtme_COMETKiwi-src,cvq,0.899
zhen,14,0.02,dedup_cvu:mtme_COMETKiwi-src,cvu,0.897
zhen,14,0.02,weighted_cvl:mtme_COMETKiwi-src,cvl,0.898
zhen,14,0.02,weighted_cvq:mtme_COMETKiwi-src,cvq,0.895
zhen,14,0.02,weighted_cvu:mtme_COMETKiwi-src,cvu,0.8995
zhen,14,0.02,dedup_cvl:mtme_Cross-QE-src,cvl,0.892
zhen,14,0.02,dedup_cvq:mtme_Cross-QE-src,cvq,0.8985
zhen,14,0.02,dedup_cvu:mtme_Cross-QE-src,cvu,0.8955
zhen,14,0.02,weighted_cvl:mtme_Cross-QE-src,cvl,0.9015
zhen,14,0.02,weighted_cvq:mtme_Cross-QE-src,cvq,0.8995
zhen,14,0.02,weighted_cvu:mtme_Cross-QE-src,cvu,0.9005
zhen,14,0.02,dedup_cvl:mtme_HWTSC-TLM-src,cvl,0.9
zhen,14,0.02,dedup_cvq:mtme_HWTSC-TLM-src,cvq,0.897
zhen,14,0.02,dedup_cvu:mtme_HWTSC-TLM-src,cvu,0.898
zhen,14,0.02,weighted_cvl:mtme_HWTSC-TLM-src,cvl,0.902
zhen,14,0.02,weighted_cvq:mtme_HWTSC-TLM-src,cvq,0.898
zhen,14,0.02,weighted_cvu:mtme_HWTSC-TLM-src,cvu,0.898
zhen,14,0.02,dedup_cvl:mtme_HWTSC-Teacher-Sim-src,cvl,0.899
zhen,14,0.02,dedup_cvq:mtme_HWTSC-Teacher-Sim-src,cvq,0.8995
zhen,14,0.02,dedup_cvu:mtme_HWTSC-Teacher-Sim-src,cvu,0.8995
zhen,14,0.02,weighted_cvl:mtme_HWTSC-Teacher-Sim-src,cvl,0.8975
zhen,14,0.02,weighted_cvq:mtme_HWTSC-Teacher-Sim-src,cvq,0.898
zhen,14,0.02,weighted_cvu:mtme_HWTSC-Teacher-Sim-src,cvu,0.8985
zhen,14,0.02,dedup_cvl:mtme_KG-BERTScore-src,cvl,0.898
zhen,14,0.02,dedup_cvq:mtme_KG-BERTScore-src,cvq,0.895
zhen,14,0.02,dedup_cvu:mtme_KG-BERTScore-src,cvu,0.899
zhen,14,0.02,weighted_cvl:mtme_KG-BERTScore-src,cvl,0.9035
zhen,14,0.02,weighted_cvq:mtme_KG-BERTScore-src,cvq,0.8985
zhen,14,0.02,weighted_cvu:mtme_KG-BERTScore-src,cvu,0.9015
zhen,14,0.02,dedup_cvl:mtme_MATESE-QE-src,cvl,0.895
zhen,14,0.02,dedup_cvq:mtme_MATESE-QE-src,cvq,0.895
zhen,14,0.02,dedup_cvu:mtme_MATESE-QE-src,cvu,0.901
zhen,14,0.02,weighted_cvl:mtme_MATESE-QE-src,cvl,0.901
zhen,14,0.02,weighted_cvq:mtme_MATESE-QE-src,cvq,0.9
zhen,14,0.02,weighted_cvu:mtme_MATESE-QE-src,cvu,0.9005
zhen,14,0.02,dedup_cvl:mtme_MATESE-refA,cvl,0.898
zhen,14,0.02,dedup_cvq:mtme_MATESE-refA,cvq,0.897
zhen,14,0.02,dedup_cvu:mtme_MATESE-refA,cvu,0.8985
zhen,14,0.02,weighted_cvl:mtme_MATESE-refA,cvl,0.9055
zhen,14,0.02,weighted_cvq:mtme_MATESE-refA,cvq,0.9045
zhen,14,0.02,weighted_cvu:mtme_MATESE-refA,cvu,0.903
zhen,14,0.02,dedup_cvl:mtme_MEE-refA,cvl,0.8975
zhen,14,0.02,dedup_cvq:mtme_MEE-refA,cvq,0.8985
zhen,14,0.02,dedup_cvu:mtme_MEE-refA,cvu,0.9
zhen,14,0.02,weighted_cvl:mtme_MEE-refA,cvl,0.906
zhen,14,0.02,weighted_cvq:mtme_MEE-refA,cvq,0.9035
zhen,14,0.02,weighted_cvu:mtme_MEE-refA,cvu,0.905
zhen,14,0.02,dedup_cvl:mtme_MEE2-refA,cvl,0.898
zhen,14,0.02,dedup_cvq:mtme_MEE2-refA,cvq,0.8975
zhen,14,0.02,dedup_cvu:mtme_MEE2-refA,cvu,0.9005
zhen,14,0.02,weighted_cvl:mtme_MEE2-refA,cvl,0.9035
zhen,14,0.02,weighted_cvq:mtme_MEE2-refA,cvq,0.9
zhen,14,0.02,weighted_cvu:mtme_MEE2-refA,cvu,0.9035
zhen,14,0.02,dedup_cvl:mtme_MEE4-refA,cvl,0.9
zhen,14,0.02,dedup_cvq:mtme_MEE4-refA,cvq,0.898
zhen,14,0.02,dedup_cvu:mtme_MEE4-refA,cvu,0.9015
zhen,14,0.02,weighted_cvl:mtme_MEE4-refA,cvl,0.902
zhen,14,0.02,weighted_cvq:mtme_MEE4-refA,cvq,0.8985
zhen,14,0.02,weighted_cvu:mtme_MEE4-refA,cvu,0.902
zhen,14,0.02,dedup_cvl:mtme_MS-COMET-22-refA,cvl,0.8995
zhen,14,0.02,dedup_cvq:mtme_MS-COMET-22-refA,cvq,0.8945
zhen,14,0.02,dedup_cvu:mtme_MS-COMET-22-refA,cvu,0.8985
zhen,14,0.02,weighted_cvl:mtme_MS-COMET-22-refA,cvl,0.9015
zhen,14,0.02,weighted_cvq:mtme_MS-COMET-22-refA,cvq,0.8995
zhen,14,0.02,weighted_cvu:mtme_MS-COMET-22-refA,cvu,0.903
zhen,14,0.02,dedup_cvl:mtme_MS-COMET-QE-22-src,cvl,0.898
zhen,14,0.02,dedup_cvq:mtme_MS-COMET-QE-22-src,cvq,0.899
zhen,14,0.02,dedup_cvu:mtme_MS-COMET-QE-22-src,cvu,0.9015
zhen,14,0.02,weighted_cvl:mtme_MS-COMET-QE-22-src,cvl,0.9
zhen,14,0.02,weighted_cvq:mtme_MS-COMET-QE-22-src,cvq,0.9045
zhen,14,0.02,weighted_cvu:mtme_MS-COMET-QE-22-src,cvu,0.903
zhen,14,0.02,dedup_cvl:mtme_REUSE-src,cvl,0.899
zhen,14,0.02,dedup_cvq:mtme_REUSE-src,cvq,0.8975
zhen,14,0.02,dedup_cvu:mtme_REUSE-src,cvu,0.898
zhen,14,0.02,weighted_cvl:mtme_REUSE-src,cvl,0.9025
zhen,14,0.02,weighted_cvq:mtme_REUSE-src,cvq,0.903
zhen,14,0.02,weighted_cvu:mtme_REUSE-src,cvu,0.9035
zhen,14,0.02,dedup_cvl:mtme_SEScore-refA,cvl,0.8965
zhen,14,0.02,dedup_cvq:mtme_SEScore-refA,cvq,0.8995
zhen,14,0.02,dedup_cvu:mtme_SEScore-refA,cvu,0.898
zhen,14,0.02,weighted_cvl:mtme_SEScore-refA,cvl,0.9005
zhen,14,0.02,weighted_cvq:mtme_SEScore-refA,cvq,0.901
zhen,14,0.02,weighted_cvu:mtme_SEScore-refA,cvu,0.9015
zhen,14,0.02,dedup_cvl:mtme_UniTE-ref-refA,cvl,0.898
zhen,14,0.02,dedup_cvq:mtme_UniTE-ref-refA,cvq,0.8985
zhen,14,0.02,dedup_cvu:mtme_UniTE-ref-refA,cvu,0.8985
zhen,14,0.02,weighted_cvl:mtme_UniTE-ref-refA,cvl,0.898
zhen,14,0.02,weighted_cvq:mtme_UniTE-ref-refA,cvq,0.8985
zhen,14,0.02,weighted_cvu:mtme_UniTE-ref-refA,cvu,0.8985
zhen,14,0.02,dedup_cvl:mtme_UniTE-refA,cvl,0.896
zhen,14,0.02,dedup_cvq:mtme_UniTE-refA,cvq,0.897
zhen,14,0.02,dedup_cvu:mtme_UniTE-refA,cvu,0.8985
zhen,14,0.02,weighted_cvl:mtme_UniTE-refA,cvl,0.9015
zhen,14,0.02,weighted_cvq:mtme_UniTE-refA,cvq,0.8995
zhen,14,0.02,weighted_cvu:mtme_UniTE-refA,cvu,0.8995
zhen,14,0.02,dedup_cvl:mtme_UniTE-src-src,cvl,0.898
zhen,14,0.02,dedup_cvq:mtme_UniTE-src-src,cvq,0.897
zhen,14,0.02,dedup_cvu:mtme_UniTE-src-src,cvu,0.899
zhen,14,0.02,weighted_cvl:mtme_UniTE-src-src,cvl,0.9
zhen,14,0.02,weighted_cvq:mtme_UniTE-src-src,cvq,0.899
zhen,14,0.02,weighted_cvu:mtme_UniTE-src-src,cvu,0.9
zhen,14,0.02,dedup_cvl:mtme_YiSi-1-refA,cvl,0.897
zhen,14,0.02,dedup_cvq:mtme_YiSi-1-refA,cvq,0.897
zhen,14,0.02,dedup_cvu:mtme_YiSi-1-refA,cvu,0.901
zhen,14,0.02,weighted_cvl:mtme_YiSi-1-refA,cvl,0.903
zhen,14,0.02,weighted_cvq:mtme_YiSi-1-refA,cvq,0.8995
zhen,14,0.02,weighted_cvu:mtme_YiSi-1-refA,cvu,0.902
zhen,14,0.02,dedup_cvl:mtme_chrF-refA,cvl,0.8965
zhen,14,0.02,dedup_cvq:mtme_chrF-refA,cvq,0.8975
zhen,14,0.02,dedup_cvu:mtme_chrF-refA,cvu,0.8995
zhen,14,0.02,weighted_cvl:mtme_chrF-refA,cvl,0.903
zhen,14,0.02,weighted_cvq:mtme_chrF-refA,cvq,0.8995
zhen,14,0.02,weighted_cvu:mtme_chrF-refA,cvu,0.9035
zhen,14,0.02,dedup_cvl:mtme_f101spBLEU-refA,cvl,0.899
zhen,14,0.02,dedup_cvq:mtme_f101spBLEU-refA,cvq,0.8985
zhen,14,0.02,dedup_cvu:mtme_f101spBLEU-refA,cvu,0.901
zhen,14,0.02,weighted_cvl:mtme_f101spBLEU-refA,cvl,0.906
zhen,14,0.02,weighted_cvq:mtme_f101spBLEU-refA,cvq,0.903
zhen,14,0.02,weighted_cvu:mtme_f101spBLEU-refA,cvu,0.906
zhen,14,0.02,dedup_cvl:mtme_f200spBLEU-refA,cvl,0.8975
zhen,14,0.02,dedup_cvq:mtme_f200spBLEU-refA,cvq,0.898
zhen,14,0.02,dedup_cvu:mtme_f200spBLEU-refA,cvu,0.9
zhen,14,0.02,weighted_cvl:mtme_f200spBLEU-refA,cvl,0.9045
zhen,14,0.02,weighted_cvq:mtme_f200spBLEU-refA,cvq,0.902
zhen,14,0.02,weighted_cvu:mtme_f200spBLEU-refA,cvu,0.905
zhen,14,0.02,dedup_cvl:mtme_metricx_xl_DA_2019-refA,cvl,0.903
zhen,14,0.02,dedup_cvq:mtme_metricx_xl_DA_2019-refA,cvq,0.898
zhen,14,0.02,dedup_cvu:mtme_metricx_xl_DA_2019-refA,cvu,0.9
zhen,14,0.02,weighted_cvl:mtme_metricx_xl_DA_2019-refA,cvl,0.9015
zhen,14,0.02,weighted_cvq:mtme_metricx_xl_DA_2019-refA,cvq,0.902
zhen,14,0.02,weighted_cvu:mtme_metricx_xl_DA_2019-refA,cvu,0.901
zhen,14,0.02,dedup_cvl:mtme_metricx_xl_MQM_2020-refA,cvl,0.895
zhen,14,0.02,dedup_cvq:mtme_metricx_xl_MQM_2020-refA,cvq,0.8955
zhen,14,0.02,dedup_cvu:mtme_metricx_xl_MQM_2020-refA,cvu,0.894
zhen,14,0.02,weighted_cvl:mtme_metricx_xl_MQM_2020-refA,cvl,0.901
zhen,14,0.02,weighted_cvq:mtme_metricx_xl_MQM_2020-refA,cvq,0.8995
zhen,14,0.02,weighted_cvu:mtme_metricx_xl_MQM_2020-refA,cvu,0.9
zhen,14,0.02,dedup_cvl:mtme_metricx_xxl_DA_2019-refA,cvl,0.9
zhen,14,0.02,dedup_cvq:mtme_metricx_xxl_DA_2019-refA,cvq,0.896
zhen,14,0.02,dedup_cvu:mtme_metricx_xxl_DA_2019-refA,cvu,0.901
zhen,14,0.02,weighted_cvl:mtme_metricx_xxl_DA_2019-refA,cvl,0.901
zhen,14,0.02,weighted_cvq:mtme_metricx_xxl_DA_2019-refA,cvq,0.8995
zhen,14,0.02,weighted_cvu:mtme_metricx_xxl_DA_2019-refA,cvu,0.905
zhen,14,0.02,dedup_cvl:mtme_metricx_xxl_MQM_2020-refA,cvl,0.897
zhen,14,0.02,dedup_cvq:mtme_metricx_xxl_MQM_2020-refA,cvq,0.8945
zhen,14,0.02,dedup_cvu:mtme_metricx_xxl_MQM_2020-refA,cvu,0.899
zhen,14,0.02,weighted_cvl:mtme_metricx_xxl_MQM_2020-refA,cvl,0.899
zhen,14,0.02,weighted_cvq:mtme_metricx_xxl_MQM_2020-refA,cvq,0.901
zhen,14,0.02,weighted_cvu:mtme_metricx_xxl_MQM_2020-refA,cvu,0.9005
zhen,14,0.02,weighted_cvo:mtme_BERTScore-refA,cvo,0.9025
zhen,14,0.02,weighted_cvo:mtme_BLEU-refA,cvo,0.9025
zhen,14,0.02,weighted_cvo:mtme_BLEURT-20-refA,cvo,0.902
zhen,14,0.02,weighted_cvo:mtme_COMET-20-refA,cvo,0.9005
zhen,14,0.02,weighted_cvo:mtme_COMET-22-refA,cvo,0.903
zhen,14,0.02,weighted_cvo:mtme_COMET-QE-src,cvo,0.9015
zhen,14,0.02,weighted_cvo:mtme_COMETKiwi-src,cvo,0.9015
zhen,14,0.02,weighted_cvo:mtme_Cross-QE-src,cvo,0.904
zhen,14,0.02,weighted_cvo:mtme_HWTSC-TLM-src,cvo,0.901
zhen,14,0.02,weighted_cvo:mtme_HWTSC-Teacher-Sim-src,cvo,0.898
zhen,14,0.02,weighted_cvo:mtme_KG-BERTScore-src,cvo,0.9
zhen,14,0.02,weighted_cvo:mtme_MATESE-QE-src,cvo,0.902
zhen,14,0.02,weighted_cvo:mtme_MATESE-refA,cvo,0.9035
zhen,14,0.02,weighted_cvo:mtme_MEE-refA,cvo,0.901
zhen,14,0.02,weighted_cvo:mtme_MEE2-refA,cvo,0.8995
zhen,14,0.02,weighted_cvo:mtme_MEE4-refA,cvo,0.9005
zhen,14,0.02,weighted_cvo:mtme_MS-COMET-22-refA,cvo,0.901
zhen,14,0.02,weighted_cvo:mtme_MS-COMET-QE-22-src,cvo,0.8995
zhen,14,0.02,weighted_cvo:mtme_REUSE-src,cvo,0.903
zhen,14,0.02,weighted_cvo:mtme_SEScore-refA,cvo,0.901
zhen,14,0.02,weighted_cvo:mtme_UniTE-ref-refA,cvo,0.9025
zhen,14,0.02,weighted_cvo:mtme_UniTE-refA,cvo,0.9025
zhen,14,0.02,weighted_cvo:mtme_UniTE-src-src,cvo,0.9015
zhen,14,0.02,weighted_cvo:mtme_YiSi-1-refA,cvo,0.9025
zhen,14,0.02,weighted_cvo:mtme_chrF-refA,cvo,0.9
zhen,14,0.02,weighted_cvo:mtme_f101spBLEU-refA,cvo,0.901
zhen,14,0.02,weighted_cvo:mtme_f200spBLEU-refA,cvo,0.9
zhen,14,0.02,weighted_cvo:mtme_metricx_xl_DA_2019-refA,cvo,0.9015
zhen,14,0.02,weighted_cvo:mtme_metricx_xl_MQM_2020-refA,cvo,0.9015
zhen,14,0.02,weighted_cvo:mtme_metricx_xxl_DA_2019-refA,cvo,0.904
zhen,14,0.02,weighted_cvo:mtme_metricx_xxl_MQM_2020-refA,cvo,0.9005
zhen,15,0.01,uniform,human,0.883
zhen,15,0.01,dedup,human,0.885
zhen,15,0.01,weighted,human,0.8915
zhen,15,0.01,dedup_cvl:mtme_BERTScore-refA,cvl,0.8885
zhen,15,0.01,dedup_cvq:mtme_BERTScore-refA,cvq,0.885
zhen,15,0.01,dedup_cvu:mtme_BERTScore-refA,cvu,0.8835
zhen,15,0.01,weighted_cvl:mtme_BERTScore-refA,cvl,0.892
zhen,15,0.01,weighted_cvq:mtme_BERTScore-refA,cvq,0.8905
zhen,15,0.01,weighted_cvu:mtme_BERTScore-refA,cvu,0.8905
zhen,15,0.01,dedup_cvl:mtme_BLEU-refA,cvl,0.8855
zhen,15,0.01,dedup_cvq:mtme_BLEU-refA,cvq,0.883
zhen,15,0.01,dedup_cvu:mtme_BLEU-refA,cvu,0.8845
zhen,15,0.01,weighted_cvl:mtme_BLEU-refA,cvl,0.8935
zhen,15,0.01,weighted_cvq:mtme_BLEU-refA,cvq,0.894
zhen,15,0.01,weighted_cvu:mtme_BLEU-refA,cvu,0.8945
zhen,15,0.01,dedup_cvl:mtme_BLEURT-20-refA,cvl,0.886
zhen,15,0.01,dedup_cvq:mtme_BLEURT-20-refA,cvq,0.8875
zhen,15,0.01,dedup_cvu:mtme_BLEURT-20-refA,cvu,0.889
zhen,15,0.01,weighted_cvl:mtme_BLEURT-20-refA,cvl,0.892
zhen,15,0.01,weighted_cvq:mtme_BLEURT-20-refA,cvq,0.8955
zhen,15,0.01,weighted_cvu:mtme_BLEURT-20-refA,cvu,0.893
zhen,15,0.01,dedup_cvl:mtme_COMET-20-refA,cvl,0.883
zhen,15,0.01,dedup_cvq:mtme_COMET-20-refA,cvq,0.886
zhen,15,0.01,dedup_cvu:mtme_COMET-20-refA,cvu,0.8815
zhen,15,0.01,weighted_cvl:mtme_COMET-20-refA,cvl,0.8945
zhen,15,0.01,weighted_cvq:mtme_COMET-20-refA,cvq,0.892
zhen,15,0.01,weighted_cvu:mtme_COMET-20-refA,cvu,0.8905
zhen,15,0.01,dedup_cvl:mtme_COMET-22-refA,cvl,0.8795
zhen,15,0.01,dedup_cvq:mtme_COMET-22-refA,cvq,0.8805
zhen,15,0.01,dedup_cvu:mtme_COMET-22-refA,cvu,0.881
zhen,15,0.01,weighted_cvl:mtme_COMET-22-refA,cvl,0.8875
zhen,15,0.01,weighted_cvq:mtme_COMET-22-refA,cvq,0.8905
zhen,15,0.01,weighted_cvu:mtme_COMET-22-refA,cvu,0.889
zhen,15,0.01,dedup_cvl:mtme_COMET-QE-src,cvl,0.8825
zhen,15,0.01,dedup_cvq:mtme_COMET-QE-src,cvq,0.882
zhen,15,0.01,dedup_cvu:mtme_COMET-QE-src,cvu,0.883
zhen,15,0.01,weighted_cvl:mtme_COMET-QE-src,cvl,0.894
zhen,15,0.01,weighted_cvq:mtme_COMET-QE-src,cvq,0.8915
zhen,15,0.01,weighted_cvu:mtme_COMET-QE-src,cvu,0.8905
zhen,15,0.01,dedup_cvl:mtme_COMETKiwi-src,cvl,0.882
zhen,15,0.01,dedup_cvq:mtme_COMETKiwi-src,cvq,0.882
zhen,15,0.01,dedup_cvu:mtme_COMETKiwi-src,cvu,0.884
zhen,15,0.01,weighted_cvl:mtme_COMETKiwi-src,cvl,0.8935
zhen,15,0.01,weighted_cvq:mtme_COMETKiwi-src,cvq,0.8945
zhen,15,0.01,weighted_cvu:mtme_COMETKiwi-src,cvu,0.8945
zhen,15,0.01,dedup_cvl:mtme_Cross-QE-src,cvl,0.884
zhen,15,0.01,dedup_cvq:mtme_Cross-QE-src,cvq,0.8875
zhen,15,0.01,dedup_cvu:mtme_Cross-QE-src,cvu,0.888
zhen,15,0.01,weighted_cvl:mtme_Cross-QE-src,cvl,0.89
zhen,15,0.01,weighted_cvq:mtme_Cross-QE-src,cvq,0.8925
zhen,15,0.01,weighted_cvu:mtme_Cross-QE-src,cvu,0.891
zhen,15,0.01,dedup_cvl:mtme_HWTSC-TLM-src,cvl,0.887
zhen,15,0.01,dedup_cvq:mtme_HWTSC-TLM-src,cvq,0.889
zhen,15,0.01,dedup_cvu:mtme_HWTSC-TLM-src,cvu,0.89
zhen,15,0.01,weighted_cvl:mtme_HWTSC-TLM-src,cvl,0.8915
zhen,15,0.01,weighted_cvq:mtme_HWTSC-TLM-src,cvq,0.894
zhen,15,0.01,weighted_cvu:mtme_HWTSC-TLM-src,cvu,0.895
zhen,15,0.01,dedup_cvl:mtme_HWTSC-Teacher-Sim-src,cvl,0.888
zhen,15,0.01,dedup_cvq:mtme_HWTSC-Teacher-Sim-src,cvq,0.8885
zhen,15,0.01,dedup_cvu:mtme_HWTSC-Teacher-Sim-src,cvu,0.887
zhen,15,0.01,weighted_cvl:mtme_HWTSC-Teacher-Sim-src,cvl,0.8945
zhen,15,0.01,weighted_cvq:mtme_HWTSC-Teacher-Sim-src,cvq,0.89
zhen,15,0.01,weighted_cvu:mtme_HWTSC-Teacher-Sim-src,cvu,0.895
zhen,15,0.01,dedup_cvl:mtme_KG-BERTScore-src,cvl,0.8855
zhen,15,0.01,dedup_cvq:mtme_KG-BERTScore-src,cvq,0.8865
zhen,15,0.01,dedup_cvu:mtme_KG-BERTScore-src,cvu,0.887
zhen,15,0.01,weighted_cvl:mtme_KG-BERTScore-src,cvl,0.891
zhen,15,0.01,weighted_cvq:mtme_KG-BERTScore-src,cvq,0.89
zhen,15,0.01,weighted_cvu:mtme_KG-BERTScore-src,cvu,0.895
zhen,15,0.01,dedup_cvl:mtme_MATESE-QE-src,cvl,0.893
zhen,15,0.01,dedup_cvq:mtme_MATESE-QE-src,cvq,0.893
zhen,15,0.01,dedup_cvu:mtme_MATESE-QE-src,cvu,0.8915
zhen,15,0.01,weighted_cvl:mtme_MATESE-QE-src,cvl,0.8945
zhen,15,0.01,weighted_cvq:mtme_MATESE-QE-src,cvq,0.89
zhen,15,0.01,weighted_cvu:mtme_MATESE-QE-src,cvu,0.89
zhen,15,0.01,dedup_cvl:mtme_MATESE-refA,cvl,0.8835
zhen,15,0.01,dedup_cvq:mtme_MATESE-refA,cvq,0.8795
zhen,15,0.01,dedup_cvu:mtme_MATESE-refA,cvu,0.88
zhen,15,0.01,weighted_cvl:mtme_MATESE-refA,cvl,0.888
zhen,15,0.01,weighted_cvq:mtme_MATESE-refA,cvq,0.883
zhen,15,0.01,weighted_cvu:mtme_MATESE-refA,cvu,0.8835
zhen,15,0.01,dedup_cvl:mtme_MEE-refA,cvl,0.8835
zhen,15,0.01,dedup_cvq:mtme_MEE-refA,cvq,0.8835
zhen,15,0.01,dedup_cvu:mtme_MEE-refA,cvu,0.882
zhen,15,0.01,weighted_cvl:mtme_MEE-refA,cvl,0.8935
zhen,15,0.01,weighted_cvq:mtme_MEE-refA,cvq,0.8905
zhen,15,0.01,weighted_cvu:mtme_MEE-refA,cvu,0.892
zhen,15,0.01,dedup_cvl:mtme_MEE2-refA,cvl,0.8855
zhen,15,0.01,dedup_cvq:mtme_MEE2-refA,cvq,0.8855
zhen,15,0.01,dedup_cvu:mtme_MEE2-refA,cvu,0.885
zhen,15,0.01,weighted_cvl:mtme_MEE2-refA,cvl,0.8945
zhen,15,0.01,weighted_cvq:mtme_MEE2-refA,cvq,0.895
zhen,15,0.01,weighted_cvu:mtme_MEE2-refA,cvu,0.897
zhen,15,0.01,dedup_cvl:mtme_MEE4-refA,cvl,0.8855
zhen,15,0.01,dedup_cvq:mtme_MEE4-refA,cvq,0.884
zhen,15,0.01,dedup_cvu:mtme_MEE4-refA,cvu,0.885
zhen,15,0.01,weighted_cvl:mtme_MEE4-refA,cvl,0.8925
zhen,15,0.01,weighted_cvq:mtme_MEE4-refA,cvq,0.894
zhen,15,0.01,weighted_cvu:mtme_MEE4-refA,cvu,0.895
zhen,15,0.01,dedup_cvl:mtme_MS-COMET-22-refA,cvl,0.885
zhen,15,0.01,dedup_cvq:mtme_MS-COMET-22-refA,cvq,0.883
zhen,15,0.01,dedup_cvu:mtme_MS-COMET-22-refA,cvu,0.8825
zhen,15,0.01,weighted_cvl:mtme_MS-COMET-22-refA,cvl,0.894
zhen,15,0.01,weighted_cvq:mtme_MS-COMET-22-refA,cvq,0.893
zhen,15,0.01,weighted_cvu:mtme_MS-COMET-22-refA,cvu,0.8905
zhen,15,0.01,dedup_cvl:mtme_MS-COMET-QE-22-src,cvl,0.8895
zhen,15,0.01,dedup_cvq:mtme_MS-COMET-QE-22-src,cvq,0.8895
zhen,15,0.01,dedup_cvu:mtme_MS-COMET-QE-22-src,cvu,0.886
zhen,15,0.01,weighted_cvl:mtme_MS-COMET-QE-22-src,cvl,0.888
zhen,15,0.01,weighted_cvq:mtme_MS-COMET-QE-22-src,cvq,0.8945
zhen,15,0.01,weighted_cvu:mtme_MS-COMET-QE-22-src,cvu,0.8905
zhen,15,0.01,dedup_cvl:mtme_REUSE-src,cvl,0.8875
zhen,15,0.01,dedup_cvq:mtme_REUSE-src,cvq,0.886
zhen,15,0.01,dedup_cvu:mtme_REUSE-src,cvu,0.886
zhen,15,0.01,weighted_cvl:mtme_REUSE-src,cvl,0.8905
zhen,15,0.01,weighted_cvq:mtme_REUSE-src,cvq,0.89
zhen,15,0.01,weighted_cvu:mtme_REUSE-src,cvu,0.8925
zhen,15,0.01,dedup_cvl:mtme_SEScore-refA,cvl,0.886
zhen,15,0.01,dedup_cvq:mtme_SEScore-refA,cvq,0.882
zhen,15,0.01,dedup_cvu:mtme_SEScore-refA,cvu,0.8805
zhen,15,0.01,weighted_cvl:mtme_SEScore-refA,cvl,0.8915
zhen,15,0.01,weighted_cvq:mtme_SEScore-refA,cvq,0.892
zhen,15,0.01,weighted_cvu:mtme_SEScore-refA,cvu,0.895
zhen,15,0.01,dedup_cvl:mtme_UniTE-ref-refA,cvl,0.883
zhen,15,0.01,dedup_cvq:mtme_UniTE-ref-refA,cvq,0.8835
zhen,15,0.01,dedup_cvu:mtme_UniTE-ref-refA,cvu,0.885
zhen,15,0.01,weighted_cvl:mtme_UniTE-ref-refA,cvl,0.8965
zhen,15,0.01,weighted_cvq:mtme_UniTE-ref-refA,cvq,0.8905
zhen,15,0.01,weighted_cvu:mtme_UniTE-ref-refA,cvu,0.8915
zhen,15,0.01,dedup_cvl:mtme_UniTE-refA,cvl,0.886
zhen,15,0.01,dedup_cvq:mtme_UniTE-refA,cvq,0.8855
zhen,15,0.01,dedup_cvu:mtme_UniTE-refA,cvu,0.8855
zhen,15,0.01,weighted_cvl:mtme_UniTE-refA,cvl,0.893
zhen,15,0.01,weighted_cvq:mtme_UniTE-refA,cvq,0.891
zhen,15,0.01,weighted_cvu:mtme_UniTE-refA,cvu,0.894
zhen,15,0.01,dedup_cvl:mtme_UniTE-src-src,cvl,0.887
zhen,15,0.01,dedup_cvq:mtme_UniTE-src-src,cvq,0.8865
zhen,15,0.01,dedup_cvu:mtme_UniTE-src-src,cvu,0.8865
zhen,15,0.01,weighted_cvl:mtme_UniTE-src-src,cvl,0.8975
zhen,15,0.01,weighted_cvq:mtme_UniTE-src-src,cvq,0.8985
zhen,15,0.01,weighted_cvu:mtme_UniTE-src-src,cvu,0.8985
zhen,15,0.01,dedup_cvl:mtme_YiSi-1-refA,cvl,0.8865
zhen,15,0.01,dedup_cvq:mtme_YiSi-1-refA,cvq,0.8825
zhen,15,0.01,dedup_cvu:mtme_YiSi-1-refA,cvu,0.883
zhen,15,0.01,weighted_cvl:mtme_YiSi-1-refA,cvl,0.895
zhen,15,0.01,weighted_cvq:mtme_YiSi-1-refA,cvq,0.892
zhen,15,0.01,weighted_cvu:mtme_YiSi-1-refA,cvu,0.8935
zhen,15,0.01,dedup_cvl:mtme_chrF-refA,cvl,0.8825
zhen,15,0.01,dedup_cvq:mtme_chrF-refA,cvq,0.883
zhen,15,0.01,dedup_cvu:mtme_chrF-refA,cvu,0.8795
zhen,15,0.01,weighted_cvl:mtme_chrF-refA,cvl,0.895
zhen,15,0.01,weighted_cvq:mtme_chrF-refA,cvq,0.8965
zhen,15,0.01,weighted_cvu:mtme_chrF-refA,cvu,0.8965
zhen,15,0.01,dedup_cvl:mtme_f101spBLEU-refA,cvl,0.8865
zhen,15,0.01,dedup_cvq:mtme_f101spBLEU-refA,cvq,0.8815
zhen,15,0.01,dedup_cvu:mtme_f101spBLEU-refA,cvu,0.885
zhen,15,0.01,weighted_cvl:mtme_f101spBLEU-refA,cvl,0.895
zhen,15,0.01,weighted_cvq:mtme_f101spBLEU-refA,cvq,0.8945
zhen,15,0.01,weighted_cvu:mtme_f101spBLEU-refA,cvu,0.8955
zhen,15,0.01,dedup_cvl:mtme_f200spBLEU-refA,cvl,0.886
zhen,15,0.01,dedup_cvq:mtme_f200spBLEU-refA,cvq,0.881
zhen,15,0.01,dedup_cvu:mtme_f200spBLEU-refA,cvu,0.882
zhen,15,0.01,weighted_cvl:mtme_f200spBLEU-refA,cvl,0.893
zhen,15,0.01,weighted_cvq:mtme_f200spBLEU-refA,cvq,0.893
zhen,15,0.01,weighted_cvu:mtme_f200spBLEU-refA,cvu,0.8925
zhen,15,0.01,dedup_cvl:mtme_metricx_xl_DA_2019-refA,cvl,0.8865
zhen,15,0.01,dedup_cvq:mtme_metricx_xl_DA_2019-refA,cvq,0.886
zhen,15,0.01,dedup_cvu:mtme_metricx_xl_DA_2019-refA,cvu,0.8875
zhen,15,0.01,weighted_cvl:mtme_metricx_xl_DA_2019-refA,cvl,0.894
zhen,15,0.01,weighted_cvq:mtme_metricx_xl_DA_2019-refA,cvq,0.8935
zhen,15,0.01,weighted_cvu:mtme_metricx_xl_DA_2019-refA,cvu,0.895
zhen,15,0.01,dedup_cvl:mtme_metricx_xl_MQM_2020-refA,cvl,0.8795
zhen,15,0.01,dedup_cvq:mtme_metricx_xl_MQM_2020-refA,cvq,0.8935
zhen,15,0.01,dedup_cvu:mtme_metricx_xl_MQM_2020-refA,cvu,0.879
zhen,15,0.01,weighted_cvl:mtme_metricx_xl_MQM_2020-refA,cvl,0.8845
zhen,15,0.01,weighted_cvq:mtme_metricx_xl_MQM_2020-refA,cvq,0.8875
zhen,15,0.01,weighted_cvu:mtme_metricx_xl_MQM_2020-refA,cvu,0.889
zhen,15,0.01,dedup_cvl:mtme_metricx_xxl_DA_2019-refA,cvl,0.8825
zhen,15,0.01,dedup_cvq:mtme_metricx_xxl_DA_2019-refA,cvq,0.884
zhen,15,0.01,dedup_cvu:mtme_metricx_xxl_DA_2019-refA,cvu,0.884
zhen,15,0.01,weighted_cvl:mtme_metricx_xxl_DA_2019-refA,cvl,0.8905
zhen,15,0.01,weighted_cvq:mtme_metricx_xxl_DA_2019-refA,cvq,0.891
zhen,15,0.01,weighted_cvu:mtme_metricx_xxl_DA_2019-refA,cvu,0.8915
zhen,15,0.01,dedup_cvl:mtme_metricx_xxl_MQM_2020-refA,cvl,0.8845
zhen,15,0.01,dedup_cvq:mtme_metricx_xxl_MQM_2020-refA,cvq,0.8915
zhen,15,0.01,dedup_cvu:mtme_metricx_xxl_MQM_2020-refA,cvu,0.8855
zhen,15,0.01,weighted_cvl:mtme_metricx_xxl_MQM_2020-refA,cvl,0.8855
zhen,15,0.01,weighted_cvq:mtme_metricx_xxl_MQM_2020-refA,cvq,0.883
zhen,15,0.01,weighted_cvu:mtme_metricx_xxl_MQM_2020-refA,cvu,0.8875
zhen,15,0.01,weighted_cvo:mtme_BERTScore-refA,cvo,0.8885
zhen,15,0.01,weighted_cvo:mtme_BLEU-refA,cvo,0.8945
zhen,15,0.01,weighted_cvo:mtme_BLEURT-20-refA,cvo,0.894
zhen,15,0.01,weighted_cvo:mtme_COMET-20-refA,cvo,0.8935
zhen,15,0.01,weighted_cvo:mtme_COMET-22-refA,cvo,0.893
zhen,15,0.01,weighted_cvo:mtme_COMET-QE-src,cvo,0.8925
zhen,15,0.01,weighted_cvo:mtme_COMETKiwi-src,cvo,0.894
zhen,15,0.01,weighted_cvo:mtme_Cross-QE-src,cvo,0.8945
zhen,15,0.01,weighted_cvo:mtme_HWTSC-TLM-src,cvo,0.8905
zhen,15,0.01,weighted_cvo:mtme_HWTSC-Teacher-Sim-src,cvo,0.89
zhen,15,0.01,weighted_cvo:mtme_KG-BERTScore-src,cvo,0.8895
zhen,15,0.01,weighted_cvo:mtme_MATESE-QE-src,cvo,0.8885
zhen,15,0.01,weighted_cvo:mtme_MATESE-refA,cvo,0.8875
zhen,15,0.01,weighted_cvo:mtme_MEE-refA,cvo,0.8935
zhen,15,0.01,weighted_cvo:mtme_MEE2-refA,cvo,0.8945
zhen,15,0.01,weighted_cvo:mtme_MEE4-refA,cvo,0.8895
zhen,15,0.01,weighted_cvo:mtme_MS-COMET-22-refA,cvo,0.8945
zhen,15,0.01,weighted_cvo:mtme_MS-COMET-QE-22-src,cvo,0.889
zhen,15,0.01,weighted_cvo:mtme_REUSE-src,cvo,0.8915
zhen,15,0.01,weighted_cvo:mtme_SEScore-refA,cvo,0.894
zhen,15,0.01,weighted_cvo:mtme_UniTE-ref-refA,cvo,0.893
zhen,15,0.01,weighted_cvo:mtme_UniTE-refA,cvo,0.8915
zhen,15,0.01,weighted_cvo:mtme_UniTE-src-src,cvo,0.897
zhen,15,0.01,weighted_cvo:mtme_YiSi-1-refA,cvo,0.8895
zhen,15,0.01,weighted_cvo:mtme_chrF-refA,cvo,0.8965
zhen,15,0.01,weighted_cvo:mtme_f101spBLEU-refA,cvo,0.8965
zhen,15,0.01,weighted_cvo:mtme_f200spBLEU-refA,cvo,0.896
zhen,15,0.01,weighted_cvo:mtme_metricx_xl_DA_2019-refA,cvo,0.8935
zhen,15,0.01,weighted_cvo:mtme_metricx_xl_MQM_2020-refA,cvo,0.882
zhen,15,0.01,weighted_cvo:mtme_metricx_xxl_DA_2019-refA,cvo,0.8905
zhen,15,0.01,weighted_cvo:mtme_metricx_xxl_MQM_2020-refA,cvo,0.8795
zhen,15,0.02,uniform,human,0.8865
zhen,15,0.02,dedup,human,0.8865
zhen,15,0.02,weighted,human,0.888
zhen,15,0.02,dedup_cvl:mtme_BERTScore-refA,cvl,0.8915
zhen,15,0.02,dedup_cvq:mtme_BERTScore-refA,cvq,0.89
zhen,15,0.02,dedup_cvu:mtme_BERTScore-refA,cvu,0.8905
zhen,15,0.02,weighted_cvl:mtme_BERTScore-refA,cvl,0.889
zhen,15,0.02,weighted_cvq:mtme_BERTScore-refA,cvq,0.886
zhen,15,0.02,weighted_cvu:mtme_BERTScore-refA,cvu,0.8855
zhen,15,0.02,dedup_cvl:mtme_BLEU-refA,cvl,0.8875
zhen,15,0.02,dedup_cvq:mtme_BLEU-refA,cvq,0.8985
zhen,15,0.02,dedup_cvu:mtme_BLEU-refA,cvu,0.885
zhen,15,0.02,weighted_cvl:mtme_BLEU-refA,cvl,0.887
zhen,15,0.02,weighted_cvq:mtme_BLEU-refA,cvq,0.886
zhen,15,0.02,weighted_cvu:mtme_BLEU-refA,cvu,0.8865
zhen,15,0.02,dedup_cvl:mtme_BLEURT-20-refA,cvl,0.889
zhen,15,0.02,dedup_cvq:mtme_BLEURT-20-refA,cvq,0.8935
zhen,15,0.02,dedup_cvu:mtme_BLEURT-20-refA,cvu,0.893
zhen,15,0.02,weighted_cvl:mtme_BLEURT-20-refA,cvl,0.8845
zhen,15,0.02,weighted_cvq:mtme_BLEURT-20-refA,cvq,0.8835
zhen,15,0.02,weighted_cvu:mtme_BLEURT-20-refA,cvu,0.8845
zhen,15,0.02,dedup_cvl:mtme_COMET-20-refA,cvl,0.886
zhen,15,0.02,dedup_cvq:mtme_COMET-20-refA,cvq,0.8945
zhen,15,0.02,dedup_cvu:mtme_COMET-20-refA,cvu,0.8895
zhen,15,0.02,weighted_cvl:mtme_COMET-20-refA,cvl,0.8855
zhen,15,0.02,weighted_cvq:mtme_COMET-20-refA,cvq,0.901
zhen,15,0.02,weighted_cvu:mtme_COMET-20-refA,cvu,0.8835
zhen,15,0.02,dedup_cvl:mtme_COMET-22-refA,cvl,0.8905
zhen,15,0.02,dedup_cvq:mtme_COMET-22-refA,cvq,0.8905
zhen,15,0.02,dedup_cvu:mtme_COMET-22-refA,cvu,0.8905
zhen,15,0.02,weighted_cvl:mtme_COMET-22-refA,cvl,0.893
zhen,15,0.02,weighted_cvq:mtme_COMET-22-refA,cvq,0.9015
zhen,15,0.02,weighted_cvu:mtme_COMET-22-refA,cvu,0.8885
zhen,15,0.02,dedup_cvl:mtme_COMET-QE-src,cvl,0.887
zhen,15,0.02,dedup_cvq:mtme_COMET-QE-src,cvq,0.8945
zhen,15,0.02,dedup_cvu:mtme_COMET-QE-src,cvu,0.89
zhen,15,0.02,weighted_cvl:mtme_COMET-QE-src,cvl,0.89
zhen,15,0.02,weighted_cvq:mtme_COMET-QE-src,cvq,0.8985
zhen,15,0.02,weighted_cvu:mtme_COMET-QE-src,cvu,0.886
zhen,15,0.02,dedup_cvl:mtme_COMETKiwi-src,cvl,0.893
zhen,15,0.02,dedup_cvq:mtme_COMETKiwi-src,cvq,0.8935
zhen,15,0.02,dedup_cvu:mtme_COMETKiwi-src,cvu,0.892
zhen,15,0.02,weighted_cvl:mtme_COMETKiwi-src,cvl,0.893
zhen,15,0.02,weighted_cvq:mtme_COMETKiwi-src,cvq,0.902
zhen,15,0.02,weighted_cvu:mtme_COMETKiwi-src,cvu,0.893
zhen,15,0.02,dedup_cvl:mtme_Cross-QE-src,cvl,0.8875
zhen,15,0.02,dedup_cvq:mtme_Cross-QE-src,cvq,0.897
zhen,15,0.02,dedup_cvu:mtme_Cross-QE-src,cvu,0.8875
zhen,15,0.02,weighted_cvl:mtme_Cross-QE-src,cvl,0.887
zhen,15,0.02,weighted_cvq:mtme_Cross-QE-src,cvq,0.906
zhen,15,0.02,weighted_cvu:mtme_Cross-QE-src,cvu,0.8835
zhen,15,0.02,dedup_cvl:mtme_HWTSC-TLM-src,cvl,0.885
zhen,15,0.02,dedup_cvq:mtme_HWTSC-TLM-src,cvq,0.887
zhen,15,0.02,dedup_cvu:mtme_HWTSC-TLM-src,cvu,0.887
zhen,15,0.02,weighted_cvl:mtme_HWTSC-TLM-src,cvl,0.888
zhen,15,0.02,weighted_cvq:mtme_HWTSC-TLM-src,cvq,0.8885
zhen,15,0.02,weighted_cvu:mtme_HWTSC-TLM-src,cvu,0.888
zhen,15,0.02,dedup_cvl:mtme_HWTSC-Teacher-Sim-src,cvl,0.8885
zhen,15,0.02,dedup_cvq:mtme_HWTSC-Teacher-Sim-src,cvq,0.891
zhen,15,0.02,dedup_cvu:mtme_HWTSC-Teacher-Sim-src,cvu,0.8875
zhen,15,0.02,weighted_cvl:mtme_HWTSC-Teacher-Sim-src,cvl,0.89
zhen,15,0.02,weighted_cvq:mtme_HWTSC-Teacher-Sim-src,cvq,0.892
zhen,15,0.02,weighted_cvu:mtme_HWTSC-Teacher-Sim-src,cvu,0.892
zhen,15,0.02,dedup_cvl:mtme_KG-BERTScore-src,cvl,0.8865
zhen,15,0.02,dedup_cvq:mtme_KG-BERTScore-src,cvq,0.8885
zhen,15,0.02,dedup_cvu:mtme_KG-BERTScore-src,cvu,0.889
zhen,15,0.02,weighted_cvl:mtme_KG-BERTScore-src,cvl,0.8915
zhen,15,0.02,weighted_cvq:mtme_KG-BERTScore-src,cvq,0.8875
zhen,15,0.02,weighted_cvu:mtme_KG-BERTScore-src,cvu,0.8895
zhen,15,0.02,dedup_cvl:mtme_MATESE-QE-src,cvl,0.886
zhen,15,0.02,dedup_cvq:mtme_MATESE-QE-src,cvq,0.8945
zhen,15,0.02,dedup_cvu:mtme_MATESE-QE-src,cvu,0.8875
zhen,15,0.02,weighted_cvl:mtme_MATESE-QE-src,cvl,0.8895
zhen,15,0.02,weighted_cvq:mtme_MATESE-QE-src,cvq,0.886
zhen,15,0.02,weighted_cvu:mtme_MATESE-QE-src,cvu,0.885
zhen,15,0.02,dedup_cvl:mtme_MATESE-refA,cvl,0.8875
zhen,15,0.02,dedup_cvq:mtme_MATESE-refA,cvq,0.893
zhen,15,0.02,dedup_cvu:mtme_MATESE-refA,cvu,0.886
zhen,15,0.02,weighted_cvl:mtme_MATESE-refA,cvl,0.8905
zhen,15,0.02,weighted_cvq:mtme_MATESE-refA,cvq,0.8885
zhen,15,0.02,weighted_cvu:mtme_MATESE-refA,cvu,0.8885
zhen,15,0.02,dedup_cvl:mtme_MEE-refA,cvl,0.8885
zhen,15,0.02,dedup_cvq:mtme_MEE-refA,cvq,0.8855
zhen,15,0.02,dedup_cvu:mtme_MEE-refA,cvu,0.8855
zhen,15,0.02,weighted_cvl:mtme_MEE-refA,cvl,0.881
zhen,15,0.02,weighted_cvq:mtme_MEE-refA,cvq,0.882
zhen,15,0.02,weighted_cvu:mtme_MEE-refA,cvu,0.878
zhen,15,0.02,dedup_cvl:mtme_MEE2-refA,cvl,0.8815
zhen,15,0.02,dedup_cvq:mtme_MEE2-refA,cvq,0.8805
zhen,15,0.02,dedup_cvu:mtme_MEE2-refA,cvu,0.8825
zhen,15,0.02,weighted_cvl:mtme_MEE2-refA,cvl,0.8825
zhen,15,0.02,weighted_cvq:mtme_MEE2-refA,cvq,0.8835
zhen,15,0.02,weighted_cvu:mtme_MEE2-refA,cvu,0.8815
zhen,15,0.02,dedup_cvl:mtme_MEE4-refA,cvl,0.8805
zhen,15,0.02,dedup_cvq:mtme_MEE4-refA,cvq,0.8805
zhen,15,0.02,dedup_cvu:mtme_MEE4-refA,cvu,0.8795
zhen,15,0.02,weighted_cvl:mtme_MEE4-refA,cvl,0.883
zhen,15,0.02,weighted_cvq:mtme_MEE4-refA,cvq,0.886
zhen,15,0.02,weighted_cvu:mtme_MEE4-refA,cvu,0.882
zhen,15,0.02,dedup_cvl:mtme_MS-COMET-22-refA,cvl,0.891
zhen,15,0.02,dedup_cvq:mtme_MS-COMET-22-refA,cvq,0.8965
zhen,15,0.02,dedup_cvu:mtme_MS-COMET-22-refA,cvu,0.8885
zhen,15,0.02,weighted_cvl:mtme_MS-COMET-22-refA,cvl,0.8845
zhen,15,0.02,weighted_cvq:mtme_MS-COMET-22-refA,cvq,0.9015
zhen,15,0.02,weighted_cvu:mtme_MS-COMET-22-refA,cvu,0.881
zhen,15,0.02,dedup_cvl:mtme_MS-COMET-QE-22-src,cvl,0.888
zhen,15,0.02,dedup_cvq:mtme_MS-COMET-QE-22-src,cvq,0.9005
zhen,15,0.02,dedup_cvu:mtme_MS-COMET-QE-22-src,cvu,0.887
zhen,15,0.02,weighted_cvl:mtme_MS-COMET-QE-22-src,cvl,0.8845
zhen,15,0.02,weighted_cvq:mtme_MS-COMET-QE-22-src,cvq,0.8835
zhen,15,0.02,weighted_cvu:mtme_MS-COMET-QE-22-src,cvu,0.884
zhen,15,0.02,dedup_cvl:mtme_REUSE-src,cvl,0.8865
zhen,15,0.02,dedup_cvq:mtme_REUSE-src,cvq,0.886
zhen,15,0.02,dedup_cvu:mtme_REUSE-src,cvu,0.886
zhen,15,0.02,weighted_cvl:mtme_REUSE-src,cvl,0.888
zhen,15,0.02,weighted_cvq:mtme_REUSE-src,cvq,0.885
zhen,15,0.02,weighted_cvu:mtme_REUSE-src,cvu,0.884
zhen,15,0.02,dedup_cvl:mtme_SEScore-refA,cvl,0.8875
zhen,15,0.02,dedup_cvq:mtme_SEScore-refA,cvq,0.8965
zhen,15,0.02,dedup_cvu:mtme_SEScore-refA,cvu,0.8865
zhen,15,0.02,weighted_cvl:mtme_SEScore-refA,cvl,0.8875
zhen,15,0.02,weighted_cvq:mtme_SEScore-refA,cvq,0.903
zhen,15,0.02,weighted_cvu:mtme_SEScore-refA,cvu,0.8855
zhen,15,0.02,dedup_cvl:mtme_UniTE-ref-refA,cvl,0.8955
zhen,15,0.02,dedup_cvq:mtme_UniTE-ref-refA,cvq,0.894
zhen,15,0.02,dedup_cvu:mtme_UniTE-ref-refA,cvu,0.893
zhen,15,0.02,weighted_cvl:mtme_UniTE-ref-refA,cvl,0.8835
zhen,15,0.02,weighted_cvq:mtme_UniTE-ref-refA,cvq,0.902
zhen,15,0.02,weighted_cvu:mtme_UniTE-ref-refA,cvu,0.88
zhen,15,0.02,dedup_cvl:mtme_UniTE-refA,cvl,0.8925
zhen,15,0.02,dedup_cvq:mtme_UniTE-refA,cvq,0.8955
zhen,15,0.02,dedup_cvu:mtme_UniTE-refA,cvu,0.8935
zhen,15,0.02,weighted_cvl:mtme_UniTE-refA,cvl,0.8825
zhen,15,0.02,weighted_cvq:mtme_UniTE-refA,cvq,0.8995
zhen,15,0.02,weighted_cvu:mtme_UniTE-refA,cvu,0.8805
zhen,15,0.02,dedup_cvl:mtme_UniTE-src-src,cvl,0.8955
zhen,15,0.02,dedup_cvq:mtme_UniTE-src-src,cvq,0.8935
zhen,15,0.02,dedup_cvu:mtme_UniTE-src-src,cvu,0.896
zhen,15,0.02,weighted_cvl:mtme_UniTE-src-src,cvl,0.889
zhen,15,0.02,weighted_cvq:mtme_UniTE-src-src,cvq,0.901
zhen,15,0.02,weighted_cvu:mtme_UniTE-src-src,cvu,0.8845
zhen,15,0.02,dedup_cvl:mtme_YiSi-1-refA,cvl,0.8895
zhen,15,0.02,dedup_cvq:mtme_YiSi-1-refA,cvq,0.889
zhen,15,0.02,dedup_cvu:mtme_YiSi-1-refA,cvu,0.8855
zhen,15,0.02,weighted_cvl:mtme_YiSi-1-refA,cvl,0.889
zhen,15,0.02,weighted_cvq:mtme_YiSi-1-refA,cvq,0.8835
zhen,15,0.02,weighted_cvu:mtme_YiSi-1-refA,cvu,0.8865
zhen,15,0.02,dedup_cvl:mtme_chrF-refA,cvl,0.8895
zhen,15,0.02,dedup_cvq:mtme_chrF-refA,cvq,0.8925
zhen,15,0.02,dedup_cvu:mtme_chrF-refA,cvu,0.89
zhen,15,0.02,weighted_cvl:mtme_chrF-refA,cvl,0.8865
zhen,15,0.02,weighted_cvq:mtme_chrF-refA,cvq,0.8855
zhen,15,0.02,weighted_cvu:mtme_chrF-refA,cvu,0.8865
zhen,15,0.02,dedup_cvl:mtme_f101spBLEU-refA,cvl,0.89
zhen,15,0.02,dedup_cvq:mtme_f101spBLEU-refA,cvq,0.8955
zhen,15,0.02,dedup_cvu:mtme_f101spBLEU-refA,cvu,0.8895
zhen,15,0.02,weighted_cvl:mtme_f101spBLEU-refA,cvl,0.8825
zhen,15,0.02,weighted_cvq:mtme_f101spBLEU-refA,cvq,0.8845
zhen,15,0.02,weighted_cvu:mtme_f101spBLEU-refA,cvu,0.8845
zhen,15,0.02,dedup_cvl:mtme_f200spBLEU-refA,cvl,0.8895
zhen,15,0.02,dedup_cvq:mtme_f200spBLEU-refA,cvq,0.894
zhen,15,0.02,dedup_cvu:mtme_f200spBLEU-refA,cvu,0.888
zhen,15,0.02,weighted_cvl:mtme_f200spBLEU-refA,cvl,0.8835
zhen,15,0.02,weighted_cvq:mtme_f200spBLEU-refA,cvq,0.8845
zhen,15,0.02,weighted_cvu:mtme_f200spBLEU-refA,cvu,0.8855
zhen,15,0.02,dedup_cvl:mtme_metricx_xl_DA_2019-refA,cvl,0.8905
zhen,15,0.02,dedup_cvq:mtme_metricx_xl_DA_2019-refA,cvq,0.895
zhen,15,0.02,dedup_cvu:mtme_metricx_xl_DA_2019-refA,cvu,0.894
zhen,15,0.02,weighted_cvl:mtme_metricx_xl_DA_2019-refA,cvl,0.885
zhen,15,0.02,weighted_cvq:mtme_metricx_xl_DA_2019-refA,cvq,0.901
zhen,15,0.02,weighted_cvu:mtme_metricx_xl_DA_2019-refA,cvu,0.8815
zhen,15,0.02,dedup_cvl:mtme_metricx_xl_MQM_2020-refA,cvl,0.8935
zhen,15,0.02,dedup_cvq:mtme_metricx_xl_MQM_2020-refA,cvq,0.892
zhen,15,0.02,dedup_cvu:mtme_metricx_xl_MQM_2020-refA,cvu,0.895
zhen,15,0.02,weighted_cvl:mtme_metricx_xl_MQM_2020-refA,cvl,0.9055
zhen,15,0.02,weighted_cvq:mtme_metricx_xl_MQM_2020-refA,cvq,0.9045
zhen,15,0.02,weighted_cvu:mtme_metricx_xl_MQM_2020-refA,cvu,0.905
zhen,15,0.02,dedup_cvl:mtme_metricx_xxl_DA_2019-refA,cvl,0.889
zhen,15,0.02,dedup_cvq:mtme_metricx_xxl_DA_2019-refA,cvq,0.898
zhen,15,0.02,dedup_cvu:mtme_metricx_xxl_DA_2019-refA,cvu,0.8885
zhen,15,0.02,weighted_cvl:mtme_metricx_xxl_DA_2019-refA,cvl,0.8855
zhen,15,0.02,weighted_cvq:mtme_metricx_xxl_DA_2019-refA,cvq,0.901
zhen,15,0.02,weighted_cvu:mtme_metricx_xxl_DA_2019-refA,cvu,0.881
zhen,15,0.02,dedup_cvl:mtme_metricx_xxl_MQM_2020-refA,cvl,0.896
zhen,15,0.02,dedup_cvq:mtme_metricx_xxl_MQM_2020-refA,cvq,0.9005
zhen,15,0.02,dedup_cvu:mtme_metricx_xxl_MQM_2020-refA,cvu,0.899
zhen,15,0.02,weighted_cvl:mtme_metricx_xxl_MQM_2020-refA,cvl,0.891
zhen,15,0.02,weighted_cvq:mtme_metricx_xxl_MQM_2020-refA,cvq,0.908
zhen,15,0.02,weighted_cvu:mtme_metricx_xxl_MQM_2020-refA,cvu,0.909
zhen,15,0.02,weighted_cvo:mtme_BERTScore-refA,cvo,0.8865
zhen,15,0.02,weighted_cvo:mtme_BLEU-refA,cvo,0.8865
zhen,15,0.02,weighted_cvo:mtme_BLEURT-20-refA,cvo,0.905
zhen,15,0.02,weighted_cvo:mtme_COMET-20-refA,cvo,0.9015
zhen,15,0.02,weighted_cvo:mtme_COMET-22-refA,cvo,0.906
zhen,15,0.02,weighted_cvo:mtme_COMET-QE-src,cvo,0.9025
zhen,15,0.02,weighted_cvo:mtme_COMETKiwi-src,cvo,0.8925
zhen,15,0.02,weighted_cvo:mtme_Cross-QE-src,cvo,0.9045
zhen,15,0.02,weighted_cvo:mtme_HWTSC-TLM-src,cvo,0.8885
zhen,15,0.02,weighted_cvo:mtme_HWTSC-Teacher-Sim-src,cvo,0.891
zhen,15,0.02,weighted_cvo:mtme_KG-BERTScore-src,cvo,0.889
zhen,15,0.02,weighted_cvo:mtme_MATESE-QE-src,cvo,0.8845
zhen,15,0.02,weighted_cvo:mtme_MATESE-refA,cvo,0.883
zhen,15,0.02,weighted_cvo:mtme_MEE-refA,cvo,0.886
zhen,15,0.02,weighted_cvo:mtme_MEE2-refA,cvo,0.8845
zhen,15,0.02,weighted_cvo:mtme_MEE4-refA,cvo,0.8855
zhen,15,0.02,weighted_cvo:mtme_MS-COMET-22-refA,cvo,0.884
zhen,15,0.02,weighted_cvo:mtme_MS-COMET-QE-22-src,cvo,0.888
zhen,15,0.02,weighted_cvo:mtme_REUSE-src,cvo,0.888
zhen,15,0.02,weighted_cvo:mtme_SEScore-refA,cvo,0.8855
zhen,15,0.02,weighted_cvo:mtme_UniTE-ref-refA,cvo,0.9085
zhen,15,0.02,weighted_cvo:mtme_UniTE-refA,cvo,0.906
zhen,15,0.02,weighted_cvo:mtme_UniTE-src-src,cvo,0.887
zhen,15,0.02,weighted_cvo:mtme_YiSi-1-refA,cvo,0.885
zhen,15,0.02,weighted_cvo:mtme_chrF-refA,cvo,0.885
zhen,15,0.02,weighted_cvo:mtme_f101spBLEU-refA,cvo,0.886
zhen,15,0.02,weighted_cvo:mtme_f200spBLEU-refA,cvo,0.887
zhen,15,0.02,weighted_cvo:mtme_metricx_xl_DA_2019-refA,cvo,0.9015
zhen,15,0.02,weighted_cvo:mtme_metricx_xl_MQM_2020-refA,cvo,0.911
zhen,15,0.02,weighted_cvo:mtme_metricx_xxl_DA_2019-refA,cvo,0.906
zhen,15,0.02,weighted_cvo:mtme_metricx_xxl_MQM_2020-refA,cvo,0.9095
zhen,23,0.01,uniform,human,0.9045
zhen,23,0.01,dedup,human,0.9065
zhen,23,0.01,weighted,human,0.9015
zhen,23,0.01,dedup_cvl:mtme_BERTScore-refA,cvl,0.911
zhen,23,0.01,dedup_cvq:mtme_BERTScore-refA,cvq,0.9075
zhen,23,0.01,dedup_cvu:mtme_BERTScore-refA,cvu,0.909
zhen,23,0.01,weighted_cvl:mtme_BERTScore-refA,cvl,0.9035
zhen,23,0.01,weighted_cvq:mtme_BERTScore-refA,cvq,0.899
zhen,23,0.01,weighted_cvu:mtme_BERTScore-refA,cvu,0.9005
zhen,23,0.01,dedup_cvl:mtme_BLEU-refA,cvl,0.905
zhen,23,0.01,dedup_cvq:mtme_BLEU-refA,cvq,0.908
zhen,23,0.01,dedup_cvu:mtme_BLEU-refA,cvu,0.9085
zhen,23,0.01,weighted_cvl:mtme_BLEU-refA,cvl,0.8985
zhen,23,0.01,weighted_cvq:mtme_BLEU-refA,cvq,0.897
zhen,23,0.01,weighted_cvu:mtme_BLEU-refA,cvu,0.896
zhen,23,0.01,dedup_cvl:mtme_BLEURT-20-refA,cvl,0.907
zhen,23,0.01,dedup_cvq:mtme_BLEURT-20-refA,cvq,0.904
zhen,23,0.01,dedup_cvu:mtme_BLEURT-20-refA,cvu,0.9055
zhen,23,0.01,weighted_cvl:mtme_BLEURT-20-refA,cvl,0.8975
zhen,23,0.01,weighted_cvq:mtme_BLEURT-20-refA,cvq,0.898
zhen,23,0.01,weighted_cvu:mtme_BLEURT-20-refA,cvu,0.899
zhen,23,0.01,dedup_cvl:mtme_COMET-20-refA,cvl,0.904
zhen,23,0.01,dedup_cvq:mtme_COMET-20-refA,cvq,0.9025
zhen,23,0.01,dedup_cvu:mtme_COMET-20-refA,cvu,0.906
zhen,23,0.01,weighted_cvl:mtme_COMET-20-refA,cvl,0.9065
zhen,23,0.01,weighted_cvq:mtme_COMET-20-refA,cvq,0.903
zhen,23,0.01,weighted_cvu:mtme_COMET-20-refA,cvu,0.9045
zhen,23,0.01,dedup_cvl:mtme_COMET-22-refA,cvl,0.912
zhen,23,0.01,dedup_cvq:mtme_COMET-22-refA,cvq,0.9045
zhen,23,0.01,dedup_cvu:mtme_COMET-22-refA,cvu,0.908
zhen,23,0.01,weighted_cvl:mtme_COMET-22-refA,cvl,0.904
zhen,23,0.01,weighted_cvq:mtme_COMET-22-refA,cvq,0.8985
zhen,23,0.01,weighted_cvu:mtme_COMET-22-refA,cvu,0.8985
zhen,23,0.01,dedup_cvl:mtme_COMET-QE-src,cvl,0.906
zhen,23,0.01,dedup_cvq:mtme_COMET-QE-src,cvq,0.9075
zhen,23,0.01,dedup_cvu:mtme_COMET-QE-src,cvu,0.9065
zhen,23,0.01,weighted_cvl:mtme_COMET-QE-src,cvl,0.9005
zhen,23,0.01,weighted_cvq:mtme_COMET-QE-src,cvq,0.8965
zhen,23,0.01,weighted_cvu:mtme_COMET-QE-src,cvu,0.898
zhen,23,0.01,dedup_cvl:mtme_COMETKiwi-src,cvl,0.912
zhen,23,0.01,dedup_cvq:mtme_COMETKiwi-src,cvq,0.904
zhen,23,0.01,dedup_cvu:mtme_COMETKiwi-src,cvu,0.9065
zhen,23,0.01,weighted_cvl:mtme_COMETKiwi-src,cvl,0.9005
zhen,23,0.01,weighted_cvq:mtme_COMETKiwi-src,cvq,0.9
zhen,23,0.01,weighted_cvu:mtme_COMETKiwi-src,cvu,0.901
zhen,23,0.01,dedup_cvl:mtme_Cross-QE-src,cvl,0.9155
zhen,23,0.01,dedup_cvq:mtme_Cross-QE-src,cvq,0.9095
zhen,23,0.01,dedup_cvu:mtme_Cross-QE-src,cvu,0.907
zhen,23,0.01,weighted_cvl:mtme_Cross-QE-src,cvl,0.9015
zhen,23,0.01,weighted_cvq:mtme_Cross-QE-src,cvq,0.9
zhen,23,0.01,weighted_cvu:mtme_Cross-QE-src,cvu,0.903
zhen,23,0.01,dedup_cvl:mtme_HWTSC-TLM-src,cvl,0.9095
zhen,23,0.01,dedup_cvq:mtme_HWTSC-TLM-src,cvq,0.907
zhen,23,0.01,dedup_cvu:mtme_HWTSC-TLM-src,cvu,0.9085
zhen,23,0.01,weighted_cvl:mtme_HWTSC-TLM-src,cvl,0.9015
zhen,23,0.01,weighted_cvq:mtme_HWTSC-TLM-src,cvq,0.9
zhen,23,0.01,weighted_cvu:mtme_HWTSC-TLM-src,cvu,0.897
zhen,23,0.01,dedup_cvl:mtme_HWTSC-Teacher-Sim-src,cvl,0.9095
zhen,23,0.01,dedup_cvq:mtme_HWTSC-Teacher-Sim-src,cvq,0.9085
zhen,23,0.01,dedup_cvu:mtme_HWTSC-Teacher-Sim-src,cvu,0.9095
zhen,23,0.01,weighted_cvl:mtme_HWTSC-Teacher-Sim-src,cvl,0.903
zhen,23,0.01,weighted_cvq:mtme_HWTSC-Teacher-Sim-src,cvq,0.9035
zhen,23,0.01,weighted_cvu:mtme_HWTSC-Teacher-Sim-src,cvu,0.8995
zhen,23,0.01,dedup_cvl:mtme_KG-BERTScore-src,cvl,0.903
zhen,23,0.01,dedup_cvq:mtme_KG-BERTScore-src,cvq,0.907
zhen,23,0.01,dedup_cvu:mtme_KG-BERTScore-src,cvu,0.9065
zhen,23,0.01,weighted_cvl:mtme_KG-BERTScore-src,cvl,0.9025
zhen,23,0.01,weighted_cvq:mtme_KG-BERTScore-src,cvq,0.9
zhen,23,0.01,weighted_cvu:mtme_KG-BERTScore-src,cvu,0.901
zhen,23,0.01,dedup_cvl:mtme_MATESE-QE-src,cvl,0.908
zhen,23,0.01,dedup_cvq:mtme_MATESE-QE-src,cvq,0.9075
zhen,23,0.01,dedup_cvu:mtme_MATESE-QE-src,cvu,0.9095
zhen,23,0.01,weighted_cvl:mtme_MATESE-QE-src,cvl,0.901
zhen,23,0.01,weighted_cvq:mtme_MATESE-QE-src,cvq,0.903
zhen,23,0.01,weighted_cvu:mtme_MATESE-QE-src,cvu,0.9
zhen,23,0.01,dedup_cvl:mtme_MATESE-refA,cvl,0.9035
zhen,23,0.01,dedup_cvq:mtme_MATESE-refA,cvq,0.9055
zhen,23,0.01,dedup_cvu:mtme_MATESE-refA,cvu,0.91
zhen,23,0.01,weighted_cvl:mtme_MATESE-refA,cvl,0.9005
zhen,23,0.01,weighted_cvq:mtme_MATESE-refA,cvq,0.8995
zhen,23,0.01,weighted_cvu:mtme_MATESE-refA,cvu,0.9
zhen,23,0.01,dedup_cvl:mtme_MEE-refA,cvl,0.907
zhen,23,0.01,dedup_cvq:mtme_MEE-refA,cvq,0.9095
zhen,23,0.01,dedup_cvu:mtme_MEE-refA,cvu,0.91
zhen,23,0.01,weighted_cvl:mtme_MEE-refA,cvl,0.9025
zhen,23,0.01,weighted_cvq:mtme_MEE-refA,cvq,0.901
zhen,23,0.01,weighted_cvu:mtme_MEE-refA,cvu,0.902
zhen,23,0.01,dedup_cvl:mtme_MEE2-refA,cvl,0.9045
zhen,23,0.01,dedup_cvq:mtme_MEE2-refA,cvq,0.906
zhen,23,0.01,dedup_cvu:mtme_MEE2-refA,cvu,0.9065
zhen,23,0.01,weighted_cvl:mtme_MEE2-refA,cvl,0.903
zhen,23,0.01,weighted_cvq:mtme_MEE2-refA,cvq,0.8985
zhen,23,0.01,weighted_cvu:mtme_MEE2-refA,cvu,0.8995
zhen,23,0.01,dedup_cvl:mtme_MEE4-refA,cvl,0.9065
zhen,23,0.01,dedup_cvq:mtme_MEE4-refA,cvq,0.905
zhen,23,0.01,dedup_cvu:mtme_MEE4-refA,cvu,0.9065
zhen,23,0.01,weighted_cvl:mtme_MEE4-refA,cvl,0.9035
zhen,23,0.01,weighted_cvq:mtme_MEE4-refA,cvq,0.9
zhen,23,0.01,weighted_cvu:mtme_MEE4-refA,cvu,0.9015
zhen,23,0.01,dedup_cvl:mtme_MS-COMET-22-refA,cvl,0.9075
zhen,23,0.01,dedup_cvq:mtme_MS-COMET-22-refA,cvq,0.9035
zhen,23,0.01,dedup_cvu:mtme_MS-COMET-22-refA,cvu,0.907
zhen,23,0.01,weighted_cvl:mtme_MS-COMET-22-refA,cvl,0.898
zhen,23,0.01,weighted_cvq:mtme_MS-COMET-22-refA,cvq,0.898
zhen,23,0.01,weighted_cvu:mtme_MS-COMET-22-refA,cvu,0.9025
zhen,23,0.01,dedup_cvl:mtme_MS-COMET-QE-22-src,cvl,0.9055
zhen,23,0.01,dedup_cvq:mtme_MS-COMET-QE-22-src,cvq,0.906
zhen,23,0.01,dedup_cvu:mtme_MS-COMET-QE-22-src,cvu,0.9065
zhen,23,0.01,weighted_cvl:mtme_MS-COMET-QE-22-src,cvl,0.9015
zhen,23,0.01,weighted_cvq:mtme_MS-COMET-QE-22-src,cvq,0.899
zhen,23,0.01,weighted_cvu:mtme_MS-COMET-QE-22-src,cvu,0.901
zhen,23,0.01,dedup_cvl:mtme_REUSE-src,cvl,0.9055
zhen,23,0.01,dedup_cvq:mtme_REUSE-src,cvq,0.9065
zhen,23,0.01,dedup_cvu:mtme_REUSE-src,cvu,0.9085
zhen,23,0.01,weighted_cvl:mtme_REUSE-src,cvl,0.8995
zhen,23,0.01,weighted_cvq:mtme_REUSE-src,cvq,0.9025
zhen,23,0.01,weighted_cvu:mtme_REUSE-src,cvu,0.904
zhen,23,0.01,dedup_cvl:mtme_SEScore-refA,cvl,0.9035
zhen,23,0.01,dedup_cvq:mtme_SEScore-refA,cvq,0.907
zhen,23,0.01,dedup_cvu:mtme_SEScore-refA,cvu,0.9085
zhen,23,0.01,weighted_cvl:mtme_SEScore-refA,cvl,0.9025
zhen,23,0.01,weighted_cvq:mtme_SEScore-refA,cvq,0.8995
zhen,23,0.01,weighted_cvu:mtme_SEScore-refA,cvu,0.898
zhen,23,0.01,dedup_cvl:mtme_UniTE-ref-refA,cvl,0.907
zhen,23,0.01,dedup_cvq:mtme_UniTE-ref-refA,cvq,0.905
zhen,23,0.01,dedup_cvu:mtme_UniTE-ref-refA,cvu,0.909
zhen,23,0.01,weighted_cvl:mtme_UniTE-ref-refA,cvl,0.9035
zhen,23,0.01,weighted_cvq:mtme_UniTE-ref-refA,cvq,0.8995
zhen,23,0.01,weighted_cvu:mtme_UniTE-ref-refA,cvu,0.8995
zhen,23,0.01,dedup_cvl:mtme_UniTE-refA,cvl,0.9085
zhen,23,0.01,dedup_cvq:mtme_UniTE-refA,cvq,0.907
zhen,23,0.01,dedup_cvu:mtme_UniTE-refA,cvu,0.906
zhen,23,0.01,weighted_cvl:mtme_UniTE-refA,cvl,0.9005
zhen,23,0.01,weighted_cvq:mtme_UniTE-refA,cvq,0.9
zhen,23,0.01,weighted_cvu:mtme_UniTE-refA,cvu,0.9
zhen,23,0.01,dedup_cvl:mtme_UniTE-src-src,cvl,0.91
zhen,23,0.01,dedup_cvq:mtme_UniTE-src-src,cvq,0.907
zhen,23,0.01,dedup_cvu:mtme_UniTE-src-src,cvu,0.9095
zhen,23,0.01,weighted_cvl:mtme_UniTE-src-src,cvl,0.9035
zhen,23,0.01,weighted_cvq:mtme_UniTE-src-src,cvq,0.902
zhen,23,0.01,weighted_cvu:mtme_UniTE-src-src,cvu,0.904
zhen,23,0.01,dedup_cvl:mtme_YiSi-1-refA,cvl,0.909
zhen,23,0.01,dedup_cvq:mtme_YiSi-1-refA,cvq,0.9055
zhen,23,0.01,dedup_cvu:mtme_YiSi-1-refA,cvu,0.905
zhen,23,0.01,weighted_cvl:mtme_YiSi-1-refA,cvl,0.903
zhen,23,0.01,weighted_cvq:mtme_YiSi-1-refA,cvq,0.898
zhen,23,0.01,weighted_cvu:mtme_YiSi-1-refA,cvu,0.899
zhen,23,0.01,dedup_cvl:mtme_chrF-refA,cvl,0.905
zhen,23,0.01,dedup_cvq:mtme_chrF-refA,cvq,0.907
zhen,23,0.01,dedup_cvu:mtme_chrF-refA,cvu,0.9085
zhen,23,0.01,weighted_cvl:mtme_chrF-refA,cvl,0.8975
zhen,23,0.01,weighted_cvq:mtme_chrF-refA,cvq,0.8975
zhen,23,0.01,weighted_cvu:mtme_chrF-refA,cvu,0.898
zhen,23,0.01,dedup_cvl:mtme_f101spBLEU-refA,cvl,0.9045
zhen,23,0.01,dedup_cvq:mtme_f101spBLEU-refA,cvq,0.909
zhen,23,0.01,dedup_cvu:mtme_f101spBLEU-refA,cvu,0.911
zhen,23,0.01,weighted_cvl:mtme_f101spBLEU-refA,cvl,0.901
zhen,23,0.01,weighted_cvq:mtme_f101spBLEU-refA,cvq,0.8965
zhen,23,0.01,weighted_cvu:mtme_f101spBLEU-refA,cvu,0.897
zhen,23,0.01,dedup_cvl:mtme_f200spBLEU-refA,cvl,0.905
zhen,23,0.01,dedup_cvq:mtme_f200spBLEU-refA,cvq,0.909
zhen,23,0.01,dedup_cvu:mtme_f200spBLEU-refA,cvu,0.9105
zhen,23,0.01,weighted_cvl:mtme_f200spBLEU-refA,cvl,0.9015
zhen,23,0.01,weighted_cvq:mtme_f200spBLEU-refA,cvq,0.898
zhen,23,0.01,weighted_cvu:mtme_f200spBLEU-refA,cvu,0.897
zhen,23,0.01,dedup_cvl:mtme_metricx_xl_DA_2019-refA,cvl,0.91
zhen,23,0.01,dedup_cvq:mtme_metricx_xl_DA_2019-refA,cvq,0.906
zhen,23,0.01,dedup_cvu:mtme_metricx_xl_DA_2019-refA,cvu,0.908
zhen,23,0.01,weighted_cvl:mtme_metricx_xl_DA_2019-refA,cvl,0.9065
zhen,23,0.01,weighted_cvq:mtme_metricx_xl_DA_2019-refA,cvq,0.899
zhen,23,0.01,weighted_cvu:mtme_metricx_xl_DA_2019-refA,cvu,0.9005
zhen,23,0.01,dedup_cvl:mtme_metricx_xl_MQM_2020-refA,cvl,0.907
zhen,23,0.01,dedup_cvq:mtme_metricx_xl_MQM_2020-refA,cvq,0.904
zhen,23,0.01,dedup_cvu:mtme_metricx_xl_MQM_2020-refA,cvu,0.908
zhen,23,0.01,weighted_cvl:mtme_metricx_xl_MQM_2020-refA,cvl,0.901
zhen,23,0.01,weighted_cvq:mtme_metricx_xl_MQM_2020-refA,cvq,0.899
zhen,23,0.01,weighted_cvu:mtme_metricx_xl_MQM_2020-refA,cvu,0.899
zhen,23,0.01,dedup_cvl:mtme_metricx_xxl_DA_2019-refA,cvl,0.9125
zhen,23,0.01,dedup_cvq:mtme_metricx_xxl_DA_2019-refA,cvq,0.908
zhen,23,0.01,dedup_cvu:mtme_metricx_xxl_DA_2019-refA,cvu,0.9105
zhen,23,0.01,weighted_cvl:mtme_metricx_xxl_DA_2019-refA,cvl,0.909
zhen,23,0.01,weighted_cvq:mtme_metricx_xxl_DA_2019-refA,cvq,0.9025
zhen,23,0.01,weighted_cvu:mtme_metricx_xxl_DA_2019-refA,cvu,0.9005
zhen,23,0.01,dedup_cvl:mtme_metricx_xxl_MQM_2020-refA,cvl,0.9075
zhen,23,0.01,dedup_cvq:mtme_metricx_xxl_MQM_2020-refA,cvq,0.906
zhen,23,0.01,dedup_cvu:mtme_metricx_xxl_MQM_2020-refA,cvu,0.907
zhen,23,0.01,weighted_cvl:mtme_metricx_xxl_MQM_2020-refA,cvl,0.9015
zhen,23,0.01,weighted_cvq:mtme_metricx_xxl_MQM_2020-refA,cvq,0.897
zhen,23,0.01,weighted_cvu:mtme_metricx_xxl_MQM_2020-refA,cvu,0.897
zhen,23,0.01,weighted_cvo:mtme_BERTScore-refA,cvo,0.8995
zhen,23,0.01,weighted_cvo:mtme_BLEU-refA,cvo,0.8995
zhen,23,0.01,weighted_cvo:mtme_BLEURT-20-refA,cvo,0.9015
zhen,23,0.01,weighted_cvo:mtme_COMET-20-refA,cvo,0.9045
zhen,23,0.01,weighted_cvo:mtme_COMET-22-refA,cvo,0.9025
zhen,23,0.01,weighted_cvo:mtme_COMET-QE-src,cvo,0.9
zhen,23,0.01,weighted_cvo:mtme_COMETKiwi-src,cvo,0.8995
zhen,23,0.01,weighted_cvo:mtme_Cross-QE-src,cvo,0.9035
zhen,23,0.01,weighted_cvo:mtme_HWTSC-TLM-src,cvo,0.9005
zhen,23,0.01,weighted_cvo:mtme_HWTSC-Teacher-Sim-src,cvo,0.9015
zhen,23,0.01,weighted_cvo:mtme_KG-BERTScore-src,cvo,0.8995
zhen,23,0.01,weighted_cvo:mtme_MATESE-QE-src,cvo,0.902
zhen,23,0.01,weighted_cvo:mtme_MATESE-refA,cvo,0.902
zhen,23,0.01,weighted_cvo:mtme_MEE-refA,cvo,0.9005
zhen,23,0.01,weighted_cvo:mtme_MEE2-refA,cvo,0.8985
zhen,23,0.01,weighted_cvo:mtme_MEE4-refA,cvo,0.9015
zhen,23,0.01,weighted_cvo:mtme_MS-COMET-22-refA,cvo,0.899
zhen,23,0.01,weighted_cvo:mtme_MS-COMET-QE-22-src,cvo,0.9
zhen,23,0.01,weighted_cvo:mtme_REUSE-src,cvo,0.902
zhen,23,0.01,weighted_cvo:mtme_SEScore-refA,cvo,0.901
zhen,23,0.01,weighted_cvo:mtme_UniTE-ref-refA,cvo,0.902
zhen,23,0.01,weighted_cvo:mtme_UniTE-refA,cvo,0.9025
zhen,23,0.01,weighted_cvo:mtme_UniTE-src-src,cvo,0.903
zhen,23,0.01,weighted_cvo:mtme_YiSi-1-refA,cvo,0.9
zhen,23,0.01,weighted_cvo:mtme_chrF-refA,cvo,0.8965
zhen,23,0.01,weighted_cvo:mtme_f101spBLEU-refA,cvo,0.9
zhen,23,0.01,weighted_cvo:mtme_f200spBLEU-refA,cvo,0.8985
zhen,23,0.01,weighted_cvo:mtme_metricx_xl_DA_2019-refA,cvo,0.901
zhen,23,0.01,weighted_cvo:mtme_metricx_xl_MQM_2020-refA,cvo,0.9015
zhen,23,0.01,weighted_cvo:mtme_metricx_xxl_DA_2019-refA,cvo,0.9045
zhen,23,0.01,weighted_cvo:mtme_metricx_xxl_MQM_2020-refA,cvo,0.901
zhen,23,0.02,uniform,human,0.894
zhen,23,0.02,dedup,human,0.8895
zhen,23,0.02,weighted,human,0.895
zhen,23,0.02,dedup_cvl:mtme_BERTScore-refA,cvl,0.8885
zhen,23,0.02,dedup_cvq:mtme_BERTScore-refA,cvq,0.89
zhen,23,0.02,dedup_cvu:mtme_BERTScore-refA,cvu,0.893
zhen,23,0.02,weighted_cvl:mtme_BERTScore-refA,cvl,0.89
zhen,23,0.02,weighted_cvq:mtme_BERTScore-refA,cvq,0.888
zhen,23,0.02,weighted_cvu:mtme_BERTScore-refA,cvu,0.8905
zhen,23,0.02,dedup_cvl:mtme_BLEU-refA,cvl,0.893
zhen,23,0.02,dedup_cvq:mtme_BLEU-refA,cvq,0.891
zhen,23,0.02,dedup_cvu:mtme_BLEU-refA,cvu,0.894
zhen,23,0.02,weighted_cvl:mtme_BLEU-refA,cvl,0.899
zhen,23,0.02,weighted_cvq:mtme_BLEU-refA,cvq,0.896
zhen,23,0.02,weighted_cvu:mtme_BLEU-refA,cvu,0.8945
zhen,23,0.02,dedup_cvl:mtme_BLEURT-20-refA,cvl,0.8885
zhen,23,0.02,dedup_cvq:mtme_BLEURT-20-refA,cvq,0.8875
zhen,23,0.02,dedup_cvu:mtme_BLEURT-20-refA,cvu,0.8875
zhen,23,0.02,weighted_cvl:mtme_BLEURT-20-refA,cvl,0.9015
zhen,23,0.02,weighted_cvq:mtme_BLEURT-20-refA,cvq,0.899
zhen,23,0.02,weighted_cvu:mtme_BLEURT-20-refA,cvu,0.9015
zhen,23,0.02,dedup_cvl:mtme_COMET-20-refA,cvl,0.888
zhen,23,0.02,dedup_cvq:mtme_COMET-20-refA,cvq,0.887
zhen,23,0.02,dedup_cvu:mtme_COMET-20-refA,cvu,0.8895
zhen,23,0.02,weighted_cvl:mtme_COMET-20-refA,cvl,0.8945
zhen,23,0.02,weighted_cvq:mtme_COMET-20-refA,cvq,0.895
zhen,23,0.02,weighted_cvu:mtme_COMET-20-refA,cvu,0.8965
zhen,23,0.02,dedup_cvl:mtme_COMET-22-refA,cvl,0.895
zhen,23,0.02,dedup_cvq:mtme_COMET-22-refA,cvq,0.896
zhen,23,0.02,dedup_cvu:mtme_COMET-22-refA,cvu,0.8975
zhen,23,0.02,weighted_cvl:mtme_COMET-22-refA,cvl,0.8995
zhen,23,0.02,weighted_cvq:mtme_COMET-22-refA,cvq,0.8975
zhen,23,0.02,weighted_cvu:mtme_COMET-22-refA,cvu,0.901
zhen,23,0.02,dedup_cvl:mtme_COMET-QE-src,cvl,0.888
zhen,23,0.02,dedup_cvq:mtme_COMET-QE-src,cvq,0.8865
zhen,23,0.02,dedup_cvu:mtme_COMET-QE-src,cvu,0.8865
zhen,23,0.02,weighted_cvl:mtme_COMET-QE-src,cvl,0.897
zhen,23,0.02,weighted_cvq:mtme_COMET-QE-src,cvq,0.8965
zhen,23,0.02,weighted_cvu:mtme_COMET-QE-src,cvu,0.9005
zhen,23,0.02,dedup_cvl:mtme_COMETKiwi-src,cvl,0.893
zhen,23,0.02,dedup_cvq:mtme_COMETKiwi-src,cvq,0.8925
zhen,23,0.02,dedup_cvu:mtme_COMETKiwi-src,cvu,0.8945
zhen,23,0.02,weighted_cvl:mtme_COMETKiwi-src,cvl,0.9005
zhen,23,0.02,weighted_cvq:mtme_COMETKiwi-src,cvq,0.898
zhen,23,0.02,weighted_cvu:mtme_COMETKiwi-src,cvu,0.901
zhen,23,0.02,dedup_cvl:mtme_Cross-QE-src,cvl,0.896
zhen,23,0.02,dedup_cvq:mtme_Cross-QE-src,cvq,0.8865
zhen,23,0.02,dedup_cvu:mtme_Cross-QE-src,cvu,0.89
zhen,23,0.02,weighted_cvl:mtme_Cross-QE-src,cvl,0.903
zhen,23,0.02,weighted_cvq:mtme_Cross-QE-src,cvq,0.897
zhen,23,0.02,weighted_cvu:mtme_Cross-QE-src,cvu,0.9
zhen,23,0.02,dedup_cvl:mtme_HWTSC-TLM-src,cvl,0.8905
zhen,23,0.02,dedup_cvq:mtme_HWTSC-TLM-src,cvq,0.888
zhen,23,0.02,dedup_cvu:mtme_HWTSC-TLM-src,cvu,0.889
zhen,23,0.02,weighted_cvl:mtme_HWTSC-TLM-src,cvl,0.8965
zhen,23,0.02,weighted_cvq:mtme_HWTSC-TLM-src,cvq,0.8945
zhen,23,0.02,weighted_cvu:mtme_HWTSC-TLM-src,cvu,0.892
zhen,23,0.02,dedup_cvl:mtme_HWTSC-Teacher-Sim-src,cvl,0.888
zhen,23,0.02,dedup_cvq:mtme_HWTSC-Teacher-Sim-src,cvq,0.8875
zhen,23,0.02,dedup_cvu:mtme_HWTSC-Teacher-Sim-src,cvu,0.8885
zhen,23,0.02,weighted_cvl:mtme_HWTSC-Teacher-Sim-src,cvl,0.895
zhen,23,0.02,weighted_cvq:mtme_HWTSC-Teacher-Sim-src,cvq,0.8945
zhen,23,0.02,weighted_cvu:mtme_HWTSC-Teacher-Sim-src,cvu,0.8945
zhen,23,0.02,dedup_cvl:mtme_KG-BERTScore-src,cvl,0.8865
zhen,23,0.02,dedup_cvq:mtme_KG-BERTScore-src,cvq,0.8875
zhen,23,0.02,dedup_cvu:mtme_KG-BERTScore-src,cvu,0.889
zhen,23,0.02,weighted_cvl:mtme_KG-BERTScore-src,cvl,0.8975
zhen,23,0.02,weighted_cvq:mtme_KG-BERTScore-src,cvq,0.895
zhen,23,0.02,weighted_cvu:mtme_KG-BERTScore-src,cvu,0.896
zhen,23,0.02,dedup_cvl:mtme_MATESE-QE-src,cvl,0.892
zhen,23,0.02,dedup_cvq:mtme_MATESE-QE-src,cvq,0.892
zhen,23,0.02,dedup_cvu:mtme_MATESE-QE-src,cvu,0.898
zhen,23,0.02,weighted_cvl:mtme_MATESE-QE-src,cvl,0.8985
zhen,23,0.02,weighted_cvq:mtme_MATESE-QE-src,cvq,0.8945
zhen,23,0.02,weighted_cvu:mtme_MATESE-QE-src,cvu,0.8935
zhen,23,0.02,dedup_cvl:mtme_MATESE-refA,cvl,0.895
zhen,23,0.02,dedup_cvq:mtme_MATESE-refA,cvq,0.8945
zhen,23,0.02,dedup_cvu:mtme_MATESE-refA,cvu,0.9
zhen,23,0.02,weighted_cvl:mtme_MATESE-refA,cvl,0.8935
zhen,23,0.02,weighted_cvq:mtme_MATESE-refA,cvq,0.895
zhen,23,0.02,weighted_cvu:mtme_MATESE-refA,cvu,0.897
zhen,23,0.02,dedup_cvl:mtme_MEE-refA,cvl,0.889
zhen,23,0.02,dedup_cvq:mtme_MEE-refA,cvq,0.889
zhen,23,0.02,dedup_cvu:mtme_MEE-refA,cvu,0.8895
zhen,23,0.02,weighted_cvl:mtme_MEE-refA,cvl,0.8935
zhen,23,0.02,weighted_cvq:mtme_MEE-refA,cvq,0.896
zhen,23,0.02,weighted_cvu:mtme_MEE-refA,cvu,0.896
zhen,23,0.02,dedup_cvl:mtme_MEE2-refA,cvl,0.8905
zhen,23,0.02,dedup_cvq:mtme_MEE2-refA,cvq,0.8905
zhen,23,0.02,dedup_cvu:mtme_MEE2-refA,cvu,0.89
zhen,23,0.02,weighted_cvl:mtme_MEE2-refA,cvl,0.89
zhen,23,0.02,weighted_cvq:mtme_MEE2-refA,cvq,0.896
zhen,23,0.02,weighted_cvu:mtme_MEE2-refA,cvu,0.8955
zhen,23,0.02,dedup_cvl:mtme_MEE4-refA,cvl,0.889
zhen,23,0.02,dedup_cvq:mtme_MEE4-refA,cvq,0.8905
zhen,23,0.02,dedup_cvu:mtme_MEE4-refA,cvu,0.8915
zhen,23,0.02,weighted_cvl:mtme_MEE4-refA,cvl,0.8955
zhen,23,0.02,weighted_cvq:mtme_MEE4-refA,cvq,0.8955
zhen,23,0.02,weighted_cvu:mtme_MEE4-refA,cvu,0.8965
zhen,23,0.02,dedup_cvl:mtme_MS-COMET-22-refA,cvl,0.89
zhen,23,0.02,dedup_cvq:mtme_MS-COMET-22-refA,cvq,0.889
zhen,23,0.02,dedup_cvu:mtme_MS-COMET-22-refA,cvu,0.8925
zhen,23,0.02,weighted_cvl:mtme_MS-COMET-22-refA,cvl,0.8995
zhen,23,0.02,weighted_cvq:mtme_MS-COMET-22-refA,cvq,0.898
zhen,23,0.02,weighted_cvu:mtme_MS-COMET-22-refA,cvu,0.9
zhen,23,0.02,dedup_cvl:mtme_MS-COMET-QE-22-src,cvl,0.8845
zhen,23,0.02,dedup_cvq:mtme_MS-COMET-QE-22-src,cvq,0.884
zhen,23,0.02,dedup_cvu:mtme_MS-COMET-QE-22-src,cvu,0.886
zhen,23,0.02,weighted_cvl:mtme_MS-COMET-QE-22-src,cvl,0.892
zhen,23,0.02,weighted_cvq:mtme_MS-COMET-QE-22-src,cvq,0.893
zhen,23,0.02,weighted_cvu:mtme_MS-COMET-QE-22-src,cvu,0.896
zhen,23,0.02,dedup_cvl:mtme_REUSE-src,cvl,0.8925
zhen,23,0.02,dedup_cvq:mtme_REUSE-src,cvq,0.889
zhen,23,0.02,dedup_cvu:mtme_REUSE-src,cvu,0.8905
zhen,23,0.02,weighted_cvl:mtme_REUSE-src,cvl,0.896
zhen,23,0.02,weighted_cvq:mtme_REUSE-src,cvq,0.8915
zhen,23,0.02,weighted_cvu:mtme_REUSE-src,cvu,0.8945
zhen,23,0.02,dedup_cvl:mtme_SEScore-refA,cvl,0.892
zhen,23,0.02,dedup_cvq:mtme_SEScore-refA,cvq,0.889
zhen,23,0.02,dedup_cvu:mtme_SEScore-refA,cvu,0.8935
zhen,23,0.02,weighted_cvl:mtme_SEScore-refA,cvl,0.8955
zhen,23,0.02,weighted_cvq:mtme_SEScore-refA,cvq,0.893
zhen,23,0.02,weighted_cvu:mtme_SEScore-refA,cvu,0.8965
zhen,23,0.02,dedup_cvl:mtme_UniTE-ref-refA,cvl,0.8945
zhen,23,0.02,dedup_cvq:mtme_UniTE-ref-refA,cvq,0.8915
zhen,23,0.02,dedup_cvu:mtme_UniTE-ref-refA,cvu,0.894
zhen,23,0.02,weighted_cvl:mtme_UniTE-ref-refA,cvl,0.9
zhen,23,0.02,weighted_cvq:mtme_UniTE-ref-refA,cvq,0.8995
zhen,23,0.02,weighted_cvu:mtme_UniTE-ref-refA,cvu,0.903
zhen,23,0.02,dedup_cvl:mtme_UniTE-refA,cvl,0.894
zhen,23,0.02,dedup_cvq:mtme_UniTE-refA,cvq,0.893
zhen,23,0.02,dedup_cvu:mtme_UniTE-refA,cvu,0.8945
zhen,23,0.02,weighted_cvl:mtme_UniTE-refA,cvl,0.902
zhen,23,0.02,weighted_cvq:mtme_UniTE-refA,cvq,0.9
zhen,23,0.02,weighted_cvu:mtme_UniTE-refA,cvu,0.902
zhen,23,0.02,dedup_cvl:mtme_UniTE-src-src,cvl,0.8875
zhen,23,0.02,dedup_cvq:mtme_UniTE-src-src,cvq,0.891
zhen,23,0.02,dedup_cvu:mtme_UniTE-src-src,cvu,0.8885
zhen,23,0.02,weighted_cvl:mtme_UniTE-src-src,cvl,0.8955
zhen,23,0.02,weighted_cvq:mtme_UniTE-src-src,cvq,0.892
zhen,23,0.02,weighted_cvu:mtme_UniTE-src-src,cvu,0.8965
zhen,23,0.02,dedup_cvl:mtme_YiSi-1-refA,cvl,0.891
zhen,23,0.02,dedup_cvq:mtme_YiSi-1-refA,cvq,0.8895
zhen,23,0.02,dedup_cvu:mtme_YiSi-1-refA,cvu,0.891
zhen,23,0.02,weighted_cvl:mtme_YiSi-1-refA,cvl,0.892
zhen,23,0.02,weighted_cvq:mtme_YiSi-1-refA,cvq,0.892
zhen,23,0.02,weighted_cvu:mtme_YiSi-1-refA,cvu,0.8925
zhen,23,0.02,dedup_cvl:mtme_chrF-refA,cvl,0.8945
zhen,23,0.02,dedup_cvq:mtme_chrF-refA,cvq,0.891
zhen,23,0.02,dedup_cvu:mtme_chrF-refA,cvu,0.894
zhen,23,0.02,weighted_cvl:mtme_chrF-refA,cvl,0.8955
zhen,23,0.02,weighted_cvq:mtme_chrF-refA,cvq,0.893
zhen,23,0.02,weighted_cvu:mtme_chrF-refA,cvu,0.897
zhen,23,0.02,dedup_cvl:mtme_f101spBLEU-refA,cvl,0.8945
zhen,23,0.02,dedup_cvq:mtme_f101spBLEU-refA,cvq,0.891
zhen,23,0.02,dedup_cvu:mtme_f101spBLEU-refA,cvu,0.893
zhen,23,0.02,weighted_cvl:mtme_f101spBLEU-refA,cvl,0.8965
zhen,23,0.02,weighted_cvq:mtme_f101spBLEU-refA,cvq,0.897
zhen,23,0.02,weighted_cvu:mtme_f101spBLEU-refA,cvu,0.8955
zhen,23,0.02,dedup_cvl:mtme_f200spBLEU-refA,cvl,0.8915
zhen,23,0.02,dedup_cvq:mtme_f200spBLEU-refA,cvq,0.892
zhen,23,0.02,dedup_cvu:mtme_f200spBLEU-refA,cvu,0.893
zhen,23,0.02,weighted_cvl:mtme_f200spBLEU-refA,cvl,0.8955
zhen,23,0.02,weighted_cvq:mtme_f200spBLEU-refA,cvq,0.896
zhen,23,0.02,weighted_cvu:mtme_f200spBLEU-refA,cvu,0.8965
zhen,23,0.02,dedup_cvl:mtme_metricx_xl_DA_2019-refA,cvl,0.8875
zhen,23,0.02,dedup_cvq:mtme_metricx_xl_DA_2019-refA,cvq,0.8875
zhen,23,0.02,dedup_cvu:mtme_metricx_xl_DA_2019-refA,cvu,0.888
zhen,23,0.02,weighted_cvl:mtme_metricx_xl_DA_2019-refA,cvl,0.902
zhen,23,0.02,weighted_cvq:mtme_metricx_xl_DA_2019-refA,cvq,0.897
zhen,23,0.02,weighted_cvu:mtme_metricx_xl_DA_2019-refA,cvu,0.903
zhen,23,0.02,dedup_cvl:mtme_metricx_xl_MQM_2020-refA,cvl,0.8945
zhen,23,0.02,dedup_cvq:mtme_metricx_xl_MQM_2020-refA,cvq,0.8925
zhen,23,0.02,dedup_cvu:mtme_metricx_xl_MQM_2020-refA,cvu,0.891
zhen,23,0.02,weighted_cvl:mtme_metricx_xl_MQM_2020-refA,cvl,0.901
zhen,23,0.02,weighted_cvq:mtme_metricx_xl_MQM_2020-refA,cvq,0.8985
zhen,23,0.02,weighted_cvu:mtme_metricx_xl_MQM_2020-refA,cvu,0.9
zhen,23,0.02,dedup_cvl:mtme_metricx_xxl_DA_2019-refA,cvl,0.8925
zhen,23,0.02,dedup_cvq:mtme_metricx_xxl_DA_2019-refA,cvq,0.891
zhen,23,0.02,dedup_cvu:mtme_metricx_xxl_DA_2019-refA,cvu,0.892
zhen,23,0.02,weighted_cvl:mtme_metricx_xxl_DA_2019-refA,cvl,0.9035
zhen,23,0.02,weighted_cvq:mtme_metricx_xxl_DA_2019-refA,cvq,0.8985
zhen,23,0.02,weighted_cvu:mtme_metricx_xxl_DA_2019-refA,cvu,0.901
zhen,23,0.02,dedup_cvl:mtme_metricx_xxl_MQM_2020-refA,cvl,0.897
zhen,23,0.02,dedup_cvq:mtme_metricx_xxl_MQM_2020-refA,cvq,0.8955
zhen,23,0.02,dedup_cvu:mtme_metricx_xxl_MQM_2020-refA,cvu,0.896
zhen,23,0.02,weighted_cvl:mtme_metricx_xxl_MQM_2020-refA,cvl,0.903
zhen,23,0.02,weighted_cvq:mtme_metricx_xxl_MQM_2020-refA,cvq,0.897
zhen,23,0.02,weighted_cvu:mtme_metricx_xxl_MQM_2020-refA,cvu,0.9025
zhen,23,0.02,weighted_cvo:mtme_BERTScore-refA,cvo,0.895
zhen,23,0.02,weighted_cvo:mtme_BLEU-refA,cvo,0.8965
zhen,23,0.02,weighted_cvo:mtme_BLEURT-20-refA,cvo,0.897
zhen,23,0.02,weighted_cvo:mtme_COMET-20-refA,cvo,0.897
zhen,23,0.02,weighted_cvo:mtme_COMET-22-refA,cvo,0.8995
zhen,23,0.02,weighted_cvo:mtme_COMET-QE-src,cvo,0.895
zhen,23,0.02,weighted_cvo:mtme_COMETKiwi-src,cvo,0.8985
zhen,23,0.02,weighted_cvo:mtme_Cross-QE-src,cvo,0.9
zhen,23,0.02,weighted_cvo:mtme_HWTSC-TLM-src,cvo,0.895
zhen,23,0.02,weighted_cvo:mtme_HWTSC-Teacher-Sim-src,cvo,0.898
zhen,23,0.02,weighted_cvo:mtme_KG-BERTScore-src,cvo,0.8965
zhen,23,0.02,weighted_cvo:mtme_MATESE-QE-src,cvo,0.8955
zhen,23,0.02,weighted_cvo:mtme_MATESE-refA,cvo,0.8955
zhen,23,0.02,weighted_cvo:mtme_MEE-refA,cvo,0.8945
zhen,23,0.02,weighted_cvo:mtme_MEE2-refA,cvo,0.8955
zhen,23,0.02,weighted_cvo:mtme_MEE4-refA,cvo,0.8965
zhen,23,0.02,weighted_cvo:mtme_MS-COMET-22-refA,cvo,0.8975
zhen,23,0.02,weighted_cvo:mtme_MS-COMET-QE-22-src,cvo,0.8925
zhen,23,0.02,weighted_cvo:mtme_REUSE-src,cvo,0.8935
zhen,23,0.02,weighted_cvo:mtme_SEScore-refA,cvo,0.899
zhen,23,0.02,weighted_cvo:mtme_UniTE-ref-refA,cvo,0.902
zhen,23,0.02,weighted_cvo:mtme_UniTE-refA,cvo,0.901
zhen,23,0.02,weighted_cvo:mtme_UniTE-src-src,cvo,0.8985
zhen,23,0.02,weighted_cvo:mtme_YiSi-1-refA,cvo,0.8955
zhen,23,0.02,weighted_cvo:mtme_chrF-refA,cvo,0.8945
zhen,23,0.02,weighted_cvo:mtme_f101spBLEU-refA,cvo,0.8955
zhen,23,0.02,weighted_cvo:mtme_f200spBLEU-refA,cvo,0.896
zhen,23,0.02,weighted_cvo:mtme_metricx_xl_DA_2019-refA,cvo,0.899
zhen,23,0.02,weighted_cvo:mtme_metricx_xl_MQM_2020-refA,cvo,0.9
zhen,23,0.02,weighted_cvo:mtme_metricx_xxl_DA_2019-refA,cvo,0.899
zhen,23,0.02,weighted_cvo:mtme_metricx_xxl_MQM_2020-refA,cvo,0.9
zhen,24,0.01,uniform,human,0.9105
zhen,24,0.01,dedup,human,0.906
zhen,24,0.01,weighted,human,0.9175
zhen,24,0.01,dedup_cvl:mtme_BERTScore-refA,cvl,0.906
zhen,24,0.01,dedup_cvq:mtme_BERTScore-refA,cvq,0.909
zhen,24,0.01,dedup_cvu:mtme_BERTScore-refA,cvu,0.9105
zhen,24,0.01,weighted_cvl:mtme_BERTScore-refA,cvl,0.914
zhen,24,0.01,weighted_cvq:mtme_BERTScore-refA,cvq,0.912
zhen,24,0.01,weighted_cvu:mtme_BERTScore-refA,cvu,0.915
zhen,24,0.01,dedup_cvl:mtme_BLEU-refA,cvl,0.906
zhen,24,0.01,dedup_cvq:mtme_BLEU-refA,cvq,0.9075
zhen,24,0.01,dedup_cvu:mtme_BLEU-refA,cvu,0.9075
zhen,24,0.01,weighted_cvl:mtme_BLEU-refA,cvl,0.9115
zhen,24,0.01,weighted_cvq:mtme_BLEU-refA,cvq,0.915
zhen,24,0.01,weighted_cvu:mtme_BLEU-refA,cvu,0.9145
zhen,24,0.01,dedup_cvl:mtme_BLEURT-20-refA,cvl,0.9075
zhen,24,0.01,dedup_cvq:mtme_BLEURT-20-refA,cvq,0.9075
zhen,24,0.01,dedup_cvu:mtme_BLEURT-20-refA,cvu,0.9085
zhen,24,0.01,weighted_cvl:mtme_BLEURT-20-refA,cvl,0.9085
zhen,24,0.01,weighted_cvq:mtme_BLEURT-20-refA,cvq,0.912
zhen,24,0.01,weighted_cvu:mtme_BLEURT-20-refA,cvu,0.909
zhen,24,0.01,dedup_cvl:mtme_COMET-20-refA,cvl,0.9025
zhen,24,0.01,dedup_cvq:mtme_COMET-20-refA,cvq,0.9085
zhen,24,0.01,dedup_cvu:mtme_COMET-20-refA,cvu,0.9105
zhen,24,0.01,weighted_cvl:mtme_COMET-20-refA,cvl,0.911
zhen,24,0.01,weighted_cvq:mtme_COMET-20-refA,cvq,0.9115
zhen,24,0.01,weighted_cvu:mtme_COMET-20-refA,cvu,0.9115
zhen,24,0.01,dedup_cvl:mtme_COMET-22-refA,cvl,0.902
zhen,24,0.01,dedup_cvq:mtme_COMET-22-refA,cvq,0.9055
zhen,24,0.01,dedup_cvu:mtme_COMET-22-refA,cvu,0.9075
zhen,24,0.01,weighted_cvl:mtme_COMET-22-refA,cvl,0.9065
zhen,24,0.01,weighted_cvq:mtme_COMET-22-refA,cvq,0.9095
zhen,24,0.01,weighted_cvu:mtme_COMET-22-refA,cvu,0.91
zhen,24,0.01,dedup_cvl:mtme_COMET-QE-src,cvl,0.9055
zhen,24,0.01,dedup_cvq:mtme_COMET-QE-src,cvq,0.907
zhen,24,0.01,dedup_cvu:mtme_COMET-QE-src,cvu,0.9085
zhen,24,0.01,weighted_cvl:mtme_COMET-QE-src,cvl,0.9125
zhen,24,0.01,weighted_cvq:mtme_COMET-QE-src,cvq,0.9125
zhen,24,0.01,weighted_cvu:mtme_COMET-QE-src,cvu,0.913
zhen,24,0.01,dedup_cvl:mtme_COMETKiwi-src,cvl,0.9035
zhen,24,0.01,dedup_cvq:mtme_COMETKiwi-src,cvq,0.908
zhen,24,0.01,dedup_cvu:mtme_COMETKiwi-src,cvu,0.9105
zhen,24,0.01,weighted_cvl:mtme_COMETKiwi-src,cvl,0.91
zhen,24,0.01,weighted_cvq:mtme_COMETKiwi-src,cvq,0.911
zhen,24,0.01,weighted_cvu:mtme_COMETKiwi-src,cvu,0.915
zhen,24,0.01,dedup_cvl:mtme_Cross-QE-src,cvl,0.9045
zhen,24,0.01,dedup_cvq:mtme_Cross-QE-src,cvq,0.9065
zhen,24,0.01,dedup_cvu:mtme_Cross-QE-src,cvu,0.9095
zhen,24,0.01,weighted_cvl:mtme_Cross-QE-src,cvl,0.9075
zhen,24,0.01,weighted_cvq:mtme_Cross-QE-src,cvq,0.908
zhen,24,0.01,weighted_cvu:mtme_Cross-QE-src,cvu,0.909
zhen,24,0.01,dedup_cvl:mtme_HWTSC-TLM-src,cvl,0.908
zhen,24,0.01,dedup_cvq:mtme_HWTSC-TLM-src,cvq,0.9075
zhen,24,0.01,dedup_cvu:mtme_HWTSC-TLM-src,cvu,0.9115
zhen,24,0.01,weighted_cvl:mtme_HWTSC-TLM-src,cvl,0.9155
zhen,24,0.01,weighted_cvq:mtme_HWTSC-TLM-src,cvq,0.9165
zhen,24,0.01,weighted_cvu:mtme_HWTSC-TLM-src,cvu,0.9155
zhen,24,0.01,dedup_cvl:mtme_HWTSC-Teacher-Sim-src,cvl,0.911
zhen,24,0.01,dedup_cvq:mtme_HWTSC-Teacher-Sim-src,cvq,0.909
zhen,24,0.01,dedup_cvu:mtme_HWTSC-Teacher-Sim-src,cvu,0.913
zhen,24,0.01,weighted_cvl:mtme_HWTSC-Teacher-Sim-src,cvl,0.9125
zhen,24,0.01,weighted_cvq:mtme_HWTSC-Teacher-Sim-src,cvq,0.914
zhen,24,0.01,weighted_cvu:mtme_HWTSC-Teacher-Sim-src,cvu,0.915
zhen,24,0.01,dedup_cvl:mtme_KG-BERTScore-src,cvl,0.9135
zhen,24,0.01,dedup_cvq:mtme_KG-BERTScore-src,cvq,0.911
zhen,24,0.01,dedup_cvu:mtme_KG-BERTScore-src,cvu,0.9135
zhen,24,0.01,weighted_cvl:mtme_KG-BERTScore-src,cvl,0.916
zhen,24,0.01,weighted_cvq:mtme_KG-BERTScore-src,cvq,0.9155
zhen,24,0.01,weighted_cvu:mtme_KG-BERTScore-src,cvu,0.9165
zhen,24,0.01,dedup_cvl:mtme_MATESE-QE-src,cvl,0.908
zhen,24,0.01,dedup_cvq:mtme_MATESE-QE-src,cvq,0.913
zhen,24,0.01,dedup_cvu:mtme_MATESE-QE-src,cvu,0.915
zhen,24,0.01,weighted_cvl:mtme_MATESE-QE-src,cvl,0.9125
zhen,24,0.01,weighted_cvq:mtme_MATESE-QE-src,cvq,0.9145
zhen,24,0.01,weighted_cvu:mtme_MATESE-QE-src,cvu,0.9135
zhen,24,0.01,dedup_cvl:mtme_MATESE-refA,cvl,0.908
zhen,24,0.01,dedup_cvq:mtme_MATESE-refA,cvq,0.9115
zhen,24,0.01,dedup_cvu:mtme_MATESE-refA,cvu,0.9135
zhen,24,0.01,weighted_cvl:mtme_MATESE-refA,cvl,0.912
zhen,24,0.01,weighted_cvq:mtme_MATESE-refA,cvq,0.9135
zhen,24,0.01,weighted_cvu:mtme_MATESE-refA,cvu,0.9115
zhen,24,0.01,dedup_cvl:mtme_MEE-refA,cvl,0.909
zhen,24,0.01,dedup_cvq:mtme_MEE-refA,cvq,0.9065
zhen,24,0.01,dedup_cvu:mtme_MEE-refA,cvu,0.907
zhen,24,0.01,weighted_cvl:mtme_MEE-refA,cvl,0.913
zhen,24,0.01,weighted_cvq:mtme_MEE-refA,cvq,0.9125
zhen,24,0.01,weighted_cvu:mtme_MEE-refA,cvu,0.913
zhen,24,0.01,dedup_cvl:mtme_MEE2-refA,cvl,0.9065
zhen,24,0.01,dedup_cvq:mtme_MEE2-refA,cvq,0.9085
zhen,24,0.01,dedup_cvu:mtme_MEE2-refA,cvu,0.907
zhen,24,0.01,weighted_cvl:mtme_MEE2-refA,cvl,0.9105
zhen,24,0.01,weighted_cvq:mtme_MEE2-refA,cvq,0.913
zhen,24,0.01,weighted_cvu:mtme_MEE2-refA,cvu,0.9125
zhen,24,0.01,dedup_cvl:mtme_MEE4-refA,cvl,0.9045
zhen,24,0.01,dedup_cvq:mtme_MEE4-refA,cvq,0.908
zhen,24,0.01,dedup_cvu:mtme_MEE4-refA,cvu,0.9065
zhen,24,0.01,weighted_cvl:mtme_MEE4-refA,cvl,0.9135
zhen,24,0.01,weighted_cvq:mtme_MEE4-refA,cvq,0.9135
zhen,24,0.01,weighted_cvu:mtme_MEE4-refA,cvu,0.909
zhen,24,0.01,dedup_cvl:mtme_MS-COMET-22-refA,cvl,0.9155
zhen,24,0.01,dedup_cvq:mtme_MS-COMET-22-refA,cvq,0.9105
zhen,24,0.01,dedup_cvu:mtme_MS-COMET-22-refA,cvu,0.911
zhen,24,0.01,weighted_cvl:mtme_MS-COMET-22-refA,cvl,0.912
zhen,24,0.01,weighted_cvq:mtme_MS-COMET-22-refA,cvq,0.9135
zhen,24,0.01,weighted_cvu:mtme_MS-COMET-22-refA,cvu,0.914
zhen,24,0.01,dedup_cvl:mtme_MS-COMET-QE-22-src,cvl,0.904
zhen,24,0.01,dedup_cvq:mtme_MS-COMET-QE-22-src,cvq,0.908
zhen,24,0.01,dedup_cvu:mtme_MS-COMET-QE-22-src,cvu,0.91
zhen,24,0.01,weighted_cvl:mtme_MS-COMET-QE-22-src,cvl,0.9105
zhen,24,0.01,weighted_cvq:mtme_MS-COMET-QE-22-src,cvq,0.916
zhen,24,0.01,weighted_cvu:mtme_MS-COMET-QE-22-src,cvu,0.913
zhen,24,0.01,dedup_cvl:mtme_REUSE-src,cvl,0.9005
zhen,24,0.01,dedup_cvq:mtme_REUSE-src,cvq,0.9075
zhen,24,0.01,dedup_cvu:mtme_REUSE-src,cvu,0.905
zhen,24,0.01,weighted_cvl:mtme_REUSE-src,cvl,0.915
zhen,24,0.01,weighted_cvq:mtme_REUSE-src,cvq,0.917
zhen,24,0.01,weighted_cvu:mtme_REUSE-src,cvu,0.9155
zhen,24,0.01,dedup_cvl:mtme_SEScore-refA,cvl,0.91
zhen,24,0.01,dedup_cvq:mtme_SEScore-refA,cvq,0.9075
zhen,24,0.01,dedup_cvu:mtme_SEScore-refA,cvu,0.9095
zhen,24,0.01,weighted_cvl:mtme_SEScore-refA,cvl,0.913
zhen,24,0.01,weighted_cvq:mtme_SEScore-refA,cvq,0.913
zhen,24,0.01,weighted_cvu:mtme_SEScore-refA,cvu,0.912
zhen,24,0.01,dedup_cvl:mtme_UniTE-ref-refA,cvl,0.9085
zhen,24,0.01,dedup_cvq:mtme_UniTE-ref-refA,cvq,0.9095
zhen,24,0.01,dedup_cvu:mtme_UniTE-ref-refA,cvu,0.9095
zhen,24,0.01,weighted_cvl:mtme_UniTE-ref-refA,cvl,0.9135
zhen,24,0.01,weighted_cvq:mtme_UniTE-ref-refA,cvq,0.911
zhen,24,0.01,weighted_cvu:mtme_UniTE-ref-refA,cvu,0.913
zhen,24,0.01,dedup_cvl:mtme_UniTE-refA,cvl,0.907
zhen,24,0.01,dedup_cvq:mtme_UniTE-refA,cvq,0.9015
zhen,24,0.01,dedup_cvu:mtme_UniTE-refA,cvu,0.91
zhen,24,0.01,weighted_cvl:mtme_UniTE-refA,cvl,0.9115
zhen,24,0.01,weighted_cvq:mtme_UniTE-refA,cvq,0.9085
zhen,24,0.01,weighted_cvu:mtme_UniTE-refA,cvu,0.9095
zhen,24,0.01,dedup_cvl:mtme_UniTE-src-src,cvl,0.9035
zhen,24,0.01,dedup_cvq:mtme_UniTE-src-src,cvq,0.9075
zhen,24,0.01,dedup_cvu:mtme_UniTE-src-src,cvu,0.9065
zhen,24,0.01,weighted_cvl:mtme_UniTE-src-src,cvl,0.9105
zhen,24,0.01,weighted_cvq:mtme_UniTE-src-src,cvq,0.9115
zhen,24,0.01,weighted_cvu:mtme_UniTE-src-src,cvu,0.9135
zhen,24,0.01,dedup_cvl:mtme_YiSi-1-refA,cvl,0.9075
zhen,24,0.01,dedup_cvq:mtme_YiSi-1-refA,cvq,0.9095
zhen,24,0.01,dedup_cvu:mtme_YiSi-1-refA,cvu,0.91
zhen,24,0.01,weighted_cvl:mtme_YiSi-1-refA,cvl,0.9125
zhen,24,0.01,weighted_cvq:mtme_YiSi-1-refA,cvq,0.913
zhen,24,0.01,weighted_cvu:mtme_YiSi-1-refA,cvu,0.914
zhen,24,0.01,dedup_cvl:mtme_chrF-refA,cvl,0.9075
zhen,24,0.01,dedup_cvq:mtme_chrF-refA,cvq,0.9105
zhen,24,0.01,dedup_cvu:mtme_chrF-refA,cvu,0.91
zhen,24,0.01,weighted_cvl:mtme_chrF-refA,cvl,0.9115
zhen,24,0.01,weighted_cvq:mtme_chrF-refA,cvq,0.913
zhen,24,0.01,weighted_cvu:mtme_chrF-refA,cvu,0.9145
zhen,24,0.01,dedup_cvl:mtme_f101spBLEU-refA,cvl,0.9045
zhen,24,0.01,dedup_cvq:mtme_f101spBLEU-refA,cvq,0.9085
zhen,24,0.01,dedup_cvu:mtme_f101spBLEU-refA,cvu,0.9095
zhen,24,0.01,weighted_cvl:mtme_f101spBLEU-refA,cvl,0.9125
zhen,24,0.01,weighted_cvq:mtme_f101spBLEU-refA,cvq,0.9155
zhen,24,0.01,weighted_cvu:mtme_f101spBLEU-refA,cvu,0.9125
zhen,24,0.01,dedup_cvl:mtme_f200spBLEU-refA,cvl,0.906
zhen,24,0.01,dedup_cvq:mtme_f200spBLEU-refA,cvq,0.909
zhen,24,0.01,dedup_cvu:mtme_f200spBLEU-refA,cvu,0.909
zhen,24,0.01,weighted_cvl:mtme_f200spBLEU-refA,cvl,0.911
zhen,24,0.01,weighted_cvq:mtme_f200spBLEU-refA,cvq,0.9155
zhen,24,0.01,weighted_cvu:mtme_f200spBLEU-refA,cvu,0.9145
zhen,24,0.01,dedup_cvl:mtme_metricx_xl_DA_2019-refA,cvl,0.9075
zhen,24,0.01,dedup_cvq:mtme_metricx_xl_DA_2019-refA,cvq,0.91
zhen,24,0.01,dedup_cvu:mtme_metricx_xl_DA_2019-refA,cvu,0.909
zhen,24,0.01,weighted_cvl:mtme_metricx_xl_DA_2019-refA,cvl,0.91
zhen,24,0.01,weighted_cvq:mtme_metricx_xl_DA_2019-refA,cvq,0.9125
zhen,24,0.01,weighted_cvu:mtme_metricx_xl_DA_2019-refA,cvu,0.915
zhen,24,0.01,dedup_cvl:mtme_metricx_xl_MQM_2020-refA,cvl,0.907
zhen,24,0.01,dedup_cvq:mtme_metricx_xl_MQM_2020-refA,cvq,0.9035
zhen,24,0.01,dedup_cvu:mtme_metricx_xl_MQM_2020-refA,cvu,0.9095
zhen,24,0.01,weighted_cvl:mtme_metricx_xl_MQM_2020-refA,cvl,0.9115
zhen,24,0.01,weighted_cvq:mtme_metricx_xl_MQM_2020-refA,cvq,0.9035
zhen,24,0.01,weighted_cvu:mtme_metricx_xl_MQM_2020-refA,cvu,0.9065
zhen,24,0.01,dedup_cvl:mtme_metricx_xxl_DA_2019-refA,cvl,0.9075
zhen,24,0.01,dedup_cvq:mtme_metricx_xxl_DA_2019-refA,cvq,0.9085
zhen,24,0.01,dedup_cvu:mtme_metricx_xxl_DA_2019-refA,cvu,0.909
zhen,24,0.01,weighted_cvl:mtme_metricx_xxl_DA_2019-refA,cvl,0.909
zhen,24,0.01,weighted_cvq:mtme_metricx_xxl_DA_2019-refA,cvq,0.9115
zhen,24,0.01,weighted_cvu:mtme_metricx_xxl_DA_2019-refA,cvu,0.912
zhen,24,0.01,dedup_cvl:mtme_metricx_xxl_MQM_2020-refA,cvl,0.91
zhen,24,0.01,dedup_cvq:mtme_metricx_xxl_MQM_2020-refA,cvq,0.908
zhen,24,0.01,dedup_cvu:mtme_metricx_xxl_MQM_2020-refA,cvu,0.907
zhen,24,0.01,weighted_cvl:mtme_metricx_xxl_MQM_2020-refA,cvl,0.9095
zhen,24,0.01,weighted_cvq:mtme_metricx_xxl_MQM_2020-refA,cvq,0.909
zhen,24,0.01,weighted_cvu:mtme_metricx_xxl_MQM_2020-refA,cvu,0.9125
zhen,24,0.01,weighted_cvo:mtme_BERTScore-refA,cvo,0.914
zhen,24,0.01,weighted_cvo:mtme_BLEU-refA,cvo,0.915
zhen,24,0.01,weighted_cvo:mtme_BLEURT-20-refA,cvo,0.9125
zhen,24,0.01,weighted_cvo:mtme_COMET-20-refA,cvo,0.914
zhen,24,0.01,weighted_cvo:mtme_COMET-22-refA,cvo,0.909
zhen,24,0.01,weighted_cvo:mtme_COMET-QE-src,cvo,0.9155
zhen,24,0.01,weighted_cvo:mtme_COMETKiwi-src,cvo,0.914
zhen,24,0.01,weighted_cvo:mtme_Cross-QE-src,cvo,0.9125
zhen,24,0.01,weighted_cvo:mtme_HWTSC-TLM-src,cvo,0.917
zhen,24,0.01,weighted_cvo:mtme_HWTSC-Teacher-Sim-src,cvo,0.9145
zhen,24,0.01,weighted_cvo:mtme_KG-BERTScore-src,cvo,0.917
zhen,24,0.01,weighted_cvo:mtme_MATESE-QE-src,cvo,0.914
zhen,24,0.01,weighted_cvo:mtme_MATESE-refA,cvo,0.915
zhen,24,0.01,weighted_cvo:mtme_MEE-refA,cvo,0.9135
zhen,24,0.01,weighted_cvo:mtme_MEE2-refA,cvo,0.915
zhen,24,0.01,weighted_cvo:mtme_MEE4-refA,cvo,0.915
zhen,24,0.01,weighted_cvo:mtme_MS-COMET-22-refA,cvo,0.911
zhen,24,0.01,weighted_cvo:mtme_MS-COMET-QE-22-src,cvo,0.917
zhen,24,0.01,weighted_cvo:mtme_REUSE-src,cvo,0.918
zhen,24,0.01,weighted_cvo:mtme_SEScore-refA,cvo,0.915
zhen,24,0.01,weighted_cvo:mtme_UniTE-ref-refA,cvo,0.909
zhen,24,0.01,weighted_cvo:mtme_UniTE-refA,cvo,0.9075
zhen,24,0.01,weighted_cvo:mtme_UniTE-src-src,cvo,0.9105
zhen,24,0.01,weighted_cvo:mtme_YiSi-1-refA,cvo,0.9145
zhen,24,0.01,weighted_cvo:mtme_chrF-refA,cvo,0.9135
zhen,24,0.01,weighted_cvo:mtme_f101spBLEU-refA,cvo,0.915
zhen,24,0.01,weighted_cvo:mtme_f200spBLEU-refA,cvo,0.915
zhen,24,0.01,weighted_cvo:mtme_metricx_xl_DA_2019-refA,cvo,0.9135
zhen,24,0.01,weighted_cvo:mtme_metricx_xl_MQM_2020-refA,cvo,0.9045
zhen,24,0.01,weighted_cvo:mtme_metricx_xxl_DA_2019-refA,cvo,0.91
zhen,24,0.01,weighted_cvo:mtme_metricx_xxl_MQM_2020-refA,cvo,0.908
zhen,24,0.02,uniform,human,0.892
zhen,24,0.02,dedup,human,0.8965
zhen,24,0.02,weighted,human,0.9075
zhen,24,0.02,dedup_cvl:mtme_BERTScore-refA,cvl,0.8975
zhen,24,0.02,dedup_cvq:mtme_BERTScore-refA,cvq,0.8905
zhen,24,0.02,dedup_cvu:mtme_BERTScore-refA,cvu,0.8935
zhen,24,0.02,weighted_cvl:mtme_BERTScore-refA,cvl,0.9075
zhen,24,0.02,weighted_cvq:mtme_BERTScore-refA,cvq,0.9075
zhen,24,0.02,weighted_cvu:mtme_BERTScore-refA,cvu,0.9105
zhen,24,0.02,dedup_cvl:mtme_BLEU-refA,cvl,0.897
zhen,24,0.02,dedup_cvq:mtme_BLEU-refA,cvq,0.8955
zhen,24,0.02,dedup_cvu:mtme_BLEU-refA,cvu,0.897
zhen,24,0.02,weighted_cvl:mtme_BLEU-refA,cvl,0.9075
zhen,24,0.02,weighted_cvq:mtme_BLEU-refA,cvq,0.904
zhen,24,0.02,weighted_cvu:mtme_BLEU-refA,cvu,0.906
zhen,24,0.02,dedup_cvl:mtme_BLEURT-20-refA,cvl,0.8945
zhen,24,0.02,dedup_cvq:mtme_BLEURT-20-refA,cvq,0.8945
zhen,24,0.02,dedup_cvu:mtme_BLEURT-20-refA,cvu,0.897
zhen,24,0.02,weighted_cvl:mtme_BLEURT-20-refA,cvl,0.91
zhen,24,0.02,weighted_cvq:mtme_BLEURT-20-refA,cvq,0.906
zhen,24,0.02,weighted_cvu:mtme_BLEURT-20-refA,cvu,0.905
zhen,24,0.02,dedup_cvl:mtme_COMET-20-refA,cvl,0.897
zhen,24,0.02,dedup_cvq:mtme_COMET-20-refA,cvq,0.8945
zhen,24,0.02,dedup_cvu:mtme_COMET-20-refA,cvu,0.898
zhen,24,0.02,weighted_cvl:mtme_COMET-20-refA,cvl,0.902
zhen,24,0.02,weighted_cvq:mtme_COMET-20-refA,cvq,0.901
zhen,24,0.02,weighted_cvu:mtme_COMET-20-refA,cvu,0.9045
zhen,24,0.02,dedup_cvl:mtme_COMET-22-refA,cvl,0.8935
zhen,24,0.02,dedup_cvq:mtme_COMET-22-refA,cvq,0.891
zhen,24,0.02,dedup_cvu:mtme_COMET-22-refA,cvu,0.895
zhen,24,0.02,weighted_cvl:mtme_COMET-22-refA,cvl,0.908
zhen,24,0.02,weighted_cvq:mtme_COMET-22-refA,cvq,0.9065
zhen,24,0.02,weighted_cvu:mtme_COMET-22-refA,cvu,0.906
zhen,24,0.02,dedup_cvl:mtme_COMET-QE-src,cvl,0.8965
zhen,24,0.02,dedup_cvq:mtme_COMET-QE-src,cvq,0.891
zhen,24,0.02,dedup_cvu:mtme_COMET-QE-src,cvu,0.8965
zhen,24,0.02,weighted_cvl:mtme_COMET-QE-src,cvl,0.907
zhen,24,0.02,weighted_cvq:mtme_COMET-QE-src,cvq,0.904
zhen,24,0.02,weighted_cvu:mtme_COMET-QE-src,cvu,0.905
zhen,24,0.02,dedup_cvl:mtme_COMETKiwi-src,cvl,0.897
zhen,24,0.02,dedup_cvq:mtme_COMETKiwi-src,cvq,0.8975
zhen,24,0.02,dedup_cvu:mtme_COMETKiwi-src,cvu,0.897
zhen,24,0.02,weighted_cvl:mtme_COMETKiwi-src,cvl,0.906
zhen,24,0.02,weighted_cvq:mtme_COMETKiwi-src,cvq,0.9055
zhen,24,0.02,weighted_cvu:mtme_COMETKiwi-src,cvu,0.904
zhen,24,0.02,dedup_cvl:mtme_Cross-QE-src,cvl,0.894
zhen,24,0.02,dedup_cvq:mtme_Cross-QE-src,cvq,0.8895
zhen,24,0.02,dedup_cvu:mtme_Cross-QE-src,cvu,0.8855
zhen,24,0.02,weighted_cvl:mtme_Cross-QE-src,cvl,0.9045
zhen,24,0.02,weighted_cvq:mtme_Cross-QE-src,cvq,0.898
zhen,24,0.02,weighted_cvu:mtme_Cross-QE-src,cvu,0.903
zhen,24,0.02,dedup_cvl:mtme_HWTSC-TLM-src,cvl,0.897
zhen,24,0.02,dedup_cvq:mtme_HWTSC-TLM-src,cvq,0.8945
zhen,24,0.02,dedup_cvu:mtme_HWTSC-TLM-src,cvu,0.896
zhen,24,0.02,weighted_cvl:mtme_HWTSC-TLM-src,cvl,0.9055
zhen,24,0.02,weighted_cvq:mtme_HWTSC-TLM-src,cvq,0.905
zhen,24,0.02,weighted_cvu:mtme_HWTSC-TLM-src,cvu,0.904
zhen,24,0.02,dedup_cvl:mtme_HWTSC-Teacher-Sim-src,cvl,0.9015
zhen,24,0.02,dedup_cvq:mtme_HWTSC-Teacher-Sim-src,cvq,0.8975
zhen,24,0.02,dedup_cvu:mtme_HWTSC-Teacher-Sim-src,cvu,0.899
zhen,24,0.02,weighted_cvl:mtme_HWTSC-Teacher-Sim-src,cvl,0.9095
zhen,24,0.02,weighted_cvq:mtme_HWTSC-Teacher-Sim-src,cvq,0.9075
zhen,24,0.02,weighted_cvu:mtme_HWTSC-Teacher-Sim-src,cvu,0.91
zhen,24,0.02,dedup_cvl:mtme_KG-BERTScore-src,cvl,0.8975
zhen,24,0.02,dedup_cvq:mtme_KG-BERTScore-src,cvq,0.895
zhen,24,0.02,dedup_cvu:mtme_KG-BERTScore-src,cvu,0.8975
zhen,24,0.02,weighted_cvl:mtme_KG-BERTScore-src,cvl,0.9055
zhen,24,0.02,weighted_cvq:mtme_KG-BERTScore-src,cvq,0.9015
zhen,24,0.02,weighted_cvu:mtme_KG-BERTScore-src,cvu,0.9045
zhen,24,0.02,dedup_cvl:mtme_MATESE-QE-src,cvl,0.902
zhen,24,0.02,dedup_cvq:mtme_MATESE-QE-src,cvq,0.8945
zhen,24,0.02,dedup_cvu:mtme_MATESE-QE-src,cvu,0.9005
zhen,24,0.02,weighted_cvl:mtme_MATESE-QE-src,cvl,0.91
zhen,24,0.02,weighted_cvq:mtme_MATESE-QE-src,cvq,0.9065
zhen,24,0.02,weighted_cvu:mtme_MATESE-QE-src,cvu,0.907
zhen,24,0.02,dedup_cvl:mtme_MATESE-refA,cvl,0.896
zhen,24,0.02,dedup_cvq:mtme_MATESE-refA,cvq,0.894
zhen,24,0.02,dedup_cvu:mtme_MATESE-refA,cvu,0.8935
zhen,24,0.02,weighted_cvl:mtme_MATESE-refA,cvl,0.906
zhen,24,0.02,weighted_cvq:mtme_MATESE-refA,cvq,0.9045
zhen,24,0.02,weighted_cvu:mtme_MATESE-refA,cvu,0.906
zhen,24,0.02,dedup_cvl:mtme_MEE-refA,cvl,0.8955
zhen,24,0.02,dedup_cvq:mtme_MEE-refA,cvq,0.894
zhen,24,0.02,dedup_cvu:mtme_MEE-refA,cvu,0.8965
zhen,24,0.02,weighted_cvl:mtme_MEE-refA,cvl,0.9145
zhen,24,0.02,weighted_cvq:mtme_MEE-refA,cvq,0.907
zhen,24,0.02,weighted_cvu:mtme_MEE-refA,cvu,0.911
zhen,24,0.02,dedup_cvl:mtme_MEE2-refA,cvl,0.899
zhen,24,0.02,dedup_cvq:mtme_MEE2-refA,cvq,0.895
zhen,24,0.02,dedup_cvu:mtme_MEE2-refA,cvu,0.8965
zhen,24,0.02,weighted_cvl:mtme_MEE2-refA,cvl,0.9105
zhen,24,0.02,weighted_cvq:mtme_MEE2-refA,cvq,0.9035
zhen,24,0.02,weighted_cvu:mtme_MEE2-refA,cvu,0.9085
zhen,24,0.02,dedup_cvl:mtme_MEE4-refA,cvl,0.8945
zhen,24,0.02,dedup_cvq:mtme_MEE4-refA,cvq,0.893
zhen,24,0.02,dedup_cvu:mtme_MEE4-refA,cvu,0.898
zhen,24,0.02,weighted_cvl:mtme_MEE4-refA,cvl,0.908
zhen,24,0.02,weighted_cvq:mtme_MEE4-refA,cvq,0.9045
zhen,24,0.02,weighted_cvu:mtme_MEE4-refA,cvu,0.9055
zhen,24,0.02,dedup_cvl:mtme_MS-COMET-22-refA,cvl,0.8995
zhen,24,0.02,dedup_cvq:mtme_MS-COMET-22-refA,cvq,0.893
zhen,24,0.02,dedup_cvu:mtme_MS-COMET-22-refA,cvu,0.8985
zhen,24,0.02,weighted_cvl:mtme_MS-COMET-22-refA,cvl,0.909
zhen,24,0.02,weighted_cvq:mtme_MS-COMET-22-refA,cvq,0.905
zhen,24,0.02,weighted_cvu:mtme_MS-COMET-22-refA,cvu,0.9085
zhen,24,0.02,dedup_cvl:mtme_MS-COMET-QE-22-src,cvl,0.895
zhen,24,0.02,dedup_cvq:mtme_MS-COMET-QE-22-src,cvq,0.8935
zhen,24,0.02,dedup_cvu:mtme_MS-COMET-QE-22-src,cvu,0.896
zhen,24,0.02,weighted_cvl:mtme_MS-COMET-QE-22-src,cvl,0.91
zhen,24,0.02,weighted_cvq:mtme_MS-COMET-QE-22-src,cvq,0.908
zhen,24,0.02,weighted_cvu:mtme_MS-COMET-QE-22-src,cvu,0.9095
zhen,24,0.02,dedup_cvl:mtme_REUSE-src,cvl,0.894
zhen,24,0.02,dedup_cvq:mtme_REUSE-src,cvq,0.8945
zhen,24,0.02,dedup_cvu:mtme_REUSE-src,cvu,0.8945
zhen,24,0.02,weighted_cvl:mtme_REUSE-src,cvl,0.9055
zhen,24,0.02,weighted_cvq:mtme_REUSE-src,cvq,0.9065
zhen,24,0.02,weighted_cvu:mtme_REUSE-src,cvu,0.9045
zhen,24,0.02,dedup_cvl:mtme_SEScore-refA,cvl,0.897
zhen,24,0.02,dedup_cvq:mtme_SEScore-refA,cvq,0.8955
zhen,24,0.02,dedup_cvu:mtme_SEScore-refA,cvu,0.896
zhen,24,0.02,weighted_cvl:mtme_SEScore-refA,cvl,0.909
zhen,24,0.02,weighted_cvq:mtme_SEScore-refA,cvq,0.907
zhen,24,0.02,weighted_cvu:mtme_SEScore-refA,cvu,0.9085
zhen,24,0.02,dedup_cvl:mtme_UniTE-ref-refA,cvl,0.892
zhen,24,0.02,dedup_cvq:mtme_UniTE-ref-refA,cvq,0.8925
zhen,24,0.02,dedup_cvu:mtme_UniTE-ref-refA,cvu,0.8945
zhen,24,0.02,weighted_cvl:mtme_UniTE-ref-refA,cvl,0.905
zhen,24,0.02,weighted_cvq:mtme_UniTE-ref-refA,cvq,0.906
zhen,24,0.02,weighted_cvu:mtme_UniTE-ref-refA,cvu,0.9065
zhen,24,0.02,dedup_cvl:mtme_UniTE-refA,cvl,0.8915
zhen,24,0.02,dedup_cvq:mtme_UniTE-refA,cvq,0.891
zhen,24,0.02,dedup_cvu:mtme_UniTE-refA,cvu,0.8955
zhen,24,0.02,weighted_cvl:mtme_UniTE-refA,cvl,0.9045
zhen,24,0.02,weighted_cvq:mtme_UniTE-refA,cvq,0.9075
zhen,24,0.02,weighted_cvu:mtme_UniTE-refA,cvu,0.908
zhen,24,0.02,dedup_cvl:mtme_UniTE-src-src,cvl,0.897
zhen,24,0.02,dedup_cvq:mtme_UniTE-src-src,cvq,0.8925
zhen,24,0.02,dedup_cvu:mtme_UniTE-src-src,cvu,0.8945
zhen,24,0.02,weighted_cvl:mtme_UniTE-src-src,cvl,0.9055
zhen,24,0.02,weighted_cvq:mtme_UniTE-src-src,cvq,0.9055
zhen,24,0.02,weighted_cvu:mtme_UniTE-src-src,cvu,0.903
zhen,24,0.02,dedup_cvl:mtme_YiSi-1-refA,cvl,0.898
zhen,24,0.02,dedup_cvq:mtme_YiSi-1-refA,cvq,0.8925
zhen,24,0.02,dedup_cvu:mtme_YiSi-1-refA,cvu,0.8965
zhen,24,0.02,weighted_cvl:mtme_YiSi-1-refA,cvl,0.903
zhen,24,0.02,weighted_cvq:mtme_YiSi-1-refA,cvq,0.9055
zhen,24,0.02,weighted_cvu:mtme_YiSi-1-refA,cvu,0.905
zhen,24,0.02,dedup_cvl:mtme_chrF-refA,cvl,0.901
zhen,24,0.02,dedup_cvq:mtme_chrF-refA,cvq,0.892
zhen,24,0.02,dedup_cvu:mtme_chrF-refA,cvu,0.897
zhen,24,0.02,weighted_cvl:mtme_chrF-refA,cvl,0.9125
zhen,24,0.02,weighted_cvq:mtme_chrF-refA,cvq,0.906
zhen,24,0.02,weighted_cvu:mtme_chrF-refA,cvu,0.907
zhen,24,0.02,dedup_cvl:mtme_f101spBLEU-refA,cvl,0.9
zhen,24,0.02,dedup_cvq:mtme_f101spBLEU-refA,cvq,0.895
zhen,24,0.02,dedup_cvu:mtme_f101spBLEU-refA,cvu,0.8995
zhen,24,0.02,weighted_cvl:mtme_f101spBLEU-refA,cvl,0.909
zhen,24,0.02,weighted_cvq:mtme_f101spBLEU-refA,cvq,0.906
zhen,24,0.02,weighted_cvu:mtme_f101spBLEU-refA,cvu,0.9065
zhen,24,0.02,dedup_cvl:mtme_f200spBLEU-refA,cvl,0.8995
zhen,24,0.02,dedup_cvq:mtme_f200spBLEU-refA,cvq,0.8955
zhen,24,0.02,dedup_cvu:mtme_f200spBLEU-refA,cvu,0.8995
zhen,24,0.02,weighted_cvl:mtme_f200spBLEU-refA,cvl,0.909
zhen,24,0.02,weighted_cvq:mtme_f200spBLEU-refA,cvq,0.9085
zhen,24,0.02,weighted_cvu:mtme_f200spBLEU-refA,cvu,0.907
zhen,24,0.02,dedup_cvl:mtme_metricx_xl_DA_2019-refA,cvl,0.8955
zhen,24,0.02,dedup_cvq:mtme_metricx_xl_DA_2019-refA,cvq,0.894
zhen,24,0.02,dedup_cvu:mtme_metricx_xl_DA_2019-refA,cvu,0.8965
zhen,24,0.02,weighted_cvl:mtme_metricx_xl_DA_2019-refA,cvl,0.9065
zhen,24,0.02,weighted_cvq:mtme_metricx_xl_DA_2019-refA,cvq,0.9015
zhen,24,0.02,weighted_cvu:mtme_metricx_xl_DA_2019-refA,cvu,0.9005
zhen,24,0.02,dedup_cvl:mtme_metricx_xl_MQM_2020-refA,cvl,0.892
zhen,24,0.02,dedup_cvq:mtme_metricx_xl_MQM_2020-refA,cvq,0.89
zhen,24,0.02,dedup_cvu:mtme_metricx_xl_MQM_2020-refA,cvu,0.8925
zhen,24,0.02,weighted_cvl:mtme_metricx_xl_MQM_2020-refA,cvl,0.905
zhen,24,0.02,weighted_cvq:mtme_metricx_xl_MQM_2020-refA,cvq,0.903
zhen,24,0.02,weighted_cvu:mtme_metricx_xl_MQM_2020-refA,cvu,0.905
zhen,24,0.02,dedup_cvl:mtme_metricx_xxl_DA_2019-refA,cvl,0.899
zhen,24,0.02,dedup_cvq:mtme_metricx_xxl_DA_2019-refA,cvq,0.894
zhen,24,0.02,dedup_cvu:mtme_metricx_xxl_DA_2019-refA,cvu,0.8975
zhen,24,0.02,weighted_cvl:mtme_metricx_xxl_DA_2019-refA,cvl,0.9065
zhen,24,0.02,weighted_cvq:mtme_metricx_xxl_DA_2019-refA,cvq,0.901
zhen,24,0.02,weighted_cvu:mtme_metricx_xxl_DA_2019-refA,cvu,0.903
zhen,24,0.02,dedup_cvl:mtme_metricx_xxl_MQM_2020-refA,cvl,0.893
zhen,24,0.02,dedup_cvq:mtme_metricx_xxl_MQM_2020-refA,cvq,0.8935
zhen,24,0.02,dedup_cvu:mtme_metricx_xxl_MQM_2020-refA,cvu,0.895
zhen,24,0.02,weighted_cvl:mtme_metricx_xxl_MQM_2020-refA,cvl,0.9065
zhen,24,0.02,weighted_cvq:mtme_metricx_xxl_MQM_2020-refA,cvq,0.906
zhen,24,0.02,weighted_cvu:mtme_metricx_xxl_MQM_2020-refA,cvu,0.9045
zhen,24,0.02,weighted_cvo:mtme_BERTScore-refA,cvo,0.906
zhen,24,0.02,weighted_cvo:mtme_BLEU-refA,cvo,0.907
zhen,24,0.02,weighted_cvo:mtme_BLEURT-20-refA,cvo,0.907
zhen,24,0.02,weighted_cvo:mtme_COMET-20-refA,cvo,0.9035
zhen,24,0.02,weighted_cvo:mtme_COMET-22-refA,cvo,0.9045
zhen,24,0.02,weighted_cvo:mtme_COMET-QE-src,cvo,0.9055
zhen,24,0.02,weighted_cvo:mtme_COMETKiwi-src,cvo,0.9105
zhen,24,0.02,weighted_cvo:mtme_Cross-QE-src,cvo,0.9055
zhen,24,0.02,weighted_cvo:mtme_HWTSC-TLM-src,cvo,0.9085
zhen,24,0.02,weighted_cvo:mtme_HWTSC-Teacher-Sim-src,cvo,0.9095
zhen,24,0.02,weighted_cvo:mtme_KG-BERTScore-src,cvo,0.904
zhen,24,0.02,weighted_cvo:mtme_MATESE-QE-src,cvo,0.9045
zhen,24,0.02,weighted_cvo:mtme_MATESE-refA,cvo,0.908
zhen,24,0.02,weighted_cvo:mtme_MEE-refA,cvo,0.9055
zhen,24,0.02,weighted_cvo:mtme_MEE2-refA,cvo,0.902
zhen,24,0.02,weighted_cvo:mtme_MEE4-refA,cvo,0.9065
zhen,24,0.02,weighted_cvo:mtme_MS-COMET-22-refA,cvo,0.906
zhen,24,0.02,weighted_cvo:mtme_MS-COMET-QE-22-src,cvo,0.9085
zhen,24,0.02,weighted_cvo:mtme_REUSE-src,cvo,0.9095
zhen,24,0.02,weighted_cvo:mtme_SEScore-refA,cvo,0.909
zhen,24,0.02,weighted_cvo:mtme_UniTE-ref-refA,cvo,0.906
zhen,24,0.02,weighted_cvo:mtme_UniTE-refA,cvo,0.9065
zhen,24,0.02,weighted_cvo:mtme_UniTE-src-src,cvo,0.9095
zhen,24,0.02,weighted_cvo:mtme_YiSi-1-refA,cvo,0.907
zhen,24,0.02,weighted_cvo:mtme_chrF-refA,cvo,0.9075
zhen,24,0.02,weighted_cvo:mtme_f101spBLEU-refA,cvo,0.9075
zhen,24,0.02,weighted_cvo:mtme_f200spBLEU-refA,cvo,0.908
zhen,24,0.02,weighted_cvo:mtme_metricx_xl_DA_2019-refA,cvo,0.9005
zhen,24,0.02,weighted_cvo:mtme_metricx_xl_MQM_2020-refA,cvo,0.9015
zhen,24,0.02,weighted_cvo:mtme_metricx_xxl_DA_2019-refA,cvo,0.9015
zhen,24,0.02,weighted_cvo:mtme_metricx_xxl_MQM_2020-refA,cvo,0.9035
zhen,25,0.01,uniform,human,0.897
zhen,25,0.01,dedup,human,0.906
zhen,25,0.01,weighted,human,0.912
zhen,25,0.01,dedup_cvl:mtme_BERTScore-refA,cvl,0.9075
zhen,25,0.01,dedup_cvq:mtme_BERTScore-refA,cvq,0.9035
zhen,25,0.01,dedup_cvu:mtme_BERTScore-refA,cvu,0.906
zhen,25,0.01,weighted_cvl:mtme_BERTScore-refA,cvl,0.91
zhen,25,0.01,weighted_cvq:mtme_BERTScore-refA,cvq,0.899
zhen,25,0.01,weighted_cvu:mtme_BERTScore-refA,cvu,0.899
zhen,25,0.01,dedup_cvl:mtme_BLEU-refA,cvl,0.9095
zhen,25,0.01,dedup_cvq:mtme_BLEU-refA,cvq,0.906
zhen,25,0.01,dedup_cvu:mtme_BLEU-refA,cvu,0.908
zhen,25,0.01,weighted_cvl:mtme_BLEU-refA,cvl,0.912
zhen,25,0.01,weighted_cvq:mtme_BLEU-refA,cvq,0.9105
zhen,25,0.01,weighted_cvu:mtme_BLEU-refA,cvu,0.912
zhen,25,0.01,dedup_cvl:mtme_BLEURT-20-refA,cvl,0.9075
zhen,25,0.01,dedup_cvq:mtme_BLEURT-20-refA,cvq,0.9015
zhen,25,0.01,dedup_cvu:mtme_BLEURT-20-refA,cvu,0.906
zhen,25,0.01,weighted_cvl:mtme_BLEURT-20-refA,cvl,0.9155
zhen,25,0.01,weighted_cvq:mtme_BLEURT-20-refA,cvq,0.9005
zhen,25,0.01,weighted_cvu:mtme_BLEURT-20-refA,cvu,0.913
zhen,25,0.01,dedup_cvl:mtme_COMET-20-refA,cvl,0.9125
zhen,25,0.01,dedup_cvq:mtme_COMET-20-refA,cvq,0.9065
zhen,25,0.01,dedup_cvu:mtme_COMET-20-refA,cvu,0.905
zhen,25,0.01,weighted_cvl:mtme_COMET-20-refA,cvl,0.9145
zhen,25,0.01,weighted_cvq:mtme_COMET-20-refA,cvq,0.9
zhen,25,0.01,weighted_cvu:mtme_COMET-20-refA,cvu,0.9105
zhen,25,0.01,dedup_cvl:mtme_COMET-22-refA,cvl,0.908
zhen,25,0.01,dedup_cvq:mtme_COMET-22-refA,cvq,0.904
zhen,25,0.01,dedup_cvu:mtme_COMET-22-refA,cvu,0.907
zhen,25,0.01,weighted_cvl:mtme_COMET-22-refA,cvl,0.912
zhen,25,0.01,weighted_cvq:mtme_COMET-22-refA,cvq,0.8995
zhen,25,0.01,weighted_cvu:mtme_COMET-22-refA,cvu,0.8995
zhen,25,0.01,dedup_cvl:mtme_COMET-QE-src,cvl,0.9055
zhen,25,0.01,dedup_cvq:mtme_COMET-QE-src,cvq,0.904
zhen,25,0.01,dedup_cvu:mtme_COMET-QE-src,cvu,0.9015
zhen,25,0.01,weighted_cvl:mtme_COMET-QE-src,cvl,0.912
zhen,25,0.01,weighted_cvq:mtme_COMET-QE-src,cvq,0.9135
zhen,25,0.01,weighted_cvu:mtme_COMET-QE-src,cvu,0.9125
zhen,25,0.01,dedup_cvl:mtme_COMETKiwi-src,cvl,0.9095
zhen,25,0.01,dedup_cvq:mtme_COMETKiwi-src,cvq,0.9025
zhen,25,0.01,dedup_cvu:mtme_COMETKiwi-src,cvu,0.9055
zhen,25,0.01,weighted_cvl:mtme_COMETKiwi-src,cvl,0.913
zhen,25,0.01,weighted_cvq:mtme_COMETKiwi-src,cvq,0.899
zhen,25,0.01,weighted_cvu:mtme_COMETKiwi-src,cvu,0.9115
zhen,25,0.01,dedup_cvl:mtme_Cross-QE-src,cvl,0.905
zhen,25,0.01,dedup_cvq:mtme_Cross-QE-src,cvq,0.907
zhen,25,0.01,dedup_cvu:mtme_Cross-QE-src,cvu,0.9075
zhen,25,0.01,weighted_cvl:mtme_Cross-QE-src,cvl,0.919
zhen,25,0.01,weighted_cvq:mtme_Cross-QE-src,cvq,0.9005
zhen,25,0.01,weighted_cvu:mtme_Cross-QE-src,cvu,0.9165
zhen,25,0.01,dedup_cvl:mtme_HWTSC-TLM-src,cvl,0.908
zhen,25,0.01,dedup_cvq:mtme_HWTSC-TLM-src,cvq,0.906
zhen,25,0.01,dedup_cvu:mtme_HWTSC-TLM-src,cvu,0.907
zhen,25,0.01,weighted_cvl:mtme_HWTSC-TLM-src,cvl,0.913
zhen,25,0.01,weighted_cvq:mtme_HWTSC-TLM-src,cvq,0.9115
zhen,25,0.01,weighted_cvu:mtme_HWTSC-TLM-src,cvu,0.9125
zhen,25,0.01,dedup_cvl:mtme_HWTSC-Teacher-Sim-src,cvl,0.9055
zhen,25,0.01,dedup_cvq:mtme_HWTSC-Teacher-Sim-src,cvq,0.9095
zhen,25,0.01,dedup_cvu:mtme_HWTSC-Teacher-Sim-src,cvu,0.912
zhen,25,0.01,weighted_cvl:mtme_HWTSC-Teacher-Sim-src,cvl,0.914
zhen,25,0.01,weighted_cvq:mtme_HWTSC-Teacher-Sim-src,cvq,0.9125
zhen,25,0.01,weighted_cvu:mtme_HWTSC-Teacher-Sim-src,cvu,0.9145
zhen,25,0.01,dedup_cvl:mtme_KG-BERTScore-src,cvl,0.906
zhen,25,0.01,dedup_cvq:mtme_KG-BERTScore-src,cvq,0.9075
zhen,25,0.01,dedup_cvu:mtme_KG-BERTScore-src,cvu,0.908
zhen,25,0.01,weighted_cvl:mtme_KG-BERTScore-src,cvl,0.911
zhen,25,0.01,weighted_cvq:mtme_KG-BERTScore-src,cvq,0.9145
zhen,25,0.01,weighted_cvu:mtme_KG-BERTScore-src,cvu,0.9165
zhen,25,0.01,dedup_cvl:mtme_MATESE-QE-src,cvl,0.905
zhen,25,0.01,dedup_cvq:mtme_MATESE-QE-src,cvq,0.905
zhen,25,0.01,dedup_cvu:mtme_MATESE-QE-src,cvu,0.908
zhen,25,0.01,weighted_cvl:mtme_MATESE-QE-src,cvl,0.9145
zhen,25,0.01,weighted_cvq:mtme_MATESE-QE-src,cvq,0.914
zhen,25,0.01,weighted_cvu:mtme_MATESE-QE-src,cvu,0.9135
zhen,25,0.01,dedup_cvl:mtme_MATESE-refA,cvl,0.9055
zhen,25,0.01,dedup_cvq:mtme_MATESE-refA,cvq,0.905
zhen,25,0.01,dedup_cvu:mtme_MATESE-refA,cvu,0.9055
zhen,25,0.01,weighted_cvl:mtme_MATESE-refA,cvl,0.9035
zhen,25,0.01,weighted_cvq:mtme_MATESE-refA,cvq,0.8995
zhen,25,0.01,weighted_cvu:mtme_MATESE-refA,cvu,0.9015
zhen,25,0.01,dedup_cvl:mtme_MEE-refA,cvl,0.907
zhen,25,0.01,dedup_cvq:mtme_MEE-refA,cvq,0.9045
zhen,25,0.01,dedup_cvu:mtme_MEE-refA,cvu,0.9085
zhen,25,0.01,weighted_cvl:mtme_MEE-refA,cvl,0.9135
zhen,25,0.01,weighted_cvq:mtme_MEE-refA,cvq,0.91
zhen,25,0.01,weighted_cvu:mtme_MEE-refA,cvu,0.9125
zhen,25,0.01,dedup_cvl:mtme_MEE2-refA,cvl,0.911
zhen,25,0.01,dedup_cvq:mtme_MEE2-refA,cvq,0.907
zhen,25,0.01,dedup_cvu:mtme_MEE2-refA,cvu,0.909
zhen,25,0.01,weighted_cvl:mtme_MEE2-refA,cvl,0.9135
zhen,25,0.01,weighted_cvq:mtme_MEE2-refA,cvq,0.9115
zhen,25,0.01,weighted_cvu:mtme_MEE2-refA,cvu,0.9135
zhen,25,0.01,dedup_cvl:mtme_MEE4-refA,cvl,0.9075
zhen,25,0.01,dedup_cvq:mtme_MEE4-refA,cvq,0.9095
zhen,25,0.01,dedup_cvu:mtme_MEE4-refA,cvu,0.909
zhen,25,0.01,weighted_cvl:mtme_MEE4-refA,cvl,0.9155
zhen,25,0.01,weighted_cvq:mtme_MEE4-refA,cvq,0.9125
zhen,25,0.01,weighted_cvu:mtme_MEE4-refA,cvu,0.9145
zhen,25,0.01,dedup_cvl:mtme_MS-COMET-22-refA,cvl,0.9055
zhen,25,0.01,dedup_cvq:mtme_MS-COMET-22-refA,cvq,0.9035
zhen,25,0.01,dedup_cvu:mtme_MS-COMET-22-refA,cvu,0.9025
zhen,25,0.01,weighted_cvl:mtme_MS-COMET-22-refA,cvl,0.9145
zhen,25,0.01,weighted_cvq:mtme_MS-COMET-22-refA,cvq,0.9005
zhen,25,0.01,weighted_cvu:mtme_MS-COMET-22-refA,cvu,0.9005
zhen,25,0.01,dedup_cvl:mtme_MS-COMET-QE-22-src,cvl,0.9085
zhen,25,0.01,dedup_cvq:mtme_MS-COMET-QE-22-src,cvq,0.9055
zhen,25,0.01,dedup_cvu:mtme_MS-COMET-QE-22-src,cvu,0.9105
zhen,25,0.01,weighted_cvl:mtme_MS-COMET-QE-22-src,cvl,0.914
zhen,25,0.01,weighted_cvq:mtme_MS-COMET-QE-22-src,cvq,0.896
zhen,25,0.01,weighted_cvu:mtme_MS-COMET-QE-22-src,cvu,0.9005
zhen,25,0.01,dedup_cvl:mtme_REUSE-src,cvl,0.905
zhen,25,0.01,dedup_cvq:mtme_REUSE-src,cvq,0.9045
zhen,25,0.01,dedup_cvu:mtme_REUSE-src,cvu,0.905
zhen,25,0.01,weighted_cvl:mtme_REUSE-src,cvl,0.911
zhen,25,0.01,weighted_cvq:mtme_REUSE-src,cvq,0.9135
zhen,25,0.01,weighted_cvu:mtme_REUSE-src,cvu,0.898
zhen,25,0.01,dedup_cvl:mtme_SEScore-refA,cvl,0.903
zhen,25,0.01,dedup_cvq:mtme_SEScore-refA,cvq,0.9015
zhen,25,0.01,dedup_cvu:mtme_SEScore-refA,cvu,0.901
zhen,25,0.01,weighted_cvl:mtme_SEScore-refA,cvl,0.9145
zhen,25,0.01,weighted_cvq:mtme_SEScore-refA,cvq,0.899
zhen,25,0.01,weighted_cvu:mtme_SEScore-refA,cvu,0.898
zhen,25,0.01,dedup_cvl:mtme_UniTE-ref-refA,cvl,0.907
zhen,25,0.01,dedup_cvq:mtme_UniTE-ref-refA,cvq,0.9045
zhen,25,0.01,dedup_cvu:mtme_UniTE-ref-refA,cvu,0.9045
zhen,25,0.01,weighted_cvl:mtme_UniTE-ref-refA,cvl,0.915
zhen,25,0.01,weighted_cvq:mtme_UniTE-ref-refA,cvq,0.902
zhen,25,0.01,weighted_cvu:mtme_UniTE-ref-refA,cvu,0.902
zhen,25,0.01,dedup_cvl:mtme_UniTE-refA,cvl,0.907
zhen,25,0.01,dedup_cvq:mtme_UniTE-refA,cvq,0.903
zhen,25,0.01,dedup_cvu:mtme_UniTE-refA,cvu,0.9045
zhen,25,0.01,weighted_cvl:mtme_UniTE-refA,cvl,0.9135
zhen,25,0.01,weighted_cvq:mtme_UniTE-refA,cvq,0.9035
zhen,25,0.01,weighted_cvu:mtme_UniTE-refA,cvu,0.9025
zhen,25,0.01,dedup_cvl:mtme_UniTE-src-src,cvl,0.907
zhen,25,0.01,dedup_cvq:mtme_UniTE-src-src,cvq,0.9
zhen,25,0.01,dedup_cvu:mtme_UniTE-src-src,cvu,0.9035
zhen,25,0.01,weighted_cvl:mtme_UniTE-src-src,cvl,0.9165
zhen,25,0.01,weighted_cvq:mtme_UniTE-src-src,cvq,0.9005
zhen,25,0.01,weighted_cvu:mtme_UniTE-src-src,cvu,0.916
zhen,25,0.01,dedup_cvl:mtme_YiSi-1-refA,cvl,0.9075
zhen,25,0.01,dedup_cvq:mtme_YiSi-1-refA,cvq,0.905
zhen,25,0.01,dedup_cvu:mtme_YiSi-1-refA,cvu,0.906
zhen,25,0.01,weighted_cvl:mtme_YiSi-1-refA,cvl,0.91
zhen,25,0.01,weighted_cvq:mtme_YiSi-1-refA,cvq,0.897
zhen,25,0.01,weighted_cvu:mtme_YiSi-1-refA,cvu,0.902
zhen,25,0.01,dedup_cvl:mtme_chrF-refA,cvl,0.9015
zhen,25,0.01,dedup_cvq:mtme_chrF-refA,cvq,0.907
zhen,25,0.01,dedup_cvu:mtme_chrF-refA,cvu,0.909
zhen,25,0.01,weighted_cvl:mtme_chrF-refA,cvl,0.9105
zhen,25,0.01,weighted_cvq:mtme_chrF-refA,cvq,0.908
zhen,25,0.01,weighted_cvu:mtme_chrF-refA,cvu,0.91
zhen,25,0.01,dedup_cvl:mtme_f101spBLEU-refA,cvl,0.9075
zhen,25,0.01,dedup_cvq:mtme_f101spBLEU-refA,cvq,0.9045
zhen,25,0.01,dedup_cvu:mtme_f101spBLEU-refA,cvu,0.9075
zhen,25,0.01,weighted_cvl:mtme_f101spBLEU-refA,cvl,0.9145
zhen,25,0.01,weighted_cvq:mtme_f101spBLEU-refA,cvq,0.9105
zhen,25,0.01,weighted_cvu:mtme_f101spBLEU-refA,cvu,0.9125
zhen,25,0.01,dedup_cvl:mtme_f200spBLEU-refA,cvl,0.907
zhen,25,0.01,dedup_cvq:mtme_f200spBLEU-refA,cvq,0.905
zhen,25,0.01,dedup_cvu:mtme_f200spBLEU-refA,cvu,0.9065
zhen,25,0.01,weighted_cvl:mtme_f200spBLEU-refA,cvl,0.9125
zhen,25,0.01,weighted_cvq:mtme_f200spBLEU-refA,cvq,0.91
zhen,25,0.01,weighted_cvu:mtme_f200spBLEU-refA,cvu,0.913
zhen,25,0.01,dedup_cvl:mtme_metricx_xl_DA_2019-refA,cvl,0.906
zhen,25,0.01,dedup_cvq:mtme_metricx_xl_DA_2019-refA,cvq,0.9075
zhen,25,0.01,dedup_cvu:mtme_metricx_xl_DA_2019-refA,cvu,0.907
zhen,25,0.01,weighted_cvl:mtme_metricx_xl_DA_2019-refA,cvl,0.916
zhen,25,0.01,weighted_cvq:mtme_metricx_xl_DA_2019-refA,cvq,0.8985
zhen,25,0.01,weighted_cvu:mtme_metricx_xl_DA_2019-refA,cvu,0.9135
zhen,25,0.01,dedup_cvl:mtme_metricx_xl_MQM_2020-refA,cvl,0.9035
zhen,25,0.01,dedup_cvq:mtme_metricx_xl_MQM_2020-refA,cvq,0.9055
zhen,25,0.01,dedup_cvu:mtme_metricx_xl_MQM_2020-refA,cvu,0.9035
zhen,25,0.01,weighted_cvl:mtme_metricx_xl_MQM_2020-refA,cvl,0.9155
zhen,25,0.01,weighted_cvq:mtme_metricx_xl_MQM_2020-refA,cvq,0.9
zhen,25,0.01,weighted_cvu:mtme_metricx_xl_MQM_2020-refA,cvu,0.9005
zhen,25,0.01,dedup_cvl:mtme_metricx_xxl_DA_2019-refA,cvl,0.903
zhen,25,0.01,dedup_cvq:mtme_metricx_xxl_DA_2019-refA,cvq,0.9035
zhen,25,0.01,dedup_cvu:mtme_metricx_xxl_DA_2019-refA,cvu,0.9025
zhen,25,0.01,weighted_cvl:mtme_metricx_xxl_DA_2019-refA,cvl,0.915
zhen,25,0.01,weighted_cvq:mtme_metricx_xxl_DA_2019-refA,cvq,0.915
zhen,25,0.01,weighted_cvu:mtme_metricx_xxl_DA_2019-refA,cvu,0.9125
zhen,25,0.01,dedup_cvl:mtme_metricx_xxl_MQM_2020-refA,cvl,0.9025
zhen,25,0.01,dedup_cvq:mtme_metricx_xxl_MQM_2020-refA,cvq,0.9015
zhen,25,0.01,dedup_cvu:mtme_metricx_xxl_MQM_2020-refA,cvu,0.9035
zhen,25,0.01,weighted_cvl:mtme_metricx_xxl_MQM_2020-refA,cvl,0.916
zhen,25,0.01,weighted_cvq:mtme_metricx_xxl_MQM_2020-refA,cvq,0.903
zhen,25,0.01,weighted_cvu:mtme_metricx_xxl_MQM_2020-refA,cvu,0.9145
zhen,25,0.01,weighted_cvo:mtme_BERTScore-refA,cvo,0.901
zhen,25,0.01,weighted_cvo:mtme_BLEU-refA,cvo,0.912
zhen,25,0.01,weighted_cvo:mtme_BLEURT-20-refA,cvo,0.9025
zhen,25,0.01,weighted_cvo:mtme_COMET-20-refA,cvo,0.901
zhen,25,0.01,weighted_cvo:mtme_COMET-22-refA,cvo,0.9005
zhen,25,0.01,weighted_cvo:mtme_COMET-QE-src,cvo,0.9145
zhen,25,0.01,weighted_cvo:mtme_COMETKiwi-src,cvo,0.901
zhen,25,0.01,weighted_cvo:mtme_Cross-QE-src,cvo,0.9
zhen,25,0.01,weighted_cvo:mtme_HWTSC-TLM-src,cvo,0.9115
zhen,25,0.01,weighted_cvo:mtme_HWTSC-Teacher-Sim-src,cvo,0.9115
zhen,25,0.01,weighted_cvo:mtme_KG-BERTScore-src,cvo,0.9145
zhen,25,0.01,weighted_cvo:mtme_MATESE-QE-src,cvo,0.9145
zhen,25,0.01,weighted_cvo:mtme_MATESE-refA,cvo,0.902
zhen,25,0.01,weighted_cvo:mtme_MEE-refA,cvo,0.9125
zhen,25,0.01,weighted_cvo:mtme_MEE2-refA,cvo,0.9125
zhen,25,0.01,weighted_cvo:mtme_MEE4-refA,cvo,0.9155
zhen,25,0.01,weighted_cvo:mtme_MS-COMET-22-refA,cvo,0.9005
zhen,25,0.01,weighted_cvo:mtme_MS-COMET-QE-22-src,cvo,0.911
zhen,25,0.01,weighted_cvo:mtme_REUSE-src,cvo,0.9125
zhen,25,0.01,weighted_cvo:mtme_SEScore-refA,cvo,0.8995
zhen,25,0.01,weighted_cvo:mtme_UniTE-ref-refA,cvo,0.9
zhen,25,0.01,weighted_cvo:mtme_UniTE-refA,cvo,0.901
zhen,25,0.01,weighted_cvo:mtme_UniTE-src-src,cvo,0.8995
zhen,25,0.01,weighted_cvo:mtme_YiSi-1-refA,cvo,0.916
zhen,25,0.01,weighted_cvo:mtme_chrF-refA,cvo,0.9125
zhen,25,0.01,weighted_cvo:mtme_f101spBLEU-refA,cvo,0.911
zhen,25,0.01,weighted_cvo:mtme_f200spBLEU-refA,cvo,0.9105
zhen,25,0.01,weighted_cvo:mtme_metricx_xl_DA_2019-refA,cvo,0.9015
zhen,25,0.01,weighted_cvo:mtme_metricx_xl_MQM_2020-refA,cvo,0.899
zhen,25,0.01,weighted_cvo:mtme_metricx_xxl_DA_2019-refA,cvo,0.8935
zhen,25,0.01,weighted_cvo:mtme_metricx_xxl_MQM_2020-refA,cvo,0.9
zhen,25,0.02,uniform,human,0.897
zhen,25,0.02,dedup,human,0.8935
zhen,25,0.02,weighted,human,0.9
zhen,25,0.02,dedup_cvl:mtme_BERTScore-refA,cvl,0.895
zhen,25,0.02,dedup_cvq:mtme_BERTScore-refA,cvq,0.895
zhen,25,0.02,dedup_cvu:mtme_BERTScore-refA,cvu,0.8935
zhen,25,0.02,weighted_cvl:mtme_BERTScore-refA,cvl,0.9025
zhen,25,0.02,weighted_cvq:mtme_BERTScore-refA,cvq,0.9015
zhen,25,0.02,weighted_cvu:mtme_BERTScore-refA,cvu,0.9025
zhen,25,0.02,dedup_cvl:mtme_BLEU-refA,cvl,0.8955
zhen,25,0.02,dedup_cvq:mtme_BLEU-refA,cvq,0.896
zhen,25,0.02,dedup_cvu:mtme_BLEU-refA,cvu,0.897
zhen,25,0.02,weighted_cvl:mtme_BLEU-refA,cvl,0.9
zhen,25,0.02,weighted_cvq:mtme_BLEU-refA,cvq,0.9035
zhen,25,0.02,weighted_cvu:mtme_BLEU-refA,cvu,0.9025
zhen,25,0.02,dedup_cvl:mtme_BLEURT-20-refA,cvl,0.8945
zhen,25,0.02,dedup_cvq:mtme_BLEURT-20-refA,cvq,0.8865
zhen,25,0.02,dedup_cvu:mtme_BLEURT-20-refA,cvu,0.889
zhen,25,0.02,weighted_cvl:mtme_BLEURT-20-refA,cvl,0.9025
zhen,25,0.02,weighted_cvq:mtme_BLEURT-20-refA,cvq,0.9015
zhen,25,0.02,weighted_cvu:mtme_BLEURT-20-refA,cvu,0.902
zhen,25,0.02,dedup_cvl:mtme_COMET-20-refA,cvl,0.897
zhen,25,0.02,dedup_cvq:mtme_COMET-20-refA,cvq,0.8925
zhen,25,0.02,dedup_cvu:mtme_COMET-20-refA,cvu,0.8935
zhen,25,0.02,weighted_cvl:mtme_COMET-20-refA,cvl,0.903
zhen,25,0.02,weighted_cvq:mtme_COMET-20-refA,cvq,0.905
zhen,25,0.02,weighted_cvu:mtme_COMET-20-refA,cvu,0.902
zhen,25,0.02,dedup_cvl:mtme_COMET-22-refA,cvl,0.8935
zhen,25,0.02,dedup_cvq:mtme_COMET-22-refA,cvq,0.894
zhen,25,0.02,dedup_cvu:mtme_COMET-22-refA,cvu,0.8925
zhen,25,0.02,weighted_cvl:mtme_COMET-22-refA,cvl,0.898
zhen,25,0.02,weighted_cvq:mtme_COMET-22-refA,cvq,0.898
zhen,25,0.02,weighted_cvu:mtme_COMET-22-refA,cvu,0.894
zhen,25,0.02,dedup_cvl:mtme_COMET-QE-src,cvl,0.8945
zhen,25,0.02,dedup_cvq:mtme_COMET-QE-src,cvq,0.893
zhen,25,0.02,dedup_cvu:mtme_COMET-QE-src,cvu,0.895
zhen,25,0.02,weighted_cvl:mtme_COMET-QE-src,cvl,0.899
zhen,25,0.02,weighted_cvq:mtme_COMET-QE-src,cvq,0.897
zhen,25,0.02,weighted_cvu:mtme_COMET-QE-src,cvu,0.9
zhen,25,0.02,dedup_cvl:mtme_COMETKiwi-src,cvl,0.896
zhen,25,0.02,dedup_cvq:mtme_COMETKiwi-src,cvq,0.896
zhen,25,0.02,dedup_cvu:mtme_COMETKiwi-src,cvu,0.8965
zhen,25,0.02,weighted_cvl:mtme_COMETKiwi-src,cvl,0.8965
zhen,25,0.02,weighted_cvq:mtme_COMETKiwi-src,cvq,0.895
zhen,25,0.02,weighted_cvu:mtme_COMETKiwi-src,cvu,0.896
zhen,25,0.02,dedup_cvl:mtme_Cross-QE-src,cvl,0.8945
zhen,25,0.02,dedup_cvq:mtme_Cross-QE-src,cvq,0.895
zhen,25,0.02,dedup_cvu:mtme_Cross-QE-src,cvu,0.896
zhen,25,0.02,weighted_cvl:mtme_Cross-QE-src,cvl,0.8965
zhen,25,0.02,weighted_cvq:mtme_Cross-QE-src,cvq,0.896
zhen,25,0.02,weighted_cvu:mtme_Cross-QE-src,cvu,0.8995
zhen,25,0.02,dedup_cvl:mtme_HWTSC-TLM-src,cvl,0.894
zhen,25,0.02,dedup_cvq:mtme_HWTSC-TLM-src,cvq,0.894
zhen,25,0.02,dedup_cvu:mtme_HWTSC-TLM-src,cvu,0.895
zhen,25,0.02,weighted_cvl:mtme_HWTSC-TLM-src,cvl,0.8995
zhen,25,0.02,weighted_cvq:mtme_HWTSC-TLM-src,cvq,0.8995
zhen,25,0.02,weighted_cvu:mtme_HWTSC-TLM-src,cvu,0.8985
zhen,25,0.02,dedup_cvl:mtme_HWTSC-Teacher-Sim-src,cvl,0.8945
zhen,25,0.02,dedup_cvq:mtme_HWTSC-Teacher-Sim-src,cvq,0.896
zhen,25,0.02,dedup_cvu:mtme_HWTSC-Teacher-Sim-src,cvu,0.895
zhen,25,0.02,weighted_cvl:mtme_HWTSC-Teacher-Sim-src,cvl,0.899
zhen,25,0.02,weighted_cvq:mtme_HWTSC-Teacher-Sim-src,cvq,0.9015
zhen,25,0.02,weighted_cvu:mtme_HWTSC-Teacher-Sim-src,cvu,0.9
zhen,25,0.02,dedup_cvl:mtme_KG-BERTScore-src,cvl,0.8965
zhen,25,0.02,dedup_cvq:mtme_KG-BERTScore-src,cvq,0.8925
zhen,25,0.02,dedup_cvu:mtme_KG-BERTScore-src,cvu,0.8945
zhen,25,0.02,weighted_cvl:mtme_KG-BERTScore-src,cvl,0.901
zhen,25,0.02,weighted_cvq:mtme_KG-BERTScore-src,cvq,0.9005
zhen,25,0.02,weighted_cvu:mtme_KG-BERTScore-src,cvu,0.901
zhen,25,0.02,dedup_cvl:mtme_MATESE-QE-src,cvl,0.8945
zhen,25,0.02,dedup_cvq:mtme_MATESE-QE-src,cvq,0.8925
zhen,25,0.02,dedup_cvu:mtme_MATESE-QE-src,cvu,0.8915
zhen,25,0.02,weighted_cvl:mtme_MATESE-QE-src,cvl,0.899
zhen,25,0.02,weighted_cvq:mtme_MATESE-QE-src,cvq,0.901
zhen,25,0.02,weighted_cvu:mtme_MATESE-QE-src,cvu,0.899
zhen,25,0.02,dedup_cvl:mtme_MATESE-refA,cvl,0.8925
zhen,25,0.02,dedup_cvq:mtme_MATESE-refA,cvq,0.891
zhen,25,0.02,dedup_cvu:mtme_MATESE-refA,cvu,0.8945
zhen,25,0.02,weighted_cvl:mtme_MATESE-refA,cvl,0.897
zhen,25,0.02,weighted_cvq:mtme_MATESE-refA,cvq,0.896
zhen,25,0.02,weighted_cvu:mtme_MATESE-refA,cvu,0.8925
zhen,25,0.02,dedup_cvl:mtme_MEE-refA,cvl,0.892
zhen,25,0.02,dedup_cvq:mtme_MEE-refA,cvq,0.892
zhen,25,0.02,dedup_cvu:mtme_MEE-refA,cvu,0.8935
zhen,25,0.02,weighted_cvl:mtme_MEE-refA,cvl,0.899
zhen,25,0.02,weighted_cvq:mtme_MEE-refA,cvq,0.898
zhen,25,0.02,weighted_cvu:mtme_MEE-refA,cvu,0.901
zhen,25,0.02,dedup_cvl:mtme_MEE2-refA,cvl,0.892
zhen,25,0.02,dedup_cvq:mtme_MEE2-refA,cvq,0.894
zhen,25,0.02,dedup_cvu:mtme_MEE2-refA,cvu,0.8945
zhen,25,0.02,weighted_cvl:mtme_MEE2-refA,cvl,0.903
zhen,25,0.02,weighted_cvq:mtme_MEE2-refA,cvq,0.902
zhen,25,0.02,weighted_cvu:mtme_MEE2-refA,cvu,0.904
zhen,25,0.02,dedup_cvl:mtme_MEE4-refA,cvl,0.8925
zhen,25,0.02,dedup_cvq:mtme_MEE4-refA,cvq,0.8915
zhen,25,0.02,dedup_cvu:mtme_MEE4-refA,cvu,0.895
zhen,25,0.02,weighted_cvl:mtme_MEE4-refA,cvl,0.9045
zhen,25,0.02,weighted_cvq:mtme_MEE4-refA,cvq,0.9005
zhen,25,0.02,weighted_cvu:mtme_MEE4-refA,cvu,0.9035
zhen,25,0.02,dedup_cvl:mtme_MS-COMET-22-refA,cvl,0.8955
zhen,25,0.02,dedup_cvq:mtme_MS-COMET-22-refA,cvq,0.8955
zhen,25,0.02,dedup_cvu:mtme_MS-COMET-22-refA,cvu,0.898
zhen,25,0.02,weighted_cvl:mtme_MS-COMET-22-refA,cvl,0.898
zhen,25,0.02,weighted_cvq:mtme_MS-COMET-22-refA,cvq,0.901
zhen,25,0.02,weighted_cvu:mtme_MS-COMET-22-refA,cvu,0.9025
zhen,25,0.02,dedup_cvl:mtme_MS-COMET-QE-22-src,cvl,0.893
zhen,25,0.02,dedup_cvq:mtme_MS-COMET-QE-22-src,cvq,0.892
zhen,25,0.02,dedup_cvu:mtme_MS-COMET-QE-22-src,cvu,0.8935
zhen,25,0.02,weighted_cvl:mtme_MS-COMET-QE-22-src,cvl,0.902
zhen,25,0.02,weighted_cvq:mtme_MS-COMET-QE-22-src,cvq,0.9015
zhen,25,0.02,weighted_cvu:mtme_MS-COMET-QE-22-src,cvu,0.901
zhen,25,0.02,dedup_cvl:mtme_REUSE-src,cvl,0.893
zhen,25,0.02,dedup_cvq:mtme_REUSE-src,cvq,0.893
zhen,25,0.02,dedup_cvu:mtme_REUSE-src,cvu,0.8925
zhen,25,0.02,weighted_cvl:mtme_REUSE-src,cvl,0.9
zhen,25,0.02,weighted_cvq:mtme_REUSE-src,cvq,0.897
zhen,25,0.02,weighted_cvu:mtme_REUSE-src,cvu,0.899
zhen,25,0.02,dedup_cvl:mtme_SEScore-refA,cvl,0.8975
zhen,25,0.02,dedup_cvq:mtme_SEScore-refA,cvq,0.894
zhen,25,0.02,dedup_cvu:mtme_SEScore-refA,cvu,0.894
zhen,25,0.02,weighted_cvl:mtme_SEScore-refA,cvl,0.9055
zhen,25,0.02,weighted_cvq:mtme_SEScore-refA,cvq,0.902
zhen,25,0.02,weighted_cvu:mtme_SEScore-refA,cvu,0.9025
zhen,25,0.02,dedup_cvl:mtme_UniTE-ref-refA,cvl,0.893
zhen,25,0.02,dedup_cvq:mtme_UniTE-ref-refA,cvq,0.892
zhen,25,0.02,dedup_cvu:mtme_UniTE-ref-refA,cvu,0.893
zhen,25,0.02,weighted_cvl:mtme_UniTE-ref-refA,cvl,0.9035
zhen,25,0.02,weighted_cvq:mtme_UniTE-ref-refA,cvq,0.9015
zhen,25,0.02,weighted_cvu:mtme_UniTE-ref-refA,cvu,0.9015
zhen,25,0.02,dedup_cvl:mtme_UniTE-refA,cvl,0.8915
zhen,25,0.02,dedup_cvq:mtme_UniTE-refA,cvq,0.8915
zhen,25,0.02,dedup_cvu:mtme_UniTE-refA,cvu,0.894
zhen,25,0.02,weighted_cvl:mtme_UniTE-refA,cvl,0.899
zhen,25,0.02,weighted_cvq:mtme_UniTE-refA,cvq,0.897
zhen,25,0.02,weighted_cvu:mtme_UniTE-refA,cvu,0.8995
zhen,25,0.02,dedup_cvl:mtme_UniTE-src-src,cvl,0.8965
zhen,25,0.02,dedup_cvq:mtme_UniTE-src-src,cvq,0.8945
zhen,25,0.02,dedup_cvu:mtme_UniTE-src-src,cvu,0.896
zhen,25,0.02,weighted_cvl:mtme_UniTE-src-src,cvl,0.901
zhen,25,0.02,weighted_cvq:mtme_UniTE-src-src,cvq,0.8995
zhen,25,0.02,weighted_cvu:mtme_UniTE-src-src,cvu,0.8995
zhen,25,0.02,dedup_cvl:mtme_YiSi-1-refA,cvl,0.891
zhen,25,0.02,dedup_cvq:mtme_YiSi-1-refA,cvq,0.8925
zhen,25,0.02,dedup_cvu:mtme_YiSi-1-refA,cvu,0.8945
zhen,25,0.02,weighted_cvl:mtme_YiSi-1-refA,cvl,0.903
zhen,25,0.02,weighted_cvq:mtme_YiSi-1-refA,cvq,0.903
zhen,25,0.02,weighted_cvu:mtme_YiSi-1-refA,cvu,0.902
zhen,25,0.02,dedup_cvl:mtme_chrF-refA,cvl,0.898
zhen,25,0.02,dedup_cvq:mtme_chrF-refA,cvq,0.896
zhen,25,0.02,dedup_cvu:mtme_chrF-refA,cvu,0.897
zhen,25,0.02,weighted_cvl:mtme_chrF-refA,cvl,0.903
zhen,25,0.02,weighted_cvq:mtme_chrF-refA,cvq,0.903
zhen,25,0.02,weighted_cvu:mtme_chrF-refA,cvu,0.906
zhen,25,0.02,dedup_cvl:mtme_f101spBLEU-refA,cvl,0.896
zhen,25,0.02,dedup_cvq:mtme_f101spBLEU-refA,cvq,0.8955
zhen,25,0.02,dedup_cvu:mtme_f101spBLEU-refA,cvu,0.897
zhen,25,0.02,weighted_cvl:mtme_f101spBLEU-refA,cvl,0.9005
zhen,25,0.02,weighted_cvq:mtme_f101spBLEU-refA,cvq,0.902
zhen,25,0.02,weighted_cvu:mtme_f101spBLEU-refA,cvu,0.904
zhen,25,0.02,dedup_cvl:mtme_f200spBLEU-refA,cvl,0.894
zhen,25,0.02,dedup_cvq:mtme_f200spBLEU-refA,cvq,0.895
zhen,25,0.02,dedup_cvu:mtme_f200spBLEU-refA,cvu,0.8965
zhen,25,0.02,weighted_cvl:mtme_f200spBLEU-refA,cvl,0.899
zhen,25,0.02,weighted_cvq:mtme_f200spBLEU-refA,cvq,0.901
zhen,25,0.02,weighted_cvu:mtme_f200spBLEU-refA,cvu,0.9045
zhen,25,0.02,dedup_cvl:mtme_metricx_xl_DA_2019-refA,cvl,0.891
zhen,25,0.02,dedup_cvq:mtme_metricx_xl_DA_2019-refA,cvq,0.89
zhen,25,0.02,dedup_cvu:mtme_metricx_xl_DA_2019-refA,cvu,0.8925
zhen,25,0.02,weighted_cvl:mtme_metricx_xl_DA_2019-refA,cvl,0.905
zhen,25,0.02,weighted_cvq:mtme_metricx_xl_DA_2019-refA,cvq,0.903
zhen,25,0.02,weighted_cvu:mtme_metricx_xl_DA_2019-refA,cvu,0.9045
zhen,25,0.02,dedup_cvl:mtme_metricx_xl_MQM_2020-refA,cvl,0.891
zhen,25,0.02,dedup_cvq:mtme_metricx_xl_MQM_2020-refA,cvq,0.8895
zhen,25,0.02,dedup_cvu:mtme_metricx_xl_MQM_2020-refA,cvu,0.888
zhen,25,0.02,weighted_cvl:mtme_metricx_xl_MQM_2020-refA,cvl,0.9025
zhen,25,0.02,weighted_cvq:mtme_metricx_xl_MQM_2020-refA,cvq,0.899
zhen,25,0.02,weighted_cvu:mtme_metricx_xl_MQM_2020-refA,cvu,0.9025
zhen,25,0.02,dedup_cvl:mtme_metricx_xxl_DA_2019-refA,cvl,0.8925
zhen,25,0.02,dedup_cvq:mtme_metricx_xxl_DA_2019-refA,cvq,0.8925
zhen,25,0.02,dedup_cvu:mtme_metricx_xxl_DA_2019-refA,cvu,0.891
zhen,25,0.02,weighted_cvl:mtme_metricx_xxl_DA_2019-refA,cvl,0.902
zhen,25,0.02,weighted_cvq:mtme_metricx_xxl_DA_2019-refA,cvq,0.898
zhen,25,0.02,weighted_cvu:mtme_metricx_xxl_DA_2019-refA,cvu,0.9005
zhen,25,0.02,dedup_cvl:mtme_metricx_xxl_MQM_2020-refA,cvl,0.892
zhen,25,0.02,dedup_cvq:mtme_metricx_xxl_MQM_2020-refA,cvq,0.8895
zhen,25,0.02,dedup_cvu:mtme_metricx_xxl_MQM_2020-refA,cvu,0.89
zhen,25,0.02,weighted_cvl:mtme_metricx_xxl_MQM_2020-refA,cvl,0.8995
zhen,25,0.02,weighted_cvq:mtme_metricx_xxl_MQM_2020-refA,cvq,0.8975
zhen,25,0.02,weighted_cvu:mtme_metricx_xxl_MQM_2020-refA,cvu,0.8975
zhen,25,0.02,weighted_cvo:mtme_BERTScore-refA,cvo,0.9045
zhen,25,0.02,weighted_cvo:mtme_BLEU-refA,cvo,0.9025
zhen,25,0.02,weighted_cvo:mtme_BLEURT-20-refA,cvo,0.9025
zhen,25,0.02,weighted_cvo:mtme_COMET-20-refA,cvo,0.9025
zhen,25,0.02,weighted_cvo:mtme_COMET-22-refA,cvo,0.9005
zhen,25,0.02,weighted_cvo:mtme_COMET-QE-src,cvo,0.9005
zhen,25,0.02,weighted_cvo:mtme_COMETKiwi-src,cvo,0.9015
zhen,25,0.02,weighted_cvo:mtme_Cross-QE-src,cvo,0.895
zhen,25,0.02,weighted_cvo:mtme_HWTSC-TLM-src,cvo,0.8995
zhen,25,0.02,weighted_cvo:mtme_HWTSC-Teacher-Sim-src,cvo,0.901
zhen,25,0.02,weighted_cvo:mtme_KG-BERTScore-src,cvo,0.8995
zhen,25,0.02,weighted_cvo:mtme_MATESE-QE-src,cvo,0.899
zhen,25,0.02,weighted_cvo:mtme_MATESE-refA,cvo,0.898
zhen,25,0.02,weighted_cvo:mtme_MEE-refA,cvo,0.901
zhen,25,0.02,weighted_cvo:mtme_MEE2-refA,cvo,0.904
zhen,25,0.02,weighted_cvo:mtme_MEE4-refA,cvo,0.9035
zhen,25,0.02,weighted_cvo:mtme_MS-COMET-22-refA,cvo,0.899
zhen,25,0.02,weighted_cvo:mtme_MS-COMET-QE-22-src,cvo,0.897
zhen,25,0.02,weighted_cvo:mtme_REUSE-src,cvo,0.9015
zhen,25,0.02,weighted_cvo:mtme_SEScore-refA,cvo,0.9035
zhen,25,0.02,weighted_cvo:mtme_UniTE-ref-refA,cvo,0.903
zhen,25,0.02,weighted_cvo:mtme_UniTE-refA,cvo,0.8985
zhen,25,0.02,weighted_cvo:mtme_UniTE-src-src,cvo,0.9
zhen,25,0.02,weighted_cvo:mtme_YiSi-1-refA,cvo,0.907
zhen,25,0.02,weighted_cvo:mtme_chrF-refA,cvo,0.9025
zhen,25,0.02,weighted_cvo:mtme_f101spBLEU-refA,cvo,0.9045
zhen,25,0.02,weighted_cvo:mtme_f200spBLEU-refA,cvo,0.905
zhen,25,0.02,weighted_cvo:mtme_metricx_xl_DA_2019-refA,cvo,0.903
zhen,25,0.02,weighted_cvo:mtme_metricx_xl_MQM_2020-refA,cvo,0.903
zhen,25,0.02,weighted_cvo:mtme_metricx_xxl_DA_2019-refA,cvo,0.9015
zhen,25,0.02,weighted_cvo:mtme_metricx_xxl_MQM_2020-refA,cvo,0.8995
zhen,34,0.01,uniform,human,0.8965
zhen,34,0.01,dedup,human,0.897
zhen,34,0.01,weighted,human,0.8995
zhen,34,0.01,dedup_cvl:mtme_BERTScore-refA,cvl,0.8985
zhen,34,0.01,dedup_cvq:mtme_BERTScore-refA,cvq,0.896
zhen,34,0.01,dedup_cvu:mtme_BERTScore-refA,cvu,0.8955
zhen,34,0.01,weighted_cvl:mtme_BERTScore-refA,cvl,0.8995
zhen,34,0.01,weighted_cvq:mtme_BERTScore-refA,cvq,0.9005
zhen,34,0.01,weighted_cvu:mtme_BERTScore-refA,cvu,0.902
zhen,34,0.01,dedup_cvl:mtme_BLEU-refA,cvl,0.9
zhen,34,0.01,dedup_cvq:mtme_BLEU-refA,cvq,0.8975
zhen,34,0.01,dedup_cvu:mtme_BLEU-refA,cvu,0.8975
zhen,34,0.01,weighted_cvl:mtme_BLEU-refA,cvl,0.9
zhen,34,0.01,weighted_cvq:mtme_BLEU-refA,cvq,0.9015
zhen,34,0.01,weighted_cvu:mtme_BLEU-refA,cvu,0.9015
zhen,34,0.01,dedup_cvl:mtme_BLEURT-20-refA,cvl,0.899
zhen,34,0.01,dedup_cvq:mtme_BLEURT-20-refA,cvq,0.897
zhen,34,0.01,dedup_cvu:mtme_BLEURT-20-refA,cvu,0.899
zhen,34,0.01,weighted_cvl:mtme_BLEURT-20-refA,cvl,0.9015
zhen,34,0.01,weighted_cvq:mtme_BLEURT-20-refA,cvq,0.9005
zhen,34,0.01,weighted_cvu:mtme_BLEURT-20-refA,cvu,0.901
zhen,34,0.01,dedup_cvl:mtme_COMET-20-refA,cvl,0.9015
zhen,34,0.01,dedup_cvq:mtme_COMET-20-refA,cvq,0.895
zhen,34,0.01,dedup_cvu:mtme_COMET-20-refA,cvu,0.9015
zhen,34,0.01,weighted_cvl:mtme_COMET-20-refA,cvl,0.9025
zhen,34,0.01,weighted_cvq:mtme_COMET-20-refA,cvq,0.8995
zhen,34,0.01,weighted_cvu:mtme_COMET-20-refA,cvu,0.8985
zhen,34,0.01,dedup_cvl:mtme_COMET-22-refA,cvl,0.8965
zhen,34,0.01,dedup_cvq:mtme_COMET-22-refA,cvq,0.8945
zhen,34,0.01,dedup_cvu:mtme_COMET-22-refA,cvu,0.896
zhen,34,0.01,weighted_cvl:mtme_COMET-22-refA,cvl,0.9005
zhen,34,0.01,weighted_cvq:mtme_COMET-22-refA,cvq,0.9005
zhen,34,0.01,weighted_cvu:mtme_COMET-22-refA,cvu,0.9015
zhen,34,0.01,dedup_cvl:mtme_COMET-QE-src,cvl,0.906
zhen,34,0.01,dedup_cvq:mtme_COMET-QE-src,cvq,0.893
zhen,34,0.01,dedup_cvu:mtme_COMET-QE-src,cvu,0.898
zhen,34,0.01,weighted_cvl:mtme_COMET-QE-src,cvl,0.8955
zhen,34,0.01,weighted_cvq:mtme_COMET-QE-src,cvq,0.9
zhen,34,0.01,weighted_cvu:mtme_COMET-QE-src,cvu,0.9
zhen,34,0.01,dedup_cvl:mtme_COMETKiwi-src,cvl,0.8975
zhen,34,0.01,dedup_cvq:mtme_COMETKiwi-src,cvq,0.895
zhen,34,0.01,dedup_cvu:mtme_COMETKiwi-src,cvu,0.8965
zhen,34,0.01,weighted_cvl:mtme_COMETKiwi-src,cvl,0.8985
zhen,34,0.01,weighted_cvq:mtme_COMETKiwi-src,cvq,0.8995
zhen,34,0.01,weighted_cvu:mtme_COMETKiwi-src,cvu,0.898
zhen,34,0.01,dedup_cvl:mtme_Cross-QE-src,cvl,0.9025
zhen,34,0.01,dedup_cvq:mtme_Cross-QE-src,cvq,0.898
zhen,34,0.01,dedup_cvu:mtme_Cross-QE-src,cvu,0.899
zhen,34,0.01,weighted_cvl:mtme_Cross-QE-src,cvl,0.903
zhen,34,0.01,weighted_cvq:mtme_Cross-QE-src,cvq,0.8995
zhen,34,0.01,weighted_cvu:mtme_Cross-QE-src,cvu,0.9025
zhen,34,0.01,dedup_cvl:mtme_HWTSC-TLM-src,cvl,0.898
zhen,34,0.01,dedup_cvq:mtme_HWTSC-TLM-src,cvq,0.8955
zhen,34,0.01,dedup_cvu:mtme_HWTSC-TLM-src,cvu,0.8965
zhen,34,0.01,weighted_cvl:mtme_HWTSC-TLM-src,cvl,0.899
zhen,34,0.01,weighted_cvq:mtme_HWTSC-TLM-src,cvq,0.901
zhen,34,0.01,weighted_cvu:mtme_HWTSC-TLM-src,cvu,0.9015
zhen,34,0.01,dedup_cvl:mtme_HWTSC-Teacher-Sim-src,cvl,0.894
zhen,34,0.01,dedup_cvq:mtme_HWTSC-Teacher-Sim-src,cvq,0.895
zhen,34,0.01,dedup_cvu:mtme_HWTSC-Teacher-Sim-src,cvu,0.8965
zhen,34,0.01,weighted_cvl:mtme_HWTSC-Teacher-Sim-src,cvl,0.8995
zhen,34,0.01,weighted_cvq:mtme_HWTSC-Teacher-Sim-src,cvq,0.904
zhen,34,0.01,weighted_cvu:mtme_HWTSC-Teacher-Sim-src,cvu,0.901
zhen,34,0.01,dedup_cvl:mtme_KG-BERTScore-src,cvl,0.8945
zhen,34,0.01,dedup_cvq:mtme_KG-BERTScore-src,cvq,0.896
zhen,34,0.01,dedup_cvu:mtme_KG-BERTScore-src,cvu,0.8965
zhen,34,0.01,weighted_cvl:mtme_KG-BERTScore-src,cvl,0.901
zhen,34,0.01,weighted_cvq:mtme_KG-BERTScore-src,cvq,0.902
zhen,34,0.01,weighted_cvu:mtme_KG-BERTScore-src,cvu,0.9025
zhen,34,0.01,dedup_cvl:mtme_MATESE-QE-src,cvl,0.898
zhen,34,0.01,dedup_cvq:mtme_MATESE-QE-src,cvq,0.8965
zhen,34,0.01,dedup_cvu:mtme_MATESE-QE-src,cvu,0.899
zhen,34,0.01,weighted_cvl:mtme_MATESE-QE-src,cvl,0.898
zhen,34,0.01,weighted_cvq:mtme_MATESE-QE-src,cvq,0.8985
zhen,34,0.01,weighted_cvu:mtme_MATESE-QE-src,cvu,0.8975
zhen,34,0.01,dedup_cvl:mtme_MATESE-refA,cvl,0.8945
zhen,34,0.01,dedup_cvq:mtme_MATESE-refA,cvq,0.8985
zhen,34,0.01,dedup_cvu:mtme_MATESE-refA,cvu,0.8975
zhen,34,0.01,weighted_cvl:mtme_MATESE-refA,cvl,0.9
zhen,34,0.01,weighted_cvq:mtme_MATESE-refA,cvq,0.901
zhen,34,0.01,weighted_cvu:mtme_MATESE-refA,cvu,0.9025
zhen,34,0.01,dedup_cvl:mtme_MEE-refA,cvl,0.8995
zhen,34,0.01,dedup_cvq:mtme_MEE-refA,cvq,0.896
zhen,34,0.01,dedup_cvu:mtme_MEE-refA,cvu,0.899
zhen,34,0.01,weighted_cvl:mtme_MEE-refA,cvl,0.902
zhen,34,0.01,weighted_cvq:mtme_MEE-refA,cvq,0.9015
zhen,34,0.01,weighted_cvu:mtme_MEE-refA,cvu,0.901
zhen,34,0.01,dedup_cvl:mtme_MEE2-refA,cvl,0.8985
zhen,34,0.01,dedup_cvq:mtme_MEE2-refA,cvq,0.895
zhen,34,0.01,dedup_cvu:mtme_MEE2-refA,cvu,0.898
zhen,34,0.01,weighted_cvl:mtme_MEE2-refA,cvl,0.9025
zhen,34,0.01,weighted_cvq:mtme_MEE2-refA,cvq,0.901
zhen,34,0.01,weighted_cvu:mtme_MEE2-refA,cvu,0.902
zhen,34,0.01,dedup_cvl:mtme_MEE4-refA,cvl,0.898
zhen,34,0.01,dedup_cvq:mtme_MEE4-refA,cvq,0.897
zhen,34,0.01,dedup_cvu:mtme_MEE4-refA,cvu,0.8975
zhen,34,0.01,weighted_cvl:mtme_MEE4-refA,cvl,0.9015
zhen,34,0.01,weighted_cvq:mtme_MEE4-refA,cvq,0.8995
zhen,34,0.01,weighted_cvu:mtme_MEE4-refA,cvu,0.9025
zhen,34,0.01,dedup_cvl:mtme_MS-COMET-22-refA,cvl,0.9
zhen,34,0.01,dedup_cvq:mtme_MS-COMET-22-refA,cvq,0.893
zhen,34,0.01,dedup_cvu:mtme_MS-COMET-22-refA,cvu,0.8975
zhen,34,0.01,weighted_cvl:mtme_MS-COMET-22-refA,cvl,0.899
zhen,34,0.01,weighted_cvq:mtme_MS-COMET-22-refA,cvq,0.898
zhen,34,0.01,weighted_cvu:mtme_MS-COMET-22-refA,cvu,0.899
zhen,34,0.01,dedup_cvl:mtme_MS-COMET-QE-22-src,cvl,0.891
zhen,34,0.01,dedup_cvq:mtme_MS-COMET-QE-22-src,cvq,0.8935
zhen,34,0.01,dedup_cvu:mtme_MS-COMET-QE-22-src,cvu,0.895
zhen,34,0.01,weighted_cvl:mtme_MS-COMET-QE-22-src,cvl,0.8985
zhen,34,0.01,weighted_cvq:mtme_MS-COMET-QE-22-src,cvq,0.898
zhen,34,0.01,weighted_cvu:mtme_MS-COMET-QE-22-src,cvu,0.9
zhen,34,0.01,dedup_cvl:mtme_REUSE-src,cvl,0.8965
zhen,34,0.01,dedup_cvq:mtme_REUSE-src,cvq,0.895
zhen,34,0.01,dedup_cvu:mtme_REUSE-src,cvu,0.8955
zhen,34,0.01,weighted_cvl:mtme_REUSE-src,cvl,0.897
zhen,34,0.01,weighted_cvq:mtme_REUSE-src,cvq,0.8985
zhen,34,0.01,weighted_cvu:mtme_REUSE-src,cvu,0.8995
zhen,34,0.01,dedup_cvl:mtme_SEScore-refA,cvl,0.8985
zhen,34,0.01,dedup_cvq:mtme_SEScore-refA,cvq,0.894
zhen,34,0.01,dedup_cvu:mtme_SEScore-refA,cvu,0.896
zhen,34,0.01,weighted_cvl:mtme_SEScore-refA,cvl,0.9
zhen,34,0.01,weighted_cvq:mtme_SEScore-refA,cvq,0.8985
zhen,34,0.01,weighted_cvu:mtme_SEScore-refA,cvu,0.902
zhen,34,0.01,dedup_cvl:mtme_UniTE-ref-refA,cvl,0.8985
zhen,34,0.01,dedup_cvq:mtme_UniTE-ref-refA,cvq,0.8945
zhen,34,0.01,dedup_cvu:mtme_UniTE-ref-refA,cvu,0.8955
zhen,34,0.01,weighted_cvl:mtme_UniTE-ref-refA,cvl,0.9
zhen,34,0.01,weighted_cvq:mtme_UniTE-ref-refA,cvq,0.902
zhen,34,0.01,weighted_cvu:mtme_UniTE-ref-refA,cvu,0.901
zhen,34,0.01,dedup_cvl:mtme_UniTE-refA,cvl,0.8965
zhen,34,0.01,dedup_cvq:mtme_UniTE-refA,cvq,0.893
zhen,34,0.01,dedup_cvu:mtme_UniTE-refA,cvu,0.895
zhen,34,0.01,weighted_cvl:mtme_UniTE-refA,cvl,0.8985
zhen,34,0.01,weighted_cvq:mtme_UniTE-refA,cvq,0.9
zhen,34,0.01,weighted_cvu:mtme_UniTE-refA,cvu,0.903
zhen,34,0.01,dedup_cvl:mtme_UniTE-src-src,cvl,0.8935
zhen,34,0.01,dedup_cvq:mtme_UniTE-src-src,cvq,0.891
zhen,34,0.01,dedup_cvu:mtme_UniTE-src-src,cvu,0.896
zhen,34,0.01,weighted_cvl:mtme_UniTE-src-src,cvl,0.898
zhen,34,0.01,weighted_cvq:mtme_UniTE-src-src,cvq,0.8985
zhen,34,0.01,weighted_cvu:mtme_UniTE-src-src,cvu,0.8975
zhen,34,0.01,dedup_cvl:mtme_YiSi-1-refA,cvl,0.8995
zhen,34,0.01,dedup_cvq:mtme_YiSi-1-refA,cvq,0.897
zhen,34,0.01,dedup_cvu:mtme_YiSi-1-refA,cvu,0.899
zhen,34,0.01,weighted_cvl:mtme_YiSi-1-refA,cvl,0.901
zhen,34,0.01,weighted_cvq:mtme_YiSi-1-refA,cvq,0.8995
zhen,34,0.01,weighted_cvu:mtme_YiSi-1-refA,cvu,0.8995
zhen,34,0.01,dedup_cvl:mtme_chrF-refA,cvl,0.899
zhen,34,0.01,dedup_cvq:mtme_chrF-refA,cvq,0.8955
zhen,34,0.01,dedup_cvu:mtme_chrF-refA,cvu,0.897
zhen,34,0.01,weighted_cvl:mtme_chrF-refA,cvl,0.9015
zhen,34,0.01,weighted_cvq:mtme_chrF-refA,cvq,0.9
zhen,34,0.01,weighted_cvu:mtme_chrF-refA,cvu,0.899
zhen,34,0.01,dedup_cvl:mtme_f101spBLEU-refA,cvl,0.899
zhen,34,0.01,dedup_cvq:mtme_f101spBLEU-refA,cvq,0.898
zhen,34,0.01,dedup_cvu:mtme_f101spBLEU-refA,cvu,0.898
zhen,34,0.01,weighted_cvl:mtme_f101spBLEU-refA,cvl,0.9015
zhen,34,0.01,weighted_cvq:mtme_f101spBLEU-refA,cvq,0.902
zhen,34,0.01,weighted_cvu:mtme_f101spBLEU-refA,cvu,0.9025
zhen,34,0.01,dedup_cvl:mtme_f200spBLEU-refA,cvl,0.8995
zhen,34,0.01,dedup_cvq:mtme_f200spBLEU-refA,cvq,0.8975
zhen,34,0.01,dedup_cvu:mtme_f200spBLEU-refA,cvu,0.8975
zhen,34,0.01,weighted_cvl:mtme_f200spBLEU-refA,cvl,0.8995
zhen,34,0.01,weighted_cvq:mtme_f200spBLEU-refA,cvq,0.9015
zhen,34,0.01,weighted_cvu:mtme_f200spBLEU-refA,cvu,0.9035
zhen,34,0.01,dedup_cvl:mtme_metricx_xl_DA_2019-refA,cvl,0.9
zhen,34,0.01,dedup_cvq:mtme_metricx_xl_DA_2019-refA,cvq,0.8955
zhen,34,0.01,dedup_cvu:mtme_metricx_xl_DA_2019-refA,cvu,0.898
zhen,34,0.01,weighted_cvl:mtme_metricx_xl_DA_2019-refA,cvl,0.899
zhen,34,0.01,weighted_cvq:mtme_metricx_xl_DA_2019-refA,cvq,0.8995
zhen,34,0.01,weighted_cvu:mtme_metricx_xl_DA_2019-refA,cvu,0.899
zhen,34,0.01,dedup_cvl:mtme_metricx_xl_MQM_2020-refA,cvl,0.898
zhen,34,0.01,dedup_cvq:mtme_metricx_xl_MQM_2020-refA,cvq,0.89
zhen,34,0.01,dedup_cvu:mtme_metricx_xl_MQM_2020-refA,cvu,0.8955
zhen,34,0.01,weighted_cvl:mtme_metricx_xl_MQM_2020-refA,cvl,0.901
zhen,34,0.01,weighted_cvq:mtme_metricx_xl_MQM_2020-refA,cvq,0.8995
zhen,34,0.01,weighted_cvu:mtme_metricx_xl_MQM_2020-refA,cvu,0.9025
zhen,34,0.01,dedup_cvl:mtme_metricx_xxl_DA_2019-refA,cvl,0.906
zhen,34,0.01,dedup_cvq:mtme_metricx_xxl_DA_2019-refA,cvq,0.897
zhen,34,0.01,dedup_cvu:mtme_metricx_xxl_DA_2019-refA,cvu,0.901
zhen,34,0.01,weighted_cvl:mtme_metricx_xxl_DA_2019-refA,cvl,0.902
zhen,34,0.01,weighted_cvq:mtme_metricx_xxl_DA_2019-refA,cvq,0.897
zhen,34,0.01,weighted_cvu:mtme_metricx_xxl_DA_2019-refA,cvu,0.899
zhen,34,0.01,dedup_cvl:mtme_metricx_xxl_MQM_2020-refA,cvl,0.905
zhen,34,0.01,dedup_cvq:mtme_metricx_xxl_MQM_2020-refA,cvq,0.8955
zhen,34,0.01,dedup_cvu:mtme_metricx_xxl_MQM_2020-refA,cvu,0.9
zhen,34,0.01,weighted_cvl:mtme_metricx_xxl_MQM_2020-refA,cvl,0.8995
zhen,34,0.01,weighted_cvq:mtme_metricx_xxl_MQM_2020-refA,cvq,0.8965
zhen,34,0.01,weighted_cvu:mtme_metricx_xxl_MQM_2020-refA,cvu,0.8975
zhen,34,0.01,weighted_cvo:mtme_BERTScore-refA,cvo,0.9005
zhen,34,0.01,weighted_cvo:mtme_BLEU-refA,cvo,0.9015
zhen,34,0.01,weighted_cvo:mtme_BLEURT-20-refA,cvo,0.9005
zhen,34,0.01,weighted_cvo:mtme_COMET-20-refA,cvo,0.8985
zhen,34,0.01,weighted_cvo:mtme_COMET-22-refA,cvo,0.9025
zhen,34,0.01,weighted_cvo:mtme_COMET-QE-src,cvo,0.899
zhen,34,0.01,weighted_cvo:mtme_COMETKiwi-src,cvo,0.901
zhen,34,0.01,weighted_cvo:mtme_Cross-QE-src,cvo,0.901
zhen,34,0.01,weighted_cvo:mtme_HWTSC-TLM-src,cvo,0.8995
zhen,34,0.01,weighted_cvo:mtme_HWTSC-Teacher-Sim-src,cvo,0.904
zhen,34,0.01,weighted_cvo:mtme_KG-BERTScore-src,cvo,0.902
zhen,34,0.01,weighted_cvo:mtme_MATESE-QE-src,cvo,0.8975
zhen,34,0.01,weighted_cvo:mtme_MATESE-refA,cvo,0.901
zhen,34,0.01,weighted_cvo:mtme_MEE-refA,cvo,0.901
zhen,34,0.01,weighted_cvo:mtme_MEE2-refA,cvo,0.9005
zhen,34,0.01,weighted_cvo:mtme_MEE4-refA,cvo,0.9005
zhen,34,0.01,weighted_cvo:mtme_MS-COMET-22-refA,cvo,0.899
zhen,34,0.01,weighted_cvo:mtme_MS-COMET-QE-22-src,cvo,0.9
zhen,34,0.01,weighted_cvo:mtme_REUSE-src,cvo,0.8995
zhen,34,0.01,weighted_cvo:mtme_SEScore-refA,cvo,0.8985
zhen,34,0.01,weighted_cvo:mtme_UniTE-ref-refA,cvo,0.904
zhen,34,0.01,weighted_cvo:mtme_UniTE-refA,cvo,0.9005
zhen,34,0.01,weighted_cvo:mtme_UniTE-src-src,cvo,0.898
zhen,34,0.01,weighted_cvo:mtme_YiSi-1-refA,cvo,0.901
zhen,34,0.01,weighted_cvo:mtme_chrF-refA,cvo,0.9
zhen,34,0.01,weighted_cvo:mtme_f101spBLEU-refA,cvo,0.902
zhen,34,0.01,weighted_cvo:mtme_f200spBLEU-refA,cvo,0.9015
zhen,34,0.01,weighted_cvo:mtme_metricx_xl_DA_2019-refA,cvo,0.9015
zhen,34,0.01,weighted_cvo:mtme_metricx_xl_MQM_2020-refA,cvo,0.9015
zhen,34,0.01,weighted_cvo:mtme_metricx_xxl_DA_2019-refA,cvo,0.9
zhen,34,0.01,weighted_cvo:mtme_metricx_xxl_MQM_2020-refA,cvo,0.897
zhen,34,0.02,uniform,human,0.8935
zhen,34,0.02,dedup,human,0.8955
zhen,34,0.02,weighted,human,0.8935
zhen,34,0.02,dedup_cvl:mtme_BERTScore-refA,cvl,0.896
zhen,34,0.02,dedup_cvq:mtme_BERTScore-refA,cvq,0.8925
zhen,34,0.02,dedup_cvu:mtme_BERTScore-refA,cvu,0.901
zhen,34,0.02,weighted_cvl:mtme_BERTScore-refA,cvl,0.8945
zhen,34,0.02,weighted_cvq:mtme_BERTScore-refA,cvq,0.893
zhen,34,0.02,weighted_cvu:mtme_BERTScore-refA,cvu,0.8955
zhen,34,0.02,dedup_cvl:mtme_BLEU-refA,cvl,0.897
zhen,34,0.02,dedup_cvq:mtme_BLEU-refA,cvq,0.8915
zhen,34,0.02,dedup_cvu:mtme_BLEU-refA,cvu,0.894
zhen,34,0.02,weighted_cvl:mtme_BLEU-refA,cvl,0.8925
zhen,34,0.02,weighted_cvq:mtme_BLEU-refA,cvq,0.892
zhen,34,0.02,weighted_cvu:mtme_BLEU-refA,cvu,0.894
zhen,34,0.02,dedup_cvl:mtme_BLEURT-20-refA,cvl,0.8915
zhen,34,0.02,dedup_cvq:mtme_BLEURT-20-refA,cvq,0.891
zhen,34,0.02,dedup_cvu:mtme_BLEURT-20-refA,cvu,0.891
zhen,34,0.02,weighted_cvl:mtme_BLEURT-20-refA,cvl,0.897
zhen,34,0.02,weighted_cvq:mtme_BLEURT-20-refA,cvq,0.8935
zhen,34,0.02,weighted_cvu:mtme_BLEURT-20-refA,cvu,0.8965
zhen,34,0.02,dedup_cvl:mtme_COMET-20-refA,cvl,0.894
zhen,34,0.02,dedup_cvq:mtme_COMET-20-refA,cvq,0.8915
zhen,34,0.02,dedup_cvu:mtme_COMET-20-refA,cvu,0.8925
zhen,34,0.02,weighted_cvl:mtme_COMET-20-refA,cvl,0.89
zhen,34,0.02,weighted_cvq:mtme_COMET-20-refA,cvq,0.887
zhen,34,0.02,weighted_cvu:mtme_COMET-20-refA,cvu,0.892
zhen,34,0.02,dedup_cvl:mtme_COMET-22-refA,cvl,0.8905
zhen,34,0.02,dedup_cvq:mtme_COMET-22-refA,cvq,0.892
zhen,34,0.02,dedup_cvu:mtme_COMET-22-refA,cvu,0.894
zhen,34,0.02,weighted_cvl:mtme_COMET-22-refA,cvl,0.896
zhen,34,0.02,weighted_cvq:mtme_COMET-22-refA,cvq,0.895
zhen,34,0.02,weighted_cvu:mtme_COMET-22-refA,cvu,0.896
zhen,34,0.02,dedup_cvl:mtme_COMET-QE-src,cvl,0.896
zhen,34,0.02,dedup_cvq:mtme_COMET-QE-src,cvq,0.894
zhen,34,0.02,dedup_cvu:mtme_COMET-QE-src,cvu,0.8965
zhen,34,0.02,weighted_cvl:mtme_COMET-QE-src,cvl,0.8925
zhen,34,0.02,weighted_cvq:mtme_COMET-QE-src,cvq,0.8895
zhen,34,0.02,weighted_cvu:mtme_COMET-QE-src,cvu,0.895
zhen,34,0.02,dedup_cvl:mtme_COMETKiwi-src,cvl,0.898
zhen,34,0.02,dedup_cvq:mtme_COMETKiwi-src,cvq,0.8975
zhen,34,0.02,dedup_cvu:mtme_COMETKiwi-src,cvu,0.8965
zhen,34,0.02,weighted_cvl:mtme_COMETKiwi-src,cvl,0.894
zhen,34,0.02,weighted_cvq:mtme_COMETKiwi-src,cvq,0.895
zhen,34,0.02,weighted_cvu:mtme_COMETKiwi-src,cvu,0.8975
zhen,34,0.02,dedup_cvl:mtme_Cross-QE-src,cvl,0.8995
zhen,34,0.02,dedup_cvq:mtme_Cross-QE-src,cvq,0.8965
zhen,34,0.02,dedup_cvu:mtme_Cross-QE-src,cvu,0.8985
zhen,34,0.02,weighted_cvl:mtme_Cross-QE-src,cvl,0.8945
zhen,34,0.02,weighted_cvq:mtme_Cross-QE-src,cvq,0.8945
zhen,34,0.02,weighted_cvu:mtme_Cross-QE-src,cvu,0.8955
zhen,34,0.02,dedup_cvl:mtme_HWTSC-TLM-src,cvl,0.896
zhen,34,0.02,dedup_cvq:mtme_HWTSC-TLM-src,cvq,0.8955
zhen,34,0.02,dedup_cvu:mtme_HWTSC-TLM-src,cvu,0.8945
zhen,34,0.02,weighted_cvl:mtme_HWTSC-TLM-src,cvl,0.894
zhen,34,0.02,weighted_cvq:mtme_HWTSC-TLM-src,cvq,0.8915
zhen,34,0.02,weighted_cvu:mtme_HWTSC-TLM-src,cvu,0.8925
zhen,34,0.02,dedup_cvl:mtme_HWTSC-Teacher-Sim-src,cvl,0.897
zhen,34,0.02,dedup_cvq:mtme_HWTSC-Teacher-Sim-src,cvq,0.8965
zhen,34,0.02,dedup_cvu:mtme_HWTSC-Teacher-Sim-src,cvu,0.897
zhen,34,0.02,weighted_cvl:mtme_HWTSC-Teacher-Sim-src,cvl,0.8915
zhen,34,0.02,weighted_cvq:mtme_HWTSC-Teacher-Sim-src,cvq,0.8885
zhen,34,0.02,weighted_cvu:mtme_HWTSC-Teacher-Sim-src,cvu,0.893
zhen,34,0.02,dedup_cvl:mtme_KG-BERTScore-src,cvl,0.895
zhen,34,0.02,dedup_cvq:mtme_KG-BERTScore-src,cvq,0.895
zhen,34,0.02,dedup_cvu:mtme_KG-BERTScore-src,cvu,0.893
zhen,34,0.02,weighted_cvl:mtme_KG-BERTScore-src,cvl,0.891
zhen,34,0.02,weighted_cvq:mtme_KG-BERTScore-src,cvq,0.892
zhen,34,0.02,weighted_cvu:mtme_KG-BERTScore-src,cvu,0.8915
zhen,34,0.02,dedup_cvl:mtme_MATESE-QE-src,cvl,0.8975
zhen,34,0.02,dedup_cvq:mtme_MATESE-QE-src,cvq,0.899
zhen,34,0.02,dedup_cvu:mtme_MATESE-QE-src,cvu,0.899
zhen,34,0.02,weighted_cvl:mtme_MATESE-QE-src,cvl,0.8895
zhen,34,0.02,weighted_cvq:mtme_MATESE-QE-src,cvq,0.8905
zhen,34,0.02,weighted_cvu:mtme_MATESE-QE-src,cvu,0.89
zhen,34,0.02,dedup_cvl:mtme_MATESE-refA,cvl,0.9005
zhen,34,0.02,dedup_cvq:mtme_MATESE-refA,cvq,0.8985
zhen,34,0.02,dedup_cvu:mtme_MATESE-refA,cvu,0.9005
zhen,34,0.02,weighted_cvl:mtme_MATESE-refA,cvl,0.8985
zhen,34,0.02,weighted_cvq:mtme_MATESE-refA,cvq,0.898
zhen,34,0.02,weighted_cvu:mtme_MATESE-refA,cvu,0.901
zhen,34,0.02,dedup_cvl:mtme_MEE-refA,cvl,0.8945
zhen,34,0.02,dedup_cvq:mtme_MEE-refA,cvq,0.8925
zhen,34,0.02,dedup_cvu:mtme_MEE-refA,cvu,0.8965
zhen,34,0.02,weighted_cvl:mtme_MEE-refA,cvl,0.8945
zhen,34,0.02,weighted_cvq:mtme_MEE-refA,cvq,0.895
zhen,34,0.02,weighted_cvu:mtme_MEE-refA,cvu,0.896
zhen,34,0.02,dedup_cvl:mtme_MEE2-refA,cvl,0.895
zhen,34,0.02,dedup_cvq:mtme_MEE2-refA,cvq,0.89
zhen,34,0.02,dedup_cvu:mtme_MEE2-refA,cvu,0.8945
zhen,34,0.02,weighted_cvl:mtme_MEE2-refA,cvl,0.8935
zhen,34,0.02,weighted_cvq:mtme_MEE2-refA,cvq,0.891
zhen,34,0.02,weighted_cvu:mtme_MEE2-refA,cvu,0.8945
zhen,34,0.02,dedup_cvl:mtme_MEE4-refA,cvl,0.894
zhen,34,0.02,dedup_cvq:mtme_MEE4-refA,cvq,0.8915
zhen,34,0.02,dedup_cvu:mtme_MEE4-refA,cvu,0.8935
zhen,34,0.02,weighted_cvl:mtme_MEE4-refA,cvl,0.89
zhen,34,0.02,weighted_cvq:mtme_MEE4-refA,cvq,0.888
zhen,34,0.02,weighted_cvu:mtme_MEE4-refA,cvu,0.894
zhen,34,0.02,dedup_cvl:mtme_MS-COMET-22-refA,cvl,0.892
zhen,34,0.02,dedup_cvq:mtme_MS-COMET-22-refA,cvq,0.8925
zhen,34,0.02,dedup_cvu:mtme_MS-COMET-22-refA,cvu,0.893
zhen,34,0.02,weighted_cvl:mtme_MS-COMET-22-refA,cvl,0.8935
zhen,34,0.02,weighted_cvq:mtme_MS-COMET-22-refA,cvq,0.8915
zhen,34,0.02,weighted_cvu:mtme_MS-COMET-22-refA,cvu,0.8945
zhen,34,0.02,dedup_cvl:mtme_MS-COMET-QE-22-src,cvl,0.8945
zhen,34,0.02,dedup_cvq:mtme_MS-COMET-QE-22-src,cvq,0.8915
zhen,34,0.02,dedup_cvu:mtme_MS-COMET-QE-22-src,cvu,0.8975
zhen,34,0.02,weighted_cvl:mtme_MS-COMET-QE-22-src,cvl,0.888
zhen,34,0.02,weighted_cvq:mtme_MS-COMET-QE-22-src,cvq,0.893
zhen,34,0.02,weighted_cvu:mtme_MS-COMET-QE-22-src,cvu,0.892
zhen,34,0.02,dedup_cvl:mtme_REUSE-src,cvl,0.895
zhen,34,0.02,dedup_cvq:mtme_REUSE-src,cvq,0.895
zhen,34,0.02,dedup_cvu:mtme_REUSE-src,cvu,0.8975
zhen,34,0.02,weighted_cvl:mtme_REUSE-src,cvl,0.8935
zhen,34,0.02,weighted_cvq:mtme_REUSE-src,cvq,0.8945
zhen,34,0.02,weighted_cvu:mtme_REUSE-src,cvu,0.8935
zhen,34,0.02,dedup_cvl:mtme_SEScore-refA,cvl,0.8935
zhen,34,0.02,dedup_cvq:mtme_SEScore-refA,cvq,0.894
zhen,34,0.02,dedup_cvu:mtme_SEScore-refA,cvu,0.8965
zhen,34,0.02,weighted_cvl:mtme_SEScore-refA,cvl,0.89
zhen,34,0.02,weighted_cvq:mtme_SEScore-refA,cvq,0.8915
zhen,34,0.02,weighted_cvu:mtme_SEScore-refA,cvu,0.8905
zhen,34,0.02,dedup_cvl:mtme_UniTE-ref-refA,cvl,0.8925
zhen,34,0.02,dedup_cvq:mtme_UniTE-ref-refA,cvq,0.895
zhen,34,0.02,dedup_cvu:mtme_UniTE-ref-refA,cvu,0.8945
zhen,34,0.02,weighted_cvl:mtme_UniTE-ref-refA,cvl,0.895
zhen,34,0.02,weighted_cvq:mtme_UniTE-ref-refA,cvq,0.892
zhen,34,0.02,weighted_cvu:mtme_UniTE-ref-refA,cvu,0.896
zhen,34,0.02,dedup_cvl:mtme_UniTE-refA,cvl,0.8985
zhen,34,0.02,dedup_cvq:mtme_UniTE-refA,cvq,0.8985
zhen,34,0.02,dedup_cvu:mtme_UniTE-refA,cvu,0.8985
zhen,34,0.02,weighted_cvl:mtme_UniTE-refA,cvl,0.897
zhen,34,0.02,weighted_cvq:mtme_UniTE-refA,cvq,0.8955
zhen,34,0.02,weighted_cvu:mtme_UniTE-refA,cvu,0.8985
zhen,34,0.02,dedup_cvl:mtme_UniTE-src-src,cvl,0.901
zhen,34,0.02,dedup_cvq:mtme_UniTE-src-src,cvq,0.898
zhen,34,0.02,dedup_cvu:mtme_UniTE-src-src,cvu,0.899
zhen,34,0.02,weighted_cvl:mtme_UniTE-src-src,cvl,0.8955
zhen,34,0.02,weighted_cvq:mtme_UniTE-src-src,cvq,0.896
zhen,34,0.02,weighted_cvu:mtme_UniTE-src-src,cvu,0.8985
zhen,34,0.02,dedup_cvl:mtme_YiSi-1-refA,cvl,0.8945
zhen,34,0.02,dedup_cvq:mtme_YiSi-1-refA,cvq,0.8915
zhen,34,0.02,dedup_cvu:mtme_YiSi-1-refA,cvu,0.895
zhen,34,0.02,weighted_cvl:mtme_YiSi-1-refA,cvl,0.8925
zhen,34,0.02,weighted_cvq:mtme_YiSi-1-refA,cvq,0.8915
zhen,34,0.02,weighted_cvu:mtme_YiSi-1-refA,cvu,0.8925
zhen,34,0.02,dedup_cvl:mtme_chrF-refA,cvl,0.898
zhen,34,0.02,dedup_cvq:mtme_chrF-refA,cvq,0.8945
zhen,34,0.02,dedup_cvu:mtme_chrF-refA,cvu,0.896
zhen,34,0.02,weighted_cvl:mtme_chrF-refA,cvl,0.8905
zhen,34,0.02,weighted_cvq:mtme_chrF-refA,cvq,0.8895
zhen,34,0.02,weighted_cvu:mtme_chrF-refA,cvu,0.8945
zhen,34,0.02,dedup_cvl:mtme_f101spBLEU-refA,cvl,0.8965
zhen,34,0.02,dedup_cvq:mtme_f101spBLEU-refA,cvq,0.893
zhen,34,0.02,dedup_cvu:mtme_f101spBLEU-refA,cvu,0.8945
zhen,34,0.02,weighted_cvl:mtme_f101spBLEU-refA,cvl,0.8935
zhen,34,0.02,weighted_cvq:mtme_f101spBLEU-refA,cvq,0.892
zhen,34,0.02,weighted_cvu:mtme_f101spBLEU-refA,cvu,0.8965
zhen,34,0.02,dedup_cvl:mtme_f200spBLEU-refA,cvl,0.8955
zhen,34,0.02,dedup_cvq:mtme_f200spBLEU-refA,cvq,0.8915
zhen,34,0.02,dedup_cvu:mtme_f200spBLEU-refA,cvu,0.8925
zhen,34,0.02,weighted_cvl:mtme_f200spBLEU-refA,cvl,0.8925
zhen,34,0.02,weighted_cvq:mtme_f200spBLEU-refA,cvq,0.893
zhen,34,0.02,weighted_cvu:mtme_f200spBLEU-refA,cvu,0.8975
zhen,34,0.02,dedup_cvl:mtme_metricx_xl_DA_2019-refA,cvl,0.8965
zhen,34,0.02,dedup_cvq:mtme_metricx_xl_DA_2019-refA,cvq,0.893
zhen,34,0.02,dedup_cvu:mtme_metricx_xl_DA_2019-refA,cvu,0.8915
zhen,34,0.02,weighted_cvl:mtme_metricx_xl_DA_2019-refA,cvl,0.8975
zhen,34,0.02,weighted_cvq:mtme_metricx_xl_DA_2019-refA,cvq,0.8945
zhen,34,0.02,weighted_cvu:mtme_metricx_xl_DA_2019-refA,cvu,0.8955
zhen,34,0.02,dedup_cvl:mtme_metricx_xl_MQM_2020-refA,cvl,0.8975
zhen,34,0.02,dedup_cvq:mtme_metricx_xl_MQM_2020-refA,cvq,0.896
zhen,34,0.02,dedup_cvu:mtme_metricx_xl_MQM_2020-refA,cvu,0.8985
zhen,34,0.02,weighted_cvl:mtme_metricx_xl_MQM_2020-refA,cvl,0.8965
zhen,34,0.02,weighted_cvq:mtme_metricx_xl_MQM_2020-refA,cvq,0.8945
zhen,34,0.02,weighted_cvu:mtme_metricx_xl_MQM_2020-refA,cvu,0.8975
zhen,34,0.02,dedup_cvl:mtme_metricx_xxl_DA_2019-refA,cvl,0.89
zhen,34,0.02,dedup_cvq:mtme_metricx_xxl_DA_2019-refA,cvq,0.8925
zhen,34,0.02,dedup_cvu:mtme_metricx_xxl_DA_2019-refA,cvu,0.893
zhen,34,0.02,weighted_cvl:mtme_metricx_xxl_DA_2019-refA,cvl,0.8905
zhen,34,0.02,weighted_cvq:mtme_metricx_xxl_DA_2019-refA,cvq,0.8915
zhen,34,0.02,weighted_cvu:mtme_metricx_xxl_DA_2019-refA,cvu,0.8935
zhen,34,0.02,dedup_cvl:mtme_metricx_xxl_MQM_2020-refA,cvl,0.8935
zhen,34,0.02,dedup_cvq:mtme_metricx_xxl_MQM_2020-refA,cvq,0.8895
zhen,34,0.02,dedup_cvu:mtme_metricx_xxl_MQM_2020-refA,cvu,0.893
zhen,34,0.02,weighted_cvl:mtme_metricx_xxl_MQM_2020-refA,cvl,0.8925
zhen,34,0.02,weighted_cvq:mtme_metricx_xxl_MQM_2020-refA,cvq,0.892
zhen,34,0.02,weighted_cvu:mtme_metricx_xxl_MQM_2020-refA,cvu,0.893
zhen,34,0.02,weighted_cvo:mtme_BERTScore-refA,cvo,0.8945
zhen,34,0.02,weighted_cvo:mtme_BLEU-refA,cvo,0.8935
zhen,34,0.02,weighted_cvo:mtme_BLEURT-20-refA,cvo,0.892
zhen,34,0.02,weighted_cvo:mtme_COMET-20-refA,cvo,0.888
zhen,34,0.02,weighted_cvo:mtme_COMET-22-refA,cvo,0.8955
zhen,34,0.02,weighted_cvo:mtme_COMET-QE-src,cvo,0.8905
zhen,34,0.02,weighted_cvo:mtme_COMETKiwi-src,cvo,0.898
zhen,34,0.02,weighted_cvo:mtme_Cross-QE-src,cvo,0.896
zhen,34,0.02,weighted_cvo:mtme_HWTSC-TLM-src,cvo,0.8935
zhen,34,0.02,weighted_cvo:mtme_HWTSC-Teacher-Sim-src,cvo,0.891
zhen,34,0.02,weighted_cvo:mtme_KG-BERTScore-src,cvo,0.891
zhen,34,0.02,weighted_cvo:mtme_MATESE-QE-src,cvo,0.893
zhen,34,0.02,weighted_cvo:mtme_MATESE-refA,cvo,0.898
zhen,34,0.02,weighted_cvo:mtme_MEE-refA,cvo,0.893
zhen,34,0.02,weighted_cvo:mtme_MEE2-refA,cvo,0.8925
zhen,34,0.02,weighted_cvo:mtme_MEE4-refA,cvo,0.89
zhen,34,0.02,weighted_cvo:mtme_MS-COMET-22-refA,cvo,0.8925
zhen,34,0.02,weighted_cvo:mtme_MS-COMET-QE-22-src,cvo,0.892
zhen,34,0.02,weighted_cvo:mtme_REUSE-src,cvo,0.8945
zhen,34,0.02,weighted_cvo:mtme_SEScore-refA,cvo,0.8945
zhen,34,0.02,weighted_cvo:mtme_UniTE-ref-refA,cvo,0.891
zhen,34,0.02,weighted_cvo:mtme_UniTE-refA,cvo,0.895
zhen,34,0.02,weighted_cvo:mtme_UniTE-src-src,cvo,0.896
zhen,34,0.02,weighted_cvo:mtme_YiSi-1-refA,cvo,0.894
zhen,34,0.02,weighted_cvo:mtme_chrF-refA,cvo,0.8905
zhen,34,0.02,weighted_cvo:mtme_f101spBLEU-refA,cvo,0.895
zhen,34,0.02,weighted_cvo:mtme_f200spBLEU-refA,cvo,0.893
zhen,34,0.02,weighted_cvo:mtme_metricx_xl_DA_2019-refA,cvo,0.8955
zhen,34,0.02,weighted_cvo:mtme_metricx_xl_MQM_2020-refA,cvo,0.8975
zhen,34,0.02,weighted_cvo:mtme_metricx_xxl_DA_2019-refA,cvo,0.8945
zhen,34,0.02,weighted_cvo:mtme_metricx_xxl_MQM_2020-refA,cvo,0.895
zhen,35,0.01,uniform,human,0.892
zhen,35,0.01,dedup,human,0.8965
zhen,35,0.01,weighted,human,0.8985
zhen,35,0.01,dedup_cvl:mtme_BERTScore-refA,cvl,0.894
zhen,35,0.01,dedup_cvq:mtme_BERTScore-refA,cvq,0.8935
zhen,35,0.01,dedup_cvu:mtme_BERTScore-refA,cvu,0.8955
zhen,35,0.01,weighted_cvl:mtme_BERTScore-refA,cvl,0.895
zhen,35,0.01,weighted_cvq:mtme_BERTScore-refA,cvq,0.8975
zhen,35,0.01,weighted_cvu:mtme_BERTScore-refA,cvu,0.8975
zhen,35,0.01,dedup_cvl:mtme_BLEU-refA,cvl,0.8945
zhen,35,0.01,dedup_cvq:mtme_BLEU-refA,cvq,0.8935
zhen,35,0.01,dedup_cvu:mtme_BLEU-refA,cvu,0.8955
zhen,35,0.01,weighted_cvl:mtme_BLEU-refA,cvl,0.8985
zhen,35,0.01,weighted_cvq:mtme_BLEU-refA,cvq,0.897
zhen,35,0.01,weighted_cvu:mtme_BLEU-refA,cvu,0.899
zhen,35,0.01,dedup_cvl:mtme_BLEURT-20-refA,cvl,0.8925
zhen,35,0.01,dedup_cvq:mtme_BLEURT-20-refA,cvq,0.8935
zhen,35,0.01,dedup_cvu:mtme_BLEURT-20-refA,cvu,0.8915
zhen,35,0.01,weighted_cvl:mtme_BLEURT-20-refA,cvl,0.8975
zhen,35,0.01,weighted_cvq:mtme_BLEURT-20-refA,cvq,0.8995
zhen,35,0.01,weighted_cvu:mtme_BLEURT-20-refA,cvu,0.9025
zhen,35,0.01,dedup_cvl:mtme_COMET-20-refA,cvl,0.899
zhen,35,0.01,dedup_cvq:mtme_COMET-20-refA,cvq,0.897
zhen,35,0.01,dedup_cvu:mtme_COMET-20-refA,cvu,0.8975
zhen,35,0.01,weighted_cvl:mtme_COMET-20-refA,cvl,0.9025
zhen,35,0.01,weighted_cvq:mtme_COMET-20-refA,cvq,0.8995
zhen,35,0.01,weighted_cvu:mtme_COMET-20-refA,cvu,0.9025
zhen,35,0.01,dedup_cvl:mtme_COMET-22-refA,cvl,0.901
zhen,35,0.01,dedup_cvq:mtme_COMET-22-refA,cvq,0.9005
zhen,35,0.01,dedup_cvu:mtme_COMET-22-refA,cvu,0.9015
zhen,35,0.01,weighted_cvl:mtme_COMET-22-refA,cvl,0.9045
zhen,35,0.01,weighted_cvq:mtme_COMET-22-refA,cvq,0.8985
zhen,35,0.01,weighted_cvu:mtme_COMET-22-refA,cvu,0.901
zhen,35,0.01,dedup_cvl:mtme_COMET-QE-src,cvl,0.8995
zhen,35,0.01,dedup_cvq:mtme_COMET-QE-src,cvq,0.8975
zhen,35,0.01,dedup_cvu:mtme_COMET-QE-src,cvu,0.8985
zhen,35,0.01,weighted_cvl:mtme_COMET-QE-src,cvl,0.9
zhen,35,0.01,weighted_cvq:mtme_COMET-QE-src,cvq,0.901
zhen,35,0.01,weighted_cvu:mtme_COMET-QE-src,cvu,0.9005
zhen,35,0.01,dedup_cvl:mtme_COMETKiwi-src,cvl,0.897
zhen,35,0.01,dedup_cvq:mtme_COMETKiwi-src,cvq,0.9
zhen,35,0.01,dedup_cvu:mtme_COMETKiwi-src,cvu,0.9015
zhen,35,0.01,weighted_cvl:mtme_COMETKiwi-src,cvl,0.9055
zhen,35,0.01,weighted_cvq:mtme_COMETKiwi-src,cvq,0.9
zhen,35,0.01,weighted_cvu:mtme_COMETKiwi-src,cvu,0.8975
zhen,35,0.01,dedup_cvl:mtme_Cross-QE-src,cvl,0.8975
zhen,35,0.01,dedup_cvq:mtme_Cross-QE-src,cvq,0.8965
zhen,35,0.01,dedup_cvu:mtme_Cross-QE-src,cvu,0.8965
zhen,35,0.01,weighted_cvl:mtme_Cross-QE-src,cvl,0.901
zhen,35,0.01,weighted_cvq:mtme_Cross-QE-src,cvq,0.8995
zhen,35,0.01,weighted_cvu:mtme_Cross-QE-src,cvu,0.9005
zhen,35,0.01,dedup_cvl:mtme_HWTSC-TLM-src,cvl,0.8975
zhen,35,0.01,dedup_cvq:mtme_HWTSC-TLM-src,cvq,0.896
zhen,35,0.01,dedup_cvu:mtme_HWTSC-TLM-src,cvu,0.895
zhen,35,0.01,weighted_cvl:mtme_HWTSC-TLM-src,cvl,0.8975
zhen,35,0.01,weighted_cvq:mtme_HWTSC-TLM-src,cvq,0.9005
zhen,35,0.01,weighted_cvu:mtme_HWTSC-TLM-src,cvu,0.899
zhen,35,0.01,dedup_cvl:mtme_HWTSC-Teacher-Sim-src,cvl,0.8995
zhen,35,0.01,dedup_cvq:mtme_HWTSC-Teacher-Sim-src,cvq,0.8985
zhen,35,0.01,dedup_cvu:mtme_HWTSC-Teacher-Sim-src,cvu,0.8985
zhen,35,0.01,weighted_cvl:mtme_HWTSC-Teacher-Sim-src,cvl,0.896
zhen,35,0.01,weighted_cvq:mtme_HWTSC-Teacher-Sim-src,cvq,0.8965
zhen,35,0.01,weighted_cvu:mtme_HWTSC-Teacher-Sim-src,cvu,0.8985
zhen,35,0.01,dedup_cvl:mtme_KG-BERTScore-src,cvl,0.893
zhen,35,0.01,dedup_cvq:mtme_KG-BERTScore-src,cvq,0.891
zhen,35,0.01,dedup_cvu:mtme_KG-BERTScore-src,cvu,0.896
zhen,35,0.01,weighted_cvl:mtme_KG-BERTScore-src,cvl,0.8995
zhen,35,0.01,weighted_cvq:mtme_KG-BERTScore-src,cvq,0.9005
zhen,35,0.01,weighted_cvu:mtme_KG-BERTScore-src,cvu,0.9
zhen,35,0.01,dedup_cvl:mtme_MATESE-QE-src,cvl,0.8985
zhen,35,0.01,dedup_cvq:mtme_MATESE-QE-src,cvq,0.901
zhen,35,0.01,dedup_cvu:mtme_MATESE-QE-src,cvu,0.8955
zhen,35,0.01,weighted_cvl:mtme_MATESE-QE-src,cvl,0.897
zhen,35,0.01,weighted_cvq:mtme_MATESE-QE-src,cvq,0.8975
zhen,35,0.01,weighted_cvu:mtme_MATESE-QE-src,cvu,0.899
zhen,35,0.01,dedup_cvl:mtme_MATESE-refA,cvl,0.898
zhen,35,0.01,dedup_cvq:mtme_MATESE-refA,cvq,0.894
zhen,35,0.01,dedup_cvu:mtme_MATESE-refA,cvu,0.8955
zhen,35,0.01,weighted_cvl:mtme_MATESE-refA,cvl,0.902
zhen,35,0.01,weighted_cvq:mtme_MATESE-refA,cvq,0.898
zhen,35,0.01,weighted_cvu:mtme_MATESE-refA,cvu,0.8965
zhen,35,0.01,dedup_cvl:mtme_MEE-refA,cvl,0.8995
zhen,35,0.01,dedup_cvq:mtme_MEE-refA,cvq,0.8975
zhen,35,0.01,dedup_cvu:mtme_MEE-refA,cvu,0.897
zhen,35,0.01,weighted_cvl:mtme_MEE-refA,cvl,0.8965
zhen,35,0.01,weighted_cvq:mtme_MEE-refA,cvq,0.896
zhen,35,0.01,weighted_cvu:mtme_MEE-refA,cvu,0.897
zhen,35,0.01,dedup_cvl:mtme_MEE2-refA,cvl,0.897
zhen,35,0.01,dedup_cvq:mtme_MEE2-refA,cvq,0.8975
zhen,35,0.01,dedup_cvu:mtme_MEE2-refA,cvu,0.898
zhen,35,0.01,weighted_cvl:mtme_MEE2-refA,cvl,0.898
zhen,35,0.01,weighted_cvq:mtme_MEE2-refA,cvq,0.8955
zhen,35,0.01,weighted_cvu:mtme_MEE2-refA,cvu,0.8955
zhen,35,0.01,dedup_cvl:mtme_MEE4-refA,cvl,0.8965
zhen,35,0.01,dedup_cvq:mtme_MEE4-refA,cvq,0.8955
zhen,35,0.01,dedup_cvu:mtme_MEE4-refA,cvu,0.895
zhen,35,0.01,weighted_cvl:mtme_MEE4-refA,cvl,0.8955
zhen,35,0.01,weighted_cvq:mtme_MEE4-refA,cvq,0.8965
zhen,35,0.01,weighted_cvu:mtme_MEE4-refA,cvu,0.898
zhen,35,0.01,dedup_cvl:mtme_MS-COMET-22-refA,cvl,0.8965
zhen,35,0.01,dedup_cvq:mtme_MS-COMET-22-refA,cvq,0.898
zhen,35,0.01,dedup_cvu:mtme_MS-COMET-22-refA,cvu,0.8965
zhen,35,0.01,weighted_cvl:mtme_MS-COMET-22-refA,cvl,0.905
zhen,35,0.01,weighted_cvq:mtme_MS-COMET-22-refA,cvq,0.904
zhen,35,0.01,weighted_cvu:mtme_MS-COMET-22-refA,cvu,0.9015
zhen,35,0.01,dedup_cvl:mtme_MS-COMET-QE-22-src,cvl,0.89
zhen,35,0.01,dedup_cvq:mtme_MS-COMET-QE-22-src,cvq,0.8905
zhen,35,0.01,dedup_cvu:mtme_MS-COMET-QE-22-src,cvu,0.8935
zhen,35,0.01,weighted_cvl:mtme_MS-COMET-QE-22-src,cvl,0.8995
zhen,35,0.01,weighted_cvq:mtme_MS-COMET-QE-22-src,cvq,0.8975
zhen,35,0.01,weighted_cvu:mtme_MS-COMET-QE-22-src,cvu,0.898
zhen,35,0.01,dedup_cvl:mtme_REUSE-src,cvl,0.896
zhen,35,0.01,dedup_cvq:mtme_REUSE-src,cvq,0.8955
zhen,35,0.01,dedup_cvu:mtme_REUSE-src,cvu,0.8955
zhen,35,0.01,weighted_cvl:mtme_REUSE-src,cvl,0.8985
zhen,35,0.01,weighted_cvq:mtme_REUSE-src,cvq,0.897
zhen,35,0.01,weighted_cvu:mtme_REUSE-src,cvu,0.898
zhen,35,0.01,dedup_cvl:mtme_SEScore-refA,cvl,0.898
zhen,35,0.01,dedup_cvq:mtme_SEScore-refA,cvq,0.8955
zhen,35,0.01,dedup_cvu:mtme_SEScore-refA,cvu,0.894
zhen,35,0.01,weighted_cvl:mtme_SEScore-refA,cvl,0.8995
zhen,35,0.01,weighted_cvq:mtme_SEScore-refA,cvq,0.8995
zhen,35,0.01,weighted_cvu:mtme_SEScore-refA,cvu,0.899
zhen,35,0.01,dedup_cvl:mtme_UniTE-ref-refA,cvl,0.8915
zhen,35,0.01,dedup_cvq:mtme_UniTE-ref-refA,cvq,0.8905
zhen,35,0.01,dedup_cvu:mtme_UniTE-ref-refA,cvu,0.8945
zhen,35,0.01,weighted_cvl:mtme_UniTE-ref-refA,cvl,0.897
zhen,35,0.01,weighted_cvq:mtme_UniTE-ref-refA,cvq,0.898
zhen,35,0.01,weighted_cvu:mtme_UniTE-ref-refA,cvu,0.8965
zhen,35,0.01,dedup_cvl:mtme_UniTE-refA,cvl,0.8915
zhen,35,0.01,dedup_cvq:mtme_UniTE-refA,cvq,0.894
zhen,35,0.01,dedup_cvu:mtme_UniTE-refA,cvu,0.896
zhen,35,0.01,weighted_cvl:mtme_UniTE-refA,cvl,0.9
zhen,35,0.01,weighted_cvq:mtme_UniTE-refA,cvq,0.8985
zhen,35,0.01,weighted_cvu:mtme_UniTE-refA,cvu,0.896
zhen,35,0.01,dedup_cvl:mtme_UniTE-src-src,cvl,0.8935
zhen,35,0.01,dedup_cvq:mtme_UniTE-src-src,cvq,0.895
zhen,35,0.01,dedup_cvu:mtme_UniTE-src-src,cvu,0.8935
zhen,35,0.01,weighted_cvl:mtme_UniTE-src-src,cvl,0.8965
zhen,35,0.01,weighted_cvq:mtme_UniTE-src-src,cvq,0.896
zhen,35,0.01,weighted_cvu:mtme_UniTE-src-src,cvu,0.895
zhen,35,0.01,dedup_cvl:mtme_YiSi-1-refA,cvl,0.8935
zhen,35,0.01,dedup_cvq:mtme_YiSi-1-refA,cvq,0.896
zhen,35,0.01,dedup_cvu:mtme_YiSi-1-refA,cvu,0.894
zhen,35,0.01,weighted_cvl:mtme_YiSi-1-refA,cvl,0.896
zhen,35,0.01,weighted_cvq:mtme_YiSi-1-refA,cvq,0.896
zhen,35,0.01,weighted_cvu:mtme_YiSi-1-refA,cvu,0.897
zhen,35,0.01,dedup_cvl:mtme_chrF-refA,cvl,0.8955
zhen,35,0.01,dedup_cvq:mtme_chrF-refA,cvq,0.897
zhen,35,0.01,dedup_cvu:mtme_chrF-refA,cvu,0.8955
zhen,35,0.01,weighted_cvl:mtme_chrF-refA,cvl,0.898
zhen,35,0.01,weighted_cvq:mtme_chrF-refA,cvq,0.8985
zhen,35,0.01,weighted_cvu:mtme_chrF-refA,cvu,0.8975
zhen,35,0.01,dedup_cvl:mtme_f101spBLEU-refA,cvl,0.895
zhen,35,0.01,dedup_cvq:mtme_f101spBLEU-refA,cvq,0.896
zhen,35,0.01,dedup_cvu:mtme_f101spBLEU-refA,cvu,0.895
zhen,35,0.01,weighted_cvl:mtme_f101spBLEU-refA,cvl,0.898
zhen,35,0.01,weighted_cvq:mtme_f101spBLEU-refA,cvq,0.8955
zhen,35,0.01,weighted_cvu:mtme_f101spBLEU-refA,cvu,0.8965
zhen,35,0.01,dedup_cvl:mtme_f200spBLEU-refA,cvl,0.8955
zhen,35,0.01,dedup_cvq:mtme_f200spBLEU-refA,cvq,0.8955
zhen,35,0.01,dedup_cvu:mtme_f200spBLEU-refA,cvu,0.8965
zhen,35,0.01,weighted_cvl:mtme_f200spBLEU-refA,cvl,0.8985
zhen,35,0.01,weighted_cvq:mtme_f200spBLEU-refA,cvq,0.8965
zhen,35,0.01,weighted_cvu:mtme_f200spBLEU-refA,cvu,0.8975
zhen,35,0.01,dedup_cvl:mtme_metricx_xl_DA_2019-refA,cvl,0.894
zhen,35,0.01,dedup_cvq:mtme_metricx_xl_DA_2019-refA,cvq,0.897
zhen,35,0.01,dedup_cvu:mtme_metricx_xl_DA_2019-refA,cvu,0.896
zhen,35,0.01,weighted_cvl:mtme_metricx_xl_DA_2019-refA,cvl,0.896
zhen,35,0.01,weighted_cvq:mtme_metricx_xl_DA_2019-refA,cvq,0.895
zhen,35,0.01,weighted_cvu:mtme_metricx_xl_DA_2019-refA,cvu,0.8995
zhen,35,0.01,dedup_cvl:mtme_metricx_xl_MQM_2020-refA,cvl,0.8965
zhen,35,0.01,dedup_cvq:mtme_metricx_xl_MQM_2020-refA,cvq,0.8955
zhen,35,0.01,dedup_cvu:mtme_metricx_xl_MQM_2020-refA,cvu,0.8985
zhen,35,0.01,weighted_cvl:mtme_metricx_xl_MQM_2020-refA,cvl,0.896
zhen,35,0.01,weighted_cvq:mtme_metricx_xl_MQM_2020-refA,cvq,0.8975
zhen,35,0.01,weighted_cvu:mtme_metricx_xl_MQM_2020-refA,cvu,0.9
zhen,35,0.01,dedup_cvl:mtme_metricx_xxl_DA_2019-refA,cvl,0.893
zhen,35,0.01,dedup_cvq:mtme_metricx_xxl_DA_2019-refA,cvq,0.8985
zhen,35,0.01,dedup_cvu:mtme_metricx_xxl_DA_2019-refA,cvu,0.8975
zhen,35,0.01,weighted_cvl:mtme_metricx_xxl_DA_2019-refA,cvl,0.8945
zhen,35,0.01,weighted_cvq:mtme_metricx_xxl_DA_2019-refA,cvq,0.8965
zhen,35,0.01,weighted_cvu:mtme_metricx_xxl_DA_2019-refA,cvu,0.8965
zhen,35,0.01,dedup_cvl:mtme_metricx_xxl_MQM_2020-refA,cvl,0.8955
zhen,35,0.01,dedup_cvq:mtme_metricx_xxl_MQM_2020-refA,cvq,0.8985
zhen,35,0.01,dedup_cvu:mtme_metricx_xxl_MQM_2020-refA,cvu,0.8995
zhen,35,0.01,weighted_cvl:mtme_metricx_xxl_MQM_2020-refA,cvl,0.895
zhen,35,0.01,weighted_cvq:mtme_metricx_xxl_MQM_2020-refA,cvq,0.893
zhen,35,0.01,weighted_cvu:mtme_metricx_xxl_MQM_2020-refA,cvu,0.8975
zhen,35,0.01,weighted_cvo:mtme_BERTScore-refA,cvo,0.8995
zhen,35,0.01,weighted_cvo:mtme_BLEU-refA,cvo,0.8965
zhen,35,0.01,weighted_cvo:mtme_BLEURT-20-refA,cvo,0.9015
zhen,35,0.01,weighted_cvo:mtme_COMET-20-refA,cvo,0.902
zhen,35,0.01,weighted_cvo:mtme_COMET-22-refA,cvo,0.905
zhen,35,0.01,weighted_cvo:mtme_COMET-QE-src,cvo,0.9
zhen,35,0.01,weighted_cvo:mtme_COMETKiwi-src,cvo,0.901
zhen,35,0.01,weighted_cvo:mtme_Cross-QE-src,cvo,0.9
zhen,35,0.01,weighted_cvo:mtme_HWTSC-TLM-src,cvo,0.9
zhen,35,0.01,weighted_cvo:mtme_HWTSC-Teacher-Sim-src,cvo,0.898
zhen,35,0.01,weighted_cvo:mtme_KG-BERTScore-src,cvo,0.9
zhen,35,0.01,weighted_cvo:mtme_MATESE-QE-src,cvo,0.897
zhen,35,0.01,weighted_cvo:mtme_MATESE-refA,cvo,0.9
zhen,35,0.01,weighted_cvo:mtme_MEE-refA,cvo,0.9
zhen,35,0.01,weighted_cvo:mtme_MEE2-refA,cvo,0.899
zhen,35,0.01,weighted_cvo:mtme_MEE4-refA,cvo,0.8995
zhen,35,0.01,weighted_cvo:mtme_MS-COMET-22-refA,cvo,0.9035
zhen,35,0.01,weighted_cvo:mtme_MS-COMET-QE-22-src,cvo,0.8985
zhen,35,0.01,weighted_cvo:mtme_REUSE-src,cvo,0.898
zhen,35,0.01,weighted_cvo:mtme_SEScore-refA,cvo,0.904
zhen,35,0.01,weighted_cvo:mtme_UniTE-ref-refA,cvo,0.899
zhen,35,0.01,weighted_cvo:mtme_UniTE-refA,cvo,0.8985
zhen,35,0.01,weighted_cvo:mtme_UniTE-src-src,cvo,0.894
zhen,35,0.01,weighted_cvo:mtme_YiSi-1-refA,cvo,0.901
zhen,35,0.01,weighted_cvo:mtme_chrF-refA,cvo,0.8975
zhen,35,0.01,weighted_cvo:mtme_f101spBLEU-refA,cvo,0.8965
zhen,35,0.01,weighted_cvo:mtme_f200spBLEU-refA,cvo,0.897
zhen,35,0.01,weighted_cvo:mtme_metricx_xl_DA_2019-refA,cvo,0.8975
zhen,35,0.01,weighted_cvo:mtme_metricx_xl_MQM_2020-refA,cvo,0.896
zhen,35,0.01,weighted_cvo:mtme_metricx_xxl_DA_2019-refA,cvo,0.898
zhen,35,0.01,weighted_cvo:mtme_metricx_xxl_MQM_2020-refA,cvo,0.892
zhen,35,0.02,uniform,human,0.9105
zhen,35,0.02,dedup,human,0.9
zhen,35,0.02,weighted,human,0.889
zhen,35,0.02,dedup_cvl:mtme_BERTScore-refA,cvl,0.9015
zhen,35,0.02,dedup_cvq:mtme_BERTScore-refA,cvq,0.902
zhen,35,0.02,dedup_cvu:mtme_BERTScore-refA,cvu,0.905
zhen,35,0.02,weighted_cvl:mtme_BERTScore-refA,cvl,0.89
zhen,35,0.02,weighted_cvq:mtme_BERTScore-refA,cvq,0.885
zhen,35,0.02,weighted_cvu:mtme_BERTScore-refA,cvu,0.887
zhen,35,0.02,dedup_cvl:mtme_BLEU-refA,cvl,0.901
zhen,35,0.02,dedup_cvq:mtme_BLEU-refA,cvq,0.899
zhen,35,0.02,dedup_cvu:mtme_BLEU-refA,cvu,0.901
zhen,35,0.02,weighted_cvl:mtme_BLEU-refA,cvl,0.8915
zhen,35,0.02,weighted_cvq:mtme_BLEU-refA,cvq,0.889
zhen,35,0.02,weighted_cvu:mtme_BLEU-refA,cvu,0.8905
zhen,35,0.02,dedup_cvl:mtme_BLEURT-20-refA,cvl,0.902
zhen,35,0.02,dedup_cvq:mtme_BLEURT-20-refA,cvq,0.9
zhen,35,0.02,dedup_cvu:mtme_BLEURT-20-refA,cvu,0.901
zhen,35,0.02,weighted_cvl:mtme_BLEURT-20-refA,cvl,0.889
zhen,35,0.02,weighted_cvq:mtme_BLEURT-20-refA,cvq,0.8885
zhen,35,0.02,weighted_cvu:mtme_BLEURT-20-refA,cvu,0.889
zhen,35,0.02,dedup_cvl:mtme_COMET-20-refA,cvl,0.904
zhen,35,0.02,dedup_cvq:mtme_COMET-20-refA,cvq,0.904
zhen,35,0.02,dedup_cvu:mtme_COMET-20-refA,cvu,0.905
zhen,35,0.02,weighted_cvl:mtme_COMET-20-refA,cvl,0.891
zhen,35,0.02,weighted_cvq:mtme_COMET-20-refA,cvq,0.8895
zhen,35,0.02,weighted_cvu:mtme_COMET-20-refA,cvu,0.8905
zhen,35,0.02,dedup_cvl:mtme_COMET-22-refA,cvl,0.8965
zhen,35,0.02,dedup_cvq:mtme_COMET-22-refA,cvq,0.8945
zhen,35,0.02,dedup_cvu:mtme_COMET-22-refA,cvu,0.8955
zhen,35,0.02,weighted_cvl:mtme_COMET-22-refA,cvl,0.89
zhen,35,0.02,weighted_cvq:mtme_COMET-22-refA,cvq,0.8895
zhen,35,0.02,weighted_cvu:mtme_COMET-22-refA,cvu,0.8885
zhen,35,0.02,dedup_cvl:mtme_COMET-QE-src,cvl,0.9015
zhen,35,0.02,dedup_cvq:mtme_COMET-QE-src,cvq,0.8965
zhen,35,0.02,dedup_cvu:mtme_COMET-QE-src,cvu,0.9025
zhen,35,0.02,weighted_cvl:mtme_COMET-QE-src,cvl,0.8885
zhen,35,0.02,weighted_cvq:mtme_COMET-QE-src,cvq,0.8855
zhen,35,0.02,weighted_cvu:mtme_COMET-QE-src,cvu,0.8865
zhen,35,0.02,dedup_cvl:mtme_COMETKiwi-src,cvl,0.8965
zhen,35,0.02,dedup_cvq:mtme_COMETKiwi-src,cvq,0.899
zhen,35,0.02,dedup_cvu:mtme_COMETKiwi-src,cvu,0.9
zhen,35,0.02,weighted_cvl:mtme_COMETKiwi-src,cvl,0.8875
zhen,35,0.02,weighted_cvq:mtme_COMETKiwi-src,cvq,0.889
zhen,35,0.02,weighted_cvu:mtme_COMETKiwi-src,cvu,0.891
zhen,35,0.02,dedup_cvl:mtme_Cross-QE-src,cvl,0.902
zhen,35,0.02,dedup_cvq:mtme_Cross-QE-src,cvq,0.8995
zhen,35,0.02,dedup_cvu:mtme_Cross-QE-src,cvu,0.903
zhen,35,0.02,weighted_cvl:mtme_Cross-QE-src,cvl,0.8895
zhen,35,0.02,weighted_cvq:mtme_Cross-QE-src,cvq,0.8855
zhen,35,0.02,weighted_cvu:mtme_Cross-QE-src,cvu,0.8885
zhen,35,0.02,dedup_cvl:mtme_HWTSC-TLM-src,cvl,0.901
zhen,35,0.02,dedup_cvq:mtme_HWTSC-TLM-src,cvq,0.9015
zhen,35,0.02,dedup_cvu:mtme_HWTSC-TLM-src,cvu,0.9035
zhen,35,0.02,weighted_cvl:mtme_HWTSC-TLM-src,cvl,0.8935
zhen,35,0.02,weighted_cvq:mtme_HWTSC-TLM-src,cvq,0.8885
zhen,35,0.02,weighted_cvu:mtme_HWTSC-TLM-src,cvu,0.8895
zhen,35,0.02,dedup_cvl:mtme_HWTSC-Teacher-Sim-src,cvl,0.9025
zhen,35,0.02,dedup_cvq:mtme_HWTSC-Teacher-Sim-src,cvq,0.904
zhen,35,0.02,dedup_cvu:mtme_HWTSC-Teacher-Sim-src,cvu,0.904
zhen,35,0.02,weighted_cvl:mtme_HWTSC-Teacher-Sim-src,cvl,0.892
zhen,35,0.02,weighted_cvq:mtme_HWTSC-Teacher-Sim-src,cvq,0.8885
zhen,35,0.02,weighted_cvu:mtme_HWTSC-Teacher-Sim-src,cvu,0.893
zhen,35,0.02,dedup_cvl:mtme_KG-BERTScore-src,cvl,0.904
zhen,35,0.02,dedup_cvq:mtme_KG-BERTScore-src,cvq,0.903
zhen,35,0.02,dedup_cvu:mtme_KG-BERTScore-src,cvu,0.9055
zhen,35,0.02,weighted_cvl:mtme_KG-BERTScore-src,cvl,0.8955
zhen,35,0.02,weighted_cvq:mtme_KG-BERTScore-src,cvq,0.888
zhen,35,0.02,weighted_cvu:mtme_KG-BERTScore-src,cvu,0.8935
zhen,35,0.02,dedup_cvl:mtme_MATESE-QE-src,cvl,0.8975
zhen,35,0.02,dedup_cvq:mtme_MATESE-QE-src,cvq,0.8935
zhen,35,0.02,dedup_cvu:mtme_MATESE-QE-src,cvu,0.901
zhen,35,0.02,weighted_cvl:mtme_MATESE-QE-src,cvl,0.8915
zhen,35,0.02,weighted_cvq:mtme_MATESE-QE-src,cvq,0.8915
zhen,35,0.02,weighted_cvu:mtme_MATESE-QE-src,cvu,0.8935
zhen,35,0.02,dedup_cvl:mtme_MATESE-refA,cvl,0.898
zhen,35,0.02,dedup_cvq:mtme_MATESE-refA,cvq,0.894
zhen,35,0.02,dedup_cvu:mtme_MATESE-refA,cvu,0.9005
zhen,35,0.02,weighted_cvl:mtme_MATESE-refA,cvl,0.8935
zhen,35,0.02,weighted_cvq:mtme_MATESE-refA,cvq,0.888
zhen,35,0.02,weighted_cvu:mtme_MATESE-refA,cvu,0.8895
zhen,35,0.02,dedup_cvl:mtme_MEE-refA,cvl,0.8995
zhen,35,0.02,dedup_cvq:mtme_MEE-refA,cvq,0.8995
zhen,35,0.02,dedup_cvu:mtme_MEE-refA,cvu,0.905
zhen,35,0.02,weighted_cvl:mtme_MEE-refA,cvl,0.8875
zhen,35,0.02,weighted_cvq:mtme_MEE-refA,cvq,0.8855
zhen,35,0.02,weighted_cvu:mtme_MEE-refA,cvu,0.884
zhen,35,0.02,dedup_cvl:mtme_MEE2-refA,cvl,0.901
zhen,35,0.02,dedup_cvq:mtme_MEE2-refA,cvq,0.9005
zhen,35,0.02,dedup_cvu:mtme_MEE2-refA,cvu,0.9045
zhen,35,0.02,weighted_cvl:mtme_MEE2-refA,cvl,0.885
zhen,35,0.02,weighted_cvq:mtme_MEE2-refA,cvq,0.883
zhen,35,0.02,weighted_cvu:mtme_MEE2-refA,cvu,0.8845
zhen,35,0.02,dedup_cvl:mtme_MEE4-refA,cvl,0.9
zhen,35,0.02,dedup_cvq:mtme_MEE4-refA,cvq,0.9005
zhen,35,0.02,dedup_cvu:mtme_MEE4-refA,cvu,0.903
zhen,35,0.02,weighted_cvl:mtme_MEE4-refA,cvl,0.886
zhen,35,0.02,weighted_cvq:mtme_MEE4-refA,cvq,0.8835
zhen,35,0.02,weighted_cvu:mtme_MEE4-refA,cvu,0.8835
zhen,35,0.02,dedup_cvl:mtme_MS-COMET-22-refA,cvl,0.902
zhen,35,0.02,dedup_cvq:mtme_MS-COMET-22-refA,cvq,0.896
zhen,35,0.02,dedup_cvu:mtme_MS-COMET-22-refA,cvu,0.9035
zhen,35,0.02,weighted_cvl:mtme_MS-COMET-22-refA,cvl,0.8915
zhen,35,0.02,weighted_cvq:mtme_MS-COMET-22-refA,cvq,0.8875
zhen,35,0.02,weighted_cvu:mtme_MS-COMET-22-refA,cvu,0.8935
zhen,35,0.02,dedup_cvl:mtme_MS-COMET-QE-22-src,cvl,0.8965
zhen,35,0.02,dedup_cvq:mtme_MS-COMET-QE-22-src,cvq,0.8925
zhen,35,0.02,dedup_cvu:mtme_MS-COMET-QE-22-src,cvu,0.8965
zhen,35,0.02,weighted_cvl:mtme_MS-COMET-QE-22-src,cvl,0.89
zhen,35,0.02,weighted_cvq:mtme_MS-COMET-QE-22-src,cvq,0.8865
zhen,35,0.02,weighted_cvu:mtme_MS-COMET-QE-22-src,cvu,0.8885
zhen,35,0.02,dedup_cvl:mtme_REUSE-src,cvl,0.901
zhen,35,0.02,dedup_cvq:mtme_REUSE-src,cvq,0.9005
zhen,35,0.02,dedup_cvu:mtme_REUSE-src,cvu,0.901
zhen,35,0.02,weighted_cvl:mtme_REUSE-src,cvl,0.885
zhen,35,0.02,weighted_cvq:mtme_REUSE-src,cvq,0.8855
zhen,35,0.02,weighted_cvu:mtme_REUSE-src,cvu,0.8855
zhen,35,0.02,dedup_cvl:mtme_SEScore-refA,cvl,0.9045
zhen,35,0.02,dedup_cvq:mtme_SEScore-refA,cvq,0.9045
zhen,35,0.02,dedup_cvu:mtme_SEScore-refA,cvu,0.901
zhen,35,0.02,weighted_cvl:mtme_SEScore-refA,cvl,0.8955
zhen,35,0.02,weighted_cvq:mtme_SEScore-refA,cvq,0.8905
zhen,35,0.02,weighted_cvu:mtme_SEScore-refA,cvu,0.891
zhen,35,0.02,dedup_cvl:mtme_UniTE-ref-refA,cvl,0.9055
zhen,35,0.02,dedup_cvq:mtme_UniTE-ref-refA,cvq,0.895
zhen,35,0.02,dedup_cvu:mtme_UniTE-ref-refA,cvu,0.906
zhen,35,0.02,weighted_cvl:mtme_UniTE-ref-refA,cvl,0.8935
zhen,35,0.02,weighted_cvq:mtme_UniTE-ref-refA,cvq,0.8865
zhen,35,0.02,weighted_cvu:mtme_UniTE-ref-refA,cvu,0.89
zhen,35,0.02,dedup_cvl:mtme_UniTE-refA,cvl,0.896
zhen,35,0.02,dedup_cvq:mtme_UniTE-refA,cvq,0.895
zhen,35,0.02,dedup_cvu:mtme_UniTE-refA,cvu,0.8985
zhen,35,0.02,weighted_cvl:mtme_UniTE-refA,cvl,0.8975
zhen,35,0.02,weighted_cvq:mtme_UniTE-refA,cvq,0.89
zhen,35,0.02,weighted_cvu:mtme_UniTE-refA,cvu,0.8885
zhen,35,0.02,dedup_cvl:mtme_UniTE-src-src,cvl,0.8995
zhen,35,0.02,dedup_cvq:mtme_UniTE-src-src,cvq,0.8995
zhen,35,0.02,dedup_cvu:mtme_UniTE-src-src,cvu,0.9025
zhen,35,0.02,weighted_cvl:mtme_UniTE-src-src,cvl,0.891
zhen,35,0.02,weighted_cvq:mtme_UniTE-src-src,cvq,0.888
zhen,35,0.02,weighted_cvu:mtme_UniTE-src-src,cvu,0.8875
zhen,35,0.02,dedup_cvl:mtme_YiSi-1-refA,cvl,0.9005
zhen,35,0.02,dedup_cvq:mtme_YiSi-1-refA,cvq,0.903
zhen,35,0.02,dedup_cvu:mtme_YiSi-1-refA,cvu,0.9025
zhen,35,0.02,weighted_cvl:mtme_YiSi-1-refA,cvl,0.888
zhen,35,0.02,weighted_cvq:mtme_YiSi-1-refA,cvq,0.8885
zhen,35,0.02,weighted_cvu:mtme_YiSi-1-refA,cvu,0.888
zhen,35,0.02,dedup_cvl:mtme_chrF-refA,cvl,0.901
zhen,35,0.02,dedup_cvq:mtme_chrF-refA,cvq,0.8985
zhen,35,0.02,dedup_cvu:mtme_chrF-refA,cvu,0.9035
zhen,35,0.02,weighted_cvl:mtme_chrF-refA,cvl,0.8895
zhen,35,0.02,weighted_cvq:mtme_chrF-refA,cvq,0.8865
zhen,35,0.02,weighted_cvu:mtme_chrF-refA,cvu,0.886
zhen,35,0.02,dedup_cvl:mtme_f101spBLEU-refA,cvl,0.9005
zhen,35,0.02,dedup_cvq:mtme_f101spBLEU-refA,cvq,0.8995
zhen,35,0.02,dedup_cvu:mtme_f101spBLEU-refA,cvu,0.9
zhen,35,0.02,weighted_cvl:mtme_f101spBLEU-refA,cvl,0.889
zhen,35,0.02,weighted_cvq:mtme_f101spBLEU-refA,cvq,0.889
zhen,35,0.02,weighted_cvu:mtme_f101spBLEU-refA,cvu,0.889
zhen,35,0.02,dedup_cvl:mtme_f200spBLEU-refA,cvl,0.8995
zhen,35,0.02,dedup_cvq:mtme_f200spBLEU-refA,cvq,0.9005
zhen,35,0.02,dedup_cvu:mtme_f200spBLEU-refA,cvu,0.901
zhen,35,0.02,weighted_cvl:mtme_f200spBLEU-refA,cvl,0.89
zhen,35,0.02,weighted_cvq:mtme_f200spBLEU-refA,cvq,0.889
zhen,35,0.02,weighted_cvu:mtme_f200spBLEU-refA,cvu,0.8895
zhen,35,0.02,dedup_cvl:mtme_metricx_xl_DA_2019-refA,cvl,0.9045
zhen,35,0.02,dedup_cvq:mtme_metricx_xl_DA_2019-refA,cvq,0.894
zhen,35,0.02,dedup_cvu:mtme_metricx_xl_DA_2019-refA,cvu,0.9065
zhen,35,0.02,weighted_cvl:mtme_metricx_xl_DA_2019-refA,cvl,0.8955
zhen,35,0.02,weighted_cvq:mtme_metricx_xl_DA_2019-refA,cvq,0.89
zhen,35,0.02,weighted_cvu:mtme_metricx_xl_DA_2019-refA,cvu,0.893
zhen,35,0.02,dedup_cvl:mtme_metricx_xl_MQM_2020-refA,cvl,0.898
zhen,35,0.02,dedup_cvq:mtme_metricx_xl_MQM_2020-refA,cvq,0.893
zhen,35,0.02,dedup_cvu:mtme_metricx_xl_MQM_2020-refA,cvu,0.899
zhen,35,0.02,weighted_cvl:mtme_metricx_xl_MQM_2020-refA,cvl,0.8905
zhen,35,0.02,weighted_cvq:mtme_metricx_xl_MQM_2020-refA,cvq,0.897
zhen,35,0.02,weighted_cvu:mtme_metricx_xl_MQM_2020-refA,cvu,0.8875
zhen,35,0.02,dedup_cvl:mtme_metricx_xxl_DA_2019-refA,cvl,0.903
zhen,35,0.02,dedup_cvq:mtme_metricx_xxl_DA_2019-refA,cvq,0.895
zhen,35,0.02,dedup_cvu:mtme_metricx_xxl_DA_2019-refA,cvu,0.903
zhen,35,0.02,weighted_cvl:mtme_metricx_xxl_DA_2019-refA,cvl,0.892
zhen,35,0.02,weighted_cvq:mtme_metricx_xxl_DA_2019-refA,cvq,0.887
zhen,35,0.02,weighted_cvu:mtme_metricx_xxl_DA_2019-refA,cvu,0.8905
zhen,35,0.02,dedup_cvl:mtme_metricx_xxl_MQM_2020-refA,cvl,0.8985
zhen,35,0.02,dedup_cvq:mtme_metricx_xxl_MQM_2020-refA,cvq,0.8965
zhen,35,0.02,dedup_cvu:mtme_metricx_xxl_MQM_2020-refA,cvu,0.8985
zhen,35,0.02,weighted_cvl:mtme_metricx_xxl_MQM_2020-refA,cvl,0.8915
zhen,35,0.02,weighted_cvq:mtme_metricx_xxl_MQM_2020-refA,cvq,0.887
zhen,35,0.02,weighted_cvu:mtme_metricx_xxl_MQM_2020-refA,cvu,0.8885
zhen,35,0.02,weighted_cvo:mtme_BERTScore-refA,cvo,0.8885
zhen,35,0.02,weighted_cvo:mtme_BLEU-refA,cvo,0.8885
zhen,35,0.02,weighted_cvo:mtme_BLEURT-20-refA,cvo,0.891
zhen,35,0.02,weighted_cvo:mtme_COMET-20-refA,cvo,0.887
zhen,35,0.02,weighted_cvo:mtme_COMET-22-refA,cvo,0.888
zhen,35,0.02,weighted_cvo:mtme_COMET-QE-src,cvo,0.8905
zhen,35,0.02,weighted_cvo:mtme_COMETKiwi-src,cvo,0.887
zhen,35,0.02,weighted_cvo:mtme_Cross-QE-src,cvo,0.885
zhen,35,0.02,weighted_cvo:mtme_HWTSC-TLM-src,cvo,0.889
zhen,35,0.02,weighted_cvo:mtme_HWTSC-Teacher-Sim-src,cvo,0.8905
zhen,35,0.02,weighted_cvo:mtme_KG-BERTScore-src,cvo,0.8895
zhen,35,0.02,weighted_cvo:mtme_MATESE-QE-src,cvo,0.891
zhen,35,0.02,weighted_cvo:mtme_MATESE-refA,cvo,0.8875
zhen,35,0.02,weighted_cvo:mtme_MEE-refA,cvo,0.884
zhen,35,0.02,weighted_cvo:mtme_MEE2-refA,cvo,0.8855
zhen,35,0.02,weighted_cvo:mtme_MEE4-refA,cvo,0.8865
zhen,35,0.02,weighted_cvo:mtme_MS-COMET-22-refA,cvo,0.888
zhen,35,0.02,weighted_cvo:mtme_MS-COMET-QE-22-src,cvo,0.8895
zhen,35,0.02,weighted_cvo:mtme_REUSE-src,cvo,0.8875
zhen,35,0.02,weighted_cvo:mtme_SEScore-refA,cvo,0.8915
zhen,35,0.02,weighted_cvo:mtme_UniTE-ref-refA,cvo,0.8895
zhen,35,0.02,weighted_cvo:mtme_UniTE-refA,cvo,0.8935
zhen,35,0.02,weighted_cvo:mtme_UniTE-src-src,cvo,0.8875
zhen,35,0.02,weighted_cvo:mtme_YiSi-1-refA,cvo,0.8855
zhen,35,0.02,weighted_cvo:mtme_chrF-refA,cvo,0.888
zhen,35,0.02,weighted_cvo:mtme_f101spBLEU-refA,cvo,0.8885
zhen,35,0.02,weighted_cvo:mtme_f200spBLEU-refA,cvo,0.8875
zhen,35,0.02,weighted_cvo:mtme_metricx_xl_DA_2019-refA,cvo,0.8915
zhen,35,0.02,weighted_cvo:mtme_metricx_xl_MQM_2020-refA,cvo,0.8895
zhen,35,0.02,weighted_cvo:mtme_metricx_xxl_DA_2019-refA,cvo,0.8935
zhen,35,0.02,weighted_cvo:mtme_metricx_xxl_MQM_2020-refA,cvo,0.89
zhen,45,0.01,uniform,human,0.9075
zhen,45,0.01,dedup,human,0.908
zhen,45,0.01,weighted,human,0.907
zhen,45,0.01,dedup_cvl:mtme_BERTScore-refA,cvl,0.911
zhen,45,0.01,dedup_cvq:mtme_BERTScore-refA,cvq,0.908
zhen,45,0.01,dedup_cvu:mtme_BERTScore-refA,cvu,0.9095
zhen,45,0.01,weighted_cvl:mtme_BERTScore-refA,cvl,0.904
zhen,45,0.01,weighted_cvq:mtme_BERTScore-refA,cvq,0.9095
zhen,45,0.01,weighted_cvu:mtme_BERTScore-refA,cvu,0.908
zhen,45,0.01,dedup_cvl:mtme_BLEU-refA,cvl,0.9075
zhen,45,0.01,dedup_cvq:mtme_BLEU-refA,cvq,0.9085
zhen,45,0.01,dedup_cvu:mtme_BLEU-refA,cvu,0.909
zhen,45,0.01,weighted_cvl:mtme_BLEU-refA,cvl,0.9045
zhen,45,0.01,weighted_cvq:mtme_BLEU-refA,cvq,0.905
zhen,45,0.01,weighted_cvu:mtme_BLEU-refA,cvu,0.9055
zhen,45,0.01,dedup_cvl:mtme_BLEURT-20-refA,cvl,0.9105
zhen,45,0.01,dedup_cvq:mtme_BLEURT-20-refA,cvq,0.9125
zhen,45,0.01,dedup_cvu:mtme_BLEURT-20-refA,cvu,0.912
zhen,45,0.01,weighted_cvl:mtme_BLEURT-20-refA,cvl,0.9045
zhen,45,0.01,weighted_cvq:mtme_BLEURT-20-refA,cvq,0.9045
zhen,45,0.01,weighted_cvu:mtme_BLEURT-20-refA,cvu,0.9055
zhen,45,0.01,dedup_cvl:mtme_COMET-20-refA,cvl,0.9095
zhen,45,0.01,dedup_cvq:mtme_COMET-20-refA,cvq,0.9065
zhen,45,0.01,dedup_cvu:mtme_COMET-20-refA,cvu,0.908
zhen,45,0.01,weighted_cvl:mtme_COMET-20-refA,cvl,0.9105
zhen,45,0.01,weighted_cvq:mtme_COMET-20-refA,cvq,0.9105
zhen,45,0.01,weighted_cvu:mtme_COMET-20-refA,cvu,0.9105
zhen,45,0.01,dedup_cvl:mtme_COMET-22-refA,cvl,0.911
zhen,45,0.01,dedup_cvq:mtme_COMET-22-refA,cvq,0.9105
zhen,45,0.01,dedup_cvu:mtme_COMET-22-refA,cvu,0.911
zhen,45,0.01,weighted_cvl:mtme_COMET-22-refA,cvl,0.905
zhen,45,0.01,weighted_cvq:mtme_COMET-22-refA,cvq,0.9045
zhen,45,0.01,weighted_cvu:mtme_COMET-22-refA,cvu,0.9055
zhen,45,0.01,dedup_cvl:mtme_COMET-QE-src,cvl,0.914
zhen,45,0.01,dedup_cvq:mtme_COMET-QE-src,cvq,0.9105
zhen,45,0.01,dedup_cvu:mtme_COMET-QE-src,cvu,0.91
zhen,45,0.01,weighted_cvl:mtme_COMET-QE-src,cvl,0.912
zhen,45,0.01,weighted_cvq:mtme_COMET-QE-src,cvq,0.9065
zhen,45,0.01,weighted_cvu:mtme_COMET-QE-src,cvu,0.9095
zhen,45,0.01,dedup_cvl:mtme_COMETKiwi-src,cvl,0.9095
zhen,45,0.01,dedup_cvq:mtme_COMETKiwi-src,cvq,0.912
zhen,45,0.01,dedup_cvu:mtme_COMETKiwi-src,cvu,0.913
zhen,45,0.01,weighted_cvl:mtme_COMETKiwi-src,cvl,0.9085
zhen,45,0.01,weighted_cvq:mtme_COMETKiwi-src,cvq,0.911
zhen,45,0.01,weighted_cvu:mtme_COMETKiwi-src,cvu,0.91
zhen,45,0.01,dedup_cvl:mtme_Cross-QE-src,cvl,0.913
zhen,45,0.01,dedup_cvq:mtme_Cross-QE-src,cvq,0.9105
zhen,45,0.01,dedup_cvu:mtme_Cross-QE-src,cvu,0.91
zhen,45,0.01,weighted_cvl:mtme_Cross-QE-src,cvl,0.9125
zhen,45,0.01,weighted_cvq:mtme_Cross-QE-src,cvq,0.905
zhen,45,0.01,weighted_cvu:mtme_Cross-QE-src,cvu,0.9085
zhen,45,0.01,dedup_cvl:mtme_HWTSC-TLM-src,cvl,0.9105
zhen,45,0.01,dedup_cvq:mtme_HWTSC-TLM-src,cvq,0.9095
zhen,45,0.01,dedup_cvu:mtme_HWTSC-TLM-src,cvu,0.9085
zhen,45,0.01,weighted_cvl:mtme_HWTSC-TLM-src,cvl,0.9065
zhen,45,0.01,weighted_cvq:mtme_HWTSC-TLM-src,cvq,0.906
zhen,45,0.01,weighted_cvu:mtme_HWTSC-TLM-src,cvu,0.907
zhen,45,0.01,dedup_cvl:mtme_HWTSC-Teacher-Sim-src,cvl,0.912
zhen,45,0.01,dedup_cvq:mtme_HWTSC-Teacher-Sim-src,cvq,0.911
zhen,45,0.01,dedup_cvu:mtme_HWTSC-Teacher-Sim-src,cvu,0.9105
zhen,45,0.01,weighted_cvl:mtme_HWTSC-Teacher-Sim-src,cvl,0.9085
zhen,45,0.01,weighted_cvq:mtme_HWTSC-Teacher-Sim-src,cvq,0.906
zhen,45,0.01,weighted_cvu:mtme_HWTSC-Teacher-Sim-src,cvu,0.9075
zhen,45,0.01,dedup_cvl:mtme_KG-BERTScore-src,cvl,0.9095
zhen,45,0.01,dedup_cvq:mtme_KG-BERTScore-src,cvq,0.9105
zhen,45,0.01,dedup_cvu:mtme_KG-BERTScore-src,cvu,0.9105
zhen,45,0.01,weighted_cvl:mtme_KG-BERTScore-src,cvl,0.9055
zhen,45,0.01,weighted_cvq:mtme_KG-BERTScore-src,cvq,0.9065
zhen,45,0.01,weighted_cvu:mtme_KG-BERTScore-src,cvu,0.9075
zhen,45,0.01,dedup_cvl:mtme_MATESE-QE-src,cvl,0.909
zhen,45,0.01,dedup_cvq:mtme_MATESE-QE-src,cvq,0.909
zhen,45,0.01,dedup_cvu:mtme_MATESE-QE-src,cvu,0.9125
zhen,45,0.01,weighted_cvl:mtme_MATESE-QE-src,cvl,0.885
zhen,45,0.01,weighted_cvq:mtme_MATESE-QE-src,cvq,0.907
zhen,45,0.01,weighted_cvu:mtme_MATESE-QE-src,cvu,0.9075
zhen,45,0.01,dedup_cvl:mtme_MATESE-refA,cvl,0.906
zhen,45,0.01,dedup_cvq:mtme_MATESE-refA,cvq,0.91
zhen,45,0.01,dedup_cvu:mtme_MATESE-refA,cvu,0.9065
zhen,45,0.01,weighted_cvl:mtme_MATESE-refA,cvl,0.908
zhen,45,0.01,weighted_cvq:mtme_MATESE-refA,cvq,0.9075
zhen,45,0.01,weighted_cvu:mtme_MATESE-refA,cvu,0.9065
zhen,45,0.01,dedup_cvl:mtme_MEE-refA,cvl,0.9105
zhen,45,0.01,dedup_cvq:mtme_MEE-refA,cvq,0.9095
zhen,45,0.01,dedup_cvu:mtme_MEE-refA,cvu,0.91
zhen,45,0.01,weighted_cvl:mtme_MEE-refA,cvl,0.903
zhen,45,0.01,weighted_cvq:mtme_MEE-refA,cvq,0.905
zhen,45,0.01,weighted_cvu:mtme_MEE-refA,cvu,0.9045
zhen,45,0.01,dedup_cvl:mtme_MEE2-refA,cvl,0.909
zhen,45,0.01,dedup_cvq:mtme_MEE2-refA,cvq,0.911
zhen,45,0.01,dedup_cvu:mtme_MEE2-refA,cvu,0.9125
zhen,45,0.01,weighted_cvl:mtme_MEE2-refA,cvl,0.9035
zhen,45,0.01,weighted_cvq:mtme_MEE2-refA,cvq,0.905
zhen,45,0.01,weighted_cvu:mtme_MEE2-refA,cvu,0.905
zhen,45,0.01,dedup_cvl:mtme_MEE4-refA,cvl,0.9115
zhen,45,0.01,dedup_cvq:mtme_MEE4-refA,cvq,0.912
zhen,45,0.01,dedup_cvu:mtme_MEE4-refA,cvu,0.9125
zhen,45,0.01,weighted_cvl:mtme_MEE4-refA,cvl,0.9035
zhen,45,0.01,weighted_cvq:mtme_MEE4-refA,cvq,0.907
zhen,45,0.01,weighted_cvu:mtme_MEE4-refA,cvu,0.9065
zhen,45,0.01,dedup_cvl:mtme_MS-COMET-22-refA,cvl,0.9095
zhen,45,0.01,dedup_cvq:mtme_MS-COMET-22-refA,cvq,0.911
zhen,45,0.01,dedup_cvu:mtme_MS-COMET-22-refA,cvu,0.91
zhen,45,0.01,weighted_cvl:mtme_MS-COMET-22-refA,cvl,0.9065
zhen,45,0.01,weighted_cvq:mtme_MS-COMET-22-refA,cvq,0.907
zhen,45,0.01,weighted_cvu:mtme_MS-COMET-22-refA,cvu,0.909
zhen,45,0.01,dedup_cvl:mtme_MS-COMET-QE-22-src,cvl,0.91
zhen,45,0.01,dedup_cvq:mtme_MS-COMET-QE-22-src,cvq,0.911
zhen,45,0.01,dedup_cvu:mtme_MS-COMET-QE-22-src,cvu,0.914
zhen,45,0.01,weighted_cvl:mtme_MS-COMET-QE-22-src,cvl,0.8815
zhen,45,0.01,weighted_cvq:mtme_MS-COMET-QE-22-src,cvq,0.909
zhen,45,0.01,weighted_cvu:mtme_MS-COMET-QE-22-src,cvu,0.91
zhen,45,0.01,dedup_cvl:mtme_REUSE-src,cvl,0.903
zhen,45,0.01,dedup_cvq:mtme_REUSE-src,cvq,0.907
zhen,45,0.01,dedup_cvu:mtme_REUSE-src,cvu,0.906
zhen,45,0.01,weighted_cvl:mtme_REUSE-src,cvl,0.904
zhen,45,0.01,weighted_cvq:mtme_REUSE-src,cvq,0.904
zhen,45,0.01,weighted_cvu:mtme_REUSE-src,cvu,0.905
zhen,45,0.01,dedup_cvl:mtme_SEScore-refA,cvl,0.9145
zhen,45,0.01,dedup_cvq:mtme_SEScore-refA,cvq,0.913
zhen,45,0.01,dedup_cvu:mtme_SEScore-refA,cvu,0.9145
zhen,45,0.01,weighted_cvl:mtme_SEScore-refA,cvl,0.9035
zhen,45,0.01,weighted_cvq:mtme_SEScore-refA,cvq,0.904
zhen,45,0.01,weighted_cvu:mtme_SEScore-refA,cvu,0.9045
zhen,45,0.01,dedup_cvl:mtme_UniTE-ref-refA,cvl,0.9075
zhen,45,0.01,dedup_cvq:mtme_UniTE-ref-refA,cvq,0.909
zhen,45,0.01,dedup_cvu:mtme_UniTE-ref-refA,cvu,0.911
zhen,45,0.01,weighted_cvl:mtme_UniTE-ref-refA,cvl,0.9025
zhen,45,0.01,weighted_cvq:mtme_UniTE-ref-refA,cvq,0.904
zhen,45,0.01,weighted_cvu:mtme_UniTE-ref-refA,cvu,0.9055
zhen,45,0.01,dedup_cvl:mtme_UniTE-refA,cvl,0.908
zhen,45,0.01,dedup_cvq:mtme_UniTE-refA,cvq,0.9085
zhen,45,0.01,dedup_cvu:mtme_UniTE-refA,cvu,0.911
zhen,45,0.01,weighted_cvl:mtme_UniTE-refA,cvl,0.908
zhen,45,0.01,weighted_cvq:mtme_UniTE-refA,cvq,0.906
zhen,45,0.01,weighted_cvu:mtme_UniTE-refA,cvu,0.906
zhen,45,0.01,dedup_cvl:mtme_UniTE-src-src,cvl,0.9135
zhen,45,0.01,dedup_cvq:mtme_UniTE-src-src,cvq,0.914
zhen,45,0.01,dedup_cvu:mtme_UniTE-src-src,cvu,0.914
zhen,45,0.01,weighted_cvl:mtme_UniTE-src-src,cvl,0.9095
zhen,45,0.01,weighted_cvq:mtme_UniTE-src-src,cvq,0.9095
zhen,45,0.01,weighted_cvu:mtme_UniTE-src-src,cvu,0.9085
zhen,45,0.01,dedup_cvl:mtme_YiSi-1-refA,cvl,0.9135
zhen,45,0.01,dedup_cvq:mtme_YiSi-1-refA,cvq,0.9095
zhen,45,0.01,dedup_cvu:mtme_YiSi-1-refA,cvu,0.913
zhen,45,0.01,weighted_cvl:mtme_YiSi-1-refA,cvl,0.886
zhen,45,0.01,weighted_cvq:mtme_YiSi-1-refA,cvq,0.909
zhen,45,0.01,weighted_cvu:mtme_YiSi-1-refA,cvu,0.9095
zhen,45,0.01,dedup_cvl:mtme_chrF-refA,cvl,0.9075
zhen,45,0.01,dedup_cvq:mtme_chrF-refA,cvq,0.9085
zhen,45,0.01,dedup_cvu:mtme_chrF-refA,cvu,0.907
zhen,45,0.01,weighted_cvl:mtme_chrF-refA,cvl,0.906
zhen,45,0.01,weighted_cvq:mtme_chrF-refA,cvq,0.905
zhen,45,0.01,weighted_cvu:mtme_chrF-refA,cvu,0.9065
zhen,45,0.01,dedup_cvl:mtme_f101spBLEU-refA,cvl,0.907
zhen,45,0.01,dedup_cvq:mtme_f101spBLEU-refA,cvq,0.911
zhen,45,0.01,dedup_cvu:mtme_f101spBLEU-refA,cvu,0.912
zhen,45,0.01,weighted_cvl:mtme_f101spBLEU-refA,cvl,0.904
zhen,45,0.01,weighted_cvq:mtme_f101spBLEU-refA,cvq,0.904
zhen,45,0.01,weighted_cvu:mtme_f101spBLEU-refA,cvu,0.904
zhen,45,0.01,dedup_cvl:mtme_f200spBLEU-refA,cvl,0.9065
zhen,45,0.01,dedup_cvq:mtme_f200spBLEU-refA,cvq,0.91
zhen,45,0.01,dedup_cvu:mtme_f200spBLEU-refA,cvu,0.9105
zhen,45,0.01,weighted_cvl:mtme_f200spBLEU-refA,cvl,0.903
zhen,45,0.01,weighted_cvq:mtme_f200spBLEU-refA,cvq,0.9035
zhen,45,0.01,weighted_cvu:mtme_f200spBLEU-refA,cvu,0.9035
zhen,45,0.01,dedup_cvl:mtme_metricx_xl_DA_2019-refA,cvl,0.904
zhen,45,0.01,dedup_cvq:mtme_metricx_xl_DA_2019-refA,cvq,0.908
zhen,45,0.01,dedup_cvu:mtme_metricx_xl_DA_2019-refA,cvu,0.9085
zhen,45,0.01,weighted_cvl:mtme_metricx_xl_DA_2019-refA,cvl,0.905
zhen,45,0.01,weighted_cvq:mtme_metricx_xl_DA_2019-refA,cvq,0.9035
zhen,45,0.01,weighted_cvu:mtme_metricx_xl_DA_2019-refA,cvu,0.9075
zhen,45,0.01,dedup_cvl:mtme_metricx_xl_MQM_2020-refA,cvl,0.909
zhen,45,0.01,dedup_cvq:mtme_metricx_xl_MQM_2020-refA,cvq,0.906
zhen,45,0.01,dedup_cvu:mtme_metricx_xl_MQM_2020-refA,cvu,0.906
zhen,45,0.01,weighted_cvl:mtme_metricx_xl_MQM_2020-refA,cvl,0.901
zhen,45,0.01,weighted_cvq:mtme_metricx_xl_MQM_2020-refA,cvq,0.9005
zhen,45,0.01,weighted_cvu:mtme_metricx_xl_MQM_2020-refA,cvu,0.8985
zhen,45,0.01,dedup_cvl:mtme_metricx_xxl_DA_2019-refA,cvl,0.908
zhen,45,0.01,dedup_cvq:mtme_metricx_xxl_DA_2019-refA,cvq,0.91
zhen,45,0.01,dedup_cvu:mtme_metricx_xxl_DA_2019-refA,cvu,0.91
zhen,45,0.01,weighted_cvl:mtme_metricx_xxl_DA_2019-refA,cvl,0.9005
zhen,45,0.01,weighted_cvq:mtme_metricx_xxl_DA_2019-refA,cvq,0.9035
zhen,45,0.01,weighted_cvu:mtme_metricx_xxl_DA_2019-refA,cvu,0.903
zhen,45,0.01,dedup_cvl:mtme_metricx_xxl_MQM_2020-refA,cvl,0.9045
zhen,45,0.01,dedup_cvq:mtme_metricx_xxl_MQM_2020-refA,cvq,0.909
zhen,45,0.01,dedup_cvu:mtme_metricx_xxl_MQM_2020-refA,cvu,0.9105
zhen,45,0.01,weighted_cvl:mtme_metricx_xxl_MQM_2020-refA,cvl,0.9015
zhen,45,0.01,weighted_cvq:mtme_metricx_xxl_MQM_2020-refA,cvq,0.9025
zhen,45,0.01,weighted_cvu:mtme_metricx_xxl_MQM_2020-refA,cvu,0.904
zhen,45,0.01,weighted_cvo:mtme_BERTScore-refA,cvo,0.9085
zhen,45,0.01,weighted_cvo:mtme_BLEU-refA,cvo,0.904
zhen,45,0.01,weighted_cvo:mtme_BLEURT-20-refA,cvo,0.904
zhen,45,0.01,weighted_cvo:mtme_COMET-20-refA,cvo,0.9095
zhen,45,0.01,weighted_cvo:mtme_COMET-22-refA,cvo,0.902
zhen,45,0.01,weighted_cvo:mtme_COMET-QE-src,cvo,0.9105
zhen,45,0.01,weighted_cvo:mtme_COMETKiwi-src,cvo,0.9105
zhen,45,0.01,weighted_cvo:mtme_Cross-QE-src,cvo,0.905
zhen,45,0.01,weighted_cvo:mtme_HWTSC-TLM-src,cvo,0.9065
zhen,45,0.01,weighted_cvo:mtme_HWTSC-Teacher-Sim-src,cvo,0.905
zhen,45,0.01,weighted_cvo:mtme_KG-BERTScore-src,cvo,0.9065
zhen,45,0.01,weighted_cvo:mtme_MATESE-QE-src,cvo,0.906
zhen,45,0.01,weighted_cvo:mtme_MATESE-refA,cvo,0.9085
zhen,45,0.01,weighted_cvo:mtme_MEE-refA,cvo,0.905
zhen,45,0.01,weighted_cvo:mtme_MEE2-refA,cvo,0.9055
zhen,45,0.01,weighted_cvo:mtme_MEE4-refA,cvo,0.9085
zhen,45,0.01,weighted_cvo:mtme_MS-COMET-22-refA,cvo,0.9085
zhen,45,0.01,weighted_cvo:mtme_MS-COMET-QE-22-src,cvo,0.9075
zhen,45,0.01,weighted_cvo:mtme_REUSE-src,cvo,0.906
zhen,45,0.01,weighted_cvo:mtme_SEScore-refA,cvo,0.905
zhen,45,0.01,weighted_cvo:mtme_UniTE-ref-refA,cvo,0.905
zhen,45,0.01,weighted_cvo:mtme_UniTE-refA,cvo,0.9055
zhen,45,0.01,weighted_cvo:mtme_UniTE-src-src,cvo,0.911
zhen,45,0.01,weighted_cvo:mtme_YiSi-1-refA,cvo,0.9095
zhen,45,0.01,weighted_cvo:mtme_chrF-refA,cvo,0.9055
zhen,45,0.01,weighted_cvo:mtme_f101spBLEU-refA,cvo,0.9065
zhen,45,0.01,weighted_cvo:mtme_f200spBLEU-refA,cvo,0.905
zhen,45,0.01,weighted_cvo:mtme_metricx_xl_DA_2019-refA,cvo,0.904
zhen,45,0.01,weighted_cvo:mtme_metricx_xl_MQM_2020-refA,cvo,0.898
zhen,45,0.01,weighted_cvo:mtme_metricx_xxl_DA_2019-refA,cvo,0.902
zhen,45,0.01,weighted_cvo:mtme_metricx_xxl_MQM_2020-refA,cvo,0.9
zhen,45,0.02,uniform,human,0.902
zhen,45,0.02,dedup,human,0.8995
zhen,45,0.02,weighted,human,0.892
zhen,45,0.02,dedup_cvl:mtme_BERTScore-refA,cvl,0.9025
zhen,45,0.02,dedup_cvq:mtme_BERTScore-refA,cvq,0.8985
zhen,45,0.02,dedup_cvu:mtme_BERTScore-refA,cvu,0.902
zhen,45,0.02,weighted_cvl:mtme_BERTScore-refA,cvl,0.8895
zhen,45,0.02,weighted_cvq:mtme_BERTScore-refA,cvq,0.89
zhen,45,0.02,weighted_cvu:mtme_BERTScore-refA,cvu,0.8915
zhen,45,0.02,dedup_cvl:mtme_BLEU-refA,cvl,0.8985
zhen,45,0.02,dedup_cvq:mtme_BLEU-refA,cvq,0.896
zhen,45,0.02,dedup_cvu:mtme_BLEU-refA,cvu,0.897
zhen,45,0.02,weighted_cvl:mtme_BLEU-refA,cvl,0.894
zhen,45,0.02,weighted_cvq:mtme_BLEU-refA,cvq,0.891
zhen,45,0.02,weighted_cvu:mtme_BLEU-refA,cvu,0.893
zhen,45,0.02,dedup_cvl:mtme_BLEURT-20-refA,cvl,0.906
zhen,45,0.02,dedup_cvq:mtme_BLEURT-20-refA,cvq,0.9025
zhen,45,0.02,dedup_cvu:mtme_BLEURT-20-refA,cvu,0.9075
zhen,45,0.02,weighted_cvl:mtme_BLEURT-20-refA,cvl,0.8915
zhen,45,0.02,weighted_cvq:mtme_BLEURT-20-refA,cvq,0.894
zhen,45,0.02,weighted_cvu:mtme_BLEURT-20-refA,cvu,0.8955
zhen,45,0.02,dedup_cvl:mtme_COMET-20-refA,cvl,0.8985
zhen,45,0.02,dedup_cvq:mtme_COMET-20-refA,cvq,0.896
zhen,45,0.02,dedup_cvu:mtme_COMET-20-refA,cvu,0.9025
zhen,45,0.02,weighted_cvl:mtme_COMET-20-refA,cvl,0.8885
zhen,45,0.02,weighted_cvq:mtme_COMET-20-refA,cvq,0.885
zhen,45,0.02,weighted_cvu:mtme_COMET-20-refA,cvu,0.8915
zhen,45,0.02,dedup_cvl:mtme_COMET-22-refA,cvl,0.901
zhen,45,0.02,dedup_cvq:mtme_COMET-22-refA,cvq,0.901
zhen,45,0.02,dedup_cvu:mtme_COMET-22-refA,cvu,0.9005
zhen,45,0.02,weighted_cvl:mtme_COMET-22-refA,cvl,0.8935
zhen,45,0.02,weighted_cvq:mtme_COMET-22-refA,cvq,0.894
zhen,45,0.02,weighted_cvu:mtme_COMET-22-refA,cvu,0.8925
zhen,45,0.02,dedup_cvl:mtme_COMET-QE-src,cvl,0.9015
zhen,45,0.02,dedup_cvq:mtme_COMET-QE-src,cvq,0.8975
zhen,45,0.02,dedup_cvu:mtme_COMET-QE-src,cvu,0.899
zhen,45,0.02,weighted_cvl:mtme_COMET-QE-src,cvl,0.891
zhen,45,0.02,weighted_cvq:mtme_COMET-QE-src,cvq,0.89
zhen,45,0.02,weighted_cvu:mtme_COMET-QE-src,cvu,0.894
zhen,45,0.02,dedup_cvl:mtme_COMETKiwi-src,cvl,0.905
zhen,45,0.02,dedup_cvq:mtme_COMETKiwi-src,cvq,0.904
zhen,45,0.02,dedup_cvu:mtme_COMETKiwi-src,cvu,0.911
zhen,45,0.02,weighted_cvl:mtme_COMETKiwi-src,cvl,0.888
zhen,45,0.02,weighted_cvq:mtme_COMETKiwi-src,cvq,0.8885
zhen,45,0.02,weighted_cvu:mtme_COMETKiwi-src,cvu,0.891
zhen,45,0.02,dedup_cvl:mtme_Cross-QE-src,cvl,0.904
zhen,45,0.02,dedup_cvq:mtme_Cross-QE-src,cvq,0.9
zhen,45,0.02,dedup_cvu:mtme_Cross-QE-src,cvu,0.904
zhen,45,0.02,weighted_cvl:mtme_Cross-QE-src,cvl,0.897
zhen,45,0.02,weighted_cvq:mtme_Cross-QE-src,cvq,0.896
zhen,45,0.02,weighted_cvu:mtme_Cross-QE-src,cvu,0.898
zhen,45,0.02,dedup_cvl:mtme_HWTSC-TLM-src,cvl,0.9005
zhen,45,0.02,dedup_cvq:mtme_HWTSC-TLM-src,cvq,0.897
zhen,45,0.02,dedup_cvu:mtme_HWTSC-TLM-src,cvu,0.899
zhen,45,0.02,weighted_cvl:mtme_HWTSC-TLM-src,cvl,0.8895
zhen,45,0.02,weighted_cvq:mtme_HWTSC-TLM-src,cvq,0.8895
zhen,45,0.02,weighted_cvu:mtme_HWTSC-TLM-src,cvu,0.892
zhen,45,0.02,dedup_cvl:mtme_HWTSC-Teacher-Sim-src,cvl,0.897
zhen,45,0.02,dedup_cvq:mtme_HWTSC-Teacher-Sim-src,cvq,0.8985
zhen,45,0.02,dedup_cvu:mtme_HWTSC-Teacher-Sim-src,cvu,0.8985
zhen,45,0.02,weighted_cvl:mtme_HWTSC-Teacher-Sim-src,cvl,0.887
zhen,45,0.02,weighted_cvq:mtme_HWTSC-Teacher-Sim-src,cvq,0.89
zhen,45,0.02,weighted_cvu:mtme_HWTSC-Teacher-Sim-src,cvu,0.891
zhen,45,0.02,dedup_cvl:mtme_KG-BERTScore-src,cvl,0.8955
zhen,45,0.02,dedup_cvq:mtme_KG-BERTScore-src,cvq,0.892
zhen,45,0.02,dedup_cvu:mtme_KG-BERTScore-src,cvu,0.896
zhen,45,0.02,weighted_cvl:mtme_KG-BERTScore-src,cvl,0.8895
zhen,45,0.02,weighted_cvq:mtme_KG-BERTScore-src,cvq,0.89
zhen,45,0.02,weighted_cvu:mtme_KG-BERTScore-src,cvu,0.8945
zhen,45,0.02,dedup_cvl:mtme_MATESE-QE-src,cvl,0.8995
zhen,45,0.02,dedup_cvq:mtme_MATESE-QE-src,cvq,0.8995
zhen,45,0.02,dedup_cvu:mtme_MATESE-QE-src,cvu,0.898
zhen,45,0.02,weighted_cvl:mtme_MATESE-QE-src,cvl,0.89
zhen,45,0.02,weighted_cvq:mtme_MATESE-QE-src,cvq,0.893
zhen,45,0.02,weighted_cvu:mtme_MATESE-QE-src,cvu,0.8915
zhen,45,0.02,dedup_cvl:mtme_MATESE-refA,cvl,0.899
zhen,45,0.02,dedup_cvq:mtme_MATESE-refA,cvq,0.896
zhen,45,0.02,dedup_cvu:mtme_MATESE-refA,cvu,0.9
zhen,45,0.02,weighted_cvl:mtme_MATESE-refA,cvl,0.895
zhen,45,0.02,weighted_cvq:mtme_MATESE-refA,cvq,0.894
zhen,45,0.02,weighted_cvu:mtme_MATESE-refA,cvu,0.896
zhen,45,0.02,dedup_cvl:mtme_MEE-refA,cvl,0.9
zhen,45,0.02,dedup_cvq:mtme_MEE-refA,cvq,0.898
zhen,45,0.02,dedup_cvu:mtme_MEE-refA,cvu,0.8985
zhen,45,0.02,weighted_cvl:mtme_MEE-refA,cvl,0.893
zhen,45,0.02,weighted_cvq:mtme_MEE-refA,cvq,0.892
zhen,45,0.02,weighted_cvu:mtme_MEE-refA,cvu,0.8945
zhen,45,0.02,dedup_cvl:mtme_MEE2-refA,cvl,0.9015
zhen,45,0.02,dedup_cvq:mtme_MEE2-refA,cvq,0.897
zhen,45,0.02,dedup_cvu:mtme_MEE2-refA,cvu,0.9015
zhen,45,0.02,weighted_cvl:mtme_MEE2-refA,cvl,0.8945
zhen,45,0.02,weighted_cvq:mtme_MEE2-refA,cvq,0.894
zhen,45,0.02,weighted_cvu:mtme_MEE2-refA,cvu,0.8925
zhen,45,0.02,dedup_cvl:mtme_MEE4-refA,cvl,0.901
zhen,45,0.02,dedup_cvq:mtme_MEE4-refA,cvq,0.8975
zhen,45,0.02,dedup_cvu:mtme_MEE4-refA,cvu,0.9
zhen,45,0.02,weighted_cvl:mtme_MEE4-refA,cvl,0.895
zhen,45,0.02,weighted_cvq:mtme_MEE4-refA,cvq,0.8915
zhen,45,0.02,weighted_cvu:mtme_MEE4-refA,cvu,0.8925
zhen,45,0.02,dedup_cvl:mtme_MS-COMET-22-refA,cvl,0.904
zhen,45,0.02,dedup_cvq:mtme_MS-COMET-22-refA,cvq,0.899
zhen,45,0.02,dedup_cvu:mtme_MS-COMET-22-refA,cvu,0.9055
zhen,45,0.02,weighted_cvl:mtme_MS-COMET-22-refA,cvl,0.8925
zhen,45,0.02,weighted_cvq:mtme_MS-COMET-22-refA,cvq,0.8945
zhen,45,0.02,weighted_cvu:mtme_MS-COMET-22-refA,cvu,0.893
zhen,45,0.02,dedup_cvl:mtme_MS-COMET-QE-22-src,cvl,0.902
zhen,45,0.02,dedup_cvq:mtme_MS-COMET-QE-22-src,cvq,0.8945
zhen,45,0.02,dedup_cvu:mtme_MS-COMET-QE-22-src,cvu,0.899
zhen,45,0.02,weighted_cvl:mtme_MS-COMET-QE-22-src,cvl,0.8925
zhen,45,0.02,weighted_cvq:mtme_MS-COMET-QE-22-src,cvq,0.891
zhen,45,0.02,weighted_cvu:mtme_MS-COMET-QE-22-src,cvu,0.893
zhen,45,0.02,dedup_cvl:mtme_REUSE-src,cvl,0.901
zhen,45,0.02,dedup_cvq:mtme_REUSE-src,cvq,0.898
zhen,45,0.02,dedup_cvu:mtme_REUSE-src,cvu,0.8995
zhen,45,0.02,weighted_cvl:mtme_REUSE-src,cvl,0.893
zhen,45,0.02,weighted_cvq:mtme_REUSE-src,cvq,0.892
zhen,45,0.02,weighted_cvu:mtme_REUSE-src,cvu,0.8915
zhen,45,0.02,dedup_cvl:mtme_SEScore-refA,cvl,0.8995
zhen,45,0.02,dedup_cvq:mtme_SEScore-refA,cvq,0.8925
zhen,45,0.02,dedup_cvu:mtme_SEScore-refA,cvu,0.8955
zhen,45,0.02,weighted_cvl:mtme_SEScore-refA,cvl,0.883
zhen,45,0.02,weighted_cvq:mtme_SEScore-refA,cvq,0.886
zhen,45,0.02,weighted_cvu:mtme_SEScore-refA,cvu,0.8885
zhen,45,0.02,dedup_cvl:mtme_UniTE-ref-refA,cvl,0.902
zhen,45,0.02,dedup_cvq:mtme_UniTE-ref-refA,cvq,0.8995
zhen,45,0.02,dedup_cvu:mtme_UniTE-ref-refA,cvu,0.9025
zhen,45,0.02,weighted_cvl:mtme_UniTE-ref-refA,cvl,0.8935
zhen,45,0.02,weighted_cvq:mtme_UniTE-ref-refA,cvq,0.898
zhen,45,0.02,weighted_cvu:mtme_UniTE-ref-refA,cvu,0.8985
zhen,45,0.02,dedup_cvl:mtme_UniTE-refA,cvl,0.903
zhen,45,0.02,dedup_cvq:mtme_UniTE-refA,cvq,0.8995
zhen,45,0.02,dedup_cvu:mtme_UniTE-refA,cvu,0.901
zhen,45,0.02,weighted_cvl:mtme_UniTE-refA,cvl,0.8945
zhen,45,0.02,weighted_cvq:mtme_UniTE-refA,cvq,0.8925
zhen,45,0.02,weighted_cvu:mtme_UniTE-refA,cvu,0.8945
zhen,45,0.02,dedup_cvl:mtme_UniTE-src-src,cvl,0.9035
zhen,45,0.02,dedup_cvq:mtme_UniTE-src-src,cvq,0.8985
zhen,45,0.02,dedup_cvu:mtme_UniTE-src-src,cvu,0.901
zhen,45,0.02,weighted_cvl:mtme_UniTE-src-src,cvl,0.8905
zhen,45,0.02,weighted_cvq:mtme_UniTE-src-src,cvq,0.8895
zhen,45,0.02,weighted_cvu:mtme_UniTE-src-src,cvu,0.891
zhen,45,0.02,dedup_cvl:mtme_YiSi-1-refA,cvl,0.901
zhen,45,0.02,dedup_cvq:mtme_YiSi-1-refA,cvq,0.9015
zhen,45,0.02,dedup_cvu:mtme_YiSi-1-refA,cvu,0.9
zhen,45,0.02,weighted_cvl:mtme_YiSi-1-refA,cvl,0.886
zhen,45,0.02,weighted_cvq:mtme_YiSi-1-refA,cvq,0.8865
zhen,45,0.02,weighted_cvu:mtme_YiSi-1-refA,cvu,0.8905
zhen,45,0.02,dedup_cvl:mtme_chrF-refA,cvl,0.902
zhen,45,0.02,dedup_cvq:mtme_chrF-refA,cvq,0.899
zhen,45,0.02,dedup_cvu:mtme_chrF-refA,cvu,0.9005
zhen,45,0.02,weighted_cvl:mtme_chrF-refA,cvl,0.892
zhen,45,0.02,weighted_cvq:mtme_chrF-refA,cvq,0.8905
zhen,45,0.02,weighted_cvu:mtme_chrF-refA,cvu,0.892
zhen,45,0.02,dedup_cvl:mtme_f101spBLEU-refA,cvl,0.9
zhen,45,0.02,dedup_cvq:mtme_f101spBLEU-refA,cvq,0.897
zhen,45,0.02,dedup_cvu:mtme_f101spBLEU-refA,cvu,0.8995
zhen,45,0.02,weighted_cvl:mtme_f101spBLEU-refA,cvl,0.894
zhen,45,0.02,weighted_cvq:mtme_f101spBLEU-refA,cvq,0.8945
zhen,45,0.02,weighted_cvu:mtme_f101spBLEU-refA,cvu,0.895
zhen,45,0.02,dedup_cvl:mtme_f200spBLEU-refA,cvl,0.8975
zhen,45,0.02,dedup_cvq:mtme_f200spBLEU-refA,cvq,0.8955
zhen,45,0.02,dedup_cvu:mtme_f200spBLEU-refA,cvu,0.899
zhen,45,0.02,weighted_cvl:mtme_f200spBLEU-refA,cvl,0.8935
zhen,45,0.02,weighted_cvq:mtme_f200spBLEU-refA,cvq,0.8945
zhen,45,0.02,weighted_cvu:mtme_f200spBLEU-refA,cvu,0.894
zhen,45,0.02,dedup_cvl:mtme_metricx_xl_DA_2019-refA,cvl,0.903
zhen,45,0.02,dedup_cvq:mtme_metricx_xl_DA_2019-refA,cvq,0.9005
zhen,45,0.02,dedup_cvu:mtme_metricx_xl_DA_2019-refA,cvu,0.9035
zhen,45,0.02,weighted_cvl:mtme_metricx_xl_DA_2019-refA,cvl,0.897
zhen,45,0.02,weighted_cvq:mtme_metricx_xl_DA_2019-refA,cvq,0.895
zhen,45,0.02,weighted_cvu:mtme_metricx_xl_DA_2019-refA,cvu,0.8975
zhen,45,0.02,dedup_cvl:mtme_metricx_xl_MQM_2020-refA,cvl,0.902
zhen,45,0.02,dedup_cvq:mtme_metricx_xl_MQM_2020-refA,cvq,0.898
zhen,45,0.02,dedup_cvu:mtme_metricx_xl_MQM_2020-refA,cvu,0.9015
zhen,45,0.02,weighted_cvl:mtme_metricx_xl_MQM_2020-refA,cvl,0.897
zhen,45,0.02,weighted_cvq:mtme_metricx_xl_MQM_2020-refA,cvq,0.895
zhen,45,0.02,weighted_cvu:mtme_metricx_xl_MQM_2020-refA,cvu,0.8985
zhen,45,0.02,dedup_cvl:mtme_metricx_xxl_DA_2019-refA,cvl,0.907
zhen,45,0.02,dedup_cvq:mtme_metricx_xxl_DA_2019-refA,cvq,0.9
zhen,45,0.02,dedup_cvu:mtme_metricx_xxl_DA_2019-refA,cvu,0.9045
zhen,45,0.02,weighted_cvl:mtme_metricx_xxl_DA_2019-refA,cvl,0.895
zhen,45,0.02,weighted_cvq:mtme_metricx_xxl_DA_2019-refA,cvq,0.895
zhen,45,0.02,weighted_cvu:mtme_metricx_xxl_DA_2019-refA,cvu,0.8965
zhen,45,0.02,dedup_cvl:mtme_metricx_xxl_MQM_2020-refA,cvl,0.9055
zhen,45,0.02,dedup_cvq:mtme_metricx_xxl_MQM_2020-refA,cvq,0.903
zhen,45,0.02,dedup_cvu:mtme_metricx_xxl_MQM_2020-refA,cvu,0.905
zhen,45,0.02,weighted_cvl:mtme_metricx_xxl_MQM_2020-refA,cvl,0.897
zhen,45,0.02,weighted_cvq:mtme_metricx_xxl_MQM_2020-refA,cvq,0.896
zhen,45,0.02,weighted_cvu:mtme_metricx_xxl_MQM_2020-refA,cvu,0.8995
zhen,45,0.02,weighted_cvo:mtme_BERTScore-refA,cvo,0.89
zhen,45,0.02,weighted_cvo:mtme_BLEU-refA,cvo,0.8935
zhen,45,0.02,weighted_cvo:mtme_BLEURT-20-refA,cvo,0.8975
zhen,45,0.02,weighted_cvo:mtme_COMET-20-refA,cvo,0.891
zhen,45,0.02,weighted_cvo:mtme_COMET-22-refA,cvo,0.8915
zhen,45,0.02,weighted_cvo:mtme_COMET-QE-src,cvo,0.8925
zhen,45,0.02,weighted_cvo:mtme_COMETKiwi-src,cvo,0.8895
zhen,45,0.02,weighted_cvo:mtme_Cross-QE-src,cvo,0.8965
zhen,45,0.02,weighted_cvo:mtme_HWTSC-TLM-src,cvo,0.8925
zhen,45,0.02,weighted_cvo:mtme_HWTSC-Teacher-Sim-src,cvo,0.8935
zhen,45,0.02,weighted_cvo:mtme_KG-BERTScore-src,cvo,0.8935
zhen,45,0.02,weighted_cvo:mtme_MATESE-QE-src,cvo,0.8925
zhen,45,0.02,weighted_cvo:mtme_MATESE-refA,cvo,0.8925
zhen,45,0.02,weighted_cvo:mtme_MEE-refA,cvo,0.894
zhen,45,0.02,weighted_cvo:mtme_MEE2-refA,cvo,0.894
zhen,45,0.02,weighted_cvo:mtme_MEE4-refA,cvo,0.8925
zhen,45,0.02,weighted_cvo:mtme_MS-COMET-22-refA,cvo,0.8985
zhen,45,0.02,weighted_cvo:mtme_MS-COMET-QE-22-src,cvo,0.892
zhen,45,0.02,weighted_cvo:mtme_REUSE-src,cvo,0.8935
zhen,45,0.02,weighted_cvo:mtme_SEScore-refA,cvo,0.889
zhen,45,0.02,weighted_cvo:mtme_UniTE-ref-refA,cvo,0.8975
zhen,45,0.02,weighted_cvo:mtme_UniTE-refA,cvo,0.894
zhen,45,0.02,weighted_cvo:mtme_UniTE-src-src,cvo,0.8895
zhen,45,0.02,weighted_cvo:mtme_YiSi-1-refA,cvo,0.8885
zhen,45,0.02,weighted_cvo:mtme_chrF-refA,cvo,0.894
zhen,45,0.02,weighted_cvo:mtme_f101spBLEU-refA,cvo,0.8945
zhen,45,0.02,weighted_cvo:mtme_f200spBLEU-refA,cvo,0.895
zhen,45,0.02,weighted_cvo:mtme_metricx_xl_DA_2019-refA,cvo,0.8975
zhen,45,0.02,weighted_cvo:mtme_metricx_xl_MQM_2020-refA,cvo,0.899
zhen,45,0.02,weighted_cvo:mtme_metricx_xxl_DA_2019-refA,cvo,0.897
zhen,45,0.02,weighted_cvo:mtme_metricx_xxl_MQM_2020-refA,cvo,0.8995
